id,pose rmsd,pocket rmsd,qs score,lddt-pli,confidence
1azx_ntp,9.853832086286909,1.6096226020764743,0.2198029756504628,,0.8765791600961228
1b86_dg2,3.4402103424072266,3.266662366697059,0.3427998216311067,0.32499998807907104,0.6707959324260571
1bj4_plp,0.740892231464386,2.822630880170902,0.4339527184890209,0.8911992311477661,0.9854652977116137
1bm7_flf,0.31485095620155334,3.240136554036201,0.48924758094029125,0.9373219609260559,0.8905018405185982
1cqp_803,1.7998226881027222,3.851410161312025,0.5120727781530736,0.6399999856948853,0.8285169115444475
1cza_g6p,1.8862562831706302,0.6248818779089306,0.928206262264347,,0.7064745435238315
1dvs_stl,1.1230826377868652,2.5152599496867567,0.4375462398323141,0.7916666865348816,0.9143923771369769
1dvt_flp,2.8479294776916504,3.97778485306951,0.456871156125813,0.5094637274742126,0.872440740377211
1dvu_dbf,2.1323211193084717,3.1869789562221045,0.4665132945539501,0.6635416746139526,0.8409979862768512
1dvx_dif,5.378715515136719,2.2359944784293626,,0.27667492628097534,0.7882690380630274
1dvy_bpd,2.3866524696350098,0.07247757713561277,,0.6580086350440979,0.9273883175916894
1dvz_ofl,1.3117717504501343,3.306031257954399,0.43179100254635217,0.8082770109176636,0.8361874204767904
1e03_ntp,11.686179653298998,3.2298069840557795,,,0.8758031114774282
1e4h_pbr,3.0855250358581543,4.0761294413980345,0.6050342710102387,0.5433333516120911,0.776756165029921
1e7b_hlt,2.2804276943206787,2.840468905810941,0.5309919701172999,0.6030405163764954,0.7366728883185383
1e7c_hlt,0.8981953263282776,2.9395097693784074,0.4358036106437936,0.8449781537055969,0.7176804665843655
1em6_cp4,0.8178490400314331,0.2274273525757416,0.6488606866383361,0.522774875164032,0.8166656251451893
1eta_t44,3.125246524810791,1.1561026271703094,,0.5414110422134399,0.8845019092392463
1etb_t44,3.138991355895996,1.1813927850044825,,0.5442073345184326,0.8845306874357471
1exv_700,4.112003326416016,0.27403468113000273,0.3666581715215411,0.3883928656578064,0.6443313589808563
1exv_mpd,5.838963508605957,,,0.25064268708229065,0.7362622755081909
1f86_t44,0.6639419198036194,0.1101962684800077,,0.8568075299263,0.89104991901444
1fap_rap,0.41571301444734743,2.619803622229327,0.41610429611754723,,0.9430482618076405
1fta_amp,0.23036783933639526,2.4915161900234426,0.6302136329987122,0.9744224548339844,0.9702836368175306
1g9v_rq3,19.90953826904297,2.444135902209287,,0.0282676350325346,0.7826345223867228
1gz3_fum,1.414178490638733,1.7292847728473724,,0.4871601164340973,0.8912675161077043
1gz4_fum,1.6519384384155273,3.2386094173771602,0.44365847841073414,0.495481938123703,0.8926178092962369
1hak_k21,7.033592700958252,1.5559728547354799,0.4684879181848328,0.23404255509376526,0.6669403403048941
1hkb_g6p,2.0612403917197564,1.2495614454387445,0.8995948351509621,,0.7297970768129501
1i72_put,0.3618020713329315,4.4448340152801835,0.5438531871328084,0.2377232164144516,0.9572155868359191
1i79_put,0.3545890748500824,3.9218396239304547,0.6190895973288534,0.2220982164144516,0.9573732465264281
1i7b_put,0.338250994682312,3.6433223847529645,0.6374754105649638,0.22522522509098053,0.9573732465264281
1i7c_put,0.24397240579128265,3.1803996617448242,0.6514536787283437,0.23356807231903076,0.9573732465264281
1i7m_put,0.3962878882884979,3.7599395064929766,0.5795647192641316,0.24242424964904785,0.9570184520469408
1kv1_bmu,0.3863866925239563,0.2572392120557888,0.9485912391440753,0.9242902398109436,0.9691476871617561
1kv2_b96,0.3888719975948334,0.5708407226779241,0.9434673613268914,0.9394075274467468,0.9668919241971508
1l5q_700,4.098512172698975,0.2644674720436323,0.4237974925068667,0.39001035690307617,0.6456842471288037
1l5q_cff,0.6774396896362305,4.011988115787806,0.409888953878416,0.7959697842597961,0.6352659252959949
1l5r_700,4.105347156524658,0.3531469376549752,0.6432233954897945,0.3938213884830475,0.646093003808493
1l5r_rbf,1.306668758392334,0.6726129385946329,0.8809998633271967,0.680962324142456,0.7275676752903525
1l5s_700,4.1304216384887695,0.2723061823505399,0.42216046371904664,0.3888888955116272,0.6456842471288037
1l5s_urc,1.8323816061019897,2.5792057717055057,0.5670582943910452,0.6775990128517151,0.7745223626905163
1l7x_700,4.066529273986816,0.19271917542880942,0.34580207463876167,0.38966771960258484,0.6427247222435974
1l7x_cff,0.5929543972015381,4.0791045987391366,0.3807028199017218,0.7898550629615784,0.6352659252959949
1msv_put,0.20502446591854095,4.465356852033261,0.9642605660518097,0.9956709742546082,0.9572155868359191
1ne7_16g,14.608772563745365,3.9785430194330345,0.4509074382801276,,0.8015823975784238
1nq9_ntp,10.63133129556616,3.237277782872722,,,0.8763368111660124
1nsg_rad,0.515040721078019,2.7483650426460335,0.4145757987506622,,0.9415441032296967
1oj9_1pb,0.4142214357852936,1.2435655383088349,0.4570361184165327,0.9659894108772278,0.9189776215214108
1opl_myr,1.2043410539627075,3.1204672660028687,0.49120817681103573,0.8638613820075989,1.0601429349708318
1pj2_fum,1.6250333786010742,4.113555347053722,0.4121877509416898,0.47256097197532654,0.8925629765016249
1pj3_fum,1.6924270391464233,3.258278874856626,0.45449926907789095,0.47781065106391907,0.891263771111139
1pj4_fum,1.685818076133728,3.288580233947986,0.5101956112058168,0.46396395564079285,0.8912276373860751
1q0b_nat,0.25855180621147156,3.368741648291684,0.6496504173892417,0.9821138381958008,0.9324178896355577
1qha_g6p,2.123545865246323,1.0758456719626002,0.9154975543597291,,0.7298170751388333
1rd4_l08,1.0204277038574219,3.181804637155711,0.4616650496174295,0.7644584774971008,0.9212500040650954
1s9i_5ea,0.5437914729118347,3.3726404538041845,0.4734425684593821,0.8200207352638245,1.0077804374057033
1s9j_bbm,1.0937150716781616,3.9048095032533134,0.5240631625519887,0.8532731533050537,1.0223699845567669
1shj_nxn,5.335837364196777,2.9966626766470226,0.5617591636328066,0.27577319741249084,0.9638016123944095
1shl_fxn,5.306052207946777,3.6434518468120887,0.48708125887128095,0.21719858050346375,0.7149300514019977
1sr5_nt1,8.835737958172464,4.662564851939795,,,0.9358419586375697
1t48_bb3,0.6930255889892578,0.9612583886760497,0.8632564587033656,0.8203125,0.9270097615081903
1t49_892,0.7599772810935974,0.17293569261189748,0.7951279799010241,0.912300705909729,1.0676791080106078
1t4j_frj,2.6161115169525146,0.18393159844216475,0.8001502145150196,0.848974347114563,1.049322258855543
1t5a_fbp,3.2631884671873452,2.825960271642074,0.17369375300929327,,0.9221222917571343
1tbf_via,0.5648480653762817,1.0657415931480636,0.4895233922889984,0.9508928656578064,0.9080534124819122
1tha_t33,1.8137321472167969,3.565498597715329,,0.7353895902633667,0.919675871991043
1thc_fl9,3.9657161235809326,3.771798322792793,,0.4570588171482086,0.9144137931007448
1tlm_mil,0.4091103971004486,3.5503816960643153,0.49725755047669895,0.9638554453849792,0.7545879709732188
1tt6_des,0.6732744574546814,18.547342808203737,0.49422051730640787,0.88225257396698,0.865741986501126
1tyr_rea,3.1162517070770264,2.408223342795282,0.5100400923908667,0.6883753538131714,0.8934195203282198
1u21_p2c,7.113360404968262,1.5888995354820825,0.46428743858501154,0.20196281373500824,0.9572162914499137
1uwh_bax,0.34907570481300354,3.9619737002486524,0.5034200547165008,0.9568720459938049,1.05798372692305
1uwj_bax,1.4181835651397705,4.191521902145092,0.5529846315009255,0.8832430243492126,1.0683400812139299
1v4s_mrk,0.5591509342193604,3.8423115045162026,0.5762361368110993,0.8807017803192139,0.9366036942475613
1w0f_str,2.3998663425445557,3.4566809817118536,0.19250473353589975,0.5495824813842773,0.7274733683358707
1w82_l10,0.2560257315635681,0.15098407339328535,0.9770515191871378,0.9646371603012085,0.9707721829996993
1w83_l11,0.46372705698013306,0.15726265107676035,0.9659186034570867,0.9430614113807678,0.9709963797877539
1wbn_l09,0.7068148851394653,0.4083611032186225,0.9545839046558707,0.9024862051010132,0.9691894352069901
1wbs_li2,0.38640329241752625,0.3566217627404301,0.9724872667698246,0.9274975657463074,0.9649169673667428
1wbt_wbt,0.4306948482990265,0.28887605817645745,0.9634129730682688,0.923058032989502,0.9686275924561896
1wbv_li3,0.24200129508972168,0.24398296041336343,0.9764382947949244,0.9602417349815369,0.961523305454248
1x88_nat,0.1910475492477417,10.734591326378464,0.320312242776063,0.9841136932373047,0.9316937910478449
1xdd_aay,4.865448474884033,4.757357335847277,0.3973621146404217,0.4187743067741394,0.8088767693420558
1xdg_ab8,3.9040138721466064,4.821143324801057,0.3654036614981583,0.4441896080970764,0.680947985939327
1xoi_288,0.7442420721054077,4.379955721771554,0.2953779357463665,0.5703571438789368,0.8918607610619905
1xuo_la1,4.76016092300415,3.6199899046411517,0.3635839363083603,0.31171002984046936,0.7435403370346685
1y1d_fhi,3.2720534801483154,4.380249050302367,0.44253693288285584,0.5648688077926636,0.8310635317446486
1ygc_905,0.22497931122779846,4.347345542129128,0.4002402714218287,0.9657676219940186,0.9971000396290446
1yrs_l47,0.8929307460784912,0.23974320147753622,0.9540093526498634,0.9229428172111511,0.960478938766955
1z7j_t4a,0.8724483251571655,2.215550970426928,,0.8612244725227356,0.8701950699795997
1z8d_ade,2.883317232131958,0.20320048184953662,0.9490291458144854,0.696945309638977,0.6234077252091534
1z8d_amp,0.35073912143707275,0.2817919451880422,0.8230355592901114,0.6800000071525574,0.8122160573467384
2b14_dnf,2.5213565826416016,3.7594131530626864,0.39433218903831085,0.578635036945343,0.8843147073551672
2b15_dnf,2.5820491313934326,3.79109767755656,0.39984819827024587,0.5574128031730652,0.884930245373273
2b16_dnf,2.5505077838897705,2.2971130490325486,0.4777050278940653,0.5733532905578613,0.8850684457035489
2b77_3ca,6.134261608123779,3.7790855859727093,0.43053436081965,0.2556532621383667,0.8623321463661386
2b9a_fbc,6.37404727935791,2.8263299569797846,0.26638063021563874,0.2985074520111084,0.8304982255773812
2baj_1pp,0.17997294664382935,9.107506749922212,0.35753719454293553,0.9768072366714478,0.9750204446024084
2bak_aqz,0.5183334350585938,10.111992033205357,0.36539752533791947,0.9197744727134705,0.9676147122633783
2bk3_foh,1.2116270065307617,5.339715329712829,0.2527637967668105,0.8128078579902649,0.9348515984069943
2bu2_tf1,1.792059063911438,3.777562353086546,0.4847661195488829,0.8079227805137634,0.9167216326330784
2bu5_tf1,1.6771965026855469,3.7753296936654603,0.46788552294861246,0.8117489814758301,0.9167216326330784
2bu6_tf2,1.917886734008789,1.0844016143169959,0.5513027872317019,0.8000671863555908,0.9524769886766582
2bu7_tf3,0.7605352401733398,1.8353728113300105,0.2805962590556659,0.8946991562843323,0.9617965689530533
2bu8_tf4,1.5697565078735352,4.593719377875312,0.6237716326971939,0.7429824471473694,0.9539748008070861
2bx8_azq,0.6011443138122559,5.252914954253921,0.44847959755196826,0.9227871894836426,0.7010250360931543
2bxa_c1f,0.5766417384147644,4.110637405452139,0.4871834364158497,0.9427312612533569,0.8492024897272628
2bxc_p1z,0.778374433517456,0.24109774189127375,0.3200937389789682,0.8612737655639648,0.718774576803407
2bxd_rwf,1.4284290075302124,6.943070247031381,0.34542979905896676,0.7800462245941162,0.8238761983822158
2bxe_1fl,0.3957677483558655,4.440625737623172,0.44425330175853245,0.9371704459190369,0.7837968635573325
2bxg_ibp,0.8210926055908203,2.5757847886578134,0.5945866583410588,0.8509708642959595,0.8938864004636926
2bxh_ios,0.19976279139518738,3.1380972895323143,0.2732326166274156,0.9835456609725952,0.9009450229537356
2byb_dpk,2.734541654586792,3.3653016782614547,0.5521167115965193,0.6217838525772095,0.8845494766740645
2c65_4cr,0.9982242584228516,3.5597385901482896,0.35791633320472116,0.8805195093154907,0.9442999331313429
2f7i_26c,0.986172080039978,0.09807786116139784,,0.857011079788208,0.9081036375373522
2f8i_205,0.5133599638938904,2.7620200493234637,0.40716733673688627,0.91847825050354,0.9168983329549594
2fap_rad,0.4241347908973694,2.747666312493475,0.4167595983317074,0.5862255692481995,0.9415650889725382
2fbr_44c,2.6221911907196045,3.1481402733965878,0.34904539079049696,0.40576592087745667,0.6512096730438093
2fhy_a37,0.24812383949756622,2.9885347968766576,0.47015852829410837,0.8857142925262451,0.9754589828192118
2fie_a74,0.9909249544143677,3.235595335373562,0.5400680051654141,0.8268581032752991,0.9815472496702654
2fix_870,0.6996859908103943,3.180134331218422,0.499778555278451,0.7977346181869507,0.9696179789487606
2fky_n2t,0.4007555842399597,3.282955873672932,0.653159988759402,0.9698985815048218,0.960604003579222
2fl2_n4t,0.4327622354030609,3.2427591970713276,0.654694811147358,0.9609066843986511,0.9037825045537992
2fl6_n5t,1.0987755060195923,3.2218545040122866,0.6474279627495825,0.8884961605072021,0.9440319959461813
2flm_6ca,3.502716302871704,3.0821038136545167,0.398487608106303,0.3193146288394928,0.6386066903930286
2fqq_f1g,8.099287986755371,4.016214779597755,0.45717150187948946,0.05281690135598183,0.7826356184222332
2fsz_oht,0.39154186844825745,2.904271019758911,0.3922745172371162,0.891850471496582,1.0872623525862548
2g1q_n9h,0.5881069302558899,0.23663133986503382,0.9545859621721956,0.9418604373931885,0.9526513052133845
2g5u_pcq,0.5443040728569031,1.5221045900844274,,0.8985239863395691,0.8639893676337842
2g9k_ne1,2.0216126441955566,0.12100927341308108,,0.7551903128623962,0.7534938424364916
2gab_ne2,0.831578254699707,3.5235540524096147,,0.83984375,0.8075434289528914
2gm1_2az,0.7002456188201904,0.3253641394429779,0.9531649562689897,0.9266917109489441,0.9672351230569596
2i7n_aco,0.4943252503871918,5.130049398314109,0.4024142388996337,0.48702532052993774,0.9485365264775014
2i7p_aco,0.42981860041618347,4.027410434348602,0.39735098346253606,0.48650306463241577,0.8252597507932328
2ica_2ic,0.8532812595367432,1.603287127101988,0.2834655392441583,0.910872757434845,0.9036643696978921
2ieh_moy,0.6422279477119446,3.314280699907148,0.6347280992445713,0.9279661178588867,0.9181768801665419
2jc9_adn,18.4105281829834,1.5127158534689213,,0.0006501950556412339,0.8493458496553398
2jjk_r15,1.4422085285186768,4.0911509589330475,0.3174303962560029,0.49180328845977783,0.7971409052160715
2o7n_2o7,2.372929811477661,5.358588855474987,0.48136959892993175,0.6700000166893005,0.9325116606664859
2o8b_adp,0.36237072944641113,3.579734697064139,0.48497017462615116,0.9540682435035706,0.9288464166085362
2o8c_adp,0.4764689803123474,3.8260112301734925,0.5084229663767303,0.9472070932388306,0.9270072250653243
2o8d_adp,0.33142051100730896,2.959851543829494,0.3998767958096676,0.961904764175415,0.926306733952543
2o8e_adp,0.5795281529426575,4.317821437969485,0.4271802827548856,0.9228036403656006,0.9265486431707788
2o8f_adp,0.43688398599624634,3.7393944118850997,0.478745590409544,0.9534013867378235,0.9272304479627587
2onb_7pa,3.2571208477020264,0.7048050541675871,0.5409918150513332,0.27243590354919434,0.9391106812007577
2p55_mra,7.512547028402201,3.7510920813275797,0.6134986846019572,,1.0275643404579418
2pg2_k01,0.6015326976776123,0.24635741392881963,0.9299731905082605,0.9200819730758667,0.9396317009331939
2pio_2mi,16.748794555664062,2.096179782990846,,0.0015400410629808903,1.0852801640905532
2pip_k10,18.097333908081055,3.0392995151122104,0.4285702566813189,0.0007267441833391786,1.0700217705600008
2piq_rb1,18.77184295654297,4.214869511488399,0.4732755361599933,0.0030054645612835884,1.0586737385137215
2piu_4hy,17.632896423339844,1.4788549056911942,0.3412033435119141,0.0031755196396261454,1.0864810171009098
2piw_t3,19.337596893310547,2.708321090489569,0.41079511667289287,0.000530222721863538,1.1098282619966373
2q2y_mkr,1.2030625343322754,3.1909420302867186,0.6277787622965447,0.8926056623458862,0.9659620593459198
2q2z_mkk,0.8734275102615356,3.3363099688651685,0.6312524555155968,0.9339220523834229,0.9616327654861974
2qgc_mr4,0.873177170753479,3.4964265535686527,0.3763504719233927,0.8797909617424011,0.8899057602712501
2qgd_mr5,0.32862451672554016,2.384470085611549,0.2972414044542524,0.9370689392089844,0.858489965931846
2qge_mr6,0.7939134240150452,2.341341659970429,,0.9054877758026123,0.8598325173024486
2qlj_cit,19.270734786987305,4.290658173081791,0.5727661679173738,0.00044169611646793783,1.0043005185257947
2rox_t44,1.0643638372421265,0.12977273688279642,,0.8453390002250671,0.8902296144960428
2roy_p28,1.5638469457626343,2.6309260187650456,0.2858411670769461,0.7679398059844971,0.9364378913047233
2uyi_k02,0.47072911262512207,0.2715104985607418,0.9669693156732382,0.9561118483543396,0.9628148217282029
2uym_k03,0.46585720777511597,0.26866614823412593,0.9506194566076908,0.9146725535392761,0.9547876244939573
2v5z_sag,0.9945257902145386,3.763227247073852,0.528125693678086,0.8895424604415894,0.9799924615170408
2v60_c17,0.2362942397594452,1.3024146470392837,0.44503375877187196,0.9699346423149109,0.9722687265864787
2v61_c18,0.4947064518928528,3.7228190940010917,0.4936323591009029,0.9612545967102051,0.9743036352192831
2vgb_fbp,5.612239945503267,2.928895118059185,0.538965883466722,,0.932713761734622
2vgf_fbp,5.525348321651399,3.1020967795035004,0.5232597513987853,,0.9270160383826669
2vgg_fbp,6.046394884517641,3.0449560094610386,0.5868380120328046,,0.9275900974182474
2vgi_fbp,5.700282217842478,3.000376587626945,0.5802473264841719,,0.9327288221875779
2vt5_rok,0.36164671182632446,3.070677188823896,0.5559363112674242,0.9534883499145508,0.9535192438526736
2wbb_ro3,0.40869060158729553,0.2226209331050498,0.800637380167357,0.8970820307731628,0.9853392634811079
2wbd_ro5,0.5028877854347229,2.6887167086182773,0.5991610983225006,0.883979856967926,0.9732104725794883
2wgh_dtp,0.7039476037025452,3.4879784873923994,0.5731475190848752,0.6753048896789551,0.7830492796666283
2wog_zzd,0.5241622924804688,0.17858721328784094,0.9630814771632912,0.9731884002685547,0.9288669340876269
2x2r_x2o,0.8538988828659058,2.26355876312715,0.9669380485984657,0.9111195206642151,0.9566319784637489
2x7c_kz9,0.31861552596092224,0.24121364136370604,0.9768971604198947,0.9675925970077515,0.9434613051821594
2x7d_egb,0.2869725525379181,0.2278990551264261,0.9724514987083008,0.9817276000976562,0.9303335650340907
2x7e_x7e,0.5218201875686646,0.2735032881328078,0.9503742831664246,0.934876561164856,0.9142396634632703
2xae_2xa,0.3634280562400818,0.19601911008874326,0.9706476799283317,0.9739508032798767,0.9516311354486803
2xcg_xcg,0.32836562395095825,4.163741193494826,0.37920448240377674,0.9053441882133484,0.9841041795385008
2xcv_dg2,2.3742306232452393,8.354339575977399,,0.5367231369018555,0.7420139691300246
2xcw_atp,2.1158320903778076,1.6981799692256918,0.4540064751116085,0.7912262082099915,0.8222044142730957
2xfn_xcg,0.4285166263580322,4.643313208572238,0.33441877559806865,0.9551039934158325,0.9840640798073634
2xfo_xcg,0.48719653487205505,3.322798729624761,0.6313833606628917,0.9115913510322571,0.983671860643403
2xfp_xcg,0.28157177567481995,4.239953306616034,0.3942114679513152,0.9201263785362244,0.9842312565310567
2xfq_xcg,0.19332166016101837,3.7151441616827463,0.6197085871861593,0.9686274528503418,0.9835360957540082
2xhd_7t9,5.492326259613037,4.106755019067176,0.4096940464870628,0.20708154141902924,0.6053485969621184
2xjc_b4p,2.6055843830108643,8.823336427466538,,0.8143153786659241,0.7221543165798662
2xjd_atp,2.0946545600891113,0.7247756213021959,0.3839765981155072,0.7790697813034058,0.8222044142730957
2xje_atp,2.109837055206299,1.7440230344146286,0.39714155689938685,0.7601625919342041,0.8230871461360839
2xjf_dg2,2.1081998348236084,8.57110140474609,,0.6203703880310059,0.7443975622277624
2y5k_ycu,0.7622216939926147,3.448489591635232,0.4175189810152281,0.815833330154419,0.9782867154924665
2y5l_ro8,0.3015749752521515,2.791348427510087,0.6128238779590328,0.9158914685249329,0.9766072479067215
2yhd_av6,19.951047897338867,3.079144796006427,0.3836842397796227,0.0007739937864243984,1.1630649448847037
2ylp_056,19.612703323364258,1.4675292307758088,0.4034302297422955,0.0007772020762786269,1.0805667864062924
2zb2_a46,2.070674180984497,4.797937176773118,0.32976064033037694,0.4182412922382355,0.6485922596140354
2zmf_cmp,0.16988012194633484,3.9345455428655955,0.5536727593002048,0.9900257587432861,0.8631693653483843
3a0i_aji,0.8514010906219482,3.81736945956567,0.47135629723242334,0.7874659299850464,0.9546131413369571
3a29_2t0,0.410238116979599,3.2985997208044537,0.5609292299320581,0.9268518686294556,0.9750799034471741
3b56_diu,3.105400323867798,2.673193587953966,0.6247218953894557,0.5268595218658447,0.8680475013674075
3bjf_fbp,1.7514844591583225,2.9586007856833025,0.5337156579529727,,0.9268144348720098
3bqm_bqm,0.5616227388381958,2.8517188866137966,0.47680782261912263,0.7965575456619263,0.91842998055262
3bqn_bqn,1.1095229387283325,17.516128134683644,0.5140460395676605,0.7340036630630493,0.9112948592143637
3ceh_ave,7.890678405761719,3.3136427778576065,0.3680192161857935,0.1591726690530777,0.5133430773010166
3cej_avf,0.5470151901245117,2.8770015728190397,0.520885025089688,0.6352643370628357,0.9705915564750387
3cem_avd,0.44177109003067017,2.424660424992511,0.42345750511843394,0.7092824578285217,0.9727001024863011
3cfn_2an,3.50964093208313,2.7906284983132172,0.5592757754935401,0.40166667103767395,0.7440395297309171
3cfq_dif,5.269917964935303,2.2425429114099407,,0.2677261531352997,0.7890465082053538
3cft_5ns,2.4945693016052246,2.9302022157720518,0.5036519093730089,0.6225489974021912,0.8483982316361048
3cjo_k30,0.46972739696502686,3.351289675683347,0.6490596137736107,0.9498260021209717,0.9593994579096413
3cn0_lj1,0.46998682618141174,0.15422486003969213,,0.963878333568573,0.8867391837457597
3cn1_lj2,0.4743568003177643,2.6567302714470986,0.39705704467995295,0.9254902005195618,0.8125346035845624
3cn2_lj3,0.8201228976249695,2.834457074172431,0.3868851441295713,0.8076171875,0.8308392554300199
3cn3_lj4,1.9582282304763794,2.819811596906894,0.4094923196602658,0.6519607901573181,0.8270387574517483
3cn4_lj5,0.4904795289039612,3.727069517957316,0.2704227920373334,0.9464285969734192,0.7833249836046867
3d2t_1fl,3.459141969680786,3.7407321563768865,0.407838979245654,0.4829843044281006,0.9411636101350911
3d83_gk6,0.7901431322097778,0.5367406930824785,0.960889369539433,0.9130868911743164,0.9631275356947788
3dd1_25d,0.7716813683509827,3.174896935082989,0.45220305581683673,0.6873726844787598,0.9636147746676182
3dd1_cff,3.0883941650390625,4.091514680605447,0.5441924901864404,0.6118279695510864,0.6364288533126029
3dds_26b,6.442178726196289,2.600389813558313,0.31082950023692324,0.24882352352142334,0.8432887789410747
3dds_cff,3.1148436069488525,4.105427240055951,0.5645814102807853,0.6114130616188049,0.6341641464343744
3ddw_055,0.4844302237033844,3.5561097613982398,0.39498574558561705,0.6971316337585449,0.9700244618429511
3ddw_cff,3.0937228202819824,4.12074209145646,0.529383813465988,0.6088362336158752,0.63528490081999
3dv3_mek,0.5432605147361755,4.155078510836102,0.5909653748995582,0.9407608509063721,1.0237246861810658
3dy7_1cx,0.8564358949661255,4.192229049824547,0.47326017991626484,0.8929470777511597,1.0243468138098986
3dz3_put,0.5843982100486755,4.047204375740654,0.5847769615858412,0.23111110925674438,0.9573732465264281
3e2m_e2m,1.2666246891021729,5.081497499577963,0.522475871896074,0.7251286506652832,0.9140523604457013
3e8n_vra,0.3334678113460541,3.72453408155278,0.5148408038051616,0.9134396314620972,1.0247188526437736
3e93_19b,0.23724856972694397,16.03735187727645,0.2509488083803905,0.9665668606758118,0.9672492954511107
3ep5_ure,1.52285897731781,4.930952200952286,0.5920113972998384,0.20454545319080353,0.7995998960501032
3epa_put,1.0871506929397583,4.253213685052179,0.5295289697406694,0.2545662224292755,0.9572392878456946
3epb_put,0.7945409417152405,4.2967836659124075,0.5517806628626737,0.2476525753736496,0.9572392878456946
3eqb_lug,0.9248395562171936,3.4636175082648104,0.46684507585597695,0.9010480642318726,1.024111769374133
3eqc_3bm,1.062882423400879,5.11452918274439,0.1486586923847754,0.8856033682823181,1.022282197104372
3eqg_4bm,1.3176662921905518,5.098489391623706,0.16625627351683647,0.8058954477310181,1.0221057846040715
3eqh_5bm,1.113726258277893,3.9588207300379263,0.1966081644575815,0.8383500576019287,0.8814703875502741
3esn_dz1,0.4366649389266968,1.712314432175836,0.46495716218460065,0.9407894611358643,0.9217560312091017
3eso_dz2,0.9583088159561157,3.502523661567353,0.39912089867571154,0.8685897588729858,0.799278406364018
3esp_dz3,0.9606025218963623,2.8035627747923013,0.4285083050446388,0.8734848499298096,0.90133693562664
3evj_nto,16.31602470259524,3.509734449575055,,,0.8610028848857457
3f1o_2xy,0.5570399761199951,2.0058942582100094,0.9229435164625494,0.9311050772666931,1.1578402883025565
3f78_icf,1.7941566705703735,2.7905129876463954,0.6002365579628459,0.751978874206543,0.7600841608799052
3f9m_mrk,0.2936042547225952,8.002544323943946,0.33943549067214646,0.8234597444534302,0.9420241019292351
3f9n_38m,2.0275068283081055,2.005593967796527,0.5466573807201414,0.6513410210609436,0.6558195874997265
3fap_ard,0.5860770344734192,1.4671392697077763,0.4123777816753096,0.5635340809822083,0.9373835995088169
3fc8_ifa,1.2091636657714844,2.552515469339774,0.48671268044282756,0.7936828136444092,0.7753385269582911
3fcb_ifb,0.6296436190605164,1.6670545960890388,0.3612266302081734,0.8818181753158569,0.8226343109376422
3fr0_ajb,0.6956950426101685,4.428721478255668,0.5115495119503936,0.7554410099983215,0.955323060595228
3gcq_1bu,0.2681635618209839,0.5055418468161853,0.9423186927718815,0.9194234609603882,0.9652481338203286
3gcs_bax,1.457938551902771,0.5038036591377971,0.9450783560785229,0.7937620878219604,0.9632641339182653
3gcu_r48,0.15735743939876556,0.29130567458470474,0.9704116235517455,0.9327012300491333,0.9675978111367812
3gcv_ss6,1.013969898223877,2.518942075898897,0.9276690943506885,0.8456318974494934,0.9613019091320607
3gi3_b10,0.40239259600639343,0.42546031788044164,0.9310191783888386,0.9284178614616394,0.9608931800762495
3glz_1bd,1.7411381006240845,2.2076550356189264,,0.8192446231842041,0.8632424642359559
3goi_loi,0.4284062683582306,3.5646333192904662,0.46004098475432126,0.7904676198959351,0.9600466990097581
3gqy_fbp,1.860471414206155,3.8212283246462535,0.6006245418927639,,0.9177283083705544
3gr4_fbp,1.9106455703321903,3.7963309111731274,0.6333177734944195,,0.9162260921401087
3gs0_6bd,5.9789509773254395,1.5748338132977342,0.21767041315799907,0.37348484992980957,0.7635614585402135
3gs4_7bd,5.839176654815674,3.085488633799845,0.2844732220726936,0.47900763154029846,0.7670379988423757
3gs7_8bd,1.0426491498947144,2.916279682407746,,0.8323969841003418,0.9039259938671331
3h0v_put,0.21054497361183167,4.316932811664337,0.5506409675768419,0.2268722504377365,0.9572155868359191
3h0w_put,1.0454343557357788,4.443457751174633,0.5671110354398388,0.24617347121238708,0.9572155868359191
3h1v_tk1,5.8555755615234375,3.6603326883516942,0.5147967554966089,0.3628484010696411,0.8180722621160843
3h30_rfz,1.52796471118927,3.011278580400655,0.16825530873995048,0.6883910298347473,0.9255214828453395
3h6o_fbp,1.7911732864195813,3.872853189838395,0.6037917315628303,,0.9256694714924797
3h7w_018,1.0670466423034668,3.0194435451030093,0.5380960946739586,0.8661924004554749,1.1402372917065944
3h82_020,0.5266383290290833,3.508433337113133,0.6058325758371678,0.9308066964149475,1.140907278562613
3hec_sti,0.788546085357666,9.25394240994627,0.351036711475228,0.8718385100364685,0.9540693228116726
3heg_bax,0.529063880443573,8.7253669795509,0.403931463709243,0.8713312149047852,0.9624068588327231
3hj0_a93,1.1396211385726929,2.9910026019752394,0.322770706702549,0.8914930820465088,0.8626126380469237
3hnc_ttp,0.3279292583465576,0.17146493168189098,0.7809567966279217,0.7283132672309875,0.8560824434650831
3hnd_ttp,0.6612523198127747,4.050881757945578,0.4476692832772426,0.6504656672477722,0.8424286848881749
3hne_atp,2.419905662536621,4.753501733597255,0.48686501867160037,0.6278176307678223,0.805251024712837
3hne_ttp,0.5414726734161377,4.264194914079672,0.4483112998462871,0.7117537260055542,0.8440023865989001
3hnf_dtp,1.19640052318573,3.886846870910586,0.5454706478124313,0.8057193160057068,0.7889986160263756
3hnf_ttp,0.8153827786445618,3.6032777999275827,0.4578960173943497,0.6641790866851807,0.8387969569076352
3hrf_p47,0.5124561786651611,4.348755821068689,0.3727990513821937,0.921342670917511,0.9892527785216997
3hv3_r49,0.22495891153812408,0.4673608117102397,0.9423587082915428,0.9282690286636353,0.9671412969027127
3hv4_l51,0.2397148460149765,0.4963944861520632,0.9645112797843844,0.9405092597007751,0.9711139715020368
3hv5_r24,0.23988725244998932,0.6332131247366865,0.9693215837867136,0.9235989451408386,0.9714373569891588
3hv6_r39,0.33587756752967834,0.18102567930585606,0.9478170033066946,0.9426440596580505,0.963509076011144
3hv7_1au,1.2190078496932983,0.5667619724260945,0.9419441349298464,0.8461345434188843,0.9672511609214894
3iad_15x,6.575177192687988,3.763816223754069,0.4555049744153159,0.7348574995994568,1.1102577011334893
3id8_mrk,0.3252773582935333,6.921907660043315,0.3445719915792111,0.8702380657196045,0.9366491596281337
3idp_l1e,0.3636804521083832,2.6474424501239384,0.49455119119040186,0.9549445509910583,1.0625854025255677
3ifa_amp,0.2064686268568039,4.415687544985114,0.5288931691737765,0.9651253819465637,0.9602990460790684
3ifc_amp,0.21970778703689575,2.8877546424598837,0.5367052670645432,0.9766393303871155,0.9674582277771415
3ijg_avr,4.843476295471191,2.413047319880273,0.4988021688344219,0.4937500059604645,0.7300008321205125
3ijj_avr,5.234637260437012,2.3548375778406325,0.3543446954340626,0.4825129508972168,0.7300008321205125
3imr_iw1,0.9191972613334656,1.735154983485796,0.4555650541102714,0.8532423377037048,0.7346186697821008
3ims_iw2,6.969679832458496,2.772189052570337,,0.22732426226139069,0.9172032239677637
3imt_iw3,7.53622579574585,3.3068372343848123,,0.23747016489505768,0.8554188584512754
3imu_iw4,0.8704176545143127,2.9966686411402854,0.34684898547959925,0.9081632494926453,0.903611031142418
3imv_iw5,0.33779820799827576,2.974639872204693,,0.9461382031440735,0.8998083597090928
3imw_iw6,0.6262791752815247,3.001820961792557,0.42504406791705773,0.9324561357498169,0.9252809619074993
3imx_b84,3.671133041381836,3.822313438693894,0.21936299654941874,0.6140737533569336,0.8999416070367342
3ipb_jzd,2.92448091506958,2.690219375361588,0.2781603338600472,0.36288926005363464,0.608966191699393
3iw8_hiz,8.072418212890625,1.9778416840859718,0.6978182211421,0.16943958401679993,0.659478311599069
3jvr_agx,10.374391555786133,3.004439835684658,0.47722720904466853,0.26441678404808044,0.6250867098928848
3jvs_agy,12.702134132385254,3.0079775639843387,0.5260898644153128,0.26538848876953125,0.8165227189101147
3k3b_l31,0.40505102276802063,0.3432119077472628,0.9539730110999011,0.9547587037086487,0.9603802124246822
3k3i_jzj,0.5531492829322815,4.981132114316797,0.5255805704919579,0.9312320947647095,0.95061737572813
3k3j_f4c,10.543574333190918,4.050811463798392,0.505028004094273,0.0959261804819107,0.7502295998307777
3k5e_k5e,0.3997700810432434,0.23302008226039053,0.9427843136900215,0.9711850881576538,0.9328291891719773
3k8s_z27,0.46417075395584106,4.139192198676868,0.5060833767344002,0.8901663422584534,1.0260114134890932
3kbz_2t4,0.6037414073944092,3.583726998280551,0.556373637801268,0.9279026389122009,0.9577204798659091
3kc0_2t5,0.4841710031032562,3.1476638740466174,0.5823999919692291,0.9558233022689819,0.9760463527911756
3kc1_2t6,0.4055192470550537,3.029134176518439,0.7001203912293397,0.9391534328460693,0.9804293676602981
3ken_zzd,0.499923437833786,0.24302800386221993,0.9666953951276842,0.9616519212722778,0.9289835919503338
3kgt_gen,1.4324439764022827,1.403352596877252,,0.7351694703102112,0.8585014065892211
3kgu_gen,1.2263734340667725,3.689725046633135,0.41956800144213025,0.7827869057655334,0.8488252215022853
3kjf_b92,0.8487435579299927,3.7571684324630827,0.41728292888686475,0.25957557559013367,1.0040735360444126
3kjn_b93,0.4177134335041046,3.7058219184833754,0.5465670267703889,0.39492326974868774,0.9610878811429062
3kjn_dtt,11.561901092529297,,,0.08440171182155609,0.6557605039436862
3kjq_b94,0.4050726592540741,2.0051744311848863,0.3447742661629291,0.482566237449646,0.9058883137253207
3kq7_kq7,0.4794323444366455,4.244979125953533,0.3007450367369119,0.9218611121177673,0.9639180486815578
3l9h_emq,2.4018685817718506,0.3169269991940112,0.9240542313471467,0.8019169569015503,0.9411641177196217
3lfb_z87,0.32781195640563965,0.4234601286881248,0.9394641489583694,0.9128440618515015,0.9646355422403611
3lfd_z85,0.7259923219680786,0.371397089604415,0.8932023870265059,0.8611388802528381,0.9430549780588695
3lfe_z84,0.9184796810150146,0.5729617108880795,0.9149583754704813,0.8608716726303101,0.9539575788159866
3lu6_imx,8.365723609924316,4.924163035868011,0.5549023507049237,0.17571549117565155,0.6344049961759386
3lu7_ipx,8.179975509643555,4.743576672349079,0.2940134569457033,0.16283018887043,0.6188748069650157
3lw0_ccx,9.46548080444336,4.384766790990776,0.4598313517207448,0.06237972900271416,0.5976401664873556
3m1o_cjz,0.36118069291114807,3.5908906820969504,,0.9683098793029785,0.9442263607467067
3m6f_bjz,0.319458931684494,3.2973314662591084,0.5819873203128164,0.9427753686904907,0.9217345918793075
3mk6_aco,3.296987295150757,3.1135774815030857,0.4148312040185283,0.38490182161331177,0.8398513112877657
3n1v_3n1,2.276108980178833,2.0115464046561824,0.5779297346983222,0.668055534362793,0.9314455582763872
3n1w_3n2,2.236372709274292,3.0869230036286437,0.4146027238136692,0.6396648287773132,0.9720314340330531
3n3l_ms0,0.33506983518600464,2.132535823464376,0.3955614547662059,0.907549262046814,0.9856208979295159
3n45_3n3,1.1105213165283203,4.988924875347899,0.40443544015807426,0.7828719615936279,0.9091431279415245
3n46_3n5,0.7330844402313232,2.6689448475097315,0.376847179578625,0.8799313902854919,0.8854145283681965
3n49_3n4,0.5715075135231018,3.8198120792085803,0.4773142661971866,0.9073359370231628,1.0009247774617798
3n5h_go0,0.42436230182647705,3.5475985988587553,,0.8724677562713623,1.0156673647913668
3n5j_go1,1.1832714080810547,3.916434766293631,0.4588407472526935,0.8148535490036011,0.9950520378223111
3n6k_bfh,0.45805394649505615,0.10137449877722664,,0.8798342347145081,1.0233502913717512
3nax_mp7,0.6323801875114441,3.5654418994900388,0.2901129240883957,0.769284725189209,1.015101883159376
3neo_g24,1.3978748321533203,3.6388285271632346,,0.75,0.8174281362776531
3nes_b72,3.5633022785186768,2.8702231525513557,0.4489035295040338,0.48847925662994385,0.8375314705537232
3new_3ne,3.7381389141082764,8.982682424274318,0.4318557214197415,0.4739583432674408,0.7039181965279848
3nex_g24,1.5665634870529175,1.7384971013258044,0.314668100464069,0.7827763557434082,0.8139173633460127
3ng5_kdh,6.108826637268066,4.969963202751193,0.18776657265062766,0.2561224400997162,0.7998591405877155
3nnu_edb,0.24665933847427368,0.222673904821186,0.9695674989035927,0.953798770904541,0.9548200691493068
3nnv_437,0.13017471134662628,0.21431894709435823,0.9741112523346441,0.9765708446502686,0.9738382073629186
3nnw_edd,0.17578381299972534,0.2707212182021412,0.9757144255982174,0.9680107235908508,0.9706277089171422
3nnx_edd,0.1988869309425354,0.19084611758836134,0.966244934912691,0.9915522933006287,0.9706304093026028
3o2m_46a,2.5979676246643066,2.782141909344805,0.8700408998541174,0.5186046361923218,0.9158180076856065
3o8p_bmu,0.5335478782653809,0.49215324068655797,0.9346666704969758,0.8073152303695679,0.9686961515407382
3o8t_bmu,0.3035234808921814,0.10746261019180049,0.9564457011396109,0.9514802694320679,0.9691476871617561
3o8u_bmu,0.21819549798965454,0.259317115015817,0.9603577238480764,0.9543681740760803,0.968335062090566
3o96_iqo,0.5902770757675171,6.897374636587515,0.4722213079820696,0.8669982552528381,0.9852127902911438
3obj_bmu,0.5491918921470642,0.1620795975318681,0.9434625857097663,0.8956692814826965,0.9691032937966763
3oc1_bmu,0.29181286692619324,0.14830756622081337,0.9375169653383026,0.9338487982749939,0.9691554922726562
3of1_cmp,0.35722067952156067,2.9865636977717407,0.5264699415397784,0.9626168012619019,1.0032691039058184
3oiv_dtt,14.916584968566895,,,0.008474576286971569,0.7989732228874246
3orn_3or,0.46624115109443665,4.397566457334681,0.5682787946972417,0.8967710137367249,1.0340054213186698
3orx_1f8,4.174308776855469,2.5046397685227597,,0.40731707215309143,0.7430825577855168
3orz_2a2,1.1557434797286987,7.322182634343386,,0.7804568409919739,0.8416647329906439
3os3_3os,0.7327196002006531,2.4832888460349634,0.8219065061387278,0.8649758696556091,1.0257381795143783
3otu_j30,7.6019392013549805,3.9744920592474777,0.3405786117175196,0.1610429435968399,0.8959163820814844
3ozk_t44,2.4578890800476074,2.203647668483279,,0.6553133726119995,0.8976375830042691
3ozl_flf,0.927663266658783,2.8320783328546444,0.33098551809485266,0.8901785612106323,0.9048655825575539
3p3r_3m1,2.371188163757324,3.4861431651661094,0.4117222701623908,0.7055255770683289,0.9599896516276872
3p3s_3m2,5.912574768066406,2.3910537253002415,0.50788068713611,0.2893873155117035,0.8533519962714647
3p3t_3m3,7.0750813484191895,1.5125401747639282,,0.22085890173912048,0.940203826934913
3p3u_3m4,1.3362919092178345,2.828480936470017,0.4825613866419073,0.8544303774833679,0.7823756460342449
3pg3_dg7,0.8448766469955444,0.4607356214043126,0.9473041831112242,0.8475961685180664,0.947880727892295
3pp1_izg,1.3240687847137451,3.8877893618598183,0.5033276416767919,0.820270299911499,1.0253881671417906
3prj_udx,0.5172957181930542,3.815258573872884,0.4138726955289802,0.9026988744735718,0.8714492733523155
3ptz_udx,0.3264007270336151,1.0811513211819888,0.929145822053842,0.9052303433418274,0.8795817008703268
3pxf_2an,11.413172721862793,2.3478349540335643,0.24188016691926775,0.14664217829704285,0.7622827742804664
3pxq_2an,1.4871171712875366,13.961391004053658,0.20721062035882606,0.7111032605171204,0.7603008311712405
3pxz_2an,11.435393333435059,2.3539841714252425,0.24220101302465352,0.14798086881637573,0.7622827742804664
3py1_2an,11.075373649597168,2.9547550764713177,0.24300100995918703,0.15088912844657898,0.7622827742804664
3q96_0nf,0.37628594040870667,2.930536995934164,0.5295376106659815,0.9517691731452942,1.0729265739379212
3rn8_rn8,15.427300453186035,4.599991947509441,0.521244439656829,0.03888419270515442,0.5328193729341085
3rnn_rnn,0.5023817420005798,4.479608778620958,0.3887400871552121,0.9358513355255127,0.8493594049425174
3rz3_u94,0.8316932320594788,3.322007444686011,0.5008943110690682,0.9054144620895386,0.9880586980689448
3s41_s41,0.3840859532356262,8.045146191366275,0.43514659879700557,0.964483916759491,0.9606471788715535
3sls_77d,1.8096306324005127,4.840547573926599,0.41617139567348976,0.737500011920929,0.9945435504021156
3smq_tdu,0.7580626606941223,3.270661225976222,0.49397637207752215,0.796798050403595,1.0019402739073973
3tct_3mi,1.603311538696289,2.207796575416597,,0.8178694248199463,0.9110739839301394
3u18_y0x,0.8297184705734253,2.6080062182059107,0.6156752565429638,0.9125000238418579,0.652035606066542
3uo9_04a,1.3536229133605957,4.8014599130906905,0.3274141490089709,0.47512438893318176,0.8997283359722714
3ut3_emj,11.083901405334473,1.8281452673617402,,0.07857143133878708,0.7752562142363774
3uvv_rea,2.019745111465454,3.4404992590117804,0.586054442974862,0.7724438905715942,1.0411945780880494
3v01_3v0,0.6348592638969421,3.7594615723067752,0.49085688930375054,0.9232164621353149,1.0225136109162103
3v04_v04,0.4683762788772583,4.015346895216549,0.6068851554549793,0.9331841468811035,1.0292431877123844
3vev_0h4,1.4318683448655511,10.383714513348622,0.40339368813665005,,0.9228096647566824
3vey_0h5,0.31832900643348694,2.950699422615901,0.4933818046951428,0.8179231882095337,0.9607703893381325
3vf6_0h6,1.5484270411793317,9.073703295646348,0.4060482574303465,,0.960942483565715
3voz_04a,1.118825078010559,3.292967655145066,0.30730382462810507,0.6302682161331177,0.9058653281983385
3vp1_04a,1.2294960021972656,4.544786008305294,,0.6256905794143677,0.902915362013732
3vp2_bp0,1.6400806903839111,3.38840479385492,0.4588926107502225,0.5305397510528564,0.9309691588819834
3vp3_bp8,1.7182567119598389,3.5801888169444567,0.40913708195939286,0.5081743597984314,0.9129152935074849
3vp4_bp9,1.6907676458358765,3.689627953652983,0.4104916876157621,0.5496845245361328,0.9191778752010269
3vvh_4bm,1.2663315534591675,3.337303602672903,0.5803728221086312,0.8638211488723755,1.0220662197141233
3wig_chu,8.547188758850098,8.134746564020292,0.27189010840364436,0.12474279850721359,0.7799493948633351
3wpn_b4s,2.3584325313568115,8.090983327551873,0.32812892599411114,0.6048585772514343,0.8501359948828104
3zcw_4a2,0.674088180065155,4.204821711730199,0.19543588346137736,0.8466851115226746,0.936001949987457
3zm9_qmq,0.5583051443099976,4.501661161633119,0.29169717444277093,0.8899999856948853,1.0052780882220764
3zyx_mbt,3.5176901817321777,4.130793149020544,0.5536590770818821,0.511805534362793,0.8815749750725071
4a06_a06,0.8377426266670227,2.3857503198002763,0.3736678080646755,0.8707289099693298,0.9448226276504089
4a07_az7,0.7858639359474182,3.9799837937010665,0.42620066302597504,0.8619744181632996,0.9657021588736715
4a50_dq6,0.649137556552887,0.29937855728724155,0.9642214463813672,0.9384405016899109,0.9343748484962916
4a51_dq8,0.384709894657135,0.2812726791897295,0.962617447908402,0.9634793996810913,0.9291197016240612
4a79_p1b,4.941445827484131,4.411551240970154,0.3765679560002789,0.3682352900505066,0.9471542795466301
4a7a_rgz,5.000218868255615,2.4908825762789966,0.43464798127143,0.3666333556175232,0.9628313120128333
4a9y_rny,0.5456098914146423,10.050859037437169,0.36726034276412445,0.9152655005455017,0.9688326650693473
4aa0_aa0,0.5944073796272278,8.668995422522313,0.3785488406528999,0.8520590662956238,0.9636637678905857
4abq_4v2,2.028125524520874,3.035796244532241,0.5270433748306724,0.6493055820465088,0.7528551084193233
4abu_ft1,6.083421230316162,2.644371711844825,0.4269225845140799,0.2577565610408783,0.829888021991356
4abv_ft2,5.774989604949951,2.36548186135343,,0.30049261450767517,0.7487781837121252
4abw_42m,0.9199842214584351,1.586621026818794,,0.8113576769828796,0.8963660165013213
4ac2_43f,3.4310243129730225,3.009029818249564,0.4041168543042848,0.40527579188346863,0.8641684556212279
4ac4_hka,1.1977308988571167,3.843973001880029,0.37020976814375406,0.7508772015571594,0.8941078828285707
4act_ft0,0.9469408392906189,2.5689460430688893,0.6160715535972323,0.8476190567016602,0.8887906894910229
4an2_eui,0.7823612689971924,5.350371438795914,0.5300587349446725,0.8564404845237732,1.0289131676790946
4an3_5y0,1.1721076965332031,4.417386092887605,0.5638234958837383,0.8485465049743652,1.023283590473948
4an9_2p7,0.31349021196365356,3.256274194406984,0.4392110823645772,0.9112179279327393,1.0284701660851725
4anb_yqy,0.36184194684028625,4.109553129549011,0.5247994870623401,0.9298192858695984,1.0285956956075066
4ap0_g7x,0.3882988393306732,5.556285706451479,0.5808558244009392,0.9281485676765442,0.9690424838492685
4aqh_tb7,1.0243117809295654,4.784294857682437,0.1994715905086468,0.734337329864502,0.908029376905132
4ark_m3k,13.304463386535645,5.5569248309079775,0.3085973978192362,0.01625722460448742,0.9099697099154889
4as7_6lx,0.410310834646225,0.3848221757550302,0.9614496045242906,0.9145791530609131,0.9676162531002996
4aw0_mjf,0.23392948508262634,3.6346274289811786,0.5324062872177336,0.9465929865837097,1.0043447694789025
4aw1_21o,0.25495702028274536,3.120265221887313,0.5058687115403669,0.9577922224998474,0.9952156937412003
4b2d_fbp,1.4183238091497932,3.01414650736759,0.5768569722332946,,0.9267025252009341
4b2d_ser,2.0137073222378463,3.3863049236249916,0.5963275310020697,,0.7984432182413107
4bbg_v02,0.46727558970451355,0.25555459610428055,0.9676090447880067,0.9652870297431946,0.934971747550658
4bxn_mjq,2.0486111640930176,1.0472378358432337,0.8499130294235829,0.5996920466423035,0.9667787457415224
4bzb_dgt,1.1558494567871094,4.487885578060378,0.35677151955401915,0.4309791326522827,0.7909103837293598
4bzc_t8t,0.957406222820282,0.783176426222264,,0.4867149889469147,0.7438533358168751
4c7b_bvb,5.454464912414551,2.8255263618528854,0.5287075472562551,0.41633859276771545,0.8346115958060862
4c8b_0li,0.33111974596977234,19.649683361713482,0.30740597044284707,0.966152548789978,1.0398629415504974
4cfe_992,14.443621635437012,1.9308987307399739,0.5599860428854594,0.055535584688186646,0.8157521515273899
4cfe_amp,0.25234153866767883,3.4623558574238618,0.5322759851706856,0.9172213077545166,0.9734714179044437
4cff_amp,0.33684834837913513,3.6404019924771602,0.4849036833120809,0.9159699082374573,0.9735479719604577
4cll_bct,0.5441924333572388,0.21290661601476848,0.9340268899444023,0.8735954761505127,0.6913558907857636
4clp_act,,,,,0.7095373211748512
4cly_bsy,1.2692147493362427,0.2870297580750708,0.9141820883733952,0.8183139562606812,0.6675633428906076
4clz_act,,,,,0.7087749149858651
4crt_ass,2.300170660018921,3.490871717490004,0.43249700037734967,0.6196358799934387,0.8080691668474566
4ct1_31s,15.225007551121962,2.79664668728765,0.4678785131058639,,0.9149433285081519
4dbn_0ja,0.9888742566108704,4.589121303827652,0.5008489180201541,0.8694089651107788,1.064133594070877
4dch_4dc,2.172588586807251,2.9464792980592507,0.767533357760125,0.5416666865348816,0.9152965627172651
4der_agi,1.266298770904541,3.0928970559385522,0.19784196122882602,0.77070552110672,0.8782323200910278
4des_57d,2.4382219314575195,3.1075802108414545,0.3667649238884731,0.5649253726005554,0.8585799408292993
4det_kmp,1.4844191074371338,3.3252415023345567,0.3115338725711167,0.7540849447250366,0.832365502505111
4deu_nar,1.0815743207931519,2.7788278978801495,0.4193419825859555,0.8004322648048401,0.8571248187955375
4dew_lu2,6.91388463973999,0.1377877263988848,0.828101877399656,0.21624472737312317,0.8572409174632684
4dhy_s41,0.3979276716709137,8.046196963238424,0.43482198925366533,0.9634146094322205,0.9605037873210261
4dlr_dtu,14.19050121307373,3.281423943498091,0.20342865259729556,0.005639097653329372,0.8460213917826053
4dlv_dtt,14.343070983886719,,,0.006793478038161993,0.7938483598025107
4dlx_dtu,14.555222511291504,2.506781925090848,0.2047065578257044,0.008666666224598885,0.7358177701444029
4dly_dtt,5.540472030639648,,,0.22680412232875824,0.6653319353804652
4dlz_dtu,9.23162841796875,2.2979226201363434,0.36944537192808286,0.1293402761220932,0.6132278992021336
4e6a_0o9,6.240664482116699,0.5980975633106101,0.8155349947598628,0.33285510540008545,0.8217648554441861
4e6c_0o8,4.567146301269531,1.2514984492519412,0.7933674884555749,0.37697160243988037,0.7486101041374151
4e8a_0oa,2.733398675918579,1.0372370084110083,0.7179566077520062,0.5133670568466187,0.7846884259616208
4ebv_0o7,16.646427154541016,4.079724305901446,0.5763475336777972,0.009472817182540894,0.931226346831705
4ebw_0pf,11.127656936645508,2.941780250228353,0.4685461194964938,0.16152967512607574,0.8259504443709921
4eh9_0oq,12.63443374633789,3.291077056599279,0.3500839688814558,0.09119649976491928,0.6551207473103837
4eh9_irg,0.40576499700546265,0.44748681557240955,0.9680394787313674,0.9404090046882629,0.9756897459872209
4ejn_0r4,2.389359951019287,1.7328871230674368,0.8433615179307453,0.6703821420669556,0.9974076324076634
4ez7_2an,11.051485061645508,2.909996815587373,0.23158227241465465,0.14550264179706573,0.7622827742804664
4fap_ard,0.42988747358322144,2.6288179508911513,0.41795054477542887,0.5824634432792664,0.9374549548220382
4fc0_0t2,0.41825854778289795,4.511822916628318,0.5170705325622066,0.9403457045555115,1.072505852562229
4fea_0te,3.543074131011963,2.5763422228459865,0.37537181109515894,0.36210763454437256,0.9007690569314699
4fi6_0u7,0.7702289819717407,2.7986054434101453,0.297799867216045,0.9023972749710083,0.8872888848413054
4fi7_0ua,0.5913204550743103,2.8611087869557696,,0.897230327129364,0.9577011928812185
4fi8_0uc,0.49670523405075073,2.8427600368965646,,0.9178994297981262,0.9192434580825074
4fxf_fbp,2.919676488488057,2.9703190883202244,0.6200556321607849,,0.9161626014919454
4g0n_dtt,13.604132652282715,,,0.0076530613005161285,0.815637725535153
4g1n_nzt,0.8734055161476135,3.934635449608741,0.47448678859475163,0.617919385433197,0.8576754676644756
4g8r_96p,15.386218070983887,5.3818157379740645,0.24229927765681744,0.015486725606024265,0.8296594165704038
4g9c_0wp,1.084877848625183,4.06718649012932,0.5234210466410137,0.8791768550872803,1.0630319666635448
4g9r_b1e,0.44923853874206543,4.077056723990145,0.5380216528572459,0.9611324667930603,1.0577381758044444
4h4b_11h,5.056650161743164,4.809811308563691,0.3901181951608835,0.3936936855316162,0.7744946298022577
4hiq_16v,0.3732607066631317,2.9173886952454846,0.4312845795575414,0.9543412923812866,0.9752669889946004
4his_3mi,1.6985663175582886,2.481922542711361,0.5293607642777137,0.8005415201187134,0.9069233862855288
4hjs_18j,1.3346198797225952,4.255669011684414,,0.824999988079071,0.889650022386907
4hjt_18a,1.0934937000274658,0.14409132342282976,,0.8826530575752258,0.9039086612720911
4hju_16l,0.6551762223243713,3.1143745733662147,,0.9342532753944397,0.8928624356325349
4hsg_ktd,0.29336580634117126,1.7693322727354837,0.33302263961230893,0.8167779445648193,0.9960487219880549
4i1r_lzu,0.8127953410148621,4.044028150468778,0.5028466217623123,0.8093324899673462,0.9171622907428835
4i4f_1br,12.377165794372559,4.632276402493106,0.5114983490718374,0.15556319057941437,0.7487133286654664
4i85_h50,2.361356496810913,3.435580812211248,,0.7058359384536743,0.8619946903072496
4i87_h50,2.1787126064300537,2.1965829422865,,0.7311912178993225,0.8639321538378144
4i89_1fl,5.872344970703125,3.961243852954965,,0.2862595319747925,0.943710382990446
4iiz_lur,2.265209674835205,4.140426026753702,0.32010037285636833,0.5625,0.8328672566250551
4ik6_lur,2.3057940006256104,4.154023976081738,0.28786380624142766,0.6094771027565002,0.8328672566250551
4ik7_imn,1.4604086875915527,2.1953039473193865,,0.8694517016410828,0.917110199679365
4iki_imn,1.7074512243270874,2.1987707447498304,,0.817694365978241,0.9174914826529943
4ikj_suz,3.602968454360962,2.887576670194685,,0.45864662528038025,0.9126553024011252
4ikk_suz,3.4430410861968994,3.589803502432601,0.47124095220950246,0.44460228085517883,0.9139310491894562
4ikl_suz,3.6057252883911133,3.1480304279359337,0.5673145870899808,0.4416666626930237,0.9137494310859043
4ip7_fbp,4.420649624201639,3.49698253727306,0.5366108445967154,,0.9286208364422546
4ise_1fw,2.3162639141082764,10.294607300277772,0.36404901195525396,0.5297374725341797,0.8994499932820664
4isf_1fx,2.313598871231079,9.890659132061302,0.3572164320596084,0.6257990598678589,0.8532484961551294
4isg_1fy,2.6593034267425537,9.88624399665026,0.3891651065914053,0.5360753536224365,0.9294346177051158
4iwv_1j9,0.48390334844589233,3.0647112643464403,0.21247909074049148,0.8061357736587524,0.9370843172202907
4ixc_1jd,0.6125934720039368,3.330275990616248,0.22630556193267767,0.8755655884742737,0.9061666827827292
4ixd_1hv,3.6975600719451904,5.235855655320893,0.3583668086855021,0.4131116569042206,0.7746063996875349
4jvg_b96,0.4923720061779022,4.314319238650944,0.4643966885585522,0.922535240650177,1.0719409024823738
4k5y_1q5,0.4833991825580597,4.1694103541689165,0.5584134130475296,0.925000011920929,0.983041262190729
4ky2_1w3,2.559523105621338,2.4038274321913624,0.5367581402682232,0.7174744606018066,0.9652392932365804
4l1s_1w4,2.9085326194763184,2.1924008235731023,0.5548812806872296,0.7620481848716736,0.8973673757198746
4l1t_1wz,3.1135740280151367,3.0265403911244193,0.3489727433526527,0.7437151074409485,0.9375647116568457
4l3q_926,0.5853718519210815,3.808885648172612,0.20969268353350554,0.8134973645210266,0.9452900390336422
4leg_1xf,4.159943580627441,2.2622700673882075,0.30550377815015006,0.3687872886657715,0.8253518632406005
4lmn_eui,0.824906051158905,3.4868777694481268,0.5143789502896691,0.7920311093330383,1.0218913570713979
4lpg_1mv,1.8895429372787476,16.889500575315797,0.387684030319143,0.8540433645248413,0.8193519360726647
4lph_yl3,0.8889836072921753,15.830902091626593,0.36248072953747357,0.9315544962882996,0.9640752204554612
4luc_20g,14.350074528633973,4.298113152477293,0.235688052816264,,0.759870288251997
4lv6_20h,14.171172010734365,4.216592660679693,0.2238412164661276,,0.8162922938989371
4lyj_21f,18.24676513671875,4.605502657024776,0.2165468704327054,0.04773206636309624,0.8388433898828132
4m0y_m0y,3.9022281169891357,3.5218281026337186,0.6222721017924471,0.4236453175544739,0.8244378462114345
4m14_qws,2.9715733528137207,4.208059270869138,0.5540766872062064,0.5709054470062256,0.7771909522235276
4m15_qws,15.559679985046387,3.4266250177933517,0.5663005391998547,0.04148860275745392,0.7928264662481381
4m22_22c,17.259889602661133,2.8165706556966064,0.4060123006912625,0.038860104978084564,0.7409210406643703
4mas_pcq,0.24070626497268677,2.80466676003411,0.33487681312264617,0.9573863744735718,0.8740321126584832
4mdk_u94,0.4096204340457916,4.0505282642959815,0.4715026745454499,0.8957286477088928,0.9986768247462507
4mjo_2c1,0.3936341106891632,0.16701940742784238,0.8262886828424012,0.8828606605529785,0.972320613172607
4mle_vo1,0.5895430445671082,3.845177803166616,0.5352378279156234,0.8666912913322449,0.8713636887818278
4mlh_vo2,1.8221389055252075,3.3945976482170206,0.5143686068325417,0.6864211559295654,0.8968641495411028
4mne_573,0.451612263917923,5.452738304802767,0.5631597477349259,0.8913294672966003,1.0292302581947423
4mqt_2cu,1.0097135305404663,3.9979387642839574,0.369063341489788,0.8316733241081238,0.9552598180741587
4mz7_dgt,1.147154450416565,3.772368352583626,0.34589376347256584,0.43091055750846863,0.7909796901983335
4n5d_2fq,2.101081132888794,2.554112731546313,0.25458386440563335,0.4227527976036072,0.713873909293814
4n6g_2gq,6.338230133056641,4.481253984081844,0.43420131023193176,0.20901639759540558,0.6423630503956574
4n7j_2gq,5.218099594116211,2.9925363442943334,0.4690525632377599,0.253436416387558,0.6378482620156748
4n7m_2gq,5.371318817138672,3.0291261777934357,0.5051257813270826,0.2405589073896408,0.6378482620156748
4n86_gbj,1.0844687223434448,0.4085975225722155,,0.8271954655647278,0.8840600077882254
4n87_gbj,0.9478359222412109,0.4058892120323559,,0.8071428537368774,0.8840600077882254
4nbk_2j5,5.549680709838867,3.9390528559999796,0.5036648975302277,0.31521740555763245,0.5493990912299124
4nbl_2j6,0.9068142771720886,3.149823757558447,0.4484906829521498,0.6239466071128845,0.6480992361984299
4nbn_2j7,2.4866185188293457,3.5892911307302535,0.3924062174789238,0.40778687596321106,0.8894899054913382
4ni0_2p3,13.14309310913086,2.947738705477422,0.38120322089956593,0.07754010707139969,0.807605971839598
4no7_2n8,0.48905372619628906,8.891821033324712,0.3871102134398268,0.8986338973045349,0.9491702208448554
4oya_1ve,1.8809683181260635,3.4526083485874057,0.6023416724102114,,0.9068921233493664
4oyb_1vj,1.3371291884730976,3.3890079974748644,0.6200487164821907,,0.7419360825790513
4oyi_1vk,0.7726565158698091,3.0664130763758304,0.6417959719332551,,0.7780275021811353
4oym_1zc,0.7328985272748405,3.121456026166599,0.6320057251964183,,0.8459282644632276
4oyo_1wc,0.9073912322671996,2.7512949033035796,0.3464452877540945,,0.7616759501226643
4oyp_bz2,1.2718689382450592,3.1415840917543267,0.5685177910299409,,0.6345379300223039
4oyz_bct,0.5182600617408752,2.0328875017971697,0.5427699678876616,0.8579235076904297,0.6903939021427853
4oz2_1z6,2.854632616043091,2.1962180011526717,0.5324639540909684,0.4645593762397766,0.7107956095858837
4oz3_1z8,1.0311130096209418,3.0743060245108715,0.6276026356289485,,0.819535416932514
4pa0_2ow,8.870634078979492,1.313720360551112,0.6615659683762413,0.13634847104549408,0.608079716632747
4pcu_sam,0.38677823543548584,3.71322236058712,0.5037552735398839,0.8885327577590942,0.8752375459192869
4ple_cps,3.2089312076568604,6.234382093369606,,0.34112709760665894,0.8875200717261431
4qfx_dgt,1.0884464979171753,2.864927348228352,0.3190904892532797,0.42828842997550964,0.7916594520480619
4qfy_dgt,1.137168288230896,1.480977853816505,0.23645326419108903,0.43588709831237793,0.7909796901983335
4qfz_dgt,1.1538175344467163,1.4917339990168914,0.23822298455030277,0.43648868799209595,0.7938947654076328
4qg0_dgt,1.1391961574554443,2.881305244406076,,0.4297889471054077,0.7909103837293598
4qg2_gtp,0.913378894329071,2.421197458771464,0.3532834169112482,0.4176045060157776,0.7286224624733993
4qg4_gtp,0.9557636380195618,2.4408679298798504,0.3951488968677183,0.40381619334220886,0.7273737311455705
4qpl_v3l,11.990600000264653,6.058145064802181,,0.0,0.8204939259283088
4qqn_3bq,0.7988911867141724,3.089167494833898,0.35878706150731776,0.8152350187301636,0.998744953471205
4qxs_wc1,2.084359645843506,18.675590920615317,0.47522608622512713,0.704912543296814,0.9535406355197491
4rer_bcd,15.717026698439291,3.1826747025871467,0.27670889313323804,,0.8253972299352842
4rew_amp,0.6240373849868774,3.353897558662431,0.5837149070976897,0.8624807596206665,0.9685869908098967
4rom_3u8,17.87753180097436,5.120330668861449,0.43983603319905507,0.010091743431985378,0.5805077972034112
4rqk_r1s,0.8007791042327881,3.69556942649617,0.49336311625691104,0.8866972327232361,0.9109858014090454
4rqv_r2s,0.4384939670562744,2.644197481241307,0.4533201253795009,0.9370335936546326,0.9268488251375231
4rt7_p30,0.5423750877380371,4.775155248188131,0.4373059214704968,0.9592165946960449,0.9642436790968243
4rxa_3f2,4.137385368347168,4.28960523262711,0.27548906328114786,0.41535434126853943,0.7359046840279164
4rxo_gtp,1.2166523933410645,2.722666860636194,,0.42891761660575867,0.7271332044168317
4rxp_gtp,0.9315740466117859,1.7257078210316568,0.38162152947184974,0.4046677350997925,0.728965490234025
4rxq_gtp,0.9499905705451965,1.8276792104487831,0.3873628455853157,0.4042879045009613,0.7264936955689618
4rxr_gtp,0.9307160973548889,1.7062389512594367,0.36453796471541877,0.4075077474117279,0.7291316828349456
4rxs_gtp,0.9591800570487976,1.8194044490992969,0.4005014123353955,0.40467074513435364,0.7271332044168317
4ryl_3zg,0.25834760069847107,6.027623877673233,,0.8318106532096863,1.019720507450924
4tnp_dcp,0.3876599073410034,2.683239086769551,,0.935371994972229,0.8755899930503379
4tnq_ttp,0.5915075540542603,1.7817429305387467,0.4007303192942774,0.8905860185623169,0.8862541833709416
4tnr_dtp,0.6319246292114258,5.139707690555162,0.46101758760037437,0.9028716087341309,0.8900834358641257
4tnx_dgt,8.83001708984375,4.3084338931467645,0.3572807253416903,0.06426332145929337,0.7890934696118933
4tpt_35h,4.091916084289551,4.613795728912905,0.563358452688209,0.504769504070282,0.7644288220922987
4tpw_33r,17.258400107041812,3.19469723379779,0.3140417774899871,,0.8249299582372325
4umx_vvs,12.529976844787598,2.3042854912032715,0.4761806305053831,0.0,0.6637433711637495
4usw_act,,,,,0.7095373211748512
4uuu_sam,0.22159630060195923,3.3541626531993907,0.5274983692486237,0.9105409383773804,0.8754531639168338
4wo5_324,0.5067874193191528,4.465029361888907,0.5405981890596233,0.914928674697876,1.0728417319941181
4wv7_3um,5.717513084411621,3.3272984713616283,0.37362896999785783,0.32969924807548523,0.379583384623319
4xx9_rf4,0.4655589461326599,3.996468386226806,0.25072623135846017,0.9375,0.9915493703692452
4xz2_fbp,1.8962128872715844,3.042624412083478,0.6002420555238158,,0.7374120051522739
4ypq_4f1,9.336614608764648,4.377414330954873,0.5246730756756184,0.12311557680368423,0.9034550493373557
4z07_pcg,0.20776891708374023,3.0358384262977274,0.5274419302749821,0.9698275923728943,0.8314645134558233
4zht_ncc,17.300657272338867,3.650131205488719,0.5320495305795264,0.025313282385468483,0.6084522463773688
4zji_4oq,1.0653843879699707,3.4232092447593256,0.6192737487335664,0.8553191423416138,1.0841416266014143
4zjj_4or,0.2394530177116394,4.00296337103676,0.5151612548651427,0.9190000295639038,1.0895618097064272
4zlo_4pv,0.34687891602516174,3.475112347141682,0.6754430268175488,0.8746019005775452,1.0562316839145047
4zsg_4qx,3.6262720271221998,4.18986546633541,0.4752412783405519,,0.9505890119256236
4zsj_4r0,5.502182764651782,5.158791120453257,0.4660309737652294,,0.9997211372090106
4zsl_4qz,1.6788207292556763,3.8577050295328057,0.4149986275090927,0.5687711238861084,0.9639343697430874
5ack_svq,1.611994981765747,2.58965373040929,0.4014600977590807,0.8280318379402161,0.988362064306894
5afj_42r,9.26246452331543,4.864109640128498,0.38264437694047276,0.13065843284130096,0.6181992646851059
5afk_5vu,13.601133346557617,2.813967614878584,0.4045162499832492,0.007371794898062944,0.5769311811921572
5afl_fhv,18.025972366333008,2.4786709794048902,0.5457006565469315,0.0077893175184726715,0.673210237302268
5afn_ojd,16.11756706237793,4.0581038578431645,,0.016847826540470123,0.6906258879257067
5ao0_dg3,0.9535816311836243,2.849291960890203,,0.44699811935424805,0.7924867588329967
5ao1_dg3,1.1091582775115967,5.120376229957179,,0.4498191773891449,0.7998834756852249
5ao2_dgt,0.9447863698005676,3.3797504165225636,0.3859989106416267,0.46718481183052063,0.8006169962281093
5ao3_gtp,1.1042108535766602,2.856511756028306,0.42165741965385667,0.44597989320755005,0.7286255716912645
5ao4_gtp,1.325756549835205,5.759514037300141,0.263621913158958,0.47495606541633606,0.7343841459677372
5btr_stl,13.808465003967285,3.54813328493516,0.4373932692765585,0.0695386677980423,0.9808378549287566
5c4o_4f1,9.152973175048828,4.817273087928237,0.62380976524144,0.1280336081981659,0.9032946084715405
5c4s_4y5,10.943004608154297,3.933722368671366,0.6507470414455439,0.08422459661960602,0.7615201154987399
5c4t_4y6,11.350362777709961,4.553870825856169,0.5862996708216092,0.08157418668270111,0.7273386485372647
5c4u_4y7,11.063310623168945,4.025038004303005,0.5588228382114188,0.08223289251327515,0.700610255571376
5cgc_51d,0.3744983971118927,3.4274689253059836,0.5888115161781692,0.9887531995773315,1.0673194836172124
5cgd_51e,0.1976742297410965,3.287877353972201,0.5929331505823705,0.9960414171218872,1.0685504413838345
5d0r_b1t,0.805820882320404,0.49640490572230866,0.9275124267979062,0.7932624220848083,0.7791349098954501
5d41_57n,6.770797252655029,3.818242519704944,0.5640360919648457,0.2219163030385971,0.769313567635787
5de1_59d,16.727354049682617,4.328452943076341,0.20463722248472685,0.001579279894940555,0.6462066643081303
5dgm_59z,0.34833475947380066,3.3364190958995135,0.5028812804727663,0.8676470518112183,0.9943166528478607
5dgn_59y,0.687706470489502,3.499373975847669,0.4376579359589469,0.9182027578353882,1.0028901602261404
5di7_5cq,0.27844709157943726,2.2812616867924014,0.5388747849705485,0.99560546875,1.10952681934401
5did_5ck,1.4157639741897583,2.9524307385187187,0.6094971869228349,0.8345015645027161,1.0944115519963107
5die_5cj,1.5884298086166382,2.48766525196678,0.7614940329987816,0.7992857098579407,1.1124456059657406
5dig_5ce,0.26706939935684204,2.2658024401909187,0.5433010505133932,0.9790640473365784,1.1098747639125017
5diq_5b9,0.5748501420021057,0.14027731576066732,,0.8412052392959595,1.0169830481573687
5djp_5bj,0.45529836416244507,3.278141026461002,0.37357841893914406,0.8704319000244141,1.011364584157964
5djr_5bk,0.6400557160377502,2.0283440504390944,0.549605204733527,0.8616299033164978,0.9960644862948984
5djv_5bl,0.6584812998771667,3.8640009805530697,0.4797285869827661,0.903598964214325,1.012719842196312
5dk9_5cc,0.7635141015052795,3.8906995794625248,0.5125596771421986,0.8809788823127747,1.1072652658892752
5dkb_5c9,0.7418578863143921,3.942870112053684,0.6140198957451298,0.9100591540336609,1.1073625335653765
5dke_5c8,0.8057188391685486,5.051724752337916,0.5793827168863946,0.9348503947257996,1.105431386953916
5dkg_5c7,0.6501204967498779,3.25092302365613,0.7301357449614683,0.9585006833076477,1.1115707711777196
5dks_5c6,1.052361011505127,3.9847117060242407,0.6271044815994331,0.8514344096183777,1.079575314108068
5dl4_5c4,0.829860508441925,4.797029085146576,0.5553721396787569,0.9374279379844666,1.1149550864440207
5dlr_5dj,0.9277445077896118,3.2421814048693904,0.6054415690705128,0.9311263561248779,1.050025060058619
5dmc_5dh,0.8017401099205017,1.8847317601558218,0.8142117500983567,0.9393712282180786,1.110594052669664
5dmf_5dg,0.7273415327072144,3.386983464083862,0.6796343337950563,0.9338235259056091,1.1159217330717706
5dos_5dn,0.6473367214202881,0.11851429361621849,,0.8722527623176575,0.9983671974508719
5dou_nlg,0.9358636140823364,2.53175625184624,0.16076189072872968,0.7700892686843872,0.8877074060417655
5dp0_5es,0.9720495343208313,4.22657646377751,0.5865654063842688,0.9002333879470825,1.0921249122137793
5dpv_5dn,0.7485840320587158,2.2011033236184434,0.49872811856056615,0.8574600219726562,1.0092806815577766
5dr2_5e1,0.37551963329315186,0.1723101613151134,,0.9054182767868042,0.8677226243347043
5dr6_5e1,0.3162008225917816,2.7572341157071785,0.3611547084980293,0.8128742575645447,0.878567367418052
5dr9_5e2,0.48542457818984985,2.7532244203741953,0.36511175923188915,0.8272552490234375,0.8671933932536113
5drj_5eu,2.402432441711426,3.541697009898394,0.6912877337880968,0.6920849680900574,0.9715182370643384
5drm_5et,1.0056202411651611,3.8472847385930855,0.5746650384399609,0.8474441170692444,0.994674909977944
5dsg_p6g,5.718785762786865,3.3747574862818253,0.47266607390159526,0.38303694128990173,0.9805650038231343
5dt4_5dn,0.8641526103019714,2.392746839482936,0.6647105519281494,0.8505586385726929,1.0085683796394707
5dtv_5fs,0.20847874879837036,1.7428609785990725,0.9326758642731159,0.9718196392059326,1.0672183434495959
5du5_5g2,0.17488114535808563,2.690950328984519,0.6731853414233906,0.9769417643547058,1.087567020513434
5due_5fy,0.725794792175293,3.4207414954071345,0.6004202923782905,0.9326018691062927,1.1155162786796853
5dug_5fv,0.8608662486076355,3.4609293062486643,0.560558425006349,0.928267776966095,1.1141038933675886
5duh_5ft,0.6143834590911865,3.6675119372197136,0.6436836796290044,0.91744065284729,1.1109576776377765
5dvs_5g7,1.1887468099594116,1.2243338227270286,0.8908603221537257,0.9407294988632202,1.1185718603656714
5dvv_5g6,1.1965022087097168,2.1055761970357465,0.6229003881404718,0.9177265763282776,1.0920833302891044
5dwe_5g5,1.2209396362304688,1.2027312530384486,0.8919200862956012,0.9426847696304321,1.110600412123831
5dwg_5g4,0.30529868602752686,4.1184750353209285,0.4861831981554035,0.9576642513275146,1.117203444296366
5dwi_5g3,0.70313960313797,1.8670347244376861,0.8375278009432899,0.9499279260635376,1.1204448342054716
5dwj_5j2,0.2670239806175232,2.591654983055381,0.6166034480564957,0.9503623247146606,1.0970864246178547
5dxk_5j1,1.2038402557373047,3.332185470526732,0.5605307518280505,0.9215384721755981,1.0871665414893839
5dxm_5j0,0.26057714223861694,3.818574979987467,0.5960076158798614,0.9501620531082153,1.0899781437485672
5dxp_5hx,0.23361989855766296,3.3625965476712163,0.6603130831477352,0.945258617401123,1.1141725230949087
5dxq_5hz,1.2216010093688965,3.5424635988895483,0.5919211710634803,0.9187697172164917,1.0578782883438291
5dxr_5hw,1.1679925918579102,3.274006941808817,0.6359299455393842,0.9149277806282043,1.0908111491769164
5dy8_5k4,1.475614309310913,3.8496359175746835,0.5253339723657748,0.8822188377380371,1.0917525288662946
5dyb_5k2,1.7412766218185425,4.86595962715912,0.5825476133146062,0.7737361192703247,1.0887360830850348
5dyd_5k1,0.904533326625824,5.204421506891818,0.500583232679823,0.9058296084403992,1.0994923250852577
5dz0_5k0,1.6655164957046509,4.995598243048212,0.5919725993844916,0.908723771572113,1.0705024114542687
5dz1_5jy,1.4278606176376343,3.6715254052496378,0.6861913417313126,0.9107692241668701,1.0461910787451048
5dz3_5jx,1.6392974853515625,4.638334999201943,0.609540733284377,0.9038753509521484,1.0715292382668777
5dzh_5kg,0.8250381350517273,3.4956252872598386,0.5617211688837069,0.8652204871177673,1.0487012653552594
5dzi_5kf,1.339043378829956,3.1051900433671102,0.7166308716506675,0.9474852085113525,1.1030424553798353
5e0w_5ke,7.054958343505859,3.604571825170393,0.6210262835406,0.25332289934158325,1.0311885043635352
5e0x_5kd,0.8812031149864197,3.85583387923957,0.588586083927463,0.8758561611175537,1.0756848455052082
5e14_5kb,0.7054204940795898,4.2530347409758935,0.5881869881826741,0.9154974222183228,1.0912438430254467
5e15_5ka,1.6492401361465454,2.7524092206134347,0.5684997929607261,0.8753882050514221,1.050109721680084
5e19_5k7,0.7248541116714478,3.295995560672619,0.6138948753756129,0.931174099445343,1.0553660150140787
5e1c_5k8,0.7902597784996033,4.395756790202187,0.6111485647173271,0.8774230480194092,1.0724888230145149
5e29_rq3,19.898014068603516,4.934651770299336,0.43584453399827705,0.02857142873108387,0.7825564599780789
5e84_atp,0.37461182475090027,3.8524015921647456,0.4884856679631421,0.9626865386962891,0.9714385931932035
5ehj_5k5,0.8207848072052002,3.706762728933171,0.68591380949036,0.9165462255477905,1.0393628833928552
5ehp_5oa,4.306884765625,5.857665536460736,0.5648570818849843,0.6032082438468933,0.8519674427821792
5ehr_5od,5.450110912322998,6.043927181401731,0.5497285523001889,0.5680473446846008,0.9034510886112367
5et6_amp,0.2340449094772339,3.29570108322369,0.47707734497797194,0.9764227867126465,0.9674582277771415
5et8_f6p,0.946506336603049,3.0936409705492465,0.5216310263082925,,0.9600654155238073
5f2e_5ut,15.128190040588379,4.306987220888596,0.26003382379386647,0.020400308072566986,0.7040138848759778
5f6w_5vl,0.35201495885849,3.1931957659799663,0.6117223963232847,0.984649121761322,0.817416573339009
5f6y_5vm,0.3675421178340912,3.224223855408286,0.6155263337986395,0.9634387493133545,0.8723778757353611
5fm2_pp1,0.6365678310394287,2.8881062987616373,0.6734362676223007,0.9318591952323914,0.9537992158293015
5fm3_pp1,0.6721846461296082,3.2845440319285286,0.5643832660664629,0.9151943325996399,0.9419390090042987
5gsa_73k,0.22129251062870026,0.1834947302362957,,0.984331488609314,1.0295845281072118
5h08_7wl,0.35932597517967224,4.383475740098659,0.5464712647158847,0.9069587588310242,1.1547852701570007
5h13_lqa,0.34271806478500366,3.774401881742365,0.4971690454381986,0.9400936961174011,1.020541335017667
5h14_lqb,3.0047364234924316,0.5556336237681562,0.4808004505337755,0.6010882258415222,1.0032809280532002
5h15_lqd,0.6109004020690918,1.2847325759309756,0.5589011898168013,0.9292649030685425,1.0339277786183791
5h17_lqe,0.38733425736427307,3.4476698891740916,0.5674425102784295,0.9715477824211121,1.0243878292423922
5h19_lqf,0.6460521817207336,3.048307682850725,0.4810206686966244,0.9284877181053162,1.024597495722419
5h25_lqh,2.5722038745880127,0.23873611316786086,,0.6190476417541504,0.7865531809751829
5h3q_7hf,1.4955170154571533,4.850874235629211,0.5567544694581703,0.6357039213180542,0.9384941483895074
5h8h_5yc,16.834033966064453,4.330455165739858,0.5659712114160225,0.0021501171868294477,0.9855956243376908
5htb_6l5,0.5252550840377808,2.554574591596951,0.8594130022205005,0.7968155741691589,1.1488139159780644
5htc_66m,0.8792449235916138,3.355267114182792,0.6834289101207706,0.7902992367744446,1.1518362817117886
5i2c_arg,0.169134259223938,2.3323497584027586,0.576695838492176,0.9984878897666931,0.9769092403245875
5i2k_67h,0.3898526132106781,3.7633438986645853,0.522753752982821,0.5346109867095947,1.0705705685334377
5i2n_67j,0.8261656761169434,4.161551703030372,0.42766403899916194,0.5804628729820251,1.064735112809305
5i73_68p,1.3601117134094238,4.719715778352589,0.5695230406967361,0.7838002443313599,0.9505704831226494
5i75_69d,12.378499984741211,3.3270822862707847,0.6045564982455691,0.03357817232608795,0.9403412886614282
5ikp_amp,1.6200518608093262,1.6870511400611086,0.4935476621907961,0.5889748334884644,0.8067148329996037
5in4_6ck,16.0645809173584,4.272360503687784,0.5481436665567422,0.014225631020963192,0.9601677276036318
5iv3_lri,0.4030233323574066,0.4605048948605797,0.9520883139705941,0.8810043931007385,0.9307397850231048
5iv4_lri,0.6315827369689941,0.5358718432550582,0.9469440141469705,0.8720930218696594,0.9307397850231048
5j94_1xf,3.2795584201812744,2.6908869114311766,0.4939386361777473,0.5155529975891113,0.8264600063089447
5ja0_fpp,14.52701473236084,18.29905394675126,0.394620170842168,0.12005887180566788,1.0042375998221356
5ja7_6hm,1.5732241868972778,1.6745513219977273,0.27846853909650926,0.7701492309570312,0.8430181223547688
5juz_yl4,0.5315216183662415,15.702433390433352,0.28025054428631685,0.9377177953720093,0.9136190258109724
5jv0_yl5,1.408880352973938,19.39612314155048,0.468759754522966,0.8386581540107727,0.9199895508413212
5jv1_yl6,3.4418437480926514,3.1751886744405597,0.47253645056602506,0.5944905281066895,0.9421846239618936
5jv2_6o3,0.3262050151824951,2.2480910141802912,,0.8611111044883728,1.0154565191683336
5jyo_63j,9.059290885925293,2.1732611221222555,0.3798261372151696,0.2099737524986267,0.8904867792811757
5jyp_zbs,4.414844989776611,3.1005265727592377,0.28874988899316095,0.4335378408432007,0.9052716586985945
5k11_ndp,1.2741801738739014,3.760512179332211,0.3302811036481686,0.7745259404182434,0.9385604244573973
5kcv_6s1,1.8393337726593018,3.3835249140219203,0.6139347554463706,0.7347958087921143,1.0053888062658003
5kkn_6u3,0.6381247639656067,3.5444739212168996,0.5822416896260552,0.8976833820343018,0.9196216044127946
5ksi_s1p,16.2496395111084,3.1776517701825204,0.4101470538600501,0.14954596757888794,0.7260043688955908
5ksx_7am,1.0869134664535522,16.122897540854176,0.49404857212118436,0.777095377445221,0.9231982987691695
5kw2_6xq,0.5802314877510071,14.540353879608425,0.2674332978784089,0.9185982346534729,0.8888474933095103
5l57_6n3,19.772613525390625,3.9017550006951653,0.4410497928230516,0.0,0.6731820787337239
5l58_6mx,19.010906219482422,4.137883508576681,0.38445904483905285,0.0,0.6805025069596485
5l7i_vis,1.7974679470062256,4.541983042039328,0.5738268677768515,0.6970198750495911,0.9032808741994398
5lge_6vn,7.59738302230835,2.65632179879397,0.4424294030875706,0.14320822060108185,0.7552107403027947
5llm_6z6,9.653518676757812,14.33002734085547,0.46295020334066317,0.07584014534950256,0.9592997709532834
5lm4_6z6,9.81013011932373,2.974153096997493,0.39385883706185926,0.06443798542022705,0.9562716379054508
5lua_5kn,14.25235652923584,3.6911317150075953,0.476187647197142,0.01466380525380373,0.8110889540682673
5lub_3y7,11.541521072387695,3.486523015468626,0.39376981461273863,0.05797586962580681,0.8240365640168362
5lvl_537,0.09653250128030777,3.546813642120501,0.2239505719198263,0.9911642670631409,1.019048317266023
5lvo_78w,0.3994012475013733,3.6389115781841257,0.3554426272640314,0.978804349899292,0.9950772967658149
5lvx_79b,9.421605110168457,2.518340756142097,,0.4355873763561249,0.828867895659214
5lwe_79k,0.408861368894577,3.6900191930944057,0.5248118304070035,0.9501616358757019,1.0026113130943006
5lwp_79u,11.295184135437012,4.584990551566248,0.5285628962230939,0.06384743005037308,0.8255025347912043
5lyq_7be,0.27913814783096313,4.08856370075651,0.5374358383302805,0.9581958055496216,1.0466134274443786
5mju_6z6,9.701181411743164,14.29048291366717,0.39699676615743074,0.07289762049913406,0.9578076484530572
5mo4_ay7,1.2293497323989868,2.204853561864165,0.9159091789099304,0.8453608155250549,1.1073077601507018
5mrd_s26,1.2340905666351318,2.3643846488205003,0.3598095662497036,0.7149298787117004,0.8662813136463929
5n9r_8rn,0.1506490558385849,2.624359214039488,0.5950135552188835,0.9668674468994141,0.9239031453108048
5n9t_8qq,0.23436319828033447,3.396220306256406,0.5368805183551414,0.9644898176193237,0.9170509749266705
5ngz_2bg,0.5422359704971313,0.160118938284846,0.9708968551318391,0.9023876190185547,0.722679645729271
5o2d_9hh,11.805407524108887,3.4603863005617255,0.5213583316811053,0.12477954477071762,0.37725965830620517
5obj_9qk,5.790647506713867,3.0520569963963244,0.3926216258650636,0.31070494651794434,0.7699393476716005
5obr_9qt,0.6484046578407288,2.8254558173407047,0.4189256790736559,0.8435852527618408,0.868425617581362
5opk_dtp,2.522792339324951,4.287094404814838,0.362989445654599,0.71257483959198,0.8652705926758117
5opm_dtp,2.471971035003662,3.9407892323728455,0.3638130247587599,0.7090559005737305,0.8644903456270674
5orl_a4w,18.301101684570312,4.020064109727604,0.44144461386428135,0.0,0.6907103107651023
5orn_a5e,15.302453994750977,3.2596370889080637,0.5248370255425944,0.007054673507809639,0.995315188062862
5oro_a5h,17.45847511291504,2.994309611252929,0.37997052490793287,0.002850162796676159,1.0119972532730908
5orr_a5q,19.830581665039062,3.9422523848448257,0.4209424202364806,0.0,0.9244720005987614
5ors_a5w,6.733613967895508,4.910799903871124,,0.24412629008293152,0.8376873429293046
5ort_a5z,19.08591079711914,5.174472512389028,0.509280872517809,0.0011467889416962862,0.8491578696798088
5orv_a65,19.268415451049805,4.071441869849565,0.4874464026318308,0.0,0.7575419699439314
5orw_a6e,1.9110996723175049,3.756116788074587,0.4143509169766239,0.6685566902160645,0.8299096653028188
5orx_a6h,18.791719436645508,4.3954254894734115,0.3816693383337689,0.0006944444612599909,0.8318741366440285
5orz_a6w,0.7082410454750061,3.01883603609145,0.4504141502399101,0.8450363278388977,0.8141118339668215
5os3_a7n,19.84486961364746,2.7954066631999877,,0.0,0.7624100466513954
5os5_a8k,18.386938095092773,3.8394148605230596,0.49088329717722773,0.0003628447011578828,0.8822417993809374
5os6_a7q,19.09259796142578,4.1517857967879666,0.4337020529443385,0.00037764350418001413,0.8020653812219605
5osd_a9b,17.550649642944336,4.7503265391742735,0.3268419530804059,0.0022354694083333015,0.8395053636417719
5ose_a98,16.99361801147461,4.003465462739934,0.3112882588158981,0.007908611558377743,1.0041640547297146
5pzr_93s,0.9704703688621521,0.28631021247919597,0.6481043757586316,0.49015411734580994,0.7556774363190539
5pzs_93y,1.4021718502044678,0.18679278138669272,0.6540113984367539,0.501329779624939,0.77002220685851
5pzt_947,0.3035794496536255,2.703083934474581,0.5996575291746733,0.9073140025138855,0.9784748794594093
5pzu_94d,0.649957537651062,2.8221328982612577,0.47757640213520874,0.9125000238418579,0.9557116920280122
5pzv_94g,0.41443198919296265,2.7584752729730684,0.6132230460337325,0.8899082541465759,0.9653409444010673
5pzw_94j,1.3664848804473877,4.249919818048284,0.41301809654852517,0.5171635150909424,0.8241659904197206
5pzx_94s,0.49642327427864075,3.619130552249444,0.5328789709483445,0.9046833515167236,0.9841905743205999
5pzy_94v,0.30368879437446594,3.0926255137110905,0.6434984484880695,0.9120879173278809,0.9870035468083556
5pzz_94y,0.29727205634117126,2.979410677845636,0.6379554143017061,0.914917528629303,0.9811662113432947
5q00_95d,0.48366981744766235,4.08376572206895,0.5504531992820907,0.9007353186607361,0.9880573243683405
5q01_95g,0.2943982481956482,3.2301422748316644,0.5898486554933627,0.91697758436203,0.9803969521583291
5q02_95j,0.3952150344848633,3.2996042331434734,0.41437543410842265,0.9072524309158325,0.9804630640978249
5q03_95m,1.0033388137817383,3.4051681834326883,0.5171915008921508,0.8396226167678833,0.969722178214278
5q04_95p,0.38884228467941284,2.923102395542933,0.6056167111511493,0.9106582999229431,0.9786287822353489
5q05_95s,0.41560468077659607,2.787939663804072,0.5852948645958435,0.9081560373306274,0.9852542919902282
5q06_95v,0.3540440499782562,3.2854288920818275,0.41335103508983617,0.9139240384101868,0.9659437523088632
5q07_95y,0.48660778999328613,4.198638208184843,0.4125878448233887,0.8458231091499329,0.9807784922204005
5q08_967,0.3298499882221222,2.7893254400023832,0.6209614074527875,0.9120029211044312,0.9866434728471072
5q09_96a,0.3294462561607361,3.352479356067315,0.5885675861875486,0.8690920472145081,0.9788250952274932
5q0a_96d,0.9789953231811523,3.0252519046199238,0.6392803070757282,0.8503124713897705,0.9776272861120585
5q0b_96j,0.3833006024360657,3.3794181655414284,0.5797758543938667,0.9167950749397278,0.9776058385565671
5qdf_awg,1.1920766934140794,0.1979911067822793,0.9059387212438407,,0.6464997298731063
5qgf_f8d,2.0739253496184373,0.2808673423255483,0.70124411304637,,0.7873507782701178
5svf_70p,17.146270751953125,4.12709902843768,0.5271931147910869,0.0023946359287947416,0.595924269772288
5sw8_fb1,4.605369567871094,4.605389407966041,0.25373332012027083,0.3543689250946045,0.6894799726200338
5swg_ax7,19.754568099975586,3.022637124687571,0.5738594849027358,0.0,0.6436911502895719
5swg_caq,2.927582128673712,3.576435372927645,0.489968509227525,0.36231884360313416,0.816451966065189
5swo_2zv,2.514055013656616,2.849335744381052,0.5233029267229057,0.2687224745750427,0.8138776621677765
5swo_70t,1.3758735656738281,3.731448682452588,0.5637877586229008,0.7242489457130432,0.5874092162520745
5swp_70v,1.7935500144958496,0.8821169540282022,0.47429249579203436,0.3270440399646759,0.7729366208254879
5swp_70w,18.375173568725586,5.252921540065336,0.4418531832026835,0.0,0.8421405312890462
5swr_sal,3.140453942114207,0.9907271148978485,0.476019429059018,0.2154017835855484,0.8118596762330441
5swt_71a,2.0717670917510986,3.7718893773879714,0.5164273682907945,0.5625,0.7999537316663288
5sx8_71m,2.5249383449554443,3.6523849796304746,0.4821306427208812,0.376086950302124,0.7747341506108993
5sx9_71l,2.8243250846862793,3.903957053942686,0.4543278842540101,0.44507575035095215,0.7769697836459257
5sxa_71n,18.793710708618164,2.587839133343531,0.33349293087334797,0.0,0.6082106791213828
5sxb_soa,2.8632466793060303,5.165593995570019,0.3412053768881551,0.37867647409439087,0.7463718375839905
5sxc_urf,4.069946765899658,2.600588828903893,0.4402963992726147,0.3764044940471649,0.8089423554010471
5sxd_71f,3.3949475288391113,3.5317117931194235,0.5515601935153753,0.23636363446712494,0.7419280155050416
5sxe_71g,3.110215902328491,5.264510174657939,0.3922827197558799,0.36305731534957886,0.7353480028756004
5sxi_71j,1.7744640111923218,5.00803091080483,0.517351324686422,0.3484252095222473,0.7969723568250717
5sxk_71k,1.9918367862701416,4.1158612403955335,0.42383635337579695,0.34913793206214905,0.7122277150421035
5t19_73u,0.5847219228744507,5.181587537111229,0.5406939539094971,0.766837477684021,1.0715842923558583
5t1a_vt5,0.4777865409851074,4.352390905008352,0.5838667707105607,0.8731883764266968,1.017453392473914
5tbm_79a,0.2590954601764679,3.904866104010246,0.5398476804735814,0.9838801026344299,1.142550719496693
5tf9_7av,1.9296449422836304,3.8096625211207935,0.5558558564626689,0.6553996801376343,1.1098951766011447
5tkb_7dj,0.8122209906578064,6.211668585575993,,0.903676450252533,1.0993393009606538
5tp9_7h0,0.49576812982559204,3.7647867096566805,0.4287573661246769,0.5942668318748474,1.0739961599733485
5tqh_7j2,15.970589637756348,4.045905061356239,0.46054221682996554,0.012448979541659355,0.809563869390977
5tzr_mk6,0.6454511284828186,13.819187084011826,0.2178828592867007,0.9400568008422852,0.9401294886770334
5tzy_7os,0.6075106859207153,12.588293917848954,0.2626461746236069,0.8707157373428345,0.9144512191623074
5u3i_7sj,15.26913141251839,3.231257993815663,0.5173917842669687,,0.8136645144985643
5u5h_7vv,3.404361650430086,2.893192482200971,0.46906036353311487,,1.0331940032476412
5u5k_7vy,0.5459330081939697,3.163497591676861,0.5255753165082477,0.9457364082336426,1.0164811413200099
5u5t_7w7,0.4152842164039612,3.75937677082475,0.518823856577021,0.9778382778167725,1.0269765466786709
5u62_7wd,0.23149517178535461,2.8032943403722665,0.5534875075169973,0.9895510673522949,1.0313634762088473
5ue4_5xq,2.185042142868042,3.3830452829292335,0.42935141580015,0.6304994225502014,0.5844461067378681
5ue5_ids,12.687804553796768,2.912832264809718,0.08366498820721328,,0.7450079462494346
5ufj_86m,14.407327053240666,3.4249424527081365,0.510287728785386,,0.7393491029660484
5ugh_8aj,0.6766225099563599,5.23806697179286,0.31085963080954593,0.47276535630226135,0.9524356784890816
5uhv_gnp,0.18747879564762115,0.41805009220161576,0.9787399589185897,0.9074585437774658,0.953762787442644
5urj_8ls,0.7253322005271912,4.396799912257276,0.5351036609027431,0.8850721120834351,0.7354909091268883
5urk_8lp,0.6235018968582153,2.876551537448208,0.5030846266707325,0.8682846426963806,0.8821050101282467
5v4w_8wm,2.7504022121429443,4.059112119041293,0.3650839562879839,0.5327768921852112,0.9264827594093894
5v4x_8wj,4.507457256317139,9.634854033827995,0.3833476705655285,0.5107635855674744,0.9333033782971297
5v6u_8ym,2.9786136150360107,2.1779307271965673,0.3435606336212172,0.5220929980278015,0.9203810659586057
5v6z_8yj,2.052893877029419,3.486951391533746,0.41437300288290035,0.5736607313156128,0.924246097100958
5v9l_91d,6.4853715896606445,4.736488707609636,0.509401909512001,0.309367299079895,0.7854476500049653
5v9o_91g,18.24013328552246,4.130386191500717,0.25666687503748037,0.023639896884560585,0.7282602824854709
5var_92y,0.4510575830936432,2.8664753966405847,0.5196818029349015,0.9598501324653625,0.9799597491969353
5vdh_ivm,1.4951624870300293,2.6982219058103265,0.41349504204316784,0.4873974323272705,0.791428892438722
5vdi_ivm,1.4905537366867065,4.418096840638769,0.33103323433852605,0.46136364340782166,0.7856961022883628
5vew_97y,0.6731153130531311,3.804589208553259,0.5365904786995801,0.8507124185562134,0.8270773614902397
5vex_97v,1.7552820444107056,4.500314684196799,0.4248945246869533,0.7342840433120728,0.7776695813247797
5wdy_a6s,5.439770221710205,3.629126780089462,0.5722188444137922,0.3219987154006958,1.016252708460312
5we8_a7y,2.69405460357666,3.919800042249665,0.5983389887194066,0.5686006546020508,1.2047454524998529
5wmv_zcw,2.7448225021362305,10.952794519026117,0.5816050242553295,0.5487679839134216,0.8409702840822354
5wmx_zcw,2.8157734870910645,11.264130310849257,0.776804060851041,0.5531401038169861,0.8409702840822354
5wuk_73k,1.1466633081436157,2.9853150278855383,0.5393195137463025,0.8785621523857117,1.029487162321157
5x0i_fbp,2.8497349722947445,2.8792847325650377,0.5647761021052666,,0.9177283083705544
5x2s_pem,18.648151397705078,4.165290043543957,0.5845783403808098,0.002583979396149516,0.7516479308682283
5x2t_pem,18.430870056152344,3.842804766180007,0.5076314886294885,0.004878048785030842,0.7505697868836317
5xez_97v,1.0519652366638184,3.360520034477137,0.5064762149848716,0.8287274837493896,0.9292286635156968
5xf1_97v,1.2418142557144165,3.368554700407022,0.5075915283120706,0.8413907289505005,0.9362778236863313
5xzr_8j6,7.680197715759277,17.624081384740553,0.4384037043189314,0.2271784245967865,0.6478900310696655
5y2f_8l9,9.639564514160156,3.622494897746433,0.48227138238012346,0.1851106584072113,0.6971274781077782
5ybg_8so,5.167529106140137,4.548720728859645,0.3860780287218988,0.2703213691711426,0.5882809360511847
5yve_af9,12.514934539794922,3.7117999719714843,0.49635983010852947,0.025985663756728172,0.7945546194380424
5yvt_nai,1.0865747928619385,4.112121730025851,0.43109170047729917,0.8702354431152344,0.9310875494746215
5zc6_kbf,4.257221963349566,1.7497685587127318,0.7536071451073256,,0.8521409750657242
6aui_dtp,0.7465400099754333,4.238856079723784,0.34621098231074643,0.6520355939865112,0.7830492796666283
6b0z_c81,19.21184730529785,3.854044162129482,0.5418672061109678,0.0065747275948524475,0.6564968103231958
6bbp_gtp,0.16844189167022705,4.195660110843565,0.43442383282665287,0.9959016442298889,0.9587370529584743
6bbq_gtp,0.16829869151115417,3.2496063022630293,0.5141614122938915,0.9958971738815308,0.9585313567103301
6bhv_dqv,0.4535908102989197,3.362425655839195,0.5083444325252922,0.953930139541626,0.9715323357189826
6bky_k32,19.43062973022461,4.6281818009281475,0.4836190862457976,0.0,0.5315302988860875
6bkz_dwm,10.421743392944336,3.4192702979337177,0.41874483483242353,0.11196640878915787,0.8351744560169532
6bmr_dzv,12.254236221313477,3.6472894023759896,0.31255408500389764,0.003199658589437604,0.7107052590344557
6bmu_5od,5.448273658752441,6.947968955976219,0.5541440995925156,0.5681286454200745,0.9052366316641517
6bmu_dzv,10.963732719421387,2.177208083159354,0.32992411695944784,0.0,0.678595561823589
6bmv_dzs,17.38485336303711,1.5856162407737922,0.4948048192577112,0.5601851940155029,0.7454397303764069
6bmw_5od,5.357431411743164,6.902733526562579,0.5537024937259359,0.5874083042144775,0.9025940153559397
6bmw_dzs,17.372295379638672,4.693626353596809,0.4931207099553368,0.5655080080032349,0.7528140423909658
6bmx_dyv,12.42898941040039,3.576597736550952,0.47903653086123654,0.0,0.6326855344766905
6bmy_5od,5.424386024475098,6.680586869834546,0.5546640232314173,0.5656506419181824,0.9052366316641517
6bn5_dzj,2.455064058303833,2.879266719211394,0.5923247666422344,0.7654321193695068,0.543070318439434
6bnr_e0j,16.18370246887207,3.4709074161244042,0.507433612257987,0.019255051389336586,0.7379726203270034
6boj_e31,2.492250919342041,4.622778767333694,0.5117217966191677,0.7937415838241577,1.1168843439335403
6c98_er7,15.481914520263672,2.658219820270333,0.4477697979683325,0.0017064845887944102,0.8145623073791908
6c99_eqy,14.487882614135742,9.981992111337371,0.4780677347712765,0.006831767503172159,0.7662903471478103
6cjx_nag,9.130701033089696,7.671211318206462,,,0.34614417792171703
6cmr_5od,7.534999850947777,7.136680022775387,0.47673986970864585,,0.9047614519633189
6cms_5od,7.5889031731199585,7.017449839459657,0.4807889775116968,,0.9055987649021323
6crg_5od,5.520632743835449,6.565494530887056,0.5464359917369117,0.5563668012619019,0.9029462382029051
6d1z_fqm,4.075089931488037,3.80478881744319,0.6352633242722318,0.6458747386932373,0.7739714849685218
6duk_jbj,14.565286636352539,3.2252491103392837,0.48807609999227647,0.12389258295297623,0.7489994379628282
6dw4_hf7,0.33321717381477356,2.489017825889836,,0.9493483304977417,0.9021576396819071
6dwd_hdv,0.3529950976371765,2.804745459378454,,0.9487847089767456,0.8830068626914863
6e5g_huy,4.455315589904785,3.6693408845971343,0.61174374023729,0.3910256326198578,0.9111352607548694
6eg2_j7j,0.7405426502227783,5.198808284309009,0.43013580089954206,0.6670286655426025,1.0428803972310827
6eg3_j7g,0.8000901341438293,3.82165745689053,0.4978725146453763,0.7905797362327576,1.0108481827041165
6f7i_cw5,0.2399800717830658,4.321720607138241,0.5016399557742657,0.9697265625,0.984050665875965
6fhk_adp,0.3568744957447052,0.8274988030566119,0.9519528591083042,0.90625,0.9363551669943857
6gg4_phe,0.21133503317832947,3.2484817573492064,0.5264714183107261,0.9527027010917664,0.8533780151952306
6gg5_trp,0.3531332015991211,3.170734683343336,0.4794272730092462,0.8764415383338928,0.7845610814197875
6gg6_ser,0.8437412977218628,2.4286636749501795,0.6526158109613982,0.8764705657958984,0.7843440859969817
6h4a_fnb,0.5019119381904602,4.298437651300729,0.502423562400182,0.9071353673934937,0.9849234900492871
6h8r_fwb,0.8684384822845459,4.623145515298927,,0.8054245114326477,0.8723389985355108
6hhf_g4k,0.6288946270942688,0.5972854540586583,0.8788802533345449,0.824999988079071,0.9837457558209519
6hhg_g4t,0.3777555823326111,0.5054812266054892,0.9257760042938984,0.8851088881492615,0.9776491146342345
6hhh_g4q,0.699407160282135,0.37877183098518136,0.893456436169845,0.8329307436943054,0.9945886940614244
6hhi_g4n,1.0141725540161133,0.39108844636656614,0.9128810653541727,0.8377431631088257,0.9777044031547102
6hhj_g4h,1.4393430948257446,0.7836000575563942,0.9014673295384215,0.7595598697662354,0.9708687607108878
6hkx_gce,0.5310021638870239,0.27490618616588397,0.921498484554114,0.9226190447807312,0.9599397248505298
6hky_gce,0.5248438715934753,0.3685902958191885,0.9612620815477514,0.9322139024734497,0.9525517349315551
6hv0_guk,2.6430280208587646,3.657135103565192,0.5406140377303991,0.6105889678001404,0.9848652172918138
6hx1_gxk,2.7141826152801514,3.3553770626544765,0.49986133166380825,0.5874547362327576,0.9820894825846358
6i0o_gtp,3.6969762065259197,,0.33288721734845755,,0.7846080086268684
6i5g_ptg,6.586299896240234,3.0277719912245336,0.24615996690171713,0.24092645943164825,0.7763052214348404
6iik_iu1,0.17696528136730194,18.872548958834283,0.4747538842829258,0.9714086651802063,0.9813844322822876
6iil_a8f,0.3596724569797516,18.882863953314263,0.4624804263590355,0.9626010656356812,0.9830930082120755
6iim_a8l,0.3496816158294678,19.067785382294296,0.459257892917812,0.9583333134651184,0.9769602191192979
6iin_a8o,0.42529019713401794,3.564701577978943,0.5124543246207086,0.9224033951759338,0.9739967610723785
6imx_o4b,0.673089325428009,3.4611703255448947,0.36616398521647586,0.8573369383811951,0.833705200312515
6imy_aju,19.465362548828125,0.772059877887939,0.4768858784340874,0.0016411378746852279,0.8061092720133365
6l57_atp,1.124351978302002,3.732046672325259,0.433384744988341,0.8169642686843872,0.8997728659384748
6l57_cit,1.0761430263519287,3.057127292820202,0.47191151918855406,0.6856846213340759,0.9849816217041296
6mc1_cja,6.602013111114502,3.3917166184001393,0.5268641566504132,0.31200000643730164,0.8039575971675007
6md7_je1,6.007728576660156,6.987782370749173,0.5491742823022271,0.5568769574165344,0.9667736476854585
6md9_jej,3.8372700214385986,6.469295784473566,0.5567498522665395,0.5063645839691162,0.9455818392263534
6mda_jed,3.2852065563201904,6.003950395702942,0.5699183498988609,0.5242483019828796,0.595219439341408
6mdb_je4,3.3373465538024902,6.05871323136007,0.5719054453867711,0.5580040812492371,0.7504532437028026
6mdc_jea,5.458689212799072,7.430418472623222,0.5552525249877411,0.5448988080024719,0.9541913196970236
6mdd_je7,6.672003269195557,4.677810507287383,0.6020770811505122,0.25399544835090637,0.6153528648820503
6ms7_v77,4.516699314117432,4.017506064376308,0.43487293937328314,0.400653600692749,0.9008592309275829
6nn4_fbp,7.524821810330647,3.8886695296182756,0.46115551456923426,,0.9327492391789672
6npt_kwy,1.4339834451675415,1.9499008192408254,0.3500498251784737,0.6811497211456299,0.7165485955058051
6nsp_l0p,0.32649675011634827,3.2699524951131127,0.47421329834948517,0.9049443006515503,0.9516962362588122
6nss_l0m,4.454555988311768,3.484872412397012,0.4312320324710263,0.5639486908912659,0.9422032478381694
6nu1_cys,0.6099667549133301,3.0054108832239055,0.5019202918268203,0.8940298557281494,0.7945133550203348
6nu5_cys,0.7169623970985413,2.41068596225364,0.5216664925462138,0.8904411792755127,0.7991652070537951
6nub_ser,0.9233150482177734,2.860456830615249,0.5590669873314046,0.8467742204666138,0.7907281396786509
6nwk_dex,4.687122077125989,3.0948555162653393,0.4184198519735041,,1.0977758591266662
6p1d_nq1,4.841702461242676,4.0732163906136885,0.6551854991315106,0.3965447247028351,0.7486659256931775
6p1l_9ll,6.2151079177856445,3.518133695305176,0.5594131668431854,0.2208390235900879,0.7689511723487642
6p7g_e7m,0.4234044849872589,4.923591235784937,0.5615178257879968,0.9490145444869995,1.0682087994816905
6p8q_o57,8.792322158813477,3.5723349743770108,0.5467610627030582,0.2534981369972229,0.7645648798990525
6peg_4fq,0.9203978776931763,4.26806569988749,,0.890625,0.8140775931523914
6pgr_8xy,10.852181434631348,3.544390311258075,0.2884575154774017,0.045232273638248444,0.6121169544882861
6pgu_ok7,18.259136199951172,2.8757669325395936,0.5144190412251156,0.0,0.8160844516601958
6q4d_hht,4.023792743682861,6.532554838103823,0.5136664065710329,0.41613924503326416,0.8393539047479979
6qce_hw2,3.135406970977783,3.0295240489304356,0.2507320507331663,0.557669460773468,0.7320936381073434
6qch_hwb,1.978297472000122,3.618900062307457,0.26164890257739964,0.8122197389602661,0.8229224197006969
6qcj_xeg,5.995213031768799,4.369101908716464,0.2556718090794586,0.23363377153873444,0.8313897950479046
6r4a_jrt,19.86436891792322,2.23430718038668,0.2862469515627143,,0.7699893088863811
6r4b_jsn,2.4737608432769775,3.6750213668196072,0.5080848587929769,0.5552372932434082,0.7921526953162641
6r4c_jrq,19.39583116947579,2.393783597084358,0.4170409350388135,,0.9615860667430716
6s9w_l1z,4.656576156616211,0.5488161090768935,0.787646161885832,0.5866712927818298,0.9865922776369246
6s9x_l1w,4.22177267074585,1.364236161028818,0.8318102263453292,0.6349875330924988,0.9877475213053364
6sal_l3e,14.52379035949707,4.433923235282837,0.640520610399086,0.019596200436353683,0.7802949546246813
6sbu_l5n,19.885011672973633,5.103545684538163,0.38317779530848906,0.0,0.6227790361700991
6squ_d7i,,,,,0.9216345227986537
6t4g_l3e,13.658113479614258,3.796387825482931,0.540833002741258,0.028546202927827835,0.8000340132813393
6t4i_4f1,9.297294616699219,4.221978672060422,0.5379158744569086,0.12538652122020721,0.9032946084715405
6t4j_mhq,1.1243880987167358,3.271787025227619,0.579077959623795,0.8791130185127258,1.0283617683930684
6t4k_mhq,0.9541940093040466,2.272833418346686,0.6372563468195943,0.8821428418159485,1.0279208838941976
6t4t_l3e,14.493328094482422,4.652877770516293,0.6086942307999929,0.01997041329741478,0.7806737213563382
6t4u_4f1,9.048258781433105,4.017475412251813,0.5230172097101133,0.12677578628063202,0.9041667427807919
6t4w_mje,9.555068969726562,4.544809959945031,0.5436652837111324,0.1181693971157074,0.9109109576423309
6t4x_l3e,14.261200904846191,4.2403747239316925,0.6283987302109312,0.028154481202363968,0.7995289761084914
6t4y_4f1,8.998722076416016,4.202028580585586,0.5023610505785412,0.12339449673891068,0.9006130316403672
6t50_mje,9.49440860748291,4.063766600430722,0.5491750440644136,0.1118331030011177,0.9009570718961749
6t5b_o7k,1.740018606185913,3.7640356747192745,0.6691258582459721,0.6603238582611084,0.9352330395678101
6t5u_mkw,16.05547332763672,2.663775286063768,0.25894160392454174,0.006839945446699858,0.9364283207921498
6t5v_mkz,12.83578319810415,4.580875080752546,0.2698952471895944,,0.7711029655852307
6ta3_mzk,5.873475551605225,2.955575142425896,0.5501698182534053,0.27597954869270325,0.8124213184844158
6tam_mzq,0.3822719156742096,3.5105942593392996,0.7198812229725988,0.8659273982048035,0.9365173406363028
6tan_mzn,14.549026489257812,3.6764655767941647,0.25902856582412304,0.018913857638835907,0.8159364704504156
6tiw_mzk,5.5130720138549805,3.277125960732923,0.47090204669600644,0.2628043591976166,0.7882393581014241
6tlm_mje,9.574987411499023,4.069637175876132,0.5795829635008849,0.11184210330247879,0.8998443875485214
6tlq_mje,9.417719841003418,4.566150128551102,0.5468283665754613,0.11811693012714386,0.910915698558582
6tlt_mje,9.405705451965332,4.05620468180267,0.5779425976422996,0.11678200960159302,0.8989329501044703
6tpk_clr,1.07794189453125,2.2501577935124217,,0.7559382319450378,0.816363779875321
6u26_063,,,,,0.962224817189413
6u3e_4ip,0.9787012934684753,5.879574177853888,0.5219380930822884,0.7137036919593811,0.8735405911714399
6u3g_4ip,1.000759482383728,5.895381803568989,0.5195635218970058,0.7108567357063293,0.8728156855314054
6u6y_dtp,2.8394739627838135,5.620840295876898,0.5234714332914839,0.7329088449478149,0.8756221258683539
6ucg_q3y,11.299391746520996,4.0398059058694145,0.6157128467473759,0.07662776112556458,0.8827143894558018
6uel_q5a,1.601492166519165,3.702444514562451,0.4872066112782079,0.615638792514801,0.6113963123260736
6uo8_qda,18.206912994384766,9.301692163710353,0.44706769848997224,0.002710027154535055,0.9028648103754616
6uxx_ql1,12.35987663269043,3.545012449632755,0.5721567956252575,0.1170634925365448,0.5718766737132385
6uxy_qky,13.243955612182617,4.190555695743297,0.5759636279408239,0.09671381115913391,0.6904658902380617
6v74_asn,1.0536402463912964,1.5360153109702306,0.8944646183099794,0.853630006313324,0.7919483863734724
6v75_asp,1.2129237651824951,2.584596169072438,0.6068059801684168,0.7936781644821167,0.7784849124702887
6v76_val,0.782842218875885,12.807690052643496,0.5391628607828219,0.8856304883956909,0.812337581228099
6vbi_fza,13.404577255249023,3.599072427826077,0.561271222839838,0.05343771353363991,0.7669299769978584
6vcb_qw7,2.3158369064331055,3.0922117565949616,0.5869678596756005,0.5981873273849487,0.7253250418768229
6vkk_rpb,0.4328986704349518,3.5775378134561584,0.5894927877175122,0.9425630569458008,0.9816792001104315
6vn2_r44,0.6456588506698608,3.5473094185559586,0.5705853359571844,0.783171534538269,0.9175152474468224
6vn3_r3y,0.878416895866394,4.735623613972676,0.5294837274090437,0.7770904302597046,0.9300714193599002
6vn4_r4d,0.2889171242713928,3.7779495533082623,0.5848861427660591,0.9396551847457886,0.9212532757010995
6vn5_r41,0.9269800782203674,3.461968619557362,0.4530282044351599,0.7771017551422119,0.9147926226643516
6vn6_r4j,0.5611447095870972,3.1554631591233675,0.5680077978848532,0.819625735282898,0.9251913781231553
6w2j_374,2.438563823699951,2.3285261634283505,0.8169353087478524,0.5967676043510437,0.6490627053579117
6w30_sja,9.652153015136719,4.0818276860112555,0.5731353562323556,0.2589285671710968,0.7312825239029812
6wkz_8y1,15.562355041503906,0.1648680013111128,0.391179368016621,0.004625121597200632,0.7157493136724201
6wl6_91a,15.495203971862793,0.1300969080801056,0.4487413333146432,0.003161222441121936,0.7211495302748705
6wu8_u9y,5.594187259674072,9.192435202905317,0.2691857989119434,0.4802302420139313,0.9126282615545572
6x3u_fyp,5.403047561645508,1.5519930152386927,0.36302947913807404,0.0,0.8202168302977588
6x3x_dzp,4.208121299743652,3.575336946304569,0.44064396364260755,0.3016476631164551,0.8932683445062102
6x81_utj,1.0811982154846191,2.6929758157240005,0.2722867787151609,0.5614678859710693,0.9792789786637548
6x82_utm,10.30367374420166,4.775572625518097,0.35172561311543404,0.08722438663244247,0.9657125498901765
6x83_uts,2.4201273918151855,2.5980227460428886,0.30538170035194234,0.3391812741756439,0.9791434925458967
6x85_utv,3.3428542613983154,1.6692543132940274,0.3752138933832357,0.31100794672966003,0.9643494285916728
6x86_uty,7.209560871124268,4.173371573527662,0.23503444348188068,0.08906491845846176,0.9375889940766082
6xp9_qcg,15.316213166292146,3.8102563601308823,0.5070319189895134,,0.8500843475895351
6yuh_pow,0.9833623170852661,3.961860840751194,0.4591650866274071,0.9585106372833252,0.8639051384525849
6yz4_1e8,15.797536849975586,3.9070292587874382,0.5177108263512155,0.026664281263947487,0.9866270919724532
6z4b_9ll,6.242119312286377,3.9274311436360323,0.6181398640411319,0.21618780493736267,0.7689511723487642
6z88_qbk,18.890567779541016,3.394541519210038,0.5038059565305146,0.0,0.9068560907640578
6z89_qbk,18.826684951782227,1.7633091431596728,0.4369003191839437,0.0,0.9068560907640578
6zgv_qkz,3.6362159211099234,7.197001232296054,0.2693370791108881,,0.8877825495276174
6zgx_s6v,3.385138931644011,7.108896058064827,0.27110601967566195,,0.8789480142892032
6zgy_ql5,1.0857040882110596,3.5014628190093005,0.24546049685171586,0.7400636076927185,0.7506507428837755
6zgz_ssy,3.298887459000104,7.232116963827749,0.27103028854446604,,0.7013094785403824
7a2a_57n,6.7618842124938965,4.129532448245898,0.5156740038490374,0.2023993879556656,0.770593436146511
7ak0_rjk,0.4645208418369293,5.135146118143755,0.43600314660584627,0.8856807351112366,0.9857501992487888
7ak1_rjh,0.38886016607284546,4.277068748883986,0.5505337897590393,0.9183518886566162,0.9834752520415732
7anw_nad,4.3816938400268555,4.248140158831491,0.5026757984807754,0.48952609300613403,0.763040550433113
7aud_ry8,6.978268623352051,3.0769704899695616,0.48170026706624547,0.14324116706848145,0.8761753296113417
7b3m_su5,13.060927391052246,3.2579062024445955,0.20095970148378842,0.010158573277294636,0.8690475915482503
7b7r_t1k,12.432744979858398,3.8854221756766294,0.2581194436933171,0.039742451161146164,0.9148128017539712
7b94_t3w,11.781820297241211,2.4964500080803536,0.21598629530180136,0.045575693249702454,0.9919696628127739
7b9l_t4n,0.87038254737854,4.439693279530119,0.2875481775160042,0.8473101258277893,0.9134314260316132
7bhr_tqe,0.9348340630531311,2.9933719108549384,0.3445859171302468,0.4654977321624756,0.7436124586098734
7bhs_tnz,0.509162187576294,3.5894793443935518,0.41250683485299755,0.48171767592430115,0.9183213731848429
7bht_to8,0.5249820351600647,2.5549646001769033,0.34477264432694826,0.5076087117195129,0.8090610568232586
7bhu_tow,0.8972927331924438,3.010497009179228,0.3987463808659983,0.49281150102615356,0.73122169765999
7bhv_tqb,0.6963224411010742,3.4884889127048058,0.40821696213086334,0.4815705120563507,0.9321242696566786
7bhw_tnw,0.624090850353241,2.977143150607456,0.4232238005085327,0.5063338279724121,0.9390138521291872
7bhx_to5,0.5332406759262085,3.264061632771642,0.4581743687770193,0.48759689927101135,0.958898217690373
7c7q_2c0,1.5584259033203125,4.628628712698992,0.5088640197385378,0.7435897588729858,0.9260859733126002
7ca3_fn0,10.928388595581055,3.6417766620301113,0.31504409799080324,0.12224669754505157,0.7095676421738097
7cfm_fwx,0.7657281756401062,3.6622965874634126,0.6116566983106358,0.8454724550247192,1.0004506761814775
7cfn_fx0,1.6473205089569092,3.758935291473458,0.42656756015757347,0.7200881838798523,0.9825554910491108
7ckz_g4c,9.554332733154297,4.023033286095477,0.37282416610043645,0.18017366528511047,1.0496273596304282
7cr2_fbx,8.493993815771066,4.36168246642014,0.3450204685944833,,0.8221829466639826
7cr7_fbx,14.454991502328111,2.834887869584212,0.43606954116251107,,0.8300309523818995
7d72_gdd,0.6039487719535828,4.9533317093725415,0.4084430124846143,0.8132474422454834,0.9587428137561731
7djt_h8l,11.138652801513672,5.804404907350027,,0.11427238583564758,0.6411704649427298
7dtu_trp,0.5248193144798279,3.1672873143959395,0.49446833578874316,0.8660164475440979,1.0052476473450715
7dtv_trp,0.5372995138168335,2.639645627550024,0.6451391265047939,0.8491984009742737,1.0049967667212074
7duq_hno,6.173141002655029,3.0034932967381724,0.2851939985749031,0.2884615361690521,0.7659286136065401
7e6t_tcr,0.4777815639972687,4.239345376139156,0.4558971629387385,0.8517441749572754,1.0080120231979937
7ehm_j4c,1.5271881818771362,3.3601009581831476,0.37431074171259826,0.7991071343421936,0.9632696383061116
7fd8_qus,0.5872092843055725,10.028809078297293,0.5713065146280297,0.8851467967033386,1.0579190537634198
7jvm_vks,5.5982489585876465,6.671172829681472,0.7374625597359544,0.5288461446762085,0.9396598053802312
7jvn_vkp,5.05412483215332,4.772941899731777,0.7773441999329999,0.5818965435028076,0.8730003898152887
7kcc_wbg,0.9837314137354071,4.886764143149846,0.324855947819245,,0.8461675407858075
7kce_j41,1.0401595563288308,3.3795887163365714,0.40630040797268785,,0.8004883612294783
7kcf_j4a,0.9094867769146283,3.7680878220764065,0.4555008621319472,,0.881607951445906
7kda_wbm,1.1201494431525967,3.061651122403322,0.3927088976066367,,0.8641073809446402
7kdb_wbs,0.6296028193621563,4.617906047071309,0.3593005056346452,,0.9524026687219219
7ld3_xtd,18.088003158569336,3.7038546723154377,0.43420634149764753,0.0009009009227156639,0.727867041453531
7ljc_g4c,0.8518050909042358,2.821755499325353,0.5211434678482941,0.9269759654998779,1.060382610759798
7ljd_g4c,0.8424361944198608,2.307508376855624,,0.9268077611923218,1.0596243306929685
7lwd_yg7,12.132827758789062,4.901465192335027,0.47170113697380506,0.03195592388510704,0.7614276522033999
7nh4_uce,4.415318489074707,0.7021874589053986,0.8157080807282711,0.6197234392166138,0.9905839915013146
7nh5_uc8,0.896595299243927,0.24239163668549127,0.8992561810077223,0.8351268172264099,0.9716361676252483
7np5_ukb,12.089348793029785,5.6025257654300775,0.5684567812085705,0.061248525977134705,0.6354685624427576
7np6_uk8,14.454602241516113,3.745095909842221,0.5960752723744499,0.017836427316069603,0.8195438021152021
7npc_ult,11.063819885253906,4.982919180313739,0.5414932031859594,0.0860084816813469,0.742786716134849
7p2l_4yi,0.347219854593277,4.203141913037036,0.5506875820050332,0.9789590239524841,1.0539050186249144
7r75_33i,5.275421619415283,7.828606448504544,0.27417829590522963,0.5458074808120728,0.7198069310976235
7r7d_37i,5.419488430023193,9.011022717476967,0.27653275024180074,0.4552902579307556,0.9529219035666248
7r7i_3cw,4.643587112426758,9.324998765048992,0.2950648456171749,0.5403481125831604,0.8935382263764851
7r7l_3ed,6.62297248840332,9.598529013446498,0.26983006529198544,0.4875621795654297,0.8846742480362546
7rct_4q4,5.8489508628845215,7.098083012752622,0.7664184952908384,0.4951026141643524,0.925129490430696
