id,pose rmsd,pocket rmsd,qs score,lddt-pli,confidence
1azx,1.2667959928512573,0.12786925324922832,,0.7394737005233765,0.5711873173713684
1b86,0.2952669560909271,4.40066651745417,0.2687443623986756,0.9551345705986023,0.9462753534317017
1bj4,6.395590782165527,2.5301385611270906,0.5154313027760373,0.09117305278778076,0.9671434760093689
1bm7,2.4298691749572754,2.368292368969635,,0.6020408272743225,0.9742612838745117
1cqp,0.2439197599887848,6.687528339412213,0.5245845440989686,0.9700000286102295,0.6948040127754211
1cza,5.305177688598633,3.3950119389777544,0.27745831025302164,0.21360759437084198,0.924207866191864
1dvs,0.6452797651290894,2.9667399531763796,0.29121092930236886,0.8978174328804016,0.9705684185028076
1dvt,1.6200810670852661,5.255828904934727,0.3969623078064856,0.6678321957588196,0.9780188798904419
1dvu,3.061628580093384,5.341881681168631,0.6289160031414539,0.5825791954994202,0.9672785997390747
1dvx,3.1359360218048096,3.960452690042367,0.41915704190724684,0.4402887225151062,0.9779961705207825
1dvy,2.335101842880249,0.017658043244025985,,0.6728538274765015,0.9708155989646912
1dvz,0.7423015236854553,0.03647958237791513,0.5949307830760698,0.9322709441184998,0.9742125272750854
1e03,3.686033248901367,0.1054503289211712,,0.5899999737739563,0.8535465598106384
1e4h,0.9913386702537537,3.658210868989726,0.3990715472466558,0.8541666865348816,0.9650488495826721
1e7b,1.7566637992858887,5.298333722410684,0.6120552530975443,0.700630247592926,0.5750578045845032
1e7c,0.3550386428833008,2.5873994723818208,0.5212062606696876,0.9628942608833313,0.8303744196891785
1em6,0.17945986986160278,5.2057069472355595,0.3549723100874518,0.9901574850082397,0.9502769112586975
1eta,0.7657599449157715,2.2489909800931076,0.4181106660072926,0.8587962985038757,0.9510672092437744
1etb,0.558354377746582,0.8704269156003845,,0.8754385709762573,0.9599343538284302
1exv,0.18645428121089935,2.471474150214708,0.7345018005719056,0.9892417788505554,0.9499402046203613
1f86,1.7255024909973145,0.018962936921640864,0.47015570125004125,0.7250996232032776,0.9611061811447144
1fap,2.0505107771270152,4.848940998838018,0.642835747287494,,0.9598883390426636
1fta,0.289795458316803,4.804637374887952,0.5109686115864598,0.9710912108421326,0.9671983122825623
1g9v,0.17917801439762115,6.705923250248824,,0.9962446093559265,0.9402227997779846
1gz3,0.2982867658138275,6.739449223398654,0.45904377578394995,0.9821428656578064,0.9236440658569336
1gz4,0.35276228189468384,6.743056178244441,0.9435151593542083,0.9950166344642639,0.9246280193328857
1hak,1.1139699220657349,1.9981391925500402,0.3334292902889709,0.8270833492279053,0.6390959024429321
1hkb,0.1895931214094162,3.706115807611359,0.5573263215999441,0.9805825352668762,0.5609917640686035
1i72,0.19298338890075684,6.1532380947088,0.4921680588463621,1.0,0.9851081967353821
1i79,0.161701038479805,6.920639020947007,0.552664327590413,1.0,0.9856767654418945
1i7b,0.19063888490200043,7.377266980082233,0.5338441886975734,0.9989177584648132,0.9863365888595581
1i7c,0.17541645467281342,2.8177160595131125,0.48244474092447037,0.9934498071670532,0.9862202405929565
1i7m,0.1936899870634079,6.198177008001981,0.5119268652409266,0.9979079365730286,0.96193528175354
1kv1,0.40101322531700134,3.245617029792866,0.3816444026243052,0.8955792784690857,0.9878959059715271
1kv2,0.41243788599967957,4.173594011575353,0.5188033221246483,0.9151356220245361,0.9873001575469971
1l5q,0.17431749403476715,4.1609410304824435,0.46658986271917996,0.9945972561836243,0.9482529163360596
1l5r,0.24182526767253876,4.15016522826278,0.37819478258145806,0.9918699264526367,0.9400671124458313
1l5s,0.13306213915348053,3.676285287045007,0.4903159138170305,0.995039701461792,0.9485183954238892
1l7x,0.15015000104904175,3.8030965225514315,0.5063748615383976,0.9938271641731262,0.9472596049308777
1msv,0.13654455542564392,2.4254167311166457,0.47112758210981237,1.0,0.9470785856246948
1ne7,1.6123479166403312,6.162402357739916,0.7315690827737845,,0.9134125709533691
1nq9,1.0511138439178467,0.09518337415162201,0.2913594848635055,0.873711347579956,0.8464850187301636
1nsg,2.518056268726455,9.349004650337752,0.571681868408535,,0.960553765296936
1oj9,0.11720636487007141,6.5019651258274616,0.4438471162180422,0.9937363862991333,0.9611529111862183
1opl,0.399180144071579,3.6538478486012615,0.5785315008079258,0.9235948324203491,0.6989852786064148
1pj2,5.66379976272583,7.728062302290016,0.5128081010678143,0.14411315321922302,0.4678887724876404
1pj3,6.637167930603027,6.037208667333588,0.42760713603354045,0.06696165353059769,0.4553017318248749
1pj4,3.9574975967407227,5.639733009916778,0.47624275468238486,0.24519230425357819,0.512754499912262
1q0b,10.899101257324219,3.5316921390973817,0.4318490553924381,0.034405939280986786,0.7801946997642517
1qha,4.248201370239258,2.567013511593202,0.29340716910363657,0.27243590354919434,0.8366815447807312
1rd4,7.146721363067627,5.200205956353236,0.5520395910066775,0.04848130792379379,0.8700031042098999
1s9i,9.907999992370605,4.334721180193516,0.3851181963189707,0.001260504242964089,0.9179585576057434
1s9j,9.849112510681152,2.6256818954033037,0.41752973993877135,0.015174507163465023,0.9488572478294373
1shj,10.095169067382812,7.011672519784374,0.5310934715597342,0.035036880522966385,0.6535091996192932
1shl,7.98494815826416,3.4253604473333383,0.4391404797439165,0.05347593501210213,0.8907411694526672
1sr5,2.462813607984505,0.9184499605589782,,,0.7564107179641724
1t48,9.5943603515625,6.681832681064934,0.5908848357062382,0.06708136945962906,0.9725537896156311
1t49,15.337553977966309,6.432872464289171,0.3770619059094256,0.006564844399690628,0.972733199596405
1t4j,16.51881980895996,3.829516663688952,0.3797507353301124,0.015853101387619972,0.9443118572235107
1t5a,7.474506855010986,4.906629725034184,0.4640534345755959,0.021276595070958138,0.6321989297866821
1tb6,5.418363862290377,6.763379610523286,,,0.6818099617958069
1tbf,7.156332015991211,3.4618867166856577,0.4210763531939507,0.125,0.956204354763031
1tha,2.6408088207244873,3.277870300412886,0.46577469707562874,0.5529925227165222,0.9610933661460876
1thc,15.713309288024902,4.230826094602897,0.34927088871443207,0.02907915972173214,0.9618046283721924
1tlm,11.615753173828125,4.7985909760650705,0.5128499579938317,0.006428571417927742,0.9486940503120422
1tt6,5.677037715911865,0.6869321355337386,,0.07750000059604645,0.9479586482048035
1tyr,6.0410990715026855,3.5273366087549807,,0.04425675794482231,0.9404541254043579
1u21,17.548503875732422,3.4362525437286555,,0.0,0.9577596187591553
1uwh,5.305878639221191,3.487455553998876,0.4009262293396334,0.06911509484052658,0.8297012448310852
1uwj,11.060025215148926,9.748568842317088,0.3573823399697913,0.08493377268314362,0.8995223045349121
1v4s,5.951612949371338,3.656132208664901,0.5336258372065907,0.008841886185109615,0.9808771014213562
1w0f,11.285874366760254,3.815436486702256,0.3637727375783581,0.0015566624933853745,0.9554959535598755
1w82,15.483205795288086,5.25054420067654,0.49944321364289707,0.010766423307359219,0.9832228422164917
1w83,15.918354988098145,5.310060402143391,0.5596812330120575,0.0021325459238141775,0.9852669835090637
1wbn,11.810685157775879,3.6219146150289467,0.55656216245139,0.058482810854911804,0.9817183613777161
1wbs,11.007169723510742,3.759894011006826,0.5149685594634652,0.038777608424425125,0.979486346244812
1wbt,13.101312637329102,4.510728667418996,0.4804559833517021,0.039197199046611786,0.9816115498542786
1wbv,0.2343159019947052,3.8973140267227673,0.5987928607277693,0.9719626307487488,0.9878774285316467
1x88,8.861896514892578,2.933307948409011,0.394657411439246,0.19186046719551086,0.8874961137771606
1xdd,12.36421012878418,4.601551862037899,0.5035150267817273,0.013171622529625893,0.9504455924034119
1xdg,7.8701958656311035,6.925812178347214,0.4451072692704711,0.1230769231915474,0.9433984756469727
1xoi,10.696008682250977,5.255475128332888,0.4638460099875388,0.02054794505238533,0.7868707180023193
1xuo,5.644665718078613,6.903865554563365,0.36605134546052315,0.0517241396009922,0.9366763830184937
1y1d,5.417046070098877,1.363572787218125,0.34964138391940974,0.07409273833036423,0.9446930885314941
1ygc,18.258359909057617,3.9886731838434675,0.4905207870071425,0.011957119219005108,0.8616102337837219
1yrs,7.320261478424072,2.839696908982422,0.47182841537486514,0.09375,0.8796554803848267
1z7j,12.306716918945312,2.752270102762209,0.43188702670739315,0.1411111056804657,0.9501729011535645
1z8d,17.180461883544922,2.642099336013967,0.5693286954841368,0.002664298517629504,0.929218053817749
2ati,7.733485698699951,4.043700754659838,0.49659265924023105,0.11377396434545517,0.5213589072227478
2b14,15.912508010864258,4.020093950045424,,0.0,0.955897331237793
2b16,14.088501930236816,5.589965638311346,0.2783192226547181,0.000620347389485687,0.9269779324531555
2b77,3.484421730041504,6.040488751868323,0.4385496014773911,0.04259259253740311,0.9348583817481995
2b9a,7.805890083312988,6.183835366640731,0.41553421472391283,0.06072555109858513,0.95354825258255
2baj,17.503311157226562,3.900675310519155,0.4929670311280069,0.0012820513220503926,0.9728969931602478
2bak,15.220074653625488,3.787874872910125,0.4590237346834888,0.0011045655701309443,0.9743587970733643
2bk3,6.289201736450195,8.966010825379009,0.4131754695086389,0.08681610971689224,0.8675789833068848
2bu2,12.025138854980469,4.671950344471974,0.4693122812644023,0.07787810266017914,0.9637869596481323
2bu7,6.8681864738464355,3.445594844186154,0.48308411727774464,0.13893653452396393,0.9767648577690125
2bu8,14.001825332641602,3.185375263582838,0.4574611099053864,0.02521008439362049,0.9631484150886536
2bx8,18.663175582885742,6.399100654759551,0.5322262381735019,0.0,0.5788560509681702
2bxa,5.08317756652832,5.82708715224458,0.5203192033726549,0.29638010263442993,0.7004051208496094
2bxb,19.419635772705078,5.348496030598871,0.42648598547721883,0.00893582496792078,0.7377835512161255
2bxc,19.360960006713867,6.628624367686343,0.424628847043809,0.0,0.7628366947174072
2bxd,13.898048400878906,6.394131670688148,0.5477089309427279,0.0026343518402427435,0.6749348044395447
2bxe,4.612566947937012,5.439781809993592,0.5966595288877391,0.36229947209358215,0.751527726650238
2bxg,1.757468342781067,4.1024328334328475,0.5893413749113638,0.6516159772872925,0.8152910470962524
2bxh,2.051649332046509,3.7774917361712954,0.5938884325103837,0.5513582229614258,0.803400456905365
2byb,7.093071937561035,10.560492711487152,0.41227466975637106,0.17745822668075562,0.8261796236038208
2c65,6.430205821990967,7.546598650710285,0.4693722740738418,0.06700949370861053,0.7843520641326904
2d5z,1.0856521129608154,6.671978700151539,0.5412330659360345,0.64673912525177,0.9445990920066833
2d60,0.8014580607414246,7.806523833178258,0.31948037181799316,0.8029756546020508,0.9390864968299866
2f7i,4.0206427574157715,6.7036058579063305,0.46014719654755426,0.1293814480304718,0.931903600692749
2f8i,9.496573448181152,2.2034483165563348,0.36817006858603796,0.032710280269384384,0.9268004894256592
2fap,2.775862216949463,9.934943843439907,0.5353516152855826,0.37542828917503357,0.9349570274353027
2fbr,5.511631965637207,11.6404457086435,0.25783731444627433,0.053221289068460464,0.9472277164459229
2fhy,4.936471939086914,5.5700990259287115,0.5704184231637851,0.2296181619167328,0.8092383146286011
2fie,8.570634841918945,6.626739372792992,0.5387345844084959,0.165133535861969,0.8914337158203125
2fix,8.5944185256958,7.482292664527495,0.47561080070313966,0.1423109620809555,0.8518762588500977
2fky,9.132041931152344,4.433696102423125,0.4711727092987095,0.10719041526317596,0.8766771554946899
2fl2,11.737810134887695,3.8335511314489734,0.4401965061113589,0.0742916390299797,0.8451725244522095
2fl6,13.221793174743652,3.6264117078325153,0.48492469709824604,0.2321428507566452,0.8776146173477173
2flm,7.9723358154296875,9.080339511929711,0.3451858340010384,0.01259519625455141,0.9501941800117493
2fqq,8.051225662231445,5.43626768627117,0.4537285973078446,0.0799475759267807,0.9670742750167847
2fsz,9.501097679138184,5.181982996246166,0.5234366007408182,0.16566264629364014,0.9510297179222107
2g1q,10.641715049743652,4.895157313272587,0.4622235579242797,0.01964285783469677,0.8586375117301941
2g5u,3.434544324874878,5.5371956887097475,,0.241507425904274,0.9552938342094421
2g9k,4.900364398956299,5.367367178889046,0.3992331174444191,0.048722043633461,0.947587251663208
2gab,4.990106582641602,4.234223613171384,0.36616474547196365,0.04371816664934158,0.9418676495552063
2gm1,11.906829833984375,3.562097214035953,0.5131369999492728,0.17782257497310638,0.6828593015670776
2i7n,6.802733421325684,4.368300437158123,0.49599925105308107,0.08396033197641373,0.9118658900260925
2i7p,14.640304565429688,4.233015682255389,0.485901734685326,0.05817490443587303,0.6008575558662415
2ica,10.379905700683594,2.8134329417354427,,0.02704852819442749,0.9631816744804382
2ieh,14.635725975036621,2.343061810590112,0.23825500212224254,0.018765132874250412,0.7970522046089172
2jc9,11.75146198272705,5.051865481224035,,0.08075220882892609,0.8899843096733093
2jjk,13.808690071105957,6.770822082856891,0.4530553519290163,0.003166226902976632,0.8888455629348755
2o7n,10.725668907165527,9.414205803644052,0.5053686055588232,0.017814727500081062,0.9738001823425293
2o8b,9.613382339477539,7.752806921350501,0.4560544065295609,0.012878787703812122,0.7164681553840637
2o8c,14.598577499389648,7.003494010703603,0.4902374363562276,0.1418406069278717,0.7347249984741211
2o8d,15.202629089355469,3.542507071150992,0.4097874446389202,0.040720436722040176,0.7007123231887817
2onb,13.359219551086426,5.720252344540059,,0.11396181583404541,0.9360321164131165
2p55,15.67892074584961,3.909354804870499,0.3368869115878358,0.0,0.9640963077545166
2pg2,8.625580787658691,3.629149684545008,0.5188450459162286,0.02413793094456196,0.8711531162261963
2pio,7.225307464599609,4.298528290334024,0.5994447280413209,0.0809151753783226,0.9722806215286255
2pip,8.764697074890137,4.523631697937341,0.24313216080448527,0.12702839076519012,0.9833645224571228
2piq,8.790475845336914,2.1714290903313724,0.35943767895243706,0.12340672314167023,0.9822981357574463
2pit,6.707026481628418,4.364928777106203,0.5867952650229192,0.11116600781679153,0.9756084680557251
2piu,7.564727783203125,3.022804197960385,0.41124423081109607,0.23624402284622192,0.9777116775512695
2piv,6.104709148406982,5.921113878105773,0.4031179560633379,0.030927835032343864,0.9800170660018921
2piw,6.591485977172852,6.347735262155456,0.4741161436037846,0.11168224364519119,0.9668505191802979
2pix,8.492849349975586,5.2731560373562445,,0.10799320042133331,0.9744952917098999
2pkl,9.060372352600098,6.713698964030972,0.5595140511129931,0.16544833779335022,0.989249587059021
2q2y,3.003612756729126,5.544284032579588,0.3271507916888359,0.09575026482343674,0.8617327809333801
2q2z,12.849143981933594,1.9898982513313674,0.4483413632673646,0.18333333730697632,0.8363044261932373
2qgc,3.793104410171509,2.266822747433559,,0.06006768345832825,0.9604591131210327
2qgd,5.279027938842773,5.158330384191014,0.3503087241167858,0.027263374999165535,0.9473825097084045
2qge,4.951881408691406,3.093448668874505,0.3012066262629081,0.05972222238779068,0.9293655157089233
2qlj,5.7069010734558105,3.1217898040659295,0.4140964781791718,0.0070588234812021255,0.5835763216018677
2qpy,6.396657943725586,4.057201261616938,0.5924149895048734,0.25952914357185364,0.988152027130127
2rox,14.14804744720459,4.066529725447268,0.31401875413785363,0.040822409093379974,0.9634174108505249
2uyi,6.863247871398926,2.4914664855554856,0.4518454660134351,0.094200000166893,0.6684063673019409
2uym,9.826346397399902,3.1877105569330304,0.28682808030184287,0.08125972002744675,0.8359583616256714
2v5z,7.057923793792725,8.17703819538733,0.48514792747378016,0.07361847162246704,0.9268204569816589
2v60,8.825653076171875,7.5095168154232965,0.3866040175818719,0.05934833362698555,0.8717394471168518
2v61,8.421860694885254,10.216131841318383,0.4365226780141136,0.10839160531759262,0.8689395189285278
2vgb,7.340079307556152,3.988441355751398,0.5282116134867949,0.14916285872459412,0.5355831980705261
2vgf,4.957709312438965,2.788014664551526,0.5489196531331901,0.215027317404747,0.7486550807952881
2vgg,6.8300065994262695,4.234924142830137,0.5394951450772281,0.14222973585128784,0.542228102684021
2vgi,5.810464859008789,3.612101998538088,0.5374775951097862,0.11528400331735611,0.5406434535980225
2vt5,7.693210124969482,6.319875984744712,0.429064900239231,0.050359711050987244,0.7205801010131836
2wbb,15.457758903503418,6.0519730916076515,0.3192270807922222,0.0,0.7249837517738342
2wbd,13.05758285522461,5.784013211228893,0.37388851412593543,0.0,0.7262349724769592
2wgh,16.9335880279541,7.143657305491182,0.48963991039322663,0.009626776911318302,0.738893985748291
2wog,13.15481185913086,2.777285940088096,0.476551283142606,0.009936765767633915,0.7434569597244263
2x2r,13.314250946044922,4.64587560659886,0.3005878407528925,0.004706734325736761,0.7872908115386963
2x7c,11.183089256286621,3.89640331531674,0.333995510383788,0.015637371689081192,0.7718099355697632
2x7d,6.659423828125,2.9702683544388417,0.46290173966485554,0.03787878900766373,0.8915735483169556
2x7e,11.74230670928955,5.666760105496442,0.3536758493912972,0.08209916204214096,0.7935167551040649
2xae,8.455231666564941,4.9995566253615475,0.5565077693960777,0.1029752716422081,0.760088324546814
2xcg,7.473807334899902,10.757548933152144,0.46514459539630976,0.07800063490867615,0.9412100911140442
2xcv,9.463885307312012,7.080549758057815,0.2882526091052189,0.014299802482128143,0.8899726867675781
2xcw,18.408939361572266,5.41184015572306,,0.010950854979455471,0.8668137192726135
2xfn,3.820106267929077,10.739002716870957,0.550463108233067,0.1515151560306549,0.9496010541915894
2xfo,7.399094581604004,10.148117806776794,0.37683727159629793,0.044704362750053406,0.8769952654838562
2xfp,3.664114475250244,8.537640892345934,0.5093328311507596,0.0893118605017662,0.960200846195221
2xfq,7.270272731781006,8.573042900403205,0.49774685459515583,0.08476395159959793,0.919322669506073
2xhd,4.925001621246338,8.21753967639857,0.5478526565383403,0.158456489443779,0.9365637302398682
2xjc,15.455411911010742,3.7081243768128522,,0.0007621950935572386,0.8881047368049622
2xjd,14.126786231994629,3.480500507200428,0.2844768899923803,0.02777777798473835,0.9392922520637512
2xje,9.923829078674316,2.1722169602958594,0.3299475984709948,0.006018518470227718,0.9230608344078064
2xjf,15.715633392333984,8.245283165230619,0.23965594081522307,0.0,0.8993049263954163
2y5k,5.091233730316162,8.17876899204723,0.4841834266069408,0.09437086433172226,0.7155796885490417
2y5l,4.18256139755249,6.114492844983245,0.4422503053472418,0.0482846237719059,0.7353823781013489
2yhd,5.170317649841309,6.653852533649793,0.578692713749089,0.1314239799976349,0.982758641242981
2ylo,8.247208595275879,6.122138260056173,0.39690493130224497,0.19319400191307068,0.9859559535980225
2ylp,8.34975528717041,6.0588464659514125,0.48867501059585106,0.22815534472465515,0.9775756597518921
2ylq,5.15277099609375,5.581340234560647,0.3762067498309554,0.28609341382980347,0.98370361328125
2zb2,6.426821231842041,4.078731917188083,0.5513846720237882,0.05288461595773697,0.4962824881076813
2zmf,12.278637886047363,4.2629970617385435,0.483956090214676,0.02202436700463295,0.949966311454773
3a0i,7.572296142578125,4.112029340872007,0.625128088506139,0.025194961577653885,0.9735734462738037
3a29,10.578620910644531,3.5259551129607396,0.5162866756598982,0.09762533009052277,0.8923349976539612
3b56,15.559043884277344,3.0327394520399484,0.509645187525166,0.0,0.9560311436653137
3bjf,6.988799571990967,3.6558937817168964,0.5103416271456854,0.08577405661344528,0.49510782957077026
3bqm,7.361523151397705,6.571712657075388,0.4995310483875492,0.02935420721769333,0.9588889479637146
3bqn,7.130884647369385,5.9603627394912575,0.48175846373851045,0.039769820868968964,0.8435735106468201
3ceh,8.454263687133789,3.3805769883276953,0.4249975050247143,0.06873583048582077,0.7826337814331055
3cej,9.827903747558594,3.719995318265707,0.4759625479089723,0.05846325308084488,0.7574542760848999
3cem,11.119464874267578,2.92217634589194,0.5298069821648099,0.0910346582531929,0.7684757113456726
3cfn,13.40382194519043,3.2342014333333835,,0.0,0.9327367544174194
3cfq,18.399635314941406,2.775557864703272,0.3317117657784659,0.0,0.9477357864379883
3cft,18.926136016845703,1.6438434459088047,,0.0,0.9529911279678345
3cjo,10.497872352600098,5.010495661357872,0.5946756824026842,0.18939393758773804,0.8538607358932495
3cn0,5.267243385314941,5.236798732019828,,0.12862902879714966,0.951807975769043
3cn1,6.805328845977783,1.134210885915118,0.31231338860463215,0.05637707933783531,0.9420390129089355
3cn2,5.365724086761475,6.343102041815109,0.44194434916187747,0.037137679755687714,0.9351179599761963
3cn3,6.069889068603516,5.018955110944275,0.442035063727488,0.05810810625553131,0.944317638874054
3d2t,6.7831525802612305,5.613232852775646,0.4446458204192265,0.06029186025261879,0.9556270241737366
3d83,16.244606018066406,5.351322930100052,0.5148541459947106,0.013812909834086895,0.983521580696106
3dd1,6.9134840965271,3.774442751259175,0.5269083749768733,0.08664163202047348,0.7217140197753906
3dds,6.186230659484863,3.9533480197152726,0.4771954295074084,0.08677184581756592,0.7976786494255066
3ddw,8.798588752746582,4.466314237510798,0.5390504155993443,0.06556372344493866,0.5398063659667969
3dv3,12.541863441467285,3.620221697450272,0.3566847500618656,0.04009077325463295,0.966049075126648
3dy7,11.385457038879395,4.7434506346713885,0.42351976364608646,0.006613756529986858,0.9756613969802856
3dz3,9.62806224822998,7.000943039821647,0.558033911012837,0.010999999940395355,0.9867295026779175
3e2m,5.406454086303711,8.179614438823954,0.47086678946288624,0.023842336609959602,0.9317424893379211
3e8n,9.83855152130127,5.112150401504426,0.36665403423425763,0.07749077677726746,0.9112401008605957
3e93,16.539087295532227,3.4488753562221555,0.364160295190642,0.028673361986875534,0.9856111407279968
3ep5,13.401178359985352,2.052386489200422,,0.1354166716337204,0.9624021053314209
3epa,6.616088390350342,4.428035611261351,0.44941182218509196,0.13016529381275177,0.9720101952552795
3epb,5.709624767303467,2.3778013877487916,0.6423018644085322,0.10495626926422119,0.9779404401779175
3eqb,8.373310089111328,3.761288405738815,0.49645952453985087,0.01915634609758854,0.9682123064994812
3eqc,11.100162506103516,4.228092546543008,0.4210513013324825,0.009515570476651192,0.9700952172279358
3eqg,14.26963996887207,4.094302175379318,0.3531958465958734,0.011111111380159855,0.9076294302940369
3eqh,11.79226016998291,3.996221161666201,0.47098983983563764,0.0014436958590522408,0.9690827131271362
3esn,6.509952068328857,4.903784922294201,0.47928983217585686,0.04571428522467613,0.9555579423904419
3eso,6.560300827026367,5.713883062230669,0.3876068204271331,0.07762739062309265,0.9490468502044678
3esp,14.920148849487305,5.020284904765776,0.5519187234244205,0.11788991093635559,0.9532882571220398
3evj,4.529464244842529,1.2907226915273042,0.48035326508922555,0.30020079016685486,0.8782975673675537
3f1o,16.171234130859375,3.399287853412465,0.33665629094112376,0.010054348036646843,0.9557498097419739
3f78,9.257060050964355,3.9131865399503925,0.6470172732111916,0.2348484843969345,0.9398578405380249
3f9m,13.816993713378906,3.696467922179097,0.5220135116198029,0.006213753018528223,0.9640540480613708
3f9n,10.8788480758667,3.2352152940347696,0.461383762537374,0.00035236080293543637,0.9716372489929199
3fap,3.7767319679260254,10.661358812256807,0.5100867099662133,0.3489534854888916,0.9423279166221619
3fc8,8.160055160522461,4.5025259673580695,0.32557232455589996,0.016996292397379875,0.9325381517410278
3fcb,6.568109512329102,6.296820451420789,0.4266792263670153,0.028688523918390274,0.9533514380455017
3fr0,12.149767875671387,3.3480839039214625,0.6378217593427283,0.04779917374253273,0.9696989059448242
3fud,4.237117767333984,2.0704915666055475,0.4616942283091935,0.10588235408067703,0.9681926965713501
3gcq,15.933183670043945,4.738429135609389,0.43703516660866626,0.021829521283507347,0.9742764830589294
3gcs,8.212002754211426,4.239701352093556,0.3886606642956112,0.047668393701314926,0.9794059991836548
3gcu,9.814436912536621,4.510696555453878,0.4496294587818215,0.21459044516086578,0.9301719069480896
3gcv,8.174025535583496,4.99720819753787,0.5066784544806305,0.15388257801532745,0.9548078775405884
3gi3,15.595966339111328,4.428823561916767,0.42014464341499064,0.012302914634346962,0.9844145178794861
3glz,16.340484619140625,2.514083799373071,,0.0,0.9314482808113098
3goi,7.7397894859313965,4.629201918099478,0.502456372118421,0.001662510447204113,0.9717593789100647
3gqy,5.477984428405762,7.8909831906116095,0.5396905436097061,0.29584774374961853,0.6678938865661621
3gr4,5.554199695587158,8.568534700143626,0.4423509825143173,0.31410256028175354,0.6926433444023132
3gs0,7.538907051086426,1.960896663019368,,0.052577320486307144,0.9447984099388123
3gs4,5.925983905792236,6.466636294857509,0.4325077914475967,0.0903954803943634,0.9548147320747375
3gs7,19.060606002807617,2.029536985401464,,0.02678571455180645,0.9569827914237976
3h0v,4.283254623413086,4.019024219789796,0.5023849336627252,0.10904255509376526,0.9777927398681641
3h0w,5.338536739349365,4.859399631452391,0.48224927052111144,0.12352941185235977,0.9771732091903687
3h1v,11.104985237121582,3.2667836240019934,0.5462506745850584,0.09797297418117523,0.9688817858695984
3h30,1.6314998865127563,2.9866421871845823,0.5061826627335417,0.48124998807907104,0.724529504776001
3h6o,7.626395225524902,5.541049461797686,0.5392151021618422,0.2019032984972,0.5248631834983826
3h7w,10.431689262390137,5.124065826226958,0.6347362787390438,0.08425312489271164,0.9216278791427612
3h82,10.038626670837402,4.950467951824108,0.4166299343205632,0.08600182831287384,0.961294412612915
3hec,12.91331958770752,4.229592537509425,0.46020745249561823,0.03178694099187851,0.9766697287559509
3hj0,6.257045745849609,6.619719807814915,0.3451859066527872,0.07204724103212357,0.9479594826698303
3hnc,13.792254447937012,7.887960320585969,0.5527571209399413,0.0009057971183210611,0.7511600255966187
3hnd,19.31218147277832,6.000494561895082,0.5586027792113868,0.009259259328246117,0.7347398400306702
3hne,8.89196491241455,7.805361148026684,0.44397256418545855,0.11538461595773697,0.7416387796401978
3hnf,16.019287109375,7.714659766983325,0.5463282719503845,0.0010842627380043268,0.8186668753623962
3hrf,14.271769523620605,1.9284604113799781,0.33793616940315635,0.04498860985040665,0.9537506103515625
3hv3,13.457507133483887,5.256299556039988,0.409020978332226,0.03701825439929962,0.9786336421966553
3hv4,8.398677825927734,4.138517308067223,0.4459479810792941,0.030234070494771004,0.9246664047241211
3hv5,10.72499942779541,5.081093741996862,0.41436710739267546,0.08307291567325592,0.9145123958587646
3hv6,10.998472213745117,4.282728365088284,0.5021340897927966,0.14675591886043549,0.9548708200454712
3hv7,14.278374671936035,3.692465860237222,0.580382934777987,0.07161594927310944,0.9717698097229004
3iad,7.550520896911621,3.9507123122057943,0.5586876581182473,0.06372549384832382,0.6862435340881348
3id8,5.650304794311523,4.752758468817796,0.4363870459911295,0.36000001430511475,0.9748586416244507
3idp,9.50756549835205,3.1556029127664305,0.5074626170395731,0.07520891726016998,0.8930920958518982
3ifa,15.007216453552246,2.075631304008027,0.34123558537033,0.04462474584579468,0.606641948223114
3ifc,16.104454040527344,2.999602947889453,,0.022592592984437943,0.8297750949859619
3ijg,0.8539327383041382,5.477560420443218,0.3758597492167942,0.7129629850387573,0.9348514080047607
3ijj,9.261719703674316,6.316905456073767,0.39127812852464844,0.0572916679084301,0.9517655372619629
3imr,3.1646714210510254,5.615483671577603,0.4490481993842958,0.14818024635314941,0.9513203501701355
3ims,7.954245567321777,5.303699506994611,0.3889793849605563,0.19744057953357697,0.9495278596878052
3imt,6.59299373626709,7.190026191723781,0.39030382352005033,0.03427419438958168,0.9398183822631836
3imu,5.837459087371826,3.6969711260928166,0.41273810979313275,0.06976744532585144,0.9382193684577942
3imv,6.418302536010742,5.53115332430159,0.34276737969113064,0.0986238569021225,0.9349757432937622
3imw,5.8162841796875,5.2179952992448175,0.32654503677532154,0.06272894144058228,0.9451398849487305
3imx,9.45832633972168,3.0586714762435023,0.4429624415236908,0.04561527445912361,0.960407018661499
3ipb,7.590705871582031,12.763137330226229,0.1981357341608297,0.030805686488747597,0.9556701183319092
3iw8,16.089069366455078,3.597142152450138,0.5416405071636903,0.08911192417144775,0.9812238216400146
3jvr,7.154184341430664,3.6209721143285276,0.30860741346970405,0.13507625460624695,0.9822607040405273
3jvs,10.988165855407715,5.427733832526592,0.426054963849335,0.009661835618317127,0.9674601554870605
3k3b,6.917318820953369,2.647359787077694,0.43936960044019774,0.1304347813129425,0.8818460702896118
3k3i,11.072372436523438,4.0526947952400025,0.4526120749862451,0.04220779240131378,0.986774742603302
3k3j,7.154809474945068,2.4339452608702716,0.5081915129965455,0.10590631514787674,0.9856475591659546
3k5e,8.689241409301758,3.135101210654021,0.36765331255634803,0.13912630081176758,0.9041414260864258
3k8s,2.7143800258636475,5.275067917873904,0.567167604766931,0.14023631811141968,0.7293994426727295
3kbz,6.088475704193115,5.48506805390443,0.4853523990586545,0.1673511266708374,0.8782022595405579
3kc0,9.295454025268555,4.018839799433178,0.4356124325098792,0.22567783296108246,0.8972183465957642
3kc1,9.70769214630127,3.989043379091566,0.47750555445992804,0.11763129383325577,0.8541597127914429
3kcg,2.7653411939361563,0.706006194367894,,,0.861849308013916
3ken,11.841279983520508,3.221565130795853,0.3501543854364309,0.02764423005282879,0.9631052017211914
3kgt,10.256650924682617,1.9399159311675163,0.3749687835667878,0.04128086566925049,0.9509637355804443
3kgu,10.378388404846191,6.782335370905382,0.388400510287812,0.06079545617103577,0.9600703716278076
3kjf,12.087590217590332,8.840427693207973,0.49224641847044354,0.07454308122396469,0.9598450660705566
3kjn,17.13832664489746,7.433849798773003,0.4304620385406711,0.041387706995010376,0.9554109573364258
3kjq,5.9868550300598145,3.1956864156601177,0.40253575618062004,0.03980730101466179,0.9341161251068115
3kq7,9.27419376373291,3.9439306392449995,0.4793029083073302,0.0982532724738121,0.9781454801559448
3l9h,12.813241958618164,4.895492330167328,0.3771935455410189,0.04041095823049545,0.835772693157196
3lfb,13.82324504852295,3.6065610849633556,0.5068829887990052,0.00846925936639309,0.9755892753601074
3lfd,13.540460586547852,4.902719735653967,0.4661884047863113,0.04152148589491844,0.9751772880554199
3lfe,12.170625686645508,5.229868790535798,0.4313874706733249,0.00877976231276989,0.9755710363388062
3lu6,2.6239054203033447,8.009248507386475,0.5054508096628727,0.5258126258850098,0.8152324557304382
3lu7,3.302219867706299,7.605632827078106,0.5398829962568121,0.42135289311408997,0.7710620164871216
3lw0,15.381949424743652,4.6158783612759695,0.4645923211743334,0.050501883029937744,0.565873384475708
3m6f,6.645664215087891,4.4709665323402925,0.4485012472318514,0.44662922620773315,0.9814066290855408
3mk6,16.205842971801758,4.267649501565474,0.5005195066784809,0.013414055109024048,0.5031294226646423
3n1v,4.239016532897949,1.217929306670441,,0.017184942960739136,0.9509283900260925
3n1w,12.359105110168457,3.63184589949094,0.5568267212273729,0.012941919267177582,0.9842385053634644
3n3l,6.711486339569092,3.3856816434436228,,0.11529126018285751,0.9603143334388733
3n45,0.5246034264564514,3.245453336575331,0.5474766004952912,0.4333333373069763,0.9722816348075867
3n46,1.1131746768951416,2.1359753424903354,0.3468734115125211,0.3480392098426819,0.9676902890205383
3n49,6.257906913757324,3.405171798271755,0.5675264660165229,0.0051742917858064175,0.9664904475212097
3n5h,10.113850593566895,3.824403619647419,0.4025611981732071,0.09957627207040787,0.9359331130981445
3n5j,8.073704719543457,2.905335466522722,0.5118335012567834,0.08180839568376541,0.9526254534721375
3n6k,9.378494262695312,6.03519913709005,,0.0,0.9757983088493347
3nax,13.386446952819824,4.343066429200271,0.5426674279658602,0.0023046531714498997,0.9667255282402039
3neo,7.9123005867004395,3.6637368025007295,0.5030993768188309,0.18792633712291718,0.9697858095169067
3nes,3.5027871131896973,2.8057873226643446,0.34519049550637265,0.10295790433883667,0.9489291310310364
3new,4.890961647033691,3.890639409700746,0.5786340285709686,0.15143299102783203,0.9797195792198181
3nex,5.322956085205078,2.201721198870414,0.2679386833223282,0.06580493599176407,0.9440076947212219
3ng5,4.931424140930176,4.925291432212018,0.18840323722560187,0.12711864709854126,0.9541327357292175
3nnu,12.922026634216309,4.017085801882582,0.46637818438115786,0.002342888619750738,0.9809980988502502
3nnv,15.758027076721191,5.047807838692509,0.49116562815788606,0.008272059261798859,0.9782257080078125
3nnw,13.804125785827637,5.839063778781276,0.4964236071794037,0.011507479473948479,0.980436384677887
3nnx,13.70860767364502,5.0777838096583325,0.5349674156842498,0.011590375564992428,0.9779606461524963
3o2m,10.084702491760254,1.683329686332798,0.4488547152540298,0.006157635245472193,0.9442651867866516
3o8p,10.276744842529297,3.991730835205864,0.4158435637952656,0.028993435204029083,0.9738836288452148
3o8t,13.992216110229492,4.181258395092522,0.384792524432431,0.04472595825791359,0.9700829386711121
3o8u,14.571698188781738,4.516039254432204,0.5236082161614101,0.0597718246281147,0.9601954221725464
3o96,12.539764404296875,4.691255783225121,0.4270159210433347,0.02716873213648796,0.9630129337310791
3obj,16.34117317199707,2.6254249783206003,0.5138578338239342,0.02077077142894268,0.9763450026512146
3oc1,9.538043975830078,1.5662126234038725,0.4506624321442067,0.003809523768723011,0.9825416207313538
3of1,7.4714884757995605,5.87830957534942,0.44987735765560966,0.22206024825572968,0.8545327186584473
3oiv,3.440847635269165,8.522449786434526,0.37085740153530355,0.3478260934352875,0.9738500714302063
3orn,8.385056495666504,3.5623220944299883,0.5844878461353632,0.012347561307251453,0.9196358919143677
3orx,7.207838535308838,1.797610184489427,0.2717063135331765,0.10373608767986298,0.48752397298812866
3orz,11.95460033416748,2.780177627617541,0.5237949612213502,0.045482296496629715,0.5301209688186646
3os3,9.65401840209961,3.719640871560889,0.38979873573466356,0.02554347738623619,0.9315042495727539
3otu,12.367188453674316,3.1312044658057903,0.3976557365062259,0.13596491515636444,0.965755045413971
3ozk,7.680461883544922,5.215666823431093,,0.09651162475347519,0.9487645626068115
3ozl,6.876786231994629,8.269085792178608,0.4028798483316853,0.04706390202045441,0.9543657898902893
3p3s,8.727408409118652,3.52597761533537,0.4240985155054739,0.02965465374290943,0.953190267086029
3p3t,9.757471084594727,3.3084875357743955,0.25848605277848435,0.05700000002980232,0.9558342695236206
3p3u,4.812742710113525,6.319608745362949,0.37408352248765026,0.0625,0.9501587152481079
3pg3,16.003406524658203,2.9632454932681003,0.49437014680432967,0.012001078575849533,0.9763904809951782
3pp1,14.085411071777344,4.166177845626403,0.18718215667073942,0.0007917656330391765,0.9425445199012756
3prj,3.294567346572876,4.141651668174198,0.4011332554666626,0.4067623019218445,0.43056538701057434
3ptz,2.6640167236328125,4.049574322645704,0.4252650946976573,0.47962427139282227,0.36611634492874146
3pxf,12.282907485961914,4.073166796674593,0.516496096331119,0.24488846957683563,0.9474480748176575
3pxq,9.055721282958984,3.971359083511314,0.4442328504474546,0.09633507579565048,0.9087560176849365
3pxz,10.06438159942627,4.814729588467461,0.4729311966812472,0.05386904627084732,0.9679215550422668
3py1,10.61927318572998,4.575631056217105,0.41616282098340884,0.04935965687036514,0.9627395272254944
3pyy,11.031534194946289,9.929461384307421,0.3401180082853007,0.0042935204692184925,0.6791062355041504
3q96,9.625152587890625,7.701471442224441,0.45359922483101817,0.04573778808116913,0.8691772818565369
3rn8,5.430790901184082,9.455246836014146,0.5156146694503153,0.151162788271904,0.8835970163345337
3rnn,3.492300271987915,6.680934471730575,0.49689761074604044,0.23255814611911774,0.802193820476532
3rz3,12.692049026489258,5.57042044812061,0.4777518835443115,0.03753753751516342,0.7322187423706055
3s41,10.283845901489258,3.308032110243897,0.4822924451481121,0.012699771672487259,0.9678510427474976
3sls,7.7326178550720215,4.2127202244233635,0.4702728985790181,0.0942426323890686,0.9634623527526855
3smq,8.903332710266113,4.702096065853982,0.3917034499011544,0.16111111640930176,0.9678465723991394
3tct,4.718335151672363,5.37940752722992,0.31893067635128197,0.07699275016784668,0.9456402063369751
3u18,5.442203044891357,6.395855429579883,0.3033153365578342,0.1666666716337204,0.9460254311561584
3uo9,10.521829605102539,4.45790888698494,0.4368503336664784,0.0,0.6673014760017395
3ut3,9.673945426940918,6.008848890210758,0.40930335617300617,0.05203908309340477,0.6065386533737183
3uvv,11.668560981750488,7.0201521287369415,0.5489818838843953,0.03419452905654907,0.9288791418075562
3v01,11.549609184265137,3.830149051613597,0.5719211704559565,0.00020593080262187868,0.9565993547439575
3v04,11.86987018585205,3.7527456169989892,0.4010587117098452,0.04411764815449715,0.9732189178466797
3vev,9.332598686218262,4.2481440108272075,0.5207338025901433,0.1768292635679245,0.974126935005188
3vey,7.714843273162842,4.576975927563745,0.5141073662809448,0.013449367135763168,0.9736881852149963
3vf6,10.478053092956543,4.689255725982164,0.5587249818683387,0.06089743599295616,0.9700393676757812
3voz,5.636070728302002,3.095941304219543,0.3713571886924661,0.06374502182006836,0.9502044916152954
3vp1,7.835022449493408,3.4258130976979704,0.38688777561025717,0.22189506888389587,0.9723818302154541
3vp3,9.212197303771973,2.586278798547282,0.4309971852569584,0.0,0.9627054929733276
3vvh,12.26431941986084,3.611655943911826,0.4575447433915487,0.045739348977804184,0.670540452003479
3wig,4.053135871887207,4.786330202749611,0.39728754176494685,0.54347825050354,0.9230437874794006
3wpn,15.187699317932129,3.5662362205518403,0.49745939724059374,0.0997190997004509,0.9585055112838745
3zcw,9.979122161865234,6.101625046512479,,0.07762237638235092,0.9407328367233276
3zm9,14.904537200927734,5.337127158882844,0.3613580929348515,0.036854710429906845,0.9377100467681885
3zqt,5.840857982635498,5.862630353607395,0.4573084254027546,0.2936643958091736,0.9736676216125488
3zyx,7.934813022613525,8.879262358407217,0.43073285201886635,0.03992424160242081,0.9251965284347534
4a06,3.5768935680389404,3.6997844498919297,0.29278747933322885,0.31060606241226196,0.8967673182487488
4a07,4.2846174240112305,1.595624989615935,,0.3125,0.9155122637748718
4a50,6.243748188018799,2.9481494969208453,0.34276257989146225,0.03247162699699402,0.9489824771881104
4a51,3.3188974857330322,3.368107543522208,0.4491462872945839,0.2785714268684387,0.5042693614959717
4a79,7.988112926483154,8.051222178733862,0.39076814529174897,0.04805013909935951,0.8333925008773804
4a7a,8.007599830627441,8.862303733880816,0.38029154978789675,0.08686719089746475,0.8725001811981201
4a9y,15.220074653625488,3.787874872910125,0.4590237346834888,0.0011045655701309443,0.9743587970733643
4aa0,16.5781307220459,2.9854243205712017,0.4123169121452966,0.0859735980629921,0.9767696261405945
4abq,12.382006645202637,3.8516054807829248,,0.07495947927236557,0.9538410305976868
4abu,8.062310218811035,5.21932776493559,0.392793935501777,0.025991791859269142,0.9599974155426025
4abv,4.368920803070068,4.159271146799301,0.30359394964903663,0.06810897588729858,0.9422531127929688
4abw,15.602571487426758,2.48031252465823,,0.0,0.9589244723320007
4ac2,7.507256031036377,5.461804828304632,0.43255428341091795,0.04473244026303291,0.9580351710319519
4ac4,5.163938045501709,1.8618234724342424,,0.03582930937409401,0.9494088888168335
4act,13.084022521972656,2.827616314036667,,0.30844154953956604,0.9549658894538879
4an2,8.673393249511719,3.9559105997868294,0.428840492324411,0.05567102134227753,0.9583130478858948
4an3,7.064119338989258,3.7843793460799695,0.4566249383686919,0.027448071166872978,0.9563705921173096
4an9,9.917515754699707,4.642589905513432,0.5061130315658648,0.01785714365541935,0.9639695286750793
4anb,9.324834823608398,4.557819094291417,0.38334603298457626,0.07848282158374786,0.9521514177322388
4ap0,3.747087001800537,3.515841181665093,0.5929274370286607,0.14839094877243042,0.6343404054641724
4aqh,11.95276927947998,5.239134652399765,0.5747678968985722,0.020968908444046974,0.6861144304275513
4ark,18.042388916015625,3.7535130712931797,0.3430775498001799,0.04838709533214569,0.9580752849578857
4as7,2.4604437351226807,3.7409425279874315,0.5107511566116228,0.13461539149284363,0.9091612100601196
4aw0,10.638096809387207,4.157355373790362,0.2483259613056972,0.046472832560539246,0.9627020955085754
4aw1,1.977329969406128,4.140656912505471,0.5163421036942535,0.3214285671710968,0.9563817381858826
4b2d,8.345992088317871,5.335797782121754,0.5279717474412153,0.15808823704719543,0.6689068078994751
4bbg,3.323354959487915,3.2607623420616454,0.3247914657942963,0.2696078419685364,0.9070056676864624
4bxn,7.345739364624023,4.828643538789637,0.4267179112816006,0.1274038404226303,0.8495873212814331
4bzb,3.984609603881836,2.6653993104806113,0.37270705937089355,0.04146208241581917,0.5466951131820679
4bzc,4.048005104064941,2.8537265947908725,0.47757283995287386,0.12778769433498383,0.48634082078933716
4c7b,0.10140202194452286,6.02005768070664,0.5293474839900356,0.9344262480735779,0.97800213098526
4c8b,12.816329002380371,4.82469032408913,0.5432335148765546,0.016778523102402687,0.8190431594848633
4cfe,5.9225172996521,6.792103874995855,0.5499833635266613,0.11105577647686005,0.6315540671348572
4cff,10.569388389587402,6.198792448552171,0.5303568886288839,0.11993243545293808,0.6607608795166016
4cll,15.27607250213623,1.7394123878960843,0.6039259960743332,0.0,0.924513578414917
4clp,4.728147506713867,3.1067899126380274,0.32437511322844276,0.12278760969638824,0.9167388677597046
4clw,9.499415397644043,3.706721617775468,0.5098316551155584,0.02956298179924488,0.9324333667755127
4cly,19.99784278869629,2.4696844753832288,0.34684912102921955,0.0077092512510716915,0.8952842354774475
4clz,8.84056282043457,4.501178456046777,0.43981310582017347,0.08067144453525543,0.8604423999786377
4crt,5.7825212478637695,9.290048953785313,0.42263973936035143,0.1922706812620163,0.9007405638694763
4ct1,,3.2692612094599633,0.430984011739902,,0.9770143032073975
4dbn,9.247617721557617,6.147367537561048,0.4796891508794654,0.026830632239580154,0.8906101584434509
4dch,12.529533386230469,4.447993869891107,0.45573278350238744,0.010623229667544365,0.921795666217804
4der,11.099892616271973,6.223618718056014,0.3093622372751836,0.1096590906381607,0.956852912902832
4des,15.513694763183594,6.06584704939315,,0.05567226931452751,0.962938129901886
4det,15.650524139404297,8.188056077042198,0.30823017642445627,0.028708133846521378,0.9616167545318604
4deu,7.681146621704102,1.9208761277774866,0.34899990331769554,0.08532695472240448,0.9569655656814575
4dhy,9.097908973693848,3.650902505771315,0.47630308996614346,0.04076087102293968,0.9455952048301697
4dlr,4.33173131942749,6.10386553225518,0.40838451326509523,0.41874998807907104,0.9747952222824097
4dlv,6.488189697265625,3.993232211181816,0.29124788155110953,0.3693181872367859,0.9783879518508911
4dlx,6.333961486816406,5.067940076223913,0.3770308870400607,0.3877550959587097,0.9786219596862793
4dly,2.5303874015808105,4.557676912186767,0.4292227469212669,0.4702380895614624,0.9585599303245544
4dlz,3.764010190963745,4.812026712973068,0.3380131973859684,0.4166666567325592,0.9681655764579773
4e6a,17.125410079956055,2.3205170260457764,0.41312430464527894,0.0,0.9639524221420288
4e6c,16.71009063720703,2.8303211743877768,0.42099736424141426,0.0015267175622284412,0.9757905006408691
4e8a,13.098404884338379,3.8138476883554375,0.28405247057912586,0.028943559154868126,0.9652138352394104
4ebv,6.046786308288574,3.579454290924485,0.5717703087185392,0.1834845095872879,0.9768826365470886
4ebw,8.108416557312012,4.772025236281772,0.5117454727001814,0.08353174477815628,0.9750602841377258
4eh9,5.808886528015137,4.1097827591069445,0.5542238250891902,0.09382329881191254,0.9847062230110168
4ejn,9.884686470031738,3.913978350928669,0.559553063880229,0.02073412761092186,0.985420823097229
4ez7,8.896947860717773,3.574068468765197,0.5103418893378844,0.032967034727334976,0.9633891582489014
4fap,3.361849308013916,10.82613458629979,0.43197539865318724,0.35475394129753113,0.9423279166221619
4fc0,11.38923454284668,10.89233575679453,0.4587434245365672,0.02610441856086254,0.894565999507904
4fea,7.77871561050415,4.673301691870598,0.3750286151979526,0.15757042169570923,0.9427183866500854
4fi6,4.36544942855835,7.7342054412040895,,0.07726692408323288,0.9318686723709106
4fi7,4.800079345703125,6.999875495008709,,0.07112845033407211,0.9358164072036743
4fi8,4.7443647384643555,8.135182021573588,0.33106597428142165,0.08687258511781693,0.9516485929489136
4fxf,4.334603786468506,7.217336956309508,0.5245779444861138,0.1963101178407669,0.6126834154129028
4g0n,1.9149682521820068,9.417071376786502,0.48562962937523907,0.1339285671710968,0.9697868227958679
4g1n,12.249238014221191,6.964119256198124,0.5227518501385151,0.02590673603117466,0.6156289577484131
4g8o,14.590937614440918,4.844528800310899,0.3953573794560511,0.005880665499716997,0.7297899723052979
4g8r,11.106402397155762,5.5435049927918545,0.4154384912685369,0.029846154153347015,0.7959005236625671
4g9c,7.896582126617432,4.067529465596754,0.463401079152904,0.028299355879426003,0.8902319073677063
4g9r,10.077107429504395,3.9412859391267383,0.4769582110511893,0.11538461595773697,0.8478561639785767
4ghi,3.066331983693718,8.480917680794443,0.5613558389786705,,0.9663500785827637
4gqq,6.649672985076904,3.7339506440709234,0.5752329643575981,0.22484277188777924,0.9222800135612488
4gs9,2.733157604746372,2.942943352321817,0.4820438751019382,,0.9511334896087646
4h4b,11.292781829833984,8.657130437168858,0.47216806086910085,0.0014060742687433958,0.8863545060157776
4hiq,7.6924896240234375,5.835613760721157,0.3937361582345776,0.08689458668231964,0.9427176117897034
4his,4.416025161743164,5.149957285136302,0.26383406786400737,0.11687725782394409,0.9487321376800537
4hjs,7.20628023147583,5.24442470684537,,0.10694635659456253,0.9603511691093445
4hjt,5.4734015464782715,6.046596038072928,0.31366380146850026,0.08873581886291504,0.9425892233848572
4hju,3.161168098449707,3.7013320183130425,0.347201989444154,0.07364864647388458,0.9487395882606506
4hlw,6.108798027038574,7.096057417726381,0.48703232959517573,0.14259028434753418,0.9836634993553162
4hsg,11.918131828308105,3.307523968725742,0.5238668016094725,0.014036785811185837,0.9713971614837646
4i1r,9.068520545959473,3.149945422287224,0.581925940363582,0.030612245202064514,0.969878613948822
4i4f,9.566617012023926,7.186871537122546,0.4930783173291812,0.08376963436603546,0.976861834526062
4i85,8.723250389099121,5.252192875917221,0.3379693520772934,0.07228915393352509,0.950623095035553
4i87,7.522441864013672,5.43745555803002,0.5111394149409337,0.1225806474685669,0.9136293530464172
4i89,8.50617790222168,3.627026944684318,0.38778956518794483,0.049410995095968246,0.9490203261375427
4iiz,6.245990753173828,3.7262487502329433,0.31835201329657115,0.059633027762174606,0.9486390948295593
4ik6,6.687514781951904,4.8410116873255955,0.2729160716948437,0.06240369752049446,0.9486390948295593
4ik7,5.37482213973999,8.295674621238343,0.30631836121816386,0.05135134980082512,0.9365367889404297
4iki,6.10063362121582,5.336193251137043,0.23050655983699966,0.054602887481451035,0.9365367889404297
4ikj,5.655292987823486,4.693553547161835,0.40083901328998434,0.01989389955997467,0.9236485958099365
4ikk,5.899323463439941,4.674310065500993,0.37066370227225026,0.02371794916689396,0.9236485958099365
4ikl,5.92874813079834,4.709223365680838,0.3496684362172946,0.021494708955287933,0.9236485958099365
4io8,11.567718505859375,4.13709846516386,0.3930847597273408,0.005113636143505573,0.9733424186706543
4ip7,4.40118408203125,2.9690506365409424,0.5720718133877405,0.11400293558835983,0.6891161203384399
4ise,9.264890670776367,4.421628032470075,0.49002015489818046,0.026404494419693947,0.9396913647651672
4isf,9.95833683013916,4.376479171104502,0.5867196979129873,0.02664576843380928,0.9454454183578491
4isg,8.780383110046387,2.9699612356254494,0.6034529447918728,0.011766602285206318,0.9550646543502808
4iwv,8.570042610168457,4.367503508609702,0.47724253229240826,0.004464285913854837,0.9707515835762024
4ixc,10.111787796020508,3.24397969341789,0.5948169571398277,0.019742989912629128,0.9729635715484619
4ixd,12.459117889404297,6.933009995034767,0.4973966923876577,0.04034135118126869,0.9750188589096069
4jvg,17.341196060180664,8.47497548070746,0.31730221878343406,0.05707692354917526,0.7750371098518372
4k5y,10.257325172424316,3.429688751513866,0.38568429804302456,0.046535324305295944,0.8035367131233215
4k7a,8.882387161254883,4.693083891636079,0.5326923527193629,0.09530095010995865,0.9881407618522644
4ky2,6.9360246658325195,3.8135405966742772,0.4076578846023731,0.11239781975746155,0.9519802331924438
4l1s,,,,,0.9211016893386841
4l1t,8.100239753723145,3.621134758789902,0.4646707050928375,0.11297468096017838,0.9573253393173218
4l3q,16.603914260864258,3.5855503020464705,0.50739133597549,0.004197761416435242,0.9675302505493164
4leg,15.212333679199219,4.703740820724165,0.32097813246457746,0.14745916426181793,0.9699168801307678
4lmn,9.825730323791504,4.411894662399255,0.3902392134873947,0.028779473155736923,0.9327263832092285
4lpg,13.73672103881836,2.2088370055201962,0.49414525092775063,0.007796780671924353,0.9632588624954224
4lph,7.797139644622803,2.109838517951452,,0.0,0.9682590961456299
4luc,7.889563083648682,5.5201016739109985,0.33406653196181074,0.1767241358757019,0.920937716960907
4lv6,4.866332054138184,6.927948019967007,0.4430122706865902,0.14444445073604584,0.9225351214408875
4lyf,2.3882267013676133,5.2582952312320534,0.35452571609154,,0.9387228488922119
4lyh,3.043269180843431,7.774733798573534,0.4867120153832488,,0.9447530508041382
4lyj,9.122893333435059,6.120843765874294,0.30444822596334564,0.14441747963428497,0.9720388650894165
4m0y,9.519224166870117,8.390858258427265,0.546542984784941,0.12740184366703033,0.9704260230064392
4m0z,2.478013157240435,5.480614522210703,0.3776022514037101,,0.9709410667419434
4m12,2.7612250431142518,8.248373565341758,0.5630310435636624,,0.9814112782478333
4m13,2.986399055374337,2.955261935744915,0.3975473719075071,,0.9777969121932983
4m14,8.106852531433105,7.299860994926683,0.4364705744734957,0.11553191393613815,0.9586911201477051
4m15,4.0377583503723145,4.387324991436362,0.2859261182759119,0.139384925365448,0.9271436929702759
4m1o,3.0928575854712923,7.766536650913078,0.5334151467756062,,0.924527645111084
4m1s,3.264485117127038,7.1219042387817515,0.371780930515639,,0.9395338892936707
4m1t,3.34758545976469,7.237421448758137,0.36771906934642584,,0.9338024258613586
4m1w,5.338827133178711,4.72945752363772,0.37211971796909227,0.2613636255264282,0.9235003590583801
4m1y,3.0260359744437424,5.457016320274468,0.47870626849989084,,0.9128655195236206
4m21,3.3227471676361815,8.012638651596735,0.4476857619543768,,0.8748206496238708
4m22,1.1423413753509521,7.4850695031082,0.5550193546852598,0.289682537317276,0.9118942618370056
4mas,3.5082452297210693,6.315462313689856,,0.2289959043264389,0.9552938342094421
4mdk,9.186015129089355,6.529822875626301,0.44004936533853073,0.08205335587263107,0.5991306304931641
4mjo,6.649055004119873,6.2804581700993705,0.37096590929447515,0.04432692378759384,0.7182736396789551
4mle,11.023761749267578,3.804953498506619,0.5157316121662657,0.0028114186134189367,0.9729733467102051
4mlh,7.016111850738525,3.3017434996623796,0.5103281821087884,0.039707016199827194,0.9743273854255676
4mne,11.423827171325684,4.1992963686197236,0.47849168975329753,0.053512804210186005,0.5696081519126892
4mqt,8.126502990722656,3.5519537531793857,0.4252691456836431,0.0014204545877873898,0.8484904170036316
4mz7,11.31108283996582,3.5174968404002915,0.484379207929287,0.04618268460035324,0.6919501423835754
4n6g,10.843870162963867,5.9828343735330565,0.4937146193318563,0.0,0.8824284076690674
4n7j,14.344179153442383,5.493232246984716,0.4219780413784383,0.0,0.8824284076690674
4n7m,14.096625328063965,4.931986150004677,0.4423876453852278,0.0006112469709478319,0.8824284076690674
4n86,4.422050476074219,3.956646419964799,0.4131440671040528,0.04151943325996399,0.9276004433631897
4n87,5.126841068267822,3.370124972604757,,0.0595238097012043,0.9303320646286011
4nbl,13.814087867736816,7.330666589207151,0.4700615669023924,0.0044742729514837265,0.8985084295272827
4ni0,1.2450876235961914,4.52813080804597,0.4191404483938083,0.7569882869720459,0.9796009063720703
4no7,15.34898853302002,4.370550967492789,0.5401335948722772,0.010593220591545105,0.9745500087738037
4oya,,3.8950536668849995,0.5749778694958431,,0.9821911454200745
4oyb,,4.06384008203292,0.4525345153201291,,0.9771510362625122
4oyi,,4.682014006415368,0.5896829570425101,,0.9834466576576233
4oym,,3.315475614811974,0.36825114973455164,,0.9853672385215759
4oyo,,3.3169093159548524,0.5925592207803035,,0.9769781231880188
4oyp,16.011777877807617,2.997595272686492,0.5445868696804226,0.0,0.962842583656311
4oyz,9.9550199508667,1.9512979291260302,0.5194801710355756,0.0037878789007663727,0.9404022097587585
4oz2,6.441545009613037,2.8069935925700746,0.573982089575574,0.09608090668916702,0.9719126224517822
4oz3,,3.779575210413414,0.5118046582382976,,0.9829343557357788
4pa0,9.804546356201172,4.802125444460916,0.4655751555660611,0.039905451238155365,0.582284152507782
4pcu,5.166346549987793,9.717332044222546,0.4733662104279377,0.2292216420173645,0.6585325598716736
4ple,4.831739902496338,8.896738326443659,0.39502707243009816,0.12493283301591873,0.6230673789978027
4qfx,3.900571584701538,3.0752531841825665,0.48349470282181345,0.08273263275623322,0.5882717370986938
4qfy,3.817310333251953,1.1221516672958665,,0.06387730687856674,0.5402709245681763
4qfz,4.026991844177246,2.04835078327802,0.3277237873752981,0.08927232027053833,0.5900785326957703
4qg0,3.822316884994507,4.252648024149234,0.40235277955112414,0.10145406424999237,0.5536658763885498
4qg2,2.936892032623291,3.847856888441637,0.43331624887666004,0.125,0.5578712821006775
4qg4,3.7396886348724365,1.546190360123932,0.4158849766949517,0.09166666865348816,0.5534071922302246
4qpl,2.775047540664673,5.859954124717579,0.4239754043631701,0.422839492559433,0.9357357621192932
4qqn,14.946279525756836,4.069339248854825,0.4712568144162628,0.06521739065647125,0.9544080495834351
4qxs,15.00414752960205,3.085393151268164,0.49718015481286704,0.10819165408611298,0.8650548458099365
4rer,18.195341110229492,3.702366124472669,0.3724724814877297,0.0180619265884161,0.7598951458930969
4rew,11.008943557739258,5.141660241789966,0.4552239198944958,0.1836847960948944,0.6943948268890381
4rol,0.8207297325134277,6.972102587251243,0.5370509007245258,0.7850220203399658,0.954221248626709
4rom,0.86089026927948,7.5291403377143515,0.46151643424823063,0.8175262212753296,0.9507393836975098
4rqk,14.4962739944458,4.825718359525366,0.2673698215265439,0.03131262585520744,0.9720527529716492
4rqv,18.584062576293945,4.4432267867974184,0.22313698919799402,0.009803921915590763,0.9642992615699768
4rt7,19.8365535736084,3.461922833195496,0.4225817197553528,0.0004068348207511008,0.8934803605079651
4rxa,9.516494750976562,4.59039399628576,0.32860100055164015,0.06309665739536285,0.9726195335388184
4rxo,6.660249710083008,1.9775108390345495,0.37925463995834247,0.003211462404578924,0.5179440975189209
4rxp,8.615226745605469,4.846461525901036,,0.017303889617323875,0.641834557056427
4rxq,8.734006881713867,3.0134711925611977,0.21809041984680974,0.0590163916349411,0.7322199940681458
4rxr,10.606502532958984,3.7719914473325757,,0.018571428954601288,0.5854722261428833
4rxs,8.773539543151855,6.789737409377005,,0.0546875,0.6134363412857056
4ryl,8.302103996276855,2.937129075016571,0.5455453382712303,0.06676749885082245,0.9575587511062622
4tnp,1.5582919120788574,2.7516069157048597,0.33751332181930277,0.07546749711036682,0.591189980506897
4tnq,2.2527825832366943,2.6581105547343165,0.3889724083117993,0.08466135710477829,0.6324712634086609
4tnr,2.453854560852051,2.6684024665720614,0.5133442467077819,0.05159235745668411,0.4840151369571686
4tnx,3.4082984924316406,2.558425657928162,0.5528075552128907,0.08139944076538086,0.5150014162063599
4tpt,9.579111099243164,2.75067344861419,0.4893939822559528,0.06034482643008232,0.9430570006370544
4tpw,3.2734039211867283,3.1662639302182725,0.33755666552931635,,0.9435510635375977
4tqb,2.6905477324430884,2.055129284574198,0.46529562697185717,,0.9507427215576172
4tqc,3.3126559903526793,3.5878387146991284,0.4677054692782409,,0.9522218704223633
4umx,5.307511329650879,8.312503699421354,0.39877120489270274,0.1279296875,0.6339739561080933
4usw,12.713898658752441,3.3092604023306613,0.5595364642148066,0.027110500261187553,0.9004963040351868
4uuu,12.205671310424805,7.203744943856008,0.5563251647689743,0.04740406200289726,0.9335070252418518
4w9n,0.4160629212856293,4.96909702609357,0.5473134453190339,0.3928571343421936,0.5181288719177246
4wo5,12.616093635559082,4.152145033522362,0.5823474843286612,0.032258063554763794,0.8736713528633118
4wv7,8.656719207763672,5.4738930625234214,0.5056279541151473,0.1454983949661255,0.8396656513214111
4xx9,7.915449619293213,3.489017359127679,0.5230719558371042,0.02659176103770733,0.9579077959060669
4xz2,4.042216777801514,3.6668516526870865,0.46920414754121814,0.3068585693836212,0.5928031802177429
4ypq,5.047983646392822,7.04253760123505,0.5865857575701906,0.05212234705686569,0.974533200263977
4z07,9.29679012298584,2.009543213836521,0.36124401817714,0.07020056992769241,0.6964699625968933
4zht,9.124241828918457,3.528017468197795,0.43696297426902336,0.05934150144457817,0.5382314324378967
4zhx,9.899160385131836,2.996272147474133,0.582631396194604,0.09754004329442978,0.6512234210968018
4zji,9.063095092773438,7.45348177835013,0.6332889382966054,0.029446177184581757,0.47781258821487427
4zjj,9.132538795471191,7.142459256694296,0.613091768235737,0.0550239235162735,0.7740838527679443
4zlo,8.675127029418945,8.212669897485632,0.5752811793241688,0.023672565817832947,0.9292474985122681
4zsg,,2.9907554960979583,0.47172534501010693,,0.9843350648880005
4zsj,,3.443783065088973,0.44229408083729344,,0.9861136674880981
5ack,7.990233421325684,2.7767906248084886,0.43456544356776056,0.2767857015132904,0.9582296013832092
5afj,1.0142042636871338,7.599183755231901,0.556164193832708,0.6641790866851807,0.7242412567138672
5afk,4.471795082092285,6.416323777881006,0.48103260480959537,0.16746126115322113,0.8311842679977417
5afl,7.403820991516113,6.12187988020519,0.476760231120693,0.12222222238779068,0.8904898166656494
5afm,0.7732982635498047,5.79024870885451,,0.8374384045600891,0.7656675577163696
5afn,1.706938624382019,8.48715347774121,0.43500007282480796,0.6255102157592773,0.8286044001579285
5ao0,6.661707878112793,4.944051559863635,0.3628210233542415,0.0271952822804451,0.8347710371017456
5ao1,4.465790271759033,2.190698610537507,0.4411203080024304,0.0859375,0.7535610198974609
5ao2,6.027022838592529,2.4075528933242465,,0.0317460335791111,0.599633514881134
5ao3,5.740983009338379,2.16131410726902,0.34791156545527785,0.20639534294605255,0.5406925082206726
5ao4,6.963815212249756,4.953488618058985,0.3906733918723114,0.1803797483444214,0.5406925082206726
5btr,0.5095644593238831,2.3009540908151513,0.5555042570302187,0.8421052694320679,0.8257737159729004
5c4o,8.570393562316895,7.480938206766871,0.4786939893319726,0.01981525681912899,0.9769045114517212
5c4s,9.028018951416016,7.497435114771134,0.5875427179139161,0.06223880499601364,0.978245735168457
5c4t,14.439844131469727,1.1037418532363577,0.5145728330215363,0.040467627346515656,0.9764420986175537
5c4u,9.09272289276123,5.5031462802751845,0.6006010204788256,0.049911919981241226,0.9807536602020264
5cgc,5.2978363037109375,5.926340188389618,0.5468448945510652,0.3383333384990692,0.9258007407188416
5cgd,5.989514350891113,4.037778431723281,0.4835907439125741,0.13376931846141815,0.9151317477226257
5cxv,14.252553939819336,3.468155676165578,0.39643930377938286,0.09234233945608139,0.9409795999526978
5d0r,12.095805168151855,3.6566094505186073,0.4898005255804475,0.04262367635965347,0.9797326326370239
5d41,11.48395824432373,4.7764485093390965,0.5384261342318944,0.01994875632226467,0.7478644251823425
5de1,9.33411693572998,8.732492983637073,0.3991135191050727,0.115648053586483,0.49599915742874146
5dgm,9.07377815246582,3.145388675064601,0.43335856866276784,0.007743362803012133,0.975156843662262
5dgn,18.330881118774414,3.926028500451046,0.4349836889974199,0.03122289665043354,0.981678307056427
5di7,6.657278537750244,7.608441476107988,0.5468878805916922,0.17807424068450928,0.9216793179512024
5did,5.708863735198975,6.182272177014325,0.6354382151790289,0.1270226538181305,0.8629390597343445
5die,5.32921028137207,7.477923385941437,0.6360639921098903,0.1390165388584137,0.8187322616577148
5dig,5.149358749389648,3.5506571272674825,0.6043269564392972,0.12308534234762192,0.803942859172821
5diq,14.515071868896484,2.5530945179276685,0.4038158040305276,0.12908291816711426,0.962240993976593
5djp,6.711940288543701,3.590563902659653,0.46324855850176416,0.0030120480805635452,0.9669042229652405
5djr,7.130435466766357,2.682265667402419,0.4437505091068587,0.022163964807987213,0.9615646600723267
5djv,9.261606216430664,3.613955477221435,0.463281831239404,0.03317432850599289,0.9626986384391785
5dk9,6.463902950286865,6.501422002934216,0.5887435267349826,0.16135156154632568,0.9216591715812683
5dkb,6.911464214324951,5.948127394340246,0.577571163907264,0.13513962924480438,0.9332693815231323
5dke,5.79652738571167,6.385820248562425,0.5986271994372075,0.16680064797401428,0.9459142684936523
5dkg,7.9461283683776855,6.034884593488623,0.5536573323856675,0.18592964112758636,0.9270082116127014
5dks,6.604333400726318,8.05605185147043,0.5196810727782374,0.11076732724905014,0.8089419603347778
5dl4,9.18626594543457,6.8640016546901315,0.5925139930951185,0.0490066222846508,0.9203920364379883
5dlr,4.737440586090088,6.7231547107851295,0.6189077805499269,0.2723958194255829,0.936254620552063
5dmc,4.8395185470581055,5.108127910706449,0.5474450515254217,0.19850745797157288,0.9548973441123962
5dmf,6.825162410736084,9.467475645548383,0.5120449464816784,0.1695827692747116,0.9450621604919434
5dos,12.73763370513916,1.509480129613161,0.17339659201248714,0.13933120667934418,0.9654299020767212
5dp0,7.9085211753845215,9.262713095426086,0.5669808475360983,0.10192982107400894,0.8896166682243347
5dpv,9.607071876525879,4.436432258066041,0.29309024113285403,0.1316993534564972,0.9751884341239929
5dr2,10.78933048248291,5.559917140077128,0.2970791323246894,0.07500000298023224,0.9480805993080139
5dr6,8.579096794128418,6.7784561813585436,0.5326334350636631,0.007067718543112278,0.9354920387268066
5dr9,8.946974754333496,5.407815323077473,0.3031502924271015,0.21037867665290833,0.9743002653121948
5drj,6.639702796936035,7.057523359029214,0.6189967851883648,0.16988690197467804,0.8920654654502869
5drm,4.587939262390137,7.529546516391324,0.5752949086435519,0.2845945954322815,0.9021077156066895
5dsg,6.747107028961182,3.512770154083796,0.4468038519262082,0.0695825070142746,0.8664994239807129
5dt4,10.617226600646973,4.080919335552627,0.22560431299926934,0.10797341912984848,0.9693974256515503
5dtv,6.821571350097656,5.35144681099968,0.638391755127147,0.20442841947078705,0.7992103695869446
5du5,7.695528507232666,5.325673073869173,0.5967940308596507,0.3289331793785095,0.9382100105285645
5due,8.634638786315918,8.063188017411184,0.5285530287018406,0.18596680462360382,0.921330988407135
5dug,8.817529678344727,7.390402840317379,0.4735417607297882,0.13709677755832672,0.9287298917770386
5duh,13.311247825622559,8.38709891530893,0.5355658694814902,0.11320754885673523,0.9376547932624817
5dvs,6.669676780700684,6.167462890246644,0.6239578269057007,0.17266851663589478,0.9455664753913879
5dvv,5.330513954162598,6.500488269493721,0.5025561531793012,0.18680556118488312,0.9508707523345947
5dwe,5.2633538246154785,6.99125497335069,0.605428052029252,0.2434607595205307,0.9276854395866394
5dwg,6.4301652908325195,6.161300526956725,0.5841225616853774,0.18287937343120575,0.8487450480461121
5dwi,6.382099151611328,6.7063040672513505,0.6052647953771012,0.15834887325763702,0.8429887294769287
5dwj,6.3240532875061035,6.823960233602516,0.6050907382300178,0.23836717009544373,0.8940222859382629
5dxk,4.283778667449951,4.997022996525005,0.48906710088259375,0.25498950481414795,0.94133460521698
5dxm,5.129570484161377,7.605570083348846,0.6322418116735735,0.22861842811107635,0.7876537442207336
5dxp,3.720170736312866,4.728302810391571,0.5427651105123911,0.2201450914144516,0.9437832832336426
5dxq,6.1612958908081055,3.794031995479411,0.4885606512497047,0.18919652700424194,0.9420057535171509
5dxr,3.666407346725464,5.8464406209964395,0.526359977767399,0.2888827919960022,0.9350876212120056
5dy8,5.587085723876953,4.543776772171933,0.6037093116711177,0.17812219262123108,0.9167114496231079
5dyb,4.116739749908447,7.444693566489922,0.5438931996759594,0.3110632300376892,0.9175084829330444
5dyd,6.414238452911377,7.772264713298708,0.5519095997761198,0.21398963034152985,0.9321697354316711
5dz0,6.363829612731934,5.570320069571356,0.5780681781687312,0.18968340754508972,0.8895608186721802
5dz1,7.073807239532471,5.85862291565315,0.6333276453997326,0.18869644403457642,0.92765873670578
5dz3,7.521655559539795,5.9653441843580115,0.6322420174529,0.14088158309459686,0.9324973225593567
5dzh,7.0057854652404785,8.83378243258064,0.6317147551721177,0.21924084424972534,0.9376831650733948
5dzi,6.528735160827637,7.75471224583735,0.5882128915269736,0.11381753534078598,0.9449063539505005
5e0w,5.776205062866211,6.825583635955407,0.534405970782311,0.29371583461761475,0.9404613971710205
5e0x,8.001514434814453,8.918215663359454,0.5597649826424427,0.08837638050317764,0.9159853458404541
5e14,8.507686614990234,7.336977924374591,0.568436096189577,0.18140466511249542,0.7378185987472534
5e15,6.4201507568359375,7.893796007809202,0.5449953310874467,0.15004660189151764,0.8842425346374512
5e19,8.069120407104492,1.4676805521627931,0.5596332031519666,0.05564263463020325,0.9576001167297363
5e1c,9.444130897521973,5.965339832411556,0.5133295505864912,0.17548687756061554,0.9136862754821777
5e29,0.8229976296424866,7.021623021395606,0.41915183932634675,0.7960280179977417,0.9598262310028076
5e84,3.698181629180908,3.307541311797624,0.4490148337486382,0.301075279712677,0.43571001291275024
5ehj,6.885740280151367,3.7788302825419637,0.5572337270027847,0.2089710831642151,0.8156286478042603
5ehp,9.458446502685547,4.3356655493779535,0.4998462128938515,0.01942090317606926,0.8500447273254395
5ehr,16.529979705810547,3.8741810510677053,0.522359986693141,0.0164930559694767,0.8411698341369629
5et8,15.3211669921875,4.288291009902074,0.4178993989797027,0.03485757112503052,0.9522857666015625
5ewj,2.9517924785614014,4.6816191064234465,0.5154498655408328,0.7107843160629272,0.8675475120544434
5ewl,3.5090980529785156,3.6772615625161453,0.5250419898158293,0.6089743375778198,0.8676214218139648
5ewm,3.473984718322754,4.6848081407592606,0.48309229925386665,0.7406250238418579,0.9135489463806152
5ezv,9.162141799926758,2.6202370236956414,0.5915056573370921,0.0,0.5945349335670471
5f2e,7.49480676651001,8.809973942639772,0.4808493701885161,0.1666666716337204,0.984390914440155
5f6w,5.449010848999023,1.002018514508675,,0.0993485376238823,0.9727750420570374
5f6y,5.007683753967285,3.3845327800911686,0.4810170587874491,0.040464743971824646,0.9703225493431091
5fii,5.165705680847168,3.645683764033379,0.5749566224119965,0.05164533853530884,0.861634373664856
5gre,6.829124450683594,3.54082833884034,0.5269471889494268,0.04172320291399956,0.8125578761100769
5grf,13.68509292602539,4.709150641193447,0.5254252910724159,0.0003436426050029695,0.9261226058006287
5gri,3.419414758682251,2.9542479087669724,0.5969419174259694,0.2767857015132904,0.9107109308242798
5gsa,18.710176467895508,4.135515219118751,0.3132780270032832,0.0016064257360994816,0.9098992943763733
5h08,12.162628173828125,6.036890997374501,0.5450221437597426,0.06266993284225464,0.9778596758842468
5h14,11.433525085449219,3.5020321593621073,0.4304685265614246,0.004421518184244633,0.8784478902816772
5h15,9.845529556274414,2.811581928074025,0.45204542472756215,0.005749128758907318,0.9083857536315918
5h17,13.204206466674805,3.641762904765367,0.459685593932638,0.005267778877168894,0.9652035236358643
5h25,13.993673324584961,3.8277072925918976,0.29568257340098114,0.03632115572690964,0.8868644833564758
5h3q,4.792108535766602,4.1416503577519315,0.5081380060196401,0.44771862030029297,0.976521372795105
5h8h,8.275847434997559,7.326892961397632,0.5856686099906329,0.03188405930995941,0.9624201655387878
5h8q,10.272271156311035,6.796468804663837,0.5371541106483836,0.00035310734529048204,0.9674471020698547
5htb,8.380966186523438,2.130378445183728,0.3220435505549636,0.06016949191689491,0.985425591468811
5htc,10.351883888244629,4.15098830355302,0.40240057227400067,0.03401242941617966,0.9715797901153564
5i2c,15.931011199951172,3.4470476024153793,0.5535945730498641,0.0005070993793196976,0.7509171962738037
5i2k,9.563334465026855,7.153915164760498,0.6023148017838157,0.049288060516119,0.9692978262901306
5i2n,7.471351623535156,7.772810669741451,0.5796907053399765,0.00563798239454627,0.9682207107543945
5i73,2.337646245956421,5.130607428389962,0.2352241709215914,0.5910404920578003,0.8362671136856079
5i75,5.654547691345215,5.899768911300372,,0.5380710363388062,0.7110655307769775
5icn,5.309192657470703,3.7520278570325574,0.30995944976375006,0.31012657284736633,0.6261521577835083
5ikp,11.178817749023438,1.721419857012697,0.37114233463399426,0.11668682098388672,0.8050602674484253
5in4,10.397260665893555,4.111946328195194,0.38974681408874134,0.05000000074505806,0.7079571485519409
5iv3,12.704537391662598,2.5187517940450808,0.36869137082196296,0.07912371307611465,0.9530072808265686
5iv4,11.66750431060791,4.565087045840924,0.5407303277487943,0.0011032656766474247,0.9485791921615601
5j94,13.39130973815918,5.168165878889886,,0.13492779433727264,0.9699168801307678
5ja0,10.200406074523926,3.9207922144782903,0.4953556237028292,0.002635847544297576,0.9616546034812927
5ja7,15.167145729064941,3.8753855287142396,0.26247725391759746,0.07751937955617905,0.9459627866744995
5juz,2.4586546421051025,2.203638093044328,0.4223849136082581,0.4642857015132904,0.9547892808914185
5jv0,7.489564895629883,4.151329169448865,0.40343830143377224,0.16148477792739868,0.9035828113555908
5jv1,8.548867225646973,5.488873747558939,0.4897373558007373,0.020076077431440353,0.9574131369590759
5jv2,9.30372428894043,4.7192082377062645,,0.15695488452911377,0.9277306199073792
5jyo,17.128385543823242,2.7435857118838087,0.19688790638643366,0.0,0.5830719470977783
5jyp,11.251806259155273,3.697100768405392,0.3650054316131919,0.02517639473080635,0.9702587127685547
5k11,11.021470069885254,7.829126021883901,0.374188372225882,0.04901013895869255,0.5107898712158203
5kcj,6.274677753448486,8.06094977496462,0.4755468047816883,0.0032310178503394127,0.9699219465255737
5kcv,8.554957389831543,4.6069302147609825,0.5728203310095646,0.006981383077800274,0.9841412305831909
5kdq,0.8125630617141724,5.26268634527732,0.21277037295127776,0.8319346308708191,0.9507808089256287
5kdt,8.420580863952637,8.374106723238798,0.4568434881957644,0.015875132754445076,0.9736147522926331
5kkn,18.914928436279297,2.158059360118566,0.45861362138471257,0.034395474940538406,0.8806530237197876
5kqd,16.690032958984375,4.916382601610078,0.38457232834119537,0.026549631729722023,0.9442409873008728
5ksi,0.9943456053733826,9.471808856655773,0.5099747428029835,0.7948775887489319,0.9314857125282288
5ksx,6.884740352630615,3.387541090132264,0.4096901198739253,0.12925627827644348,0.8792815804481506
5kw2,15.173284530639648,7.2122207117401755,0.4093527552886126,0.01635388657450676,0.9558766484260559
5l57,4.361726760864258,8.350881929800519,0.4029542615723378,0.0951661616563797,0.9769318699836731
5l58,12.816206932067871,9.58564814526421,0.5052022207643829,0.08221393078565598,0.9707417488098145
5l7i,16.13287353515625,2.405674838337469,0.6224184424128123,0.33771929144859314,0.8908389210700989
5lge,9.840500831604004,8.874507065184188,0.4724915484408557,0.06778017431497574,0.4443168640136719
5llm,11.07662296295166,5.153945116063018,0.4533504963398978,0.055263157933950424,0.9422826170921326
5lm4,7.540630340576172,4.032028976732489,0.5025411719458007,0.10881023854017258,0.9795454144477844
5lu8,10.175923347473145,7.3162897989077225,0.4034549867360203,0.3077617287635803,0.984071671962738
5lu9,9.218246459960938,6.8225884441039195,0.36840538112203824,0.2348790317773819,0.9790720343589783
5lua,5.289521217346191,3.2797050486244865,0.3079539054983621,0.41296297311782837,0.9562355279922485
5lub,5.417353630065918,4.179338306958673,0.25568135054165475,0.36451613903045654,0.9549320340156555
5lvl,8.76602554321289,3.0121989910263984,0.639039699893283,0.05892070382833481,0.9885473847389221
5lvn,9.005976676940918,4.116443927944279,0.46262249691966634,0.0,0.9786314964294434
5lvo,11.69568157196045,3.293467350942826,0.2913342629294237,0.1875,0.9858253598213196
5lvx,9.850866317749023,5.0865751901581575,0.4174208474556451,0.27130043506622314,0.7567322254180908
5lwe,1.9954431056976318,4.645498507638327,0.5725751291304071,0.43062397837638855,0.7429601550102234
5lwp,15.377289772033691,4.257561875095968,0.5188079425080466,0.03387096896767616,0.9676392078399658
5lyq,9.045400619506836,6.291683924735984,0.5454724424139454,0.055534496903419495,0.9837509989738464
5mju,7.711823463439941,3.9089959057221217,0.5509463477380495,0.008274984546005726,0.9636055827140808
5mo4,8.895356178283691,3.9552953708365295,0.44948240206930945,0.06100628897547722,0.9751348495483398
5mrd,8.800232887268066,3.9915643471854474,0.3898652868204814,0.0,0.9647810459136963
5n9r,8.878222465515137,4.449361680927813,0.5499669972231173,0.018637891858816147,0.9025353193283081
5n9t,10.150506019592285,3.2799667882328207,0.5467199073000866,0.015910154208540916,0.8585284948348999
5ngz,9.40308952331543,7.649533748421724,0.4379190639727376,0.009476534090936184,0.9796291589736938
5nn4,,3.7278495914985736,,,0.8540821671485901
5o2d,10.998885154724121,7.2992341078610155,0.5875865607574506,0.09234577417373657,0.9824556112289429
5obj,9.688377380371094,2.555631209164217,0.3489935945867158,0.15715020895004272,0.9248985052108765
5obr,7.890048503875732,6.207404716125984,0.4637920408051797,0.03882765397429466,0.9868505001068115
5ogc,6.00284481048584,3.8549043548152206,0.4612760873742052,0.25847458839416504,0.744120717048645
5opk,10.127089500427246,8.89874671083307,0.44440188289302635,0.0267505906522274,0.9173001050949097
5opm,5.639219284057617,7.6875898006563474,0.31678296787417853,0.0,0.9511259198188782
5orl,4.937328338623047,2.294679995653452,0.35007245968333184,0.2150000035762787,0.9418045282363892
5orn,6.36653995513916,4.8368415466252,0.41843534210660266,0.1230769231915474,0.975669264793396
5oro,10.819510459899902,5.732476087355392,,0.010159010998904705,0.9217591881752014
5orp,12.407514572143555,3.724250297221751,0.2854999247016839,0.0517241396009922,0.9574917554855347
5orr,5.446533679962158,6.815525943200774,0.2527029198952477,0.35256409645080566,0.9152025580406189
5ors,5.479461669921875,6.175908117958944,,0.3313356041908264,0.9027621746063232
5ort,7.0023274421691895,6.431611176864061,0.253503634924371,0.24857346713542938,0.9709790945053101
5orv,3.124044179916382,6.0832022059584805,,0.1850000023841858,0.9034771919250488
5orw,8.217696189880371,5.916628161885554,0.2754514221498545,0.01002506259828806,0.9439303278923035
5orx,5.23330020904541,6.778490856882869,0.23435059812454212,0.41168224811553955,0.9435843229293823
5ory,0.8946799039840698,5.4930660354931655,0.06808030352587635,0.3794642984867096,0.9076858162879944
5orz,1.0692551136016846,6.662217559813511,0.1345832721707534,0.4677419364452362,0.9231224060058594
5os0,5.643535614013672,5.69078622736858,,0.07654321193695068,0.927829921245575
5os1,5.039642810821533,5.957275911203639,0.27823656064772206,0.5104166865348816,0.943432092666626
5os2,5.805558681488037,6.100934184608559,0.11169017512109469,0.1065022423863411,0.9536125659942627
5os3,8.756075859069824,5.785603453478917,0.1334578628358551,0.24517543613910675,0.9605203866958618
5os4,8.249491691589355,0.8813152923779479,0.19416228401214258,0.16417323052883148,0.8872631788253784
5os5,2.701624870300293,7.033591753995891,0.20044630829833943,0.2424023151397705,0.947606086730957
5os6,8.873588562011719,7.524475898045822,,0.16428571939468384,0.9571221470832825
5osd,5.1069159507751465,6.6778785944019035,0.16633476335772282,0.18373015522956848,0.9339070916175842
5ose,8.5875244140625,5.614724985583776,,0.015625,0.9274497032165527
5osf,7.140336036682129,7.126015563942952,0.15546878661080943,0.007428940385580063,0.8917090892791748
5pzr,15.46003532409668,8.75316253506732,0.4501093499964195,0.0,0.8560280799865723
5pzs,13.3386869430542,10.149957186872813,0.5267925109896526,0.003434391226619482,0.8721585869789124
5pzt,7.427462100982666,7.7301686368842635,0.4969985869234144,0.03142303600907326,0.6515945792198181
5pzu,8.996236801147461,5.488085342194229,0.551808893357167,0.1934131681919098,0.9008967876434326
5pzv,8.476512908935547,3.0962799141715287,0.5079121116327482,0.24632352590560913,0.8935367465019226
5pzw,9.19456958770752,7.649261813825869,0.5440690609787172,0.11933265626430511,0.8390695452690125
5pzx,9.371943473815918,5.925684730498837,0.37855212947588024,0.007621247321367264,0.7154170274734497
5pzy,7.619863033294678,6.590125065209572,0.3864445028031041,0.003859348129481077,0.7358899116516113
5pzz,8.518285751342773,7.676871712403563,0.4265531067623487,0.03586626052856445,0.7597199082374573
5q00,7.8523173332214355,8.867782022426548,0.3697875077244333,0.005125523079186678,0.7215717434883118
5q01,8.608077049255371,7.444400269922635,0.4396300469866475,0.012221269309520721,0.5988333225250244
5q02,8.873275756835938,7.486209428233529,0.4422001796605753,0.042897045612335205,0.8638943433761597
5q03,9.434490203857422,7.178504215854081,0.4032432862266365,0.00591563805937767,0.7085487842559814
5q04,6.847250938415527,7.128379997424458,0.34968994637980566,0.006700702011585236,0.7382946014404297
5q05,8.349905014038086,6.786246687621377,0.37165256833228477,0.003917727619409561,0.7471669316291809
5q06,9.931368827819824,7.4626909252821365,0.4708541298891245,0.02087646722793579,0.837326169013977
5q07,5.18703031539917,6.867876952506643,0.45998999493329884,0.012623762711882591,0.7206514477729797
5q08,7.646693706512451,6.395785883822656,0.5184860903541557,0.008156395517289639,0.7616959810256958
5q09,8.90841007232666,6.8477839516172665,0.3827834696330275,0.04240478202700615,0.6953895688056946
5q0a,9.160870552062988,2.160793666713599,0.4212669503932077,0.12420957535505295,0.917251467704773
5q0b,5.848985195159912,6.491774868232057,0.5633388663879241,0.15096065402030945,0.8704938292503357
5qdf,,,,,0.18714402616024017
5qgf,,,,,0.18714402616024017
5sun,8.364984512329102,6.632027187687665,0.464019252974234,0.025357995182275772,0.8922351598739624
5svf,11.998030662536621,5.369925406037513,0.35994004465844137,0.021224886178970337,0.48704078793525696
5sw8,7.807170867919922,3.2749454712277344,0.241656239589769,0.0,0.8869075775146484
5swg,16.614173889160156,5.962322316519255,0.5670598039471948,0.06208053603768349,0.889802098274231
5swo,7.6548919677734375,6.914066196493413,0.4287302942031811,0.04545454680919647,0.8864760398864746
5swp,8.455772399902344,4.5161081981856,0.5063576213345609,0.07418525218963623,0.7868483066558838
5swr,12.848871231079102,7.748120578583473,0.3256185016235189,0.06481481343507767,0.7966010570526123
5swt,18.911174774169922,3.358392546061807,0.5076985973898246,0.0,0.8570299744606018
5sx8,7.16254186630249,5.307442359385112,0.566218109531925,0.008064515888690948,0.8405773639678955
5sxa,16.562129974365234,3.2691586329871263,0.3632331504498558,0.0004448398540262133,0.8525527119636536
5sxb,11.30750846862793,7.401275272230639,0.55749930726529,0.0,0.8043258190155029
5sxc,12.094252586364746,2.9730841862950337,0.31830071167122753,0.011484098620712757,0.7843436598777771
5sxe,11.705211639404297,4.711495770782278,0.4475549602196485,0.0,0.9548048377037048
5sxf,13.468950271606445,3.2130804450857053,,0.02854122593998909,0.7075774669647217
5sxk,14.114527702331543,3.4982578412001133,0.5544841053272133,0.0,0.8643366098403931
5t19,4.432812213897705,3.9953938626033696,0.4409775999622451,0.4166666567325592,0.9452471137046814
5t1a,7.782163143157959,3.7759178926391725,0.4341504603118319,0.15573769807815552,0.9656410217285156
5tbm,11.798760414123535,7.458214569352399,0.5173331483111769,0.05734632536768913,0.9548186659812927
5tf9,12.014287948608398,5.058434987744188,0.4246643867209011,0.0012651821598410606,0.9144717454910278
5tkb,9.342214584350586,3.8065729019316477,,0.125,0.6632861495018005
5tkd,2.698242327494677,8.763672963553699,0.6001138481355319,,0.9272727966308594
5tp9,11.267666816711426,7.281511866894336,0.5144253889571232,0.0005807200795970857,0.9684122800827026
5tpa,8.86709976196289,7.839655417795677,0.5876048084665539,0.008639911189675331,0.9729453921318054
5tqh,8.635839462280273,7.652325288662978,0.3477957283566672,0.025322014465928078,0.4954666495323181
5tzr,2.6958446502685547,7.635421099257484,0.4158275391157059,0.375,0.8729689717292786
5tzy,6.232124328613281,9.674813338055852,0.44360511360050275,0.29065534472465515,0.9501262903213501
5u3i,0.34248149394989014,6.687028898626691,0.3476869186119098,0.9304047226905823,0.9435796737670898
5u5h,,4.783033850405331,0.45416303014654935,,0.9717912077903748
5u5k,12.72701358795166,3.086281030993761,0.555434697667601,0.0013766519259661436,0.9716447591781616
5u5t,7.714201927185059,3.9840399315714383,0.45294086997610455,0.02685743011534214,0.8852788805961609
5u62,6.924850940704346,3.790144623483875,0.5079718154669188,0.034068137407302856,0.6998164653778076
5ue4,5.189969539642334,3.777281698086317,0.5173272455342939,0.31081080436706543,0.9544837474822998
5ue5,0.9923985600471497,7.256253304266502,0.31398654205354987,0.4661017060279846,0.8740013837814331
5ufj,0.9194108843803406,7.531229351122217,0.369667620580952,0.7688592672348022,0.9514750242233276
5ugh,6.6927714347839355,4.18379924799774,0.4912425897344567,0.015833333134651184,0.7645699977874756
5uhv,5.412029266357422,5.413229361924323,0.3408218671882289,0.3537735939025879,0.9587923884391785
5urk,13.18013858795166,2.879651068838112,0.4645682706188705,0.0078088026493787766,0.7828084826469421
5ut4,10.628713607788086,5.466225661199694,0.47048708321871696,0.015478056855499744,0.9731356501579285
5ut5,12.367244720458984,5.49410018356098,0.5314344894817761,0.0004088307323399931,0.9634135961532593
5ut6,7.914560317993164,3.507162726357984,0.4432883514399992,0.05790133774280548,0.9729811549186707
5v02,0.9604559540748596,4.082280140777756,0.5492883265922825,0.8883928656578064,0.9290565252304077
5v03,0.532796323299408,3.40805800144348,0.4295914831412759,0.9196428656578064,0.9056211113929749
5v4w,12.159561157226562,2.914147468105008,0.5656736198294042,0.029361942782998085,0.9592736959457397
5v4x,13.063148498535156,5.203128028307021,0.4686523657556987,0.02654867246747017,0.9659325480461121
5v6u,5.9871602058410645,1.8997848289726262,0.5013447389217309,0.05197368562221527,0.4798879623413086
5v6z,9.761726379394531,5.221355130915848,0.3949969787060955,0.0,0.8739219307899475
5v9l,0.5717940330505371,5.88716178172801,0.4765034387132209,0.3561643958091736,0.9534887075424194
5v9o,2.2391927242279053,9.737158002024016,0.46553638006922365,0.3169642984867096,0.9790995717048645
5var,0.8173698782920837,6.030279803953213,0.31176342765749004,0.8958809971809387,0.9604577422142029
5vdh,2.0149810314178467,3.584943141839687,0.3680126572728157,0.25847458839416504,0.7218277454376221
5vdi,3.3373117446899414,5.247854973993772,0.3327719835455095,0.4444444477558136,0.7439442873001099
5vew,9.137764930725098,9.03573231088583,0.443259396973214,0.04378068819642067,0.9095420241355896
5vex,19.47563362121582,4.421043945014632,0.353138913780842,0.0,0.8346481323242188
5wdy,7.167166233062744,7.822972358859663,0.40866005318302034,0.13333334028720856,0.935838520526886
5we8,14.102179527282715,8.06416336667425,0.4416956185887545,0.008186398074030876,0.8934494256973267
5wmv,17.89897918701172,10.266112435499,0.5396117482047801,0.012916045263409615,0.9243214130401611
5wmx,8.543656349182129,8.293229205911272,0.512952318274961,0.11552920937538147,0.7886538505554199
5wuk,19.972436904907227,4.194191324357675,0.5181165577112004,0.0027137042488902807,0.9288570880889893
5x0i,5.464290142059326,4.570277391730304,0.47090200610759814,0.22723475098609924,0.5616134405136108
5x2s,0.8411305546760559,5.301540629311403,0.3882225968246606,0.8872736096382141,0.4011059105396271
5x2t,0.7761308550834656,7.5923295568796085,0.44660431685794877,0.9344660043716431,0.4011059105396271
5x69,5.979682922363281,5.258343658197769,0.48557411876093454,0.05614714324474335,0.7479855418205261
5x7d,4.818599700927734,6.598333745618991,0.5290441902621064,0.2620689570903778,0.9237055778503418
5xez,3.9721620082855225,5.010809914040961,0.44270082997778476,0.3839285671710968,0.6041250228881836
5xf1,4.42631721496582,7.052325118468933,0.4048905494005613,0.4757462739944458,0.6362876296043396
5xzr,12.035609245300293,5.407075980807519,0.508138431859392,0.0,0.9466031193733215
5y2f,12.47842025756836,4.528883786701755,0.4137727245150215,0.37337663769721985,0.9567841291427612
5ybf,2.476832151412964,6.550844395857145,0.4827084208037528,0.4702380895614624,0.672102689743042
5ybg,0.46951329708099365,5.783758910018326,0.325912925202391,0.4183673560619354,0.6004284620285034
5yve,2.4098641872406006,3.6641399774493926,0.5754130124593577,0.6740740537643433,0.958153486251831
5yvt,12.112753868103027,2.687881167770944,0.444239568965529,0.2238806039094925,0.8404395580291748
5zc6,1.3204108476638794,4.569786649976945,0.2554110412624382,0.42763158679008484,0.9744407534599304
6b0z,5.919442653656006,6.512192029724354,0.34646659427397736,0.05677114054560661,0.5172613859176636
6b95,,2.9881696512542453,0.41753912769242746,,0.9730298519134521
6bbp,9.528989791870117,3.8302776976360757,0.4157333946873651,0.06165311485528946,0.9158665537834167
6bbq,11.587098121643066,4.9067419859940875,0.47776130927609306,0.006153405643999577,0.8994888067245483
6bhv,14.421067237854004,8.509652389130803,0.5228499320839606,0.06584207713603973,0.8114175796508789
6bky,0.6752520799636841,6.426504565881867,0.6152193121706901,0.019966721534729004,0.6104748249053955
6bkz,9.384995460510254,10.31050322123392,0.4537089789017096,0.03988068923354149,0.7012344598770142
6bmr,15.911237716674805,3.054304281166956,0.42129397295702464,0.0,0.8373942971229553
6bmu,12.858839988708496,5.591929615321267,0.36953742237487763,0.021607806906104088,0.9154251217842102
6bmw,16.531137466430664,3.7650869221024696,0.5339870526820829,0.005338078364729881,0.9102655649185181
6bmx,18.60626792907715,3.958518720337588,0.4822029918820841,0.0015174506697803736,0.8653857707977295
6bmy,18.3496150970459,3.234832857597068,0.43278250793777784,0.0029871324077248573,0.902047336101532
6bn5,16.03157615661621,3.8119112126253483,0.32765009813533597,0.0,0.8749208450317383
6bnr,0.38704895973205566,9.351036926189032,0.22602589165515813,0.900293231010437,0.9517408013343811
6boj,6.464643955230713,4.255383580510717,,0.15574759244918823,0.5754268169403076
6c98,10.559206008911133,5.711414503773064,0.5106732197350621,0.24365481734275818,0.9478297233581543
6c99,10.074036598205566,7.009406987496025,0.5336801647929021,0.44718310236930847,0.9521442651748657
6cjx,1.762227216658117,5.556979728055375,0.5947236014111672,,0.8642359972000122
6cmr,,4.508292169838124,0.5335939613143766,,0.96974116563797
6cms,,5.616062808495504,0.40350979052285657,,0.9705185890197754
6crg,19.816133499145508,4.0450859956250405,0.5650882969939824,0.0,0.8973731994628906
6cwy,0.3849312961101532,3.4783511028376735,0.5736639271513138,0.7126865386962891,0.7352453470230103
6d1y,,3.771644929498088,0.6354170293120343,,0.9800570011138916
6d1z,8.808527946472168,2.3229036700954917,0.47693084223830284,0.1304774433374405,0.9847365021705627
6d20,12.082345008850098,5.6571831713439735,0.5345279237029872,0.11443932354450226,0.9847209453582764
6duk,5.225220203399658,3.9727192601894665,0.4660414835338603,0.04800000041723251,0.5793272256851196
6dw4,4.64323091506958,2.074283787372298,0.4317842889182599,0.07225824147462845,0.5374793410301208
6dwd,0.5647363662719727,4.567747006949516,0.4877916059650989,0.2291666716337204,0.6927890777587891
6e5g,5.9982476234436035,3.252442449254638,0.4749825658966355,0.17749999463558197,0.9429396390914917
6eg2,8.270410537719727,3.354675376574434,0.47815467338947626,0.04781420901417732,0.9541398286819458
6eg3,5.051084518432617,4.728544306230212,0.5365992915097798,0.0357142873108387,0.8785699605941772
6f7i,4.949138641357422,4.039195665332946,0.4628207388581488,0.3385416567325592,0.8401436805725098
6ffh,6.063321590423584,8.372490436700014,0.21621540918596743,0.2183147668838501,0.8989872336387634
6ffi,2.563065767288208,6.940882866335738,0.404380503301679,0.5260617733001709,0.8597970008850098
6fhk,7.199183464050293,4.008912664683023,0.5544579099213118,0.21794871985912323,0.4721953272819519
6gg4,1.6843652725219727,4.725219069722894,0.5076871309757026,0.00922818761318922,0.5622715950012207
6gg5,4.604447364807129,5.351375804186188,0.42799162717772726,0.03556910529732704,0.5564813017845154
6gg6,,,,,
6h4a,11.299089431762695,3.9515219752300026,0.4311196407704064,0.0021929824724793434,0.9741793870925903
6h8r,12.124480247497559,2.1739515725967298,0.5172720688873605,0.0,0.9785544276237488
6hhf,13.156808853149414,4.80001959321151,0.4713039159284973,0.021881043910980225,0.9491561651229858
6hhg,13.010427474975586,3.699431885267911,0.39623200543015796,0.02854553610086441,0.9716951847076416
6hhh,11.270316123962402,4.6950754513674555,0.45750121020053863,0.062375251203775406,0.9379737973213196
6hhi,18.715316772460938,4.429454225447263,0.38213234390873785,0.03342245891690254,0.9628347158432007
6hhj,12.2888822555542,3.985785137978732,0.5062133230674978,0.029175257310271263,0.9686808586120605
6hkx,9.073372840881348,2.5319573315303185,0.4825165411214148,0.2569444477558136,0.8570703864097595
6hky,6.888655662536621,3.9239385130199476,0.48401946074356894,0.09274781495332718,0.7896459102630615
6hv0,11.201356887817383,2.642736789795376,0.6161105477987802,0.03437250107526779,0.9701825380325317
6hx1,19.689212799072266,3.9372177073262575,0.554763164207202,0.011278195306658745,0.966551661491394
6i0m,,4.103976405306844,0.3815776589629395,,0.8590440154075623
6i0o,,3.7030542652375695,0.4336289459651688,,0.8355212211608887
6i5g,8.644187927246094,2.8444872863296826,0.3763354949218215,0.013854931108653545,0.8114711046218872
6iik,11.274065017700195,2.5616818643706396,0.5034340011469002,0.013474144041538239,0.4834209382534027
6iil,15.549413681030273,4.801372463080543,0.3999428509728203,0.006263817194849253,0.5155657529830933
6iim,8.61468505859375,3.045127544575005,0.45346009146451605,0.0032967033330351114,0.6874756813049316
6imx,15.421542167663574,6.579790396089042,0.48376470920275844,0.046666666865348816,0.9172988533973694
6imy,14.54224967956543,1.6181182373774097,0.41179311984812517,0.007608695421367884,0.9260876178741455
6kqi,8.53919792175293,4.716814388827258,0.44882897287655726,0.1317005604505539,0.9236312508583069
6kx3,6.897889614105225,5.002759433278502,0.2954464681231464,0.19216758012771606,0.9437187314033508
6l57,1.9319543838500977,6.163538267352773,0.5665236046380804,0.25531914830207825,0.9440248012542725
6ls5,1.312248945236206,6.039809696914506,0.46171862461376084,0.5234375,0.9077645540237427
6mc1,4.508777141571045,6.5433023986580325,0.5007281820977385,0.19732142984867096,0.8701396584510803
6md9,19.07164764404297,4.020304765607555,0.4351749468559142,0.0,0.831987738609314
6mda,13.75483226776123,4.196683545269919,0.48516565783817356,0.0006654835888184607,0.8652985095977783
6mdc,19.424516677856445,3.877166910655485,0.45666393697981233,0.0,0.7493808269500732
6mdd,6.326833724975586,3.248192254614015,0.5926005841291813,0.0,0.8896841406822205
6ms7,6.888067722320557,8.85010028997831,0.5512468980443924,0.13111668825149536,0.9831541776657104
6n48,13.60336971282959,4.067491759925228,0.3959568568133017,0.15643063187599182,0.958056628704071
6ncf,15.545232772827148,6.293676184317095,0.46205118478244955,0.017094017937779427,0.47383975982666016
6nn4,,4.1156369111089255,0.3996959487733432,,0.5942697525024414
6npt,5.172415256500244,2.8111522459928935,,0.04990167170763016,0.9619861841201782
6nsp,10.985177993774414,4.523058967736325,0.5004820490448124,0.007009345572441816,0.9726191759109497
6nss,9.0573148727417,3.389483362507213,0.5635926141922644,0.02349577285349369,0.9738138914108276
6nu1,3.591625928878784,5.918152037315796,0.4612225181484239,0.1313229501247406,0.5564121603965759
6nu5,9.532265663146973,6.121238449729801,0.36995414780432134,0.04199475049972534,0.9497730731964111
6nub,10.293128967285156,4.409213501636498,0.3463863460413974,0.1006944477558136,0.9177302718162537
6nwk,2.2719944012196818,4.4403498629960145,0.4434825367562476,,0.9869788885116577
6nwl,9.019515991210938,3.8281464208748637,0.38539991788368144,0.19690264761447906,0.9871933460235596
6nze,,3.7179850378559767,0.5308813842489637,,0.9276012182235718
6nzf,,4.346725829658453,0.4303436359149089,,0.940759539604187
6nzh,,4.616201134699507,0.4669222329746047,,0.9441231489181519
6oba,8.396343231201172,5.826637368030197,0.29283929484919696,0.03976143151521683,0.972665011882782
6ol9,8.044821739196777,3.7667491062630147,0.5226107274909665,0.007978723384439945,0.884138822555542
6p1d,4.966916084289551,3.748303433039271,0.5476268861119055,0.026936620473861694,0.5844343900680542
6p1l,12.074860572814941,3.9709609425190147,0.4341929640815777,0.1180555522441864,0.6398963928222656
6p1q,3.288569688796997,5.979356947119987,0.48378856125881403,0.2049180269241333,0.9782196283340454
6p7g,11.728296279907227,10.127660292283945,0.4934296688235063,0.06777196377515793,0.5581932663917542
6p8q,7.058289051055908,4.134710366836929,0.4894468833159725,0.054895106703042984,0.6584465503692627
6peg,15.30370807647705,3.00049305524115,0.28461345027109364,0.05681133270263672,0.9148820042610168
6pf1,16.552425384521484,6.518763026161153,,0.06377343088388443,0.9194048047065735
6pgr,6.819559097290039,7.376732283804833,0.4511098528124976,0.12065480649471283,0.9282517433166504
6pgu,8.718174934387207,4.978242782132244,0.376370617664735,0.09533267468214035,0.5408859252929688
6q3f,9.619064331054688,1.9248584285629957,0.5336670197289244,0.0,0.9786264300346375
6q49,8.623250007629395,4.270175823547136,0.49919611747875575,0.03581460565328598,0.9769261479377747
6q4d,6.430886745452881,3.3156352460102916,,0.3641509413719177,0.9153980612754822
6qce,7.932373046875,4.2271853043437915,0.4587067979211742,0.07222222536802292,0.8771580457687378
6qch,10.777019500732422,4.009180661068087,0.46389854472382097,0.0024999999441206455,0.4806079566478729
6qcj,10.027203559875488,5.058925378836459,0.3022967300137765,0.005263158120214939,0.5997939705848694
6qcn,0.4426499307155609,4.17749254407995,0.4766881759129647,0.949999988079071,0.9616542458534241
6r49,8.203862190246582,4.365359816126165,,0.2750000059604645,0.9121257066726685
6r4a,4.215195655822754,5.190416092076978,0.3541986084158778,0.15760870277881622,0.901681661605835
6r4b,3.329324960708618,5.710372042130497,0.18777436302382156,0.5121951103210449,0.887565016746521
6r4c,6.143209934234619,4.329071104700485,,0.23076923191547394,0.8649111986160278
6s9w,12.103582382202148,4.3049779336550715,0.4480939653407795,0.03853006660938263,0.9748010635375977
6s9x,11.500950813293457,4.178983067771912,0.49063925545486176,0.03933747485280037,0.9647994637489319
6sal,14.740655899047852,7.229266655012595,0.4830858542990001,0.012555626221001148,0.9765846729278564
6sbu,5.602153778076172,8.323665183600891,0.4751785828767062,0.08142036944627762,0.48403340578079224
6sbv,4.1396355628967285,7.95159343416341,0.40969772611603267,0.10127388685941696,0.48595184087753296
6squ,,,,,0.9136388897895813
6t4g,4.98582124710083,8.824370511898774,0.5180758623233096,0.23967890441417694,0.9867905974388123
6t4i,5.179594039916992,8.676698982446966,0.5762834036576964,0.24835526943206787,0.9827884435653687
6t4j,4.098002910614014,7.61069712707305,0.5629962989540884,0.25702810287475586,0.9779818654060364
6t4k,3.8407633304595947,7.245287403640255,0.5672867601216935,0.23210923373699188,0.9779542684555054
6t4t,7.170476913452148,8.231549065474924,0.5807650163976693,0.18183279037475586,0.9855306148529053
6t4u,8.730340957641602,7.84112569212781,0.4963202417685276,0.07776292413473129,0.9846551418304443
6t4w,8.99097728729248,6.516659358536405,0.526966116909819,0.18838028609752655,0.9703595638275146
6t4x,8.356562614440918,5.892350149280857,0.5268883767040987,0.16898563504219055,0.9849951863288879
6t4y,11.068618774414062,7.88573451588789,0.5595948786756797,0.04648437350988388,0.9834171533584595
6t50,10.005861282348633,5.8313039975728085,0.48607428636625394,0.05164092779159546,0.9823358654975891
6t5b,2.9453814029693604,6.332590240573089,0.5089012190817106,0.171875,0.96608567237854
6t5u,1.1223483085632324,6.843178271158787,0.39612721235670384,0.228077232837677,0.9680681228637695
6t5v,1.2966303825378418,8.334706335202918,0.5544641523005455,0.18606626987457275,0.9636730551719666
6ta3,3.8515350818634033,3.6338426547512443,0.559382927133399,0.33695653080940247,0.9248471260070801
6tam,2.3570306301116943,5.6936265367830305,0.5222618117429232,0.19903762638568878,0.9548870325088501
6tan,0.7071002125740051,7.302235289495395,0.5353851386925901,0.32650861144065857,0.9707969427108765
6tiw,3.5071566104888916,3.3711240761116943,0.5325395272465512,0.5054348111152649,0.9045777320861816
6tlm,9.555243492126465,6.084525867186465,0.5170382762738182,0.02083333395421505,0.9665775895118713
6tlq,4.936514377593994,7.833965550620261,0.5841690916666155,0.2184601128101349,0.9831157922744751
6tlt,4.188613414764404,8.764703446612039,0.5882508020472714,0.23648647964000702,0.9798579812049866
6tpk,9.965995788574219,4.521419255690629,,0.07820383459329605,0.9698100090026855
6u26,,,,,0.7466921210289001
6u2n,,2.417998440878914,0.5528250199225065,0.0,0.7381978034973145
6u2p,,3.5344950388191787,0.5006850504300582,0.0,0.7426855564117432
6u36,,3.739499319803449,0.4476658140617608,0.0,0.6032657623291016
6u38,,5.425085556414797,0.43834911452551,0.0,0.5532143712043762
6u3e,11.620354652404785,0.9791161660049381,0.4350028106961127,0.035675082355737686,0.861266016960144
6u3g,11.620017051696777,0.9030116645731222,,0.03519955649971962,0.861266016960144
6u3x,,3.671095932480283,0.5865157659354638,0.0,0.739223301410675
6u6y,6.8312554359436035,5.414995472444745,0.4213769337281169,0.03553800657391548,0.6066170930862427
6ucg,12.20020866394043,7.014063747731065,0.5354317451000531,0.014134877361357212,0.9756201505661011
6uel,13.54476547241211,6.957608048236984,0.4126023581077292,0.0,0.5514315962791443
6uo8,1.0553816556930542,3.0490013112933814,0.39100457022377355,0.6990740895271301,0.7999626994132996
6uxx,19.259613037109375,2.921712668466399,0.5615198879744311,0.0006485084304586053,0.7696745991706848
6uxy,18.016090393066406,3.3034366479460657,0.619833049320573,0.0022421525791287422,0.7579373121261597
6v74,5.11077356338501,5.333067932521404,0.4641295219542524,0.19933712482452393,0.5963237881660461
6v75,5.081451892852783,4.344156454486144,0.5094740337324679,0.1505863517522812,0.6184297800064087
6v76,6.984869956970215,5.321121284197351,0.4639808430820775,0.23035915195941925,0.5427714586257935
6vbi,11.657967567443848,4.571741568038743,0.5500578186036175,0.03970390185713768,0.8689766526222229
6vcb,16.076135635375977,5.932903083810448,0.4852989317086496,0.02826910838484764,0.8236108422279358
6vkk,12.649103164672852,4.3209827923951405,0.48536445216324464,0.08666356652975082,0.8542265892028809
6vn2,11.332759857177734,4.036418081932774,0.5356841890956728,0.07618296891450882,0.8474832773208618
6vn3,8.698588371276855,2.587237946562271,0.5721107000966078,0.02521793358027935,0.8863277435302734
6vn4,12.750627517700195,5.11054994620107,0.5173708503287576,0.041527777910232544,0.8056831955909729
6vn5,7.956601619720459,3.5545479361966215,0.5951697995003005,0.061149824410676956,0.8802843689918518
6vn6,6.4059367179870605,3.013735191141779,0.4859365099220132,0.08570210635662079,0.5169200301170349
6w2j,8.380234718322754,6.50755149871423,0.5698416320405696,0.07180850952863693,0.5117984414100647
6w30,5.205731391906738,2.7254990740152576,0.3614413846106884,0.32499998807907104,0.9569838047027588
6wkz,18.021177291870117,4.3627968848673095,0.618103591292723,0.0,0.8897074460983276
6wl6,15.739531517028809,6.0689934149419384,0.5658697094681391,0.0,0.8812167644500732
6wu8,5.703439235687256,4.2439184658916975,0.4540503278437798,0.00021043770539108664,0.853101372718811
6x3u,6.349078178405762,3.2029993816064404,0.6107298788211055,0.28485578298568726,0.6309894323348999
6x3x,4.310184478759766,2.5099818354369994,0.42583381838416384,0.33155080676078796,0.6219109296798706
6x81,3.32098388671875,7.130081510894615,0.5415208981245597,0.43510156869888306,0.6449041962623596
6x82,5.717159271240234,6.1603657909736675,0.4487957233963048,0.0416666679084301,0.7548145055770874
6x83,1.6080045700073242,5.527776461433521,0.3900217685199592,0.07307692617177963,0.6757996678352356
6x85,4.0871076583862305,5.305039826529652,0.6070970148731072,0.22970084846019745,0.7225853204727173
6x86,4.366973876953125,7.9386928440575835,0.5086881144843015,0.05447662994265556,0.746705174446106
6xp9,,3.4943610900084914,0.47164306554706037,,0.8373125791549683
6yuh,4.65571928024292,2.5860369974442983,0.45963737279724676,0.4027777910232544,0.9664928317070007
6yz4,10.51427936553955,2.974780963543966,0.5001944918965703,0.03938963636755943,0.9789586067199707
6z4b,12.519818305969238,3.5503508674235427,0.3975864127223807,0.06797496974468231,0.6726696491241455
6z88,3.420680522918701,5.317256316205963,0.5356825580617441,0.13636364042758942,0.32138246297836304
6z89,3.4089584350585938,3.2235851211963924,0.43694847470160403,0.38749998807907104,0.6285514831542969
6zgv,6.716151714324951,3.9120936863390097,0.5556011166161537,0.02348484843969345,0.8564828038215637
6zgx,3.7866976261138916,5.044517203592986,0.4760016360177147,0.07258687168359756,0.8501908779144287
6zgy,8.256478309631348,3.1760173117690744,0.5408793532619693,0.09409938007593155,0.9175666570663452
6zgz,9.903070449829102,3.3433723342276642,0.5144141901163497,0.007201645988970995,0.830366313457489
7a2a,11.543379783630371,4.246960307852655,0.5485369229206091,0.0387834832072258,0.6409894824028015
7a8p,16.997896194458008,8.920211164564202,0.47312714987743815,0.0004453681758604944,0.9021109938621521
7aia,,2.5650529432581197,0.3635471606843629,,0.967633843421936
7ak0,9.298486709594727,4.955623563832597,0.46821766258084657,0.0,0.911264955997467
7ak1,8.913928031921387,4.324245376397858,0.5381882073723268,0.1041666641831398,0.9748897552490234
7aud,5.241998195648193,4.081221780630066,0.3915046464553877,0.40416666865348816,0.42663219571113586
7b3m,12.089873313903809,3.829191336951231,0.5286744202177195,0.14389698207378387,0.9338392615318298
7b7r,10.874296188354492,3.9699390363068185,0.48083372582874995,0.03658536449074745,0.9247491359710693
7b94,7.827185153961182,4.294729673806397,0.4983658463126828,0.042569082230329514,0.9138785600662231
7b9l,11.382366180419922,4.011789671532442,0.47861079676508134,0.02957358956336975,0.922391414642334
7bhr,10.040690422058105,4.752488237614323,0.5706183412627971,0.009854014962911606,0.9784347414970398
7bhs,7.747872829437256,4.081670020271931,0.4559920868655518,0.13225057721138,0.9647321105003357
7bht,4.43263578414917,4.865601343088068,0.400067452545571,0.16099071502685547,0.9760941863059998
7bhu,4.764992713928223,5.052958485795392,0.520455247977484,0.10108820348978043,0.9803563952445984
7bhv,7.506850719451904,5.79776570501332,0.43940428580446617,0.1141485795378685,0.9514555931091309
7bhw,5.1908488273620605,4.044155296186262,0.5385498986969538,0.11443495005369186,0.9600878953933716
7bhx,6.638341903686523,3.657275930602426,0.5083020978135646,0.1381578892469406,0.9632053375244141
7c7q,1.494070053100586,4.747108785756293,0.4968686829581319,0.6775000095367432,0.8907337784767151
7ca3,10.130908966064453,2.2118339652333288,0.29753107415044955,0.020249221473932266,0.8350207209587097
7cfm,10.181809425354004,2.671510959418269,0.3960330878646649,0.037556905299425125,0.6264656782150269
7cfn,14.30459976196289,2.4893626835453175,0.4302232984788472,0.09530095010995865,0.7225652933120728
7ckz,8.65595817565918,5.359343591945995,0.46334735884263206,0.0012091898825019598,0.9195308685302734
7cr2,,4.246864662340408,0.45882412011947094,,0.6839885115623474
7cr7,,4.236026834623016,0.3501125243741936,,0.43029260635375977
7cum,,5.454674013150527,0.32342203050904234,,0.7663697600364685
7d8x,0.5829592943191528,2.566879008304452,0.288862704232825,0.9038461446762085,0.792776882648468
7dtu,1.840563416481018,4.352451774316179,0.6292667747857923,0.46785715222358704,0.6815060973167419
7dtv,0.8495329022407532,2.7572102688873295,0.5462617189701859,0.9267857074737549,0.6160496473312378
7duq,4.939877986907959,7.075571561398425,0.23043048996049595,0.4550970792770386,0.7302027344703674
7e6t,3.623948812484741,2.9449282828583367,0.517922348688417,0.3287878930568695,0.6522176861763
7ehm,10.134281158447266,4.218367768669452,0.46597432810491596,0.08356353640556335,0.909130871295929
7fd8,2.0515360832214355,8.161600259868944,0.2902093701942706,0.7605262994766235,0.7492406964302063
7jvm,16.329221725463867,4.353139541826879,0.49081828616444145,0.0025390624068677425,0.8491483330726624
7jvn,17.14511489868164,3.7247482016844575,0.39164324639742765,0.0,0.8016365766525269
7kcc,7.948910236358643,4.996892137844522,0.49726813291822247,0.13846154510974884,0.9747165441513062
7kce,0.9418846368789673,4.350648147763662,0.4624652013009085,0.08846154063940048,0.978339433670044
7kcf,,5.46961964213803,0.5290444218088306,,0.9837555885314941
7kda,7.530823230743408,5.028715354272485,0.6353870805006905,0.029411764815449715,0.9815360307693481
7kdb,11.286108016967773,4.715594809806971,0.4874521927831,0.02459016442298889,0.9573386311531067
7ld3,10.935103416442871,3.5634982144436385,0.35707059596127233,0.049955595284700394,0.9334295988082886
7ljc,8.239554405212402,2.838837615593579,0.3110182850545686,0.20913460850715637,0.7377499341964722
7ljd,4.615274429321289,4.008620645547079,,0.24852652847766876,0.5424498319625854
7lwd,17.281936645507812,4.151567387790473,0.6102916673703797,0.0076060849241912365,0.9097156524658203
7nec,6.719902992248535,4.645277321820568,0.5057788290285469,0.0334182046353817,0.979418933391571
7nh4,11.561172485351562,5.9506183889577775,0.4236903979649345,0.05886426568031311,0.9572692513465881
7nh5,13.020204544067383,3.592961920012371,0.45343041843528775,0.019987700507044792,0.9720059037208557
7np5,6.019189357757568,7.125453061486504,0.5079344615230681,0.0556761771440506,0.9796878695487976
7np6,7.03773832321167,8.50723551127886,0.584841698960287,0.04248466342687607,0.9800432324409485
7npc,8.219639778137207,6.929636854964671,0.6759333908223532,0.04547930136322975,0.9803543090820312
7p2l,9.357553482055664,7.286802454114497,0.5084717734994086,0.041749175637960434,0.9592350125312805
7r75,15.316052436828613,3.8728657145970655,0.5150037029962329,0.0027814137283712626,0.9549590349197388
7r7d,12.188825607299805,4.4630630173357195,0.2896507422537511,0.0002585315378382802,0.8703407645225525
7r7i,6.814772605895996,3.75086106247415,0.44697191795136043,0.0,0.8295632600784302
7r7l,10.326544761657715,4.545446822262405,0.4222090307026879,0.0005601195152848959,0.8253781795501709
7rct,10.968588829040527,4.994814550489548,0.4948801580576127,0.0,0.8586639165878296
