pdb_id,producer,model_idx,confidence,bisy_rmsd,lddt_pli,qs_global,status,error,reference_source,raw_lddt,raw_affinity
b6ywb8_dtp,dynamicbind_asd,0,0.57390493,1.8250030279159546,0.694037675857544,1.0,ok,,local,0.57390493,3.4992037
b6ywb8_dtp,dynamicbind_asd,1,0.57085955,1.7725099325180054,0.7373520135879517,1.0,ok,,local,0.57085955,3.5780194
b6ywb8_dtp,dynamicbind_asd,2,0.5669013,1.7654355764389038,0.6936464309692383,1.0,ok,,local,0.5669013,3.7147698
b6ywb8_dtp,dynamicbind_asd,3,0.5469319,2.8488268852233887,0.5670234560966492,1.0,ok,,local,0.5469319,3.6604204
b6ywb8_dtp,dynamicbind_asd,4,0.5278786,3.942692995071411,0.402847558259964,1.0,ok,,local,0.5278786,3.6788454
b6ywb8_dtp,dynamicbind_asd,5,0.5250022,4.179035663604736,0.491346150636673,1.0,ok,,local,0.5250022,3.7607987
b6ywb8_dtp,dynamicbind_asd,6,0.5001761,5.824148654937744,0.2655160427093506,1.0,ok,,local,0.5001761,3.505835
b6ywb8_dtp,dynamicbind_asd,7,0.49893594,2.937062978744507,0.5237416625022888,1.0,ok,,local,0.49893594,3.558222
b6ywb8_dtp,dynamicbind_asd,8,0.47935542,5.384603977203369,0.3023897111415863,1.0,ok,,local,0.47935542,3.3398616
b6ywb8_dtp,dynamicbind_asd,9,0.46442676,5.599446773529053,0.2932971119880676,1.0,ok,,local,0.46442676,3.2238224
d9j2t9_lp5,dynamicbind_asd,0,0.50256795,,,1.0,ok,,local,0.50256795,7.6322746
d9j2t9_lp5,dynamicbind_asd,1,0.48373833,,,1.0,ok,,local,0.48373833,7.1772146
d9j2t9_lp5,dynamicbind_asd,2,0.474182,,,1.0,ok,,local,0.474182,7.7414703
d9j2t9_lp5,dynamicbind_asd,3,0.4736521,,,1.0,ok,,local,0.4736521,7.576398
d9j2t9_lp5,dynamicbind_asd,4,0.47360113,,,1.0,ok,,local,0.47360113,7.8148837
d9j2t9_lp5,dynamicbind_asd,5,0.47293368,,,1.0,ok,,local,0.47293368,7.6653566
d9j2t9_lp5,dynamicbind_asd,6,0.4677741,,,1.0,ok,,local,0.4677741,6.9769397
d9j2t9_lp5,dynamicbind_asd,7,0.46767324,,,1.0,ok,,local,0.46767324,7.4002585
d9j2t9_lp5,dynamicbind_asd,8,0.46718836,,,1.0,ok,,local,0.46718836,7.622192
d9j2t9_lp5,dynamicbind_asd,9,0.46562642,,,1.0,ok,,local,0.46562642,7.0926843
d9j2t9_lp5,dynamicbind_asd,10,0.46369767,,,1.0,ok,,local,0.46369767,7.5772038
d9j2t9_lp5,dynamicbind_asd,11,0.45850632,,,1.0,ok,,local,0.45850632,7.708471
d9j2t9_lp5,dynamicbind_asd,12,0.45752692,,,1.0,ok,,local,0.45752692,8.189381
d9j2t9_lp5,dynamicbind_asd,13,0.4568863,,,1.0,ok,,local,0.4568863,7.6963325
d9j2t9_lp5,dynamicbind_asd,14,0.4562296,,,1.0,ok,,local,0.4562296,7.853369
d9j2t9_lp5,dynamicbind_asd,15,0.45211995,,,1.0,ok,,local,0.45211995,8.341208
d9j2t9_lp5,dynamicbind_asd,16,0.44869027,,,1.0,ok,,local,0.44869027,8.229792
d9j2t9_lp5,dynamicbind_asd,17,0.44683635,,,1.0,ok,,local,0.44683635,7.655251
d9j2t9_lp5,dynamicbind_asd,18,0.43853492,,,1.0,ok,,local,0.43853492,7.971307
d9j2t9_lp5,dynamicbind_asd,19,0.43248838,,,1.0,ok,,local,0.43248838,7.561436
d9j2t9_lp5,dynamicbind_asd,20,0.42267203,,,1.0,ok,,local,0.42267203,7.6397996
d9j2t9_lp5,dynamicbind_asd,21,0.42178556,,,1.0,ok,,local,0.42178556,7.9100933
d9j2t9_lp5,dynamicbind_asd,22,0.42094776,,,1.0,ok,,local,0.42094776,7.4213333
d9j2t9_lp5,dynamicbind_asd,23,0.41188523,,,1.0,ok,,local,0.41188523,7.951583
d9j2t9_lp5,dynamicbind_asd,24,0.4090578,,,1.0,ok,,local,0.4090578,7.6683774
d9j2t9_lp5,dynamicbind_asd,25,0.3860659,,,1.0,ok,,local,0.3860659,7.3978744
d9j2t9_lp5,dynamicbind_asd,26,0.3820359,,,1.0,ok,,local,0.3820359,8.593803
d9j2t9_lp5,dynamicbind_asd,27,0.3819864,,,1.0,ok,,local,0.3819864,7.891788
d9j2t9_lp5,dynamicbind_asd,28,0.3797846,,,1.0,ok,,local,0.3797846,8.379161
d9j2t9_mgp,dynamicbind_asd,0,0.6398615,1.850199818611145,0.724372386932373,1.0,ok,,local,0.6398615,7.449792
d9j2t9_mgp,dynamicbind_asd,1,0.6275467,2.9553463459014893,0.6185661554336548,1.0,ok,,local,0.6275467,7.025412
d9j2t9_mgp,dynamicbind_asd,2,0.6212014,2.6826136112213135,0.6097846627235413,1.0,ok,,local,0.6212014,7.104073
d9j2t9_mgp,dynamicbind_asd,3,0.6196973,1.5558887720108032,0.7691908478736877,1.0,ok,,local,0.6196973,7.632275
d9j2t9_mgp,dynamicbind_asd,4,0.61730444,3.153456211090088,0.6170560717582703,1.0,ok,,local,0.61730444,6.9585605
d9j2t9_mgp,dynamicbind_asd,5,0.61416686,2.487370252609253,0.6259310841560364,1.0,ok,,local,0.61416686,7.1922183
d9j2t9_mgp,dynamicbind_asd,6,0.60789925,2.150545358657837,0.6516697406768799,1.0,ok,,local,0.60789925,7.4507594
d9j2t9_mgp,dynamicbind_asd,7,0.60447663,5.853163719177246,0.3632846176624298,1.0,ok,,local,0.60447663,7.0783987
d9j2t9_mgp,dynamicbind_asd,8,0.60253507,3.098395586013794,0.6277624368667603,1.0,ok,,local,0.60253507,7.273758
d9j2t9_mgp,dynamicbind_asd,9,0.60087955,2.730647563934326,0.6079812049865723,1.0,ok,,local,0.60087955,7.3181863
d9j2t9_mgp,dynamicbind_asd,10,0.6001818,3.4486608505249023,0.5221434831619263,1.0,ok,,local,0.6001818,7.1330376
d9j2t9_mgp,dynamicbind_asd,11,0.595059,5.094140529632568,0.3714773654937744,1.0,ok,,local,0.595059,7.5617323
d9j2t9_mgp,dynamicbind_asd,12,0.59439397,3.6709647178649902,0.5514233112335205,1.0,ok,,local,0.59439397,7.273517
d9j2t9_mgp,dynamicbind_asd,13,0.59404904,4.279995441436768,0.5100924968719482,1.0,ok,,local,0.59404904,7.109823
d9j2t9_mgp,dynamicbind_asd,14,0.5922661,5.0659871101379395,0.3382587730884552,1.0,ok,,local,0.5922661,7.5181937
d9j2t9_mgp,dynamicbind_asd,15,0.5918599,3.6001927852630615,0.5941295623779297,1.0,ok,,local,0.5918599,6.8188825
d9j2t9_mgp,dynamicbind_asd,16,0.5914801,2.104489803314209,0.6506880521774292,1.0,ok,,local,0.5914801,7.5595865
d9j2t9_mgp,dynamicbind_asd,17,0.591122,3.3730058670043945,0.5785046815872192,1.0,ok,,local,0.591122,7.071926
d9j2t9_mgp,dynamicbind_asd,18,0.58935946,4.257130146026611,0.5248579382896423,1.0,ok,,local,0.58935946,7.0531754
d9j2t9_mgp,dynamicbind_asd,19,0.58847654,3.3965365886688232,0.5288714170455933,1.0,ok,,local,0.58847654,7.1554494
d9j2t9_mgp,dynamicbind_asd,20,0.5881279,3.652186632156372,0.5861672759056091,1.0,ok,,local,0.5881279,7.168928
d9j2t9_mgp,dynamicbind_asd,21,0.58583,3.4416396617889404,0.5598559975624084,1.0,ok,,local,0.58583,7.0878177
d9j2t9_mgp,dynamicbind_asd,22,0.5857297,3.691534996032715,0.5413165092468262,1.0,ok,,local,0.5857297,7.043536
d9j2t9_mgp,dynamicbind_asd,23,0.585362,4.385603904724121,0.5326180458068848,1.0,ok,,local,0.585362,7.314212
d9j2t9_mgp,dynamicbind_asd,24,0.5840149,4.129870891571045,0.49361398816108704,1.0,ok,,local,0.5840149,7.1090927
d9j2t9_mgp,dynamicbind_asd,25,0.5799304,3.621265172958374,0.5503748655319214,1.0,ok,,local,0.5799304,7.2932663
d9j2t9_mgp,dynamicbind_asd,26,0.5759144,4.715975284576416,0.4166666567325592,1.0,ok,,local,0.5759144,6.8496084
d9j2t9_mgp,dynamicbind_asd,27,0.5749264,3.8010241985321045,0.4946489632129669,1.0,ok,,local,0.5749264,7.694631
d9j2t9_mgp,dynamicbind_asd,28,0.5410323,3.53755521774292,0.5018467307090759,1.0,ok,,local,0.5410323,7.5219417
d9j2t9_mgp,dynamicbind_asd,29,0.5318358,7.53538179397583,0.23494918644428253,1.0,ok,,local,0.5318358,7.3935113
o14965_6f2,dynamicbind_asd,0,0.6976614,,,1.0,ok,,local,0.6976614,6.453602
o14965_6f2,dynamicbind_asd,1,0.6973993,,,1.0,ok,,local,0.6973993,6.3242383
o14965_6f2,dynamicbind_asd,2,0.6950292,,,1.0,ok,,local,0.6950292,6.4096584
o14965_6f2,dynamicbind_asd,3,0.69370306,,,1.0,ok,,local,0.69370306,6.637218
o14965_6f2,dynamicbind_asd,4,0.68392754,,,1.0,ok,,local,0.68392754,6.6614323
o14965_6f2,dynamicbind_asd,5,0.6824567,,,1.0,ok,,local,0.6824567,6.419925
o14965_6f2,dynamicbind_asd,6,0.68187326,,,1.0,ok,,local,0.68187326,6.662996
o14965_6f2,dynamicbind_asd,7,0.6767977,,,1.0,ok,,local,0.6767977,6.639573
o14965_6f2,dynamicbind_asd,8,0.67487687,,,1.0,ok,,local,0.67487687,7.0345817
o14965_6f2,dynamicbind_asd,9,0.6691982,,,1.0,ok,,local,0.6691982,6.5670385
o14965_6f2,dynamicbind_asd,10,0.6646547,,,1.0,ok,,local,0.6646547,6.8803678
o14965_6f2,dynamicbind_asd,11,0.65788245,,,1.0,ok,,local,0.65788245,6.613734
o14965_6f2,dynamicbind_asd,12,0.657,,,1.0,ok,,local,0.657,7.39421
o14965_6f2,dynamicbind_asd,13,0.65093535,,,1.0,ok,,local,0.65093535,7.1220117
o14965_6f2,dynamicbind_asd,14,0.645855,,,1.0,ok,,local,0.645855,6.709053
o14965_6f2,dynamicbind_asd,15,0.64214694,,,1.0,ok,,local,0.64214694,7.2034187
o14965_6f2,dynamicbind_asd,16,0.6417042,,,1.0,ok,,local,0.6417042,7.197226
o14965_6f2,dynamicbind_asd,17,0.63989604,,,1.0,ok,,local,0.63989604,7.49562
o14965_6f2,dynamicbind_asd,18,0.63942134,,,1.0,ok,,local,0.63942134,6.764429
o14965_6f2,dynamicbind_asd,19,0.6337405,,,1.0,ok,,local,0.6337405,7.2000217
o14965_6f2,dynamicbind_asd,20,0.62993515,,,1.0,ok,,local,0.62993515,7.2482533
o14965_6f2,dynamicbind_asd,21,0.62803036,,,1.0,ok,,local,0.62803036,6.8876996
o14965_6f2,dynamicbind_asd,22,0.6268273,,,1.0,ok,,local,0.6268273,7.16261
o14965_6f2,dynamicbind_asd,23,0.62653834,,,1.0,ok,,local,0.62653834,6.9952335
o14965_6f2,dynamicbind_asd,24,0.6223585,,,1.0,ok,,local,0.6223585,7.2952337
o14965_6f2,dynamicbind_asd,25,0.61208165,,,1.0,ok,,local,0.61208165,7.078548
o14965_6f2,dynamicbind_asd,26,0.605635,,,1.0,ok,,local,0.605635,6.7724347
o14965_6f2,dynamicbind_asd,27,0.60350883,,,1.0,ok,,local,0.60350883,6.9151073
o14965_6f2,dynamicbind_asd,28,0.59130543,,,1.0,ok,,local,0.59130543,7.139942
o14965_g7w,dynamicbind_asd,0,0.63059336,,,1.0,ok,,local,0.63059336,6.4492035
o14965_g7w,dynamicbind_asd,1,0.62171924,,,1.0,ok,,local,0.62171924,6.5363784
o14965_g7w,dynamicbind_asd,2,0.6107284,,,1.0,ok,,local,0.6107284,6.431439
o14965_g7w,dynamicbind_asd,3,0.59741247,,,1.0,ok,,local,0.59741247,6.29943
o14965_g7w,dynamicbind_asd,4,0.59660643,,,1.0,ok,,local,0.59660643,6.57767
o14965_g7w,dynamicbind_asd,5,0.59608287,,,1.0,ok,,local,0.59608287,6.697348
o14965_g7w,dynamicbind_asd,6,0.593546,,,1.0,ok,,local,0.593546,6.2159796
o14965_g7w,dynamicbind_asd,7,0.59174365,,,1.0,ok,,local,0.59174365,6.2069445
o14965_g7w,dynamicbind_asd,8,0.5889177,,,1.0,ok,,local,0.5889177,6.322648
o14965_g7w,dynamicbind_asd,9,0.586224,,,1.0,ok,,local,0.586224,6.6204624
o14965_g7w,dynamicbind_asd,10,0.58607394,,,1.0,ok,,local,0.58607394,6.507772
o14965_g7w,dynamicbind_asd,11,0.58497405,,,1.0,ok,,local,0.58497405,6.0853114
o14965_g7w,dynamicbind_asd,12,0.5830031,,,1.0,ok,,local,0.5830031,6.423892
o14965_g7w,dynamicbind_asd,13,0.58245957,,,1.0,ok,,local,0.58245957,6.860017
o14965_g7w,dynamicbind_asd,14,0.58210945,,,1.0,ok,,local,0.58210945,6.665467
o14965_g7w,dynamicbind_asd,15,0.580862,,,1.0,ok,,local,0.580862,6.292264
o14965_g7w,dynamicbind_asd,16,0.57456434,,,1.0,ok,,local,0.57456434,6.4232254
o14965_g7w,dynamicbind_asd,17,0.5710141,,,1.0,ok,,local,0.5710141,6.641851
o14965_g7w,dynamicbind_asd,18,0.5656622,,,1.0,ok,,local,0.5656622,6.587611
o14965_g7w,dynamicbind_asd,19,0.55906403,,,1.0,ok,,local,0.55906403,6.296451
o14965_ljf,dynamicbind_asd,0,0.60211,3.621851921081543,0.5042486786842346,1.0,ok,,local,0.60211,6.313828
o14965_ljf,dynamicbind_asd,1,0.59980357,3.48161244392395,0.4681895673274994,1.0,ok,,local,0.59980357,6.282032
o14965_ljf,dynamicbind_asd,2,0.58911806,3.458752393722534,0.4964125454425812,1.0,ok,,local,0.58911806,6.375024
o14965_ljf,dynamicbind_asd,3,0.5787654,3.441397190093994,0.49245786666870117,1.0,ok,,local,0.5787654,6.102346
o14965_ljf,dynamicbind_asd,4,0.5654035,,,1.0,ok,,local,0.5654035,7.0756526
o14965_ljf,dynamicbind_asd,5,0.54892284,1.584424376487732,0.6141199469566345,1.0,ok,,local,0.54892284,6.8486385
o14965_ljf,dynamicbind_asd,6,0.54603237,2.3098878860473633,0.5902912616729736,1.0,ok,,local,0.54603237,6.564136
o14965_ljf,dynamicbind_asd,7,0.52185535,4.055830955505371,0.4177350401878357,1.0,ok,,local,0.52185535,7.0255046
o14965_ljf,dynamicbind_asd,8,0.5062325,4.695469856262207,0.4180236756801605,1.0,ok,,local,0.5062325,6.825013
o14965_ljf,dynamicbind_asd,9,0.5049257,2.1012980937957764,0.5706028342247009,1.0,ok,,local,0.5049257,7.020875
o14965_ljf,dynamicbind_asd,10,0.5047869,3.360076665878296,0.44865384697914124,1.0,ok,,local,0.5047869,6.8670173
o14965_ljf,dynamicbind_asd,11,0.48853135,3.964412212371826,0.3714221715927124,1.0,ok,,local,0.48853135,6.9866443
o14965_ljf,dynamicbind_asd,12,0.48348388,2.3290956020355225,0.5111111402511597,1.0,ok,,local,0.48348388,7.2258897
o14965_ljf,dynamicbind_asd,13,0.48246026,2.3342301845550537,0.5485596656799316,1.0,ok,,local,0.48246026,7.330285
o14965_ljf,dynamicbind_asd,14,0.48056886,3.2878150939941406,0.4328504204750061,1.0,ok,,local,0.48056886,7.1916194
o14965_ljf,dynamicbind_asd,15,0.47663954,17.93801498413086,0.05523809418082237,1.0,ok,,local,0.47663954,6.6956434
o14965_ljf,dynamicbind_asd,16,0.47578946,2.477459669113159,0.5008116960525513,1.0,ok,,local,0.47578946,7.6762676
o14965_ljf,dynamicbind_asd,17,0.47334367,2.7393665313720703,0.5240384340286255,1.0,ok,,local,0.47334367,7.207188
o14965_ljf,dynamicbind_asd,18,0.46417436,2.9725496768951416,0.44851213693618774,1.0,ok,,local,0.46417436,7.7030697
o14965_ljf,dynamicbind_asd,19,0.45926106,4.504822254180908,0.3526430130004883,1.0,ok,,local,0.45926106,7.171751
o14965_mmh,dynamicbind_asd,0,0.66288954,4.668726921081543,0.5630555748939514,1.0,ok,,local,0.66288954,7.772275
o14965_mmh,dynamicbind_asd,1,0.65601385,3.703935146331787,0.6270207762718201,1.0,ok,,local,0.65601385,7.860691
o14965_mmh,dynamicbind_asd,2,0.65539414,3.517275333404541,0.5768581032752991,1.0,ok,,local,0.65539414,7.6211557
o14965_mmh,dynamicbind_asd,3,0.65381473,2.5997486114501953,0.7273550629615784,1.0,ok,,local,0.65381473,7.753136
o14965_mmh,dynamicbind_asd,4,0.6510106,5.182756423950195,0.5526036024093628,1.0,ok,,local,0.6510106,7.6455665
o14965_mmh,dynamicbind_asd,5,0.64616144,3.5316526889801025,0.5873192548751831,1.0,ok,,local,0.64616144,7.5055637
o14965_mmh,dynamicbind_asd,6,0.64324015,4.126033782958984,0.628796398639679,1.0,ok,,local,0.64324015,7.5364866
o14965_mmh,dynamicbind_asd,7,0.6384378,3.7642722129821777,0.5872340202331543,1.0,ok,,local,0.6384378,7.5683036
o14965_mmh,dynamicbind_asd,8,0.6377904,2.120979070663452,0.7316486239433289,1.0,ok,,local,0.6377904,7.715871
o14965_mmh,dynamicbind_asd,9,0.6339239,5.088939666748047,0.5045309066772461,1.0,ok,,local,0.6339239,7.6174707
o14965_mmh,dynamicbind_asd,10,0.61672366,3.438305139541626,0.7189119458198547,1.0,ok,,local,0.61672366,7.888834
o14965_mmh,dynamicbind_asd,11,0.61596954,4.431140422821045,0.5225771069526672,1.0,ok,,local,0.61596954,7.6875215
o14965_mmh,dynamicbind_asd,12,0.6154151,2.0131113529205322,0.7065625190734863,1.0,ok,,local,0.6154151,8.32095
o14965_mmh,dynamicbind_asd,13,0.6145942,4.262821674346924,0.6462205648422241,1.0,ok,,local,0.6145942,8.0596
o14965_mmh,dynamicbind_asd,14,0.6130744,3.926743745803833,0.6381199359893799,1.0,ok,,local,0.6130744,7.918302
o14965_mmh,dynamicbind_asd,15,0.6120919,3.147658586502075,0.5992476940155029,1.0,ok,,local,0.6120919,7.767633
o14965_mmh,dynamicbind_asd,16,0.60875595,3.697589874267578,0.7262499928474426,1.0,ok,,local,0.60875595,7.9822645
o14965_mmh,dynamicbind_asd,17,0.6062277,2.0465543270111084,0.7547709941864014,1.0,ok,,local,0.6062277,8.181458
o14965_mmh,dynamicbind_asd,18,0.6060152,4.754857540130615,0.6212930083274841,1.0,ok,,local,0.6060152,7.9632215
o14965_mmh,dynamicbind_asd,19,0.6057654,4.932948112487793,0.5853873491287231,1.0,ok,,local,0.6057654,7.7569494
o14965_mmh,dynamicbind_asd,20,0.6008058,3.644026517868042,0.5466280579566956,1.0,ok,,local,0.6008058,7.868059
o14965_mmh,dynamicbind_asd,21,0.5998185,2.1245152950286865,0.6908635497093201,1.0,ok,,local,0.5998185,8.322557
o14965_mmh,dynamicbind_asd,22,0.59404314,3.563451051712036,0.5998871326446533,1.0,ok,,local,0.59404314,7.8130293
o14965_mmh,dynamicbind_asd,23,0.5931851,2.538382053375244,0.6895306706428528,1.0,ok,,local,0.5931851,8.140675
o14965_mmh,dynamicbind_asd,24,0.58886725,4.101029872894287,0.6517119407653809,1.0,ok,,local,0.58886725,8.070689
o14965_mmh,dynamicbind_asd,25,0.58826596,3.119570732116699,0.6809408664703369,1.0,ok,,local,0.58826596,8.297652
o14965_mmh,dynamicbind_asd,26,0.5849395,3.49916934967041,0.6488234996795654,1.0,ok,,local,0.5849395,7.616655
o14965_mmh,dynamicbind_asd,27,0.58330995,2.008477210998535,0.7383570671081543,1.0,ok,,local,0.58330995,8.169519
o14965_mmh,dynamicbind_asd,28,0.57806915,3.348837375640869,0.7038600444793701,1.0,ok,,local,0.57806915,8.687652
o14965_mmh,dynamicbind_asd,29,0.57319885,3.3582043647766113,0.5885535478591919,1.0,ok,,local,0.57319885,7.888624
o14965_nrm,dynamicbind_asd,0,0.6958212,,,1.0,ok,,local,0.6958212,6.53446
o14965_nrm,dynamicbind_asd,1,0.6956317,,,1.0,ok,,local,0.6956317,6.571108
o14965_nrm,dynamicbind_asd,2,0.690943,,,1.0,ok,,local,0.690943,6.531687
o14965_nrm,dynamicbind_asd,3,0.6879308,,,1.0,ok,,local,0.6879308,6.554582
o14965_nrm,dynamicbind_asd,4,0.6836349,,,1.0,ok,,local,0.6836349,6.58768
o14965_nrm,dynamicbind_asd,5,0.6833121,,,1.0,ok,,local,0.6833121,6.5774517
o14965_nrm,dynamicbind_asd,6,0.6822466,,,1.0,ok,,local,0.6822466,6.113627
o14965_nrm,dynamicbind_asd,7,0.679887,,,1.0,ok,,local,0.679887,6.3078423
o14965_nrm,dynamicbind_asd,8,0.6759137,,,1.0,ok,,local,0.6759137,6.295373
o14965_nrm,dynamicbind_asd,9,0.67537856,,,1.0,ok,,local,0.67537856,6.5455947
o14965_nrm,dynamicbind_asd,10,0.66089976,,,1.0,ok,,local,0.66089976,6.3348155
o14965_nrm,dynamicbind_asd,11,0.6509821,,,1.0,ok,,local,0.6509821,6.812119
o14965_nrm,dynamicbind_asd,12,0.6468348,,,1.0,ok,,local,0.6468348,6.2822585
o14965_nrm,dynamicbind_asd,13,0.64564186,,,1.0,ok,,local,0.64564186,6.7220764
o14965_nrm,dynamicbind_asd,14,0.6443239,,,1.0,ok,,local,0.6443239,6.7492647
o14965_nrm,dynamicbind_asd,15,0.6438871,,,1.0,ok,,local,0.6438871,6.766774
o14965_nrm,dynamicbind_asd,16,0.642241,,,1.0,ok,,local,0.642241,6.730444
o14965_nrm,dynamicbind_asd,17,0.6414134,,,1.0,ok,,local,0.6414134,6.7017016
o14965_nrm,dynamicbind_asd,18,0.64061105,,,1.0,ok,,local,0.64061105,6.638112
o14965_nrm,dynamicbind_asd,19,0.63744015,,,1.0,ok,,local,0.63744015,6.745732
o14965_nrm,dynamicbind_asd,20,0.6360177,,,1.0,ok,,local,0.6360177,6.6499662
o14965_nrm,dynamicbind_asd,21,0.6356637,,,1.0,ok,,local,0.6356637,6.7690187
o14965_nrm,dynamicbind_asd,22,0.6342712,,,1.0,ok,,local,0.6342712,6.657582
o14965_nrm,dynamicbind_asd,23,0.6342213,,,1.0,ok,,local,0.6342213,6.6933823
o14965_nrm,dynamicbind_asd,24,0.6329603,,,1.0,ok,,local,0.6329603,6.730385
o14965_nrm,dynamicbind_asd,25,0.63257635,,,1.0,ok,,local,0.63257635,6.646754
o14965_nrm,dynamicbind_asd,26,0.6300189,,,1.0,ok,,local,0.6300189,6.6716995
o14965_nrm,dynamicbind_asd,27,0.6269627,,,1.0,ok,,local,0.6269627,6.748181
o14965_nrm,dynamicbind_asd,28,0.62650776,,,1.0,ok,,local,0.62650776,6.6695914
o14965_nrm,dynamicbind_asd,29,0.6252812,,,1.0,ok,,local,0.6252812,6.656342
o15530_3q3,dynamicbind_asd,0,0.6855981,5.349409580230713,0.6266762614250183,1.0,ok,,local,0.6855981,7.473044
o15530_3q3,dynamicbind_asd,1,0.68531245,5.976832389831543,0.5669733881950378,1.0,ok,,local,0.68531245,7.3708405
o15530_3q3,dynamicbind_asd,2,0.68313164,6.479197978973389,0.5358961224555969,1.0,ok,,local,0.68313164,7.3517275
o15530_3q3,dynamicbind_asd,3,0.6821363,5.601326942443848,0.6038674116134644,1.0,ok,,local,0.6821363,7.2048283
o15530_3q3,dynamicbind_asd,4,0.6769414,5.102551460266113,0.6131656765937805,1.0,ok,,local,0.6769414,7.522092
o15530_3q3,dynamicbind_asd,5,0.6768177,5.752373695373535,0.5911239385604858,1.0,ok,,local,0.6768177,7.2077136
o15530_3q3,dynamicbind_asd,6,0.6767991,3.705111026763916,0.6607314944267273,1.0,ok,,local,0.6767991,7.038616
o15530_3q3,dynamicbind_asd,7,0.67587334,1.4010930061340332,0.8038815259933472,1.0,ok,,local,0.67587334,6.8174715
o15530_3q3,dynamicbind_asd,8,0.67512465,1.4471158981323242,0.7862537503242493,1.0,ok,,local,0.67512465,6.8319645
o15530_3q3,dynamicbind_asd,9,0.66946477,8.7743558883667,0.38781222701072693,1.0,ok,,local,0.66946477,6.8739605
o15530_3q3,dynamicbind_asd,10,0.66938007,1.9407401084899902,0.7129807472229004,1.0,ok,,local,0.66938007,6.899382
o15530_3q3,dynamicbind_asd,11,0.66866946,5.03523063659668,0.6667510271072388,1.0,ok,,local,0.66866946,7.234132
o15530_3q3,dynamicbind_asd,12,0.6663991,1.7198113203048706,0.7801294922828674,1.0,ok,,local,0.6663991,6.820472
o15530_3q3,dynamicbind_asd,13,0.6632395,4.711362361907959,0.6286272406578064,1.0,ok,,local,0.6632395,7.1137166
o15530_3q3,dynamicbind_asd,14,0.66272914,4.480195999145508,0.4907989203929901,1.0,ok,,local,0.66272914,6.604594
o15530_3q3,dynamicbind_asd,15,0.6623036,4.906317234039307,0.655493974685669,1.0,ok,,local,0.6623036,7.2461386
o15530_3q3,dynamicbind_asd,16,0.6591178,2.2003684043884277,0.7147312760353088,1.0,ok,,local,0.6591178,6.9005766
o15530_3q3,dynamicbind_asd,17,0.65808725,4.012207508087158,0.5973904728889465,1.0,ok,,local,0.65808725,7.2329173
o15530_3q3,dynamicbind_asd,18,0.65710485,1.6812124252319336,0.7013227343559265,1.0,ok,,local,0.65710485,6.7309113
o15530_3q3,dynamicbind_asd,19,0.65475464,4.596426486968994,0.6311208009719849,1.0,ok,,local,0.65475464,7.031087
o15530_3q3,dynamicbind_asd,20,0.6540685,4.893970489501953,0.42746350169181824,1.0,ok,,local,0.6540685,6.3571553
o15530_3q3,dynamicbind_asd,21,0.65074134,5.467610836029053,0.4336007237434387,1.0,ok,,local,0.65074134,6.61558
o15530_3q3,dynamicbind_asd,22,0.6463696,8.464731216430664,0.3010348081588745,1.0,ok,,local,0.6463696,6.50774
o15530_3q3,dynamicbind_asd,23,0.64577734,4.1719207763671875,0.6043378710746765,1.0,ok,,local,0.64577734,7.368054
o15530_3q3,dynamicbind_asd,24,0.64542735,4.592341899871826,0.4694656431674957,1.0,ok,,local,0.64542735,6.672148
o15530_3q3,dynamicbind_asd,25,0.6367966,4.224540710449219,0.4859050512313843,1.0,ok,,local,0.6367966,6.8025937
o15530_3q3,dynamicbind_asd,26,0.63665503,4.693396091461182,0.466292142868042,1.0,ok,,local,0.63665503,6.7153854
o15530_3q3,dynamicbind_asd,27,0.635031,12.353919982910156,0.24721269309520721,1.0,ok,,local,0.635031,7.052507
o15530_3q3,dynamicbind_asd,28,0.6344484,11.907354354858398,0.28744587302207947,1.0,ok,,local,0.6344484,6.8634586
o15530_3q3,dynamicbind_asd,29,0.633203,11.87452220916748,0.2835470139980316,1.0,ok,,local,0.633203,6.936057
o15530_3q4,dynamicbind_asd,0,0.70468426,,,1.0,ok,,local,0.70468426,7.324327
o15530_3q4,dynamicbind_asd,1,0.6961887,,,1.0,ok,,local,0.6961887,7.4128327
o15530_3q4,dynamicbind_asd,2,0.69064736,,,1.0,ok,,local,0.69064736,7.408463
o15530_3q4,dynamicbind_asd,3,0.6855064,,,1.0,ok,,local,0.6855064,7.610297
o15530_3q4,dynamicbind_asd,4,0.6779432,,,1.0,ok,,local,0.6779432,7.6684933
o15530_3q4,dynamicbind_asd,5,0.67147803,,,1.0,ok,,local,0.67147803,7.7308464
o15530_3q4,dynamicbind_asd,6,0.6691698,,,1.0,ok,,local,0.6691698,7.308793
o15530_3q4,dynamicbind_asd,7,0.66795564,,,1.0,ok,,local,0.66795564,7.441305
o15530_3q4,dynamicbind_asd,8,0.6672829,,,1.0,ok,,local,0.6672829,7.3061643
o15530_3q4,dynamicbind_asd,9,0.66629714,,,1.0,ok,,local,0.66629714,7.5667334
o15530_3q4,dynamicbind_asd,10,0.6623796,,,1.0,ok,,local,0.6623796,6.903078
o15530_3q4,dynamicbind_asd,11,0.660853,,,1.0,ok,,local,0.660853,7.3498306
o15530_3q4,dynamicbind_asd,12,0.66040534,,,1.0,ok,,local,0.66040534,7.3222055
o15530_3q4,dynamicbind_asd,13,0.6595146,,,1.0,ok,,local,0.6595146,7.3383217
o15530_3q4,dynamicbind_asd,14,0.65928054,,,1.0,ok,,local,0.65928054,7.44378
o15530_3q4,dynamicbind_asd,15,0.6585629,,,1.0,ok,,local,0.6585629,7.3753457
o15530_3q4,dynamicbind_asd,16,0.654231,,,1.0,ok,,local,0.654231,7.4850745
o15530_3q4,dynamicbind_asd,17,0.6531146,,,1.0,ok,,local,0.6531146,7.2260303
o15530_3q4,dynamicbind_asd,18,0.65197533,,,1.0,ok,,local,0.65197533,7.333869
o15530_3q4,dynamicbind_asd,19,0.65097237,,,1.0,ok,,local,0.65097237,7.1708336
o15530_3q4,dynamicbind_asd,20,0.6492162,,,1.0,ok,,local,0.6492162,7.2184544
o15530_3q4,dynamicbind_asd,21,0.6491013,,,1.0,ok,,local,0.6491013,7.2167025
o15530_3q4,dynamicbind_asd,22,0.6446253,,,1.0,ok,,local,0.6446253,7.1522055
o15530_3q4,dynamicbind_asd,23,0.64278346,,,1.0,ok,,local,0.64278346,7.254046
o15530_3q4,dynamicbind_asd,24,0.62644994,,,1.0,ok,,local,0.62644994,7.0607514
o15530_3q4,dynamicbind_asd,25,0.6236208,,,1.0,ok,,local,0.6236208,7.2301974
o15530_3q4,dynamicbind_asd,26,0.6050652,,,1.0,ok,,local,0.6050652,7.3931975
o15530_3q4,dynamicbind_asd,27,0.6046167,,,1.0,ok,,local,0.6046167,7.0849414
o15530_3q4,dynamicbind_asd,28,0.600531,,,1.0,ok,,local,0.600531,7.2911415
o15530_3q4,dynamicbind_asd,29,0.58890855,,,1.0,ok,,local,0.58890855,7.0515895
o15530_3rc,dynamicbind_asd,0,0.74595565,,,1.0,ok,,local,0.74595565,5.547929
o15530_3rc,dynamicbind_asd,1,0.74556273,,,1.0,ok,,local,0.74556273,5.564932
o15530_3rc,dynamicbind_asd,2,0.7435543,,,1.0,ok,,local,0.7435543,5.6725974
o15530_3rc,dynamicbind_asd,3,0.74255604,,,1.0,ok,,local,0.74255604,5.4639306
o15530_3rc,dynamicbind_asd,4,0.7409182,,,1.0,ok,,local,0.7409182,5.6211624
o15530_3rc,dynamicbind_asd,5,0.7392482,,,1.0,ok,,local,0.7392482,5.536838
o15530_3rc,dynamicbind_asd,6,0.73861754,,,1.0,ok,,local,0.73861754,5.6410666
o15530_3rc,dynamicbind_asd,7,0.73809355,,,1.0,ok,,local,0.73809355,5.492232
o15530_3rc,dynamicbind_asd,8,0.7363647,,,1.0,ok,,local,0.7363647,5.520323
o15530_3rc,dynamicbind_asd,9,0.7343345,,,1.0,ok,,local,0.7343345,5.340327
o15530_3rc,dynamicbind_asd,10,0.73354423,,,1.0,ok,,local,0.73354423,5.522199
o15530_3rc,dynamicbind_asd,11,0.7326338,,,1.0,ok,,local,0.7326338,5.4070773
o15530_3rc,dynamicbind_asd,12,0.7310699,,,1.0,ok,,local,0.7310699,5.4390163
o15530_3rc,dynamicbind_asd,13,0.7223241,,,1.0,ok,,local,0.7223241,5.444248
o15530_3rc,dynamicbind_asd,14,0.7221156,,,1.0,ok,,local,0.7221156,5.3926125
o15530_3rc,dynamicbind_asd,15,0.7207957,,,1.0,ok,,local,0.7207957,5.482383
o15530_3rc,dynamicbind_asd,16,0.7207475,,,1.0,ok,,local,0.7207475,5.405131
o15530_3rc,dynamicbind_asd,17,0.7200768,,,1.0,ok,,local,0.7200768,5.5044312
o15530_3rc,dynamicbind_asd,18,0.7199402,,,1.0,ok,,local,0.7199402,5.4639215
o15530_3rc,dynamicbind_asd,19,0.7198665,,,1.0,ok,,local,0.7198665,5.2234955
o15530_3rc,dynamicbind_asd,20,0.7190448,,,1.0,ok,,local,0.7190448,5.4894376
o15530_3rc,dynamicbind_asd,21,0.7189656,,,1.0,ok,,local,0.7189656,5.4784446
o15530_3rc,dynamicbind_asd,22,0.7170736,,,1.0,ok,,local,0.7170736,5.4184194
o15530_3rc,dynamicbind_asd,23,0.71540725,,,1.0,ok,,local,0.71540725,5.3422713
o15530_3rc,dynamicbind_asd,24,0.71357644,,,1.0,ok,,local,0.71357644,5.392744
o15530_3rc,dynamicbind_asd,25,0.712851,,,1.0,ok,,local,0.712851,5.6932077
o15530_3rc,dynamicbind_asd,26,0.71213347,,,1.0,ok,,local,0.71213347,5.5518956
o15530_3rc,dynamicbind_asd,27,0.7092206,,,1.0,ok,,local,0.7092206,5.277816
o15530_3rc,dynamicbind_asd,28,0.70279396,,,1.0,ok,,local,0.70279396,5.446672
o15530_3rc,dynamicbind_asd,29,0.6968367,,,1.0,ok,,local,0.6968367,5.4435716
o15530_mp7,dynamicbind_asd,0,0.6564055,4.814990997314453,0.4515877962112427,0.0,ok,,local,0.6564055,6.5859027
o15530_mp7,dynamicbind_asd,1,0.65336436,1.7425878047943115,0.6956740617752075,1.0,ok,,local,0.65336436,7.03083
o15530_mp7,dynamicbind_asd,2,0.63258666,2.000943899154663,0.660630464553833,1.0,ok,,local,0.63258666,7.15326
o15530_mp7,dynamicbind_asd,3,0.63093704,5.911240577697754,0.36398258805274963,1.0,ok,,local,0.63093704,6.2443624
o15530_mp7,dynamicbind_asd,4,0.62652504,1.6649932861328125,0.6812286972999573,1.0,ok,,local,0.62652504,7.221746
o15530_mp7,dynamicbind_asd,5,0.62465775,2.221595048904419,0.6133888363838196,1.0,ok,,local,0.62465775,7.1876626
o15530_mp7,dynamicbind_asd,6,0.6231283,6.102656364440918,0.28924915194511414,0.0,ok,,local,0.6231283,6.3261304
o15530_mp7,dynamicbind_asd,7,0.6198882,6.5011210441589355,0.3560935854911804,1.0,ok,,local,0.6198882,6.310086
o15530_mp7,dynamicbind_asd,8,0.6185768,2.215991497039795,0.6278353929519653,0.0,ok,,local,0.6185768,6.6099505
o15530_mp7,dynamicbind_asd,9,0.6174915,2.1381001472473145,0.677734375,0.0,ok,,local,0.6174915,6.7591157
o15530_mp7,dynamicbind_asd,10,0.6142027,4.660194396972656,0.3968501687049866,0.0,ok,,local,0.6142027,6.9541078
o15530_mp7,dynamicbind_asd,11,0.60883313,3.671619415283203,0.4587128162384033,0.0,ok,,local,0.60883313,6.900575
o15530_mp7,dynamicbind_asd,12,0.6012592,3.3546066284179688,0.5396541357040405,0.0,ok,,local,0.6012592,6.7641387
o15530_mp7,dynamicbind_asd,13,0.60054827,7.591739177703857,0.3087388873100281,1.0,ok,,local,0.60054827,6.708087
o15530_mp7,dynamicbind_asd,14,0.5867533,3.5699357986450195,0.5300179123878479,1.0,ok,,local,0.5867533,6.913345
o15530_mp7,dynamicbind_asd,15,0.57596725,4.095654010772705,0.45237407088279724,1.0,ok,,local,0.57596725,6.81531
o15530_mp7,dynamicbind_asd,16,0.5684307,7.403065204620361,0.3238546550273895,0.0,ok,,local,0.5684307,6.5847616
o15530_mp7,dynamicbind_asd,17,0.5677645,5.13951301574707,0.389524906873703,1.0,ok,,local,0.5677645,7.079376
o15530_mp7,dynamicbind_asd,18,0.56764215,12.518084526062012,0.22257690131664276,0.0,ok,,local,0.56764215,6.567467
o60885_5j5,dynamicbind_asd,0,0.6592536,8.66339111328125,0.2747668921947479,1.0,ok,,local,0.6592536,4.623122
o60885_5j5,dynamicbind_asd,1,0.65789014,8.710447311401367,0.2838934063911438,1.0,ok,,local,0.65789014,4.564603
o60885_5j5,dynamicbind_asd,2,0.6514966,8.426473617553711,0.27491506934165955,1.0,ok,,local,0.6514966,4.7369123
o60885_5j5,dynamicbind_asd,3,0.65132624,8.786877632141113,0.25926998257637024,0.0,ok,,local,0.65132624,4.684784
o60885_5j5,dynamicbind_asd,4,0.6450502,8.78044605255127,0.25027716159820557,1.0,ok,,local,0.6450502,4.5747085
o60885_5j5,dynamicbind_asd,5,0.642038,9.018119812011719,0.26560789346694946,1.0,ok,,local,0.642038,4.504596
o60885_5j5,dynamicbind_asd,6,0.63655084,8.668116569519043,0.25335195660591125,1.0,ok,,local,0.63655084,4.6174273
o60885_5j5,dynamicbind_asd,7,0.6295303,6.009944915771484,0.3288900852203369,0.0,ok,,local,0.6295303,4.351651
o60885_5j5,dynamicbind_asd,8,0.62837726,7.017239570617676,0.2514585852622986,1.0,ok,,local,0.62837726,4.371315
o60885_5j5,dynamicbind_asd,9,0.6268876,7.9245524406433105,0.34189844131469727,0.0,ok,,local,0.6268876,4.377839
o60885_5j5,dynamicbind_asd,10,0.6227005,7.470681667327881,0.1988188922405243,0.0,ok,,local,0.6227005,4.455102
o60885_5j5,dynamicbind_asd,11,0.6224487,6.803821563720703,0.24284009635448456,0.0,ok,,local,0.6224487,4.376876
o60885_5j5,dynamicbind_asd,12,0.62130517,8.149640083312988,0.23745520412921906,1.0,ok,,local,0.62130517,4.625633
o60885_5j5,dynamicbind_asd,13,0.61533386,6.704527378082275,0.31954658031463623,0.0,ok,,local,0.61533386,4.488198
o60885_5j5,dynamicbind_asd,14,0.60619044,6.682426929473877,0.30738213658332825,0.0,ok,,local,0.60619044,4.364663
o60885_5j5,dynamicbind_asd,15,0.6022645,6.76016902923584,0.28028351068496704,1.0,ok,,local,0.6022645,4.2366443
o60885_5j5,dynamicbind_asd,16,0.60108674,7.154952526092529,0.21274834871292114,1.0,ok,,local,0.60108674,4.44437
o60885_5j5,dynamicbind_asd,17,0.49454185,8.887581825256348,0.2900831401348114,0.0,ok,,local,0.49454185,4.729995
o60885_5j5,dynamicbind_asd,18,0.43897566,9.107927322387695,0.287887841463089,0.0,ok,,local,0.43897566,4.2531056
o60885_5j5,dynamicbind_asd,19,0.42147818,6.814145565032959,0.2737341821193695,0.0,ok,,local,0.42147818,4.7142506
o60885_yx4,dynamicbind_asd,0,0.74835116,,,1.0,ok,,local,0.74835116,6.6202493
o60885_yx4,dynamicbind_asd,1,0.747484,,,1.0,ok,,local,0.747484,6.3439174
o60885_yx4,dynamicbind_asd,2,0.74308974,,,1.0,ok,,local,0.74308974,6.7137146
o60885_yx4,dynamicbind_asd,3,0.7427314,,,1.0,ok,,local,0.7427314,6.5327473
o60885_yx4,dynamicbind_asd,4,0.741518,,,1.0,ok,,local,0.741518,6.4228783
o60885_yx4,dynamicbind_asd,5,0.7414292,,,1.0,ok,,local,0.7414292,6.328526
o60885_yx4,dynamicbind_asd,6,0.74107313,,,1.0,ok,,local,0.74107313,6.5212092
o60885_yx4,dynamicbind_asd,7,0.7385194,,,1.0,ok,,local,0.7385194,6.270454
o60885_yx4,dynamicbind_asd,8,0.73807216,,,1.0,ok,,local,0.73807216,6.722267
o60885_yx4,dynamicbind_asd,9,0.7374114,,,1.0,ok,,local,0.7374114,6.8601985
o60885_yx4,dynamicbind_asd,10,0.732443,,,0.0,ok,,local,0.732443,6.7198844
o60885_yx4,dynamicbind_asd,11,0.7260711,,,0.0,ok,,local,0.7260711,6.6878896
o60885_yx4,dynamicbind_asd,12,0.7255608,,,0.0,ok,,local,0.7255608,6.9620175
o60885_yx4,dynamicbind_asd,13,0.72546905,,,0.0,ok,,local,0.72546905,7.046492
o60885_yx4,dynamicbind_asd,14,0.7252871,,,0.0,ok,,local,0.7252871,6.7934127
o60885_yx4,dynamicbind_asd,15,0.72510433,,,0.0,ok,,local,0.72510433,6.5573378
o60885_yx4,dynamicbind_asd,16,0.7235514,,,0.0,ok,,local,0.7235514,7.059658
o60885_yx4,dynamicbind_asd,17,0.72037596,,,0.0,ok,,local,0.72037596,6.796448
o60885_yx4,dynamicbind_asd,18,0.6255139,,,0.0,ok,,local,0.6255139,5.7600536
o60885_yx4,dynamicbind_asd,19,0.5874564,,,0.0,ok,,local,0.5874564,6.0799217
o75530_7vy,dynamicbind_asd,0,0.73977023,,,1.0,ok,,local,0.73977023,5.6662226
o75530_7vy,dynamicbind_asd,1,0.7397579,,,1.0,ok,,local,0.7397579,5.3389044
o75530_7vy,dynamicbind_asd,2,0.7361464,,,1.0,ok,,local,0.7361464,5.450401
o75530_7vy,dynamicbind_asd,3,0.73100716,,,1.0,ok,,local,0.73100716,5.5641747
o75530_7vy,dynamicbind_asd,4,0.7304835,,,1.0,ok,,local,0.7304835,5.560221
o75530_7vy,dynamicbind_asd,5,0.7275195,,,1.0,ok,,local,0.7275195,5.3092203
o75530_7vy,dynamicbind_asd,6,0.72710496,,,1.0,ok,,local,0.72710496,5.494343
o75530_7vy,dynamicbind_asd,7,0.7250421,,,1.0,ok,,local,0.7250421,5.578018
o75530_7vy,dynamicbind_asd,8,0.7231914,,,1.0,ok,,local,0.7231914,5.387452
o75530_7vy,dynamicbind_asd,9,0.72019225,,,1.0,ok,,local,0.72019225,6.404756
o75530_7vy,dynamicbind_asd,10,0.7201553,,,1.0,ok,,local,0.7201553,5.2206283
o75530_7vy,dynamicbind_asd,11,0.71861595,,,1.0,ok,,local,0.71861595,5.3863516
o75530_7vy,dynamicbind_asd,12,0.7166149,,,1.0,ok,,local,0.7166149,5.8178434
o75530_7vy,dynamicbind_asd,13,0.7160309,,,1.0,ok,,local,0.7160309,5.8008447
o75530_7vy,dynamicbind_asd,14,0.71454465,,,1.0,ok,,local,0.71454465,5.6741905
o75530_7vy,dynamicbind_asd,15,0.71335936,,,1.0,ok,,local,0.71335936,5.7034993
o75530_7vy,dynamicbind_asd,16,0.7132197,,,1.0,ok,,local,0.7132197,5.1112714
o75530_7vy,dynamicbind_asd,17,0.711139,,,1.0,ok,,local,0.711139,5.64574
o75530_7vy,dynamicbind_asd,18,0.7105389,,,1.0,ok,,local,0.7105389,5.201396
o75530_7vy,dynamicbind_asd,19,0.7088249,,,1.0,ok,,local,0.7088249,5.502554
o75530_7vy,dynamicbind_asd,20,0.7073717,,,1.0,ok,,local,0.7073717,5.836739
o75530_7vy,dynamicbind_asd,21,0.7027159,,,1.0,ok,,local,0.7027159,5.758205
o75530_7vy,dynamicbind_asd,22,0.6922471,,,1.0,ok,,local,0.6922471,5.9159093
o75530_7vy,dynamicbind_asd,23,0.6904521,,,1.0,ok,,local,0.6904521,5.080664
o75530_7vy,dynamicbind_asd,24,0.6767863,,,1.0,ok,,local,0.6767863,6.178579
o75530_7vy,dynamicbind_asd,25,0.67517513,,,1.0,ok,,local,0.67517513,6.3138814
o75530_7vy,dynamicbind_asd,26,0.6671166,,,1.0,ok,,local,0.6671166,5.115983
o75530_7vy,dynamicbind_asd,27,0.66116506,,,1.0,ok,,local,0.66116506,5.7087135
o75530_7vy,dynamicbind_asd,28,0.65869385,,,1.0,ok,,local,0.65869385,5.6868634
o75530_7vy,dynamicbind_asd,29,0.65866846,,,1.0,ok,,local,0.65866846,5.1206217
o75530_82g,dynamicbind_asd,0,0.788602,,,1.0,ok,,local,0.788602,6.0247297
o75530_82g,dynamicbind_asd,1,0.7767332,,,1.0,ok,,local,0.7767332,6.028727
o75530_82g,dynamicbind_asd,2,0.7738643,,,1.0,ok,,local,0.7738643,6.141659
o75530_82g,dynamicbind_asd,3,0.7714537,,,1.0,ok,,local,0.7714537,6.240468
o75530_82g,dynamicbind_asd,4,0.77016926,,,1.0,ok,,local,0.77016926,6.295995
o75530_82g,dynamicbind_asd,5,0.7687768,,,1.0,ok,,local,0.7687768,5.836194
o75530_82g,dynamicbind_asd,6,0.7642511,,,1.0,ok,,local,0.7642511,6.5248847
o75530_82g,dynamicbind_asd,7,0.7623709,,,1.0,ok,,local,0.7623709,6.4875045
o75530_82g,dynamicbind_asd,8,0.76111317,,,1.0,ok,,local,0.76111317,6.5341864
o75530_82g,dynamicbind_asd,9,0.7606476,,,1.0,ok,,local,0.7606476,6.276343
o75530_82g,dynamicbind_asd,10,0.75786734,,,1.0,ok,,local,0.75786734,6.4787893
o75530_82g,dynamicbind_asd,11,0.7555804,,,1.0,ok,,local,0.7555804,6.257793
o75530_82g,dynamicbind_asd,12,0.75417846,,,1.0,ok,,local,0.75417846,6.4417267
o75530_82g,dynamicbind_asd,13,0.75129724,,,1.0,ok,,local,0.75129724,6.7448545
o75530_82g,dynamicbind_asd,14,0.75081503,,,1.0,ok,,local,0.75081503,6.2104588
o75530_82g,dynamicbind_asd,15,0.75008214,,,1.0,ok,,local,0.75008214,6.090639
o75530_82g,dynamicbind_asd,16,0.7465743,,,1.0,ok,,local,0.7465743,6.603855
o75530_82g,dynamicbind_asd,17,0.7462374,,,1.0,ok,,local,0.7462374,6.2175503
o75530_82g,dynamicbind_asd,18,0.74593836,,,1.0,ok,,local,0.74593836,6.651551
o75530_82g,dynamicbind_asd,19,0.7436216,,,1.0,ok,,local,0.7436216,6.6215935
o75530_82g,dynamicbind_asd,20,0.7354098,,,1.0,ok,,local,0.7354098,6.4903855
o75530_82g,dynamicbind_asd,21,0.7342127,,,1.0,ok,,local,0.7342127,6.116021
o75530_82g,dynamicbind_asd,22,0.731873,,,1.0,ok,,local,0.731873,6.691245
o75530_82g,dynamicbind_asd,23,0.7309733,,,1.0,ok,,local,0.7309733,6.4085536
o75530_82g,dynamicbind_asd,24,0.72849005,,,1.0,ok,,local,0.72849005,6.271148
o75530_82g,dynamicbind_asd,25,0.72777635,,,1.0,ok,,local,0.72777635,6.5565996
o75530_82g,dynamicbind_asd,26,0.7268,,,1.0,ok,,local,0.7268,6.4156
o75530_82g,dynamicbind_asd,27,0.7242327,,,1.0,ok,,local,0.7242327,6.54668
o75530_82g,dynamicbind_asd,28,0.71630526,,,1.0,ok,,local,0.71630526,6.6916
o75530_82g,dynamicbind_asd,29,0.68615437,,,1.0,ok,,local,0.68615437,6.135743
o75530_nds,dynamicbind_asd,0,0.6980963,2.8423101902008057,0.4913793206214905,1.0,ok,,local,0.6980963,3.1619554
o75530_nds,dynamicbind_asd,1,0.6774344,2.6588644981384277,0.5065445303916931,1.0,ok,,local,0.6774344,3.2457764
o75530_nds,dynamicbind_asd,2,0.6740267,3.549731731414795,0.4258427023887634,1.0,ok,,local,0.6740267,3.468745
o75530_nds,dynamicbind_asd,3,0.6734033,2.471391439437866,0.5268324613571167,1.0,ok,,local,0.6734033,3.341309
o75530_nds,dynamicbind_asd,4,0.673368,3.161768913269043,0.46666666865348816,1.0,ok,,local,0.673368,3.3740454
o75530_nds,dynamicbind_asd,5,0.6731246,3.4334001541137695,0.4791196286678314,1.0,ok,,local,0.6731246,3.5552132
o75530_nds,dynamicbind_asd,6,0.6721278,2.443469762802124,0.5473484992980957,1.0,ok,,local,0.6721278,3.1190376
o75530_nds,dynamicbind_asd,7,0.6702847,3.4160385131835938,0.4501146674156189,1.0,ok,,local,0.6702847,3.3506768
o75530_nds,dynamicbind_asd,8,0.6665319,3.4477481842041016,0.4129353165626526,1.0,ok,,local,0.6665319,3.8617384
o75530_nds,dynamicbind_asd,9,0.66516155,3.3304970264434814,0.4913194477558136,1.0,ok,,local,0.66516155,3.56297
o75530_nds,dynamicbind_asd,10,0.6594948,2.815800189971924,0.47622108459472656,1.0,ok,,local,0.6594948,3.61037
o75530_nds,dynamicbind_asd,11,0.6562437,1.9686068296432495,0.5716145634651184,1.0,ok,,local,0.6562437,3.301854
o75530_nds,dynamicbind_asd,12,0.654748,2.8181004524230957,0.582359790802002,1.0,ok,,local,0.654748,2.9668648
o75530_nds,dynamicbind_asd,13,0.6541372,3.465959310531616,0.45200422406196594,1.0,ok,,local,0.6541372,3.6623569
o75530_nds,dynamicbind_asd,14,0.6537386,2.828582286834717,0.577120840549469,1.0,ok,,local,0.6537386,2.8940115
o75530_nds,dynamicbind_asd,15,0.65314806,4.001784324645996,0.3976293206214905,1.0,ok,,local,0.65314806,3.4988549
o75530_nds,dynamicbind_asd,16,0.6512499,2.9726927280426025,0.47776278853416443,1.0,ok,,local,0.6512499,3.3682837
o75530_nds,dynamicbind_asd,17,0.6490931,1.7167584896087646,0.7331081032752991,1.0,ok,,local,0.6490931,2.7413676
o75530_nds,dynamicbind_asd,18,0.6471454,2.361966371536255,0.5313267707824707,1.0,ok,,local,0.6471454,3.550521
o75530_nds,dynamicbind_asd,19,0.6468117,3.0165257453918457,0.5461448431015015,1.0,ok,,local,0.6468117,3.0473025
o75530_nds,dynamicbind_asd,20,0.64411885,1.649831771850586,0.7527855038642883,1.0,ok,,local,0.64411885,2.6685944
o75530_nds,dynamicbind_asd,21,0.6384628,2.750645637512207,0.5792526006698608,1.0,ok,,local,0.6384628,3.1926591
o75530_nds,dynamicbind_asd,22,0.6379071,3.5548226833343506,0.5054466128349304,1.0,ok,,local,0.6379071,3.2388241
o75530_nds,dynamicbind_asd,23,0.63489294,31.132282257080078,0.0,1.0,ok,,local,0.63489294,3.8252127
o75530_nds,dynamicbind_asd,24,0.62948513,2.9439544677734375,0.5470737814903259,1.0,ok,,local,0.62948513,3.3794076
o75530_nds,dynamicbind_asd,25,0.6252064,1.5239648818969727,0.7755376100540161,1.0,ok,,local,0.6252064,2.7152364
o75530_nds,dynamicbind_asd,26,0.61954594,2.346954345703125,0.5593525171279907,1.0,ok,,local,0.61954594,3.0101914
o75530_nds,dynamicbind_asd,27,0.6143461,2.2543163299560547,0.5187667608261108,1.0,ok,,local,0.6143461,3.4594233
o75530_nds,dynamicbind_asd,28,0.6009787,37.5208854675293,0.0,1.0,ok,,local,0.6009787,3.7361677
o75530_nds,dynamicbind_asd,29,0.5460684,27.178485870361328,0.0,1.0,ok,,local,0.5460684,4.958224
p00044_6vb,dynamicbind_asd,0,0.52359706,20.88022804260254,0.0001855976297520101,1.0,ok,,local,0.52359706,5.447717
p00044_6vb,dynamicbind_asd,1,0.51869583,20.555301666259766,0.00019083969527855515,1.0,ok,,local,0.51869583,5.365051
p00044_6vb,dynamicbind_asd,2,0.4806074,19.038318634033203,0.00022789425565861166,1.0,ok,,local,0.4806074,5.016036
p00044_6vb,dynamicbind_asd,3,0.47971612,19.968814849853516,0.0023016997147351503,1.0,ok,,local,0.47971612,5.423904
p00044_6vb,dynamicbind_asd,4,0.4768903,18.30908203125,0.0006724949344061315,1.0,ok,,local,0.4768903,5.35861
p00044_6vb,dynamicbind_asd,5,0.47600183,18.922304153442383,0.00022789425565861166,1.0,ok,,local,0.47600183,4.994938
p00044_6vb,dynamicbind_asd,6,0.4755037,20.247222900390625,0.00212191347964108,1.0,ok,,local,0.4755037,5.5492086
p00044_6vb,dynamicbind_asd,7,0.47506034,20.85040283203125,0.006022023502737284,1.0,ok,,local,0.47506034,5.298279
p00044_6vb,dynamicbind_asd,8,0.46443248,19.28036880493164,0.0011398176429793239,1.0,ok,,local,0.46443248,5.5337386
p00044_6vb,dynamicbind_asd,9,0.4611319,18.80340576171875,0.00020458265498746186,1.0,ok,,local,0.4611319,4.7681646
p00044_6vb,dynamicbind_asd,10,0.4521178,20.349674224853516,0.00019857029838021845,1.0,ok,,local,0.4521178,5.3443727
p00044_6vb,dynamicbind_asd,11,0.44752145,19.24897575378418,0.00043936731526628137,1.0,ok,,local,0.44752145,4.729368
p00044_6vb,dynamicbind_asd,12,0.4428791,19.28656005859375,0.00024177950399462134,1.0,ok,,local,0.4428791,4.798536
p00044_6vb,dynamicbind_asd,13,0.43926567,19.382902145385742,0.026647966355085373,1.0,ok,,local,0.43926567,5.2573285
p00044_6vb,dynamicbind_asd,14,0.4369808,19.164310455322266,0.00422222213819623,1.0,ok,,local,0.4369808,4.701073
p00044_6vb,dynamicbind_asd,15,0.43455222,19.250171661376953,0.003322259057313204,1.0,ok,,local,0.43455222,5.067489
p00044_6vb,dynamicbind_asd,16,0.42758226,20.535511016845703,0.0002771618601400405,1.0,ok,,local,0.42758226,5.253998
p00044_6vb,dynamicbind_asd,17,0.42501602,19.318952560424805,0.000851788732688874,1.0,ok,,local,0.42501602,4.997774
p00044_6vb,dynamicbind_asd,18,0.40151995,18.533864974975586,0.0047678276896476746,1.0,ok,,local,0.40151995,4.5552497
p00044_6vb,dynamicbind_asd,19,0.35320187,11.29548454284668,0.10691964626312256,1.0,ok,,local,0.35320187,5.7900343
p00044_80m,dynamicbind_asd,0,0.45625958,,,1.0,ok,,local,0.45625958,5.2852945
p00044_80m,dynamicbind_asd,1,0.45554447,,,1.0,ok,,local,0.45554447,5.3656654
p00044_80m,dynamicbind_asd,2,0.4542948,,,1.0,ok,,local,0.4542948,5.456817
p00044_80m,dynamicbind_asd,3,0.44886744,,,1.0,ok,,local,0.44886744,5.287849
p00044_80m,dynamicbind_asd,4,0.44614542,,,1.0,ok,,local,0.44614542,5.4641237
p00044_80m,dynamicbind_asd,5,0.44547036,,,1.0,ok,,local,0.44547036,5.3951955
p00044_80m,dynamicbind_asd,6,0.44505355,,,1.0,ok,,local,0.44505355,5.356659
p00044_80m,dynamicbind_asd,7,0.44386932,,,1.0,ok,,local,0.44386932,5.3781447
p00044_80m,dynamicbind_asd,8,0.44359112,,,1.0,ok,,local,0.44359112,5.2510343
p00044_80m,dynamicbind_asd,9,0.4390665,,,1.0,ok,,local,0.4390665,5.142823
p00044_80m,dynamicbind_asd,10,0.43464822,,,1.0,ok,,local,0.43464822,5.30149
p00044_80m,dynamicbind_asd,11,0.43409905,,,1.0,ok,,local,0.43409905,5.272152
p00044_80m,dynamicbind_asd,12,0.43316096,,,1.0,ok,,local,0.43316096,5.41532
p00044_80m,dynamicbind_asd,13,0.43261316,,,1.0,ok,,local,0.43261316,5.466579
p00044_80m,dynamicbind_asd,14,0.43221113,,,1.0,ok,,local,0.43221113,5.479491
p00044_80m,dynamicbind_asd,15,0.41338107,,,1.0,ok,,local,0.41338107,5.376921
p00044_80m,dynamicbind_asd,16,0.41071904,,,1.0,ok,,local,0.41071904,4.955036
p00044_80m,dynamicbind_asd,17,0.39790642,,,1.0,ok,,local,0.39790642,5.0098996
p00044_80m,dynamicbind_asd,18,0.3950278,,,1.0,ok,,local,0.3950278,5.0990357
p00044_evb,dynamicbind_asd,0,0.50066143,,,1.0,ok,,local,0.50066143,6.4439754
p00044_evb,dynamicbind_asd,1,0.49552092,,,1.0,ok,,local,0.49552092,6.456251
p00044_evb,dynamicbind_asd,2,0.48948067,,,1.0,ok,,local,0.48948067,6.4107704
p00044_evb,dynamicbind_asd,3,0.48835725,,,1.0,ok,,local,0.48835725,6.408164
p00044_evb,dynamicbind_asd,4,0.47879526,,,1.0,ok,,local,0.47879526,6.314581
p00044_evb,dynamicbind_asd,5,0.47768766,,,1.0,ok,,local,0.47768766,6.2562575
p00044_evb,dynamicbind_asd,6,0.47573042,,,1.0,ok,,local,0.47573042,6.32155
p00044_evb,dynamicbind_asd,7,0.47427693,,,1.0,ok,,local,0.47427693,6.410534
p00044_evb,dynamicbind_asd,8,0.47108585,,,1.0,ok,,local,0.47108585,6.219948
p00044_evb,dynamicbind_asd,9,0.46938887,,,1.0,ok,,local,0.46938887,6.2980766
p00044_evb,dynamicbind_asd,10,0.46903917,,,1.0,ok,,local,0.46903917,6.2101045
p00044_evb,dynamicbind_asd,11,0.46886343,,,1.0,ok,,local,0.46886343,6.1411476
p00044_evb,dynamicbind_asd,12,0.45514932,,,1.0,ok,,local,0.45514932,6.111371
p00044_evb,dynamicbind_asd,13,0.45225713,,,1.0,ok,,local,0.45225713,6.072323
p00044_evb,dynamicbind_asd,14,0.44942632,,,1.0,ok,,local,0.44942632,5.9934983
p00044_evb,dynamicbind_asd,15,0.44799155,,,1.0,ok,,local,0.44799155,6.091275
p00044_evb,dynamicbind_asd,16,0.4416738,,,1.0,ok,,local,0.4416738,5.9044595
p00044_evb,dynamicbind_asd,17,0.43949404,,,1.0,ok,,local,0.43949404,5.9137278
p00044_evb,dynamicbind_asd,18,0.4394506,,,1.0,ok,,local,0.4394506,6.026728
p00044_evb,dynamicbind_asd,19,0.43606353,,,1.0,ok,,local,0.43606353,5.78879
p00044_evb,dynamicbind_asd,20,0.42898703,,,1.0,ok,,local,0.42898703,5.7723103
p00044_evb,dynamicbind_asd,21,0.42288998,,,1.0,ok,,local,0.42288998,5.811172
p00044_evb,dynamicbind_asd,22,0.41702625,,,1.0,ok,,local,0.41702625,5.9134784
p00044_evb,dynamicbind_asd,23,0.41489452,,,1.0,ok,,local,0.41489452,5.5439367
p00044_evb,dynamicbind_asd,24,0.4130615,,,1.0,ok,,local,0.4130615,5.9393888
p00044_evb,dynamicbind_asd,25,0.4116775,,,1.0,ok,,local,0.4116775,5.842891
p00044_evb,dynamicbind_asd,26,0.4114992,,,1.0,ok,,local,0.4114992,5.6278553
p00044_evb,dynamicbind_asd,27,0.4091188,,,1.0,ok,,local,0.4091188,5.873236
p00044_evb,dynamicbind_asd,28,0.40530974,,,1.0,ok,,local,0.40530974,5.8227267
p00044_evb,dynamicbind_asd,29,0.40329453,,,1.0,ok,,local,0.40329453,5.7843957
p00044_evb,dynamicbind_asd,30,0.3942323,,,1.0,ok,,local,0.3942323,5.918498
p00044_evb,dynamicbind_asd,31,0.3912312,,,1.0,ok,,local,0.3912312,5.7249627
p00044_evb,dynamicbind_asd,32,0.39102933,,,1.0,ok,,local,0.39102933,5.765071
p00044_evb,dynamicbind_asd,33,0.3902237,,,1.0,ok,,local,0.3902237,5.665014
p00044_evb,dynamicbind_asd,34,0.37241971,,,1.0,ok,,local,0.37241971,5.3683925
p00044_fwq,dynamicbind_asd,0,0.5430278,,,1.0,ok,,local,0.5430278,5.8610086
p00044_fwq,dynamicbind_asd,1,0.53371346,,,1.0,ok,,local,0.53371346,5.908125
p00044_fwq,dynamicbind_asd,2,0.52540946,,,1.0,ok,,local,0.52540946,6.028748
p00044_fwq,dynamicbind_asd,3,0.51881295,,,1.0,ok,,local,0.51881295,5.7423463
p00044_fwq,dynamicbind_asd,4,0.51849616,,,1.0,ok,,local,0.51849616,5.7546144
p00044_fwq,dynamicbind_asd,5,0.51478505,,,1.0,ok,,local,0.51478505,5.689263
p00044_fwq,dynamicbind_asd,6,0.5113554,,,1.0,ok,,local,0.5113554,5.728787
p00044_fwq,dynamicbind_asd,7,0.5086204,,,1.0,ok,,local,0.5086204,5.71525
p00044_fwq,dynamicbind_asd,8,0.5044575,,,1.0,ok,,local,0.5044575,5.788627
p00044_fwq,dynamicbind_asd,9,0.50310844,,,1.0,ok,,local,0.50310844,5.453857
p00044_fwq,dynamicbind_asd,10,0.5017272,,,1.0,ok,,local,0.5017272,5.684669
p00044_fwq,dynamicbind_asd,11,0.49686775,,,1.0,ok,,local,0.49686775,5.6524763
p00044_fwq,dynamicbind_asd,12,0.49657485,,,1.0,ok,,local,0.49657485,5.8659062
p00044_fwq,dynamicbind_asd,13,0.49640694,,,1.0,ok,,local,0.49640694,5.7075605
p00044_fwq,dynamicbind_asd,14,0.49590382,,,1.0,ok,,local,0.49590382,5.6347327
p00044_fwq,dynamicbind_asd,15,0.49372807,,,1.0,ok,,local,0.49372807,5.5428
p00044_fwq,dynamicbind_asd,16,0.48859912,,,1.0,ok,,local,0.48859912,5.5743146
p00044_fwq,dynamicbind_asd,17,0.48008305,,,1.0,ok,,local,0.48008305,5.7552276
p00044_fwq,dynamicbind_asd,18,0.4776253,,,1.0,ok,,local,0.4776253,5.6506433
p00044_fwq,dynamicbind_asd,19,0.47645047,,,1.0,ok,,local,0.47645047,5.5734076
p00044_fwq,dynamicbind_asd,20,0.47264615,,,1.0,ok,,local,0.47264615,5.8718596
p00044_fwq,dynamicbind_asd,21,0.4655419,,,1.0,ok,,local,0.4655419,5.712832
p00044_fwq,dynamicbind_asd,22,0.45162168,,,1.0,ok,,local,0.45162168,5.240935
p00044_fwq,dynamicbind_asd,23,0.45162132,,,1.0,ok,,local,0.45162132,5.2409406
p00044_fwq,dynamicbind_asd,24,0.45035124,,,1.0,ok,,local,0.45035124,5.180539
p00044_fwq,dynamicbind_asd,25,0.45035097,,,1.0,ok,,local,0.45035097,5.1805396
p00044_fwq,dynamicbind_asd,26,0.44611722,,,1.0,ok,,local,0.44611722,4.894618
p00044_fwq,dynamicbind_asd,27,0.44611284,,,1.0,ok,,local,0.44611284,4.8946133
p00044_fwq,dynamicbind_asd,28,0.43076345,,,1.0,ok,,local,0.43076345,5.352934
p00044_fwq,dynamicbind_asd,29,0.42913583,,,1.0,ok,,local,0.42913583,5.243698
p00044_fwq,dynamicbind_asd,30,0.42635918,,,1.0,ok,,local,0.42635918,5.174266
p00044_fwq,dynamicbind_asd,31,0.42635894,,,1.0,ok,,local,0.42635894,5.1742716
p00044_fwq,dynamicbind_asd,32,0.42491728,,,1.0,ok,,local,0.42491728,5.222051
p00044_fwq,dynamicbind_asd,33,0.4249169,,,1.0,ok,,local,0.4249169,5.2220464
p00044_fwq,dynamicbind_asd,34,0.41295722,,,1.0,ok,,local,0.41295722,5.1346755
p00044_fwq,dynamicbind_asd,35,0.41295716,,,1.0,ok,,local,0.41295716,5.1346774
p00044_fwq,dynamicbind_asd,36,0.39706776,,,1.0,ok,,local,0.39706776,5.2703695
p00044_fwq,dynamicbind_asd,37,0.3970675,,,1.0,ok,,local,0.3970675,5.2703757
p00044_fwq,dynamicbind_asd,38,0.39706326,,,1.0,ok,,local,0.39706326,5.0972586
p00044_fwq,dynamicbind_asd,39,0.39706293,,,1.0,ok,,local,0.39706293,5.097252
p00044_fwq,dynamicbind_asd,40,0.39333454,,,1.0,ok,,local,0.39333454,5.1397867
p00044_fwq,dynamicbind_asd,41,0.3933345,,,1.0,ok,,local,0.3933345,5.139771
p00044_fwq,dynamicbind_asd,42,0.3905204,,,1.0,ok,,local,0.3905204,4.764715
p00044_fwq,dynamicbind_asd,43,0.39052033,,,1.0,ok,,local,0.39052033,4.7647276
p00044_fwq,dynamicbind_asd,44,0.37468877,,,1.0,ok,,local,0.37468877,5.601309
p00044_fwq,dynamicbind_asd,45,0.36343834,,,1.0,ok,,local,0.36343834,5.9675093
p00044_fwq,dynamicbind_asd,46,0.35013765,,,1.0,ok,,local,0.35013765,4.7416058
p00044_fwq,dynamicbind_asd,47,0.34130096,,,1.0,ok,,local,0.34130096,5.4746594
p00183_cah,dynamicbind_asd,0,0.78820336,,,1.0,ok,,local,0.78820336,4.3376803
p00183_cah,dynamicbind_asd,1,0.7880991,,,1.0,ok,,local,0.7880991,4.3371115
p00183_cah,dynamicbind_asd,2,0.7880028,,,1.0,ok,,local,0.7880028,4.3813524
p00183_cah,dynamicbind_asd,3,0.7878484,,,1.0,ok,,local,0.7878484,4.3193197
p00183_cah,dynamicbind_asd,4,0.7878344,,,1.0,ok,,local,0.7878344,4.367127
p00183_cah,dynamicbind_asd,5,0.7873749,,,1.0,ok,,local,0.7873749,4.3503613
p00183_cah,dynamicbind_asd,6,0.78705525,,,1.0,ok,,local,0.78705525,4.3485427
p00183_cah,dynamicbind_asd,7,0.7869508,,,1.0,ok,,local,0.7869508,4.3280673
p00183_cah,dynamicbind_asd,8,0.78661937,,,1.0,ok,,local,0.78661937,4.36968
p00183_cah,dynamicbind_asd,9,0.7834936,,,1.0,ok,,local,0.7834936,4.353656
p00183_cah,dynamicbind_asd,10,0.77283096,,,1.0,ok,,local,0.77283096,4.440161
p00183_cah,dynamicbind_asd,11,0.7701128,,,1.0,ok,,local,0.7701128,4.4565535
p00183_cah,dynamicbind_asd,12,0.76979345,,,1.0,ok,,local,0.76979345,4.451789
p00183_cah,dynamicbind_asd,13,0.769533,,,1.0,ok,,local,0.769533,4.451591
p00183_cah,dynamicbind_asd,14,0.7688494,,,1.0,ok,,local,0.7688494,4.443791
p00183_cah,dynamicbind_asd,15,0.7685164,,,1.0,ok,,local,0.7685164,4.491011
p00183_cah,dynamicbind_asd,16,0.76805687,,,1.0,ok,,local,0.76805687,4.4744463
p00183_cah,dynamicbind_asd,17,0.7680227,,,1.0,ok,,local,0.7680227,4.5399323
p00183_cah,dynamicbind_asd,18,0.7674402,,,1.0,ok,,local,0.7674402,4.4989376
p00183_cah,dynamicbind_asd,19,0.7666768,,,1.0,ok,,local,0.7666768,4.5045886
p00183_cah,dynamicbind_asd,20,0.76626223,,,1.0,ok,,local,0.76626223,4.4787107
p00183_cah,dynamicbind_asd,21,0.7660594,,,1.0,ok,,local,0.7660594,4.4246445
p00183_cah,dynamicbind_asd,22,0.76555,,,1.0,ok,,local,0.76555,4.4495807
p00183_cah,dynamicbind_asd,23,0.7653955,,,1.0,ok,,local,0.7653955,4.443331
p00183_cah,dynamicbind_asd,24,0.7652081,,,1.0,ok,,local,0.7652081,4.4925275
p00183_cah,dynamicbind_asd,25,0.76458746,,,1.0,ok,,local,0.76458746,4.493666
p00183_cah,dynamicbind_asd,26,0.764422,,,1.0,ok,,local,0.764422,4.5035443
p00183_cah,dynamicbind_asd,27,0.76391315,,,1.0,ok,,local,0.76391315,4.435615
p00183_cah,dynamicbind_asd,28,0.76348203,,,1.0,ok,,local,0.76348203,4.5068254
p00183_cah,dynamicbind_asd,29,0.7622519,,,1.0,ok,,local,0.7622519,4.41584
p00183_cam,dynamicbind_asd,0,0.8129433,,,1.0,ok,,local,0.8129433,4.6416306
p00183_cam,dynamicbind_asd,1,0.81192136,,,1.0,ok,,local,0.81192136,4.6456904
p00183_cam,dynamicbind_asd,2,0.8102184,,,1.0,ok,,local,0.8102184,4.603939
p00183_cam,dynamicbind_asd,3,0.8102042,,,1.0,ok,,local,0.8102042,4.6276
p00183_cam,dynamicbind_asd,4,0.81017214,,,1.0,ok,,local,0.81017214,4.6352797
p00183_cam,dynamicbind_asd,5,0.8101579,,,1.0,ok,,local,0.8101579,4.6296735
p00183_cam,dynamicbind_asd,6,0.80967885,,,1.0,ok,,local,0.80967885,4.623591
p00183_cam,dynamicbind_asd,7,0.8087733,,,1.0,ok,,local,0.8087733,4.654748
p00183_cam,dynamicbind_asd,8,0.8083643,,,1.0,ok,,local,0.8083643,4.589131
p00183_cam,dynamicbind_asd,9,0.80667067,,,1.0,ok,,local,0.80667067,4.5823674
p00183_cam,dynamicbind_asd,10,0.79702437,,,1.0,ok,,local,0.79702437,4.7213936
p00183_cam,dynamicbind_asd,11,0.7969116,,,1.0,ok,,local,0.7969116,4.6862326
p00183_cam,dynamicbind_asd,12,0.7953353,,,1.0,ok,,local,0.7953353,4.681949
p00183_cam,dynamicbind_asd,13,0.79469407,,,1.0,ok,,local,0.79469407,4.64546
p00183_cam,dynamicbind_asd,14,0.7945555,,,1.0,ok,,local,0.7945555,4.6625113
p00183_cam,dynamicbind_asd,15,0.7942704,,,1.0,ok,,local,0.7942704,4.6562877
p00183_cam,dynamicbind_asd,16,0.79367095,,,1.0,ok,,local,0.79367095,4.6849103
p00183_cam,dynamicbind_asd,17,0.79316163,,,1.0,ok,,local,0.79316163,4.670123
p00183_cam,dynamicbind_asd,18,0.79197496,,,1.0,ok,,local,0.79197496,4.6520534
p00183_cam,dynamicbind_asd,19,0.7886177,,,1.0,ok,,local,0.7886177,4.675799
p00183_cam,dynamicbind_asd,20,0.78172886,,,1.0,ok,,local,0.78172886,4.5654635
p00183_cam,dynamicbind_asd,21,0.7817092,,,1.0,ok,,local,0.7817092,4.5517783
p00183_cam,dynamicbind_asd,22,0.7811083,,,1.0,ok,,local,0.7811083,4.568708
p00183_cam,dynamicbind_asd,23,0.7809265,,,1.0,ok,,local,0.7809265,4.5583153
p00183_cam,dynamicbind_asd,24,0.7802129,,,1.0,ok,,local,0.7802129,4.5517898
p00183_cam,dynamicbind_asd,25,0.7798041,,,1.0,ok,,local,0.7798041,4.5464354
p00183_cam,dynamicbind_asd,26,0.77978,,,1.0,ok,,local,0.77978,4.536624
p00183_cam,dynamicbind_asd,27,0.77848357,,,1.0,ok,,local,0.77848357,4.5273786
p00183_cam,dynamicbind_asd,28,0.7746252,,,1.0,ok,,local,0.7746252,4.5633683
p00183_cam,dynamicbind_asd,29,0.7731351,,,1.0,ok,,local,0.7731351,4.518271
p00183_nct,dynamicbind_asd,0,0.7547225,4.1028337478637695,0.42519181966781616,1.0,ok,,local,0.7547225,4.5277348
p00183_nct,dynamicbind_asd,1,0.7356846,4.313004970550537,0.4100257158279419,1.0,ok,,local,0.7356846,4.566388
p00183_nct,dynamicbind_asd,2,0.71779716,1.8754589557647705,0.6835548281669617,1.0,ok,,local,0.71779716,5.559721
p00183_nct,dynamicbind_asd,3,0.7155614,4.109411716461182,0.4309210479259491,1.0,ok,,local,0.7155614,4.737035
p00183_nct,dynamicbind_asd,4,0.7153938,4.120629787445068,0.4099999964237213,1.0,ok,,local,0.7153938,4.6524606
p00183_nct,dynamicbind_asd,5,0.713044,1.4216841459274292,0.760869562625885,1.0,ok,,local,0.713044,5.637018
p00183_nct,dynamicbind_asd,6,0.70644647,0.6253114342689514,0.9258893132209778,1.0,ok,,local,0.70644647,5.5606413
p00183_nct,dynamicbind_asd,7,0.705653,3.962714910507202,0.44451871514320374,1.0,ok,,local,0.705653,4.9238734
p00183_nct,dynamicbind_asd,8,0.7044135,1.4890046119689941,0.7366548180580139,1.0,ok,,local,0.7044135,5.8315024
p00183_nct,dynamicbind_asd,9,0.7029036,4.263271331787109,0.4194587767124176,1.0,ok,,local,0.7029036,4.8869915
p00183_nct,dynamicbind_asd,10,0.7023687,1.957162857055664,0.662420392036438,1.0,ok,,local,0.7023687,5.6801763
p00183_nct,dynamicbind_asd,11,0.7015665,1.9149764776229858,0.6870967745780945,1.0,ok,,local,0.7015665,5.6456733
p00183_nct,dynamicbind_asd,12,0.70135164,0.519734799861908,0.944779098033905,1.0,ok,,local,0.70135164,5.7684875
p00183_nct,dynamicbind_asd,13,0.6980716,2.372346878051758,0.5904255509376526,1.0,ok,,local,0.6980716,5.728424
p00183_nct,dynamicbind_asd,14,0.6972521,2.603832721710205,0.5843653082847595,1.0,ok,,local,0.6972521,5.8518906
p00183_nct,dynamicbind_asd,15,0.6962161,2.0173325538635254,0.6233766078948975,1.0,ok,,local,0.6962161,5.7693734
p00183_nct,dynamicbind_asd,16,0.69405246,3.9759998321533203,0.45734909176826477,1.0,ok,,local,0.69405246,4.9001255
p00183_nct,dynamicbind_asd,17,0.68610007,0.8889721632003784,0.8108614087104797,1.0,ok,,local,0.68610007,5.8961935
p00183_nct,dynamicbind_asd,18,0.68528223,1.0258742570877075,0.8434163928031921,1.0,ok,,local,0.68528223,5.6538534
p00183_nct,dynamicbind_asd,19,0.6828426,0.6994093656539917,0.9082397222518921,1.0,ok,,local,0.6828426,5.6796975
p00183_nct,dynamicbind_asd,20,0.68143713,0.3734184503555298,0.8253816962242126,1.0,ok,,local,0.68143713,5.8417435
p00183_nct,dynamicbind_asd,21,0.67922586,0.9703589081764221,0.863382875919342,1.0,ok,,local,0.67922586,5.582635
p00183_nct,dynamicbind_asd,22,0.677826,0.8768804669380188,0.9073359370231628,1.0,ok,,local,0.677826,5.6355963
p00183_nct,dynamicbind_asd,23,0.67299545,3.6480562686920166,0.4717514216899872,1.0,ok,,local,0.67299545,5.219191
p00183_nct,dynamicbind_asd,24,0.6690471,1.3350820541381836,0.8035714030265808,1.0,ok,,local,0.6690471,5.6355586
p00183_nct,dynamicbind_asd,25,0.6687921,4.444985389709473,0.40012723207473755,1.0,ok,,local,0.6687921,5.014951
p00183_nct,dynamicbind_asd,26,0.6602726,3.810521125793457,0.4767904579639435,1.0,ok,,local,0.6602726,5.309662
p00183_nct,dynamicbind_asd,27,0.6599972,4.397708415985107,0.4177461266517639,1.0,ok,,local,0.6599972,4.9222193
p00183_nct,dynamicbind_asd,28,0.6440649,2.025815725326538,0.6861198544502258,1.0,ok,,local,0.6440649,5.801859
p00183_nct,dynamicbind_asd,29,0.63574183,2.385228157043457,0.645348846912384,1.0,ok,,local,0.63574183,5.673937
p00533_03p,dynamicbind_asd,0,0.66472536,,,1.0,ok,,local,0.66472536,6.5773687
p00533_03p,dynamicbind_asd,1,0.6634078,,,1.0,ok,,local,0.6634078,6.482911
p00533_03p,dynamicbind_asd,2,0.6562505,,,1.0,ok,,local,0.6562505,6.4569
p00533_03p,dynamicbind_asd,3,0.65033484,,,1.0,ok,,local,0.65033484,6.7654324
p00533_03p,dynamicbind_asd,4,0.6500567,,,1.0,ok,,local,0.6500567,6.18695
p00533_03p,dynamicbind_asd,5,0.64910704,,,1.0,ok,,local,0.64910704,6.6631145
p00533_03p,dynamicbind_asd,6,0.6481213,,,1.0,ok,,local,0.6481213,6.7160773
p00533_03p,dynamicbind_asd,7,0.6456494,,,1.0,ok,,local,0.6456494,6.696803
p00533_03p,dynamicbind_asd,8,0.6443013,,,1.0,ok,,local,0.6443013,6.3015957
p00533_03p,dynamicbind_asd,9,0.64167655,,,1.0,ok,,local,0.64167655,6.497389
p00533_03p,dynamicbind_asd,10,0.6410743,,,1.0,ok,,local,0.6410743,6.8330374
p00533_03p,dynamicbind_asd,11,0.6406478,,,1.0,ok,,local,0.6406478,6.3915434
p00533_03p,dynamicbind_asd,12,0.6405958,,,1.0,ok,,local,0.6405958,6.7788544
p00533_03p,dynamicbind_asd,13,0.6377678,,,1.0,ok,,local,0.6377678,6.7213435
p00533_03p,dynamicbind_asd,14,0.6374483,,,1.0,ok,,local,0.6374483,6.704065
p00533_03p,dynamicbind_asd,15,0.63262707,,,1.0,ok,,local,0.63262707,6.9617596
p00533_03p,dynamicbind_asd,16,0.6249918,,,1.0,ok,,local,0.6249918,6.367683
p00533_03p,dynamicbind_asd,17,0.62427956,,,1.0,ok,,local,0.62427956,6.475966
p00533_03p,dynamicbind_asd,18,0.62364435,,,1.0,ok,,local,0.62364435,6.4148874
p00533_03p,dynamicbind_asd,19,0.6192387,,,1.0,ok,,local,0.6192387,6.991278
p00533_03p,dynamicbind_asd,20,0.61917853,,,1.0,ok,,local,0.61917853,6.9763603
p00533_03p,dynamicbind_asd,21,0.6148338,,,1.0,ok,,local,0.6148338,6.7167563
p00533_03p,dynamicbind_asd,22,0.61327404,,,1.0,ok,,local,0.61327404,7.0035005
p00533_03p,dynamicbind_asd,23,0.61040574,,,1.0,ok,,local,0.61040574,6.552439
p00533_03p,dynamicbind_asd,24,0.6050696,,,1.0,ok,,local,0.6050696,6.9710526
p00533_03p,dynamicbind_asd,25,0.603989,,,1.0,ok,,local,0.603989,6.7308354
p00533_03p,dynamicbind_asd,26,0.6039645,,,1.0,ok,,local,0.6039645,6.4968123
p00533_03p,dynamicbind_asd,27,0.58412147,,,1.0,ok,,local,0.58412147,6.7719536
p00533_03p,dynamicbind_asd,28,0.57270557,,,1.0,ok,,local,0.57270557,6.7819796
p00533_03p,dynamicbind_asd,29,0.5655841,,,1.0,ok,,local,0.5655841,6.966144
p00533_7vh,dynamicbind_asd,0,0.6806203,,,1.0,ok,,local,0.6806203,7.5657954
p00533_7vh,dynamicbind_asd,1,0.6750999,,,1.0,ok,,local,0.6750999,7.800455
p00533_7vh,dynamicbind_asd,2,0.6737472,,,1.0,ok,,local,0.6737472,7.700251
p00533_7vh,dynamicbind_asd,3,0.6713131,,,1.0,ok,,local,0.6713131,7.801476
p00533_7vh,dynamicbind_asd,4,0.6706561,,,1.0,ok,,local,0.6706561,7.6446247
p00533_7vh,dynamicbind_asd,5,0.6705245,,,1.0,ok,,local,0.6705245,7.6920376
p00533_7vh,dynamicbind_asd,6,0.6703629,,,1.0,ok,,local,0.6703629,7.861191
p00533_7vh,dynamicbind_asd,7,0.6691944,,,1.0,ok,,local,0.6691944,7.695083
p00533_7vh,dynamicbind_asd,8,0.66834724,,,1.0,ok,,local,0.66834724,7.8066273
p00533_7vh,dynamicbind_asd,9,0.6649608,,,1.0,ok,,local,0.6649608,7.8323994
p00533_7vh,dynamicbind_asd,10,0.6648991,,,1.0,ok,,local,0.6648991,7.768347
p00533_7vh,dynamicbind_asd,11,0.66412556,,,1.0,ok,,local,0.66412556,7.6973763
p00533_7vh,dynamicbind_asd,12,0.6634687,,,1.0,ok,,local,0.6634687,7.772634
p00533_7vh,dynamicbind_asd,13,0.66266584,,,1.0,ok,,local,0.66266584,7.7402725
p00533_7vh,dynamicbind_asd,14,0.6625081,,,1.0,ok,,local,0.6625081,7.4664087
p00533_7vh,dynamicbind_asd,15,0.661346,,,1.0,ok,,local,0.661346,7.8127527
p00533_7vh,dynamicbind_asd,16,0.6610146,,,1.0,ok,,local,0.6610146,7.673462
p00533_7vh,dynamicbind_asd,17,0.6609371,,,1.0,ok,,local,0.6609371,7.696674
p00533_7vh,dynamicbind_asd,18,0.66028476,,,1.0,ok,,local,0.66028476,7.7469897
p00533_7vh,dynamicbind_asd,19,0.65997684,,,1.0,ok,,local,0.65997684,7.7218194
p00533_7vh,dynamicbind_asd,20,0.65950745,,,1.0,ok,,local,0.65950745,7.6252246
p00533_7vh,dynamicbind_asd,21,0.65922815,,,1.0,ok,,local,0.65922815,7.6368504
p00533_7vh,dynamicbind_asd,22,0.659109,,,1.0,ok,,local,0.659109,7.731175
p00533_7vh,dynamicbind_asd,23,0.6582237,,,1.0,ok,,local,0.6582237,7.7127714
p00533_7vh,dynamicbind_asd,24,0.6580867,,,1.0,ok,,local,0.6580867,7.7825947
p00533_7vh,dynamicbind_asd,25,0.6569064,,,1.0,ok,,local,0.6569064,7.8425536
p00533_7vh,dynamicbind_asd,26,0.6547831,,,1.0,ok,,local,0.6547831,7.8372946
p00533_7vh,dynamicbind_asd,27,0.6530495,,,1.0,ok,,local,0.6530495,7.62828
p00533_7vh,dynamicbind_asd,28,0.65138096,,,1.0,ok,,local,0.65138096,7.7602153
p00533_7vh,dynamicbind_asd,29,0.64894104,,,1.0,ok,,local,0.64894104,7.7811933
p00533_8jc,dynamicbind_asd,0,0.6242933,2.520566701889038,0.7429305911064148,1.0,ok,,local,0.6242933,7.860924
p00533_8jc,dynamicbind_asd,1,0.62345445,2.6131246089935303,0.7665343880653381,1.0,ok,,local,0.62345445,7.9005046
p00533_8jc,dynamicbind_asd,2,0.6216455,2.595738649368286,0.6831153631210327,1.0,ok,,local,0.6216455,8.083713
p00533_8jc,dynamicbind_asd,3,0.6213862,2.7455191612243652,0.67984539270401,1.0,ok,,local,0.6213862,7.9299617
p00533_8jc,dynamicbind_asd,4,0.6207649,2.798447847366333,0.7135083079338074,1.0,ok,,local,0.6207649,7.9078803
p00533_8jc,dynamicbind_asd,5,0.61740804,2.934919595718384,0.6569767594337463,1.0,ok,,local,0.61740804,7.8477616
p00533_8jc,dynamicbind_asd,6,0.61464596,2.2886974811553955,0.787483274936676,1.0,ok,,local,0.61464596,8.088924
p00533_8jc,dynamicbind_asd,7,0.61371356,3.123950719833374,0.6228955984115601,1.0,ok,,local,0.61371356,8.072988
p00533_8jc,dynamicbind_asd,8,0.612754,2.4456303119659424,0.7089963555335999,1.0,ok,,local,0.612754,7.9913964
p00533_8jc,dynamicbind_asd,9,0.6126532,2.52020001411438,0.7522180080413818,1.0,ok,,local,0.6126532,7.9412427
p00533_8jc,dynamicbind_asd,10,0.6122493,2.9771101474761963,0.6551724076271057,1.0,ok,,local,0.6122493,7.9020476
p00533_8jc,dynamicbind_asd,11,0.6117628,2.8446297645568848,0.7232375741004944,1.0,ok,,local,0.6117628,8.002191
p00533_8jc,dynamicbind_asd,12,0.61132646,2.5846846103668213,0.7476603984832764,1.0,ok,,local,0.61132646,7.9611073
p00533_8jc,dynamicbind_asd,13,0.6106325,2.2719638347625732,0.7174295783042908,1.0,ok,,local,0.6106325,7.982512
p00533_8jc,dynamicbind_asd,14,0.6103481,2.568798780441284,0.6834319233894348,1.0,ok,,local,0.6103481,8.046928
p00533_8jc,dynamicbind_asd,15,0.6097424,3.5645339488983154,0.6390587091445923,1.0,ok,,local,0.6097424,7.9209976
p00533_8jc,dynamicbind_asd,16,0.60875714,1.6702018976211548,0.8577702641487122,1.0,ok,,local,0.60875714,7.9190273
p00533_8jc,dynamicbind_asd,17,0.60209745,2.883491039276123,0.6938101053237915,1.0,ok,,local,0.60209745,7.923995
p00533_8jc,dynamicbind_asd,18,0.5970938,2.658054828643799,0.6880841255187988,1.0,ok,,local,0.5970938,8.1991205
p00533_8jc,dynamicbind_asd,19,0.5968261,2.4873533248901367,0.6873515248298645,1.0,ok,,local,0.5968261,7.9425983
p00533_8jc,dynamicbind_asd,20,0.58353704,2.788999557495117,0.6177354454994202,1.0,ok,,local,0.58353704,8.02892
p00533_8jc,dynamicbind_asd,21,0.57991016,2.8227784633636475,0.597141444683075,1.0,ok,,local,0.57991016,8.080417
p00533_8jc,dynamicbind_asd,22,0.5793322,2.5469415187835693,0.6149598360061646,1.0,ok,,local,0.5793322,8.219469
p00533_8jc,dynamicbind_asd,23,0.5783048,3.126110076904297,0.5672169923782349,1.0,ok,,local,0.5783048,7.954445
p00533_8jc,dynamicbind_asd,24,0.574681,2.822364330291748,0.5887804627418518,1.0,ok,,local,0.574681,8.110803
p00533_8jc,dynamicbind_asd,25,0.5743881,3.1757729053497314,0.5821496248245239,1.0,ok,,local,0.5743881,7.9665565
p00533_8jc,dynamicbind_asd,26,0.5737744,2.7181544303894043,0.607994019985199,1.0,ok,,local,0.5737744,7.9886804
p00533_8jc,dynamicbind_asd,27,0.5723896,3.2174997329711914,0.5657649040222168,1.0,ok,,local,0.5723896,8.032225
p00533_8jc,dynamicbind_asd,28,0.57213014,3.412260055541992,0.531564474105835,1.0,ok,,local,0.57213014,8.009418
p00533_8jc,dynamicbind_asd,29,0.57211787,1.9145851135253906,0.6701388955116272,1.0,ok,,local,0.57211787,7.921314
p00533_pox,dynamicbind_asd,0,0.6631173,1.6655744314193726,0.8612774610519409,1.0,ok,,local,0.6631173,8.470743
p00533_pox,dynamicbind_asd,1,0.6572074,1.3581441640853882,0.8814984560012817,1.0,ok,,local,0.6572074,7.689963
p00533_pox,dynamicbind_asd,2,0.653704,1.9001867771148682,0.823992133140564,1.0,ok,,local,0.653704,8.16246
p00533_pox,dynamicbind_asd,3,0.65308464,1.4158998727798462,0.8305970430374146,1.0,ok,,local,0.65308464,8.277075
p00533_pox,dynamicbind_asd,4,0.64138705,1.8663681745529175,0.6743934154510498,1.0,ok,,local,0.64138705,7.6133504
p00533_pox,dynamicbind_asd,5,0.6330817,3.1948916912078857,0.5753660798072815,1.0,ok,,local,0.6330817,7.8267503
p00533_pox,dynamicbind_asd,6,0.6326599,2.1847431659698486,0.7698412537574768,1.0,ok,,local,0.6326599,7.992305
p00533_pox,dynamicbind_asd,7,0.6286866,1.9305208921432495,0.7858840227127075,1.0,ok,,local,0.6286866,8.056873
p00533_pox,dynamicbind_asd,8,0.624754,1.5088372230529785,0.8353293538093567,1.0,ok,,local,0.624754,8.215489
p00533_pox,dynamicbind_asd,9,0.62471163,3.431223154067993,0.4559873044490814,1.0,ok,,local,0.62471163,7.8034005
p00533_pox,dynamicbind_asd,10,0.61875474,0.9708763957023621,0.6788111329078674,1.0,ok,,local,0.61875474,7.648562
p00533_pox,dynamicbind_asd,11,0.6181552,3.2519474029541016,0.5863121151924133,1.0,ok,,local,0.6181552,7.6403675
p00533_pox,dynamicbind_asd,12,0.61621827,3.458735227584839,0.4521276652812958,1.0,ok,,local,0.61621827,7.905902
p00533_pox,dynamicbind_asd,13,0.61498994,1.8293401002883911,0.5804973840713501,1.0,ok,,local,0.61498994,7.5433645
p00533_pox,dynamicbind_asd,14,0.614631,3.3448405265808105,0.5713667869567871,1.0,ok,,local,0.614631,7.6990376
p00533_pox,dynamicbind_asd,15,0.61270195,2.7272937297821045,0.4913720488548279,1.0,ok,,local,0.61270195,7.4925566
p00533_pox,dynamicbind_asd,16,0.6126181,2.873119592666626,0.6461504101753235,1.0,ok,,local,0.6126181,7.808226
p00533_pox,dynamicbind_asd,17,0.6118638,2.807573080062866,0.6043556928634644,1.0,ok,,local,0.6118638,7.8932447
p00533_pox,dynamicbind_asd,18,0.6109899,1.714836835861206,0.6427563428878784,1.0,ok,,local,0.6109899,7.747881
p00533_pox,dynamicbind_asd,19,0.60894144,3.7564587593078613,0.5878199338912964,1.0,ok,,local,0.60894144,7.925232
p00533_pox,dynamicbind_asd,20,0.60839087,2.8502817153930664,0.6489361524581909,1.0,ok,,local,0.60839087,7.7178006
p00533_pox,dynamicbind_asd,21,0.60607517,3.156423568725586,0.5625,1.0,ok,,local,0.60607517,7.571435
p00533_pox,dynamicbind_asd,22,0.60419583,3.3228936195373535,0.4528000056743622,1.0,ok,,local,0.60419583,7.9325023
p00533_pox,dynamicbind_asd,23,0.60408443,2.289522171020508,0.6101000905036926,1.0,ok,,local,0.60408443,7.78807
p00533_pox,dynamicbind_asd,24,0.60351837,2.5039050579071045,0.6740478277206421,1.0,ok,,local,0.60351837,7.9991627
p00533_pox,dynamicbind_asd,25,0.6026028,2.1201162338256836,0.5882224440574646,1.0,ok,,local,0.6026028,7.9506226
p00533_pox,dynamicbind_asd,26,0.599093,2.944039821624756,0.6332295536994934,1.0,ok,,local,0.599093,7.679842
p00533_pox,dynamicbind_asd,27,0.59008265,3.4174327850341797,0.6172810792922974,1.0,ok,,local,0.59008265,7.850703
p00533_pox,dynamicbind_asd,28,0.5895892,3.3448326587677,0.5667808055877686,1.0,ok,,local,0.5895892,7.8888173
p00533_pox,dynamicbind_asd,29,0.58872545,3.5665769577026367,0.5425442457199097,1.0,ok,,local,0.58872545,7.7388873
p00533_qqm,dynamicbind_asd,0,0.6644138,,,1.0,ok,,local,0.6644138,7.8417945
p00533_qqm,dynamicbind_asd,1,0.6625584,,,1.0,ok,,local,0.6625584,7.649969
p00533_qqm,dynamicbind_asd,2,0.6585247,,,1.0,ok,,local,0.6585247,8.11101
p00533_qqm,dynamicbind_asd,3,0.6576064,,,1.0,ok,,local,0.6576064,7.7380314
p00533_qqm,dynamicbind_asd,4,0.6575633,,,1.0,ok,,local,0.6575633,7.9112434
p00533_qqm,dynamicbind_asd,5,0.6569574,,,1.0,ok,,local,0.6569574,7.9232397
p00533_qqm,dynamicbind_asd,6,0.65621495,,,1.0,ok,,local,0.65621495,7.7895904
p00533_qqm,dynamicbind_asd,7,0.6554394,,,1.0,ok,,local,0.6554394,7.9545074
p00533_qqm,dynamicbind_asd,8,0.65467936,,,1.0,ok,,local,0.65467936,7.854575
p00533_qqm,dynamicbind_asd,9,0.6539328,,,1.0,ok,,local,0.6539328,7.8044724
p00533_qqm,dynamicbind_asd,10,0.6534513,,,1.0,ok,,local,0.6534513,8.152288
p00533_qqm,dynamicbind_asd,11,0.65330964,,,1.0,ok,,local,0.65330964,8.013717
p00533_qqm,dynamicbind_asd,12,0.65113527,,,1.0,ok,,local,0.65113527,8.137789
p00533_qqm,dynamicbind_asd,13,0.6509449,,,1.0,ok,,local,0.6509449,7.832723
p00533_qqm,dynamicbind_asd,14,0.65091014,,,1.0,ok,,local,0.65091014,7.7819095
p00533_qqm,dynamicbind_asd,15,0.65086514,,,1.0,ok,,local,0.65086514,8.132494
p00533_qqm,dynamicbind_asd,16,0.6495567,,,1.0,ok,,local,0.6495567,7.8690276
p00533_qqm,dynamicbind_asd,17,0.64651924,,,1.0,ok,,local,0.64651924,7.9706583
p00533_qqm,dynamicbind_asd,18,0.6385255,,,1.0,ok,,local,0.6385255,8.022682
p00533_qqm,dynamicbind_asd,19,0.63821775,,,1.0,ok,,local,0.63821775,8.169265
p00533_qqm,dynamicbind_asd,20,0.63066983,,,1.0,ok,,local,0.63066983,7.937788
p00533_qqm,dynamicbind_asd,21,0.6281529,,,1.0,ok,,local,0.6281529,7.912925
p00533_qqm,dynamicbind_asd,22,0.62771773,,,1.0,ok,,local,0.62771773,7.865941
p00533_qqm,dynamicbind_asd,23,0.62492985,,,1.0,ok,,local,0.62492985,7.932139
p00533_qqm,dynamicbind_asd,24,0.62467855,,,1.0,ok,,local,0.62467855,7.860198
p00533_qqm,dynamicbind_asd,25,0.6237177,,,1.0,ok,,local,0.6237177,8.000287
p00533_qqm,dynamicbind_asd,26,0.61950815,,,1.0,ok,,local,0.61950815,8.08794
p00533_qqm,dynamicbind_asd,27,0.619089,,,1.0,ok,,local,0.619089,8.00557
p00533_qqm,dynamicbind_asd,28,0.61696464,,,1.0,ok,,local,0.61696464,7.9289455
p00533_qqm,dynamicbind_asd,29,0.6138967,,,1.0,ok,,local,0.6138967,8.080352
p00533_yy3,dynamicbind_asd,0,0.6568765,,,1.0,ok,,local,0.6568765,7.7413654
p00533_yy3,dynamicbind_asd,1,0.6548788,,,1.0,ok,,local,0.6548788,7.4956336
p00533_yy3,dynamicbind_asd,2,0.65451384,,,1.0,ok,,local,0.65451384,7.7672267
p00533_yy3,dynamicbind_asd,3,0.6540718,,,1.0,ok,,local,0.6540718,7.747024
p00533_yy3,dynamicbind_asd,4,0.6510646,,,1.0,ok,,local,0.6510646,7.243223
p00533_yy3,dynamicbind_asd,5,0.65045464,,,1.0,ok,,local,0.65045464,7.6527033
p00533_yy3,dynamicbind_asd,6,0.6479133,,,1.0,ok,,local,0.6479133,7.590013
p00533_yy3,dynamicbind_asd,7,0.64525646,,,1.0,ok,,local,0.64525646,7.5030026
p00533_yy3,dynamicbind_asd,8,0.6447191,,,1.0,ok,,local,0.6447191,7.2719674
p00533_yy3,dynamicbind_asd,9,0.64460105,,,1.0,ok,,local,0.64460105,7.38421
p00533_yy3,dynamicbind_asd,10,0.6443145,,,1.0,ok,,local,0.6443145,7.4375167
p00533_yy3,dynamicbind_asd,11,0.6442331,,,1.0,ok,,local,0.6442331,7.246007
p00533_yy3,dynamicbind_asd,12,0.64369315,,,1.0,ok,,local,0.64369315,7.654402
p00533_yy3,dynamicbind_asd,13,0.6436671,,,1.0,ok,,local,0.6436671,7.41698
p00533_yy3,dynamicbind_asd,14,0.64365166,,,1.0,ok,,local,0.64365166,7.496873
p00533_yy3,dynamicbind_asd,15,0.6429565,,,1.0,ok,,local,0.6429565,7.5909142
p00533_yy3,dynamicbind_asd,16,0.6390926,,,1.0,ok,,local,0.6390926,7.553953
p00533_yy3,dynamicbind_asd,17,0.6381429,,,1.0,ok,,local,0.6381429,7.4617047
p00533_yy3,dynamicbind_asd,18,0.6379655,,,1.0,ok,,local,0.6379655,7.77759
p00533_yy3,dynamicbind_asd,19,0.6338105,,,1.0,ok,,local,0.6338105,7.780824
p00533_yy3,dynamicbind_asd,20,0.6335796,,,1.0,ok,,local,0.6335796,7.8617263
p00533_yy3,dynamicbind_asd,21,0.6278773,,,1.0,ok,,local,0.6278773,7.8391566
p00533_yy3,dynamicbind_asd,22,0.6278089,,,1.0,ok,,local,0.6278089,7.8181787
p00533_yy3,dynamicbind_asd,23,0.6275816,,,1.0,ok,,local,0.6275816,7.7323236
p00533_yy3,dynamicbind_asd,24,0.62752336,,,1.0,ok,,local,0.62752336,7.7974677
p00533_yy3,dynamicbind_asd,25,0.62645036,,,1.0,ok,,local,0.62645036,7.636078
p00533_yy3,dynamicbind_asd,26,0.62636477,,,1.0,ok,,local,0.62636477,7.562024
p00533_yy3,dynamicbind_asd,27,0.6261384,,,1.0,ok,,local,0.6261384,7.547005
p00533_yy3,dynamicbind_asd,28,0.6129489,,,1.0,ok,,local,0.6129489,8.141798
p00533_yy3,dynamicbind_asd,29,0.6129102,,,1.0,ok,,local,0.6129102,7.688687
p00698_0bp,dynamicbind_asd,0,0.639556,,,1.0,ok,,local,0.639556,3.623789
p00698_0bp,dynamicbind_asd,1,0.63301194,,,1.0,ok,,local,0.63301194,3.3917737
p00698_0bp,dynamicbind_asd,2,0.61848116,,,1.0,ok,,local,0.61848116,3.4198751
p00698_0bp,dynamicbind_asd,3,0.6172758,,,1.0,ok,,local,0.6172758,3.6447527
p00698_0bp,dynamicbind_asd,4,0.6165919,,,1.0,ok,,local,0.6165919,3.6890097
p00698_0bp,dynamicbind_asd,5,0.6119164,,,1.0,ok,,local,0.6119164,3.530967
p00698_0bp,dynamicbind_asd,6,0.6113456,,,1.0,ok,,local,0.6113456,3.364734
p00698_0bp,dynamicbind_asd,7,0.5976204,,,1.0,ok,,local,0.5976204,3.5684457
p00698_0bp,dynamicbind_asd,8,0.5906162,,,1.0,ok,,local,0.5906162,3.0784004
p00698_0bp,dynamicbind_asd,9,0.58546925,,,1.0,ok,,local,0.58546925,3.3149724
p00698_0bp,dynamicbind_asd,10,0.58243614,,,1.0,ok,,local,0.58243614,3.4120305
p00698_0bp,dynamicbind_asd,11,0.58132726,,,1.0,ok,,local,0.58132726,3.2777367
p00698_0bp,dynamicbind_asd,12,0.5792542,,,1.0,ok,,local,0.5792542,3.2203186
p00698_0bp,dynamicbind_asd,13,0.5791265,,,1.0,ok,,local,0.5791265,3.408488
p00698_0bp,dynamicbind_asd,14,0.5770218,,,1.0,ok,,local,0.5770218,3.333673
p00698_0bp,dynamicbind_asd,15,0.5768012,,,1.0,ok,,local,0.5768012,2.946272
p00698_0bp,dynamicbind_asd,16,0.57615167,,,1.0,ok,,local,0.57615167,3.5684896
p00698_0bp,dynamicbind_asd,17,0.5699602,,,1.0,ok,,local,0.5699602,3.3201625
p00698_0bp,dynamicbind_asd,18,0.5608817,,,1.0,ok,,local,0.5608817,3.480045
p00698_0bp,dynamicbind_asd,19,0.5590916,,,1.0,ok,,local,0.5590916,3.2360942
p00698_0bp,dynamicbind_asd,20,0.5578745,,,1.0,ok,,local,0.5578745,3.5041664
p00698_0bp,dynamicbind_asd,21,0.5559682,,,1.0,ok,,local,0.5559682,3.3002496
p00698_0bp,dynamicbind_asd,22,0.5526409,,,1.0,ok,,local,0.5526409,3.6990664
p00698_0bp,dynamicbind_asd,23,0.5513571,,,1.0,ok,,local,0.5513571,3.3198977
p00698_0bp,dynamicbind_asd,24,0.5464357,,,1.0,ok,,local,0.5464357,3.6416087
p00698_0bp,dynamicbind_asd,25,0.5266279,,,1.0,ok,,local,0.5266279,4.0262074
p00698_0bp,dynamicbind_asd,26,0.5118802,,,1.0,ok,,local,0.5118802,3.795152
p00698_0bp,dynamicbind_asd,27,0.48784545,,,1.0,ok,,local,0.48784545,3.8875933
p00698_0bp,dynamicbind_asd,28,0.47183043,,,1.0,ok,,local,0.47183043,2.9582653
p00698_0bp,dynamicbind_asd,29,0.46805203,,,1.0,ok,,local,0.46805203,4.2910004
p00698_0uf,dynamicbind_asd,0,0.5924169,26.554323196411133,0.0009571209666319191,1.0,ok,,local,0.5924169,5.726955
p00698_0uf,dynamicbind_asd,1,0.5808329,25.945920944213867,0.006067960988730192,1.0,ok,,local,0.5808329,5.7788615
p00698_0uf,dynamicbind_asd,2,0.57557905,26.68800926208496,0.0,1.0,ok,,local,0.57557905,5.8608823
p00698_0uf,dynamicbind_asd,3,0.5697029,25.819093704223633,0.004976114723831415,1.0,ok,,local,0.5697029,5.748934
p00698_0uf,dynamicbind_asd,4,0.56950736,27.393953323364258,0.0,0.0,ok,,local,0.56950736,6.502629
p00698_0uf,dynamicbind_asd,5,0.56174266,27.656253814697266,0.0,1.0,ok,,local,0.56174266,5.8481236
p00698_0uf,dynamicbind_asd,6,0.5564951,28.083194732666016,0.0,1.0,ok,,local,0.5564951,5.840771
p00698_0uf,dynamicbind_asd,7,0.5560704,26.35411834716797,0.0004230118356645107,1.0,ok,,local,0.5560704,5.9014893
p00698_0uf,dynamicbind_asd,8,0.55454004,20.41912841796875,0.0011485451832413673,0.0,ok,,local,0.55454004,5.869288
p00698_0uf,dynamicbind_asd,9,0.55409485,26.99325180053711,0.0,1.0,ok,,local,0.55409485,5.672629
p00698_0uf,dynamicbind_asd,10,0.55286014,25.125450134277344,0.0022897585295140743,0.0,ok,,local,0.55286014,6.3946166
p00698_0uf,dynamicbind_asd,11,0.5526017,27.389461517333984,0.0,1.0,ok,,local,0.5526017,5.899447
p00698_0uf,dynamicbind_asd,12,0.5478121,27.42581558227539,0.0,0.0,ok,,local,0.5478121,6.584427
p00698_0uf,dynamicbind_asd,13,0.5469742,26.439592361450195,0.0,1.0,ok,,local,0.5469742,5.7851067
p00698_0uf,dynamicbind_asd,14,0.544828,25.01595687866211,0.0018203883664682508,1.0,ok,,local,0.544828,5.7760386
p00698_0uf,dynamicbind_asd,15,0.54377973,26.549823760986328,0.0,0.0,ok,,local,0.54377973,6.301853
p00698_0uf,dynamicbind_asd,16,0.54364854,26.814292907714844,0.0,1.0,ok,,local,0.54364854,5.9220233
p00698_0uf,dynamicbind_asd,17,0.5414673,23.903318405151367,0.0,0.0,ok,,local,0.5414673,7.063789
p00698_0uf,dynamicbind_asd,18,0.5412924,25.782928466796875,0.0024575514253228903,1.0,ok,,local,0.5412924,5.8495035
p00698_0uf,dynamicbind_asd,19,0.54095685,27.093599319458008,0.0,1.0,ok,,local,0.54095685,5.5330114
p00698_0uf,dynamicbind_asd,20,0.53670424,20.944719314575195,0.0013100436190143228,0.0,ok,,local,0.53670424,6.723655
p00698_0uf,dynamicbind_asd,21,0.53578043,21.007471084594727,0.004757374059408903,0.0,ok,,local,0.53578043,6.037224
p00698_0uf,dynamicbind_asd,22,0.53471345,27.028608322143555,0.0007886435487307608,1.0,ok,,local,0.53471345,5.9096484
p00698_0uf,dynamicbind_asd,23,0.53365874,26.493480682373047,0.0,1.0,ok,,local,0.53365874,5.9630575
p00698_0uf,dynamicbind_asd,24,0.5304081,26.684349060058594,0.001662971219047904,1.0,ok,,local,0.5304081,5.724339
p00698_0uf,dynamicbind_asd,25,0.5302652,27.901798248291016,0.0006983240018598735,1.0,ok,,local,0.5302652,5.653394
p00698_0uf,dynamicbind_asd,26,0.52964234,25.67595100402832,0.0,1.0,ok,,local,0.52964234,5.859533
p00698_0uf,dynamicbind_asd,27,0.5197739,23.068511962890625,0.0,0.0,ok,,local,0.5197739,6.342421
p00698_0uf,dynamicbind_asd,28,0.50866985,27.763534545898438,0.0,1.0,ok,,local,0.50866985,6.1709657
p00698_0uf,dynamicbind_asd,29,0.5037415,9.199126243591309,0.052254099398851395,0.0,ok,,local,0.5037415,7.2988863
p00698_a5c,dynamicbind_asd,0,0.76995105,,,1.0,ok,,local,0.76995105,3.0221415
p00698_a5c,dynamicbind_asd,1,0.7447697,,,1.0,ok,,local,0.7447697,2.8518615
p00698_a5c,dynamicbind_asd,2,0.7386719,,,1.0,ok,,local,0.7386719,2.690062
p00698_a5c,dynamicbind_asd,3,0.7365635,,,1.0,ok,,local,0.7365635,2.9637952
p00698_a5c,dynamicbind_asd,4,0.73583287,,,1.0,ok,,local,0.73583287,3.1687365
p00698_a5c,dynamicbind_asd,5,0.7313471,,,1.0,ok,,local,0.7313471,2.9499252
p00698_a5c,dynamicbind_asd,6,0.7303807,,,1.0,ok,,local,0.7303807,2.7988691
p00698_a5c,dynamicbind_asd,7,0.7295807,,,1.0,ok,,local,0.7295807,2.8075964
p00698_a5c,dynamicbind_asd,8,0.728058,,,1.0,ok,,local,0.728058,2.8530688
p00698_a5c,dynamicbind_asd,9,0.72692674,,,1.0,ok,,local,0.72692674,3.1595933
p00698_a5c,dynamicbind_asd,10,0.72437936,,,1.0,ok,,local,0.72437936,2.619376
p00698_a5c,dynamicbind_asd,11,0.7223183,,,1.0,ok,,local,0.7223183,2.8483915
p00698_a5c,dynamicbind_asd,12,0.7182501,,,1.0,ok,,local,0.7182501,3.0292158
p00698_a5c,dynamicbind_asd,13,0.71796495,,,1.0,ok,,local,0.71796495,2.7236438
p00698_a5c,dynamicbind_asd,14,0.7152293,,,1.0,ok,,local,0.7152293,2.823454
p00698_a5c,dynamicbind_asd,15,0.7110846,,,1.0,ok,,local,0.7110846,3.2101126
p00698_a5c,dynamicbind_asd,16,0.7087341,,,1.0,ok,,local,0.7087341,2.9156516
p00698_a5c,dynamicbind_asd,17,0.7085392,,,1.0,ok,,local,0.7085392,2.7918112
p00698_a5c,dynamicbind_asd,18,0.7067562,,,1.0,ok,,local,0.7067562,2.9008715
p00698_a5c,dynamicbind_asd,19,0.70561117,,,1.0,ok,,local,0.70561117,2.867733
p00698_a5c,dynamicbind_asd,20,0.70437706,,,1.0,ok,,local,0.70437706,2.8503761
p00698_a5c,dynamicbind_asd,21,0.6935647,,,1.0,ok,,local,0.6935647,2.9680786
p00698_a5c,dynamicbind_asd,22,0.6919679,,,1.0,ok,,local,0.6919679,2.7057347
p00698_a5c,dynamicbind_asd,23,0.6789039,,,1.0,ok,,local,0.6789039,3.0825646
p00698_a5c,dynamicbind_asd,24,0.66815984,,,1.0,ok,,local,0.66815984,3.0506814
p00698_a5c,dynamicbind_asd,25,0.66366726,,,1.0,ok,,local,0.66366726,2.8265023
p00698_a5c,dynamicbind_asd,26,0.6631804,,,1.0,ok,,local,0.6631804,2.7916832
p00698_a5c,dynamicbind_asd,27,0.65483654,,,1.0,ok,,local,0.65483654,2.963764
p00698_a5c,dynamicbind_asd,28,0.6533268,,,1.0,ok,,local,0.6533268,2.9432178
p00698_a5c,dynamicbind_asd,29,0.6413675,,,1.0,ok,,local,0.6413675,3.0949075
p00698_dm0,dynamicbind_asd,0,0.6907728,,,0.0,ok,,local,0.6907728,3.728142
p00698_dm0,dynamicbind_asd,1,0.65392125,,,1.0,ok,,local,0.65392125,4.0584273
p00698_dm0,dynamicbind_asd,2,0.6512661,,,0.0,ok,,local,0.6512661,4.3259716
p00698_dm0,dynamicbind_asd,3,0.6484293,,,1.0,ok,,local,0.6484293,4.131774
p00698_dm0,dynamicbind_asd,4,0.64262944,,,1.0,ok,,local,0.64262944,4.122687
p00698_dm0,dynamicbind_asd,5,0.6410473,,,1.0,ok,,local,0.6410473,4.2299757
p00698_dm0,dynamicbind_asd,6,0.63994247,,,1.0,ok,,local,0.63994247,3.8748763
p00698_dm0,dynamicbind_asd,7,0.63651,,,1.0,ok,,local,0.63651,4.1791573
p00698_dm0,dynamicbind_asd,8,0.6357367,,,0.0,ok,,local,0.6357367,3.9321527
p00698_dm0,dynamicbind_asd,9,0.6322003,,,1.0,ok,,local,0.6322003,3.8148859
p00698_dm0,dynamicbind_asd,10,0.63012046,,,0.0,ok,,local,0.63012046,4.1183367
p00698_dm0,dynamicbind_asd,11,0.62449324,,,1.0,ok,,local,0.62449324,3.7151551
p00698_dm0,dynamicbind_asd,12,0.6242425,,,1.0,ok,,local,0.6242425,3.6747057
p00698_dm0,dynamicbind_asd,13,0.6199161,,,0.0,ok,,local,0.6199161,4.1132293
p00698_dm0,dynamicbind_asd,14,0.6195768,,,1.0,ok,,local,0.6195768,3.8500705
p00698_dm0,dynamicbind_asd,15,0.61840814,,,0.0,ok,,local,0.61840814,3.7802935
p00698_dm0,dynamicbind_asd,16,0.6167969,,,1.0,ok,,local,0.6167969,4.4201975
p00698_dm0,dynamicbind_asd,17,0.6140945,,,1.0,ok,,local,0.6140945,3.7828221
p00698_dm0,dynamicbind_asd,18,0.611587,,,1.0,ok,,local,0.611587,4.0242033
p00698_dm0,dynamicbind_asd,19,0.606837,,,1.0,ok,,local,0.606837,4.288441
p00698_dm0,dynamicbind_asd,20,0.60143185,,,0.0,ok,,local,0.60143185,3.5464213
p00698_dm0,dynamicbind_asd,21,0.5996848,,,0.0,ok,,local,0.5996848,3.1192167
p00698_dm0,dynamicbind_asd,22,0.5985138,,,0.0,ok,,local,0.5985138,3.5004976
p00698_dm0,dynamicbind_asd,23,0.59173656,,,1.0,ok,,local,0.59173656,3.7109702
p00698_dm0,dynamicbind_asd,24,0.58478636,,,1.0,ok,,local,0.58478636,3.7366054
p00698_dm0,dynamicbind_asd,25,0.57958883,,,1.0,ok,,local,0.57958883,3.6998134
p00698_dm0,dynamicbind_asd,26,0.5745861,,,1.0,ok,,local,0.5745861,3.399661
p00698_dm0,dynamicbind_asd,27,0.57324916,,,0.0,ok,,local,0.57324916,3.698063
p00698_dm0,dynamicbind_asd,28,0.558293,,,1.0,ok,,local,0.558293,3.7902472
p00698_dm0,dynamicbind_asd,29,0.54374397,,,1.0,ok,,local,0.54374397,4.0969696
p00698_do3,dynamicbind_asd,0,0.6371957,13.752090454101562,0.033281732350587845,1.0,ok,,local,0.6371957,4.511383
p00698_do3,dynamicbind_asd,1,0.63500047,11.523406028747559,0.0701078549027443,1.0,ok,,local,0.63500047,4.0739565
p00698_do3,dynamicbind_asd,2,0.6147305,11.983926773071289,0.07033426314592361,1.0,ok,,local,0.6147305,4.632661
p00698_do3,dynamicbind_asd,3,0.61387795,11.529255867004395,0.08560477197170258,1.0,ok,,local,0.61387795,4.344211
p00698_do3,dynamicbind_asd,4,0.60960335,13.551118850708008,0.028761062771081924,1.0,ok,,local,0.60960335,4.7753386
p00698_do3,dynamicbind_asd,5,0.60821474,10.868874549865723,0.10435435175895691,1.0,ok,,local,0.60821474,4.7278657
p00698_do3,dynamicbind_asd,6,0.6055268,14.94189453125,0.008321273140609264,1.0,ok,,local,0.6055268,4.676679
p00698_do3,dynamicbind_asd,7,0.60097736,13.143424034118652,0.06049562618136406,1.0,ok,,local,0.60097736,4.4747744
p00698_do3,dynamicbind_asd,8,0.6008592,13.595455169677734,0.025157231837511063,1.0,ok,,local,0.6008592,4.94627
p00698_do3,dynamicbind_asd,9,0.6003379,13.687333106994629,0.034166667610406876,1.0,ok,,local,0.6003379,4.7676663
p00698_do3,dynamicbind_asd,10,0.5968644,12.374163627624512,0.04992816224694252,1.0,ok,,local,0.5968644,4.603198
p00698_do3,dynamicbind_asd,11,0.5885987,12.424835205078125,0.06456456333398819,1.0,ok,,local,0.5885987,4.7692137
p00698_do3,dynamicbind_asd,12,0.58243585,13.406148910522461,0.030359819531440735,1.0,ok,,local,0.58243585,4.4312644
p00698_do3,dynamicbind_asd,13,0.57909733,11.551584243774414,0.13228346407413483,1.0,ok,,local,0.57909733,4.227257
p00698_do3,dynamicbind_asd,14,0.5721147,14.205068588256836,0.015138408169150352,1.0,ok,,local,0.5721147,4.45955
p00698_do3,dynamicbind_asd,15,0.5671247,14.267611503601074,0.012601626105606556,1.0,ok,,local,0.5671247,4.4692016
p00698_do3,dynamicbind_asd,16,0.56629187,12.982032775878906,0.04933774843811989,1.0,ok,,local,0.56629187,4.7945266
p00698_do3,dynamicbind_asd,17,0.56119394,10.63376522064209,0.1254340261220932,1.0,ok,,local,0.56119394,4.5166097
p00698_do3,dynamicbind_asd,18,0.51798636,,,1.0,ok,,local,0.51798636,4.4104633
p00698_do3,dynamicbind_asd,19,0.5175766,12.923306465148926,0.05096153914928436,1.0,ok,,local,0.5175766,4.8961387
p00698_kto,dynamicbind_asd,0,0.6711886,,,1.0,ok,,local,0.6711886,3.1468651
p00698_kto,dynamicbind_asd,1,0.6680564,,,1.0,ok,,local,0.6680564,2.8989518
p00698_kto,dynamicbind_asd,2,0.66689914,,,1.0,ok,,local,0.66689914,3.0269024
p00698_kto,dynamicbind_asd,3,0.66637594,,,1.0,ok,,local,0.66637594,3.0393505
p00698_kto,dynamicbind_asd,4,0.66331077,,,1.0,ok,,local,0.66331077,2.9331155
p00698_kto,dynamicbind_asd,5,0.6592356,,,1.0,ok,,local,0.6592356,3.2430851
p00698_kto,dynamicbind_asd,6,0.6590833,,,1.0,ok,,local,0.6590833,3.1208107
p00698_kto,dynamicbind_asd,7,0.6585809,,,1.0,ok,,local,0.6585809,3.1901276
p00698_kto,dynamicbind_asd,8,0.65536976,,,1.0,ok,,local,0.65536976,3.309542
p00698_kto,dynamicbind_asd,9,0.65480065,,,1.0,ok,,local,0.65480065,2.9329724
p00698_kto,dynamicbind_asd,10,0.6545904,,,1.0,ok,,local,0.6545904,3.0179703
p00698_kto,dynamicbind_asd,11,0.65341777,,,1.0,ok,,local,0.65341777,2.9583857
p00698_kto,dynamicbind_asd,12,0.65292674,,,1.0,ok,,local,0.65292674,3.200136
p00698_kto,dynamicbind_asd,13,0.65199375,,,1.0,ok,,local,0.65199375,3.3889961
p00698_kto,dynamicbind_asd,14,0.65011245,,,1.0,ok,,local,0.65011245,3.1565135
p00698_kto,dynamicbind_asd,15,0.6440213,,,1.0,ok,,local,0.6440213,3.1912713
p00698_kto,dynamicbind_asd,16,0.64135927,,,0.0,ok,,local,0.64135927,3.2658706
p00698_kto,dynamicbind_asd,17,0.64059097,,,0.0,ok,,local,0.64059097,3.2443576
p00698_kto,dynamicbind_asd,18,0.63720906,,,1.0,ok,,local,0.63720906,3.112319
p00698_kto,dynamicbind_asd,19,0.634867,,,1.0,ok,,local,0.634867,2.7898788
p00698_kto,dynamicbind_asd,20,0.6296614,,,1.0,ok,,local,0.6296614,3.0856168
p00698_kto,dynamicbind_asd,21,0.6280154,,,0.0,ok,,local,0.6280154,2.934203
p00698_kto,dynamicbind_asd,22,0.6223189,,,0.0,ok,,local,0.6223189,3.1952
p00698_kto,dynamicbind_asd,23,0.6188243,,,0.0,ok,,local,0.6188243,3.6069088
p00698_kto,dynamicbind_asd,24,0.61443865,,,1.0,ok,,local,0.61443865,2.4786153
p00698_kto,dynamicbind_asd,25,0.61292547,,,0.0,ok,,local,0.61292547,3.121996
p00698_kto,dynamicbind_asd,26,0.6124623,,,0.0,ok,,local,0.6124623,3.0680807
p00698_kto,dynamicbind_asd,27,0.59287304,,,0.0,ok,,local,0.59287304,2.8028128
p00698_kto,dynamicbind_asd,28,0.57933927,,,0.0,ok,,local,0.57933927,3.112002
p00698_kto,dynamicbind_asd,29,0.558312,,,0.0,ok,,local,0.558312,3.137936
p00698_pdc,dynamicbind_asd,0,0.61260563,14.321667671203613,0.015370705164968967,1.0,ok,,local,0.61260563,3.6836205
p00698_pdc,dynamicbind_asd,1,0.6012062,8.92455005645752,0.09403669834136963,1.0,ok,,local,0.6012062,2.5948296
p00698_pdc,dynamicbind_asd,2,0.5961429,9.160879135131836,0.08146639168262482,1.0,ok,,local,0.5961429,2.2454395
p00698_pdc,dynamicbind_asd,3,0.59065527,8.157608985900879,0.1143973246216774,1.0,ok,,local,0.59065527,2.4982915
p00698_pdc,dynamicbind_asd,4,0.5871296,10.868237495422363,0.06747404485940933,1.0,ok,,local,0.5871296,2.6696305
p00698_pdc,dynamicbind_asd,5,0.58105093,8.845209121704102,0.13798701763153076,1.0,ok,,local,0.58105093,2.6738396
p00698_pdc,dynamicbind_asd,6,0.5798632,6.917028427124023,0.18982630968093872,1.0,ok,,local,0.5798632,2.6419375
p00698_pdc,dynamicbind_asd,7,0.5750357,10.424921035766602,0.08060109615325928,1.0,ok,,local,0.5750357,2.5306435
p00698_pdc,dynamicbind_asd,8,0.57051146,10.937029838562012,0.07634228467941284,1.0,ok,,local,0.57051146,2.7527666
p00698_pdc,dynamicbind_asd,9,0.56744725,7.674312114715576,0.19562500715255737,1.0,ok,,local,0.56744725,2.6831563
p00698_pdc,dynamicbind_asd,10,0.5618844,7.354273796081543,0.1759478598833084,1.0,ok,,local,0.5618844,2.5193975
p00698_pdc,dynamicbind_asd,11,0.5606798,11.0532865524292,0.06783919781446457,1.0,ok,,local,0.5606798,2.7264035
p00698_pdc,dynamicbind_asd,12,0.55607843,6.461883544921875,0.22068965435028076,1.0,ok,,local,0.55607843,2.6984794
p00698_pdc,dynamicbind_asd,13,0.54931056,7.145151138305664,0.23650234937667847,1.0,ok,,local,0.54931056,2.963706
p00698_pdc,dynamicbind_asd,14,0.54749835,10.722582817077637,0.07741935551166534,1.0,ok,,local,0.54749835,2.8654895
p00698_pdc,dynamicbind_asd,15,0.54480827,8.572529792785645,0.11872146278619766,1.0,ok,,local,0.54480827,2.5414274
p00698_pdc,dynamicbind_asd,16,0.53366226,15.298766136169434,0.017793593928217888,1.0,ok,,local,0.53366226,3.819316
p00698_pdc,dynamicbind_asd,17,0.5193147,12.692305564880371,0.054675716906785965,1.0,ok,,local,0.5193147,4.3359156
p00698_pdc,dynamicbind_asd,18,0.5190077,9.910890579223633,0.09245960414409637,1.0,ok,,local,0.5190077,4.5560083
p00698_pdc,dynamicbind_asd,19,0.50207794,11.066821098327637,0.11514683067798615,1.0,ok,,local,0.50207794,4.3608336
p00698_pdc,dynamicbind_asd,20,0.49421176,11.128301620483398,0.0514138825237751,1.0,ok,,local,0.49421176,4.773085
p00698_pdc,dynamicbind_asd,21,0.48785862,2.907545328140259,0.5439068078994751,1.0,ok,,local,0.48785862,3.4079814
p00698_pdc,dynamicbind_asd,22,0.48012283,18.790264129638672,0.0005399567889980972,1.0,ok,,local,0.48012283,3.416213
p00698_pdc,dynamicbind_asd,23,0.4746695,20.46060562133789,0.0,1.0,ok,,local,0.4746695,3.7003977
p00698_pdc,dynamicbind_asd,24,0.47116837,19.484474182128906,0.0017123287543654442,1.0,ok,,local,0.47116837,3.535333
p00698_pdc,dynamicbind_asd,25,0.4683675,17.881912231445312,0.002535497071221471,1.0,ok,,local,0.4683675,3.236991
p00698_pdc,dynamicbind_asd,26,0.46728715,21.972576141357422,0.0,1.0,ok,,local,0.46728715,4.3807755
p00698_pdc,dynamicbind_asd,27,0.45278347,15.895637512207031,0.024208566173911095,1.0,ok,,local,0.45278347,4.7258315
p00698_pdc,dynamicbind_asd,28,0.4441582,13.992919921875,0.03454545512795448,1.0,ok,,local,0.4441582,4.0924864
p00734_ftr,dynamicbind_asd,0,0.683931,,,1.0,ok,,local,0.683931,3.8226144
p00734_ftr,dynamicbind_asd,1,0.6814163,,,1.0,ok,,local,0.6814163,3.3925297
p00734_ftr,dynamicbind_asd,2,0.66958284,,,1.0,ok,,local,0.66958284,4.2304783
p00734_ftr,dynamicbind_asd,3,0.6678586,,,1.0,ok,,local,0.6678586,4.210684
p00734_ftr,dynamicbind_asd,4,0.6678266,,,1.0,ok,,local,0.6678266,4.197277
p00734_ftr,dynamicbind_asd,5,0.6675596,,,1.0,ok,,local,0.6675596,4.1791296
p00734_ftr,dynamicbind_asd,6,0.66465473,,,1.0,ok,,local,0.66465473,4.1981034
p00734_ftr,dynamicbind_asd,7,0.6644543,,,1.0,ok,,local,0.6644543,4.2029867
p00734_ftr,dynamicbind_asd,8,0.66190416,,,1.0,ok,,local,0.66190416,4.122445
p00734_ftr,dynamicbind_asd,9,0.64967,,,1.0,ok,,local,0.64967,4.3804545
p00760_bet,dynamicbind_asd,0,0.6817688,8.871472358703613,0.14938397705554962,1.0,ok,,local,0.6817688,1.7024754
p00760_bet,dynamicbind_asd,1,0.6359808,3.0910768508911133,0.5301418304443359,1.0,ok,,local,0.6359808,1.5826873
p00760_bet,dynamicbind_asd,2,0.6336056,2.6085619926452637,0.5647773146629333,1.0,ok,,local,0.6336056,1.5304308
p00760_bet,dynamicbind_asd,3,0.63107705,2.1950433254241943,0.6663346886634827,1.0,ok,,local,0.63107705,1.5467113
p00760_bet,dynamicbind_asd,4,0.6263141,3.322626829147339,0.5599250793457031,1.0,ok,,local,0.6263141,1.6865485
p00760_bet,dynamicbind_asd,5,0.62536615,2.8542771339416504,0.6125497817993164,1.0,ok,,local,0.62536615,1.6114427
p00760_bet,dynamicbind_asd,6,0.622035,1.8051432371139526,0.718999981880188,1.0,ok,,local,0.622035,1.4887577
p00760_bet,dynamicbind_asd,7,0.6044406,1.4660329818725586,0.7909836173057556,1.0,ok,,local,0.6044406,1.6375731
p00760_bet,dynamicbind_asd,8,0.59453875,4.526864051818848,0.5496453642845154,1.0,ok,,local,0.59453875,1.4990547
p00760_bet,dynamicbind_asd,9,0.5780137,2.888075590133667,0.5965073704719543,1.0,ok,,local,0.5780137,1.424718
p00772_217,dynamicbind_asd,0,0.7032831,4.315004825592041,0.4741586446762085,1.0,ok,,local,0.7032831,2.426357
p00772_217,dynamicbind_asd,1,0.6964034,4.614116668701172,0.45028409361839294,1.0,ok,,local,0.6964034,2.6286783
p00772_217,dynamicbind_asd,2,0.69502705,5.518616676330566,0.328125,1.0,ok,,local,0.69502705,2.6749797
p00772_217,dynamicbind_asd,3,0.6949061,4.117135524749756,0.4859068691730499,1.0,ok,,local,0.6949061,2.6198962
p00772_217,dynamicbind_asd,4,0.6935003,5.0954813957214355,0.3485254645347595,1.0,ok,,local,0.6935003,2.6077726
p00772_217,dynamicbind_asd,5,0.684699,4.674152374267578,0.40915119647979736,1.0,ok,,local,0.684699,2.702141
p00772_217,dynamicbind_asd,6,0.683478,5.013550281524658,0.3769841194152832,1.0,ok,,local,0.683478,2.0674531
p00772_217,dynamicbind_asd,7,0.6658621,5.127556324005127,0.37839674949645996,1.0,ok,,local,0.6658621,2.6748447
p00772_217,dynamicbind_asd,8,0.65920335,4.721900463104248,0.43247127532958984,1.0,ok,,local,0.65920335,2.654239
p00772_217,dynamicbind_asd,9,0.6509096,5.193444728851318,0.3717948794364929,1.0,ok,,local,0.6509096,2.7106504
p01112_92v,dynamicbind_asd,0,0.6422405,,,1.0,ok,,local,0.6422405,4.4904046
p01112_92v,dynamicbind_asd,1,0.62652284,,,1.0,ok,,local,0.62652284,4.3370113
p01112_92v,dynamicbind_asd,2,0.61986965,,,1.0,ok,,local,0.61986965,4.2311416
p01112_92v,dynamicbind_asd,3,0.608313,,,1.0,ok,,local,0.608313,4.575361
p01112_92v,dynamicbind_asd,4,0.6077842,,,1.0,ok,,local,0.6077842,4.5379887
p01112_92v,dynamicbind_asd,5,0.60673434,,,1.0,ok,,local,0.60673434,4.418135
p01112_92v,dynamicbind_asd,6,0.6026037,,,1.0,ok,,local,0.6026037,4.340988
p01112_92v,dynamicbind_asd,7,0.598107,,,1.0,ok,,local,0.598107,4.073824
p01112_92v,dynamicbind_asd,8,0.59772396,,,1.0,ok,,local,0.59772396,4.3583884
p01112_92v,dynamicbind_asd,9,0.5977237,,,1.0,ok,,local,0.5977237,4.35839
p01112_92v,dynamicbind_asd,10,0.59488773,,,1.0,ok,,local,0.59488773,4.4565096
p01112_92v,dynamicbind_asd,11,0.594887,,,1.0,ok,,local,0.594887,4.456515
p01112_92v,dynamicbind_asd,12,0.5947827,,,1.0,ok,,local,0.5947827,4.2748976
p01112_92v,dynamicbind_asd,13,0.5932867,,,1.0,ok,,local,0.5932867,4.290859
p01112_92v,dynamicbind_asd,14,0.58499104,,,1.0,ok,,local,0.58499104,4.077741
p01112_92v,dynamicbind_asd,15,0.5835862,,,1.0,ok,,local,0.5835862,3.9614043
p01112_92v,dynamicbind_asd,16,0.5793683,,,1.0,ok,,local,0.5793683,4.3106146
p01112_92v,dynamicbind_asd,17,0.57656336,,,1.0,ok,,local,0.57656336,4.323179
p01112_92v,dynamicbind_asd,18,0.57306516,,,1.0,ok,,local,0.57306516,4.118906
p01112_92v,dynamicbind_asd,19,0.56788135,,,1.0,ok,,local,0.56788135,4.453249
p01112_92v,dynamicbind_asd,20,0.5678809,,,1.0,ok,,local,0.5678809,4.4532404
p01112_92v,dynamicbind_asd,21,0.5653468,,,1.0,ok,,local,0.5653468,4.2169037
p01112_92v,dynamicbind_asd,22,0.5588645,,,1.0,ok,,local,0.5588645,4.4609256
p01112_92v,dynamicbind_asd,23,0.5588639,,,1.0,ok,,local,0.5588639,4.460923
p01112_92v,dynamicbind_asd,24,0.5579466,,,1.0,ok,,local,0.5579466,4.404621
p01112_92v,dynamicbind_asd,25,0.5424122,,,1.0,ok,,local,0.5424122,3.784949
p01112_92v,dynamicbind_asd,26,0.54241204,,,1.0,ok,,local,0.54241204,3.7849462
p01112_92v,dynamicbind_asd,27,0.54039466,,,1.0,ok,,local,0.54039466,4.0833125
p01112_92v,dynamicbind_asd,28,0.54039437,,,1.0,ok,,local,0.54039437,4.0833054
p01112_92v,dynamicbind_asd,29,0.52928627,,,1.0,ok,,local,0.52928627,3.948923
p01112_92v,dynamicbind_asd,30,0.52599514,,,1.0,ok,,local,0.52599514,4.099934
p01112_92v,dynamicbind_asd,31,0.5248377,,,1.0,ok,,local,0.5248377,4.2393374
p01112_92v,dynamicbind_asd,32,0.5248344,,,1.0,ok,,local,0.5248344,4.239331
p01112_92v,dynamicbind_asd,33,0.5164045,,,1.0,ok,,local,0.5164045,4.3501825
p01112_92v,dynamicbind_asd,34,0.5164035,,,1.0,ok,,local,0.5164035,4.3501735
p01112_92v,dynamicbind_asd,35,0.5104542,,,1.0,ok,,local,0.5104542,4.0159063
p01112_92v,dynamicbind_asd,36,0.5104537,,,1.0,ok,,local,0.5104537,4.0159054
p01112_92v,dynamicbind_asd,37,0.50753284,,,1.0,ok,,local,0.50753284,4.175975
p01112_92v,dynamicbind_asd,38,0.5075328,,,1.0,ok,,local,0.5075328,4.1759763
p01112_92v,dynamicbind_asd,39,0.38674125,,,1.0,ok,,local,0.38674125,3.5840762
p01112_rsf,dynamicbind_asd,0,0.6912029,,,1.0,ok,,local,0.6912029,3.433807
p01112_rsf,dynamicbind_asd,1,0.6806363,,,1.0,ok,,local,0.6806363,3.2433715
p01112_rsf,dynamicbind_asd,2,0.6494667,,,1.0,ok,,local,0.6494667,3.293836
p01112_rsf,dynamicbind_asd,3,0.6375518,,,1.0,ok,,local,0.6375518,3.1335044
p01112_rsf,dynamicbind_asd,4,0.6366945,,,1.0,ok,,local,0.6366945,3.1713963
p01112_rsf,dynamicbind_asd,5,0.6291274,,,1.0,ok,,local,0.6291274,2.0214405
p01112_rsf,dynamicbind_asd,6,0.61311716,,,1.0,ok,,local,0.61311716,2.76925
p01112_rsf,dynamicbind_asd,7,0.6103648,,,1.0,ok,,local,0.6103648,2.7991776
p01112_rsf,dynamicbind_asd,8,0.60964113,,,1.0,ok,,local,0.60964113,3.036652
p01112_rsf,dynamicbind_asd,9,0.60918134,,,1.0,ok,,local,0.60918134,3.4654238
p01112_rsf,dynamicbind_asd,10,0.6088177,,,1.0,ok,,local,0.6088177,2.9012372
p01112_rsf,dynamicbind_asd,11,0.6086975,,,1.0,ok,,local,0.6086975,2.9937465
p01112_rsf,dynamicbind_asd,12,0.6078956,,,1.0,ok,,local,0.6078956,3.2079048
p01112_rsf,dynamicbind_asd,13,0.606475,,,1.0,ok,,local,0.606475,2.909217
p01112_rsf,dynamicbind_asd,14,0.6045417,,,1.0,ok,,local,0.6045417,2.9395115
p01112_rsf,dynamicbind_asd,15,0.60402274,,,1.0,ok,,local,0.60402274,1.9760894
p01112_rsf,dynamicbind_asd,16,0.59789634,,,1.0,ok,,local,0.59789634,3.1962378
p01112_rsf,dynamicbind_asd,17,0.58875513,,,1.0,ok,,local,0.58875513,2.8415592
p01112_rsf,dynamicbind_asd,18,0.58809376,,,1.0,ok,,local,0.58809376,2.8716664
p01112_rsf,dynamicbind_asd,19,0.5851089,,,1.0,ok,,local,0.5851089,2.8234718
p01112_rsf,dynamicbind_asd,20,0.58440584,,,1.0,ok,,local,0.58440584,2.8009064
p01112_rsf,dynamicbind_asd,21,0.581947,,,1.0,ok,,local,0.581947,3.1105423
p01112_rsf,dynamicbind_asd,22,0.5804845,,,1.0,ok,,local,0.5804845,3.3281012
p01112_rsf,dynamicbind_asd,23,0.57560843,,,1.0,ok,,local,0.57560843,3.2921255
p01112_rsf,dynamicbind_asd,24,0.55768603,,,1.0,ok,,local,0.55768603,2.1055214
p01112_rsf,dynamicbind_asd,25,0.55561876,,,1.0,ok,,local,0.55561876,2.6800494
p01112_rsf,dynamicbind_asd,26,0.5196979,,,1.0,ok,,local,0.5196979,3.3561103
p01112_rsf,dynamicbind_asd,27,0.49882683,,,1.0,ok,,local,0.49882683,2.7587054
p01112_rsf,dynamicbind_asd,28,0.48816627,,,1.0,ok,,local,0.48816627,3.2412004
p01112_rsf,dynamicbind_asd,29,0.4826538,,,1.0,ok,,local,0.4826538,2.6130238
p01112_ycn,dynamicbind_asd,0,0.7408591,4.607809543609619,0.3927364945411682,1.0,ok,,local,0.7408591,4.622082
p01112_ycn,dynamicbind_asd,1,0.73285466,17.9393367767334,0.009367681108415127,1.0,ok,,local,0.73285466,4.339115
p01112_ycn,dynamicbind_asd,2,0.69130516,5.03381872177124,0.45561593770980835,1.0,ok,,local,0.69130516,5.471035
p01112_ycn,dynamicbind_asd,3,0.6742249,17.318737030029297,0.013245033100247383,1.0,ok,,local,0.6742249,4.9991965
p01112_ycn,dynamicbind_asd,4,0.6673671,23.06450653076172,0.0,1.0,ok,,local,0.6673671,3.9040527
p01112_ycn,dynamicbind_asd,5,0.66328245,19.66314697265625,0.0007739937864243984,1.0,ok,,local,0.66328245,2.7720885
p01112_ycn,dynamicbind_asd,6,0.65076923,23.39652442932129,0.0,1.0,ok,,local,0.65076923,3.3993971
p01112_ycn,dynamicbind_asd,7,0.65032387,16.973169326782227,0.01246334332972765,1.0,ok,,local,0.65032387,6.6958284
p01112_ycn,dynamicbind_asd,8,0.6501842,20.035419464111328,0.0,1.0,ok,,local,0.6501842,2.9540431
p01112_ycn,dynamicbind_asd,9,0.64519566,23.127050399780273,0.0,1.0,ok,,local,0.64519566,5.263706
p01112_ycn,dynamicbind_asd,10,0.644709,21.60390853881836,0.0,1.0,ok,,local,0.644709,3.2555153
p01112_ycn,dynamicbind_asd,11,0.6418324,12.167366981506348,0.1705426424741745,1.0,ok,,local,0.6418324,4.317568
p01112_ycn,dynamicbind_asd,12,0.63908046,19.519737243652344,0.0030487803742289543,1.0,ok,,local,0.63908046,5.0080314
p01112_ycn,dynamicbind_asd,13,0.6353538,22.936452865600586,0.0,1.0,ok,,local,0.6353538,6.5999465
p01112_ycn,dynamicbind_asd,14,0.63417,19.52741813659668,0.0008833922329358757,1.0,ok,,local,0.63417,3.439158
p01112_ycn,dynamicbind_asd,15,0.6309196,20.042617797851562,0.0,1.0,ok,,local,0.6309196,6.772591
p01112_ycn,dynamicbind_asd,16,0.63082856,22.21759033203125,0.0,1.0,ok,,local,0.63082856,5.391323
p01112_ycn,dynamicbind_asd,17,0.6274336,12.665632247924805,0.1355140209197998,1.0,ok,,local,0.6274336,4.3070245
p01112_ycn,dynamicbind_asd,18,0.62714684,19.837154388427734,0.0011441647075116634,1.0,ok,,local,0.62714684,4.725848
p01112_ycn,dynamicbind_asd,19,0.62690735,20.092464447021484,0.0,1.0,ok,,local,0.62690735,3.364985
p01112_ycn,dynamicbind_asd,20,0.6257836,21.49467658996582,0.0,1.0,ok,,local,0.6257836,2.6885183
p01112_ycn,dynamicbind_asd,21,0.6230018,24.267393112182617,0.0,1.0,ok,,local,0.6230018,7.078161
p01112_ycn,dynamicbind_asd,22,0.6211983,31.727766036987305,0.0,1.0,ok,,local,0.6211983,3.9605665
p01112_ycn,dynamicbind_asd,23,0.62046754,21.78868865966797,0.0,1.0,ok,,local,0.62046754,6.0689445
p01112_ycn,dynamicbind_asd,24,0.62036467,11.377281188964844,0.2272135466337204,1.0,ok,,local,0.62036467,4.374087
p01112_ycn,dynamicbind_asd,25,0.6190936,12.391779899597168,0.2647601366043091,1.0,ok,,local,0.6190936,4.2840657
p01112_ycn,dynamicbind_asd,26,0.613649,23.06834602355957,0.0,1.0,ok,,local,0.613649,6.8389335
p01112_ycn,dynamicbind_asd,27,0.59870225,24.057209014892578,0.0,1.0,ok,,local,0.59870225,4.377061
p01112_ycn,dynamicbind_asd,28,0.584792,35.646297454833984,0.0,1.0,ok,,local,0.584792,4.896529
p01112_ycn,dynamicbind_asd,29,0.5520451,29.971725463867188,0.0,1.0,ok,,local,0.5520451,7.8560553
p01116_6ic,dynamicbind_asd,0,0.63409233,1.7212854623794556,0.6518917083740234,1.0,ok,,local,0.63409233,6.6491876
p01116_6ic,dynamicbind_asd,1,0.63365525,1.6889792680740356,0.6725037097930908,1.0,ok,,local,0.63365525,6.419622
p01116_6ic,dynamicbind_asd,2,0.63290495,1.7482281923294067,0.663440465927124,1.0,ok,,local,0.63290495,6.431904
p01116_6ic,dynamicbind_asd,3,0.62664104,1.9150903224945068,0.6605374813079834,1.0,ok,,local,0.62664104,6.5534215
p01116_6ic,dynamicbind_asd,4,0.62566084,1.7520782947540283,0.675285279750824,1.0,ok,,local,0.62566084,6.7255206
p01116_6ic,dynamicbind_asd,5,0.62184775,1.721824049949646,0.6619236469268799,1.0,ok,,local,0.62184775,6.9020114
p01116_6ic,dynamicbind_asd,6,0.62120175,2.4150545597076416,0.6983423233032227,1.0,ok,,local,0.62120175,6.8567486
p01116_6ic,dynamicbind_asd,7,0.6193838,1.8870553970336914,0.6666086316108704,1.0,ok,,local,0.6193838,6.4536257
p01116_6ic,dynamicbind_asd,8,0.6186297,2.2684903144836426,0.6617646813392639,1.0,ok,,local,0.6186297,6.604285
p01116_6ic,dynamicbind_asd,9,0.61297536,2.9116761684417725,0.49983692169189453,1.0,ok,,local,0.61297536,6.160938
p01116_6ic,dynamicbind_asd,10,0.612947,3.170456886291504,0.46421268582344055,1.0,ok,,local,0.612947,6.272468
p01116_6ic,dynamicbind_asd,11,0.6109307,2.2788593769073486,0.7376953363418579,1.0,ok,,local,0.6109307,6.798755
p01116_6ic,dynamicbind_asd,12,0.6050181,2.350238084793091,0.7156593203544617,1.0,ok,,local,0.6050181,7.056621
p01116_6ic,dynamicbind_asd,13,0.59867704,2.9718210697174072,0.4961538314819336,1.0,ok,,local,0.59867704,6.1419415
p01116_6ic,dynamicbind_asd,14,0.59773993,3.13519549369812,0.4694669246673584,1.0,ok,,local,0.59773993,6.191441
p01116_6ic,dynamicbind_asd,15,0.597414,2.4639251232147217,0.6703843474388123,1.0,ok,,local,0.597414,6.678743
p01116_6ic,dynamicbind_asd,16,0.59226006,5.157420635223389,0.4803953468799591,1.0,ok,,local,0.59226006,6.475051
p01116_6ic,dynamicbind_asd,17,0.590666,3.2076823711395264,0.45691415667533875,1.0,ok,,local,0.590666,6.591845
p01116_6ic,dynamicbind_asd,18,0.5875751,6.48158073425293,0.40323564410209656,1.0,ok,,local,0.5875751,6.562549
p01116_6ic,dynamicbind_asd,19,0.5754352,2.8416523933410645,0.5146048069000244,1.0,ok,,local,0.5754352,5.967864
p01116_6ic,dynamicbind_asd,20,0.5702996,7.070302486419678,0.4351464509963989,1.0,ok,,local,0.5702996,6.865078
p01116_6ic,dynamicbind_asd,21,0.567936,6.7916460037231445,0.4275362193584442,1.0,ok,,local,0.567936,6.511541
p01116_6ic,dynamicbind_asd,22,0.55643386,5.0167036056518555,0.47104430198669434,1.0,ok,,local,0.55643386,6.623408
p01116_6ic,dynamicbind_asd,23,0.54039603,4.362363815307617,0.42204931378364563,1.0,ok,,local,0.54039603,6.1354303
p01116_6ic,dynamicbind_asd,24,0.5399638,6.019286155700684,0.3100223243236542,1.0,ok,,local,0.5399638,6.1524897
p01116_6ic,dynamicbind_asd,25,0.5382058,7.1346564292907715,0.3814461827278137,1.0,ok,,local,0.5382058,6.4755936
p01116_6ic,dynamicbind_asd,26,0.5356018,6.747485637664795,0.3931210935115814,1.0,ok,,local,0.5356018,6.6748705
p01116_6ic,dynamicbind_asd,27,0.5336078,5.786355495452881,0.4132991433143616,1.0,ok,,local,0.5336078,6.385829
p01116_6ic,dynamicbind_asd,28,0.5280368,4.774674415588379,0.3680911660194397,1.0,ok,,local,0.5280368,6.9379725
p01116_6ic,dynamicbind_asd,29,0.51835823,5.976709365844727,0.31383928656578064,1.0,ok,,local,0.51835823,6.700897
p01116_7nl,dynamicbind_asd,0,0.6252379,,,1.0,ok,,local,0.6252379,5.625732
p01116_7nl,dynamicbind_asd,1,0.6240312,,,1.0,ok,,local,0.6240312,5.5984707
p01116_7nl,dynamicbind_asd,2,0.617576,,,1.0,ok,,local,0.617576,5.5921407
p01116_7nl,dynamicbind_asd,3,0.61732733,,,1.0,ok,,local,0.61732733,5.4623756
p01116_7nl,dynamicbind_asd,4,0.6152181,,,1.0,ok,,local,0.6152181,5.4495625
p01116_7nl,dynamicbind_asd,5,0.6149294,,,1.0,ok,,local,0.6149294,5.5731406
p01116_7nl,dynamicbind_asd,6,0.61329514,,,1.0,ok,,local,0.61329514,5.7664557
p01116_7nl,dynamicbind_asd,7,0.6123624,,,1.0,ok,,local,0.6123624,5.437881
p01116_7nl,dynamicbind_asd,8,0.6116412,,,1.0,ok,,local,0.6116412,5.8113565
p01116_7nl,dynamicbind_asd,9,0.6098402,,,1.0,ok,,local,0.6098402,5.7358255
p01116_7nl,dynamicbind_asd,10,0.6047897,,,1.0,ok,,local,0.6047897,5.652201
p01116_7nl,dynamicbind_asd,11,0.6007453,,,1.0,ok,,local,0.6007453,5.686254
p01116_7nl,dynamicbind_asd,12,0.6005057,,,1.0,ok,,local,0.6005057,5.6737227
p01116_7nl,dynamicbind_asd,13,0.5964301,,,1.0,ok,,local,0.5964301,5.7439027
p01116_7nl,dynamicbind_asd,14,0.59638745,,,1.0,ok,,local,0.59638745,5.897682
p01116_7nl,dynamicbind_asd,15,0.5947974,,,1.0,ok,,local,0.5947974,5.8636765
p01116_7nl,dynamicbind_asd,16,0.5909105,,,1.0,ok,,local,0.5909105,5.6459846
p01116_7nl,dynamicbind_asd,17,0.5879797,,,1.0,ok,,local,0.5879797,5.7333603
p01116_7nl,dynamicbind_asd,18,0.58746016,,,1.0,ok,,local,0.58746016,5.50553
p01116_7nl,dynamicbind_asd,19,0.58652556,,,1.0,ok,,local,0.58652556,5.8508935
p01116_7nl,dynamicbind_asd,20,0.5819393,,,1.0,ok,,local,0.5819393,5.686611
p01116_7nl,dynamicbind_asd,21,0.57787246,,,1.0,ok,,local,0.57787246,5.87291
p01116_7nl,dynamicbind_asd,22,0.576722,,,1.0,ok,,local,0.576722,5.630851
p01116_7nl,dynamicbind_asd,23,0.5749939,,,1.0,ok,,local,0.5749939,5.6597047
p01116_7nl,dynamicbind_asd,24,0.57094616,,,1.0,ok,,local,0.57094616,5.9591556
p01116_7nl,dynamicbind_asd,25,0.56765664,,,1.0,ok,,local,0.56765664,5.449566
p01116_7nl,dynamicbind_asd,26,0.55935913,,,1.0,ok,,local,0.55935913,6.221929
p01116_7nl,dynamicbind_asd,27,0.55769825,,,1.0,ok,,local,0.55769825,5.872027
p01116_7nl,dynamicbind_asd,28,0.5324001,,,1.0,ok,,local,0.5324001,5.7536526
p01116_7nl,dynamicbind_asd,29,0.52960354,,,1.0,ok,,local,0.52960354,5.947698
p01116_7nz,dynamicbind_asd,0,0.63104105,,,1.0,ok,,local,0.63104105,5.646141
p01116_7nz,dynamicbind_asd,1,0.6271712,,,1.0,ok,,local,0.6271712,5.469731
p01116_7nz,dynamicbind_asd,2,0.62633616,,,1.0,ok,,local,0.62633616,5.609183
p01116_7nz,dynamicbind_asd,3,0.6259509,,,1.0,ok,,local,0.6259509,5.590934
p01116_7nz,dynamicbind_asd,4,0.62096953,,,1.0,ok,,local,0.62096953,5.4484124
p01116_7nz,dynamicbind_asd,5,0.62032986,,,1.0,ok,,local,0.62032986,5.6169195
p01116_7nz,dynamicbind_asd,6,0.619173,,,1.0,ok,,local,0.619173,5.3997836
p01116_7nz,dynamicbind_asd,7,0.616887,,,1.0,ok,,local,0.616887,5.594335
p01116_7nz,dynamicbind_asd,8,0.61469,,,1.0,ok,,local,0.61469,5.767417
p01116_7nz,dynamicbind_asd,9,0.61071754,,,1.0,ok,,local,0.61071754,5.4625587
p01116_7nz,dynamicbind_asd,10,0.61043584,,,1.0,ok,,local,0.61043584,5.56025
p01116_7nz,dynamicbind_asd,11,0.6101493,,,1.0,ok,,local,0.6101493,5.4787445
p01116_7nz,dynamicbind_asd,12,0.60719305,,,1.0,ok,,local,0.60719305,5.7528663
p01116_7nz,dynamicbind_asd,13,0.6006984,,,1.0,ok,,local,0.6006984,5.725414
p01116_7nz,dynamicbind_asd,14,0.6002931,,,1.0,ok,,local,0.6002931,5.6585197
p01116_7nz,dynamicbind_asd,15,0.5951868,,,1.0,ok,,local,0.5951868,5.6553583
p01116_7nz,dynamicbind_asd,16,0.5920128,,,1.0,ok,,local,0.5920128,5.867083
p01116_7nz,dynamicbind_asd,17,0.5874334,,,1.0,ok,,local,0.5874334,5.6277924
p01116_7nz,dynamicbind_asd,18,0.58160084,,,1.0,ok,,local,0.58160084,5.5261974
p01116_7nz,dynamicbind_asd,19,0.57828885,,,1.0,ok,,local,0.57828885,5.5698657
p01116_7nz,dynamicbind_asd,20,0.5780044,,,1.0,ok,,local,0.5780044,5.5000176
p01116_7nz,dynamicbind_asd,21,0.5756507,,,1.0,ok,,local,0.5756507,5.629888
p01116_7nz,dynamicbind_asd,22,0.5745929,,,1.0,ok,,local,0.5745929,5.7986045
p01116_7nz,dynamicbind_asd,23,0.5727703,,,1.0,ok,,local,0.5727703,5.8429313
p01116_7nz,dynamicbind_asd,24,0.568115,,,1.0,ok,,local,0.568115,5.6305275
p01116_7nz,dynamicbind_asd,25,0.56200784,,,1.0,ok,,local,0.56200784,5.593442
p01116_7nz,dynamicbind_asd,26,0.55856335,,,1.0,ok,,local,0.55856335,5.864519
p01116_7nz,dynamicbind_asd,27,0.55499965,,,1.0,ok,,local,0.55499965,5.713493
p01116_7nz,dynamicbind_asd,28,0.5330894,,,1.0,ok,,local,0.5330894,5.7499323
p01116_7nz,dynamicbind_asd,29,0.49103194,,,1.0,ok,,local,0.49103194,5.8389254
p01584_k0g,dynamicbind_asd,0,0.7057351,21.899751663208008,0.0,1.0,ok,,local,0.7057351,3.4086354
p01584_k0g,dynamicbind_asd,1,0.70237815,19.261404037475586,0.0,1.0,ok,,local,0.70237815,2.7793326
p01584_k0g,dynamicbind_asd,2,0.70108235,21.947006225585938,0.0,1.0,ok,,local,0.70108235,3.5133574
p01584_k0g,dynamicbind_asd,3,0.69051045,22.431665420532227,0.0,1.0,ok,,local,0.69051045,3.1580305
p01584_k0g,dynamicbind_asd,4,0.6874323,21.92766761779785,0.0,1.0,ok,,local,0.6874323,3.1007493
p01584_k0g,dynamicbind_asd,5,0.68355566,22.749069213867188,0.0,1.0,ok,,local,0.68355566,3.5000947
p01584_k0g,dynamicbind_asd,6,0.67936367,22.50261116027832,0.0,1.0,ok,,local,0.67936367,3.256481
p01584_k0g,dynamicbind_asd,7,0.6607899,22.504837036132812,0.0,1.0,ok,,local,0.6607899,3.2455456
p01584_k0g,dynamicbind_asd,8,0.6567438,20.81881332397461,0.0,1.0,ok,,local,0.6567438,3.0668287
p01584_k0g,dynamicbind_asd,9,0.65405387,23.05878448486328,0.0,1.0,ok,,local,0.65405387,3.5306818
p01584_k0g,dynamicbind_asd,10,0.6503827,22.35984230041504,0.0,1.0,ok,,local,0.6503827,3.1486554
p01584_k0g,dynamicbind_asd,11,0.64612097,24.62065887451172,0.0,1.0,ok,,local,0.64612097,3.0435817
p01584_k0g,dynamicbind_asd,12,0.63623565,24.4609317779541,0.0,1.0,ok,,local,0.63623565,3.1289005
p01584_k0g,dynamicbind_asd,13,0.62936467,24.120649337768555,0.0,1.0,ok,,local,0.62936467,3.172215
p01584_k0g,dynamicbind_asd,14,0.6283273,24.36311149597168,0.0,1.0,ok,,local,0.6283273,3.0811343
p01584_k0g,dynamicbind_asd,15,0.6170774,24.519254684448242,0.0,1.0,ok,,local,0.6170774,3.2883272
p01584_k0g,dynamicbind_asd,16,0.6114203,23.803295135498047,0.0,1.0,ok,,local,0.6114203,3.1895988
p01584_k0g,dynamicbind_asd,17,0.61101776,24.295101165771484,0.0,1.0,ok,,local,0.61101776,3.2028213
p01584_k0g,dynamicbind_asd,18,0.61101776,24.369882583618164,0.0,1.0,ok,,local,0.61101776,3.2728243
p01584_k0g,dynamicbind_asd,19,0.6085783,24.185136795043945,0.0,1.0,ok,,local,0.6085783,3.152441
p01584_k0g,dynamicbind_asd,20,0.60749763,23.706256866455078,0.0,1.0,ok,,local,0.60749763,3.1376655
p01584_k0g,dynamicbind_asd,21,0.60433924,25.125070571899414,0.0,1.0,ok,,local,0.60433924,2.927553
p01584_k0g,dynamicbind_asd,22,0.600477,24.093524932861328,0.0,1.0,ok,,local,0.600477,3.2403822
p01584_k0g,dynamicbind_asd,23,0.5992401,19.185224533081055,0.0,1.0,ok,,local,0.5992401,3.0147884
p01584_k0g,dynamicbind_asd,24,0.5980731,23.642925262451172,0.0,1.0,ok,,local,0.5980731,3.1050746
p01584_k0g,dynamicbind_asd,25,0.5897517,20.364334106445312,0.0,1.0,ok,,local,0.5897517,2.9616535
p01584_k0g,dynamicbind_asd,26,0.5877365,23.109352111816406,0.0,1.0,ok,,local,0.5877365,3.1053352
p01584_k0g,dynamicbind_asd,27,0.58528894,23.641983032226562,0.0,1.0,ok,,local,0.58528894,3.2179506
p01584_k0g,dynamicbind_asd,28,0.57219875,21.783802032470703,0.0,1.0,ok,,local,0.57219875,3.0386567
p01584_k0g,dynamicbind_asd,29,0.522675,21.170866012573242,0.0,1.0,ok,,local,0.522675,3.1126912
p01584_k34,dynamicbind_asd,0,0.74569494,,,1.0,ok,,local,0.74569494,3.5464063
p01584_k34,dynamicbind_asd,1,0.72554237,,,1.0,ok,,local,0.72554237,3.6357973
p01584_k34,dynamicbind_asd,2,0.71489245,,,1.0,ok,,local,0.71489245,3.427595
p01584_k34,dynamicbind_asd,3,0.6276174,,,1.0,ok,,local,0.6276174,2.7032702
p01584_k34,dynamicbind_asd,4,0.6249988,,,1.0,ok,,local,0.6249988,2.9276252
p01584_k34,dynamicbind_asd,5,0.624312,,,1.0,ok,,local,0.624312,2.732507
p01584_k34,dynamicbind_asd,6,0.62303233,,,1.0,ok,,local,0.62303233,2.7386374
p01584_k34,dynamicbind_asd,7,0.6222775,,,1.0,ok,,local,0.6222775,2.7732275
p01584_k34,dynamicbind_asd,8,0.6210805,,,1.0,ok,,local,0.6210805,2.7581894
p01584_k34,dynamicbind_asd,9,0.6190707,,,1.0,ok,,local,0.6190707,2.7826347
p01584_k34,dynamicbind_asd,10,0.6163769,,,1.0,ok,,local,0.6163769,2.6352506
p01584_k34,dynamicbind_asd,11,0.61559695,,,1.0,ok,,local,0.61559695,2.648591
p01584_k34,dynamicbind_asd,12,0.61491287,,,1.0,ok,,local,0.61491287,2.6856284
p01584_k34,dynamicbind_asd,13,0.6131125,,,1.0,ok,,local,0.6131125,2.7163126
p01584_k34,dynamicbind_asd,14,0.6118592,,,1.0,ok,,local,0.6118592,2.7959907
p01584_k34,dynamicbind_asd,15,0.6107137,,,1.0,ok,,local,0.6107137,2.6553636
p01584_k34,dynamicbind_asd,16,0.6076564,,,1.0,ok,,local,0.6076564,2.6560402
p01584_k34,dynamicbind_asd,17,0.6075461,,,1.0,ok,,local,0.6075461,2.7017462
p01584_k34,dynamicbind_asd,18,0.60659987,,,1.0,ok,,local,0.60659987,2.7488894
p01584_k34,dynamicbind_asd,19,0.6046798,,,1.0,ok,,local,0.6046798,2.787249
p01584_k34,dynamicbind_asd,20,0.6005073,,,1.0,ok,,local,0.6005073,2.692624
p01584_k34,dynamicbind_asd,21,0.6000331,,,1.0,ok,,local,0.6000331,2.8367434
p01584_k34,dynamicbind_asd,22,0.59450006,,,1.0,ok,,local,0.59450006,2.9520862
p01584_k34,dynamicbind_asd,23,0.593454,,,1.0,ok,,local,0.593454,2.7382472
p01584_k34,dynamicbind_asd,24,0.5933442,,,1.0,ok,,local,0.5933442,2.901778
p01584_k34,dynamicbind_asd,25,0.5923536,,,1.0,ok,,local,0.5923536,2.9162261
p01584_k34,dynamicbind_asd,26,0.5862813,,,1.0,ok,,local,0.5862813,2.7819307
p01584_k34,dynamicbind_asd,27,0.5805175,,,1.0,ok,,local,0.5805175,2.8947337
p01584_k34,dynamicbind_asd,28,0.57294047,,,1.0,ok,,local,0.57294047,2.9157948
p01584_k34,dynamicbind_asd,29,0.44608125,,,1.0,ok,,local,0.44608125,2.3956141
p01584_sx2,dynamicbind_asd,0,0.70539594,,,1.0,ok,,local,0.70539594,3.5912488
p01584_sx2,dynamicbind_asd,1,0.7032643,,,1.0,ok,,local,0.7032643,3.7336984
p01584_sx2,dynamicbind_asd,2,0.7011046,,,1.0,ok,,local,0.7011046,3.4801877
p01584_sx2,dynamicbind_asd,3,0.7008135,,,1.0,ok,,local,0.7008135,3.5608478
p01584_sx2,dynamicbind_asd,4,0.70046884,,,1.0,ok,,local,0.70046884,3.7138488
p01584_sx2,dynamicbind_asd,5,0.6984723,,,1.0,ok,,local,0.6984723,3.5488198
p01584_sx2,dynamicbind_asd,6,0.69754875,,,1.0,ok,,local,0.69754875,3.5251365
p01584_sx2,dynamicbind_asd,7,0.696721,,,1.0,ok,,local,0.696721,3.4215703
p01584_sx2,dynamicbind_asd,8,0.6950519,,,1.0,ok,,local,0.6950519,3.3871357
p01584_sx2,dynamicbind_asd,9,0.69422156,,,1.0,ok,,local,0.69422156,3.5109174
p01584_sx2,dynamicbind_asd,10,0.6921768,,,1.0,ok,,local,0.6921768,3.6994781
p01584_sx2,dynamicbind_asd,11,0.6871047,,,1.0,ok,,local,0.6871047,3.488955
p01584_sx2,dynamicbind_asd,12,0.68358546,,,1.0,ok,,local,0.68358546,3.7115567
p01584_sx2,dynamicbind_asd,13,0.68309295,,,1.0,ok,,local,0.68309295,3.7536697
p01584_sx2,dynamicbind_asd,14,0.68132794,,,1.0,ok,,local,0.68132794,3.5671182
p01584_sx2,dynamicbind_asd,15,0.67361724,,,1.0,ok,,local,0.67361724,3.3373563
p01584_sx2,dynamicbind_asd,16,0.67301077,,,1.0,ok,,local,0.67301077,3.568017
p01584_sx2,dynamicbind_asd,17,0.66951424,,,1.0,ok,,local,0.66951424,3.331522
p01584_sx2,dynamicbind_asd,18,0.6637659,,,1.0,ok,,local,0.6637659,3.4514575
p01584_sx2,dynamicbind_asd,19,0.66373855,,,1.0,ok,,local,0.66373855,3.663924
p01584_sx2,dynamicbind_asd,20,0.6590164,,,1.0,ok,,local,0.6590164,3.585328
p01584_sx2,dynamicbind_asd,21,0.6589638,,,1.0,ok,,local,0.6589638,3.503506
p01584_sx2,dynamicbind_asd,22,0.658627,,,1.0,ok,,local,0.658627,3.601575
p01584_sx2,dynamicbind_asd,23,0.65671426,,,1.0,ok,,local,0.65671426,3.5154507
p01584_sx2,dynamicbind_asd,24,0.6525864,,,1.0,ok,,local,0.6525864,3.469519
p01584_sx2,dynamicbind_asd,25,0.6461573,,,1.0,ok,,local,0.6461573,3.4789753
p01584_sx2,dynamicbind_asd,26,0.6406222,,,1.0,ok,,local,0.6406222,3.2817035
p01584_sx2,dynamicbind_asd,27,0.63858885,,,1.0,ok,,local,0.63858885,3.2645905
p01584_sx2,dynamicbind_asd,28,0.5759969,,,1.0,ok,,local,0.5759969,2.8893023
p01584_sx2,dynamicbind_asd,29,0.50498706,,,1.0,ok,,local,0.50498706,4.2978344
p02699_bgl,dynamicbind_asd,0,0.5603677,,,0.06979068054657996,ok,,local,0.5603677,3.0872009
p02699_bgl,dynamicbind_asd,1,0.5586902,,,0.06963856731871146,ok,,local,0.5586902,3.2363925
p02699_bgl,dynamicbind_asd,2,0.54256904,,,0.06711141828125118,ok,,local,0.54256904,5.208167
p02699_bgl,dynamicbind_asd,3,0.5402235,,,0.0689945906288839,ok,,local,0.5402235,3.1768003
p02699_bgl,dynamicbind_asd,4,0.52905405,,,0.9411483132526628,ok,,local,0.52905405,2.9535484
p02699_bgl,dynamicbind_asd,5,0.525135,,,0.0669758937550179,ok,,local,0.525135,4.9121647
p02699_bgl,dynamicbind_asd,6,0.524203,,,0.06995847867868826,ok,,local,0.524203,2.9222982
p02699_bgl,dynamicbind_asd,7,0.5231296,,,0.06904983629445105,ok,,local,0.5231296,2.9451807
p02699_bgl,dynamicbind_asd,8,0.5132343,,,0.0696755391796049,ok,,local,0.5132343,3.1830182
p02699_bgl,dynamicbind_asd,9,0.4815681,,,0.06888230696268938,ok,,local,0.4815681,3.486753
p02699_bgl,dynamicbind_asd,10,0.48081148,,,0.9372311319043086,ok,,local,0.48081148,4.346979
p02699_bgl,dynamicbind_asd,11,0.48080784,,,0.9187241316582438,ok,,local,0.48080784,4.368572
p02699_bgl,dynamicbind_asd,12,0.47912884,,,0.9354902434559567,ok,,local,0.47912884,4.61153
p02699_bgl,dynamicbind_asd,13,0.47167033,,,0.06902770513941067,ok,,local,0.47167033,5.994272
p02699_bgl,dynamicbind_asd,14,0.46833575,,,0.9213830080856337,ok,,local,0.46833575,4.3619747
p02699_bgl,dynamicbind_asd,15,0.45782173,,,0.9430414161407512,ok,,local,0.45782173,3.0249548
p02699_bgl,dynamicbind_asd,16,0.45771706,,,0.9373544725399336,ok,,local,0.45771706,2.8762195
p02699_bgl,dynamicbind_asd,17,0.44444826,,,0.922194772836485,ok,,local,0.44444826,3.511431
p02699_bgl,dynamicbind_asd,18,0.44176647,,,0.9189016984087539,ok,,local,0.44176647,3.7371943
p02699_bgl,dynamicbind_asd,19,0.43410736,,,0.9105021198195338,ok,,local,0.43410736,4.266792
p02699_bgl,dynamicbind_asd,20,0.4312525,,,0.9398431968312179,ok,,local,0.4312525,3.369073
p02699_bgl,dynamicbind_asd,21,0.4210637,,,0.9540716414933735,ok,,local,0.4210637,3.8128994
p02699_bgl,dynamicbind_asd,22,0.41484684,,,0.9241137711088492,ok,,local,0.41484684,2.5843978
p02699_bgl,dynamicbind_asd,23,0.41269326,,,0.9238022694520578,ok,,local,0.41269326,2.9148114
p02699_bgl,dynamicbind_asd,24,0.41242936,,,0.9094036296944639,ok,,local,0.41242936,3.5162063
p02699_bgl,dynamicbind_asd,25,0.39081892,,,0.9237659446801753,ok,,local,0.39081892,3.278791
p02699_bgl,dynamicbind_asd,26,0.38767615,,,0.9185104697298391,ok,,local,0.38767615,4.293569
p02699_bgl,dynamicbind_asd,27,0.38574263,,,0.9084825623668586,ok,,local,0.38574263,6.1252847
p02699_bgl,dynamicbind_asd,28,0.37961122,,,0.9380586077995248,ok,,local,0.37961122,3.19911
p02699_bgl,dynamicbind_asd,29,0.35301602,,,0.931805796366354,ok,,local,0.35301602,4.0746217
p02699_bng,dynamicbind_asd,0,0.5441985,,,0.9109702218812469,ok,,local,0.5441985,4.8057766
p02699_bng,dynamicbind_asd,1,0.54039276,,,0.06763663031167916,ok,,local,0.54039276,5.257984
p02699_bng,dynamicbind_asd,2,0.5334353,,,0.06825907600327757,ok,,local,0.5334353,3.4058907
p02699_bng,dynamicbind_asd,3,0.51473224,,,0.06708204487952481,ok,,local,0.51473224,5.615198
p02699_bng,dynamicbind_asd,4,0.513812,,,0.06742513618746429,ok,,local,0.513812,5.049148
p02699_bng,dynamicbind_asd,5,0.510628,,,0.07008895723136102,ok,,local,0.510628,3.3394458
p02699_bng,dynamicbind_asd,6,0.5079408,,,0.06923490734897338,ok,,local,0.5079408,3.7603755
p02699_bng,dynamicbind_asd,7,0.5054538,,,0.9355139623610106,ok,,local,0.5054538,4.188886
p02699_bng,dynamicbind_asd,8,0.5054531,,,0.9362981724632585,ok,,local,0.5054531,4.1888857
p02699_bng,dynamicbind_asd,9,0.50174195,,,0.06965867933393444,ok,,local,0.50174195,3.5783837
p02699_bng,dynamicbind_asd,10,0.48814654,,,0.06857912341385593,ok,,local,0.48814654,3.3005402
p02699_bng,dynamicbind_asd,11,0.48277178,,,0.9321693981781171,ok,,local,0.48277178,4.568711
p02699_bng,dynamicbind_asd,12,0.48277164,,,0.9284011611892304,ok,,local,0.48277164,4.5687084
p02699_bng,dynamicbind_asd,13,0.47768793,,,0.9112305700455671,ok,,local,0.47768793,3.7154572
p02699_bng,dynamicbind_asd,14,0.4704712,,,0.9046419084031023,ok,,local,0.4704712,3.3944538
p02699_bng,dynamicbind_asd,15,0.4702648,,,0.9075847642492997,ok,,local,0.4702648,4.5510583
p02699_bng,dynamicbind_asd,16,0.47006217,,,0.9133812691583686,ok,,local,0.47006217,3.6921654
p02699_bng,dynamicbind_asd,17,0.46627143,,,0.941099126887349,ok,,local,0.46627143,3.1787183
p02699_bng,dynamicbind_asd,18,0.46627107,,,0.9409699748262286,ok,,local,0.46627107,3.1787176
p02699_bng,dynamicbind_asd,19,0.4610611,,,0.9109488581809004,ok,,local,0.4610611,4.624052
p02699_bng,dynamicbind_asd,20,0.45587656,,,0.06551817460827096,ok,,local,0.45587656,3.8249052
p02699_bng,dynamicbind_asd,21,0.44673502,,,0.9237701256191472,ok,,local,0.44673502,3.623677
p02699_bng,dynamicbind_asd,22,0.4457874,,,0.8998380951792104,ok,,local,0.4457874,4.531304
p02699_bng,dynamicbind_asd,23,0.4449973,,,0.9375319842049212,ok,,local,0.4449973,3.5381587
p02699_bng,dynamicbind_asd,24,0.44468278,,,0.9385088663757214,ok,,local,0.44468278,3.5378184
p02699_bng,dynamicbind_asd,25,0.4426023,,,0.9237803886863871,ok,,local,0.4426023,4.6376486
p02699_bng,dynamicbind_asd,26,0.42663994,,,0.9237510572411578,ok,,local,0.42663994,3.0072606
p02699_bng,dynamicbind_asd,27,0.42640987,,,0.9232266523812456,ok,,local,0.42640987,2.9924188
p02699_bng,dynamicbind_asd,28,0.4227389,,,0.9251984508059596,ok,,local,0.4227389,3.7984028
p02699_bng,dynamicbind_asd,29,0.41324154,,,0.9369646696101007,ok,,local,0.41324154,2.54744
p02699_bng,dynamicbind_asd,30,0.41324046,,,0.9390502655583725,ok,,local,0.41324046,2.5474417
p02699_bng,dynamicbind_asd,31,0.41084176,,,0.9243556059064719,ok,,local,0.41084176,4.5188746
p02699_bng,dynamicbind_asd,32,0.4108358,,,0.9239630917099714,ok,,local,0.4108358,4.5188193
p02699_bng,dynamicbind_asd,33,0.4078139,,,0.0686631626546627,ok,,local,0.4078139,5.7430234
p02699_bng,dynamicbind_asd,34,0.40261018,,,0.9161168316876306,ok,,local,0.40261018,4.5378
p02699_bng,dynamicbind_asd,35,0.39992997,,,0.9369556526201437,ok,,local,0.39992997,2.8554003
p02699_bng,dynamicbind_asd,36,0.3999297,,,0.9388134730523027,ok,,local,0.3999297,2.855405
p02699_bng,dynamicbind_asd,37,0.39128682,,,0.9437646331910601,ok,,local,0.39128682,3.849396
p02699_bng,dynamicbind_asd,38,0.39128488,,,0.938275809978895,ok,,local,0.39128488,3.8492966
p02699_bng,dynamicbind_asd,39,0.38736138,,,0.9126341803079836,ok,,local,0.38736138,4.5366545
p02699_bng,dynamicbind_asd,40,0.3867672,,,0.9074026325631674,ok,,local,0.3867672,3.5515924
p02699_bng,dynamicbind_asd,41,0.38635102,,,0.9467237245898169,ok,,local,0.38635102,5.2146482
p02699_bng,dynamicbind_asd,42,0.3823768,,,0.9513152798515935,ok,,local,0.3823768,5.044997
p02699_bng,dynamicbind_asd,43,0.38237667,,,0.9507712019319953,ok,,local,0.38237667,5.044993
p02699_bng,dynamicbind_asd,44,0.37062782,,,0.9051777477624108,ok,,local,0.37062782,3.7767048
p02699_bng,dynamicbind_asd,45,0.36444715,,,0.8624220139111625,ok,,local,0.36444715,2.8778028
p02699_bng,dynamicbind_asd,46,0.35788587,,,0.9402916897905366,ok,,local,0.35788587,3.218885
p02699_bng,dynamicbind_asd,47,0.35780823,,,0.9415709414581952,ok,,local,0.35780823,3.2189174
p02699_bng,dynamicbind_asd,48,0.3355403,,,0.8866305774791554,ok,,local,0.3355403,4.874983
p02699_htg,dynamicbind_asd,0,0.5252288,16.404125213623047,0.022532189264893532,0.9017147409843691,ok,,local,0.5252288,4.7481775
p02699_htg,dynamicbind_asd,1,0.52179575,3.0940561294555664,0.6517857313156128,0.07003237995241217,ok,,local,0.52179575,3.5226455
p02699_htg,dynamicbind_asd,2,0.5190564,24.488052368164062,0.02188715897500515,0.06793994399846412,ok,,local,0.5190564,5.519329
p02699_htg,dynamicbind_asd,3,0.51749045,1.9520976543426514,0.7524350881576538,0.06988424015334321,ok,,local,0.51749045,3.6048768
p02699_htg,dynamicbind_asd,4,0.5162676,27.556650161743164,0.003565062303096056,0.06690964464966519,ok,,local,0.5162676,5.105452
p02699_htg,dynamicbind_asd,5,0.5111375,2.730257749557495,0.6297935247421265,0.07021236262151742,ok,,local,0.5111375,3.5783954
p02699_htg,dynamicbind_asd,6,0.5067382,4.092386245727539,0.5414243936538696,0.0688002231782731,ok,,local,0.5067382,3.821787
p02699_htg,dynamicbind_asd,7,0.4952665,3.595349073410034,0.574999988079071,0.06990836007564183,ok,,local,0.4952665,3.5727487
p02699_htg,dynamicbind_asd,8,0.49416795,16.145166397094727,0.014170040376484394,0.9109381998276114,ok,,local,0.49416795,4.0826683
p02699_htg,dynamicbind_asd,9,0.49250337,17.60808753967285,0.00532994931563735,0.9370227235102051,ok,,local,0.49250337,4.6917415
p02699_htg,dynamicbind_asd,10,0.49250314,17.625469207763672,0.005070994142442942,0.93647229326216,ok,,local,0.49250314,4.691751
p02699_htg,dynamicbind_asd,11,0.49171823,15.738546371459961,0.01589912362396717,0.9408806808390422,ok,,local,0.49171823,4.4305153
p02699_htg,dynamicbind_asd,12,0.4917176,15.73276138305664,0.01666666753590107,0.9392202119356324,ok,,local,0.4917176,4.4305186
p02699_htg,dynamicbind_asd,13,0.47926918,13.699789047241211,0.016540130600333214,0.9000097411208822,ok,,local,0.47926918,4.508419
p02699_htg,dynamicbind_asd,14,0.47635794,15.579168319702148,0.012500000186264515,0.9196081058794962,ok,,local,0.47635794,4.654938
p02699_htg,dynamicbind_asd,15,0.47635788,15.569687843322754,0.012946979142725468,0.9190630546143865,ok,,local,0.47635788,4.6549296
p02699_htg,dynamicbind_asd,16,0.46677056,13.441239356994629,0.02946127951145172,0.9151422681653887,ok,,local,0.46677056,4.802382
p02699_htg,dynamicbind_asd,17,0.46676952,13.488262176513672,0.032258063554763794,0.9127617540331049,ok,,local,0.46676952,4.8023744
p02699_htg,dynamicbind_asd,18,0.46377867,17.158187866210938,0.0013210040051490068,0.9364630873722355,ok,,local,0.46377867,4.7049193
p02699_htg,dynamicbind_asd,19,0.46377861,17.18632698059082,0.0013175230706110597,0.9357240321349295,ok,,local,0.46377861,4.705166
p02699_htg,dynamicbind_asd,20,0.45479697,14.498699188232422,0.017514124512672424,0.9139998463615852,ok,,local,0.45479697,4.7454166
p02699_htg,dynamicbind_asd,21,0.45479685,14.485879898071289,0.01678043231368065,0.9135473632195904,ok,,local,0.45479685,4.745405
p02699_htg,dynamicbind_asd,22,0.44891006,13.73460865020752,0.04418221861124039,0.916781937180373,ok,,local,0.44891006,3.808436
p02699_htg,dynamicbind_asd,23,0.4482073,13.738341331481934,0.016883885487914085,0.8949137345096629,ok,,local,0.4482073,5.0318236
p02699_htg,dynamicbind_asd,24,0.4446225,3.6125588417053223,0.5280236005783081,0.9392109021175794,ok,,local,0.4446225,3.5292742
p02699_htg,dynamicbind_asd,25,0.44462225,3.602051019668579,0.5249999761581421,0.9376094330617943,ok,,local,0.44462225,3.5292773
p02699_htg,dynamicbind_asd,26,0.44354516,16.317222595214844,0.00538160465657711,0.9376846679702542,ok,,local,0.44354516,3.1146934
p02699_htg,dynamicbind_asd,27,0.4435442,16.33864974975586,0.00538160465657711,0.935416340880445,ok,,local,0.4435442,3.1146874
p02699_htg,dynamicbind_asd,28,0.4379943,6.744903564453125,0.2989749312400818,0.9182236008852891,ok,,local,0.4379943,3.6914966
p02699_htg,dynamicbind_asd,29,0.43799368,6.767316818237305,0.29886364936828613,0.9071684261702561,ok,,local,0.43799368,3.6915
p02699_htg,dynamicbind_asd,30,0.43717134,14.849874496459961,0.009767687879502773,0.913635658902283,ok,,local,0.43717134,3.8018608
p02699_htg,dynamicbind_asd,31,0.43668514,23.598604202270508,0.01560178305953741,0.06911550166514166,ok,,local,0.43668514,5.4642897
p02699_htg,dynamicbind_asd,32,0.43475974,16.08489990234375,0.002659574383869767,0.9315129846715768,ok,,local,0.43475974,4.7048235
p02699_htg,dynamicbind_asd,33,0.4347595,16.10355567932129,0.0026455025654286146,0.9324075914247877,ok,,local,0.4347595,4.704813
p02699_htg,dynamicbind_asd,34,0.43031126,25.996261596679688,0.012247839011251926,0.06779120008310018,ok,,local,0.43031126,5.710645
p02699_htg,dynamicbind_asd,35,0.43011454,2.415987253189087,0.6577134728431702,0.9259478403089371,ok,,local,0.43011454,3.084259
p02699_htg,dynamicbind_asd,36,0.43011373,2.4006667137145996,0.6537940502166748,0.930243599350818,ok,,local,0.43011373,3.08425
p02699_htg,dynamicbind_asd,37,0.42795083,6.980248928070068,0.16333332657814026,0.9461976136123101,ok,,local,0.42795083,4.435782
p02699_htg,dynamicbind_asd,38,0.42794937,6.989570140838623,0.16492395102977753,0.9478474997930597,ok,,local,0.42794937,4.4357734
p02699_htg,dynamicbind_asd,39,0.42299378,15.86097526550293,0.008479899726808071,0.9336992056548817,ok,,local,0.42299378,4.6467338
p02699_htg,dynamicbind_asd,40,0.4229925,15.85894775390625,0.008576874621212482,0.9288318312235639,ok,,local,0.4229925,4.6467223
p02699_htg,dynamicbind_asd,41,0.41914093,2.595444917678833,0.6394878625869751,0.909490981896644,ok,,local,0.41914093,2.9184372
p02699_htg,dynamicbind_asd,42,0.41680777,4.256208419799805,0.30460289120674133,0.918270785775454,ok,,local,0.41680777,5.4824257
p02699_htg,dynamicbind_asd,43,0.41595098,15.195877075195312,0.009854772128164768,0.9262748526635383,ok,,local,0.41595098,2.9999495
p02699_htg,dynamicbind_asd,44,0.41595083,15.19282054901123,0.009875260293483734,0.9243250627383115,ok,,local,0.41595083,2.9999354
p02699_htg,dynamicbind_asd,45,0.40993023,7.221441268920898,0.2794784605503082,0.8943279400915813,ok,,local,0.40993023,3.5878618
p02699_htg,dynamicbind_asd,46,0.40569875,15.437971115112305,0.01197916641831398,0.9386127444976212,ok,,local,0.40569875,2.9074986
p02699_htg,dynamicbind_asd,47,0.40569785,15.403206825256348,0.011929460801184177,0.9331582096252385,ok,,local,0.40569785,2.9075003
p02699_htg,dynamicbind_asd,48,0.40147963,13.39720344543457,0.05849168822169304,0.9251456207811538,ok,,local,0.40147963,3.2134407
p02699_htg,dynamicbind_asd,49,0.40147918,13.397961616516113,0.05906921252608299,0.9239783072028681,ok,,local,0.40147918,3.2134507
p02699_htg,dynamicbind_asd,50,0.40105534,15.946274757385254,0.008298755623400211,0.9363181810936426,ok,,local,0.40105534,2.8857188
p02699_htg,dynamicbind_asd,51,0.4010548,15.931753158569336,0.008298755623400211,0.9342117450268214,ok,,local,0.4010548,2.8857012
p02699_htg,dynamicbind_asd,52,0.3972937,15.519429206848145,0.005996310152113438,0.9374433113624572,ok,,local,0.3972937,3.362619
p02699_htg,dynamicbind_asd,53,0.39728862,15.473999977111816,0.0059090908616781235,0.9354948047021335,ok,,local,0.39728862,3.362653
p02699_htg,dynamicbind_asd,54,0.39712173,17.942686080932617,0.022727273404598236,0.9209948559149915,ok,,local,0.39712173,3.277444
p02699_htg,dynamicbind_asd,55,0.39548653,17.872724533081055,0.023715414106845856,0.9186841874978718,ok,,local,0.39548653,3.2793317
p02699_htg,dynamicbind_asd,56,0.3897645,9.395500183105469,0.1473158597946167,0.8179176064222227,ok,,local,0.3897645,3.6079762
p02699_htg,dynamicbind_asd,57,0.37825373,23.553403854370117,0.019086826592683792,0.06771225688856766,ok,,local,0.37825373,5.795789
p02699_htg,dynamicbind_asd,58,0.31787506,7.68056583404541,0.20814307034015656,0.9208555157799868,ok,,local,0.31787506,4.1026955
p02699_htg,dynamicbind_asd,59,0.31787473,7.66273307800293,0.2044764757156372,0.9162586022424963,ok,,local,0.31787473,4.102711
p02753_2t1,dynamicbind_asd,0,0.6226079,2.380155086517334,0.5870141386985779,1.0,ok,,local,0.6226079,6.403333
p02753_2t1,dynamicbind_asd,1,0.6048324,1.190398097038269,0.8217255473136902,0.0,ok,,local,0.6048324,6.373651
p02753_2t1,dynamicbind_asd,2,0.6010549,2.4404470920562744,0.6388888955116272,1.0,ok,,local,0.6010549,5.986705
p02753_2t1,dynamicbind_asd,3,0.5994246,1.2637361288070679,0.7806841135025024,0.0,ok,,local,0.5994246,6.366283
p02753_2t1,dynamicbind_asd,4,0.5993729,2.8088033199310303,0.6034790277481079,1.0,ok,,local,0.5993729,6.364266
p02753_2t1,dynamicbind_asd,5,0.5964942,1.9602001905441284,0.6823587417602539,0.0,ok,,local,0.5964942,6.1494136
p02753_2t1,dynamicbind_asd,6,0.5949062,2.426985740661621,0.6454372406005859,1.0,ok,,local,0.5949062,5.8408113
p02753_2t1,dynamicbind_asd,7,0.59472764,2.1531901359558105,0.6923857927322388,0.0,ok,,local,0.59472764,5.9835334
p02753_2t1,dynamicbind_asd,8,0.59104073,2.458893060684204,0.6198501586914062,1.0,ok,,local,0.59104073,6.2274284
p02753_2t1,dynamicbind_asd,9,0.5885672,2.28439998626709,0.6346871852874756,1.0,ok,,local,0.5885672,6.2315435
p02753_2t1,dynamicbind_asd,10,0.58712167,2.542351245880127,0.595802903175354,1.0,ok,,local,0.58712167,6.2073674
p02753_2t1,dynamicbind_asd,11,0.5859916,2.4510085582733154,0.6156818270683289,1.0,ok,,local,0.5859916,6.050892
p02753_2t1,dynamicbind_asd,12,0.58571386,3.065927505493164,0.5955134034156799,0.0,ok,,local,0.58571386,6.0232096
p02753_2t1,dynamicbind_asd,13,0.5849122,2.5342342853546143,0.6709870100021362,0.0,ok,,local,0.5849122,5.90545
p02753_2t1,dynamicbind_asd,14,0.58486253,3.950462818145752,0.553852915763855,0.0,ok,,local,0.58486253,6.2686315
p02753_2t1,dynamicbind_asd,15,0.58446187,3.416144371032715,0.5989963412284851,0.0,ok,,local,0.58446187,6.324467
p02753_2t1,dynamicbind_asd,16,0.5832925,3.5083277225494385,0.5653812289237976,0.0,ok,,local,0.5832925,6.3882823
p02753_2t1,dynamicbind_asd,17,0.5830769,1.8257226943969727,0.7068798542022705,0.0,ok,,local,0.5830769,6.1576557
p02753_2t1,dynamicbind_asd,18,0.5823501,3.0013184547424316,0.5934389233589172,1.0,ok,,local,0.5823501,6.0758734
p02753_2t1,dynamicbind_asd,19,0.58207816,3.412875175476074,0.5309544205665588,0.0,ok,,local,0.58207816,5.9504323
p02753_2t1,dynamicbind_asd,20,0.5820669,3.305241823196411,0.5170112252235413,1.0,ok,,local,0.5820669,5.984229
p02753_2t1,dynamicbind_asd,21,0.5782372,2.027845621109009,0.6971899271011353,0.0,ok,,local,0.5782372,6.2437425
p02753_2t1,dynamicbind_asd,22,0.57685465,2.9743616580963135,0.5076271295547485,0.0,ok,,local,0.57685465,6.393505
p02753_2t1,dynamicbind_asd,23,0.5764159,3.0528202056884766,0.6258170008659363,0.0,ok,,local,0.5764159,6.3071733
p02753_2t1,dynamicbind_asd,24,0.5734519,2.1961193084716797,0.6352339386940002,0.0,ok,,local,0.5734519,6.022869
p02753_2t1,dynamicbind_asd,25,0.57172227,3.2241692543029785,0.4758269786834717,0.0,ok,,local,0.57172227,5.954045
p02753_2t1,dynamicbind_asd,26,0.57066935,2.7997491359710693,0.6066073179244995,0.0,ok,,local,0.57066935,6.0093927
p02753_2t1,dynamicbind_asd,27,0.568983,2.9967870712280273,0.4840708076953888,0.0,ok,,local,0.568983,6.0966797
p02753_2t1,dynamicbind_asd,28,0.5639411,2.440657377243042,0.5990214347839355,0.0,ok,,local,0.5639411,5.96843
p02753_2t1,dynamicbind_asd,29,0.5633096,2.5152382850646973,0.650047242641449,0.0,ok,,local,0.5633096,5.892928
p02753_2wl,dynamicbind_asd,0,0.60625285,,,0.0,ok,,local,0.60625285,5.868807
p02753_2wl,dynamicbind_asd,1,0.60497636,,,0.0,ok,,local,0.60497636,5.9908257
p02753_2wl,dynamicbind_asd,2,0.59683573,,,1.0,ok,,local,0.59683573,5.927239
p02753_2wl,dynamicbind_asd,3,0.59416527,,,0.0,ok,,local,0.59416527,5.9092197
p02753_2wl,dynamicbind_asd,4,0.59243304,,,0.0,ok,,local,0.59243304,5.697172
p02753_2wl,dynamicbind_asd,5,0.5898929,,,0.0,ok,,local,0.5898929,5.7177887
p02753_2wl,dynamicbind_asd,6,0.58888453,,,0.0,ok,,local,0.58888453,5.7678638
p02753_2wl,dynamicbind_asd,7,0.58868134,,,0.0,ok,,local,0.58868134,5.758589
p02753_2wl,dynamicbind_asd,8,0.5877019,,,1.0,ok,,local,0.5877019,5.738128
p02753_2wl,dynamicbind_asd,9,0.58683807,,,1.0,ok,,local,0.58683807,6.050705
p02753_2wl,dynamicbind_asd,10,0.58682734,,,0.0,ok,,local,0.58682734,6.2211294
p02753_2wl,dynamicbind_asd,11,0.5854333,,,1.0,ok,,local,0.5854333,6.1191545
p02753_2wl,dynamicbind_asd,12,0.58492553,,,0.0,ok,,local,0.58492553,5.859805
p02753_2wl,dynamicbind_asd,13,0.5840667,,,1.0,ok,,local,0.5840667,5.6821995
p02753_2wl,dynamicbind_asd,14,0.5822571,,,0.0,ok,,local,0.5822571,5.72539
p02753_2wl,dynamicbind_asd,15,0.58013016,,,1.0,ok,,local,0.58013016,5.9403963
p02753_2wl,dynamicbind_asd,16,0.57990044,,,0.0,ok,,local,0.57990044,5.878218
p02753_2wl,dynamicbind_asd,17,0.57983667,,,0.0,ok,,local,0.57983667,5.9418383
p02753_2wl,dynamicbind_asd,18,0.5792822,,,0.0,ok,,local,0.5792822,5.8122673
p02753_2wl,dynamicbind_asd,19,0.57471585,,,1.0,ok,,local,0.57471585,5.9765964
p02753_2wl,dynamicbind_asd,20,0.57380116,,,0.0,ok,,local,0.57380116,5.843791
p02753_2wl,dynamicbind_asd,21,0.57020277,,,0.0,ok,,local,0.57020277,5.8993216
p02753_2wl,dynamicbind_asd,22,0.57015246,,,0.0,ok,,local,0.57015246,5.707272
p02753_2wl,dynamicbind_asd,23,0.56993496,,,0.0,ok,,local,0.56993496,6.119018
p02753_2wl,dynamicbind_asd,24,0.56571543,,,0.0,ok,,local,0.56571543,5.811688
p02753_2wl,dynamicbind_asd,25,0.5638189,,,1.0,ok,,local,0.5638189,5.7552786
p02753_2wl,dynamicbind_asd,26,0.5521992,,,1.0,ok,,local,0.5521992,5.616189
p02753_2wl,dynamicbind_asd,27,0.54600203,,,1.0,ok,,local,0.54600203,5.572537
p02753_2wl,dynamicbind_asd,28,0.5373755,,,0.0,ok,,local,0.5373755,5.8493624
p02753_rtl,dynamicbind_asd,0,0.69549936,,,1.0,ok,,local,0.69549936,7.019085
p02753_rtl,dynamicbind_asd,1,0.69397736,,,1.0,ok,,local,0.69397736,7.0034947
p02753_rtl,dynamicbind_asd,2,0.69317806,,,1.0,ok,,local,0.69317806,7.0488863
p02753_rtl,dynamicbind_asd,3,0.689863,,,1.0,ok,,local,0.689863,7.0710025
p02753_rtl,dynamicbind_asd,4,0.6898048,,,1.0,ok,,local,0.6898048,7.062461
p02753_rtl,dynamicbind_asd,5,0.68858206,,,0.0,ok,,local,0.68858206,6.769768
p02753_rtl,dynamicbind_asd,6,0.68776846,,,0.0,ok,,local,0.68776846,6.7170553
p02753_rtl,dynamicbind_asd,7,0.68739235,,,1.0,ok,,local,0.68739235,6.983585
p02753_rtl,dynamicbind_asd,8,0.68700844,,,0.0,ok,,local,0.68700844,6.8803563
p02753_rtl,dynamicbind_asd,9,0.6869754,,,0.0,ok,,local,0.6869754,7.009638
p02753_rtl,dynamicbind_asd,10,0.6860062,,,1.0,ok,,local,0.6860062,7.0886374
p02753_rtl,dynamicbind_asd,11,0.6851455,,,0.0,ok,,local,0.6851455,6.7631454
p02753_rtl,dynamicbind_asd,12,0.6831345,,,0.0,ok,,local,0.6831345,6.717338
p02753_rtl,dynamicbind_asd,13,0.68256176,,,0.0,ok,,local,0.68256176,6.961278
p02753_rtl,dynamicbind_asd,14,0.6803187,,,0.0,ok,,local,0.6803187,6.9020348
p02753_rtl,dynamicbind_asd,15,0.68007094,,,0.0,ok,,local,0.68007094,7.033773
p02753_rtl,dynamicbind_asd,16,0.67981374,,,0.0,ok,,local,0.67981374,6.6696177
p02753_rtl,dynamicbind_asd,17,0.67850506,,,0.0,ok,,local,0.67850506,6.9045324
p02753_rtl,dynamicbind_asd,18,0.6771561,,,0.0,ok,,local,0.6771561,6.8341336
p02753_rtl,dynamicbind_asd,19,0.6760655,,,0.0,ok,,local,0.6760655,6.698931
p02753_rtl,dynamicbind_asd,20,0.67315924,,,1.0,ok,,local,0.67315924,6.859991
p02753_rtl,dynamicbind_asd,21,0.6722844,,,0.0,ok,,local,0.6722844,6.622296
p02753_rtl,dynamicbind_asd,22,0.6625532,,,0.0,ok,,local,0.6625532,6.5536923
p02753_rtl,dynamicbind_asd,23,0.66098934,,,0.0,ok,,local,0.66098934,6.763755
p02753_rtl,dynamicbind_asd,24,0.66031086,,,1.0,ok,,local,0.66031086,7.0027575
p02753_rtl,dynamicbind_asd,25,0.6580574,,,1.0,ok,,local,0.6580574,7.0412865
p02753_rtl,dynamicbind_asd,26,0.65090567,,,0.0,ok,,local,0.65090567,6.7899876
p02753_rtl,dynamicbind_asd,27,0.6461248,,,0.0,ok,,local,0.6461248,6.769023
p02753_rtl,dynamicbind_asd,28,0.63890105,,,0.0,ok,,local,0.63890105,6.693502
p02753_rtl,dynamicbind_asd,29,0.6338027,,,0.0,ok,,local,0.6338027,6.813091
p02768_imn,dynamicbind_asd,0,0.7000305,8.584878921508789,0.1171875,1.0,ok,,local,0.7000305,4.514636
p02768_imn,dynamicbind_asd,1,0.67884445,8.121764183044434,0.13815142214298248,1.0,ok,,local,0.67884445,4.3351316
p02768_imn,dynamicbind_asd,2,0.6754748,7.951936721801758,0.1458737850189209,1.0,ok,,local,0.6754748,4.443515
p02768_imn,dynamicbind_asd,3,0.6725433,9.631619453430176,0.0855034738779068,1.0,ok,,local,0.6725433,4.4447684
p02768_imn,dynamicbind_asd,4,0.6710662,7.678431510925293,0.15014031529426575,1.0,ok,,local,0.6710662,4.506581
p02768_imn,dynamicbind_asd,5,0.670351,10.028861045837402,0.12298578023910522,1.0,ok,,local,0.670351,4.80231
p02768_imn,dynamicbind_asd,6,0.66382533,8.776471138000488,0.10669077932834625,1.0,ok,,local,0.66382533,4.446313
p02768_imn,dynamicbind_asd,7,0.66313773,11.196135520935059,0.08686257898807526,1.0,ok,,local,0.66313773,5.0042443
p02768_imn,dynamicbind_asd,8,0.6601576,8.956474304199219,0.2081509828567505,1.0,ok,,local,0.6601576,4.8443637
p02768_imn,dynamicbind_asd,9,0.654324,10.832629203796387,0.08605072647333145,1.0,ok,,local,0.654324,4.9292483
p02768_imn,dynamicbind_asd,10,0.64220494,8.962146759033203,0.20569279789924622,1.0,ok,,local,0.64220494,4.779232
p02768_imn,dynamicbind_asd,11,0.61675346,25.23947525024414,0.0,1.0,ok,,local,0.61675346,4.83091
p02768_imn,dynamicbind_asd,12,0.6004278,25.040742874145508,0.0,1.0,ok,,local,0.6004278,4.829072
p02768_imn,dynamicbind_asd,13,0.5930921,25.570083618164062,0.0,1.0,ok,,local,0.5930921,4.3492885
p02768_imn,dynamicbind_asd,14,0.58975315,9.843917846679688,0.16814853250980377,1.0,ok,,local,0.58975315,4.6275697
p02768_imn,dynamicbind_asd,15,0.58940643,24.31768035888672,0.0,1.0,ok,,local,0.58940643,4.4433293
p02768_imn,dynamicbind_asd,16,0.5858104,25.606494903564453,0.0,1.0,ok,,local,0.5858104,4.3925776
p02768_imn,dynamicbind_asd,17,0.57639164,24.06540870666504,0.0,1.0,ok,,local,0.57639164,5.0706606
p02768_imn,dynamicbind_asd,18,0.5748758,24.807884216308594,0.0,1.0,ok,,local,0.5748758,4.156129
p02768_imn,dynamicbind_asd,19,0.5611385,24.6956787109375,0.0,1.0,ok,,local,0.5611385,4.7202
p02768_imn,dynamicbind_asd,20,0.56005794,25.356088638305664,0.0,1.0,ok,,local,0.56005794,4.065652
p02768_imn,dynamicbind_asd,21,0.5557008,25.84864044189453,0.0,1.0,ok,,local,0.5557008,4.1558447
p02768_imn,dynamicbind_asd,22,0.55483156,24.412660598754883,0.0,1.0,ok,,local,0.55483156,4.471559
p02768_imn,dynamicbind_asd,23,0.5510185,23.8387508392334,0.0,1.0,ok,,local,0.5510185,4.758551
p02768_imn,dynamicbind_asd,24,0.5503449,24.869749069213867,0.0,1.0,ok,,local,0.5503449,4.4374657
p02768_imn,dynamicbind_asd,25,0.5481575,25.725515365600586,0.0,1.0,ok,,local,0.5481575,4.1835794
p02768_imn,dynamicbind_asd,26,0.5344655,24.905731201171875,0.0,1.0,ok,,local,0.5344655,4.2555223
p02768_imn,dynamicbind_asd,27,0.5328996,25.8945255279541,0.0,1.0,ok,,local,0.5328996,4.2537518
p02768_imn,dynamicbind_asd,28,0.53281456,24.80192756652832,0.0,1.0,ok,,local,0.53281456,4.3893766
p02768_imn,dynamicbind_asd,29,0.5223981,24.37249755859375,0.0,1.0,ok,,local,0.5223981,4.211438
p02768_moa,dynamicbind_asd,0,0.63907456,21.389036178588867,0.0,1.0,ok,,local,0.63907456,6.139663
p02768_moa,dynamicbind_asd,1,0.62632036,21.01363182067871,0.0007999999797903001,1.0,ok,,local,0.62632036,6.1112733
p02768_moa,dynamicbind_asd,2,0.6230702,20.82915496826172,0.00039001560071483254,1.0,ok,,local,0.6230702,6.108383
p02768_moa,dynamicbind_asd,3,0.6211312,20.589412689208984,0.002991453045979142,1.0,ok,,local,0.6211312,6.3123302
p02768_moa,dynamicbind_asd,4,0.60365295,20.194591522216797,0.0045045046135783195,1.0,ok,,local,0.60365295,6.3823957
p02768_moa,dynamicbind_asd,5,0.60149574,19.984020233154297,0.003919860813766718,1.0,ok,,local,0.60149574,6.251761
p02768_moa,dynamicbind_asd,6,0.589708,25.848562240600586,0.0,1.0,ok,,local,0.589708,6.0459623
p02768_moa,dynamicbind_asd,7,0.57961935,1.654787540435791,0.6851385235786438,1.0,ok,,local,0.57961935,7.6859074
p02768_moa,dynamicbind_asd,8,0.5712836,25.660015106201172,0.0,1.0,ok,,local,0.5712836,5.6245956
p02768_moa,dynamicbind_asd,9,0.5665773,25.188236236572266,0.0,1.0,ok,,local,0.5665773,5.2454953
p02768_moa,dynamicbind_asd,10,0.55753344,25.683048248291016,0.0,1.0,ok,,local,0.55753344,4.6290684
p02768_moa,dynamicbind_asd,11,0.55383617,1.7477117776870728,0.6696428656578064,1.0,ok,,local,0.55383617,7.792232
p02768_moa,dynamicbind_asd,12,0.55320764,25.131847381591797,0.0,1.0,ok,,local,0.55320764,4.7120676
p02768_moa,dynamicbind_asd,13,0.54225326,25.43968963623047,0.0,1.0,ok,,local,0.54225326,5.58806
p02768_moa,dynamicbind_asd,14,0.54194623,24.4041805267334,0.0,1.0,ok,,local,0.54194623,5.5275884
p02768_moa,dynamicbind_asd,15,0.5382238,24.61857795715332,0.0,1.0,ok,,local,0.5382238,5.1837745
p02768_moa,dynamicbind_asd,16,0.5367603,1.7272084951400757,0.6597937941551208,1.0,ok,,local,0.5367603,7.724964
p02768_moa,dynamicbind_asd,17,0.5367348,23.749422073364258,0.0,1.0,ok,,local,0.5367348,5.415892
p02768_moa,dynamicbind_asd,18,0.5360092,25.083711624145508,0.0,1.0,ok,,local,0.5360092,5.208775
p02768_moa,dynamicbind_asd,19,0.53528064,25.083030700683594,0.0,1.0,ok,,local,0.53528064,4.871289
p02768_moa,dynamicbind_asd,20,0.530735,24.459705352783203,0.0,1.0,ok,,local,0.530735,4.9072356
p02768_moa,dynamicbind_asd,21,0.5299537,25.460330963134766,0.0,1.0,ok,,local,0.5299537,4.7539186
p02768_moa,dynamicbind_asd,22,0.5264791,24.100252151489258,0.0,1.0,ok,,local,0.5264791,4.943901
p02768_moa,dynamicbind_asd,23,0.52488965,24.876100540161133,0.0,1.0,ok,,local,0.52488965,5.1755524
p02768_moa,dynamicbind_asd,24,0.518712,24.887638092041016,0.0,1.0,ok,,local,0.518712,4.7949934
p02768_moa,dynamicbind_asd,25,0.51536375,24.362255096435547,0.0,1.0,ok,,local,0.51536375,4.5321136
p02768_moa,dynamicbind_asd,26,0.5144805,23.385765075683594,0.0,1.0,ok,,local,0.5144805,5.041896
p02768_moa,dynamicbind_asd,27,0.5101509,24.309782028198242,0.0,1.0,ok,,local,0.5101509,5.100015
p02768_moa,dynamicbind_asd,28,0.5015118,23.897247314453125,0.0,1.0,ok,,local,0.5015118,4.619569
p02768_moa,dynamicbind_asd,29,0.5013226,27.452350616455078,0.0,1.0,ok,,local,0.5013226,4.857393
p02829_np5,dynamicbind_asd,0,0.6968704,,,0.0,ok,,local,0.6968704,5.183889
p02829_np5,dynamicbind_asd,1,0.6956374,,,0.0,ok,,local,0.6956374,5.127375
p02829_np5,dynamicbind_asd,2,0.6956026,,,0.0,ok,,local,0.6956026,5.1757627
p02829_np5,dynamicbind_asd,3,0.6952771,,,0.0,ok,,local,0.6952771,5.1148133
p02829_np5,dynamicbind_asd,4,0.6939624,,,0.0,ok,,local,0.6939624,5.152968
p02829_np5,dynamicbind_asd,5,0.6927413,,,0.0,ok,,local,0.6927413,5.115263
p02829_np5,dynamicbind_asd,6,0.69209516,,,0.0,ok,,local,0.69209516,5.174891
p02829_np5,dynamicbind_asd,7,0.6919634,,,0.0,ok,,local,0.6919634,5.1921196
p02829_np5,dynamicbind_asd,8,0.6914146,,,0.0,ok,,local,0.6914146,5.1043825
p02829_np5,dynamicbind_asd,9,0.6905541,,,0.0,ok,,local,0.6905541,5.1443944
p02829_np5,dynamicbind_asd,10,0.6903634,,,0.0,ok,,local,0.6903634,5.1205645
p02829_np5,dynamicbind_asd,11,0.68819666,,,0.0,ok,,local,0.68819666,5.0450416
p02829_np5,dynamicbind_asd,12,0.6879803,,,0.0,ok,,local,0.6879803,5.120476
p02829_np5,dynamicbind_asd,13,0.68796456,,,0.0,ok,,local,0.68796456,5.120536
p02829_np5,dynamicbind_asd,14,0.687548,,,0.0,ok,,local,0.687548,5.1632094
p02829_np5,dynamicbind_asd,15,0.6874737,,,0.0,ok,,local,0.6874737,5.1590047
p02829_np5,dynamicbind_asd,16,0.68745583,,,0.0,ok,,local,0.68745583,5.1193705
p02829_np5,dynamicbind_asd,17,0.6870588,,,0.0,ok,,local,0.6870588,5.112252
p02829_np5,dynamicbind_asd,18,0.68571603,,,0.0,ok,,local,0.68571603,5.103501
p02829_np5,dynamicbind_asd,19,0.68532103,,,0.0,ok,,local,0.68532103,5.2699356
p02829_np5,dynamicbind_asd,20,0.68413275,,,0.0,ok,,local,0.68413275,5.1685505
p02829_np5,dynamicbind_asd,21,0.68365407,,,0.0,ok,,local,0.68365407,5.1149507
p02829_np5,dynamicbind_asd,22,0.6824624,,,0.0,ok,,local,0.6824624,5.1485023
p02829_np5,dynamicbind_asd,23,0.6822201,,,0.0,ok,,local,0.6822201,5.0218353
p02829_np5,dynamicbind_asd,24,0.6819724,,,0.0,ok,,local,0.6819724,5.18947
p02829_np5,dynamicbind_asd,25,0.6802176,,,0.0,ok,,local,0.6802176,5.123339
p02829_np5,dynamicbind_asd,26,0.68001604,,,0.0,ok,,local,0.68001604,5.0628543
p02829_np5,dynamicbind_asd,27,0.67978084,,,0.0,ok,,local,0.67978084,5.1013465
p02829_np5,dynamicbind_asd,28,0.6717824,,,0.0,ok,,local,0.6717824,5.124008
p02829_np5,dynamicbind_asd,29,0.6673249,,,0.0,ok,,local,0.6673249,5.0509896
p02829_rda,dynamicbind_asd,0,0.61746997,,,0.0,ok,,local,0.61746997,6.301071
p02829_rda,dynamicbind_asd,1,0.60790724,,,0.0,ok,,local,0.60790724,5.722059
p02829_rda,dynamicbind_asd,2,0.5987938,,,0.0,ok,,local,0.5987938,5.7151136
p02829_rda,dynamicbind_asd,3,0.5930051,,,0.0,ok,,local,0.5930051,5.3651953
p02829_rda,dynamicbind_asd,4,0.5778485,,,0.0,ok,,local,0.5778485,5.5685353
p02829_rda,dynamicbind_asd,5,0.5764966,,,0.0,ok,,local,0.5764966,5.6281676
p02829_rda,dynamicbind_asd,6,0.5763615,,,0.0,ok,,local,0.5763615,5.3833356
p02829_rda,dynamicbind_asd,7,0.57379127,,,0.0,ok,,local,0.57379127,5.57908
p02829_rda,dynamicbind_asd,8,0.57235205,,,0.0,ok,,local,0.57235205,5.397914
p02829_rda,dynamicbind_asd,9,0.57067794,,,0.0,ok,,local,0.57067794,5.242826
p02829_rda,dynamicbind_asd,10,0.5697496,,,0.0,ok,,local,0.5697496,5.457607
p02829_rda,dynamicbind_asd,11,0.5689519,,,0.0,ok,,local,0.5689519,5.8298326
p02829_rda,dynamicbind_asd,12,0.5675618,,,0.0,ok,,local,0.5675618,5.253481
p02829_rda,dynamicbind_asd,13,0.5672924,,,0.0,ok,,local,0.5672924,5.7329764
p02829_rda,dynamicbind_asd,14,0.5649205,,,0.0,ok,,local,0.5649205,5.709274
p02829_rda,dynamicbind_asd,15,0.5639089,,,0.0,ok,,local,0.5639089,5.446597
p02829_rda,dynamicbind_asd,16,0.56390256,,,0.0,ok,,local,0.56390256,6.045945
p02829_rda,dynamicbind_asd,17,0.5633859,,,0.0,ok,,local,0.5633859,5.790129
p02829_rda,dynamicbind_asd,18,0.5603461,,,0.0,ok,,local,0.5603461,6.2376266
p02829_rda,dynamicbind_asd,19,0.56003785,,,0.0,ok,,local,0.56003785,5.889352
p02829_rda,dynamicbind_asd,20,0.55812097,,,0.0,ok,,local,0.55812097,5.533548
p02829_rda,dynamicbind_asd,21,0.55627096,,,0.0,ok,,local,0.55627096,6.6274147
p02829_rda,dynamicbind_asd,22,0.5555781,,,0.0,ok,,local,0.5555781,5.450045
p02829_rda,dynamicbind_asd,23,0.55499136,,,0.0,ok,,local,0.55499136,5.594135
p02829_rda,dynamicbind_asd,24,0.54860044,,,0.0,ok,,local,0.54860044,5.5940375
p02829_rda,dynamicbind_asd,25,0.54833394,,,0.0,ok,,local,0.54833394,6.0534687
p02829_rda,dynamicbind_asd,26,0.54645777,,,0.0,ok,,local,0.54645777,5.4611006
p02829_rda,dynamicbind_asd,27,0.5462901,,,0.0,ok,,local,0.5462901,6.332415
p02829_rda,dynamicbind_asd,28,0.54332924,,,0.0,ok,,local,0.54332924,5.7589674
p02829_rda,dynamicbind_asd,29,0.52562624,,,0.0,ok,,local,0.52562624,5.8819203
p02829_rdc,dynamicbind_asd,0,0.7019153,2.3045027256011963,0.6389301419258118,0.0,ok,,local,0.7019153,5.931525
p02829_rdc,dynamicbind_asd,1,0.7012411,2.1979219913482666,0.646487295627594,0.0,ok,,local,0.7012411,5.962207
p02829_rdc,dynamicbind_asd,2,0.7010561,2.2702906131744385,0.6327205896377563,0.0,ok,,local,0.7010561,5.953889
p02829_rdc,dynamicbind_asd,3,0.70056933,2.173668384552002,0.6408818960189819,0.0,ok,,local,0.70056933,5.942706
p02829_rdc,dynamicbind_asd,4,0.70013165,2.2193973064422607,0.623900294303894,0.0,ok,,local,0.70013165,5.9476347
p02829_rdc,dynamicbind_asd,5,0.69870204,2.2298336029052734,0.6307637095451355,0.0,ok,,local,0.69870204,5.9149036
p02829_rdc,dynamicbind_asd,6,0.69693375,2.2105395793914795,0.6592592597007751,0.0,ok,,local,0.69693375,5.935928
p02829_rdc,dynamicbind_asd,7,0.6960941,2.2141225337982178,0.6246387362480164,0.0,ok,,local,0.6960941,5.9622426
p02829_rdc,dynamicbind_asd,8,0.6939081,2.146562099456787,0.6390895843505859,0.0,ok,,local,0.6939081,5.931375
p02829_rdc,dynamicbind_asd,9,0.6929295,2.216294288635254,0.632267415523529,0.0,ok,,local,0.6929295,5.9416637
p02829_rdc,dynamicbind_asd,10,0.692771,2.282742977142334,0.6264367699623108,0.0,ok,,local,0.692771,5.921197
p02829_rdc,dynamicbind_asd,11,0.69266254,2.209311008453369,0.6470149159431458,0.0,ok,,local,0.69266254,5.9203315
p02829_rdc,dynamicbind_asd,12,0.6922186,2.3363895416259766,0.6235380172729492,0.0,ok,,local,0.6922186,5.8623385
p02829_rdc,dynamicbind_asd,13,0.69221616,2.209099054336548,0.6111515760421753,0.0,ok,,local,0.69221616,5.965413
p02829_rdc,dynamicbind_asd,14,0.690952,2.2733068466186523,0.6262811422348022,0.0,ok,,local,0.690952,5.931382
p02829_rdc,dynamicbind_asd,15,0.6906424,2.1679117679595947,0.6372832655906677,0.0,ok,,local,0.6906424,5.9328837
p02829_rdc,dynamicbind_asd,16,0.68873405,2.3330326080322266,0.6292341947555542,0.0,ok,,local,0.68873405,5.8986444
p02829_rdc,dynamicbind_asd,17,0.68854165,2.223954677581787,0.6216312050819397,0.0,ok,,local,0.68854165,5.9117584
p02829_rdc,dynamicbind_asd,18,0.68793166,2.2638139724731445,0.645494818687439,0.0,ok,,local,0.68793166,5.9274044
p02829_rdc,dynamicbind_asd,19,0.68716943,2.242905855178833,0.6275071501731873,0.0,ok,,local,0.68716943,5.898534
p02829_rdc,dynamicbind_asd,20,0.6853973,2.3630096912384033,0.6116005778312683,0.0,ok,,local,0.6853973,5.88053
p02829_rdc,dynamicbind_asd,21,0.6851366,2.3116543292999268,0.6028369069099426,0.0,ok,,local,0.6851366,5.9032474
p02829_rdc,dynamicbind_asd,22,0.68492764,2.240070104598999,0.6167157292366028,0.0,ok,,local,0.68492764,5.92142
p02829_rdc,dynamicbind_asd,23,0.68483645,2.2243783473968506,0.6288098692893982,0.0,ok,,local,0.68483645,5.9452615
p02829_rdc,dynamicbind_asd,24,0.6843818,2.2594151496887207,0.6253623366355896,0.0,ok,,local,0.6843818,5.949803
p02829_rdc,dynamicbind_asd,25,0.6822879,2.2134037017822266,0.6386861205101013,0.0,ok,,local,0.6822879,5.908954
p02829_rdc,dynamicbind_asd,26,0.68058974,2.3839402198791504,0.6115880012512207,0.0,ok,,local,0.68058974,5.9088244
p02829_rdc,dynamicbind_asd,27,0.6802159,2.463855743408203,0.5798969268798828,0.0,ok,,local,0.6802159,5.9265504
p02829_rdc,dynamicbind_asd,28,0.6792157,2.197758674621582,0.6068282127380371,0.0,ok,,local,0.6792157,5.948776
p02829_rdc,dynamicbind_asd,29,0.6789867,2.0276687145233154,0.6348074078559875,0.0,ok,,local,0.6789867,5.9604278
p03007_tmp,dynamicbind_asd,0,0.7807454,1.1169134378433228,0.8102836608886719,1.0,ok,,local,0.7807454,3.7667172
p03007_tmp,dynamicbind_asd,1,0.7794228,1.0147202014923096,0.8374769687652588,1.0,ok,,local,0.7794228,3.7167108
p03007_tmp,dynamicbind_asd,2,0.7783544,1.0598012208938599,0.8443925380706787,1.0,ok,,local,0.7783544,3.7420702
p03007_tmp,dynamicbind_asd,3,0.7761342,1.0963693857192993,0.8089028596878052,1.0,ok,,local,0.7761342,3.8826115
p03007_tmp,dynamicbind_asd,4,0.7760526,1.089410662651062,0.8331809639930725,1.0,ok,,local,0.7760526,3.7715886
p03007_tmp,dynamicbind_asd,5,0.77576905,1.106738805770874,0.8102355003356934,1.0,ok,,local,0.77576905,3.9001977
p03007_tmp,dynamicbind_asd,6,0.7739168,0.9005559682846069,0.8533210158348083,1.0,ok,,local,0.7739168,3.8240151
p03007_tmp,dynamicbind_asd,7,0.7738774,0.9224903583526611,0.8424214124679565,1.0,ok,,local,0.7738774,3.7946918
p03007_tmp,dynamicbind_asd,8,0.77262104,1.055907130241394,0.8278175592422485,1.0,ok,,local,0.77262104,3.8110068
p03007_tmp,dynamicbind_asd,9,0.77254355,1.0740718841552734,0.8406593203544617,1.0,ok,,local,0.77254355,3.81144
p03007_tmp,dynamicbind_asd,10,0.7724839,1.1037532091140747,0.8396739363670349,1.0,ok,,local,0.7724839,3.834411
p03007_tmp,dynamicbind_asd,11,0.7718045,0.809422492980957,0.8899999856948853,1.0,ok,,local,0.7718045,3.8982127
p03007_tmp,dynamicbind_asd,12,0.7715176,0.9144970178604126,0.8540515899658203,1.0,ok,,local,0.7715176,3.8270667
p03007_tmp,dynamicbind_asd,13,0.77146155,0.8878247737884521,0.8608534336090088,1.0,ok,,local,0.77146155,3.8133185
p03007_tmp,dynamicbind_asd,14,0.7714528,1.0931898355484009,0.8253119587898254,1.0,ok,,local,0.7714528,3.82942
p03007_tmp,dynamicbind_asd,15,0.771184,1.125487208366394,0.8289711475372314,1.0,ok,,local,0.771184,3.766183
p03007_tmp,dynamicbind_asd,16,0.7710549,1.1139824390411377,0.8193950057029724,1.0,ok,,local,0.7710549,3.724952
p03007_tmp,dynamicbind_asd,17,0.7701738,0.8265109658241272,0.8852459192276001,1.0,ok,,local,0.7701738,3.924781
p03007_tmp,dynamicbind_asd,18,0.76603985,1.06004798412323,0.833034098148346,1.0,ok,,local,0.76603985,3.8146112
p03007_tmp,dynamicbind_asd,19,0.76588774,1.0280779600143433,0.8360507488250732,1.0,ok,,local,0.76588774,3.7986534
p03366_f95,dynamicbind_asd,0,0.6815257,1.6001935005187988,0.7579505443572998,0.0,ok,,local,0.6815257,4.8691316
p03366_f95,dynamicbind_asd,1,0.68057024,1.251752257347107,0.8371211886405945,0.0,ok,,local,0.68057024,4.87888
p03366_f95,dynamicbind_asd,2,0.67903286,1.9198660850524902,0.7163636088371277,0.0,ok,,local,0.67903286,4.9080353
p03366_f95,dynamicbind_asd,3,0.67590815,1.3621690273284912,0.7576791644096375,0.0,ok,,local,0.67590815,4.990755
p03366_f95,dynamicbind_asd,4,0.66175807,1.7811057567596436,0.7209302186965942,0.0,ok,,local,0.66175807,4.928052
p03366_f95,dynamicbind_asd,5,0.6582955,2.5492022037506104,0.6789383292198181,0.0,ok,,local,0.6582955,4.910197
p03366_f95,dynamicbind_asd,6,0.6501814,1.8311747312545776,0.7216088175773621,0.0,ok,,local,0.6501814,5.020184
p03366_f95,dynamicbind_asd,7,0.6335528,2.6170272827148438,0.6377708911895752,0.0,ok,,local,0.6335528,4.95124
p03366_f95,dynamicbind_asd,8,0.62181735,3.974107027053833,0.36250001192092896,0.0,ok,,local,0.62181735,5.0213666
p03366_f95,dynamicbind_asd,9,0.60430855,3.534122943878174,0.40479451417922974,0.0,ok,,local,0.60430855,5.223565
p03369_smc,dynamicbind_asd,0,0.7188462,,,0.0,ok,,local,0.7188462,3.5017023
p03369_smc,dynamicbind_asd,1,0.6687477,,,0.0,ok,,local,0.6687477,3.1708028
p03369_smc,dynamicbind_asd,2,0.66382855,,,0.0,ok,,local,0.66382855,2.9020898
p03369_smc,dynamicbind_asd,3,0.6550299,,,0.0,ok,,local,0.6550299,3.1840131
p03369_smc,dynamicbind_asd,4,0.650889,,,0.0,ok,,local,0.650889,2.8721094
p03369_smc,dynamicbind_asd,5,0.65059936,,,0.0,ok,,local,0.65059936,3.2890873
p03369_smc,dynamicbind_asd,6,0.65009767,,,0.0,ok,,local,0.65009767,3.083501
p03369_smc,dynamicbind_asd,7,0.6463121,,,0.0,ok,,local,0.6463121,3.4185045
p03369_smc,dynamicbind_asd,8,0.64496416,,,0.0,ok,,local,0.64496416,3.123954
p03369_smc,dynamicbind_asd,9,0.58464164,,,0.0,ok,,local,0.58464164,2.9130888
p04150_486,dynamicbind_asd,0,0.7368559,0.6513257622718811,0.8972257375717163,1.0,ok,,local,0.7368559,7.61557
p04150_486,dynamicbind_asd,1,0.7361387,0.5910128951072693,0.9121365547180176,1.0,ok,,local,0.7361387,7.647566
p04150_486,dynamicbind_asd,2,0.733963,0.8419497609138489,0.8864480257034302,1.0,ok,,local,0.733963,7.5958376
p04150_486,dynamicbind_asd,3,0.7333975,0.5989434123039246,0.9164556860923767,1.0,ok,,local,0.7333975,7.6677084
p04150_486,dynamicbind_asd,4,0.73323476,0.5184370875358582,0.9330357313156128,1.0,ok,,local,0.73323476,7.634252
p04150_486,dynamicbind_asd,5,0.7326406,0.8471329808235168,0.8779357075691223,1.0,ok,,local,0.7326406,7.653158
p04150_486,dynamicbind_asd,6,0.7318245,0.8358473181724548,0.8848522305488586,1.0,ok,,local,0.7318245,7.6665173
p04150_486,dynamicbind_asd,7,0.7317742,0.8210135102272034,0.886559784412384,1.0,ok,,local,0.7317742,7.698925
p04150_486,dynamicbind_asd,8,0.7285218,0.7943575978279114,0.8805282711982727,1.0,ok,,local,0.7285218,7.6259036
p04150_486,dynamicbind_asd,9,0.72833574,0.5533438920974731,0.9183480739593506,1.0,ok,,local,0.72833574,7.764495
p04150_486,dynamicbind_asd,10,0.72524786,0.9632234573364258,0.7670316100120544,0.0,ok,,local,0.72524786,7.357977
p04150_486,dynamicbind_asd,11,0.7250237,1.0805246829986572,0.7271105647087097,0.0,ok,,local,0.7250237,7.4185796
p04150_486,dynamicbind_asd,12,0.7232232,0.9748852849006653,0.7702539563179016,0.0,ok,,local,0.7232232,7.4442716
p04150_486,dynamicbind_asd,13,0.7215994,1.0284703969955444,0.7545180916786194,0.0,ok,,local,0.7215994,7.4221973
p04150_486,dynamicbind_asd,14,0.7210887,0.9689213037490845,0.7572202086448669,0.0,ok,,local,0.7210887,7.4611707
p04150_486,dynamicbind_asd,15,0.72080886,1.3792847394943237,0.7179334759712219,0.0,ok,,local,0.72080886,7.3642426
p04150_486,dynamicbind_asd,16,0.72069174,1.174703598022461,0.7350656986236572,0.0,ok,,local,0.72069174,7.5188403
p04150_486,dynamicbind_asd,17,0.7198678,0.7802965641021729,0.7788461446762085,0.0,ok,,local,0.7198678,7.4143248
p04150_486,dynamicbind_asd,18,0.7184164,0.8256222605705261,0.7685406804084778,0.0,ok,,local,0.7184164,7.4050736
p04150_486,dynamicbind_asd,19,0.7103667,1.035698652267456,0.7173410654067993,0.0,ok,,local,0.7103667,7.4571266
p04150_hj4,dynamicbind_asd,0,0.73796594,0.6098895072937012,0.8975095748901367,1.0,ok,,local,0.73796594,8.001962
p04150_hj4,dynamicbind_asd,1,0.73392296,0.7113754749298096,0.8773704171180725,1.0,ok,,local,0.73392296,8.004412
p04150_hj4,dynamicbind_asd,2,0.73347807,0.6268671751022339,0.8941816091537476,1.0,ok,,local,0.73347807,8.079819
p04150_hj4,dynamicbind_asd,3,0.7324532,0.5578674077987671,0.900318443775177,1.0,ok,,local,0.7324532,8.07478
p04150_hj4,dynamicbind_asd,4,0.73205984,0.5171398520469666,0.9010088443756104,1.0,ok,,local,0.73205984,8.104365
p04150_hj4,dynamicbind_asd,5,0.73204696,0.5703850984573364,0.8989834785461426,1.0,ok,,local,0.73204696,8.052785
p04150_hj4,dynamicbind_asd,6,0.7320125,0.5781677961349487,0.8875476717948914,1.0,ok,,local,0.7320125,8.101889
p04150_hj4,dynamicbind_asd,7,0.7318261,0.7100395560264587,0.8805170059204102,1.0,ok,,local,0.7318261,8.129609
p04150_hj4,dynamicbind_asd,8,0.7301277,0.5290377736091614,0.9096423983573914,1.0,ok,,local,0.7301277,8.145098
p04150_hj4,dynamicbind_asd,9,0.72731924,0.3958234488964081,0.920881986618042,1.0,ok,,local,0.72731924,8.101962
p04150_hj4,dynamicbind_asd,10,0.7187797,1.0452877283096313,0.7353818416595459,0.0,ok,,local,0.7187797,7.871704
p04150_hj4,dynamicbind_asd,11,0.7165715,1.0414509773254395,0.7112018465995789,0.0,ok,,local,0.7165715,7.856518
p04150_hj4,dynamicbind_asd,12,0.7149673,0.8348575830459595,0.7479116916656494,0.0,ok,,local,0.7149673,7.8685517
p04150_hj4,dynamicbind_asd,13,0.7147655,1.117187261581421,0.7353643774986267,0.0,ok,,local,0.7147655,7.9511724
p04150_hj4,dynamicbind_asd,14,0.7127727,1.2203631401062012,0.7269737124443054,0.0,ok,,local,0.7127727,8.062288
p04150_hj4,dynamicbind_asd,15,0.7106094,0.8674899935722351,0.7554216980934143,0.0,ok,,local,0.7106094,7.974514
p04150_hj4,dynamicbind_asd,16,0.709896,0.8046790957450867,0.7041231393814087,0.0,ok,,local,0.709896,7.8445234
p04150_hj4,dynamicbind_asd,17,0.7093239,1.2051175832748413,0.7008196711540222,0.0,ok,,local,0.7093239,8.081612
p04150_hj4,dynamicbind_asd,18,0.70893717,1.07323157787323,0.7273529171943665,0.0,ok,,local,0.70893717,7.973085
p04150_hj4,dynamicbind_asd,19,0.70631695,1.183653712272644,0.7140330076217651,0.0,ok,,local,0.70631695,8.031339
p04585_p1y,dynamicbind_asd,0,0.7229871,2.2552154064178467,0.7022472023963928,1.0,ok,,local,0.7229871,6.0537
p04585_p1y,dynamicbind_asd,1,0.70511776,3.3957109451293945,0.5726495981216431,1.0,ok,,local,0.70511776,5.8832245
p04585_p1y,dynamicbind_asd,2,0.6908019,6.4212541580200195,0.45910972356796265,1.0,ok,,local,0.6908019,6.59446
p04585_p1y,dynamicbind_asd,3,0.68693393,1.5957188606262207,0.6660798192024231,1.0,ok,,local,0.68693393,6.3566217
p04585_p1y,dynamicbind_asd,4,0.68123287,2.040722370147705,0.6804556250572205,1.0,ok,,local,0.68123287,6.348103
p04585_p1y,dynamicbind_asd,5,0.6799608,6.44497013092041,0.5047169923782349,1.0,ok,,local,0.6799608,6.4780507
p04585_p1y,dynamicbind_asd,6,0.67907435,6.0785136222839355,0.5253456234931946,1.0,ok,,local,0.67907435,6.3337574
p04585_p1y,dynamicbind_asd,7,0.67559177,5.898813724517822,0.5711538195610046,1.0,ok,,local,0.67559177,6.7193766
p04585_p1y,dynamicbind_asd,8,0.67246675,2.652702569961548,0.6670984625816345,1.0,ok,,local,0.67246675,6.469466
p04585_p1y,dynamicbind_asd,9,0.6697131,6.012870788574219,0.51790452003479,1.0,ok,,local,0.6697131,6.799837
p04637_goh,dynamicbind_asd,0,0.7327273,,,0.0,ok,,local,0.7327273,2.6945596
p04637_goh,dynamicbind_asd,1,0.72440344,,,0.0,ok,,local,0.72440344,2.7630317
p04637_goh,dynamicbind_asd,2,0.71450293,,,0.0,ok,,local,0.71450293,2.7110102
p04637_goh,dynamicbind_asd,3,0.7113574,,,0.0,ok,,local,0.7113574,2.696455
p04637_goh,dynamicbind_asd,4,0.7110129,,,0.0,ok,,local,0.7110129,2.542768
p04637_goh,dynamicbind_asd,5,0.7108183,,,0.0,ok,,local,0.7108183,2.8506393
p04637_goh,dynamicbind_asd,6,0.70946825,,,1.0,ok,,local,0.70946825,2.713628
p04637_goh,dynamicbind_asd,7,0.7055971,,,0.0,ok,,local,0.7055971,2.7820282
p04637_goh,dynamicbind_asd,8,0.7047646,,,0.0,ok,,local,0.7047646,2.627771
p04637_goh,dynamicbind_asd,9,0.70413476,,,0.0,ok,,local,0.70413476,2.9464486
p04637_goh,dynamicbind_asd,10,0.7020717,,,0.0,ok,,local,0.7020717,2.9015388
p04637_goh,dynamicbind_asd,11,0.70185584,,,0.0,ok,,local,0.70185584,2.778485
p04637_goh,dynamicbind_asd,12,0.70076996,,,0.0,ok,,local,0.70076996,2.8173664
p04637_goh,dynamicbind_asd,13,0.69867504,,,0.0,ok,,local,0.69867504,2.6307015
p04637_goh,dynamicbind_asd,14,0.69756067,,,0.0,ok,,local,0.69756067,2.7688456
p04637_goh,dynamicbind_asd,15,0.6970401,,,1.0,ok,,local,0.6970401,2.9374435
p04637_goh,dynamicbind_asd,16,0.6959959,,,0.0,ok,,local,0.6959959,2.6742444
p04637_goh,dynamicbind_asd,17,0.6957691,,,1.0,ok,,local,0.6957691,2.9752858
p04637_goh,dynamicbind_asd,18,0.69560707,,,1.0,ok,,local,0.69560707,2.8252053
p04637_goh,dynamicbind_asd,19,0.69526327,,,1.0,ok,,local,0.69526327,2.8731563
p04637_goh,dynamicbind_asd,20,0.69464177,,,0.0,ok,,local,0.69464177,2.5730155
p04637_goh,dynamicbind_asd,21,0.6929065,,,0.0,ok,,local,0.6929065,2.8425317
p04637_goh,dynamicbind_asd,22,0.692747,,,1.0,ok,,local,0.692747,2.8834288
p04637_goh,dynamicbind_asd,23,0.68934405,,,0.0,ok,,local,0.68934405,2.8148632
p04637_goh,dynamicbind_asd,24,0.68604493,,,1.0,ok,,local,0.68604493,3.0100539
p04637_goh,dynamicbind_asd,25,0.6856991,,,1.0,ok,,local,0.6856991,2.905915
p04637_goh,dynamicbind_asd,26,0.6832712,,,1.0,ok,,local,0.6832712,2.9294007
p04637_goh,dynamicbind_asd,27,0.6401171,,,0.0,ok,,local,0.6401171,2.9882946
p04637_goh,dynamicbind_asd,28,0.63953954,,,0.0,ok,,local,0.63953954,2.9298756
p04637_goh,dynamicbind_asd,29,0.6180711,,,1.0,ok,,local,0.6180711,2.6044872
p04637_p74,dynamicbind_asd,0,0.72718096,2.999985933303833,0.6344419121742249,0.0,ok,,local,0.72718096,3.644974
p04637_p74,dynamicbind_asd,1,0.70079786,2.8687055110931396,0.5844311118125916,0.0,ok,,local,0.70079786,4.111001
p04637_p74,dynamicbind_asd,2,0.6795603,2.449127674102783,0.6325483322143555,0.0,ok,,local,0.6795603,4.6647162
p04637_p74,dynamicbind_asd,3,0.67743343,1.8476181030273438,0.7476697564125061,0.0,ok,,local,0.67743343,3.9696116
p04637_p74,dynamicbind_asd,4,0.671284,1.84447181224823,0.7078981995582581,0.0,ok,,local,0.671284,4.069857
p04637_p74,dynamicbind_asd,5,0.66995746,1.5785304307937622,0.7820945978164673,0.0,ok,,local,0.66995746,4.1879163
p04637_p74,dynamicbind_asd,6,0.66292006,1.88473379611969,0.7538265585899353,0.0,ok,,local,0.66292006,3.930194
p04637_p74,dynamicbind_asd,7,0.6607231,1.7654039859771729,0.7551085352897644,0.0,ok,,local,0.6607231,4.1571913
p04637_p74,dynamicbind_asd,8,0.65909904,2.3523542881011963,0.65398770570755,0.0,ok,,local,0.65909904,4.3613358
p04637_p74,dynamicbind_asd,9,0.6575117,2.243199586868286,0.7196969985961914,0.0,ok,,local,0.6575117,4.65564
p04637_r50,dynamicbind_asd,0,0.7158634,,,0.0,ok,,local,0.7158634,5.0157785
p04637_r50,dynamicbind_asd,1,0.71435857,,,0.0,ok,,local,0.71435857,5.144525
p04637_r50,dynamicbind_asd,2,0.7136288,,,0.0,ok,,local,0.7136288,5.094383
p04637_r50,dynamicbind_asd,3,0.70858604,,,0.0,ok,,local,0.70858604,5.1374454
p04637_r50,dynamicbind_asd,4,0.7085006,,,0.0,ok,,local,0.7085006,5.1918144
p04637_r50,dynamicbind_asd,5,0.7044841,,,1.0,ok,,local,0.7044841,4.905587
p04637_r50,dynamicbind_asd,6,0.7012559,,,1.0,ok,,local,0.7012559,4.9812703
p04637_r50,dynamicbind_asd,7,0.7012512,,,1.0,ok,,local,0.7012512,4.8796506
p04637_r50,dynamicbind_asd,8,0.7005225,,,1.0,ok,,local,0.7005225,5.042589
p04637_r50,dynamicbind_asd,9,0.69912016,,,1.0,ok,,local,0.69912016,5.0544143
p04637_r50,dynamicbind_asd,10,0.69880974,,,0.0,ok,,local,0.69880974,5.176209
p04637_r50,dynamicbind_asd,11,0.6984307,,,0.0,ok,,local,0.6984307,5.1381097
p04637_r50,dynamicbind_asd,12,0.69283533,,,1.0,ok,,local,0.69283533,4.848771
p04637_r50,dynamicbind_asd,13,0.6920427,,,0.0,ok,,local,0.6920427,5.2292743
p04637_r50,dynamicbind_asd,14,0.6909129,,,0.0,ok,,local,0.6909129,5.0917277
p04637_r50,dynamicbind_asd,15,0.688549,,,0.0,ok,,local,0.688549,5.2370224
p04637_r50,dynamicbind_asd,16,0.68778706,,,1.0,ok,,local,0.68778706,5.156599
p04637_r50,dynamicbind_asd,17,0.6834967,,,0.0,ok,,local,0.6834967,5.209304
p04637_r50,dynamicbind_asd,18,0.68238866,,,1.0,ok,,local,0.68238866,5.1202154
p04637_r50,dynamicbind_asd,19,0.68205094,,,1.0,ok,,local,0.68205094,5.073913
p04637_r50,dynamicbind_asd,20,0.6799395,,,0.0,ok,,local,0.6799395,5.121924
p04637_r50,dynamicbind_asd,21,0.67928964,,,0.0,ok,,local,0.67928964,5.164592
p04637_r50,dynamicbind_asd,22,0.6769429,,,0.0,ok,,local,0.6769429,5.2805705
p04637_r50,dynamicbind_asd,23,0.67573154,,,0.0,ok,,local,0.67573154,5.070859
p04637_r50,dynamicbind_asd,24,0.67199856,,,1.0,ok,,local,0.67199856,5.130232
p04637_r50,dynamicbind_asd,25,0.6683512,,,0.0,ok,,local,0.6683512,5.0792594
p04637_r50,dynamicbind_asd,26,0.6642826,,,0.0,ok,,local,0.6642826,5.09908
p04637_r50,dynamicbind_asd,27,0.663796,,,0.0,ok,,local,0.663796,5.2370596
p04637_r50,dynamicbind_asd,28,0.65990424,,,0.0,ok,,local,0.65990424,5.1727753
p04637_r50,dynamicbind_asd,29,0.65329885,,,0.0,ok,,local,0.65329885,4.975933
p04637_y0v,dynamicbind_asd,0,0.827618,0.4530971348285675,0.9663158059120178,0.0,ok,,local,0.827618,4.3230414
p04637_y0v,dynamicbind_asd,1,0.8224588,0.36868634819984436,0.9726980924606323,0.0,ok,,local,0.8224588,4.310211
p04637_y0v,dynamicbind_asd,2,0.82206243,0.4732407033443451,0.9478079080581665,0.0,ok,,local,0.82206243,4.353043
p04637_y0v,dynamicbind_asd,3,0.8208223,0.37513846158981323,0.9697916507720947,0.0,ok,,local,0.8208223,4.28205
p04637_y0v,dynamicbind_asd,4,0.82064235,0.32394760847091675,0.9790356159210205,0.0,ok,,local,0.82064235,4.3331246
p04637_y0v,dynamicbind_asd,5,0.8184239,0.48351213335990906,0.9612970948219299,0.0,ok,,local,0.8184239,4.40506
p04637_y0v,dynamicbind_asd,6,0.81693906,0.5125717520713806,0.9518828392028809,0.0,ok,,local,0.81693906,4.410968
p04637_y0v,dynamicbind_asd,7,0.8168337,0.34985974431037903,0.9674369692802429,0.0,ok,,local,0.8168337,4.4443917
p04637_y0v,dynamicbind_asd,8,0.81622565,0.8069847226142883,0.9003868699073792,1.0,ok,,local,0.81622565,4.4031067
p04637_y0v,dynamicbind_asd,9,0.81550694,0.9129339456558228,0.8953934907913208,1.0,ok,,local,0.81550694,4.4602246
p04637_y0v,dynamicbind_asd,10,0.8153158,0.47177380323410034,0.9038854837417603,0.0,ok,,local,0.8153158,4.323045
p04637_y0v,dynamicbind_asd,11,0.8143134,0.42236173152923584,0.9220041036605835,0.0,ok,,local,0.8143134,4.244554
p04637_y0v,dynamicbind_asd,12,0.8136269,0.31970998644828796,0.931628406047821,0.0,ok,,local,0.8136269,4.2374716
p04637_y0v,dynamicbind_asd,13,0.8131156,1.0861095190048218,0.8801887035369873,1.0,ok,,local,0.8131156,4.455629
p04637_y0v,dynamicbind_asd,14,0.8128409,0.3688559830188751,0.9257732033729553,0.0,ok,,local,0.8128409,4.169571
p04637_y0v,dynamicbind_asd,15,0.81258625,0.4862557649612427,0.9221311211585999,0.0,ok,,local,0.81258625,4.27654
p04637_y0v,dynamicbind_asd,16,0.8107506,0.6023068428039551,0.9442148804664612,0.0,ok,,local,0.8107506,4.4468436
p04637_y0v,dynamicbind_asd,17,0.8107201,0.38865959644317627,0.9229979515075684,0.0,ok,,local,0.8107201,4.3035994
p04637_y0v,dynamicbind_asd,18,0.8099878,0.6152565479278564,0.9103092551231384,0.0,ok,,local,0.8099878,4.3756127
p04637_y0v,dynamicbind_asd,19,0.8089924,1.0770564079284668,0.8764367699623108,1.0,ok,,local,0.8089924,4.397044
p04637_y0v,dynamicbind_asd,20,0.80816454,0.4719804525375366,0.9134615659713745,0.0,ok,,local,0.80816454,4.306887
p04637_y0v,dynamicbind_asd,21,0.80792207,0.8309574723243713,0.8966733813285828,0.0,ok,,local,0.80792207,4.543483
p04637_y0v,dynamicbind_asd,22,0.8074978,0.9250585436820984,0.8914092779159546,1.0,ok,,local,0.8074978,4.5225697
p04637_y0v,dynamicbind_asd,23,0.806783,0.5862526893615723,0.89726722240448,0.0,ok,,local,0.806783,4.3549294
p04637_y0v,dynamicbind_asd,24,0.8065522,0.7315975427627563,0.914893627166748,1.0,ok,,local,0.8065522,4.4301066
p04637_y0v,dynamicbind_asd,25,0.80323356,0.7377252578735352,0.9094911813735962,1.0,ok,,local,0.80323356,4.440072
p04637_y0v,dynamicbind_asd,26,0.80193764,0.5924694538116455,0.9312865734100342,1.0,ok,,local,0.80193764,4.4887905
p04637_y0v,dynamicbind_asd,27,0.80039364,0.7019960880279541,0.9131067991256714,1.0,ok,,local,0.80039364,4.4711823
p04637_y0v,dynamicbind_asd,28,0.7995467,0.8862074017524719,0.8735294342041016,0.0,ok,,local,0.7995467,4.391738
p04637_y0v,dynamicbind_asd,29,0.7990297,0.8914267420768738,0.8868371248245239,1.0,ok,,local,0.7990297,4.5748997
p06129_mtn,dynamicbind_asd,0,0.6635861,37.00920104980469,0.0,1.0,ok,,local,0.6635861,5.597627
p06129_mtn,dynamicbind_asd,1,0.6178072,36.735137939453125,0.0,1.0,ok,,local,0.6178072,5.3788996
p06129_mtn,dynamicbind_asd,2,0.6149684,24.730764389038086,0.0,1.0,ok,,local,0.6149684,5.898921
p06129_mtn,dynamicbind_asd,3,0.6034216,35.5682258605957,0.0,1.0,ok,,local,0.6034216,5.234256
p06129_mtn,dynamicbind_asd,4,0.59163755,15.043412208557129,0.006837606895714998,1.0,ok,,local,0.59163755,4.7966747
p06129_mtn,dynamicbind_asd,5,0.5744863,13.607742309570312,0.029983792454004288,1.0,ok,,local,0.5744863,5.166934
p06129_mtn,dynamicbind_asd,6,0.55780977,5.305724143981934,0.3313577473163605,1.0,ok,,local,0.55780977,4.766091
p06129_mtn,dynamicbind_asd,7,0.5450346,25.5762996673584,0.0,1.0,ok,,local,0.5450346,4.5940256
p06129_mtn,dynamicbind_asd,8,0.5377631,28.92824363708496,0.0,1.0,ok,,local,0.5377631,4.4201875
p06129_mtn,dynamicbind_asd,9,0.53361857,27.887226104736328,0.0,1.0,ok,,local,0.53361857,4.370723
p06129_mtn,dynamicbind_asd,10,0.52462506,18.76041603088379,0.0,1.0,ok,,local,0.52462506,4.4283476
p06129_mtn,dynamicbind_asd,11,0.47603592,32.360862731933594,0.0,1.0,ok,,local,0.47603592,3.8920412
p06129_mtn,dynamicbind_asd,12,0.46517342,23.13542938232422,0.0,1.0,ok,,local,0.46517342,5.137163
p06129_mtn,dynamicbind_asd,13,0.4457257,33.9827880859375,0.0,1.0,ok,,local,0.4457257,4.2014027
p06129_mtn,dynamicbind_asd,14,0.4401697,35.848777770996094,0.0,1.0,ok,,local,0.4401697,4.2680516
p06129_mtn,dynamicbind_asd,15,0.43333068,34.74192428588867,0.0,1.0,ok,,local,0.43333068,4.054986
p06129_mtn,dynamicbind_asd,16,0.4306618,36.9216194152832,0.0,1.0,ok,,local,0.4306618,4.591687
p06129_mtn,dynamicbind_asd,17,0.4051756,36.39624786376953,0.0,1.0,ok,,local,0.4051756,4.5602393
p06129_mtn,dynamicbind_asd,18,0.38675347,15.460713386535645,0.008815232664346695,1.0,ok,,local,0.38675347,4.515913
p06401_30x,dynamicbind_asd,0,0.7336629,,,0.9652211358345381,ok,,local,0.7336629,6.9602065
p06401_30x,dynamicbind_asd,1,0.7333995,,,0.9552351429822921,ok,,local,0.7333995,7.16681
p06401_30x,dynamicbind_asd,2,0.72996056,,,0.9575804749347572,ok,,local,0.72996056,7.370511
p06401_30x,dynamicbind_asd,3,0.72567016,,,0.962142982325771,ok,,local,0.72567016,6.928241
p06401_30x,dynamicbind_asd,4,0.7254311,,,0.9646156927540286,ok,,local,0.7254311,6.8749213
p06401_30x,dynamicbind_asd,5,0.7233584,,,0.9562337841381001,ok,,local,0.7233584,6.9061213
p06401_30x,dynamicbind_asd,6,0.71869785,,,0.9653234870453486,ok,,local,0.71869785,7.347687
p06401_30x,dynamicbind_asd,7,0.71848905,,,0.9567350542872959,ok,,local,0.71848905,6.7691665
p06401_30x,dynamicbind_asd,8,0.7162051,,,0.9606336968555228,ok,,local,0.7162051,6.848691
p06401_30x,dynamicbind_asd,9,0.7147328,,,0.9565277153925269,ok,,local,0.7147328,7.146386
p06401_30x,dynamicbind_asd,10,0.714329,,,0.9533733062705261,ok,,local,0.714329,7.2378883
p06401_30x,dynamicbind_asd,11,0.71421957,,,0.9549136687581411,ok,,local,0.71421957,7.0665784
p06401_30x,dynamicbind_asd,12,0.71309036,,,0.9632772651982101,ok,,local,0.71309036,7.3325186
p06401_30x,dynamicbind_asd,13,0.7092553,,,0.9615031303582295,ok,,local,0.7092553,6.750005
p06401_30x,dynamicbind_asd,14,0.7076675,,,0.9615455635379552,ok,,local,0.7076675,6.9348054
p06401_30x,dynamicbind_asd,15,0.70756596,,,0.929098827648299,ok,,local,0.70756596,7.0086803
p06401_30x,dynamicbind_asd,16,0.70629114,,,0.9576104174122342,ok,,local,0.70629114,6.9278107
p06401_30x,dynamicbind_asd,17,0.7058192,,,0.9554872877176013,ok,,local,0.7058192,6.6110263
p06401_30x,dynamicbind_asd,18,0.70314765,,,0.9312331077263872,ok,,local,0.70314765,6.9853516
p06401_30x,dynamicbind_asd,19,0.70188,,,0.9620578858408699,ok,,local,0.70188,6.8052645
p06401_30x,dynamicbind_asd,20,0.7007941,,,0.9576838096646582,ok,,local,0.7007941,6.8595033
p06401_30x,dynamicbind_asd,21,0.69995207,,,0.8960385900265143,ok,,local,0.69995207,6.968737
p06401_30x,dynamicbind_asd,22,0.6968004,,,0.928720860352255,ok,,local,0.6968004,6.533356
p06401_30x,dynamicbind_asd,23,0.6930256,,,0.9255617645603704,ok,,local,0.6930256,7.0823145
p06401_30x,dynamicbind_asd,24,0.69114196,,,0.928238448404857,ok,,local,0.69114196,7.101913
p06401_30x,dynamicbind_asd,25,0.6904335,,,0.9635675454289423,ok,,local,0.6904335,6.7082815
p06401_30x,dynamicbind_asd,26,0.69016194,,,0.9543605409744448,ok,,local,0.69016194,7.0283356
p06401_30x,dynamicbind_asd,27,0.6890835,,,0.9551711496371419,ok,,local,0.6890835,6.7674217
p06401_30x,dynamicbind_asd,28,0.6844302,,,0.8976134509079498,ok,,local,0.6844302,6.9916544
p06401_30x,dynamicbind_asd,29,0.6759166,,,0.8829962463127702,ok,,local,0.6759166,7.2907634
p06401_mof,dynamicbind_asd,0,0.7259913,0.9485688209533691,0.8497512340545654,0.9153301059236717,ok,,local,0.7259913,8.03274
p06401_mof,dynamicbind_asd,1,0.7255235,0.816138744354248,0.8213596940040588,0.9140072398204049,ok,,local,0.7255235,8.136834
p06401_mof,dynamicbind_asd,2,0.7240438,0.7992386817932129,0.8656495809555054,0.9131782251402107,ok,,local,0.7240438,8.093659
p06401_mof,dynamicbind_asd,3,0.72402024,0.9355975985527039,0.8522167205810547,0.9154140789339139,ok,,local,0.72402024,7.9066386
p06401_mof,dynamicbind_asd,4,0.7219715,0.8026696443557739,0.9063483476638794,0.916164591204307,ok,,local,0.7219715,8.21262
p06401_mof,dynamicbind_asd,5,0.7211151,,,0.9145585062477816,ok,,local,0.7211151,8.209783
p06401_mof,dynamicbind_asd,6,0.7207737,,,0.9159317226130236,ok,,local,0.7207737,7.908327
p06401_mof,dynamicbind_asd,7,0.7204758,0.9045226573944092,0.873620867729187,0.9171471145860333,ok,,local,0.7204758,7.926507
p06401_mof,dynamicbind_asd,8,0.7202381,0.5641926527023315,0.8737697005271912,0.9107954002707331,ok,,local,0.7202381,7.737927
p06401_mof,dynamicbind_asd,9,0.72010756,0.7895756363868713,0.9043887257575989,0.9150151866493305,ok,,local,0.72010756,8.03164
p06401_mof,dynamicbind_asd,10,0.7183935,0.8896134495735168,0.8240652084350586,0.9150684172195652,ok,,local,0.7183935,8.164853
p06401_mof,dynamicbind_asd,11,0.71832633,0.9072617292404175,0.8671558499336243,0.9254311236798393,ok,,local,0.71832633,7.9462094
p06401_mof,dynamicbind_asd,12,0.7182347,0.9776085615158081,0.8494236469268799,0.9162989189218089,ok,,local,0.7182347,8.012815
p06401_mof,dynamicbind_asd,13,0.7177693,0.6222317814826965,0.885811448097229,0.9225247296792751,ok,,local,0.7177693,8.001911
p06401_mof,dynamicbind_asd,14,0.7168226,0.8615533709526062,0.8352656960487366,0.9140871560955448,ok,,local,0.7168226,8.263076
p06401_mof,dynamicbind_asd,15,0.71676123,0.6435180902481079,0.8654598593711853,0.904621803956542,ok,,local,0.71676123,8.215033
p06401_mof,dynamicbind_asd,16,0.7156609,0.7719287276268005,0.9116876125335693,0.9083169555373348,ok,,local,0.7156609,8.088371
p06401_mof,dynamicbind_asd,17,0.7149007,0.9883331656455994,0.8025229573249817,0.9122575573423916,ok,,local,0.7149007,7.897635
p06401_mof,dynamicbind_asd,18,0.714808,0.504221498966217,0.9414557218551636,0.9070068227255215,ok,,local,0.714808,7.885898
p06401_mof,dynamicbind_asd,19,0.71393526,1.1163225173950195,0.8473340272903442,0.9219223753855165,ok,,local,0.71393526,7.83849
p06401_mof,dynamicbind_asd,20,0.7136199,0.9835802912712097,0.8539156913757324,0.9107046173372989,ok,,local,0.7136199,7.811185
p06401_mof,dynamicbind_asd,21,0.7118807,0.8629128336906433,0.8932555913925171,0.9139690978229834,ok,,local,0.7118807,8.198084
p06401_mof,dynamicbind_asd,22,0.7094395,0.575873076915741,0.9001091718673706,0.8865449581208263,ok,,local,0.7094395,7.977525
p06401_mof,dynamicbind_asd,23,0.7086161,0.7159097194671631,0.8623875975608826,0.9181472760535391,ok,,local,0.7086161,7.937829
p06401_mof,dynamicbind_asd,24,0.70186514,0.8923516869544983,0.8810272812843323,0.8932112124043702,ok,,local,0.70186514,7.760475
p06401_mof,dynamicbind_asd,25,0.701681,0.8081410527229309,0.8522277474403381,0.9160637987138206,ok,,local,0.701681,7.9670835
p06401_mof,dynamicbind_asd,26,0.7014283,0.8729538917541504,0.8478900790214539,0.9185949373314359,ok,,local,0.7014283,7.77288
p06401_mof,dynamicbind_asd,27,0.7006609,0.8552553057670593,0.8739384412765503,0.8811133811185308,ok,,local,0.7006609,7.807286
p06401_mof,dynamicbind_asd,28,0.70029104,1.0077544450759888,0.8358134627342224,0.9260985836909551,ok,,local,0.70029104,7.814658
p06401_mof,dynamicbind_asd,29,0.6974197,0.7521388530731201,0.8815228939056396,0.8848999373939146,ok,,local,0.6974197,7.690452
p06401_t98,dynamicbind_asd,0,0.72940624,,,0.962106781754642,ok,,local,0.72940624,7.387528
p06401_t98,dynamicbind_asd,1,0.72803324,,,0.9632769555013796,ok,,local,0.72803324,7.4627438
p06401_t98,dynamicbind_asd,2,0.7277451,,,0.9627466954779511,ok,,local,0.7277451,7.390025
p06401_t98,dynamicbind_asd,3,0.72636116,,,0.9482712686676431,ok,,local,0.72636116,7.6939297
p06401_t98,dynamicbind_asd,4,0.72479177,,,0.9630850992188503,ok,,local,0.72479177,7.302355
p06401_t98,dynamicbind_asd,5,0.72241837,,,0.9503613130925495,ok,,local,0.72241837,7.6589203
p06401_t98,dynamicbind_asd,6,0.7215634,,,0.9511207096872168,ok,,local,0.7215634,7.7463627
p06401_t98,dynamicbind_asd,7,0.72076434,,,0.9510557649738209,ok,,local,0.72076434,7.6503572
p06401_t98,dynamicbind_asd,8,0.7197819,,,0.9623670717755287,ok,,local,0.7197819,7.38863
p06401_t98,dynamicbind_asd,9,0.7194453,,,0.9492081740422729,ok,,local,0.7194453,7.7413716
p06401_t98,dynamicbind_asd,10,0.7178577,,,0.947672899644963,ok,,local,0.7178577,7.638094
p06401_t98,dynamicbind_asd,11,0.716458,,,0.9478783007336494,ok,,local,0.716458,7.5828114
p06401_t98,dynamicbind_asd,12,0.7120636,,,0.9580060907517846,ok,,local,0.7120636,7.3088336
p06401_t98,dynamicbind_asd,13,0.7117685,,,0.954113321327449,ok,,local,0.7117685,7.3184357
p06401_t98,dynamicbind_asd,14,0.7089383,,,0.9565268520238449,ok,,local,0.7089383,7.2381654
p06401_t98,dynamicbind_asd,15,0.7043163,,,0.9515172094690987,ok,,local,0.7043163,7.7648683
p06401_t98,dynamicbind_asd,16,0.70428574,,,0.952035664059908,ok,,local,0.70428574,7.2729015
p06401_t98,dynamicbind_asd,17,0.7023897,,,0.9613173095168402,ok,,local,0.7023897,7.2563405
p06401_t98,dynamicbind_asd,18,0.69708335,,,0.9478422028202602,ok,,local,0.69708335,7.46989
p06401_t98,dynamicbind_asd,19,0.69304633,,,0.9175393484445568,ok,,local,0.69304633,7.0073905
p06401_t98,dynamicbind_asd,20,0.68818074,,,0.9533672752168024,ok,,local,0.68818074,7.4180946
p06401_t98,dynamicbind_asd,21,0.6851804,,,0.9592682656015477,ok,,local,0.6851804,6.9722767
p06401_t98,dynamicbind_asd,22,0.68361753,,,0.9170770839293889,ok,,local,0.68361753,7.2007747
p06401_t98,dynamicbind_asd,23,0.68138444,,,0.880319278720253,ok,,local,0.68138444,7.155348
p06401_t98,dynamicbind_asd,24,0.6773839,,,0.9239625049673519,ok,,local,0.6773839,6.960373
p06401_t98,dynamicbind_asd,25,0.6769721,,,0.8842851061802227,ok,,local,0.6769721,7.000314
p06401_t98,dynamicbind_asd,26,0.67421657,,,0.9069366136935051,ok,,local,0.67421657,7.0986533
p06401_t98,dynamicbind_asd,27,0.67324895,,,0.8832832714041758,ok,,local,0.67324895,6.8747525
p06401_t98,dynamicbind_asd,28,0.667258,,,0.8818315746971536,ok,,local,0.667258,6.976254
p06401_t98,dynamicbind_asd,29,0.6614053,,,0.9492394340049146,ok,,local,0.6614053,7.0384
p06730_34j,dynamicbind_asd,0,0.5695239,,,1.0,ok,,local,0.5695239,5.873346
p06730_34j,dynamicbind_asd,1,0.5691169,,,1.0,ok,,local,0.5691169,6.0876746
p06730_34j,dynamicbind_asd,2,0.5676548,,,0.0,ok,,local,0.5676548,6.1744814
p06730_34j,dynamicbind_asd,3,0.56677985,,,0.0,ok,,local,0.56677985,6.2135005
p06730_34j,dynamicbind_asd,4,0.5664649,,,0.0,ok,,local,0.5664649,6.182944
p06730_34j,dynamicbind_asd,5,0.5636889,,,1.0,ok,,local,0.5636889,5.896114
p06730_34j,dynamicbind_asd,6,0.5636511,,,0.0,ok,,local,0.5636511,6.718172
p06730_34j,dynamicbind_asd,7,0.55723655,,,1.0,ok,,local,0.55723655,6.2732973
p06730_34j,dynamicbind_asd,8,0.5560898,,,1.0,ok,,local,0.5560898,6.187319
p06730_34j,dynamicbind_asd,9,0.55126804,,,0.0,ok,,local,0.55126804,4.1927557
p06730_34j,dynamicbind_asd,10,0.55101645,,,0.0,ok,,local,0.55101645,5.5630035
p06730_34j,dynamicbind_asd,11,0.54947317,,,0.0,ok,,local,0.54947317,6.0708275
p06730_34j,dynamicbind_asd,12,0.5416306,,,0.0,ok,,local,0.5416306,4.7160635
p06730_34j,dynamicbind_asd,13,0.54142123,,,0.0,ok,,local,0.54142123,4.9219356
p06730_34j,dynamicbind_asd,14,0.53665054,,,1.0,ok,,local,0.53665054,5.921918
p06730_34j,dynamicbind_asd,15,0.5357185,,,0.0,ok,,local,0.5357185,6.054838
p06730_34j,dynamicbind_asd,16,0.5349423,,,0.0,ok,,local,0.5349423,6.0901337
p06730_34j,dynamicbind_asd,17,0.53444564,,,0.0,ok,,local,0.53444564,5.550233
p06730_34j,dynamicbind_asd,18,0.52995753,,,1.0,ok,,local,0.52995753,6.3814206
p06730_34j,dynamicbind_asd,19,0.52914554,,,1.0,ok,,local,0.52914554,6.2598395
p06730_34j,dynamicbind_asd,20,0.52280766,,,1.0,ok,,local,0.52280766,6.536147
p06730_34j,dynamicbind_asd,21,0.5193817,,,1.0,ok,,local,0.5193817,6.0223565
p06730_34j,dynamicbind_asd,22,0.48722616,,,0.0,ok,,local,0.48722616,7.2247877
p06730_34j,dynamicbind_asd,23,0.48489276,,,0.0,ok,,local,0.48489276,6.8160644
p06730_34j,dynamicbind_asd,24,0.48111793,,,0.0,ok,,local,0.48111793,5.659575
p06730_34j,dynamicbind_asd,25,0.4774878,,,0.0,ok,,local,0.4774878,6.247712
p06730_34j,dynamicbind_asd,26,0.47734037,,,0.0,ok,,local,0.47734037,6.340551
p06730_34j,dynamicbind_asd,27,0.47361743,,,0.0,ok,,local,0.47361743,6.371157
p06730_34j,dynamicbind_asd,28,0.46905586,,,0.0,ok,,local,0.46905586,5.4597473
p06730_34j,dynamicbind_asd,29,0.42860994,,,0.0,ok,,local,0.42860994,6.3178673
p06730_hli,dynamicbind_asd,0,0.6418347,1.5272328853607178,0.7544973492622375,0.0,ok,,local,0.6418347,5.6875277
p06730_hli,dynamicbind_asd,1,0.63391364,0.9896698594093323,0.8505337834358215,0.0,ok,,local,0.63391364,5.9845157
p06730_hli,dynamicbind_asd,2,0.6308746,1.3042967319488525,0.7978596687316895,1.0,ok,,local,0.6308746,5.965334
p06730_hli,dynamicbind_asd,3,0.6300763,1.041599154472351,0.8666056394577026,1.0,ok,,local,0.6300763,6.039859
p06730_hli,dynamicbind_asd,4,0.6296116,1.277396559715271,0.781283974647522,0.0,ok,,local,0.6296116,5.8941703
p06730_hli,dynamicbind_asd,5,0.6266038,1.290664553642273,0.8458781242370605,1.0,ok,,local,0.6266038,6.0163364
p06730_hli,dynamicbind_asd,6,0.6263871,1.0029351711273193,0.8081995248794556,0.0,ok,,local,0.6263871,6.034278
p06730_hli,dynamicbind_asd,7,0.623283,1.4890936613082886,0.7604625821113586,0.0,ok,,local,0.623283,5.9601
p06730_hli,dynamicbind_asd,8,0.62292814,1.3129234313964844,0.8151658773422241,1.0,ok,,local,0.62292814,6.03412
p06730_hli,dynamicbind_asd,9,0.62116945,1.1431255340576172,0.8237287998199463,0.0,ok,,local,0.62116945,5.8636155
p06730_hli,dynamicbind_asd,10,0.61840665,0.9555688500404358,0.8888183236122131,1.0,ok,,local,0.61840665,6.0700774
p06730_hli,dynamicbind_asd,11,0.6179149,1.3848382234573364,0.8175355195999146,1.0,ok,,local,0.6179149,6.021979
p06730_hli,dynamicbind_asd,12,0.61585903,1.2812793254852295,0.7892441749572754,1.0,ok,,local,0.61585903,6.1780343
p06730_hli,dynamicbind_asd,13,0.60710573,1.133793830871582,0.7932309508323669,0.0,ok,,local,0.60710573,6.0344954
p06730_hli,dynamicbind_asd,14,0.6044662,1.6892708539962769,0.7285627722740173,1.0,ok,,local,0.6044662,5.663841
p06730_hli,dynamicbind_asd,15,0.5999189,3.562427520751953,0.5457256436347961,0.0,ok,,local,0.5999189,5.9076943
p06730_hli,dynamicbind_asd,16,0.5999172,4.381292819976807,0.48676612973213196,0.0,ok,,local,0.5999172,5.939673
p06730_hli,dynamicbind_asd,17,0.5997537,3.912766218185425,0.4622252881526947,0.0,ok,,local,0.5997537,5.8202324
p06730_hli,dynamicbind_asd,18,0.5874203,3.7478253841400146,0.5021086931228638,0.0,ok,,local,0.5874203,5.9435844
p06730_hli,dynamicbind_asd,19,0.5868057,3.2482223510742188,0.5586548447608948,1.0,ok,,local,0.5868057,5.989445
p06730_hli,dynamicbind_asd,20,0.5859054,2.739039421081543,0.568965494632721,0.0,ok,,local,0.5859054,5.9656644
p06730_hli,dynamicbind_asd,21,0.58555144,3.619696617126465,0.5182215571403503,0.0,ok,,local,0.58555144,5.970526
p06730_hli,dynamicbind_asd,22,0.58007663,2.7600417137145996,0.6018980741500854,0.0,ok,,local,0.58007663,6.067188
p06730_hli,dynamicbind_asd,23,0.57967305,4.57537317276001,0.4391084611415863,0.0,ok,,local,0.57967305,5.9920087
p06730_hli,dynamicbind_asd,24,0.5791893,3.406611919403076,0.5431472063064575,1.0,ok,,local,0.5791893,6.037299
p06730_hli,dynamicbind_asd,25,0.575149,4.3970794677734375,0.4563899338245392,0.0,ok,,local,0.575149,5.831743
p06730_hli,dynamicbind_asd,26,0.565669,29.9394474029541,0.0,0.0,ok,,local,0.565669,6.174725
p06730_hli,dynamicbind_asd,27,0.5563976,30.47136116027832,0.0,0.0,ok,,local,0.5563976,6.174355
p06730_hli,dynamicbind_asd,28,0.5416419,6.638278007507324,0.3625498116016388,0.0,ok,,local,0.5416419,6.1254406
p06730_z5d,dynamicbind_asd,0,0.61166084,,,0.0,ok,,local,0.61166084,5.516809
p06730_z5d,dynamicbind_asd,1,0.5854816,,,0.0,ok,,local,0.5854816,5.9155025
p06730_z5d,dynamicbind_asd,2,0.55385,,,0.0,ok,,local,0.55385,6.7121186
p06730_z5d,dynamicbind_asd,3,0.55069405,,,0.0,ok,,local,0.55069405,5.7679315
p06730_z5d,dynamicbind_asd,4,0.5496558,,,0.0,ok,,local,0.5496558,7.178821
p06730_z5d,dynamicbind_asd,5,0.5355888,,,1.0,ok,,local,0.5355888,6.740963
p06730_z5d,dynamicbind_asd,6,0.5334902,,,0.0,ok,,local,0.5334902,7.171942
p06730_z5d,dynamicbind_asd,7,0.527397,,,1.0,ok,,local,0.527397,7.2144938
p06730_z5d,dynamicbind_asd,8,0.52615875,,,1.0,ok,,local,0.52615875,6.8426075
p06730_z5d,dynamicbind_asd,9,0.51986057,,,0.0,ok,,local,0.51986057,6.7075877
p06730_z5d,dynamicbind_asd,10,0.5188045,,,0.0,ok,,local,0.5188045,6.3327684
p06730_z5d,dynamicbind_asd,11,0.51806915,,,0.0,ok,,local,0.51806915,7.0255203
p06730_z5d,dynamicbind_asd,12,0.5175192,,,0.0,ok,,local,0.5175192,6.7522607
p06730_z5d,dynamicbind_asd,13,0.51575047,,,0.0,ok,,local,0.51575047,6.5884943
p06730_z5d,dynamicbind_asd,14,0.51184267,,,0.0,ok,,local,0.51184267,6.8779826
p06730_z5d,dynamicbind_asd,15,0.5084143,,,0.0,ok,,local,0.5084143,7.0530844
p06730_z5d,dynamicbind_asd,16,0.5047583,,,1.0,ok,,local,0.5047583,5.149853
p06730_z5d,dynamicbind_asd,17,0.50388944,,,0.0,ok,,local,0.50388944,5.854262
p06730_z5d,dynamicbind_asd,18,0.5003838,,,1.0,ok,,local,0.5003838,6.702284
p06730_z5d,dynamicbind_asd,19,0.5002037,,,0.0,ok,,local,0.5002037,7.002349
p06730_z5d,dynamicbind_asd,20,0.498776,,,1.0,ok,,local,0.498776,6.907771
p06730_z5d,dynamicbind_asd,21,0.48997122,,,0.0,ok,,local,0.48997122,7.2247276
p06730_z5d,dynamicbind_asd,22,0.4874376,,,1.0,ok,,local,0.4874376,6.9692225
p06730_z5d,dynamicbind_asd,23,0.48164174,,,0.0,ok,,local,0.48164174,7.008054
p06730_z5d,dynamicbind_asd,24,0.47814852,,,1.0,ok,,local,0.47814852,5.98018
p06730_z5d,dynamicbind_asd,25,0.47585145,,,1.0,ok,,local,0.47585145,7.397847
p06730_z5d,dynamicbind_asd,26,0.4739563,,,0.0,ok,,local,0.4739563,6.4501953
p06730_z5d,dynamicbind_asd,27,0.47065103,,,0.0,ok,,local,0.47065103,6.5601835
p06730_z5d,dynamicbind_asd,28,0.45333594,,,0.0,ok,,local,0.45333594,7.2875414
p06730_z5d,dynamicbind_asd,29,0.44638723,,,1.0,ok,,local,0.44638723,6.994108
p06873_pyz,dynamicbind_asd,0,0.70624095,27.71270179748535,0.0,1.0,ok,,local,0.70624095,2.386323
p06873_pyz,dynamicbind_asd,1,0.6885603,26.24696922302246,0.0,1.0,ok,,local,0.6885603,2.6840048
p06873_pyz,dynamicbind_asd,2,0.6818428,26.885576248168945,0.0,1.0,ok,,local,0.6818428,2.464592
p06873_pyz,dynamicbind_asd,3,0.6784427,27.102298736572266,0.0,1.0,ok,,local,0.6784427,2.462938
p06873_pyz,dynamicbind_asd,4,0.6771542,27.02591896057129,0.0,1.0,ok,,local,0.6771542,2.4825587
p06873_pyz,dynamicbind_asd,5,0.6726456,26.84149742126465,0.0,1.0,ok,,local,0.6726456,2.440075
p06873_pyz,dynamicbind_asd,6,0.6695966,27.233060836791992,0.0,1.0,ok,,local,0.6695966,2.5429635
p06873_pyz,dynamicbind_asd,7,0.6679917,26.42107582092285,0.0,1.0,ok,,local,0.6679917,2.727868
p06873_pyz,dynamicbind_asd,8,0.6675255,26.95100212097168,0.0,1.0,ok,,local,0.6675255,2.5423787
p06873_pyz,dynamicbind_asd,9,0.6660149,27.778118133544922,0.0,1.0,ok,,local,0.6660149,2.6211233
p07260_m7g,dynamicbind_asd,0,0.63998246,,,1.0,ok,,local,0.63998246,5.1278176
p07260_m7g,dynamicbind_asd,1,0.63940597,,,1.0,ok,,local,0.63940597,4.9483566
p07260_m7g,dynamicbind_asd,2,0.6346289,,,1.0,ok,,local,0.6346289,5.3720746
p07260_m7g,dynamicbind_asd,3,0.6273369,,,1.0,ok,,local,0.6273369,5.362055
p07260_m7g,dynamicbind_asd,4,0.62682176,,,1.0,ok,,local,0.62682176,5.101984
p07260_m7g,dynamicbind_asd,5,0.6251921,,,1.0,ok,,local,0.6251921,5.2618694
p07260_m7g,dynamicbind_asd,6,0.6239884,,,1.0,ok,,local,0.6239884,5.3824596
p07260_m7g,dynamicbind_asd,7,0.62323725,,,1.0,ok,,local,0.62323725,5.3569064
p07260_m7g,dynamicbind_asd,8,0.62206244,,,1.0,ok,,local,0.62206244,5.3412457
p07260_m7g,dynamicbind_asd,9,0.5919435,,,1.0,ok,,local,0.5919435,5.0611095
p07900_06h,dynamicbind_asd,0,0.70322704,,,1.0,ok,,local,0.70322704,6.505646
p07900_06h,dynamicbind_asd,1,0.70146316,,,1.0,ok,,local,0.70146316,6.6055956
p07900_06h,dynamicbind_asd,2,0.6992638,,,1.0,ok,,local,0.6992638,6.5713744
p07900_06h,dynamicbind_asd,3,0.69885993,,,1.0,ok,,local,0.69885993,6.6588964
p07900_06h,dynamicbind_asd,4,0.69758785,,,1.0,ok,,local,0.69758785,6.4659905
p07900_06h,dynamicbind_asd,5,0.6975349,,,1.0,ok,,local,0.6975349,6.639602
p07900_06h,dynamicbind_asd,6,0.69745356,,,1.0,ok,,local,0.69745356,6.524275
p07900_06h,dynamicbind_asd,7,0.6970133,,,1.0,ok,,local,0.6970133,6.5720806
p07900_06h,dynamicbind_asd,8,0.69649667,,,1.0,ok,,local,0.69649667,6.6102624
p07900_06h,dynamicbind_asd,9,0.6956999,,,1.0,ok,,local,0.6956999,6.6941686
p07900_06h,dynamicbind_asd,10,0.69413835,,,1.0,ok,,local,0.69413835,6.529809
p07900_06h,dynamicbind_asd,11,0.69375926,,,1.0,ok,,local,0.69375926,6.5372825
p07900_06h,dynamicbind_asd,12,0.6936593,,,1.0,ok,,local,0.6936593,6.623017
p07900_06h,dynamicbind_asd,13,0.69308746,,,1.0,ok,,local,0.69308746,6.615211
p07900_06h,dynamicbind_asd,14,0.69300157,,,1.0,ok,,local,0.69300157,6.5637856
p07900_06h,dynamicbind_asd,15,0.6927888,,,1.0,ok,,local,0.6927888,6.6642156
p07900_06h,dynamicbind_asd,16,0.6926132,,,1.0,ok,,local,0.6926132,6.686924
p07900_06h,dynamicbind_asd,17,0.6920335,,,1.0,ok,,local,0.6920335,6.6665797
p07900_06h,dynamicbind_asd,18,0.6914365,,,1.0,ok,,local,0.6914365,6.633726
p07900_06h,dynamicbind_asd,19,0.6913137,,,1.0,ok,,local,0.6913137,6.6863384
p07900_06h,dynamicbind_asd,20,0.6899732,,,1.0,ok,,local,0.6899732,6.6513505
p07900_06h,dynamicbind_asd,21,0.6898197,,,1.0,ok,,local,0.6898197,6.642437
p07900_06h,dynamicbind_asd,22,0.68974394,,,1.0,ok,,local,0.68974394,6.544886
p07900_06h,dynamicbind_asd,23,0.6893738,,,1.0,ok,,local,0.6893738,6.5549355
p07900_06h,dynamicbind_asd,24,0.6877973,,,1.0,ok,,local,0.6877973,6.642674
p07900_06h,dynamicbind_asd,25,0.68744785,,,1.0,ok,,local,0.68744785,6.6326137
p07900_06h,dynamicbind_asd,26,0.68563616,,,1.0,ok,,local,0.68563616,6.533287
p07900_06h,dynamicbind_asd,27,0.6843736,,,1.0,ok,,local,0.6843736,6.7018256
p07900_06h,dynamicbind_asd,28,0.6815705,,,1.0,ok,,local,0.6815705,6.662605
p07900_06h,dynamicbind_asd,29,0.6738928,,,1.0,ok,,local,0.6738928,6.6866446
p07900_73j,dynamicbind_asd,0,0.60961884,1.0359492301940918,0.8390980958938599,1.0,ok,,local,0.60961884,6.981239
p07900_73j,dynamicbind_asd,1,0.60015726,1.3278799057006836,0.7854477763175964,1.0,ok,,local,0.60015726,6.7689147
p07900_73j,dynamicbind_asd,2,0.5916039,1.3976560831069946,0.7797916531562805,1.0,ok,,local,0.5916039,6.8297496
p07900_73j,dynamicbind_asd,3,0.5914502,1.5534487962722778,0.7311828136444092,1.0,ok,,local,0.5914502,6.9511633
p07900_73j,dynamicbind_asd,4,0.58946526,1.143763542175293,0.8121750354766846,1.0,ok,,local,0.58946526,7.08216
p07900_73j,dynamicbind_asd,5,0.58764124,1.24163818359375,0.7758620977401733,1.0,ok,,local,0.58764124,6.505413
p07900_73j,dynamicbind_asd,6,0.58576685,4.360249996185303,0.40985578298568726,1.0,ok,,local,0.58576685,6.442136
p07900_73j,dynamicbind_asd,7,0.584109,1.3626457452774048,0.7779881954193115,1.0,ok,,local,0.584109,6.6750894
p07900_73j,dynamicbind_asd,8,0.58289707,1.5729453563690186,0.7423108816146851,1.0,ok,,local,0.58289707,6.8715353
p07900_73j,dynamicbind_asd,9,0.5814026,1.536241888999939,0.7107030153274536,1.0,ok,,local,0.5814026,6.287623
p07900_73j,dynamicbind_asd,10,0.58093643,2.2070484161376953,0.6489197611808777,1.0,ok,,local,0.58093643,6.34072
p07900_73j,dynamicbind_asd,11,0.5808108,4.306769371032715,0.41184768080711365,1.0,ok,,local,0.5808108,6.4325233
p07900_73j,dynamicbind_asd,12,0.57975215,1.626044511795044,0.7188518047332764,1.0,ok,,local,0.57975215,6.570744
p07900_73j,dynamicbind_asd,13,0.5783017,1.504963994026184,0.7215954661369324,1.0,ok,,local,0.5783017,6.3982167
p07900_73j,dynamicbind_asd,14,0.57555753,1.263999104499817,0.7597835063934326,1.0,ok,,local,0.57555753,6.313744
p07900_73j,dynamicbind_asd,15,0.5711549,1.3480886220932007,0.7524271607398987,1.0,ok,,local,0.5711549,6.4121933
p07900_73j,dynamicbind_asd,16,0.57002485,1.5488909482955933,0.7264610528945923,1.0,ok,,local,0.57002485,6.512119
p07900_73j,dynamicbind_asd,17,0.5695234,1.5910370349884033,0.7202136516571045,1.0,ok,,local,0.5695234,6.5545163
p07900_73j,dynamicbind_asd,18,0.5565789,4.45843505859375,0.4251207709312439,1.0,ok,,local,0.5565789,6.2817254
p07900_73j,dynamicbind_asd,19,0.51245236,5.099531173706055,0.5089137554168701,1.0,ok,,local,0.51245236,6.126153
p07900_h64,dynamicbind_asd,0,0.6559839,1.856961727142334,0.6473855972290039,1.0,ok,,local,0.6559839,5.6503944
p07900_h64,dynamicbind_asd,1,0.6497464,1.364679217338562,0.7672540545463562,1.0,ok,,local,0.6497464,5.603023
p07900_h64,dynamicbind_asd,2,0.6474158,1.2090473175048828,0.8028919100761414,1.0,ok,,local,0.6474158,5.7237964
p07900_h64,dynamicbind_asd,3,0.6450772,2.008708953857422,0.7482143044471741,1.0,ok,,local,0.6450772,5.6950483
p07900_h64,dynamicbind_asd,4,0.6440798,2.002943515777588,0.7356114983558655,1.0,ok,,local,0.6440798,5.677459
p07900_h64,dynamicbind_asd,5,0.64261335,1.827864170074463,0.7414407730102539,1.0,ok,,local,0.64261335,5.5504827
p07900_h64,dynamicbind_asd,6,0.64052176,1.8166143894195557,0.7604166865348816,1.0,ok,,local,0.64052176,5.4860053
p07900_h64,dynamicbind_asd,7,0.6383548,4.433650970458984,0.5423611402511597,1.0,ok,,local,0.6383548,4.6816015
p07900_h64,dynamicbind_asd,8,0.6367349,1.0832098722457886,0.8605918884277344,1.0,ok,,local,0.6367349,5.495958
p07900_h64,dynamicbind_asd,9,0.6355105,2.015960216522217,0.6986486315727234,1.0,ok,,local,0.6355105,5.425106
p07900_h64,dynamicbind_asd,10,0.6348169,2.024662733078003,0.7209543585777283,1.0,ok,,local,0.6348169,5.467105
p07900_h64,dynamicbind_asd,11,0.63121825,4.460302829742432,0.4463028311729431,1.0,ok,,local,0.63121825,5.39171
p07900_h64,dynamicbind_asd,12,0.63031286,1.7615842819213867,0.7329235076904297,1.0,ok,,local,0.63031286,5.106699
p07900_h64,dynamicbind_asd,13,0.6255501,4.909390926361084,0.4858611822128296,1.0,ok,,local,0.6255501,4.9368553
p07900_h64,dynamicbind_asd,14,0.6234148,1.8830288648605347,0.7981455326080322,1.0,ok,,local,0.6234148,4.7515106
p07900_h64,dynamicbind_asd,15,0.62217474,1.826519250869751,0.7858664989471436,1.0,ok,,local,0.62217474,4.906953
p07900_h64,dynamicbind_asd,16,0.62161154,4.408090114593506,0.4384743869304657,1.0,ok,,local,0.62161154,5.332162
p07900_h64,dynamicbind_asd,17,0.6204804,3.8544328212738037,0.4736540615558624,1.0,ok,,local,0.6204804,5.7414894
p07900_h64,dynamicbind_asd,18,0.620108,3.595273971557617,0.5387324094772339,1.0,ok,,local,0.620108,4.8288813
p07900_h64,dynamicbind_asd,19,0.6140781,2.389824628829956,0.686533510684967,1.0,ok,,local,0.6140781,5.393291
p07900_h64,dynamicbind_asd,20,0.6136123,3.968940496444702,0.5772664546966553,1.0,ok,,local,0.6136123,4.4619737
p07900_h64,dynamicbind_asd,21,0.6133804,3.8574507236480713,0.4824022352695465,1.0,ok,,local,0.6133804,5.7156434
p07900_h64,dynamicbind_asd,22,0.6101465,2.3851099014282227,0.6898148059844971,1.0,ok,,local,0.6101465,5.421034
p07900_h64,dynamicbind_asd,23,0.60336655,3.7578508853912354,0.5165505409240723,1.0,ok,,local,0.60336655,5.715023
p07900_h64,dynamicbind_asd,24,0.5967558,4.4479241371154785,0.4433443248271942,1.0,ok,,local,0.5967558,5.202143
p07900_h64,dynamicbind_asd,25,0.5906429,4.484967231750488,0.43557268381118774,1.0,ok,,local,0.5906429,5.1938963
p07900_h64,dynamicbind_asd,26,0.590544,4.11980676651001,0.4936467707157135,1.0,ok,,local,0.590544,4.400821
p07900_h64,dynamicbind_asd,27,0.58505136,4.037369728088379,0.48679471015930176,1.0,ok,,local,0.58505136,4.477238
p07900_h64,dynamicbind_asd,28,0.5797239,3.9386301040649414,0.4982227385044098,1.0,ok,,local,0.5797239,4.8269877
p07900_h64,dynamicbind_asd,29,0.5729751,4.002321720123291,0.49275362491607666,1.0,ok,,local,0.5729751,4.898327
p07900_mex,dynamicbind_asd,0,0.78125644,,,1.0,ok,,local,0.78125644,5.4952064
p07900_mex,dynamicbind_asd,1,0.7799869,,,1.0,ok,,local,0.7799869,5.639617
p07900_mex,dynamicbind_asd,2,0.7766756,,,1.0,ok,,local,0.7766756,5.509679
p07900_mex,dynamicbind_asd,3,0.775758,,,1.0,ok,,local,0.775758,5.5189123
p07900_mex,dynamicbind_asd,4,0.77443063,,,1.0,ok,,local,0.77443063,5.609718
p07900_mex,dynamicbind_asd,5,0.7744256,,,1.0,ok,,local,0.7744256,5.6799893
p07900_mex,dynamicbind_asd,6,0.77302366,,,1.0,ok,,local,0.77302366,5.4420652
p07900_mex,dynamicbind_asd,7,0.7705901,,,1.0,ok,,local,0.7705901,5.5221086
p07900_mex,dynamicbind_asd,8,0.76958287,,,1.0,ok,,local,0.76958287,5.55345
p07900_mex,dynamicbind_asd,9,0.7676742,,,1.0,ok,,local,0.7676742,5.571417
p07900_mex,dynamicbind_asd,10,0.76742905,,,1.0,ok,,local,0.76742905,5.7041445
p07900_mex,dynamicbind_asd,11,0.7671326,,,1.0,ok,,local,0.7671326,5.6761436
p07900_mex,dynamicbind_asd,12,0.7659027,,,1.0,ok,,local,0.7659027,5.613512
p07900_mex,dynamicbind_asd,13,0.76408905,,,1.0,ok,,local,0.76408905,5.6278625
p07900_mex,dynamicbind_asd,14,0.7640363,,,1.0,ok,,local,0.7640363,5.48298
p07900_mex,dynamicbind_asd,15,0.76285714,,,1.0,ok,,local,0.76285714,5.5862045
p07900_mex,dynamicbind_asd,16,0.76232857,,,1.0,ok,,local,0.76232857,5.5512385
p07900_mex,dynamicbind_asd,17,0.76071334,,,1.0,ok,,local,0.76071334,5.623398
p07900_mex,dynamicbind_asd,18,0.7598654,,,1.0,ok,,local,0.7598654,5.564581
p07900_mex,dynamicbind_asd,19,0.7595532,,,1.0,ok,,local,0.7595532,5.542889
p07900_mex,dynamicbind_asd,20,0.7588678,,,1.0,ok,,local,0.7588678,5.6911387
p07900_mex,dynamicbind_asd,21,0.7585314,,,1.0,ok,,local,0.7585314,5.635943
p07900_mex,dynamicbind_asd,22,0.7584662,,,1.0,ok,,local,0.7584662,5.4974766
p07900_mex,dynamicbind_asd,23,0.75524104,,,1.0,ok,,local,0.75524104,5.611409
p07900_mex,dynamicbind_asd,24,0.7541653,,,1.0,ok,,local,0.7541653,5.706095
p07900_mex,dynamicbind_asd,25,0.75297254,,,1.0,ok,,local,0.75297254,5.616565
p07900_mex,dynamicbind_asd,26,0.7262613,,,1.0,ok,,local,0.7262613,5.2092075
p07900_mex,dynamicbind_asd,27,0.72422194,,,1.0,ok,,local,0.72422194,5.1940045
p07900_mex,dynamicbind_asd,28,0.71422553,,,1.0,ok,,local,0.71422553,5.1997538
p07900_mex,dynamicbind_asd,29,0.7075112,,,1.0,ok,,local,0.7075112,5.199671
p07900_q2d,dynamicbind_asd,0,0.6122107,,,1.0,ok,,local,0.6122107,6.265458
p07900_q2d,dynamicbind_asd,1,0.6097409,,,1.0,ok,,local,0.6097409,5.6753945
p07900_q2d,dynamicbind_asd,2,0.60355604,,,1.0,ok,,local,0.60355604,6.304249
p07900_q2d,dynamicbind_asd,3,0.60252213,,,1.0,ok,,local,0.60252213,5.924063
p07900_q2d,dynamicbind_asd,4,0.60000557,,,1.0,ok,,local,0.60000557,5.909732
p07900_q2d,dynamicbind_asd,5,0.59605646,,,1.0,ok,,local,0.59605646,6.274483
p07900_q2d,dynamicbind_asd,6,0.59564584,,,1.0,ok,,local,0.59564584,5.8499184
p07900_q2d,dynamicbind_asd,7,0.5951128,,,1.0,ok,,local,0.5951128,5.692117
p07900_q2d,dynamicbind_asd,8,0.58073294,,,1.0,ok,,local,0.58073294,5.497456
p07900_q2d,dynamicbind_asd,9,0.5781135,,,1.0,ok,,local,0.5781135,5.581939
p07900_q2d,dynamicbind_asd,10,0.5696845,,,1.0,ok,,local,0.5696845,5.375568
p07900_q2d,dynamicbind_asd,11,0.568243,,,1.0,ok,,local,0.568243,5.775582
p07900_q2d,dynamicbind_asd,12,0.56359285,,,1.0,ok,,local,0.56359285,5.138701
p07900_q2d,dynamicbind_asd,13,0.55243146,,,1.0,ok,,local,0.55243146,5.8541803
p07900_q2d,dynamicbind_asd,14,0.54937756,,,1.0,ok,,local,0.54937756,5.843479
p07900_q2d,dynamicbind_asd,15,0.5430512,,,1.0,ok,,local,0.5430512,5.4013257
p07900_q2d,dynamicbind_asd,16,0.53888154,,,1.0,ok,,local,0.53888154,5.852384
p07900_q2d,dynamicbind_asd,17,0.5357825,,,1.0,ok,,local,0.5357825,5.672923
p07900_q2d,dynamicbind_asd,18,0.5273255,,,1.0,ok,,local,0.5273255,5.6838765
p07900_q2d,dynamicbind_asd,19,0.527215,,,1.0,ok,,local,0.527215,6.09163
p08069_bmi,dynamicbind_asd,0,0.71216637,2.6487693786621094,0.714411735534668,1.0,ok,,local,0.71216637,6.6055174
p08069_bmi,dynamicbind_asd,1,0.6959502,2.1312997341156006,0.6723756790161133,1.0,ok,,local,0.6959502,6.6674786
p08069_bmi,dynamicbind_asd,2,0.69518834,3.2598164081573486,0.5961748361587524,1.0,ok,,local,0.69518834,6.379479
p08069_bmi,dynamicbind_asd,3,0.6935661,3.477017641067505,0.6118143200874329,1.0,ok,,local,0.6935661,6.751023
p08069_bmi,dynamicbind_asd,4,0.6935109,3.5622823238372803,0.5950413346290588,1.0,ok,,local,0.6935109,6.7151575
p08069_bmi,dynamicbind_asd,5,0.6904891,2.235827922821045,0.6168721914291382,1.0,ok,,local,0.6904891,6.2401586
p08069_bmi,dynamicbind_asd,6,0.6893168,2.642735481262207,0.6298515796661377,1.0,ok,,local,0.6893168,6.414988
p08069_bmi,dynamicbind_asd,7,0.6887621,3.319284200668335,0.6430939435958862,1.0,ok,,local,0.6887621,6.6916504
p08069_bmi,dynamicbind_asd,8,0.6813562,2.180551290512085,0.6106785535812378,1.0,ok,,local,0.6813562,6.4378595
p08069_bmi,dynamicbind_asd,9,0.6798476,2.904538869857788,0.6820619702339172,1.0,ok,,local,0.6798476,6.3536243
p08069_bmi,dynamicbind_asd,10,0.6772248,3.524226665496826,0.532873809337616,1.0,ok,,local,0.6772248,6.788866
p08069_bmi,dynamicbind_asd,11,0.677203,2.0570948123931885,0.7449284195899963,1.0,ok,,local,0.677203,6.681224
p08069_bmi,dynamicbind_asd,12,0.6769775,3.0850861072540283,0.5596307516098022,1.0,ok,,local,0.6769775,7.050155
p08069_bmi,dynamicbind_asd,13,0.67513984,2.9961342811584473,0.7139830589294434,1.0,ok,,local,0.67513984,6.662188
p08069_bmi,dynamicbind_asd,14,0.67052305,2.503405809402466,0.6998299360275269,1.0,ok,,local,0.67052305,6.678138
p08069_bmi,dynamicbind_asd,15,0.66858053,3.6585235595703125,0.5826901793479919,1.0,ok,,local,0.66858053,6.8452587
p08069_bmi,dynamicbind_asd,16,0.66727895,2.0500993728637695,0.6628308296203613,1.0,ok,,local,0.66727895,6.444149
p08069_bmi,dynamicbind_asd,17,0.66505325,3.0486114025115967,0.5290155410766602,1.0,ok,,local,0.66505325,6.742722
p08069_bmi,dynamicbind_asd,18,0.66354513,2.368364095687866,0.6830459833145142,1.0,ok,,local,0.66354513,6.6387515
p08069_bmi,dynamicbind_asd,19,0.6629205,4.159107208251953,0.5296391844749451,1.0,ok,,local,0.6629205,7.1682215
p08069_bmi,dynamicbind_asd,20,0.66091985,3.6485955715179443,0.518842875957489,1.0,ok,,local,0.66091985,6.8746037
p08069_bmi,dynamicbind_asd,21,0.6594923,3.134446620941162,0.5565239191055298,1.0,ok,,local,0.6594923,6.86213
p08069_bmi,dynamicbind_asd,22,0.6553832,2.711083173751831,0.6630558967590332,1.0,ok,,local,0.6553832,6.5339103
p08069_bmi,dynamicbind_asd,23,0.6531427,2.6488332748413086,0.6183510422706604,1.0,ok,,local,0.6531427,7.182376
p08069_bmi,dynamicbind_asd,24,0.65277684,2.972768545150757,0.5112016201019287,1.0,ok,,local,0.65277684,6.5779886
p08069_bmi,dynamicbind_asd,25,0.6510533,3.5015296936035156,0.5633543729782104,1.0,ok,,local,0.6510533,7.042232
p08069_bmi,dynamicbind_asd,26,0.6482523,2.2729642391204834,0.5773480534553528,1.0,ok,,local,0.6482523,7.0249734
p08069_bmi,dynamicbind_asd,27,0.6435325,3.1721489429473877,0.5963569283485413,1.0,ok,,local,0.6435325,6.770892
p08069_bmi,dynamicbind_asd,28,0.63482416,4.351691246032715,0.5142487287521362,1.0,ok,,local,0.63482416,6.8914905
p08069_bmi,dynamicbind_asd,29,0.6262914,4.528072357177734,0.4997502565383911,1.0,ok,,local,0.6262914,7.043232
p08069_lgv,dynamicbind_asd,0,0.69070524,,,1.0,ok,,local,0.69070524,7.783264
p08069_lgv,dynamicbind_asd,1,0.6888156,,,1.0,ok,,local,0.6888156,7.481613
p08069_lgv,dynamicbind_asd,2,0.68652815,,,1.0,ok,,local,0.68652815,7.7126517
p08069_lgv,dynamicbind_asd,3,0.6832112,,,1.0,ok,,local,0.6832112,7.1485705
p08069_lgv,dynamicbind_asd,4,0.68255055,,,1.0,ok,,local,0.68255055,8.19377
p08069_lgv,dynamicbind_asd,5,0.6741988,,,1.0,ok,,local,0.6741988,7.6128454
p08069_lgv,dynamicbind_asd,6,0.6711373,,,1.0,ok,,local,0.6711373,7.926874
p08069_lgv,dynamicbind_asd,7,0.66930765,,,1.0,ok,,local,0.66930765,7.472304
p08069_lgv,dynamicbind_asd,8,0.66930306,,,1.0,ok,,local,0.66930306,7.91399
p08069_lgv,dynamicbind_asd,9,0.6692099,,,1.0,ok,,local,0.6692099,7.329721
p08069_lgv,dynamicbind_asd,10,0.66903627,,,1.0,ok,,local,0.66903627,7.401289
p08069_lgv,dynamicbind_asd,11,0.6683325,,,1.0,ok,,local,0.6683325,8.179142
p08069_lgv,dynamicbind_asd,12,0.6669468,,,1.0,ok,,local,0.6669468,8.061028
p08069_lgv,dynamicbind_asd,13,0.6665818,,,1.0,ok,,local,0.6665818,7.8879547
p08069_lgv,dynamicbind_asd,14,0.66629124,,,1.0,ok,,local,0.66629124,7.881938
p08069_lgv,dynamicbind_asd,15,0.665555,,,1.0,ok,,local,0.665555,7.3964505
p08069_lgv,dynamicbind_asd,16,0.6616045,,,1.0,ok,,local,0.6616045,8.087695
p08069_lgv,dynamicbind_asd,17,0.66127676,,,1.0,ok,,local,0.66127676,7.7357645
p08069_lgv,dynamicbind_asd,18,0.6608637,,,1.0,ok,,local,0.6608637,7.7521124
p08069_lgv,dynamicbind_asd,19,0.66065747,,,1.0,ok,,local,0.66065747,7.448224
p08069_lgv,dynamicbind_asd,20,0.6580097,,,1.0,ok,,local,0.6580097,7.8158617
p08069_lgv,dynamicbind_asd,21,0.65778,,,1.0,ok,,local,0.65778,7.6256323
p08069_lgv,dynamicbind_asd,22,0.6529201,,,1.0,ok,,local,0.6529201,7.8840175
p08069_lgv,dynamicbind_asd,23,0.6529113,,,1.0,ok,,local,0.6529113,7.535826
p08069_lgv,dynamicbind_asd,24,0.65041953,,,1.0,ok,,local,0.65041953,7.702004
p08069_lgv,dynamicbind_asd,25,0.6495499,,,1.0,ok,,local,0.6495499,6.904641
p08069_lgv,dynamicbind_asd,26,0.6446836,,,1.0,ok,,local,0.6446836,6.805501
p08069_lgv,dynamicbind_asd,27,0.6432603,,,1.0,ok,,local,0.6432603,7.7996516
p08069_lgv,dynamicbind_asd,28,0.64079946,,,1.0,ok,,local,0.64079946,7.98154
p08069_lgv,dynamicbind_asd,29,0.626539,,,1.0,ok,,local,0.626539,7.7549276
p08069_lgw,dynamicbind_asd,0,0.68651575,,,1.0,ok,,local,0.68651575,8.382302
p08069_lgw,dynamicbind_asd,1,0.67708147,,,1.0,ok,,local,0.67708147,7.8944564
p08069_lgw,dynamicbind_asd,2,0.6765227,,,1.0,ok,,local,0.6765227,7.9780507
p08069_lgw,dynamicbind_asd,3,0.67615366,,,1.0,ok,,local,0.67615366,8.0495615
p08069_lgw,dynamicbind_asd,4,0.671445,,,1.0,ok,,local,0.671445,8.2841425
p08069_lgw,dynamicbind_asd,5,0.6607763,,,1.0,ok,,local,0.6607763,7.964323
p08069_lgw,dynamicbind_asd,6,0.6601884,,,1.0,ok,,local,0.6601884,8.239663
p08069_lgw,dynamicbind_asd,7,0.65970427,,,1.0,ok,,local,0.65970427,8.069952
p08069_lgw,dynamicbind_asd,8,0.6581176,,,1.0,ok,,local,0.6581176,7.8266587
p08069_lgw,dynamicbind_asd,9,0.657895,,,1.0,ok,,local,0.657895,7.730129
p08069_lgw,dynamicbind_asd,10,0.6543477,,,1.0,ok,,local,0.6543477,8.054699
p08069_lgw,dynamicbind_asd,11,0.6503678,,,1.0,ok,,local,0.6503678,8.124688
p08069_lgw,dynamicbind_asd,12,0.6502223,,,1.0,ok,,local,0.6502223,7.727222
p08069_lgw,dynamicbind_asd,13,0.6487877,,,1.0,ok,,local,0.6487877,8.102376
p08069_lgw,dynamicbind_asd,14,0.64477473,,,1.0,ok,,local,0.64477473,7.977949
p08069_lgw,dynamicbind_asd,15,0.64252347,,,1.0,ok,,local,0.64252347,7.9843626
p08069_lgw,dynamicbind_asd,16,0.63855773,,,1.0,ok,,local,0.63855773,8.364899
p08069_lgw,dynamicbind_asd,17,0.6380033,,,1.0,ok,,local,0.6380033,7.7905087
p08069_lgw,dynamicbind_asd,18,0.6364718,,,1.0,ok,,local,0.6364718,7.763654
p08069_lgw,dynamicbind_asd,19,0.6359163,,,1.0,ok,,local,0.6359163,7.809977
p08069_lgw,dynamicbind_asd,20,0.63584185,,,1.0,ok,,local,0.63584185,7.9088297
p08069_lgw,dynamicbind_asd,21,0.63362277,,,1.0,ok,,local,0.63362277,7.7121305
p08069_lgw,dynamicbind_asd,22,0.63238126,,,1.0,ok,,local,0.63238126,8.302505
p08069_lgw,dynamicbind_asd,23,0.63201547,,,1.0,ok,,local,0.63201547,8.094796
p08069_lgw,dynamicbind_asd,24,0.62933713,,,1.0,ok,,local,0.62933713,8.09854
p08069_lgw,dynamicbind_asd,25,0.6235305,,,1.0,ok,,local,0.6235305,8.340574
p08069_lgw,dynamicbind_asd,26,0.62106174,,,1.0,ok,,local,0.62106174,8.014842
p08069_lgw,dynamicbind_asd,27,0.62101394,,,1.0,ok,,local,0.62101394,8.035143
p08069_lgw,dynamicbind_asd,28,0.61905336,,,1.0,ok,,local,0.61905336,8.274977
p08069_lgw,dynamicbind_asd,29,0.61384225,,,1.0,ok,,local,0.61384225,8.411817
p09391_78c,dynamicbind_asd,0,0.6089231,6.302865505218506,0.3249235451221466,1.0,ok,,local,0.6089231,3.9455836
p09391_78c,dynamicbind_asd,1,0.60567814,6.134718894958496,0.33695653080940247,1.0,ok,,local,0.60567814,3.9273593
p09391_78c,dynamicbind_asd,2,0.5962173,8.728629112243652,0.18679775297641754,1.0,ok,,local,0.5962173,3.9110274
p09391_78c,dynamicbind_asd,3,0.5860612,8.877357482910156,0.17798912525177002,1.0,ok,,local,0.5860612,3.9350455
p09391_78c,dynamicbind_asd,4,0.58101803,9.112305641174316,0.16201117634773254,1.0,ok,,local,0.58101803,3.8437374
p09391_78c,dynamicbind_asd,5,0.5802503,8.796350479125977,0.18563686311244965,1.0,ok,,local,0.5802503,3.916598
p09391_78c,dynamicbind_asd,6,0.5758927,5.193309307098389,0.34976527094841003,1.0,ok,,local,0.5758927,3.8009331
p09391_78c,dynamicbind_asd,7,0.5744101,8.388148307800293,0.2104557603597641,1.0,ok,,local,0.5744101,4.0183363
p09391_78c,dynamicbind_asd,8,0.5730781,8.76186752319336,0.1855742335319519,1.0,ok,,local,0.5730781,3.782225
p09391_78c,dynamicbind_asd,9,0.5705816,9.605932235717773,0.13487738370895386,1.0,ok,,local,0.5705816,3.8768992
p09391_78c,dynamicbind_asd,10,0.5702327,6.949913024902344,0.3048780560493469,1.0,ok,,local,0.5702327,3.763921
p09391_78c,dynamicbind_asd,11,0.55938303,8.408733367919922,0.20596206188201904,1.0,ok,,local,0.55938303,3.9350812
p09391_78c,dynamicbind_asd,12,0.5593787,8.320630073547363,0.20958903431892395,1.0,ok,,local,0.5593787,3.8443294
p09391_78c,dynamicbind_asd,13,0.5581474,7.02661657333374,0.29398825764656067,1.0,ok,,local,0.5581474,4.031097
p09391_78c,dynamicbind_asd,14,0.55694455,8.911394119262695,0.16270950436592102,1.0,ok,,local,0.55694455,3.8956153
p09391_78c,dynamicbind_asd,15,0.55543965,9.149897575378418,0.1566852331161499,1.0,ok,,local,0.55543965,3.5937128
p09391_78c,dynamicbind_asd,16,0.55485994,2.949970245361328,0.5985915660858154,1.0,ok,,local,0.55485994,3.64173
p09391_78c,dynamicbind_asd,17,0.55450505,8.199210166931152,0.1899999976158142,1.0,ok,,local,0.55450505,3.8463228
p09391_78c,dynamicbind_asd,18,0.5535232,8.620311737060547,0.1967105269432068,1.0,ok,,local,0.5535232,3.8206856
p09391_78c,dynamicbind_asd,19,0.5523416,3.2163612842559814,0.5511627793312073,1.0,ok,,local,0.5523416,3.9199708
p09391_78c,dynamicbind_asd,20,0.5505324,8.390451431274414,0.2054794579744339,1.0,ok,,local,0.5505324,3.7925975
p09391_78c,dynamicbind_asd,21,0.550222,8.985801696777344,0.16959460079669952,1.0,ok,,local,0.550222,4.0349174
p09391_78c,dynamicbind_asd,22,0.54100364,7.113048076629639,0.2823343873023987,1.0,ok,,local,0.54100364,3.8036697
p09391_78c,dynamicbind_asd,23,0.52306455,7.509684085845947,0.23969779908657074,1.0,ok,,local,0.52306455,3.761444
p09391_78c,dynamicbind_asd,24,0.51699287,10.122069358825684,0.10958005487918854,1.0,ok,,local,0.51699287,3.8936095
p09391_78c,dynamicbind_asd,25,0.51550215,8.564098358154297,0.18478260934352875,1.0,ok,,local,0.51550215,3.9105701
p09391_78c,dynamicbind_asd,26,0.5148628,6.431353569030762,0.305970162153244,1.0,ok,,local,0.5148628,4.0214047
p09391_78c,dynamicbind_asd,27,0.50490254,10.62073802947998,0.09084880352020264,1.0,ok,,local,0.50490254,3.8852787
p09391_78c,dynamicbind_asd,28,0.50453615,10.252280235290527,0.10570070892572403,1.0,ok,,local,0.50453615,4.0657516
p09391_bng,dynamicbind_asd,0,0.62596744,7.791438579559326,0.1909492313861847,1.0,ok,,local,0.62596744,4.034537
p09391_bng,dynamicbind_asd,1,0.6259674,7.811770439147949,0.1921168714761734,1.0,ok,,local,0.6259674,4.034526
p09391_bng,dynamicbind_asd,2,0.619941,3.6345624923706055,0.5040000081062317,1.0,ok,,local,0.619941,3.663864
p09391_bng,dynamicbind_asd,3,0.61977446,3.61987042427063,0.5055220723152161,1.0,ok,,local,0.61977446,3.6697917
p09391_bng,dynamicbind_asd,4,0.61604065,8.708268165588379,0.20471800863742828,1.0,ok,,local,0.61604065,3.9349124
p09391_bng,dynamicbind_asd,5,0.6160403,8.734574317932129,0.20300546288490295,1.0,ok,,local,0.6160403,3.934913
p09391_bng,dynamicbind_asd,6,0.6155558,4.583425045013428,0.37845849990844727,1.0,ok,,local,0.6155558,4.291491
p09391_bng,dynamicbind_asd,7,0.61555564,8.461169242858887,0.20706214010715485,1.0,ok,,local,0.61555564,4.291494
p09391_bng,dynamicbind_asd,8,0.6131448,4.422718048095703,0.4037383198738098,1.0,ok,,local,0.6131448,3.8522847
p09391_bng,dynamicbind_asd,9,0.61314464,4.436948776245117,0.3986988961696625,1.0,ok,,local,0.61314464,3.852288
p09391_bng,dynamicbind_asd,10,0.6082103,7.807130813598633,0.17218798398971558,1.0,ok,,local,0.6082103,3.7565436
p09391_bng,dynamicbind_asd,11,0.6082103,7.828549861907959,0.17131783068180084,1.0,ok,,local,0.6082103,3.7565467
p09391_bng,dynamicbind_asd,12,0.6073892,4.606534004211426,0.374019593000412,1.0,ok,,local,0.6073892,3.861409
p09391_bng,dynamicbind_asd,13,0.60738915,5.2948503494262695,0.34409594535827637,1.0,ok,,local,0.60738915,3.8614113
p09391_bng,dynamicbind_asd,14,0.59796596,7.5408735275268555,0.1853383481502533,1.0,ok,,local,0.59796596,3.8989742
p09391_bng,dynamicbind_asd,15,0.5978058,4.733576774597168,0.38805970549583435,1.0,ok,,local,0.5978058,3.8988006
p09391_bng,dynamicbind_asd,16,0.59590244,7.722047805786133,0.20223112404346466,1.0,ok,,local,0.59590244,4.0458794
p09391_bng,dynamicbind_asd,17,0.5958982,5.364201545715332,0.36132076382637024,1.0,ok,,local,0.5958982,4.0458813
p09391_bng,dynamicbind_asd,18,0.5942101,4.103570938110352,0.4546247720718384,1.0,ok,,local,0.5942101,3.7780566
p09391_bng,dynamicbind_asd,19,0.5942097,4.096304416656494,0.4577464759349823,1.0,ok,,local,0.5942097,3.7780576
p09391_bng,dynamicbind_asd,20,0.59093696,3.1484057903289795,0.6556451320648193,1.0,ok,,local,0.59093696,3.5280097
p09391_bng,dynamicbind_asd,21,0.59093577,3.1514194011688232,0.6551446914672852,1.0,ok,,local,0.59093577,3.5280142
p09391_bng,dynamicbind_asd,22,0.58679485,5.883052349090576,0.3163265287876129,1.0,ok,,local,0.58679485,3.7479904
p09391_bng,dynamicbind_asd,23,0.5867944,5.275538921356201,0.34558823704719543,1.0,ok,,local,0.5867944,3.747993
p09391_bng,dynamicbind_asd,24,0.5842145,7.781167984008789,0.20339471101760864,1.0,ok,,local,0.5842145,3.829106
p09391_bng,dynamicbind_asd,25,0.5842144,4.722906112670898,0.38851913809776306,1.0,ok,,local,0.5842144,3.8291023
p09391_bng,dynamicbind_asd,26,0.58379334,17.16929817199707,0.07381615787744522,1.0,ok,,local,0.58379334,3.944079
p09391_bng,dynamicbind_asd,27,0.583793,19.346155166625977,0.008164851926267147,1.0,ok,,local,0.583793,3.944114
p09391_bng,dynamicbind_asd,28,0.580045,6.063796043395996,0.32729288935661316,1.0,ok,,local,0.580045,3.6714928
p09391_bng,dynamicbind_asd,29,0.58004487,6.071871757507324,0.3288690447807312,1.0,ok,,local,0.58004487,3.6715035
p09391_bng,dynamicbind_asd,30,0.5767372,2.6576926708221436,0.6716300845146179,1.0,ok,,local,0.5767372,3.8746517
p09391_bng,dynamicbind_asd,31,0.5767359,18.747350692749023,0.07976653426885605,1.0,ok,,local,0.5767359,3.8746684
p09391_bng,dynamicbind_asd,32,0.5720553,6.2054853439331055,0.3265209197998047,1.0,ok,,local,0.5720553,3.6596692
p09391_bng,dynamicbind_asd,33,0.57204276,6.195516109466553,0.32952380180358887,1.0,ok,,local,0.57204276,3.6596892
p09391_bng,dynamicbind_asd,34,0.5654377,6.301120281219482,0.3045387864112854,1.0,ok,,local,0.5654377,3.7490425
p09391_bng,dynamicbind_asd,35,0.56543756,5.364986419677734,0.3601134121417999,1.0,ok,,local,0.56543756,3.7490447
p09391_bng,dynamicbind_asd,36,0.56330866,2.6607141494750977,0.672656238079071,1.0,ok,,local,0.56330866,3.7570796
p09391_bng,dynamicbind_asd,37,0.56330854,6.312016010284424,0.3054744601249695,1.0,ok,,local,0.56330854,3.7570791
p09391_bng,dynamicbind_asd,38,0.5440031,7.831054210662842,0.20954906940460205,1.0,ok,,local,0.5440031,3.7944002
p09391_bng,dynamicbind_asd,39,0.54353935,7.84102725982666,0.20949535071849823,1.0,ok,,local,0.54353935,3.7933257
p09391_bng,dynamicbind_asd,40,0.5355711,5.877751350402832,0.3170554041862488,1.0,ok,,local,0.5355711,3.6631846
p09391_bng,dynamicbind_asd,41,0.5355707,19.348634719848633,0.008101851679384708,1.0,ok,,local,0.5355707,3.663181
p09391_bng,dynamicbind_asd,42,0.5131206,20.46815299987793,0.06414807587862015,1.0,ok,,local,0.5131206,3.9102378
p09391_bng,dynamicbind_asd,43,0.5131196,18.744216918945312,0.07892157137393951,1.0,ok,,local,0.5131196,3.9102504
p09391_bng,dynamicbind_asd,44,0.5082254,17.166053771972656,0.0741860494017601,1.0,ok,,local,0.5082254,4.439308
p09391_bng,dynamicbind_asd,45,0.5082253,20.505687713623047,0.06389452517032623,1.0,ok,,local,0.5082253,4.4393134
p09391_bng,dynamicbind_asd,46,0.50265944,17.69605827331543,0.08831775933504105,1.0,ok,,local,0.50265944,4.0520477
p09391_bng,dynamicbind_asd,47,0.4882915,17.21910285949707,0.09453197568655014,1.0,ok,,local,0.4882915,4.192919
p09391_bng,dynamicbind_asd,48,0.48829088,17.219335556030273,0.09531539678573608,1.0,ok,,local,0.48829088,4.1929226
p09391_bng,dynamicbind_asd,49,0.4637376,20.505062103271484,0.06351625919342041,1.0,ok,,local,0.4637376,4.0113015
p09391_bng,dynamicbind_asd,50,0.46373755,17.69641876220703,0.08815298229455948,1.0,ok,,local,0.46373755,4.0113072
p09391_bng,dynamicbind_asd,51,0.46301752,20.46595573425293,0.06382978707551956,1.0,ok,,local,0.46301752,3.7778842
p09391_bng,dynamicbind_asd,52,0.45186588,20.123064041137695,0.06219272315502167,1.0,ok,,local,0.45186588,4.219677
p09391_bng,dynamicbind_asd,53,0.45186567,20.124113082885742,0.06219028681516647,1.0,ok,,local,0.45186567,4.219687
p09391_bng,dynamicbind_asd,54,0.43877673,19.672611236572266,0.05079365149140358,1.0,ok,,local,0.43877673,4.212825
p09391_bng,dynamicbind_asd,55,0.43877646,19.69080352783203,0.05047568678855896,1.0,ok,,local,0.43877646,4.212822
p09874_09l,dynamicbind_asd,0,0.73964524,,,0.0,ok,,local,0.73964524,6.4428263
p09874_09l,dynamicbind_asd,1,0.7338934,,,0.0,ok,,local,0.7338934,6.5637684
p09874_09l,dynamicbind_asd,2,0.7177587,,,0.0,ok,,local,0.7177587,6.6473713
p09874_09l,dynamicbind_asd,3,0.7172985,,,0.0,ok,,local,0.7172985,6.2698917
p09874_09l,dynamicbind_asd,4,0.7096669,,,0.0,ok,,local,0.7096669,6.590115
p09874_09l,dynamicbind_asd,5,0.70391446,,,0.0,ok,,local,0.70391446,6.6008987
p09874_09l,dynamicbind_asd,6,0.70105726,,,0.0,ok,,local,0.70105726,6.5908504
p09874_09l,dynamicbind_asd,7,0.699026,,,0.0,ok,,local,0.699026,6.416051
p09874_09l,dynamicbind_asd,8,0.6719195,,,0.02892878091818505,ok,,local,0.6719195,6.8375497
p09874_09l,dynamicbind_asd,9,0.6702812,,,0.03261358859854563,ok,,local,0.6702812,6.787143
p09874_09l,dynamicbind_asd,10,0.6602323,,,0.029009364259446863,ok,,local,0.6602323,6.8550415
p09874_09l,dynamicbind_asd,11,0.66001093,,,0.02901861870518791,ok,,local,0.66001093,6.8885255
p09874_09l,dynamicbind_asd,12,0.65681,,,0.029220691441120078,ok,,local,0.65681,6.7110877
p09874_09l,dynamicbind_asd,13,0.65611035,,,0.0,ok,,local,0.65611035,6.65093
p09874_09l,dynamicbind_asd,14,0.6521371,,,0.029071815742566374,ok,,local,0.6521371,6.9009056
p09874_09l,dynamicbind_asd,15,0.6453965,,,0.028936244271487062,ok,,local,0.6453965,6.8931704
p09874_09l,dynamicbind_asd,16,0.6369608,,,0.02916544414765102,ok,,local,0.6369608,6.9368143
p09874_09l,dynamicbind_asd,17,0.6328807,,,0.029178666712846014,ok,,local,0.6328807,6.7605004
p09874_09l,dynamicbind_asd,18,0.61030304,,,0.0,ok,,local,0.61030304,6.663425
p09874_09l,dynamicbind_asd,19,0.30638036,,,0.02939089229805095,ok,,local,0.30638036,7.847551
p09874_cnq,dynamicbind_asd,0,0.76612425,5.441766738891602,0.8348976373672485,0.0,ok,,local,0.76612425,6.4840693
p09874_cnq,dynamicbind_asd,1,0.7653306,5.086413860321045,0.8090517520904541,0.0,ok,,local,0.7653306,6.5133476
p09874_cnq,dynamicbind_asd,2,0.76490074,4.948489665985107,0.7774542570114136,0.0,ok,,local,0.76490074,6.5859957
p09874_cnq,dynamicbind_asd,3,0.763535,5.338238716125488,0.8255119323730469,0.0,ok,,local,0.763535,6.4288487
p09874_cnq,dynamicbind_asd,4,0.76320034,5.259667873382568,0.8224020600318909,0.0,ok,,local,0.76320034,6.5070887
p09874_cnq,dynamicbind_asd,5,0.762894,5.279412746429443,0.8154761791229248,0.0,ok,,local,0.762894,6.531098
p09874_cnq,dynamicbind_asd,6,0.7625538,4.90797758102417,0.7770154476165771,0.0,ok,,local,0.7625538,6.511129
p09874_cnq,dynamicbind_asd,7,0.7623497,5.231681823730469,0.8083756566047668,0.0,ok,,local,0.7623497,6.5255265
p09874_cnq,dynamicbind_asd,8,0.7615635,5.2528462409973145,0.8137755393981934,0.0,ok,,local,0.7615635,6.502754
p09874_cnq,dynamicbind_asd,9,0.760041,5.387998580932617,0.8108808398246765,0.0,ok,,local,0.760041,6.5892444
p09874_cnq,dynamicbind_asd,10,0.695239,0.7937687635421753,0.8726340532302856,0.03131202647719478,ok,,local,0.695239,6.7758365
p09874_cnq,dynamicbind_asd,11,0.69359255,0.7981563806533813,0.8732503652572632,0.031289891842508945,ok,,local,0.69359255,6.731221
p09874_cnq,dynamicbind_asd,12,0.6927038,0.9224859476089478,0.8769470453262329,0.031378515296680856,ok,,local,0.6927038,6.756464
p09874_cnq,dynamicbind_asd,13,0.6842219,0.6619314551353455,0.9158496856689453,0.02892720194483296,ok,,local,0.6842219,6.4620643
p09874_cnq,dynamicbind_asd,14,0.6836216,0.6801741719245911,0.8977272510528564,0.029042462671171176,ok,,local,0.6836216,6.503389
p09874_cnq,dynamicbind_asd,15,0.6819795,0.7821595072746277,0.8815789222717285,0.028984174008770656,ok,,local,0.6819795,6.495926
p09874_cnq,dynamicbind_asd,16,0.6813113,0.7547783255577087,0.8824218511581421,0.02955565497237837,ok,,local,0.6813113,6.511395
p09874_cnq,dynamicbind_asd,17,0.6795473,0.6335570216178894,0.8829787373542786,0.029106111843716944,ok,,local,0.6795473,6.478189
p09874_cnq,dynamicbind_asd,18,0.67741966,0.5492354035377502,0.9075456261634827,0.02900826680619394,ok,,local,0.67741966,6.5372066
p09874_cnq,dynamicbind_asd,19,0.37954256,13.990559577941895,0.00917968712747097,0.02954590954089491,ok,,local,0.37954256,7.3758187
p09874_fsu,dynamicbind_asd,0,0.7522468,,,0.0,ok,,local,0.7522468,6.200877
p09874_fsu,dynamicbind_asd,1,0.7407292,,,0.0,ok,,local,0.7407292,6.123178
p09874_fsu,dynamicbind_asd,2,0.7398676,,,0.0,ok,,local,0.7398676,6.038113
p09874_fsu,dynamicbind_asd,3,0.7367573,,,0.0,ok,,local,0.7367573,6.0198436
p09874_fsu,dynamicbind_asd,4,0.73579854,,,0.0,ok,,local,0.73579854,6.185714
p09874_fsu,dynamicbind_asd,5,0.730883,,,0.0,ok,,local,0.730883,6.2211285
p09874_fsu,dynamicbind_asd,6,0.72958565,,,0.0,ok,,local,0.72958565,6.120503
p09874_fsu,dynamicbind_asd,7,0.7283346,,,0.0,ok,,local,0.7283346,6.041219
p09874_fsu,dynamicbind_asd,8,0.72356224,,,0.0,ok,,local,0.72356224,6.196212
p09874_fsu,dynamicbind_asd,9,0.7209023,,,0.0,ok,,local,0.7209023,5.9691525
p09874_fsu,dynamicbind_asd,10,0.7208115,,,0.029058909313490092,ok,,local,0.7208115,6.3447213
p09874_fsu,dynamicbind_asd,11,0.71810985,,,0.02924775339899886,ok,,local,0.71810985,6.386614
p09874_fsu,dynamicbind_asd,12,0.7103033,,,0.029477787725384865,ok,,local,0.7103033,6.5476007
p09874_fsu,dynamicbind_asd,13,0.702825,,,0.029789425650052628,ok,,local,0.702825,6.2471123
p09874_fsu,dynamicbind_asd,14,0.7025555,,,0.029168870025460533,ok,,local,0.7025555,6.4076653
p09874_fsu,dynamicbind_asd,15,0.6990271,,,0.02952234977372984,ok,,local,0.6990271,6.182909
p09874_fsu,dynamicbind_asd,16,0.6978254,,,0.02957470110792756,ok,,local,0.6978254,5.9999104
p09874_fsu,dynamicbind_asd,17,0.69535667,,,0.029162990547280176,ok,,local,0.69535667,6.145574
p09874_fsu,dynamicbind_asd,18,0.6940422,,,0.030039588054601093,ok,,local,0.6940422,6.1625943
p09874_fsu,dynamicbind_asd,19,0.6932116,,,0.029102524595936558,ok,,local,0.6932116,6.35714
p0a776_apc,dynamicbind_asd,0,0.67040193,,,1.0,ok,,local,0.67040193,6.604928
p0a776_apc,dynamicbind_asd,1,0.66300905,,,1.0,ok,,local,0.66300905,6.6640687
p0a776_apc,dynamicbind_asd,2,0.6606281,,,1.0,ok,,local,0.6606281,6.6881733
p0a776_apc,dynamicbind_asd,3,0.65829515,,,1.0,ok,,local,0.65829515,6.2308
p0a776_apc,dynamicbind_asd,4,0.65724045,,,1.0,ok,,local,0.65724045,6.107477
p0a776_apc,dynamicbind_asd,5,0.6568827,,,1.0,ok,,local,0.6568827,6.056749
p0a776_apc,dynamicbind_asd,6,0.65297604,,,1.0,ok,,local,0.65297604,6.2639174
p0a776_apc,dynamicbind_asd,7,0.6509897,,,1.0,ok,,local,0.6509897,6.328208
p0a776_apc,dynamicbind_asd,8,0.6410949,,,1.0,ok,,local,0.6410949,6.579529
p0a776_apc,dynamicbind_asd,9,0.64099234,,,1.0,ok,,local,0.64099234,6.2789655
p0a776_apc,dynamicbind_asd,10,0.63993543,,,1.0,ok,,local,0.63993543,6.678966
p0a776_apc,dynamicbind_asd,11,0.6378636,,,1.0,ok,,local,0.6378636,6.2956595
p0a776_apc,dynamicbind_asd,12,0.6356645,,,1.0,ok,,local,0.6356645,6.1885614
p0a776_apc,dynamicbind_asd,13,0.6353217,,,1.0,ok,,local,0.6353217,6.319961
p0a776_apc,dynamicbind_asd,14,0.6336507,,,1.0,ok,,local,0.6336507,6.093898
p0a776_apc,dynamicbind_asd,15,0.63331515,,,1.0,ok,,local,0.63331515,6.5017123
p0a776_apc,dynamicbind_asd,16,0.6310551,,,1.0,ok,,local,0.6310551,6.6118436
p0a776_apc,dynamicbind_asd,17,0.62877625,,,1.0,ok,,local,0.62877625,6.011274
p0a776_apc,dynamicbind_asd,18,0.62622917,,,1.0,ok,,local,0.62622917,6.2668624
p0a776_apc,dynamicbind_asd,19,0.6260946,,,1.0,ok,,local,0.6260946,6.125345
p0a776_apc,dynamicbind_asd,20,0.6253339,,,1.0,ok,,local,0.6253339,6.5868087
p0a776_apc,dynamicbind_asd,21,0.62390304,,,1.0,ok,,local,0.62390304,6.3198204
p0a776_apc,dynamicbind_asd,22,0.6205888,,,1.0,ok,,local,0.6205888,6.5092363
p0a776_apc,dynamicbind_asd,23,0.6192538,,,1.0,ok,,local,0.6192538,6.0821176
p0a776_apc,dynamicbind_asd,24,0.6177335,,,1.0,ok,,local,0.6177335,5.909357
p0a776_apc,dynamicbind_asd,25,0.6081027,,,1.0,ok,,local,0.6081027,5.8717785
p0a776_apc,dynamicbind_asd,26,0.6070609,,,1.0,ok,,local,0.6070609,6.1041446
p0a776_apc,dynamicbind_asd,27,0.5939004,,,1.0,ok,,local,0.5939004,6.0688972
p0a776_apc,dynamicbind_asd,28,0.5777551,,,1.0,ok,,local,0.5777551,5.8402314
p0a776_apc,dynamicbind_asd,29,0.57275456,,,1.0,ok,,local,0.57275456,5.931258
p0a776_ctp,dynamicbind_asd,0,0.6803769,,,1.0,ok,,local,0.6803769,5.202882
p0a776_ctp,dynamicbind_asd,1,0.6667452,,,1.0,ok,,local,0.6667452,5.5292125
p0a776_ctp,dynamicbind_asd,2,0.66569036,,,1.0,ok,,local,0.66569036,5.416675
p0a776_ctp,dynamicbind_asd,3,0.66233987,,,1.0,ok,,local,0.66233987,5.399899
p0a776_ctp,dynamicbind_asd,4,0.6604177,,,1.0,ok,,local,0.6604177,5.494301
p0a776_ctp,dynamicbind_asd,5,0.6459112,,,1.0,ok,,local,0.6459112,5.360614
p0a776_ctp,dynamicbind_asd,6,0.6398837,,,1.0,ok,,local,0.6398837,5.4611335
p0a776_ctp,dynamicbind_asd,7,0.6387296,,,1.0,ok,,local,0.6387296,5.5685487
p0a776_ctp,dynamicbind_asd,8,0.63716877,,,1.0,ok,,local,0.63716877,5.2950015
p0a776_ctp,dynamicbind_asd,9,0.6294822,,,1.0,ok,,local,0.6294822,5.2003427
p0a776_ctp,dynamicbind_asd,10,0.62716687,,,1.0,ok,,local,0.62716687,5.3514147
p0a776_ctp,dynamicbind_asd,11,0.61443156,,,1.0,ok,,local,0.61443156,5.1691217
p0a776_ctp,dynamicbind_asd,12,0.6102184,,,1.0,ok,,local,0.6102184,5.564066
p0a776_ctp,dynamicbind_asd,13,0.6093725,,,1.0,ok,,local,0.6093725,5.350292
p0a776_ctp,dynamicbind_asd,14,0.60805255,,,1.0,ok,,local,0.60805255,5.1819305
p0a776_ctp,dynamicbind_asd,15,0.60663754,,,1.0,ok,,local,0.60663754,5.3694067
p0a776_ctp,dynamicbind_asd,16,0.6059845,,,1.0,ok,,local,0.6059845,5.043824
p0a776_ctp,dynamicbind_asd,17,0.60520285,,,1.0,ok,,local,0.60520285,5.1868925
p0a776_ctp,dynamicbind_asd,18,0.6050172,,,1.0,ok,,local,0.6050172,5.425617
p0a776_ctp,dynamicbind_asd,19,0.60103315,,,1.0,ok,,local,0.60103315,5.169561
p0a776_ctp,dynamicbind_asd,20,0.5998208,,,1.0,ok,,local,0.5998208,5.195122
p0a776_ctp,dynamicbind_asd,21,0.5974502,,,1.0,ok,,local,0.5974502,5.1089034
p0a776_ctp,dynamicbind_asd,22,0.5958865,,,1.0,ok,,local,0.5958865,5.133606
p0a776_ctp,dynamicbind_asd,23,0.59436166,,,1.0,ok,,local,0.59436166,5.1782193
p0a776_ctp,dynamicbind_asd,24,0.59307516,,,1.0,ok,,local,0.59307516,5.4088497
p0a776_ctp,dynamicbind_asd,25,0.5893162,,,1.0,ok,,local,0.5893162,5.420793
p0a776_ctp,dynamicbind_asd,26,0.5818254,,,1.0,ok,,local,0.5818254,5.358291
p0a776_ctp,dynamicbind_asd,27,0.5784146,,,1.0,ok,,local,0.5784146,4.8110857
p0a776_ctp,dynamicbind_asd,28,0.56997365,,,1.0,ok,,local,0.56997365,5.0226135
p0a776_ctp,dynamicbind_asd,29,0.55170965,,,1.0,ok,,local,0.55170965,4.9942455
p0a776_g2p,dynamicbind_asd,0,0.66589856,2.425502061843872,0.5435082912445068,1.0,ok,,local,0.66589856,6.626626
p0a776_g2p,dynamicbind_asd,1,0.6649919,1.6993353366851807,0.6324531435966492,1.0,ok,,local,0.6649919,6.1684303
p0a776_g2p,dynamicbind_asd,2,0.66455686,1.8888784646987915,0.5751851797103882,1.0,ok,,local,0.66455686,6.3486443
p0a776_g2p,dynamicbind_asd,3,0.66416043,2.8729519844055176,0.5179882645606995,1.0,ok,,local,0.66416043,6.260715
p0a776_g2p,dynamicbind_asd,4,0.66386044,2.2270658016204834,0.588733434677124,1.0,ok,,local,0.66386044,6.4145856
p0a776_g2p,dynamicbind_asd,5,0.6573712,1.4942896366119385,0.622231662273407,1.0,ok,,local,0.6573712,6.279876
p0a776_g2p,dynamicbind_asd,6,0.65569335,1.9815407991409302,0.6288244724273682,1.0,ok,,local,0.65569335,6.2971096
p0a776_g2p,dynamicbind_asd,7,0.64963716,2.4035775661468506,0.5834558606147766,1.0,ok,,local,0.64963716,6.4394
p0a776_g2p,dynamicbind_asd,8,0.649362,1.703622817993164,0.5696594715118408,1.0,ok,,local,0.649362,6.545718
p0a776_g2p,dynamicbind_asd,9,0.6423752,1.9994478225708008,0.5838485360145569,1.0,ok,,local,0.6423752,6.596892
p0a776_g2p,dynamicbind_asd,10,0.641965,2.1812870502471924,0.5578304529190063,1.0,ok,,local,0.641965,6.245877
p0a776_g2p,dynamicbind_asd,11,0.64106786,2.2623095512390137,0.5906432867050171,1.0,ok,,local,0.64106786,6.542489
p0a776_g2p,dynamicbind_asd,12,0.63996994,1.7577502727508545,0.5622084140777588,1.0,ok,,local,0.63996994,6.3684893
p0a776_g2p,dynamicbind_asd,13,0.63632715,2.6038289070129395,0.5336927175521851,1.0,ok,,local,0.63632715,6.6383204
p0a776_g2p,dynamicbind_asd,14,0.63144976,2.1702425479888916,0.5325000286102295,1.0,ok,,local,0.63144976,6.5164456
p0a776_g2p,dynamicbind_asd,15,0.6267485,2.2714765071868896,0.5531914830207825,1.0,ok,,local,0.6267485,6.6177096
p0a776_g2p,dynamicbind_asd,16,0.6223182,1.4660700559616089,0.6589698195457458,1.0,ok,,local,0.6223182,6.4240255
p0a776_g2p,dynamicbind_asd,17,0.6189705,2.6391918659210205,0.5610328912734985,1.0,ok,,local,0.6189705,6.5139046
p0a776_g2p,dynamicbind_asd,18,0.61581886,1.9526476860046387,0.6357388496398926,1.0,ok,,local,0.61581886,6.377911
p0a776_g2p,dynamicbind_asd,19,0.6157721,1.6984821557998657,0.7014706134796143,1.0,ok,,local,0.6157721,6.0497093
p0a776_g2p,dynamicbind_asd,20,0.61374784,2.283841609954834,0.6140202879905701,1.0,ok,,local,0.61374784,6.082998
p0a776_g2p,dynamicbind_asd,21,0.6136752,2.3784940242767334,0.5783898234367371,1.0,ok,,local,0.6136752,6.149025
p0a776_g2p,dynamicbind_asd,22,0.6132944,2.4756598472595215,0.5385952591896057,1.0,ok,,local,0.6132944,6.483003
p0a776_g2p,dynamicbind_asd,23,0.60277086,1.789586067199707,0.6824055910110474,1.0,ok,,local,0.60277086,6.1843624
p0a776_g2p,dynamicbind_asd,24,0.6013215,2.6528265476226807,0.5252483487129211,1.0,ok,,local,0.6013215,6.037066
p0a776_g2p,dynamicbind_asd,25,0.5963922,1.6543195247650146,0.6937869787216187,1.0,ok,,local,0.5963922,6.054502
p0a776_g2p,dynamicbind_asd,26,0.59587103,2.5503382682800293,0.563829779624939,1.0,ok,,local,0.59587103,5.949301
p0a776_g2p,dynamicbind_asd,27,0.5878259,2.743683338165283,0.5281745791435242,1.0,ok,,local,0.5878259,5.9947987
p0a776_g2p,dynamicbind_asd,28,0.58606285,1.797418475151062,0.60447758436203,1.0,ok,,local,0.58606285,5.7191396
p0a776_g2p,dynamicbind_asd,29,0.5705269,2.454383611679077,0.538395881652832,1.0,ok,,local,0.5705269,5.646195
p0aa04_hip,dynamicbind_asd,0,0.6080008,,,1.0,ok,,local,0.6080008,3.6709712
p0aa04_hip,dynamicbind_asd,1,0.5884698,,,1.0,ok,,local,0.5884698,3.457686
p0aa04_hip,dynamicbind_asd,2,0.5636959,,,1.0,ok,,local,0.5636959,3.4380949
p0aa04_hip,dynamicbind_asd,3,0.5536798,,,1.0,ok,,local,0.5536798,3.489349
p0aa04_hip,dynamicbind_asd,4,0.55146503,,,1.0,ok,,local,0.55146503,3.4224737
p0aa04_hip,dynamicbind_asd,5,0.5510788,,,1.0,ok,,local,0.5510788,3.1810925
p0aa04_hip,dynamicbind_asd,6,0.5385267,,,1.0,ok,,local,0.5385267,3.0823934
p0aa04_hip,dynamicbind_asd,7,0.5233677,,,1.0,ok,,local,0.5233677,2.8904953
p0aa04_hip,dynamicbind_asd,8,0.49678716,,,1.0,ok,,local,0.49678716,3.6295736
p0acc1_sah,dynamicbind_asd,0,0.6627599,0.8803811073303223,0.8591867685317993,1.0,ok,,local,0.6627599,5.0986023
p0acc1_sah,dynamicbind_asd,1,0.6627599,0.8792558312416077,0.8579262495040894,1.0,ok,,local,0.6627599,5.098601
p0acc1_sah,dynamicbind_asd,2,0.66111386,0.9615450501441956,0.8464567065238953,1.0,ok,,local,0.66111386,5.2731223
p0acc1_sah,dynamicbind_asd,3,0.6611137,0.9613137245178223,0.8490147590637207,1.0,ok,,local,0.6611137,5.273123
p0acc1_sah,dynamicbind_asd,4,0.66110176,0.9990102052688599,0.8382353186607361,1.0,ok,,local,0.66110176,5.1377177
p0acc1_sah,dynamicbind_asd,5,0.66110164,1.002751350402832,0.8361469507217407,1.0,ok,,local,0.66110164,5.13772
p0acc1_sah,dynamicbind_asd,6,0.65929085,0.9751688241958618,0.8368602395057678,1.0,ok,,local,0.65929085,5.068085
p0acc1_sah,dynamicbind_asd,7,0.65929073,0.975386381149292,0.8374384045600891,1.0,ok,,local,0.65929073,5.0680866
p0acc1_sah,dynamicbind_asd,8,0.6586869,1.0505859851837158,0.8397683501243591,1.0,ok,,local,0.6586869,5.166743
p0acc1_sah,dynamicbind_asd,9,0.6586868,1.0421669483184814,0.8397870063781738,1.0,ok,,local,0.6586868,5.166747
p0acc1_sah,dynamicbind_asd,10,0.65461683,1.0816272497177124,0.8266826868057251,1.0,ok,,local,0.65461683,5.1050324
p0acc1_sah,dynamicbind_asd,11,0.65461683,1.0715914964675903,0.8266826868057251,1.0,ok,,local,0.65461683,5.1050286
p0acc1_sah,dynamicbind_asd,12,0.65006423,1.0529975891113281,0.8313223719596863,1.0,ok,,local,0.65006423,4.9796395
p0acc1_sah,dynamicbind_asd,13,0.6500635,1.0526123046875,0.8316376209259033,1.0,ok,,local,0.6500635,4.979648
p0acc1_sah,dynamicbind_asd,14,0.6496156,1.0469434261322021,0.8256546854972839,1.0,ok,,local,0.6496156,5.1057916
p0acc1_sah,dynamicbind_asd,15,0.64961547,1.051464319229126,0.8223938345909119,1.0,ok,,local,0.64961547,5.1057863
p0acc1_sah,dynamicbind_asd,16,0.6458075,1.182320237159729,0.8041706681251526,1.0,ok,,local,0.6458075,5.0103383
p0acc1_sah,dynamicbind_asd,17,0.645807,1.1817529201507568,0.8046198487281799,1.0,ok,,local,0.645807,5.0103374
p0acc1_sah,dynamicbind_asd,18,0.64478064,1.2454334497451782,0.7961352467536926,1.0,ok,,local,0.64478064,4.936961
p0acc1_sah,dynamicbind_asd,19,0.6447794,1.2466657161712646,0.7972972989082336,1.0,ok,,local,0.6447794,4.936957
p0ad64_ma4,dynamicbind_asd,0,0.5353974,1.8441499471664429,0.6816326379776001,1.0,ok,,local,0.5353974,6.983835
p0ad64_ma4,dynamicbind_asd,1,0.5305825,1.7151973247528076,0.6893835663795471,1.0,ok,,local,0.5305825,7.303273
p0ad64_ma4,dynamicbind_asd,2,0.5286054,1.67284095287323,0.6971153616905212,1.0,ok,,local,0.5286054,7.268708
p0ad64_ma4,dynamicbind_asd,3,0.5241099,2.8348827362060547,0.633989155292511,1.0,ok,,local,0.5241099,7.809819
p0ad64_ma4,dynamicbind_asd,4,0.5240193,1.6475024223327637,0.7133802771568298,1.0,ok,,local,0.5240193,7.415777
p0ad64_ma4,dynamicbind_asd,5,0.5204832,1.7489579916000366,0.6957446932792664,1.0,ok,,local,0.5204832,7.3496532
p0ad64_ma4,dynamicbind_asd,6,0.51815563,1.9821596145629883,0.646063506603241,1.0,ok,,local,0.51815563,7.3615723
p0ad64_ma4,dynamicbind_asd,7,0.5180324,2.271364450454712,0.6380890011787415,1.0,ok,,local,0.5180324,6.828657
p0ad64_ma4,dynamicbind_asd,8,0.5159908,2.0125515460968018,0.6552197933197021,1.0,ok,,local,0.5159908,7.273432
p0ad64_ma4,dynamicbind_asd,9,0.5105241,4.023162841796875,0.5820561647415161,1.0,ok,,local,0.5105241,7.0879703
p0ad64_ma4,dynamicbind_asd,10,0.5097987,3.501451253890991,0.5968057513237,1.0,ok,,local,0.5097987,6.8805475
p0ad64_ma4,dynamicbind_asd,11,0.50921065,4.792410373687744,0.5155298709869385,1.0,ok,,local,0.50921065,7.7976356
p0ad64_ma4,dynamicbind_asd,12,0.5062846,2.2961266040802,0.6225489974021912,1.0,ok,,local,0.5062846,6.8307977
p0ad64_ma4,dynamicbind_asd,13,0.5040246,3.709007978439331,0.5935828685760498,1.0,ok,,local,0.5040246,6.9093194
p0ad64_ma4,dynamicbind_asd,14,0.4959383,3.839833974838257,0.5080147981643677,1.0,ok,,local,0.4959383,7.6346493
p0ad64_ma4,dynamicbind_asd,15,0.4923786,1.735190749168396,0.6872413754463196,1.0,ok,,local,0.4923786,7.138179
p0ad64_ma4,dynamicbind_asd,16,0.49168372,3.105288505554199,0.6346409320831299,1.0,ok,,local,0.49168372,7.1626806
p0ad64_ma4,dynamicbind_asd,17,0.48792747,3.510756492614746,0.5795310735702515,1.0,ok,,local,0.48792747,7.902156
p0ad64_ma4,dynamicbind_asd,18,0.48339975,7.513613224029541,0.514397919178009,1.0,ok,,local,0.48339975,6.829664
p0ad64_ma4,dynamicbind_asd,19,0.4771488,5.4436235427856445,0.2847025394439697,1.0,ok,,local,0.4771488,6.6238446
p0ad64_ma4,dynamicbind_asd,20,0.4770189,4.70362663269043,0.4358433783054352,1.0,ok,,local,0.4770189,7.7133756
p0ad64_ma4,dynamicbind_asd,21,0.47528872,2.6155309677124023,0.6460055112838745,1.0,ok,,local,0.47528872,6.8795557
p0ad64_ma4,dynamicbind_asd,22,0.47514203,3.8630237579345703,0.6010273694992065,1.0,ok,,local,0.47514203,6.8522496
p0ad64_ma4,dynamicbind_asd,23,0.46879274,6.209281921386719,0.5258620977401733,1.0,ok,,local,0.46879274,7.3652287
p0ad64_ma4,dynamicbind_asd,24,0.46656993,3.409543037414551,0.5580000281333923,1.0,ok,,local,0.46656993,7.611071
p0ad64_ma4,dynamicbind_asd,25,0.4654623,1.918595314025879,0.6304500699043274,1.0,ok,,local,0.4654623,7.1472387
p0ad64_ma4,dynamicbind_asd,26,0.4646972,7.063942909240723,0.4474043846130371,1.0,ok,,local,0.4646972,7.046333
p0ad64_ma4,dynamicbind_asd,27,0.46063742,7.1090240478515625,0.4394506812095642,1.0,ok,,local,0.46063742,7.3249288
p0ad64_ma4,dynamicbind_asd,28,0.44973913,1.9781525135040283,0.6490858197212219,1.0,ok,,local,0.44973913,7.2202168
p0ad64_ma4,dynamicbind_asd,29,0.43475503,8.621936798095703,0.43088623881340027,1.0,ok,,local,0.43475503,6.767423
p0aex9_7iu,dynamicbind_asd,0,0.6811875,,,1.0,ok,,local,0.6811875,3.6513674
p0aex9_7iu,dynamicbind_asd,1,0.6700709,,,1.0,ok,,local,0.6700709,4.006315
p0aex9_7iu,dynamicbind_asd,2,0.6661665,6.546121120452881,0.21443352103233337,1.0,ok,,local,0.6661665,3.4346185
p0aex9_7iu,dynamicbind_asd,3,0.6622943,6.6029791831970215,0.20171727240085602,1.0,ok,,local,0.6622943,4.3740516
p0aex9_7iu,dynamicbind_asd,4,0.65202886,6.973428249359131,0.13308516144752502,1.0,ok,,local,0.65202886,4.1487446
p0aex9_7iu,dynamicbind_asd,5,0.54527235,,,1.0,ok,,local,0.54527235,3.4703712
p0aex9_7iu,dynamicbind_asd,6,0.53211445,11.008011817932129,0.11374937742948532,1.0,ok,,local,0.53211445,3.9366674
p0aex9_7iu,dynamicbind_asd,7,0.5262529,,,1.0,ok,,local,0.5262529,5.9506297
p0aex9_7iu,dynamicbind_asd,8,0.5239663,,,1.0,ok,,local,0.5239663,5.286878
p0aex9_7iu,dynamicbind_asd,9,0.5199421,9.478330612182617,0.1037735864520073,1.0,ok,,local,0.5199421,5.787735
p0aex9_7iu,dynamicbind_asd,10,0.5103197,6.9384074211120605,0.1937827467918396,1.0,ok,,local,0.5103197,6.035693
p0aex9_7iu,dynamicbind_asd,11,0.5083997,3.769625663757324,0.37959182262420654,1.0,ok,,local,0.5083997,8.051286
p0aex9_7iu,dynamicbind_asd,12,0.5067401,,,1.0,ok,,local,0.5067401,7.049578
p0aex9_7iu,dynamicbind_asd,13,0.50160885,4.879396438598633,0.30882352590560913,1.0,ok,,local,0.50160885,4.635535
p0aex9_7iu,dynamicbind_asd,14,0.5012277,5.677358150482178,0.2918339967727661,1.0,ok,,local,0.5012277,6.9063153
p0aex9_7iu,dynamicbind_asd,15,0.50116134,,,1.0,ok,,local,0.50116134,3.8936594
p0aex9_7iu,dynamicbind_asd,16,0.49792653,,,1.0,ok,,local,0.49792653,4.9107537
p0aex9_7iu,dynamicbind_asd,17,0.49620467,8.416305541992188,0.21920788288116455,1.0,ok,,local,0.49620467,3.4492602
p0aex9_7iu,dynamicbind_asd,18,0.48313627,10.381828308105469,0.12267080694437027,1.0,ok,,local,0.48313627,6.828366
p0aex9_7iu,dynamicbind_asd,19,0.47821605,,,1.0,ok,,local,0.47821605,4.1995816
p0aex9_7iu,dynamicbind_asd,20,0.46484703,13.318474769592285,0.0172288715839386,1.0,ok,,local,0.46484703,3.9377127
p0aex9_7iu,dynamicbind_asd,21,0.45288178,,,1.0,ok,,local,0.45288178,6.188701
p0aex9_7iu,dynamicbind_asd,22,0.45258868,5.004950523376465,0.3053121566772461,1.0,ok,,local,0.45258868,6.7505975
p0aex9_7iu,dynamicbind_asd,23,0.44423816,6.186872959136963,0.22996795177459717,1.0,ok,,local,0.44423816,7.492728
p0aex9_oku,dynamicbind_asd,0,0.7395751,,,1.0,ok,,local,0.7395751,3.6100032
p0aex9_oku,dynamicbind_asd,1,0.68984,,,1.0,ok,,local,0.68984,3.8553183
p0aex9_oku,dynamicbind_asd,2,0.66921926,,,1.0,ok,,local,0.66921926,4.332046
p0aex9_oku,dynamicbind_asd,3,0.6636743,,,1.0,ok,,local,0.6636743,4.5452986
p0aex9_oku,dynamicbind_asd,4,0.64800197,,,1.0,ok,,local,0.64800197,3.5603158
p0aex9_oku,dynamicbind_asd,5,0.6242829,,,1.0,ok,,local,0.6242829,4.329048
p0aex9_oku,dynamicbind_asd,6,0.62006557,,,1.0,ok,,local,0.62006557,3.7050548
p0aex9_oku,dynamicbind_asd,7,0.5900408,,,1.0,ok,,local,0.5900408,3.6246872
p0aex9_oku,dynamicbind_asd,8,0.57577705,,,1.0,ok,,local,0.57577705,3.5302424
p0aex9_oku,dynamicbind_asd,9,0.55639035,,,1.0,ok,,local,0.55639035,4.3411303
p0aex9_oku,dynamicbind_asd,10,0.5364398,,,1.0,ok,,local,0.5364398,4.3823185
p0aex9_oku,dynamicbind_asd,11,0.52896243,,,1.0,ok,,local,0.52896243,4.332215
p0aex9_oku,dynamicbind_asd,12,0.51475495,,,1.0,ok,,local,0.51475495,4.805115
p0aex9_oku,dynamicbind_asd,13,0.5055483,,,1.0,ok,,local,0.5055483,3.5556931
p0aex9_oku,dynamicbind_asd,14,0.5031915,,,1.0,ok,,local,0.5031915,6.253011
p0aex9_oku,dynamicbind_asd,15,0.5031914,,,1.0,ok,,local,0.5031914,6.2530146
p0aex9_oku,dynamicbind_asd,16,0.50240356,,,1.0,ok,,local,0.50240356,5.423228
p0aex9_oku,dynamicbind_asd,17,0.49376574,,,1.0,ok,,local,0.49376574,5.3348427
p0aex9_oku,dynamicbind_asd,18,0.49376494,,,1.0,ok,,local,0.49376494,5.334847
p0aex9_oku,dynamicbind_asd,19,0.49246788,,,1.0,ok,,local,0.49246788,6.6676054
p0aex9_oku,dynamicbind_asd,20,0.49246734,,,1.0,ok,,local,0.49246734,6.6676407
p0aex9_oku,dynamicbind_asd,21,0.49095428,,,1.0,ok,,local,0.49095428,2.3431551
p0aex9_oku,dynamicbind_asd,22,0.48968378,,,1.0,ok,,local,0.48968378,5.982725
p0aex9_oku,dynamicbind_asd,23,0.48968354,,,1.0,ok,,local,0.48968354,5.982726
p0aex9_oku,dynamicbind_asd,24,0.48702714,,,1.0,ok,,local,0.48702714,6.4708667
p0aex9_oku,dynamicbind_asd,25,0.48114327,,,1.0,ok,,local,0.48114327,6.5420294
p0aex9_oku,dynamicbind_asd,26,0.4775791,,,1.0,ok,,local,0.4775791,6.382374
p0aex9_oku,dynamicbind_asd,27,0.4775786,,,1.0,ok,,local,0.4775786,6.382383
p0aex9_oku,dynamicbind_asd,28,0.4758022,,,1.0,ok,,local,0.4758022,7.0545354
p0aex9_oku,dynamicbind_asd,29,0.475802,,,1.0,ok,,local,0.475802,7.05459
p0aex9_oku,dynamicbind_asd,30,0.47269338,,,1.0,ok,,local,0.47269338,6.9305367
p0aex9_oku,dynamicbind_asd,31,0.47269318,,,1.0,ok,,local,0.47269318,6.930535
p0aex9_oku,dynamicbind_asd,32,0.46912715,,,1.0,ok,,local,0.46912715,7.371838
p0aex9_oku,dynamicbind_asd,33,0.4691268,,,1.0,ok,,local,0.4691268,7.3718467
p0aex9_oku,dynamicbind_asd,34,0.45187104,,,1.0,ok,,local,0.45187104,7.422048
p0aex9_oku,dynamicbind_asd,35,0.42971784,,,1.0,ok,,local,0.42971784,4.7903585
p0aex9_ol0,dynamicbind_asd,0,0.69127613,,,1.0,ok,,local,0.69127613,3.7377017
p0aex9_ol0,dynamicbind_asd,1,0.6871421,,,1.0,ok,,local,0.6871421,4.0904818
p0aex9_ol0,dynamicbind_asd,2,0.6709253,,,1.0,ok,,local,0.6709253,3.5059102
p0aex9_ol0,dynamicbind_asd,3,0.6241467,,,1.0,ok,,local,0.6241467,3.6912365
p0aex9_ol0,dynamicbind_asd,4,0.62372047,,,1.0,ok,,local,0.62372047,3.8887668
p0aex9_ol0,dynamicbind_asd,5,0.6214441,,,1.0,ok,,local,0.6214441,4.0272126
p0aex9_ol0,dynamicbind_asd,6,0.59541595,,,1.0,ok,,local,0.59541595,3.650706
p0aex9_ol0,dynamicbind_asd,7,0.5678663,,,1.0,ok,,local,0.5678663,4.3216877
p0aex9_ol0,dynamicbind_asd,8,0.53839296,,,1.0,ok,,local,0.53839296,5.0115943
p0aex9_ol0,dynamicbind_asd,9,0.5304727,,,1.0,ok,,local,0.5304727,5.723205
p0aex9_ol0,dynamicbind_asd,10,0.5105136,,,1.0,ok,,local,0.5105136,3.9668922
p0aex9_ol0,dynamicbind_asd,11,0.51049703,,,1.0,ok,,local,0.51049703,6.796329
p0aex9_ol0,dynamicbind_asd,12,0.51023954,,,1.0,ok,,local,0.51023954,5.767125
p0aex9_ol0,dynamicbind_asd,13,0.50296986,,,1.0,ok,,local,0.50296986,5.631266
p0aex9_ol0,dynamicbind_asd,14,0.49914482,,,1.0,ok,,local,0.49914482,5.5017133
p0aex9_ol0,dynamicbind_asd,15,0.49864364,,,1.0,ok,,local,0.49864364,6.953941
p0aex9_ol0,dynamicbind_asd,16,0.49432778,,,1.0,ok,,local,0.49432778,4.6651835
p0aex9_ol0,dynamicbind_asd,17,0.49411353,,,1.0,ok,,local,0.49411353,6.711489
p0aex9_ol0,dynamicbind_asd,18,0.49012768,,,1.0,ok,,local,0.49012768,5.75645
p0aex9_ol0,dynamicbind_asd,19,0.49001202,,,1.0,ok,,local,0.49001202,4.6083117
p0aex9_ol0,dynamicbind_asd,20,0.48999852,,,1.0,ok,,local,0.48999852,7.1197877
p0aex9_ol0,dynamicbind_asd,21,0.46946472,,,1.0,ok,,local,0.46946472,5.1848173
p0aex9_ol0,dynamicbind_asd,22,0.43879992,,,1.0,ok,,local,0.43879992,6.526843
p0dtd1_a4o,dynamicbind_asd,0,0.6962055,,,1.0,ok,,local,0.6962055,4.4905543
p0dtd1_a4o,dynamicbind_asd,1,0.69573504,,,1.0,ok,,local,0.69573504,4.3683357
p0dtd1_a4o,dynamicbind_asd,2,0.6954265,,,1.0,ok,,local,0.6954265,4.265545
p0dtd1_a4o,dynamicbind_asd,3,0.69391924,,,1.0,ok,,local,0.69391924,4.2590365
p0dtd1_a4o,dynamicbind_asd,4,0.69250005,,,1.0,ok,,local,0.69250005,4.401378
p0dtd1_a4o,dynamicbind_asd,5,0.6884904,,,1.0,ok,,local,0.6884904,4.2445345
p0dtd1_a4o,dynamicbind_asd,6,0.68787545,,,1.0,ok,,local,0.68787545,4.28564
p0dtd1_a4o,dynamicbind_asd,7,0.6877385,,,1.0,ok,,local,0.6877385,4.246645
p0dtd1_a4o,dynamicbind_asd,8,0.68740666,,,1.0,ok,,local,0.68740666,4.540486
p0dtd1_a4o,dynamicbind_asd,9,0.6844103,,,1.0,ok,,local,0.6844103,4.3578534
p0dtd1_a4o,dynamicbind_asd,10,0.683585,,,1.0,ok,,local,0.683585,4.3883624
p0dtd1_a4o,dynamicbind_asd,11,0.68290055,,,1.0,ok,,local,0.68290055,4.477589
p0dtd1_a4o,dynamicbind_asd,12,0.68017906,,,1.0,ok,,local,0.68017906,4.464887
p0dtd1_a4o,dynamicbind_asd,13,0.67866766,,,1.0,ok,,local,0.67866766,4.3076444
p0dtd1_a4o,dynamicbind_asd,14,0.6785906,,,1.0,ok,,local,0.6785906,4.155467
p0dtd1_a4o,dynamicbind_asd,15,0.67675215,,,1.0,ok,,local,0.67675215,4.3604236
p0dtd1_a4o,dynamicbind_asd,16,0.6655153,,,1.0,ok,,local,0.6655153,3.3776984
p0dtd1_a4o,dynamicbind_asd,17,0.6565206,,,1.0,ok,,local,0.6565206,4.384381
p0dtd1_a4o,dynamicbind_asd,18,0.65588623,,,1.0,ok,,local,0.65588623,3.395881
p0dtd1_a4o,dynamicbind_asd,19,0.64599085,,,1.0,ok,,local,0.64599085,4.248818
p0dtd1_a4o,dynamicbind_asd,20,0.64033955,,,1.0,ok,,local,0.64033955,3.4315357
p0dtd1_a4o,dynamicbind_asd,21,0.63317084,,,1.0,ok,,local,0.63317084,3.4770048
p0dtd1_a4o,dynamicbind_asd,22,0.63106775,,,1.0,ok,,local,0.63106775,3.283852
p0dtd1_a4o,dynamicbind_asd,23,0.6205116,,,1.0,ok,,local,0.6205116,3.416796
p0dtd1_a4o,dynamicbind_asd,24,0.6131854,,,1.0,ok,,local,0.6131854,3.664152
p0dtd1_a4o,dynamicbind_asd,25,0.6125043,,,1.0,ok,,local,0.6125043,4.153434
p0dtd1_a4o,dynamicbind_asd,26,0.5845114,,,1.0,ok,,local,0.5845114,4.2736354
p0dtd1_a4o,dynamicbind_asd,27,0.57966924,,,1.0,ok,,local,0.57966924,3.6394336
p0dtd1_a4o,dynamicbind_asd,28,0.5512202,,,1.0,ok,,local,0.5512202,4.358001
p0dtd1_a5i,dynamicbind_asd,0,0.6590895,,,1.0,ok,,local,0.6590895,4.7657375
p0dtd1_a5i,dynamicbind_asd,1,0.6428063,,,1.0,ok,,local,0.6428063,5.098037
p0dtd1_a5i,dynamicbind_asd,2,0.6395362,,,1.0,ok,,local,0.6395362,5.174538
p0dtd1_a5i,dynamicbind_asd,3,0.6356594,,,1.0,ok,,local,0.6356594,5.107927
p0dtd1_a5i,dynamicbind_asd,4,0.63503546,,,1.0,ok,,local,0.63503546,5.1887255
p0dtd1_a5i,dynamicbind_asd,5,0.6330678,,,1.0,ok,,local,0.6330678,5.3323293
p0dtd1_a5i,dynamicbind_asd,6,0.63272315,,,1.0,ok,,local,0.63272315,5.3306913
p0dtd1_a5i,dynamicbind_asd,7,0.62616676,,,1.0,ok,,local,0.62616676,5.2489634
p0dtd1_a5i,dynamicbind_asd,8,0.62518466,,,1.0,ok,,local,0.62518466,5.3509493
p0dtd1_a5i,dynamicbind_asd,9,0.62292755,,,1.0,ok,,local,0.62292755,5.459849
p0dtd1_a5i,dynamicbind_asd,10,0.620865,,,1.0,ok,,local,0.620865,5.1623673
p0dtd1_a5i,dynamicbind_asd,11,0.6193256,,,1.0,ok,,local,0.6193256,5.1022215
p0dtd1_a5i,dynamicbind_asd,12,0.6150209,,,1.0,ok,,local,0.6150209,5.2114906
p0dtd1_a5i,dynamicbind_asd,13,0.6128107,,,1.0,ok,,local,0.6128107,5.2838335
p0dtd1_a5i,dynamicbind_asd,14,0.61179316,,,1.0,ok,,local,0.61179316,5.0954933
p0dtd1_a5i,dynamicbind_asd,15,0.6109808,,,1.0,ok,,local,0.6109808,4.997699
p0dtd1_a5i,dynamicbind_asd,16,0.60850346,,,1.0,ok,,local,0.60850346,5.4132442
p0dtd1_a5i,dynamicbind_asd,17,0.606154,,,1.0,ok,,local,0.606154,5.475537
p0dtd1_a5i,dynamicbind_asd,18,0.6056406,,,1.0,ok,,local,0.6056406,5.4009624
p0dtd1_a5i,dynamicbind_asd,19,0.60232264,,,1.0,ok,,local,0.60232264,5.015404
p0dtd1_a5i,dynamicbind_asd,20,0.6003324,,,1.0,ok,,local,0.6003324,5.4979653
p0dtd1_a5i,dynamicbind_asd,21,0.59606653,,,1.0,ok,,local,0.59606653,5.387496
p0dtd1_a5i,dynamicbind_asd,22,0.59055823,,,1.0,ok,,local,0.59055823,5.517652
p0dtd1_a5i,dynamicbind_asd,23,0.58956254,,,1.0,ok,,local,0.58956254,5.47014
p0dtd1_a5i,dynamicbind_asd,24,0.58452564,,,1.0,ok,,local,0.58452564,5.4113297
p0dtd1_a5i,dynamicbind_asd,25,0.5788153,,,1.0,ok,,local,0.5788153,5.091917
p0dtd1_a5i,dynamicbind_asd,26,0.5754771,,,1.0,ok,,local,0.5754771,5.127641
p0dtd1_a5i,dynamicbind_asd,27,0.570861,,,1.0,ok,,local,0.570861,5.4142346
p0dtd1_a5i,dynamicbind_asd,28,0.55929404,,,1.0,ok,,local,0.55929404,5.2271643
p0dtd1_a5i,dynamicbind_asd,29,0.5567727,,,1.0,ok,,local,0.5567727,5.010218
p0dtd1_a7l,dynamicbind_asd,0,0.7162466,,,1.0,ok,,local,0.7162466,4.637695
p0dtd1_a7l,dynamicbind_asd,1,0.71045345,,,1.0,ok,,local,0.71045345,4.621306
p0dtd1_a7l,dynamicbind_asd,2,0.7066217,,,1.0,ok,,local,0.7066217,4.708932
p0dtd1_a7l,dynamicbind_asd,3,0.69988817,,,1.0,ok,,local,0.69988817,4.595133
p0dtd1_a7l,dynamicbind_asd,4,0.69838893,,,1.0,ok,,local,0.69838893,4.443117
p0dtd1_a7l,dynamicbind_asd,5,0.69830847,,,1.0,ok,,local,0.69830847,4.777809
p0dtd1_a7l,dynamicbind_asd,6,0.69650817,,,1.0,ok,,local,0.69650817,4.772515
p0dtd1_a7l,dynamicbind_asd,7,0.69180745,,,1.0,ok,,local,0.69180745,4.876353
p0dtd1_a7l,dynamicbind_asd,8,0.6916949,,,1.0,ok,,local,0.6916949,4.6737146
p0dtd1_a7l,dynamicbind_asd,9,0.6911043,,,1.0,ok,,local,0.6911043,4.678896
p0dtd1_a7l,dynamicbind_asd,10,0.6903054,,,1.0,ok,,local,0.6903054,4.813663
p0dtd1_a7l,dynamicbind_asd,11,0.6892686,,,1.0,ok,,local,0.6892686,4.838806
p0dtd1_a7l,dynamicbind_asd,12,0.6890288,,,1.0,ok,,local,0.6890288,4.785832
p0dtd1_a7l,dynamicbind_asd,13,0.6869325,,,1.0,ok,,local,0.6869325,4.867914
p0dtd1_a7l,dynamicbind_asd,14,0.6859109,,,1.0,ok,,local,0.6859109,4.730916
p0dtd1_a7l,dynamicbind_asd,15,0.68044513,,,1.0,ok,,local,0.68044513,3.5340235
p0dtd1_a7l,dynamicbind_asd,16,0.6609347,,,1.0,ok,,local,0.6609347,4.53685
p0dtd1_a7l,dynamicbind_asd,17,0.66049314,,,1.0,ok,,local,0.66049314,4.657537
p0dtd1_a7l,dynamicbind_asd,18,0.65668845,,,1.0,ok,,local,0.65668845,4.8867383
p0dtd1_a7l,dynamicbind_asd,19,0.6563474,,,1.0,ok,,local,0.6563474,3.7169094
p0dtd1_a7l,dynamicbind_asd,20,0.65379304,,,1.0,ok,,local,0.65379304,5.057249
p0dtd1_a7l,dynamicbind_asd,21,0.65293884,,,1.0,ok,,local,0.65293884,5.056215
p0dtd1_a7l,dynamicbind_asd,22,0.6527805,,,1.0,ok,,local,0.6527805,4.7081976
p0dtd1_a7l,dynamicbind_asd,23,0.6521118,,,1.0,ok,,local,0.6521118,5.096544
p0dtd1_a7l,dynamicbind_asd,24,0.651911,,,1.0,ok,,local,0.651911,5.000226
p0dtd1_a7l,dynamicbind_asd,25,0.65190387,,,1.0,ok,,local,0.65190387,5.1074677
p0dtd1_a7l,dynamicbind_asd,26,0.65068614,,,1.0,ok,,local,0.65068614,4.867661
p0dtd1_a7l,dynamicbind_asd,27,0.63931245,,,1.0,ok,,local,0.63931245,4.8129125
p0dtd1_a7l,dynamicbind_asd,28,0.6173978,,,1.0,ok,,local,0.6173978,4.388451
p0dtd1_a7l,dynamicbind_asd,29,0.5904499,,,1.0,ok,,local,0.5904499,4.065859
p10275_056,dynamicbind_asd,0,0.71903926,19.900917053222656,0.0005382131203077734,1.0,ok,,local,0.71903926,5.870915
p10275_056,dynamicbind_asd,1,0.7083113,20.212360382080078,0.0002750275016296655,1.0,ok,,local,0.7083113,6.291052
p10275_056,dynamicbind_asd,2,0.7025963,19.001140594482422,0.0,1.0,ok,,local,0.7025963,6.1135297
p10275_056,dynamicbind_asd,3,0.6967132,20.130661010742188,0.00026343518402427435,1.0,ok,,local,0.6967132,5.7979097
p10275_056,dynamicbind_asd,4,0.6966112,18.975345611572266,0.0,1.0,ok,,local,0.6966112,6.126088
p10275_056,dynamicbind_asd,5,0.6963457,18.644824981689453,0.00026680895825847983,1.0,ok,,local,0.6963457,6.290915
p10275_056,dynamicbind_asd,6,0.6960895,18.690088272094727,0.0,1.0,ok,,local,0.6960895,6.0216665
p10275_056,dynamicbind_asd,7,0.69269073,18.590810775756836,0.0,1.0,ok,,local,0.69269073,6.207206
p10275_056,dynamicbind_asd,8,0.6882375,20.58660888671875,0.0002771618601400405,1.0,ok,,local,0.6882375,6.686762
p10275_056,dynamicbind_asd,9,0.6877736,18.5594482421875,0.0008073197095654905,1.0,ok,,local,0.6877736,6.0323505
p10275_056,dynamicbind_asd,10,0.68300164,20.441251754760742,0.00027808675076812506,1.0,ok,,local,0.68300164,6.644255
p10275_056,dynamicbind_asd,11,0.67400146,18.373437881469727,0.0002750275016296655,1.0,ok,,local,0.67400146,6.328112
p10275_056,dynamicbind_asd,12,0.67388296,20.95388412475586,0.001612903201021254,1.0,ok,,local,0.67388296,6.387554
p10275_056,dynamicbind_asd,13,0.67230415,18.72565460205078,0.001114827231504023,1.0,ok,,local,0.67230415,6.2550054
p10275_056,dynamicbind_asd,14,0.6686376,18.67176055908203,0.0008389261784031987,1.0,ok,,local,0.6686376,6.2869377
p10275_056,dynamicbind_asd,15,0.6634128,20.938793182373047,0.001088139251805842,1.0,ok,,local,0.6634128,6.36853
p10275_056,dynamicbind_asd,16,0.66097605,19.776418685913086,0.0027352296747267246,1.0,ok,,local,0.66097605,6.503084
p10275_056,dynamicbind_asd,17,0.6547987,18.31879234313965,0.0008296460146084428,1.0,ok,,local,0.6547987,6.332731
p10275_056,dynamicbind_asd,18,0.62184054,18.595256805419922,0.0,1.0,ok,,local,0.62184054,6.3379493
p10275_056,dynamicbind_asd,19,0.61366564,18.552324295043945,0.0,1.0,ok,,local,0.61366564,6.3373604
p10275_b5r,dynamicbind_asd,0,0.6784823,,,1.0,ok,,local,0.6784823,8.251874
p10275_b5r,dynamicbind_asd,1,0.67749643,,,1.0,ok,,local,0.67749643,8.149627
p10275_b5r,dynamicbind_asd,2,0.67468643,,,1.0,ok,,local,0.67468643,8.46177
p10275_b5r,dynamicbind_asd,3,0.67334986,,,1.0,ok,,local,0.67334986,8.453769
p10275_b5r,dynamicbind_asd,4,0.67213684,,,1.0,ok,,local,0.67213684,8.42955
p10275_b5r,dynamicbind_asd,5,0.6702449,,,1.0,ok,,local,0.6702449,8.5559435
p10275_b5r,dynamicbind_asd,6,0.6697198,,,1.0,ok,,local,0.6697198,8.582664
p10275_b5r,dynamicbind_asd,7,0.66593385,,,1.0,ok,,local,0.66593385,8.331811
p10275_b5r,dynamicbind_asd,8,0.6613374,,,1.0,ok,,local,0.6613374,8.213739
p10275_b5r,dynamicbind_asd,9,0.66058046,,,1.0,ok,,local,0.66058046,8.132504
p10275_b5r,dynamicbind_asd,10,0.65781873,,,1.0,ok,,local,0.65781873,8.181524
p10275_b5r,dynamicbind_asd,11,0.65730506,,,1.0,ok,,local,0.65730506,8.294075
p10275_b5r,dynamicbind_asd,12,0.65633386,,,1.0,ok,,local,0.65633386,8.283681
p10275_b5r,dynamicbind_asd,13,0.65580994,,,1.0,ok,,local,0.65580994,8.116819
p10275_b5r,dynamicbind_asd,14,0.65390885,,,1.0,ok,,local,0.65390885,8.312354
p10275_b5r,dynamicbind_asd,15,0.6523334,,,1.0,ok,,local,0.6523334,8.178569
p10275_b5r,dynamicbind_asd,16,0.65167004,,,1.0,ok,,local,0.65167004,8.384137
p10275_b5r,dynamicbind_asd,17,0.65124655,,,1.0,ok,,local,0.65124655,8.122788
p10275_b5r,dynamicbind_asd,18,0.65012276,,,1.0,ok,,local,0.65012276,8.089677
p10275_b5r,dynamicbind_asd,19,0.6495231,,,1.0,ok,,local,0.6495231,8.356483
p10275_b5r,dynamicbind_asd,20,0.6489736,,,1.0,ok,,local,0.6489736,8.0212
p10275_b5r,dynamicbind_asd,21,0.6454345,,,1.0,ok,,local,0.6454345,8.337842
p10275_b5r,dynamicbind_asd,22,0.6452325,,,1.0,ok,,local,0.6452325,8.084488
p10275_b5r,dynamicbind_asd,23,0.6444882,,,1.0,ok,,local,0.6444882,8.073869
p10275_b5r,dynamicbind_asd,24,0.64399666,,,1.0,ok,,local,0.64399666,7.99654
p10275_b5r,dynamicbind_asd,25,0.64134896,,,1.0,ok,,local,0.64134896,8.319081
p10275_b5r,dynamicbind_asd,26,0.6410355,,,1.0,ok,,local,0.6410355,8.401499
p10275_b5r,dynamicbind_asd,27,0.640246,,,1.0,ok,,local,0.640246,8.037275
p10275_b5r,dynamicbind_asd,28,0.6148714,,,1.0,ok,,local,0.6148714,8.738855
p10275_b5r,dynamicbind_asd,29,0.6074791,,,1.0,ok,,local,0.6074791,8.524949
p10275_b66,dynamicbind_asd,0,0.67331886,,,1.0,ok,,local,0.67331886,6.7042813
p10275_b66,dynamicbind_asd,1,0.6698696,,,1.0,ok,,local,0.6698696,6.9254403
p10275_b66,dynamicbind_asd,2,0.6698461,,,1.0,ok,,local,0.6698461,7.1943436
p10275_b66,dynamicbind_asd,3,0.66422236,,,1.0,ok,,local,0.66422236,7.1756754
p10275_b66,dynamicbind_asd,4,0.6638353,,,1.0,ok,,local,0.6638353,7.0787964
p10275_b66,dynamicbind_asd,5,0.66211,,,1.0,ok,,local,0.66211,6.7966905
p10275_b66,dynamicbind_asd,6,0.6554709,,,1.0,ok,,local,0.6554709,6.9361243
p10275_b66,dynamicbind_asd,7,0.6550978,,,1.0,ok,,local,0.6550978,5.910201
p10275_b66,dynamicbind_asd,8,0.65364033,,,1.0,ok,,local,0.65364033,6.626831
p10275_b66,dynamicbind_asd,9,0.6452919,,,1.0,ok,,local,0.6452919,6.5087986
p10275_b66,dynamicbind_asd,10,0.6424119,,,1.0,ok,,local,0.6424119,6.1352644
p10275_b66,dynamicbind_asd,11,0.64196616,,,1.0,ok,,local,0.64196616,6.3701434
p10275_b66,dynamicbind_asd,12,0.64111745,,,1.0,ok,,local,0.64111745,6.731969
p10275_b66,dynamicbind_asd,13,0.6410942,,,1.0,ok,,local,0.6410942,5.8939114
p10275_b66,dynamicbind_asd,14,0.639191,,,1.0,ok,,local,0.639191,6.377738
p10275_b66,dynamicbind_asd,15,0.6390578,,,1.0,ok,,local,0.6390578,6.777989
p10275_b66,dynamicbind_asd,16,0.638291,,,1.0,ok,,local,0.638291,6.9134145
p10275_b66,dynamicbind_asd,17,0.636399,,,1.0,ok,,local,0.636399,6.7204666
p10275_b66,dynamicbind_asd,18,0.63557667,,,1.0,ok,,local,0.63557667,6.7902603
p10275_b66,dynamicbind_asd,19,0.63494694,,,1.0,ok,,local,0.63494694,6.813314
p10275_b66,dynamicbind_asd,20,0.63447326,,,1.0,ok,,local,0.63447326,6.712695
p10275_b66,dynamicbind_asd,21,0.6334638,,,1.0,ok,,local,0.6334638,6.732618
p10275_b66,dynamicbind_asd,22,0.63138497,,,1.0,ok,,local,0.63138497,6.5180945
p10275_b66,dynamicbind_asd,23,0.63022625,,,1.0,ok,,local,0.63022625,6.8289165
p10275_b66,dynamicbind_asd,24,0.6280279,,,1.0,ok,,local,0.6280279,6.531615
p10275_b66,dynamicbind_asd,25,0.6274913,,,1.0,ok,,local,0.6274913,6.6749663
p10275_b66,dynamicbind_asd,26,0.6270156,,,1.0,ok,,local,0.6270156,6.781832
p10275_b66,dynamicbind_asd,27,0.62233853,,,1.0,ok,,local,0.62233853,6.8111267
p10275_b66,dynamicbind_asd,28,0.6067322,,,1.0,ok,,local,0.6067322,6.8046923
p10275_b66,dynamicbind_asd,29,0.605415,,,1.0,ok,,local,0.605415,6.8125653
p10275_dht,dynamicbind_asd,0,0.76888585,0.5344601273536682,0.9467213153839111,1.0,ok,,local,0.76888585,8.885324
p10275_dht,dynamicbind_asd,1,0.76887375,0.5313437581062317,0.9466612339019775,1.0,ok,,local,0.76887375,8.893168
p10275_dht,dynamicbind_asd,2,0.7688254,0.5596611499786377,0.9383116960525513,1.0,ok,,local,0.7688254,8.87175
p10275_dht,dynamicbind_asd,3,0.7683254,0.5405347943305969,0.9465742111206055,1.0,ok,,local,0.7683254,8.883456
p10275_dht,dynamicbind_asd,4,0.76823217,0.49697449803352356,0.9421824216842651,1.0,ok,,local,0.76823217,8.899786
p10275_dht,dynamicbind_asd,5,0.7677446,0.5648285746574402,0.9482055306434631,1.0,ok,,local,0.7677446,8.869482
p10275_dht,dynamicbind_asd,6,0.76727617,0.4869449734687805,0.9444444179534912,1.0,ok,,local,0.76727617,8.886821
p10275_dht,dynamicbind_asd,7,0.7669351,0.46840420365333557,0.9454397559165955,1.0,ok,,local,0.7669351,8.897777
p10275_dht,dynamicbind_asd,8,0.7664391,0.505434513092041,0.9469572305679321,1.0,ok,,local,0.7664391,8.873919
p10275_dht,dynamicbind_asd,9,0.76495177,0.5126016139984131,0.9438610672950745,1.0,ok,,local,0.76495177,8.928838
p10275_dht,dynamicbind_asd,10,0.7637381,0.5485199093818665,0.8806552290916443,1.0,ok,,local,0.7637381,8.873705
p10275_dht,dynamicbind_asd,11,0.7632935,0.5150935053825378,0.8911352753639221,1.0,ok,,local,0.7632935,8.860491
p10275_dht,dynamicbind_asd,12,0.7630429,0.5856025815010071,0.8815586566925049,1.0,ok,,local,0.7630429,8.849491
p10275_dht,dynamicbind_asd,13,0.7627309,0.6223257184028625,0.8715277910232544,1.0,ok,,local,0.7627309,8.863526
p10275_dht,dynamicbind_asd,14,0.7627094,0.4924098253250122,0.8974258899688721,1.0,ok,,local,0.7627094,8.878797
p10275_dht,dynamicbind_asd,15,0.7625865,0.5741552710533142,0.8699690699577332,1.0,ok,,local,0.7625865,8.874471
p10275_dht,dynamicbind_asd,16,0.7617753,0.4687662124633789,0.8877550959587097,1.0,ok,,local,0.7617753,8.876484
p10275_dht,dynamicbind_asd,17,0.7616144,0.7887755632400513,0.8598024249076843,1.0,ok,,local,0.7616144,8.838545
p10275_dht,dynamicbind_asd,18,0.76160854,0.5361940264701843,0.8867554664611816,1.0,ok,,local,0.76160854,8.879327
p10275_dht,dynamicbind_asd,19,0.76148015,0.5472759008407593,0.8828125,1.0,ok,,local,0.76148015,8.853768
p10275_dht,dynamicbind_asd,20,0.7614555,0.5776793956756592,0.8921259641647339,1.0,ok,,local,0.7614555,8.820312
p10275_dht,dynamicbind_asd,21,0.76125634,0.5120576620101929,0.8911163806915283,1.0,ok,,local,0.76125634,8.822495
p10275_dht,dynamicbind_asd,22,0.7610211,0.6546580195426941,0.8782945871353149,1.0,ok,,local,0.7610211,8.807254
p10275_dht,dynamicbind_asd,23,0.7609593,0.6143491864204407,0.8753918409347534,1.0,ok,,local,0.7609593,8.803486
p10275_dht,dynamicbind_asd,24,0.76092285,0.5959338545799255,0.8826053142547607,1.0,ok,,local,0.76092285,8.814488
p10275_dht,dynamicbind_asd,25,0.76080525,0.4825768768787384,0.8948819041252136,1.0,ok,,local,0.76080525,8.819702
p10275_dht,dynamicbind_asd,26,0.7606366,0.5414212942123413,0.8966876864433289,1.0,ok,,local,0.7606366,8.820121
p10275_dht,dynamicbind_asd,27,0.7605536,0.5639626979827881,0.8892801403999329,1.0,ok,,local,0.7605536,8.818727
p10275_dht,dynamicbind_asd,28,0.76035917,0.5640825629234314,0.8753858208656311,1.0,ok,,local,0.76035917,8.828203
p10275_dht,dynamicbind_asd,29,0.759008,0.8373427391052246,0.8462405800819397,1.0,ok,,local,0.759008,8.778508
p10275_ylq,dynamicbind_asd,0,0.6759174,,,1.0,ok,,local,0.6759174,5.733577
p10275_ylq,dynamicbind_asd,1,0.67121345,,,1.0,ok,,local,0.67121345,5.7313943
p10275_ylq,dynamicbind_asd,2,0.65866846,,,1.0,ok,,local,0.65866846,5.863223
p10275_ylq,dynamicbind_asd,3,0.6577801,,,1.0,ok,,local,0.6577801,5.9833126
p10275_ylq,dynamicbind_asd,4,0.6566233,,,1.0,ok,,local,0.6566233,5.827704
p10275_ylq,dynamicbind_asd,5,0.6512706,,,1.0,ok,,local,0.6512706,5.9579053
p10275_ylq,dynamicbind_asd,6,0.6487846,,,1.0,ok,,local,0.6487846,5.965664
p10275_ylq,dynamicbind_asd,7,0.6446392,,,1.0,ok,,local,0.6446392,5.931641
p10275_ylq,dynamicbind_asd,8,0.63230276,,,1.0,ok,,local,0.63230276,5.8646474
p10275_ylq,dynamicbind_asd,9,0.6151029,,,1.0,ok,,local,0.6151029,6.502941
p10275_ylq,dynamicbind_asd,10,0.6131306,,,1.0,ok,,local,0.6131306,6.5194116
p10275_ylq,dynamicbind_asd,11,0.6129549,,,1.0,ok,,local,0.6129549,7.424941
p10275_ylq,dynamicbind_asd,12,0.6123791,,,1.0,ok,,local,0.6123791,7.460994
p10275_ylq,dynamicbind_asd,13,0.6089333,,,1.0,ok,,local,0.6089333,6.230393
p10275_ylq,dynamicbind_asd,14,0.60809106,,,1.0,ok,,local,0.60809106,6.2453895
p10275_ylq,dynamicbind_asd,15,0.6047404,,,1.0,ok,,local,0.6047404,5.8012476
p10275_ylq,dynamicbind_asd,16,0.59705,,,1.0,ok,,local,0.59705,5.6835775
p10275_ylq,dynamicbind_asd,17,0.50481045,,,1.0,ok,,local,0.50481045,5.374798
p10275_ylq,dynamicbind_asd,18,0.5036601,,,1.0,ok,,local,0.5036601,5.1338696
p10275_ylq,dynamicbind_asd,19,0.47403604,,,1.0,ok,,local,0.47403604,4.110507
p10828_4hy,dynamicbind_asd,0,0.73594505,,,0.0,ok,,local,0.73594505,9.275105
p10828_4hy,dynamicbind_asd,1,0.73578995,,,0.0,ok,,local,0.73578995,9.13351
p10828_4hy,dynamicbind_asd,2,0.72925854,,,0.935590152251061,ok,,local,0.72925854,9.280388
p10828_4hy,dynamicbind_asd,3,0.72699386,,,0.0,ok,,local,0.72699386,9.339035
p10828_4hy,dynamicbind_asd,4,0.72646374,,,0.9355675888071264,ok,,local,0.72646374,9.337343
p10828_4hy,dynamicbind_asd,5,0.72531813,,,0.9341737927281872,ok,,local,0.72531813,9.365151
p10828_4hy,dynamicbind_asd,6,0.7246928,,,0.9354028933819285,ok,,local,0.7246928,9.417973
p10828_4hy,dynamicbind_asd,7,0.7164065,,,0.0,ok,,local,0.7164065,9.133506
p10828_4hy,dynamicbind_asd,8,0.7142489,,,0.9336955647862302,ok,,local,0.7142489,9.259373
p10828_4hy,dynamicbind_asd,9,0.71040523,,,0.0,ok,,local,0.71040523,9.1605625
p10828_4hy,dynamicbind_asd,10,0.7092569,,,0.9372443770676512,ok,,local,0.7092569,9.240842
p10828_4hy,dynamicbind_asd,11,0.7055882,,,0.9341527924043287,ok,,local,0.7055882,9.378877
p10828_4hy,dynamicbind_asd,12,0.7043224,,,0.0,ok,,local,0.7043224,8.64724
p10828_4hy,dynamicbind_asd,13,0.7043126,,,0.9353912064395241,ok,,local,0.7043126,9.266774
p10828_4hy,dynamicbind_asd,14,0.7024944,,,0.0,ok,,local,0.7024944,8.589308
p10828_4hy,dynamicbind_asd,15,0.70199317,,,0.9345385313686791,ok,,local,0.70199317,9.295519
p10828_4hy,dynamicbind_asd,16,0.7002599,,,0.9201563659433901,ok,,local,0.7002599,8.750458
p10828_4hy,dynamicbind_asd,17,0.70000607,,,0.0,ok,,local,0.70000607,8.7537
p10828_4hy,dynamicbind_asd,18,0.6995567,,,0.0,ok,,local,0.6995567,9.109194
p10828_4hy,dynamicbind_asd,19,0.6993611,,,0.0,ok,,local,0.6993611,8.680343
p10828_4hy,dynamicbind_asd,20,0.6921609,,,0.0,ok,,local,0.6921609,9.304302
p10828_4hy,dynamicbind_asd,21,0.6915443,,,0.0,ok,,local,0.6915443,8.854246
p10828_4hy,dynamicbind_asd,22,0.6819766,,,0.0,ok,,local,0.6819766,8.605151
p10828_4hy,dynamicbind_asd,23,0.6781097,,,0.0,ok,,local,0.6781097,9.214496
p10828_4hy,dynamicbind_asd,24,0.6668072,,,0.0,ok,,local,0.6668072,8.658269
p10828_4hy,dynamicbind_asd,25,0.66255337,,,0.0,ok,,local,0.66255337,8.834159
p10828_4hy,dynamicbind_asd,26,0.6591984,,,0.0,ok,,local,0.6591984,8.707688
p10828_4hy,dynamicbind_asd,27,0.6583502,,,0.0,ok,,local,0.6583502,8.774879
p10828_4hy,dynamicbind_asd,28,0.65551937,,,0.0,ok,,local,0.65551937,8.794733
p10828_4hy,dynamicbind_asd,29,0.6425006,,,0.0,ok,,local,0.6425006,9.133459
p10828_pfa,dynamicbind_asd,0,0.7121792,1.043543815612793,0.8106846213340759,0.0,ok,,local,0.7121792,9.186115
p10828_pfa,dynamicbind_asd,1,0.7041052,1.4391064643859863,0.7275673151016235,0.0,ok,,local,0.7041052,8.968605
p10828_pfa,dynamicbind_asd,2,0.70250386,1.5629065036773682,0.7317317128181458,0.9309430389373287,ok,,local,0.70250386,9.125835
p10828_pfa,dynamicbind_asd,3,0.70059514,1.510243535041809,0.7424395084381104,0.0,ok,,local,0.70059514,9.121813
p10828_pfa,dynamicbind_asd,4,0.70057654,0.7597711086273193,0.868137776851654,0.9330156000627408,ok,,local,0.70057654,9.306091
p10828_pfa,dynamicbind_asd,5,0.70024854,1.4975261688232422,0.7422654628753662,0.931127925113763,ok,,local,0.70024854,9.169162
p10828_pfa,dynamicbind_asd,6,0.7001084,1.2901586294174194,0.7849133610725403,0.9335014161564639,ok,,local,0.7001084,9.17807
p10828_pfa,dynamicbind_asd,7,0.69846773,1.2959110736846924,0.801778256893158,0.9231805123302183,ok,,local,0.69846773,8.652956
p10828_pfa,dynamicbind_asd,8,0.6917278,1.5549253225326538,0.7394894957542419,0.9350866607444649,ok,,local,0.6917278,9.445633
p10828_pfa,dynamicbind_asd,9,0.6914771,0.8093874454498291,0.8674242496490479,0.0,ok,,local,0.6914771,9.132257
p10828_pfa,dynamicbind_asd,10,0.6912006,1.2418875694274902,0.8007438778877258,0.9212216326284252,ok,,local,0.6912006,8.6274
p10828_pfa,dynamicbind_asd,11,0.6907869,0.6019432544708252,0.906013011932373,0.0,ok,,local,0.6907869,9.688358
p10828_pfa,dynamicbind_asd,12,0.6904233,1.7562733888626099,0.6941770911216736,0.9306513094636673,ok,,local,0.6904233,9.081281
p10828_pfa,dynamicbind_asd,13,0.687821,1.0095767974853516,0.7894871830940247,0.0,ok,,local,0.687821,8.739164
p10828_pfa,dynamicbind_asd,14,0.6866153,1.251096487045288,0.7834867238998413,0.0,ok,,local,0.6866153,9.050655
p10828_pfa,dynamicbind_asd,15,0.6864103,2.3288557529449463,0.5831099152565002,0.0,ok,,local,0.6864103,8.680358
p10828_pfa,dynamicbind_asd,16,0.68542963,0.6508644819259644,0.8726977109909058,0.0,ok,,local,0.68542963,9.2084055
p10828_pfa,dynamicbind_asd,17,0.68503356,1.060990810394287,0.7757575511932373,0.0,ok,,local,0.68503356,8.646359
p10828_pfa,dynamicbind_asd,18,0.682404,1.5898014307022095,0.6803317666053772,0.0,ok,,local,0.682404,8.493774
p10828_pfa,dynamicbind_asd,19,0.68211883,2.2014477252960205,0.6016910672187805,0.0,ok,,local,0.68211883,8.574559
p10828_pfa,dynamicbind_asd,20,0.6811164,1.2876200675964355,0.738883376121521,0.0,ok,,local,0.6811164,8.643818
p10828_pfa,dynamicbind_asd,21,0.68086785,1.8234208822250366,0.6869544386863708,0.9305486164589007,ok,,local,0.68086785,8.981493
p10828_pfa,dynamicbind_asd,22,0.6802458,1.146422028541565,0.7722392678260803,0.0,ok,,local,0.6802458,8.681353
p10828_pfa,dynamicbind_asd,23,0.679716,1.2755414247512817,0.7515060305595398,0.0,ok,,local,0.679716,8.715622
p10828_pfa,dynamicbind_asd,24,0.678055,2.568655252456665,0.5783185958862305,0.9326373678939978,ok,,local,0.678055,8.925467
p10828_pfa,dynamicbind_asd,25,0.67436713,1.545852780342102,0.717529296875,0.0,ok,,local,0.67436713,9.021993
p10828_pfa,dynamicbind_asd,26,0.6741989,1.5102325677871704,0.7246588468551636,0.0,ok,,local,0.6741989,8.837743
p10828_pfa,dynamicbind_asd,27,0.67313975,1.6024022102355957,0.6792140007019043,0.0,ok,,local,0.67313975,8.581069
p10828_pfa,dynamicbind_asd,28,0.6717581,0.5207629203796387,0.8542976975440979,0.0,ok,,local,0.6717581,9.101839
p10828_pfa,dynamicbind_asd,29,0.6541834,2.159371852874756,0.5771006345748901,0.0,ok,,local,0.6541834,8.427287
p10828_t44,dynamicbind_asd,0,0.7042199,,,0.9332068408582199,ok,,local,0.7042199,9.2026
p10828_t44,dynamicbind_asd,1,0.70182073,,,0.0,ok,,local,0.70182073,9.139742
p10828_t44,dynamicbind_asd,2,0.7011862,,,0.934477871667706,ok,,local,0.7011862,9.3385315
p10828_t44,dynamicbind_asd,3,0.700347,,,0.9342137310888453,ok,,local,0.700347,9.480809
p10828_t44,dynamicbind_asd,4,0.69920605,,,0.9344974822184521,ok,,local,0.69920605,9.405789
p10828_t44,dynamicbind_asd,5,0.6986122,,,0.933668606536733,ok,,local,0.6986122,9.222211
p10828_t44,dynamicbind_asd,6,0.697317,,,0.9333560229156836,ok,,local,0.697317,9.518432
p10828_t44,dynamicbind_asd,7,0.68891793,,,0.9318144970034294,ok,,local,0.68891793,9.4478035
p10828_t44,dynamicbind_asd,8,0.68518436,,,0.9326673532850199,ok,,local,0.68518436,9.328836
p10828_t44,dynamicbind_asd,9,0.6842413,,,0.0,ok,,local,0.6842413,8.708387
p10828_t44,dynamicbind_asd,10,0.6795407,,,0.0,ok,,local,0.6795407,8.68527
p10828_t44,dynamicbind_asd,11,0.67783767,,,0.0,ok,,local,0.67783767,9.143597
p10828_t44,dynamicbind_asd,12,0.677328,,,0.0,ok,,local,0.677328,8.801271
p10828_t44,dynamicbind_asd,13,0.6724775,,,0.0,ok,,local,0.6724775,9.109418
p10828_t44,dynamicbind_asd,14,0.6723736,,,0.9333007680906227,ok,,local,0.6723736,9.654689
p10828_t44,dynamicbind_asd,15,0.67209005,,,0.0,ok,,local,0.67209005,9.228108
p10828_t44,dynamicbind_asd,16,0.67024463,,,0.0,ok,,local,0.67024463,9.213703
p10828_t44,dynamicbind_asd,17,0.6701588,,,0.0,ok,,local,0.6701588,9.091242
p10828_t44,dynamicbind_asd,18,0.66990346,,,0.0,ok,,local,0.66990346,8.735586
p10828_t44,dynamicbind_asd,19,0.6674271,,,0.0,ok,,local,0.6674271,8.715009
p10828_t44,dynamicbind_asd,20,0.66678447,,,0.0,ok,,local,0.66678447,8.775198
p10828_t44,dynamicbind_asd,21,0.6625787,,,0.9212440322840321,ok,,local,0.6625787,8.995023
p10828_t44,dynamicbind_asd,22,0.66166544,,,0.0,ok,,local,0.66166544,8.958378
p10828_t44,dynamicbind_asd,23,0.6586472,,,0.0,ok,,local,0.6586472,9.074705
p10828_t44,dynamicbind_asd,24,0.6583575,,,0.0,ok,,local,0.6583575,9.189035
p10828_t44,dynamicbind_asd,25,0.6557959,,,0.0,ok,,local,0.6557959,8.794993
p10828_t44,dynamicbind_asd,26,0.6508775,,,0.0,ok,,local,0.6508775,9.300227
p10828_t44,dynamicbind_asd,27,0.6407297,,,0.0,ok,,local,0.6407297,8.92899
p10828_t44,dynamicbind_asd,28,0.6357112,,,0.0,ok,,local,0.6357112,9.054322
p10828_t44,dynamicbind_asd,29,0.5643147,,,0.0,ok,,local,0.5643147,8.304328
p11142_bet,dynamicbind_asd,0,0.58099127,3.568007707595825,0.47978436946868896,0.0,ok,,local,0.58099127,2.7753427
p11142_bet,dynamicbind_asd,1,0.5573147,2.0877623558044434,0.640031635761261,0.0,ok,,local,0.5573147,2.318755
p11142_bet,dynamicbind_asd,2,0.5558319,3.70717453956604,0.42223837971687317,0.0,ok,,local,0.5558319,2.2788117
p11142_bet,dynamicbind_asd,3,0.5510128,11.459794998168945,0.0765957459807396,0.0,ok,,local,0.5510128,2.752799
p11142_bet,dynamicbind_asd,4,0.5494347,3.7951583862304688,0.4688449800014496,0.0,ok,,local,0.5494347,2.32302
p11142_bet,dynamicbind_asd,5,0.54932415,7.48591423034668,0.3285175859928131,0.0,ok,,local,0.54932415,2.4976952
p11142_bet,dynamicbind_asd,6,0.5416847,8.37177848815918,0.27512887120246887,0.0,ok,,local,0.5416847,2.5841327
p11142_bet,dynamicbind_asd,7,0.52568084,21.588176727294922,0.0,0.0,ok,,local,0.52568084,2.5096865
p11142_bet,dynamicbind_asd,8,0.52337146,6.825476169586182,0.24537037312984467,0.0,ok,,local,0.52337146,2.6878955
p11142_bet,dynamicbind_asd,9,0.52005064,8.636700630187988,0.1784909963607788,0.0,ok,,local,0.52005064,2.6871183
p11233_nlj,dynamicbind_asd,0,0.53716123,,,1.0,ok,,local,0.53716123,3.1829774
p11233_nlj,dynamicbind_asd,1,0.53245866,,,1.0,ok,,local,0.53245866,3.1248615
p11233_nlj,dynamicbind_asd,2,0.5233156,,,1.0,ok,,local,0.5233156,3.18114
p11233_nlj,dynamicbind_asd,3,0.5151903,,,1.0,ok,,local,0.5151903,3.3243191
p11233_nlj,dynamicbind_asd,4,0.50697243,,,1.0,ok,,local,0.50697243,3.2120073
p11233_nlj,dynamicbind_asd,5,0.50557953,,,1.0,ok,,local,0.50557953,3.1032684
p11233_nlj,dynamicbind_asd,6,0.50261074,,,1.0,ok,,local,0.50261074,3.143737
p11233_nlj,dynamicbind_asd,7,0.5003363,,,1.0,ok,,local,0.5003363,3.1156576
p11233_nlj,dynamicbind_asd,8,0.49332947,,,1.0,ok,,local,0.49332947,3.1551352
p11233_nlj,dynamicbind_asd,9,0.4911607,,,1.0,ok,,local,0.4911607,3.5109513
p11233_nlj,dynamicbind_asd,10,0.48995605,,,1.0,ok,,local,0.48995605,3.4593787
p11233_nlj,dynamicbind_asd,11,0.48643655,,,1.0,ok,,local,0.48643655,3.3429573
p11233_nlj,dynamicbind_asd,12,0.4859615,,,1.0,ok,,local,0.4859615,3.6940975
p11233_nlj,dynamicbind_asd,13,0.48590603,,,1.0,ok,,local,0.48590603,3.0804696
p11233_nlj,dynamicbind_asd,14,0.4854215,,,1.0,ok,,local,0.4854215,3.468349
p11233_nlj,dynamicbind_asd,15,0.48116833,,,1.0,ok,,local,0.48116833,3.0672085
p11233_nlj,dynamicbind_asd,16,0.47913033,,,1.0,ok,,local,0.47913033,3.2229843
p11233_nlj,dynamicbind_asd,17,0.47700295,,,1.0,ok,,local,0.47700295,3.1472788
p11233_nlj,dynamicbind_asd,18,0.4762797,,,1.0,ok,,local,0.4762797,3.1685667
p11233_nlj,dynamicbind_asd,19,0.4751258,,,1.0,ok,,local,0.4751258,3.5824401
p11233_nlj,dynamicbind_asd,20,0.47407666,,,1.0,ok,,local,0.47407666,3.373613
p11233_nlj,dynamicbind_asd,21,0.47182643,,,1.0,ok,,local,0.47182643,3.2632742
p11233_nlj,dynamicbind_asd,22,0.47158518,,,1.0,ok,,local,0.47158518,3.1155937
p11233_nlj,dynamicbind_asd,23,0.47032818,,,1.0,ok,,local,0.47032818,3.6707697
p11233_nlj,dynamicbind_asd,24,0.46889937,,,1.0,ok,,local,0.46889937,3.388661
p11233_nlj,dynamicbind_asd,25,0.46516144,,,1.0,ok,,local,0.46516144,3.271226
p11233_nlj,dynamicbind_asd,26,0.46357027,,,1.0,ok,,local,0.46357027,3.4199157
p11233_nlj,dynamicbind_asd,27,0.461217,,,1.0,ok,,local,0.461217,3.0804825
p11233_nlj,dynamicbind_asd,28,0.4498161,,,1.0,ok,,local,0.4498161,3.451604
p11233_nlj,dynamicbind_asd,29,0.44899368,,,1.0,ok,,local,0.44899368,2.7587924
p11233_nls,dynamicbind_asd,0,0.5570198,,,1.0,ok,,local,0.5570198,2.995088
p11233_nls,dynamicbind_asd,1,0.53872114,,,1.0,ok,,local,0.53872114,2.97675
p11233_nls,dynamicbind_asd,2,0.5313258,,,1.0,ok,,local,0.5313258,3.0018806
p11233_nls,dynamicbind_asd,3,0.52824116,,,1.0,ok,,local,0.52824116,3.0411537
p11233_nls,dynamicbind_asd,4,0.5203694,,,1.0,ok,,local,0.5203694,3.0832078
p11233_nls,dynamicbind_asd,5,0.5203649,,,1.0,ok,,local,0.5203649,3.0858023
p11233_nls,dynamicbind_asd,6,0.5185929,,,1.0,ok,,local,0.5185929,2.906366
p11233_nls,dynamicbind_asd,7,0.51193464,,,1.0,ok,,local,0.51193464,3.005535
p11233_nls,dynamicbind_asd,8,0.51089144,,,1.0,ok,,local,0.51089144,3.1654322
p11233_nls,dynamicbind_asd,9,0.5087049,,,1.0,ok,,local,0.5087049,2.9833133
p11233_nls,dynamicbind_asd,10,0.50572526,,,1.0,ok,,local,0.50572526,3.1873066
p11233_nls,dynamicbind_asd,11,0.5023892,,,1.0,ok,,local,0.5023892,3.026233
p11233_nls,dynamicbind_asd,12,0.50236076,,,1.0,ok,,local,0.50236076,3.240689
p11233_nls,dynamicbind_asd,13,0.50033677,,,1.0,ok,,local,0.50033677,3.009166
p11233_nls,dynamicbind_asd,14,0.49804175,,,1.0,ok,,local,0.49804175,3.1568503
p11233_nls,dynamicbind_asd,15,0.4925136,,,1.0,ok,,local,0.4925136,3.1877627
p11233_nls,dynamicbind_asd,16,0.49148977,,,1.0,ok,,local,0.49148977,3.1175854
p11233_nls,dynamicbind_asd,17,0.4903655,,,1.0,ok,,local,0.4903655,3.103257
p11233_nls,dynamicbind_asd,18,0.48425907,,,1.0,ok,,local,0.48425907,3.0776656
p11233_nls,dynamicbind_asd,19,0.48374474,,,1.0,ok,,local,0.48374474,3.160337
p11233_nls,dynamicbind_asd,20,0.48013458,,,1.0,ok,,local,0.48013458,3.0501795
p11233_nls,dynamicbind_asd,21,0.47985077,,,1.0,ok,,local,0.47985077,2.9261284
p11233_nls,dynamicbind_asd,22,0.47936305,,,1.0,ok,,local,0.47936305,3.1739357
p11233_nls,dynamicbind_asd,23,0.47856882,,,1.0,ok,,local,0.47856882,3.0681534
p11233_nls,dynamicbind_asd,24,0.47586375,,,1.0,ok,,local,0.47586375,3.0517375
p11233_nls,dynamicbind_asd,25,0.47550628,,,1.0,ok,,local,0.47550628,2.6542857
p11233_nls,dynamicbind_asd,26,0.46739826,,,1.0,ok,,local,0.46739826,3.3108733
p11233_nls,dynamicbind_asd,27,0.46657813,,,1.0,ok,,local,0.46657813,2.862494
p11233_nls,dynamicbind_asd,28,0.46619892,,,1.0,ok,,local,0.46619892,3.1056924
p11233_nls,dynamicbind_asd,29,0.44389194,,,1.0,ok,,local,0.44389194,2.8792062
p11233_nlv,dynamicbind_asd,0,0.56269324,,0.054347824305295944,1.0,ok,,local,0.56269324,3.1593573
p11233_nlv,dynamicbind_asd,1,0.54572916,,0.054347824305295944,1.0,ok,,local,0.54572916,3.1193151
p11233_nlv,dynamicbind_asd,2,0.54373115,,0.07777778059244156,1.0,ok,,local,0.54373115,3.2644684
p11233_nlv,dynamicbind_asd,3,0.5328274,,0.014423076994717121,1.0,ok,,local,0.5328274,3.2684414
p11233_nlv,dynamicbind_asd,4,0.5119066,,0.040697675198316574,1.0,ok,,local,0.5119066,3.3279533
p11233_nlv,dynamicbind_asd,5,0.51142347,,0.03125,1.0,ok,,local,0.51142347,3.241651
p11233_nlv,dynamicbind_asd,6,0.50750643,,0.07870370149612427,1.0,ok,,local,0.50750643,3.2066796
p11233_nlv,dynamicbind_asd,7,0.50732756,,0.08636363595724106,1.0,ok,,local,0.50732756,3.339906
p11233_nlv,dynamicbind_asd,8,0.50064427,,0.0401785708963871,1.0,ok,,local,0.50064427,3.1437364
p11233_nlv,dynamicbind_asd,9,0.5005874,,0.12777778506278992,1.0,ok,,local,0.5005874,3.0958014
p11233_nlv,dynamicbind_asd,10,0.5003912,,0.0833333358168602,1.0,ok,,local,0.5003912,3.2772748
p11233_nlv,dynamicbind_asd,11,0.4995833,,0.0773809552192688,1.0,ok,,local,0.4995833,3.0662105
p11233_nlv,dynamicbind_asd,12,0.49925107,,0.06730769574642181,1.0,ok,,local,0.49925107,3.1615121
p11233_nlv,dynamicbind_asd,13,0.49884367,,0.02450980432331562,1.0,ok,,local,0.49884367,3.0870905
p11233_nlv,dynamicbind_asd,14,0.49776143,,0.04268292710185051,1.0,ok,,local,0.49776143,3.2434337
p11233_nlv,dynamicbind_asd,15,0.49764165,,0.2361111044883728,1.0,ok,,local,0.49764165,2.8703673
p11233_nlv,dynamicbind_asd,16,0.49590254,,0.10638298094272614,1.0,ok,,local,0.49590254,2.935659
p11233_nlv,dynamicbind_asd,17,0.49561623,,0.08163265138864517,1.0,ok,,local,0.49561623,3.1238546
p11233_nlv,dynamicbind_asd,18,0.4918605,,0.05288461595773697,1.0,ok,,local,0.4918605,3.3363311
p11233_nlv,dynamicbind_asd,19,0.48689845,,0.029999999329447746,1.0,ok,,local,0.48689845,3.1142874
p11233_nlv,dynamicbind_asd,20,0.48484075,,0.078125,1.0,ok,,local,0.48484075,2.9447412
p11233_nlv,dynamicbind_asd,21,0.4824546,,0.046296294778585434,1.0,ok,,local,0.4824546,3.340416
p11233_nlv,dynamicbind_asd,22,0.48151845,,0.12244898080825806,1.0,ok,,local,0.48151845,2.944811
p11233_nlv,dynamicbind_asd,23,0.48150027,,0.0491071417927742,1.0,ok,,local,0.48150027,3.1306496
p11233_nlv,dynamicbind_asd,24,0.4802342,,0.16025641560554504,1.0,ok,,local,0.4802342,2.7175305
p11233_nlv,dynamicbind_asd,25,0.47972682,,0.1764705926179886,1.0,ok,,local,0.47972682,2.6651745
p11233_nlv,dynamicbind_asd,26,0.479464,,0.09375,1.0,ok,,local,0.479464,2.9361174
p11233_nlv,dynamicbind_asd,27,0.4686481,,0.20588235557079315,1.0,ok,,local,0.4686481,3.1598253
p11233_nlv,dynamicbind_asd,28,0.4685734,,0.2348484843969345,1.0,ok,,local,0.4685734,2.6661696
p11233_nlv,dynamicbind_asd,29,0.46284768,,0.17105263471603394,1.0,ok,,local,0.46284768,2.682532
p11838_4ay,dynamicbind_asd,0,0.7231069,22.38909149169922,0.0,1.0,ok,,local,0.7231069,1.0441226
p11838_4ay,dynamicbind_asd,1,0.72191876,22.228879928588867,0.0,1.0,ok,,local,0.72191876,1.0374148
p11838_4ay,dynamicbind_asd,2,0.7214674,22.633209228515625,0.0,1.0,ok,,local,0.7214674,0.94378674
p11838_4ay,dynamicbind_asd,3,0.7164015,22.315580368041992,0.0,1.0,ok,,local,0.7164015,1.0376455
p11838_4ay,dynamicbind_asd,4,0.713902,22.526901245117188,0.0,1.0,ok,,local,0.713902,0.911245
p11838_4ay,dynamicbind_asd,5,0.7128754,22.788549423217773,0.0,1.0,ok,,local,0.7128754,0.93862444
p11838_4ay,dynamicbind_asd,6,0.7125208,22.141408920288086,0.0,1.0,ok,,local,0.7125208,1.0319316
p11838_4ay,dynamicbind_asd,7,0.7116885,22.343984603881836,0.0,1.0,ok,,local,0.7116885,0.952814
p11838_4ay,dynamicbind_asd,8,0.7101425,22.36882972717285,0.0,1.0,ok,,local,0.7101425,0.993995
p11838_4ay,dynamicbind_asd,9,0.705636,22.31014060974121,0.0,1.0,ok,,local,0.705636,0.9538819
p11838_4ay,dynamicbind_asd,10,0.704506,22.737890243530273,0.0,1.0,ok,,local,0.704506,0.91690606
p11838_4ay,dynamicbind_asd,11,0.70321715,22.808134078979492,0.0,1.0,ok,,local,0.70321715,0.9429635
p11838_4ay,dynamicbind_asd,12,0.6989187,22.640092849731445,0.0,1.0,ok,,local,0.6989187,0.849262
p11838_4ay,dynamicbind_asd,13,0.6957555,22.68069076538086,0.0,1.0,ok,,local,0.6957555,1.0197594
p11838_4ay,dynamicbind_asd,14,0.69390005,22.766836166381836,0.0,1.0,ok,,local,0.69390005,0.9352385
p11838_4ay,dynamicbind_asd,15,0.69363,22.576854705810547,0.0,1.0,ok,,local,0.69363,0.9918528
p11838_4ay,dynamicbind_asd,16,0.6866909,22.963781356811523,0.0,1.0,ok,,local,0.6866909,0.8138926
p11838_4ay,dynamicbind_asd,17,0.6761542,22.097875595092773,0.0,1.0,ok,,local,0.6761542,0.8656159
p11838_4ay,dynamicbind_asd,18,0.6725541,21.52735137939453,0.0,1.0,ok,,local,0.6725541,0.9786487
p11838_4ay,dynamicbind_asd,19,0.6621273,21.431123733520508,0.0,1.0,ok,,local,0.6621273,1.0194968
p11838_zs1,dynamicbind_asd,0,0.8009484,,,1.0,ok,,local,0.8009484,1.5844501
p11838_zs1,dynamicbind_asd,1,0.79830086,,,1.0,ok,,local,0.79830086,1.5918432
p11838_zs1,dynamicbind_asd,2,0.79818225,,,1.0,ok,,local,0.79818225,1.5783329
p11838_zs1,dynamicbind_asd,3,0.7980106,,,1.0,ok,,local,0.7980106,1.5813161
p11838_zs1,dynamicbind_asd,4,0.7974828,,,1.0,ok,,local,0.7974828,1.5794587
p11838_zs1,dynamicbind_asd,5,0.7967075,,,1.0,ok,,local,0.7967075,1.5652108
p11838_zs1,dynamicbind_asd,6,0.79610395,,,1.0,ok,,local,0.79610395,1.5729004
p11838_zs1,dynamicbind_asd,7,0.7954073,,,1.0,ok,,local,0.7954073,1.5569942
p11838_zs1,dynamicbind_asd,8,0.79514384,,,1.0,ok,,local,0.79514384,1.5863357
p11838_zs1,dynamicbind_asd,9,0.79488516,,,1.0,ok,,local,0.79488516,1.5536002
p11838_zs1,dynamicbind_asd,10,0.79483294,,,1.0,ok,,local,0.79483294,1.6037028
p11838_zs1,dynamicbind_asd,11,0.7926575,,,1.0,ok,,local,0.7926575,1.5653489
p11838_zs1,dynamicbind_asd,12,0.79209137,,,1.0,ok,,local,0.79209137,1.5742208
p11838_zs1,dynamicbind_asd,13,0.7912907,,,1.0,ok,,local,0.7912907,1.5927744
p11838_zs1,dynamicbind_asd,14,0.79079413,,,1.0,ok,,local,0.79079413,1.5653039
p11838_zs1,dynamicbind_asd,15,0.79072404,,,1.0,ok,,local,0.79072404,1.565437
p11838_zs1,dynamicbind_asd,16,0.7904647,,,1.0,ok,,local,0.7904647,1.5585861
p11838_zs1,dynamicbind_asd,17,0.79011667,,,1.0,ok,,local,0.79011667,1.5356752
p11838_zs1,dynamicbind_asd,18,0.7896253,,,1.0,ok,,local,0.7896253,1.5712957
p11838_zs1,dynamicbind_asd,19,0.78877026,,,1.0,ok,,local,0.78877026,1.5779155
p12369_1or,dynamicbind_asd,0,0.68743336,2.0066311359405518,0.75944584608078,1.0,ok,,local,0.68743336,6.089828
p12369_1or,dynamicbind_asd,1,0.6817293,1.9611082077026367,0.7379594445228577,1.0,ok,,local,0.6817293,6.7349215
p12369_1or,dynamicbind_asd,2,0.68037003,1.967799186706543,0.755696177482605,1.0,ok,,local,0.68037003,6.790679
p12369_1or,dynamicbind_asd,3,0.6779954,1.952597737312317,0.7729032039642334,1.0,ok,,local,0.6779954,6.6261616
p12369_1or,dynamicbind_asd,4,0.6766676,0.7667880058288574,0.9153226017951965,1.0,ok,,local,0.6766676,6.578981
p12369_1or,dynamicbind_asd,5,0.6765019,1.8859055042266846,0.7777777910232544,1.0,ok,,local,0.6765019,6.560179
p12369_1or,dynamicbind_asd,6,0.6763131,1.9679583311080933,0.748074471950531,1.0,ok,,local,0.6763131,6.54921
p12369_1or,dynamicbind_asd,7,0.67586195,1.9473741054534912,0.7657455205917358,1.0,ok,,local,0.67586195,6.5833673
p12369_1or,dynamicbind_asd,8,0.6758295,0.5988798141479492,0.9385125041007996,1.0,ok,,local,0.6758295,6.784663
p12369_1or,dynamicbind_asd,9,0.6754066,1.9545353651046753,0.7724274396896362,1.0,ok,,local,0.6754066,6.5997124
p12369_1or,dynamicbind_asd,10,0.6753669,1.9532263278961182,0.771725058555603,1.0,ok,,local,0.6753669,6.5637712
p12369_1or,dynamicbind_asd,11,0.67236745,1.0405654907226562,0.8802309036254883,1.0,ok,,local,0.67236745,6.749974
p12369_1or,dynamicbind_asd,12,0.6704332,2.006969690322876,0.7571614384651184,1.0,ok,,local,0.6704332,6.4967494
p12369_1or,dynamicbind_asd,13,0.66920364,1.924771785736084,0.7726684212684631,1.0,ok,,local,0.66920364,6.5299172
p12369_1or,dynamicbind_asd,14,0.6653318,2.068650245666504,0.7238853573799133,1.0,ok,,local,0.6653318,6.5195875
p12369_1or,dynamicbind_asd,15,0.6647677,0.9169731140136719,0.8842592835426331,1.0,ok,,local,0.6647677,6.7215705
p12369_1or,dynamicbind_asd,16,0.6590874,2.004593849182129,0.7581380009651184,1.0,ok,,local,0.6590874,6.4363017
p12369_1or,dynamicbind_asd,17,0.65902656,0.6513801217079163,0.8971861600875854,1.0,ok,,local,0.65902656,6.7239013
p12369_1or,dynamicbind_asd,18,0.6421891,2.7779173851013184,0.6837708950042725,1.0,ok,,local,0.6421891,6.1536207
p12369_1or,dynamicbind_asd,19,0.63937026,2.6301989555358887,0.6597788333892822,1.0,ok,,local,0.63937026,6.1318426
p12369_cmp,dynamicbind_asd,0,0.7711426,2.116081714630127,0.7235401272773743,1.0,ok,,local,0.7711426,5.437941
p12369_cmp,dynamicbind_asd,1,0.7658535,0.6684514880180359,0.8981884121894836,1.0,ok,,local,0.7658535,6.0074854
p12369_cmp,dynamicbind_asd,2,0.7638929,0.6523067951202393,0.8967153429985046,1.0,ok,,local,0.7638929,6.0098495
p12369_cmp,dynamicbind_asd,3,0.76318175,0.5605199337005615,0.9122998714447021,1.0,ok,,local,0.76318175,6.0675607
p12369_cmp,dynamicbind_asd,4,0.7569876,0.6828449964523315,0.8943001627922058,1.0,ok,,local,0.7569876,6.0336523
p12369_cmp,dynamicbind_asd,5,0.75052047,0.7771230936050415,0.8757143020629883,1.0,ok,,local,0.75052047,5.9079585
p12369_cmp,dynamicbind_asd,6,0.7505193,0.9061087369918823,0.8454039096832275,1.0,ok,,local,0.7505193,6.0268087
p12369_cmp,dynamicbind_asd,7,0.7476279,0.979559600353241,0.825564980506897,1.0,ok,,local,0.7476279,6.0066
p12369_cmp,dynamicbind_asd,8,0.74709487,0.6938952803611755,0.8791848421096802,1.0,ok,,local,0.74709487,6.022171
p12369_cmp,dynamicbind_asd,9,0.74650633,0.7519971132278442,0.8872688412666321,1.0,ok,,local,0.74650633,6.0143723
p12369_cmp,dynamicbind_asd,10,0.74529433,0.5831776261329651,0.9033188819885254,1.0,ok,,local,0.74529433,6.051594
p12369_cmp,dynamicbind_asd,11,0.74274164,0.6752780675888062,0.8955064415931702,1.0,ok,,local,0.74274164,6.0468445
p12369_cmp,dynamicbind_asd,12,0.7414277,0.7333189249038696,0.8905807137489319,1.0,ok,,local,0.7414277,6.0656075
p12369_cmp,dynamicbind_asd,13,0.7386941,0.8194443583488464,0.8760592937469482,1.0,ok,,local,0.7386941,5.98809
p12369_cmp,dynamicbind_asd,14,0.7383266,0.7082440853118896,0.8834289908409119,1.0,ok,,local,0.7383266,5.9319
p12369_cmp,dynamicbind_asd,15,0.73453057,2.0713253021240234,0.7477959990501404,1.0,ok,,local,0.73453057,6.1580153
p12369_cmp,dynamicbind_asd,16,0.7260477,2.1299989223480225,0.7333333492279053,1.0,ok,,local,0.7260477,6.2444096
p12369_cmp,dynamicbind_asd,17,0.6935572,1.0557035207748413,0.8338627815246582,1.0,ok,,local,0.6935572,5.7484007
p12369_cmp,dynamicbind_asd,18,0.6853038,2.129678726196289,0.754469633102417,1.0,ok,,local,0.6853038,5.868436
p12369_cmp,dynamicbind_asd,19,0.6831055,2.3263909816741943,0.745726466178894,1.0,ok,,local,0.6831055,5.750614
p13423_2hf,dynamicbind_asd,0,0.53792906,,,1.0,ok,,local,0.53792906,5.3414316
p13423_2hf,dynamicbind_asd,1,0.5346144,,,1.0,ok,,local,0.5346144,5.1062055
p13423_2hf,dynamicbind_asd,2,0.53407973,,,1.0,ok,,local,0.53407973,5.075748
p13423_2hf,dynamicbind_asd,3,0.5273928,,,1.0,ok,,local,0.5273928,4.846851
p13423_2hf,dynamicbind_asd,4,0.51160777,,,1.0,ok,,local,0.51160777,4.6058755
p13423_2hf,dynamicbind_asd,5,0.48068097,,,1.0,ok,,local,0.48068097,5.338473
p13423_2hf,dynamicbind_asd,6,0.478799,,,1.0,ok,,local,0.478799,5.5229855
p13423_2hf,dynamicbind_asd,7,0.47552904,,,1.0,ok,,local,0.47552904,4.8621097
p13423_2hf,dynamicbind_asd,8,0.46745235,,,1.0,ok,,local,0.46745235,4.382649
p13423_2hf,dynamicbind_asd,9,0.4498515,,,1.0,ok,,local,0.4498515,4.0849867
p13423_2hf,dynamicbind_asd,10,0.4413664,,,1.0,ok,,local,0.4413664,4.4609423
p13423_2hf,dynamicbind_asd,11,0.43941453,,,1.0,ok,,local,0.43941453,4.931766
p13423_2hf,dynamicbind_asd,12,0.43662977,,,1.0,ok,,local,0.43662977,4.228029
p13423_2hf,dynamicbind_asd,13,0.4296748,,,1.0,ok,,local,0.4296748,4.9936433
p13423_2hf,dynamicbind_asd,14,0.4278052,,,1.0,ok,,local,0.4278052,5.7975225
p13423_2hf,dynamicbind_asd,15,0.42625344,,,1.0,ok,,local,0.42625344,5.190798
p13423_2hf,dynamicbind_asd,16,0.42009246,,,1.0,ok,,local,0.42009246,5.9830327
p13423_2hf,dynamicbind_asd,17,0.40125066,,,1.0,ok,,local,0.40125066,5.0267134
p13423_2hf,dynamicbind_asd,18,0.4011286,,,1.0,ok,,local,0.4011286,4.0684643
p13423_2hf,dynamicbind_asd,19,0.4004053,,,1.0,ok,,local,0.4004053,4.4879584
p13423_2hf,dynamicbind_asd,20,0.39701098,,,1.0,ok,,local,0.39701098,5.318103
p13423_2hf,dynamicbind_asd,21,0.377323,,,1.0,ok,,local,0.377323,5.89449
p13423_2hf,dynamicbind_asd,22,0.372175,,,1.0,ok,,local,0.372175,4.4556847
p13423_2hf,dynamicbind_asd,23,0.35862994,,,1.0,ok,,local,0.35862994,4.689326
p13423_2hf,dynamicbind_asd,24,0.35532242,,,1.0,ok,,local,0.35532242,5.0904517
p13423_2hf,dynamicbind_asd,25,0.35301775,,,1.0,ok,,local,0.35301775,4.9556904
p13423_2hf,dynamicbind_asd,26,0.34026408,,,1.0,ok,,local,0.34026408,4.4287677
p13423_2hf,dynamicbind_asd,27,0.33146533,,,1.0,ok,,local,0.33146533,4.8138905
p13423_2hf,dynamicbind_asd,28,0.32889858,,,1.0,ok,,local,0.32889858,4.774414
p13423_2hf,dynamicbind_asd,29,0.32155985,,,1.0,ok,,local,0.32155985,4.410112
p13423_ftr,dynamicbind_asd,0,0.5914567,,,1.0,ok,,local,0.5914567,3.9876888
p13423_ftr,dynamicbind_asd,1,0.5466029,,,1.0,ok,,local,0.5466029,5.849346
p13423_ftr,dynamicbind_asd,2,0.51036996,,,1.0,ok,,local,0.51036996,4.6366663
p13423_ftr,dynamicbind_asd,3,0.49892008,,,1.0,ok,,local,0.49892008,2.9804583
p13423_ftr,dynamicbind_asd,4,0.49716333,,,1.0,ok,,local,0.49716333,4.734342
p13423_ftr,dynamicbind_asd,5,0.49123248,,,1.0,ok,,local,0.49123248,4.0160694
p13423_ftr,dynamicbind_asd,6,0.482922,,,1.0,ok,,local,0.482922,5.0282197
p13423_ftr,dynamicbind_asd,7,0.47925076,,,1.0,ok,,local,0.47925076,4.998174
p13423_ftr,dynamicbind_asd,8,0.47491705,,,1.0,ok,,local,0.47491705,4.625035
p13423_ftr,dynamicbind_asd,9,0.47199863,,,1.0,ok,,local,0.47199863,4.9208713
p13423_ftr,dynamicbind_asd,10,0.46915355,,,1.0,ok,,local,0.46915355,4.0469832
p13423_ftr,dynamicbind_asd,11,0.4689816,,,1.0,ok,,local,0.4689816,4.1235275
p13423_ftr,dynamicbind_asd,12,0.4688474,,,1.0,ok,,local,0.4688474,5.344048
p13423_ftr,dynamicbind_asd,13,0.4667801,,,1.0,ok,,local,0.4667801,3.8682806
p13423_ftr,dynamicbind_asd,14,0.46183446,,,1.0,ok,,local,0.46183446,5.1020393
p13423_ftr,dynamicbind_asd,15,0.45773685,,,1.0,ok,,local,0.45773685,4.1754475
p13423_ftr,dynamicbind_asd,16,0.45721152,,,1.0,ok,,local,0.45721152,4.127182
p13423_ftr,dynamicbind_asd,17,0.4546328,,,1.0,ok,,local,0.4546328,4.4179144
p13423_ftr,dynamicbind_asd,18,0.4504175,,,1.0,ok,,local,0.4504175,4.0713925
p13423_ftr,dynamicbind_asd,19,0.43809482,,,1.0,ok,,local,0.43809482,4.262047
p13423_ftr,dynamicbind_asd,20,0.4378885,,,1.0,ok,,local,0.4378885,5.014066
p13423_ftr,dynamicbind_asd,21,0.4255243,,,1.0,ok,,local,0.4255243,3.8981738
p13423_ftr,dynamicbind_asd,22,0.42045218,,,1.0,ok,,local,0.42045218,4.9051156
p13423_ftr,dynamicbind_asd,23,0.41675228,,,1.0,ok,,local,0.41675228,4.2439866
p13423_ftr,dynamicbind_asd,24,0.41259575,,,1.0,ok,,local,0.41259575,4.343678
p13423_ftr,dynamicbind_asd,25,0.397511,,,1.0,ok,,local,0.397511,3.5483391
p13423_ftr,dynamicbind_asd,26,0.3651761,,,1.0,ok,,local,0.3651761,4.5293784
p13423_ftr,dynamicbind_asd,27,0.3478553,,,1.0,ok,,local,0.3478553,4.1151905
p15319_xc2,dynamicbind_asd,0,0.5757414,,,0.0,ok,,local,0.5757414,5.2752237
p15319_xc2,dynamicbind_asd,1,0.5339606,5.1045613288879395,0.4020146429538727,0.0,ok,,local,0.5339606,5.446815
p15319_xc2,dynamicbind_asd,2,0.51785785,3.180562973022461,0.5587899684906006,0.0,ok,,local,0.51785785,5.5342484
p15319_xc2,dynamicbind_asd,3,0.5158864,5.563304424285889,0.28006330132484436,0.0,ok,,local,0.5158864,5.3367577
p15319_xc2,dynamicbind_asd,4,0.51431334,6.145247459411621,0.25900423526763916,0.0,ok,,local,0.51431334,5.193371
p15319_xc2,dynamicbind_asd,5,0.50361514,5.793940544128418,0.2738715410232544,0.0,ok,,local,0.50361514,5.03578
p15319_xc2,dynamicbind_asd,6,0.49305964,5.448521137237549,0.2523696720600128,0.0,ok,,local,0.49305964,5.23052
p15319_xc2,dynamicbind_asd,7,0.4921015,3.9784393310546875,0.37919774651527405,0.0,ok,,local,0.4921015,5.336375
p15319_xc2,dynamicbind_asd,8,0.4841506,7.771678924560547,0.19797421991825104,0.0,ok,,local,0.4841506,4.719599
p15319_xc2,dynamicbind_asd,9,0.4801746,7.282247543334961,0.22810858488082886,0.0,ok,,local,0.4801746,4.584485
p15927_sch,dynamicbind_asd,0,0.6547173,,,1.0,ok,,local,0.6547173,3.9574096
p15927_sch,dynamicbind_asd,1,0.63320976,,,1.0,ok,,local,0.63320976,3.8604088
p15927_sch,dynamicbind_asd,2,0.62223214,,,1.0,ok,,local,0.62223214,4.107755
p15927_sch,dynamicbind_asd,3,0.61842114,,,1.0,ok,,local,0.61842114,4.040279
p15927_sch,dynamicbind_asd,4,0.61444724,,,1.0,ok,,local,0.61444724,3.7019687
p15927_sch,dynamicbind_asd,5,0.61408114,,,1.0,ok,,local,0.61408114,4.1510715
p15927_sch,dynamicbind_asd,6,0.61178595,,,1.0,ok,,local,0.61178595,4.170599
p15927_sch,dynamicbind_asd,7,0.5993553,,,1.0,ok,,local,0.5993553,4.17171
p15927_sch,dynamicbind_asd,8,0.57564265,,,1.0,ok,,local,0.57564265,4.0392895
p15927_sch,dynamicbind_asd,9,0.5331467,,,1.0,ok,,local,0.5331467,4.148112
p18031_512,dynamicbind_asd,0,0.73183775,,,1.0,ok,,local,0.73183775,3.81077
p18031_512,dynamicbind_asd,1,0.7299718,,,1.0,ok,,local,0.7299718,3.830015
p18031_512,dynamicbind_asd,2,0.72920954,,,1.0,ok,,local,0.72920954,3.626595
p18031_512,dynamicbind_asd,3,0.72903997,,,1.0,ok,,local,0.72903997,3.7488384
p18031_512,dynamicbind_asd,4,0.7261179,,,1.0,ok,,local,0.7261179,3.6194887
p18031_512,dynamicbind_asd,5,0.72354126,,,1.0,ok,,local,0.72354126,3.5533273
p18031_512,dynamicbind_asd,6,0.72283024,,,1.0,ok,,local,0.72283024,3.665154
p18031_512,dynamicbind_asd,7,0.7212094,,,1.0,ok,,local,0.7212094,3.5214908
p18031_512,dynamicbind_asd,8,0.7208506,,,1.0,ok,,local,0.7208506,3.634797
p18031_512,dynamicbind_asd,9,0.7204931,,,1.0,ok,,local,0.7204931,3.7056298
p18031_512,dynamicbind_asd,10,0.71922684,,,1.0,ok,,local,0.71922684,3.7237468
p18031_512,dynamicbind_asd,11,0.7183841,,,1.0,ok,,local,0.7183841,3.674741
p18031_512,dynamicbind_asd,12,0.7177049,,,1.0,ok,,local,0.7177049,3.6914594
p18031_512,dynamicbind_asd,13,0.71615887,,,1.0,ok,,local,0.71615887,3.7189682
p18031_512,dynamicbind_asd,14,0.7150471,,,1.0,ok,,local,0.7150471,3.6255374
p18031_512,dynamicbind_asd,15,0.7148062,,,1.0,ok,,local,0.7148062,3.8208468
p18031_512,dynamicbind_asd,16,0.7140513,,,1.0,ok,,local,0.7140513,3.595582
p18031_512,dynamicbind_asd,17,0.7139479,,,1.0,ok,,local,0.7139479,3.7570832
p18031_512,dynamicbind_asd,18,0.71273255,,,1.0,ok,,local,0.71273255,3.597886
p18031_512,dynamicbind_asd,19,0.7093281,,,1.0,ok,,local,0.7093281,3.7781482
p18031_512,dynamicbind_asd,20,0.7078498,,,1.0,ok,,local,0.7078498,3.613154
p18031_512,dynamicbind_asd,21,0.7075385,,,1.0,ok,,local,0.7075385,3.7297404
p18031_512,dynamicbind_asd,22,0.7061274,,,1.0,ok,,local,0.7061274,3.671905
p18031_512,dynamicbind_asd,23,0.70576096,,,1.0,ok,,local,0.70576096,3.7115552
p18031_512,dynamicbind_asd,24,0.7006719,,,1.0,ok,,local,0.7006719,3.7779436
p18031_512,dynamicbind_asd,25,0.6995712,,,1.0,ok,,local,0.6995712,3.7496536
p18031_512,dynamicbind_asd,26,0.6989974,,,1.0,ok,,local,0.6989974,3.5285847
p18031_512,dynamicbind_asd,27,0.6983664,,,1.0,ok,,local,0.6983664,3.829757
p18031_512,dynamicbind_asd,28,0.69654,,,1.0,ok,,local,0.69654,3.4311643
p18031_512,dynamicbind_asd,29,0.6895785,,,1.0,ok,,local,0.6895785,3.505264
p18031_694,dynamicbind_asd,0,0.75477076,,,1.0,ok,,local,0.75477076,4.621111
p18031_694,dynamicbind_asd,1,0.74999225,,,1.0,ok,,local,0.74999225,4.7731156
p18031_694,dynamicbind_asd,2,0.7490798,,,1.0,ok,,local,0.7490798,4.645663
p18031_694,dynamicbind_asd,3,0.74818146,,,1.0,ok,,local,0.74818146,4.723518
p18031_694,dynamicbind_asd,4,0.7474213,,,1.0,ok,,local,0.7474213,4.7619576
p18031_694,dynamicbind_asd,5,0.74687815,,,1.0,ok,,local,0.74687815,4.7636847
p18031_694,dynamicbind_asd,6,0.74685687,,,1.0,ok,,local,0.74685687,4.693859
p18031_694,dynamicbind_asd,7,0.7464099,,,1.0,ok,,local,0.7464099,4.729205
p18031_694,dynamicbind_asd,8,0.74365747,,,1.0,ok,,local,0.74365747,4.6168585
p18031_694,dynamicbind_asd,9,0.74196815,,,1.0,ok,,local,0.74196815,4.63449
p18031_694,dynamicbind_asd,10,0.74166673,,,1.0,ok,,local,0.74166673,4.7057376
p18031_694,dynamicbind_asd,11,0.73988307,,,1.0,ok,,local,0.73988307,4.618299
p18031_694,dynamicbind_asd,12,0.73894256,,,1.0,ok,,local,0.73894256,4.736403
p18031_694,dynamicbind_asd,13,0.7381429,,,1.0,ok,,local,0.7381429,4.6948934
p18031_694,dynamicbind_asd,14,0.7377741,,,1.0,ok,,local,0.7377741,4.7471304
p18031_694,dynamicbind_asd,15,0.7359088,,,1.0,ok,,local,0.7359088,4.5772777
p18031_694,dynamicbind_asd,16,0.73525536,,,1.0,ok,,local,0.73525536,4.748429
p18031_694,dynamicbind_asd,17,0.7351918,,,1.0,ok,,local,0.7351918,4.6149797
p18031_694,dynamicbind_asd,18,0.7346369,,,1.0,ok,,local,0.7346369,4.672008
p18031_694,dynamicbind_asd,19,0.731487,,,1.0,ok,,local,0.731487,4.7550645
p18031_694,dynamicbind_asd,20,0.73031735,,,1.0,ok,,local,0.73031735,4.6967793
p18031_694,dynamicbind_asd,21,0.7283432,,,1.0,ok,,local,0.7283432,4.7020206
p18031_694,dynamicbind_asd,22,0.7263885,,,1.0,ok,,local,0.7263885,4.6972585
p18031_694,dynamicbind_asd,23,0.7257558,,,1.0,ok,,local,0.7257558,4.6781116
p18031_694,dynamicbind_asd,24,0.7255902,,,1.0,ok,,local,0.7255902,4.683033
p18031_694,dynamicbind_asd,25,0.72534406,,,1.0,ok,,local,0.72534406,4.7538886
p18031_694,dynamicbind_asd,26,0.7243718,,,1.0,ok,,local,0.7243718,4.5908976
p18031_694,dynamicbind_asd,27,0.72388154,,,1.0,ok,,local,0.72388154,4.5771384
p18031_694,dynamicbind_asd,28,0.6899127,,,1.0,ok,,local,0.6899127,4.3812857
p18031_694,dynamicbind_asd,29,0.68846256,,,1.0,ok,,local,0.68846256,4.408236
p18031_964,dynamicbind_asd,0,0.6613851,4.102329730987549,0.4986996054649353,1.0,ok,,local,0.6613851,5.3009644
p18031_964,dynamicbind_asd,1,0.65460676,3.019602060317993,0.560606062412262,1.0,ok,,local,0.65460676,5.2401953
p18031_964,dynamicbind_asd,2,0.6528707,4.11649751663208,0.48480844497680664,1.0,ok,,local,0.6528707,5.1132812
p18031_964,dynamicbind_asd,3,0.65244055,3.0604357719421387,0.5826612710952759,1.0,ok,,local,0.65244055,5.193786
p18031_964,dynamicbind_asd,4,0.64986455,4.196491241455078,0.4522727131843567,1.0,ok,,local,0.64986455,5.618173
p18031_964,dynamicbind_asd,5,0.636229,3.5787193775177,0.4668525457382202,1.0,ok,,local,0.636229,4.911625
p18031_964,dynamicbind_asd,6,0.6284431,7.042738914489746,0.3943488895893097,1.0,ok,,local,0.6284431,5.320124
p18031_964,dynamicbind_asd,7,0.6265206,2.6957597732543945,0.5652933120727539,1.0,ok,,local,0.6265206,5.4840837
p18031_964,dynamicbind_asd,8,0.6234567,3.415205240249634,0.4845474660396576,1.0,ok,,local,0.6234567,5.0384207
p18031_964,dynamicbind_asd,9,0.6211433,3.041471242904663,0.464966356754303,1.0,ok,,local,0.6211433,5.312973
p18031_964,dynamicbind_asd,10,0.6178537,9.808135032653809,0.32659679651260376,1.0,ok,,local,0.6178537,5.3945193
p18031_964,dynamicbind_asd,11,0.6170153,3.25205397605896,0.5617774724960327,1.0,ok,,local,0.6170153,5.2202353
p18031_964,dynamicbind_asd,12,0.61345977,7.926528453826904,0.42866161465644836,1.0,ok,,local,0.61345977,5.2607703
p18031_964,dynamicbind_asd,13,0.6114512,4.136473655700684,0.46690693497657776,1.0,ok,,local,0.6114512,4.6693377
p18031_964,dynamicbind_asd,14,0.60853475,4.722879886627197,0.429934561252594,1.0,ok,,local,0.60853475,5.444907
p18031_964,dynamicbind_asd,15,0.5970393,7.366277694702148,0.39742085337638855,1.0,ok,,local,0.5970393,5.6041074
p18031_964,dynamicbind_asd,16,0.5960973,4.272571563720703,0.39772728085517883,1.0,ok,,local,0.5960973,5.2075944
p18031_964,dynamicbind_asd,17,0.5941069,7.8724284172058105,0.37931033968925476,1.0,ok,,local,0.5941069,5.736544
p18031_964,dynamicbind_asd,18,0.58972615,8.179496765136719,0.3626151978969574,1.0,ok,,local,0.58972615,5.5072417
p18031_964,dynamicbind_asd,19,0.5879802,6.75432014465332,0.5267229080200195,1.0,ok,,local,0.5879802,5.323395
p18031_964,dynamicbind_asd,20,0.5786017,5.656615257263184,0.3702702820301056,1.0,ok,,local,0.5786017,5.1641717
p18031_964,dynamicbind_asd,21,0.577807,2.892052412033081,0.5231788158416748,1.0,ok,,local,0.577807,5.1493607
p18031_964,dynamicbind_asd,22,0.57709897,9.48315143585205,0.3799889087677002,1.0,ok,,local,0.57709897,5.1782694
p18031_964,dynamicbind_asd,23,0.5770427,6.685235977172852,0.44987624883651733,1.0,ok,,local,0.5770427,5.214968
p18031_964,dynamicbind_asd,24,0.57375944,4.035701274871826,0.4103875160217285,1.0,ok,,local,0.57375944,5.0768137
p18031_964,dynamicbind_asd,25,0.57176054,3.5019757747650146,0.46355587244033813,1.0,ok,,local,0.57176054,5.2334166
p18031_964,dynamicbind_asd,26,0.57154936,6.468790054321289,0.4190672039985657,1.0,ok,,local,0.57154936,5.4809155
p18031_964,dynamicbind_asd,27,0.5637122,7.071406364440918,0.390801340341568,1.0,ok,,local,0.5637122,5.063121
p18031_964,dynamicbind_asd,28,0.5556431,7.0866193771362305,0.32799145579338074,1.0,ok,,local,0.5556431,4.949188
p18031_964,dynamicbind_asd,29,0.54658526,6.802566051483154,0.4042207896709442,1.0,ok,,local,0.54658526,5.7441826
p18031_f17,dynamicbind_asd,0,0.6019842,,,1.0,ok,,local,0.6019842,6.1531143
p18031_f17,dynamicbind_asd,1,0.5837119,,,1.0,ok,,local,0.5837119,6.697775
p18031_f17,dynamicbind_asd,2,0.58056724,,,1.0,ok,,local,0.58056724,6.4195185
p18031_f17,dynamicbind_asd,3,0.57718325,,,1.0,ok,,local,0.57718325,6.485493
p18031_f17,dynamicbind_asd,4,0.5699716,,,1.0,ok,,local,0.5699716,6.661319
p18031_f17,dynamicbind_asd,5,0.55837387,,,1.0,ok,,local,0.55837387,6.758615
p18031_f17,dynamicbind_asd,6,0.55626816,,,1.0,ok,,local,0.55626816,6.421462
p18031_f17,dynamicbind_asd,7,0.55347055,,,1.0,ok,,local,0.55347055,6.917969
p18031_f17,dynamicbind_asd,8,0.5481853,,,1.0,ok,,local,0.5481853,6.321849
p18031_f17,dynamicbind_asd,9,0.5365504,,,1.0,ok,,local,0.5365504,6.491217
p18031_f17,dynamicbind_asd,10,0.5344511,,,1.0,ok,,local,0.5344511,7.023227
p18031_f17,dynamicbind_asd,11,0.53363645,,,1.0,ok,,local,0.53363645,6.2468266
p18031_f17,dynamicbind_asd,12,0.5330325,,,1.0,ok,,local,0.5330325,6.9761424
p18031_f17,dynamicbind_asd,13,0.5303575,,,1.0,ok,,local,0.5303575,6.085279
p18031_f17,dynamicbind_asd,14,0.52516896,,,1.0,ok,,local,0.52516896,6.597942
p18031_f17,dynamicbind_asd,15,0.52445614,,,1.0,ok,,local,0.52445614,6.5131464
p18031_f17,dynamicbind_asd,16,0.5229746,,,1.0,ok,,local,0.5229746,7.076509
p18031_f17,dynamicbind_asd,17,0.52188927,,,1.0,ok,,local,0.52188927,6.455864
p18031_f17,dynamicbind_asd,18,0.5214568,,,1.0,ok,,local,0.5214568,6.3986707
p18031_f17,dynamicbind_asd,19,0.52041084,,,1.0,ok,,local,0.52041084,6.4717565
p18031_f17,dynamicbind_asd,20,0.5174575,,,1.0,ok,,local,0.5174575,6.1166916
p18031_f17,dynamicbind_asd,21,0.5114471,,,1.0,ok,,local,0.5114471,6.270119
p18031_f17,dynamicbind_asd,22,0.50811654,,,1.0,ok,,local,0.50811654,6.4045606
p18031_f17,dynamicbind_asd,23,0.5073937,,,1.0,ok,,local,0.5073937,6.89711
p18031_f17,dynamicbind_asd,24,0.5067525,,,1.0,ok,,local,0.5067525,6.368316
p18031_f17,dynamicbind_asd,25,0.50543284,,,1.0,ok,,local,0.50543284,6.066288
p18031_f17,dynamicbind_asd,26,0.49558097,,,1.0,ok,,local,0.49558097,6.5008364
p18031_f17,dynamicbind_asd,27,0.4795551,,,1.0,ok,,local,0.4795551,6.2788486
p18031_f17,dynamicbind_asd,28,0.4791577,,,1.0,ok,,local,0.4791577,6.2808075
p18031_f17,dynamicbind_asd,29,0.45947987,,,1.0,ok,,local,0.45947987,5.9932065
p18031_ize,dynamicbind_asd,0,0.6708696,4.461477279663086,0.7664893865585327,1.0,ok,,local,0.6708696,6.8144846
p18031_ize,dynamicbind_asd,1,0.6690351,4.5817999839782715,0.6768172979354858,1.0,ok,,local,0.6690351,6.8579373
p18031_ize,dynamicbind_asd,2,0.66596806,4.498336315155029,0.677395224571228,1.0,ok,,local,0.66596806,6.8705835
p18031_ize,dynamicbind_asd,3,0.6627041,3.4250895977020264,0.7889407873153687,1.0,ok,,local,0.6627041,6.872163
p18031_ize,dynamicbind_asd,4,0.658836,5.086106777191162,0.6520833373069763,1.0,ok,,local,0.658836,6.7613087
p18031_ize,dynamicbind_asd,5,0.64912534,3.6808459758758545,0.7689232230186462,1.0,ok,,local,0.64912534,7.1614017
p18031_ize,dynamicbind_asd,6,0.6470783,3.602576971054077,0.7659115195274353,1.0,ok,,local,0.6470783,7.1509757
p18031_ize,dynamicbind_asd,7,0.6463738,5.095011234283447,0.5474137663841248,1.0,ok,,local,0.6463738,6.6064687
p18031_ize,dynamicbind_asd,8,0.6448239,6.213101387023926,0.5932163000106812,1.0,ok,,local,0.6448239,6.890534
p18031_ize,dynamicbind_asd,9,0.6441299,2.249162435531616,0.8413461446762085,1.0,ok,,local,0.6441299,6.7361107
p18031_ize,dynamicbind_asd,10,0.6413307,4.685151100158691,0.5102980136871338,1.0,ok,,local,0.6413307,6.924523
p18031_ize,dynamicbind_asd,11,0.6392926,3.360492467880249,0.6729019284248352,1.0,ok,,local,0.6392926,6.895032
p18031_ize,dynamicbind_asd,12,0.63795817,2.5437850952148438,0.8052455186843872,1.0,ok,,local,0.63795817,6.9902425
p18031_ize,dynamicbind_asd,13,0.63727385,5.369822978973389,0.5006521940231323,1.0,ok,,local,0.63727385,6.8470116
p18031_ize,dynamicbind_asd,14,0.63639885,5.77262544631958,0.4539695978164673,1.0,ok,,local,0.63639885,6.6738997
p18031_ize,dynamicbind_asd,15,0.63604975,4.484753131866455,0.5228905081748962,1.0,ok,,local,0.63604975,6.907262
p18031_ize,dynamicbind_asd,16,0.6358777,5.340104579925537,0.4987146556377411,1.0,ok,,local,0.6358777,6.7307935
p18031_ize,dynamicbind_asd,17,0.6297814,5.2487616539001465,0.5028584003448486,1.0,ok,,local,0.6297814,6.7500873
p18031_ize,dynamicbind_asd,18,0.6287564,3.159294366836548,0.6956860423088074,1.0,ok,,local,0.6287564,6.915084
p18031_ize,dynamicbind_asd,19,0.62423635,31.959505081176758,0.0,1.0,ok,,local,0.62423635,4.767576
p18031_ize,dynamicbind_asd,20,0.62066334,4.541797161102295,0.5319196581840515,1.0,ok,,local,0.62066334,6.6614084
p18031_ize,dynamicbind_asd,21,0.60899794,4.507826328277588,0.5272975564002991,1.0,ok,,local,0.60899794,6.656641
p18031_ize,dynamicbind_asd,22,0.5984549,5.701396942138672,0.42616334557533264,1.0,ok,,local,0.5984549,6.440862
p18031_ize,dynamicbind_asd,23,0.5972706,5.134871959686279,0.626035213470459,1.0,ok,,local,0.5972706,6.819368
p18031_ize,dynamicbind_asd,24,0.59614486,2.657498598098755,0.8244797587394714,1.0,ok,,local,0.59614486,6.564927
p18031_ize,dynamicbind_asd,25,0.59083635,6.184036731719971,0.42972245812416077,1.0,ok,,local,0.59083635,6.5483665
p18031_ize,dynamicbind_asd,26,0.5904557,4.976073741912842,0.6318036317825317,1.0,ok,,local,0.5904557,6.8943057
p18031_ize,dynamicbind_asd,27,0.5902738,6.561919689178467,0.4564831256866455,1.0,ok,,local,0.5902738,6.606668
p18031_ize,dynamicbind_asd,28,0.55675775,33.842857360839844,0.0,1.0,ok,,local,0.55675775,5.960413
p18031_ize,dynamicbind_asd,29,0.52645725,24.96889305114746,0.0,1.0,ok,,local,0.52645725,5.783544
p18031_lzq,dynamicbind_asd,0,0.6501567,,,1.0,ok,,local,0.6501567,5.408477
p18031_lzq,dynamicbind_asd,1,0.63498294,,,1.0,ok,,local,0.63498294,5.464472
p18031_lzq,dynamicbind_asd,2,0.62741894,,,1.0,ok,,local,0.62741894,5.35695
p18031_lzq,dynamicbind_asd,3,0.6259843,,,1.0,ok,,local,0.6259843,5.5596657
p18031_lzq,dynamicbind_asd,4,0.62386024,,,1.0,ok,,local,0.62386024,5.3659177
p18031_lzq,dynamicbind_asd,5,0.6199082,,,1.0,ok,,local,0.6199082,5.345728
p18031_lzq,dynamicbind_asd,6,0.6145177,,,1.0,ok,,local,0.6145177,5.5382633
p18031_lzq,dynamicbind_asd,7,0.6113641,,,1.0,ok,,local,0.6113641,5.7143908
p18031_lzq,dynamicbind_asd,8,0.6067208,,,1.0,ok,,local,0.6067208,5.557538
p18031_lzq,dynamicbind_asd,9,0.6064316,,,1.0,ok,,local,0.6064316,5.813095
p18031_lzq,dynamicbind_asd,10,0.6061984,,,1.0,ok,,local,0.6061984,5.42063
p18031_lzq,dynamicbind_asd,11,0.60615724,,,1.0,ok,,local,0.60615724,5.496099
p18031_lzq,dynamicbind_asd,12,0.6051728,,,1.0,ok,,local,0.6051728,5.3266106
p18031_lzq,dynamicbind_asd,13,0.60294807,,,1.0,ok,,local,0.60294807,5.3027177
p18031_lzq,dynamicbind_asd,14,0.6018798,,,1.0,ok,,local,0.6018798,5.4333615
p18031_lzq,dynamicbind_asd,15,0.6016713,,,1.0,ok,,local,0.6016713,5.441348
p18031_lzq,dynamicbind_asd,16,0.59948003,,,1.0,ok,,local,0.59948003,5.4881945
p18031_lzq,dynamicbind_asd,17,0.59682506,,,1.0,ok,,local,0.59682506,5.414482
p18031_lzq,dynamicbind_asd,18,0.5966124,,,1.0,ok,,local,0.5966124,5.5183277
p18031_lzq,dynamicbind_asd,19,0.59553504,,,1.0,ok,,local,0.59553504,5.417491
p18031_lzq,dynamicbind_asd,20,0.58815145,,,1.0,ok,,local,0.58815145,5.8202157
p18031_lzq,dynamicbind_asd,21,0.584253,,,1.0,ok,,local,0.584253,5.484414
p18031_lzq,dynamicbind_asd,22,0.58260477,,,1.0,ok,,local,0.58260477,5.3516836
p18031_lzq,dynamicbind_asd,23,0.5824107,,,1.0,ok,,local,0.5824107,5.4476233
p18031_lzq,dynamicbind_asd,24,0.5820569,,,1.0,ok,,local,0.5820569,5.708847
p18031_lzq,dynamicbind_asd,25,0.581195,,,1.0,ok,,local,0.581195,5.4872317
p18031_lzq,dynamicbind_asd,26,0.58016473,,,1.0,ok,,local,0.58016473,5.6525235
p18031_lzq,dynamicbind_asd,27,0.5726789,,,1.0,ok,,local,0.5726789,5.605657
p18031_lzq,dynamicbind_asd,28,0.5674298,,,1.0,ok,,local,0.5674298,5.558167
p18031_lzq,dynamicbind_asd,29,0.508296,,,1.0,ok,,local,0.508296,3.955323
p19120_3fd,dynamicbind_asd,0,0.67613244,2.875234842300415,0.6487980484962463,1.0,ok,,local,0.67613244,5.0311275
p19120_3fd,dynamicbind_asd,1,0.6759942,2.848923921585083,0.6750248074531555,1.0,ok,,local,0.6759942,5.193814
p19120_3fd,dynamicbind_asd,2,0.6699506,2.791330575942993,0.6717538833618164,1.0,ok,,local,0.6699506,5.2541647
p19120_3fd,dynamicbind_asd,3,0.66954833,2.7671868801116943,0.6928715705871582,1.0,ok,,local,0.66954833,4.990271
p19120_3fd,dynamicbind_asd,4,0.6679069,2.5854318141937256,0.7057368755340576,1.0,ok,,local,0.6679069,4.6477256
p19120_3fd,dynamicbind_asd,5,0.66483796,2.886333465576172,0.674717366695404,1.0,ok,,local,0.66483796,5.0804725
p19120_3fd,dynamicbind_asd,6,0.66398656,2.5676400661468506,0.7317682504653931,1.0,ok,,local,0.66398656,4.9305634
p19120_3fd,dynamicbind_asd,7,0.6633636,2.7757034301757812,0.6956207752227783,1.0,ok,,local,0.6633636,5.1030216
p19120_3fd,dynamicbind_asd,8,0.66301984,2.9235146045684814,0.6908270120620728,1.0,ok,,local,0.66301984,4.9652233
p19120_3fd,dynamicbind_asd,9,0.66271496,3.489386558532715,0.6492957472801208,1.0,ok,,local,0.66271496,5.175264
p19120_3fd,dynamicbind_asd,10,0.6625047,2.65242600440979,0.7251461744308472,1.0,ok,,local,0.6625047,5.297198
p19120_3fd,dynamicbind_asd,11,0.6611392,2.2347218990325928,0.7347046136856079,1.0,ok,,local,0.6611392,4.651388
p19120_3fd,dynamicbind_asd,12,0.6609178,3.777588129043579,0.5453923344612122,1.0,ok,,local,0.6609178,5.0694456
p19120_3fd,dynamicbind_asd,13,0.66074395,2.4042270183563232,0.7413211464881897,1.0,ok,,local,0.66074395,4.56883
p19120_3fd,dynamicbind_asd,14,0.6603068,1.9625229835510254,0.7633060216903687,1.0,ok,,local,0.6603068,4.7750483
p19120_3fd,dynamicbind_asd,15,0.6588873,2.6577670574188232,0.7182578444480896,1.0,ok,,local,0.6588873,5.1810055
p19120_3fd,dynamicbind_asd,16,0.65753853,3.376330614089966,0.6020833253860474,1.0,ok,,local,0.65753853,5.0530686
p19120_3fd,dynamicbind_asd,17,0.6573769,2.6812026500701904,0.7173038125038147,1.0,ok,,local,0.6573769,4.8514037
p19120_3fd,dynamicbind_asd,18,0.6564305,2.4583308696746826,0.6952979564666748,1.0,ok,,local,0.6564305,4.5674167
p19120_3fd,dynamicbind_asd,19,0.65498096,2.0616281032562256,0.790142297744751,1.0,ok,,local,0.65498096,4.631505
p19120_3fd,dynamicbind_asd,20,0.6548088,2.0589287281036377,0.7537993788719177,1.0,ok,,local,0.6548088,4.9774866
p19120_3fd,dynamicbind_asd,21,0.65441716,2.377448558807373,0.6894490718841553,1.0,ok,,local,0.65441716,5.04216
p19120_3fd,dynamicbind_asd,22,0.65313375,3.365150213241577,0.6882129311561584,1.0,ok,,local,0.65313375,5.2049217
p19120_3fd,dynamicbind_asd,23,0.6522351,2.0813937187194824,0.771750271320343,1.0,ok,,local,0.6522351,4.6230154
p19120_3fd,dynamicbind_asd,24,0.65201163,2.7482426166534424,0.7074626684188843,1.0,ok,,local,0.65201163,4.9977164
p19120_3fd,dynamicbind_asd,25,0.65042347,3.461850643157959,0.5777828693389893,1.0,ok,,local,0.65042347,4.981083
p19120_3fd,dynamicbind_asd,26,0.6499559,3.4418163299560547,0.6654170751571655,1.0,ok,,local,0.6499559,5.1146345
p19120_3fd,dynamicbind_asd,27,0.642316,2.155698299407959,0.7687093019485474,1.0,ok,,local,0.642316,4.9955764
p19120_3fd,dynamicbind_asd,28,0.62644804,1.8478158712387085,0.8260405659675598,1.0,ok,,local,0.62644804,5.1891665
p19120_3fd,dynamicbind_asd,29,0.4373275,45.077999114990234,0.0,1.0,ok,,local,0.4373275,5.0311065
p19120_7ue,dynamicbind_asd,0,0.6902533,,,1.0,ok,,local,0.6902533,2.7149653
p19120_7ue,dynamicbind_asd,1,0.68875945,,,1.0,ok,,local,0.68875945,2.8043945
p19120_7ue,dynamicbind_asd,2,0.6874576,,,1.0,ok,,local,0.6874576,2.7759223
p19120_7ue,dynamicbind_asd,3,0.6866591,,,1.0,ok,,local,0.6866591,2.746503
p19120_7ue,dynamicbind_asd,4,0.68633753,,,1.0,ok,,local,0.68633753,2.8189082
p19120_7ue,dynamicbind_asd,5,0.6841181,,,1.0,ok,,local,0.6841181,2.7954412
p19120_7ue,dynamicbind_asd,6,0.6829185,,,1.0,ok,,local,0.6829185,2.7627714
p19120_7ue,dynamicbind_asd,7,0.6783643,,,1.0,ok,,local,0.6783643,2.7555153
p19120_7ue,dynamicbind_asd,8,0.67705566,,,1.0,ok,,local,0.67705566,2.740314
p19120_7ue,dynamicbind_asd,9,0.67432714,,,1.0,ok,,local,0.67432714,2.7854214
p19120_7ue,dynamicbind_asd,10,0.67026806,,,1.0,ok,,local,0.67026806,2.8151736
p19120_7ue,dynamicbind_asd,11,0.66807336,,,1.0,ok,,local,0.66807336,2.7675235
p19120_7ue,dynamicbind_asd,12,0.66659176,,,1.0,ok,,local,0.66659176,2.782189
p19120_7ue,dynamicbind_asd,13,0.6656983,,,1.0,ok,,local,0.6656983,2.8616865
p19120_7ue,dynamicbind_asd,14,0.661668,,,1.0,ok,,local,0.661668,2.8510036
p19120_7ue,dynamicbind_asd,15,0.6597518,,,1.0,ok,,local,0.6597518,2.805067
p19120_7ue,dynamicbind_asd,16,0.6593808,,,1.0,ok,,local,0.6593808,2.8073368
p19120_7ue,dynamicbind_asd,17,0.65910524,,,1.0,ok,,local,0.65910524,2.8645625
p19120_7ue,dynamicbind_asd,18,0.6545383,,,1.0,ok,,local,0.6545383,2.7885354
p19120_7ue,dynamicbind_asd,19,0.5551072,,,1.0,ok,,local,0.5551072,2.8637774
p19120_7ue,dynamicbind_asd,20,0.5535009,,,1.0,ok,,local,0.5535009,3.840846
p19120_7ue,dynamicbind_asd,21,0.5490258,,,1.0,ok,,local,0.5490258,2.9718354
p19120_7ue,dynamicbind_asd,22,0.5233736,,,1.0,ok,,local,0.5233736,3.3887424
p19120_7ue,dynamicbind_asd,23,0.5083458,,,1.0,ok,,local,0.5083458,3.3909426
p19120_7ue,dynamicbind_asd,24,0.49849635,,,1.0,ok,,local,0.49849635,3.3721254
p19120_7ue,dynamicbind_asd,25,0.4878659,,,1.0,ok,,local,0.4878659,2.9646618
p19120_7ue,dynamicbind_asd,26,0.48542005,,,1.0,ok,,local,0.48542005,2.883866
p19120_7ue,dynamicbind_asd,27,0.4595965,,,1.0,ok,,local,0.4595965,4.303185
p19120_7ue,dynamicbind_asd,28,0.45775402,,,1.0,ok,,local,0.45775402,3.0693944
p19120_7ue,dynamicbind_asd,29,0.4493657,,,1.0,ok,,local,0.4493657,3.1679885
p19120_v8q,dynamicbind_asd,0,0.7318016,,,1.0,ok,,local,0.7318016,2.2310615
p19120_v8q,dynamicbind_asd,1,0.72879106,,,1.0,ok,,local,0.72879106,2.3108344
p19120_v8q,dynamicbind_asd,2,0.7261001,,,1.0,ok,,local,0.7261001,2.188939
p19120_v8q,dynamicbind_asd,3,0.72176933,,,1.0,ok,,local,0.72176933,2.323485
p19120_v8q,dynamicbind_asd,4,0.7199474,,,1.0,ok,,local,0.7199474,2.3075092
p19120_v8q,dynamicbind_asd,5,0.71665394,,,1.0,ok,,local,0.71665394,2.246415
p19120_v8q,dynamicbind_asd,6,0.71510345,,,1.0,ok,,local,0.71510345,2.2741635
p19120_v8q,dynamicbind_asd,7,0.7145242,,,1.0,ok,,local,0.7145242,2.2993631
p19120_v8q,dynamicbind_asd,8,0.7124752,,,1.0,ok,,local,0.7124752,2.27397
p19120_v8q,dynamicbind_asd,9,0.7121177,,,1.0,ok,,local,0.7121177,2.2840545
p19120_v8q,dynamicbind_asd,10,0.71040165,,,1.0,ok,,local,0.71040165,2.1799476
p19120_v8q,dynamicbind_asd,11,0.7097931,,,1.0,ok,,local,0.7097931,2.5696805
p19120_v8q,dynamicbind_asd,12,0.7089969,,,1.0,ok,,local,0.7089969,2.2554438
p19120_v8q,dynamicbind_asd,13,0.7089221,,,1.0,ok,,local,0.7089221,2.1240866
p19120_v8q,dynamicbind_asd,14,0.7085204,,,1.0,ok,,local,0.7085204,2.2395387
p19120_v8q,dynamicbind_asd,15,0.70837927,,,1.0,ok,,local,0.70837927,2.2894082
p19120_v8q,dynamicbind_asd,16,0.7083251,,,1.0,ok,,local,0.7083251,2.1327596
p19120_v8q,dynamicbind_asd,17,0.7053576,,,1.0,ok,,local,0.7053576,2.1151788
p19120_v8q,dynamicbind_asd,18,0.70397675,,,1.0,ok,,local,0.70397675,2.2543123
p19120_v8q,dynamicbind_asd,19,0.6896077,,,1.0,ok,,local,0.6896077,2.5248256
p19120_v8q,dynamicbind_asd,20,0.6891087,,,1.0,ok,,local,0.6891087,2.6316154
p19120_v8q,dynamicbind_asd,21,0.68200606,,,1.0,ok,,local,0.68200606,2.4086277
p19120_v8q,dynamicbind_asd,22,0.6813874,,,1.0,ok,,local,0.6813874,2.2520964
p19120_v8q,dynamicbind_asd,23,0.52917945,,,1.0,ok,,local,0.52917945,3.3376126
p19120_v8q,dynamicbind_asd,24,0.52376395,,,1.0,ok,,local,0.52376395,3.1734562
p19120_v8q,dynamicbind_asd,25,0.52026135,,,1.0,ok,,local,0.52026135,3.917138
p19120_v8q,dynamicbind_asd,26,0.5148013,,,1.0,ok,,local,0.5148013,4.0016093
p19120_v8q,dynamicbind_asd,27,0.49721903,,,1.0,ok,,local,0.49721903,3.4284883
p19120_v8q,dynamicbind_asd,28,0.47908106,,,1.0,ok,,local,0.47908106,4.1970124
p19120_v8q,dynamicbind_asd,29,0.4770966,,,1.0,ok,,local,0.4770966,4.1367702
p19793_7a4,dynamicbind_asd,0,0.548702,,,0.0,ok,,local,0.548702,6.5785904
p19793_7a4,dynamicbind_asd,1,0.5481208,,,0.0,ok,,local,0.5481208,6.361873
p19793_7a4,dynamicbind_asd,2,0.54806167,,,0.0,ok,,local,0.54806167,6.3527
p19793_7a4,dynamicbind_asd,3,0.54718804,,,0.0,ok,,local,0.54718804,6.3511753
p19793_7a4,dynamicbind_asd,4,0.54706615,,,0.0,ok,,local,0.54706615,6.53524
p19793_7a4,dynamicbind_asd,5,0.54638946,,,0.0,ok,,local,0.54638946,6.4254756
p19793_7a4,dynamicbind_asd,6,0.54265326,,,0.0,ok,,local,0.54265326,6.361242
p19793_7a4,dynamicbind_asd,7,0.5407022,,,0.0,ok,,local,0.5407022,6.4278817
p19793_7a4,dynamicbind_asd,8,0.5395554,,,0.0,ok,,local,0.5395554,6.4780507
p19793_7a4,dynamicbind_asd,9,0.5196275,,,0.0,ok,,local,0.5196275,6.419736
p19793_9hf,dynamicbind_asd,0,0.65272325,7.679258346557617,0.28305622935295105,0.0,ok,,local,0.65272325,6.425591
p19793_9hf,dynamicbind_asd,1,0.63271046,7.414987564086914,0.2912178933620453,0.0,ok,,local,0.63271046,6.5195885
p19793_9hf,dynamicbind_asd,2,0.6311024,7.521159648895264,0.3188796639442444,0.0,ok,,local,0.6311024,6.6954074
p19793_9hf,dynamicbind_asd,3,0.6284297,7.175413608551025,0.34356093406677246,0.0,ok,,local,0.6284297,6.730888
p19793_9hf,dynamicbind_asd,4,0.6236539,6.9075236320495605,0.30464133620262146,0.0,ok,,local,0.6236539,6.6811223
p19793_9hf,dynamicbind_asd,5,0.6226013,5.1103410720825195,0.33761683106422424,0.0,ok,,local,0.6226013,6.8224607
p19793_9hf,dynamicbind_asd,6,0.6194049,6.671973705291748,0.3219091594219208,0.0,ok,,local,0.6194049,6.8253546
p19793_cps,dynamicbind_asd,0,0.4414572,,,0.0,ok,,local,0.4414572,7.0211253
p19793_cps,dynamicbind_asd,1,0.44145647,,,0.0,ok,,local,0.44145647,7.0211334
p19793_cps,dynamicbind_asd,2,0.4401153,,,0.0,ok,,local,0.4401153,5.9048853
p19793_cps,dynamicbind_asd,3,0.44011492,,,0.0,ok,,local,0.44011492,5.9048924
p19793_cps,dynamicbind_asd,4,0.432895,,,0.0,ok,,local,0.432895,6.8530216
p19793_cps,dynamicbind_asd,5,0.4328943,,,0.0,ok,,local,0.4328943,6.853016
p19793_cps,dynamicbind_asd,6,0.4297588,,,0.0,ok,,local,0.4297588,6.16738
p19793_cps,dynamicbind_asd,7,0.4297582,,,0.0,ok,,local,0.4297582,6.167435
p19793_cps,dynamicbind_asd,8,0.42337397,,,0.0,ok,,local,0.42337397,6.5917597
p19793_cps,dynamicbind_asd,9,0.42337367,,,0.0,ok,,local,0.42337367,6.5918045
p19793_cps,dynamicbind_asd,10,0.42242017,,,0.0,ok,,local,0.42242017,6.774413
p19793_cps,dynamicbind_asd,11,0.42227587,,,0.0,ok,,local,0.42227587,6.77455
p19793_cps,dynamicbind_asd,12,0.40961552,,,0.0,ok,,local,0.40961552,6.8166533
p19793_cps,dynamicbind_asd,13,0.40961537,,,0.0,ok,,local,0.40961537,6.8166656
p19793_cps,dynamicbind_asd,14,0.3982799,,,0.0,ok,,local,0.3982799,6.3269806
p19793_cps,dynamicbind_asd,15,0.3982793,,,0.0,ok,,local,0.3982793,6.3269887
p19793_cps,dynamicbind_asd,16,0.38379052,,,0.0,ok,,local,0.38379052,7.0532985
p19793_cps,dynamicbind_asd,17,0.3837903,,,0.0,ok,,local,0.3837903,7.053291
p19793_cps,dynamicbind_asd,18,0.3799728,,,0.0,ok,,local,0.3799728,7.388537
p19793_cps,dynamicbind_asd,19,0.37997225,,,0.0,ok,,local,0.37997225,7.388544
p19793_wz6,dynamicbind_asd,0,0.6177255,,,0.0,ok,,local,0.6177255,6.2987294
p19793_wz6,dynamicbind_asd,1,0.6116364,,,0.0,ok,,local,0.6116364,6.4295654
p19793_wz6,dynamicbind_asd,2,0.59976923,,,0.0,ok,,local,0.59976923,6.293013
p19793_wz6,dynamicbind_asd,3,0.59775996,,,0.0,ok,,local,0.59775996,6.3530416
p19793_wz6,dynamicbind_asd,4,0.59560436,,,0.0,ok,,local,0.59560436,6.3683305
p19793_wz6,dynamicbind_asd,5,0.5798829,,,0.0,ok,,local,0.5798829,6.6923976
p19793_wz6,dynamicbind_asd,6,0.5188389,,,0.0,ok,,local,0.5188389,6.3845253
p19793_wz6,dynamicbind_asd,7,0.5157454,,,0.0,ok,,local,0.5157454,6.607288
p19793_wz6,dynamicbind_asd,8,0.4975695,,,0.0,ok,,local,0.4975695,6.4747486
p19793_wz6,dynamicbind_asd,9,0.4951263,,,0.0,ok,,local,0.4951263,6.6640797
p20701_2o7,dynamicbind_asd,0,0.6425839,1.968554139137268,0.5815058350563049,1.0,ok,,local,0.6425839,7.8849216
p20701_2o7,dynamicbind_asd,1,0.6346619,3.626762628555298,0.4494421184062958,1.0,ok,,local,0.6346619,7.464549
p20701_2o7,dynamicbind_asd,2,0.6266857,1.2081164121627808,0.7049839496612549,1.0,ok,,local,0.6266857,7.8344665
p20701_2o7,dynamicbind_asd,3,0.6198374,3.041688919067383,0.47099998593330383,1.0,ok,,local,0.6198374,7.5593514
p20701_2o7,dynamicbind_asd,4,0.6195248,4.876450538635254,0.33373206853866577,1.0,ok,,local,0.6195248,7.2810345
p20701_2o7,dynamicbind_asd,5,0.61676407,2.0406911373138428,0.6076284050941467,1.0,ok,,local,0.61676407,7.8123527
p20701_2o7,dynamicbind_asd,6,0.60665035,1.884482502937317,0.6067784428596497,1.0,ok,,local,0.60665035,8.056271
p20701_2o7,dynamicbind_asd,7,0.60445017,4.042025089263916,0.42344826459884644,1.0,ok,,local,0.60445017,7.2579036
p20701_2o7,dynamicbind_asd,8,0.5924117,3.715644121170044,0.4121446907520294,1.0,ok,,local,0.5924117,7.6789293
p20701_2o7,dynamicbind_asd,9,0.5686128,4.553061485290527,0.3774213194847107,1.0,ok,,local,0.5686128,8.457218
p23458_0nt,dynamicbind_asd,0,0.7431768,,,1.0,ok,,local,0.7431768,7.303732
p23458_0nt,dynamicbind_asd,1,0.7341807,,,1.0,ok,,local,0.7341807,7.3038616
p23458_0nt,dynamicbind_asd,2,0.724978,,,1.0,ok,,local,0.724978,7.538624
p23458_0nt,dynamicbind_asd,3,0.7233901,,,1.0,ok,,local,0.7233901,7.54866
p23458_0nt,dynamicbind_asd,4,0.7230439,,,1.0,ok,,local,0.7230439,7.6585393
p23458_0nt,dynamicbind_asd,5,0.7198877,,,1.0,ok,,local,0.7198877,7.204413
p23458_0nt,dynamicbind_asd,6,0.7195652,,,1.0,ok,,local,0.7195652,7.369163
p23458_0nt,dynamicbind_asd,7,0.718556,,,1.0,ok,,local,0.718556,7.7940073
p23458_0nt,dynamicbind_asd,8,0.7178989,,,1.0,ok,,local,0.7178989,7.7315474
p23458_0nt,dynamicbind_asd,9,0.7172008,,,1.0,ok,,local,0.7172008,7.7177773
p23458_0nt,dynamicbind_asd,10,0.71674067,,,1.0,ok,,local,0.71674067,7.669036
p23458_0nt,dynamicbind_asd,11,0.7160013,,,1.0,ok,,local,0.7160013,7.581596
p23458_0nt,dynamicbind_asd,12,0.7151254,,,1.0,ok,,local,0.7151254,7.6761923
p23458_0nt,dynamicbind_asd,13,0.7124305,,,1.0,ok,,local,0.7124305,8.182521
p23458_0nt,dynamicbind_asd,14,0.7120563,,,1.0,ok,,local,0.7120563,8.24609
p23458_0nt,dynamicbind_asd,15,0.71178824,,,1.0,ok,,local,0.71178824,7.3484006
p23458_0nt,dynamicbind_asd,16,0.7106673,,,1.0,ok,,local,0.7106673,7.3430142
p23458_0nt,dynamicbind_asd,17,0.7098354,,,1.0,ok,,local,0.7098354,7.6865797
p23458_0nt,dynamicbind_asd,18,0.70886934,,,1.0,ok,,local,0.70886934,7.331398
p23458_0nt,dynamicbind_asd,19,0.7040678,,,1.0,ok,,local,0.7040678,7.3671856
p23458_iza,dynamicbind_asd,0,0.8031085,,,1.0,ok,,local,0.8031085,8.066105
p23458_iza,dynamicbind_asd,1,0.8025192,,,1.0,ok,,local,0.8025192,8.019497
p23458_iza,dynamicbind_asd,2,0.8014582,,,1.0,ok,,local,0.8014582,8.052993
p23458_iza,dynamicbind_asd,3,0.79922074,,,1.0,ok,,local,0.79922074,7.9951653
p23458_iza,dynamicbind_asd,4,0.79908705,,,1.0,ok,,local,0.79908705,8.032264
p23458_iza,dynamicbind_asd,5,0.7985435,,,1.0,ok,,local,0.7985435,8.039861
p23458_iza,dynamicbind_asd,6,0.798319,,,1.0,ok,,local,0.798319,8.042624
p23458_iza,dynamicbind_asd,7,0.7977576,,,1.0,ok,,local,0.7977576,7.996666
p23458_iza,dynamicbind_asd,8,0.7969717,,,1.0,ok,,local,0.7969717,8.054555
p23458_iza,dynamicbind_asd,9,0.79504025,,,1.0,ok,,local,0.79504025,7.953301
p23458_iza,dynamicbind_asd,10,0.79478073,,,1.0,ok,,local,0.79478073,7.980974
p23458_iza,dynamicbind_asd,11,0.79474443,,,1.0,ok,,local,0.79474443,8.0336275
p23458_iza,dynamicbind_asd,12,0.7924045,,,1.0,ok,,local,0.7924045,7.959797
p23458_iza,dynamicbind_asd,13,0.7919652,,,1.0,ok,,local,0.7919652,8.000369
p23458_iza,dynamicbind_asd,14,0.79167295,,,1.0,ok,,local,0.79167295,7.9580946
p23458_iza,dynamicbind_asd,15,0.79130083,,,1.0,ok,,local,0.79130083,8.028589
p23458_iza,dynamicbind_asd,16,0.79107505,,,1.0,ok,,local,0.79107505,7.959684
p23458_iza,dynamicbind_asd,17,0.79090077,,,1.0,ok,,local,0.79090077,7.973632
p23458_iza,dynamicbind_asd,18,0.7901187,,,1.0,ok,,local,0.7901187,8.042149
p23458_iza,dynamicbind_asd,19,0.7866321,,,1.0,ok,,local,0.7866321,8.018487
p23458_mi1,dynamicbind_asd,0,0.74060816,1.0773539543151855,0.8571428656578064,1.0,ok,,local,0.74060816,8.16072
p23458_mi1,dynamicbind_asd,1,0.7341769,0.5472361445426941,0.9342105388641357,1.0,ok,,local,0.7341769,8.155617
p23458_mi1,dynamicbind_asd,2,0.7339304,1.1897221803665161,0.8300908207893372,1.0,ok,,local,0.7339304,7.9925046
p23458_mi1,dynamicbind_asd,3,0.7328215,0.6087406873703003,0.9376702904701233,1.0,ok,,local,0.7328215,7.995041
p23458_mi1,dynamicbind_asd,4,0.7319836,1.1881338357925415,0.8541105389595032,1.0,ok,,local,0.7319836,7.9275537
p23458_mi1,dynamicbind_asd,5,0.72867674,0.4392598271369934,0.9547353982925415,1.0,ok,,local,0.72867674,8.074864
p23458_mi1,dynamicbind_asd,6,0.72783786,0.6240618228912354,0.9209078550338745,1.0,ok,,local,0.72783786,8.012242
p23458_mi1,dynamicbind_asd,7,0.7278113,1.143379807472229,0.8452380895614624,1.0,ok,,local,0.7278113,8.061377
p23458_mi1,dynamicbind_asd,8,0.72609717,1.2903892993927002,0.864159882068634,1.0,ok,,local,0.72609717,8.020874
p23458_mi1,dynamicbind_asd,9,0.7204967,0.3642662465572357,0.9714484810829163,1.0,ok,,local,0.7204967,8.05473
p23458_mi1,dynamicbind_asd,10,0.720311,1.218940019607544,0.882770299911499,1.0,ok,,local,0.720311,8.005716
p23458_mi1,dynamicbind_asd,11,0.71817887,2.388766050338745,0.6401602029800415,1.0,ok,,local,0.71817887,7.876296
p23458_mi1,dynamicbind_asd,12,0.7154673,3.306835174560547,0.6464677453041077,1.0,ok,,local,0.7154673,7.920055
p23458_mi1,dynamicbind_asd,13,0.71422535,1.8843791484832764,0.8460729122161865,1.0,ok,,local,0.71422535,8.010351
p23458_mi1,dynamicbind_asd,14,0.711708,1.3090896606445312,0.8822314143180847,1.0,ok,,local,0.711708,7.9648113
p23458_mi1,dynamicbind_asd,15,0.71128774,1.278503656387329,0.8151612877845764,1.0,ok,,local,0.71128774,7.8144093
p23458_mi1,dynamicbind_asd,16,0.711191,0.8261218070983887,0.9011548757553101,1.0,ok,,local,0.711191,7.9593163
p23458_mi1,dynamicbind_asd,17,0.7110543,0.7045462727546692,0.9160982370376587,1.0,ok,,local,0.7110543,7.8549333
p23458_mi1,dynamicbind_asd,18,0.71071494,0.8621279001235962,0.886702835559845,1.0,ok,,local,0.71071494,8.268085
p23458_mi1,dynamicbind_asd,19,0.70946145,0.6699512004852295,0.9207819104194641,1.0,ok,,local,0.70946145,8.14803
p24941_2an,dynamicbind_asd,0,0.67150235,,,1.0,ok,,local,0.67150235,4.647154
p24941_2an,dynamicbind_asd,1,0.6693913,,,1.0,ok,,local,0.6693913,4.5649676
p24941_2an,dynamicbind_asd,2,0.669356,,,1.0,ok,,local,0.669356,4.412366
p24941_2an,dynamicbind_asd,3,0.6679958,,,1.0,ok,,local,0.6679958,4.5073595
p24941_2an,dynamicbind_asd,4,0.6670686,,,1.0,ok,,local,0.6670686,4.477345
p24941_2an,dynamicbind_asd,5,0.6669207,,,1.0,ok,,local,0.6669207,4.4362426
p24941_2an,dynamicbind_asd,6,0.6661196,,,1.0,ok,,local,0.6661196,4.925345
p24941_2an,dynamicbind_asd,7,0.6644377,,,1.0,ok,,local,0.6644377,4.4553967
p24941_2an,dynamicbind_asd,8,0.66424817,,,1.0,ok,,local,0.66424817,4.849729
p24941_2an,dynamicbind_asd,9,0.6635069,,,1.0,ok,,local,0.6635069,4.8633704
p24941_2an,dynamicbind_asd,10,0.66262525,,,1.0,ok,,local,0.66262525,4.7774005
p24941_2an,dynamicbind_asd,11,0.6606363,,,1.0,ok,,local,0.6606363,4.654878
p24941_2an,dynamicbind_asd,12,0.6593339,,,1.0,ok,,local,0.6593339,4.939908
p24941_2an,dynamicbind_asd,13,0.65759635,,,1.0,ok,,local,0.65759635,4.92708
p24941_2an,dynamicbind_asd,14,0.6568407,,,1.0,ok,,local,0.6568407,4.802897
p24941_2an,dynamicbind_asd,15,0.6567845,,,1.0,ok,,local,0.6567845,4.6816716
p24941_2an,dynamicbind_asd,16,0.656499,,,1.0,ok,,local,0.656499,4.449676
p24941_2an,dynamicbind_asd,17,0.6563397,,,1.0,ok,,local,0.6563397,4.442741
p24941_2an,dynamicbind_asd,18,0.6559019,,,1.0,ok,,local,0.6559019,4.3892045
p24941_2an,dynamicbind_asd,19,0.65477896,,,1.0,ok,,local,0.65477896,4.602342
p24941_2an,dynamicbind_asd,20,0.65380996,,,1.0,ok,,local,0.65380996,4.622487
p24941_2an,dynamicbind_asd,21,0.65378964,,,1.0,ok,,local,0.65378964,4.6542096
p24941_2an,dynamicbind_asd,22,0.6532423,,,1.0,ok,,local,0.6532423,4.367267
p24941_2an,dynamicbind_asd,23,0.6528846,,,1.0,ok,,local,0.6528846,4.461352
p24941_2an,dynamicbind_asd,24,0.6528613,,,1.0,ok,,local,0.6528613,4.683671
p24941_2an,dynamicbind_asd,25,0.652675,,,1.0,ok,,local,0.652675,4.1552234
p24941_2an,dynamicbind_asd,26,0.6524435,,,1.0,ok,,local,0.6524435,4.3661427
p24941_2an,dynamicbind_asd,27,0.6500666,,,1.0,ok,,local,0.6500666,4.6800976
p24941_2an,dynamicbind_asd,28,0.649854,,,1.0,ok,,local,0.649854,4.3591022
p24941_2an,dynamicbind_asd,29,0.6496696,,,1.0,ok,,local,0.6496696,4.3860354
p24941_2an,dynamicbind_asd,30,0.64951545,,,1.0,ok,,local,0.64951545,4.507051
p24941_2an,dynamicbind_asd,31,0.64802754,,,1.0,ok,,local,0.64802754,4.575787
p24941_2an,dynamicbind_asd,32,0.64785016,,,1.0,ok,,local,0.64785016,4.5534654
p24941_2an,dynamicbind_asd,33,0.647733,,,1.0,ok,,local,0.647733,4.6526995
p24941_2an,dynamicbind_asd,34,0.64710665,,,1.0,ok,,local,0.64710665,4.327127
p24941_2an,dynamicbind_asd,35,0.6460676,,,1.0,ok,,local,0.6460676,4.687791
p24941_2an,dynamicbind_asd,36,0.64421713,,,1.0,ok,,local,0.64421713,4.360527
p24941_2an,dynamicbind_asd,37,0.64292866,,,1.0,ok,,local,0.64292866,4.5090094
p24941_2an,dynamicbind_asd,38,0.6425911,,,1.0,ok,,local,0.6425911,4.4646187
p24941_2an,dynamicbind_asd,39,0.6425756,,,1.0,ok,,local,0.6425756,4.5057364
p24941_2an,dynamicbind_asd,40,0.6391401,,,1.0,ok,,local,0.6391401,4.5494447
p24941_2an,dynamicbind_asd,41,0.6379701,,,1.0,ok,,local,0.6379701,4.4752603
p24941_2an,dynamicbind_asd,42,0.6376255,,,1.0,ok,,local,0.6376255,4.589496
p24941_2an,dynamicbind_asd,43,0.6351681,,,1.0,ok,,local,0.6351681,4.383599
p24941_2an,dynamicbind_asd,44,0.63376814,,,1.0,ok,,local,0.63376814,4.552861
p24941_2an,dynamicbind_asd,45,0.6327837,,,1.0,ok,,local,0.6327837,4.572075
p24941_2an,dynamicbind_asd,46,0.632706,,,1.0,ok,,local,0.632706,4.6283073
p24941_2an,dynamicbind_asd,47,0.63020265,,,1.0,ok,,local,0.63020265,4.4286766
p24941_2an,dynamicbind_asd,48,0.62936026,,,1.0,ok,,local,0.62936026,4.399972
p24941_2an,dynamicbind_asd,49,0.6289107,,,1.0,ok,,local,0.6289107,4.3241878
p24941_2an,dynamicbind_asd,50,0.6285434,,,1.0,ok,,local,0.6285434,4.629312
p24941_2an,dynamicbind_asd,51,0.62807876,,,1.0,ok,,local,0.62807876,4.5345273
p24941_2an,dynamicbind_asd,52,0.6273705,,,1.0,ok,,local,0.6273705,4.436103
p24941_2an,dynamicbind_asd,53,0.62623477,,,1.0,ok,,local,0.62623477,4.4779058
p24941_2an,dynamicbind_asd,54,0.6257408,,,1.0,ok,,local,0.6257408,4.422356
p24941_2an,dynamicbind_asd,55,0.61992997,,,1.0,ok,,local,0.61992997,4.6355343
p24941_2an,dynamicbind_asd,56,0.6137099,,,1.0,ok,,local,0.6137099,4.42177
p24941_2an,dynamicbind_asd,57,0.5980565,,,1.0,ok,,local,0.5980565,4.8375254
p24941_2an,dynamicbind_asd,58,0.56587565,,,1.0,ok,,local,0.56587565,4.2604127
p24941_2an,dynamicbind_asd,59,0.5284088,,,1.0,ok,,local,0.5284088,4.1072235
p24941_kcx,dynamicbind_asd,0,0.6894857,,,1.0,ok,,local,0.6894857,3.9447217
p24941_kcx,dynamicbind_asd,1,0.67278236,,,1.0,ok,,local,0.67278236,4.1531987
p24941_kcx,dynamicbind_asd,2,0.67261016,,,1.0,ok,,local,0.67261016,4.245926
p24941_kcx,dynamicbind_asd,3,0.6723524,,,1.0,ok,,local,0.6723524,3.9877484
p24941_kcx,dynamicbind_asd,4,0.6695664,,,1.0,ok,,local,0.6695664,4.15481
p24941_kcx,dynamicbind_asd,5,0.6681928,,,1.0,ok,,local,0.6681928,3.8622575
p24941_kcx,dynamicbind_asd,6,0.6647569,,,1.0,ok,,local,0.6647569,4.0655417
p24941_kcx,dynamicbind_asd,7,0.66440094,,,1.0,ok,,local,0.66440094,3.8440423
p24941_kcx,dynamicbind_asd,8,0.6640019,,,1.0,ok,,local,0.6640019,4.153562
p24941_kcx,dynamicbind_asd,9,0.6628896,,,1.0,ok,,local,0.6628896,3.9775102
p24941_kcx,dynamicbind_asd,10,0.6591504,,,1.0,ok,,local,0.6591504,4.1491966
p24941_kcx,dynamicbind_asd,11,0.65764576,,,1.0,ok,,local,0.65764576,3.9981196
p24941_kcx,dynamicbind_asd,12,0.6496476,,,1.0,ok,,local,0.6496476,4.041526
p24941_kcx,dynamicbind_asd,13,0.6458583,,,1.0,ok,,local,0.6458583,3.8589778
p24941_kcx,dynamicbind_asd,14,0.6432124,,,1.0,ok,,local,0.6432124,3.9611034
p24941_kcx,dynamicbind_asd,15,0.64265823,,,1.0,ok,,local,0.64265823,3.9491107
p24941_kcx,dynamicbind_asd,16,0.63561076,,,1.0,ok,,local,0.63561076,3.9370565
p24941_kcx,dynamicbind_asd,17,0.63314605,,,1.0,ok,,local,0.63314605,3.6688106
p24941_kcx,dynamicbind_asd,18,0.63138187,,,1.0,ok,,local,0.63138187,4.3307266
p24941_kcx,dynamicbind_asd,19,0.6233912,,,1.0,ok,,local,0.6233912,3.6118622
p24941_kcx,dynamicbind_asd,20,0.6218561,,,1.0,ok,,local,0.6218561,3.8910866
p24941_kcx,dynamicbind_asd,21,0.6180138,,,1.0,ok,,local,0.6180138,4.0041714
p24941_kcx,dynamicbind_asd,22,0.61275977,,,1.0,ok,,local,0.61275977,3.77957
p24941_kcx,dynamicbind_asd,23,0.6115611,,,1.0,ok,,local,0.6115611,3.9270384
p24941_kcx,dynamicbind_asd,24,0.61021316,,,1.0,ok,,local,0.61021316,3.9023774
p24941_kcx,dynamicbind_asd,25,0.60926706,,,1.0,ok,,local,0.60926706,4.006739
p24941_kcx,dynamicbind_asd,26,0.6076003,,,1.0,ok,,local,0.6076003,4.1165786
p24941_kcx,dynamicbind_asd,27,0.607506,,,1.0,ok,,local,0.607506,4.0048885
p24941_kcx,dynamicbind_asd,28,0.6050244,,,1.0,ok,,local,0.6050244,4.0985
p24941_kcx,dynamicbind_asd,29,0.5296319,,,1.0,ok,,local,0.5296319,2.9550016
p24941_lq5,dynamicbind_asd,0,0.6603436,,,1.0,ok,,local,0.6603436,5.508294
p24941_lq5,dynamicbind_asd,1,0.64341885,,,1.0,ok,,local,0.64341885,5.38776
p24941_lq5,dynamicbind_asd,2,0.64078,,,1.0,ok,,local,0.64078,5.4006224
p24941_lq5,dynamicbind_asd,3,0.63956624,,,1.0,ok,,local,0.63956624,5.347956
p24941_lq5,dynamicbind_asd,4,0.6378839,,,1.0,ok,,local,0.6378839,5.1400633
p24941_lq5,dynamicbind_asd,5,0.6369802,,,1.0,ok,,local,0.6369802,5.5106997
p24941_lq5,dynamicbind_asd,6,0.6354261,,,1.0,ok,,local,0.6354261,5.6479654
p24941_lq5,dynamicbind_asd,7,0.6333421,,,1.0,ok,,local,0.6333421,5.3264046
p24941_lq5,dynamicbind_asd,8,0.62969995,,,1.0,ok,,local,0.62969995,5.707831
p24941_lq5,dynamicbind_asd,9,0.629201,,,1.0,ok,,local,0.629201,5.599989
p24941_lq5,dynamicbind_asd,10,0.6269943,,,1.0,ok,,local,0.6269943,5.5710397
p24941_lq5,dynamicbind_asd,11,0.62483346,,,1.0,ok,,local,0.62483346,5.5519643
p24941_lq5,dynamicbind_asd,12,0.62296164,,,1.0,ok,,local,0.62296164,5.755548
p24941_lq5,dynamicbind_asd,13,0.621882,,,1.0,ok,,local,0.621882,5.5019727
p24941_lq5,dynamicbind_asd,14,0.6213109,,,1.0,ok,,local,0.6213109,5.904586
p24941_lq5,dynamicbind_asd,15,0.6197026,,,1.0,ok,,local,0.6197026,5.638024
p24941_lq5,dynamicbind_asd,16,0.61955446,,,1.0,ok,,local,0.61955446,5.37166
p24941_lq5,dynamicbind_asd,17,0.6181035,,,1.0,ok,,local,0.6181035,5.767159
p24941_lq5,dynamicbind_asd,18,0.61769414,,,1.0,ok,,local,0.61769414,5.686207
p24941_lq5,dynamicbind_asd,19,0.61709976,,,1.0,ok,,local,0.61709976,5.5555325
p24941_lq5,dynamicbind_asd,20,0.6168204,,,1.0,ok,,local,0.6168204,5.668374
p24941_lq5,dynamicbind_asd,21,0.6159626,,,1.0,ok,,local,0.6159626,5.4836206
p24941_lq5,dynamicbind_asd,22,0.6158762,,,1.0,ok,,local,0.6158762,5.58967
p24941_lq5,dynamicbind_asd,23,0.6151255,,,1.0,ok,,local,0.6151255,5.6078315
p24941_lq5,dynamicbind_asd,24,0.60803014,,,1.0,ok,,local,0.60803014,5.629388
p24941_lq5,dynamicbind_asd,25,0.6061044,,,1.0,ok,,local,0.6061044,5.4355774
p24941_lq5,dynamicbind_asd,26,0.6051362,,,1.0,ok,,local,0.6051362,5.427055
p24941_lq5,dynamicbind_asd,27,0.60325676,,,1.0,ok,,local,0.60325676,5.3198104
p24941_lq5,dynamicbind_asd,28,0.59811085,,,1.0,ok,,local,0.59811085,5.618744
p24941_lq5,dynamicbind_asd,29,0.5976044,,,1.0,ok,,local,0.5976044,5.4931583
p24941_lq5,dynamicbind_asd,30,0.5963775,,,1.0,ok,,local,0.5963775,5.3773
p24941_lq5,dynamicbind_asd,31,0.59624135,,,1.0,ok,,local,0.59624135,5.665177
p24941_lq5,dynamicbind_asd,32,0.59357077,,,1.0,ok,,local,0.59357077,5.603447
p24941_lq5,dynamicbind_asd,33,0.59303236,,,1.0,ok,,local,0.59303236,5.659507
p24941_lq5,dynamicbind_asd,34,0.5929095,,,1.0,ok,,local,0.5929095,5.6088705
p24941_lq5,dynamicbind_asd,35,0.58753264,,,1.0,ok,,local,0.58753264,5.014949
p24941_lq5,dynamicbind_asd,36,0.58567953,,,1.0,ok,,local,0.58567953,6.143636
p24941_lq5,dynamicbind_asd,37,0.58439744,,,1.0,ok,,local,0.58439744,5.1699677
p24941_lq5,dynamicbind_asd,38,0.5818856,,,1.0,ok,,local,0.5818856,5.3659673
p24941_lq5,dynamicbind_asd,39,0.5778509,,,1.0,ok,,local,0.5778509,5.560572
p24941_lq5,dynamicbind_asd,40,0.57685435,,,1.0,ok,,local,0.57685435,5.4858165
p24941_lq5,dynamicbind_asd,41,0.5726548,,,1.0,ok,,local,0.5726548,5.814732
p24941_lq5,dynamicbind_asd,42,0.57172495,,,1.0,ok,,local,0.57172495,5.8430223
p24941_lq5,dynamicbind_asd,43,0.57094157,,,1.0,ok,,local,0.57094157,5.8132625
p24941_lq5,dynamicbind_asd,44,0.5706487,,,1.0,ok,,local,0.5706487,5.7862997
p24941_lq5,dynamicbind_asd,45,0.5680903,,,1.0,ok,,local,0.5680903,5.918735
p24941_lq5,dynamicbind_asd,46,0.56766987,,,1.0,ok,,local,0.56766987,5.766258
p24941_lq5,dynamicbind_asd,47,0.5675419,,,1.0,ok,,local,0.5675419,5.698793
p24941_lq5,dynamicbind_asd,48,0.56701356,,,1.0,ok,,local,0.56701356,5.481717
p24941_lq5,dynamicbind_asd,49,0.56024677,,,1.0,ok,,local,0.56024677,5.2739773
p24941_lq5,dynamicbind_asd,50,0.5577926,,,1.0,ok,,local,0.5577926,5.6475754
p24941_lq5,dynamicbind_asd,51,0.5559883,,,1.0,ok,,local,0.5559883,5.8178706
p24941_lq5,dynamicbind_asd,52,0.5558844,,,1.0,ok,,local,0.5558844,5.288916
p24941_lq5,dynamicbind_asd,53,0.5500596,,,1.0,ok,,local,0.5500596,5.317806
p24941_lq5,dynamicbind_asd,54,0.5479806,,,1.0,ok,,local,0.5479806,5.681128
p24941_lq5,dynamicbind_asd,55,0.5456051,,,1.0,ok,,local,0.5456051,5.380306
p24941_lq5,dynamicbind_asd,56,0.54407644,,,1.0,ok,,local,0.54407644,5.80475
p24941_lq5,dynamicbind_asd,57,0.5409615,,,1.0,ok,,local,0.5409615,5.3466334
p24941_lq5,dynamicbind_asd,58,0.53401953,,,1.0,ok,,local,0.53401953,5.2875605
p24941_lq5,dynamicbind_asd,59,0.4974157,,,1.0,ok,,local,0.4974157,4.696675
p24941_wg8,dynamicbind_asd,0,0.7248396,,,1.0,ok,,local,0.7248396,5.4806213
p24941_wg8,dynamicbind_asd,1,0.7245317,,,1.0,ok,,local,0.7245317,5.4642835
p24941_wg8,dynamicbind_asd,2,0.7232463,,,1.0,ok,,local,0.7232463,5.367854
p24941_wg8,dynamicbind_asd,3,0.7166482,,,1.0,ok,,local,0.7166482,5.683976
p24941_wg8,dynamicbind_asd,4,0.71540725,,,1.0,ok,,local,0.71540725,5.617606
p24941_wg8,dynamicbind_asd,5,0.7111888,,,1.0,ok,,local,0.7111888,5.652952
p24941_wg8,dynamicbind_asd,6,0.7002983,,,1.0,ok,,local,0.7002983,5.5904756
p24941_wg8,dynamicbind_asd,7,0.6970194,,,1.0,ok,,local,0.6970194,5.5985575
p24941_wg8,dynamicbind_asd,8,0.67846763,,,1.0,ok,,local,0.67846763,5.7775097
p24941_wg8,dynamicbind_asd,9,0.6571326,,,1.0,ok,,local,0.6571326,5.9146857
p24941_wg8,dynamicbind_asd,10,0.65633976,,,1.0,ok,,local,0.65633976,5.134598
p24941_wg8,dynamicbind_asd,11,0.65598935,,,1.0,ok,,local,0.65598935,5.9269214
p24941_wg8,dynamicbind_asd,12,0.65362644,,,1.0,ok,,local,0.65362644,6.0060134
p24941_wg8,dynamicbind_asd,13,0.6533492,,,1.0,ok,,local,0.6533492,5.9631166
p24941_wg8,dynamicbind_asd,14,0.6528198,,,1.0,ok,,local,0.6528198,5.890866
p24941_wg8,dynamicbind_asd,15,0.65107733,,,1.0,ok,,local,0.65107733,5.904347
p24941_wg8,dynamicbind_asd,16,0.6491354,,,1.0,ok,,local,0.6491354,5.8065257
p24941_wg8,dynamicbind_asd,17,0.64897406,,,1.0,ok,,local,0.64897406,5.9078274
p24941_wg8,dynamicbind_asd,18,0.64707655,,,1.0,ok,,local,0.64707655,5.882116
p24941_wg8,dynamicbind_asd,19,0.646572,,,1.0,ok,,local,0.646572,5.827324
p24941_wg8,dynamicbind_asd,20,0.646119,,,1.0,ok,,local,0.646119,6.0810227
p24941_wg8,dynamicbind_asd,21,0.64492404,,,1.0,ok,,local,0.64492404,5.823335
p24941_wg8,dynamicbind_asd,22,0.64413804,,,1.0,ok,,local,0.64413804,5.9045777
p24941_wg8,dynamicbind_asd,23,0.643712,,,1.0,ok,,local,0.643712,5.9492188
p24941_wg8,dynamicbind_asd,24,0.63929504,,,1.0,ok,,local,0.63929504,5.9069743
p24941_wg8,dynamicbind_asd,25,0.6385739,,,1.0,ok,,local,0.6385739,5.9196167
p24941_wg8,dynamicbind_asd,26,0.6381982,,,1.0,ok,,local,0.6381982,5.996236
p24941_wg8,dynamicbind_asd,27,0.62166035,,,1.0,ok,,local,0.62166035,5.7786665
p24941_wg8,dynamicbind_asd,28,0.6215472,,,1.0,ok,,local,0.6215472,5.6830215
p24941_wg8,dynamicbind_asd,29,0.61795557,,,1.0,ok,,local,0.61795557,5.845201
p25103_gaw,dynamicbind_asd,0,0.58310145,,,1.0,ok,,local,0.58310145,7.618784
p25103_gaw,dynamicbind_asd,1,0.5735057,,,1.0,ok,,local,0.5735057,7.888032
p25103_gaw,dynamicbind_asd,2,0.5684186,,,1.0,ok,,local,0.5684186,7.8905525
p25103_gaw,dynamicbind_asd,3,0.5663608,,,1.0,ok,,local,0.5663608,7.87913
p25103_gaw,dynamicbind_asd,4,0.56174743,,,1.0,ok,,local,0.56174743,7.932595
p25103_gaw,dynamicbind_asd,5,0.55852455,,,1.0,ok,,local,0.55852455,7.541513
p25103_gaw,dynamicbind_asd,6,0.5575442,,,1.0,ok,,local,0.5575442,8.134173
p25103_gaw,dynamicbind_asd,7,0.554844,,,1.0,ok,,local,0.554844,7.5348287
p25103_gaw,dynamicbind_asd,8,0.5472826,,,1.0,ok,,local,0.5472826,7.795939
p25103_gaw,dynamicbind_asd,9,0.5472677,,,1.0,ok,,local,0.5472677,8.039227
p25103_gaw,dynamicbind_asd,10,0.5436666,,,1.0,ok,,local,0.5436666,8.185718
p25103_gaw,dynamicbind_asd,11,0.5356173,,,1.0,ok,,local,0.5356173,8.043628
p25103_gaw,dynamicbind_asd,12,0.5354905,,,1.0,ok,,local,0.5354905,7.563546
p25103_gaw,dynamicbind_asd,13,0.53513,,,1.0,ok,,local,0.53513,8.159248
p25103_gaw,dynamicbind_asd,14,0.53477097,,,1.0,ok,,local,0.53477097,8.204539
p25103_gaw,dynamicbind_asd,15,0.53376925,,,1.0,ok,,local,0.53376925,7.8869925
p25103_gaw,dynamicbind_asd,16,0.5294482,,,1.0,ok,,local,0.5294482,7.5362363
p25103_gaw,dynamicbind_asd,17,0.5287237,,,1.0,ok,,local,0.5287237,7.8631206
p25103_gaw,dynamicbind_asd,18,0.52716124,,,1.0,ok,,local,0.52716124,7.686851
p25103_gaw,dynamicbind_asd,19,0.5269888,,,1.0,ok,,local,0.5269888,7.6517873
p25103_gaw,dynamicbind_asd,20,0.52696145,,,1.0,ok,,local,0.52696145,8.127359
p25103_gaw,dynamicbind_asd,21,0.5240946,,,1.0,ok,,local,0.5240946,7.609527
p25103_gaw,dynamicbind_asd,22,0.5148891,,,1.0,ok,,local,0.5148891,7.362588
p25103_gaw,dynamicbind_asd,23,0.50656676,,,1.0,ok,,local,0.50656676,8.116136
p25103_gaw,dynamicbind_asd,24,0.502973,,,1.0,ok,,local,0.502973,7.609996
p25103_gaw,dynamicbind_asd,25,0.5013606,,,1.0,ok,,local,0.5013606,8.093023
p25103_gaw,dynamicbind_asd,26,0.501301,,,1.0,ok,,local,0.501301,7.809598
p25103_gaw,dynamicbind_asd,27,0.49776828,,,1.0,ok,,local,0.49776828,7.560713
p25103_gaw,dynamicbind_asd,28,0.47578374,,,1.0,ok,,local,0.47578374,7.998231
p25103_gaw,dynamicbind_asd,29,0.4278296,,,1.0,ok,,local,0.4278296,7.140745
p25103_gbk,dynamicbind_asd,0,0.6100672,,,1.0,ok,,local,0.6100672,6.738826
p25103_gbk,dynamicbind_asd,1,0.6080039,,,1.0,ok,,local,0.6080039,7.01493
p25103_gbk,dynamicbind_asd,2,0.6077815,,,1.0,ok,,local,0.6077815,6.8433843
p25103_gbk,dynamicbind_asd,3,0.60582817,,,1.0,ok,,local,0.60582817,7.29523
p25103_gbk,dynamicbind_asd,4,0.6052536,,,1.0,ok,,local,0.6052536,6.6839056
p25103_gbk,dynamicbind_asd,5,0.6041264,,,1.0,ok,,local,0.6041264,6.5406256
p25103_gbk,dynamicbind_asd,6,0.6034418,,,1.0,ok,,local,0.6034418,6.3959923
p25103_gbk,dynamicbind_asd,7,0.6025301,,,1.0,ok,,local,0.6025301,6.53379
p25103_gbk,dynamicbind_asd,8,0.60167134,,,1.0,ok,,local,0.60167134,6.4005284
p25103_gbk,dynamicbind_asd,9,0.60166276,,,1.0,ok,,local,0.60166276,7.1733522
p25103_gbk,dynamicbind_asd,10,0.60079044,,,1.0,ok,,local,0.60079044,6.2465405
p25103_gbk,dynamicbind_asd,11,0.594168,,,1.0,ok,,local,0.594168,6.8773894
p25103_gbk,dynamicbind_asd,12,0.59314877,,,1.0,ok,,local,0.59314877,6.51742
p25103_gbk,dynamicbind_asd,13,0.5904943,,,1.0,ok,,local,0.5904943,6.4715714
p25103_gbk,dynamicbind_asd,14,0.58672994,,,1.0,ok,,local,0.58672994,7.2673426
p25103_gbk,dynamicbind_asd,15,0.58579946,,,1.0,ok,,local,0.58579946,6.5608926
p25103_gbk,dynamicbind_asd,16,0.5857603,,,1.0,ok,,local,0.5857603,6.895111
p25103_gbk,dynamicbind_asd,17,0.58519965,,,1.0,ok,,local,0.58519965,7.0478544
p25103_gbk,dynamicbind_asd,18,0.58152825,,,1.0,ok,,local,0.58152825,4.484839
p25103_gbk,dynamicbind_asd,19,0.57839257,,,1.0,ok,,local,0.57839257,6.8261843
p25103_gbk,dynamicbind_asd,20,0.5739544,,,1.0,ok,,local,0.5739544,6.709206
p25103_gbk,dynamicbind_asd,21,0.5712902,,,1.0,ok,,local,0.5712902,6.7518697
p25103_gbk,dynamicbind_asd,22,0.57128125,,,1.0,ok,,local,0.57128125,6.5911536
p25103_gbk,dynamicbind_asd,23,0.5710908,,,1.0,ok,,local,0.5710908,7.12137
p25103_gbk,dynamicbind_asd,24,0.5631651,,,1.0,ok,,local,0.5631651,7.0171824
p25103_gbk,dynamicbind_asd,25,0.5595484,,,1.0,ok,,local,0.5595484,6.5710945
p25103_gbk,dynamicbind_asd,26,0.54740196,,,1.0,ok,,local,0.54740196,6.818622
p25103_gbk,dynamicbind_asd,27,0.5412892,,,1.0,ok,,local,0.5412892,7.115764
p25103_gbk,dynamicbind_asd,28,0.46362904,,,1.0,ok,,local,0.46362904,6.677829
p25103_gbk,dynamicbind_asd,29,0.4305709,,,1.0,ok,,local,0.4305709,5.957269
p25103_l76,dynamicbind_asd,0,0.5572118,4.138126373291016,0.3805660307407379,1.0,ok,,local,0.5572118,6.784214
p25103_l76,dynamicbind_asd,1,0.55484307,3.7495243549346924,0.41265061497688293,1.0,ok,,local,0.55484307,6.8740025
p25103_l76,dynamicbind_asd,2,0.5515678,3.8078739643096924,0.4326923191547394,1.0,ok,,local,0.5515678,6.8372827
p25103_l76,dynamicbind_asd,3,0.54628175,3.8540165424346924,0.3791460692882538,1.0,ok,,local,0.54628175,6.882937
p25103_l76,dynamicbind_asd,4,0.5442983,3.897773027420044,0.3725701868534088,1.0,ok,,local,0.5442983,7.1155534
p25103_l76,dynamicbind_asd,5,0.536212,3.980281352996826,0.4337235689163208,1.0,ok,,local,0.536212,7.111187
p25103_l76,dynamicbind_asd,6,0.5294895,3.8252835273742676,0.3751772940158844,1.0,ok,,local,0.5294895,7.396624
p25103_l76,dynamicbind_asd,7,0.5267537,4.67005729675293,0.34476402401924133,1.0,ok,,local,0.5267537,7.110135
p25103_l76,dynamicbind_asd,8,0.52645814,4.122454643249512,0.3727375566959381,1.0,ok,,local,0.52645814,7.308809
p25103_l76,dynamicbind_asd,9,0.52157027,4.443140029907227,0.33339259028434753,1.0,ok,,local,0.52157027,7.155067
p25103_l76,dynamicbind_asd,10,0.5211523,4.045788288116455,0.36541298031806946,1.0,ok,,local,0.5211523,7.1346874
p25103_l76,dynamicbind_asd,11,0.5194389,4.027819633483887,0.37700730562210083,1.0,ok,,local,0.5194389,7.307781
p25103_l76,dynamicbind_asd,12,0.5191514,4.356538772583008,0.3240223526954651,1.0,ok,,local,0.5191514,7.3926625
p25103_l76,dynamicbind_asd,13,0.51790714,3.986255645751953,0.4070904552936554,1.0,ok,,local,0.51790714,7.2201777
p25103_l76,dynamicbind_asd,14,0.5173054,3.605729579925537,0.4574088752269745,1.0,ok,,local,0.5173054,7.245171
p25103_l76,dynamicbind_asd,15,0.5131732,4.189110279083252,0.3784351050853729,1.0,ok,,local,0.5131732,7.0142617
p25103_l76,dynamicbind_asd,16,0.5121172,3.8846139907836914,0.4314960539340973,1.0,ok,,local,0.5121172,7.348422
p25103_l76,dynamicbind_asd,17,0.5114388,3.807919979095459,0.38856813311576843,1.0,ok,,local,0.5114388,7.0078225
p25103_l76,dynamicbind_asd,18,0.50525135,4.329575538635254,0.35847702622413635,1.0,ok,,local,0.50525135,6.8865337
p25103_l76,dynamicbind_asd,19,0.50505054,4.836949348449707,0.3325296640396118,1.0,ok,,local,0.50505054,7.5713053
p25103_l76,dynamicbind_asd,20,0.5039293,4.660966873168945,0.350430428981781,1.0,ok,,local,0.5039293,7.2217436
p25103_l76,dynamicbind_asd,21,0.50233024,4.494868278503418,0.3124116063117981,1.0,ok,,local,0.50233024,7.3157506
p25103_l76,dynamicbind_asd,22,0.4906434,3.770735740661621,0.3788914084434509,1.0,ok,,local,0.4906434,7.145626
p25103_l76,dynamicbind_asd,23,0.4882847,4.344082355499268,0.38134950399398804,1.0,ok,,local,0.4882847,7.076964
p25103_l76,dynamicbind_asd,24,0.48097417,4.876139163970947,0.2693614065647125,1.0,ok,,local,0.48097417,7.1580944
p25103_l76,dynamicbind_asd,25,0.4664982,34.362022399902344,0.0,1.0,ok,,local,0.4664982,6.3474226
p25103_l76,dynamicbind_asd,26,0.44482252,56.82704544067383,0.0,1.0,ok,,local,0.44482252,9.375344
p25103_l76,dynamicbind_asd,27,0.42429367,53.63032913208008,0.0,1.0,ok,,local,0.42429367,10.2297535
p25103_l76,dynamicbind_asd,28,0.39716095,53.96978759765625,0.0,1.0,ok,,local,0.39716095,10.406987
p25103_l76,dynamicbind_asd,29,0.2365674,37.2895393371582,0.0,1.0,ok,,local,0.2365674,7.8445787
p26043_i3p,dynamicbind_asd,0,0.573394,32.29762649536133,0.0,1.0,ok,,local,0.573394,9.449253
p26043_i3p,dynamicbind_asd,1,0.5063273,24.10047149658203,0.0,1.0,ok,,local,0.5063273,7.6207824
p26043_i3p,dynamicbind_asd,2,0.4939987,34.71211242675781,0.0,1.0,ok,,local,0.4939987,9.273055
p26043_i3p,dynamicbind_asd,3,0.49217945,25.730867385864258,0.0,1.0,ok,,local,0.49217945,6.865061
p26043_i3p,dynamicbind_asd,4,0.47383896,21.09672737121582,0.004166666883975267,1.0,ok,,local,0.47383896,9.4753275
p26043_i3p,dynamicbind_asd,5,0.47166032,21.868255615234375,0.005067567341029644,1.0,ok,,local,0.47166032,8.812129
p26043_i3p,dynamicbind_asd,6,0.45829502,25.103044509887695,0.0,1.0,ok,,local,0.45829502,7.506607
p26043_i3p,dynamicbind_asd,7,0.45095858,20.093318939208984,0.00046296295477077365,1.0,ok,,local,0.45095858,10.0933075
p26043_i3p,dynamicbind_asd,8,0.44964463,29.53004264831543,0.0,1.0,ok,,local,0.44964463,10.80487
p26043_i3p,dynamicbind_asd,9,0.40939817,19.55038070678711,0.0010020040208473802,1.0,ok,,local,0.40939817,8.174837
p27694_1ej,dynamicbind_asd,0,0.6256962,,,1.0,ok,,local,0.6256962,4.2085977
p27694_1ej,dynamicbind_asd,1,0.6172487,,,1.0,ok,,local,0.6172487,4.1981654
p27694_1ej,dynamicbind_asd,2,0.6169842,,,1.0,ok,,local,0.6169842,3.9550178
p27694_1ej,dynamicbind_asd,3,0.6013452,,,1.0,ok,,local,0.6013452,4.156737
p27694_1ej,dynamicbind_asd,4,0.5917056,,,1.0,ok,,local,0.5917056,4.280634
p27694_1ej,dynamicbind_asd,5,0.5875991,,,1.0,ok,,local,0.5875991,4.080166
p27694_1ej,dynamicbind_asd,6,0.5849532,,,1.0,ok,,local,0.5849532,3.909321
p27694_1ej,dynamicbind_asd,7,0.5833483,,,1.0,ok,,local,0.5833483,4.0877824
p27694_1ej,dynamicbind_asd,8,0.577431,,,1.0,ok,,local,0.577431,4.097367
p27694_1ej,dynamicbind_asd,9,0.5150834,,,1.0,ok,,local,0.5150834,3.8112462
p28482_hrz,dynamicbind_asd,0,0.80333215,,,0.0,ok,,local,0.80333215,2.2698677
p28482_hrz,dynamicbind_asd,1,0.7992556,,,0.0,ok,,local,0.7992556,2.3119638
p28482_hrz,dynamicbind_asd,2,0.7992044,,,0.0,ok,,local,0.7992044,2.2886732
p28482_hrz,dynamicbind_asd,3,0.79859763,,,0.0,ok,,local,0.79859763,2.2645307
p28482_hrz,dynamicbind_asd,4,0.79822105,,,0.0,ok,,local,0.79822105,2.29671
p28482_hrz,dynamicbind_asd,5,0.7981881,,,0.0,ok,,local,0.7981881,2.3022962
p28482_hrz,dynamicbind_asd,6,0.7979129,,,0.0,ok,,local,0.7979129,2.3064666
p28482_hrz,dynamicbind_asd,7,0.7975933,,,0.0,ok,,local,0.7975933,2.268317
p28482_hrz,dynamicbind_asd,8,0.7972227,,,0.0,ok,,local,0.7972227,2.2966826
p28482_hrz,dynamicbind_asd,9,0.7944065,,,0.0,ok,,local,0.7944065,2.3082242
p28482_hrz,dynamicbind_asd,10,0.7918,,,0.0,ok,,local,0.7918,2.1886427
p28482_hrz,dynamicbind_asd,11,0.79169756,,,0.0,ok,,local,0.79169756,2.2038043
p28482_hrz,dynamicbind_asd,12,0.7915375,,,0.0,ok,,local,0.7915375,2.191758
p28482_hrz,dynamicbind_asd,13,0.79002935,,,0.0,ok,,local,0.79002935,2.1812446
p28482_hrz,dynamicbind_asd,14,0.7891069,,,0.0,ok,,local,0.7891069,2.1979585
p28482_hrz,dynamicbind_asd,15,0.78899914,,,0.0,ok,,local,0.78899914,2.2165265
p28482_hrz,dynamicbind_asd,16,0.7888433,,,0.0,ok,,local,0.7888433,2.1825678
p28482_hrz,dynamicbind_asd,17,0.788803,,,0.0,ok,,local,0.788803,2.177087
p28482_hrz,dynamicbind_asd,18,0.7794219,,,0.0,ok,,local,0.7794219,2.2809675
p28482_hrz,dynamicbind_asd,19,0.76889384,,,1.0,ok,,local,0.76889384,2.4503548
p28482_hrz,dynamicbind_asd,20,0.7658349,,,1.0,ok,,local,0.7658349,2.4178383
p28482_hrz,dynamicbind_asd,21,0.76294816,,,1.0,ok,,local,0.76294816,2.3385277
p28482_hrz,dynamicbind_asd,22,0.7618115,,,1.0,ok,,local,0.7618115,2.436567
p28482_hrz,dynamicbind_asd,23,0.7594257,,,1.0,ok,,local,0.7594257,2.3605642
p28482_hrz,dynamicbind_asd,24,0.7580666,,,1.0,ok,,local,0.7580666,2.3582423
p28482_hrz,dynamicbind_asd,25,0.7571561,,,1.0,ok,,local,0.7571561,2.3958352
p28482_hrz,dynamicbind_asd,26,0.7522169,,,1.0,ok,,local,0.7522169,2.362011
p28482_hrz,dynamicbind_asd,27,0.7515324,,,1.0,ok,,local,0.7515324,2.4197643
p28482_hrz,dynamicbind_asd,28,0.58644843,,,1.0,ok,,local,0.58644843,2.759448
p28482_hrz,dynamicbind_asd,29,0.5296216,,,0.0,ok,,local,0.5296216,2.8284802
p28482_nep,dynamicbind_asd,0,0.688426,5.267463684082031,0.2529761791229248,1.0,ok,,local,0.688426,5.1561117
p28482_nep,dynamicbind_asd,1,0.6778832,6.234475612640381,0.18689320981502533,1.0,ok,,local,0.6778832,5.278643
p28482_nep,dynamicbind_asd,2,0.65766484,6.1908135414123535,0.20454545319080353,0.0,ok,,local,0.65766484,4.724441
p28482_nep,dynamicbind_asd,3,0.64070755,5.762242794036865,0.24707601964473724,1.0,ok,,local,0.64070755,5.1670923
p28482_nep,dynamicbind_asd,4,0.624821,6.113867282867432,0.21486486494541168,1.0,ok,,local,0.624821,5.558383
p28482_nep,dynamicbind_asd,5,0.5607663,7.224308013916016,0.1071428582072258,0.0,ok,,local,0.5607663,5.4265347
p28482_nep,dynamicbind_asd,6,0.55593324,8.634845733642578,0.08214285969734192,1.0,ok,,local,0.55593324,5.3066444
p28482_nep,dynamicbind_asd,7,0.55572426,6.275292873382568,0.15950919687747955,0.0,ok,,local,0.55572426,4.694799
p28482_nep,dynamicbind_asd,8,0.5520621,6.751359462738037,0.12931033968925476,0.0,ok,,local,0.5520621,5.120519
p28482_nep,dynamicbind_asd,9,0.5517621,7.5496344566345215,0.12014563381671906,1.0,ok,,local,0.5517621,5.293222
p28482_nep,dynamicbind_asd,10,0.5322252,14.067169189453125,0.001308900536969304,1.0,ok,,local,0.5322252,5.138252
p28482_nep,dynamicbind_asd,11,0.52449876,8.90640640258789,0.05219780281186104,1.0,ok,,local,0.52449876,5.4445167
p28482_nep,dynamicbind_asd,12,0.52271646,8.4552583694458,0.05874316766858101,0.0,ok,,local,0.52271646,4.9394817
p28482_nep,dynamicbind_asd,13,0.5041455,11.566366195678711,0.02163461595773697,0.0,ok,,local,0.5041455,5.9077444
p28482_nep,dynamicbind_asd,14,0.49737138,12.8944730758667,0.0013020833721384406,1.0,ok,,local,0.49737138,5.289377
p28482_nep,dynamicbind_asd,15,0.49528602,15.576884269714355,0.0,0.0,ok,,local,0.49528602,5.523493
p28482_nep,dynamicbind_asd,16,0.4924981,11.804615020751953,0.0033632286358624697,0.0,ok,,local,0.4924981,5.5508137
p28482_nep,dynamicbind_asd,17,0.4900537,9.191532135009766,0.06105990707874298,1.0,ok,,local,0.4900537,5.7383714
p28482_nep,dynamicbind_asd,18,0.48420146,9.432951927185059,0.03181818127632141,0.0,ok,,local,0.48420146,5.3222404
p28482_nep,dynamicbind_asd,19,0.48004803,16.77982521057129,0.0,0.0,ok,,local,0.48004803,5.2329946
p28482_nep,dynamicbind_asd,20,0.4758418,14.87083911895752,0.0,0.0,ok,,local,0.4758418,6.4582276
p28482_nep,dynamicbind_asd,21,0.47466385,13.988405227661133,0.0,0.0,ok,,local,0.47466385,5.3788137
p28482_nep,dynamicbind_asd,22,0.47197786,18.168458938598633,0.0,0.0,ok,,local,0.47197786,5.373786
p28482_nep,dynamicbind_asd,23,0.46143043,20.951284408569336,0.0,0.0,ok,,local,0.46143043,4.7910037
p28482_nep,dynamicbind_asd,24,0.45711803,18.475181579589844,0.0,0.0,ok,,local,0.45711803,5.875159
p28482_nep,dynamicbind_asd,25,0.45379403,15.233037948608398,0.0,0.0,ok,,local,0.45379403,5.422026
p28482_nep,dynamicbind_asd,26,0.44166914,17.38241958618164,0.0,0.0,ok,,local,0.44166914,5.310356
p28482_nep,dynamicbind_asd,27,0.43346155,11.803630828857422,0.014644351787865162,0.0,ok,,local,0.43346155,4.759005
p28482_nep,dynamicbind_asd,28,0.42773756,19.37290382385254,0.0,0.0,ok,,local,0.42773756,5.46136
p28482_nep,dynamicbind_asd,29,0.42554396,13.790255546569824,0.0009469697251915932,0.0,ok,,local,0.42554396,4.6951838
p31016_azh,dynamicbind_asd,0,0.6646415,,,1.0,ok,,local,0.6646415,3.627874
p31016_azh,dynamicbind_asd,1,0.659356,,,1.0,ok,,local,0.659356,3.5962152
p31016_azh,dynamicbind_asd,2,0.65147465,,,1.0,ok,,local,0.65147465,3.456928
p31016_azh,dynamicbind_asd,3,0.64504176,,,1.0,ok,,local,0.64504176,3.9631588
p31016_azh,dynamicbind_asd,4,0.64331645,,,1.0,ok,,local,0.64331645,4.066355
p31016_azh,dynamicbind_asd,5,0.62653327,,,1.0,ok,,local,0.62653327,3.6710794
p31016_azh,dynamicbind_asd,6,0.61180776,,,1.0,ok,,local,0.61180776,4.1356683
p31016_azh,dynamicbind_asd,7,0.6082174,,,1.0,ok,,local,0.6082174,3.7964778
p31016_azh,dynamicbind_asd,8,0.60653746,,,1.0,ok,,local,0.60653746,3.43587
p31016_azh,dynamicbind_asd,9,0.55761147,,,1.0,ok,,local,0.55761147,3.454417
p31021_gsp,dynamicbind_asd,0,0.7588713,0.6683334112167358,0.9373040795326233,0.0,ok,,local,0.7588713,6.193339
p31021_gsp,dynamicbind_asd,1,0.7556896,1.014897346496582,0.8740000128746033,0.0,ok,,local,0.7556896,6.0734415
p31021_gsp,dynamicbind_asd,2,0.7548888,0.8074202537536621,0.9091138243675232,0.0,ok,,local,0.7548888,6.123111
p31021_gsp,dynamicbind_asd,3,0.75453013,0.7034311294555664,0.9328204989433289,0.0,ok,,local,0.75453013,6.1219463
p31021_gsp,dynamicbind_asd,4,0.7514108,0.797366201877594,0.9064449071884155,0.0,ok,,local,0.7514108,6.1583757
p31021_gsp,dynamicbind_asd,5,0.7497706,0.8997493982315063,0.8974164128303528,0.0,ok,,local,0.7497706,6.17434
p31021_gsp,dynamicbind_asd,6,0.7478039,0.7664539217948914,0.9098569750785828,0.0,ok,,local,0.7478039,6.25194
p31021_gsp,dynamicbind_asd,7,0.72563,0.8547641634941101,0.8896169066429138,0.0,ok,,local,0.72563,6.155256
p31021_gsp,dynamicbind_asd,8,0.7233635,0.7387065291404724,0.9215991497039795,0.0,ok,,local,0.7233635,6.1810703
p31021_gsp,dynamicbind_asd,9,0.7205705,0.766774594783783,0.9194831252098083,0.0,ok,,local,0.7205705,6.1709356
p31749_0r4,dynamicbind_asd,0,0.53570455,,,1.0,ok,,local,0.53570455,7.0975
p31749_0r4,dynamicbind_asd,1,0.50596094,,,1.0,ok,,local,0.50596094,7.348156
p31749_0r4,dynamicbind_asd,2,0.4984366,,,1.0,ok,,local,0.4984366,7.060361
p31749_0r4,dynamicbind_asd,3,0.47951737,,,1.0,ok,,local,0.47951737,6.41766
p31749_0r4,dynamicbind_asd,4,0.4779747,,,1.0,ok,,local,0.4779747,7.5397367
p31749_0r4,dynamicbind_asd,5,0.4762524,,,1.0,ok,,local,0.4762524,7.5219345
p31749_0r4,dynamicbind_asd,6,0.47207758,,,1.0,ok,,local,0.47207758,7.4627185
p31749_0r4,dynamicbind_asd,7,0.46951422,,,1.0,ok,,local,0.46951422,7.279152
p31749_0r4,dynamicbind_asd,8,0.46726006,,,1.0,ok,,local,0.46726006,6.710348
p31749_0r4,dynamicbind_asd,9,0.46605667,,,1.0,ok,,local,0.46605667,6.8670716
p31749_0r4,dynamicbind_asd,10,0.4651277,,,1.0,ok,,local,0.4651277,6.955018
p31749_0r4,dynamicbind_asd,11,0.462285,,,1.0,ok,,local,0.462285,7.3730745
p31749_0r4,dynamicbind_asd,12,0.45687905,,,1.0,ok,,local,0.45687905,7.953748
p31749_0r4,dynamicbind_asd,13,0.4462613,,,1.0,ok,,local,0.4462613,7.0402246
p31749_0r4,dynamicbind_asd,14,0.445084,,,1.0,ok,,local,0.445084,7.4259677
p31749_0r4,dynamicbind_asd,15,0.44413495,,,1.0,ok,,local,0.44413495,6.734328
p31749_0r4,dynamicbind_asd,16,0.4417842,,,1.0,ok,,local,0.4417842,7.04339
p31749_0r4,dynamicbind_asd,17,0.43568793,,,1.0,ok,,local,0.43568793,7.831638
p31749_0r4,dynamicbind_asd,18,0.4036724,,,1.0,ok,,local,0.4036724,7.870229
p31749_0r4,dynamicbind_asd,19,0.4021832,,,1.0,ok,,local,0.4021832,7.187663
p31749_0r4,dynamicbind_asd,20,0.39845082,,,1.0,ok,,local,0.39845082,7.4903126
p31749_0r4,dynamicbind_asd,21,0.3898337,,,1.0,ok,,local,0.3898337,7.6865177
p31749_0r4,dynamicbind_asd,22,0.38727865,,,1.0,ok,,local,0.38727865,7.1241646
p31749_0r4,dynamicbind_asd,23,0.37992546,,,1.0,ok,,local,0.37992546,7.3307676
p31749_0r4,dynamicbind_asd,24,0.3727439,,,1.0,ok,,local,0.3727439,7.386436
p31749_0r4,dynamicbind_asd,25,0.36602953,,,1.0,ok,,local,0.36602953,7.956351
p31749_0r4,dynamicbind_asd,26,0.36251423,,,1.0,ok,,local,0.36251423,7.3321714
p31749_0r4,dynamicbind_asd,27,0.34745228,,,1.0,ok,,local,0.34745228,7.625851
p31749_g4n,dynamicbind_asd,0,0.49248672,,,1.0,ok,,local,0.49248672,6.717126
p31749_g4n,dynamicbind_asd,1,0.4869548,,,1.0,ok,,local,0.4869548,6.6401157
p31749_g4n,dynamicbind_asd,2,0.47460052,,,1.0,ok,,local,0.47460052,7.1309786
p31749_g4n,dynamicbind_asd,3,0.47003877,,,1.0,ok,,local,0.47003877,6.9857626
p31749_g4n,dynamicbind_asd,4,0.4520595,,,1.0,ok,,local,0.4520595,7.072349
p31749_g4n,dynamicbind_asd,5,0.44392052,,,1.0,ok,,local,0.44392052,6.764544
p31749_g4n,dynamicbind_asd,6,0.43437797,,,1.0,ok,,local,0.43437797,6.8542085
p31749_g4n,dynamicbind_asd,7,0.43187818,,,1.0,ok,,local,0.43187818,7.293055
p31749_g4n,dynamicbind_asd,8,0.42928982,,,1.0,ok,,local,0.42928982,6.7765894
p31749_g4n,dynamicbind_asd,9,0.4283312,,,1.0,ok,,local,0.4283312,6.7981377
p31749_g4n,dynamicbind_asd,10,0.4190874,,,1.0,ok,,local,0.4190874,6.6837964
p31749_g4n,dynamicbind_asd,11,0.4078445,,,1.0,ok,,local,0.4078445,7.0138345
p31749_g4n,dynamicbind_asd,12,0.38140953,,,1.0,ok,,local,0.38140953,6.995347
p31749_g4n,dynamicbind_asd,13,0.37855533,,,1.0,ok,,local,0.37855533,7.0665965
p31749_g4n,dynamicbind_asd,14,0.3739464,,,1.0,ok,,local,0.3739464,6.8448844
p31749_g4n,dynamicbind_asd,15,0.36554265,,,1.0,ok,,local,0.36554265,6.8216004
p31749_g4n,dynamicbind_asd,16,0.36488825,,,1.0,ok,,local,0.36488825,6.830664
p31749_g4n,dynamicbind_asd,17,0.36350513,,,1.0,ok,,local,0.36350513,7.306803
p31749_g4n,dynamicbind_asd,18,0.35971025,,,1.0,ok,,local,0.35971025,6.772787
p31749_g4n,dynamicbind_asd,19,0.35699967,,,1.0,ok,,local,0.35699967,7.2376304
p31749_g4n,dynamicbind_asd,20,0.35107514,,,1.0,ok,,local,0.35107514,7.4518757
p31749_g4n,dynamicbind_asd,21,0.34355548,,,1.0,ok,,local,0.34355548,7.233811
p31749_g4n,dynamicbind_asd,22,0.34014323,,,1.0,ok,,local,0.34014323,7.5523815
p31749_g4n,dynamicbind_asd,23,0.33464673,,,1.0,ok,,local,0.33464673,7.3565245
p31749_g4n,dynamicbind_asd,24,0.3339794,,,1.0,ok,,local,0.3339794,7.1661687
p31749_g4n,dynamicbind_asd,25,0.3335247,,,1.0,ok,,local,0.3335247,7.583472
p31749_g4n,dynamicbind_asd,26,0.3273357,,,1.0,ok,,local,0.3273357,7.3706255
p31749_g4n,dynamicbind_asd,27,0.31253663,,,1.0,ok,,local,0.31253663,7.8144817
p31749_g4n,dynamicbind_asd,28,0.30183193,,,1.0,ok,,local,0.30183193,7.7235827
p31749_iqo,dynamicbind_asd,0,0.5426081,17.95289421081543,0.008377425372600555,1.0,ok,,local,0.5426081,6.053575
p31749_iqo,dynamicbind_asd,1,0.5325003,18.427288055419922,0.01667633466422558,1.0,ok,,local,0.5325003,6.4839773
p31749_iqo,dynamicbind_asd,2,0.5319537,18.454673767089844,0.008054892532527447,1.0,ok,,local,0.5319537,6.4974594
p31749_iqo,dynamicbind_asd,3,0.51386654,18.046001434326172,0.009568651206791401,1.0,ok,,local,0.51386654,6.490726
p31749_iqo,dynamicbind_asd,4,0.4911195,14.170538902282715,0.03297755867242813,1.0,ok,,local,0.4911195,6.373473
p31749_iqo,dynamicbind_asd,5,0.40259227,11.281012535095215,0.14451219141483307,1.0,ok,,local,0.40259227,6.635867
p31749_iqo,dynamicbind_asd,6,0.3885024,12.93889331817627,0.07561656832695007,1.0,ok,,local,0.3885024,6.4374247
p31749_iqo,dynamicbind_asd,7,0.3773377,12.619772911071777,0.0946313738822937,1.0,ok,,local,0.3773377,6.783583
p31749_iqo,dynamicbind_asd,8,0.37465504,12.599465370178223,0.06976744532585144,1.0,ok,,local,0.37465504,6.7930055
p31749_iqo,dynamicbind_asd,9,0.3451265,11.218538284301758,0.1274658590555191,1.0,ok,,local,0.3451265,6.1912575
p31749_iqo,dynamicbind_asd,10,0.33462617,12.337261199951172,0.056542810052633286,1.0,ok,,local,0.33462617,7.1287475
p31749_iqo,dynamicbind_asd,11,0.33411074,11.82827377319336,0.12132713198661804,1.0,ok,,local,0.33411074,6.2643876
p31749_iqo,dynamicbind_asd,12,0.33063254,11.971284866333008,0.12960593402385712,1.0,ok,,local,0.33063254,7.4266777
p31749_iqo,dynamicbind_asd,13,0.33003512,11.55990219116211,0.0838136374950409,1.0,ok,,local,0.33003512,6.558354
p31749_iqo,dynamicbind_asd,14,0.3266063,11.323355674743652,0.1255309134721756,1.0,ok,,local,0.3266063,6.0795946
p31749_iqo,dynamicbind_asd,15,0.32634762,11.372685432434082,0.13460560142993927,1.0,ok,,local,0.32634762,6.054141
p31749_iqo,dynamicbind_asd,16,0.3183338,12.214356422424316,0.06566493213176727,1.0,ok,,local,0.3183338,7.4382496
p31749_iqo,dynamicbind_asd,17,0.3161202,12.73483943939209,0.06871344894170761,1.0,ok,,local,0.3161202,6.2392497
p31749_iqo,dynamicbind_asd,18,0.3111522,11.029072761535645,0.13247965276241302,1.0,ok,,local,0.3111522,7.117316
p31749_iqo,dynamicbind_asd,19,0.30636722,12.3517427444458,0.10179640352725983,1.0,ok,,local,0.30636722,6.056582
p31749_iqo,dynamicbind_asd,20,0.29940504,10.71749496459961,0.14631502330303192,1.0,ok,,local,0.29940504,7.182665
p31749_iqo,dynamicbind_asd,21,0.29302895,10.877485275268555,0.16854606568813324,1.0,ok,,local,0.29302895,7.0897636
p31749_iqo,dynamicbind_asd,22,0.2831697,10.92548942565918,0.15328212082386017,1.0,ok,,local,0.2831697,6.8162565
p31749_iqo,dynamicbind_asd,23,0.27664143,10.500272750854492,0.16658943891525269,1.0,ok,,local,0.27664143,7.4275913
p31749_iqo,dynamicbind_asd,24,0.27541983,10.003378868103027,0.13948962092399597,1.0,ok,,local,0.27541983,7.466811
p31749_iqo,dynamicbind_asd,25,0.25969875,11.022089958190918,0.10530474036931992,1.0,ok,,local,0.25969875,7.239232
p31749_iqo,dynamicbind_asd,26,0.25812724,12.985291481018066,0.0835905373096466,1.0,ok,,local,0.25812724,6.459527
p35439_ac5,dynamicbind_asd,0,0.73835355,,,0.0,ok,,local,0.73835355,4.0531807
p35439_ac5,dynamicbind_asd,1,0.7342775,,,0.0,ok,,local,0.7342775,4.0053596
p35439_ac5,dynamicbind_asd,2,0.7310594,,,0.0,ok,,local,0.7310594,4.12154
p35439_ac5,dynamicbind_asd,3,0.72937477,,,0.0,ok,,local,0.72937477,4.0594444
p35439_ac5,dynamicbind_asd,4,0.7238474,,,0.0,ok,,local,0.7238474,4.295954
p35439_ac5,dynamicbind_asd,5,0.7223623,,,0.0,ok,,local,0.7223623,4.105536
p35439_ac5,dynamicbind_asd,6,0.7204352,,,0.0,ok,,local,0.7204352,4.161834
p35439_ac5,dynamicbind_asd,7,0.7162605,,,0.0,ok,,local,0.7162605,4.288197
p35439_ac5,dynamicbind_asd,8,0.7087966,,,0.0,ok,,local,0.7087966,4.14476
p35439_ac5,dynamicbind_asd,9,0.70814645,,,0.0,ok,,local,0.70814645,4.007895
p35439_ac5,dynamicbind_asd,10,0.7080629,,,0.0,ok,,local,0.7080629,4.2261295
p35439_ac5,dynamicbind_asd,11,0.7067108,,,0.0,ok,,local,0.7067108,4.2507143
p35439_ac5,dynamicbind_asd,12,0.69815844,,,0.0,ok,,local,0.69815844,4.362871
p35439_ac5,dynamicbind_asd,13,0.69228107,,,0.0,ok,,local,0.69228107,4.155365
p35439_ac5,dynamicbind_asd,14,0.6903405,,,0.0,ok,,local,0.6903405,4.412575
p35439_ac5,dynamicbind_asd,15,0.69032216,,,0.0,ok,,local,0.69032216,3.9865556
p35439_ac5,dynamicbind_asd,16,0.6893236,,,0.0,ok,,local,0.6893236,4.231151
p35439_ac5,dynamicbind_asd,17,0.6876345,,,0.0,ok,,local,0.6876345,4.1325274
p35439_ac5,dynamicbind_asd,18,0.6872305,,,0.0,ok,,local,0.6872305,4.408123
p35439_ac5,dynamicbind_asd,19,0.68682194,,,0.0,ok,,local,0.68682194,4.194115
p35439_ac5,dynamicbind_asd,20,0.6847778,,,0.0,ok,,local,0.6847778,4.133139
p35439_ac5,dynamicbind_asd,21,0.68449545,,,0.0,ok,,local,0.68449545,4.313001
p35439_ac5,dynamicbind_asd,22,0.6838664,,,0.0,ok,,local,0.6838664,4.0604553
p35439_ac5,dynamicbind_asd,23,0.6837923,,,0.0,ok,,local,0.6837923,4.4667406
p35439_ac5,dynamicbind_asd,24,0.68288344,,,0.0,ok,,local,0.68288344,4.4818096
p35439_ac5,dynamicbind_asd,25,0.67538,,,0.0,ok,,local,0.67538,4.108605
p35439_ac5,dynamicbind_asd,26,0.6722457,,,0.0,ok,,local,0.6722457,4.5070252
p35439_ac5,dynamicbind_asd,27,0.66933286,,,0.0,ok,,local,0.66933286,4.1309114
p35439_ac5,dynamicbind_asd,28,0.6577243,,,0.0,ok,,local,0.6577243,4.351551
p35439_ac5,dynamicbind_asd,29,0.6509025,,,0.0,ok,,local,0.6509025,4.483542
p35439_dk1,dynamicbind_asd,0,0.6615805,3.225904941558838,0.4592624306678772,0.0,ok,,local,0.6615805,6.339803
p35439_dk1,dynamicbind_asd,1,0.6586793,3.3285043239593506,0.4392678737640381,0.0,ok,,local,0.6586793,6.4964795
p35439_dk1,dynamicbind_asd,2,0.6476075,3.0655765533447266,0.5373070240020752,0.0,ok,,local,0.6476075,5.8931437
p35439_dk1,dynamicbind_asd,3,0.64499676,3.1453235149383545,0.4964221715927124,0.0,ok,,local,0.64499676,5.977174
p35439_dk1,dynamicbind_asd,4,0.644037,3.1443898677825928,0.4781678020954132,0.0,ok,,local,0.644037,5.935191
p35439_dk1,dynamicbind_asd,5,0.6330134,3.186978578567505,0.5521201491355896,0.0,ok,,local,0.6330134,6.189404
p35439_dk1,dynamicbind_asd,6,0.63114166,3.390108585357666,0.4397590458393097,0.0,ok,,local,0.63114166,6.2076545
p35439_dk1,dynamicbind_asd,7,0.62823325,3.284337282180786,0.521266520023346,0.0,ok,,local,0.62823325,5.9086747
p35439_dk1,dynamicbind_asd,8,0.6280023,3.1070494651794434,0.4911710023880005,0.0,ok,,local,0.6280023,5.8654346
p35439_dk1,dynamicbind_asd,9,0.627997,3.139402151107788,0.5585387349128723,0.0,ok,,local,0.627997,6.0206256
p35439_dk1,dynamicbind_asd,10,0.62797236,3.1693429946899414,0.48575130105018616,0.0,ok,,local,0.62797236,5.996815
p35439_dk1,dynamicbind_asd,11,0.6279076,3.6812148094177246,0.40614187717437744,0.0,ok,,local,0.6279076,6.2950997
p35439_dk1,dynamicbind_asd,12,0.6221167,3.2213141918182373,0.5440414547920227,0.0,ok,,local,0.6221167,6.075941
p35439_dk1,dynamicbind_asd,13,0.6199133,3.3926539421081543,0.43117228150367737,0.0,ok,,local,0.6199133,6.1053963
p35439_dk1,dynamicbind_asd,14,0.6193755,3.021164655685425,0.45960503816604614,0.0,ok,,local,0.6193755,6.121848
p35439_dk1,dynamicbind_asd,15,0.6184721,3.0652098655700684,0.4542124569416046,0.0,ok,,local,0.6184721,6.183692
p35439_dk1,dynamicbind_asd,16,0.6161457,3.5839412212371826,0.384991854429245,0.0,ok,,local,0.6161457,6.4228554
p35439_dk1,dynamicbind_asd,17,0.61577916,3.5586225986480713,0.4114208519458771,0.0,ok,,local,0.61577916,6.2852283
p35439_dk1,dynamicbind_asd,18,0.61027575,3.2277591228485107,0.39964476227760315,0.0,ok,,local,0.61027575,6.1188474
p35439_dk1,dynamicbind_asd,19,0.6093711,3.119732618331909,0.5164835453033447,0.0,ok,,local,0.6093711,6.0299673
p35439_dk1,dynamicbind_asd,20,0.58914906,3.623570442199707,0.38031044602394104,0.0,ok,,local,0.58914906,6.740429
p35439_dk1,dynamicbind_asd,21,0.5848252,3.426137685775757,0.375,0.0,ok,,local,0.5848252,6.112973
p35439_dk1,dynamicbind_asd,22,0.5805409,3.6922338008880615,0.36436596512794495,0.0,ok,,local,0.5805409,6.851659
p35439_dk1,dynamicbind_asd,23,0.576497,3.501845121383667,0.34624233841896057,0.0,ok,,local,0.576497,6.8517003
p35439_dk1,dynamicbind_asd,24,0.5754778,3.6875803470611572,0.33900928497314453,0.0,ok,,local,0.5754778,6.746015
p35439_dk1,dynamicbind_asd,25,0.57052165,3.7826244831085205,0.33385828137397766,0.0,ok,,local,0.57052165,6.8069153
p35439_dk1,dynamicbind_asd,26,0.55426544,3.5132505893707275,0.5034517049789429,0.0,ok,,local,0.55426544,5.8157344
p35439_dk1,dynamicbind_asd,27,0.5503326,3.731064558029175,0.4510456323623657,0.0,ok,,local,0.5503326,5.7507606
p35439_dk1,dynamicbind_asd,28,0.5489301,3.394407033920288,0.3624420464038849,0.0,ok,,local,0.5489301,6.739136
p35439_dk1,dynamicbind_asd,29,0.5432106,3.831573724746704,0.4570463299751282,0.0,ok,,local,0.5432106,6.101364
p35439_kfq,dynamicbind_asd,0,0.68473953,,,0.0,ok,,local,0.68473953,3.7741628
p35439_kfq,dynamicbind_asd,1,0.683463,,,0.0,ok,,local,0.683463,3.7649896
p35439_kfq,dynamicbind_asd,2,0.68185794,,,0.0,ok,,local,0.68185794,3.8080096
p35439_kfq,dynamicbind_asd,3,0.680803,,,0.0,ok,,local,0.680803,3.7506793
p35439_kfq,dynamicbind_asd,4,0.6734829,,,0.0,ok,,local,0.6734829,3.489283
p35439_kfq,dynamicbind_asd,5,0.6706504,,,0.0,ok,,local,0.6706504,3.5297554
p35439_kfq,dynamicbind_asd,6,0.6694452,,,0.0,ok,,local,0.6694452,3.6553097
p35439_kfq,dynamicbind_asd,7,0.668926,,,0.0,ok,,local,0.668926,3.6330545
p35439_kfq,dynamicbind_asd,8,0.6687964,,,0.0,ok,,local,0.6687964,3.4863229
p35439_kfq,dynamicbind_asd,9,0.66843784,,,0.0,ok,,local,0.66843784,3.729938
p35439_kfq,dynamicbind_asd,10,0.6665277,,,0.0,ok,,local,0.6665277,3.6157758
p35439_kfq,dynamicbind_asd,11,0.66081953,,,0.0,ok,,local,0.66081953,3.53031
p35439_kfq,dynamicbind_asd,12,0.6594741,,,0.0,ok,,local,0.6594741,3.809561
p35439_kfq,dynamicbind_asd,13,0.6573987,,,0.0,ok,,local,0.6573987,3.560709
p35439_kfq,dynamicbind_asd,14,0.6541199,,,0.0,ok,,local,0.6541199,3.52737
p35439_kfq,dynamicbind_asd,15,0.65370697,,,0.0,ok,,local,0.65370697,3.5040758
p35439_kfq,dynamicbind_asd,16,0.6530993,,,0.0,ok,,local,0.6530993,3.697314
p35439_kfq,dynamicbind_asd,17,0.65164626,,,0.0,ok,,local,0.65164626,3.429776
p35439_kfq,dynamicbind_asd,18,0.6405486,,,0.0,ok,,local,0.6405486,3.6210635
p35439_kfq,dynamicbind_asd,19,0.6342386,,,0.0,ok,,local,0.6342386,3.6373131
p35439_kfq,dynamicbind_asd,20,0.61355126,,,0.0,ok,,local,0.61355126,4.039448
p35439_kfq,dynamicbind_asd,21,0.60782474,,,0.0,ok,,local,0.60782474,3.688874
p35439_kfq,dynamicbind_asd,22,0.6076701,,,0.0,ok,,local,0.6076701,3.7565205
p35439_kfq,dynamicbind_asd,23,0.6073379,,,0.0,ok,,local,0.6073379,3.7289245
p35439_kfq,dynamicbind_asd,24,0.60207546,,,0.0,ok,,local,0.60207546,3.6790445
p35439_kfq,dynamicbind_asd,25,0.6017215,,,0.0,ok,,local,0.6017215,3.7309377
p35439_kfq,dynamicbind_asd,26,0.5787243,,,0.0,ok,,local,0.5787243,3.3967936
p35439_kfq,dynamicbind_asd,27,0.5700493,,,0.0,ok,,local,0.5700493,4.0485344
p35439_kfq,dynamicbind_asd,28,0.5644338,,,0.0,ok,,local,0.5644338,3.8553476
p35439_kfq,dynamicbind_asd,29,0.5361378,,,0.0,ok,,local,0.5361378,3.8173685
p35557_aji,dynamicbind_asd,0,0.6160465,,,1.0,ok,,local,0.6160465,5.8688517
p35557_aji,dynamicbind_asd,1,0.6061276,,,1.0,ok,,local,0.6061276,6.330609
p35557_aji,dynamicbind_asd,2,0.6056101,,,1.0,ok,,local,0.6056101,5.7556186
p35557_aji,dynamicbind_asd,3,0.60560936,,,1.0,ok,,local,0.60560936,6.307009
p35557_aji,dynamicbind_asd,4,0.5978465,,,1.0,ok,,local,0.5978465,5.5061917
p35557_aji,dynamicbind_asd,5,0.5944938,,,1.0,ok,,local,0.5944938,5.6036143
p35557_aji,dynamicbind_asd,6,0.59440726,,,1.0,ok,,local,0.59440726,5.457535
p35557_aji,dynamicbind_asd,7,0.5937221,,,1.0,ok,,local,0.5937221,5.6181927
p35557_aji,dynamicbind_asd,8,0.5849246,,,1.0,ok,,local,0.5849246,5.6499033
p35557_aji,dynamicbind_asd,9,0.5841816,,,1.0,ok,,local,0.5841816,5.706565
p35557_aji,dynamicbind_asd,10,0.58412486,,,1.0,ok,,local,0.58412486,5.984999
p35557_aji,dynamicbind_asd,11,0.5840546,,,1.0,ok,,local,0.5840546,5.5088944
p35557_aji,dynamicbind_asd,12,0.58357126,,,1.0,ok,,local,0.58357126,5.732369
p35557_aji,dynamicbind_asd,13,0.58182085,,,1.0,ok,,local,0.58182085,5.832696
p35557_aji,dynamicbind_asd,14,0.5797554,,,1.0,ok,,local,0.5797554,5.6983447
p35557_aji,dynamicbind_asd,15,0.5785189,,,1.0,ok,,local,0.5785189,5.7515306
p35557_aji,dynamicbind_asd,16,0.5783966,,,1.0,ok,,local,0.5783966,5.6482925
p35557_aji,dynamicbind_asd,17,0.5758274,,,1.0,ok,,local,0.5758274,6.198932
p35557_aji,dynamicbind_asd,18,0.57549906,,,1.0,ok,,local,0.57549906,6.326286
p35557_aji,dynamicbind_asd,19,0.57233655,,,1.0,ok,,local,0.57233655,6.189323
p35557_aji,dynamicbind_asd,20,0.5720213,,,1.0,ok,,local,0.5720213,6.2352977
p35557_aji,dynamicbind_asd,21,0.57163954,,,1.0,ok,,local,0.57163954,5.721939
p35557_aji,dynamicbind_asd,22,0.5714085,,,1.0,ok,,local,0.5714085,5.8729362
p35557_aji,dynamicbind_asd,23,0.5700712,,,1.0,ok,,local,0.5700712,6.268337
p35557_aji,dynamicbind_asd,24,0.5679276,,,1.0,ok,,local,0.5679276,6.296731
p35557_aji,dynamicbind_asd,25,0.56530607,,,1.0,ok,,local,0.56530607,6.256075
p35557_aji,dynamicbind_asd,26,0.5643709,,,1.0,ok,,local,0.5643709,6.5541887
p35557_aji,dynamicbind_asd,27,0.56213915,,,1.0,ok,,local,0.56213915,5.6315427
p35557_aji,dynamicbind_asd,28,0.5574805,,,1.0,ok,,local,0.5574805,6.147376
p35557_aji,dynamicbind_asd,29,0.5198053,,,1.0,ok,,local,0.5198053,6.163857
p35557_g2t,dynamicbind_asd,0,0.579764,1.8568918704986572,0.808836817741394,0.0,ok,,local,0.579764,6.6221457
p35557_g2t,dynamicbind_asd,1,0.57183015,10.357924461364746,0.23059095442295074,0.0,ok,,local,0.57183015,6.5681343
p35557_g2t,dynamicbind_asd,2,0.5687264,9.72437572479248,0.22644203901290894,0.0,ok,,local,0.5687264,6.9309616
p35557_g2t,dynamicbind_asd,3,0.56620824,2.0304925441741943,0.6843575239181519,0.0,ok,,local,0.56620824,6.393709
p35557_g2t,dynamicbind_asd,4,0.5633971,3.0819787979125977,0.5431917905807495,0.0,ok,,local,0.5633971,6.459167
p35557_g2t,dynamicbind_asd,5,0.5570309,6.083378314971924,0.39092978835105896,0.0,ok,,local,0.5570309,6.7445364
p35557_g2t,dynamicbind_asd,6,0.55247265,9.994563102722168,0.2352425456047058,0.0,ok,,local,0.55247265,6.5401297
p35557_g2t,dynamicbind_asd,7,0.5418114,2.6635446548461914,0.6123853325843811,0.0,ok,,local,0.5418114,6.968739
p35557_g2t,dynamicbind_asd,8,0.5233954,3.714890480041504,0.4596661925315857,0.0,ok,,local,0.5233954,7.0225487
p35557_g2t,dynamicbind_asd,9,0.50841355,3.5794870853424072,0.5115952491760254,0.0,ok,,local,0.50841355,6.746428
p35557_mrk,dynamicbind_asd,0,0.65310496,1.6708515882492065,0.6588366627693176,1.0,ok,,local,0.65310496,6.4393787
p35557_mrk,dynamicbind_asd,1,0.64423805,1.4356356859207153,0.6764194965362549,1.0,ok,,local,0.64423805,6.5441537
p35557_mrk,dynamicbind_asd,2,0.64213175,0.9932845234870911,0.722154974937439,1.0,ok,,local,0.64213175,6.6304135
p35557_mrk,dynamicbind_asd,3,0.63847107,1.31058669090271,0.68487149477005,1.0,ok,,local,0.63847107,6.478535
p35557_mrk,dynamicbind_asd,4,0.63794255,1.4810220003128052,0.6723549365997314,1.0,ok,,local,0.63794255,6.5609984
p35557_mrk,dynamicbind_asd,5,0.63788253,0.8478929996490479,0.7219298481941223,1.0,ok,,local,0.63788253,6.280725
p35557_mrk,dynamicbind_asd,6,0.6343063,1.3345683813095093,0.6854094862937927,1.0,ok,,local,0.6343063,6.223587
p35557_mrk,dynamicbind_asd,7,0.6337585,1.7467608451843262,0.6467941403388977,1.0,ok,,local,0.6337585,6.445592
p35557_mrk,dynamicbind_asd,8,0.6314012,1.9021804332733154,0.7065469026565552,1.0,ok,,local,0.6314012,6.511922
p35557_mrk,dynamicbind_asd,9,0.6296007,,,1.0,ok,,local,0.6296007,6.29342
p35557_mrk,dynamicbind_asd,10,0.6266924,1.7199137210845947,0.7664835453033447,1.0,ok,,local,0.6266924,6.4082737
p35557_mrk,dynamicbind_asd,11,0.62571305,1.906090497970581,0.6072216033935547,1.0,ok,,local,0.62571305,6.174155
p35557_mrk,dynamicbind_asd,12,0.6256011,1.7017743587493896,0.7083821892738342,1.0,ok,,local,0.6256011,6.351041
p35557_mrk,dynamicbind_asd,13,0.6238886,1.007137656211853,0.6898428201675415,1.0,ok,,local,0.6238886,6.599633
p35557_mrk,dynamicbind_asd,14,0.62380725,2.781791925430298,0.568206250667572,1.0,ok,,local,0.62380725,6.153876
p35557_mrk,dynamicbind_asd,15,0.62332934,1.307047963142395,0.7719023823738098,1.0,ok,,local,0.62332934,6.57219
p35557_mrk,dynamicbind_asd,16,0.62039244,1.8921514749526978,0.6735395193099976,1.0,ok,,local,0.62039244,6.3435187
p35557_mrk,dynamicbind_asd,17,0.6179831,1.5916564464569092,0.7323529124259949,1.0,ok,,local,0.6179831,6.2820277
p35557_mrk,dynamicbind_asd,18,0.61795443,1.8741194009780884,0.6399775743484497,1.0,ok,,local,0.61795443,6.49814
p35557_mrk,dynamicbind_asd,19,0.61442524,1.485231637954712,0.7455143332481384,1.0,ok,,local,0.61442524,6.5090795
p35557_mrk,dynamicbind_asd,20,0.6142538,2.628436326980591,0.5469083189964294,1.0,ok,,local,0.6142538,6.1498976
p35557_mrk,dynamicbind_asd,21,0.61384267,1.6261423826217651,0.6815510988235474,1.0,ok,,local,0.61384267,6.4624157
p35557_mrk,dynamicbind_asd,22,0.6121155,1.1351618766784668,0.7233978509902954,1.0,ok,,local,0.6121155,6.509543
p35557_mrk,dynamicbind_asd,23,0.61147934,1.622589349746704,0.7584134340286255,1.0,ok,,local,0.61147934,6.5225945
p35557_mrk,dynamicbind_asd,24,0.6108836,1.0270310640335083,0.7184082865715027,1.0,ok,,local,0.6108836,6.449034
p35557_mrk,dynamicbind_asd,25,0.6103716,1.7835177183151245,0.6229003071784973,1.0,ok,,local,0.6103716,6.20027
p35557_mrk,dynamicbind_asd,26,0.60726523,1.6459310054779053,0.6422511339187622,1.0,ok,,local,0.60726523,6.236908
p35557_mrk,dynamicbind_asd,27,0.60178286,1.9264758825302124,0.6425644159317017,1.0,ok,,local,0.60178286,6.033793
p35557_mrk,dynamicbind_asd,28,0.5984675,1.4470254182815552,0.6818452477455139,1.0,ok,,local,0.5984675,6.4855227
p35557_mrk,dynamicbind_asd,29,0.58962345,1.7430490255355835,0.6540935635566711,1.0,ok,,local,0.58962345,6.4789915
p35557_s41,dynamicbind_asd,0,0.66916835,,,1.0,ok,,local,0.66916835,6.793412
p35557_s41,dynamicbind_asd,1,0.66587883,,,1.0,ok,,local,0.66587883,6.786019
p35557_s41,dynamicbind_asd,2,0.6642249,,,1.0,ok,,local,0.6642249,6.741238
p35557_s41,dynamicbind_asd,3,0.6637935,,,1.0,ok,,local,0.6637935,6.713989
p35557_s41,dynamicbind_asd,4,0.65982884,,,1.0,ok,,local,0.65982884,6.6806474
p35557_s41,dynamicbind_asd,5,0.6582152,,,1.0,ok,,local,0.6582152,6.6521854
p35557_s41,dynamicbind_asd,6,0.6543237,,,1.0,ok,,local,0.6543237,6.6406336
p35557_s41,dynamicbind_asd,7,0.6538519,,,1.0,ok,,local,0.6538519,6.783092
p35557_s41,dynamicbind_asd,8,0.6499948,,,1.0,ok,,local,0.6499948,6.7551203
p35557_s41,dynamicbind_asd,9,0.6489088,,,1.0,ok,,local,0.6489088,6.510834
p35557_s41,dynamicbind_asd,10,0.6480513,,,1.0,ok,,local,0.6480513,6.687656
p35557_s41,dynamicbind_asd,11,0.64749193,,,1.0,ok,,local,0.64749193,6.4393973
p35557_s41,dynamicbind_asd,12,0.64574176,,,1.0,ok,,local,0.64574176,6.834193
p35557_s41,dynamicbind_asd,13,0.64490944,,,1.0,ok,,local,0.64490944,6.545069
p35557_s41,dynamicbind_asd,14,0.6403424,,,1.0,ok,,local,0.6403424,6.4961157
p35557_s41,dynamicbind_asd,15,0.639095,,,1.0,ok,,local,0.639095,6.5274725
p35557_s41,dynamicbind_asd,16,0.6388034,,,1.0,ok,,local,0.6388034,6.6292963
p35557_s41,dynamicbind_asd,17,0.6374919,,,1.0,ok,,local,0.6374919,6.5931554
p35557_s41,dynamicbind_asd,18,0.6366684,,,1.0,ok,,local,0.6366684,6.479384
p35557_s41,dynamicbind_asd,19,0.6353181,,,1.0,ok,,local,0.6353181,6.5177
p35557_s41,dynamicbind_asd,20,0.63428354,,,1.0,ok,,local,0.63428354,6.7744184
p35557_s41,dynamicbind_asd,21,0.62849957,,,1.0,ok,,local,0.62849957,6.5014915
p35557_s41,dynamicbind_asd,22,0.6215083,,,1.0,ok,,local,0.6215083,6.178869
p35557_s41,dynamicbind_asd,23,0.6173123,,,1.0,ok,,local,0.6173123,6.6906557
p35557_s41,dynamicbind_asd,24,0.61660594,,,1.0,ok,,local,0.61660594,6.5243626
p35557_s41,dynamicbind_asd,25,0.6151474,,,1.0,ok,,local,0.6151474,6.625572
p35557_s41,dynamicbind_asd,26,0.61417407,,,1.0,ok,,local,0.61417407,6.39779
p35557_s41,dynamicbind_asd,27,0.6136561,,,1.0,ok,,local,0.6136561,6.7146196
p35557_s41,dynamicbind_asd,28,0.61329645,,,1.0,ok,,local,0.61329645,6.5726323
p37231_eb6,dynamicbind_asd,0,0.6047811,2.857560873031616,0.6289615631103516,0.0,ok,,local,0.6047811,6.1135
p37231_eb6,dynamicbind_asd,1,0.5876695,9.4971284866333,0.15936404466629028,0.0,ok,,local,0.5876695,6.2430415
p37231_eb6,dynamicbind_asd,2,0.5837271,2.4688425064086914,0.6564527750015259,0.0,ok,,local,0.5837271,6.2834888
p37231_eb6,dynamicbind_asd,3,0.5791847,5.182468891143799,0.37936288118362427,0.0,ok,,local,0.5791847,6.1607304
p37231_eb6,dynamicbind_asd,4,0.572067,6.206949234008789,0.27237197756767273,0.0,ok,,local,0.572067,6.1918836
p37231_eb6,dynamicbind_asd,5,0.569526,2.9518492221832275,0.5934504866600037,0.0,ok,,local,0.569526,6.131049
p37231_eb6,dynamicbind_asd,6,0.56477356,4.619257926940918,0.42888307571411133,0.0,ok,,local,0.56477356,6.045714
p37231_eb6,dynamicbind_asd,7,0.5604376,4.491234302520752,0.4640195071697235,0.0,ok,,local,0.5604376,5.872484
p37231_eb6,dynamicbind_asd,8,0.55852896,3.164912462234497,0.6027556657791138,0.0,ok,,local,0.55852896,5.8656144
p37231_eb6,dynamicbind_asd,9,0.5463477,2.812526226043701,0.5921052694320679,0.0,ok,,local,0.5463477,6.361908
p37231_eb6,dynamicbind_asd,10,0.543511,4.740494728088379,0.4163241386413574,0.0,ok,,local,0.543511,6.2392883
p37231_eb6,dynamicbind_asd,11,0.54324335,7.607935428619385,0.21206706762313843,0.0,ok,,local,0.54324335,6.3478518
p37231_eb6,dynamicbind_asd,12,0.5430019,2.5718743801116943,0.6343103647232056,0.0,ok,,local,0.5430019,6.376978
p37231_eb6,dynamicbind_asd,13,0.5414271,5.1214189529418945,0.3681793510913849,0.0,ok,,local,0.5414271,6.006268
p37231_eb6,dynamicbind_asd,14,0.5411373,9.351408004760742,0.1547388732433319,0.0,ok,,local,0.5411373,6.275837
p37231_eb6,dynamicbind_asd,15,0.5315865,4.580615043640137,0.4490445852279663,0.0,ok,,local,0.5315865,6.032381
p37231_eb6,dynamicbind_asd,16,0.53077286,4.90099573135376,0.44965675473213196,0.0,ok,,local,0.53077286,5.88866
p37231_eb6,dynamicbind_asd,17,0.5305072,4.42655086517334,0.4803386926651001,0.0,ok,,local,0.5305072,5.774889
p37231_eb6,dynamicbind_asd,18,0.52684265,3.2932827472686768,0.48266586661338806,0.0,ok,,local,0.52684265,5.947877
p37231_eb6,dynamicbind_asd,19,0.5267235,3.4935314655303955,0.5412508249282837,0.0,ok,,local,0.5267235,6.104722
p37231_eb6,dynamicbind_asd,20,0.52656835,4.550576210021973,0.41940298676490784,0.0,ok,,local,0.52656835,6.383239
p37231_eb6,dynamicbind_asd,21,0.51829773,2.4817111492156982,0.5944882035255432,0.0,ok,,local,0.51829773,6.0285597
p37231_eb6,dynamicbind_asd,22,0.51109916,4.57781982421875,0.4614921808242798,0.0,ok,,local,0.51109916,5.808167
p37231_eb6,dynamicbind_asd,23,0.4963724,4.089408874511719,0.4619092047214508,0.0,ok,,local,0.4963724,6.3627057
p37231_eb6,dynamicbind_asd,24,0.49376854,2.84916615486145,0.5895875692367554,0.0,ok,,local,0.49376854,6.3110948
p37231_eb6,dynamicbind_asd,25,0.49272445,10.770143508911133,0.2505042850971222,0.0,ok,,local,0.49272445,5.480635
p37231_eb6,dynamicbind_asd,26,0.4914428,2.920149087905884,0.5493208169937134,0.0,ok,,local,0.4914428,6.0215635
p37231_eb6,dynamicbind_asd,27,0.47537434,3.450659990310669,0.45287391543388367,0.0,ok,,local,0.47537434,6.083404
p37231_eb6,dynamicbind_asd,28,0.4613058,10.754894256591797,0.20679959654808044,0.0,ok,,local,0.4613058,5.4566784
p37231_eb6,dynamicbind_asd,29,0.38654807,22.157201766967773,0.0,0.0,ok,,local,0.38654807,5.1278872
p37231_gw4,dynamicbind_asd,0,0.5913729,,,0.0,ok,,local,0.5913729,5.9507704
p37231_gw4,dynamicbind_asd,1,0.5886986,,,0.4077996186204772,ok,,local,0.5886986,5.5954757
p37231_gw4,dynamicbind_asd,2,0.58216953,,,0.0,ok,,local,0.58216953,5.6605616
p37231_gw4,dynamicbind_asd,3,0.5815089,,,0.0,ok,,local,0.5815089,6.2269807
p37231_gw4,dynamicbind_asd,4,0.581312,,,0.9635246138073437,ok,,local,0.581312,6.227204
p37231_gw4,dynamicbind_asd,5,0.5734813,,,0.0,ok,,local,0.5734813,6.2300997
p37231_gw4,dynamicbind_asd,6,0.56640714,,,0.4083926881427834,ok,,local,0.56640714,6.2621217
p37231_gw4,dynamicbind_asd,7,0.5623675,,,0.9676520447147051,ok,,local,0.5623675,6.8452554
p37231_gw4,dynamicbind_asd,8,0.5615414,,,0.0,ok,,local,0.5615414,6.387067
p37231_gw4,dynamicbind_asd,9,0.5521367,,,0.4072425147231162,ok,,local,0.5521367,6.345248
p37231_gw4,dynamicbind_asd,10,0.5463744,,,0.0,ok,,local,0.5463744,6.2894773
p37231_gw4,dynamicbind_asd,11,0.5453228,,,0.0,ok,,local,0.5453228,6.5227237
p37231_gw4,dynamicbind_asd,12,0.5449423,,,0.0,ok,,local,0.5449423,6.1359963
p37231_gw4,dynamicbind_asd,13,0.54014224,,,0.41096174753218057,ok,,local,0.54014224,5.8585825
p37231_gw4,dynamicbind_asd,14,0.5398583,,,0.0,ok,,local,0.5398583,6.6046267
p37231_gw4,dynamicbind_asd,15,0.5353396,,,0.0,ok,,local,0.5353396,6.308359
p37231_gw4,dynamicbind_asd,16,0.53192157,,,0.40623101538163403,ok,,local,0.53192157,5.8930516
p37231_gw4,dynamicbind_asd,17,0.52663296,,,0.4071831190734129,ok,,local,0.52663296,5.8454328
p37231_gw4,dynamicbind_asd,18,0.5256201,,,0.9672522136011331,ok,,local,0.5256201,6.3504157
p37231_gw4,dynamicbind_asd,19,0.5242241,,,0.9648211167850289,ok,,local,0.5242241,6.374428
p37231_gw4,dynamicbind_asd,20,0.523488,,,0.9701082115742685,ok,,local,0.523488,6.3424335
p37231_gw4,dynamicbind_asd,21,0.5071307,,,0.9685552296772474,ok,,local,0.5071307,6.246383
p37231_gw4,dynamicbind_asd,22,0.49945962,,,0.9669550378049901,ok,,local,0.49945962,6.6199555
p37231_gw4,dynamicbind_asd,23,0.4965672,,,0.9693670934256661,ok,,local,0.4965672,6.4481277
p37231_gw4,dynamicbind_asd,24,0.4948229,,,0.40632840687565713,ok,,local,0.4948229,6.187217
p37231_gw4,dynamicbind_asd,25,0.49460036,,,0.9665715556743315,ok,,local,0.49460036,6.3537307
p37231_gw4,dynamicbind_asd,26,0.4936041,,,0.40595519165911237,ok,,local,0.4936041,5.735917
p37231_gw4,dynamicbind_asd,27,0.49253228,,,0.40681426514666785,ok,,local,0.49253228,6.2131124
p37231_gw4,dynamicbind_asd,28,0.4682947,,,0.40726508065172,ok,,local,0.4682947,5.5446477
p37231_gw4,dynamicbind_asd,29,0.40224698,,,0.9346577008070724,ok,,local,0.40224698,6.019792
p37231_imn,dynamicbind_asd,0,0.6476771,6.076995372772217,0.37792640924453735,0.0,ok,,local,0.6476771,5.43546
p37231_imn,dynamicbind_asd,1,0.64499915,7.217996597290039,0.2749204635620117,0.0,ok,,local,0.64499915,5.1830387
p37231_imn,dynamicbind_asd,2,0.6400186,7.87546968460083,0.34872978925704956,0.0,ok,,local,0.6400186,5.4291563
p37231_imn,dynamicbind_asd,3,0.6382381,6.627833843231201,0.4128973186016083,0.0,ok,,local,0.6382381,5.4983315
p37231_imn,dynamicbind_asd,4,0.6280427,8.236745834350586,0.27851811051368713,0.0,ok,,local,0.6280427,5.245034
p37231_imn,dynamicbind_asd,5,0.61349374,8.697697639465332,0.20347082614898682,0.0,ok,,local,0.61349374,5.067845
p37231_imn,dynamicbind_asd,6,0.608691,5.4798150062561035,0.3563888967037201,0.0,ok,,local,0.608691,5.236637
p37231_imn,dynamicbind_asd,7,0.60129255,6.798729419708252,0.3135964870452881,0.0,ok,,local,0.60129255,5.3839583
p37231_imn,dynamicbind_asd,8,0.5815577,7.895452499389648,0.21690821647644043,0.0,ok,,local,0.5815577,5.301556
p37231_imn,dynamicbind_asd,9,0.48118728,18.595813751220703,0.0,0.0,ok,,local,0.48118728,3.8264503
p37231_j3f,dynamicbind_asd,0,0.65545815,,,0.0,ok,,local,0.65545815,5.0041785
p37231_j3f,dynamicbind_asd,1,0.6541772,,,0.0,ok,,local,0.6541772,5.2892156
p37231_j3f,dynamicbind_asd,2,0.6532659,,,0.0,ok,,local,0.6532659,5.1382546
p37231_j3f,dynamicbind_asd,3,0.6484693,,,0.0,ok,,local,0.6484693,5.084397
p37231_j3f,dynamicbind_asd,4,0.6285883,,,0.0,ok,,local,0.6285883,4.9463825
p37231_j3f,dynamicbind_asd,5,0.62407357,,,0.0,ok,,local,0.62407357,5.1423655
p37231_j3f,dynamicbind_asd,6,0.6235551,,,0.0,ok,,local,0.6235551,4.977844
p37231_j3f,dynamicbind_asd,7,0.6192088,,,0.0,ok,,local,0.6192088,4.8185315
p37231_j3f,dynamicbind_asd,8,0.6152222,,,0.0,ok,,local,0.6152222,5.2314963
p37231_j3f,dynamicbind_asd,9,0.61189944,,,0.0,ok,,local,0.61189944,5.2701283
p37231_j3f,dynamicbind_asd,10,0.6052267,,,0.0,ok,,local,0.6052267,5.087335
p37231_j3f,dynamicbind_asd,11,0.60497224,,,0.0,ok,,local,0.60497224,5.3460264
p37231_j3f,dynamicbind_asd,12,0.6021434,,,0.0,ok,,local,0.6021434,5.073819
p37231_j3f,dynamicbind_asd,13,0.5945698,,,0.0,ok,,local,0.5945698,5.328742
p37231_j3f,dynamicbind_asd,14,0.5892762,,,0.0,ok,,local,0.5892762,5.3213506
p37231_j3f,dynamicbind_asd,15,0.5827059,,,0.0,ok,,local,0.5827059,5.4819837
p37231_j3f,dynamicbind_asd,16,0.5744568,,,0.0,ok,,local,0.5744568,6.1705055
p37231_j3f,dynamicbind_asd,17,0.5737368,,,0.0,ok,,local,0.5737368,5.121711
p37231_j3f,dynamicbind_asd,18,0.57204396,,,0.0,ok,,local,0.57204396,5.451295
p37231_j3f,dynamicbind_asd,19,0.5697726,,,0.0,ok,,local,0.5697726,5.6339917
p37231_j3f,dynamicbind_asd,20,0.5682999,,,0.0,ok,,local,0.5682999,5.1936088
p37231_j3f,dynamicbind_asd,21,0.5673759,,,0.0,ok,,local,0.5673759,5.058509
p37231_j3f,dynamicbind_asd,22,0.55518186,,,0.0,ok,,local,0.55518186,5.252347
p37231_j3f,dynamicbind_asd,23,0.5508642,,,0.0,ok,,local,0.5508642,5.491405
p37231_j3f,dynamicbind_asd,24,0.5385447,,,0.0,ok,,local,0.5385447,6.142308
p37231_j3f,dynamicbind_asd,25,0.5381452,,,0.0,ok,,local,0.5381452,5.1841187
p37231_j3f,dynamicbind_asd,26,0.53803974,,,0.0,ok,,local,0.53803974,4.8778367
p37231_j3f,dynamicbind_asd,27,0.5347505,,,0.0,ok,,local,0.5347505,4.95842
p37231_j3f,dynamicbind_asd,28,0.52784795,,,0.0,ok,,local,0.52784795,5.6809115
p37231_j3f,dynamicbind_asd,29,0.49962476,,,0.0,ok,,local,0.49962476,5.16699
p37231_mc5,dynamicbind_asd,0,0.68012923,,,0.966417543734385,ok,,local,0.68012923,4.9995565
p37231_mc5,dynamicbind_asd,1,0.6584321,,,0.0,ok,,local,0.6584321,4.856303
p37231_mc5,dynamicbind_asd,2,0.65392405,,,0.9656073031615139,ok,,local,0.65392405,5.00758
p37231_mc5,dynamicbind_asd,3,0.64739364,,,0.410605392001832,ok,,local,0.64739364,4.6636844
p37231_mc5,dynamicbind_asd,4,0.615886,,,0.0,ok,,local,0.615886,4.858642
p37231_mc5,dynamicbind_asd,5,0.6139523,,,0.0,ok,,local,0.6139523,4.5619426
p37231_mc5,dynamicbind_asd,6,0.61183125,,,0.41001474120585124,ok,,local,0.61183125,4.622669
p37231_mc5,dynamicbind_asd,7,0.6037338,,,0.4093741936040457,ok,,local,0.6037338,4.38362
p37231_mc5,dynamicbind_asd,8,0.60226774,,,0.9665395362838801,ok,,local,0.60226774,5.1658044
p37231_mc5,dynamicbind_asd,9,0.5998155,,,0.9666550920658599,ok,,local,0.5998155,5.370102
p37231_mc5,dynamicbind_asd,10,0.5993177,,,0.9644331892031337,ok,,local,0.5993177,4.7939453
p37231_mc5,dynamicbind_asd,11,0.5924822,,,0.9677509579501086,ok,,local,0.5924822,5.2229285
p37231_mc5,dynamicbind_asd,12,0.58895993,,,0.0,ok,,local,0.58895993,4.8646927
p37231_mc5,dynamicbind_asd,13,0.58144295,,,0.9659127899835741,ok,,local,0.58144295,5.110528
p37231_mc5,dynamicbind_asd,14,0.5740847,,,0.9712638257423342,ok,,local,0.5740847,5.2815537
p37231_mc5,dynamicbind_asd,15,0.5686791,,,0.9654162209241656,ok,,local,0.5686791,5.370217
p37231_mc5,dynamicbind_asd,16,0.56367445,,,0.0,ok,,local,0.56367445,4.3367257
p37231_mc5,dynamicbind_asd,17,0.5633399,,,0.0,ok,,local,0.5633399,5.175804
p37231_mc5,dynamicbind_asd,18,0.5630197,,,0.0,ok,,local,0.5630197,5.4981313
p37231_mc5,dynamicbind_asd,19,0.556967,,,0.9678655288506629,ok,,local,0.556967,5.3569813
p37231_mc5,dynamicbind_asd,20,0.54912674,,,0.0,ok,,local,0.54912674,5.026586
p37231_mc5,dynamicbind_asd,21,0.5451212,,,0.4088506331827558,ok,,local,0.5451212,5.304964
p37231_mc5,dynamicbind_asd,22,0.5283289,,,0.0,ok,,local,0.5283289,5.826279
p37231_mc5,dynamicbind_asd,23,0.52483916,,,0.40797700623294375,ok,,local,0.52483916,4.773381
p37231_mc5,dynamicbind_asd,24,0.52222544,,,0.4123405519701014,ok,,local,0.52222544,4.936494
p37231_mc5,dynamicbind_asd,25,0.5166419,,,0.0,ok,,local,0.5166419,5.127268
p37231_mc5,dynamicbind_asd,26,0.51321304,,,0.4109358917909791,ok,,local,0.51321304,5.0661383
p37231_mc5,dynamicbind_asd,27,0.5109975,,,0.41161182537266633,ok,,local,0.5109975,5.4022794
p37231_mc5,dynamicbind_asd,28,0.51028377,,,0.41113569630939584,ok,,local,0.51028377,5.279482
p37231_mc5,dynamicbind_asd,29,0.49953362,,,0.4109922277117258,ok,,local,0.49953362,5.1746902
p37231_sp3,dynamicbind_asd,0,0.6798411,0.6920157074928284,0.9048672318458557,0.964789463246073,ok,,local,0.6798411,5.9347878
p37231_sp3,dynamicbind_asd,1,0.64262736,1.0958752632141113,0.7832383513450623,0.9642280180786504,ok,,local,0.64262736,5.921837
p37231_sp3,dynamicbind_asd,2,0.63932043,7.507386207580566,0.2085166573524475,0.0,ok,,local,0.63932043,6.4314556
p37231_sp3,dynamicbind_asd,3,0.62206024,7.884371280670166,0.21396251022815704,0.0,ok,,local,0.62206024,6.446322
p37231_sp3,dynamicbind_asd,4,0.61323154,7.323834419250488,0.19053548574447632,0.4052636595866019,ok,,local,0.61323154,5.690425
p37231_sp3,dynamicbind_asd,5,0.60909677,6.545745372772217,0.2929292917251587,0.0,ok,,local,0.60909677,6.0944552
p37231_sp3,dynamicbind_asd,6,0.6083144,1.2175897359848022,0.7777777910232544,0.9652328692415025,ok,,local,0.6083144,5.937591
p37231_sp3,dynamicbind_asd,7,0.59118915,5.228293418884277,0.3817984163761139,0.40388774735691657,ok,,local,0.59118915,6.2555895
p37231_sp3,dynamicbind_asd,8,0.5789205,8.360095024108887,0.18414558470249176,0.40863018143179997,ok,,local,0.5789205,5.643648
p37231_sp3,dynamicbind_asd,9,0.5776376,6.670967102050781,0.2515789568424225,0.9686197306448856,ok,,local,0.5776376,6.398173
p37231_sp3,dynamicbind_asd,10,0.57423884,7.508080005645752,0.184456929564476,0.40516914628425393,ok,,local,0.57423884,5.4988303
p37231_sp3,dynamicbind_asd,11,0.5690234,5.3716278076171875,0.4262295067310333,0.4105525698091855,ok,,local,0.5690234,5.9146576
p37231_sp3,dynamicbind_asd,12,0.56754905,7.234892845153809,0.30115893483161926,0.0,ok,,local,0.56754905,5.614883
p37231_sp3,dynamicbind_asd,13,0.55971706,5.179441928863525,0.4323412775993347,0.964811839377458,ok,,local,0.55971706,6.583211
p37231_sp3,dynamicbind_asd,14,0.5578719,7.0180768966674805,0.23863635957241058,0.0,ok,,local,0.5578719,5.7419143
p37231_sp3,dynamicbind_asd,15,0.55601764,6.650777816772461,0.3567577302455902,0.0,ok,,local,0.55601764,5.990531
p37231_sp3,dynamicbind_asd,16,0.5543892,7.778669357299805,0.20141570270061493,0.40649440605549264,ok,,local,0.5543892,6.388487
p37231_sp3,dynamicbind_asd,17,0.5526357,7.522854804992676,0.15979063510894775,0.0,ok,,local,0.5526357,6.1015606
p37231_sp3,dynamicbind_asd,18,0.550691,8.27193832397461,0.16880075633525848,0.41171059828697587,ok,,local,0.550691,6.146383
p37231_sp3,dynamicbind_asd,19,0.5479899,7.8305230140686035,0.2051621377468109,0.0,ok,,local,0.5479899,6.304758
p37231_sp3,dynamicbind_asd,20,0.546938,7.443148612976074,0.20129869878292084,0.4095819749228367,ok,,local,0.546938,6.0521626
p37231_sp3,dynamicbind_asd,21,0.5445813,7.856015682220459,0.1753246784210205,0.4073115626535047,ok,,local,0.5445813,5.580345
p37231_sp3,dynamicbind_asd,22,0.5437685,7.648214340209961,0.2244201898574829,0.9704646792105731,ok,,local,0.5437685,6.057092
p37231_sp3,dynamicbind_asd,23,0.5348767,7.18833589553833,0.22948890924453735,0.9702541826879159,ok,,local,0.5348767,7.0266666
p37231_sp3,dynamicbind_asd,24,0.531462,6.096040725708008,0.31069159507751465,0.9689620210100678,ok,,local,0.531462,6.3605056
p37231_sp3,dynamicbind_asd,25,0.53009295,7.4282307624816895,0.22396856546401978,0.0,ok,,local,0.53009295,6.0104256
p37231_sp3,dynamicbind_asd,26,0.5194515,7.997877597808838,0.17668670415878296,0.40593245860847443,ok,,local,0.5194515,6.3016243
p37231_sp3,dynamicbind_asd,27,0.50439274,7.532323360443115,0.2072131186723709,0.0,ok,,local,0.50439274,5.97596
p37231_sp3,dynamicbind_asd,28,0.47572073,5.512935638427734,0.35742899775505066,0.9678111271422373,ok,,local,0.47572073,6.1099787
p37231_sp3,dynamicbind_asd,29,0.4636252,7.477445602416992,0.20649351179599762,0.9723259307043044,ok,,local,0.4636252,6.3298674
p37231_tjc,dynamicbind_asd,0,0.6555823,,,0.0,ok,,local,0.6555823,5.819881
p37231_tjc,dynamicbind_asd,1,0.64087844,,,0.0,ok,,local,0.64087844,6.175612
p37231_tjc,dynamicbind_asd,2,0.6258611,,,0.0,ok,,local,0.6258611,6.017713
p37231_tjc,dynamicbind_asd,3,0.6207981,,,0.0,ok,,local,0.6207981,5.8497834
p37231_tjc,dynamicbind_asd,4,0.6199538,,,0.0,ok,,local,0.6199538,6.478723
p37231_tjc,dynamicbind_asd,5,0.6189255,,,0.0,ok,,local,0.6189255,5.71452
p37231_tjc,dynamicbind_asd,6,0.61393386,,,0.0,ok,,local,0.61393386,6.0742946
p37231_tjc,dynamicbind_asd,7,0.6109715,,,0.0,ok,,local,0.6109715,6.5846105
p37231_tjc,dynamicbind_asd,8,0.60888135,,,0.0,ok,,local,0.60888135,6.2843647
p37231_tjc,dynamicbind_asd,9,0.6075085,,,0.0,ok,,local,0.6075085,5.876507
p37231_tjc,dynamicbind_asd,10,0.60734665,,,0.0,ok,,local,0.60734665,6.2710233
p37231_tjc,dynamicbind_asd,11,0.6029123,,,0.0,ok,,local,0.6029123,5.4261737
p37231_tjc,dynamicbind_asd,12,0.5917215,,,0.0,ok,,local,0.5917215,5.9896517
p37231_tjc,dynamicbind_asd,13,0.5879599,,,0.0,ok,,local,0.5879599,6.1891093
p37231_tjc,dynamicbind_asd,14,0.5856161,,,0.0,ok,,local,0.5856161,5.935112
p37231_tjc,dynamicbind_asd,15,0.57995564,,,0.0,ok,,local,0.57995564,5.782885
p37231_tjc,dynamicbind_asd,16,0.5741719,,,0.0,ok,,local,0.5741719,6.2567205
p37231_tjc,dynamicbind_asd,17,0.57224065,,,0.0,ok,,local,0.57224065,6.4850245
p37231_tjc,dynamicbind_asd,18,0.57174474,,,0.0,ok,,local,0.57174474,5.9789534
p37231_tjc,dynamicbind_asd,19,0.56958175,,,0.0,ok,,local,0.56958175,5.914682
p37231_tjc,dynamicbind_asd,20,0.5657544,,,0.0,ok,,local,0.5657544,6.234347
p37231_tjc,dynamicbind_asd,21,0.55803823,,,0.0,ok,,local,0.55803823,6.8545346
p37231_tjc,dynamicbind_asd,22,0.5467899,,,0.0,ok,,local,0.5467899,6.1571355
p37231_tjc,dynamicbind_asd,23,0.54363453,,,0.0,ok,,local,0.54363453,6.8219175
p37231_tjc,dynamicbind_asd,24,0.54321784,,,0.0,ok,,local,0.54321784,6.039467
p37231_tjc,dynamicbind_asd,25,0.52695274,,,0.0,ok,,local,0.52695274,5.2346597
p37231_tjc,dynamicbind_asd,26,0.5090145,,,0.0,ok,,local,0.5090145,5.5561094
p37231_tjc,dynamicbind_asd,27,0.47185394,,,0.0,ok,,local,0.47185394,6.0072
p38340_sah,dynamicbind_asd,0,0.7379673,,,1.0,ok,,local,0.7379673,5.435498
p38340_sah,dynamicbind_asd,1,0.73289925,,,1.0,ok,,local,0.73289925,5.3313293
p38340_sah,dynamicbind_asd,2,0.73144567,,,1.0,ok,,local,0.73144567,5.4272404
p38340_sah,dynamicbind_asd,3,0.73120254,,,1.0,ok,,local,0.73120254,5.4079614
p38340_sah,dynamicbind_asd,4,0.73078865,,,1.0,ok,,local,0.73078865,5.4062023
p38340_sah,dynamicbind_asd,5,0.7301657,,,1.0,ok,,local,0.7301657,5.490222
p38340_sah,dynamicbind_asd,6,0.72740054,,,1.0,ok,,local,0.72740054,5.419166
p38340_sah,dynamicbind_asd,7,0.726781,,,1.0,ok,,local,0.726781,5.4258747
p38340_sah,dynamicbind_asd,8,0.72431177,,,1.0,ok,,local,0.72431177,5.4854245
p38340_sah,dynamicbind_asd,9,0.7229566,,,1.0,ok,,local,0.7229566,5.3701606
p42336_1lt,dynamicbind_asd,0,0.7712405,0.7335867285728455,0.8740105628967285,1.0,ok,,local,0.7712405,7.6438723
p42336_1lt,dynamicbind_asd,1,0.7707356,0.8196069598197937,0.8536269664764404,1.0,ok,,local,0.7707356,7.6555524
p42336_1lt,dynamicbind_asd,2,0.7696405,0.9840083718299866,0.8468586206436157,1.0,ok,,local,0.7696405,7.6948
p42336_1lt,dynamicbind_asd,3,0.76937336,0.9499737024307251,0.8465026021003723,1.0,ok,,local,0.76937336,7.713059
p42336_1lt,dynamicbind_asd,4,0.7689452,0.7449212670326233,0.8992829322814941,1.0,ok,,local,0.7689452,7.709988
p42336_1lt,dynamicbind_asd,5,0.76843315,1.1217331886291504,0.8280657529830933,1.0,ok,,local,0.76843315,7.6242585
p42336_1lt,dynamicbind_asd,6,0.7658332,0.756639301776886,0.8841544389724731,1.0,ok,,local,0.7658332,7.8023915
p42336_1lt,dynamicbind_asd,7,0.76551604,1.3154621124267578,0.7924050688743591,1.0,ok,,local,0.76551604,7.7485814
p42336_1lt,dynamicbind_asd,8,0.7635485,1.490670084953308,0.8055904507637024,1.0,ok,,local,0.7635485,7.738164
p42568_7iy,dynamicbind_asd,0,0.6664632,1.8132033348083496,0.7350597381591797,0.0,ok,,local,0.6664632,2.4489534
p42568_7iy,dynamicbind_asd,1,0.6400142,1.5153430700302124,0.7922680377960205,0.0,ok,,local,0.6400142,2.6484954
p42568_7iy,dynamicbind_asd,2,0.6354189,2.3171353340148926,0.7134369015693665,0.0,ok,,local,0.6354189,3.030761
p42568_7iy,dynamicbind_asd,3,0.63526833,1.2142866849899292,0.8403061032295227,0.0,ok,,local,0.63526833,2.827988
p42568_7iy,dynamicbind_asd,4,0.62963915,0.8466426134109497,0.9066666960716248,0.0,ok,,local,0.62963915,2.6628597
p42568_7iy,dynamicbind_asd,5,0.62885123,2.372647285461426,0.6890018582344055,0.0,ok,,local,0.62885123,2.7639816
p42568_7iy,dynamicbind_asd,6,0.61692154,1.6279606819152832,0.764384925365448,0.0,ok,,local,0.61692154,2.931726
p42568_7iy,dynamicbind_asd,7,0.61271495,1.1264262199401855,0.850649356842041,0.0,ok,,local,0.61271495,2.6189194
p42568_7iy,dynamicbind_asd,8,0.60363597,1.609836220741272,0.757056474685669,0.0,ok,,local,0.60363597,2.6617403
p42568_7iy,dynamicbind_asd,9,0.588874,19.43790626525879,0.00041186160524375737,0.0,ok,,local,0.588874,3.7769349
p43220_uk4,dynamicbind_asd,0,0.42745528,,,1.0,ok,,local,0.42745528,6.9256887
p43220_uk4,dynamicbind_asd,1,0.41729128,,,1.0,ok,,local,0.41729128,6.7150035
p43220_uk4,dynamicbind_asd,2,0.40602082,,,1.0,ok,,local,0.40602082,6.561974
p43220_uk4,dynamicbind_asd,3,0.4057554,,,1.0,ok,,local,0.4057554,6.6097617
p43220_uk4,dynamicbind_asd,4,0.3948517,,,1.0,ok,,local,0.3948517,7.124191
p43220_uk4,dynamicbind_asd,5,0.38959455,,,1.0,ok,,local,0.38959455,6.340022
p43220_uk4,dynamicbind_asd,6,0.38342008,,,1.0,ok,,local,0.38342008,6.734857
p43220_uk4,dynamicbind_asd,7,0.38212958,,,1.0,ok,,local,0.38212958,6.805615
p43220_uk4,dynamicbind_asd,8,0.36299178,,,1.0,ok,,local,0.36299178,6.9772596
p43220_uk4,dynamicbind_asd,9,0.35565227,,,1.0,ok,,local,0.35565227,7.0566387
p45983_aq2,dynamicbind_asd,0,0.6911548,,,1.0,ok,,local,0.6911548,6.3919234
p45983_aq2,dynamicbind_asd,1,0.6841942,,,1.0,ok,,local,0.6841942,6.5036287
p45983_aq2,dynamicbind_asd,2,0.68339974,,,1.0,ok,,local,0.68339974,6.522208
p45983_aq2,dynamicbind_asd,3,0.6787997,,,1.0,ok,,local,0.6787997,6.388941
p45983_aq2,dynamicbind_asd,4,0.67684543,,,1.0,ok,,local,0.67684543,6.3668323
p45983_aq2,dynamicbind_asd,5,0.6764458,,,1.0,ok,,local,0.6764458,6.9057813
p45983_aq2,dynamicbind_asd,6,0.67543966,,,1.0,ok,,local,0.67543966,6.5865035
p45983_aq2,dynamicbind_asd,7,0.6736549,,,1.0,ok,,local,0.6736549,6.747738
p45983_aq2,dynamicbind_asd,8,0.67225826,,,1.0,ok,,local,0.67225826,6.781305
p45983_aq2,dynamicbind_asd,9,0.67109185,,,1.0,ok,,local,0.67109185,6.975099
p45983_aq2,dynamicbind_asd,10,0.6679072,,,1.0,ok,,local,0.6679072,6.7442956
p45983_aq2,dynamicbind_asd,11,0.66745704,,,1.0,ok,,local,0.66745704,6.872914
p45983_aq2,dynamicbind_asd,12,0.66628826,,,1.0,ok,,local,0.66628826,7.006213
p45983_aq2,dynamicbind_asd,13,0.66444504,,,1.0,ok,,local,0.66444504,6.7379513
p45983_aq2,dynamicbind_asd,14,0.66392094,,,1.0,ok,,local,0.66392094,6.2320757
p45983_aq2,dynamicbind_asd,15,0.6633186,,,1.0,ok,,local,0.6633186,6.9738784
p45983_aq2,dynamicbind_asd,16,0.66279316,,,1.0,ok,,local,0.66279316,7.134572
p45983_aq2,dynamicbind_asd,17,0.6607596,,,1.0,ok,,local,0.6607596,6.4275775
p45983_aq2,dynamicbind_asd,18,0.6607165,,,1.0,ok,,local,0.6607165,6.946275
p45983_aq2,dynamicbind_asd,19,0.6601762,,,1.0,ok,,local,0.6601762,6.2864122
p45983_aq2,dynamicbind_asd,20,0.6597967,,,1.0,ok,,local,0.6597967,7.0556107
p45983_aq2,dynamicbind_asd,21,0.659068,,,1.0,ok,,local,0.659068,6.6511474
p45983_aq2,dynamicbind_asd,22,0.65870357,,,1.0,ok,,local,0.65870357,7.0935597
p45983_aq2,dynamicbind_asd,23,0.65725976,,,1.0,ok,,local,0.65725976,6.4837904
p45983_aq2,dynamicbind_asd,24,0.6559528,,,1.0,ok,,local,0.6559528,6.8937497
p45983_aq2,dynamicbind_asd,25,0.6503243,,,1.0,ok,,local,0.6503243,6.8342285
p45983_aq2,dynamicbind_asd,26,0.6492484,,,1.0,ok,,local,0.6492484,6.7488327
p45983_aq2,dynamicbind_asd,27,0.6491729,,,1.0,ok,,local,0.6491729,6.760715
p45983_aq2,dynamicbind_asd,28,0.6454265,,,1.0,ok,,local,0.6454265,6.9744077
p45983_aq2,dynamicbind_asd,29,0.6441105,,,1.0,ok,,local,0.6441105,7.0715446
p45983_cfk,dynamicbind_asd,0,0.7048868,,,1.0,ok,,local,0.7048868,5.3551083
p45983_cfk,dynamicbind_asd,1,0.7031554,,,1.0,ok,,local,0.7031554,5.315949
p45983_cfk,dynamicbind_asd,2,0.70268565,,,1.0,ok,,local,0.70268565,5.353045
p45983_cfk,dynamicbind_asd,3,0.70095843,,,1.0,ok,,local,0.70095843,5.3609715
p45983_cfk,dynamicbind_asd,4,0.69866294,,,1.0,ok,,local,0.69866294,5.3723187
p45983_cfk,dynamicbind_asd,5,0.69845915,,,1.0,ok,,local,0.69845915,5.364359
p45983_cfk,dynamicbind_asd,6,0.6980989,,,1.0,ok,,local,0.6980989,5.365113
p45983_cfk,dynamicbind_asd,7,0.696205,,,1.0,ok,,local,0.696205,5.344789
p45983_cfk,dynamicbind_asd,8,0.69604987,,,1.0,ok,,local,0.69604987,5.341142
p45983_cfk,dynamicbind_asd,9,0.6958149,,,1.0,ok,,local,0.6958149,5.33013
p45983_cfk,dynamicbind_asd,10,0.6954381,,,1.0,ok,,local,0.6954381,5.3453298
p45983_cfk,dynamicbind_asd,11,0.69521415,,,1.0,ok,,local,0.69521415,5.3284106
p45983_cfk,dynamicbind_asd,12,0.6948292,,,1.0,ok,,local,0.6948292,5.354808
p45983_cfk,dynamicbind_asd,13,0.69402355,,,1.0,ok,,local,0.69402355,5.3179326
p45983_cfk,dynamicbind_asd,14,0.6939054,,,1.0,ok,,local,0.6939054,5.3715906
p45983_cfk,dynamicbind_asd,15,0.69295645,,,1.0,ok,,local,0.69295645,5.3453374
p45983_cfk,dynamicbind_asd,16,0.6909996,,,1.0,ok,,local,0.6909996,5.2985444
p45983_cfk,dynamicbind_asd,17,0.68908036,,,1.0,ok,,local,0.68908036,5.3389616
p45983_cfk,dynamicbind_asd,18,0.68906623,,,1.0,ok,,local,0.68906623,5.347915
p45983_cfk,dynamicbind_asd,19,0.6861892,,,1.0,ok,,local,0.6861892,5.35335
p45983_cfk,dynamicbind_asd,20,0.68389744,,,1.0,ok,,local,0.68389744,5.3899927
p45983_cfk,dynamicbind_asd,21,0.6815207,,,1.0,ok,,local,0.6815207,5.3717937
p45983_cfk,dynamicbind_asd,22,0.68054175,,,1.0,ok,,local,0.68054175,5.3396664
p45983_cfk,dynamicbind_asd,23,0.6793803,,,1.0,ok,,local,0.6793803,5.3865333
p45983_cfk,dynamicbind_asd,24,0.6778008,,,1.0,ok,,local,0.6778008,5.353039
p45983_cfk,dynamicbind_asd,25,0.67713845,,,1.0,ok,,local,0.67713845,5.377948
p45983_cfk,dynamicbind_asd,26,0.67675745,,,1.0,ok,,local,0.67675745,5.3939476
p45983_cfk,dynamicbind_asd,27,0.67368466,,,1.0,ok,,local,0.67368466,5.3980904
p45983_cfk,dynamicbind_asd,28,0.6331249,,,1.0,ok,,local,0.6331249,5.7893424
p45983_cfk,dynamicbind_asd,29,0.61878645,,,1.0,ok,,local,0.61878645,5.7693853
p45983_gs7,dynamicbind_asd,0,0.6626103,1.1593798398971558,0.8602535724639893,1.0,ok,,local,0.6626103,7.5231614
p45983_gs7,dynamicbind_asd,1,0.660224,1.2157548666000366,0.8635880947113037,1.0,ok,,local,0.660224,7.583121
p45983_gs7,dynamicbind_asd,2,0.65297204,1.4269051551818848,0.8254565000534058,1.0,ok,,local,0.65297204,7.5328994
p45983_gs7,dynamicbind_asd,3,0.6523086,1.3808352947235107,0.8327006697654724,1.0,ok,,local,0.6523086,7.5887003
p45983_gs7,dynamicbind_asd,4,0.651003,1.357207179069519,0.8316649198532104,1.0,ok,,local,0.651003,7.480244
p45983_gs7,dynamicbind_asd,5,0.65077376,1.106253743171692,0.8194444179534912,1.0,ok,,local,0.65077376,7.6040688
p45983_gs7,dynamicbind_asd,6,0.6491328,1.2212388515472412,0.8681102395057678,1.0,ok,,local,0.6491328,7.391951
p45983_gs7,dynamicbind_asd,7,0.6490186,0.947009801864624,0.872184693813324,1.0,ok,,local,0.6490186,7.6071687
p45983_gs7,dynamicbind_asd,8,0.6489105,1.467814326286316,0.822971522808075,1.0,ok,,local,0.6489105,7.6288624
p45983_gs7,dynamicbind_asd,9,0.64799166,1.504876732826233,0.8168290257453918,1.0,ok,,local,0.64799166,7.277809
p45983_gs7,dynamicbind_asd,10,0.6461191,1.473472237586975,0.7983261346817017,1.0,ok,,local,0.6461191,7.460354
p45983_gs7,dynamicbind_asd,11,0.64525026,1.2097296714782715,0.8700549602508545,1.0,ok,,local,0.64525026,7.3568025
p45983_gs7,dynamicbind_asd,12,0.64436907,1.0126062631607056,0.8918401002883911,1.0,ok,,local,0.64436907,7.581566
p45983_gs7,dynamicbind_asd,13,0.64291215,1.5572506189346313,0.8225210905075073,1.0,ok,,local,0.64291215,7.307318
p45983_gs7,dynamicbind_asd,14,0.64278567,1.4376707077026367,0.8272379636764526,1.0,ok,,local,0.64278567,7.400592
p45983_gs7,dynamicbind_asd,15,0.64247173,1.5741486549377441,0.8002590537071228,1.0,ok,,local,0.64247173,7.451551
p45983_gs7,dynamicbind_asd,16,0.64235383,0.6965702176094055,0.9052987694740295,1.0,ok,,local,0.64235383,7.3338237
p45983_gs7,dynamicbind_asd,17,0.6419749,0.964045524597168,0.8233186602592468,1.0,ok,,local,0.6419749,7.523226
p45983_gs7,dynamicbind_asd,18,0.640782,0.6978130340576172,0.9402480125427246,1.0,ok,,local,0.640782,7.312661
p45983_gs7,dynamicbind_asd,19,0.63816756,1.6041864156723022,0.8263073563575745,1.0,ok,,local,0.63816756,7.4765544
p45983_gs7,dynamicbind_asd,20,0.63792455,1.417710542678833,0.7901400923728943,1.0,ok,,local,0.63792455,7.7191396
p45983_gs7,dynamicbind_asd,21,0.6373502,1.4900449514389038,0.8497312068939209,1.0,ok,,local,0.6373502,7.380925
p45983_gs7,dynamicbind_asd,22,0.6365464,1.5553147792816162,0.817669153213501,1.0,ok,,local,0.6365464,7.4396386
p45983_gs7,dynamicbind_asd,23,0.6344078,1.0438084602355957,0.8195530772209167,1.0,ok,,local,0.6344078,7.5045366
p45983_gs7,dynamicbind_asd,24,0.6338427,1.3674944639205933,0.789402186870575,1.0,ok,,local,0.6338427,7.408297
p45983_gs7,dynamicbind_asd,25,0.63027525,1.3227976560592651,0.8165388703346252,1.0,ok,,local,0.63027525,7.6737556
p45983_gs7,dynamicbind_asd,26,0.63015205,1.4694734811782837,0.7636802792549133,1.0,ok,,local,0.63015205,7.578406
p45983_gs7,dynamicbind_asd,27,0.6272628,1.3425991535186768,0.7965686321258545,1.0,ok,,local,0.6272628,7.5297885
p45983_gs7,dynamicbind_asd,28,0.6259322,0.9951286911964417,0.841803252696991,1.0,ok,,local,0.6259322,7.4293513
p45983_gs7,dynamicbind_asd,29,0.62212086,1.514289140701294,0.7781578898429871,1.0,ok,,local,0.62212086,7.582812
p47811_7zc,dynamicbind_asd,0,0.67399335,,,1.0,ok,,local,0.67399335,5.0173755
p47811_7zc,dynamicbind_asd,1,0.6601301,,,1.0,ok,,local,0.6601301,4.8326025
p47811_7zc,dynamicbind_asd,2,0.6581195,,,1.0,ok,,local,0.6581195,4.927198
p47811_7zc,dynamicbind_asd,3,0.6516491,,,1.0,ok,,local,0.6516491,4.959546
p47811_7zc,dynamicbind_asd,4,0.65135115,,,1.0,ok,,local,0.65135115,4.8385773
p47811_7zc,dynamicbind_asd,5,0.64801073,,,1.0,ok,,local,0.64801073,4.8304267
p47811_7zc,dynamicbind_asd,6,0.6451912,,,1.0,ok,,local,0.6451912,4.8677807
p47811_7zc,dynamicbind_asd,7,0.6435377,,,1.0,ok,,local,0.6435377,5.1803746
p47811_7zc,dynamicbind_asd,8,0.6389584,,,1.0,ok,,local,0.6389584,4.6691713
p47811_7zc,dynamicbind_asd,9,0.6359855,,,1.0,ok,,local,0.6359855,4.7079797
p47811_7zc,dynamicbind_asd,10,0.6359135,,,1.0,ok,,local,0.6359135,5.1501327
p47811_7zc,dynamicbind_asd,11,0.63580096,,,1.0,ok,,local,0.63580096,4.8172317
p47811_7zc,dynamicbind_asd,12,0.63018775,,,1.0,ok,,local,0.63018775,4.8715367
p47811_7zc,dynamicbind_asd,13,0.62584054,,,1.0,ok,,local,0.62584054,4.742535
p47811_7zc,dynamicbind_asd,14,0.62581575,,,1.0,ok,,local,0.62581575,4.7767086
p47811_7zc,dynamicbind_asd,15,0.62406564,,,1.0,ok,,local,0.62406564,4.8434753
p47811_7zc,dynamicbind_asd,16,0.6239049,,,1.0,ok,,local,0.6239049,4.7986465
p47811_7zc,dynamicbind_asd,17,0.6237054,,,1.0,ok,,local,0.6237054,4.816765
p47811_7zc,dynamicbind_asd,18,0.6227719,,,1.0,ok,,local,0.6227719,4.7255497
p47811_7zc,dynamicbind_asd,19,0.62272173,,,1.0,ok,,local,0.62272173,4.761134
p47811_7zc,dynamicbind_asd,20,0.62228847,,,1.0,ok,,local,0.62228847,4.913209
p47811_7zc,dynamicbind_asd,21,0.62125593,,,1.0,ok,,local,0.62125593,4.9481106
p47811_7zc,dynamicbind_asd,22,0.61213857,,,1.0,ok,,local,0.61213857,4.7703967
p47811_7zc,dynamicbind_asd,23,0.61000556,,,1.0,ok,,local,0.61000556,4.635275
p47811_7zc,dynamicbind_asd,24,0.60804516,,,1.0,ok,,local,0.60804516,4.7346797
p47811_7zc,dynamicbind_asd,25,0.6068387,,,1.0,ok,,local,0.6068387,4.0397887
p47811_7zc,dynamicbind_asd,26,0.6035878,,,1.0,ok,,local,0.6035878,3.8334296
p47811_7zc,dynamicbind_asd,27,0.60185087,,,1.0,ok,,local,0.60185087,4.5739036
p47811_7zc,dynamicbind_asd,28,0.59482604,,,1.0,ok,,local,0.59482604,4.7388673
p47811_7zc,dynamicbind_asd,29,0.5940145,,,1.0,ok,,local,0.5940145,5.085334
p47811_snv,dynamicbind_asd,0,0.71721125,13.37818717956543,0.04526916891336441,1.0,ok,,local,0.71721125,3.33134
p47811_snv,dynamicbind_asd,1,0.7169226,13.111860275268555,0.05991735681891441,1.0,ok,,local,0.7169226,3.508507
p47811_snv,dynamicbind_asd,2,0.6998594,14.117480278015137,0.03135593235492706,1.0,ok,,local,0.6998594,3.4846144
p47811_snv,dynamicbind_asd,3,0.6984508,13.811973571777344,0.03627622500061989,1.0,ok,,local,0.6984508,3.5917313
p47811_snv,dynamicbind_asd,4,0.6925681,28.624366760253906,0.0,1.0,ok,,local,0.6925681,2.5110784
p47811_snv,dynamicbind_asd,5,0.68816674,13.177558898925781,0.054221853613853455,1.0,ok,,local,0.68816674,3.7690406
p47811_snv,dynamicbind_asd,6,0.6872266,33.683265686035156,0.0,1.0,ok,,local,0.6872266,2.8265035
p47811_snv,dynamicbind_asd,7,0.6867497,13.390056610107422,0.05223880708217621,1.0,ok,,local,0.6867497,3.6710238
p47811_snv,dynamicbind_asd,8,0.6817069,13.399689674377441,0.04598662257194519,1.0,ok,,local,0.6817069,3.5364177
p47811_snv,dynamicbind_asd,9,0.6806707,13.344964027404785,0.05143338814377785,1.0,ok,,local,0.6806707,3.6898582
p47811_snv,dynamicbind_asd,10,0.68005455,13.814699172973633,0.027729636058211327,1.0,ok,,local,0.68005455,3.6270251
p47811_snv,dynamicbind_asd,11,0.67887574,13.516464233398438,0.031409166753292084,1.0,ok,,local,0.67887574,3.5734217
p47811_snv,dynamicbind_asd,12,0.6683336,13.385760307312012,0.04552845656871796,1.0,ok,,local,0.6683336,3.554013
p47811_snv,dynamicbind_asd,13,0.66399807,13.948055267333984,0.025305410847067833,1.0,ok,,local,0.66399807,3.6059647
p47811_snv,dynamicbind_asd,14,0.66315204,14.986928939819336,0.013333333656191826,1.0,ok,,local,0.66315204,2.9120598
p47811_snv,dynamicbind_asd,15,0.6625464,14.32997989654541,0.022687608376145363,1.0,ok,,local,0.6625464,3.849491
p47811_snv,dynamicbind_asd,16,0.6603184,32.899559020996094,0.0,1.0,ok,,local,0.6603184,2.8050497
p47811_snv,dynamicbind_asd,17,0.65773255,13.825121879577637,0.03242320939898491,1.0,ok,,local,0.65773255,3.6996617
p47811_snv,dynamicbind_asd,18,0.6539064,15.40398120880127,0.0906357392668724,1.0,ok,,local,0.6539064,3.292997
p47811_snv,dynamicbind_asd,19,0.65093094,13.974380493164062,0.021367521956562996,1.0,ok,,local,0.65093094,3.5348165
p47811_snv,dynamicbind_asd,20,0.6507261,14.237082481384277,0.02226027473807335,1.0,ok,,local,0.6507261,3.6334443
p47811_snv,dynamicbind_asd,21,0.64197075,14.302727699279785,0.011479591950774193,1.0,ok,,local,0.64197075,3.6388912
p47811_snv,dynamicbind_asd,22,0.6385748,15.454841613769531,0.05639730766415596,1.0,ok,,local,0.6385748,2.87759
p47811_snv,dynamicbind_asd,23,0.6294583,31.003929138183594,0.0,1.0,ok,,local,0.6294583,2.66426
p47811_snv,dynamicbind_asd,24,0.6290075,15.572391510009766,0.005434782709926367,1.0,ok,,local,0.6290075,3.1807945
p47811_snv,dynamicbind_asd,25,0.621299,17.278932571411133,0.0038407822139561176,1.0,ok,,local,0.621299,2.4034595
p47811_snv,dynamicbind_asd,26,0.6051108,31.739276885986328,0.0,1.0,ok,,local,0.6051108,2.373993
p47811_snv,dynamicbind_asd,27,0.60486704,38.06596755981445,0.0,1.0,ok,,local,0.60486704,3.8568623
p47811_snv,dynamicbind_asd,28,0.59988445,16.285327911376953,0.0036390102468430996,1.0,ok,,local,0.59988445,2.8727672
p47811_snv,dynamicbind_asd,29,0.5659005,12.771363258361816,0.054765887558460236,1.0,ok,,local,0.5659005,3.536571
p47811_sqp,dynamicbind_asd,0,0.6707533,,,1.0,ok,,local,0.6707533,3.1038136
p47811_sqp,dynamicbind_asd,1,0.6663763,,,1.0,ok,,local,0.6663763,2.916657
p47811_sqp,dynamicbind_asd,2,0.66022664,,,1.0,ok,,local,0.66022664,3.1828802
p47811_sqp,dynamicbind_asd,3,0.6590054,,,1.0,ok,,local,0.6590054,3.0377114
p47811_sqp,dynamicbind_asd,4,0.6467647,,,1.0,ok,,local,0.6467647,3.335251
p47811_sqp,dynamicbind_asd,5,0.6458041,,,1.0,ok,,local,0.6458041,3.2119496
p47811_sqp,dynamicbind_asd,6,0.64479506,,,1.0,ok,,local,0.64479506,2.8363416
p47811_sqp,dynamicbind_asd,7,0.6443267,,,1.0,ok,,local,0.6443267,3.0428853
p47811_sqp,dynamicbind_asd,8,0.6438898,,,1.0,ok,,local,0.6438898,2.8750803
p47811_sqp,dynamicbind_asd,9,0.64291173,,,1.0,ok,,local,0.64291173,2.8445613
p47811_sqp,dynamicbind_asd,10,0.6416544,,,1.0,ok,,local,0.6416544,2.8500106
p47811_sqp,dynamicbind_asd,11,0.6371903,,,1.0,ok,,local,0.6371903,3.013386
p47811_sqp,dynamicbind_asd,12,0.6363958,,,1.0,ok,,local,0.6363958,3.3102634
p47811_sqp,dynamicbind_asd,13,0.63637495,,,1.0,ok,,local,0.63637495,3.346458
p47811_sqp,dynamicbind_asd,14,0.63627493,,,1.0,ok,,local,0.63627493,3.2832255
p47811_sqp,dynamicbind_asd,15,0.6309089,,,1.0,ok,,local,0.6309089,3.3769734
p47811_sqp,dynamicbind_asd,16,0.6302035,,,1.0,ok,,local,0.6302035,3.3998125
p47811_sqp,dynamicbind_asd,17,0.62944263,,,1.0,ok,,local,0.62944263,2.7023613
p47811_sqp,dynamicbind_asd,18,0.6286761,,,1.0,ok,,local,0.6286761,3.1928859
p47811_sqp,dynamicbind_asd,19,0.6284767,,,1.0,ok,,local,0.6284767,2.7638848
p47811_sqp,dynamicbind_asd,20,0.62841916,,,1.0,ok,,local,0.62841916,3.276474
p47811_sqp,dynamicbind_asd,21,0.62786955,,,1.0,ok,,local,0.62786955,3.2272713
p47811_sqp,dynamicbind_asd,22,0.62759846,,,1.0,ok,,local,0.62759846,2.6753273
p47811_sqp,dynamicbind_asd,23,0.62746227,,,1.0,ok,,local,0.62746227,3.0663378
p47811_sqp,dynamicbind_asd,24,0.6240941,,,1.0,ok,,local,0.6240941,3.3498828
p47811_sqp,dynamicbind_asd,25,0.62324333,,,1.0,ok,,local,0.62324333,3.222876
p47811_sqp,dynamicbind_asd,26,0.6219418,,,1.0,ok,,local,0.6219418,3.3809545
p47811_sqp,dynamicbind_asd,27,0.6193207,,,1.0,ok,,local,0.6193207,3.3663383
p47811_sqp,dynamicbind_asd,28,0.6190794,,,1.0,ok,,local,0.6190794,3.1561332
p47811_sqp,dynamicbind_asd,29,0.6190755,,,1.0,ok,,local,0.6190755,3.0942705
p47811_sqp,dynamicbind_asd,30,0.61668736,,,1.0,ok,,local,0.61668736,3.3329232
p47811_sqp,dynamicbind_asd,31,0.61450636,,,1.0,ok,,local,0.61450636,3.2238808
p47811_sqp,dynamicbind_asd,32,0.61297786,,,1.0,ok,,local,0.61297786,3.3579404
p47811_sqp,dynamicbind_asd,33,0.610809,,,1.0,ok,,local,0.610809,3.2099028
p47811_sqp,dynamicbind_asd,34,0.5974544,,,1.0,ok,,local,0.5974544,3.2656543
p47811_sqp,dynamicbind_asd,35,0.5922798,,,1.0,ok,,local,0.5922798,3.186607
p47811_sqp,dynamicbind_asd,36,0.5901037,,,1.0,ok,,local,0.5901037,2.9605322
p47811_sqp,dynamicbind_asd,37,0.58855164,,,1.0,ok,,local,0.58855164,2.5894995
p47811_sqp,dynamicbind_asd,38,0.5805224,,,1.0,ok,,local,0.5805224,3.1803985
p47811_sqp,dynamicbind_asd,39,0.58050495,,,1.0,ok,,local,0.58050495,3.2386894
p48061_3gg,dynamicbind_asd,0,0.56192034,19.02044677734375,0.013573232106864452,0.984512634541117,ok,,local,0.56192034,4.0237184
p48061_3gg,dynamicbind_asd,1,0.54290795,12.56120777130127,0.12538109719753265,0.9859254636995834,ok,,local,0.54290795,4.4761467
p48061_3gg,dynamicbind_asd,2,0.5388509,15.168390274047852,0.009113001637160778,0.9812802574083584,ok,,local,0.5388509,4.421935
p48061_3gg,dynamicbind_asd,3,0.5351449,16.48476791381836,0.001610824721865356,0.9828332177679683,ok,,local,0.5351449,4.643279
p48061_3gg,dynamicbind_asd,4,0.5302962,16.49638557434082,0.0025071632117033005,0.9849750203179031,ok,,local,0.5302962,4.0194607
p48061_3gg,dynamicbind_asd,5,0.5246262,12.501144409179688,0.12017685174942017,0.986421522823754,ok,,local,0.5246262,4.395525
p48061_3gg,dynamicbind_asd,6,0.51478714,9.374699592590332,0.2286144644021988,0.9843814595483077,ok,,local,0.51478714,3.868813
p48061_3gg,dynamicbind_asd,7,0.5122439,16.525131225585938,0.001794258365407586,0.9842930571006587,ok,,local,0.5122439,4.617115
p48061_3gg,dynamicbind_asd,8,0.5032362,18.349275588989258,0.03213242441415787,0.9729102766339868,ok,,local,0.5032362,3.8253744
p48061_3gg,dynamicbind_asd,9,0.49881425,16.767528533935547,0.0030612244736403227,0.9865396189350027,ok,,local,0.49881425,3.8600786
p50616_549,dynamicbind_asd,0,0.41050023,,,1.0,ok,,local,0.41050023,2.7743127
p50616_549,dynamicbind_asd,1,0.39724702,,,1.0,ok,,local,0.39724702,3.2098472
p50616_549,dynamicbind_asd,2,0.367502,,,1.0,ok,,local,0.367502,2.7561615
p50616_549,dynamicbind_asd,3,0.35236746,,,1.0,ok,,local,0.35236746,2.9618537
p50616_549,dynamicbind_asd,4,0.35227737,,,1.0,ok,,local,0.35227737,2.90064
p50616_549,dynamicbind_asd,5,0.34046826,,,1.0,ok,,local,0.34046826,3.3582952
p50616_549,dynamicbind_asd,6,0.32932365,,,1.0,ok,,local,0.32932365,3.0256765
p50616_549,dynamicbind_asd,7,0.32152104,,,1.0,ok,,local,0.32152104,2.909616
p50616_549,dynamicbind_asd,8,0.31750178,,,1.0,ok,,local,0.31750178,3.2532277
p50616_549,dynamicbind_asd,9,0.28245533,,,1.0,ok,,local,0.28245533,4.3202953
p51449_4f1,dynamicbind_asd,0,0.6964927,,,1.0,ok,,local,0.6964927,7.257194
p51449_4f1,dynamicbind_asd,1,0.67298,,,1.0,ok,,local,0.67298,7.35128
p51449_4f1,dynamicbind_asd,2,0.66926575,,,1.0,ok,,local,0.66926575,7.323924
p51449_4f1,dynamicbind_asd,3,0.6672444,,,1.0,ok,,local,0.6672444,7.4011383
p51449_4f1,dynamicbind_asd,4,0.6642214,,,1.0,ok,,local,0.6642214,7.2880306
p51449_4f1,dynamicbind_asd,5,0.6514282,,,1.0,ok,,local,0.6514282,7.064841
p51449_4f1,dynamicbind_asd,6,0.6511739,,,1.0,ok,,local,0.6511739,7.112367
p51449_4f1,dynamicbind_asd,7,0.6495516,,,1.0,ok,,local,0.6495516,7.2766943
p51449_4f1,dynamicbind_asd,8,0.64513123,,,1.0,ok,,local,0.64513123,7.3642254
p51449_4f1,dynamicbind_asd,9,0.634908,,,1.0,ok,,local,0.634908,6.9448004
p51449_4f1,dynamicbind_asd,10,0.6159243,,,1.0,ok,,local,0.6159243,7.0061903
p51449_4f1,dynamicbind_asd,11,0.51703835,,,1.0,ok,,local,0.51703835,5.3299146
p51449_4f1,dynamicbind_asd,12,0.50104415,,,1.0,ok,,local,0.50104415,5.859055
p51449_4f1,dynamicbind_asd,13,0.4988003,,,1.0,ok,,local,0.4988003,5.5300117
p51449_4f1,dynamicbind_asd,14,0.49246925,,,1.0,ok,,local,0.49246925,5.3580914
p51449_4f1,dynamicbind_asd,15,0.4908482,,,1.0,ok,,local,0.4908482,5.0945644
p51449_4f1,dynamicbind_asd,16,0.48607406,,,1.0,ok,,local,0.48607406,4.9383545
p51449_4f1,dynamicbind_asd,17,0.48369002,,,1.0,ok,,local,0.48369002,5.8549786
p51449_4f1,dynamicbind_asd,18,0.47869247,,,1.0,ok,,local,0.47869247,6.0163913
p51449_4f1,dynamicbind_asd,19,0.47688407,,,1.0,ok,,local,0.47688407,5.6131945
p51449_4y5,dynamicbind_asd,0,0.68435884,13.58605670928955,0.0697823315858841,1.0,ok,,local,0.68435884,7.2056994
p51449_4y5,dynamicbind_asd,1,0.6843113,13.826794624328613,0.06616709381341934,1.0,ok,,local,0.6843113,7.3955536
p51449_4y5,dynamicbind_asd,2,0.68360275,13.900053977966309,0.053918495774269104,1.0,ok,,local,0.68360275,7.300103
p51449_4y5,dynamicbind_asd,3,0.6779848,14.085651397705078,0.052515722811222076,1.0,ok,,local,0.6779848,7.3768578
p51449_4y5,dynamicbind_asd,4,0.66960496,13.339364051818848,0.07930019497871399,1.0,ok,,local,0.66960496,7.6025
p51449_4y5,dynamicbind_asd,5,0.63044375,13.410786628723145,0.046341463923454285,1.0,ok,,local,0.63044375,7.0895925
p51449_4y5,dynamicbind_asd,6,0.61912656,13.383670806884766,0.07698313891887665,1.0,ok,,local,0.61912656,6.9193597
p51449_4y5,dynamicbind_asd,7,0.6169467,14.228907585144043,0.02810196578502655,1.0,ok,,local,0.6169467,7.08478
p51449_4y5,dynamicbind_asd,8,0.61352146,13.474336624145508,0.07377300411462784,1.0,ok,,local,0.61352146,7.3978305
p51449_4y5,dynamicbind_asd,9,0.61308104,13.903270721435547,0.026291513815522194,1.0,ok,,local,0.61308104,7.2122235
p51449_4y5,dynamicbind_asd,10,0.6129971,15.108933448791504,0.026589594781398773,1.0,ok,,local,0.6129971,7.1863074
p51449_4y5,dynamicbind_asd,11,0.60930175,14.37308406829834,0.03292242810130119,1.0,ok,,local,0.60930175,7.004568
p51449_4y5,dynamicbind_asd,12,0.60843563,13.380122184753418,0.04869141802191734,1.0,ok,,local,0.60843563,7.010223
p51449_4y5,dynamicbind_asd,13,0.58536685,13.528314590454102,0.056265585124492645,1.0,ok,,local,0.58536685,6.705407
p51449_4y5,dynamicbind_asd,14,0.5821016,13.379551887512207,0.06496556103229523,1.0,ok,,local,0.5821016,6.9415717
p51449_4y5,dynamicbind_asd,15,0.52164423,0.8080534934997559,0.7427685856819153,1.0,ok,,local,0.52164423,6.1628013
p51449_4y5,dynamicbind_asd,16,0.51508224,1.025770902633667,0.7374794483184814,1.0,ok,,local,0.51508224,5.856432
p51449_4y5,dynamicbind_asd,17,0.50582224,2.3437678813934326,0.6161634922027588,1.0,ok,,local,0.50582224,5.296661
p51449_4y5,dynamicbind_asd,18,0.5045036,1.1929043531417847,0.696704626083374,1.0,ok,,local,0.5045036,5.8591056
p51449_4y5,dynamicbind_asd,19,0.5039801,0.8830493688583374,0.775337815284729,1.0,ok,,local,0.5039801,5.8074017
p51449_4y5,dynamicbind_asd,20,0.4981729,2.3719398975372314,0.6176801919937134,1.0,ok,,local,0.4981729,5.2963963
p51449_4y5,dynamicbind_asd,21,0.49656603,2.463289976119995,0.6014359593391418,1.0,ok,,local,0.49656603,5.231236
p51449_4y5,dynamicbind_asd,22,0.49358156,2.356027841567993,0.605636477470398,1.0,ok,,local,0.49358156,5.2748637
p51449_4y5,dynamicbind_asd,23,0.491907,0.6616589426994324,0.7261512875556946,1.0,ok,,local,0.491907,6.069704
p51449_4y5,dynamicbind_asd,24,0.49045518,2.574841022491455,0.5481049418449402,1.0,ok,,local,0.49045518,5.3896904
p51449_4y5,dynamicbind_asd,25,0.48882553,0.9940081238746643,0.7411009669303894,1.0,ok,,local,0.48882553,5.7314963
p51449_4y5,dynamicbind_asd,26,0.48208207,2.324756622314453,0.5926691889762878,1.0,ok,,local,0.48208207,5.3597994
p51449_4y5,dynamicbind_asd,27,0.4789904,2.3935465812683105,0.608194887638092,1.0,ok,,local,0.4789904,5.333047
p51449_4y5,dynamicbind_asd,28,0.474868,1.0253746509552002,0.6958865523338318,1.0,ok,,local,0.474868,6.018528
p51449_4y5,dynamicbind_asd,29,0.4708983,2.57578444480896,0.5439882874488831,1.0,ok,,local,0.4708983,5.341952
p51449_4y6,dynamicbind_asd,0,0.7251211,,,1.0,ok,,local,0.7251211,7.438167
p51449_4y6,dynamicbind_asd,1,0.7250802,,,1.0,ok,,local,0.7250802,7.437891
p51449_4y6,dynamicbind_asd,2,0.72308105,,,1.0,ok,,local,0.72308105,7.28002
p51449_4y6,dynamicbind_asd,3,0.7196843,,,1.0,ok,,local,0.7196843,7.341335
p51449_4y6,dynamicbind_asd,4,0.71844995,,,1.0,ok,,local,0.71844995,7.186874
p51449_4y6,dynamicbind_asd,5,0.71132517,,,1.0,ok,,local,0.71132517,7.2474847
p51449_4y6,dynamicbind_asd,6,0.7104289,,,1.0,ok,,local,0.7104289,7.2231555
p51449_4y6,dynamicbind_asd,7,0.7086704,,,1.0,ok,,local,0.7086704,7.305943
p51449_4y6,dynamicbind_asd,8,0.7076782,,,1.0,ok,,local,0.7076782,7.3113456
p51449_4y6,dynamicbind_asd,9,0.7075514,,,1.0,ok,,local,0.7075514,7.260327
p51449_4y6,dynamicbind_asd,10,0.7054335,,,1.0,ok,,local,0.7054335,7.3385134
p51449_4y6,dynamicbind_asd,11,0.70182097,,,1.0,ok,,local,0.70182097,7.3176227
p51449_4y6,dynamicbind_asd,12,0.68017626,,,1.0,ok,,local,0.68017626,7.4355807
p51449_4y6,dynamicbind_asd,13,0.67691916,,,1.0,ok,,local,0.67691916,7.1347823
p51449_4y6,dynamicbind_asd,14,0.67596895,,,1.0,ok,,local,0.67596895,7.30622
p51449_4y6,dynamicbind_asd,15,0.6746323,,,1.0,ok,,local,0.6746323,7.089416
p51449_4y6,dynamicbind_asd,16,0.6744395,,,1.0,ok,,local,0.6744395,7.213328
p51449_4y6,dynamicbind_asd,17,0.67192876,,,1.0,ok,,local,0.67192876,7.0620146
p51449_4y6,dynamicbind_asd,18,0.67074263,,,1.0,ok,,local,0.67074263,7.0848193
p51449_4y6,dynamicbind_asd,19,0.6677137,,,1.0,ok,,local,0.6677137,7.3165317
p51449_4y6,dynamicbind_asd,20,0.6675518,,,1.0,ok,,local,0.6675518,7.185049
p51449_4y6,dynamicbind_asd,21,0.6668241,,,1.0,ok,,local,0.6668241,7.287858
p51449_4y6,dynamicbind_asd,22,0.6659564,,,1.0,ok,,local,0.6659564,7.234261
p51449_4y6,dynamicbind_asd,23,0.6586608,,,1.0,ok,,local,0.6586608,7.187392
p51449_4y6,dynamicbind_asd,24,0.6513489,,,1.0,ok,,local,0.6513489,7.0632067
p51449_4y6,dynamicbind_asd,25,0.6442397,,,1.0,ok,,local,0.6442397,7.297554
p51449_4y6,dynamicbind_asd,26,0.6438985,,,1.0,ok,,local,0.6438985,7.276112
p51449_4y6,dynamicbind_asd,27,0.6426811,,,1.0,ok,,local,0.6426811,7.0475426
p51449_4y6,dynamicbind_asd,28,0.6426401,,,1.0,ok,,local,0.6426401,7.553233
p51449_4y6,dynamicbind_asd,29,0.6345145,,,1.0,ok,,local,0.6345145,7.0686045
p51449_79u,dynamicbind_asd,0,0.6392719,14.433018684387207,0.03266402706503868,1.0,ok,,local,0.6392719,6.925061
p51449_79u,dynamicbind_asd,1,0.63485515,14.062321662902832,0.052010487765073776,1.0,ok,,local,0.63485515,7.096379
p51449_79u,dynamicbind_asd,2,0.6306371,14.454590797424316,0.04919976368546486,1.0,ok,,local,0.6306371,6.9247956
p51449_79u,dynamicbind_asd,3,0.6294414,14.782796859741211,0.029258400201797485,1.0,ok,,local,0.6294414,7.1862483
p51449_79u,dynamicbind_asd,4,0.62624305,14.816929817199707,0.036651454865932465,1.0,ok,,local,0.62624305,7.032825
p51449_79u,dynamicbind_asd,5,0.62545544,14.346285820007324,0.037264421582221985,1.0,ok,,local,0.62545544,7.010847
p51449_79u,dynamicbind_asd,6,0.6226451,15.097379684448242,0.03201901540160179,1.0,ok,,local,0.6226451,7.1491985
p51449_79u,dynamicbind_asd,7,0.6116739,14.5955171585083,0.039742838591337204,1.0,ok,,local,0.6116739,7.1331553
p51449_79u,dynamicbind_asd,8,0.6095706,13.3659086227417,0.0508425347507,1.0,ok,,local,0.6095706,6.7732806
p51449_79u,dynamicbind_asd,9,0.58937705,14.281586647033691,0.020808560773730278,1.0,ok,,local,0.58937705,6.9979963
p51449_79u,dynamicbind_asd,10,0.5851927,14.78032112121582,0.03539822995662689,1.0,ok,,local,0.5851927,7.112059
p51449_79u,dynamicbind_asd,11,0.5618797,14.760356903076172,0.0324237085878849,1.0,ok,,local,0.5618797,7.268664
p51449_79u,dynamicbind_asd,12,0.545679,15.058320999145508,0.03226744011044502,1.0,ok,,local,0.545679,7.287153
p51449_79u,dynamicbind_asd,13,0.53969836,1.0310977697372437,0.7350157499313354,1.0,ok,,local,0.53969836,5.1321115
p51449_79u,dynamicbind_asd,14,0.52473176,0.9124768972396851,0.7622349262237549,1.0,ok,,local,0.52473176,5.2548842
p51449_79u,dynamicbind_asd,15,0.52272844,2.6426379680633545,0.5712766051292419,1.0,ok,,local,0.52272844,4.8826895
p51449_79u,dynamicbind_asd,16,0.5147289,2.3199565410614014,0.5826359987258911,1.0,ok,,local,0.5147289,5.27596
p51449_79u,dynamicbind_asd,17,0.51014733,2.412010669708252,0.5894511938095093,1.0,ok,,local,0.51014733,4.6371627
p51449_79u,dynamicbind_asd,18,0.50890434,1.5881320238113403,0.6557226777076721,1.0,ok,,local,0.50890434,5.62685
p51449_79u,dynamicbind_asd,19,0.50782675,2.7482354640960693,0.5412440896034241,1.0,ok,,local,0.50782675,5.2002573
p51449_fjg,dynamicbind_asd,0,0.6610081,,,1.0,ok,,local,0.6610081,5.8596697
p51449_fjg,dynamicbind_asd,1,0.6543421,,,1.0,ok,,local,0.6543421,6.2492385
p51449_fjg,dynamicbind_asd,2,0.64301425,,,1.0,ok,,local,0.64301425,5.7837586
p51449_fjg,dynamicbind_asd,3,0.6404117,,,1.0,ok,,local,0.6404117,5.8014617
p51449_fjg,dynamicbind_asd,4,0.6398354,,,1.0,ok,,local,0.6398354,5.8115754
p51449_fjg,dynamicbind_asd,5,0.6354701,,,1.0,ok,,local,0.6354701,5.8729677
p51449_fjg,dynamicbind_asd,6,0.6354252,,,1.0,ok,,local,0.6354252,5.786469
p51449_fjg,dynamicbind_asd,7,0.6306149,,,1.0,ok,,local,0.6306149,5.818259
p51449_fjg,dynamicbind_asd,8,0.6270533,,,1.0,ok,,local,0.6270533,5.998384
p51449_fjg,dynamicbind_asd,9,0.6255625,,,1.0,ok,,local,0.6255625,5.5059814
p51449_fjg,dynamicbind_asd,10,0.62449086,,,1.0,ok,,local,0.62449086,6.0916624
p51449_fjg,dynamicbind_asd,11,0.6188918,,,1.0,ok,,local,0.6188918,6.7244873
p51449_fjg,dynamicbind_asd,12,0.61501265,,,1.0,ok,,local,0.61501265,5.714163
p51449_fjg,dynamicbind_asd,13,0.6094851,,,1.0,ok,,local,0.6094851,6.251292
p51449_fjg,dynamicbind_asd,14,0.607641,,,1.0,ok,,local,0.607641,6.3220024
p51449_fjg,dynamicbind_asd,15,0.60533494,,,1.0,ok,,local,0.60533494,5.5762515
p51449_fjg,dynamicbind_asd,16,0.6016992,,,1.0,ok,,local,0.6016992,5.959321
p51449_fjg,dynamicbind_asd,17,0.59501344,,,1.0,ok,,local,0.59501344,5.762451
p51449_fjg,dynamicbind_asd,18,0.5906982,,,1.0,ok,,local,0.5906982,6.023311
p51449_fjg,dynamicbind_asd,19,0.58198833,,,1.0,ok,,local,0.58198833,5.693418
p51449_fjg,dynamicbind_asd,20,0.5804798,,,1.0,ok,,local,0.5804798,6.179804
p51449_fjg,dynamicbind_asd,21,0.573678,,,1.0,ok,,local,0.573678,6.13784
p51449_fjg,dynamicbind_asd,22,0.5724307,,,1.0,ok,,local,0.5724307,6.0012627
p51449_fjg,dynamicbind_asd,23,0.5698115,,,1.0,ok,,local,0.5698115,6.531077
p51449_fjg,dynamicbind_asd,24,0.56347585,,,1.0,ok,,local,0.56347585,5.914924
p51449_fjg,dynamicbind_asd,25,0.5626856,,,1.0,ok,,local,0.5626856,5.8999066
p51449_fjg,dynamicbind_asd,26,0.5496863,,,1.0,ok,,local,0.5496863,5.941621
p51449_fjg,dynamicbind_asd,27,0.53352505,,,1.0,ok,,local,0.53352505,6.284734
p51449_fjg,dynamicbind_asd,28,0.51874346,,,1.0,ok,,local,0.51874346,6.6283836
p53355_47x,dynamicbind_asd,0,0.6989431,,,1.0,ok,,local,0.6989431,4.8993526
p53355_47x,dynamicbind_asd,1,0.698435,,,1.0,ok,,local,0.698435,5.048397
p53355_47x,dynamicbind_asd,2,0.6975581,,,1.0,ok,,local,0.6975581,4.9321203
p53355_47x,dynamicbind_asd,3,0.69573,,,1.0,ok,,local,0.69573,4.944466
p53355_47x,dynamicbind_asd,4,0.6952144,,,1.0,ok,,local,0.6952144,4.9409413
p53355_47x,dynamicbind_asd,5,0.6946741,,,1.0,ok,,local,0.6946741,5.0039735
p53355_47x,dynamicbind_asd,6,0.69411016,,,1.0,ok,,local,0.69411016,4.889635
p53355_47x,dynamicbind_asd,7,0.693361,,,1.0,ok,,local,0.693361,4.8618956
p53355_47x,dynamicbind_asd,8,0.69068915,,,1.0,ok,,local,0.69068915,4.8405786
p53355_47x,dynamicbind_asd,9,0.69046164,,,1.0,ok,,local,0.69046164,4.8690734
p53355_47x,dynamicbind_asd,10,0.6890714,,,1.0,ok,,local,0.6890714,4.8942933
p53355_47x,dynamicbind_asd,11,0.6884112,,,1.0,ok,,local,0.6884112,4.835861
p53355_47x,dynamicbind_asd,12,0.68813366,,,1.0,ok,,local,0.68813366,4.837253
p53355_47x,dynamicbind_asd,13,0.6877777,,,1.0,ok,,local,0.6877777,4.861564
p53355_47x,dynamicbind_asd,14,0.6873092,,,1.0,ok,,local,0.6873092,4.7380147
p53355_47x,dynamicbind_asd,15,0.6872952,,,1.0,ok,,local,0.6872952,4.9228144
p53355_47x,dynamicbind_asd,16,0.6853717,,,1.0,ok,,local,0.6853717,4.937239
p53355_47x,dynamicbind_asd,17,0.68491304,,,1.0,ok,,local,0.68491304,4.822549
p53355_47x,dynamicbind_asd,18,0.6848924,,,1.0,ok,,local,0.6848924,4.8666496
p53355_47x,dynamicbind_asd,19,0.6843357,,,1.0,ok,,local,0.6843357,4.909828
p53355_47x,dynamicbind_asd,20,0.6837568,,,1.0,ok,,local,0.6837568,4.5628476
p53355_47x,dynamicbind_asd,21,0.6830704,,,1.0,ok,,local,0.6830704,4.762996
p53355_47x,dynamicbind_asd,22,0.68276024,,,1.0,ok,,local,0.68276024,4.977818
p53355_47x,dynamicbind_asd,23,0.6824513,,,1.0,ok,,local,0.6824513,4.5792212
p53355_47x,dynamicbind_asd,24,0.6809368,,,1.0,ok,,local,0.6809368,4.8897185
p53355_47x,dynamicbind_asd,25,0.6736854,,,1.0,ok,,local,0.6736854,4.8689938
p53355_47x,dynamicbind_asd,26,0.6721555,,,1.0,ok,,local,0.6721555,4.964028
p53355_47x,dynamicbind_asd,27,0.6626331,,,1.0,ok,,local,0.6626331,4.8733497
p53355_47x,dynamicbind_asd,28,0.6615346,,,1.0,ok,,local,0.6615346,4.8845754
p53355_47x,dynamicbind_asd,29,0.65464073,,,1.0,ok,,local,0.65464073,4.9141183
p53355_kmp,dynamicbind_asd,0,0.6993917,,,1.0,ok,,local,0.6993917,4.5137477
p53355_kmp,dynamicbind_asd,1,0.6982964,,,1.0,ok,,local,0.6982964,4.4654093
p53355_kmp,dynamicbind_asd,2,0.69660723,,,1.0,ok,,local,0.69660723,4.4993405
p53355_kmp,dynamicbind_asd,3,0.69634414,,,1.0,ok,,local,0.69634414,4.5239396
p53355_kmp,dynamicbind_asd,4,0.69605875,,,1.0,ok,,local,0.69605875,4.54482
p53355_kmp,dynamicbind_asd,5,0.6930969,,,1.0,ok,,local,0.6930969,4.489369
p53355_kmp,dynamicbind_asd,6,0.69298714,,,1.0,ok,,local,0.69298714,4.708222
p53355_kmp,dynamicbind_asd,7,0.6917634,,,1.0,ok,,local,0.6917634,4.5169597
p53355_kmp,dynamicbind_asd,8,0.6912875,,,1.0,ok,,local,0.6912875,4.483883
p53355_kmp,dynamicbind_asd,9,0.69100064,,,1.0,ok,,local,0.69100064,4.730053
p53355_kmp,dynamicbind_asd,10,0.69064385,,,1.0,ok,,local,0.69064385,4.506221
p53355_kmp,dynamicbind_asd,11,0.6903864,,,1.0,ok,,local,0.6903864,4.5852714
p53355_kmp,dynamicbind_asd,12,0.69016826,,,1.0,ok,,local,0.69016826,4.502097
p53355_kmp,dynamicbind_asd,13,0.6884507,,,1.0,ok,,local,0.6884507,4.6028056
p53355_kmp,dynamicbind_asd,14,0.6884163,,,1.0,ok,,local,0.6884163,4.5582848
p53355_kmp,dynamicbind_asd,15,0.68803936,,,1.0,ok,,local,0.68803936,4.629077
p53355_kmp,dynamicbind_asd,16,0.6877463,,,1.0,ok,,local,0.6877463,4.603203
p53355_kmp,dynamicbind_asd,17,0.68647265,,,1.0,ok,,local,0.68647265,4.506789
p53355_kmp,dynamicbind_asd,18,0.68541443,,,1.0,ok,,local,0.68541443,4.5793037
p53355_kmp,dynamicbind_asd,19,0.6850264,,,1.0,ok,,local,0.6850264,4.6414394
p53355_kmp,dynamicbind_asd,20,0.68379873,,,1.0,ok,,local,0.68379873,4.0912967
p53355_kmp,dynamicbind_asd,21,0.6814938,,,1.0,ok,,local,0.6814938,4.5282383
p53355_kmp,dynamicbind_asd,22,0.68143326,,,1.0,ok,,local,0.68143326,4.73832
p53355_kmp,dynamicbind_asd,23,0.6801496,,,1.0,ok,,local,0.6801496,4.76201
p53355_kmp,dynamicbind_asd,24,0.6799427,,,1.0,ok,,local,0.6799427,4.3629355
p53355_kmp,dynamicbind_asd,25,0.6775988,,,1.0,ok,,local,0.6775988,4.607805
p53355_kmp,dynamicbind_asd,26,0.6756317,,,1.0,ok,,local,0.6756317,4.7591424
p53355_kmp,dynamicbind_asd,27,0.67423403,,,1.0,ok,,local,0.67423403,4.3676324
p53355_kmp,dynamicbind_asd,28,0.67418754,,,1.0,ok,,local,0.67418754,4.4355726
p53355_kmp,dynamicbind_asd,29,0.6392647,,,1.0,ok,,local,0.6392647,4.3084674
p53355_lu2,dynamicbind_asd,0,0.71961683,2.9523916244506836,0.5686274766921997,1.0,ok,,local,0.71961683,4.6455693
p53355_lu2,dynamicbind_asd,1,0.7155892,2.9795007705688477,0.5708571672439575,1.0,ok,,local,0.7155892,4.67932
p53355_lu2,dynamicbind_asd,2,0.71547395,2.8712594509124756,0.5765011310577393,1.0,ok,,local,0.71547395,4.624032
p53355_lu2,dynamicbind_asd,3,0.71547145,3.1030969619750977,0.541426956653595,1.0,ok,,local,0.71547145,4.6414332
p53355_lu2,dynamicbind_asd,4,0.7136231,3.1215250492095947,0.5540229678153992,1.0,ok,,local,0.7136231,4.6549997
p53355_lu2,dynamicbind_asd,5,0.71238524,2.8771307468414307,0.584482729434967,1.0,ok,,local,0.71238524,4.6201634
p53355_lu2,dynamicbind_asd,6,0.70908904,2.729548454284668,0.6238179802894592,1.0,ok,,local,0.70908904,4.5327897
p53355_lu2,dynamicbind_asd,7,0.7063224,3.240997791290283,0.5189265608787537,1.0,ok,,local,0.7063224,4.421116
p53355_lu2,dynamicbind_asd,8,0.70615935,2.993912696838379,0.5582946538925171,1.0,ok,,local,0.70615935,4.680441
p53355_lu2,dynamicbind_asd,9,0.7058386,3.180830240249634,0.5150334239006042,1.0,ok,,local,0.7058386,4.4019012
p53355_lu2,dynamicbind_asd,10,0.7057217,3.2662997245788574,0.5253093242645264,1.0,ok,,local,0.7057217,4.442045
p53355_lu2,dynamicbind_asd,11,0.7048847,2.7441627979278564,0.6304994225502014,1.0,ok,,local,0.7048847,4.52634
p53355_lu2,dynamicbind_asd,12,0.70429546,0.6864498257637024,0.8788209557533264,1.0,ok,,local,0.70429546,4.380749
p53355_lu2,dynamicbind_asd,13,0.70414734,3.199263334274292,0.528434693813324,1.0,ok,,local,0.70414734,4.4067693
p53355_lu2,dynamicbind_asd,14,0.70364547,2.9093735218048096,0.568129301071167,1.0,ok,,local,0.70364547,4.6555877
p53355_lu2,dynamicbind_asd,15,0.70185006,3.088463068008423,0.5351170301437378,1.0,ok,,local,0.70185006,4.365529
p53355_lu2,dynamicbind_asd,16,0.7005903,3.2700932025909424,0.509765625,1.0,ok,,local,0.7005903,4.4640937
p53355_lu2,dynamicbind_asd,17,0.6998624,3.135747194290161,0.535876989364624,1.0,ok,,local,0.6998624,4.6402054
p53355_lu2,dynamicbind_asd,18,0.6986768,0.7377983927726746,0.8985294103622437,1.0,ok,,local,0.6986768,4.4496202
p53355_lu2,dynamicbind_asd,19,0.6977426,3.2319602966308594,0.5144557952880859,1.0,ok,,local,0.6977426,4.4431863
p53355_lu2,dynamicbind_asd,20,0.6974542,3.1015281677246094,0.538611114025116,1.0,ok,,local,0.6974542,4.3513927
p53355_lu2,dynamicbind_asd,21,0.6961986,0.7005305886268616,0.8684582710266113,1.0,ok,,local,0.6961986,4.3376575
p53355_lu2,dynamicbind_asd,22,0.69468164,0.558326244354248,0.905414879322052,1.0,ok,,local,0.69468164,4.374894
p53355_lu2,dynamicbind_asd,23,0.6934861,3.0347402095794678,0.5435912013053894,1.0,ok,,local,0.6934861,4.462627
p53355_lu2,dynamicbind_asd,24,0.6913758,3.1042709350585938,0.5349099040031433,1.0,ok,,local,0.6913758,4.4532804
p53355_lu2,dynamicbind_asd,25,0.68864536,0.5995674133300781,0.9037911295890808,1.0,ok,,local,0.68864536,4.356285
p53355_lu2,dynamicbind_asd,26,0.6863746,0.8245539665222168,0.8587731719017029,1.0,ok,,local,0.6863746,4.3721795
p53355_lu2,dynamicbind_asd,27,0.6821095,0.4977428615093231,0.9383260011672974,1.0,ok,,local,0.6821095,4.480937
p53355_lu2,dynamicbind_asd,28,0.6779531,0.8842142820358276,0.852672278881073,1.0,ok,,local,0.6779531,4.386091
p53355_lu2,dynamicbind_asd,29,0.67398876,0.7767090201377869,0.8782798647880554,1.0,ok,,local,0.67398876,4.4694605
p53667_9db,dynamicbind_asd,0,0.6582691,1.7033759355545044,0.7360547780990601,1.0,ok,,local,0.6582691,8.06296
p53667_9db,dynamicbind_asd,1,0.65328676,1.4943252801895142,0.7685845494270325,1.0,ok,,local,0.65328676,7.808234
p53667_9db,dynamicbind_asd,2,0.6486855,1.9106026887893677,0.7038201093673706,1.0,ok,,local,0.6486855,8.045894
p53667_9db,dynamicbind_asd,3,0.6468913,1.74521803855896,0.732810914516449,1.0,ok,,local,0.6468913,7.9334164
p53667_9db,dynamicbind_asd,4,0.64670146,1.838623046875,0.7177103757858276,1.0,ok,,local,0.64670146,8.051374
p53667_9db,dynamicbind_asd,5,0.6453502,1.8835537433624268,0.7198318243026733,1.0,ok,,local,0.6453502,8.061708
p53667_9db,dynamicbind_asd,6,0.6375638,8.666773796081543,0.2812252938747406,1.0,ok,,local,0.6375638,8.004831
p53667_9db,dynamicbind_asd,7,0.63633156,2.8400685787200928,0.5954502820968628,1.0,ok,,local,0.63633156,8.130077
p53667_9db,dynamicbind_asd,8,0.62517506,2.6327884197235107,0.5367428064346313,1.0,ok,,local,0.62517506,8.173778
p53667_9db,dynamicbind_asd,9,0.6247987,2.786391019821167,0.5997695922851562,1.0,ok,,local,0.6247987,8.231744
p53667_9db,dynamicbind_asd,10,0.6232579,3.434248208999634,0.5630797743797302,1.0,ok,,local,0.6232579,8.154557
p53667_9db,dynamicbind_asd,11,0.6162309,1.6724462509155273,0.6304466128349304,1.0,ok,,local,0.6162309,8.29714
p53667_9db,dynamicbind_asd,12,0.6117489,2.5439975261688232,0.5542828440666199,1.0,ok,,local,0.6117489,8.410639
p53667_9db,dynamicbind_asd,13,0.6086504,1.9067212343215942,0.6296891570091248,1.0,ok,,local,0.6086504,7.9069304
p53667_9db,dynamicbind_asd,14,0.60363317,1.3570717573165894,0.6888267993927002,1.0,ok,,local,0.60363317,7.9900327
p53667_9db,dynamicbind_asd,15,0.59872603,1.6022840738296509,0.6392472982406616,1.0,ok,,local,0.59872603,8.097536
p53667_9db,dynamicbind_asd,16,0.5974641,4.346269607543945,0.4106678366661072,1.0,ok,,local,0.5974641,8.281663
p53667_9db,dynamicbind_asd,17,0.59631526,3.594895124435425,0.4585181772708893,1.0,ok,,local,0.59631526,8.576089
p53667_9db,dynamicbind_asd,18,0.5903724,4.77475643157959,0.3665957450866699,1.0,ok,,local,0.5903724,8.233975
p53667_9db,dynamicbind_asd,19,0.5829196,3.621344804763794,0.45680394768714905,1.0,ok,,local,0.5829196,8.327625
p53667_lh0,dynamicbind_asd,0,0.6881096,,,1.0,ok,,local,0.6881096,7.945161
p53667_lh0,dynamicbind_asd,1,0.6806567,,,1.0,ok,,local,0.6806567,8.163331
p53667_lh0,dynamicbind_asd,2,0.67923373,,,1.0,ok,,local,0.67923373,7.961705
p53667_lh0,dynamicbind_asd,3,0.6740155,,,1.0,ok,,local,0.6740155,7.872724
p53667_lh0,dynamicbind_asd,4,0.66932684,,,1.0,ok,,local,0.66932684,8.105672
p53667_lh0,dynamicbind_asd,5,0.6666749,,,1.0,ok,,local,0.6666749,8.046188
p53667_lh0,dynamicbind_asd,6,0.66609794,,,1.0,ok,,local,0.66609794,7.9030695
p53667_lh0,dynamicbind_asd,7,0.66334856,,,1.0,ok,,local,0.66334856,8.1467905
p53667_lh0,dynamicbind_asd,8,0.6623272,,,1.0,ok,,local,0.6623272,8.61266
p53667_lh0,dynamicbind_asd,9,0.65087706,,,1.0,ok,,local,0.65087706,7.6958737
p53667_lh0,dynamicbind_asd,10,0.6482451,,,1.0,ok,,local,0.6482451,8.072628
p53667_lh0,dynamicbind_asd,11,0.6470324,,,1.0,ok,,local,0.6470324,7.99732
p53667_lh0,dynamicbind_asd,12,0.6311918,,,1.0,ok,,local,0.6311918,7.613957
p53667_lh0,dynamicbind_asd,13,0.61889666,,,1.0,ok,,local,0.61889666,7.7992287
p53667_lh0,dynamicbind_asd,14,0.6187931,,,1.0,ok,,local,0.6187931,7.550818
p53667_lh0,dynamicbind_asd,15,0.61223143,,,1.0,ok,,local,0.61223143,7.580421
p53667_lh0,dynamicbind_asd,16,0.6030352,,,1.0,ok,,local,0.6030352,8.359549
p53667_lh0,dynamicbind_asd,17,0.5983026,,,1.0,ok,,local,0.5983026,7.7220984
p53667_lh0,dynamicbind_asd,18,0.47453228,,,1.0,ok,,local,0.47453228,8.185796
p53667_lh0,dynamicbind_asd,19,0.4379265,,,1.0,ok,,local,0.4379265,8.388278
p53779_46c,dynamicbind_asd,0,0.67015946,37.90401077270508,0.0,1.0,ok,,local,0.67015946,7.341821
p53779_46c,dynamicbind_asd,1,0.66468626,37.72175979614258,0.0,1.0,ok,,local,0.66468626,7.3386416
p53779_46c,dynamicbind_asd,2,0.6637005,36.51374816894531,0.0,1.0,ok,,local,0.6637005,7.1571684
p53779_46c,dynamicbind_asd,3,0.6635546,37.634803771972656,0.0,1.0,ok,,local,0.6635546,7.2416067
p53779_46c,dynamicbind_asd,4,0.6613989,36.76097106933594,0.0,1.0,ok,,local,0.6613989,7.1471334
p53779_46c,dynamicbind_asd,5,0.66097605,38.23955535888672,0.0,1.0,ok,,local,0.66097605,7.3357596
p53779_46c,dynamicbind_asd,6,0.6562512,36.438148498535156,0.0,1.0,ok,,local,0.6562512,7.129813
p53779_46c,dynamicbind_asd,7,0.6531062,36.43408966064453,0.0,1.0,ok,,local,0.6531062,7.125747
p53779_46c,dynamicbind_asd,8,0.643028,36.00040817260742,0.0,1.0,ok,,local,0.643028,7.254753
p53779_46c,dynamicbind_asd,9,0.6390631,37.237606048583984,0.0,1.0,ok,,local,0.6390631,7.4852695
p53779_46c,dynamicbind_asd,10,0.6272109,36.121177673339844,0.0,1.0,ok,,local,0.6272109,7.2974887
p53779_46c,dynamicbind_asd,11,0.62315017,39.19426727294922,0.0,1.0,ok,,local,0.62315017,7.999667
p53779_46c,dynamicbind_asd,12,0.61855936,35.61618423461914,0.0,1.0,ok,,local,0.61855936,7.1580596
p53779_46c,dynamicbind_asd,13,0.61665916,35.35658264160156,0.0,1.0,ok,,local,0.61665916,7.519466
p53779_46c,dynamicbind_asd,14,0.6152912,39.87617492675781,0.0,1.0,ok,,local,0.6152912,7.9864264
p53779_46c,dynamicbind_asd,15,0.61329633,35.834529876708984,0.0,1.0,ok,,local,0.61329633,7.392014
p53779_46c,dynamicbind_asd,16,0.61019814,34.906280517578125,0.0,1.0,ok,,local,0.61019814,6.9336023
p53779_46c,dynamicbind_asd,17,0.6032437,34.67282485961914,0.0,1.0,ok,,local,0.6032437,7.112811
p53779_46c,dynamicbind_asd,18,0.60251474,35.66340255737305,0.0,1.0,ok,,local,0.60251474,7.3163548
p53779_46c,dynamicbind_asd,19,0.60214454,35.59762191772461,0.0,1.0,ok,,local,0.60214454,7.0533943
p53779_46c,dynamicbind_asd,20,0.59937036,36.896217346191406,0.0,1.0,ok,,local,0.59937036,7.509454
p53779_46c,dynamicbind_asd,21,0.5977552,39.380088806152344,0.0,1.0,ok,,local,0.5977552,7.9232407
p53779_46c,dynamicbind_asd,22,0.591745,38.498165130615234,0.0,1.0,ok,,local,0.591745,7.679155
p53779_46c,dynamicbind_asd,23,0.5872133,34.408878326416016,0.0,1.0,ok,,local,0.5872133,7.384889
p53779_46c,dynamicbind_asd,24,0.58436286,34.138545989990234,0.0,1.0,ok,,local,0.58436286,7.082562
p53779_46c,dynamicbind_asd,25,0.58386785,34.400421142578125,0.0,1.0,ok,,local,0.58386785,7.0914416
p53779_46c,dynamicbind_asd,26,0.5783855,34.682701110839844,0.0,1.0,ok,,local,0.5783855,7.2698584
p53779_46c,dynamicbind_asd,27,0.5772352,34.608909606933594,0.0,1.0,ok,,local,0.5772352,7.3096347
p53779_46c,dynamicbind_asd,28,0.5708082,34.76738739013672,0.0,1.0,ok,,local,0.5708082,7.360232
p53779_46c,dynamicbind_asd,29,0.53002036,38.68230438232422,0.0,1.0,ok,,local,0.53002036,7.7898507
p53779_9hp,dynamicbind_asd,0,0.67935425,8.092545509338379,0.20066611468791962,1.0,ok,,local,0.67935425,6.8714714
p53779_9hp,dynamicbind_asd,1,0.67913514,1.006983995437622,0.81094890832901,1.0,ok,,local,0.67913514,6.029693
p53779_9hp,dynamicbind_asd,2,0.67876786,8.046135902404785,0.1990894079208374,1.0,ok,,local,0.67876786,6.7984886
p53779_9hp,dynamicbind_asd,3,0.67751133,7.951018810272217,0.17559263110160828,1.0,ok,,local,0.67751133,6.8430233
p53779_9hp,dynamicbind_asd,4,0.67564106,1.066339135169983,0.7972779273986816,1.0,ok,,local,0.67564106,5.9993987
p53779_9hp,dynamicbind_asd,5,0.6744179,8.128905296325684,0.17728470265865326,1.0,ok,,local,0.6744179,6.9377737
p53779_9hp,dynamicbind_asd,6,0.6725576,0.8946481943130493,0.7686781883239746,1.0,ok,,local,0.6725576,5.971213
p53779_9hp,dynamicbind_asd,7,0.6715146,0.6556456685066223,0.786541223526001,1.0,ok,,local,0.6715146,6.0281205
p53779_9hp,dynamicbind_asd,8,0.6708157,0.5407142043113708,0.7917867302894592,1.0,ok,,local,0.6708157,6.016468
p53779_9hp,dynamicbind_asd,9,0.67047775,8.041482925415039,0.20105041563510895,1.0,ok,,local,0.67047775,6.8520083
p53779_9hp,dynamicbind_asd,10,0.67031264,0.4624742865562439,0.785663366317749,1.0,ok,,local,0.67031264,6.027631
p53779_9hp,dynamicbind_asd,11,0.66946393,0.46428409218788147,0.7830459475517273,1.0,ok,,local,0.66946393,6.052473
p53779_9hp,dynamicbind_asd,12,0.66899264,8.226605415344238,0.20119933784008026,1.0,ok,,local,0.66899264,6.794237
p53779_9hp,dynamicbind_asd,13,0.6678002,0.8117745518684387,0.7908309698104858,1.0,ok,,local,0.6678002,5.992035
p53779_9hp,dynamicbind_asd,14,0.6639322,0.6265912055969238,0.9241774082183838,1.0,ok,,local,0.6639322,6.039485
p53779_9hp,dynamicbind_asd,15,0.65825135,0.497242271900177,0.9594202637672424,1.0,ok,,local,0.65825135,6.016548
p53779_9hp,dynamicbind_asd,16,0.657748,0.9092605113983154,0.7588401436805725,1.0,ok,,local,0.657748,6.053728
p53779_9hp,dynamicbind_asd,17,0.6576665,0.5339024662971497,0.9239436388015747,1.0,ok,,local,0.6576665,5.982402
p53779_9hp,dynamicbind_asd,18,0.65597993,3.331101417541504,0.4854166805744171,1.0,ok,,local,0.65597993,6.5018125
p53779_9hp,dynamicbind_asd,19,0.655785,0.9464688897132874,0.8757225275039673,1.0,ok,,local,0.655785,6.1379113
p53779_9hp,dynamicbind_asd,20,0.65504694,0.9293819069862366,0.7343527674674988,1.0,ok,,local,0.65504694,6.0522013
p53779_9hp,dynamicbind_asd,21,0.653875,0.7402447462081909,0.881489098072052,1.0,ok,,local,0.653875,6.051984
p53779_9hp,dynamicbind_asd,22,0.6527028,3.4085206985473633,0.4680406153202057,1.0,ok,,local,0.6527028,6.491046
p53779_9hp,dynamicbind_asd,23,0.6522352,3.2439043521881104,0.4740373492240906,1.0,ok,,local,0.6522352,6.5457096
p53779_9hp,dynamicbind_asd,24,0.6497927,3.428234338760376,0.45543980598449707,1.0,ok,,local,0.6497927,6.3691664
p53779_9hp,dynamicbind_asd,25,0.6472687,3.5452146530151367,0.44803693890571594,1.0,ok,,local,0.6472687,6.3250775
p53779_9hp,dynamicbind_asd,26,0.64577436,3.1353907585144043,0.505059540271759,1.0,ok,,local,0.64577436,6.489416
p53779_9hp,dynamicbind_asd,27,0.636637,3.2732911109924316,0.4864705801010132,1.0,ok,,local,0.636637,6.3395243
p53779_9hp,dynamicbind_asd,28,0.6247406,3.358506917953491,0.49261486530303955,1.0,ok,,local,0.6247406,6.285843
p53779_9hp,dynamicbind_asd,29,0.56649125,6.9127373695373535,0.1756633073091507,1.0,ok,,local,0.56649125,6.3688064
p53779_c0m,dynamicbind_asd,0,0.6330064,,,1.0,ok,,local,0.6330064,6.908142
p53779_c0m,dynamicbind_asd,1,0.62638104,,,1.0,ok,,local,0.62638104,6.821927
p53779_c0m,dynamicbind_asd,2,0.618793,,,1.0,ok,,local,0.618793,6.8467298
p53779_c0m,dynamicbind_asd,3,0.61820513,,,1.0,ok,,local,0.61820513,6.902595
p53779_c0m,dynamicbind_asd,4,0.61674774,,,1.0,ok,,local,0.61674774,6.5940523
p53779_c0m,dynamicbind_asd,5,0.61125606,,,1.0,ok,,local,0.61125606,6.429535
p53779_c0m,dynamicbind_asd,6,0.6095594,,,1.0,ok,,local,0.6095594,7.064964
p53779_c0m,dynamicbind_asd,7,0.60908365,,,1.0,ok,,local,0.60908365,6.390904
p53779_c0m,dynamicbind_asd,8,0.60805273,,,1.0,ok,,local,0.60805273,6.3474417
p53779_c0m,dynamicbind_asd,9,0.6079318,,,1.0,ok,,local,0.6079318,6.56117
p53779_c0m,dynamicbind_asd,10,0.6072412,,,1.0,ok,,local,0.6072412,6.6288037
p53779_c0m,dynamicbind_asd,11,0.60644305,,,1.0,ok,,local,0.60644305,6.8806415
p53779_c0m,dynamicbind_asd,12,0.6033439,,,1.0,ok,,local,0.6033439,6.73513
p53779_c0m,dynamicbind_asd,13,0.60158926,,,1.0,ok,,local,0.60158926,6.953074
p53779_c0m,dynamicbind_asd,14,0.60046923,,,1.0,ok,,local,0.60046923,6.4032965
p53779_c0m,dynamicbind_asd,15,0.59519523,,,1.0,ok,,local,0.59519523,6.458202
p53779_c0m,dynamicbind_asd,16,0.592365,,,1.0,ok,,local,0.592365,6.621697
p53779_c0m,dynamicbind_asd,17,0.5920465,,,1.0,ok,,local,0.5920465,6.6845713
p53779_c0m,dynamicbind_asd,18,0.5914887,,,1.0,ok,,local,0.5914887,6.4397635
p53779_c0m,dynamicbind_asd,19,0.5873455,,,1.0,ok,,local,0.5873455,6.7628765
p53779_c0m,dynamicbind_asd,20,0.58528996,,,1.0,ok,,local,0.58528996,6.7527056
p53779_c0m,dynamicbind_asd,21,0.584461,,,1.0,ok,,local,0.584461,6.8155575
p53779_c0m,dynamicbind_asd,22,0.5837167,,,1.0,ok,,local,0.5837167,6.6764584
p53779_c0m,dynamicbind_asd,23,0.58153343,,,1.0,ok,,local,0.58153343,6.329045
p53779_c0m,dynamicbind_asd,24,0.57812524,,,1.0,ok,,local,0.57812524,6.387864
p53779_c0m,dynamicbind_asd,25,0.5668732,,,1.0,ok,,local,0.5668732,6.584996
p53779_c0m,dynamicbind_asd,26,0.56595826,,,1.0,ok,,local,0.56595826,6.893918
p53779_c0m,dynamicbind_asd,27,0.5658569,,,1.0,ok,,local,0.5658569,6.770689
p53779_c0m,dynamicbind_asd,28,0.5468907,,,1.0,ok,,local,0.5468907,6.735582
p53779_c0m,dynamicbind_asd,29,0.524398,,,1.0,ok,,local,0.524398,6.56562
p60568_mhc,dynamicbind_asd,0,0.4165432,,,1.0,ok,,local,0.4165432,4.8704534
p60568_mhc,dynamicbind_asd,1,0.41535172,,,1.0,ok,,local,0.41535172,4.323519
p60568_mhc,dynamicbind_asd,2,0.4134036,,,1.0,ok,,local,0.4134036,5.76177
p60568_mhc,dynamicbind_asd,3,0.39275,,,1.0,ok,,local,0.39275,4.172718
p60568_mhc,dynamicbind_asd,4,0.38881788,,,1.0,ok,,local,0.38881788,5.0858636
p60568_mhc,dynamicbind_asd,5,0.38820714,,,1.0,ok,,local,0.38820714,3.371297
p60568_mhc,dynamicbind_asd,6,0.38780907,,,1.0,ok,,local,0.38780907,5.073388
p60568_mhc,dynamicbind_asd,7,0.3871795,,,1.0,ok,,local,0.3871795,4.643136
p60568_mhc,dynamicbind_asd,8,0.3860327,,,1.0,ok,,local,0.3860327,5.265483
p60568_mhc,dynamicbind_asd,9,0.3847733,,,1.0,ok,,local,0.3847733,4.77937
p60568_mhc,dynamicbind_asd,10,0.38203663,,,1.0,ok,,local,0.38203663,4.9604216
p60568_mhc,dynamicbind_asd,11,0.37118882,,,1.0,ok,,local,0.37118882,4.1693254
p60568_mhc,dynamicbind_asd,12,0.37094295,,,1.0,ok,,local,0.37094295,5.1587815
p60568_mhc,dynamicbind_asd,13,0.37065157,,,1.0,ok,,local,0.37065157,5.6182613
p60568_mhc,dynamicbind_asd,14,0.3688862,,,1.0,ok,,local,0.3688862,3.6647592
p60568_mhc,dynamicbind_asd,15,0.36388335,,,1.0,ok,,local,0.36388335,4.488097
p60568_mhc,dynamicbind_asd,16,0.35054195,,,1.0,ok,,local,0.35054195,3.2243981
p60568_mhc,dynamicbind_asd,17,0.3467679,,,1.0,ok,,local,0.3467679,4.482289
p60568_mhc,dynamicbind_asd,18,0.3288953,,,1.0,ok,,local,0.3288953,4.9916234
p60568_mhc,dynamicbind_asd,19,0.30673996,,,1.0,ok,,local,0.30673996,4.513381
p60568_mpe,dynamicbind_asd,0,0.4992185,32.480655670166016,0.0,1.0,ok,,local,0.4992185,4.4119396
p60568_mpe,dynamicbind_asd,1,0.49082893,31.728649139404297,0.0,1.0,ok,,local,0.49082893,5.03572
p60568_mpe,dynamicbind_asd,2,0.48595712,29.01896858215332,0.0,1.0,ok,,local,0.48595712,4.7126727
p60568_mpe,dynamicbind_asd,3,0.4812739,29.536375045776367,0.0,1.0,ok,,local,0.4812739,5.224418
p60568_mpe,dynamicbind_asd,4,0.47002006,32.04177474975586,0.0,1.0,ok,,local,0.47002006,4.3758793
p60568_mpe,dynamicbind_asd,5,0.47000965,31.671897888183594,0.0,1.0,ok,,local,0.47000965,4.8163295
p60568_mpe,dynamicbind_asd,6,0.46281174,30.65851402282715,0.0,1.0,ok,,local,0.46281174,5.0859942
p60568_mpe,dynamicbind_asd,7,0.44293463,10.497587203979492,0.1733931303024292,1.0,ok,,local,0.44293463,3.6481948
p60568_mpe,dynamicbind_asd,8,0.4305039,25.880966186523438,0.0,1.0,ok,,local,0.4305039,5.881423
p60568_mpe,dynamicbind_asd,9,0.42857662,28.119470596313477,0.0,1.0,ok,,local,0.42857662,4.5596166
p60568_mpe,dynamicbind_asd,10,0.42612812,23.48586082458496,0.0,1.0,ok,,local,0.42612812,5.5030503
p60568_mpe,dynamicbind_asd,11,0.42600164,15.91708755493164,0.0025252525229007006,1.0,ok,,local,0.42600164,4.933266
p60568_mpe,dynamicbind_asd,12,0.41541234,7.260904788970947,0.2124655693769455,1.0,ok,,local,0.41541234,4.3757534
p60568_mpe,dynamicbind_asd,13,0.41511807,26.606372833251953,0.0,1.0,ok,,local,0.41511807,5.2833295
p60568_mpe,dynamicbind_asd,14,0.40794566,22.71772575378418,0.0,1.0,ok,,local,0.40794566,5.5909905
p60568_mpe,dynamicbind_asd,15,0.39421478,9.2127685546875,0.28780487179756165,1.0,ok,,local,0.39421478,4.045229
p60568_mpe,dynamicbind_asd,16,0.3917505,22.915084838867188,0.0,1.0,ok,,local,0.3917505,5.070272
p60568_mpe,dynamicbind_asd,17,0.3916533,27.3555965423584,0.0,1.0,ok,,local,0.3916533,5.6107216
p60568_mpe,dynamicbind_asd,18,0.3813061,26.174367904663086,0.0,1.0,ok,,local,0.3813061,5.8801575
p60568_mpe,dynamicbind_asd,19,0.38002306,8.269543647766113,0.1617862433195114,1.0,ok,,local,0.38002306,3.8921094
p60842_sau,dynamicbind_asd,0,0.48805344,,,1.0,ok,,local,0.48805344,3.4202175
p60842_sau,dynamicbind_asd,1,0.46531415,,,1.0,ok,,local,0.46531415,3.5689874
p60842_sau,dynamicbind_asd,2,0.45684847,,,1.0,ok,,local,0.45684847,3.682995
p60842_sau,dynamicbind_asd,3,0.4525961,,,1.0,ok,,local,0.4525961,3.981611
p60842_sau,dynamicbind_asd,4,0.44765666,,,1.0,ok,,local,0.44765666,3.6768093
p60842_sau,dynamicbind_asd,5,0.41398746,,,1.0,ok,,local,0.41398746,3.9541433
p61586_8zo,dynamicbind_asd,0,0.6172228,3.4432313442230225,0.3159385025501251,1.0,ok,,local,0.6172228,2.8581324
p61586_8zo,dynamicbind_asd,1,0.5732053,24.350454330444336,0.0,1.0,ok,,local,0.5732053,3.4115143
p61586_8zo,dynamicbind_asd,2,0.5723509,20.922452926635742,0.0,1.0,ok,,local,0.5723509,3.488929
p61586_8zo,dynamicbind_asd,3,0.56200045,24.146421432495117,0.0,1.0,ok,,local,0.56200045,3.335066
p61586_8zo,dynamicbind_asd,4,0.56102926,22.65009880065918,0.0,1.0,ok,,local,0.56102926,3.2298002
p61586_8zo,dynamicbind_asd,5,0.558779,23.55722999572754,0.0,1.0,ok,,local,0.558779,3.1810179
p61586_8zo,dynamicbind_asd,6,0.5587572,24.342195510864258,0.0,1.0,ok,,local,0.5587572,3.529839
p61586_8zo,dynamicbind_asd,7,0.52951646,22.212055206298828,0.0,1.0,ok,,local,0.52951646,3.2749662
p61586_8zo,dynamicbind_asd,8,0.52081484,23.457658767700195,0.0,1.0,ok,,local,0.52081484,3.757838
p61586_8zo,dynamicbind_asd,9,0.36563256,24.71166229248047,0.0,1.0,ok,,local,0.36563256,3.7056298
p62136_bkm,dynamicbind_asd,0,0.509431,2.985895872116089,0.5577709674835205,0.0,ok,,local,0.509431,9.879075
p62136_bkm,dynamicbind_asd,1,0.5094262,3.686565637588501,0.44945356249809265,0.0,ok,,local,0.5094262,9.093653
p62136_bkm,dynamicbind_asd,2,0.5094154,2.982759952545166,0.5638461709022522,0.0,ok,,local,0.5094154,9.879283
p62136_bkm,dynamicbind_asd,3,0.5091456,3.686194658279419,0.44561243057250977,0.0,ok,,local,0.5091456,9.095346
p62136_bkm,dynamicbind_asd,4,0.5077275,4.551890850067139,0.43461182713508606,0.0,ok,,local,0.5077275,8.788841
p62136_bkm,dynamicbind_asd,5,0.5077144,4.546087741851807,0.43703532218933105,0.0,ok,,local,0.5077144,8.790043
p62136_bkm,dynamicbind_asd,6,0.5049405,5.040126800537109,0.37901008129119873,0.0,ok,,local,0.5049405,8.921684
p62136_bkm,dynamicbind_asd,7,0.504939,5.0430097579956055,0.3773972690105438,0.0,ok,,local,0.504939,8.921599
p62136_bkm,dynamicbind_asd,8,0.5048448,6.5350542068481445,0.32065218687057495,0.0,ok,,local,0.5048448,8.467454
p62136_bkm,dynamicbind_asd,9,0.5048422,6.53546142578125,0.317241370677948,0.0,ok,,local,0.5048422,8.467472
p62136_bkm,dynamicbind_asd,10,0.5025283,3.1470465660095215,0.5142332315444946,0.0,ok,,local,0.5025283,9.516526
p62136_bkm,dynamicbind_asd,11,0.5025244,3.145270347595215,0.5131095051765442,0.0,ok,,local,0.5025244,9.516631
p62136_bkm,dynamicbind_asd,12,0.49558356,3.9936399459838867,0.45172256231307983,0.0,ok,,local,0.49558356,8.595891
p62136_bkm,dynamicbind_asd,13,0.4955817,3.991050958633423,0.4541742205619812,0.0,ok,,local,0.4955817,8.595821
p62136_bkm,dynamicbind_asd,14,0.49085855,3.9319281578063965,0.4461471140384674,0.0,ok,,local,0.49085855,9.218832
p62136_bkm,dynamicbind_asd,15,0.4908576,3.9415669441223145,0.4399649500846863,0.0,ok,,local,0.4908576,9.218599
p62136_bkm,dynamicbind_asd,16,0.4748193,5.381344795227051,0.38959142565727234,0.0,ok,,local,0.4748193,7.976319
p62136_bkm,dynamicbind_asd,17,0.47480038,5.388432502746582,0.38964182138442993,0.0,ok,,local,0.47480038,7.977961
p62136_bkm,dynamicbind_asd,18,0.47296566,4.747410297393799,0.3398217558860779,0.0,ok,,local,0.47296566,7.9957643
p62136_bkm,dynamicbind_asd,19,0.46612233,4.920018196105957,0.3406308889389038,0.0,ok,,local,0.46612233,8.171422
p62330_gsp,dynamicbind_asd,0,0.719898,1.0047948360443115,0.8768004179000854,0.0,ok,,local,0.719898,5.7413163
p62330_gsp,dynamicbind_asd,1,0.71834177,1.005626916885376,0.875,0.0,ok,,local,0.71834177,5.8011665
p62330_gsp,dynamicbind_asd,2,0.71672493,1.001455307006836,0.8761261105537415,0.0,ok,,local,0.71672493,5.924915
p62330_gsp,dynamicbind_asd,3,0.71413404,1.1773146390914917,0.8266405463218689,0.0,ok,,local,0.71413404,5.893155
p62330_gsp,dynamicbind_asd,4,0.7132449,1.084072232246399,0.8824896812438965,0.0,ok,,local,0.7132449,5.9601107
p62330_gsp,dynamicbind_asd,5,0.703765,1.0303939580917358,0.8566028475761414,0.0,ok,,local,0.703765,5.823713
p62330_gsp,dynamicbind_asd,6,0.6734797,1.065303921699524,0.8828616142272949,0.0,ok,,local,0.6734797,6.2309465
p62330_gsp,dynamicbind_asd,7,0.670124,1.3309884071350098,0.8667023777961731,0.0,ok,,local,0.670124,6.2798862
p62330_gsp,dynamicbind_asd,8,0.6683291,1.1992563009262085,0.8928188681602478,0.0,ok,,local,0.6683291,6.392593
p62330_gsp,dynamicbind_asd,9,0.66800255,1.3220200538635254,0.8784946203231812,0.0,ok,,local,0.66800255,6.281923
p62593_4ou,dynamicbind_asd,0,0.71284336,,,1.0,ok,,local,0.71284336,4.429541
p62593_4ou,dynamicbind_asd,1,0.7050573,,,1.0,ok,,local,0.7050573,4.4942746
p62593_4ou,dynamicbind_asd,2,0.7028297,,,1.0,ok,,local,0.7028297,4.403767
p62593_4ou,dynamicbind_asd,3,0.69874334,,,1.0,ok,,local,0.69874334,4.5705066
p62593_4ou,dynamicbind_asd,4,0.6959597,,,1.0,ok,,local,0.6959597,4.2188635
p62593_4ou,dynamicbind_asd,5,0.6958158,,,1.0,ok,,local,0.6958158,4.51724
p62593_4ou,dynamicbind_asd,6,0.6926536,,,1.0,ok,,local,0.6926536,4.2448783
p62593_4ou,dynamicbind_asd,7,0.691339,,,1.0,ok,,local,0.691339,4.649506
p62593_4ou,dynamicbind_asd,8,0.68949383,,,1.0,ok,,local,0.68949383,4.5070114
p62593_4ou,dynamicbind_asd,9,0.68575436,,,1.0,ok,,local,0.68575436,4.2347083
p62593_4ou,dynamicbind_asd,10,0.6820798,,,1.0,ok,,local,0.6820798,4.3840294
p62593_4ou,dynamicbind_asd,11,0.6762784,,,1.0,ok,,local,0.6762784,4.764018
p62593_4ou,dynamicbind_asd,12,0.6759086,,,1.0,ok,,local,0.6759086,4.246354
p62593_4ou,dynamicbind_asd,13,0.674664,,,1.0,ok,,local,0.674664,4.5628295
p62593_4ou,dynamicbind_asd,14,0.6740002,,,1.0,ok,,local,0.6740002,4.6459455
p62593_4ou,dynamicbind_asd,15,0.67189246,,,1.0,ok,,local,0.67189246,4.5759587
p62593_4ou,dynamicbind_asd,16,0.67035353,,,1.0,ok,,local,0.67035353,4.566571
p62593_4ou,dynamicbind_asd,17,0.6676428,,,1.0,ok,,local,0.6676428,4.7659507
p62593_4ou,dynamicbind_asd,18,0.66627675,,,1.0,ok,,local,0.66627675,4.2951355
p62593_4ou,dynamicbind_asd,19,0.6633829,,,1.0,ok,,local,0.6633829,4.5349507
p62593_4ou,dynamicbind_asd,20,0.6629441,,,1.0,ok,,local,0.6629441,4.3620753
p62593_4ou,dynamicbind_asd,21,0.65947115,,,1.0,ok,,local,0.65947115,4.841454
p62593_4ou,dynamicbind_asd,22,0.6569647,,,1.0,ok,,local,0.6569647,4.5591235
p62593_4ou,dynamicbind_asd,23,0.6567321,,,1.0,ok,,local,0.6567321,4.4667096
p62593_4ou,dynamicbind_asd,24,0.6541498,,,1.0,ok,,local,0.6541498,4.2477503
p62593_4ou,dynamicbind_asd,25,0.6536018,,,1.0,ok,,local,0.6536018,4.6026464
p62593_4ou,dynamicbind_asd,26,0.65338373,,,1.0,ok,,local,0.65338373,4.714258
p62593_4ou,dynamicbind_asd,27,0.65226763,,,1.0,ok,,local,0.65226763,4.6580076
p62593_4ou,dynamicbind_asd,28,0.65091753,,,1.0,ok,,local,0.65091753,4.691813
p62593_4ou,dynamicbind_asd,29,0.62838405,,,1.0,ok,,local,0.62838405,4.707694
p62593_cbt,dynamicbind_asd,0,0.69858426,,,1.0,ok,,local,0.69858426,3.807054
p62593_cbt,dynamicbind_asd,1,0.6885822,,,1.0,ok,,local,0.6885822,3.9999416
p62593_cbt,dynamicbind_asd,2,0.67879415,,,1.0,ok,,local,0.67879415,3.929238
p62593_cbt,dynamicbind_asd,3,0.6634167,,,1.0,ok,,local,0.6634167,3.7528005
p62593_cbt,dynamicbind_asd,4,0.6611569,,,1.0,ok,,local,0.6611569,3.8393083
p62593_cbt,dynamicbind_asd,5,0.6587109,,,1.0,ok,,local,0.6587109,3.5511036
p62593_cbt,dynamicbind_asd,6,0.6582339,,,1.0,ok,,local,0.6582339,3.8528845
p62593_cbt,dynamicbind_asd,7,0.65754676,,,1.0,ok,,local,0.65754676,3.898417
p62593_cbt,dynamicbind_asd,8,0.65355325,,,1.0,ok,,local,0.65355325,3.5585015
p62593_cbt,dynamicbind_asd,9,0.65219957,,,1.0,ok,,local,0.65219957,3.7523048
p62593_cbt,dynamicbind_asd,10,0.6521238,,,1.0,ok,,local,0.6521238,3.784989
p62593_cbt,dynamicbind_asd,11,0.6469649,,,1.0,ok,,local,0.6469649,4.069638
p62593_cbt,dynamicbind_asd,12,0.6460359,,,1.0,ok,,local,0.6460359,3.7916894
p62593_cbt,dynamicbind_asd,13,0.6376688,,,1.0,ok,,local,0.6376688,3.4232287
p62593_cbt,dynamicbind_asd,14,0.6246896,,,1.0,ok,,local,0.6246896,3.3733215
p62593_cbt,dynamicbind_asd,15,0.6122591,,,1.0,ok,,local,0.6122591,3.7044015
p62593_cbt,dynamicbind_asd,16,0.60736716,,,1.0,ok,,local,0.60736716,3.6319747
p62593_cbt,dynamicbind_asd,17,0.60569596,,,1.0,ok,,local,0.60569596,3.284216
p62593_cbt,dynamicbind_asd,18,0.6004843,,,1.0,ok,,local,0.6004843,3.7301066
p62593_cbt,dynamicbind_asd,19,0.58984184,,,1.0,ok,,local,0.58984184,3.6204147
p62593_cbt,dynamicbind_asd,20,0.5876261,,,1.0,ok,,local,0.5876261,3.448118
p62593_cbt,dynamicbind_asd,21,0.5789404,,,1.0,ok,,local,0.5789404,3.6142578
p62593_cbt,dynamicbind_asd,22,0.57158065,,,1.0,ok,,local,0.57158065,3.186746
p62593_cbt,dynamicbind_asd,23,0.562941,,,1.0,ok,,local,0.562941,3.3811023
p62593_cbt,dynamicbind_asd,24,0.56144226,,,1.0,ok,,local,0.56144226,3.7348368
p62593_cbt,dynamicbind_asd,25,0.55433863,,,1.0,ok,,local,0.55433863,3.3551452
p62593_cbt,dynamicbind_asd,26,0.5530789,,,1.0,ok,,local,0.5530789,3.0375662
p62593_cbt,dynamicbind_asd,27,0.5463394,,,1.0,ok,,local,0.5463394,3.875751
p62593_cbt,dynamicbind_asd,28,0.54466116,,,1.0,ok,,local,0.54466116,3.5048134
p62593_cbt,dynamicbind_asd,29,0.54364544,,,1.0,ok,,local,0.54364544,3.4927726
p62593_fos,dynamicbind_asd,0,0.7708784,1.2636138200759888,0.7449888586997986,1.0,ok,,local,0.7708784,3.6929772
p62593_fos,dynamicbind_asd,1,0.7700808,2.4619698524475098,0.601190447807312,1.0,ok,,local,0.7700808,3.7003884
p62593_fos,dynamicbind_asd,2,0.76664037,2.3597910404205322,0.7306733131408691,1.0,ok,,local,0.76664037,4.057957
p62593_fos,dynamicbind_asd,3,0.7640436,2.0173158645629883,0.6580188870429993,1.0,ok,,local,0.7640436,3.670191
p62593_fos,dynamicbind_asd,4,0.76372564,2.340522050857544,0.7161017060279846,1.0,ok,,local,0.76372564,4.1421127
p62593_fos,dynamicbind_asd,5,0.7632951,2.2273004055023193,0.6307339668273926,1.0,ok,,local,0.7632951,3.5669966
p62593_fos,dynamicbind_asd,6,0.7631894,2.2061684131622314,0.6184210777282715,1.0,ok,,local,0.7631894,3.6319969
p62593_fos,dynamicbind_asd,7,0.76022494,2.439990997314453,0.6363636255264282,1.0,ok,,local,0.76022494,3.936857
p62593_fos,dynamicbind_asd,8,0.7591446,2.538896083831787,0.6321839094161987,1.0,ok,,local,0.7591446,3.8321416
p62593_fos,dynamicbind_asd,9,0.757822,2.6470346450805664,0.6274038553237915,1.0,ok,,local,0.757822,3.29763
p62593_fos,dynamicbind_asd,10,0.75608397,1.9595614671707153,0.6387689113616943,1.0,ok,,local,0.75608397,3.708007
p62593_fos,dynamicbind_asd,11,0.7548252,1.7822003364562988,0.7480570077896118,1.0,ok,,local,0.7548252,3.9802892
p62593_fos,dynamicbind_asd,12,0.7537185,2.3356099128723145,0.6352163553237915,1.0,ok,,local,0.7537185,3.957213
p62593_fos,dynamicbind_asd,13,0.7522481,1.8195284605026245,0.7487277388572693,1.0,ok,,local,0.7522481,3.881468
p62593_fos,dynamicbind_asd,14,0.75200933,2.3906052112579346,0.6346604228019714,1.0,ok,,local,0.75200933,4.035241
p62593_fos,dynamicbind_asd,15,0.7511176,2.4069790840148926,0.6182352900505066,1.0,ok,,local,0.7511176,3.6477532
p62593_fos,dynamicbind_asd,16,0.74861807,2.5303797721862793,0.6745741963386536,1.0,ok,,local,0.74861807,3.9948883
p62593_fos,dynamicbind_asd,17,0.74679774,2.708184003829956,0.6058758497238159,1.0,ok,,local,0.74679774,3.8922698
p62593_fos,dynamicbind_asd,18,0.7455696,2.700604200363159,0.6644578576087952,1.0,ok,,local,0.7455696,3.9986367
p62593_fos,dynamicbind_asd,19,0.7446155,2.8359153270721436,0.6183907985687256,1.0,ok,,local,0.7446155,3.8761792
p62593_fos,dynamicbind_asd,20,0.74342185,2.8245606422424316,0.5556679964065552,1.0,ok,,local,0.74342185,3.63292
p62593_fos,dynamicbind_asd,21,0.74216795,2.613898992538452,0.638014554977417,1.0,ok,,local,0.74216795,3.9392142
p62593_fos,dynamicbind_asd,22,0.74117416,2.5932047367095947,0.6408536434173584,1.0,ok,,local,0.74117416,3.8751926
p62593_fos,dynamicbind_asd,23,0.73253256,3.2025046348571777,0.5827850699424744,1.0,ok,,local,0.73253256,3.831241
p62593_fos,dynamicbind_asd,24,0.7211031,2.9139249324798584,0.549578070640564,1.0,ok,,local,0.7211031,3.8871667
p62593_fos,dynamicbind_asd,25,0.71625507,3.6918532848358154,0.5627828240394592,1.0,ok,,local,0.71625507,3.9047034
p62593_fos,dynamicbind_asd,26,0.70994955,4.1904520988464355,0.4594188332557678,1.0,ok,,local,0.70994955,3.6904526
p62593_fos,dynamicbind_asd,27,0.68986946,4.288856029510498,0.4372428059577942,1.0,ok,,local,0.68986946,3.601099
p62593_fos,dynamicbind_asd,28,0.6439322,4.613427639007568,0.4541036784648895,1.0,ok,,local,0.6439322,4.2087464
p62593_fos,dynamicbind_asd,29,0.63486767,4.780104637145996,0.45545658469200134,1.0,ok,,local,0.63486767,4.1628375
p62937_l60,dynamicbind_asd,0,0.7273522,2.7479660511016846,0.6035565137863159,1.0,ok,,local,0.7273522,1.3513143
p62937_l60,dynamicbind_asd,1,0.70560277,3.1454381942749023,0.5619999766349792,1.0,ok,,local,0.70560277,1.3440523
p62937_l60,dynamicbind_asd,2,0.7046255,2.5758800506591797,0.612348198890686,1.0,ok,,local,0.7046255,1.3083082
p62937_l60,dynamicbind_asd,3,0.7024168,2.8813858032226562,0.5753138065338135,1.0,ok,,local,0.7024168,1.3498652
p62937_l60,dynamicbind_asd,4,0.700186,3.5957553386688232,0.4931372404098511,1.0,ok,,local,0.700186,1.5034701
p62937_l60,dynamicbind_asd,5,0.69124526,3.3400533199310303,0.5210843086242676,1.0,ok,,local,0.69124526,1.4056693
p62937_l60,dynamicbind_asd,6,0.68222785,10.90436840057373,0.07054794579744339,1.0,ok,,local,0.68222785,1.7652012
p62937_l60,dynamicbind_asd,7,0.676528,2.9725847244262695,0.5738866329193115,1.0,ok,,local,0.676528,1.381885
p62937_l60,dynamicbind_asd,8,0.66480416,8.977341651916504,0.11280487477779388,1.0,ok,,local,0.66480416,1.7460046
p62937_l60,dynamicbind_asd,9,0.6199239,6.7333245277404785,0.20663265883922577,1.0,ok,,local,0.6199239,1.5432532
p63086_38z,dynamicbind_asd,0,0.5990284,,,1.0,ok,,local,0.5990284,7.0982847
p63086_38z,dynamicbind_asd,1,0.59446084,,,1.0,ok,,local,0.59446084,6.904022
p63086_38z,dynamicbind_asd,2,0.5922936,,,1.0,ok,,local,0.5922936,6.809443
p63086_38z,dynamicbind_asd,3,0.578157,,,1.0,ok,,local,0.578157,6.9300513
p63086_38z,dynamicbind_asd,4,0.5763936,,,1.0,ok,,local,0.5763936,6.923358
p63086_38z,dynamicbind_asd,5,0.57563317,,,1.0,ok,,local,0.57563317,7.032171
p63086_38z,dynamicbind_asd,6,0.5749199,,,1.0,ok,,local,0.5749199,6.4335995
p63086_38z,dynamicbind_asd,7,0.5704597,,,1.0,ok,,local,0.5704597,6.362037
p63086_38z,dynamicbind_asd,8,0.5704132,,,1.0,ok,,local,0.5704132,6.845432
p63086_38z,dynamicbind_asd,9,0.57030195,,,1.0,ok,,local,0.57030195,7.1315985
p63086_38z,dynamicbind_asd,10,0.56834596,,,1.0,ok,,local,0.56834596,6.9064293
p63086_38z,dynamicbind_asd,11,0.56515765,,,1.0,ok,,local,0.56515765,7.072923
p63086_38z,dynamicbind_asd,12,0.56114763,,,1.0,ok,,local,0.56114763,6.3289423
p63086_38z,dynamicbind_asd,13,0.5593217,,,1.0,ok,,local,0.5593217,6.3764615
p63086_38z,dynamicbind_asd,14,0.55758315,,,1.0,ok,,local,0.55758315,6.202944
p63086_38z,dynamicbind_asd,15,0.5505245,,,1.0,ok,,local,0.5505245,6.48018
p63086_38z,dynamicbind_asd,16,0.5478119,,,1.0,ok,,local,0.5478119,6.3915095
p63086_38z,dynamicbind_asd,17,0.5304127,,,1.0,ok,,local,0.5304127,6.5686235
p63086_38z,dynamicbind_asd,18,0.5069764,,,1.0,ok,,local,0.5069764,7.1433916
p63086_38z,dynamicbind_asd,19,0.5065297,,,1.0,ok,,local,0.5065297,6.5414824
p63086_dx4,dynamicbind_asd,0,0.7945658,,,1.0,ok,,local,0.7945658,3.6407115
p63086_dx4,dynamicbind_asd,1,0.7907843,,,1.0,ok,,local,0.7907843,3.6922326
p63086_dx4,dynamicbind_asd,2,0.7905158,,,1.0,ok,,local,0.7905158,3.6727693
p63086_dx4,dynamicbind_asd,3,0.7899983,,,1.0,ok,,local,0.7899983,3.6662312
p63086_dx4,dynamicbind_asd,4,0.78850263,,,1.0,ok,,local,0.78850263,3.6830692
p63086_dx4,dynamicbind_asd,5,0.7881011,,,1.0,ok,,local,0.7881011,3.5490334
p63086_dx4,dynamicbind_asd,6,0.787741,,,1.0,ok,,local,0.787741,3.6757667
p63086_dx4,dynamicbind_asd,7,0.78759,,,1.0,ok,,local,0.78759,3.5493155
p63086_dx4,dynamicbind_asd,8,0.787134,,,1.0,ok,,local,0.787134,3.7005818
p63086_dx4,dynamicbind_asd,9,0.7870384,,,1.0,ok,,local,0.7870384,3.6739936
p63086_dx4,dynamicbind_asd,10,0.78659445,,,1.0,ok,,local,0.78659445,3.5741632
p63086_dx4,dynamicbind_asd,11,0.7863338,,,1.0,ok,,local,0.7863338,3.677805
p63086_dx4,dynamicbind_asd,12,0.78606474,,,1.0,ok,,local,0.78606474,3.689775
p63086_dx4,dynamicbind_asd,13,0.7858424,,,1.0,ok,,local,0.7858424,3.5716178
p63086_dx4,dynamicbind_asd,14,0.78511584,,,1.0,ok,,local,0.78511584,3.5707614
p63086_dx4,dynamicbind_asd,15,0.78245896,,,1.0,ok,,local,0.78245896,3.5887828
p63086_dx4,dynamicbind_asd,16,0.7818307,,,1.0,ok,,local,0.7818307,3.5842974
p63086_dx4,dynamicbind_asd,17,0.77989304,,,1.0,ok,,local,0.77989304,3.586602
p63086_dx4,dynamicbind_asd,18,0.7790975,,,1.0,ok,,local,0.7790975,3.5830872
p63086_dx4,dynamicbind_asd,19,0.7757997,,,1.0,ok,,local,0.7757997,3.5723393
p63086_dx4,dynamicbind_asd,20,0.73436975,,,1.0,ok,,local,0.73436975,3.7874026
p63086_dx4,dynamicbind_asd,21,0.73426723,,,1.0,ok,,local,0.73426723,3.7953758
p63086_dx4,dynamicbind_asd,22,0.7335599,,,1.0,ok,,local,0.7335599,3.798727
p63086_dx4,dynamicbind_asd,23,0.7307679,,,1.0,ok,,local,0.7307679,3.7910216
p63086_dx4,dynamicbind_asd,24,0.7295534,,,1.0,ok,,local,0.7295534,3.8235478
p63086_dx4,dynamicbind_asd,25,0.729502,,,1.0,ok,,local,0.729502,3.798568
p63086_dx4,dynamicbind_asd,26,0.729247,,,1.0,ok,,local,0.729247,3.7828665
p63086_dx4,dynamicbind_asd,27,0.727891,,,1.0,ok,,local,0.727891,3.7950296
p63086_dx4,dynamicbind_asd,28,0.72759485,,,1.0,ok,,local,0.72759485,3.7897809
p63086_dx4,dynamicbind_asd,29,0.7259224,,,1.0,ok,,local,0.7259224,3.7881813
p63086_g17,dynamicbind_asd,0,0.6687715,,,1.0,ok,,local,0.6687715,7.4775133
p63086_g17,dynamicbind_asd,1,0.66045684,,,1.0,ok,,local,0.66045684,7.2814536
p63086_g17,dynamicbind_asd,2,0.65957165,,,1.0,ok,,local,0.65957165,7.5856442
p63086_g17,dynamicbind_asd,3,0.6572087,,,1.0,ok,,local,0.6572087,7.4528375
p63086_g17,dynamicbind_asd,4,0.65622085,,,1.0,ok,,local,0.65622085,7.4269395
p63086_g17,dynamicbind_asd,5,0.65566117,,,1.0,ok,,local,0.65566117,7.269958
p63086_g17,dynamicbind_asd,6,0.6556594,,,1.0,ok,,local,0.6556594,7.269924
p63086_g17,dynamicbind_asd,7,0.65414506,,,1.0,ok,,local,0.65414506,7.472965
p63086_g17,dynamicbind_asd,8,0.6530566,,,1.0,ok,,local,0.6530566,7.341718
p63086_g17,dynamicbind_asd,9,0.6529376,,,1.0,ok,,local,0.6529376,7.324567
p63086_g17,dynamicbind_asd,10,0.6529375,,,1.0,ok,,local,0.6529375,7.324552
p63086_g17,dynamicbind_asd,11,0.65265214,,,1.0,ok,,local,0.65265214,7.476098
p63086_g17,dynamicbind_asd,12,0.6523538,,,1.0,ok,,local,0.6523538,7.299651
p63086_g17,dynamicbind_asd,13,0.65221864,,,1.0,ok,,local,0.65221864,7.2498465
p63086_g17,dynamicbind_asd,14,0.65221864,,,1.0,ok,,local,0.65221864,7.249851
p63086_g17,dynamicbind_asd,15,0.6515432,,,1.0,ok,,local,0.6515432,7.352216
p63086_g17,dynamicbind_asd,16,0.6512253,,,1.0,ok,,local,0.6512253,7.3887377
p63086_g17,dynamicbind_asd,17,0.65122503,,,1.0,ok,,local,0.65122503,7.3887267
p63086_g17,dynamicbind_asd,18,0.6509647,,,1.0,ok,,local,0.6509647,7.343112
p63086_g17,dynamicbind_asd,19,0.65096426,,,1.0,ok,,local,0.65096426,7.3431096
p63086_g17,dynamicbind_asd,20,0.65066296,,,1.0,ok,,local,0.65066296,7.366024
p63086_g17,dynamicbind_asd,21,0.6506628,,,1.0,ok,,local,0.6506628,7.36602
p63086_g17,dynamicbind_asd,22,0.6484296,,,1.0,ok,,local,0.6484296,7.220921
p63086_g17,dynamicbind_asd,23,0.6484284,,,1.0,ok,,local,0.6484284,7.220965
p63086_g17,dynamicbind_asd,24,0.64750224,,,1.0,ok,,local,0.64750224,7.713384
p63086_g17,dynamicbind_asd,25,0.6475022,,,1.0,ok,,local,0.6475022,7.7133904
p63086_g17,dynamicbind_asd,26,0.6465054,,,1.0,ok,,local,0.6465054,7.4718847
p63086_g17,dynamicbind_asd,27,0.64611876,,,1.0,ok,,local,0.64611876,7.631359
p63086_g17,dynamicbind_asd,28,0.6433991,,,1.0,ok,,local,0.6433991,7.4609838
p63086_g17,dynamicbind_asd,29,0.64112765,,,1.0,ok,,local,0.64112765,7.437881
p63086_g17,dynamicbind_asd,30,0.64083916,,,1.0,ok,,local,0.64083916,7.4008255
p63086_g17,dynamicbind_asd,31,0.6408389,,,1.0,ok,,local,0.6408389,7.4008284
p63086_g17,dynamicbind_asd,32,0.6405027,,,1.0,ok,,local,0.6405027,7.638365
p63086_g17,dynamicbind_asd,33,0.64046836,,,1.0,ok,,local,0.64046836,7.6386566
p63086_g17,dynamicbind_asd,34,0.6356769,,,1.0,ok,,local,0.6356769,7.3558173
p63086_g17,dynamicbind_asd,35,0.6293391,,,1.0,ok,,local,0.6293391,7.8758044
p63086_g17,dynamicbind_asd,36,0.62464607,,,1.0,ok,,local,0.62464607,7.631122
p63086_g17,dynamicbind_asd,37,0.62093675,,,1.0,ok,,local,0.62093675,7.5875316
p63086_g17,dynamicbind_asd,38,0.61696327,,,1.0,ok,,local,0.61696327,7.702116
p63086_g17,dynamicbind_asd,39,0.61599904,,,1.0,ok,,local,0.61599904,7.5928974
p63086_g17,dynamicbind_asd,40,0.61585766,,,1.0,ok,,local,0.61585766,7.9349318
p63086_g17,dynamicbind_asd,41,0.61176145,,,1.0,ok,,local,0.61176145,7.987005
p63086_g17,dynamicbind_asd,42,0.6088501,,,1.0,ok,,local,0.6088501,7.7849007
p63086_g17,dynamicbind_asd,43,0.6053345,,,1.0,ok,,local,0.6053345,7.7671814
p63086_g17,dynamicbind_asd,44,0.59961563,,,1.0,ok,,local,0.59961563,7.600583
p63086_g17,dynamicbind_asd,45,0.59808666,,,1.0,ok,,local,0.59808666,7.547983
p63086_g17,dynamicbind_asd,46,0.5976766,,,1.0,ok,,local,0.5976766,8.1734
p63086_g17,dynamicbind_asd,47,0.58983415,,,1.0,ok,,local,0.58983415,7.5336976
p63086_g17,dynamicbind_asd,48,0.57260364,,,1.0,ok,,local,0.57260364,7.9558234
p63086_g17,dynamicbind_asd,49,0.5332598,,,1.0,ok,,local,0.5332598,7.1818175
p63086_sb4,dynamicbind_asd,0,0.73578924,1.8920146226882935,0.758593738079071,1.0,ok,,local,0.73578924,7.302446
p63086_sb4,dynamicbind_asd,1,0.72614676,2.2170145511627197,0.7363919019699097,1.0,ok,,local,0.72614676,7.281404
p63086_sb4,dynamicbind_asd,2,0.7244498,,,1.0,ok,,local,0.7244498,7.337278
p63086_sb4,dynamicbind_asd,3,0.722604,1.7648385763168335,0.8329207897186279,1.0,ok,,local,0.722604,7.2558856
p63086_sb4,dynamicbind_asd,4,0.71869236,1.5999832153320312,0.7865659594535828,1.0,ok,,local,0.71869236,7.016177
p63086_sb4,dynamicbind_asd,5,0.71546835,2.403733491897583,0.7028231620788574,1.0,ok,,local,0.71546835,7.5788283
p63086_sb4,dynamicbind_asd,6,0.71529937,1.5086134672164917,0.5865902900695801,1.0,ok,,local,0.71529937,6.959158
p63086_sb4,dynamicbind_asd,7,0.71509206,2.8897578716278076,0.461063027381897,1.0,ok,,local,0.71509206,7.2298064
p63086_sb4,dynamicbind_asd,8,0.71176887,1.6487807035446167,0.6046587824821472,1.0,ok,,local,0.71176887,7.27628
p63086_sb4,dynamicbind_asd,9,0.7108258,1.6365814208984375,0.5972400307655334,1.0,ok,,local,0.7108258,7.1884885
p63086_sb4,dynamicbind_asd,10,0.70688754,1.6132992506027222,0.7915999889373779,1.0,ok,,local,0.70688754,7.1142526
p63086_sb4,dynamicbind_asd,11,0.70667773,1.5827137231826782,0.7934083342552185,1.0,ok,,local,0.70667773,7.1845045
p63086_sb4,dynamicbind_asd,12,0.7058915,1.6330960988998413,0.7787539958953857,1.0,ok,,local,0.7058915,7.1148314
p63086_sb4,dynamicbind_asd,13,0.70293605,2.7606616020202637,0.6411719918251038,1.0,ok,,local,0.70293605,7.1100364
p63086_sb4,dynamicbind_asd,14,0.70168924,1.7497867345809937,0.7775558829307556,1.0,ok,,local,0.70168924,7.132768
p63086_sb4,dynamicbind_asd,15,0.70111233,1.5137323141098022,0.5822622179985046,1.0,ok,,local,0.70111233,7.3967876
p63086_sb4,dynamicbind_asd,16,0.7009891,1.5852673053741455,0.7983739972114563,1.0,ok,,local,0.7009891,7.044066
p63086_sb4,dynamicbind_asd,17,0.698646,1.6304287910461426,0.7863562107086182,1.0,ok,,local,0.698646,7.226871
p63086_sb4,dynamicbind_asd,18,0.6974795,1.5632555484771729,0.6042208075523376,1.0,ok,,local,0.6974795,7.4173255
p63086_sb4,dynamicbind_asd,19,0.694937,1.63260018825531,0.5915905833244324,1.0,ok,,local,0.694937,7.531488
p63086_sb4,dynamicbind_asd,20,0.69319093,1.594903826713562,0.5916774868965149,1.0,ok,,local,0.69319093,7.3889236
p63086_sb4,dynamicbind_asd,21,0.69106567,1.8214095830917358,0.7570202946662903,1.0,ok,,local,0.69106567,7.2685957
p63086_sb4,dynamicbind_asd,22,0.6902377,1.8949028253555298,0.7364550828933716,1.0,ok,,local,0.6902377,7.2071857
p63086_sb4,dynamicbind_asd,23,0.6840888,0.9246130585670471,0.651494562625885,1.0,ok,,local,0.6840888,6.9609604
p63086_sb4,dynamicbind_asd,24,0.6825864,2.000666379928589,0.7357142567634583,1.0,ok,,local,0.6825864,7.6193895
p63086_sb4,dynamicbind_asd,25,0.68203217,1.8537882566452026,0.7395994067192078,1.0,ok,,local,0.68203217,7.525675
p63086_sb4,dynamicbind_asd,26,0.6815773,1.876524567604065,0.7372488379478455,1.0,ok,,local,0.6815773,7.3904567
p63086_sb4,dynamicbind_asd,27,0.67861104,1.8572556972503662,0.7372093200683594,1.0,ok,,local,0.67861104,7.4448276
p63086_sb4,dynamicbind_asd,28,0.67859143,1.890138030052185,0.7355182766914368,1.0,ok,,local,0.67859143,7.447456
p63086_sb4,dynamicbind_asd,29,0.67838025,1.8086849451065063,0.744905948638916,1.0,ok,,local,0.67838025,7.286042
p63279_5vl,dynamicbind_asd,0,0.68833435,0.3354416787624359,0.9843304753303528,1.0,ok,,local,0.68833435,2.3803098
p63279_5vl,dynamicbind_asd,1,0.6868933,0.7657920122146606,0.936956524848938,1.0,ok,,local,0.6868933,2.256809
p63279_5vl,dynamicbind_asd,2,0.6828176,0.37900111079216003,0.982988178730011,1.0,ok,,local,0.6828176,2.4150116
p63279_5vl,dynamicbind_asd,3,0.6748887,0.6800215244293213,0.9485915303230286,1.0,ok,,local,0.6748887,2.2560868
p63279_5vl,dynamicbind_asd,4,0.6746948,1.2082408666610718,0.8446475267410278,1.0,ok,,local,0.6746948,2.3476744
p63279_5vl,dynamicbind_asd,5,0.6728962,0.25969642400741577,0.9849397540092468,1.0,ok,,local,0.6728962,2.2940266
p63279_5vl,dynamicbind_asd,6,0.6462518,1.8608611822128296,0.7475669384002686,1.0,ok,,local,0.6462518,2.018488
p63279_5vl,dynamicbind_asd,7,0.6216613,2.1357462406158447,0.6941308975219727,1.0,ok,,local,0.6216613,1.7743224
p63279_5vl,dynamicbind_asd,8,0.6100202,1.9516549110412598,0.724662184715271,1.0,ok,,local,0.6100202,1.8629481
p63279_5vl,dynamicbind_asd,9,0.6053483,2.544349431991577,0.6184210777282715,1.0,ok,,local,0.6053483,1.990705
p68400_0y4,dynamicbind_asd,0,0.71256435,0.7992545962333679,0.902845025062561,1.0,ok,,local,0.71256435,7.893501
p68400_0y4,dynamicbind_asd,1,0.7114881,0.7980614304542542,0.9109963774681091,1.0,ok,,local,0.7114881,8.069527
p68400_0y4,dynamicbind_asd,2,0.7102748,1.9608309268951416,0.6622288227081299,1.0,ok,,local,0.7102748,8.152769
p68400_0y4,dynamicbind_asd,3,0.7098734,1.9203447103500366,0.6733098030090332,1.0,ok,,local,0.7098734,7.8499126
p68400_0y4,dynamicbind_asd,4,0.70956033,1.769333839416504,0.6698113083839417,1.0,ok,,local,0.70956033,7.810634
p68400_0y4,dynamicbind_asd,5,0.7090136,1.6381371021270752,0.671593189239502,1.0,ok,,local,0.7090136,7.8227963
p68400_0y4,dynamicbind_asd,6,0.7086939,1.8344086408615112,0.6291584968566895,1.0,ok,,local,0.7086939,8.130191
p68400_0y4,dynamicbind_asd,7,0.7044526,1.1019772291183472,0.8711854219436646,1.0,ok,,local,0.7044526,8.292171
p68400_0y4,dynamicbind_asd,8,0.7043636,2.1111631393432617,0.6623634696006775,1.0,ok,,local,0.7043636,8.169238
p68400_0y4,dynamicbind_asd,9,0.702257,2.210143804550171,0.6431750655174255,1.0,ok,,local,0.702257,8.240168
p68400_0y4,dynamicbind_asd,10,0.70149773,1.1203585863113403,0.8675947785377502,1.0,ok,,local,0.70149773,8.333596
p68400_0y4,dynamicbind_asd,11,0.70021707,1.1035041809082031,0.8792899250984192,1.0,ok,,local,0.70021707,8.277846
p68400_0y4,dynamicbind_asd,12,0.69953275,1.2329323291778564,0.7373247146606445,1.0,ok,,local,0.69953275,8.063768
p68400_0y4,dynamicbind_asd,13,0.6986313,1.8084828853607178,0.6677665114402771,1.0,ok,,local,0.6986313,8.115917
p68400_0y4,dynamicbind_asd,14,0.69315976,2.0917341709136963,0.6521844863891602,1.0,ok,,local,0.69315976,8.332277
p68400_0y4,dynamicbind_asd,15,0.69111526,1.1920545101165771,0.7654891014099121,1.0,ok,,local,0.69111526,8.090216
p68400_0y4,dynamicbind_asd,16,0.68919486,1.2565304040908813,0.7570575475692749,1.0,ok,,local,0.68919486,8.194605
p68400_0y4,dynamicbind_asd,17,0.686057,1.3953955173492432,0.7475622892379761,1.0,ok,,local,0.686057,8.084114
p68400_0y4,dynamicbind_asd,18,0.6851502,1.6052448749542236,0.8112884759902954,1.0,ok,,local,0.6851502,8.448196
p68400_0y4,dynamicbind_asd,19,0.6850033,1.2798352241516113,0.7591261267662048,1.0,ok,,local,0.6850033,8.200981
p68400_0y4,dynamicbind_asd,20,0.6842057,1.3417075872421265,0.7101677060127258,1.0,ok,,local,0.6842057,8.147309
p68400_0y4,dynamicbind_asd,21,0.6837416,1.2641263008117676,0.7392503023147583,1.0,ok,,local,0.6837416,8.088843
p68400_0y4,dynamicbind_asd,22,0.68045396,1.3689980506896973,0.7519125938415527,1.0,ok,,local,0.68045396,8.177718
p68400_0y4,dynamicbind_asd,23,0.6761625,2.8526508808135986,0.7127312421798706,1.0,ok,,local,0.6761625,8.244516
p68400_0y4,dynamicbind_asd,24,0.6757254,2.7880425453186035,0.7104413509368896,1.0,ok,,local,0.6757254,8.391744
p68400_0y4,dynamicbind_asd,25,0.67330116,2.7949330806732178,0.706084668636322,1.0,ok,,local,0.67330116,8.391374
p68400_0y4,dynamicbind_asd,26,0.6700415,2.864891767501831,0.7258414626121521,1.0,ok,,local,0.6700415,8.451227
p68400_0y4,dynamicbind_asd,27,0.6621741,3.205378770828247,0.5474885702133179,1.0,ok,,local,0.6621741,8.2808485
p68400_0y4,dynamicbind_asd,28,0.6609184,3.1561992168426514,0.6278467774391174,1.0,ok,,local,0.6609184,8.069827
p68400_0y4,dynamicbind_asd,29,0.65793353,2.814470052719116,0.6513713002204895,1.0,ok,,local,0.65793353,8.223692
p68400_7fc,dynamicbind_asd,0,0.7522775,22.47785186767578,0.005319148767739534,1.0,ok,,local,0.7522775,6.9211383
p68400_7fc,dynamicbind_asd,1,0.75091916,22.595447540283203,0.010416666977107525,1.0,ok,,local,0.75091916,6.8923583
p68400_7fc,dynamicbind_asd,2,0.7500135,22.9567928314209,0.004999999888241291,1.0,ok,,local,0.7500135,6.8689666
p68400_7fc,dynamicbind_asd,3,0.7497026,22.939233779907227,0.004999999888241291,1.0,ok,,local,0.7497026,6.8922353
p68400_7fc,dynamicbind_asd,4,0.749208,23.107982635498047,0.014999999664723873,1.0,ok,,local,0.749208,6.8525453
p68400_7fc,dynamicbind_asd,5,0.7472079,22.552047729492188,0.01744186133146286,1.0,ok,,local,0.7472079,6.7660475
p68400_7fc,dynamicbind_asd,6,0.7468869,22.754079818725586,0.005319148767739534,1.0,ok,,local,0.7468869,6.7792087
p68400_7fc,dynamicbind_asd,7,0.7465767,22.839014053344727,0.005434782709926367,1.0,ok,,local,0.7465767,6.8548837
p68400_7fc,dynamicbind_asd,8,0.7447537,21.73446273803711,0.0,1.0,ok,,local,0.7447537,6.8270845
p68400_7fc,dynamicbind_asd,9,0.7440073,23.000940322875977,0.005102040711790323,1.0,ok,,local,0.7440073,6.774956
p68400_7fc,dynamicbind_asd,10,0.74381745,22.91547393798828,0.010638297535479069,1.0,ok,,local,0.74381745,6.9123635
p68400_7fc,dynamicbind_asd,11,0.74297184,21.11785316467285,0.0,1.0,ok,,local,0.74297184,6.81095
p68400_7fc,dynamicbind_asd,12,0.74285686,21.25266456604004,0.0,1.0,ok,,local,0.74285686,6.7891216
p68400_7fc,dynamicbind_asd,13,0.7425718,21.621829986572266,0.0,1.0,ok,,local,0.7425718,6.661537
p68400_7fc,dynamicbind_asd,14,0.7424521,21.30138397216797,0.0,1.0,ok,,local,0.7424521,6.836684
p68400_7fc,dynamicbind_asd,15,0.7414871,21.32126808166504,0.0,1.0,ok,,local,0.7414871,6.8385286
p68400_7fc,dynamicbind_asd,16,0.7403858,20.999448776245117,0.0,1.0,ok,,local,0.7403858,6.7661777
p68400_7fc,dynamicbind_asd,17,0.74006236,21.5229549407959,0.0,1.0,ok,,local,0.74006236,6.8134828
p68400_7fc,dynamicbind_asd,18,0.73997545,21.555845260620117,0.0,1.0,ok,,local,0.73997545,6.750698
p68400_7fc,dynamicbind_asd,19,0.7391699,21.516477584838867,0.0,1.0,ok,,local,0.7391699,6.6799803
p68400_7fc,dynamicbind_asd,20,0.7373238,21.549667358398438,0.0,1.0,ok,,local,0.7373238,6.7815657
p68400_7fc,dynamicbind_asd,21,0.7360154,21.76878547668457,0.0,1.0,ok,,local,0.7360154,6.807557
p68400_7fc,dynamicbind_asd,22,0.7358967,21.7405948638916,0.0,1.0,ok,,local,0.7358967,6.6821337
p68400_7fc,dynamicbind_asd,23,0.73381126,21.196685791015625,0.0,1.0,ok,,local,0.73381126,6.7099967
p68400_7fc,dynamicbind_asd,24,0.7336681,22.016115188598633,0.0,1.0,ok,,local,0.7336681,6.723786
p68400_7fc,dynamicbind_asd,25,0.7336469,21.9230899810791,0.0,1.0,ok,,local,0.7336469,6.726597
p68400_7fc,dynamicbind_asd,26,0.7317455,21.447608947753906,0.0,1.0,ok,,local,0.7317455,6.7145343
p68400_7fc,dynamicbind_asd,27,0.7312415,21.583168029785156,0.0,1.0,ok,,local,0.7312415,6.84807
p68400_7fc,dynamicbind_asd,28,0.7310998,21.72518539428711,0.0,1.0,ok,,local,0.7310998,6.867531
p68400_7fc,dynamicbind_asd,29,0.7302322,21.26355743408203,0.0,1.0,ok,,local,0.7302322,6.722248
p68400_hbd,dynamicbind_asd,0,0.7413509,,,1.0,ok,,local,0.7413509,4.026384
p68400_hbd,dynamicbind_asd,1,0.73966324,,,1.0,ok,,local,0.73966324,4.015023
p68400_hbd,dynamicbind_asd,2,0.73813057,,,1.0,ok,,local,0.73813057,4.026511
p68400_hbd,dynamicbind_asd,3,0.7325051,,,1.0,ok,,local,0.7325051,3.9969046
p68400_hbd,dynamicbind_asd,4,0.7320997,,,1.0,ok,,local,0.7320997,4.0204444
p68400_hbd,dynamicbind_asd,5,0.7318014,,,1.0,ok,,local,0.7318014,3.929019
p68400_hbd,dynamicbind_asd,6,0.7306038,,,1.0,ok,,local,0.7306038,4.001943
p68400_hbd,dynamicbind_asd,7,0.73047596,,,1.0,ok,,local,0.73047596,3.967197
p68400_hbd,dynamicbind_asd,8,0.72973835,,,1.0,ok,,local,0.72973835,4.017762
p68400_hbd,dynamicbind_asd,9,0.7287872,,,1.0,ok,,local,0.7287872,4.0264754
p68400_hbd,dynamicbind_asd,10,0.72846365,,,1.0,ok,,local,0.72846365,4.123049
p68400_hbd,dynamicbind_asd,11,0.7281082,,,1.0,ok,,local,0.7281082,3.9497142
p68400_hbd,dynamicbind_asd,12,0.7276275,,,1.0,ok,,local,0.7276275,4.0553985
p68400_hbd,dynamicbind_asd,13,0.72745526,,,1.0,ok,,local,0.72745526,4.043019
p68400_hbd,dynamicbind_asd,14,0.72578394,,,1.0,ok,,local,0.72578394,3.9549732
p68400_hbd,dynamicbind_asd,15,0.7257474,,,1.0,ok,,local,0.7257474,3.962754
p68400_hbd,dynamicbind_asd,16,0.7242172,,,1.0,ok,,local,0.7242172,3.9966135
p68400_hbd,dynamicbind_asd,17,0.723131,,,1.0,ok,,local,0.723131,4.0648885
p68400_hbd,dynamicbind_asd,18,0.7222798,,,1.0,ok,,local,0.7222798,4.067714
p68400_hbd,dynamicbind_asd,19,0.72130907,,,1.0,ok,,local,0.72130907,4.0310516
p68400_hbd,dynamicbind_asd,20,0.718876,,,1.0,ok,,local,0.718876,4.001443
p68400_hbd,dynamicbind_asd,21,0.7186023,,,1.0,ok,,local,0.7186023,3.968667
p68400_hbd,dynamicbind_asd,22,0.71764153,,,1.0,ok,,local,0.71764153,3.9600666
p68400_hbd,dynamicbind_asd,23,0.71744674,,,1.0,ok,,local,0.71744674,3.9399266
p68400_hbd,dynamicbind_asd,24,0.7115026,,,1.0,ok,,local,0.7115026,3.9649072
p68400_hbd,dynamicbind_asd,25,0.708153,,,1.0,ok,,local,0.708153,4.3182364
p68400_hbd,dynamicbind_asd,26,0.69714737,,,1.0,ok,,local,0.69714737,4.131993
p68400_hbd,dynamicbind_asd,27,0.6915945,,,1.0,ok,,local,0.6915945,4.3996525
p68400_hbd,dynamicbind_asd,28,0.69081706,,,1.0,ok,,local,0.69081706,4.4701953
p68400_hbd,dynamicbind_asd,29,0.6906495,,,1.0,ok,,local,0.6906495,4.3088613
p77173_cl3,dynamicbind_asd,0,0.6117572,,,0.6410876176172641,ok,,local,0.6117572,3.4738188
p77173_cl3,dynamicbind_asd,1,0.6079518,,,0.0,ok,,local,0.6079518,3.299239
p77173_cl3,dynamicbind_asd,2,0.5998468,,,0.8671362152559445,ok,,local,0.5998468,3.2532928
p77173_cl3,dynamicbind_asd,3,0.5989397,,,0.7387561779888241,ok,,local,0.5989397,3.3782103
p77173_cl3,dynamicbind_asd,4,0.5936189,,,0.8853290589469978,ok,,local,0.5936189,3.1291268
p77173_cl3,dynamicbind_asd,5,0.58866227,,,0.8888378710298606,ok,,local,0.58866227,2.9831429
p77173_cl3,dynamicbind_asd,6,0.58331347,,,0.8507099892109922,ok,,local,0.58331347,3.2739687
p77173_cl3,dynamicbind_asd,7,0.58276683,,,0.6737287281679978,ok,,local,0.58276683,3.5697727
p77173_cl3,dynamicbind_asd,8,0.57455385,,,0.0,ok,,local,0.57455385,3.3929436
p77173_cl3,dynamicbind_asd,9,0.5742599,,,0.6809457553752079,ok,,local,0.5742599,3.2413151
p77173_cl3,dynamicbind_asd,10,0.57248914,,,0.8703088106110608,ok,,local,0.57248914,3.3757145
p77173_cl3,dynamicbind_asd,11,0.57173896,,,0.8728256268805761,ok,,local,0.57173896,3.2796893
p77173_cl3,dynamicbind_asd,12,0.56939,,,0.0,ok,,local,0.56939,3.245126
p77173_cl3,dynamicbind_asd,13,0.56391495,,,0.6845941407306783,ok,,local,0.56391495,3.4826496
p77173_cl3,dynamicbind_asd,14,0.56224686,,,0.8757576346997188,ok,,local,0.56224686,3.4246607
p77173_cl3,dynamicbind_asd,15,0.5614318,,,0.6770992350033623,ok,,local,0.5614318,3.2590442
p77173_cl3,dynamicbind_asd,16,0.5606606,,,0.0,ok,,local,0.5606606,3.518337
p77173_cl3,dynamicbind_asd,17,0.5603205,,,0.6683818338732231,ok,,local,0.5603205,3.4935894
p77173_cl3,dynamicbind_asd,18,0.55531347,,,0.6705348781676691,ok,,local,0.55531347,3.660978
p77173_cl3,dynamicbind_asd,19,0.54045886,,,0.0,ok,,local,0.54045886,3.5135615
p77173_cl3,dynamicbind_asd,20,0.5403416,,,0.8719963587335863,ok,,local,0.5403416,3.5198529
p77173_cl3,dynamicbind_asd,21,0.5388295,,,0.0,ok,,local,0.5388295,3.4858394
p77173_cl3,dynamicbind_asd,22,0.5342691,,,0.0,ok,,local,0.5342691,3.4065344
p77173_cl3,dynamicbind_asd,23,0.5342003,,,0.8791898319063696,ok,,local,0.5342003,3.4201756
p77173_cl3,dynamicbind_asd,24,0.522246,,,0.0,ok,,local,0.522246,3.741714
p77173_cl3,dynamicbind_asd,25,0.5196162,,,0.0,ok,,local,0.5196162,3.3354826
p77173_cl3,dynamicbind_asd,26,0.50729424,,,0.6539888635112969,ok,,local,0.50729424,3.5729585
p77173_cl3,dynamicbind_asd,27,0.49583957,,,0.0,ok,,local,0.49583957,3.3630843
p77173_cl3,dynamicbind_asd,28,0.48940116,,,0.915334189136734,ok,,local,0.48940116,3.7718651
p77173_cl3,dynamicbind_asd,29,0.45667538,,,0.7239373273165609,ok,,local,0.45667538,4.1926594
p77173_iqz,dynamicbind_asd,0,0.6318153,2.2506115436553955,0.6436949968338013,0.6967066455166409,ok,,local,0.6318153,3.373662
p77173_iqz,dynamicbind_asd,1,0.6210543,1.8835792541503906,0.6891025900840759,0.0,ok,,local,0.6210543,3.5099206
p77173_iqz,dynamicbind_asd,2,0.6187148,5.738436698913574,0.2579268217086792,0.8806956260218395,ok,,local,0.6187148,2.922721
p77173_iqz,dynamicbind_asd,3,0.61345375,2.2086167335510254,0.6686046719551086,0.6743338624980235,ok,,local,0.61345375,3.3183968
p77173_iqz,dynamicbind_asd,4,0.61199605,1.7922550439834595,0.72826087474823,0.9005286157255374,ok,,local,0.61199605,3.2244797
p77173_iqz,dynamicbind_asd,5,0.6097432,2.346709728240967,0.625,0.0,ok,,local,0.6097432,3.5305474
p77173_iqz,dynamicbind_asd,6,0.60962296,2.7157227993011475,0.6107784509658813,0.6817468361947665,ok,,local,0.60962296,3.3695216
p77173_iqz,dynamicbind_asd,7,0.60827273,5.455813407897949,0.26847290992736816,0.8841935599797665,ok,,local,0.60827273,2.9446356
p77173_iqz,dynamicbind_asd,8,0.6058005,3.5918877124786377,0.5406666398048401,0.8714702156100361,ok,,local,0.6058005,3.2536309
p77173_iqz,dynamicbind_asd,9,0.60491914,1.3867279291152954,0.8203389644622803,0.889511309014929,ok,,local,0.60491914,3.1795669
p77173_iqz,dynamicbind_asd,10,0.6048166,5.388580799102783,0.27582159638404846,0.8850076773150918,ok,,local,0.6048166,2.9941823
p77173_iqz,dynamicbind_asd,11,0.6039798,2.0410232543945312,0.693498432636261,0.7361803243985188,ok,,local,0.6039798,3.386994
p77173_iqz,dynamicbind_asd,12,0.60133713,2.855299949645996,0.6077712774276733,0.0,ok,,local,0.60133713,3.4865265
p77173_iqz,dynamicbind_asd,13,0.59958833,1.3782626390457153,0.7422839403152466,0.0,ok,,local,0.59958833,3.4445028
p77173_iqz,dynamicbind_asd,14,0.59665155,3.1628782749176025,0.5757790207862854,0.0,ok,,local,0.59665155,3.4802928
p77173_iqz,dynamicbind_asd,15,0.59395164,2.1429343223571777,0.6894409656524658,0.0,ok,,local,0.59395164,3.457054
p77173_iqz,dynamicbind_asd,16,0.5933621,3.2558207511901855,0.5675287246704102,0.0,ok,,local,0.5933621,3.4896548
p77173_iqz,dynamicbind_asd,17,0.5931961,3.141961097717285,0.5943952798843384,0.0,ok,,local,0.5931961,3.4763136
p77173_iqz,dynamicbind_asd,18,0.59167045,3.256988286972046,0.5908430218696594,0.0,ok,,local,0.59167045,3.4798412
p77173_iqz,dynamicbind_asd,19,0.5860543,3.32797908782959,0.5444297194480896,0.6531283875188525,ok,,local,0.5860543,3.3623564
p77173_iqz,dynamicbind_asd,20,0.57413316,2.495086431503296,0.6153333187103271,0.685535105388738,ok,,local,0.57413316,3.3169842
p77173_iqz,dynamicbind_asd,21,0.5681664,3.419917106628418,0.5019480586051941,0.6872053384474799,ok,,local,0.5681664,3.4500716
p77173_iqz,dynamicbind_asd,22,0.53456956,6.325591564178467,0.18136271834373474,0.9144204045462677,ok,,local,0.53456956,3.9380991
p77173_iqz,dynamicbind_asd,23,0.5244445,3.8664674758911133,0.4344547688961029,0.7159598287396435,ok,,local,0.5244445,4.254672
p77173_iqz,dynamicbind_asd,24,0.51960355,4.153519153594971,0.4385964870452881,0.6906894435778335,ok,,local,0.51960355,3.2800934
p77173_iqz,dynamicbind_asd,25,0.5177772,5.6066412925720215,0.4359999895095825,0.0,ok,,local,0.5177772,3.5028505
p77173_iqz,dynamicbind_asd,26,0.51414526,1.8563288450241089,0.6869158744812012,0.8951292687536928,ok,,local,0.51414526,3.9553769
p77173_iqz,dynamicbind_asd,27,0.5103341,5.292026996612549,0.3228476941585541,0.8974007557022992,ok,,local,0.5103341,3.3960452
p77173_iqz,dynamicbind_asd,28,0.4953775,0.8356806039810181,0.7680723071098328,0.6953890521660987,ok,,local,0.4953775,4.2640233
p77173_iqz,dynamicbind_asd,29,0.49509346,13.67959976196289,0.004646840039640665,0.9420499442195319,ok,,local,0.49509346,3.4856505
p77173_wai,dynamicbind_asd,0,0.58304876,,,0.6836612993449283,ok,,local,0.58304876,4.689011
p77173_wai,dynamicbind_asd,1,0.57921153,,,0.0,ok,,local,0.57921153,4.7828007
p77173_wai,dynamicbind_asd,2,0.57921135,,,0.0,ok,,local,0.57921135,4.782794
p77173_wai,dynamicbind_asd,3,0.57633257,,,0.8720245612795541,ok,,local,0.57633257,4.8560033
p77173_wai,dynamicbind_asd,4,0.5688608,,,0.0,ok,,local,0.5688608,4.6854205
p77173_wai,dynamicbind_asd,5,0.5688603,,,0.0,ok,,local,0.5688603,4.6854196
p77173_wai,dynamicbind_asd,6,0.5661801,,,0.8366253544104861,ok,,local,0.5661801,4.4792976
p77173_wai,dynamicbind_asd,7,0.56205857,,,0.6539453059620419,ok,,local,0.56205857,4.775497
p77173_wai,dynamicbind_asd,8,0.560818,,,0.8811312186284368,ok,,local,0.560818,4.9998493
p77173_wai,dynamicbind_asd,9,0.5584999,,,0.0,ok,,local,0.5584999,4.9298334
p77173_wai,dynamicbind_asd,10,0.5584997,,,0.0,ok,,local,0.5584997,4.9298368
p77173_wai,dynamicbind_asd,11,0.5562461,,,0.872996259822903,ok,,local,0.5562461,4.620635
p77173_wai,dynamicbind_asd,12,0.5550647,,,0.6600564863298564,ok,,local,0.5550647,4.6806917
p77173_wai,dynamicbind_asd,13,0.5535123,,,0.8454027398187923,ok,,local,0.5535123,4.838449
p77173_wai,dynamicbind_asd,14,0.5518489,,,0.8554631365450909,ok,,local,0.5518489,4.43874
p77173_wai,dynamicbind_asd,15,0.54979485,,,0.6804532677136672,ok,,local,0.54979485,5.3471036
p77173_wai,dynamicbind_asd,16,0.54690576,,,0.0,ok,,local,0.54690576,5.4846373
p77173_wai,dynamicbind_asd,17,0.546902,,,0.0,ok,,local,0.546902,5.484663
p77173_wai,dynamicbind_asd,18,0.54659265,,,0.884348184787918,ok,,local,0.54659265,4.475321
p77173_wai,dynamicbind_asd,19,0.54523695,,,0.0,ok,,local,0.54523695,4.987793
p77173_wai,dynamicbind_asd,20,0.5452345,,,0.0,ok,,local,0.5452345,4.987794
p77173_wai,dynamicbind_asd,21,0.54422486,,,0.8309965159404485,ok,,local,0.54422486,5.359685
p77173_wai,dynamicbind_asd,22,0.5389008,,,0.8670225923008323,ok,,local,0.5389008,4.684809
p77173_wai,dynamicbind_asd,23,0.5295791,,,0.0,ok,,local,0.5295791,5.4753904
p77173_wai,dynamicbind_asd,24,0.5295786,,,0.0,ok,,local,0.5295786,5.475395
p77173_wai,dynamicbind_asd,25,0.52781284,,,0.0,ok,,local,0.52781284,5.583779
p77173_wai,dynamicbind_asd,26,0.5278122,,,0.0,ok,,local,0.5278122,5.583777
p77173_wai,dynamicbind_asd,27,0.5238783,,,0.0,ok,,local,0.5238783,5.262776
p77173_wai,dynamicbind_asd,28,0.5238772,,,0.0,ok,,local,0.5238772,5.262764
p77173_wai,dynamicbind_asd,29,0.5219736,,,0.0,ok,,local,0.5219736,4.8836617
p77173_wai,dynamicbind_asd,30,0.52197325,,,0.0,ok,,local,0.52197325,4.883648
p77173_wai,dynamicbind_asd,31,0.51801634,,,0.7147530456122374,ok,,local,0.51801634,5.1708345
p77173_wai,dynamicbind_asd,32,0.5179756,,,0.68639399591132,ok,,local,0.5179756,4.689335
p77173_wai,dynamicbind_asd,33,0.50845444,,,0.6489987311765423,ok,,local,0.50845444,5.2070346
p77173_wai,dynamicbind_asd,34,0.46902302,,,0.7019513088457184,ok,,local,0.46902302,4.628558
p77173_wai,dynamicbind_asd,35,0.45136705,,,0.0,ok,,local,0.45136705,4.749192
p77173_wai,dynamicbind_asd,36,0.4513197,,,0.0,ok,,local,0.4513197,4.748983
p77173_wai,dynamicbind_asd,37,0.45046008,,,0.8837620029306931,ok,,local,0.45046008,4.5674214
p77173_wai,dynamicbind_asd,38,0.42160198,,,0.9222540252568724,ok,,local,0.42160198,6.022751
p77173_wai,dynamicbind_asd,39,0.38568583,,,0.6495406046748401,ok,,local,0.38568583,5.987236
p97784_6i3,dynamicbind_asd,0,0.6220998,,,0.0,ok,,local,0.6220998,6.707044
p97784_6i3,dynamicbind_asd,1,0.6219478,,,0.0,ok,,local,0.6219478,6.728326
p97784_6i3,dynamicbind_asd,2,0.6181425,,,0.0,ok,,local,0.6181425,6.6019197
p97784_6i3,dynamicbind_asd,3,0.60809505,,,0.0,ok,,local,0.60809505,6.341167
p97784_6i3,dynamicbind_asd,4,0.6071469,,,0.9706604288969988,ok,,local,0.6071469,6.2838774
p97784_6i3,dynamicbind_asd,5,0.6063538,,,0.0,ok,,local,0.6063538,6.856315
p97784_6i3,dynamicbind_asd,6,0.60555947,,,0.0,ok,,local,0.60555947,6.9202886
p97784_6i3,dynamicbind_asd,7,0.6021011,,,0.0,ok,,local,0.6021011,6.4468756
p97784_6i3,dynamicbind_asd,8,0.59914315,,,0.0,ok,,local,0.59914315,6.909202
p97784_6i3,dynamicbind_asd,9,0.5919715,,,0.0,ok,,local,0.5919715,6.957426
p97784_6i3,dynamicbind_asd,10,0.57185036,,,0.0,ok,,local,0.57185036,7.027819
p97784_6i3,dynamicbind_asd,11,0.5710311,,,0.9661560871320333,ok,,local,0.5710311,7.058093
p97784_6i3,dynamicbind_asd,12,0.5675133,,,0.0,ok,,local,0.5675133,6.524552
p97784_6i3,dynamicbind_asd,13,0.56234586,,,0.0,ok,,local,0.56234586,7.1243243
p97784_6i3,dynamicbind_asd,14,0.56208426,,,0.0,ok,,local,0.56208426,6.805508
p97784_6i3,dynamicbind_asd,15,0.55586356,,,0.9678307458671335,ok,,local,0.55586356,6.4559402
p97784_6i3,dynamicbind_asd,16,0.551297,,,0.0,ok,,local,0.551297,6.263042
p97784_6i3,dynamicbind_asd,17,0.54559344,,,0.0,ok,,local,0.54559344,7.102152
p97784_6i3,dynamicbind_asd,18,0.5319613,,,0.9678220171491492,ok,,local,0.5319613,7.0611944
p97784_6i3,dynamicbind_asd,19,0.5211298,,,0.9681003118516439,ok,,local,0.5211298,6.821531
p97784_6i3,dynamicbind_asd,20,0.5111652,,,0.0,ok,,local,0.5111652,6.640842
p97784_6i3,dynamicbind_asd,21,0.51021534,,,0.9685404034556833,ok,,local,0.51021534,6.3193164
p97784_6i3,dynamicbind_asd,22,0.49696746,,,0.0,ok,,local,0.49696746,7.145421
p97784_6i3,dynamicbind_asd,23,0.48995352,,,0.0,ok,,local,0.48995352,6.411105
p97784_6i3,dynamicbind_asd,24,0.47115263,,,0.9677168788396462,ok,,local,0.47115263,6.388796
p97784_6i3,dynamicbind_asd,25,0.44199774,,,0.9680927613331891,ok,,local,0.44199774,6.4369564
p97784_6i3,dynamicbind_asd,26,0.4419658,,,0.9657934820604471,ok,,local,0.4419658,6.858821
p97784_6i3,dynamicbind_asd,27,0.44103345,,,0.0,ok,,local,0.44103345,6.9863863
p97784_6i3,dynamicbind_asd,28,0.42222035,,,0.9693257103192052,ok,,local,0.42222035,6.508703
p97784_6i3,dynamicbind_asd,29,0.41128552,,,0.0,ok,,local,0.41128552,6.5013633
p97784_goc,dynamicbind_asd,0,0.63983744,1.829219937324524,0.5593616962432861,0.0,ok,,local,0.63983744,6.901506
p97784_goc,dynamicbind_asd,1,0.63765657,1.9487384557724,0.5608108043670654,0.0,ok,,local,0.63765657,6.9750166
p97784_goc,dynamicbind_asd,2,0.63663334,2.1099536418914795,0.5611448287963867,0.0,ok,,local,0.63663334,6.9253774
p97784_goc,dynamicbind_asd,3,0.6307434,2.4964022636413574,0.521903932094574,0.0,ok,,local,0.6307434,6.889485
p97784_goc,dynamicbind_asd,4,0.6304281,2.371124029159546,0.5431177616119385,0.0,ok,,local,0.6304281,7.014032
p97784_goc,dynamicbind_asd,5,0.6289874,1.6579927206039429,0.6311438679695129,0.0,ok,,local,0.6289874,6.7583117
p97784_goc,dynamicbind_asd,6,0.62885845,1.965628743171692,0.6983901262283325,0.0,ok,,local,0.62885845,7.235345
p97784_goc,dynamicbind_asd,7,0.6262,2.177215576171875,0.5385878682136536,0.0,ok,,local,0.6262,6.9838486
p97784_goc,dynamicbind_asd,8,0.62611514,2.432770013809204,0.6334869861602783,0.9710139936940206,ok,,local,0.62611514,7.12446
p97784_goc,dynamicbind_asd,9,0.62584245,1.8267641067504883,0.7218664288520813,0.0,ok,,local,0.62584245,6.9853354
p97784_goc,dynamicbind_asd,10,0.6249985,1.8296139240264893,0.5383149981498718,0.0,ok,,local,0.6249985,7.177544
p97784_goc,dynamicbind_asd,11,0.6241202,2.3467438220977783,0.5447976589202881,0.0,ok,,local,0.6241202,7.06826
p97784_goc,dynamicbind_asd,12,0.617241,1.6402504444122314,0.6228888630867004,0.0,ok,,local,0.617241,7.1390743
p97784_goc,dynamicbind_asd,13,0.6166907,2.3874502182006836,0.6583904027938843,0.0,ok,,local,0.6166907,7.145869
p97784_goc,dynamicbind_asd,14,0.6159416,1.668346643447876,0.6967844367027283,0.0,ok,,local,0.6159416,7.3755107
p97784_goc,dynamicbind_asd,15,0.61260337,2.7173244953155518,0.5838775634765625,0.0,ok,,local,0.61260337,7.0144696
p97784_goc,dynamicbind_asd,16,0.6091325,2.1484222412109375,0.6699050068855286,0.9685145018464821,ok,,local,0.6091325,7.108909
p97784_goc,dynamicbind_asd,17,0.6064301,1.4042489528656006,0.8153436779975891,0.968528450113965,ok,,local,0.6064301,7.144192
p97784_goc,dynamicbind_asd,18,0.60378444,1.7718812227249146,0.7495429515838623,0.0,ok,,local,0.60378444,6.9400115
p97784_goc,dynamicbind_asd,19,0.6009582,1.4794024229049683,0.7656104564666748,0.0,ok,,local,0.6009582,7.237882
p97784_goc,dynamicbind_asd,20,0.59530354,2.5688369274139404,0.6326530575752258,0.0,ok,,local,0.59530354,7.222865
p97784_goc,dynamicbind_asd,21,0.59393394,1.9854364395141602,0.7257412672042847,0.0,ok,,local,0.59393394,7.0493717
p97784_goc,dynamicbind_asd,22,0.5592321,4.963220596313477,0.40980538725852966,0.0,ok,,local,0.5592321,6.7334957
p97784_goc,dynamicbind_asd,23,0.5556942,2.6308274269104004,0.6074029207229614,0.973082657312325,ok,,local,0.5556942,6.788678
p97784_goc,dynamicbind_asd,24,0.5501845,1.5282185077667236,0.7879341840744019,0.9690343574456309,ok,,local,0.5501845,6.8321776
p97784_goc,dynamicbind_asd,25,0.5431099,7.547210693359375,0.2475520223379135,0.9687524942428748,ok,,local,0.5431099,7.2998323
p97784_goc,dynamicbind_asd,26,0.53735614,5.793788909912109,0.3318377733230591,0.9697597402704652,ok,,local,0.53735614,6.3507895
p97784_goc,dynamicbind_asd,27,0.51302284,18.12721061706543,0.01864919438958168,0.9723113774976911,ok,,local,0.51302284,6.461618
p97784_goc,dynamicbind_asd,28,0.5128832,17.87097930908203,0.007034631911665201,0.9477030392451736,ok,,local,0.5128832,5.791926
p97784_goc,dynamicbind_asd,29,0.5017604,20.020662307739258,0.0013098802883177996,0.9731626851838882,ok,,local,0.5017604,6.1420135
p97784_gof,dynamicbind_asd,0,0.6525805,,,0.0,ok,,local,0.6525805,6.5029087
p97784_gof,dynamicbind_asd,1,0.649713,,,0.0,ok,,local,0.649713,6.3568196
p97784_gof,dynamicbind_asd,2,0.6369483,,,0.0,ok,,local,0.6369483,6.588979
p97784_gof,dynamicbind_asd,3,0.63025546,,,0.0,ok,,local,0.63025546,6.765384
p97784_gof,dynamicbind_asd,4,0.6278122,,,0.0,ok,,local,0.6278122,6.6326714
p97784_gof,dynamicbind_asd,5,0.6257335,,,0.0,ok,,local,0.6257335,6.6414795
p97784_gof,dynamicbind_asd,6,0.62462664,,,0.0,ok,,local,0.62462664,6.48339
p97784_gof,dynamicbind_asd,7,0.6210644,,,0.0,ok,,local,0.6210644,6.598115
p97784_gof,dynamicbind_asd,8,0.61665606,,,0.0,ok,,local,0.61665606,6.5954146
p97784_gof,dynamicbind_asd,9,0.6091707,,,0.0,ok,,local,0.6091707,6.713866
p97784_gof,dynamicbind_asd,10,0.6086653,,,0.0,ok,,local,0.6086653,6.405762
p97784_gof,dynamicbind_asd,11,0.60312337,,,0.0,ok,,local,0.60312337,6.7401495
p97784_gof,dynamicbind_asd,12,0.6002185,,,0.0,ok,,local,0.6002185,6.721421
p97784_gof,dynamicbind_asd,13,0.5932336,,,0.0,ok,,local,0.5932336,6.5915294
p97784_gof,dynamicbind_asd,14,0.5861623,,,0.0,ok,,local,0.5861623,6.4023585
p97784_gof,dynamicbind_asd,15,0.5525639,,,0.9691476952183851,ok,,local,0.5525639,5.905163
p97784_gof,dynamicbind_asd,16,0.5464985,,,0.9686589020152753,ok,,local,0.5464985,6.665272
p97784_gof,dynamicbind_asd,17,0.54608387,,,0.9705790021209437,ok,,local,0.54608387,6.447289
p97784_gof,dynamicbind_asd,18,0.5372673,,,0.9694710985445186,ok,,local,0.5372673,5.8751283
p97784_gof,dynamicbind_asd,19,0.5351095,,,0.0,ok,,local,0.5351095,5.677078
p97784_gof,dynamicbind_asd,20,0.5297583,,,0.9670502476443238,ok,,local,0.5297583,5.62033
p97784_gof,dynamicbind_asd,21,0.5274503,,,0.9683980303154097,ok,,local,0.5274503,5.991315
p97784_gof,dynamicbind_asd,22,0.52177423,,,0.0,ok,,local,0.52177423,5.914041
p97784_gof,dynamicbind_asd,23,0.52108794,,,0.9631628636907129,ok,,local,0.52108794,5.9054246
p97784_gof,dynamicbind_asd,24,0.5032226,,,0.9704851592276413,ok,,local,0.5032226,5.6769223
p97784_gof,dynamicbind_asd,25,0.49329072,,,0.9619976800836827,ok,,local,0.49329072,5.798063
p97784_gof,dynamicbind_asd,26,0.4927906,,,0.0,ok,,local,0.4927906,6.0278344
p97784_gof,dynamicbind_asd,27,0.48451936,,,0.0,ok,,local,0.48451936,6.041238
p97784_gof,dynamicbind_asd,28,0.45520535,,,0.0,ok,,local,0.45520535,5.897002
p97784_gof,dynamicbind_asd,29,0.41115215,,,0.9656355106891915,ok,,local,0.41115215,6.3588862
q02724_csx,dynamicbind_asd,0,0.66915435,,,1.0,ok,,local,0.66915435,3.5261798
q02724_csx,dynamicbind_asd,1,0.6478445,,,1.0,ok,,local,0.6478445,3.3039527
q02724_csx,dynamicbind_asd,2,0.64523065,,,1.0,ok,,local,0.64523065,3.0563126
q02724_csx,dynamicbind_asd,3,0.6361049,,,1.0,ok,,local,0.6361049,3.334047
q02724_csx,dynamicbind_asd,4,0.6165791,,,1.0,ok,,local,0.6165791,3.0377858
q02724_csx,dynamicbind_asd,5,0.6143129,,,1.0,ok,,local,0.6143129,2.9261231
q02724_csx,dynamicbind_asd,6,0.60338897,,,1.0,ok,,local,0.60338897,2.9643211
q02724_csx,dynamicbind_asd,7,0.58485466,,,1.0,ok,,local,0.58485466,3.1920817
q02724_csx,dynamicbind_asd,8,0.5508772,,,1.0,ok,,local,0.5508772,2.660229
q02724_csx,dynamicbind_asd,9,0.5238764,,,1.0,ok,,local,0.5238764,2.7446258
q04771_lu8,dynamicbind_asd,0,0.7463768,0.9887836575508118,0.9410187602043152,0.0,ok,,local,0.7463768,7.654715
q04771_lu8,dynamicbind_asd,1,0.7453291,0.5551156401634216,0.9775862097740173,0.0,ok,,local,0.7453291,7.665364
q04771_lu8,dynamicbind_asd,2,0.7437984,1.0843982696533203,0.9001976251602173,0.0,ok,,local,0.7437984,7.559193
q04771_lu8,dynamicbind_asd,3,0.7428012,1.0675623416900635,0.9527027010917664,0.0,ok,,local,0.7428012,7.665295
q04771_lu8,dynamicbind_asd,4,0.74221903,0.5141511559486389,0.9779614210128784,0.0,ok,,local,0.74221903,7.667057
q04771_lu8,dynamicbind_asd,5,0.7421019,0.5165104866027832,0.9740082025527954,0.0,ok,,local,0.7421019,7.631968
q04771_lu8,dynamicbind_asd,6,0.74207956,1.0089808702468872,0.95348060131073,0.0,ok,,local,0.74207956,7.738186
q04771_lu8,dynamicbind_asd,7,0.7413662,1.0917127132415771,0.8842894434928894,0.0,ok,,local,0.7413662,7.5569463
q04771_lu8,dynamicbind_asd,8,0.7402475,1.0409296751022339,0.9547872543334961,0.0,ok,,local,0.7402475,7.653026
q04771_lu8,dynamicbind_asd,9,0.74011314,1.0089995861053467,0.9459731578826904,0.0,ok,,local,0.74011314,7.676357
q04771_lu8,dynamicbind_asd,10,0.7398696,1.0445380210876465,0.9355600476264954,0.0,ok,,local,0.7398696,7.6023574
q04771_lu8,dynamicbind_asd,11,0.7391209,1.0843935012817383,0.9200928211212158,0.0,ok,,local,0.7391209,7.611243
q04771_lu8,dynamicbind_asd,12,0.7385658,1.0193592309951782,0.9532710313796997,0.0,ok,,local,0.7385658,7.762978
q04771_lu8,dynamicbind_asd,13,0.7382078,0.49183204770088196,0.9681069850921631,0.0,ok,,local,0.7382078,7.655341
q04771_lu8,dynamicbind_asd,14,0.738109,0.9297049045562744,0.9522207379341125,0.0,ok,,local,0.738109,7.722502
q04771_lu8,dynamicbind_asd,15,0.7375792,0.5021961331367493,0.972752034664154,0.0,ok,,local,0.7375792,7.7228265
q04771_lu8,dynamicbind_asd,16,0.73747563,1.1031455993652344,0.8834856152534485,0.0,ok,,local,0.73747563,7.547995
q04771_lu8,dynamicbind_asd,17,0.73722917,1.1172107458114624,0.8839634656906128,0.0,ok,,local,0.73722917,7.655675
q04771_lu8,dynamicbind_asd,18,0.73618174,0.5568053126335144,0.9702462553977966,0.0,ok,,local,0.73618174,7.6675673
q04771_lu8,dynamicbind_asd,19,0.73568636,0.5667802691459656,0.9679918885231018,0.0,ok,,local,0.73568636,7.6646414
q04771_lu8,dynamicbind_asd,20,0.73462605,0.9959228038787842,0.9357239603996277,0.0,ok,,local,0.73462605,7.622388
q04771_lu8,dynamicbind_asd,21,0.7339146,0.600827157497406,0.930294930934906,0.0,ok,,local,0.7339146,7.7667384
q04771_lu8,dynamicbind_asd,22,0.73381513,1.012988567352295,0.9037227034568787,0.0,ok,,local,0.73381513,7.698218
q04771_lu8,dynamicbind_asd,23,0.7334489,1.0305472612380981,0.9349865913391113,0.0,ok,,local,0.7334489,7.71832
q04771_lu8,dynamicbind_asd,24,0.7332248,0.5186610817909241,0.9700272679328918,0.0,ok,,local,0.7332248,7.7500534
q04771_lu8,dynamicbind_asd,25,0.7322291,1.1674317121505737,0.9096423983573914,0.0,ok,,local,0.7322291,7.6662145
q04771_lu8,dynamicbind_asd,26,0.7321197,0.5379273295402527,0.9675236940383911,0.0,ok,,local,0.7321197,7.6716485
q04771_lu8,dynamicbind_asd,27,0.7318789,0.5354640483856201,0.9688346982002258,0.0,ok,,local,0.7318789,7.747074
q04771_lu8,dynamicbind_asd,28,0.7317297,1.0556409358978271,0.9352940917015076,0.0,ok,,local,0.7317297,7.807466
q04771_lu8,dynamicbind_asd,29,0.73156995,0.9842005968093872,0.9056482911109924,0.0,ok,,local,0.73156995,7.777599
q04771_lu8,dynamicbind_asd,30,0.7310949,1.3022823333740234,0.8486589789390564,0.0,ok,,local,0.7310949,7.7934794
q04771_lu8,dynamicbind_asd,31,0.7305187,1.366097331047058,0.843870997428894,0.0,ok,,local,0.7305187,7.803478
q04771_lu8,dynamicbind_asd,32,0.7302738,1.0258359909057617,0.8971539735794067,0.0,ok,,local,0.7302738,7.793978
q04771_lu8,dynamicbind_asd,33,0.73002833,1.1747891902923584,0.9145569801330566,0.0,ok,,local,0.73002833,7.7456446
q04771_lu8,dynamicbind_asd,34,0.72963065,1.1560773849487305,0.8607470393180847,0.0,ok,,local,0.72963065,7.768024
q04771_lu8,dynamicbind_asd,35,0.72956836,1.3498752117156982,0.8486675024032593,0.0,ok,,local,0.72956836,7.8534
q04771_lu8,dynamicbind_asd,36,0.7288925,1.0758916139602661,0.905370831489563,0.0,ok,,local,0.7288925,7.720351
q04771_lu8,dynamicbind_asd,37,0.7286415,1.1387490034103394,0.9089726805686951,0.0,ok,,local,0.7286415,7.706556
q04771_lu8,dynamicbind_asd,38,0.7282973,0.8931066989898682,0.91878342628479,0.0,ok,,local,0.7282973,7.855185
q04771_lu8,dynamicbind_asd,39,0.72813684,1.1292428970336914,0.8745161294937134,0.0,ok,,local,0.72813684,7.8123336
q04771_lu8,dynamicbind_asd,40,0.72792226,1.1880725622177124,0.9078947305679321,0.0,ok,,local,0.72792226,7.7633686
q04771_lu8,dynamicbind_asd,41,0.727411,1.1668511629104614,0.9201846718788147,0.0,ok,,local,0.727411,7.738105
q04771_lu8,dynamicbind_asd,42,0.7264654,1.3327298164367676,0.8530166745185852,0.0,ok,,local,0.7264654,7.877443
q04771_lu8,dynamicbind_asd,43,0.7254537,1.2816264629364014,0.8605026006698608,0.0,ok,,local,0.7254537,7.7905827
q04771_lu8,dynamicbind_asd,44,0.72490185,1.0118749141693115,0.8866623044013977,0.0,ok,,local,0.72490185,7.795695
q04771_lu8,dynamicbind_asd,45,0.72152346,1.0332868099212646,0.8735216856002808,0.0,ok,,local,0.72152346,7.8887596
q04771_lu8,dynamicbind_asd,46,0.7205767,1.0132343769073486,0.8699609637260437,0.0,ok,,local,0.7205767,7.892654
q04771_lu8,dynamicbind_asd,47,0.7204321,1.0107686519622803,0.8870757222175598,0.0,ok,,local,0.7204321,7.827353
q04771_lu8,dynamicbind_asd,48,0.71927387,1.099448561668396,0.8626482486724854,0.0,ok,,local,0.71927387,7.7907176
q04771_lu8,dynamicbind_asd,49,0.7185576,0.7576283812522888,0.9148802161216736,0.0,ok,,local,0.7185576,7.649141
q04771_lu8,dynamicbind_asd,50,0.7174935,0.9512051343917847,0.9073140025138855,0.0,ok,,local,0.7174935,7.622156
q04771_lu8,dynamicbind_asd,51,0.7143114,1.288223147392273,0.8515625,0.0,ok,,local,0.7143114,7.7266064
q04771_lu8,dynamicbind_asd,52,0.7139486,1.1513211727142334,0.9177296161651611,0.0,ok,,local,0.7139486,7.6384926
q04771_lu8,dynamicbind_asd,53,0.7131577,0.7671753168106079,0.9226804375648499,0.0,ok,,local,0.7131577,7.7409315
q04771_lu8,dynamicbind_asd,54,0.7111965,1.1171138286590576,0.8903973698616028,0.0,ok,,local,0.7111965,7.694665
q04771_lu8,dynamicbind_asd,55,0.70895875,1.099518060684204,0.8932325839996338,0.0,ok,,local,0.70895875,7.667813
q04771_lu8,dynamicbind_asd,56,0.70879024,1.1000001430511475,0.8900130391120911,0.0,ok,,local,0.70879024,7.6798925
q04771_lu8,dynamicbind_asd,57,0.7063251,1.113054633140564,0.8969816565513611,0.0,ok,,local,0.7063251,7.765013
q04771_lu8,dynamicbind_asd,58,0.7057201,1.1668109893798828,0.8830798268318176,0.0,ok,,local,0.7057201,7.6354446
q04771_lu8,dynamicbind_asd,59,0.70258236,1.0342110395431519,0.8708118796348572,0.0,ok,,local,0.70258236,7.764969
q04771_q5z,dynamicbind_asd,0,0.74037254,,,0.0,ok,,local,0.74037254,7.6127057
q04771_q5z,dynamicbind_asd,1,0.73994666,,,0.0,ok,,local,0.73994666,7.617417
q04771_q5z,dynamicbind_asd,2,0.7398454,,,0.0,ok,,local,0.7398454,7.6482215
q04771_q5z,dynamicbind_asd,3,0.73946726,,,0.0,ok,,local,0.73946726,7.6711736
q04771_q5z,dynamicbind_asd,4,0.7392002,,,0.0,ok,,local,0.7392002,7.550308
q04771_q5z,dynamicbind_asd,5,0.73855114,,,0.0,ok,,local,0.73855114,7.5700097
q04771_q5z,dynamicbind_asd,6,0.73791784,,,0.0,ok,,local,0.73791784,7.6970825
q04771_q5z,dynamicbind_asd,7,0.73694366,,,0.0,ok,,local,0.73694366,7.6167884
q04771_q5z,dynamicbind_asd,8,0.73617774,,,0.0,ok,,local,0.73617774,7.766793
q04771_q5z,dynamicbind_asd,9,0.73596543,,,0.0,ok,,local,0.73596543,7.7380958
q04771_q5z,dynamicbind_asd,10,0.7350765,,,0.0,ok,,local,0.7350765,7.7661815
q04771_q5z,dynamicbind_asd,11,0.7332366,,,0.0,ok,,local,0.7332366,7.7320642
q04771_q5z,dynamicbind_asd,12,0.7308757,,,0.0,ok,,local,0.7308757,7.597012
q04771_q5z,dynamicbind_asd,13,0.73020077,,,0.0,ok,,local,0.73020077,7.8009615
q04771_q5z,dynamicbind_asd,14,0.7295082,,,0.0,ok,,local,0.7295082,7.6087227
q04771_q5z,dynamicbind_asd,15,0.72945535,,,0.0,ok,,local,0.72945535,7.728128
q04771_q5z,dynamicbind_asd,16,0.72929263,,,0.0,ok,,local,0.72929263,7.7215185
q04771_q5z,dynamicbind_asd,17,0.729188,,,0.0,ok,,local,0.729188,7.6169815
q04771_q5z,dynamicbind_asd,18,0.7282832,,,0.0,ok,,local,0.7282832,7.6807737
q04771_q5z,dynamicbind_asd,19,0.7263135,,,0.0,ok,,local,0.7263135,7.580345
q04771_q5z,dynamicbind_asd,20,0.72507656,,,0.0,ok,,local,0.72507656,7.74533
q04771_q5z,dynamicbind_asd,21,0.72390157,,,0.0,ok,,local,0.72390157,7.5772533
q04771_q5z,dynamicbind_asd,22,0.7220703,,,0.0,ok,,local,0.7220703,7.6584496
q04771_q5z,dynamicbind_asd,23,0.7200355,,,0.0,ok,,local,0.7200355,7.4353433
q04771_q5z,dynamicbind_asd,24,0.71958053,,,0.0,ok,,local,0.71958053,7.5142174
q04771_q5z,dynamicbind_asd,25,0.7168959,,,0.0,ok,,local,0.7168959,7.5056834
q04771_q5z,dynamicbind_asd,26,0.71676457,,,0.0,ok,,local,0.71676457,7.4795647
q04771_q5z,dynamicbind_asd,27,0.7158804,,,0.0,ok,,local,0.7158804,7.730113
q04771_q5z,dynamicbind_asd,28,0.7131017,,,0.0,ok,,local,0.7131017,7.499001
q04771_q5z,dynamicbind_asd,29,0.71111786,,,0.0,ok,,local,0.71111786,7.423549
q04771_t5y,dynamicbind_asd,0,0.7748052,,,0.0,ok,,local,0.7748052,2.6061506
q04771_t5y,dynamicbind_asd,1,0.7705109,,,0.0,ok,,local,0.7705109,2.4379768
q04771_t5y,dynamicbind_asd,2,0.7699089,,,0.0,ok,,local,0.7699089,2.535943
q04771_t5y,dynamicbind_asd,3,0.7628886,,,0.0,ok,,local,0.7628886,2.6485434
q04771_t5y,dynamicbind_asd,4,0.7615157,,,0.0,ok,,local,0.7615157,2.5810115
q04771_t5y,dynamicbind_asd,5,0.76076025,,,0.0,ok,,local,0.76076025,2.4799721
q04771_t5y,dynamicbind_asd,6,0.7584468,,,0.0,ok,,local,0.7584468,2.5659826
q04771_t5y,dynamicbind_asd,7,0.7553473,,,0.0,ok,,local,0.7553473,2.6007602
q04771_t5y,dynamicbind_asd,8,0.75393784,,,0.0,ok,,local,0.75393784,2.3917305
q04771_t5y,dynamicbind_asd,9,0.75343746,,,0.0,ok,,local,0.75343746,2.416718
q04771_t5y,dynamicbind_asd,10,0.75224316,,,0.0,ok,,local,0.75224316,2.3922198
q04771_t5y,dynamicbind_asd,11,0.7515276,,,0.0,ok,,local,0.7515276,2.3973584
q04771_t5y,dynamicbind_asd,12,0.7515071,,,0.0,ok,,local,0.7515071,2.3662107
q04771_t5y,dynamicbind_asd,13,0.74704975,,,0.0,ok,,local,0.74704975,2.4014492
q04771_t5y,dynamicbind_asd,14,0.7464015,,,0.0,ok,,local,0.7464015,2.4514804
q04771_t5y,dynamicbind_asd,15,0.74574697,,,0.0,ok,,local,0.74574697,2.4066477
q04771_t5y,dynamicbind_asd,16,0.7451682,,,0.0,ok,,local,0.7451682,2.4025836
q04771_t5y,dynamicbind_asd,17,0.74452513,,,0.0,ok,,local,0.74452513,2.3912485
q04771_t5y,dynamicbind_asd,18,0.7442032,,,0.0,ok,,local,0.7442032,2.4737937
q04771_t5y,dynamicbind_asd,19,0.74297833,,,0.0,ok,,local,0.74297833,2.215965
q04771_t5y,dynamicbind_asd,20,0.7396459,,,0.0,ok,,local,0.7396459,2.3971589
q04771_t5y,dynamicbind_asd,21,0.73840123,,,0.0,ok,,local,0.73840123,2.417633
q04771_t5y,dynamicbind_asd,22,0.701738,,,0.0,ok,,local,0.701738,2.749425
q04771_t5y,dynamicbind_asd,23,0.7014656,,,0.0,ok,,local,0.7014656,2.9376411
q04771_t5y,dynamicbind_asd,24,0.69855,,,0.0,ok,,local,0.69855,2.7907696
q04771_t5y,dynamicbind_asd,25,0.6120346,,,0.0,ok,,local,0.6120346,3.0570982
q04771_t5y,dynamicbind_asd,26,0.61067075,,,0.0,ok,,local,0.61067075,2.9864285
q04771_t5y,dynamicbind_asd,27,0.5882922,,,0.0,ok,,local,0.5882922,3.0224357
q04771_t5y,dynamicbind_asd,28,0.5852436,,,0.0,ok,,local,0.5852436,2.8665679
q04771_t5y,dynamicbind_asd,29,0.58385897,,,0.0,ok,,local,0.58385897,3.0517585
q04771_xej,dynamicbind_asd,0,0.7451771,,,0.0,ok,,local,0.7451771,2.7752597
q04771_xej,dynamicbind_asd,1,0.7433449,,,0.0,ok,,local,0.7433449,2.799003
q04771_xej,dynamicbind_asd,2,0.742715,,,0.0,ok,,local,0.742715,2.7375066
q04771_xej,dynamicbind_asd,3,0.7356997,,,0.0,ok,,local,0.7356997,2.779529
q04771_xej,dynamicbind_asd,4,0.72579855,,,0.0,ok,,local,0.72579855,2.2786505
q04771_xej,dynamicbind_asd,5,0.7250457,,,0.0,ok,,local,0.7250457,2.2530744
q04771_xej,dynamicbind_asd,6,0.72281504,,,0.0,ok,,local,0.72281504,2.6518016
q04771_xej,dynamicbind_asd,7,0.72088665,,,0.0,ok,,local,0.72088665,2.4377367
q04771_xej,dynamicbind_asd,8,0.72061765,,,0.0,ok,,local,0.72061765,2.8321848
q04771_xej,dynamicbind_asd,9,0.7202068,,,0.0,ok,,local,0.7202068,2.4194891
q04771_xej,dynamicbind_asd,10,0.71884125,,,0.0,ok,,local,0.71884125,3.0401719
q04771_xej,dynamicbind_asd,11,0.71804184,,,0.0,ok,,local,0.71804184,2.9835992
q04771_xej,dynamicbind_asd,12,0.7168724,,,0.0,ok,,local,0.7168724,2.49403
q04771_xej,dynamicbind_asd,13,0.71640927,,,0.0,ok,,local,0.71640927,2.4215932
q04771_xej,dynamicbind_asd,14,0.71510375,,,0.0,ok,,local,0.71510375,2.7167122
q04771_xej,dynamicbind_asd,15,0.7139103,,,0.0,ok,,local,0.7139103,2.854612
q04771_xej,dynamicbind_asd,16,0.7129102,,,0.0,ok,,local,0.7129102,2.405814
q04771_xej,dynamicbind_asd,17,0.70831984,,,0.0,ok,,local,0.70831984,2.43204
q04771_xej,dynamicbind_asd,18,0.7060249,,,0.0,ok,,local,0.7060249,2.8210435
q04771_xej,dynamicbind_asd,19,0.7045853,,,0.0,ok,,local,0.7045853,2.5512075
q04771_xej,dynamicbind_asd,20,0.7037704,,,0.0,ok,,local,0.7037704,2.664289
q04771_xej,dynamicbind_asd,21,0.70159817,,,0.0,ok,,local,0.70159817,2.473357
q04771_xej,dynamicbind_asd,22,0.70159686,,,0.0,ok,,local,0.70159686,2.5029542
q04771_xej,dynamicbind_asd,23,0.6979907,,,0.0,ok,,local,0.6979907,2.5459466
q04771_xej,dynamicbind_asd,24,0.694946,,,0.0,ok,,local,0.694946,2.4221792
q04771_xej,dynamicbind_asd,25,0.6877157,,,0.0,ok,,local,0.6877157,2.593071
q04771_xej,dynamicbind_asd,26,0.6681646,,,0.0,ok,,local,0.6681646,2.4704473
q04771_xej,dynamicbind_asd,27,0.66079366,,,0.0,ok,,local,0.66079366,3.0635233
q04771_xej,dynamicbind_asd,28,0.6393762,,,0.0,ok,,local,0.6393762,3.510925
q04771_xej,dynamicbind_asd,29,0.6339439,,,0.0,ok,,local,0.6339439,3.5951278
q04771_xk4,dynamicbind_asd,0,0.72010684,,,0.0,ok,,local,0.72010684,2.7013106
q04771_xk4,dynamicbind_asd,1,0.7074145,,,0.0,ok,,local,0.7074145,2.8904488
q04771_xk4,dynamicbind_asd,2,0.7037468,,,0.0,ok,,local,0.7037468,2.9078825
q04771_xk4,dynamicbind_asd,3,0.70331323,,,0.0,ok,,local,0.70331323,2.6237376
q04771_xk4,dynamicbind_asd,4,0.6867911,,,0.0,ok,,local,0.6867911,2.8470452
q04771_xk4,dynamicbind_asd,5,0.673378,,,0.0,ok,,local,0.673378,2.7415948
q04771_xk4,dynamicbind_asd,6,0.6531913,,,0.0,ok,,local,0.6531913,3.2104158
q04771_xk4,dynamicbind_asd,7,0.64378166,,,0.0,ok,,local,0.64378166,2.8428528
q04771_xk4,dynamicbind_asd,8,0.64348555,,,0.0,ok,,local,0.64348555,3.06598
q04771_xk4,dynamicbind_asd,9,0.6410202,,,0.0,ok,,local,0.6410202,2.7039187
q04771_xk4,dynamicbind_asd,10,0.63865435,,,0.0,ok,,local,0.63865435,2.9305594
q04771_xk4,dynamicbind_asd,11,0.63857555,,,0.0,ok,,local,0.63857555,2.8205779
q04771_xk4,dynamicbind_asd,12,0.6373494,,,0.0,ok,,local,0.6373494,3.021386
q04771_xk4,dynamicbind_asd,13,0.63303643,,,0.0,ok,,local,0.63303643,2.5028965
q04771_xk4,dynamicbind_asd,14,0.63241535,,,0.0,ok,,local,0.63241535,2.8788385
q04771_xk4,dynamicbind_asd,15,0.63132024,,,0.0,ok,,local,0.63132024,2.7130764
q04771_xk4,dynamicbind_asd,16,0.6266445,,,0.0,ok,,local,0.6266445,2.8428676
q04771_xk4,dynamicbind_asd,17,0.625661,,,0.0,ok,,local,0.625661,3.0153682
q04771_xk4,dynamicbind_asd,18,0.62562054,,,0.0,ok,,local,0.62562054,2.5898492
q04771_xk4,dynamicbind_asd,19,0.62292033,,,0.0,ok,,local,0.62292033,2.694539
q04771_xk4,dynamicbind_asd,20,0.6222245,,,0.0,ok,,local,0.6222245,2.7274234
q04771_xk4,dynamicbind_asd,21,0.62142044,,,0.0,ok,,local,0.62142044,2.5719378
q04771_xk4,dynamicbind_asd,22,0.6170419,,,0.0,ok,,local,0.6170419,3.1904404
q04771_xk4,dynamicbind_asd,23,0.6160354,,,0.0,ok,,local,0.6160354,2.558911
q04771_xk4,dynamicbind_asd,24,0.6136422,,,0.0,ok,,local,0.6136422,3.2667303
q04771_xk4,dynamicbind_asd,25,0.60965884,,,0.0,ok,,local,0.60965884,2.8634484
q04771_xk4,dynamicbind_asd,26,0.6043997,,,0.0,ok,,local,0.6043997,2.8307295
q04771_xk4,dynamicbind_asd,27,0.59809244,,,0.0,ok,,local,0.59809244,2.8665988
q04771_xk4,dynamicbind_asd,28,0.5879232,,,0.0,ok,,local,0.5879232,2.8849192
q04771_xk4,dynamicbind_asd,29,0.5748584,,,0.0,ok,,local,0.5748584,2.7933648
q06124_5od,dynamicbind_asd,0,0.76394093,,,0.0,ok,,local,0.76394093,5.7525325
q06124_5od,dynamicbind_asd,1,0.7639401,,,0.0,ok,,local,0.7639401,5.752564
q06124_5od,dynamicbind_asd,2,0.76066077,,,0.0,ok,,local,0.76066077,5.729767
q06124_5od,dynamicbind_asd,3,0.75803375,,,0.0,ok,,local,0.75803375,6.1237006
q06124_5od,dynamicbind_asd,4,0.75803363,,,0.0,ok,,local,0.75803363,6.123708
q06124_5od,dynamicbind_asd,5,0.7562012,,,0.0,ok,,local,0.7562012,5.858024
q06124_5od,dynamicbind_asd,6,0.75249225,,,0.0,ok,,local,0.75249225,6.0148954
q06124_5od,dynamicbind_asd,7,0.75249124,,,0.0,ok,,local,0.75249124,6.0148945
q06124_5od,dynamicbind_asd,8,0.75040895,,,0.0,ok,,local,0.75040895,5.836427
q06124_5od,dynamicbind_asd,9,0.7504089,,,0.0,ok,,local,0.7504089,5.836433
q06124_5od,dynamicbind_asd,10,0.74777305,,,0.0,ok,,local,0.74777305,5.7745953
q06124_5od,dynamicbind_asd,11,0.7460434,,,0.0,ok,,local,0.7460434,5.7881813
q06124_5od,dynamicbind_asd,12,0.7460432,,,0.0,ok,,local,0.7460432,5.7881813
q06124_5od,dynamicbind_asd,13,0.74496603,,,0.0,ok,,local,0.74496603,5.8056145
q06124_5od,dynamicbind_asd,14,0.7444887,,,0.0,ok,,local,0.7444887,6.172859
q06124_5od,dynamicbind_asd,15,0.74448854,,,0.0,ok,,local,0.74448854,6.1728706
q06124_5od,dynamicbind_asd,16,0.7415071,,,0.0,ok,,local,0.7415071,6.087644
q06124_5od,dynamicbind_asd,17,0.7415066,,,0.0,ok,,local,0.7415066,6.0876355
q06124_5od,dynamicbind_asd,18,0.7409457,,,0.0,ok,,local,0.7409457,6.13902
q06124_5od,dynamicbind_asd,19,0.74094534,,,0.0,ok,,local,0.74094534,6.1390214
q06124_5od,dynamicbind_asd,20,0.7396093,,,0.0,ok,,local,0.7396093,6.1282177
q06124_5od,dynamicbind_asd,21,0.739609,,,0.0,ok,,local,0.739609,6.128214
q06124_5od,dynamicbind_asd,22,0.7385178,,,0.0,ok,,local,0.7385178,5.9066167
q06124_5od,dynamicbind_asd,23,0.738361,,,0.0,ok,,local,0.738361,6.0125184
q06124_5od,dynamicbind_asd,24,0.7373587,,,0.0,ok,,local,0.7373587,5.993051
q06124_5od,dynamicbind_asd,25,0.734231,,,0.0,ok,,local,0.734231,5.7224436
q06124_5od,dynamicbind_asd,26,0.73214906,,,0.0,ok,,local,0.73214906,5.733035
q06124_5od,dynamicbind_asd,27,0.7321487,,,0.0,ok,,local,0.7321487,5.7330394
q06124_5od,dynamicbind_asd,28,0.73105913,,,0.0,ok,,local,0.73105913,6.0533304
q06124_5od,dynamicbind_asd,29,0.7310583,,,0.0,ok,,local,0.7310583,6.053331
q06124_5od,dynamicbind_asd,30,0.72889227,,,0.0,ok,,local,0.72889227,5.8530765
q06124_5od,dynamicbind_asd,31,0.726855,,,0.0,ok,,local,0.726855,6.1203785
q06124_5od,dynamicbind_asd,32,0.72685385,,,0.0,ok,,local,0.72685385,6.120383
q06124_5od,dynamicbind_asd,33,0.72631526,,,0.0,ok,,local,0.72631526,6.1598873
q06124_5od,dynamicbind_asd,34,0.72631437,,,0.0,ok,,local,0.72631437,6.1598854
q06124_5od,dynamicbind_asd,35,0.72445464,,,0.0,ok,,local,0.72445464,5.8063617
q06124_5od,dynamicbind_asd,36,0.72445256,,,0.0,ok,,local,0.72445256,5.806376
q06124_5od,dynamicbind_asd,37,0.7236142,,,0.0,ok,,local,0.7236142,5.927368
q06124_5od,dynamicbind_asd,38,0.72361386,,,0.0,ok,,local,0.72361386,5.927383
q06124_5od,dynamicbind_asd,39,0.7207621,,,0.0,ok,,local,0.7207621,5.794139
q06124_5od,dynamicbind_asd,40,0.7207621,,,0.0,ok,,local,0.7207621,5.7941356
q06124_5od,dynamicbind_asd,41,0.7138965,,,0.0,ok,,local,0.7138965,5.979229
q06124_5od,dynamicbind_asd,42,0.71389574,,,0.0,ok,,local,0.71389574,5.9792237
q06124_5od,dynamicbind_asd,43,0.7124417,,,0.0,ok,,local,0.7124417,5.3777676
q06124_5od,dynamicbind_asd,44,0.7029159,,,0.0,ok,,local,0.7029159,5.9299574
q06124_5od,dynamicbind_asd,45,0.7029152,,,0.0,ok,,local,0.7029152,5.9299607
q06124_5od,dynamicbind_asd,46,0.69875896,,,0.0,ok,,local,0.69875896,5.7711124
q06124_5od,dynamicbind_asd,47,0.69875205,,,0.0,ok,,local,0.69875205,5.771108
q06124_5od,dynamicbind_asd,48,0.6901847,,,0.0,ok,,local,0.6901847,5.9681025
q06124_5od,dynamicbind_asd,49,0.69018334,,,0.0,ok,,local,0.69018334,5.9681168
q06124_dyv,dynamicbind_asd,0,0.6937661,26.695764541625977,0.0,0.0,ok,,local,0.6937661,5.6131964
q06124_dyv,dynamicbind_asd,1,0.6725686,24.639480590820312,0.0,0.0,ok,,local,0.6725686,6.141454
q06124_dyv,dynamicbind_asd,2,0.661775,1.8281691074371338,0.7113466262817383,0.0,ok,,local,0.661775,4.435392
q06124_dyv,dynamicbind_asd,3,0.65197915,24.884986877441406,0.0,0.0,ok,,local,0.65197915,6.292942
q06124_dyv,dynamicbind_asd,4,0.64317423,4.107942581176758,0.38545918464660645,0.0,ok,,local,0.64317423,4.6156745
q06124_dyv,dynamicbind_asd,5,0.64297354,4.228103160858154,0.3811224400997162,0.0,ok,,local,0.64297354,4.7511916
q06124_dyv,dynamicbind_asd,6,0.6427448,1.8224867582321167,0.7187123894691467,0.0,ok,,local,0.6427448,4.6585445
q06124_dyv,dynamicbind_asd,7,0.6408302,27.017440795898438,0.0,0.0,ok,,local,0.6408302,5.607332
q06124_dyv,dynamicbind_asd,8,0.63697755,4.388381004333496,0.39235764741897583,0.0,ok,,local,0.63697755,4.744269
q06124_dyv,dynamicbind_asd,9,0.636547,24.769773483276367,0.0,0.0,ok,,local,0.636547,6.0884557
q06124_dyv,dynamicbind_asd,10,0.6346789,24.241607666015625,0.0,0.0,ok,,local,0.6346789,5.4185667
q06124_dyv,dynamicbind_asd,11,0.6248568,27.017887115478516,0.0,0.0,ok,,local,0.6248568,5.6379457
q06124_dyv,dynamicbind_asd,12,0.62406534,26.88780975341797,0.0,0.0,ok,,local,0.62406534,5.9537406
q06124_dyv,dynamicbind_asd,13,0.62250507,25.909076690673828,0.0,0.0,ok,,local,0.62250507,5.8198075
q06124_dyv,dynamicbind_asd,14,0.6197744,7.605551242828369,0.30048543214797974,0.0,ok,,local,0.6197744,4.763625
q06124_dyv,dynamicbind_asd,15,0.612817,25.59316635131836,0.0,0.0,ok,,local,0.612817,5.8452106
q06124_dyv,dynamicbind_asd,16,0.6072054,25.162309646606445,0.0,0.0,ok,,local,0.6072054,6.105131
q06124_dyv,dynamicbind_asd,17,0.60608655,25.748411178588867,0.0,0.0,ok,,local,0.60608655,6.1252947
q06124_dyv,dynamicbind_asd,18,0.5933058,7.649952411651611,0.2886236011981964,0.0,ok,,local,0.5933058,4.2220974
q06124_dyv,dynamicbind_asd,19,0.5877351,25.976276397705078,0.0,0.0,ok,,local,0.5877351,6.2550335
q06124_dyv,dynamicbind_asd,20,0.5825581,26.700809478759766,0.0,0.0,ok,,local,0.5825581,5.466438
q06124_dyv,dynamicbind_asd,21,0.57293504,7.566437244415283,0.2880886495113373,0.0,ok,,local,0.57293504,4.242791
q06124_dyv,dynamicbind_asd,22,0.47611067,23.094043731689453,0.02200424112379551,0.0,ok,,local,0.47611067,4.26502
q06124_dyv,dynamicbind_asd,23,0.46471748,8.65725040435791,0.2808924615383148,0.0,ok,,local,0.46471748,4.1075025
q06124_dyv,dynamicbind_asd,24,0.45415774,27.696548461914062,0.0,0.0,ok,,local,0.45415774,5.2261863
q06124_dyv,dynamicbind_asd,25,0.43844423,35.81632614135742,0.0,0.0,ok,,local,0.43844423,3.8313015
q06124_dyv,dynamicbind_asd,26,0.4274436,35.529441833496094,0.0,0.0,ok,,local,0.4274436,5.026071
q06124_dyv,dynamicbind_asd,27,0.4215297,25.571266174316406,0.003475670237094164,0.0,ok,,local,0.4215297,4.893454
q06124_dyv,dynamicbind_asd,28,0.41497695,30.62273597717285,0.0,0.0,ok,,local,0.41497695,4.6347404
q06124_dyv,dynamicbind_asd,29,0.41493696,18.75494384765625,0.0,0.0,ok,,local,0.41493696,6.3463354
q06124_dzs,dynamicbind_asd,0,0.7112909,,,0.0,ok,,local,0.7112909,5.0056562
q06124_dzs,dynamicbind_asd,1,0.70964,,,0.0,ok,,local,0.70964,4.400622
q06124_dzs,dynamicbind_asd,2,0.70668113,,,0.0,ok,,local,0.70668113,4.2924266
q06124_dzs,dynamicbind_asd,3,0.70223355,,,0.0,ok,,local,0.70223355,5.028996
q06124_dzs,dynamicbind_asd,4,0.7014935,,,0.0,ok,,local,0.7014935,4.9328814
q06124_dzs,dynamicbind_asd,5,0.7003181,,,0.0,ok,,local,0.7003181,5.1368055
q06124_dzs,dynamicbind_asd,6,0.69814426,,,0.0,ok,,local,0.69814426,4.219436
q06124_dzs,dynamicbind_asd,7,0.6961193,,,0.0,ok,,local,0.6961193,5.1923103
q06124_dzs,dynamicbind_asd,8,0.6944344,,,0.0,ok,,local,0.6944344,5.079494
q06124_dzs,dynamicbind_asd,9,0.6942276,,,0.0,ok,,local,0.6942276,5.2698674
q06124_dzs,dynamicbind_asd,10,0.69270986,,,0.0,ok,,local,0.69270986,4.932541
q06124_dzs,dynamicbind_asd,11,0.67859674,,,0.0,ok,,local,0.67859674,5.018704
q06124_dzs,dynamicbind_asd,12,0.677697,,,0.0,ok,,local,0.677697,5.0764394
q06124_dzs,dynamicbind_asd,13,0.666336,,,0.0,ok,,local,0.666336,4.83137
q06124_dzs,dynamicbind_asd,14,0.66073084,,,0.0,ok,,local,0.66073084,4.205197
q06124_dzs,dynamicbind_asd,15,0.6568559,,,0.0,ok,,local,0.6568559,4.1543818
q06124_dzs,dynamicbind_asd,16,0.6559264,,,0.0,ok,,local,0.6559264,5.0581036
q06124_dzs,dynamicbind_asd,17,0.64703196,,,0.0,ok,,local,0.64703196,5.227438
q06124_dzs,dynamicbind_asd,18,0.63825834,,,0.0,ok,,local,0.63825834,5.4188604
q06124_dzs,dynamicbind_asd,19,0.582662,,,0.0,ok,,local,0.582662,4.7497745
q06124_dzs,dynamicbind_asd,20,0.57439625,,,0.0,ok,,local,0.57439625,5.0967183
q06124_dzs,dynamicbind_asd,21,0.5662313,,,0.0,ok,,local,0.5662313,3.4894507
q06124_dzs,dynamicbind_asd,22,0.5231638,,,0.0,ok,,local,0.5231638,3.996993
q06124_dzs,dynamicbind_asd,23,0.51078933,,,0.0,ok,,local,0.51078933,5.203012
q06124_dzs,dynamicbind_asd,24,0.5023021,,,0.0,ok,,local,0.5023021,3.7758975
q06124_dzs,dynamicbind_asd,25,0.48321587,,,0.0,ok,,local,0.48321587,4.2203135
q06124_dzs,dynamicbind_asd,26,0.48131064,,,0.0,ok,,local,0.48131064,4.3475194
q06124_dzs,dynamicbind_asd,27,0.47696486,,,0.0,ok,,local,0.47696486,4.387969
q06124_dzs,dynamicbind_asd,28,0.47297186,,,0.0,ok,,local,0.47297186,4.0835705
q06124_dzs,dynamicbind_asd,29,0.4014055,,,0.0,ok,,local,0.4014055,4.7389283
q07869_az2,dynamicbind_asd,0,0.6995019,0.8581804633140564,0.8793206214904785,1.0,ok,,local,0.6995019,5.502334
q07869_az2,dynamicbind_asd,1,0.6992348,1.0066766738891602,0.7926759123802185,1.0,ok,,local,0.6992348,5.309677
q07869_az2,dynamicbind_asd,2,0.6974631,0.8814418911933899,0.8710171580314636,1.0,ok,,local,0.6974631,5.5876484
q07869_az2,dynamicbind_asd,3,0.6909446,1.0998347997665405,0.8331381678581238,1.0,ok,,local,0.6909446,5.420645
q07869_az2,dynamicbind_asd,4,0.6898882,0.9572523236274719,0.8495232462882996,1.0,ok,,local,0.6898882,5.401136
q07869_az2,dynamicbind_asd,5,0.6893602,1.102157711982727,0.8579411506652832,1.0,ok,,local,0.6893602,5.4010305
q07869_az2,dynamicbind_asd,6,0.686355,1.202859878540039,0.794100821018219,1.0,ok,,local,0.686355,5.3741226
q07869_az2,dynamicbind_asd,7,0.6862902,1.3711143732070923,0.8016055226325989,1.0,ok,,local,0.6862902,5.65261
q07869_az2,dynamicbind_asd,8,0.68435866,5.238195419311523,0.49638378620147705,1.0,ok,,local,0.68435866,5.405722
q07869_az2,dynamicbind_asd,9,0.6825541,1.4596809148788452,0.7713482975959778,1.0,ok,,local,0.6825541,5.2405844
q07869_az2,dynamicbind_asd,10,0.6819939,5.3683977127075195,0.4764957129955292,1.0,ok,,local,0.6819939,5.353399
q07869_az2,dynamicbind_asd,11,0.68075645,1.3160728216171265,0.8054258823394775,1.0,ok,,local,0.68075645,5.637853
q07869_az2,dynamicbind_asd,12,0.68046755,1.263106346130371,0.8460401892662048,1.0,ok,,local,0.68046755,5.513709
q07869_az2,dynamicbind_asd,13,0.68014455,1.0311485528945923,0.7934285998344421,1.0,ok,,local,0.68014455,5.258546
q07869_az2,dynamicbind_asd,14,0.6782707,1.9494227170944214,0.6930066347122192,1.0,ok,,local,0.6782707,5.3364997
q07869_az2,dynamicbind_asd,15,0.6769883,1.391498327255249,0.8004055619239807,1.0,ok,,local,0.6769883,5.607614
q07869_az2,dynamicbind_asd,16,0.6747861,1.385324478149414,0.80987149477005,1.0,ok,,local,0.6747861,5.629874
q07869_az2,dynamicbind_asd,17,0.6703612,1.4852477312088013,0.6872955560684204,1.0,ok,,local,0.6703612,5.2898836
q07869_az2,dynamicbind_asd,18,0.66783434,5.110807418823242,0.5225509405136108,1.0,ok,,local,0.66783434,5.3685465
q07869_az2,dynamicbind_asd,19,0.66163146,1.4404902458190918,0.8020467758178711,1.0,ok,,local,0.66163146,5.6059666
q07869_az2,dynamicbind_asd,20,0.6610715,1.6055573225021362,0.7775862216949463,1.0,ok,,local,0.6610715,5.4411917
q07869_az2,dynamicbind_asd,21,0.66017026,1.6370569467544556,0.7300000190734863,1.0,ok,,local,0.66017026,5.3040185
q07869_az2,dynamicbind_asd,22,0.65789217,1.8054548501968384,0.7077426314353943,1.0,ok,,local,0.65789217,5.1620083
q07869_az2,dynamicbind_asd,23,0.6558478,1.6845520734786987,0.7195389866828918,1.0,ok,,local,0.6558478,5.372848
q07869_az2,dynamicbind_asd,24,0.64788646,1.7849483489990234,0.6761057376861572,1.0,ok,,local,0.64788646,5.2547383
q07869_az2,dynamicbind_asd,25,0.64723104,1.767141342163086,0.677997887134552,1.0,ok,,local,0.64723104,5.0996633
q07869_az2,dynamicbind_asd,26,0.638291,1.8052051067352295,0.7012735605239868,1.0,ok,,local,0.638291,5.4930916
q07869_az2,dynamicbind_asd,27,0.6358965,1.377523422241211,0.8016529083251953,1.0,ok,,local,0.6358965,5.5305643
q07869_az2,dynamicbind_asd,28,0.63385534,2.5305991172790527,0.6326266527175903,1.0,ok,,local,0.63385534,5.600177
q07869_az2,dynamicbind_asd,29,0.6331794,2.316744089126587,0.6434643864631653,1.0,ok,,local,0.6331794,5.468104
q07869_gw9,dynamicbind_asd,0,0.69050217,,,0.0,ok,,local,0.69050217,5.0255866
q07869_gw9,dynamicbind_asd,1,0.65578043,,,1.0,ok,,local,0.65578043,5.7108884
q07869_gw9,dynamicbind_asd,2,0.6553854,,,0.0,ok,,local,0.6553854,5.3287034
q07869_gw9,dynamicbind_asd,3,0.6543488,,,1.0,ok,,local,0.6543488,5.359147
q07869_gw9,dynamicbind_asd,4,0.6501395,,,0.0,ok,,local,0.6501395,5.418969
q07869_gw9,dynamicbind_asd,5,0.6489614,,,1.0,ok,,local,0.6489614,5.4347725
q07869_gw9,dynamicbind_asd,6,0.6476048,,,1.0,ok,,local,0.6476048,5.8167586
q07869_gw9,dynamicbind_asd,7,0.64551884,,,0.0,ok,,local,0.64551884,5.562928
q07869_gw9,dynamicbind_asd,8,0.63967353,,,1.0,ok,,local,0.63967353,5.2236176
q07869_gw9,dynamicbind_asd,9,0.6390836,,,0.0,ok,,local,0.6390836,5.447167
q07869_gw9,dynamicbind_asd,10,0.63320345,,,1.0,ok,,local,0.63320345,5.8942847
q07869_gw9,dynamicbind_asd,11,0.6308265,,,1.0,ok,,local,0.6308265,5.7092366
q07869_gw9,dynamicbind_asd,12,0.6267807,,,0.0,ok,,local,0.6267807,5.809568
q07869_gw9,dynamicbind_asd,13,0.61580676,,,1.0,ok,,local,0.61580676,5.3304977
q07869_gw9,dynamicbind_asd,14,0.5980209,,,0.0,ok,,local,0.5980209,4.9762597
q07869_gw9,dynamicbind_asd,15,0.5947334,,,1.0,ok,,local,0.5947334,5.4178796
q07869_gw9,dynamicbind_asd,16,0.5671114,,,0.0,ok,,local,0.5671114,4.565742
q07869_gw9,dynamicbind_asd,17,0.5613898,,,0.0,ok,,local,0.5613898,4.6598673
q07869_gw9,dynamicbind_asd,18,0.49772835,,,1.0,ok,,local,0.49772835,5.9970813
q07869_ity,dynamicbind_asd,0,0.6774498,,,1.0,ok,,local,0.6774498,9.201606
q07869_ity,dynamicbind_asd,1,0.6644764,,,1.0,ok,,local,0.6644764,9.045492
q07869_ity,dynamicbind_asd,2,0.65944195,,,0.0,ok,,local,0.65944195,8.884962
q07869_ity,dynamicbind_asd,3,0.65931475,,,0.0,ok,,local,0.65931475,8.573161
q07869_ity,dynamicbind_asd,4,0.65589017,,,1.0,ok,,local,0.65589017,9.060901
q07869_ity,dynamicbind_asd,5,0.64617723,,,0.0,ok,,local,0.64617723,8.601416
q07869_ity,dynamicbind_asd,6,0.6430783,,,1.0,ok,,local,0.6430783,9.116743
q07869_ity,dynamicbind_asd,7,0.6405647,,,0.0,ok,,local,0.6405647,8.863816
q07869_ity,dynamicbind_asd,8,0.6400116,,,1.0,ok,,local,0.6400116,9.407746
q07869_ity,dynamicbind_asd,9,0.63282335,,,0.0,ok,,local,0.63282335,8.225614
q07869_ity,dynamicbind_asd,10,0.6320036,,,0.0,ok,,local,0.6320036,8.812845
q07869_ity,dynamicbind_asd,11,0.62863,,,0.0,ok,,local,0.62863,8.841538
q07869_ity,dynamicbind_asd,12,0.6270569,,,0.0,ok,,local,0.6270569,8.4780445
q07869_ity,dynamicbind_asd,13,0.6267283,,,0.0,ok,,local,0.6267283,9.376121
q07869_ity,dynamicbind_asd,14,0.6181641,,,1.0,ok,,local,0.6181641,9.152103
q07869_ity,dynamicbind_asd,15,0.6154666,,,1.0,ok,,local,0.6154666,9.4994135
q07869_ity,dynamicbind_asd,16,0.59127885,,,1.0,ok,,local,0.59127885,9.675924
q07869_ity,dynamicbind_asd,17,0.57767606,,,1.0,ok,,local,0.57767606,9.302858
q07869_ity,dynamicbind_asd,18,0.5121924,,,0.0,ok,,local,0.5121924,8.137722
q07869_ity,dynamicbind_asd,19,0.46516082,,,1.0,ok,,local,0.46516082,9.012008
q07869_rew,dynamicbind_asd,0,0.7069969,,,1.0,ok,,local,0.7069969,6.2598
q07869_rew,dynamicbind_asd,1,0.7027245,,,1.0,ok,,local,0.7027245,6.276117
q07869_rew,dynamicbind_asd,2,0.66860294,,,1.0,ok,,local,0.66860294,6.6967053
q07869_rew,dynamicbind_asd,3,0.6663749,,,1.0,ok,,local,0.6663749,6.566962
q07869_rew,dynamicbind_asd,4,0.6647922,,,1.0,ok,,local,0.6647922,6.368891
q07869_rew,dynamicbind_asd,5,0.6614841,,,1.0,ok,,local,0.6614841,6.235916
q07869_rew,dynamicbind_asd,6,0.6539692,,,1.0,ok,,local,0.6539692,6.6232224
q07869_rew,dynamicbind_asd,7,0.6482294,,,1.0,ok,,local,0.6482294,6.23357
q07869_rew,dynamicbind_asd,8,0.64271915,,,1.0,ok,,local,0.64271915,6.388055
q07869_rew,dynamicbind_asd,9,0.6425047,,,1.0,ok,,local,0.6425047,6.560562
q07869_rew,dynamicbind_asd,10,0.63559866,,,1.0,ok,,local,0.63559866,6.507318
q07869_rew,dynamicbind_asd,11,0.62527996,,,1.0,ok,,local,0.62527996,6.2031918
q07869_rew,dynamicbind_asd,12,0.6239206,,,1.0,ok,,local,0.6239206,6.4841137
q07869_rew,dynamicbind_asd,13,0.62109697,,,1.0,ok,,local,0.62109697,6.5455327
q07869_rew,dynamicbind_asd,14,0.6206443,,,1.0,ok,,local,0.6206443,6.0849695
q07869_rew,dynamicbind_asd,15,0.61674345,,,1.0,ok,,local,0.61674345,6.3865147
q07869_rew,dynamicbind_asd,16,0.614196,,,1.0,ok,,local,0.614196,6.4758267
q07869_rew,dynamicbind_asd,17,0.611629,,,1.0,ok,,local,0.611629,6.5436277
q07869_rew,dynamicbind_asd,18,0.6109826,,,1.0,ok,,local,0.6109826,6.403412
q07869_rew,dynamicbind_asd,19,0.60549545,,,1.0,ok,,local,0.60549545,6.850462
q07869_rew,dynamicbind_asd,20,0.6028984,,,1.0,ok,,local,0.6028984,6.4431114
q07869_rew,dynamicbind_asd,21,0.5987427,,,1.0,ok,,local,0.5987427,7.0315447
q07869_rew,dynamicbind_asd,22,0.5970354,,,1.0,ok,,local,0.5970354,6.226089
q07869_rew,dynamicbind_asd,23,0.58486533,,,1.0,ok,,local,0.58486533,6.7089853
q07869_rew,dynamicbind_asd,24,0.58149487,,,1.0,ok,,local,0.58149487,6.8229966
q07869_rew,dynamicbind_asd,25,0.5794966,,,1.0,ok,,local,0.5794966,6.4193964
q07869_rew,dynamicbind_asd,26,0.56824434,,,1.0,ok,,local,0.56824434,6.4199667
q07869_rew,dynamicbind_asd,27,0.56482977,,,1.0,ok,,local,0.56482977,6.626537
q07869_rew,dynamicbind_asd,28,0.5644762,,,1.0,ok,,local,0.5644762,6.7660046
q07869_rew,dynamicbind_asd,29,0.5569576,,,1.0,ok,,local,0.5569576,6.5884304
q07869_s44,dynamicbind_asd,0,0.6799816,,,1.0,ok,,local,0.6799816,6.129198
q07869_s44,dynamicbind_asd,1,0.6767479,,,1.0,ok,,local,0.6767479,6.8385077
q07869_s44,dynamicbind_asd,2,0.67053676,,,1.0,ok,,local,0.67053676,5.966257
q07869_s44,dynamicbind_asd,3,0.6667589,,,1.0,ok,,local,0.6667589,6.814054
q07869_s44,dynamicbind_asd,4,0.6637798,,,1.0,ok,,local,0.6637798,6.9135575
q07869_s44,dynamicbind_asd,5,0.65859544,,,1.0,ok,,local,0.65859544,6.0155544
q07869_s44,dynamicbind_asd,6,0.65688163,,,1.0,ok,,local,0.65688163,6.472136
q07869_s44,dynamicbind_asd,7,0.64769083,,,1.0,ok,,local,0.64769083,6.8853726
q07869_s44,dynamicbind_asd,8,0.64608157,,,1.0,ok,,local,0.64608157,6.684816
q07869_s44,dynamicbind_asd,9,0.64594835,,,1.0,ok,,local,0.64594835,6.711437
q07869_s44,dynamicbind_asd,10,0.62904716,,,1.0,ok,,local,0.62904716,6.7186527
q07869_s44,dynamicbind_asd,11,0.6289341,,,1.0,ok,,local,0.6289341,6.384233
q07869_s44,dynamicbind_asd,12,0.6261506,,,1.0,ok,,local,0.6261506,6.3181877
q07869_s44,dynamicbind_asd,13,0.6228058,,,1.0,ok,,local,0.6228058,6.746511
q07869_s44,dynamicbind_asd,14,0.61959547,,,1.0,ok,,local,0.61959547,6.549468
q07869_s44,dynamicbind_asd,15,0.61959386,,,1.0,ok,,local,0.61959386,6.96342
q07869_s44,dynamicbind_asd,16,0.61927533,,,1.0,ok,,local,0.61927533,6.5148497
q07869_s44,dynamicbind_asd,17,0.6191951,,,1.0,ok,,local,0.6191951,6.4446115
q07869_s44,dynamicbind_asd,18,0.617376,,,1.0,ok,,local,0.617376,6.5489182
q07869_s44,dynamicbind_asd,19,0.61706597,,,1.0,ok,,local,0.61706597,6.1447744
q07869_s44,dynamicbind_asd,20,0.61337405,,,1.0,ok,,local,0.61337405,6.6029224
q07869_s44,dynamicbind_asd,21,0.6132591,,,1.0,ok,,local,0.6132591,6.4129066
q07869_s44,dynamicbind_asd,22,0.60911983,,,1.0,ok,,local,0.60911983,6.247307
q07869_s44,dynamicbind_asd,23,0.60862774,,,1.0,ok,,local,0.60862774,6.3502975
q07869_s44,dynamicbind_asd,24,0.6054443,,,1.0,ok,,local,0.6054443,6.904878
q07869_s44,dynamicbind_asd,25,0.60416347,,,1.0,ok,,local,0.60416347,6.4393826
q07869_s44,dynamicbind_asd,26,0.59490895,,,1.0,ok,,local,0.59490895,6.2377973
q07869_s44,dynamicbind_asd,27,0.58823526,,,1.0,ok,,local,0.58823526,6.2850304
q07869_s44,dynamicbind_asd,28,0.58188695,,,1.0,ok,,local,0.58188695,6.783232
q07869_s44,dynamicbind_asd,29,0.5551123,,,1.0,ok,,local,0.5551123,6.337693
q07889_aww,dynamicbind_asd,0,0.6903673,2.303074836730957,0.6625816822052002,1.0,ok,,local,0.6903673,6.8508625
q07889_aww,dynamicbind_asd,1,0.6880859,2.2507050037384033,0.677717387676239,1.0,ok,,local,0.6880859,7.0863557
q07889_aww,dynamicbind_asd,2,0.68284816,1.867581844329834,0.7269272804260254,1.0,ok,,local,0.68284816,7.1131516
q07889_aww,dynamicbind_asd,3,0.6824575,2.070878028869629,0.648296058177948,1.0,ok,,local,0.6824575,6.921358
q07889_aww,dynamicbind_asd,4,0.68224597,1.8250378370285034,0.792178750038147,1.0,ok,,local,0.68224597,6.863422
q07889_aww,dynamicbind_asd,5,0.68219507,2.3187732696533203,0.6143292784690857,1.0,ok,,local,0.68219507,6.8305664
q07889_aww,dynamicbind_asd,6,0.6816425,2.165137767791748,0.6682268977165222,1.0,ok,,local,0.6816425,7.259396
q07889_aww,dynamicbind_asd,7,0.6814554,2.2492244243621826,0.6513785719871521,1.0,ok,,local,0.6814554,7.193966
q07889_aww,dynamicbind_asd,8,0.68076384,1.9481734037399292,0.6783125996589661,1.0,ok,,local,0.68076384,6.98473
q07889_aww,dynamicbind_asd,9,0.6793718,2.338815927505493,0.6178010702133179,1.0,ok,,local,0.6793718,7.1197553
q07889_aww,dynamicbind_asd,10,0.67910105,1.8991862535476685,0.685368537902832,1.0,ok,,local,0.67910105,7.034263
q07889_aww,dynamicbind_asd,11,0.6788889,2.142883539199829,0.6651329398155212,1.0,ok,,local,0.6788889,7.0326476
q07889_aww,dynamicbind_asd,12,0.67638326,2.5567123889923096,0.6099595427513123,1.0,ok,,local,0.67638326,6.8114996
q07889_aww,dynamicbind_asd,13,0.67540586,1.8229275941848755,0.7232240438461304,1.0,ok,,local,0.67540586,6.8012767
q07889_aww,dynamicbind_asd,14,0.6750324,2.425499677658081,0.6230529546737671,1.0,ok,,local,0.6750324,6.983182
q07889_aww,dynamicbind_asd,15,0.6747193,1.543068528175354,0.7611607313156128,1.0,ok,,local,0.6747193,7.168667
q07889_aww,dynamicbind_asd,16,0.67385304,2.4413137435913086,0.663418710231781,1.0,ok,,local,0.67385304,6.954835
q07889_aww,dynamicbind_asd,17,0.67311645,2.1454508304595947,0.6629418134689331,1.0,ok,,local,0.67311645,6.878346
q07889_aww,dynamicbind_asd,18,0.6721735,1.9632457494735718,0.7666475176811218,1.0,ok,,local,0.6721735,6.9905295
q07889_aww,dynamicbind_asd,19,0.67207354,2.128946542739868,0.670224130153656,1.0,ok,,local,0.67207354,7.207252
q07889_aww,dynamicbind_asd,20,0.67146975,1.9205857515335083,0.7448704242706299,1.0,ok,,local,0.67146975,7.016784
q07889_aww,dynamicbind_asd,21,0.67125684,1.830496907234192,0.7480226159095764,1.0,ok,,local,0.67125684,6.893258
q07889_aww,dynamicbind_asd,22,0.6672719,2.8407557010650635,0.5790010094642639,1.0,ok,,local,0.6672719,6.912156
q07889_aww,dynamicbind_asd,23,0.663411,2.513152599334717,0.6116352081298828,1.0,ok,,local,0.663411,6.9346437
q07889_aww,dynamicbind_asd,24,0.6633459,1.875602126121521,0.7709289193153381,1.0,ok,,local,0.6633459,6.7674365
q07889_aww,dynamicbind_asd,25,0.6625415,1.8663904666900635,0.7656069397926331,1.0,ok,,local,0.6625415,6.645463
q07889_aww,dynamicbind_asd,26,0.6622524,1.9534807205200195,0.7429458498954773,1.0,ok,,local,0.6622524,6.9832754
q07889_aww,dynamicbind_asd,27,0.66186,2.549968957901001,0.6582792401313782,1.0,ok,,local,0.66186,7.4178085
q07889_aww,dynamicbind_asd,28,0.6615494,1.7953938245773315,0.7906249761581421,1.0,ok,,local,0.6615494,6.7776947
q07889_aww,dynamicbind_asd,29,0.65826905,1.8323780298233032,0.7700228691101074,1.0,ok,,local,0.65826905,6.8854856
q07889_axh,dynamicbind_asd,0,0.6932585,,,1.0,ok,,local,0.6932585,7.3123837
q07889_axh,dynamicbind_asd,1,0.68631136,,,1.0,ok,,local,0.68631136,7.4834166
q07889_axh,dynamicbind_asd,2,0.6838698,,,1.0,ok,,local,0.6838698,7.3450003
q07889_axh,dynamicbind_asd,3,0.68140215,,,1.0,ok,,local,0.68140215,7.206098
q07889_axh,dynamicbind_asd,4,0.6763274,,,1.0,ok,,local,0.6763274,7.3457727
q07889_axh,dynamicbind_asd,5,0.6762239,,,1.0,ok,,local,0.6762239,7.2318482
q07889_axh,dynamicbind_asd,6,0.67521787,,,1.0,ok,,local,0.67521787,7.317209
q07889_axh,dynamicbind_asd,7,0.67262447,,,1.0,ok,,local,0.67262447,7.1109047
q07889_axh,dynamicbind_asd,8,0.6696262,,,1.0,ok,,local,0.6696262,7.4683967
q07889_axh,dynamicbind_asd,9,0.6667404,,,1.0,ok,,local,0.6667404,7.4755325
q07889_axh,dynamicbind_asd,10,0.6654568,,,1.0,ok,,local,0.6654568,7.2836533
q07889_axh,dynamicbind_asd,11,0.66482896,,,1.0,ok,,local,0.66482896,7.248547
q07889_axh,dynamicbind_asd,12,0.66250294,,,1.0,ok,,local,0.66250294,7.4811134
q07889_axh,dynamicbind_asd,13,0.66175234,,,1.0,ok,,local,0.66175234,7.376118
q07889_axh,dynamicbind_asd,14,0.661079,,,1.0,ok,,local,0.661079,7.2906327
q07889_axh,dynamicbind_asd,15,0.66017586,,,1.0,ok,,local,0.66017586,7.4026656
q07889_axh,dynamicbind_asd,16,0.6573938,,,1.0,ok,,local,0.6573938,7.223492
q07889_axh,dynamicbind_asd,17,0.65631455,,,1.0,ok,,local,0.65631455,7.2440486
q07889_axh,dynamicbind_asd,18,0.6546285,,,1.0,ok,,local,0.6546285,7.5392394
q07889_axh,dynamicbind_asd,19,0.6539527,,,1.0,ok,,local,0.6539527,7.365981
q07889_axh,dynamicbind_asd,20,0.65319324,,,1.0,ok,,local,0.65319324,7.5194626
q07889_axh,dynamicbind_asd,21,0.65143406,,,1.0,ok,,local,0.65143406,7.479074
q07889_axh,dynamicbind_asd,22,0.65057665,,,1.0,ok,,local,0.65057665,7.195891
q07889_axh,dynamicbind_asd,23,0.6482339,,,1.0,ok,,local,0.6482339,7.2533555
q07889_axh,dynamicbind_asd,24,0.6476441,,,1.0,ok,,local,0.6476441,7.349361
q07889_axh,dynamicbind_asd,25,0.642124,,,1.0,ok,,local,0.642124,7.207716
q07889_axh,dynamicbind_asd,26,0.6347118,,,1.0,ok,,local,0.6347118,7.427843
q07889_axh,dynamicbind_asd,27,0.63362247,,,1.0,ok,,local,0.63362247,7.1256604
q07889_axh,dynamicbind_asd,28,0.63010395,,,1.0,ok,,local,0.63010395,7.137868
q07889_axh,dynamicbind_asd,29,0.61495984,,,1.0,ok,,local,0.61495984,7.6920934
q07889_nl0,dynamicbind_asd,0,0.6544344,,,1.0,ok,,local,0.6544344,6.700717
q07889_nl0,dynamicbind_asd,1,0.65321666,,,1.0,ok,,local,0.65321666,6.7037826
q07889_nl0,dynamicbind_asd,2,0.6529807,,,1.0,ok,,local,0.6529807,6.7791657
q07889_nl0,dynamicbind_asd,3,0.6526402,,,1.0,ok,,local,0.6526402,6.7603946
q07889_nl0,dynamicbind_asd,4,0.65262693,,,1.0,ok,,local,0.65262693,6.6715693
q07889_nl0,dynamicbind_asd,5,0.6517634,,,1.0,ok,,local,0.6517634,6.7948956
q07889_nl0,dynamicbind_asd,6,0.6516833,,,1.0,ok,,local,0.6516833,6.753209
q07889_nl0,dynamicbind_asd,7,0.6512062,,,1.0,ok,,local,0.6512062,6.7719827
q07889_nl0,dynamicbind_asd,8,0.6509452,,,1.0,ok,,local,0.6509452,6.761675
q07889_nl0,dynamicbind_asd,9,0.6502808,,,1.0,ok,,local,0.6502808,6.806444
q07889_nl0,dynamicbind_asd,10,0.650254,,,1.0,ok,,local,0.650254,6.4981947
q07889_nl0,dynamicbind_asd,11,0.650238,,,1.0,ok,,local,0.650238,6.73149
q07889_nl0,dynamicbind_asd,12,0.64986867,,,1.0,ok,,local,0.64986867,6.729284
q07889_nl0,dynamicbind_asd,13,0.64855456,,,1.0,ok,,local,0.64855456,6.813345
q07889_nl0,dynamicbind_asd,14,0.648127,,,1.0,ok,,local,0.648127,6.862789
q07889_nl0,dynamicbind_asd,15,0.648027,,,1.0,ok,,local,0.648027,6.4789786
q07889_nl0,dynamicbind_asd,16,0.6475527,,,1.0,ok,,local,0.6475527,6.7080393
q07889_nl0,dynamicbind_asd,17,0.64579177,,,1.0,ok,,local,0.64579177,6.9503584
q07889_nl0,dynamicbind_asd,18,0.6453784,,,1.0,ok,,local,0.6453784,6.8564267
q07889_nl0,dynamicbind_asd,19,0.6453359,,,1.0,ok,,local,0.6453359,6.70506
q07889_nl0,dynamicbind_asd,20,0.64520156,,,1.0,ok,,local,0.64520156,6.6560593
q07889_nl0,dynamicbind_asd,21,0.6450881,,,1.0,ok,,local,0.6450881,6.9258966
q07889_nl0,dynamicbind_asd,22,0.64458615,,,1.0,ok,,local,0.64458615,6.7106724
q07889_nl0,dynamicbind_asd,23,0.6436632,,,1.0,ok,,local,0.6436632,6.6958504
q07889_nl0,dynamicbind_asd,24,0.6436335,,,1.0,ok,,local,0.6436335,6.4446125
q07889_nl0,dynamicbind_asd,25,0.6429781,,,1.0,ok,,local,0.6429781,6.6750417
q07889_nl0,dynamicbind_asd,26,0.64075446,,,1.0,ok,,local,0.64075446,6.784385
q07889_nl0,dynamicbind_asd,27,0.6394238,,,1.0,ok,,local,0.6394238,6.7156553
q07889_nl0,dynamicbind_asd,28,0.63107616,,,1.0,ok,,local,0.63107616,6.6278653
q07889_nl0,dynamicbind_asd,29,0.6231654,,,1.0,ok,,local,0.6231654,6.666131
q13451_5bh,dynamicbind_asd,0,0.6264402,,,1.0,ok,,local,0.6264402,6.3864565
q13451_5bh,dynamicbind_asd,1,0.62630266,,,1.0,ok,,local,0.62630266,6.2792363
q13451_5bh,dynamicbind_asd,2,0.62159264,,,1.0,ok,,local,0.62159264,6.7328086
q13451_5bh,dynamicbind_asd,3,0.6209105,,,1.0,ok,,local,0.6209105,6.5265174
q13451_5bh,dynamicbind_asd,4,0.6199727,,,1.0,ok,,local,0.6199727,6.7910323
q13451_5bh,dynamicbind_asd,5,0.6198745,,,1.0,ok,,local,0.6198745,6.454632
q13451_5bh,dynamicbind_asd,6,0.6188686,,,1.0,ok,,local,0.6188686,6.777925
q13451_5bh,dynamicbind_asd,7,0.61806494,,,1.0,ok,,local,0.61806494,6.464654
q13451_5bh,dynamicbind_asd,8,0.6170972,,,1.0,ok,,local,0.6170972,6.486908
q13451_5bh,dynamicbind_asd,9,0.6169019,,,1.0,ok,,local,0.6169019,6.198701
q13451_5bh,dynamicbind_asd,10,0.6160508,,,1.0,ok,,local,0.6160508,6.7665496
q13451_5bh,dynamicbind_asd,11,0.61591965,,,1.0,ok,,local,0.61591965,6.3947954
q13451_5bh,dynamicbind_asd,12,0.6153627,,,1.0,ok,,local,0.6153627,6.507729
q13451_5bh,dynamicbind_asd,13,0.6134117,,,1.0,ok,,local,0.6134117,6.0495214
q13451_5bh,dynamicbind_asd,14,0.6122785,,,1.0,ok,,local,0.6122785,6.389867
q13451_5bh,dynamicbind_asd,15,0.61134106,,,1.0,ok,,local,0.61134106,6.6825056
q13451_5bh,dynamicbind_asd,16,0.6112933,,,1.0,ok,,local,0.6112933,6.60013
q13451_5bh,dynamicbind_asd,17,0.61092985,,,1.0,ok,,local,0.61092985,6.667135
q13451_5bh,dynamicbind_asd,18,0.6106136,,,1.0,ok,,local,0.6106136,6.783291
q13451_5bh,dynamicbind_asd,19,0.6105704,,,1.0,ok,,local,0.6105704,6.7965307
q13451_5bh,dynamicbind_asd,20,0.609936,,,1.0,ok,,local,0.609936,6.228055
q13451_5bh,dynamicbind_asd,21,0.60922295,,,1.0,ok,,local,0.60922295,6.5817785
q13451_5bh,dynamicbind_asd,22,0.6092048,,,1.0,ok,,local,0.6092048,6.83448
q13451_5bh,dynamicbind_asd,23,0.6077471,,,1.0,ok,,local,0.6077471,6.303577
q13451_5bh,dynamicbind_asd,24,0.6035044,,,1.0,ok,,local,0.6035044,6.460113
q13451_5bh,dynamicbind_asd,25,0.6021375,,,1.0,ok,,local,0.6021375,6.4187975
q13451_5bh,dynamicbind_asd,26,0.59006655,,,1.0,ok,,local,0.59006655,6.5465837
q13451_5bh,dynamicbind_asd,27,0.5897545,,,1.0,ok,,local,0.5897545,6.748216
q13451_5bh,dynamicbind_asd,28,0.5858529,,,1.0,ok,,local,0.5858529,6.538152
q13451_5bh,dynamicbind_asd,29,0.5383046,,,1.0,ok,,local,0.5383046,6.379236
q13451_9qn,dynamicbind_asd,0,0.6990816,,,1.0,ok,,local,0.6990816,8.064425
q13451_9qn,dynamicbind_asd,1,0.69070274,,,1.0,ok,,local,0.69070274,8.119906
q13451_9qn,dynamicbind_asd,2,0.6892954,,,1.0,ok,,local,0.6892954,8.167521
q13451_9qn,dynamicbind_asd,3,0.68526703,,,1.0,ok,,local,0.68526703,8.03975
q13451_9qn,dynamicbind_asd,4,0.68409264,,,1.0,ok,,local,0.68409264,7.988824
q13451_9qn,dynamicbind_asd,5,0.6836386,,,1.0,ok,,local,0.6836386,8.0803795
q13451_9qn,dynamicbind_asd,6,0.6770802,,,1.0,ok,,local,0.6770802,8.362952
q13451_9qn,dynamicbind_asd,7,0.6769767,,,1.0,ok,,local,0.6769767,8.28225
q13451_9qn,dynamicbind_asd,8,0.6768772,,,1.0,ok,,local,0.6768772,7.9417176
q13451_9qn,dynamicbind_asd,9,0.67601347,,,1.0,ok,,local,0.67601347,8.21687
q13451_9qn,dynamicbind_asd,10,0.674102,,,1.0,ok,,local,0.674102,8.160757
q13451_9qn,dynamicbind_asd,11,0.67042285,,,1.0,ok,,local,0.67042285,8.185706
q13451_9qn,dynamicbind_asd,12,0.6672987,,,1.0,ok,,local,0.6672987,8.168487
q13451_9qn,dynamicbind_asd,13,0.66634583,,,1.0,ok,,local,0.66634583,8.221236
q13451_9qn,dynamicbind_asd,14,0.6657487,,,1.0,ok,,local,0.6657487,8.1735525
q13451_9qn,dynamicbind_asd,15,0.6644728,,,1.0,ok,,local,0.6644728,8.401804
q13451_9qn,dynamicbind_asd,16,0.6605656,,,1.0,ok,,local,0.6605656,8.1787615
q13451_9qn,dynamicbind_asd,17,0.6601835,,,1.0,ok,,local,0.6601835,8.374274
q13451_9qn,dynamicbind_asd,18,0.6580038,,,1.0,ok,,local,0.6580038,8.049995
q13451_9qn,dynamicbind_asd,19,0.6551563,,,1.0,ok,,local,0.6551563,8.260676
q13451_9qn,dynamicbind_asd,20,0.65370977,,,1.0,ok,,local,0.65370977,8.147885
q13451_9qn,dynamicbind_asd,21,0.6522443,,,1.0,ok,,local,0.6522443,7.8427305
q13451_9qn,dynamicbind_asd,22,0.6382078,,,1.0,ok,,local,0.6382078,8.08531
q13451_9qn,dynamicbind_asd,23,0.63730407,,,1.0,ok,,local,0.63730407,7.8137016
q13451_9qn,dynamicbind_asd,24,0.63395673,,,1.0,ok,,local,0.63395673,8.253554
q13451_9qn,dynamicbind_asd,25,0.6330868,,,1.0,ok,,local,0.6330868,8.259331
q13451_9qn,dynamicbind_asd,26,0.63301444,,,1.0,ok,,local,0.63301444,8.509719
q13451_9qn,dynamicbind_asd,27,0.63132846,,,1.0,ok,,local,0.63132846,7.936436
q13451_9qn,dynamicbind_asd,28,0.6284384,,,1.0,ok,,local,0.6284384,8.227831
q13451_9qn,dynamicbind_asd,29,0.6242719,,,1.0,ok,,local,0.6242719,7.7803874
q13451_i63,dynamicbind_asd,0,0.61295515,2.715284585952759,0.6651982665061951,0.0,ok,,local,0.61295515,6.001064
q13451_i63,dynamicbind_asd,1,0.6079308,2.7048678398132324,0.6670305728912354,0.0,ok,,local,0.6079308,5.9413104
q13451_i63,dynamicbind_asd,2,0.60530025,2.5908255577087402,0.6892898082733154,0.0,ok,,local,0.60530025,5.751615
q13451_i63,dynamicbind_asd,3,0.60450774,3.0001070499420166,0.6781285405158997,0.0,ok,,local,0.60450774,5.8672814
q13451_i63,dynamicbind_asd,4,0.59972036,3.695601463317871,0.634515106678009,0.0,ok,,local,0.59972036,6.04249
q13451_i63,dynamicbind_asd,5,0.57922673,2.616811513900757,0.6674057841300964,0.0,ok,,local,0.57922673,5.850511
q13451_i63,dynamicbind_asd,6,0.56186,3.60911226272583,0.6313603520393372,0.0,ok,,local,0.56186,6.04577
q13451_i63,dynamicbind_asd,7,0.559848,3.8469016551971436,0.46750661730766296,0.0,ok,,local,0.559848,5.767824
q13451_i63,dynamicbind_asd,8,0.53866076,6.775881290435791,0.45582959055900574,0.0,ok,,local,0.53866076,5.972546
q13451_i63,dynamicbind_asd,9,0.5172587,6.685813903808594,0.3457108736038208,0.0,ok,,local,0.5172587,5.328882
q13451_npo,dynamicbind_asd,0,0.6448684,,,1.0,ok,,local,0.6448684,3.824362
q13451_npo,dynamicbind_asd,1,0.64348656,,,1.0,ok,,local,0.64348656,3.6151817
q13451_npo,dynamicbind_asd,2,0.6429764,,,1.0,ok,,local,0.6429764,3.7251344
q13451_npo,dynamicbind_asd,3,0.6410112,,,1.0,ok,,local,0.6410112,3.535548
q13451_npo,dynamicbind_asd,4,0.64056516,,,1.0,ok,,local,0.64056516,3.740157
q13451_npo,dynamicbind_asd,5,0.63587856,,,1.0,ok,,local,0.63587856,4.128777
q13451_npo,dynamicbind_asd,6,0.63433975,,,1.0,ok,,local,0.63433975,3.7440012
q13451_npo,dynamicbind_asd,7,0.6336201,,,1.0,ok,,local,0.6336201,3.5636973
q13451_npo,dynamicbind_asd,8,0.6328378,,,1.0,ok,,local,0.6328378,4.2544956
q13451_npo,dynamicbind_asd,9,0.6319419,,,1.0,ok,,local,0.6319419,3.6064222
q13451_npo,dynamicbind_asd,10,0.6254492,,,1.0,ok,,local,0.6254492,4.292316
q13451_npo,dynamicbind_asd,11,0.6253838,,,1.0,ok,,local,0.6253838,4.272897
q13451_npo,dynamicbind_asd,12,0.62483674,,,1.0,ok,,local,0.62483674,4.0454946
q13451_npo,dynamicbind_asd,13,0.62426764,,,1.0,ok,,local,0.62426764,4.199799
q13451_npo,dynamicbind_asd,14,0.6237606,,,1.0,ok,,local,0.6237606,4.137363
q13451_npo,dynamicbind_asd,15,0.62375927,,,1.0,ok,,local,0.62375927,3.777574
q13451_npo,dynamicbind_asd,16,0.62322986,,,1.0,ok,,local,0.62322986,4.096748
q13451_npo,dynamicbind_asd,17,0.62288743,,,1.0,ok,,local,0.62288743,4.0284786
q13451_npo,dynamicbind_asd,18,0.613807,,,1.0,ok,,local,0.613807,4.2024765
q13451_npo,dynamicbind_asd,19,0.6137258,,,1.0,ok,,local,0.6137258,3.9914732
q13451_npo,dynamicbind_asd,20,0.61303127,,,1.0,ok,,local,0.61303127,3.9874341
q13451_npo,dynamicbind_asd,21,0.6092888,,,1.0,ok,,local,0.6092888,4.187019
q13451_npo,dynamicbind_asd,22,0.60879487,,,1.0,ok,,local,0.60879487,3.6868894
q13451_npo,dynamicbind_asd,23,0.60296535,,,1.0,ok,,local,0.60296535,3.9747503
q13451_npo,dynamicbind_asd,24,0.5957822,,,1.0,ok,,local,0.5957822,3.6676648
q13451_npo,dynamicbind_asd,25,0.58703667,,,1.0,ok,,local,0.58703667,3.8576133
q13451_npo,dynamicbind_asd,26,0.5865463,,,1.0,ok,,local,0.5865463,3.9811573
q13451_npo,dynamicbind_asd,27,0.5785907,,,1.0,ok,,local,0.5785907,3.999467
q13451_npo,dynamicbind_asd,28,0.57515734,,,1.0,ok,,local,0.57515734,3.7631037
q13526_kdh,dynamicbind_asd,0,0.6758648,11.939007759094238,0.02099236659705639,1.0,ok,,local,0.6758648,5.9618883
q13526_kdh,dynamicbind_asd,1,0.6624141,12.08560848236084,0.013776336796581745,1.0,ok,,local,0.6624141,5.9862504
q13526_kdh,dynamicbind_asd,2,0.6336704,11.807188034057617,0.0689999982714653,1.0,ok,,local,0.6336704,5.881707
q13526_kdh,dynamicbind_asd,3,0.59683955,11.604032516479492,0.09557774662971497,1.0,ok,,local,0.59683955,6.13825
q13526_kdh,dynamicbind_asd,4,0.58571273,10.098180770874023,0.15177196264266968,1.0,ok,,local,0.58571273,5.947141
q13526_kdh,dynamicbind_asd,5,0.5850786,12.701144218444824,0.1027580052614212,1.0,ok,,local,0.5850786,5.4222255
q13526_kdh,dynamicbind_asd,6,0.5606758,12.340642929077148,0.02469879575073719,1.0,ok,,local,0.5606758,4.8902307
q13526_kdh,dynamicbind_asd,7,0.5432378,11.299044609069824,0.03442028909921646,1.0,ok,,local,0.5432378,4.8048553
q13526_kdh,dynamicbind_asd,8,0.4972959,12.929912567138672,0.04717741906642914,1.0,ok,,local,0.4972959,5.5914087
q13526_kdh,dynamicbind_asd,9,0.44951826,19.93914031982422,0.0,1.0,ok,,local,0.44951826,4.8404694
q15047_6s4,dynamicbind_asd,0,0.6873668,13.526983261108398,0.0716332346200943,1.0,ok,,local,0.6873668,3.939675
q15047_6s4,dynamicbind_asd,1,0.6596335,16.073898315429688,0.008273381739854813,1.0,ok,,local,0.6596335,4.27893
q15047_6s4,dynamicbind_asd,2,0.6569335,14.720211029052734,0.05055020749568939,1.0,ok,,local,0.6569335,4.1577344
q15047_6s4,dynamicbind_asd,3,0.64976925,12.972951889038086,0.04785604774951935,1.0,ok,,local,0.64976925,3.781064
q15047_6s4,dynamicbind_asd,4,0.62854636,15.28559684753418,0.0041782730259001255,1.0,ok,,local,0.62854636,4.214873
q15047_6s4,dynamicbind_asd,5,0.6213907,15.32429313659668,0.004160887561738491,1.0,ok,,local,0.6213907,4.2028437
q15047_6s4,dynamicbind_asd,6,0.6198482,15.49670124053955,0.0036863270215690136,1.0,ok,,local,0.6198482,3.9972444
q15047_6s4,dynamicbind_asd,7,0.6164063,14.576602935791016,0.009044862352311611,1.0,ok,,local,0.6164063,4.359489
q15047_6s4,dynamicbind_asd,8,0.60716784,12.410687446594238,0.06215277686715126,1.0,ok,,local,0.60716784,3.7561574
q15047_6s4,dynamicbind_asd,9,0.5996139,15.132698059082031,0.007802340667694807,1.0,ok,,local,0.5996139,3.3872952
q15109_ior,dynamicbind_asd,0,0.57768464,,,1.0,ok,,local,0.57768464,5.4015956
q15109_ior,dynamicbind_asd,1,0.5725093,,,1.0,ok,,local,0.5725093,5.6234565
q15109_ior,dynamicbind_asd,2,0.5700125,,,1.0,ok,,local,0.5700125,5.1796274
q15109_ior,dynamicbind_asd,3,0.5623423,,,1.0,ok,,local,0.5623423,6.076091
q15109_ior,dynamicbind_asd,4,0.56067115,,,1.0,ok,,local,0.56067115,5.357948
q15109_ior,dynamicbind_asd,5,0.5586003,,,1.0,ok,,local,0.5586003,4.609755
q15109_ior,dynamicbind_asd,6,0.55041033,,,1.0,ok,,local,0.55041033,5.5038304
q15109_ior,dynamicbind_asd,7,0.54309124,,,1.0,ok,,local,0.54309124,5.6251597
q15109_ior,dynamicbind_asd,8,0.52765775,,,1.0,ok,,local,0.52765775,6.7009163
q15109_ior,dynamicbind_asd,9,0.45358223,,,1.0,ok,,local,0.45358223,3.8994567
q16539_19b,dynamicbind_asd,0,0.67862815,,,1.0,ok,,local,0.67862815,8.122863
q16539_19b,dynamicbind_asd,1,0.6754759,,,1.0,ok,,local,0.6754759,8.181725
q16539_19b,dynamicbind_asd,2,0.671156,,,1.0,ok,,local,0.671156,8.375479
q16539_19b,dynamicbind_asd,3,0.6612178,,,1.0,ok,,local,0.6612178,8.2337675
q16539_19b,dynamicbind_asd,4,0.65584254,,,1.0,ok,,local,0.65584254,8.498285
q16539_19b,dynamicbind_asd,5,0.65549344,,,1.0,ok,,local,0.65549344,8.191769
q16539_19b,dynamicbind_asd,6,0.6545842,,,1.0,ok,,local,0.6545842,8.411186
q16539_19b,dynamicbind_asd,7,0.652823,,,1.0,ok,,local,0.652823,8.030148
q16539_19b,dynamicbind_asd,8,0.6507145,,,1.0,ok,,local,0.6507145,8.315812
q16539_19b,dynamicbind_asd,9,0.64967924,,,1.0,ok,,local,0.64967924,8.17129
q16539_19b,dynamicbind_asd,10,0.6494319,,,1.0,ok,,local,0.6494319,8.200348
q16539_19b,dynamicbind_asd,11,0.6489712,,,1.0,ok,,local,0.6489712,8.140315
q16539_19b,dynamicbind_asd,12,0.6455613,,,1.0,ok,,local,0.6455613,8.53044
q16539_19b,dynamicbind_asd,13,0.64285326,,,1.0,ok,,local,0.64285326,8.199556
q16539_19b,dynamicbind_asd,14,0.6420901,,,1.0,ok,,local,0.6420901,8.330717
q16539_19b,dynamicbind_asd,15,0.6280822,,,1.0,ok,,local,0.6280822,8.382942
q16539_19b,dynamicbind_asd,16,0.62555194,,,1.0,ok,,local,0.62555194,8.496022
q16539_19b,dynamicbind_asd,17,0.6249733,,,1.0,ok,,local,0.6249733,8.835195
q16539_19b,dynamicbind_asd,18,0.6237704,,,1.0,ok,,local,0.6237704,8.485151
q16539_19b,dynamicbind_asd,19,0.61699617,,,1.0,ok,,local,0.61699617,8.237007
q16539_19b,dynamicbind_asd,20,0.61480093,,,1.0,ok,,local,0.61480093,8.924239
q16539_19b,dynamicbind_asd,21,0.60871756,,,1.0,ok,,local,0.60871756,8.527396
q16539_19b,dynamicbind_asd,22,0.6027811,,,1.0,ok,,local,0.6027811,8.587187
q16539_19b,dynamicbind_asd,23,0.58707654,,,1.0,ok,,local,0.58707654,8.464364
q16539_19b,dynamicbind_asd,24,0.5854998,,,1.0,ok,,local,0.5854998,7.9162793
q16539_19b,dynamicbind_asd,25,0.5736298,,,1.0,ok,,local,0.5736298,7.8111978
q16539_19b,dynamicbind_asd,26,0.5581747,,,1.0,ok,,local,0.5581747,7.3846574
q16539_19b,dynamicbind_asd,27,0.5514643,,,1.0,ok,,local,0.5514643,7.959748
q16539_19b,dynamicbind_asd,28,0.53522843,,,1.0,ok,,local,0.53522843,7.9135475
q16539_19b,dynamicbind_asd,29,0.49455252,,,1.0,ok,,local,0.49455252,7.229647
q16539_3nw,dynamicbind_asd,0,0.73270994,,,1.0,ok,,local,0.73270994,7.139667
q16539_3nw,dynamicbind_asd,1,0.7318542,,,1.0,ok,,local,0.7318542,7.1635537
q16539_3nw,dynamicbind_asd,2,0.73060894,,,1.0,ok,,local,0.73060894,7.050073
q16539_3nw,dynamicbind_asd,3,0.7236693,,,1.0,ok,,local,0.7236693,7.107178
q16539_3nw,dynamicbind_asd,4,0.7189516,,,1.0,ok,,local,0.7189516,6.9417534
q16539_3nw,dynamicbind_asd,5,0.71367925,,,1.0,ok,,local,0.71367925,7.1231065
q16539_3nw,dynamicbind_asd,6,0.70585495,,,1.0,ok,,local,0.70585495,7.3402023
q16539_3nw,dynamicbind_asd,7,0.70433354,,,1.0,ok,,local,0.70433354,7.009661
q16539_3nw,dynamicbind_asd,8,0.6977019,,,1.0,ok,,local,0.6977019,7.3422937
q16539_3nw,dynamicbind_asd,9,0.6970101,,,1.0,ok,,local,0.6970101,7.5622706
q16539_3nw,dynamicbind_asd,10,0.6941115,,,1.0,ok,,local,0.6941115,7.4371967
q16539_3nw,dynamicbind_asd,11,0.6931285,,,1.0,ok,,local,0.6931285,7.3603277
q16539_3nw,dynamicbind_asd,12,0.69244397,,,1.0,ok,,local,0.69244397,7.497864
q16539_3nw,dynamicbind_asd,13,0.68641883,,,1.0,ok,,local,0.68641883,7.3675046
q16539_3nw,dynamicbind_asd,14,0.6854475,,,1.0,ok,,local,0.6854475,7.4293146
q16539_3nw,dynamicbind_asd,15,0.6846,,,1.0,ok,,local,0.6846,7.171377
q16539_3nw,dynamicbind_asd,16,0.6843909,,,1.0,ok,,local,0.6843909,7.355353
q16539_3nw,dynamicbind_asd,17,0.6837475,,,1.0,ok,,local,0.6837475,7.4360986
q16539_3nw,dynamicbind_asd,18,0.68116266,,,1.0,ok,,local,0.68116266,7.5790195
q16539_3nw,dynamicbind_asd,19,0.67805094,,,1.0,ok,,local,0.67805094,7.577186
q16539_3nw,dynamicbind_asd,20,0.67725456,,,1.0,ok,,local,0.67725456,7.482403
q16539_3nw,dynamicbind_asd,21,0.66006327,,,1.0,ok,,local,0.66006327,7.4895473
q16539_3nw,dynamicbind_asd,22,0.655303,,,1.0,ok,,local,0.655303,7.3723607
q16539_3nw,dynamicbind_asd,23,0.63694483,,,1.0,ok,,local,0.63694483,7.6142726
q16539_3nw,dynamicbind_asd,24,0.63051337,,,1.0,ok,,local,0.63051337,8.0818
q16539_3nw,dynamicbind_asd,25,0.60291135,,,1.0,ok,,local,0.60291135,7.789169
q16539_3nw,dynamicbind_asd,26,0.59607244,,,1.0,ok,,local,0.59607244,7.9871125
q16539_3nw,dynamicbind_asd,27,0.5654319,,,1.0,ok,,local,0.5654319,8.02516
q16539_3nw,dynamicbind_asd,28,0.5332562,,,1.0,ok,,local,0.5332562,7.7845054
q16539_3nw,dynamicbind_asd,29,0.5011366,,,1.0,ok,,local,0.5011366,7.34335
q16539_gk1,dynamicbind_asd,0,0.67891484,,,1.0,ok,,local,0.67891484,7.071229
q16539_gk1,dynamicbind_asd,1,0.6786241,,,1.0,ok,,local,0.6786241,7.889405
q16539_gk1,dynamicbind_asd,2,0.6755193,,,1.0,ok,,local,0.6755193,7.7569613
q16539_gk1,dynamicbind_asd,3,0.6753436,,,1.0,ok,,local,0.6753436,6.983959
q16539_gk1,dynamicbind_asd,4,0.6743176,,,1.0,ok,,local,0.6743176,6.969405
q16539_gk1,dynamicbind_asd,5,0.67018956,,,1.0,ok,,local,0.67018956,7.8584256
q16539_gk1,dynamicbind_asd,6,0.66616607,,,1.0,ok,,local,0.66616607,6.99823
q16539_gk1,dynamicbind_asd,7,0.66590333,,,1.0,ok,,local,0.66590333,6.981531
q16539_gk1,dynamicbind_asd,8,0.66173303,,,1.0,ok,,local,0.66173303,7.044802
q16539_gk1,dynamicbind_asd,9,0.6593141,,,1.0,ok,,local,0.6593141,7.0779347
q16539_gk1,dynamicbind_asd,10,0.6552946,,,1.0,ok,,local,0.6552946,7.9245067
q16539_gk1,dynamicbind_asd,11,0.65458524,,,1.0,ok,,local,0.65458524,7.1059446
q16539_gk1,dynamicbind_asd,12,0.64847153,,,1.0,ok,,local,0.64847153,7.9918256
q16539_gk1,dynamicbind_asd,13,0.6474449,,,1.0,ok,,local,0.6474449,7.839334
q16539_gk1,dynamicbind_asd,14,0.64722216,,,1.0,ok,,local,0.64722216,6.926521
q16539_gk1,dynamicbind_asd,15,0.6401226,,,1.0,ok,,local,0.6401226,6.977281
q16539_gk1,dynamicbind_asd,16,0.63879,,,1.0,ok,,local,0.63879,7.992879
q16539_gk1,dynamicbind_asd,17,0.6379374,,,1.0,ok,,local,0.6379374,7.96856
q16539_gk1,dynamicbind_asd,18,0.6367703,,,1.0,ok,,local,0.6367703,7.142693
q16539_gk1,dynamicbind_asd,19,0.6356225,,,1.0,ok,,local,0.6356225,6.957342
q16539_gk1,dynamicbind_asd,20,0.6350854,,,1.0,ok,,local,0.6350854,7.371579
q16539_gk1,dynamicbind_asd,21,0.63193256,,,1.0,ok,,local,0.63193256,7.6480165
q16539_gk1,dynamicbind_asd,22,0.62443805,,,1.0,ok,,local,0.62443805,7.0478945
q16539_gk1,dynamicbind_asd,23,0.6215649,,,1.0,ok,,local,0.6215649,7.233437
q16539_gk1,dynamicbind_asd,24,0.61882305,,,1.0,ok,,local,0.61882305,8.12298
q16539_gk1,dynamicbind_asd,25,0.61782086,,,1.0,ok,,local,0.61782086,7.3482356
q16539_gk1,dynamicbind_asd,26,0.6124346,,,1.0,ok,,local,0.6124346,7.472594
q16539_gk1,dynamicbind_asd,27,0.606187,,,1.0,ok,,local,0.606187,7.5578737
q16539_gk1,dynamicbind_asd,28,0.6052657,,,1.0,ok,,local,0.6052657,7.69572
q16539_gk1,dynamicbind_asd,29,0.5801924,,,1.0,ok,,local,0.5801924,7.9147444
q16539_gk6,dynamicbind_asd,0,0.68172854,,,1.0,ok,,local,0.68172854,7.7088337
q16539_gk6,dynamicbind_asd,1,0.68066883,,,1.0,ok,,local,0.68066883,7.984025
q16539_gk6,dynamicbind_asd,2,0.6796621,,,1.0,ok,,local,0.6796621,7.74634
q16539_gk6,dynamicbind_asd,3,0.6735764,,,1.0,ok,,local,0.6735764,7.5023637
q16539_gk6,dynamicbind_asd,4,0.67138624,,,1.0,ok,,local,0.67138624,8.008918
q16539_gk6,dynamicbind_asd,5,0.6692958,,,1.0,ok,,local,0.6692958,7.9344893
q16539_gk6,dynamicbind_asd,6,0.6658955,,,1.0,ok,,local,0.6658955,7.6991124
q16539_gk6,dynamicbind_asd,7,0.6658676,,,1.0,ok,,local,0.6658676,7.6443887
q16539_gk6,dynamicbind_asd,8,0.6609583,,,1.0,ok,,local,0.6609583,8.005024
q16539_gk6,dynamicbind_asd,9,0.6599862,,,1.0,ok,,local,0.6599862,8.070271
q16539_gk6,dynamicbind_asd,10,0.65949535,,,1.0,ok,,local,0.65949535,7.7093143
q16539_gk6,dynamicbind_asd,11,0.6594601,,,1.0,ok,,local,0.6594601,7.6424923
q16539_gk6,dynamicbind_asd,12,0.6580616,,,1.0,ok,,local,0.6580616,8.142493
q16539_gk6,dynamicbind_asd,13,0.65758044,,,1.0,ok,,local,0.65758044,7.699016
q16539_gk6,dynamicbind_asd,14,0.657433,,,1.0,ok,,local,0.657433,7.6325164
q16539_gk6,dynamicbind_asd,15,0.6568415,,,1.0,ok,,local,0.6568415,7.8056955
q16539_gk6,dynamicbind_asd,16,0.65529376,,,1.0,ok,,local,0.65529376,7.8437395
q16539_gk6,dynamicbind_asd,17,0.6540353,,,1.0,ok,,local,0.6540353,7.576659
q16539_gk6,dynamicbind_asd,18,0.6527692,,,1.0,ok,,local,0.6527692,7.9718547
q16539_gk6,dynamicbind_asd,19,0.6507317,,,1.0,ok,,local,0.6507317,7.860567
q16539_gk6,dynamicbind_asd,20,0.6501861,,,1.0,ok,,local,0.6501861,7.55225
q16539_gk6,dynamicbind_asd,21,0.6497646,,,1.0,ok,,local,0.6497646,7.867558
q16539_gk6,dynamicbind_asd,22,0.6454479,,,1.0,ok,,local,0.6454479,7.773429
q16539_gk6,dynamicbind_asd,23,0.64519745,,,1.0,ok,,local,0.64519745,8.020344
q16539_gk6,dynamicbind_asd,24,0.6441309,,,1.0,ok,,local,0.6441309,8.071111
q16539_gk6,dynamicbind_asd,25,0.64121634,,,1.0,ok,,local,0.64121634,7.6971025
q16539_gk6,dynamicbind_asd,26,0.6354722,,,1.0,ok,,local,0.6354722,7.9949903
q16539_gk6,dynamicbind_asd,27,0.630408,,,1.0,ok,,local,0.630408,8.068853
q16539_gk6,dynamicbind_asd,28,0.62922615,,,1.0,ok,,local,0.62922615,8.339575
q16539_gk6,dynamicbind_asd,29,0.62563676,,,1.0,ok,,local,0.62563676,7.972142
q16539_p38,dynamicbind_asd,0,0.67236155,2.9371657371520996,0.5743454098701477,1.0,ok,,local,0.67236155,7.7019773
q16539_p38,dynamicbind_asd,1,0.6671035,2.5186095237731934,0.5203104615211487,1.0,ok,,local,0.6671035,7.592008
q16539_p38,dynamicbind_asd,2,0.6619276,2.540443181991577,0.5456971526145935,1.0,ok,,local,0.6619276,7.506839
q16539_p38,dynamicbind_asd,3,0.6592296,2.816924571990967,0.523197591304779,1.0,ok,,local,0.6592296,7.9999037
q16539_p38,dynamicbind_asd,4,0.6537266,2.4215402603149414,0.5965200066566467,1.0,ok,,local,0.6537266,7.581128
q16539_p38,dynamicbind_asd,5,0.65068597,2.4545559883117676,0.604383111000061,1.0,ok,,local,0.65068597,7.6128755
q16539_p38,dynamicbind_asd,6,0.6495312,2.847644567489624,0.507205069065094,1.0,ok,,local,0.6495312,7.8723435
q16539_p38,dynamicbind_asd,7,0.6311354,2.3614237308502197,0.5925925970077515,1.0,ok,,local,0.6311354,8.060536
q16539_p38,dynamicbind_asd,8,0.6309247,2.984435796737671,0.5290119647979736,1.0,ok,,local,0.6309247,7.580412
q16539_p38,dynamicbind_asd,9,0.6252085,1.549547791481018,0.6274407505989075,1.0,ok,,local,0.6252085,7.705102
q16539_p38,dynamicbind_asd,10,0.62465817,1.3992303609848022,0.64342200756073,1.0,ok,,local,0.62465817,7.744357
q16539_p38,dynamicbind_asd,11,0.6237426,0.9827982783317566,0.6487839818000793,1.0,ok,,local,0.6237426,7.720515
q16539_p38,dynamicbind_asd,12,0.61509997,1.1669219732284546,0.6174371242523193,1.0,ok,,local,0.61509997,7.6123633
q16539_p38,dynamicbind_asd,13,0.61446685,1.8003729581832886,0.7180293798446655,1.0,ok,,local,0.61446685,7.6846476
q16539_p38,dynamicbind_asd,14,0.612004,1.2143687009811401,0.7657971978187561,1.0,ok,,local,0.612004,7.6774163
q16539_p38,dynamicbind_asd,15,0.6051828,1.3544721603393555,0.728460431098938,1.0,ok,,local,0.6051828,7.670353
q16539_p38,dynamicbind_asd,16,0.5983733,1.577361822128296,0.6464829444885254,1.0,ok,,local,0.5983733,7.777134
q16539_p38,dynamicbind_asd,17,0.59654784,,,1.0,ok,,local,0.59654784,7.597943
q16539_p38,dynamicbind_asd,18,0.5936415,1.7459977865219116,0.6358538269996643,1.0,ok,,local,0.5936415,7.823117
q16539_p38,dynamicbind_asd,19,0.59162337,2.173456907272339,0.6374488472938538,1.0,ok,,local,0.59162337,7.5785017
q16539_p38,dynamicbind_asd,20,0.5914637,2.6533544063568115,0.5918715596199036,1.0,ok,,local,0.5914637,8.45146
q16539_p38,dynamicbind_asd,21,0.5897543,1.557111382484436,0.652228593826294,1.0,ok,,local,0.5897543,7.8879056
q16539_p38,dynamicbind_asd,22,0.58588946,1.6682674884796143,0.6389082074165344,1.0,ok,,local,0.58588946,7.743102
q16539_p38,dynamicbind_asd,23,0.57173085,12.795125007629395,0.1233636885881424,1.0,ok,,local,0.57173085,6.7191944
q16539_p38,dynamicbind_asd,24,0.5589012,3.5809326171875,0.6151815056800842,1.0,ok,,local,0.5589012,8.15293
q16539_p38,dynamicbind_asd,25,0.5363459,11.609404563903809,0.09793329983949661,1.0,ok,,local,0.5363459,7.199185
q16539_p38,dynamicbind_asd,26,0.5237987,12.348573684692383,0.118641696870327,1.0,ok,,local,0.5237987,7.0512404
q16539_p38,dynamicbind_asd,27,0.5194868,3.7275898456573486,0.5,1.0,ok,,local,0.5194868,8.21293
q16539_p38,dynamicbind_asd,28,0.51518834,12.88668441772461,0.11338185518980026,1.0,ok,,local,0.51518834,7.0910244
q16539_p38,dynamicbind_asd,29,0.5068233,12.198684692382812,0.11579670011997223,1.0,ok,,local,0.5068233,7.0931616
q16539_pqb,dynamicbind_asd,0,0.7429571,2.500401020050049,0.6196450591087341,1.0,ok,,local,0.7429571,6.039267
q16539_pqb,dynamicbind_asd,1,0.7376426,1.4355137348175049,0.7185880541801453,1.0,ok,,local,0.7376426,6.1072655
q16539_pqb,dynamicbind_asd,2,0.72080296,2.424386739730835,0.7272447943687439,1.0,ok,,local,0.72080296,6.0842505
q16539_pqb,dynamicbind_asd,3,0.72066003,3.9071571826934814,0.5540000200271606,1.0,ok,,local,0.72066003,5.857217
q16539_pqb,dynamicbind_asd,4,0.71619374,4.151230335235596,0.5217149257659912,1.0,ok,,local,0.71619374,5.902614
q16539_pqb,dynamicbind_asd,5,0.7149172,0.9253491759300232,0.8511273264884949,1.0,ok,,local,0.7149172,6.0350018
q16539_pqb,dynamicbind_asd,6,0.7147349,4.2605791091918945,0.5380133390426636,1.0,ok,,local,0.7147349,5.8570113
q16539_pqb,dynamicbind_asd,7,0.7109678,10.176741600036621,0.12560193240642548,1.0,ok,,local,0.7109678,5.5969353
q16539_pqb,dynamicbind_asd,8,0.7104106,10.245792388916016,0.12754271924495697,1.0,ok,,local,0.7104106,5.680438
q16539_pqb,dynamicbind_asd,9,0.71004826,10.18067741394043,0.125930517911911,1.0,ok,,local,0.71004826,5.692125
q16539_pqb,dynamicbind_asd,10,0.70876545,1.90565025806427,0.7915584444999695,1.0,ok,,local,0.70876545,6.196497
q16539_pqb,dynamicbind_asd,11,0.70254433,10.28071403503418,0.15823578834533691,1.0,ok,,local,0.70254433,5.5985017
q16539_pqb,dynamicbind_asd,12,0.6985356,4.460980415344238,0.6338973045349121,1.0,ok,,local,0.6985356,5.9043083
q16539_pqb,dynamicbind_asd,13,0.6856715,4.019099235534668,0.557584285736084,1.0,ok,,local,0.6856715,5.8895416
q16539_pqb,dynamicbind_asd,14,0.68059087,9.735940933227539,0.1610414683818817,1.0,ok,,local,0.68059087,5.648412
q16539_pqb,dynamicbind_asd,15,0.6787989,3.315670967102051,0.5760869383811951,1.0,ok,,local,0.6787989,5.8401628
q16539_pqb,dynamicbind_asd,16,0.6724124,10.307324409484863,0.11925042420625687,1.0,ok,,local,0.6724124,5.65351
q16539_pqb,dynamicbind_asd,17,0.67092115,9.88917350769043,0.15332120656967163,1.0,ok,,local,0.67092115,5.6784716
q16539_pqb,dynamicbind_asd,18,0.66925454,3.946761131286621,0.5640243887901306,1.0,ok,,local,0.66925454,5.848272
q16539_pqb,dynamicbind_asd,19,0.6666831,10.262125015258789,0.12023593485355377,1.0,ok,,local,0.6666831,5.673015
q16539_pqb,dynamicbind_asd,20,0.6644796,9.939519882202148,0.1910531222820282,1.0,ok,,local,0.6644796,5.6511965
q16539_pqb,dynamicbind_asd,21,0.6599702,10.059337615966797,0.11900684982538223,1.0,ok,,local,0.6599702,5.7655005
q16539_pqb,dynamicbind_asd,22,0.6586084,3.8636622428894043,0.5187366008758545,1.0,ok,,local,0.6586084,5.9459853
q16539_pqb,dynamicbind_asd,23,0.6567905,4.3520588874816895,0.5617647171020508,1.0,ok,,local,0.6567905,5.8344336
q16539_pqb,dynamicbind_asd,24,0.65423983,3.1906685829162598,0.43683651089668274,1.0,ok,,local,0.65423983,6.2140284
q16539_pqb,dynamicbind_asd,25,0.65221614,9.916133880615234,0.14275220036506653,1.0,ok,,local,0.65221614,5.608128
q16539_pqb,dynamicbind_asd,26,0.65129715,3.729475259780884,0.534267008304596,1.0,ok,,local,0.65129715,6.1611757
q16539_pqb,dynamicbind_asd,27,0.63370353,9.597841262817383,0.1865881085395813,1.0,ok,,local,0.63370353,5.777038
q16539_pqb,dynamicbind_asd,28,0.5856277,10.24669361114502,0.17717286944389343,1.0,ok,,local,0.5856277,6.076872
q16539_pqb,dynamicbind_asd,29,0.46095133,12.920756340026855,0.04046352580189705,1.0,ok,,local,0.46095133,5.4033394
q16552_u5i,dynamicbind_asd,0,0.58568954,,,0.0,ok,,local,0.58568954,6.7502203
q16552_u5i,dynamicbind_asd,1,0.5389238,30.649511337280273,0.0,0.911245506231116,ok,,local,0.5389238,7.170719
q16552_u5i,dynamicbind_asd,2,0.5389212,30.64478302001953,0.0,0.9114195207841089,ok,,local,0.5389212,7.169258
q16552_u5i,dynamicbind_asd,3,0.53399205,,,0.0,ok,,local,0.53399205,6.1665254
q16552_u5i,dynamicbind_asd,4,0.5125656,30.913135528564453,0.0,0.9188391588668918,ok,,local,0.5125656,6.495961
q16552_u5i,dynamicbind_asd,5,0.51222104,30.923213958740234,0.0,0.9203014753033949,ok,,local,0.51222104,6.498104
q16552_u5i,dynamicbind_asd,6,0.49405515,32.756126403808594,0.0,0.9169629330726208,ok,,local,0.49405515,6.595056
q16552_u5i,dynamicbind_asd,7,0.4940177,32.76184844970703,0.0,0.9192499671572567,ok,,local,0.4940177,6.5950327
q16552_u5i,dynamicbind_asd,8,0.49122593,,,0.0,ok,,local,0.49122593,6.0804534
q16552_u5i,dynamicbind_asd,9,0.4867172,30.42373275756836,8.689607057021931e-05,0.9074538488492765,ok,,local,0.4867172,7.044173
q16552_u5i,dynamicbind_asd,10,0.48669845,30.41611099243164,8.45165632199496e-05,0.9082462227733501,ok,,local,0.48669845,7.0432534
q16552_u5i,dynamicbind_asd,11,0.48591697,32.76625061035156,0.0,0.0,ok,,local,0.48591697,6.096988
q16552_u5i,dynamicbind_asd,12,0.47683847,30.280160903930664,0.0,0.0,ok,,local,0.47683847,5.985947
q16552_u5i,dynamicbind_asd,13,0.4590311,34.34841537475586,0.0,0.9240444427133545,ok,,local,0.4590311,6.063956
q16552_u5i,dynamicbind_asd,14,0.4590309,34.334442138671875,0.0,0.9233559142987232,ok,,local,0.4590309,6.063942
q16552_u5i,dynamicbind_asd,15,0.45572647,31.649578094482422,0.0,0.9100363483902657,ok,,local,0.45572647,6.702726
q16552_u5i,dynamicbind_asd,16,0.45572606,31.638301849365234,0.0,0.8998036323457714,ok,,local,0.45572606,6.7027025
q16552_u5i,dynamicbind_asd,17,0.44478366,32.60957717895508,0.0,0.9164685079877611,ok,,local,0.44478366,6.6851034
q16552_u5i,dynamicbind_asd,18,0.44466949,32.612762451171875,0.0,0.9147358665840739,ok,,local,0.44466949,6.6827106
q16552_u5i,dynamicbind_asd,19,0.4246894,30.426408767700195,0.0,0.9202251820246877,ok,,local,0.4246894,6.920749
q16552_u5i,dynamicbind_asd,20,0.42468095,30.424869537353516,0.0,0.9186703197445775,ok,,local,0.42468095,6.9207973
q16552_u5i,dynamicbind_asd,21,0.42392835,36.4039192199707,0.0,0.0,ok,,local,0.42392835,6.4613976
q16552_u5i,dynamicbind_asd,22,0.41533592,35.26645278930664,0.0,0.0,ok,,local,0.41533592,6.220086
q16552_u5i,dynamicbind_asd,23,0.41481787,28.875621795654297,0.0007913896697573364,0.9002832473278913,ok,,local,0.41481787,6.4696255
q16552_u5i,dynamicbind_asd,24,0.41481778,28.865678787231445,0.0006311139441095293,0.8961876225678015,ok,,local,0.41481778,6.4696326
q16552_u5i,dynamicbind_asd,25,0.41437748,27.825265884399414,0.00042607582872733474,0.0,ok,,local,0.41437748,7.31668
q16552_u5i,dynamicbind_asd,26,0.3959373,30.841829299926758,0.0,0.9190427890670861,ok,,local,0.3959373,7.1105676
q16552_u5i,dynamicbind_asd,27,0.39547944,30.84703826904297,0.0,0.9116936339240922,ok,,local,0.39547944,7.111673
q16552_u5i,dynamicbind_asd,28,0.39217752,29.321208953857422,0.0,0.0,ok,,local,0.39217752,6.7266984
q16552_u5i,dynamicbind_asd,29,0.39165473,25.221378326416016,0.00044138418161310256,0.0,ok,,local,0.39165473,7.134949
q16552_u6c,dynamicbind_asd,0,0.66377354,,,0.0,ok,,local,0.66377354,5.9913955
q16552_u6c,dynamicbind_asd,1,0.6476879,,,0.0,ok,,local,0.6476879,6.039643
q16552_u6c,dynamicbind_asd,2,0.6461427,,,0.0,ok,,local,0.6461427,6.203791
q16552_u6c,dynamicbind_asd,3,0.6390703,,,0.0,ok,,local,0.6390703,6.1298585
q16552_u6c,dynamicbind_asd,4,0.60936975,,,0.0,ok,,local,0.60936975,6.0007763
q16552_u6c,dynamicbind_asd,5,0.60602486,,,0.0,ok,,local,0.60602486,5.9727077
q16552_u6c,dynamicbind_asd,6,0.5919445,,,0.0,ok,,local,0.5919445,5.874884
q16552_u6c,dynamicbind_asd,7,0.5778022,,,0.9194422954969582,ok,,local,0.5778022,6.4340825
q16552_u6c,dynamicbind_asd,8,0.5367665,,,0.9238975720504081,ok,,local,0.5367665,6.6304393
q16552_u6c,dynamicbind_asd,9,0.531887,,,0.0,ok,,local,0.531887,6.6162443
q16552_u6c,dynamicbind_asd,10,0.5276873,,,0.9165451289985204,ok,,local,0.5276873,6.875368
q16552_u6c,dynamicbind_asd,11,0.52302486,,,0.9279066019200539,ok,,local,0.52302486,6.871517
q16552_u6c,dynamicbind_asd,12,0.50844467,,,0.9268497139103222,ok,,local,0.50844467,6.50981
q16552_u6c,dynamicbind_asd,13,0.5081927,,,0.0,ok,,local,0.5081927,5.741482
q16552_u6c,dynamicbind_asd,14,0.5073382,,,0.925024684736469,ok,,local,0.5073382,6.830308
q16552_u6c,dynamicbind_asd,15,0.49975854,,,0.9210866036367871,ok,,local,0.49975854,6.4419923
q16552_u6c,dynamicbind_asd,16,0.4686789,,,0.9232902103579425,ok,,local,0.4686789,6.3456297
q16552_u6c,dynamicbind_asd,17,0.4486785,,,0.9191614750006252,ok,,local,0.4486785,7.1720514
q16552_u6c,dynamicbind_asd,18,0.41933143,,,0.0,ok,,local,0.41933143,6.578808
q16552_u6c,dynamicbind_asd,19,0.40924954,,,0.9220785827471669,ok,,local,0.40924954,7.131058
q29460_sgb,dynamicbind_asd,0,0.64033496,,,1.0,ok,,local,0.64033496,4.396491
q29460_sgb,dynamicbind_asd,1,0.63471615,,,1.0,ok,,local,0.63471615,4.2379074
q29460_sgb,dynamicbind_asd,2,0.62614304,,,1.0,ok,,local,0.62614304,4.380246
q29460_sgb,dynamicbind_asd,3,0.6049824,,,1.0,ok,,local,0.6049824,4.0236807
q29460_sgb,dynamicbind_asd,4,0.594131,,,1.0,ok,,local,0.594131,4.567275
q29460_sgb,dynamicbind_asd,5,0.5908721,,,1.0,ok,,local,0.5908721,4.0603514
q29460_sgb,dynamicbind_asd,6,0.5836681,,,1.0,ok,,local,0.5836681,4.2575827
q29460_sgb,dynamicbind_asd,7,0.5788142,,,1.0,ok,,local,0.5788142,4.4649005
q29460_sgb,dynamicbind_asd,8,0.55381536,,,1.0,ok,,local,0.55381536,4.3370795
q29460_sgb,dynamicbind_asd,9,0.4575301,,,1.0,ok,,local,0.4575301,4.5289693
q3tdn0_av0,dynamicbind_asd,0,0.5212595,36.680503845214844,0.0,1.0,ok,,local,0.5212595,4.920641
q3tdn0_av0,dynamicbind_asd,1,0.51623094,36.42354965209961,0.0,1.0,ok,,local,0.51623094,4.878106
q3tdn0_av0,dynamicbind_asd,2,0.5015078,35.823760986328125,0.0,1.0,ok,,local,0.5015078,4.915478
q3tdn0_av0,dynamicbind_asd,3,0.48952436,36.06214904785156,0.00021240441128611565,1.0,ok,,local,0.48952436,5.076258
q3tdn0_av0,dynamicbind_asd,4,0.48241386,17.700504302978516,0.04724409431219101,1.0,ok,,local,0.48241386,4.264797
q3tdn0_av0,dynamicbind_asd,5,0.47713295,16.8161678314209,0.07793017476797104,1.0,ok,,local,0.47713295,6.112236
q3tdn0_av0,dynamicbind_asd,6,0.43511996,36.246639251708984,0.0,1.0,ok,,local,0.43511996,4.46546
q3tdn0_av0,dynamicbind_asd,7,0.42701626,15.811110496520996,0.0600220263004303,1.0,ok,,local,0.42701626,6.353814
q3tdn0_av0,dynamicbind_asd,8,0.42270815,35.051387786865234,0.0005399567889980972,1.0,ok,,local,0.42270815,5.003361
q3tdn0_av0,dynamicbind_asd,9,0.4218738,15.98362922668457,0.06847027689218521,1.0,ok,,local,0.4218738,6.042401
q3tdn0_av0,dynamicbind_asd,10,0.42081344,37.07646560668945,0.0,1.0,ok,,local,0.42081344,5.122589
q3tdn0_av0,dynamicbind_asd,11,0.41914764,37.24736785888672,0.0,1.0,ok,,local,0.41914764,5.085123
q3tdn0_av0,dynamicbind_asd,12,0.41130754,37.77864074707031,0.0,1.0,ok,,local,0.41130754,6.5774746
q3tdn0_av0,dynamicbind_asd,13,0.40911624,35.85161590576172,0.0,1.0,ok,,local,0.40911624,3.857963
q3tdn0_av0,dynamicbind_asd,14,0.4018313,37.90918731689453,0.0,1.0,ok,,local,0.4018313,4.780915
q3tdn0_av0,dynamicbind_asd,15,0.40113625,35.762332916259766,0.0,1.0,ok,,local,0.40113625,5.0695615
q3tdn0_av0,dynamicbind_asd,16,0.3702345,,,1.0,ok,,local,0.3702345,3.9448662
q3tdn0_av0,dynamicbind_asd,17,0.36209622,36.88257598876953,0.0,1.0,ok,,local,0.36209622,5.4767246
q3tdn0_av0,dynamicbind_asd,18,0.3448415,23.904335021972656,0.002171081257984042,1.0,ok,,local,0.3448415,7.081565
q46220_nai,dynamicbind_asd,0,0.63720524,1.8823086023330688,0.7259474992752075,0.0,ok,,local,0.63720524,6.1037974
q46220_nai,dynamicbind_asd,1,0.6319383,2.0384631156921387,0.7317415475845337,0.0,ok,,local,0.6319383,6.0996103
q46220_nai,dynamicbind_asd,2,0.6250746,1.8187872171401978,0.7427229881286621,0.0,ok,,local,0.6250746,6.1777515
q46220_nai,dynamicbind_asd,3,0.6227854,1.528265357017517,0.74901282787323,0.0,ok,,local,0.6227854,5.860264
q46220_nai,dynamicbind_asd,4,0.6210879,1.5292574167251587,0.7669154405593872,1.0,ok,,local,0.6210879,6.22969
q46220_nai,dynamicbind_asd,5,0.6183074,1.5493186712265015,0.7751744985580444,0.0,ok,,local,0.6183074,6.058094
q46220_nai,dynamicbind_asd,6,0.6133548,1.7508883476257324,0.7068965435028076,0.0,ok,,local,0.6133548,6.387662
q46220_nai,dynamicbind_asd,7,0.6127215,1.636928677558899,0.7087264060974121,1.0,ok,,local,0.6127215,6.384654
q46220_nai,dynamicbind_asd,8,0.6070697,1.410946011543274,0.8125643730163574,0.0,ok,,local,0.6070697,6.46181
q46220_nai,dynamicbind_asd,9,0.5979439,1.794979453086853,0.741096556186676,1.0,ok,,local,0.5979439,6.3358865
q46220_nai,dynamicbind_asd,10,0.5955557,1.448201298713684,0.7472555041313171,1.0,ok,,local,0.5955557,6.041403
q46220_nai,dynamicbind_asd,11,0.5948235,2.130803346633911,0.6611374616622925,1.0,ok,,local,0.5948235,6.0430465
q46220_nai,dynamicbind_asd,12,0.5906302,1.6172670125961304,0.7471618056297302,1.0,ok,,local,0.5906302,6.5389543
q46220_nai,dynamicbind_asd,13,0.5895453,2.7059731483459473,0.553685188293457,0.0,ok,,local,0.5895453,6.5883627
q46220_nai,dynamicbind_asd,14,0.5798311,3.0271735191345215,0.5785841345787048,0.0,ok,,local,0.5798311,6.034607
q46220_nai,dynamicbind_asd,15,0.5771864,1.6984912157058716,0.7418906688690186,1.0,ok,,local,0.5771864,6.519798
q46220_nai,dynamicbind_asd,16,0.56763846,2.332176446914673,0.6575592160224915,1.0,ok,,local,0.56763846,5.9867373
q46220_nai,dynamicbind_asd,17,0.5509575,2.4986650943756104,0.5879294872283936,1.0,ok,,local,0.5509575,6.3570576
q46220_nai,dynamicbind_asd,18,0.53420675,2.82002329826355,0.5541012287139893,0.0,ok,,local,0.53420675,6.3066163
q46220_nai,dynamicbind_asd,19,0.5279673,3.6378562450408936,0.4714285731315613,1.0,ok,,local,0.5279673,6.1650586
q46220_ndp,dynamicbind_asd,0,0.62661195,,,0.0,ok,,local,0.62661195,6.454639
q46220_ndp,dynamicbind_asd,1,0.6083272,,,0.0,ok,,local,0.6083272,6.0393004
q46220_ndp,dynamicbind_asd,2,0.6073929,2.4694721698760986,0.6207762360572815,0.0,ok,,local,0.6073929,6.46715
q46220_ndp,dynamicbind_asd,3,0.6066696,2.068655014038086,0.7031693458557129,0.0,ok,,local,0.6066696,6.6948338
q46220_ndp,dynamicbind_asd,4,0.6026835,1.7940382957458496,0.6967881321907043,1.0,ok,,local,0.6026835,6.424622
q46220_ndp,dynamicbind_asd,5,0.6026834,1.7950977087020874,0.6995677351951599,1.0,ok,,local,0.6026834,6.4246182
q46220_ndp,dynamicbind_asd,6,0.6026827,1.7924280166625977,0.6927682161331177,1.0,ok,,local,0.6026827,6.4246225
q46220_ndp,dynamicbind_asd,7,0.6024757,1.6051759719848633,0.7579602003097534,1.0,ok,,local,0.6024757,6.417401
q46220_ndp,dynamicbind_asd,8,0.60247535,1.6069667339324951,0.7544731497764587,1.0,ok,,local,0.60247535,6.417402
q46220_ndp,dynamicbind_asd,9,0.60247487,1.6051963567733765,0.7612051963806152,1.0,ok,,local,0.60247487,6.4174013
q46220_ndp,dynamicbind_asd,10,0.6007619,2.6997127532958984,0.5871244668960571,0.0,ok,,local,0.6007619,6.32084
q46220_ndp,dynamicbind_asd,11,0.5984525,2.4856719970703125,0.5917721390724182,1.0,ok,,local,0.5984525,6.249581
q46220_ndp,dynamicbind_asd,12,0.5984492,2.4841315746307373,0.5946251153945923,1.0,ok,,local,0.5984492,6.249587
q46220_ndp,dynamicbind_asd,13,0.59844744,2.483626127243042,0.5945149660110474,1.0,ok,,local,0.59844744,6.24953
q46220_ndp,dynamicbind_asd,14,0.59768236,2.4699699878692627,0.6196479797363281,1.0,ok,,local,0.59768236,6.2461343
q46220_ndp,dynamicbind_asd,15,0.5976822,2.4723522663116455,0.617786169052124,1.0,ok,,local,0.5976822,6.2461305
q46220_ndp,dynamicbind_asd,16,0.597682,2.472811222076416,0.6207305788993835,1.0,ok,,local,0.597682,6.2461467
q46220_ndp,dynamicbind_asd,17,0.5970809,1.6684112548828125,0.7130247950553894,1.0,ok,,local,0.5970809,6.6123013
q46220_ndp,dynamicbind_asd,18,0.59708065,1.6673370599746704,0.7122371196746826,1.0,ok,,local,0.59708065,6.612313
q46220_ndp,dynamicbind_asd,19,0.59707814,1.6716152429580688,0.7125236988067627,1.0,ok,,local,0.59707814,6.612319
q46220_ndp,dynamicbind_asd,20,0.59063363,2.629587411880493,0.6108657121658325,0.0,ok,,local,0.59063363,6.1920896
q46220_ndp,dynamicbind_asd,21,0.58915466,3.5724291801452637,0.48644986748695374,0.0,ok,,local,0.58915466,5.8876376
q46220_ndp,dynamicbind_asd,22,0.5845317,2.81033992767334,0.5512763857841492,1.0,ok,,local,0.5845317,6.2868495
q46220_ndp,dynamicbind_asd,23,0.58452445,2.81368088722229,0.551625669002533,1.0,ok,,local,0.58452445,6.2871833
q46220_ndp,dynamicbind_asd,24,0.5845232,2.8076376914978027,0.5506162047386169,1.0,ok,,local,0.5845232,6.2871766
q46220_ndp,dynamicbind_asd,25,0.58424735,1.4592312574386597,0.7746230959892273,1.0,ok,,local,0.58424735,6.5325284
q46220_ndp,dynamicbind_asd,26,0.5842471,1.459096074104309,0.7777777910232544,1.0,ok,,local,0.5842471,6.53252
q46220_ndp,dynamicbind_asd,27,0.58424675,1.4625898599624634,0.7727956175804138,1.0,ok,,local,0.58424675,6.5325346
q46220_ndp,dynamicbind_asd,28,0.5839617,2.2862071990966797,0.6185424327850342,1.0,ok,,local,0.5839617,6.360209
q46220_ndp,dynamicbind_asd,29,0.58396167,2.284536600112915,0.616466760635376,1.0,ok,,local,0.58396167,6.3601933
q46220_ndp,dynamicbind_asd,30,0.58396125,2.284299850463867,0.6185424327850342,1.0,ok,,local,0.58396125,6.3602176
q46220_ndp,dynamicbind_asd,31,0.57812804,2.382469654083252,0.662162184715271,0.0,ok,,local,0.57812804,6.4469695
q46220_ndp,dynamicbind_asd,32,0.57399076,3.282644510269165,0.5409319996833801,0.0,ok,,local,0.57399076,6.1069508
q46220_ndp,dynamicbind_asd,33,0.5700772,1.9267727136611938,0.682622492313385,1.0,ok,,local,0.5700772,6.487768
q46220_ndp,dynamicbind_asd,34,0.5700755,1.912273645401001,0.6822111010551453,1.0,ok,,local,0.5700755,6.4877844
q46220_ndp,dynamicbind_asd,35,0.570075,1.9129254817962646,0.6833333373069763,1.0,ok,,local,0.570075,6.4877872
q46220_ndp,dynamicbind_asd,36,0.5627794,3.3769478797912598,0.6106833219528198,0.0,ok,,local,0.5627794,5.955656
q46220_ndp,dynamicbind_asd,37,0.5593709,3.0113525390625,0.514194905757904,1.0,ok,,local,0.5593709,6.3780837
q46220_ndp,dynamicbind_asd,38,0.5593593,3.0142037868499756,0.5128992795944214,1.0,ok,,local,0.5593593,6.3781905
q46220_ndp,dynamicbind_asd,39,0.55927366,3.0416274070739746,0.5127153396606445,1.0,ok,,local,0.55927366,6.3794074
q5zxn6_c5p,dynamicbind_asd,0,0.7294743,,,0.0,ok,,local,0.7294743,4.4870853
q5zxn6_c5p,dynamicbind_asd,1,0.7211427,,,0.0,ok,,local,0.7211427,4.628104
q5zxn6_c5p,dynamicbind_asd,2,0.7209351,,,0.0,ok,,local,0.7209351,4.477792
q5zxn6_c5p,dynamicbind_asd,3,0.71381027,,,0.0,ok,,local,0.71381027,4.3421702
q5zxn6_c5p,dynamicbind_asd,4,0.7137093,,,0.0,ok,,local,0.7137093,4.35924
q5zxn6_c5p,dynamicbind_asd,5,0.71043783,,,0.0,ok,,local,0.71043783,4.482641
q5zxn6_c5p,dynamicbind_asd,6,0.71030384,,,0.0,ok,,local,0.71030384,4.433371
q5zxn6_c5p,dynamicbind_asd,7,0.706966,,,0.0,ok,,local,0.706966,4.420961
q5zxn6_c5p,dynamicbind_asd,8,0.69400907,,,0.0,ok,,local,0.69400907,4.3173137
q5zxn6_c5p,dynamicbind_asd,9,0.6851847,,,0.0,ok,,local,0.6851847,4.5887938
q5zxn6_c5p,dynamicbind_asd,10,0.6559861,,,0.0,ok,,local,0.6559861,4.439082
q5zxn6_c5p,dynamicbind_asd,11,0.6514899,,,0.0,ok,,local,0.6514899,4.4180527
q5zxn6_c5p,dynamicbind_asd,12,0.64743626,,,0.0,ok,,local,0.64743626,4.3078575
q5zxn6_c5p,dynamicbind_asd,13,0.6463186,,,0.0,ok,,local,0.6463186,4.327322
q5zxn6_c5p,dynamicbind_asd,14,0.64623636,,,0.0,ok,,local,0.64623636,4.422355
q5zxn6_c5p,dynamicbind_asd,15,0.6422832,,,0.0,ok,,local,0.6422832,4.306126
q5zxn6_c5p,dynamicbind_asd,16,0.6364394,,,1.0,ok,,local,0.6364394,4.691027
q5zxn6_c5p,dynamicbind_asd,17,0.6340406,,,1.0,ok,,local,0.6340406,4.790354
q5zxn6_c5p,dynamicbind_asd,18,0.6330825,,,1.0,ok,,local,0.6330825,4.5420065
q5zxn6_c5p,dynamicbind_asd,19,0.63259953,,,0.0,ok,,local,0.63259953,4.388685
q5zxn6_c5p,dynamicbind_asd,20,0.6310869,,,0.0,ok,,local,0.6310869,4.4101257
q5zxn6_c5p,dynamicbind_asd,21,0.62976986,,,0.0,ok,,local,0.62976986,4.3210807
q5zxn6_c5p,dynamicbind_asd,22,0.62373126,,,0.0,ok,,local,0.62373126,4.3895493
q5zxn6_c5p,dynamicbind_asd,23,0.6223624,,,1.0,ok,,local,0.6223624,4.5487447
q5zxn6_c5p,dynamicbind_asd,24,0.6020175,,,1.0,ok,,local,0.6020175,4.4256425
q5zxn6_c5p,dynamicbind_asd,25,0.60152906,,,1.0,ok,,local,0.60152906,4.390196
q5zxn6_c5p,dynamicbind_asd,26,0.5998486,,,1.0,ok,,local,0.5998486,4.3461604
q5zxn6_c5p,dynamicbind_asd,27,0.5977705,,,1.0,ok,,local,0.5977705,4.5210924
q5zxn6_c5p,dynamicbind_asd,28,0.59465677,,,1.0,ok,,local,0.59465677,5.01016
q5zxn6_c5p,dynamicbind_asd,29,0.5825644,,,1.0,ok,,local,0.5825644,4.133931
q5zxn6_cdc,dynamicbind_asd,0,0.6537775,,,0.0,ok,,local,0.6537775,4.41051
q5zxn6_cdc,dynamicbind_asd,1,0.6465134,,,0.0,ok,,local,0.6465134,4.354061
q5zxn6_cdc,dynamicbind_asd,2,0.64466935,,,0.0,ok,,local,0.64466935,4.306804
q5zxn6_cdc,dynamicbind_asd,3,0.6402085,,,0.0,ok,,local,0.6402085,4.4742327
q5zxn6_cdc,dynamicbind_asd,4,0.6357683,,,0.0,ok,,local,0.6357683,4.271088
q5zxn6_cdc,dynamicbind_asd,5,0.6334156,,,0.0,ok,,local,0.6334156,4.439981
q5zxn6_cdc,dynamicbind_asd,6,0.6233544,,,0.0,ok,,local,0.6233544,4.3764577
q5zxn6_cdc,dynamicbind_asd,7,0.59931636,,,0.0,ok,,local,0.59931636,4.202012
q5zxn6_cdc,dynamicbind_asd,8,0.59744716,,,0.0,ok,,local,0.59744716,4.3691983
q5zxn6_cdc,dynamicbind_asd,9,0.5971557,,,0.0,ok,,local,0.5971557,4.1503973
q5zxn6_cdc,dynamicbind_asd,10,0.590857,,,0.0,ok,,local,0.590857,4.1004066
q5zxn6_cdc,dynamicbind_asd,11,0.59066653,,,1.0,ok,,local,0.59066653,4.24123
q5zxn6_cdc,dynamicbind_asd,12,0.5846003,,,1.0,ok,,local,0.5846003,4.26647
q5zxn6_cdc,dynamicbind_asd,13,0.5816048,,,0.0,ok,,local,0.5816048,4.1897287
q5zxn6_cdc,dynamicbind_asd,14,0.5799264,,,1.0,ok,,local,0.5799264,4.2581444
q5zxn6_cdc,dynamicbind_asd,15,0.5778182,,,1.0,ok,,local,0.5778182,3.8887577
q5zxn6_cdc,dynamicbind_asd,16,0.57525223,,,1.0,ok,,local,0.57525223,4.1409345
q5zxn6_cdc,dynamicbind_asd,17,0.57089794,,,1.0,ok,,local,0.57089794,4.576145
q5zxn6_cdc,dynamicbind_asd,18,0.5704119,,,0.0,ok,,local,0.5704119,4.0924306
q5zxn6_cdc,dynamicbind_asd,19,0.569586,,,1.0,ok,,local,0.569586,4.2541213
q5zxn6_cdc,dynamicbind_asd,20,0.56041646,,,0.0,ok,,local,0.56041646,4.267537
q5zxn6_cdc,dynamicbind_asd,21,0.5519642,,,0.0,ok,,local,0.5519642,4.355995
q5zxn6_cdc,dynamicbind_asd,22,0.5490061,,,1.0,ok,,local,0.5490061,4.3359914
q5zxn6_cdc,dynamicbind_asd,23,0.54801327,,,0.0,ok,,local,0.54801327,4.821649
q5zxn6_cdc,dynamicbind_asd,24,0.5462597,,,0.0,ok,,local,0.5462597,4.323829
q5zxn6_cdc,dynamicbind_asd,25,0.54301447,,,0.0,ok,,local,0.54301447,4.2813506
q5zxn6_cdc,dynamicbind_asd,26,0.5301358,,,0.0,ok,,local,0.5301358,4.579379
q5zxn6_cdc,dynamicbind_asd,27,0.51575893,,,1.0,ok,,local,0.51575893,4.60364
q5zxn6_cdc,dynamicbind_asd,28,0.5027624,,,1.0,ok,,local,0.5027624,4.724681
q5zxn6_pc,dynamicbind_asd,0,0.6981865,,,0.0,ok,,local,0.6981865,3.6715343
q5zxn6_pc,dynamicbind_asd,1,0.69578975,,,0.0,ok,,local,0.69578975,3.4220078
q5zxn6_pc,dynamicbind_asd,2,0.69117075,,,0.0,ok,,local,0.69117075,3.5501204
q5zxn6_pc,dynamicbind_asd,3,0.68801236,,,0.0,ok,,local,0.68801236,3.7000134
q5zxn6_pc,dynamicbind_asd,4,0.68785983,,,0.0,ok,,local,0.68785983,3.7237036
q5zxn6_pc,dynamicbind_asd,5,0.6857956,,,0.0,ok,,local,0.6857956,3.70053
q5zxn6_pc,dynamicbind_asd,6,0.67397714,,,0.0,ok,,local,0.67397714,3.4489145
q5zxn6_pc,dynamicbind_asd,7,0.6715011,,,0.0,ok,,local,0.6715011,3.145958
q5zxn6_pc,dynamicbind_asd,8,0.66942656,,,0.0,ok,,local,0.66942656,3.5095482
q5zxn6_pc,dynamicbind_asd,9,0.6663109,,,0.0,ok,,local,0.6663109,3.3803651
q5zxn6_pc,dynamicbind_asd,10,0.6640877,,,0.0,ok,,local,0.6640877,4.0308595
q5zxn6_pc,dynamicbind_asd,11,0.6584495,,,0.0,ok,,local,0.6584495,3.5606248
q5zxn6_pc,dynamicbind_asd,12,0.6531801,,,1.0,ok,,local,0.6531801,3.632391
q5zxn6_pc,dynamicbind_asd,13,0.6523143,,,1.0,ok,,local,0.6523143,3.1892052
q5zxn6_pc,dynamicbind_asd,14,0.6519427,,,0.0,ok,,local,0.6519427,3.7367277
q5zxn6_pc,dynamicbind_asd,15,0.65079737,,,0.0,ok,,local,0.65079737,3.756341
q5zxn6_pc,dynamicbind_asd,16,0.6494569,,,0.0,ok,,local,0.6494569,3.6263077
q5zxn6_pc,dynamicbind_asd,17,0.6464739,,,0.0,ok,,local,0.6464739,3.8135502
q5zxn6_pc,dynamicbind_asd,18,0.6457858,,,0.0,ok,,local,0.6457858,3.7027717
q5zxn6_pc,dynamicbind_asd,19,0.64499134,,,1.0,ok,,local,0.64499134,3.472028
q5zxn6_pc,dynamicbind_asd,20,0.6433191,,,1.0,ok,,local,0.6433191,3.4436355
q5zxn6_pc,dynamicbind_asd,21,0.6420909,,,0.0,ok,,local,0.6420909,3.708356
q5zxn6_pc,dynamicbind_asd,22,0.64156896,,,0.0,ok,,local,0.64156896,3.5160916
q5zxn6_pc,dynamicbind_asd,23,0.6345296,,,1.0,ok,,local,0.6345296,3.6568966
q5zxn6_pc,dynamicbind_asd,24,0.63428813,,,1.0,ok,,local,0.63428813,3.0381782
q5zxn6_pc,dynamicbind_asd,25,0.6335829,,,1.0,ok,,local,0.6335829,3.4136539
q5zxn6_pc,dynamicbind_asd,26,0.6324249,,,0.0,ok,,local,0.6324249,3.774211
q5zxn6_pc,dynamicbind_asd,27,0.63119406,,,1.0,ok,,local,0.63119406,3.5405054
q5zxn6_pc,dynamicbind_asd,28,0.6310259,,,1.0,ok,,local,0.6310259,3.3297627
q5zxn6_pc,dynamicbind_asd,29,0.6290135,,,1.0,ok,,local,0.6290135,3.3932266
q61091_n6w,dynamicbind_asd,0,0.5972903,17.088611602783203,0.020414572209119797,0.0,ok,,local,0.5972903,4.0312543
q61091_n6w,dynamicbind_asd,1,0.5851132,17.28908348083496,0.013040712103247643,0.0,ok,,local,0.5851132,4.0677342
q61091_n6w,dynamicbind_asd,2,0.583568,14.71101188659668,0.030701754614710808,0.0,ok,,local,0.583568,4.210923
q61091_n6w,dynamicbind_asd,3,0.57582986,1.2138924598693848,0.8396328091621399,0.0,ok,,local,0.57582986,3.4313912
q61091_n6w,dynamicbind_asd,4,0.5744261,1.484279990196228,0.778372585773468,0.0,ok,,local,0.5744261,3.4583178
q61091_n6w,dynamicbind_asd,5,0.57303965,1.062566876411438,0.8729507923126221,0.0,ok,,local,0.57303965,3.5239382
q61091_n6w,dynamicbind_asd,6,0.5620587,2.758457660675049,0.5828624963760376,0.0,ok,,local,0.5620587,3.5966978
q61091_n6w,dynamicbind_asd,7,0.5318705,2.773914337158203,0.5451520681381226,0.0,ok,,local,0.5318705,3.5484421
q61091_n6w,dynamicbind_asd,8,0.4838524,15.910202980041504,0.008019911125302315,0.0,ok,,local,0.4838524,3.6622038
q61091_n6w,dynamicbind_asd,9,0.47354525,15.92971420288086,0.012605042196810246,0.0,ok,,local,0.47354525,3.5624602
q6mht0_tau,dynamicbind_asd,0,0.64329195,4.093495845794678,0.501968502998352,1.0,ok,,local,0.64329195,2.43072
q6mht0_tau,dynamicbind_asd,1,0.6413508,1.3947526216506958,0.8020833134651184,1.0,ok,,local,0.6413508,2.6658294
q6mht0_tau,dynamicbind_asd,2,0.6374259,3.20503568649292,0.5452755689620972,1.0,ok,,local,0.6374259,2.4978995
q6mht0_tau,dynamicbind_asd,3,0.6208016,4.126409530639648,0.46469464898109436,1.0,ok,,local,0.6208016,2.2912204
q6mht0_tau,dynamicbind_asd,4,0.6181479,2.8059980869293213,0.5622710585594177,1.0,ok,,local,0.6181479,2.3447514
q6mht0_tau,dynamicbind_asd,5,0.60938627,3.7944533824920654,0.48327139019966125,1.0,ok,,local,0.60938627,2.3118563
q6mht0_tau,dynamicbind_asd,6,0.5631254,28.03728675842285,0.0,1.0,ok,,local,0.5631254,4.757057
q6mht0_tau,dynamicbind_asd,7,0.48563656,23.872533798217773,0.0,1.0,ok,,local,0.48563656,4.8293576
q6mht0_tau,dynamicbind_asd,8,0.40533096,13.608059883117676,0.023778920993208885,1.0,ok,,local,0.40533096,2.297479
q6mht0_tau,dynamicbind_asd,9,0.38571724,21.683835983276367,0.0,1.0,ok,,local,0.38571724,5.01409
q6pl18_bqq,dynamicbind_asd,0,0.8216183,,,1.0,ok,,local,0.8216183,4.0762463
q6pl18_bqq,dynamicbind_asd,1,0.8158341,,,1.0,ok,,local,0.8158341,4.178927
q6pl18_bqq,dynamicbind_asd,2,0.81284875,,,1.0,ok,,local,0.81284875,4.0709248
q6pl18_bqq,dynamicbind_asd,3,0.8121921,,,1.0,ok,,local,0.8121921,4.101694
q6pl18_bqq,dynamicbind_asd,4,0.7997329,,,1.0,ok,,local,0.7997329,4.0346694
q6pl18_bqq,dynamicbind_asd,5,0.7965282,,,1.0,ok,,local,0.7965282,3.9884548
q6pl18_bqq,dynamicbind_asd,6,0.7939182,,,1.0,ok,,local,0.7939182,4.080587
q6pl18_bqq,dynamicbind_asd,7,0.78618145,,,1.0,ok,,local,0.78618145,4.057701
q6pl18_bqq,dynamicbind_asd,8,0.7845459,,,1.0,ok,,local,0.7845459,4.051717
q6pl18_bqq,dynamicbind_asd,9,0.7701975,,,1.0,ok,,local,0.7701975,4.0765133
q6pl18_bqq,dynamicbind_asd,10,0.7685595,,,1.0,ok,,local,0.7685595,4.1909347
q6pl18_bqq,dynamicbind_asd,11,0.75985205,,,1.0,ok,,local,0.75985205,4.1226497
q6pl18_bqq,dynamicbind_asd,12,0.7589622,,,1.0,ok,,local,0.7589622,4.1776586
q6pl18_bqq,dynamicbind_asd,13,0.75756556,,,1.0,ok,,local,0.75756556,4.1515517
q6pl18_bqq,dynamicbind_asd,14,0.7540018,,,1.0,ok,,local,0.7540018,4.1769505
q6pl18_bqq,dynamicbind_asd,15,0.7539945,,,1.0,ok,,local,0.7539945,4.1756163
q6pl18_bqq,dynamicbind_asd,16,0.7522878,,,1.0,ok,,local,0.7522878,4.1413474
q6pl18_bqq,dynamicbind_asd,17,0.7522274,,,1.0,ok,,local,0.7522274,4.129396
q6pl18_bqq,dynamicbind_asd,18,0.7496925,,,1.0,ok,,local,0.7496925,4.1984334
q6pl18_bqq,dynamicbind_asd,19,0.7470601,,,1.0,ok,,local,0.7470601,4.1239324
q6pl18_rhv,dynamicbind_asd,0,0.7535621,16.724842071533203,0.010057471692562103,1.0,ok,,local,0.7535621,2.3964074
q6pl18_rhv,dynamicbind_asd,1,0.71876824,14.911906242370605,0.0225694440305233,1.0,ok,,local,0.71876824,3.2316446
q6pl18_rhv,dynamicbind_asd,2,0.7000259,14.948567390441895,0.02158273383975029,1.0,ok,,local,0.7000259,3.1569183
q6pl18_rhv,dynamicbind_asd,3,0.69497865,15.431903839111328,0.01950998231768608,1.0,ok,,local,0.69497865,2.6984012
q6pl18_rhv,dynamicbind_asd,4,0.68790543,16.901296615600586,0.0057251909747719765,1.0,ok,,local,0.68790543,2.5836916
q6pl18_rhv,dynamicbind_asd,5,0.6795617,16.567163467407227,0.007462686393409967,1.0,ok,,local,0.6795617,3.3849516
q6pl18_rhv,dynamicbind_asd,6,0.6628985,15.106385231018066,0.016798419877886772,1.0,ok,,local,0.6628985,2.8798587
q6pl18_rhv,dynamicbind_asd,7,0.6484764,15.132401466369629,0.030033841729164124,1.0,ok,,local,0.6484764,2.8140028
q6pl18_rhv,dynamicbind_asd,8,0.6404457,17.08517837524414,0.002912621246650815,1.0,ok,,local,0.6404457,2.5146158
q6pl18_rhv,dynamicbind_asd,9,0.63788545,15.798290252685547,0.009134615771472454,1.0,ok,,local,0.63788545,2.7681174
q6pl18_rhv,dynamicbind_asd,10,0.62946945,16.011571884155273,0.013327205553650856,1.0,ok,,local,0.62946945,2.5202074
q6pl18_rhv,dynamicbind_asd,11,0.62614226,16.739299774169922,0.011061946861445904,1.0,ok,,local,0.62614226,2.126818
q6pl18_rhv,dynamicbind_asd,12,0.61692655,16.64703941345215,0.004416961222887039,1.0,ok,,local,0.61692655,2.6536398
q6pl18_rhv,dynamicbind_asd,13,0.6137208,16.79860496520996,0.009862778708338737,1.0,ok,,local,0.6137208,2.700797
q6pl18_rhv,dynamicbind_asd,14,0.61141163,15.920797348022461,0.014159291982650757,1.0,ok,,local,0.61141163,2.884145
q6pl18_rhv,dynamicbind_asd,15,0.59934485,16.12803077697754,0.0075892857275903225,1.0,ok,,local,0.59934485,2.56835
q6pl18_rhv,dynamicbind_asd,16,0.59408504,16.58885955810547,0.006298449821770191,1.0,ok,,local,0.59408504,2.5340078
q6pl18_rhv,dynamicbind_asd,17,0.5914864,16.533388137817383,0.0031083482317626476,1.0,ok,,local,0.5914864,3.3678873
q6pl18_rhv,dynamicbind_asd,18,0.5838032,16.918941497802734,0.0027573530096560717,1.0,ok,,local,0.5838032,2.5279245
q6pl18_rhv,dynamicbind_asd,19,0.55252695,16.55131721496582,0.013066202402114868,1.0,ok,,local,0.55252695,2.2700658
q8wts6_sah,dynamicbind_asd,0,0.7661567,0.7719556093215942,0.8704166412353516,1.0,ok,,local,0.7661567,5.5118856
q8wts6_sah,dynamicbind_asd,1,0.76559603,0.7810389399528503,0.8534768223762512,1.0,ok,,local,0.76559603,5.4878654
q8wts6_sah,dynamicbind_asd,2,0.7633028,0.8122788071632385,0.8588379621505737,1.0,ok,,local,0.7633028,5.4532366
q8wts6_sah,dynamicbind_asd,3,0.7626136,0.7512030601501465,0.8725082874298096,1.0,ok,,local,0.7626136,5.5556364
q8wts6_sah,dynamicbind_asd,4,0.7624017,0.7098995447158813,0.877265214920044,1.0,ok,,local,0.7624017,5.546084
q8wts6_sah,dynamicbind_asd,5,0.75699276,1.0400110483169556,0.8014937043190002,1.0,ok,,local,0.75699276,5.4763136
q8wts6_sah,dynamicbind_asd,6,0.75316715,1.1511369943618774,0.7892628312110901,1.0,ok,,local,0.75316715,5.456638
q8wts6_sah,dynamicbind_asd,7,0.74794006,1.2028659582138062,0.7870222926139832,1.0,ok,,local,0.74794006,5.451768
q8wts6_sah,dynamicbind_asd,8,0.74199814,0.7851072549819946,0.8386581540107727,1.0,ok,,local,0.74199814,5.537858
q8wts6_sah,dynamicbind_asd,9,0.7418277,0.7982240319252014,0.8224337697029114,1.0,ok,,local,0.7418277,5.4935966
q8wts6_sah,dynamicbind_asd,10,0.73774296,0.7294254302978516,0.8344316482543945,1.0,ok,,local,0.73774296,5.560952
q8wts6_sah,dynamicbind_asd,11,0.7367279,0.8120423555374146,0.8536484241485596,1.0,ok,,local,0.7367279,5.5857687
q8wts6_sah,dynamicbind_asd,12,0.73651975,0.9052527546882629,0.8094059228897095,1.0,ok,,local,0.73651975,5.435913
q8wts6_sah,dynamicbind_asd,13,0.73427093,0.7347326278686523,0.8710873126983643,1.0,ok,,local,0.73427093,5.698801
q8wts6_sah,dynamicbind_asd,14,0.7340538,0.8251847624778748,0.8687291145324707,1.0,ok,,local,0.7340538,5.6640935
q8wts6_sah,dynamicbind_asd,15,0.7304821,0.7913457751274109,0.8961538672447205,1.0,ok,,local,0.7304821,5.4056416
q8wts6_sah,dynamicbind_asd,16,0.7304821,0.791603147983551,0.8952991366386414,1.0,ok,,local,0.7304821,5.4056363
q8wts6_sah,dynamicbind_asd,17,0.73044556,0.6927253603935242,0.9300699234008789,1.0,ok,,local,0.73044556,5.56131
q8wts6_sah,dynamicbind_asd,18,0.73044527,0.6899617314338684,0.9293859601020813,1.0,ok,,local,0.73044527,5.5613093
q8wts6_sah,dynamicbind_asd,19,0.7301036,0.7048855423927307,0.8586065769195557,1.0,ok,,local,0.7301036,5.7395406
q8wts6_sah,dynamicbind_asd,20,0.72993743,0.7913030982017517,0.8306189179420471,1.0,ok,,local,0.72993743,5.628629
q8wts6_sah,dynamicbind_asd,21,0.7290448,1.2090511322021484,0.8015175461769104,1.0,ok,,local,0.7290448,5.3618703
q8wts6_sah,dynamicbind_asd,22,0.7275204,0.8921859264373779,0.8557363152503967,1.0,ok,,local,0.7275204,5.4601045
q8wts6_sah,dynamicbind_asd,23,0.7275193,0.8925911784172058,0.8557363152503967,1.0,ok,,local,0.7275193,5.4601107
q8wts6_sah,dynamicbind_asd,24,0.7268519,0.7521075010299683,0.8995689749717712,1.0,ok,,local,0.7268519,5.573616
q8wts6_sah,dynamicbind_asd,25,0.7268513,0.7532766461372375,0.8987069129943848,1.0,ok,,local,0.7268513,5.5736203
q8wts6_sah,dynamicbind_asd,26,0.7267146,0.930247962474823,0.8234811425209045,1.0,ok,,local,0.7267146,5.5909114
q8wts6_sah,dynamicbind_asd,27,0.7223776,0.8424096703529358,0.9008695483207703,1.0,ok,,local,0.7223776,5.3916006
q8wts6_sah,dynamicbind_asd,28,0.7223775,0.8432909250259399,0.8985191583633423,1.0,ok,,local,0.7223775,5.391596
q8wts6_sah,dynamicbind_asd,29,0.7216444,1.2320818901062012,0.801342785358429,1.0,ok,,local,0.7216444,5.437628
q8wts6_sah,dynamicbind_asd,30,0.71445507,1.1919742822647095,0.7926421165466309,1.0,ok,,local,0.71445507,5.2864456
q8wts6_sah,dynamicbind_asd,31,0.71445465,1.1956337690353394,0.7946577668190002,1.0,ok,,local,0.71445465,5.2864456
q8wts6_sah,dynamicbind_asd,32,0.71370196,0.8649215698242188,0.8903878331184387,1.0,ok,,local,0.71370196,5.3691754
q8wts6_sah,dynamicbind_asd,33,0.7137015,0.8627420663833618,0.8895938992500305,1.0,ok,,local,0.7137015,5.3691673
q8wts6_sah,dynamicbind_asd,34,0.7127277,0.9178107380867004,0.8798646330833435,1.0,ok,,local,0.7127277,5.6033688
q8wts6_sah,dynamicbind_asd,35,0.7127262,0.9331088662147522,0.872665524482727,1.0,ok,,local,0.7127262,5.603873
q8wts6_sah,dynamicbind_asd,36,0.7093279,1.163761019706726,0.8051839470863342,1.0,ok,,local,0.7093279,5.3518405
q8wts6_sah,dynamicbind_asd,37,0.70932764,1.1649249792099,0.8017383813858032,1.0,ok,,local,0.70932764,5.3518367
q8wts6_sah,dynamicbind_asd,38,0.70799005,1.1265017986297607,0.8054635524749756,1.0,ok,,local,0.70799005,5.3330965
q8wts6_sah,dynamicbind_asd,39,0.70798993,1.1192578077316284,0.8038079738616943,1.0,ok,,local,0.70798993,5.3331046
q8wts6_sam,dynamicbind_asd,0,0.7648575,0.7842956781387329,0.8208534717559814,1.0,ok,,local,0.7648575,5.7068806
q8wts6_sam,dynamicbind_asd,1,0.7620737,0.6643624901771545,0.8774670958518982,1.0,ok,,local,0.7620737,5.613993
q8wts6_sam,dynamicbind_asd,2,0.7609307,0.7556710243225098,0.8694581389427185,1.0,ok,,local,0.7609307,5.737214
q8wts6_sam,dynamicbind_asd,3,0.7607205,0.7830280065536499,0.8537581562995911,1.0,ok,,local,0.7607205,5.821574
q8wts6_sam,dynamicbind_asd,4,0.7602999,0.7285420894622803,0.8620129823684692,1.0,ok,,local,0.7602999,5.656161
q8wts6_sam,dynamicbind_asd,5,0.7600823,0.863542914390564,0.8424878716468811,1.0,ok,,local,0.7600823,5.6945205
q8wts6_sam,dynamicbind_asd,6,0.75958467,0.7019463181495667,0.8729575276374817,1.0,ok,,local,0.75958467,5.6903176
q8wts6_sam,dynamicbind_asd,7,0.7571731,0.7340752482414246,0.8666394948959351,1.0,ok,,local,0.7571731,5.6845303
q8wts6_sam,dynamicbind_asd,8,0.7539716,0.8996264934539795,0.8466283082962036,1.0,ok,,local,0.7539716,5.7939453
q8wts6_sam,dynamicbind_asd,9,0.7473436,0.8186715841293335,0.8350638747215271,1.0,ok,,local,0.7473436,5.48727
q8wts6_sam,dynamicbind_asd,10,0.7435735,0.9282203316688538,0.8398058414459229,1.0,ok,,local,0.7435735,5.604557
q8wts6_sam,dynamicbind_asd,11,0.739286,0.8087980151176453,0.8460291624069214,1.0,ok,,local,0.739286,5.661629
q8wts6_sam,dynamicbind_asd,12,0.7366244,0.7518283724784851,0.8517156839370728,1.0,ok,,local,0.7366244,5.7002296
q8wts6_sam,dynamicbind_asd,13,0.7331528,0.7030434012413025,0.8486088514328003,1.0,ok,,local,0.7331528,5.5986977
q8wts6_sam,dynamicbind_asd,14,0.73310286,0.7032948732376099,0.8581847548484802,1.0,ok,,local,0.73310286,5.53254
q8wts6_sam,dynamicbind_asd,15,0.73198104,0.8565494418144226,0.854234516620636,1.0,ok,,local,0.73198104,5.772589
q8wts6_sam,dynamicbind_asd,16,0.7317173,0.8442227840423584,0.8425324559211731,1.0,ok,,local,0.7317173,5.630208
q8wts6_sam,dynamicbind_asd,17,0.73099744,0.7939053177833557,0.8818259239196777,1.0,ok,,local,0.73099744,5.710546
q8wts6_sam,dynamicbind_asd,18,0.7306762,0.9147871136665344,0.8070032596588135,1.0,ok,,local,0.7306762,5.8073964
q8wts6_sam,dynamicbind_asd,19,0.72942793,0.8488461375236511,0.8509060740470886,1.0,ok,,local,0.72942793,5.629682
q8wts6_sam,dynamicbind_asd,20,0.7265972,0.7684515118598938,0.8916525840759277,1.0,ok,,local,0.7265972,5.8674755
q8wts6_sam,dynamicbind_asd,21,0.721853,0.7725277543067932,0.8919965624809265,1.0,ok,,local,0.721853,5.5699577
q8wts6_sam,dynamicbind_asd,22,0.72162366,0.8552445769309998,0.8764855861663818,1.0,ok,,local,0.72162366,5.635984
q8wts6_sam,dynamicbind_asd,23,0.72148085,0.7598915696144104,0.9172504544258118,1.0,ok,,local,0.72148085,5.5882173
q8wts6_sam,dynamicbind_asd,24,0.720821,0.7505669593811035,0.9027777910232544,1.0,ok,,local,0.720821,5.5786004
q8wts6_sam,dynamicbind_asd,25,0.7161425,0.7586839199066162,0.8950253129005432,1.0,ok,,local,0.7161425,5.551513
q8wts6_sam,dynamicbind_asd,26,0.71218544,0.9450531005859375,0.8490725159645081,1.0,ok,,local,0.71218544,5.794286
q8wts6_sam,dynamicbind_asd,27,0.70987725,0.8079769611358643,0.859375,1.0,ok,,local,0.70987725,5.489136
q8wts6_sam,dynamicbind_asd,28,0.70748216,1.3949161767959595,0.7202660441398621,1.0,ok,,local,0.70748216,5.433972
q8wts6_sam,dynamicbind_asd,29,0.70325845,1.0234922170639038,0.8438511490821838,1.0,ok,,local,0.70325845,5.584023
q8wts6_sfg,dynamicbind_asd,0,0.7779025,,,1.0,ok,,local,0.7779025,5.502165
q8wts6_sfg,dynamicbind_asd,1,0.7768909,,,1.0,ok,,local,0.7768909,5.5100274
q8wts6_sfg,dynamicbind_asd,2,0.77564037,,,1.0,ok,,local,0.77564037,5.570277
q8wts6_sfg,dynamicbind_asd,3,0.77543575,,,1.0,ok,,local,0.77543575,5.448969
q8wts6_sfg,dynamicbind_asd,4,0.7747665,,,1.0,ok,,local,0.7747665,5.492409
q8wts6_sfg,dynamicbind_asd,5,0.7747591,,,1.0,ok,,local,0.7747591,5.5050664
q8wts6_sfg,dynamicbind_asd,6,0.77335215,,,1.0,ok,,local,0.77335215,5.335308
q8wts6_sfg,dynamicbind_asd,7,0.7728518,,,1.0,ok,,local,0.7728518,5.442166
q8wts6_sfg,dynamicbind_asd,8,0.7661351,,,1.0,ok,,local,0.7661351,5.6838527
q8wts6_sfg,dynamicbind_asd,9,0.7610141,,,1.0,ok,,local,0.7610141,5.5641856
q8wts6_sfg,dynamicbind_asd,10,0.7597562,,,1.0,ok,,local,0.7597562,5.43394
q8wts6_sfg,dynamicbind_asd,11,0.75831807,,,1.0,ok,,local,0.75831807,5.458026
q8wts6_sfg,dynamicbind_asd,12,0.7577561,,,1.0,ok,,local,0.7577561,5.4606266
q8wts6_sfg,dynamicbind_asd,13,0.7555491,,,1.0,ok,,local,0.7555491,5.4827423
q8wts6_sfg,dynamicbind_asd,14,0.7548254,,,1.0,ok,,local,0.7548254,5.571397
q8wts6_sfg,dynamicbind_asd,15,0.7543069,,,1.0,ok,,local,0.7543069,5.5917687
q8wts6_sfg,dynamicbind_asd,16,0.7531192,,,1.0,ok,,local,0.7531192,5.4465423
q8wts6_sfg,dynamicbind_asd,17,0.7502552,,,1.0,ok,,local,0.7502552,5.689601
q8wts6_sfg,dynamicbind_asd,18,0.74975765,,,1.0,ok,,local,0.74975765,5.603611
q8wts6_sfg,dynamicbind_asd,19,0.7463214,,,1.0,ok,,local,0.7463214,5.4927154
q8wts6_sfg,dynamicbind_asd,20,0.7416966,,,1.0,ok,,local,0.7416966,5.529741
q8wts6_sfg,dynamicbind_asd,21,0.74163264,,,1.0,ok,,local,0.74163264,5.2993326
q8wts6_sfg,dynamicbind_asd,22,0.73818433,,,1.0,ok,,local,0.73818433,5.4646454
q8wts6_sfg,dynamicbind_asd,23,0.7341116,,,1.0,ok,,local,0.7341116,5.360113
q8wts6_sfg,dynamicbind_asd,24,0.7315478,,,1.0,ok,,local,0.7315478,5.3989754
q8wts6_sfg,dynamicbind_asd,25,0.7314855,,,1.0,ok,,local,0.7314855,5.3788805
q8wts6_sfg,dynamicbind_asd,26,0.73084944,,,1.0,ok,,local,0.73084944,5.3551426
q8wts6_sfg,dynamicbind_asd,27,0.72899103,,,1.0,ok,,local,0.72899103,5.6
q8wts6_sfg,dynamicbind_asd,28,0.7221068,,,1.0,ok,,local,0.7221068,5.2306643
q8wts6_sfg,dynamicbind_asd,29,0.72037536,,,1.0,ok,,local,0.72037536,5.0859947
q96ri1_33y,dynamicbind_asd,0,0.69911146,0.915700376033783,0.8100000023841858,1.0,ok,,local,0.69911146,5.74229
q96ri1_33y,dynamicbind_asd,1,0.6915789,1.0352197885513306,0.7731481194496155,1.0,ok,,local,0.6915789,5.602284
q96ri1_33y,dynamicbind_asd,2,0.6873883,1.3963377475738525,0.7085009813308716,1.0,ok,,local,0.6873883,5.7475114
q96ri1_33y,dynamicbind_asd,3,0.68192494,1.547183632850647,0.6755836606025696,1.0,ok,,local,0.68192494,5.5999637
q96ri1_33y,dynamicbind_asd,4,0.68185616,1.1948305368423462,0.7769633531570435,1.0,ok,,local,0.68185616,5.5698695
q96ri1_33y,dynamicbind_asd,5,0.679678,1.362107276916504,0.7188427448272705,1.0,ok,,local,0.679678,5.666179
q96ri1_33y,dynamicbind_asd,6,0.6796548,1.0068854093551636,0.7965176701545715,1.0,ok,,local,0.6796548,6.113518
q96ri1_33y,dynamicbind_asd,7,0.6756836,1.562369465827942,0.7040174007415771,1.0,ok,,local,0.6756836,6.0446734
q96ri1_33y,dynamicbind_asd,8,0.67002827,1.7168303728103638,0.6702127456665039,1.0,ok,,local,0.67002827,5.4223332
q96ri1_33y,dynamicbind_asd,9,0.66990596,1.2971575260162354,0.7331995964050293,1.0,ok,,local,0.66990596,5.6361327
q96ri1_33y,dynamicbind_asd,10,0.65651447,1.9196223020553589,0.5602294206619263,1.0,ok,,local,0.65651447,5.573403
q96ri1_33y,dynamicbind_asd,11,0.6562064,2.037961721420288,0.570240318775177,0.0,ok,,local,0.6562064,5.1333523
q96ri1_33y,dynamicbind_asd,12,0.65274423,2.1139323711395264,0.5555555820465088,0.0,ok,,local,0.65274423,5.258979
q96ri1_33y,dynamicbind_asd,13,0.65185416,0.9701913595199585,0.648603081703186,1.0,ok,,local,0.65185416,5.411834
q96ri1_33y,dynamicbind_asd,14,0.65104073,1.7209744453430176,0.602729856967926,0.0,ok,,local,0.65104073,5.138562
q96ri1_33y,dynamicbind_asd,15,0.649152,4.778951168060303,0.2719780206680298,0.0,ok,,local,0.649152,5.4197736
q96ri1_33y,dynamicbind_asd,16,0.6451027,1.1966444253921509,0.6465263962745667,1.0,ok,,local,0.6451027,5.4966874
q96ri1_33y,dynamicbind_asd,17,0.64330673,1.3588225841522217,0.6065928936004639,1.0,ok,,local,0.64330673,5.443149
q96ri1_33y,dynamicbind_asd,18,0.6404203,2.1620962619781494,0.5239631533622742,0.0,ok,,local,0.6404203,5.2598467
q96ri1_33y,dynamicbind_asd,19,0.64010614,4.67238187789917,0.2979066073894501,0.0,ok,,local,0.64010614,5.4060063
q96ri1_33y,dynamicbind_asd,20,0.6365022,2.319756031036377,0.5727934241294861,0.0,ok,,local,0.6365022,5.465712
q96ri1_33y,dynamicbind_asd,21,0.63580465,1.8642773628234863,0.5578376054763794,1.0,ok,,local,0.63580465,5.5490594
q96ri1_33y,dynamicbind_asd,22,0.63374406,1.9359831809997559,0.5641923546791077,1.0,ok,,local,0.63374406,5.3921127
q96ri1_33y,dynamicbind_asd,23,0.63115185,1.7106833457946777,0.5577290058135986,1.0,ok,,local,0.63115185,5.358468
q96ri1_33y,dynamicbind_asd,24,0.6293444,1.8326246738433838,0.5545923113822937,1.0,ok,,local,0.6293444,5.372142
q96ri1_33y,dynamicbind_asd,25,0.6199945,3.1475107669830322,0.4151861369609833,1.0,ok,,local,0.6199945,5.5417223
q96ri1_33y,dynamicbind_asd,26,0.61906856,2.5043275356292725,0.5508667826652527,0.0,ok,,local,0.61906856,5.2367487
q96ri1_33y,dynamicbind_asd,27,0.6175727,2.030425786972046,0.554635763168335,1.0,ok,,local,0.6175727,5.421316
q96ri1_33y,dynamicbind_asd,28,0.6005589,7.102837562561035,0.24037690460681915,0.0,ok,,local,0.6005589,5.50422
q96ri1_33y,dynamicbind_asd,29,0.55552226,8.30045223236084,0.1524796485900879,0.0,ok,,local,0.55552226,5.4309554
q96ri1_635,dynamicbind_asd,0,0.6177834,,,1.0,ok,,local,0.6177834,5.974733
q96ri1_635,dynamicbind_asd,1,0.61641955,,,1.0,ok,,local,0.61641955,6.1461883
q96ri1_635,dynamicbind_asd,2,0.6154333,,,1.0,ok,,local,0.6154333,6.007219
q96ri1_635,dynamicbind_asd,3,0.6065662,,,1.0,ok,,local,0.6065662,6.019886
q96ri1_635,dynamicbind_asd,4,0.6061091,,,1.0,ok,,local,0.6061091,6.146318
q96ri1_635,dynamicbind_asd,5,0.59768337,,,1.0,ok,,local,0.59768337,5.9954286
q96ri1_635,dynamicbind_asd,6,0.59462357,,,1.0,ok,,local,0.59462357,6.138637
q96ri1_635,dynamicbind_asd,7,0.5926387,,,1.0,ok,,local,0.5926387,5.807238
q96ri1_635,dynamicbind_asd,8,0.59243673,,,1.0,ok,,local,0.59243673,6.184594
q96ri1_635,dynamicbind_asd,9,0.59073514,,,1.0,ok,,local,0.59073514,5.758865
q96ri1_635,dynamicbind_asd,10,0.5891555,,,0.0,ok,,local,0.5891555,6.056638
q96ri1_635,dynamicbind_asd,11,0.5838565,,,1.0,ok,,local,0.5838565,5.3838086
q96ri1_635,dynamicbind_asd,12,0.58353174,,,1.0,ok,,local,0.58353174,5.870993
q96ri1_635,dynamicbind_asd,13,0.5774001,,,1.0,ok,,local,0.5774001,6.484113
q96ri1_635,dynamicbind_asd,14,0.57550514,,,1.0,ok,,local,0.57550514,6.3540306
q96ri1_635,dynamicbind_asd,15,0.56320167,,,1.0,ok,,local,0.56320167,6.0640297
q96ri1_635,dynamicbind_asd,16,0.56225985,,,1.0,ok,,local,0.56225985,6.0095186
q96ri1_635,dynamicbind_asd,17,0.56165546,,,0.0,ok,,local,0.56165546,5.8792315
q96ri1_635,dynamicbind_asd,18,0.5614245,,,1.0,ok,,local,0.5614245,5.803568
q96ri1_635,dynamicbind_asd,19,0.56022584,,,1.0,ok,,local,0.56022584,6.556047
q96ri1_635,dynamicbind_asd,20,0.547948,,,0.0,ok,,local,0.547948,5.7740254
q96ri1_635,dynamicbind_asd,21,0.5435706,,,0.0,ok,,local,0.5435706,5.933793
q96ri1_635,dynamicbind_asd,22,0.52944535,,,1.0,ok,,local,0.52944535,4.7177234
q96ri1_635,dynamicbind_asd,23,0.52553785,,,1.0,ok,,local,0.52553785,6.011104
q96ri1_635,dynamicbind_asd,24,0.52395767,,,0.0,ok,,local,0.52395767,5.7051
q96ri1_635,dynamicbind_asd,25,0.5001915,,,0.0,ok,,local,0.5001915,5.7814107
q96ri1_635,dynamicbind_asd,26,0.49520838,,,0.0,ok,,local,0.49520838,6.2987494
q96ri1_635,dynamicbind_asd,27,0.44893974,,,0.0,ok,,local,0.44893974,5.9985485
q96ri1_635,dynamicbind_asd,28,0.3857232,,,0.0,ok,,local,0.3857232,6.1720114
q96ri1_635,dynamicbind_asd,29,0.3167641,,,0.0,ok,,local,0.3167641,5.900131
q96ri1_xx9,dynamicbind_asd,0,0.64217925,,,0.0,ok,,local,0.64217925,5.248157
q96ri1_xx9,dynamicbind_asd,1,0.61841786,,,1.0,ok,,local,0.61841786,5.551793
q96ri1_xx9,dynamicbind_asd,2,0.61218524,,,1.0,ok,,local,0.61218524,5.3818154
q96ri1_xx9,dynamicbind_asd,3,0.6052086,,,1.0,ok,,local,0.6052086,5.5335355
q96ri1_xx9,dynamicbind_asd,4,0.5987101,,,1.0,ok,,local,0.5987101,5.4722724
q96ri1_xx9,dynamicbind_asd,5,0.59617144,,,1.0,ok,,local,0.59617144,5.3584857
q96ri1_xx9,dynamicbind_asd,6,0.5954207,,,0.0,ok,,local,0.5954207,5.325071
q96ri1_xx9,dynamicbind_asd,7,0.5943615,,,1.0,ok,,local,0.5943615,5.327224
q96ri1_xx9,dynamicbind_asd,8,0.5932782,,,0.0,ok,,local,0.5932782,5.381975
q96ri1_xx9,dynamicbind_asd,9,0.5897292,,,1.0,ok,,local,0.5897292,5.4743648
q96ri1_xx9,dynamicbind_asd,10,0.5876575,,,1.0,ok,,local,0.5876575,5.4098473
q96ri1_xx9,dynamicbind_asd,11,0.58640903,,,1.0,ok,,local,0.58640903,5.2232866
q96ri1_xx9,dynamicbind_asd,12,0.5855906,,,1.0,ok,,local,0.5855906,5.2879057
q96ri1_xx9,dynamicbind_asd,13,0.58344436,,,1.0,ok,,local,0.58344436,5.400967
q96ri1_xx9,dynamicbind_asd,14,0.58339316,,,1.0,ok,,local,0.58339316,5.463698
q96ri1_xx9,dynamicbind_asd,15,0.5813703,,,1.0,ok,,local,0.5813703,5.25072
q96ri1_xx9,dynamicbind_asd,16,0.58124477,,,1.0,ok,,local,0.58124477,5.362971
q96ri1_xx9,dynamicbind_asd,17,0.5754808,,,0.0,ok,,local,0.5754808,5.5085716
q96ri1_xx9,dynamicbind_asd,18,0.56864464,,,1.0,ok,,local,0.56864464,5.0617156
q96ri1_xx9,dynamicbind_asd,19,0.5680255,,,0.0,ok,,local,0.5680255,5.595363
q96ri1_xx9,dynamicbind_asd,20,0.5667015,,,1.0,ok,,local,0.5667015,5.423575
q96ri1_xx9,dynamicbind_asd,21,0.5650384,,,0.0,ok,,local,0.5650384,5.660072
q96ri1_xx9,dynamicbind_asd,22,0.56178856,,,1.0,ok,,local,0.56178856,5.4249525
q96ri1_xx9,dynamicbind_asd,23,0.56124836,,,0.0,ok,,local,0.56124836,5.3917017
q96ri1_xx9,dynamicbind_asd,24,0.55941695,,,1.0,ok,,local,0.55941695,5.423869
q96ri1_xx9,dynamicbind_asd,25,0.54979974,,,0.0,ok,,local,0.54979974,5.578044
q96ri1_xx9,dynamicbind_asd,26,0.5482209,,,1.0,ok,,local,0.5482209,5.4330125
q96ri1_xx9,dynamicbind_asd,27,0.5450044,,,1.0,ok,,local,0.5450044,5.2894053
q96ri1_xx9,dynamicbind_asd,28,0.5240516,,,0.0,ok,,local,0.5240516,5.2707973
q96ri1_xx9,dynamicbind_asd,29,0.49651736,,,0.0,ok,,local,0.49651736,5.0319524
q96sb4_3ul,dynamicbind_asd,0,0.65691245,1.2500439882278442,0.7813765406608582,1.0,ok,,local,0.65691245,6.2531223
q96sb4_3ul,dynamicbind_asd,1,0.64108336,7.698817729949951,0.27542373538017273,1.0,ok,,local,0.64108336,6.2113824
q96sb4_3ul,dynamicbind_asd,2,0.6233461,7.374800682067871,0.2862575948238373,1.0,ok,,local,0.6233461,6.4013605
q96sb4_3ul,dynamicbind_asd,3,0.6162247,7.188933372497559,0.34497690200805664,1.0,ok,,local,0.6162247,6.526257
q96sb4_3ul,dynamicbind_asd,4,0.61585337,7.233211517333984,0.30907171964645386,1.0,ok,,local,0.61585337,6.2208986
q96sb4_3ul,dynamicbind_asd,5,0.6067868,7.674692630767822,0.26936274766921997,1.0,ok,,local,0.6067868,6.374109
q96sb4_3ul,dynamicbind_asd,6,0.60515875,6.835981845855713,0.2915392518043518,1.0,ok,,local,0.60515875,6.3874717
q96sb4_3ul,dynamicbind_asd,7,0.6041701,7.84445333480835,0.2827657461166382,1.0,ok,,local,0.6041701,6.5351644
q96sb4_3ul,dynamicbind_asd,8,0.6025011,7.284753322601318,0.3220430016517639,1.0,ok,,local,0.6025011,6.4145255
q96sb4_3ul,dynamicbind_asd,9,0.60206884,1.7004175186157227,0.7527434825897217,1.0,ok,,local,0.60206884,6.6745863
q96sb4_3ul,dynamicbind_asd,10,0.6014829,6.951385498046875,0.28737112879753113,1.0,ok,,local,0.6014829,6.2634454
q96sb4_3ul,dynamicbind_asd,11,0.59970766,7.615076541900635,0.2960455119609833,1.0,ok,,local,0.59970766,6.3358617
q96sb4_3ul,dynamicbind_asd,12,0.5984906,6.674155235290527,0.2920103073120117,1.0,ok,,local,0.5984906,6.5420866
q96sb4_3ul,dynamicbind_asd,13,0.5981266,7.3864006996154785,0.3200325667858124,1.0,ok,,local,0.5981266,6.3487988
q96sb4_3ul,dynamicbind_asd,14,0.596426,6.921376705169678,0.2863776981830597,1.0,ok,,local,0.596426,6.873084
q96sb4_3ul,dynamicbind_asd,15,0.5962996,6.777445316314697,0.2893034815788269,1.0,ok,,local,0.5962996,6.477181
q96sb4_3ul,dynamicbind_asd,16,0.59566414,6.4329657554626465,0.31042295694351196,1.0,ok,,local,0.59566414,6.454224
q96sb4_3ul,dynamicbind_asd,17,0.59538364,7.705498218536377,0.28329968452453613,1.0,ok,,local,0.59538364,6.384202
q96sb4_3ul,dynamicbind_asd,18,0.5915626,7.473245620727539,0.31401097774505615,1.0,ok,,local,0.5915626,6.38214
q96sb4_3ul,dynamicbind_asd,19,0.5894224,7.237459182739258,0.3205849230289459,1.0,ok,,local,0.5894224,6.4608164
q96sb4_3ul,dynamicbind_asd,20,0.5890866,7.220909118652344,0.30608972907066345,1.0,ok,,local,0.5890866,6.535519
q96sb4_3ul,dynamicbind_asd,21,0.58879906,7.35250997543335,0.3025210201740265,1.0,ok,,local,0.58879906,6.612926
q96sb4_3ul,dynamicbind_asd,22,0.58759844,7.923528671264648,0.27512314915657043,1.0,ok,,local,0.58759844,6.5147605
q96sb4_3ul,dynamicbind_asd,23,0.5861313,6.317755222320557,0.3158974349498749,1.0,ok,,local,0.5861313,6.584906
q96sb4_3ul,dynamicbind_asd,24,0.585401,7.2460222244262695,0.27930861711502075,1.0,ok,,local,0.585401,6.4564657
q96sb4_3ul,dynamicbind_asd,25,0.5848595,7.977471828460693,0.27800408005714417,1.0,ok,,local,0.5848595,6.518136
q96sb4_3ul,dynamicbind_asd,26,0.5765694,6.282844066619873,0.32794272899627686,1.0,ok,,local,0.5765694,6.5396066
q96sb4_3ul,dynamicbind_asd,27,0.57120264,6.445911407470703,0.3140147626399994,1.0,ok,,local,0.57120264,6.538432
q96sb4_emh,dynamicbind_asd,0,0.6575056,,,1.0,ok,,local,0.6575056,7.830495
q96sb4_emh,dynamicbind_asd,1,0.6555642,,,1.0,ok,,local,0.6555642,7.7604556
q96sb4_emh,dynamicbind_asd,2,0.6548914,,,1.0,ok,,local,0.6548914,7.8685837
q96sb4_emh,dynamicbind_asd,3,0.6548841,,,1.0,ok,,local,0.6548841,7.816635
q96sb4_emh,dynamicbind_asd,4,0.6536639,,,1.0,ok,,local,0.6536639,7.7525167
q96sb4_emh,dynamicbind_asd,5,0.65276486,,,1.0,ok,,local,0.65276486,7.837394
q96sb4_emh,dynamicbind_asd,6,0.65270966,,,1.0,ok,,local,0.65270966,7.8095403
q96sb4_emh,dynamicbind_asd,7,0.65150094,,,1.0,ok,,local,0.65150094,7.838467
q96sb4_emh,dynamicbind_asd,8,0.65128225,,,1.0,ok,,local,0.65128225,7.816307
q96sb4_emh,dynamicbind_asd,9,0.6509468,,,1.0,ok,,local,0.6509468,7.791444
q96sb4_emh,dynamicbind_asd,10,0.6509388,,,1.0,ok,,local,0.6509388,7.779599
q96sb4_emh,dynamicbind_asd,11,0.65084326,,,1.0,ok,,local,0.65084326,7.748839
q96sb4_emh,dynamicbind_asd,12,0.65037465,,,1.0,ok,,local,0.65037465,7.8127403
q96sb4_emh,dynamicbind_asd,13,0.65015316,,,1.0,ok,,local,0.65015316,7.9351873
q96sb4_emh,dynamicbind_asd,14,0.6500001,,,1.0,ok,,local,0.6500001,7.9780507
q96sb4_emh,dynamicbind_asd,15,0.6484508,,,1.0,ok,,local,0.6484508,7.9133444
q96sb4_emh,dynamicbind_asd,16,0.64819664,,,1.0,ok,,local,0.64819664,7.879175
q96sb4_emh,dynamicbind_asd,17,0.6474664,,,1.0,ok,,local,0.6474664,7.7695494
q96sb4_emh,dynamicbind_asd,18,0.6464396,,,1.0,ok,,local,0.6464396,7.877947
q96sb4_emh,dynamicbind_asd,19,0.64488375,,,1.0,ok,,local,0.64488375,7.9094095
q96sb4_emh,dynamicbind_asd,20,0.6442009,,,1.0,ok,,local,0.6442009,7.796485
q96sb4_emh,dynamicbind_asd,21,0.64415574,,,1.0,ok,,local,0.64415574,7.778049
q96sb4_emh,dynamicbind_asd,22,0.64324874,,,1.0,ok,,local,0.64324874,7.914255
q96sb4_emh,dynamicbind_asd,23,0.64252263,,,1.0,ok,,local,0.64252263,8.049374
q96sb4_emh,dynamicbind_asd,24,0.64225185,,,1.0,ok,,local,0.64225185,7.9881997
q96sb4_emh,dynamicbind_asd,25,0.6420113,,,1.0,ok,,local,0.6420113,7.913297
q96sb4_emh,dynamicbind_asd,26,0.6413963,,,1.0,ok,,local,0.6413963,7.868928
q96sb4_emh,dynamicbind_asd,27,0.6386963,,,1.0,ok,,local,0.6386963,8.060796
q96sb4_emh,dynamicbind_asd,28,0.63759923,,,1.0,ok,,local,0.63759923,8.074113
q96sb4_emh,dynamicbind_asd,29,0.63697344,,,1.0,ok,,local,0.63697344,7.96302
q96sb4_ixq,dynamicbind_asd,0,0.677237,,,1.0,ok,,local,0.677237,7.4118586
q96sb4_ixq,dynamicbind_asd,1,0.6740929,,,1.0,ok,,local,0.6740929,7.142138
q96sb4_ixq,dynamicbind_asd,2,0.670169,,,1.0,ok,,local,0.670169,7.4803715
q96sb4_ixq,dynamicbind_asd,3,0.66839325,,,1.0,ok,,local,0.66839325,7.339872
q96sb4_ixq,dynamicbind_asd,4,0.6639322,,,1.0,ok,,local,0.6639322,7.1371584
q96sb4_ixq,dynamicbind_asd,5,0.65671563,,,1.0,ok,,local,0.65671563,7.6738515
q96sb4_ixq,dynamicbind_asd,6,0.6477055,,,1.0,ok,,local,0.6477055,7.4711204
q96sb4_ixq,dynamicbind_asd,7,0.64264077,,,1.0,ok,,local,0.64264077,7.0768905
q96sb4_ixq,dynamicbind_asd,8,0.63985354,,,1.0,ok,,local,0.63985354,7.1437407
q96sb4_ixq,dynamicbind_asd,9,0.6397054,,,1.0,ok,,local,0.6397054,7.4515443
q96sb4_ixq,dynamicbind_asd,10,0.63920015,,,1.0,ok,,local,0.63920015,7.3095913
q96sb4_ixq,dynamicbind_asd,11,0.6385353,,,1.0,ok,,local,0.6385353,7.4368906
q96sb4_ixq,dynamicbind_asd,12,0.63701063,,,1.0,ok,,local,0.63701063,7.4684343
q96sb4_ixq,dynamicbind_asd,13,0.63695514,,,1.0,ok,,local,0.63695514,7.2104697
q96sb4_ixq,dynamicbind_asd,14,0.6340289,,,1.0,ok,,local,0.6340289,6.994447
q96sb4_ixq,dynamicbind_asd,15,0.6333195,,,1.0,ok,,local,0.6333195,7.3408933
q96sb4_ixq,dynamicbind_asd,16,0.6331862,,,1.0,ok,,local,0.6331862,7.882874
q96sb4_ixq,dynamicbind_asd,17,0.6301994,,,1.0,ok,,local,0.6301994,7.7223907
q96sb4_ixq,dynamicbind_asd,18,0.62688446,,,1.0,ok,,local,0.62688446,7.784547
q96sb4_ixq,dynamicbind_asd,19,0.6245417,,,1.0,ok,,local,0.6245417,7.251637
q96sb4_ixq,dynamicbind_asd,20,0.6213178,,,1.0,ok,,local,0.6213178,7.6201415
q96sb4_ixq,dynamicbind_asd,21,0.6185922,,,1.0,ok,,local,0.6185922,7.3699203
q96sb4_ixq,dynamicbind_asd,22,0.61810696,,,1.0,ok,,local,0.61810696,7.2696595
q96sb4_ixq,dynamicbind_asd,23,0.60339093,,,1.0,ok,,local,0.60339093,7.77707
q96sb4_ixq,dynamicbind_asd,24,0.5981656,,,1.0,ok,,local,0.5981656,7.2906027
q96sb4_ixq,dynamicbind_asd,25,0.59650797,,,1.0,ok,,local,0.59650797,7.4521194
q96sb4_ixq,dynamicbind_asd,26,0.5962672,,,1.0,ok,,local,0.5962672,7.81253
q96sb4_ixq,dynamicbind_asd,27,0.59592724,,,1.0,ok,,local,0.59592724,8.036771
q96sb4_ixq,dynamicbind_asd,28,0.59340304,,,1.0,ok,,local,0.59340304,8.3554125
q96sb4_ixq,dynamicbind_asd,29,0.5350004,,,1.0,ok,,local,0.5350004,7.5603147
q980a5_5gp,dynamicbind_asd,0,0.7661554,,,1.0,ok,,local,0.7661554,5.6265426
q980a5_5gp,dynamicbind_asd,1,0.7609236,,,1.0,ok,,local,0.7609236,5.7148185
q980a5_5gp,dynamicbind_asd,2,0.75639963,,,1.0,ok,,local,0.75639963,5.787235
q980a5_5gp,dynamicbind_asd,3,0.7561962,,,1.0,ok,,local,0.7561962,5.843842
q980a5_5gp,dynamicbind_asd,4,0.7538208,,,1.0,ok,,local,0.7538208,5.8479624
q980a5_5gp,dynamicbind_asd,5,0.75177306,,,1.0,ok,,local,0.75177306,5.7379026
q980a5_5gp,dynamicbind_asd,6,0.7446162,,,1.0,ok,,local,0.7446162,5.901548
q980a5_5gp,dynamicbind_asd,7,0.74328846,,,1.0,ok,,local,0.74328846,5.831874
q980a5_5gp,dynamicbind_asd,8,0.7429828,,,1.0,ok,,local,0.7429828,5.685133
q980a5_5gp,dynamicbind_asd,9,0.74117774,,,1.0,ok,,local,0.74117774,5.817238
q980a5_5gp,dynamicbind_asd,10,0.73913014,,,1.0,ok,,local,0.73913014,5.9001484
q980a5_5gp,dynamicbind_asd,11,0.7385534,,,1.0,ok,,local,0.7385534,5.8220124
q980a5_5gp,dynamicbind_asd,12,0.7347169,,,1.0,ok,,local,0.7347169,6.0480084
q980a5_5gp,dynamicbind_asd,13,0.7288245,,,1.0,ok,,local,0.7288245,5.859184
q980a5_5gp,dynamicbind_asd,14,0.72530633,,,0.0,ok,,local,0.72530633,5.857959
q980a5_5gp,dynamicbind_asd,15,0.72347313,,,0.0,ok,,local,0.72347313,5.9440413
q980a5_5gp,dynamicbind_asd,16,0.7175481,,,0.0,ok,,local,0.7175481,5.9398932
q980a5_5gp,dynamicbind_asd,17,0.71727765,,,0.0,ok,,local,0.71727765,5.833905
q980a5_5gp,dynamicbind_asd,18,0.6934425,,,0.0,ok,,local,0.6934425,5.7732363
q980a5_5gp,dynamicbind_asd,19,0.68389195,,,0.0,ok,,local,0.68389195,5.8000903
q980a5_5gp,dynamicbind_asd,20,0.61674184,,,1.0,ok,,local,0.61674184,3.897195
q980a5_5gp,dynamicbind_asd,21,0.6130153,,,1.0,ok,,local,0.6130153,3.6753948
q980a5_5gp,dynamicbind_asd,22,0.60363907,,,1.0,ok,,local,0.60363907,3.638682
q980a5_5gp,dynamicbind_asd,23,0.60075206,,,1.0,ok,,local,0.60075206,3.463869
q980a5_5gp,dynamicbind_asd,24,0.597344,,,1.0,ok,,local,0.597344,3.765317
q980a5_5gp,dynamicbind_asd,25,0.5956991,,,1.0,ok,,local,0.5956991,3.447082
q980a5_5gp,dynamicbind_asd,26,0.50329065,,,0.0,ok,,local,0.50329065,2.7046838
q980a5_5gp,dynamicbind_asd,27,0.41692886,,,0.0,ok,,local,0.41692886,3.60141
q980a5_5gp,dynamicbind_asd,28,0.41117772,,,0.0,ok,,local,0.41117772,3.4332902
q980a5_5gp,dynamicbind_asd,29,0.34578738,,,0.0,ok,,local,0.34578738,2.7643962
q980a5_gcp,dynamicbind_asd,0,0.73699164,28.14303970336914,0.0013717421097680926,1.0,ok,,local,0.73699164,6.1507177
q980a5_gcp,dynamicbind_asd,1,0.7319884,27.23496437072754,0.0,1.0,ok,,local,0.7319884,5.916431
q980a5_gcp,dynamicbind_asd,2,0.73198825,27.23805046081543,0.0,1.0,ok,,local,0.73198825,5.9164343
q980a5_gcp,dynamicbind_asd,3,0.7316429,27.951515197753906,0.0015264586545526981,1.0,ok,,local,0.7316429,6.079801
q980a5_gcp,dynamicbind_asd,4,0.72995126,27.99279022216797,0.0013550135772675276,1.0,ok,,local,0.72995126,6.3105383
q980a5_gcp,dynamicbind_asd,5,0.7292041,27.486181259155273,0.0,1.0,ok,,local,0.7292041,5.9170566
q980a5_gcp,dynamicbind_asd,6,0.7292041,27.481224060058594,0.0,1.0,ok,,local,0.7292041,5.9170566
q980a5_gcp,dynamicbind_asd,7,0.7284756,27.811321258544922,0.0018543492769822478,1.0,ok,,local,0.7284756,6.1863375
q980a5_gcp,dynamicbind_asd,8,0.7270954,27.494295120239258,0.0,1.0,ok,,local,0.7270954,6.048765
q980a5_gcp,dynamicbind_asd,9,0.7270952,27.4941349029541,0.0,1.0,ok,,local,0.7270952,6.048764
q980a5_gcp,dynamicbind_asd,10,0.7264061,27.80585289001465,0.001007387530989945,1.0,ok,,local,0.7264061,6.050841
q980a5_gcp,dynamicbind_asd,11,0.7237514,27.624359130859375,0.0,1.0,ok,,local,0.7237514,5.8658147
q980a5_gcp,dynamicbind_asd,12,0.7237508,27.639846801757812,0.0,1.0,ok,,local,0.7237508,5.865826
q980a5_gcp,dynamicbind_asd,13,0.7217588,27.822227478027344,0.001211911323480308,1.0,ok,,local,0.7217588,6.240824
q980a5_gcp,dynamicbind_asd,14,0.7215391,27.308616638183594,0.0,1.0,ok,,local,0.7215391,5.8638244
q980a5_gcp,dynamicbind_asd,15,0.7215386,27.30556297302246,0.0,1.0,ok,,local,0.7215386,5.8638315
q980a5_gcp,dynamicbind_asd,16,0.72134507,27.986425399780273,0.0013333333190530539,1.0,ok,,local,0.72134507,5.9543147
q980a5_gcp,dynamicbind_asd,17,0.72124076,27.467483520507812,0.0,1.0,ok,,local,0.72124076,5.86846
q980a5_gcp,dynamicbind_asd,18,0.7212402,27.46807098388672,0.0,1.0,ok,,local,0.7212402,5.8684616
q980a5_gcp,dynamicbind_asd,19,0.72112113,27.657766342163086,0.0015243901871144772,1.0,ok,,local,0.72112113,6.2522597
q980a5_gcp,dynamicbind_asd,20,0.72093695,27.341381072998047,0.0,1.0,ok,,local,0.72093695,6.063973
q980a5_gcp,dynamicbind_asd,21,0.7209367,27.341262817382812,0.0,1.0,ok,,local,0.7209367,6.0639815
q980a5_gcp,dynamicbind_asd,22,0.7203392,27.693391799926758,0.0011674449779093266,1.0,ok,,local,0.7203392,6.096996
q980a5_gcp,dynamicbind_asd,23,0.7164151,27.94745445251465,0.0016949152341112494,1.0,ok,,local,0.7164151,6.144861
q980a5_gcp,dynamicbind_asd,24,0.7163579,27.374786376953125,0.0,1.0,ok,,local,0.7163579,6.148981
q980a5_gcp,dynamicbind_asd,25,0.71635765,27.391250610351562,0.0,1.0,ok,,local,0.71635765,6.148983
q980a5_gcp,dynamicbind_asd,26,0.7020333,28.209043502807617,0.00016666666488163173,0.0,ok,,local,0.7020333,6.195405
q980a5_gcp,dynamicbind_asd,27,0.69783294,28.304733276367188,0.00016382700414396822,0.0,ok,,local,0.69783294,6.2391367
q980a5_gcp,dynamicbind_asd,28,0.6976837,27.806764602661133,0.0006613756413571537,0.0,ok,,local,0.6976837,6.2421856
q980a5_gcp,dynamicbind_asd,29,0.69404566,28.01121711730957,0.0001707650226308033,0.0,ok,,local,0.69404566,6.3281336
q980a5_gcp,dynamicbind_asd,30,0.69362295,27.790407180786133,0.0005050505278632045,0.0,ok,,local,0.69362295,6.147288
q980a5_gcp,dynamicbind_asd,31,0.6861743,27.79610252380371,0.0005168849020265043,0.0,ok,,local,0.6861743,5.958849
q980a5_gcp,dynamicbind_asd,32,0.67282647,27.284870147705078,0.0,0.0,ok,,local,0.67282647,5.872591
q980a5_gcp,dynamicbind_asd,33,0.66929877,27.268451690673828,0.0006825938471592963,0.0,ok,,local,0.66929877,6.119708
q980a5_gcp,dynamicbind_asd,34,0.6691794,26.82439613342285,0.0,0.0,ok,,local,0.6691794,5.763988
q980a5_gcp,dynamicbind_asd,35,0.549539,2.635756015777588,0.40892094373703003,1.0,ok,,local,0.549539,4.438849
q980a5_gcp,dynamicbind_asd,36,0.54887974,2.635568857192993,0.4024973511695862,1.0,ok,,local,0.54887974,4.445265
q980a5_gcp,dynamicbind_asd,37,0.49060503,,,1.0,ok,,local,0.49060503,4.343565
q980a5_gcp,dynamicbind_asd,38,0.49060467,,,1.0,ok,,local,0.49060467,4.3435655
q980a5_gcp,dynamicbind_asd,39,0.3297146,19.471912384033203,0.030343007296323776,0.0,ok,,local,0.3297146,3.4458995
q99816_4n1,dynamicbind_asd,0,0.61523944,,,1.0,ok,,local,0.61523944,5.7101297
q99816_4n1,dynamicbind_asd,1,0.6089647,,,1.0,ok,,local,0.6089647,5.7550993
q99816_4n1,dynamicbind_asd,2,0.5985402,,,1.0,ok,,local,0.5985402,6.0850554
q99816_4n1,dynamicbind_asd,3,0.58966756,,,1.0,ok,,local,0.58966756,5.4332333
q99816_4n1,dynamicbind_asd,4,0.58446217,,,1.0,ok,,local,0.58446217,5.314962
q99816_4n1,dynamicbind_asd,5,0.5815396,,,1.0,ok,,local,0.5815396,5.929884
q99816_4n1,dynamicbind_asd,6,0.58120406,,,1.0,ok,,local,0.58120406,5.880441
q99816_4n1,dynamicbind_asd,7,0.563186,,,1.0,ok,,local,0.563186,5.7304378
q99816_4n1,dynamicbind_asd,8,0.55300516,,,1.0,ok,,local,0.55300516,5.2970576
q99816_4n1,dynamicbind_asd,9,0.55120146,,,1.0,ok,,local,0.55120146,6.0041757
q9brq0_94w,dynamicbind_asd,0,0.5770413,16.614971160888672,0.008823529817163944,1.0,ok,,local,0.5770413,2.8683958
q9brq0_94w,dynamicbind_asd,1,0.569058,16.50985336303711,0.00046641789958812296,1.0,ok,,local,0.569058,2.594413
q9brq0_94w,dynamicbind_asd,2,0.56359845,16.747432708740234,0.0029411765281111,1.0,ok,,local,0.56359845,2.4380884
q9brq0_94w,dynamicbind_asd,3,0.550379,15.396790504455566,0.0028548124246299267,1.0,ok,,local,0.550379,2.8145416
q9brq0_94w,dynamicbind_asd,4,0.54886913,17.35944938659668,0.001482213381677866,1.0,ok,,local,0.54886913,2.6304457
q9brq0_94w,dynamicbind_asd,5,0.5442085,16.691736221313477,0.0,1.0,ok,,local,0.5442085,2.649939
q9brq0_94w,dynamicbind_asd,6,0.5415878,15.98416805267334,0.004370629321783781,1.0,ok,,local,0.5415878,2.7972798
q9brq0_94w,dynamicbind_asd,7,0.53619415,8.776956558227539,0.14651493728160858,1.0,ok,,local,0.53619415,3.0200553
q9brq0_94w,dynamicbind_asd,8,0.53486943,5.2808837890625,0.43493151664733887,1.0,ok,,local,0.53486943,2.3941646
q9brq0_94w,dynamicbind_asd,9,0.5265865,17.35723876953125,0.0,1.0,ok,,local,0.5265865,2.9006665
q9gzt9_014,dynamicbind_asd,0,0.745889,,,1.0,ok,,local,0.745889,6.09385
q9gzt9_014,dynamicbind_asd,1,0.7453185,,,1.0,ok,,local,0.7453185,6.0551214
q9gzt9_014,dynamicbind_asd,2,0.7449543,,,1.0,ok,,local,0.7449543,5.995609
q9gzt9_014,dynamicbind_asd,3,0.74395907,,,1.0,ok,,local,0.74395907,6.1007657
q9gzt9_014,dynamicbind_asd,4,0.743856,,,1.0,ok,,local,0.743856,5.980963
q9gzt9_014,dynamicbind_asd,5,0.7428343,,,1.0,ok,,local,0.7428343,6.220682
q9gzt9_014,dynamicbind_asd,6,0.742759,,,1.0,ok,,local,0.742759,6.2069135
q9gzt9_014,dynamicbind_asd,7,0.73488075,,,1.0,ok,,local,0.73488075,6.1119523
q9gzt9_014,dynamicbind_asd,8,0.7314341,,,1.0,ok,,local,0.7314341,6.3014827
q9gzt9_014,dynamicbind_asd,9,0.7254842,,,1.0,ok,,local,0.7254842,6.307809
q9gzt9_014,dynamicbind_asd,10,0.70412874,,,1.0,ok,,local,0.70412874,6.010118
q9gzt9_014,dynamicbind_asd,11,0.70264614,,,1.0,ok,,local,0.70264614,5.9815903
q9gzt9_014,dynamicbind_asd,12,0.6995403,,,1.0,ok,,local,0.6995403,6.0454926
q9gzt9_014,dynamicbind_asd,13,0.69812834,,,1.0,ok,,local,0.69812834,6.0092363
q9gzt9_014,dynamicbind_asd,14,0.6968184,,,1.0,ok,,local,0.6968184,6.066009
q9gzt9_014,dynamicbind_asd,15,0.6959907,,,1.0,ok,,local,0.6959907,6.070047
q9gzt9_014,dynamicbind_asd,16,0.694114,,,1.0,ok,,local,0.694114,6.0549374
q9gzt9_014,dynamicbind_asd,17,0.6910567,,,1.0,ok,,local,0.6910567,5.7942166
q9gzt9_014,dynamicbind_asd,18,0.6866382,,,1.0,ok,,local,0.6866382,5.8717933
q9gzt9_014,dynamicbind_asd,19,0.68585944,,,1.0,ok,,local,0.68585944,6.030259
q9gzt9_014,dynamicbind_asd,20,0.68347704,,,1.0,ok,,local,0.68347704,5.927679
q9gzt9_014,dynamicbind_asd,21,0.6816656,,,1.0,ok,,local,0.6816656,5.9097676
q9gzt9_014,dynamicbind_asd,22,0.68092245,,,1.0,ok,,local,0.68092245,5.8671503
q9gzt9_014,dynamicbind_asd,23,0.6807154,,,1.0,ok,,local,0.6807154,5.8441668
q9gzt9_014,dynamicbind_asd,24,0.679528,,,1.0,ok,,local,0.679528,6.088434
q9gzt9_014,dynamicbind_asd,25,0.67939526,,,1.0,ok,,local,0.67939526,5.8471813
q9gzt9_014,dynamicbind_asd,26,0.6775014,,,1.0,ok,,local,0.6775014,5.9320292
q9gzt9_014,dynamicbind_asd,27,0.6760218,,,1.0,ok,,local,0.6760218,6.2022886
q9gzt9_014,dynamicbind_asd,28,0.6695368,,,1.0,ok,,local,0.6695368,5.933028
q9gzt9_42z,dynamicbind_asd,0,0.76971555,,,1.0,ok,,local,0.76971555,5.8784637
q9gzt9_42z,dynamicbind_asd,1,0.7551636,,,1.0,ok,,local,0.7551636,6.1343346
q9gzt9_42z,dynamicbind_asd,2,0.7523589,,,1.0,ok,,local,0.7523589,6.083758
q9gzt9_42z,dynamicbind_asd,3,0.75006497,,,1.0,ok,,local,0.75006497,5.9999433
q9gzt9_42z,dynamicbind_asd,4,0.7463703,,,1.0,ok,,local,0.7463703,6.1092362
q9gzt9_42z,dynamicbind_asd,5,0.7462221,,,1.0,ok,,local,0.7462221,6.1610637
q9gzt9_42z,dynamicbind_asd,6,0.74356925,,,1.0,ok,,local,0.74356925,6.2564673
q9gzt9_42z,dynamicbind_asd,7,0.743416,,,1.0,ok,,local,0.743416,6.1837287
q9gzt9_42z,dynamicbind_asd,8,0.74193263,,,1.0,ok,,local,0.74193263,6.2158294
q9gzt9_42z,dynamicbind_asd,9,0.7374066,,,1.0,ok,,local,0.7374066,6.1552567
q9gzt9_42z,dynamicbind_asd,10,0.724383,,,1.0,ok,,local,0.724383,5.6808505
q9gzt9_42z,dynamicbind_asd,11,0.71533203,,,1.0,ok,,local,0.71533203,5.7580843
q9gzt9_42z,dynamicbind_asd,12,0.71341175,,,1.0,ok,,local,0.71341175,5.828688
q9gzt9_42z,dynamicbind_asd,13,0.7122808,,,1.0,ok,,local,0.7122808,5.8415055
q9gzt9_42z,dynamicbind_asd,14,0.71116906,,,1.0,ok,,local,0.71116906,5.7352366
q9gzt9_42z,dynamicbind_asd,15,0.70955896,,,1.0,ok,,local,0.70955896,5.8519616
q9gzt9_42z,dynamicbind_asd,16,0.7067903,,,1.0,ok,,local,0.7067903,5.54923
q9gzt9_42z,dynamicbind_asd,17,0.70314837,,,1.0,ok,,local,0.70314837,5.9545507
q9gzt9_42z,dynamicbind_asd,18,0.7021204,,,1.0,ok,,local,0.7021204,5.9072967
q9gzt9_42z,dynamicbind_asd,19,0.700056,,,1.0,ok,,local,0.700056,5.579361
q9gzt9_42z,dynamicbind_asd,20,0.6997295,,,1.0,ok,,local,0.6997295,5.6216407
q9gzt9_42z,dynamicbind_asd,21,0.6991081,,,1.0,ok,,local,0.6991081,5.5289807
q9gzt9_42z,dynamicbind_asd,22,0.6986041,,,1.0,ok,,local,0.6986041,5.865588
q9gzt9_42z,dynamicbind_asd,23,0.69465303,,,1.0,ok,,local,0.69465303,5.9064918
q9gzt9_42z,dynamicbind_asd,24,0.6912654,,,1.0,ok,,local,0.6912654,5.5815244
q9gzt9_42z,dynamicbind_asd,25,0.6882424,,,1.0,ok,,local,0.6882424,5.6240573
q9gzt9_42z,dynamicbind_asd,26,0.6864449,,,1.0,ok,,local,0.6864449,5.6613383
q9gzt9_42z,dynamicbind_asd,27,0.68108445,,,1.0,ok,,local,0.68108445,5.6801853
q9gzt9_42z,dynamicbind_asd,28,0.680991,,,1.0,ok,,local,0.680991,5.680134
q9gzt9_42z,dynamicbind_asd,29,0.6454139,,,1.0,ok,,local,0.6454139,5.6527414
q9gzt9_un9,dynamicbind_asd,0,0.7072006,0.4862574636936188,0.8779069781303406,1.0,ok,,local,0.7072006,5.935934
q9gzt9_un9,dynamicbind_asd,1,0.70591784,0.45820438861846924,0.8863636255264282,1.0,ok,,local,0.70591784,5.990046
q9gzt9_un9,dynamicbind_asd,2,0.70281553,0.6324422955513,0.8476357460021973,1.0,ok,,local,0.70281553,6.007918
q9gzt9_un9,dynamicbind_asd,3,0.6986661,0.613381028175354,0.8705986142158508,1.0,ok,,local,0.6986661,6.16062
q9gzt9_un9,dynamicbind_asd,4,0.6986185,0.49517789483070374,0.8614564538002014,1.0,ok,,local,0.6986185,6.076257
q9gzt9_un9,dynamicbind_asd,5,0.6978057,0.6985229849815369,0.8412563800811768,1.0,ok,,local,0.6978057,6.0348954
q9gzt9_un9,dynamicbind_asd,6,0.69719046,0.6138176918029785,0.838487982749939,1.0,ok,,local,0.69719046,6.0338645
q9gzt9_un9,dynamicbind_asd,7,0.69678044,0.5460564494132996,0.8572695255279541,1.0,ok,,local,0.69678044,6.080625
q9gzt9_un9,dynamicbind_asd,8,0.69400316,0.5609563589096069,0.8319039344787598,1.0,ok,,local,0.69400316,6.000302
q9gzt9_un9,dynamicbind_asd,9,0.6931379,0.6057954430580139,0.8467742204666138,1.0,ok,,local,0.6931379,5.9938493
q9gzt9_un9,dynamicbind_asd,10,0.66593486,0.3791298568248749,0.9390243887901306,1.0,ok,,local,0.66593486,5.957305
q9gzt9_un9,dynamicbind_asd,11,0.6603336,0.39926937222480774,0.9413695931434631,1.0,ok,,local,0.6603336,5.9409823
q9gzt9_un9,dynamicbind_asd,12,0.6596665,0.383806437253952,0.9431390762329102,1.0,ok,,local,0.6596665,6.0250554
q9gzt9_un9,dynamicbind_asd,13,0.6582182,0.25946494936943054,0.9473198056221008,1.0,ok,,local,0.6582182,6.019509
q9gzt9_un9,dynamicbind_asd,14,0.6581328,0.6310012340545654,0.9197080135345459,1.0,ok,,local,0.6581328,6.1461177
q9gzt9_un9,dynamicbind_asd,15,0.6580922,0.558896541595459,0.9264705777168274,1.0,ok,,local,0.6580922,5.891965
q9gzt9_un9,dynamicbind_asd,16,0.65712005,0.34087780117988586,0.9537383317947388,1.0,ok,,local,0.65712005,5.999747
q9gzt9_un9,dynamicbind_asd,17,0.6555018,0.5470942854881287,0.9381044507026672,1.0,ok,,local,0.6555018,5.6974607
q9gzt9_un9,dynamicbind_asd,18,0.6554501,0.503066897392273,0.9462617039680481,1.0,ok,,local,0.6554501,5.974201
q9gzt9_un9,dynamicbind_asd,19,0.65448076,0.3999360203742981,0.946039617061615,1.0,ok,,local,0.65448076,5.717844
q9gzt9_un9,dynamicbind_asd,20,0.65227056,0.44187283515930176,0.9319012761116028,1.0,ok,,local,0.65227056,5.983506
q9gzt9_un9,dynamicbind_asd,21,0.65194213,0.5134044885635376,0.9353932738304138,1.0,ok,,local,0.65194213,5.959301
q9gzt9_un9,dynamicbind_asd,22,0.6512791,0.7481967806816101,0.9044256210327148,1.0,ok,,local,0.6512791,5.8442698
q9gzt9_un9,dynamicbind_asd,23,0.6509125,0.6250776648521423,0.9125239253044128,1.0,ok,,local,0.6509125,5.698359
q9gzt9_un9,dynamicbind_asd,24,0.6483391,0.7873979806900024,0.8917769193649292,1.0,ok,,local,0.6483391,5.703173
q9gzt9_un9,dynamicbind_asd,25,0.6443867,0.4437095522880554,0.948259174823761,1.0,ok,,local,0.6443867,5.7685785
q9gzt9_un9,dynamicbind_asd,26,0.64434415,0.735287070274353,0.9103773832321167,1.0,ok,,local,0.64434415,5.797941
q9gzt9_un9,dynamicbind_asd,27,0.6432591,0.5518922209739685,0.9337232112884521,1.0,ok,,local,0.6432591,5.799221
q9gzt9_un9,dynamicbind_asd,28,0.64203477,0.62391197681427,0.9261036515235901,1.0,ok,,local,0.64203477,5.778192
q9gzt9_un9,dynamicbind_asd,29,0.63450134,0.7889323234558105,0.9017691016197205,1.0,ok,,local,0.63450134,5.908123
q9h7b4_sah,dynamicbind_asd,0,0.7453977,2.2017786502838135,0.6817434430122375,1.0,ok,,local,0.7453977,5.5446777
q9h7b4_sah,dynamicbind_asd,1,0.74444544,2.1890928745269775,0.6771397590637207,1.0,ok,,local,0.74444544,5.592163
q9h7b4_sah,dynamicbind_asd,2,0.7441595,2.2942402362823486,0.6625270247459412,1.0,ok,,local,0.7441595,5.532245
q9h7b4_sah,dynamicbind_asd,3,0.7430883,2.1747848987579346,0.6838638782501221,1.0,ok,,local,0.7430883,5.4712286
q9h7b4_sah,dynamicbind_asd,4,0.743045,2.2555692195892334,0.6730141639709473,1.0,ok,,local,0.743045,5.5999846
q9h7b4_sah,dynamicbind_asd,5,0.7429479,2.2600865364074707,0.6712913513183594,1.0,ok,,local,0.7429479,5.5749617
q9h7b4_sah,dynamicbind_asd,6,0.74130094,2.2226779460906982,0.6820128560066223,1.0,ok,,local,0.74130094,5.519959
q9h7b4_sah,dynamicbind_asd,7,0.7405528,2.2176218032836914,0.6860902309417725,1.0,ok,,local,0.7405528,5.5075536
q9h7b4_sah,dynamicbind_asd,8,0.7380326,2.181461811065674,0.6710810661315918,1.0,ok,,local,0.7380326,5.43836
q9h7b4_sah,dynamicbind_asd,9,0.73753375,2.165644407272339,0.6800109148025513,1.0,ok,,local,0.73753375,5.495954
q9h7b4_sah,dynamicbind_asd,10,0.7298368,2.2523481845855713,0.6415571570396423,1.0,ok,,local,0.7298368,5.4941335
q9h7b4_sah,dynamicbind_asd,11,0.7281935,2.290140151977539,0.6478873491287231,1.0,ok,,local,0.7281935,5.507628
q9h7b4_sah,dynamicbind_asd,12,0.7264713,2.254955291748047,0.650905430316925,1.0,ok,,local,0.7264713,5.417607
q9h7b4_sah,dynamicbind_asd,13,0.72603136,2.265333890914917,0.6642487049102783,1.0,ok,,local,0.72603136,5.411295
q9h7b4_sah,dynamicbind_asd,14,0.72577053,2.2249605655670166,0.6615698337554932,1.0,ok,,local,0.72577053,5.466931
q9h7b4_sah,dynamicbind_asd,15,0.7253694,2.200066566467285,0.655225396156311,1.0,ok,,local,0.7253694,5.4299426
q9h7b4_sah,dynamicbind_asd,16,0.7247557,2.243283748626709,0.6480827331542969,1.0,ok,,local,0.7247557,5.456165
q9h7b4_sah,dynamicbind_asd,17,0.72411245,2.201694965362549,0.6594240665435791,1.0,ok,,local,0.72411245,5.465737
q9h7b4_sah,dynamicbind_asd,18,0.72402245,2.217984676361084,0.6552523374557495,1.0,ok,,local,0.72402245,5.47779
q9h7b4_sah,dynamicbind_asd,19,0.7216858,2.1123476028442383,0.6678681969642639,1.0,ok,,local,0.7216858,5.502252
q9h7b4_sah,dynamicbind_asd,20,0.721514,2.2115135192871094,0.6514047980308533,1.0,ok,,local,0.721514,5.4389076
q9h7b4_sah,dynamicbind_asd,21,0.72118944,2.1864142417907715,0.6626037359237671,1.0,ok,,local,0.72118944,5.40737
q9h7b4_sah,dynamicbind_asd,22,0.7208981,2.200029134750366,0.6584435105323792,1.0,ok,,local,0.7208981,5.5233197
q9h7b4_sah,dynamicbind_asd,23,0.7204852,2.2286505699157715,0.6650258898735046,1.0,ok,,local,0.7204852,5.3515224
q9h7b4_sah,dynamicbind_asd,24,0.72024393,2.1975536346435547,0.6579084396362305,1.0,ok,,local,0.72024393,5.3715787
q9h7b4_sah,dynamicbind_asd,25,0.71887827,2.172722101211548,0.6654450297355652,1.0,ok,,local,0.71887827,5.407714
q9h7b4_sah,dynamicbind_asd,26,0.7179643,2.273637056350708,0.6487046480178833,1.0,ok,,local,0.7179643,5.288835
q9h7b4_sah,dynamicbind_asd,27,0.7135533,2.0362305641174316,0.6950836777687073,1.0,ok,,local,0.7135533,5.3628125
q9h7b4_sah,dynamicbind_asd,28,0.7114089,2.2119266986846924,0.6545782089233398,1.0,ok,,local,0.7114089,5.5535674
q9h7b4_sah,dynamicbind_asd,29,0.7093537,2.138981580734253,0.6861081719398499,1.0,ok,,local,0.7093537,5.2756205
q9h7b4_sam,dynamicbind_asd,0,0.7388152,2.168973445892334,0.6935043931007385,1.0,ok,,local,0.7388152,5.742278
q9h7b4_sam,dynamicbind_asd,1,0.73869336,2.2280449867248535,0.6785714030265808,1.0,ok,,local,0.73869336,5.6087556
q9h7b4_sam,dynamicbind_asd,2,0.7386662,2.2062926292419434,0.6808395981788635,1.0,ok,,local,0.7386662,5.6423373
q9h7b4_sam,dynamicbind_asd,3,0.738585,2.180198907852173,0.6971791982650757,1.0,ok,,local,0.738585,5.7368083
q9h7b4_sam,dynamicbind_asd,4,0.73837286,2.2760612964630127,0.6858360171318054,1.0,ok,,local,0.73837286,5.6064534
q9h7b4_sam,dynamicbind_asd,5,0.7380889,2.163463592529297,0.6868743300437927,1.0,ok,,local,0.7380889,5.7078943
q9h7b4_sam,dynamicbind_asd,6,0.7374511,2.251026153564453,0.6792200803756714,1.0,ok,,local,0.7374511,5.659576
q9h7b4_sam,dynamicbind_asd,7,0.7343427,2.226163148880005,0.6877682209014893,1.0,ok,,local,0.7343427,5.8068037
q9h7b4_sam,dynamicbind_asd,8,0.73319834,2.1496574878692627,0.704570472240448,1.0,ok,,local,0.73319834,5.842962
q9h7b4_sam,dynamicbind_asd,9,0.7315577,2.2816827297210693,0.6705882549285889,1.0,ok,,local,0.7315577,5.6037183
q9h7b4_sam,dynamicbind_asd,10,0.72539544,2.266324281692505,0.6452736258506775,1.0,ok,,local,0.72539544,5.621797
q9h7b4_sam,dynamicbind_asd,11,0.7232397,2.2237019538879395,0.6567010283470154,1.0,ok,,local,0.7232397,5.543546
q9h7b4_sam,dynamicbind_asd,12,0.7229153,2.219095230102539,0.6512438058853149,1.0,ok,,local,0.7229153,5.572451
q9h7b4_sam,dynamicbind_asd,13,0.722568,2.25335955619812,0.6553224325180054,1.0,ok,,local,0.722568,5.550471
q9h7b4_sam,dynamicbind_asd,14,0.72168523,2.1815059185028076,0.6581218242645264,1.0,ok,,local,0.72168523,5.5835056
q9h7b4_sam,dynamicbind_asd,15,0.72154284,2.179149866104126,0.6631526350975037,1.0,ok,,local,0.72154284,5.71647
q9h7b4_sam,dynamicbind_asd,16,0.72150916,2.2912497520446777,0.65156090259552,1.0,ok,,local,0.72150916,5.5150237
q9h7b4_sam,dynamicbind_asd,17,0.72129345,2.2172932624816895,0.6585366129875183,1.0,ok,,local,0.72129345,5.5413747
q9h7b4_sam,dynamicbind_asd,18,0.720816,2.196709394454956,0.664893627166748,1.0,ok,,local,0.720816,5.6933885
q9h7b4_sam,dynamicbind_asd,19,0.7205812,2.2216248512268066,0.6574923396110535,1.0,ok,,local,0.7205812,5.5548058
q9h7b4_sam,dynamicbind_asd,20,0.7205095,2.252014398574829,0.6542658805847168,1.0,ok,,local,0.7205095,5.7441697
q9h7b4_sam,dynamicbind_asd,21,0.72037274,2.1218135356903076,0.6759918332099915,1.0,ok,,local,0.72037274,5.788568
q9h7b4_sam,dynamicbind_asd,22,0.7202394,2.27982234954834,0.6417984366416931,1.0,ok,,local,0.7202394,5.4730134
q9h7b4_sam,dynamicbind_asd,23,0.71999145,2.2399303913116455,0.6648494005203247,1.0,ok,,local,0.71999145,5.6303506
q9h7b4_sam,dynamicbind_asd,24,0.71996456,2.2010598182678223,0.6668367385864258,1.0,ok,,local,0.71996456,5.7161746
q9h7b4_sam,dynamicbind_asd,25,0.7198612,2.2398037910461426,0.6557711958885193,1.0,ok,,local,0.7198612,5.4192634
q9h7b4_sam,dynamicbind_asd,26,0.71983606,2.2372570037841797,0.6519958972930908,1.0,ok,,local,0.71983606,5.509179
q9h7b4_sam,dynamicbind_asd,27,0.7194828,2.2255916595458984,0.6563136577606201,1.0,ok,,local,0.7194828,5.5859785
q9h7b4_sam,dynamicbind_asd,28,0.71928215,2.1371264457702637,0.6699178814888,1.0,ok,,local,0.71928215,5.6743293
q9h7b4_sam,dynamicbind_asd,29,0.71895176,2.2271556854248047,0.6527777910232544,1.0,ok,,local,0.71895176,5.560117
q9h7b4_sam,dynamicbind_asd,30,0.71873343,2.173785924911499,0.6683937907218933,1.0,ok,,local,0.71873343,5.587214
q9h7b4_sam,dynamicbind_asd,31,0.71866864,2.1911966800689697,0.6657187342643738,1.0,ok,,local,0.71866864,5.5680647
q9h7b4_sam,dynamicbind_asd,32,0.7176317,2.221425771713257,0.6646279096603394,1.0,ok,,local,0.7176317,5.583694
q9h7b4_sam,dynamicbind_asd,33,0.71743995,2.291743278503418,0.6545315384864807,1.0,ok,,local,0.71743995,5.5436563
q9h7b4_sam,dynamicbind_asd,34,0.7168683,2.1766421794891357,0.670360803604126,1.0,ok,,local,0.7168683,5.7135773
q9h7b4_sam,dynamicbind_asd,35,0.7160702,2.292957067489624,0.6525125503540039,1.0,ok,,local,0.7160702,5.523231
q9h7b4_sam,dynamicbind_asd,36,0.7158271,2.254194974899292,0.6664125919342041,1.0,ok,,local,0.7158271,5.624503
q9h7b4_sam,dynamicbind_asd,37,0.7144993,2.2281901836395264,0.6676136255264282,1.0,ok,,local,0.7144993,5.582924
q9h7b4_sam,dynamicbind_asd,38,0.71296656,2.0773072242736816,0.6859375238418579,1.0,ok,,local,0.71296656,5.76328
q9h7b4_sam,dynamicbind_asd,39,0.7119949,2.190049648284912,0.6695607900619507,1.0,ok,,local,0.7119949,5.701608
q9h7b4_sfg,dynamicbind_asd,0,0.75281066,,,1.0,ok,,local,0.75281066,5.40308
q9h7b4_sfg,dynamicbind_asd,1,0.7523896,,,1.0,ok,,local,0.7523896,5.3395042
q9h7b4_sfg,dynamicbind_asd,2,0.7510266,,,1.0,ok,,local,0.7510266,5.298279
q9h7b4_sfg,dynamicbind_asd,3,0.7509334,,,1.0,ok,,local,0.7509334,5.3840237
q9h7b4_sfg,dynamicbind_asd,4,0.7480105,,,1.0,ok,,local,0.7480105,5.351741
q9h7b4_sfg,dynamicbind_asd,5,0.7472973,,,1.0,ok,,local,0.7472973,5.4625816
q9h7b4_sfg,dynamicbind_asd,6,0.7463856,,,1.0,ok,,local,0.7463856,5.383789
q9h7b4_sfg,dynamicbind_asd,7,0.7463701,,,1.0,ok,,local,0.7463701,5.4728637
q9h7b4_sfg,dynamicbind_asd,8,0.74268794,,,1.0,ok,,local,0.74268794,5.3524537
q9h7b4_sfg,dynamicbind_asd,9,0.74200976,,,1.0,ok,,local,0.74200976,5.397336
q9h7b4_sfg,dynamicbind_asd,10,0.736407,,,1.0,ok,,local,0.736407,5.278081
q9h7b4_sfg,dynamicbind_asd,11,0.7363121,,,1.0,ok,,local,0.7363121,5.330639
q9h7b4_sfg,dynamicbind_asd,12,0.7336859,,,1.0,ok,,local,0.7336859,5.2884808
q9h7b4_sfg,dynamicbind_asd,13,0.73311096,,,1.0,ok,,local,0.73311096,5.313765
q9h7b4_sfg,dynamicbind_asd,14,0.7328768,,,1.0,ok,,local,0.7328768,5.377023
q9h7b4_sfg,dynamicbind_asd,15,0.7327887,,,1.0,ok,,local,0.7327887,5.267293
q9h7b4_sfg,dynamicbind_asd,16,0.73241913,,,1.0,ok,,local,0.73241913,5.371466
q9h7b4_sfg,dynamicbind_asd,17,0.7315092,,,1.0,ok,,local,0.7315092,5.232631
q9h7b4_sfg,dynamicbind_asd,18,0.7312101,,,1.0,ok,,local,0.7312101,5.201348
q9h7b4_sfg,dynamicbind_asd,19,0.7310079,,,1.0,ok,,local,0.7310079,5.246558
q9h7b4_sfg,dynamicbind_asd,20,0.73044163,,,1.0,ok,,local,0.73044163,5.382256
q9h7b4_sfg,dynamicbind_asd,21,0.7290586,,,1.0,ok,,local,0.7290586,5.3163366
q9h7b4_sfg,dynamicbind_asd,22,0.72857493,,,1.0,ok,,local,0.72857493,5.277741
q9h7b4_sfg,dynamicbind_asd,23,0.7274834,,,1.0,ok,,local,0.7274834,5.2911763
q9h7b4_sfg,dynamicbind_asd,24,0.7251625,,,1.0,ok,,local,0.7251625,5.283045
q9h7b4_sfg,dynamicbind_asd,25,0.7247566,,,1.0,ok,,local,0.7247566,5.222079
q9h7b4_sfg,dynamicbind_asd,26,0.7229575,,,1.0,ok,,local,0.7229575,5.215215
q9h7b4_sfg,dynamicbind_asd,27,0.721552,,,1.0,ok,,local,0.721552,5.2064137
q9h7b4_sfg,dynamicbind_asd,28,0.6935375,,,1.0,ok,,local,0.6935375,5.271862
q9h7b4_sfg,dynamicbind_asd,29,0.66396224,,,1.0,ok,,local,0.66396224,5.4081535
q9hkt1_amp,dynamicbind_asd,0,0.66141945,1.5969702005386353,0.7549751400947571,1.0,ok,,local,0.66141945,4.330718
q9hkt1_amp,dynamicbind_asd,1,0.65499055,1.2147420644760132,0.8293807506561279,1.0,ok,,local,0.65499055,4.612524
q9hkt1_amp,dynamicbind_asd,2,0.64953864,1.3706556558609009,0.7959442138671875,1.0,ok,,local,0.64953864,4.5448785
q9hkt1_amp,dynamicbind_asd,3,0.6464808,1.4484394788742065,0.782903254032135,1.0,ok,,local,0.6464808,4.458561
q9hkt1_amp,dynamicbind_asd,4,0.6464299,1.285873293876648,0.8159269094467163,1.0,ok,,local,0.6464299,4.5443554
q9hkt1_amp,dynamicbind_asd,5,0.64510053,1.1939425468444824,0.8409686088562012,1.0,ok,,local,0.64510053,4.5297565
q9hkt1_amp,dynamicbind_asd,6,0.64283675,1.605980396270752,0.7589399814605713,1.0,ok,,local,0.64283675,4.4810534
q9hkt1_amp,dynamicbind_asd,7,0.6281444,1.5934587717056274,0.7665184140205383,1.0,ok,,local,0.6281444,4.3917875
q9hkt1_amp,dynamicbind_asd,8,0.62776595,1.6495665311813354,0.7477903962135315,1.0,ok,,local,0.62776595,4.3742537
q9hkt1_amp,dynamicbind_asd,9,0.6202582,1.8698056936264038,0.7308897376060486,1.0,ok,,local,0.6202582,4.4060264
q9hkt1_lpa,dynamicbind_asd,0,0.65986997,1.5993629693984985,0.7308411002159119,1.0,ok,,local,0.65986997,4.6935663
q9hkt1_lpa,dynamicbind_asd,1,0.6571185,1.5906490087509155,0.7119265794754028,1.0,ok,,local,0.6571185,4.6284466
q9hkt1_lpa,dynamicbind_asd,2,0.65630573,1.7441601753234863,0.7145422101020813,1.0,ok,,local,0.65630573,4.723068
q9hkt1_lpa,dynamicbind_asd,3,0.6520919,1.8858007192611694,0.6868327260017395,1.0,ok,,local,0.6520919,4.595259
q9hkt1_lpa,dynamicbind_asd,4,0.65158474,1.5886446237564087,0.7462476491928101,1.0,ok,,local,0.65158474,4.81578
q9hkt1_lpa,dynamicbind_asd,5,0.6496658,1.6413805484771729,0.7062615156173706,1.0,ok,,local,0.6496658,4.695802
q9hkt1_lpa,dynamicbind_asd,6,0.648341,1.8420586585998535,0.703041136264801,1.0,ok,,local,0.648341,4.8054013
q9hkt1_lpa,dynamicbind_asd,7,0.6421762,1.7181543111801147,0.7247663736343384,1.0,ok,,local,0.6421762,4.578331
q9hkt1_lpa,dynamicbind_asd,8,0.6380788,1.810980200767517,0.7134146094322205,1.0,ok,,local,0.6380788,4.5914764
q9hkt1_lpa,dynamicbind_asd,9,0.63130546,1.9801992177963257,0.6528520584106445,1.0,ok,,local,0.63130546,4.8280177
q9hvi1_c2e,dynamicbind_asd,0,0.40384758,,,1.0,ok,,local,0.40384758,4.0324144
q9hvi1_c2e,dynamicbind_asd,1,0.40291384,,,1.0,ok,,local,0.40291384,4.336288
q9hvi1_c2e,dynamicbind_asd,2,0.39437193,,,1.0,ok,,local,0.39437193,4.2532945
q9hvi1_c2e,dynamicbind_asd,3,0.38035533,,,1.0,ok,,local,0.38035533,4.665449
q9hvi1_c2e,dynamicbind_asd,4,0.3796781,,,1.0,ok,,local,0.3796781,4.1538153
q9hvi1_c2e,dynamicbind_asd,5,0.3792697,,,1.0,ok,,local,0.3792697,4.3688006
q9hvi1_c2e,dynamicbind_asd,6,0.37248248,,,1.0,ok,,local,0.37248248,4.569087
q9hvi1_c2e,dynamicbind_asd,7,0.37100774,,,1.0,ok,,local,0.37100774,4.684165
q9hvi1_c2e,dynamicbind_asd,8,0.3693489,,,1.0,ok,,local,0.3693489,4.244756
q9n6s8_jv1,dynamicbind_asd,0,0.6960987,14.518914222717285,0.0670391097664833,0.0,ok,,local,0.6960987,4.8095083
q9n6s8_jv1,dynamicbind_asd,1,0.6955835,13.805800437927246,0.08539094775915146,0.0,ok,,local,0.6955835,5.336549
q9n6s8_jv1,dynamicbind_asd,2,0.6940374,14.022757530212402,0.0710059180855751,0.0,ok,,local,0.6940374,5.118002
q9n6s8_jv1,dynamicbind_asd,3,0.6891656,14.27071762084961,0.061505064368247986,0.0,ok,,local,0.6891656,5.113085
q9n6s8_jv1,dynamicbind_asd,4,0.68428206,15.023704528808594,0.057065218687057495,0.0,ok,,local,0.68428206,4.907852
q9n6s8_jv1,dynamicbind_asd,5,0.6805195,14.350857734680176,0.07431507110595703,0.0,ok,,local,0.6805195,5.19338
q9n6s8_jv1,dynamicbind_asd,6,0.678977,15.002174377441406,0.057399723678827286,0.0,ok,,local,0.678977,4.815566
q9n6s8_jv1,dynamicbind_asd,7,0.6728125,14.333340644836426,0.07023411244153976,0.0,ok,,local,0.6728125,5.085075
q9n6s8_jv1,dynamicbind_asd,8,0.66884625,15.160758018493652,0.054154302924871445,0.0,ok,,local,0.66884625,4.9758663
q9n6s8_jv1,dynamicbind_asd,9,0.668329,14.341170310974121,0.007256893906742334,0.0,ok,,local,0.668329,4.900036
q9nr48_sam,dynamicbind_asd,0,0.70248234,0.8522104024887085,0.8788056373596191,0.0,ok,,local,0.70248234,5.2202854
q9nr48_sam,dynamicbind_asd,1,0.70242953,0.8400555849075317,0.866782009601593,0.0,ok,,local,0.70242953,5.460696
q9nr48_sam,dynamicbind_asd,2,0.70200926,0.8756738305091858,0.8686046600341797,0.0,ok,,local,0.70200926,5.0821285
q9nr48_sam,dynamicbind_asd,3,0.7003117,0.8201568722724915,0.8618881106376648,0.0,ok,,local,0.7003117,5.2892747
q9nr48_sam,dynamicbind_asd,4,0.7001701,1.0488117933273315,0.8574355840682983,0.0,ok,,local,0.7001701,5.3558097
q9nr48_sam,dynamicbind_asd,5,0.6999747,0.8685281276702881,0.885765552520752,0.0,ok,,local,0.6999747,5.277769
q9nr48_sam,dynamicbind_asd,6,0.69955397,0.9914300441741943,0.8533813953399658,0.0,ok,,local,0.69955397,5.4197583
q9nr48_sam,dynamicbind_asd,7,0.69898874,0.9669524431228638,0.8373247385025024,0.0,ok,,local,0.69898874,5.3500705
q9nr48_sam,dynamicbind_asd,8,0.6950038,0.8719847202301025,0.882748544216156,0.0,ok,,local,0.6950038,5.0789943
q9nr48_sam,dynamicbind_asd,9,0.69389343,0.8690663576126099,0.8684210777282715,0.0,ok,,local,0.69389343,5.334147
q9nr48_sam,dynamicbind_asd,10,0.6935821,0.8409741520881653,0.8689236044883728,0.0,ok,,local,0.6935821,5.0699224
q9nr48_sam,dynamicbind_asd,11,0.6907359,0.9591264724731445,0.8536585569381714,0.0,ok,,local,0.6907359,5.3463883
q9nr48_sam,dynamicbind_asd,12,0.69071364,0.8955346941947937,0.8911764621734619,0.0,ok,,local,0.69071364,4.987867
q9nr48_sam,dynamicbind_asd,13,0.68797916,0.8783342838287354,0.8572684526443481,0.0,ok,,local,0.68797916,5.0620136
q9nr48_sam,dynamicbind_asd,14,0.68790025,0.9592818021774292,0.8661814332008362,0.0,ok,,local,0.68790025,5.566624
q9nr48_sam,dynamicbind_asd,15,0.68691933,1.0514745712280273,0.8390336632728577,0.0,ok,,local,0.68691933,5.36811
q9nr48_sam,dynamicbind_asd,16,0.6865705,1.1252566576004028,0.8617021441459656,0.0,ok,,local,0.6865705,5.393021
q9nr48_sam,dynamicbind_asd,17,0.6861287,0.989146888256073,0.8530219793319702,1.0,ok,,local,0.6861287,5.3868794
q9nr48_sam,dynamicbind_asd,18,0.6855186,0.921745777130127,0.8524971008300781,0.0,ok,,local,0.6855186,5.0606375
q9nr48_sam,dynamicbind_asd,19,0.6845869,0.8952366709709167,0.8678256273269653,1.0,ok,,local,0.6845869,5.2790017
q9nr48_sam,dynamicbind_asd,20,0.6844937,1.1364258527755737,0.8162921071052551,0.0,ok,,local,0.6844937,5.236253
q9nr48_sam,dynamicbind_asd,21,0.6833619,0.9978030323982239,0.8410577774047852,1.0,ok,,local,0.6833619,5.514561
q9nr48_sam,dynamicbind_asd,22,0.68325114,0.8360640406608582,0.8700110912322998,1.0,ok,,local,0.68325114,5.3596654
q9nr48_sam,dynamicbind_asd,23,0.6824267,1.0601422786712646,0.8295194506645203,0.0,ok,,local,0.6824267,5.262906
q9nr48_sam,dynamicbind_asd,24,0.68096894,0.8779566884040833,0.8755543231964111,1.0,ok,,local,0.68096894,5.442669
q9nr48_sam,dynamicbind_asd,25,0.68014026,1.0592408180236816,0.8461751937866211,1.0,ok,,local,0.68014026,5.392821
q9nr48_sam,dynamicbind_asd,26,0.67581993,0.9655539393424988,0.8592551946640015,1.0,ok,,local,0.67581993,5.285857
q9nr48_sam,dynamicbind_asd,27,0.67161334,1.0253344774246216,0.8366523385047913,1.0,ok,,local,0.67161334,5.569108
q9nr48_sam,dynamicbind_asd,28,0.67005795,0.9740575551986694,0.8545150756835938,1.0,ok,,local,0.67005795,5.5645895
q9nr48_sam,dynamicbind_asd,29,0.66877896,0.9996280670166016,0.8517279624938965,1.0,ok,,local,0.66877896,5.470165
q9nrg4_sah,dynamicbind_asd,0,0.7417171,8.416964530944824,0.2112676054239273,1.0,ok,,local,0.7417171,5.3794904
q9nrg4_sah,dynamicbind_asd,1,0.7416538,8.462389945983887,0.22196261584758759,1.0,ok,,local,0.7416538,5.390288
q9nrg4_sah,dynamicbind_asd,2,0.7410328,8.38101577758789,0.23317307233810425,1.0,ok,,local,0.7410328,5.417414
q9nrg4_sah,dynamicbind_asd,3,0.74012995,8.374940872192383,0.2263033241033554,1.0,ok,,local,0.74012995,5.446149
q9nrg4_sah,dynamicbind_asd,4,0.73968214,8.200275421142578,0.21816037595272064,1.0,ok,,local,0.73968214,5.5389214
q9nrg4_sah,dynamicbind_asd,5,0.7393045,8.05516242980957,0.24246230721473694,1.0,ok,,local,0.7393045,5.557326
q9nrg4_sah,dynamicbind_asd,6,0.7379026,8.145034790039062,0.22896039485931396,1.0,ok,,local,0.7379026,5.380158
q9nrg4_sah,dynamicbind_asd,7,0.73782927,8.350931167602539,0.22093023359775543,1.0,ok,,local,0.73782927,5.4721704
q9nrg4_sah,dynamicbind_asd,8,0.7376641,8.271581649780273,0.22037914395332336,1.0,ok,,local,0.7376641,5.29507
q9nrg4_sah,dynamicbind_asd,9,0.73745555,8.172036170959473,0.22727273404598236,1.0,ok,,local,0.73745555,5.4947367
q9nrg4_sah,dynamicbind_asd,10,0.737288,8.329254150390625,0.2236238569021225,1.0,ok,,local,0.737288,5.429883
q9nrg4_sah,dynamicbind_asd,11,0.73657453,8.314385414123535,0.21046511828899384,1.0,ok,,local,0.73657453,5.5500054
q9nrg4_sah,dynamicbind_asd,12,0.7360879,8.418204307556152,0.2216981202363968,1.0,ok,,local,0.7360879,5.2276273
q9nrg4_sah,dynamicbind_asd,13,0.7356608,8.79775619506836,0.18939393758773804,1.0,ok,,local,0.7356608,5.3462276
q9nrg4_sah,dynamicbind_asd,14,0.73489255,8.152338027954102,0.22674418985843658,1.0,ok,,local,0.73489255,5.4966106
q9nrg4_sah,dynamicbind_asd,15,0.73462516,8.38890552520752,0.2340686321258545,1.0,ok,,local,0.73462516,5.5010495
q9nrg4_sah,dynamicbind_asd,16,0.7341547,8.192337036132812,0.23645320534706116,1.0,ok,,local,0.7341547,5.094468
q9nrg4_sah,dynamicbind_asd,17,0.73357296,8.143516540527344,0.22769953310489655,1.0,ok,,local,0.73357296,5.4892335
q9nrg4_sah,dynamicbind_asd,18,0.7323231,8.915533065795898,0.19585253298282623,1.0,ok,,local,0.7323231,5.3149033
q9nrg4_sah,dynamicbind_asd,19,0.73122066,8.573467254638672,0.21271929144859314,1.0,ok,,local,0.73122066,5.2428026
q9nrg4_sah,dynamicbind_asd,20,0.72972345,8.257564544677734,0.20693276822566986,1.0,ok,,local,0.72972345,5.217593
q9nrg4_sah,dynamicbind_asd,21,0.7288806,8.192477226257324,0.2299107164144516,1.0,ok,,local,0.7288806,5.3636227
q9nrg4_sah,dynamicbind_asd,22,0.7276371,8.587994575500488,0.22777777910232544,1.0,ok,,local,0.7276371,5.377362
q9nrg4_sah,dynamicbind_asd,23,0.72700226,8.296774864196777,0.24111111462116241,1.0,ok,,local,0.72700226,5.3229165
q9nrg4_sah,dynamicbind_asd,24,0.7268821,8.4508056640625,0.22499999403953552,1.0,ok,,local,0.7268821,5.261493
q9nrg4_sah,dynamicbind_asd,25,0.7253965,8.511380195617676,0.22451455891132355,1.0,ok,,local,0.7253965,5.4566503
q9nrg4_sah,dynamicbind_asd,26,0.7220932,8.304184913635254,0.2300885021686554,1.0,ok,,local,0.7220932,5.314058
q9nrg4_sah,dynamicbind_asd,27,0.71917784,8.645003318786621,0.20042194426059723,1.0,ok,,local,0.71917784,5.342953
q9nrg4_sah,dynamicbind_asd,28,0.71809787,8.131420135498047,0.2158018797636032,1.0,ok,,local,0.71809787,5.440778
q9nrg4_sah,dynamicbind_asd,29,0.71626747,8.249685287475586,0.24318182468414307,1.0,ok,,local,0.71626747,5.1530724
q9nrg4_sam,dynamicbind_asd,0,0.7342227,0.6811802387237549,0.9268156290054321,1.0,ok,,local,0.7342227,5.62926
q9nrg4_sam,dynamicbind_asd,1,0.73276675,0.7763817310333252,0.9229098558425903,1.0,ok,,local,0.73276675,5.6610513
q9nrg4_sam,dynamicbind_asd,2,0.7322878,0.7036734819412231,0.920265793800354,1.0,ok,,local,0.7322878,5.5701313
q9nrg4_sam,dynamicbind_asd,3,0.7321175,0.6839327812194824,0.9366002082824707,1.0,ok,,local,0.7321175,5.651294
q9nrg4_sam,dynamicbind_asd,4,0.7320375,0.800732433795929,0.9140540361404419,1.0,ok,,local,0.7320375,5.749003
q9nrg4_sam,dynamicbind_asd,5,0.73195815,0.720994234085083,0.9285714030265808,1.0,ok,,local,0.73195815,5.5034657
q9nrg4_sam,dynamicbind_asd,6,0.7312433,0.8020551800727844,0.918729841709137,1.0,ok,,local,0.7312433,5.6745987
q9nrg4_sam,dynamicbind_asd,7,0.7306697,0.7783395051956177,0.9228665232658386,1.0,ok,,local,0.7306697,5.6870103
q9nrg4_sam,dynamicbind_asd,8,0.73032147,0.7487772703170776,0.9357221126556396,1.0,ok,,local,0.73032147,5.573982
q9nrg4_sam,dynamicbind_asd,9,0.7301212,0.7147841453552246,0.923418402671814,1.0,ok,,local,0.7301212,5.6880703
q9nrg4_sam,dynamicbind_asd,10,0.73011833,0.6975153684616089,0.9399224519729614,1.0,ok,,local,0.73011833,5.540802
q9nrg4_sam,dynamicbind_asd,11,0.72991014,0.7272063493728638,0.9366120100021362,1.0,ok,,local,0.72991014,5.70019
q9nrg4_sam,dynamicbind_asd,12,0.7294335,0.7068076729774475,0.9264705777168274,1.0,ok,,local,0.7294335,5.7660604
q9nrg4_sam,dynamicbind_asd,13,0.7280894,0.7076287865638733,0.9383860230445862,1.0,ok,,local,0.7280894,5.678741
q9nrg4_sam,dynamicbind_asd,14,0.727294,0.7521624565124512,0.9145742654800415,1.0,ok,,local,0.727294,5.579993
q9nrg4_sam,dynamicbind_asd,15,0.7268241,0.705424964427948,0.9330011010169983,1.0,ok,,local,0.7268241,5.6825123
q9nrg4_sam,dynamicbind_asd,16,0.72559434,0.8492146134376526,0.8753951787948608,1.0,ok,,local,0.72559434,5.596566
q9nrg4_sam,dynamicbind_asd,17,0.72557837,0.848724901676178,0.8740779757499695,1.0,ok,,local,0.72557837,5.596628
q9nrg4_sam,dynamicbind_asd,18,0.7252872,0.7368476390838623,0.9325353503227234,1.0,ok,,local,0.7252872,5.767015
q9nrg4_sam,dynamicbind_asd,19,0.7251804,0.809279203414917,0.8799790143966675,1.0,ok,,local,0.7251804,5.5753174
q9nrg4_sam,dynamicbind_asd,20,0.72518,0.8076741695404053,0.8892105221748352,1.0,ok,,local,0.72518,5.575323
q9nrg4_sam,dynamicbind_asd,21,0.72403437,0.741701066493988,0.8946104645729065,1.0,ok,,local,0.72403437,5.531259
q9nrg4_sam,dynamicbind_asd,22,0.7240342,0.7396059632301331,0.897849440574646,1.0,ok,,local,0.7240342,5.5312634
q9nrg4_sam,dynamicbind_asd,23,0.72360736,0.8730162978172302,0.8913160562515259,1.0,ok,,local,0.72360736,5.8175273
q9nrg4_sam,dynamicbind_asd,24,0.7231041,0.7420870065689087,0.8867725133895874,1.0,ok,,local,0.7231041,5.3806453
q9nrg4_sam,dynamicbind_asd,25,0.72309816,0.7436819672584534,0.8886532187461853,1.0,ok,,local,0.72309816,5.380675
q9nrg4_sam,dynamicbind_asd,26,0.72304255,0.7802126407623291,0.9190938472747803,1.0,ok,,local,0.72304255,5.7774215
q9nrg4_sam,dynamicbind_asd,27,0.72033954,0.7767161726951599,0.8909235596656799,1.0,ok,,local,0.72033954,5.5074034
q9nrg4_sam,dynamicbind_asd,28,0.7203395,0.7744171619415283,0.8906581997871399,1.0,ok,,local,0.7203395,5.507407
q9nrg4_sam,dynamicbind_asd,29,0.72031665,0.768558144569397,0.8907894492149353,1.0,ok,,local,0.72031665,5.442419
q9nrg4_sam,dynamicbind_asd,30,0.7203166,0.7666212916374207,0.8963414430618286,1.0,ok,,local,0.7203166,5.442416
q9nrg4_sam,dynamicbind_asd,31,0.7199483,0.7827298641204834,0.8943326473236084,1.0,ok,,local,0.7199483,5.387709
q9nrg4_sam,dynamicbind_asd,32,0.7199479,0.7751166820526123,0.8994130492210388,1.0,ok,,local,0.7199479,5.3877177
q9nrg4_sam,dynamicbind_asd,33,0.7193545,0.7646105289459229,0.884819507598877,1.0,ok,,local,0.7193545,5.586362
q9nrg4_sam,dynamicbind_asd,34,0.7193541,0.7646373510360718,0.8845541477203369,1.0,ok,,local,0.7193541,5.586368
q9nrg4_sam,dynamicbind_asd,35,0.7169804,0.7308905720710754,0.9308920502662659,1.0,ok,,local,0.7169804,5.5841074
q9nrg4_sam,dynamicbind_asd,36,0.7144023,0.9181365966796875,0.8828689455986023,1.0,ok,,local,0.7144023,5.602753
q9nrg4_sam,dynamicbind_asd,37,0.7144022,0.9171132445335388,0.882885217666626,1.0,ok,,local,0.7144022,5.6027484
q9nrg4_sam,dynamicbind_asd,38,0.70564705,0.921162486076355,0.8660062551498413,1.0,ok,,local,0.70564705,5.3837233
q9nrg4_sam,dynamicbind_asd,39,0.70564693,0.920637309551239,0.865464985370636,1.0,ok,,local,0.70564693,5.3837204
q9nwt6_ndf,dynamicbind_asd,0,0.766727,0.5928705930709839,0.9290322661399841,0.0,ok,,local,0.766727,4.044649
q9nwt6_ndf,dynamicbind_asd,1,0.75805706,0.7590590715408325,0.9233193397521973,0.0,ok,,local,0.75805706,4.1350403
q9nwt6_ndf,dynamicbind_asd,2,0.7578016,0.5794609189033508,0.9419354796409607,0.0,ok,,local,0.7578016,4.108789
q9nwt6_ndf,dynamicbind_asd,3,0.75664574,0.5339615345001221,0.9443844556808472,0.0,ok,,local,0.75664574,4.17769
q9nwt6_ndf,dynamicbind_asd,4,0.75273013,0.5940682291984558,0.9404761791229248,0.0,ok,,local,0.75273013,4.1221943
q9nwt6_ndf,dynamicbind_asd,5,0.75145304,0.6966583728790283,0.9166666865348816,0.0,ok,,local,0.75145304,4.0692954
q9nwt6_ndf,dynamicbind_asd,6,0.75140345,0.5945760011672974,0.9330065250396729,0.0,ok,,local,0.75140345,4.1759543
q9nwt6_ndf,dynamicbind_asd,7,0.74999976,0.6485230922698975,0.9304956793785095,0.0,ok,,local,0.74999976,4.173346
q9nwt6_ndf,dynamicbind_asd,8,0.7445497,0.5531805753707886,0.9399141669273376,0.0,ok,,local,0.7445497,4.15035
q9nwt6_ndf,dynamicbind_asd,9,0.7365652,1.0917881727218628,0.8564814925193787,0.0,ok,,local,0.7365652,4.0528674
q9nzq7_6gz,dynamicbind_asd,0,0.57163244,3.774261474609375,0.5305576920509338,0.9701199620150804,ok,,local,0.57163244,6.176408
q9nzq7_6gz,dynamicbind_asd,1,0.5710298,2.6866278648376465,0.6710188388824463,0.9486399350072345,ok,,local,0.5710298,6.4186144
q9nzq7_6gz,dynamicbind_asd,2,0.556245,8.81854248046875,0.17612136900424957,0.9458248485496631,ok,,local,0.556245,5.887434
q9nzq7_6gz,dynamicbind_asd,3,0.55603737,2.6569509506225586,0.7602770328521729,0.9473758234174786,ok,,local,0.55603737,6.4484463
q9nzq7_6gz,dynamicbind_asd,4,0.5558441,5.189027786254883,0.3799663186073303,0.9710682100089215,ok,,local,0.5558441,6.725632
q9nzq7_6gz,dynamicbind_asd,5,0.5531737,2.0914461612701416,0.6923592686653137,0.9434540791458471,ok,,local,0.5531737,6.4018517
q9nzq7_6gz,dynamicbind_asd,6,0.55305123,2.514573812484741,0.7259911894798279,0.9482156116841726,ok,,local,0.55305123,6.0403957
q9nzq7_6gz,dynamicbind_asd,7,0.548406,2.476792812347412,0.7581743597984314,0.9477178177005027,ok,,local,0.548406,6.7344656
q9nzq7_6gz,dynamicbind_asd,8,0.54585826,3.5280747413635254,0.543870210647583,0.9676881777548385,ok,,local,0.54585826,6.316974
q9nzq7_6gz,dynamicbind_asd,9,0.5444764,4.032197952270508,0.6058506369590759,0.9494895092323798,ok,,local,0.5444764,6.264032
q9nzq7_6gz,dynamicbind_asd,10,0.5415724,2.402912139892578,0.653879702091217,0.9477725652349027,ok,,local,0.5415724,6.2402253
q9nzq7_6gz,dynamicbind_asd,11,0.5346554,3.342883825302124,0.5723793506622314,0.942173211139751,ok,,local,0.5346554,6.4030676
q9nzq7_6gz,dynamicbind_asd,12,0.530026,4.987778186798096,0.38180866837501526,0.9427935568385739,ok,,local,0.530026,6.8295126
q9nzq7_6gz,dynamicbind_asd,13,0.5296397,5.96223783493042,0.3201288878917694,0.946640348653851,ok,,local,0.5296397,6.2925663
q9nzq7_6gz,dynamicbind_asd,14,0.5264773,5.5958075523376465,0.3571915328502655,0.9406535847114609,ok,,local,0.5264773,6.817506
q9nzq7_6gz,dynamicbind_asd,15,0.52579975,3.1568753719329834,0.5156967639923096,0.9432594564149246,ok,,local,0.52579975,6.006422
q9nzq7_6gz,dynamicbind_asd,16,0.52485526,4.419605255126953,0.44562044739723206,0.9441328533340577,ok,,local,0.52485526,6.4880733
q9nzq7_6gz,dynamicbind_asd,17,0.5240078,2.4931867122650146,0.7857785820960999,0.9493759543435611,ok,,local,0.5240078,6.5554385
q9nzq7_6gz,dynamicbind_asd,18,0.5184101,3.9197895526885986,0.5009765625,0.94937575615539,ok,,local,0.5184101,5.628483
q9nzq7_6gz,dynamicbind_asd,19,0.5172269,5.296225547790527,0.3753378391265869,0.9510578437212,ok,,local,0.5172269,6.134497
q9nzq7_6gz,dynamicbind_asd,20,0.5167471,5.867306709289551,0.349135160446167,0.9413476464078956,ok,,local,0.5167471,6.4176836
q9nzq7_6gz,dynamicbind_asd,21,0.51602876,3.843096971511841,0.513660192489624,0.9329892444979279,ok,,local,0.51602876,6.5279884
q9nzq7_6gz,dynamicbind_asd,22,0.4994175,5.687436103820801,0.35261070728302,0.9684476067679172,ok,,local,0.4994175,6.316796
q9nzq7_6gz,dynamicbind_asd,23,0.49598393,7.128553867340088,0.23135964572429657,0.9659822912566559,ok,,local,0.49598393,6.6587343
q9nzq7_6gz,dynamicbind_asd,24,0.4945199,6.501752853393555,0.3154609501361847,0.9526458981464563,ok,,local,0.4945199,6.655219
q9nzq7_6gz,dynamicbind_asd,25,0.49427408,9.870720863342285,0.276729553937912,0.9697516038524157,ok,,local,0.49427408,6.267974
q9nzq7_6gz,dynamicbind_asd,26,0.4899676,7.863593101501465,0.17842261493206024,0.9706762995965449,ok,,local,0.4899676,6.9282875
q9nzq7_6gz,dynamicbind_asd,27,0.4752229,8.086996078491211,0.33049431443214417,0.8964172241568343,ok,,local,0.4752229,6.2821383
q9nzq7_6gz,dynamicbind_asd,28,0.4700223,9.058817863464355,0.2752808928489685,0.9257394818776585,ok,,local,0.4700223,7.109743
q9nzq7_6gz,dynamicbind_asd,29,0.44102067,9.505002975463867,0.2458563596010208,0.9440329458273745,ok,,local,0.44102067,6.5992594
q9nzq7_hou,dynamicbind_asd,0,0.56461763,,,0.9673902695449457,ok,,local,0.56461763,6.609377
q9nzq7_hou,dynamicbind_asd,1,0.53695977,,,0.9476515046114212,ok,,local,0.53695977,6.0719805
q9nzq7_hou,dynamicbind_asd,2,0.5284477,,,0.9745768534046294,ok,,local,0.5284477,6.556525
q9nzq7_hou,dynamicbind_asd,3,0.5241247,,,0.967116090184538,ok,,local,0.5241247,6.693436
q9nzq7_hou,dynamicbind_asd,4,0.5209722,,,0.9462267612869429,ok,,local,0.5209722,6.859214
q9nzq7_hou,dynamicbind_asd,5,0.5202154,,,0.9496724394672458,ok,,local,0.5202154,6.3841166
q9nzq7_hou,dynamicbind_asd,6,0.5197176,,,0.9752928846316877,ok,,local,0.5197176,6.694621
q9nzq7_hou,dynamicbind_asd,7,0.5157862,,,0.9385385654683405,ok,,local,0.5157862,6.2577634
q9nzq7_hou,dynamicbind_asd,8,0.5139166,,,0.9213420891996538,ok,,local,0.5139166,5.8891478
q9nzq7_hou,dynamicbind_asd,9,0.5130532,,,0.9534776677091396,ok,,local,0.5130532,6.242111
q9nzq7_hou,dynamicbind_asd,10,0.5063676,,,0.9475025954174127,ok,,local,0.5063676,6.5484214
q9nzq7_hou,dynamicbind_asd,11,0.50564414,,,0.9395147409930278,ok,,local,0.50564414,5.7520275
q9nzq7_hou,dynamicbind_asd,12,0.50355375,,,0.9700623384328814,ok,,local,0.50355375,6.0793386
q9nzq7_hou,dynamicbind_asd,13,0.5016826,,,0.9371097733980562,ok,,local,0.5016826,6.2859674
q9nzq7_hou,dynamicbind_asd,14,0.500615,,,0.9498635979899301,ok,,local,0.500615,6.1749654
q9nzq7_hou,dynamicbind_asd,15,0.4976224,,,0.9329361586631362,ok,,local,0.4976224,6.4051466
q9nzq7_hou,dynamicbind_asd,16,0.4974614,,,0.9464754920157156,ok,,local,0.4974614,6.5395145
q9nzq7_hou,dynamicbind_asd,17,0.4962319,,,0.969547020783979,ok,,local,0.4962319,6.593927
q9nzq7_hou,dynamicbind_asd,18,0.49471453,,,0.9458130768043055,ok,,local,0.49471453,5.9822364
q9nzq7_hou,dynamicbind_asd,19,0.49340406,,,0.966278381683128,ok,,local,0.49340406,5.8544583
q9nzq7_hou,dynamicbind_asd,20,0.49229324,,,0.9482791118499576,ok,,local,0.49229324,6.2773128
q9nzq7_hou,dynamicbind_asd,21,0.4896399,,,0.9472737227604285,ok,,local,0.4896399,5.9232574
q9nzq7_hou,dynamicbind_asd,22,0.4859682,,,0.9081501307099471,ok,,local,0.4859682,5.3625627
q9nzq7_hou,dynamicbind_asd,23,0.48307317,,,0.9031461382585462,ok,,local,0.48307317,5.5234585
q9nzq7_hou,dynamicbind_asd,24,0.48191646,,,0.9400061208897831,ok,,local,0.48191646,5.955558
q9nzq7_hou,dynamicbind_asd,25,0.4760084,,,0.9381622998632918,ok,,local,0.4760084,5.883759
q9nzq7_hou,dynamicbind_asd,26,0.46714917,,,0.9356022150301803,ok,,local,0.46714917,6.1191874
q9nzq7_hou,dynamicbind_asd,27,0.44311312,,,0.9065967680072926,ok,,local,0.44311312,5.563534
q9nzq7_hou,dynamicbind_asd,28,0.43011197,,,0.9422588075008866,ok,,local,0.43011197,5.8243084
q9nzq7_hou,dynamicbind_asd,29,0.42436045,,,0.9067165446620735,ok,,local,0.42436045,5.4896736
q9nzq7_kw7,dynamicbind_asd,0,0.6449998,,,0.948332736758037,ok,,local,0.6449998,5.2649097
q9nzq7_kw7,dynamicbind_asd,1,0.6292647,,,0.9516913198438601,ok,,local,0.6292647,4.951215
q9nzq7_kw7,dynamicbind_asd,2,0.6280003,,,0.949593942939288,ok,,local,0.6280003,5.445594
q9nzq7_kw7,dynamicbind_asd,3,0.6260506,,,0.953552692634694,ok,,local,0.6260506,4.9248714
q9nzq7_kw7,dynamicbind_asd,4,0.61385584,,,0.9472318114935251,ok,,local,0.61385584,5.0187387
q9nzq7_kw7,dynamicbind_asd,5,0.61384726,,,0.9771303048801684,ok,,local,0.61384726,4.727186
q9nzq7_kw7,dynamicbind_asd,6,0.61295086,,,0.9564016799038996,ok,,local,0.61295086,5.082333
q9nzq7_kw7,dynamicbind_asd,7,0.6072591,,,0.9582605645657782,ok,,local,0.6072591,5.1799583
q9nzq7_kw7,dynamicbind_asd,8,0.60659987,,,0.9496135856256521,ok,,local,0.60659987,4.810503
q9nzq7_kw7,dynamicbind_asd,9,0.60421413,,,0.9484415563701144,ok,,local,0.60421413,5.611353
q9nzq7_kw7,dynamicbind_asd,10,0.60251087,,,0.9493168818588851,ok,,local,0.60251087,5.4712925
q9nzq7_kw7,dynamicbind_asd,11,0.60237205,,,0.9476482922899925,ok,,local,0.60237205,5.62508
q9nzq7_kw7,dynamicbind_asd,12,0.5963509,,,0.9780045368770004,ok,,local,0.5963509,5.1428494
q9nzq7_kw7,dynamicbind_asd,13,0.58530223,,,0.977047786797629,ok,,local,0.58530223,5.083844
q9nzq7_kw7,dynamicbind_asd,14,0.5798169,,,0.9503474506630245,ok,,local,0.5798169,4.866914
q9nzq7_kw7,dynamicbind_asd,15,0.5791381,,,0.9475890743499585,ok,,local,0.5791381,5.5172887
q9nzq7_kw7,dynamicbind_asd,16,0.57662344,,,0.955913575853338,ok,,local,0.57662344,5.193239
q9nzq7_kw7,dynamicbind_asd,17,0.5757991,,,0.972354574186997,ok,,local,0.5757991,5.178593
q9nzq7_kw7,dynamicbind_asd,18,0.5741874,,,0.9550621753216222,ok,,local,0.5741874,5.247699
q9nzq7_kw7,dynamicbind_asd,19,0.5693749,,,0.9548742802618357,ok,,local,0.5693749,5.2134666
q9nzq7_kw7,dynamicbind_asd,20,0.5585374,,,0.9744667606225623,ok,,local,0.5585374,5.2496257
q9nzq7_kw7,dynamicbind_asd,21,0.55637115,,,0.9530501780404727,ok,,local,0.55637115,5.170265
q9nzq7_kw7,dynamicbind_asd,22,0.5561191,,,0.9778345876555156,ok,,local,0.5561191,5.2502365
q9nzq7_kw7,dynamicbind_asd,23,0.55280083,,,0.9497418760345033,ok,,local,0.55280083,4.9129124
q9nzq7_kw7,dynamicbind_asd,24,0.5516954,,,0.9755217133937225,ok,,local,0.5516954,5.257823
q9nzq7_kw7,dynamicbind_asd,25,0.5410484,,,0.9754501128828764,ok,,local,0.5410484,5.2742124
q9nzq7_kw7,dynamicbind_asd,26,0.5376375,,,0.9773918825066623,ok,,local,0.5376375,5.081502
q9nzq7_kw7,dynamicbind_asd,27,0.5292505,,,0.9459126108835975,ok,,local,0.5292505,5.3066382
q9nzq7_kw7,dynamicbind_asd,28,0.50212246,,,0.9431697636389865,ok,,local,0.50212246,4.129009
q9p289_59t,dynamicbind_asd,0,0.6873263,0.8987872004508972,0.8739930987358093,0.0,ok,,local,0.6873263,8.262319
q9p289_59t,dynamicbind_asd,1,0.68425727,2.0032923221588135,0.7044544816017151,0.0,ok,,local,0.68425727,7.866161
q9p289_59t,dynamicbind_asd,2,0.6797883,1.7299727201461792,0.7836179137229919,0.0,ok,,local,0.6797883,7.996638
q9p289_59t,dynamicbind_asd,3,0.67640513,1.0411397218704224,0.8845930099487305,0.0,ok,,local,0.67640513,7.932694
q9p289_59t,dynamicbind_asd,4,0.6674683,1.7478983402252197,0.7348726391792297,0.0,ok,,local,0.6674683,8.216068
q9p289_59t,dynamicbind_asd,5,0.66353214,1.4894921779632568,0.7904040217399597,0.0,ok,,local,0.66353214,7.805914
q9p289_59t,dynamicbind_asd,6,0.66307443,2.2449562549591064,0.6540456414222717,0.0,ok,,local,0.66307443,7.7651386
q9p289_59t,dynamicbind_asd,7,0.6509311,1.797038197517395,0.6704918146133423,0.0,ok,,local,0.6509311,8.049545
q9p289_59t,dynamicbind_asd,8,0.64747167,1.3192284107208252,0.7957386374473572,0.0,ok,,local,0.64747167,7.928211
q9p289_59t,dynamicbind_asd,9,0.647219,1.6070737838745117,0.7104978561401367,0.0,ok,,local,0.647219,8.080014
q9qzl0_1fn,dynamicbind_asd,0,0.6939276,,,0.9813886622823137,ok,,local,0.6939276,7.180908
q9qzl0_1fn,dynamicbind_asd,1,0.6938071,,,0.9823686334796312,ok,,local,0.6938071,7.0681357
q9qzl0_1fn,dynamicbind_asd,2,0.6866877,,,0.9785852615770905,ok,,local,0.6866877,6.793949
q9qzl0_1fn,dynamicbind_asd,3,0.68019634,,,0.980410607705311,ok,,local,0.68019634,6.960319
q9qzl0_1fn,dynamicbind_asd,4,0.6702194,,,0.9806056883695058,ok,,local,0.6702194,6.9831867
q9qzl0_1fn,dynamicbind_asd,5,0.65358204,,,0.9805328362737369,ok,,local,0.65358204,7.0684733
q9qzl0_1fn,dynamicbind_asd,6,0.6453432,,,0.9816995053953652,ok,,local,0.6453432,7.063839
q9qzl0_1fn,dynamicbind_asd,7,0.63823426,,,0.9823463339489547,ok,,local,0.63823426,7.0540066
q9qzl0_1fn,dynamicbind_asd,8,0.61289304,,,0.9818517929335904,ok,,local,0.61289304,6.962451
q9qzl0_1fn,dynamicbind_asd,9,0.50693876,,,0.9803498588310239,ok,,local,0.50693876,7.4923167
q9ubp6_sah,dynamicbind_asd,0,0.7771378,,,1.0,ok,,local,0.7771378,5.008858
q9ubp6_sah,dynamicbind_asd,1,0.7744725,,,1.0,ok,,local,0.7744725,5.124482
q9ubp6_sah,dynamicbind_asd,2,0.7670471,,,1.0,ok,,local,0.7670471,4.990422
q9ubp6_sah,dynamicbind_asd,3,0.76459944,,,1.0,ok,,local,0.76459944,5.186459
q9ubp6_sah,dynamicbind_asd,4,0.7645969,,,1.0,ok,,local,0.7645969,5.1335025
q9ubp6_sah,dynamicbind_asd,5,0.7625177,,,1.0,ok,,local,0.7625177,5.1615405
q9ubp6_sah,dynamicbind_asd,6,0.76178914,,,1.0,ok,,local,0.76178914,4.8451266
q9ubp6_sah,dynamicbind_asd,7,0.75996083,,,1.0,ok,,local,0.75996083,5.0757394
q9ubp6_sah,dynamicbind_asd,8,0.7583508,,,1.0,ok,,local,0.7583508,4.981777
q9ubp6_sah,dynamicbind_asd,9,0.75820756,,,1.0,ok,,local,0.75820756,5.11974
q9ubp6_sah,dynamicbind_asd,10,0.75701284,,,1.0,ok,,local,0.75701284,4.9067307
q9ubp6_sah,dynamicbind_asd,11,0.75604457,,,1.0,ok,,local,0.75604457,5.000742
q9ubp6_sah,dynamicbind_asd,12,0.75516015,,,1.0,ok,,local,0.75516015,5.152736
q9ubp6_sah,dynamicbind_asd,13,0.75399655,,,1.0,ok,,local,0.75399655,4.908599
q9ubp6_sah,dynamicbind_asd,14,0.75158876,,,1.0,ok,,local,0.75158876,4.997574
q9ubp6_sah,dynamicbind_asd,15,0.75006133,,,1.0,ok,,local,0.75006133,4.9677033
q9ubp6_sah,dynamicbind_asd,16,0.7489058,,,1.0,ok,,local,0.7489058,5.021828
q9ubp6_sah,dynamicbind_asd,17,0.7466566,,,1.0,ok,,local,0.7466566,5.0195904
q9ubp6_sah,dynamicbind_asd,18,0.7452767,,,1.0,ok,,local,0.7452767,4.8292103
q9ubp6_sah,dynamicbind_asd,19,0.74495566,,,1.0,ok,,local,0.74495566,5.0051675
q9ubp6_sam,dynamicbind_asd,0,0.7798108,0.8061721324920654,0.8790956735610962,1.0,ok,,local,0.7798108,5.151419
q9ubp6_sam,dynamicbind_asd,1,0.7790697,0.9338210821151733,0.8538162708282471,1.0,ok,,local,0.7790697,5.1432304
q9ubp6_sam,dynamicbind_asd,2,0.77832514,0.8836774230003357,0.8838350772857666,1.0,ok,,local,0.77832514,5.1213174
q9ubp6_sam,dynamicbind_asd,3,0.77602136,0.87516850233078,0.8645012974739075,1.0,ok,,local,0.77602136,5.2520337
q9ubp6_sam,dynamicbind_asd,4,0.7759551,0.8978951573371887,0.8573298454284668,1.0,ok,,local,0.7759551,5.1582265
q9ubp6_sam,dynamicbind_asd,5,0.77590656,0.9841362833976746,0.8339743614196777,1.0,ok,,local,0.77590656,5.20135
q9ubp6_sam,dynamicbind_asd,6,0.77580464,1.095455288887024,0.8398337364196777,1.0,ok,,local,0.77580464,5.10951
q9ubp6_sam,dynamicbind_asd,7,0.77516335,0.9368029236793518,0.8666883707046509,1.0,ok,,local,0.77516335,5.1444097
q9ubp6_sam,dynamicbind_asd,8,0.77312803,0.7070325016975403,0.9070000052452087,1.0,ok,,local,0.77312803,5.264063
q9ubp6_sam,dynamicbind_asd,9,0.7720465,0.9786022901535034,0.8417288661003113,1.0,ok,,local,0.7720465,5.0575337
q9ubp6_sam,dynamicbind_asd,10,0.7718275,0.9324066638946533,0.8640463948249817,1.0,ok,,local,0.7718275,5.2922974
q9ubp6_sam,dynamicbind_asd,11,0.76958066,1.0124942064285278,0.8356966972351074,1.0,ok,,local,0.76958066,5.097214
q9ubp6_sam,dynamicbind_asd,12,0.76828307,0.9566563963890076,0.839975118637085,1.0,ok,,local,0.76828307,5.0967207
q9ubp6_sam,dynamicbind_asd,13,0.76806074,0.8817694783210754,0.8631479144096375,1.0,ok,,local,0.76806074,5.157059
q9ubp6_sam,dynamicbind_asd,14,0.7652226,0.9752411246299744,0.8503164649009705,1.0,ok,,local,0.7652226,5.121116
q9ubp6_sam,dynamicbind_asd,15,0.7643924,1.0571322441101074,0.8203221559524536,1.0,ok,,local,0.7643924,5.069467
q9ubp6_sam,dynamicbind_asd,16,0.76407385,1.0860915184020996,0.8014527559280396,1.0,ok,,local,0.76407385,5.0395904
q9ubp6_sam,dynamicbind_asd,17,0.7637049,1.0486074686050415,0.8213414549827576,1.0,ok,,local,0.7637049,5.0251617
q9ubp6_sam,dynamicbind_asd,18,0.7617651,0.9842040538787842,0.8465130925178528,1.0,ok,,local,0.7617651,5.095636
q9ubp6_sam,dynamicbind_asd,19,0.75662756,1.0031821727752686,0.8254017233848572,1.0,ok,,local,0.75662756,5.108975
q9y657_2od,dynamicbind_asd,0,0.6661101,,,0.0,ok,,local,0.6661101,6.2747784
q9y657_2od,dynamicbind_asd,1,0.6614799,,,1.0,ok,,local,0.6614799,6.0973577
q9y657_2od,dynamicbind_asd,2,0.6597717,,,0.0,ok,,local,0.6597717,6.7543535
q9y657_2od,dynamicbind_asd,3,0.65957105,,,1.0,ok,,local,0.65957105,5.66807
q9y657_2od,dynamicbind_asd,4,0.65951407,,,1.0,ok,,local,0.65951407,5.635562
q9y657_2od,dynamicbind_asd,5,0.6501115,,,0.0,ok,,local,0.6501115,6.2586055
q9y657_2od,dynamicbind_asd,6,0.64514107,,,1.0,ok,,local,0.64514107,5.483365
q9y657_2od,dynamicbind_asd,7,0.6406532,,,1.0,ok,,local,0.6406532,5.847731
q9y657_2od,dynamicbind_asd,8,0.6382741,,,1.0,ok,,local,0.6382741,5.937219
q9y657_2od,dynamicbind_asd,9,0.6354756,,,0.0,ok,,local,0.6354756,5.5293922
q9y657_2od,dynamicbind_asd,10,0.63341314,,,1.0,ok,,local,0.63341314,5.7701917
q9y657_2od,dynamicbind_asd,11,0.6311183,,,0.0,ok,,local,0.6311183,6.736368
q9y657_2od,dynamicbind_asd,12,0.62469107,,,1.0,ok,,local,0.62469107,5.4795895
q9y657_2od,dynamicbind_asd,13,0.6228055,,,0.0,ok,,local,0.6228055,6.1167974
q9y657_2od,dynamicbind_asd,14,0.61947405,,,0.0,ok,,local,0.61947405,6.2428937
q9y657_2od,dynamicbind_asd,15,0.6182171,,,0.0,ok,,local,0.6182171,6.2022448
q9y657_2od,dynamicbind_asd,16,0.5996086,,,0.0,ok,,local,0.5996086,6.393855
q9y657_2od,dynamicbind_asd,17,0.58373606,,,0.0,ok,,local,0.58373606,6.4697294
q9y657_2od,dynamicbind_asd,18,0.58170253,,,0.0,ok,,local,0.58170253,5.9164896
q9y657_2od,dynamicbind_asd,19,0.57927257,,,0.0,ok,,local,0.57927257,6.863217
q9y657_2od,dynamicbind_asd,20,0.5735654,,,1.0,ok,,local,0.5735654,6.683079
q9y657_2od,dynamicbind_asd,21,0.57224053,,,0.0,ok,,local,0.57224053,5.8842025
q9y657_2od,dynamicbind_asd,22,0.5661428,,,1.0,ok,,local,0.5661428,6.089992
q9y657_2od,dynamicbind_asd,23,0.5649942,,,0.0,ok,,local,0.5649942,5.676998
q9y657_2od,dynamicbind_asd,24,0.53565913,,,0.0,ok,,local,0.53565913,5.7171364
q9y657_2od,dynamicbind_asd,25,0.53328604,,,0.0,ok,,local,0.53328604,5.5773
q9y657_2od,dynamicbind_asd,26,0.5133847,,,0.0,ok,,local,0.5133847,6.1129794
q9y657_2od,dynamicbind_asd,27,0.49344265,,,0.0,ok,,local,0.49344265,5.584438
q9y657_2od,dynamicbind_asd,28,0.4869434,,,0.0,ok,,local,0.4869434,6.770597
q9y657_2od,dynamicbind_asd,29,0.48403427,,,0.0,ok,,local,0.48403427,6.160523
q9y657_6p9,dynamicbind_asd,0,0.5699545,4.507819652557373,0.5439860820770264,0.0,ok,,local,0.5699545,5.192129
q9y657_6p9,dynamicbind_asd,1,0.56995076,4.513912677764893,0.547249972820282,0.0,ok,,local,0.56995076,5.19213
q9y657_6p9,dynamicbind_asd,2,0.5654367,4.114419460296631,0.5341355800628662,1.0,ok,,local,0.5654367,5.2781124
q9y657_6p9,dynamicbind_asd,3,0.55362093,,,0.0,ok,,local,0.55362093,5.4978147
q9y657_6p9,dynamicbind_asd,4,0.5536065,,,0.0,ok,,local,0.5536065,5.498371
q9y657_6p9,dynamicbind_asd,5,0.55326456,4.78920841217041,0.545714259147644,0.0,ok,,local,0.55326456,4.6672277
q9y657_6p9,dynamicbind_asd,6,0.5532634,4.770248889923096,0.5434160232543945,0.0,ok,,local,0.5532634,4.667233
q9y657_6p9,dynamicbind_asd,7,0.5528022,12.365009307861328,0.02996254712343216,0.0,ok,,local,0.5528022,5.2967253
q9y657_6p9,dynamicbind_asd,8,0.55280155,12.36567497253418,0.029985006898641586,0.0,ok,,local,0.55280155,5.2967224
q9y657_6p9,dynamicbind_asd,9,0.54806185,12.698500633239746,0.05395805090665817,1.0,ok,,local,0.54806185,5.165025
q9y657_6p9,dynamicbind_asd,10,0.5436934,12.231526374816895,0.05326087027788162,0.0,ok,,local,0.5436934,5.005645
q9y657_6p9,dynamicbind_asd,11,0.5436261,12.233065605163574,0.05276381969451904,0.0,ok,,local,0.5436261,5.005327
q9y657_6p9,dynamicbind_asd,12,0.5428454,4.210520267486572,0.4754733145236969,1.0,ok,,local,0.5428454,5.297168
q9y657_6p9,dynamicbind_asd,13,0.54216003,12.42789363861084,0.06327725201845169,0.0,ok,,local,0.54216003,4.9902267
q9y657_6p9,dynamicbind_asd,14,0.54215837,12.414850234985352,0.06420161575078964,0.0,ok,,local,0.54215837,4.990232
q9y657_6p9,dynamicbind_asd,15,0.5397137,4.6500139236450195,0.4502304196357727,0.0,ok,,local,0.5397137,5.2755275
q9y657_6p9,dynamicbind_asd,16,0.539713,4.654748916625977,0.47979798913002014,0.0,ok,,local,0.539713,5.275544
q9y657_6p9,dynamicbind_asd,17,0.5332986,6.186775207519531,0.3138343393802643,0.0,ok,,local,0.5332986,4.662882
q9y657_6p9,dynamicbind_asd,18,0.53329855,6.2072367668151855,0.312872976064682,0.0,ok,,local,0.53329855,4.6628895
q9y657_6p9,dynamicbind_asd,19,0.53155696,11.734292030334473,0.022934040054678917,0.0,ok,,local,0.53155696,5.3374333
q9y657_6p9,dynamicbind_asd,20,0.5315563,11.733267784118652,0.021796815097332,0.0,ok,,local,0.5315563,5.337446
q9y657_6p9,dynamicbind_asd,21,0.52804446,3.2661235332489014,0.5912906527519226,0.0,ok,,local,0.52804446,5.1902366
q9y657_6p9,dynamicbind_asd,22,0.5280435,3.263390064239502,0.5921330451965332,0.0,ok,,local,0.5280435,5.1902366
q9y657_6p9,dynamicbind_asd,23,0.526014,12.151638984680176,0.03442171588540077,0.0,ok,,local,0.526014,5.048199
q9y657_6p9,dynamicbind_asd,24,0.52594906,12.154021263122559,0.03430599346756935,0.0,ok,,local,0.52594906,5.05372
q9y657_6p9,dynamicbind_asd,25,0.5183222,12.542739868164062,0.04329501837491989,0.0,ok,,local,0.5183222,4.965644
q9y657_6p9,dynamicbind_asd,26,0.51830035,12.542296409606934,0.04313650354743004,0.0,ok,,local,0.51830035,4.964685
q9y657_6p9,dynamicbind_asd,27,0.51758426,6.108285427093506,0.44908562302589417,1.0,ok,,local,0.51758426,5.27649
q9y657_6p9,dynamicbind_asd,28,0.51431507,7.689822196960449,0.26865673065185547,0.0,ok,,local,0.51431507,5.0056667
q9y657_6p9,dynamicbind_asd,29,0.5143135,7.695520877838135,0.26624345779418945,0.0,ok,,local,0.5143135,5.005667
q9y657_6p9,dynamicbind_asd,30,0.51205736,12.006875038146973,0.041224490851163864,0.0,ok,,local,0.51205736,4.9566135
q9y657_6p9,dynamicbind_asd,31,0.5120571,12.009242057800293,0.04077430069446564,0.0,ok,,local,0.5120571,4.956622
q9y657_6p9,dynamicbind_asd,32,0.51026154,2.610992193222046,0.6102771162986755,0.0,ok,,local,0.51026154,5.059614
q9y657_6p9,dynamicbind_asd,33,0.51026064,2.6090753078460693,0.6128190159797668,0.0,ok,,local,0.51026064,5.059621
q9y657_6p9,dynamicbind_asd,34,0.5018925,3.6146726608276367,0.5165995955467224,0.0,ok,,local,0.5018925,4.869008
q9y657_6p9,dynamicbind_asd,35,0.5018913,3.5853493213653564,0.5194247961044312,0.0,ok,,local,0.5018913,4.869012
q9y657_6p9,dynamicbind_asd,36,0.49973026,11.521620750427246,0.08460502326488495,0.0,ok,,local,0.49973026,5.2823405
q9y657_6p9,dynamicbind_asd,37,0.49973008,11.53534984588623,0.08244206756353378,0.0,ok,,local,0.49973008,5.282331
q9y657_6p9,dynamicbind_asd,38,0.4955058,12.82340145111084,0.08179329335689545,1.0,ok,,local,0.4955058,5.4073224
q9y657_6p9,dynamicbind_asd,39,0.4855136,11.787946701049805,0.06839795410633087,0.0,ok,,local,0.4855136,5.1348085
q9y657_6p9,dynamicbind_asd,40,0.485513,11.782797813415527,0.06823144108057022,0.0,ok,,local,0.485513,5.134808
q9y657_6p9,dynamicbind_asd,41,0.4760558,11.835247039794922,0.02994011901319027,1.0,ok,,local,0.4760558,5.1634593
q9y657_6p9,dynamicbind_asd,42,0.4734703,11.155832290649414,0.16863100230693817,0.0,ok,,local,0.4734703,5.310819
q9y657_6p9,dynamicbind_asd,43,0.47346988,11.119391441345215,0.16868029534816742,0.0,ok,,local,0.47346988,5.3108196
q9y657_6p9,dynamicbind_asd,44,0.46717086,10.499040603637695,0.10397897660732269,0.0,ok,,local,0.46717086,5.0810986
q9y657_6p9,dynamicbind_asd,45,0.46717015,10.500590324401855,0.10515425354242325,0.0,ok,,local,0.46717015,5.0810905
q9y657_6p9,dynamicbind_asd,46,0.4658104,13.891090393066406,0.023862199857831,1.0,ok,,local,0.4658104,5.425965
q9y657_6p9,dynamicbind_asd,47,0.44383135,13.174914360046387,0.04439403861761093,1.0,ok,,local,0.44383135,5.395679
q9y657_6p9,dynamicbind_asd,48,0.4427764,12.248101234436035,0.1704464852809906,1.0,ok,,local,0.4427764,5.8814325
q9y657_6p9,dynamicbind_asd,49,0.4268739,4.855142116546631,0.4794911742210388,1.0,ok,,local,0.4268739,5.2171664
q9y657_6pd,dynamicbind_asd,0,0.57269454,3.8379063606262207,0.6610169410705566,0.0,ok,,local,0.57269454,5.6652794
q9y657_6pd,dynamicbind_asd,1,0.57269365,3.8518576622009277,0.6592105031013489,0.0,ok,,local,0.57269365,5.6652913
q9y657_6pd,dynamicbind_asd,2,0.5467121,12.234992027282715,0.05621742457151413,0.0,ok,,local,0.5467121,6.0211253
q9y657_6pd,dynamicbind_asd,3,0.54670995,12.241366386413574,0.05534638464450836,0.0,ok,,local,0.54670995,6.0211387
q9y657_6pd,dynamicbind_asd,4,0.5460044,12.633334159851074,0.040362730622291565,0.0,ok,,local,0.5460044,6.7063847
q9y657_6pd,dynamicbind_asd,5,0.5460043,12.629734992980957,0.03947368264198303,0.0,ok,,local,0.5460043,6.7063813
q9y657_6pd,dynamicbind_asd,6,0.52839524,11.026739120483398,0.10475792735815048,0.0,ok,,local,0.52839524,5.2671213
q9y657_6pd,dynamicbind_asd,7,0.52839506,11.034920692443848,0.09763071686029434,0.0,ok,,local,0.52839506,5.2671185
q9y657_6pd,dynamicbind_asd,8,0.5219901,6.570585250854492,0.2686005234718323,0.0,ok,,local,0.5219901,5.6185493
q9y657_6pd,dynamicbind_asd,9,0.5219895,6.5877156257629395,0.2683142125606537,0.0,ok,,local,0.5219895,5.618561
q9y657_6pd,dynamicbind_asd,10,0.5206597,6.561024188995361,0.2856498062610626,1.0,ok,,local,0.5206597,5.5823855
q9y657_6pd,dynamicbind_asd,11,0.520221,11.669320106506348,0.05150846391916275,0.0,ok,,local,0.520221,5.8892064
q9y657_6pd,dynamicbind_asd,12,0.5202189,11.674270629882812,0.05125368759036064,0.0,ok,,local,0.5202189,5.8892174
q9y657_6pd,dynamicbind_asd,13,0.516572,12.129117012023926,0.05103668197989464,0.0,ok,,local,0.516572,5.8041277
q9y657_6pd,dynamicbind_asd,14,0.5165094,12.131604194641113,0.04800000041723251,0.0,ok,,local,0.5165094,5.804534
q9y657_6pd,dynamicbind_asd,15,0.5140198,9.24099349975586,0.10731225460767746,0.0,ok,,local,0.5140198,5.9197273
q9y657_6pd,dynamicbind_asd,16,0.508966,13.313405990600586,0.04547050595283508,1.0,ok,,local,0.508966,5.509121
q9y657_6pd,dynamicbind_asd,17,0.5084934,9.053138732910156,0.11559999734163284,0.0,ok,,local,0.5084934,5.7874055
q9y657_6pd,dynamicbind_asd,18,0.5047209,13.369014739990234,0.06695380061864853,0.0,ok,,local,0.5047209,5.13147
q9y657_6pd,dynamicbind_asd,19,0.50472075,13.368821144104004,0.06812795996665955,0.0,ok,,local,0.50472075,5.1314416
q9y657_6pd,dynamicbind_asd,20,0.50400114,13.303722381591797,0.029217926785349846,0.0,ok,,local,0.50400114,6.67263
q9y657_6pd,dynamicbind_asd,21,0.50398546,13.325705528259277,0.027802690863609314,0.0,ok,,local,0.50398546,6.6725783
q9y657_6pd,dynamicbind_asd,22,0.5007397,11.52405071258545,0.08019674569368362,0.0,ok,,local,0.5007397,5.5430493
q9y657_6pd,dynamicbind_asd,23,0.5007237,11.515824317932129,0.07908163219690323,0.0,ok,,local,0.5007237,5.5429797
q9y657_6pd,dynamicbind_asd,24,0.49942285,11.655729293823242,0.08009153604507446,0.0,ok,,local,0.49942285,6.156919
q9y657_6pd,dynamicbind_asd,25,0.49830484,11.678874969482422,0.07893745601177216,0.0,ok,,local,0.49830484,6.166662
q9y657_6pd,dynamicbind_asd,26,0.49593,11.68228816986084,0.058407995849847794,0.0,ok,,local,0.49593,5.6138806
q9y657_6pd,dynamicbind_asd,27,0.49578142,11.674613952636719,0.060143932700157166,0.0,ok,,local,0.49578142,5.618501
q9y657_6pd,dynamicbind_asd,28,0.4956868,12.021367073059082,0.060275353491306305,1.0,ok,,local,0.4956868,5.667657
q9y657_6pd,dynamicbind_asd,29,0.49244496,10.400202751159668,0.08151765912771225,1.0,ok,,local,0.49244496,5.6185145
q9y657_6pd,dynamicbind_asd,30,0.49050257,4.9907941818237305,0.3930160105228424,0.0,ok,,local,0.49050257,6.3326697
q9y657_6pd,dynamicbind_asd,31,0.489969,4.987731456756592,0.39428192377090454,0.0,ok,,local,0.489969,6.325292
q9y657_6pd,dynamicbind_asd,32,0.48731765,12.531182289123535,0.04543834552168846,0.0,ok,,local,0.48731765,6.059526
q9y657_6pd,dynamicbind_asd,33,0.48731267,12.522608757019043,0.04489436745643616,0.0,ok,,local,0.48731267,6.059584
q9y657_6pd,dynamicbind_asd,34,0.4814457,11.399547576904297,0.05271859094500542,1.0,ok,,local,0.4814457,5.579629
q9y657_6pd,dynamicbind_asd,35,0.47640848,11.075846672058105,0.07175713032484055,1.0,ok,,local,0.47640848,5.7879343
q9y657_6pd,dynamicbind_asd,36,0.46464944,5.917103290557861,0.4211101531982422,1.0,ok,,local,0.46464944,6.0817885
q9y657_6pd,dynamicbind_asd,37,0.46358493,12.090835571289062,0.040133778005838394,0.0,ok,,local,0.46358493,5.617303
q9y657_6pd,dynamicbind_asd,38,0.46358204,12.084052085876465,0.041909925639629364,0.0,ok,,local,0.46358204,5.617293
q9y657_6pd,dynamicbind_asd,39,0.45794004,5.427042007446289,0.43012571334838867,0.0,ok,,local,0.45794004,6.0635934
q9y657_6pd,dynamicbind_asd,40,0.45793834,5.434061527252197,0.4333333373069763,0.0,ok,,local,0.45793834,6.0635767
q9y657_6pd,dynamicbind_asd,41,0.4416658,8.822423934936523,0.13518695533275604,1.0,ok,,local,0.4416658,5.229646
q9y657_6pd,dynamicbind_asd,42,0.42828143,12.630720138549805,0.06415563076734543,0.0,ok,,local,0.42828143,6.0196743
q9y657_6pd,dynamicbind_asd,43,0.4282666,12.621214866638184,0.06485355645418167,0.0,ok,,local,0.4282666,6.0191774
q9y657_6pd,dynamicbind_asd,44,0.42691046,10.67264461517334,0.07132768630981445,0.0,ok,,local,0.42691046,5.78358
q9y657_6pd,dynamicbind_asd,45,0.42690742,10.681442260742188,0.0730932205915451,0.0,ok,,local,0.42690742,5.783575
q9y657_6pd,dynamicbind_asd,46,0.41518915,8.4535551071167,0.13993453979492188,1.0,ok,,local,0.41518915,5.754643
q9y657_6pd,dynamicbind_asd,47,0.41380155,6.4371209144592285,0.3296557664871216,0.0,ok,,local,0.41380155,5.274812
q9y657_6pd,dynamicbind_asd,48,0.41380155,6.43887186050415,0.32823580503463745,0.0,ok,,local,0.41380155,5.274805
q9y657_6pd,dynamicbind_asd,49,0.39925584,10.939196586608887,0.09580498933792114,1.0,ok,,local,0.39925584,5.930013
