target_id,method,status,bisy_rmsd_angstrom,lddt_pli,candidate_kind,n_target_copies,assigned_copy_label,elapsed_seconds,error
1AGM,equibind,scored_both,3.141317844390869,0.4987500011920929,branched_glycan,2,D:D,0.886,
1AGM,diffdock,scored_both,3.21844744682312,0.6417078971862793,branched_glycan,2,E:E,1.2,
1A7C,equibind,scored_both,16.556631088256836,0.03138318657875061,short_polymer,2,B:B,0.76,
1A7C,diffdock,scored_both,22.48726463317871,0.023876404389739037,short_polymer,2,B:B,1.027,
1A30,equibind,scored_both,6.685997486114502,0.29399797320365906,short_polymer,1,C:C,0.682,
1A30,diffdock,scored_both,5.57699728012085,0.3950939476490021,short_polymer,1,C:C,0.878,
1A07,equibind,scored_both,6.1912946701049805,0.25189632177352905,short_polymer,2,D:D,0.697,
1A07,diffdock,scored_both,6.704807758331299,0.06801007688045502,short_polymer,2,D:D,0.899,
11GS,equibind,scored_both,13.8881254196167,0.05741870030760765,nonpolymer_pair,2,A:GSH:210+A:EAA:211,0.898,
11GS,diffdock,scored_both,4.696710586547852,0.626142144203186,nonpolymer_pair,2,B:GSH:210+B:EAA:211,1.298,
1ANF,equibind,scored_both,4.3957648277282715,0.3788328468799591,branched_glycan,1,B:B,0.231,
1ANF,diffdock,scored_both,1.1245214939117432,0.8446038365364075,branched_glycan,1,B:B,0.417,
1AT5,equibind,scored_both,4.403946876525879,0.4034828841686249,branched_glycan,1,B:B,0.12,
1AT5,diffdock,scored_both,3.6780004501342773,0.4618055522441864,branched_glycan,1,B:B,0.219,
1AT6,equibind,scored_both,4.210127830505371,0.39432668685913086,branched_glycan,1,B:B,0.118,
1AT6,diffdock,scored_both,3.3826892375946045,0.5668919086456299,branched_glycan,1,B:B,0.217,
1APW,equibind,scored_both,5.0528082847595215,0.3848375380039215,short_polymer,1,I:B,0.318,
1APW,diffdock,scored_both,9.332084655761719,0.16247795522212982,short_polymer,1,I:B,0.56,
1APV,equibind,scored_both,5.722435474395752,0.3052884638309479,short_polymer,1,I:B,0.418,
1APV,diffdock,scored_both,10.807635307312012,0.08000797778367996,short_polymer,1,I:B,0.768,
1AX1,equibind,scored_both,2.8776018619537354,0.6381579041481018,branched_glycan,1,C:C,0.134,
1AX1,diffdock,scored_both,2.4076592922210693,0.822429895401001,branched_glycan,1,C:C,0.254,
1AWI,equibind,scored_both,8.996806144714355,0.15736940503120422,short_polymer,1,P:C,0.26,
1AWI,diffdock,scored_both,11.675639152526855,0.0651877149939537,short_polymer,1,P:C,0.477,
1AX2,equibind,scored_both,4.320038795471191,0.48366832733154297,branched_glycan,1,C:C,0.139,
1AX2,diffdock,scored_both,1.4833221435546875,0.8290646076202393,branched_glycan,1,C:C,0.278,
1AZE,equibind,scored_both,18.611331939697266,0.11397849768400192,short_polymer,1,B:B,0.382,
1AZE,diffdock,scored_both,9.132832527160645,0.12704358994960785,short_polymer,1,B:B,0.714,
1B05,equibind,scored_both,2.7778656482696533,0.5645084977149963,short_polymer,1,B:B,0.328,
1B05,diffdock,scored_both,6.115851402282715,0.3674033284187317,short_polymer,1,B:B,0.657,
1B2H,equibind,scored_both,3.526329517364502,0.4644841253757477,short_polymer,1,B:B,0.316,
1B2H,diffdock,scored_both,6.406618595123291,0.3678489625453949,short_polymer,1,B:B,0.615,
1B0H,equibind,scored_both,6.530107498168945,0.3106525242328644,short_polymer,1,B:B,0.376,
1B0H,diffdock,scored_both,1.790345311164856,0.7107329964637756,short_polymer,1,B:B,0.706,
1B32,equibind,scored_both,5.807612895965576,0.341325044631958,short_polymer,1,B:B,0.307,
1B32,diffdock,scored_both,1.7401278018951416,0.7446550130844116,short_polymer,1,B:B,0.614,
1AF6,equibind,scored_both,17.096830368041992,0.000216637781704776,branched_glycan,3,F:F,1.663,
1AF6,diffdock,scored_both,4.919317245483398,0.40283140540122986,branched_glycan,3,E:E,2.636,
1B3F,equibind,scored_both,4.128654956817627,0.41373857855796814,short_polymer,1,B:B,0.32,
1B3F,diffdock,scored_both,1.5157605409622192,0.7634883522987366,short_polymer,1,B:B,0.619,
1B3G,equibind,scored_both,6.28198766708374,0.29102733731269836,short_polymer,1,B:B,0.369,
1B3G,diffdock,scored_both,1.433885931968689,0.7876884341239929,short_polymer,1,B:B,0.7,
1B3H,equibind,scored_both,5.3870954513549805,0.3317367136478424,short_polymer,1,B:B,0.379,
1B3H,diffdock,scored_both,1.6902492046356201,0.7347958087921143,short_polymer,1,B:B,0.699,
1B46,equibind,scored_both,3.137955665588379,0.512934684753418,short_polymer,1,B:B,0.359,
1B46,diffdock,scored_both,2.0014119148254395,0.6924757361412048,short_polymer,1,B:B,0.744,
1B4H,equibind,scored_both,4.388676643371582,0.400346964597702,short_polymer,1,B:B,0.299,
1B4H,diffdock,scored_both,5.514545440673828,0.4835890829563141,short_polymer,1,B:B,0.603,
1B4Z,equibind,scored_both,3.646221876144409,0.4959283471107483,short_polymer,1,B:B,0.331,
1B4Z,diffdock,scored_both,4.51572322845459,0.41611841320991516,short_polymer,1,B:B,0.615,
1B51,equibind,scored_both,2.398216485977173,0.6399309039115906,short_polymer,1,B:B,0.328,
1B51,diffdock,scored_both,6.432836532592773,0.2634785771369934,short_polymer,1,B:B,0.626,
1B52,equibind,scored_both,2.8639869689941406,0.5423691272735596,short_polymer,1,B:B,0.297,
1B52,diffdock,scored_both,2.2627315521240234,0.6559191346168518,short_polymer,1,B:B,0.587,
1B3L,equibind,scored_both,33.636474609375,0.0,short_polymer,2,B:B,0.708,
1B3L,diffdock,scored_both,1.970940351486206,0.7003311514854431,short_polymer,2,B:B,1.341,
1B58,equibind,scored_both,4.851346015930176,0.32770270109176636,short_polymer,1,B:B,0.315,
1B58,diffdock,scored_both,3.154738187789917,0.586738646030426,short_polymer,1,B:B,0.664,
1B5H,equibind,scored_both,4.562795162200928,0.4094606041908264,short_polymer,1,B:B,0.279,
1B5H,diffdock,scored_both,5.817922592163086,0.3662227690219879,short_polymer,1,B:B,0.573,
1B5I,equibind,scored_both,3.361868143081665,0.5110198855400085,short_polymer,1,B:B,0.285,
1B5I,diffdock,scored_both,1.4892841577529907,0.7565855979919434,short_polymer,1,B:B,0.557,
1B6J,equibind,scored_both,5.882218360900879,0.23529411852359772,short_polymer,1,C:C,0.218,
1B6J,diffdock,scored_both,8.398120880126953,0.2741708755493164,short_polymer,1,C:C,0.403,
1B6H,equibind,scored_both,4.039683818817139,0.4215838611125946,short_polymer,1,B:B,0.31,
1B6H,diffdock,scored_both,1.0066155195236206,0.8886138796806335,short_polymer,1,B:B,0.589,
1B5J,equibind,scored_both,4.077028751373291,0.42423132061958313,short_polymer,1,B:B,0.347,
1B5J,diffdock,scored_both,1.403024673461914,0.7709739804267883,short_polymer,1,B:B,0.634,
1B7H,equibind,scored_both,4.280074596405029,0.3792581260204315,short_polymer,1,B:B,0.299,
1B7H,diffdock,scored_both,1.2241941690444946,0.8329015374183655,short_polymer,1,B:B,0.6,
1B9J,equibind,scored_both,4.207660675048828,0.4157218337059021,short_polymer,1,B:B,0.307,
1B9J,diffdock,scored_both,3.085432767868042,0.6032068729400635,short_polymer,1,B:B,0.603,
1BJR,equibind,scored_both,13.401434898376465,0.05729436129331589,short_polymer,1,I:B,0.198,
1BJR,diffdock,scored_both,10.130115509033203,0.06729459762573242,short_polymer,1,I:B,0.393,
1CKA,equibind,scored_both,11.821810722351074,0.059093840420246124,short_polymer,1,B:B,0.111,
1CKA,diffdock,scored_both,14.439493179321289,0.08007600158452988,short_polymer,1,B:B,0.186,
1CKB,equibind,scored_both,6.884579658508301,0.20923076570034027,short_polymer,1,B:B,0.108,
1CKB,diffdock,scored_both,9.554945945739746,0.23509015142917633,short_polymer,1,B:B,0.188,
1CPI,equibind,scored_both,6.0516791343688965,0.24026568233966827,short_polymer,1,C:C,0.2,
1CPI,diffdock,scored_both,9.579291343688965,0.20043352246284485,short_polymer,1,C:C,0.366,
1CWC,equibind,scored_both,4.24748420715332,0.39696836471557617,short_polymer,1,C:B,0.283,
1CWC,diffdock,scored_both,3.593768835067749,0.4881742596626282,short_polymer,1,C:B,0.535,
1BR8,equibind,scored_both,23.46066665649414,0.05237533152103424,short_polymer,1,P:C,0.672,
1BR8,diffdock,scored_both,41.103843688964844,0.0,short_polymer,1,P:C,1.238,
1D4T,equibind,scored_both,14.187478065490723,0.05101335793733597,short_polymer,1,B:B,0.245,
1D4T,diffdock,scored_both,11.944133758544922,0.045846644788980484,short_polymer,1,B:B,0.441,
1CYN,equibind,scored_both,4.560447692871094,0.33542436361312866,short_polymer,1,C:B,0.421,
1CYN,diffdock,scored_both,4.536882400512695,0.4107282757759094,short_polymer,1,C:B,0.796,
1CWB,equibind,scored_both,3.6748855113983154,0.4981851279735565,short_polymer,1,C:B,0.671,
1CWB,diffdock,scored_both,5.479610919952393,0.3584154546260834,short_polymer,1,C:B,1.312,
1D6S,equibind,scored_both,17.38124656677246,0.0039039908442646265,nonpolymer_pair,2,B:PLP:502+B:MET:402,0.448,
1D6S,diffdock,scored_both,1.5357383489608765,0.7660398483276367,nonpolymer_pair,2,B:PLP:502+B:MET:402,0.845,
1BBZ,equibind,scored_both,15.403032302856445,0.037714987993240356,short_polymer,4,F:F,1.571,
1BBZ,diffdock,scored_both,8.436457633972168,0.08361203968524933,short_polymer,4,D:D,2.406,
1D8E,equibind,scored_both,9.434549331665039,0.09799813479185104,short_polymer,1,P:C,0.423,
1D8E,diffdock,scored_both,8.29426383972168,0.10406922549009323,short_polymer,1,P:C,0.869,
1DMB,equibind,scored_both,7.580326557159424,0.1380983144044876,branched_glycan,1,B:B,0.383,
1DMB,diffdock,scored_both,8.02098560333252,0.20917896926403046,branched_glycan,1,B:B,0.683,
1E5J,equibind,scored_both,5.2769598960876465,0.3331809937953949,branched_glycan,1,B:B,0.199,
1E5J,diffdock,scored_both,1.2907623052597046,0.7944862246513367,branched_glycan,1,B:B,0.376,
1DDM,equibind,scored_both,12.901925086975098,0.06564410030841827,short_polymer,1,B:B,0.678,
1DDM,diffdock,scored_both,18.191181182861328,0.007856341078877449,short_polymer,1,B:B,1.135,
1ELR,equibind,scored_both,9.657441139221191,0.11305592209100723,short_polymer,1,B:B,0.212,
1ELR,diffdock,scored_both,8.935916900634766,0.08060288429260254,short_polymer,1,B:B,0.388,
1F1J,equibind,scored_both,11.703049659729004,0.09351144731044769,short_polymer,2,C:C,0.447,
1F1J,diffdock,scored_both,7.623115539550781,0.29543665051460266,short_polymer,2,C:C,0.782,
1EZ9,equibind,scored_both,19.89411163330078,8.865247946232557e-05,branched_glycan,2,D:D,0.54,
1EZ9,diffdock,scored_both,2.291179895401001,0.6846234202384949,branched_glycan,2,D:D,1.001,
1EB1,equibind,scored_both,30.709238052368164,0.0,short_polymer,1,A:A,0.747,
1EB1,diffdock,scored_both,39.48221206665039,0.0,short_polymer,1,A:A,1.382,
1FF1,equibind,scored_both,11.634773254394531,0.08238548785448074,short_polymer,1,B:B,0.29,
1FF1,diffdock,scored_both,23.81285285949707,0.021607806906104088,short_polymer,1,B:B,0.383,
1FH7,equibind,scored_both,3.2604949474334717,0.5210344791412354,nonpolymer_pair,1,A:XYP:601+A:XDN:602,0.16,
1FH7,diffdock,scored_both,1.8698594570159912,0.7197193503379822,nonpolymer_pair,1,A:XYP:601+A:XDN:602,0.287,
1FH8,equibind,scored_both,1.0892294645309448,0.8363309502601624,nonpolymer_pair,1,A:XYP:601+A:XIF:602,0.154,
1FH8,diffdock,scored_both,1.0167021751403809,0.8717047572135925,nonpolymer_pair,1,A:XYP:601+A:XIF:602,0.292,
1F90,equibind,scored_both,11.537421226501465,0.0635024756193161,short_polymer,1,E:C,0.893,
1F90,diffdock,scored_both,26.96830940246582,0.0,short_polymer,1,E:C,1.509,
1FH9,equibind,scored_both,3.1675379276275635,0.5078883767127991,branched_glycan,1,B:B,0.163,
1FH9,diffdock,scored_both,0.42056259512901306,0.9831768274307251,branched_glycan,1,B:B,0.302,
1FHD,equibind,scored_both,2.287055015563965,0.6121273636817932,nonpolymer_pair,1,A:XYP:601+A:XIM:602,0.156,
1FHD,diffdock,scored_both,1.1129735708236694,0.8846433758735657,nonpolymer_pair,1,A:XYP:601+A:XIM:602,0.289,
1FIV,equibind,scored_both,20.38825035095215,0.02433360181748867,short_polymer,1,B:B,0.146,
1FIV,diffdock,scored_both,15.037566184997559,0.13102158904075623,short_polymer,1,B:B,0.275,
1FO0,equibind,scored_both,6.336795806884766,0.275852769613266,short_polymer,1,P:C,0.476,
1FO0,diffdock,scored_both,30.98242950439453,0.0,short_polymer,1,P:C,0.896,
1FWV,equibind,scored_both,5.2983832359313965,0.44822484254837036,branched_glycan,1,B:B,0.13,
1FWV,diffdock,scored_both,2.789412498474121,0.788583517074585,branched_glycan,1,B:B,0.239,
1FKN,equibind,scored_both,28.192955017089844,0.0,short_polymer,2,D:D,1.115,
1FKN,diffdock,scored_both,12.298199653625488,0.10084856301546097,short_polymer,2,C:C,1.965,
1FZK,equibind,scored_both,5.164288520812988,0.3252336382865906,short_polymer,1,P:C,0.343,
1FZK,diffdock,scored_both,5.542543411254883,0.30877482891082764,short_polymer,1,P:C,0.63,
1FZO,equibind,scored_both,5.923207759857178,0.2608855068683624,short_polymer,1,P:C,0.362,
1FZO,diffdock,scored_both,7.1293792724609375,0.26030027866363525,short_polymer,1,P:C,0.671,
1F9E,equibind,scored_both,10.245787620544434,0.0,short_polymer,6,R:F,2.67,
1F9E,diffdock,scored_both,10.765216827392578,0.0,short_polymer,6,U:O,5.169,
1G3F,equibind,scored_both,18.035411834716797,0.007598220836371183,short_polymer,1,B:B,0.156,
1G3F,diffdock,scored_both,7.593240261077881,0.10676156729459763,short_polymer,1,B:B,0.261,
1F47,equibind,scored_both,13.768152236938477,0.05134589597582817,short_polymer,1,A:B,3.22,
1F47,diffdock,scored_both,20.406126022338867,0.0005973715451546013,short_polymer,1,A:B,6.35,
1G7Q,equibind,scored_both,7.868585586547852,0.17237712442874908,short_polymer,1,P:C,0.269,
1G7Q,diffdock,scored_both,4.577671527862549,0.44033873081207275,short_polymer,1,P:C,0.525,
1GA8,equibind,scored_both,4.384809970855713,0.39120054244995117,branched_glycan,1,B:B,0.179,
1GA8,diffdock,scored_both,3.6912648677825928,0.46674680709838867,branched_glycan,1,B:B,0.322,
1F3J,equibind,scored_both,14.714211463928223,0.0,short_polymer,2,Q:F,4.546,
1F3J,diffdock,scored_both,24.132463455200195,0.007469926495105028,short_polymer,2,P:C,6.722,
1G7P,equibind,scored_both,6.911223411560059,0.2032894790172577,short_polymer,1,P:C,0.398,
1G7P,diffdock,scored_both,5.987072944641113,0.30259594321250916,short_polymer,1,P:C,0.768,
1GNY,equibind,scored_both,3.867013454437256,0.4253731369972229,branched_glycan,1,B:B,0.121,
1GNY,diffdock,scored_both,1.6843714714050293,0.7920138835906982,branched_glycan,1,B:B,0.222,
1GAI,equibind,scored_both,3.668881416320801,0.4925664961338043,branched_glycan,1,D:D,0.288,
1GAI,diffdock,scored_both,3.134413003921509,0.6814063787460327,branched_glycan,1,D:D,0.531,
1GU3,equibind,scored_both,3.4535489082336426,0.552549421787262,branched_glycan,1,B:B,0.133,
1GU3,diffdock,scored_both,3.1938281059265137,0.5507699847221375,branched_glycan,1,B:B,0.244,
1GAG,equibind,scored_both,21.149593353271484,0.005736823193728924,short_polymer,1,B:B,0.301,
1GAG,diffdock,scored_both,20.279041290283203,0.0006265664123930037,short_polymer,1,B:B,0.652,
1GAH,equibind,scored_both,3.794490337371826,0.4526374340057373,branched_glycan,1,D:D,0.298,
1GAH,diffdock,scored_both,3.0849924087524414,0.7288024425506592,branched_glycan,1,D:D,0.598,
1GUI,equibind,scored_both,9.476286888122559,0.18588048219680786,branched_glycan,1,B:B,0.157,
1GUI,diffdock,scored_both,3.411034107208252,0.6600836515426636,branched_glycan,1,B:B,0.297,
1GVK,equibind,scored_both,8.09027099609375,0.1404600292444229,short_polymer,1,A:A,0.179,
1GVK,diffdock,scored_both,7.460134506225586,0.18474669754505157,short_polymer,1,A:A,0.303,
1GWM,equibind,scored_both,4.015171051025391,0.46540361642837524,branched_glycan,1,B:B,0.155,
1GWM,diffdock,scored_both,3.1827192306518555,0.5197916626930237,branched_glycan,1,B:B,0.284,
1GUW,equibind,scored_both,16.29864501953125,0.09508856385946274,short_polymer,1,B:B,0.608,
1GUW,diffdock,scored_both,22.773496627807617,0.09599693864583969,short_polymer,1,B:B,1.106,
1GWQ,equibind,scored_both,23.758068084716797,0.001207729452289641,short_polymer,1,C:C,0.511,
1GWQ,diffdock,scored_both,13.805112838745117,0.10911425203084946,short_polymer,1,C:C,0.944,
1GUX,equibind,scored_both,44.41679000854492,0.0,short_polymer,1,E:C,0.707,
1GUX,diffdock,scored_both,29.868497848510742,0.0,short_polymer,1,E:C,1.395,
1GZ9,equibind,scored_both,4.847087383270264,0.30334189534187317,branched_glycan,1,B:B,0.144,
1GZ9,diffdock,scored_both,2.1359832286834717,0.7325851321220398,branched_glycan,1,B:B,0.275,
1GZC,equibind,scored_both,4.463733673095703,0.4248120188713074,branched_glycan,1,B:B,0.133,
1GZC,diffdock,scored_both,1.280984878540039,0.8225274682044983,branched_glycan,1,B:B,0.24,
1GWV,equibind,scored_both,32.40373611450195,0.0,branched_glycan,2,D:D,0.345,
1GWV,diffdock,scored_both,2.6586215496063232,0.700764000415802,branched_glycan,2,D:D,0.63,
1GWR,equibind,scored_both,22.25115394592285,0.009873162023723125,short_polymer,1,C:C,0.722,
1GWR,diffdock,scored_both,29.050251007080078,0.0,short_polymer,1,C:C,1.161,
1H3H,equibind,scored_both,15.714559555053711,0.05315170809626579,short_polymer,1,B:B,0.22,
1H3H,diffdock,scored_both,9.307624816894531,0.14699570834636688,short_polymer,1,B:B,0.346,
1H5V,equibind,scored_both,6.852971076965332,0.2294357568025589,branched_glycan,1,B:B,0.24,
1H5V,diffdock,scored_both,1.424372673034668,0.7854969501495361,branched_glycan,1,B:B,0.428,
1H2T,equibind,scored_both,30.743480682373047,0.0,nonpolymer_pair,1,Z:GDP:1151+Z:7MG:1152,0.51,
1H2T,diffdock,scored_both,1.3787071704864502,0.8026971220970154,nonpolymer_pair,1,Z:GDP:1151+Z:7MG:1152,0.943,
1H9L,equibind,scored_both,6.793559551239014,0.21978527307510376,short_polymer,1,A:A,0.17,
1H9L,diffdock,scored_both,10.384892463684082,0.15285110473632812,short_polymer,1,A:A,0.305,
1H27,equibind,scored_both,27.988351821899414,0.0,short_polymer,1,E:E,0.635,
1H27,diffdock,scored_both,4.602081298828125,0.5304733514785767,short_polymer,1,E:E,1.196,
1HEF,equibind,scored_both,13.465819358825684,0.03880826756358147,short_polymer,1,I:B,0.15,
1HEF,diffdock,scored_both,11.251463890075684,0.11465517431497574,short_polymer,1,I:B,0.276,
1I5H,equibind,scored_both,9.611321449279785,0.07787975668907166,short_polymer,1,B:B,0.325,
1I5H,diffdock,scored_both,26.029890060424805,0.005733944941312075,short_polymer,1,B:B,0.586,
1H24,equibind,scored_both,14.202681541442871,0.03661761432886124,short_polymer,1,E:E,1.149,
1H24,diffdock,scored_both,3.9563167095184326,0.46746158599853516,short_polymer,1,E:E,2.099,
1I8I,equibind,scored_both,6.847047328948975,0.2116471529006958,short_polymer,1,C:C,0.314,
1I8I,diffdock,scored_both,13.470382690429688,0.02551855891942978,short_polymer,1,C:C,0.595,
1IAU,equibind,scored_both,9.34458065032959,0.1351713091135025,short_polymer,1,B:B,0.162,
1IAU,diffdock,scored_both,11.187454223632812,0.3012096881866455,short_polymer,1,B:B,0.298,
1IBC,equibind,scored_both,5.456692218780518,0.35624122619628906,short_polymer,1,C:C,0.163,
1IBC,diffdock,scored_both,5.024679183959961,0.4670858085155487,short_polymer,1,C:C,0.307,
1C5F,equibind,scored_both,9.104412078857422,0.05089686065912247,short_polymer,8,L:L,5.551,
1C5F,diffdock,scored_both,6.468214988708496,0.3059588670730591,short_polymer,8,L:L,14.056,
1IHT,equibind,scored_both,21.238727569580078,0.09292089939117432,short_polymer,1,I:C,0.549,
1IHT,diffdock,scored_both,28.871992111206055,0.0,short_polymer,1,I:C,1.061,
1INQ,equibind,scored_both,7.142001628875732,0.21782177686691284,short_polymer,1,C:C,0.552,
1INQ,diffdock,scored_both,5.061285495758057,0.36417683959007263,short_polymer,1,C:C,1.057,
1JET,equibind,scored_both,3.422678232192993,0.4965815842151642,short_polymer,1,B:B,0.264,
1JET,diffdock,scored_both,6.28406286239624,0.34616968035697937,short_polymer,1,B:B,0.504,
1J19,equibind,scored_both,17.214061737060547,0.02359672635793686,short_polymer,1,B:B,0.796,
1J19,diffdock,scored_both,19.324296951293945,0.021213073283433914,short_polymer,1,B:B,1.439,
1JEU,equibind,scored_both,3.8792340755462646,0.4639112949371338,short_polymer,1,B:B,0.281,
1JEU,diffdock,scored_both,2.3091723918914795,0.623161792755127,short_polymer,1,B:B,0.529,
1JEV,equibind,scored_both,5.825970649719238,0.3199999928474426,short_polymer,1,B:B,0.286,
1JEV,diffdock,scored_both,2.8874852657318115,0.6159682273864746,short_polymer,1,B:B,0.544,
1JMQ,equibind,scored_both,15.113525390625,0.1206122413277626,short_polymer,1,P:B,0.165,
1JMQ,diffdock,scored_both,14.5298490524292,0.026214128360152245,short_polymer,1,P:B,0.244,
1J4P,equibind,scored_both,15.242928504943848,0.03973253816366196,short_polymer,1,B:B,0.933,
1J4P,diffdock,scored_both,10.415898323059082,0.1720000058412552,short_polymer,1,B:B,1.751,
1JFH,equibind,scored_both,5.995322227478027,0.2832943797111511,branched_glycan,1,B:B,0.324,
1JFH,diffdock,scored_both,8.809404373168945,0.09780438989400864,branched_glycan,1,B:B,0.552,
1JP5,equibind,scored_both,20.417404174804688,0.003854059614241123,short_polymer,2,D:D,0.351,
1JP5,diffdock,scored_both,6.26550817489624,0.30919116735458374,short_polymer,2,C:C,0.645,
1JQ8,equibind,scored_both,7.557425022125244,0.17276333272457123,short_polymer,1,P:C,0.281,
1JQ8,diffdock,scored_both,11.786542892456055,0.5671669244766235,short_polymer,1,P:C,0.494,
1HC9,equibind,scored_both,16.537321090698242,0.044249940663576126,short_polymer,1,C:C,2.5,
1HC9,diffdock,scored_both,24.936267852783203,0.0009526401991024613,short_polymer,1,C:C,5.074,
1JOJ,equibind,scored_both,34.74640655517578,0.0,short_polymer,4,Q:F,0.768,
1JOJ,diffdock,scored_both,19.53690528869629,0.004884547088295221,short_polymer,4,P:E,1.458,
1JRS,equibind,scored_both,6.527307510375977,0.2829896807670593,short_polymer,1,B:B,0.215,
1JRS,diffdock,scored_both,5.432982921600342,0.5723837018013,short_polymer,1,B:B,0.348,
1JQ9,equibind,scored_both,11.558222770690918,0.08137322962284088,short_polymer,1,P:C,0.289,
1JQ9,diffdock,scored_both,17.175687789916992,0.13609714806079865,short_polymer,1,P:C,0.546,
1JUF,equibind,scored_both,8.17251968383789,0.1595039814710617,short_polymer,1,C:C,0.425,
1JUF,diffdock,scored_both,5.714738368988037,0.2869444489479065,short_polymer,1,C:C,0.83,
1FYR,equibind,scored_both,6.860366344451904,0.2562686502933502,short_polymer,4,K:G,10.137,
1FYR,diffdock,scored_both,7.343856334686279,0.39905062317848206,short_polymer,4,L:H,12.801,
1JUQ,equibind,scored_both,22.947216033935547,0.0,short_polymer,2,G:F,0.664,
1JUQ,diffdock,scored_both,27.50950813293457,0.0,short_polymer,2,G:F,1.154,
1JWM,equibind,scored_both,10.137073516845703,0.07907728850841522,short_polymer,1,C:C,0.673,
1JWM,diffdock,scored_both,6.731722354888916,0.2198508083820343,short_polymer,1,C:C,1.298,
1ILQ,equibind,scored_both,15.724355697631836,0.04937785491347313,short_polymer,1,C:C,3.361,
1ILQ,diffdock,scored_both,11.603379249572754,0.262736976146698,short_polymer,1,C:C,6.829,
1K1Y,equibind,scored_both,20.008377075195312,0.001473296550102532,branched_glycan,1,C:C,0.788,
1K1Y,diffdock,scored_both,2.471418857574463,0.6444196701049805,branched_glycan,1,C:C,1.493,
1K9R,equibind,scored_both,7.002300262451172,0.23450134694576263,short_polymer,1,B:B,0.136,
1K9R,diffdock,scored_both,15.239996910095215,0.0944940447807312,short_polymer,1,B:B,0.204,
1JPL,equibind,scored_both,18.308975219726562,0.005541871767491102,short_polymer,3,F:D,2.896,
1JPL,diffdock,scored_both,17.5935115814209,0.0,short_polymer,3,E:B,4.396,
1K3N,equibind,scored_both,12.399639129638672,0.08973786234855652,short_polymer,1,B:B,1.25,
1K3N,diffdock,scored_both,10.823169708251953,0.18301434814929962,short_polymer,1,B:B,2.135,
1KNA,equibind,scored_both,9.864423751831055,0.18833865225315094,short_polymer,1,P:B,0.098,
1KNA,diffdock,scored_both,10.586028099060059,0.2611308991909027,short_polymer,1,P:B,0.174,
1KNE,equibind,scored_both,9.402840614318848,0.1959914267063141,short_polymer,1,P:B,0.138,
1KNE,diffdock,scored_both,11.243886947631836,0.23594674468040466,short_polymer,1,P:B,0.245,
1KL3,equibind,scored_both,10.728378295898438,0.06119544431567192,short_polymer,1,E:E,0.649,
1KL3,diffdock,scored_both,9.776175498962402,0.1175282746553421,short_polymer,1,E:E,1.192,
1KUG,equibind,scored_both,3.4970579147338867,0.48597440123558044,short_polymer,1,B:B,0.146,
1KUG,diffdock,scored_both,4.3497138023376465,0.44952133297920227,short_polymer,1,B:B,0.252,
1KUI,equibind,scored_both,2.35083270072937,0.6058700084686279,short_polymer,1,B:B,0.134,
1KUI,diffdock,scored_both,3.9291093349456787,0.5194363594055176,short_polymer,1,B:B,0.243,
1KLG,equibind,scored_both,9.863632202148438,0.102231964468956,short_polymer,1,C:C,0.843,
1KLG,diffdock,scored_both,18.50550079345703,0.03349931910634041,short_polymer,1,C:C,1.556,
1KUK,equibind,scored_both,4.14611291885376,0.3913241922855377,short_polymer,1,B:B,0.135,
1KUK,diffdock,scored_both,3.3050577640533447,0.4705267548561096,short_polymer,1,B:B,0.245,
1KLU,equibind,scored_both,9.513289451599121,0.11489316821098328,short_polymer,1,C:C,0.763,
1KLU,diffdock,scored_both,7.376081943511963,0.15656700730323792,short_polymer,1,C:C,1.535,
1LB6,equibind,scored_both,16.094135284423828,0.07611683756113052,short_polymer,1,B:B,0.269,
1LB6,diffdock,scored_both,18.077781677246094,0.009354365058243275,short_polymer,1,B:B,0.512,
1LEG,equibind,scored_both,3.5801947116851807,0.4674188494682312,short_polymer,1,P:C,0.602,
1LEG,diffdock,scored_both,6.00267219543457,0.24007417261600494,short_polymer,1,P:C,1.164,
1LEK,equibind,scored_both,5.11003303527832,0.2867855727672577,short_polymer,1,P:C,0.688,
1LEK,diffdock,scored_both,5.748981952667236,0.3578808307647705,short_polymer,1,P:C,1.266,
1L0A,equibind,scored_both,20.26857566833496,0.07196074724197388,short_polymer,1,B:B,1.363,
1L0A,diffdock,scored_both,23.818071365356445,0.008101371116936207,short_polymer,1,B:B,2.51,
1LT5,equibind,scored_both,22.171018600463867,0.0,branched_glycan,5,K:F,0.861,
1LT5,diffdock,scored_both,1.8510810136795044,0.7603754997253418,branched_glycan,5,N:I,1.308,
1LF9,equibind,scored_both,16.365272521972656,0.011186526156961918,branched_glycan,2,C:C,0.904,
1LF9,diffdock,scored_both,2.5560123920440674,0.7579185366630554,branched_glycan,2,D:D,1.714,
1M7D,equibind,scored_both,7.684076309204102,0.23054754734039307,branched_glycan,1,C:C,0.209,
1M7D,diffdock,scored_both,1.7546404600143433,0.7415668964385986,branched_glycan,1,C:C,0.389,
1JYI,equibind,scored_both,26.490367889404297,0.013961892575025558,short_polymer,4,Q:F,3.532,
1JYI,diffdock,scored_both,17.85932159423828,0.06023242697119713,short_polymer,4,S:H,6.896,
1MF4,equibind,scored_both,8.860993385314941,0.17458614706993103,short_polymer,1,B:B,0.181,
1MF4,diffdock,scored_both,6.408454895019531,0.29645636677742004,short_polymer,1,B:B,0.309,
1M7I,equibind,scored_both,8.330551147460938,0.125247523188591,branched_glycan,1,C:C,0.238,
1M7I,diffdock,scored_both,2.7854018211364746,0.5927448272705078,branched_glycan,1,C:C,0.465,
1MFA,equibind,scored_both,3.9628217220306396,0.440424382686615,branched_glycan,1,A:C,0.15,
1MFA,diffdock,scored_both,3.063228130340576,0.6092736721038818,branched_glycan,1,A:C,0.292,
1MFD,equibind,scored_both,3.7007341384887695,0.4697928726673126,branched_glycan,1,A:C,0.23,
1MFD,diffdock,scored_both,6.806756973266602,0.36513158679008484,branched_glycan,1,A:C,0.413,
1LYB,equibind,scored_both,10.532917022705078,0.0022382920142263174,short_polymer,2,I:C,1.583,
1LYB,diffdock,scored_both,3.6846070289611816,0.5104895234107971,short_polymer,2,I:C,2.367,
1MIK,equibind,scored_both,4.101383209228516,0.43564775586128235,short_polymer,1,B:B,0.409,
1MIK,diffdock,scored_both,3.4657559394836426,0.5012376308441162,short_polymer,1,B:B,0.783,
1MFG,equibind,scored_both,11.531621932983398,0.08367451280355453,short_polymer,1,B:B,1.026,
1MFG,diffdock,scored_both,10.859132766723633,0.07537375390529633,short_polymer,1,B:B,1.868,
1MQ1,equibind,scored_both,14.40569019317627,0.01626853458583355,short_polymer,2,C:C,0.795,
1MQ1,diffdock,scored_both,15.165616035461426,0.019665949046611786,short_polymer,2,C:C,1.263,
1N3W,equibind,scored_both,3.8912341594696045,0.403393030166626,branched_glycan,1,B:B,0.188,
1N3W,diffdock,scored_both,1.3679701089859009,0.7826899290084839,branched_glycan,1,B:B,0.368,
1MWN,equibind,scored_both,20.944807052612305,0.011538461782038212,short_polymer,2,Y:D,0.861,
1MWN,diffdock,scored_both,19.182971954345703,0.03696136549115181,short_polymer,2,Y:D,1.326,
1N51,equibind,scored_both,8.902993202209473,0.15756472945213318,short_polymer,1,B:B,0.251,
1N51,diffdock,scored_both,7.680403709411621,0.23933102190494537,short_polymer,1,B:B,0.445,
1N7T,equibind,scored_both,9.981837272644043,0.11831788718700409,short_polymer,1,B:B,0.292,
1N7T,diffdock,scored_both,8.296867370605469,0.1942034661769867,short_polymer,1,B:B,0.399,
1NLP,equibind,scored_both,17.26827621459961,0.053642988204956055,short_polymer,1,N:B,0.185,
1NLP,diffdock,scored_both,13.418564796447754,0.15951219201087952,short_polymer,1,N:B,0.329,
1NLT,equibind,scored_both,9.019882202148438,0.15570299327373505,short_polymer,1,B:B,0.211,
1NLT,diffdock,scored_both,46.56407165527344,0.0,short_polymer,1,B:B,0.371,
1OBX,equibind,scored_both,16.15584945678711,0.035406697541475296,short_polymer,1,B:B,0.105,
1OBX,diffdock,scored_both,6.234115123748779,0.16796322166919708,short_polymer,1,B:B,0.19,
1NH0,equibind,scored_both,4.698391437530518,0.3414040803909302,short_polymer,2,I:C,0.499,
1NH0,diffdock,scored_both,1.444554090499878,0.8211829662322998,short_polymer,2,I:C,0.973,
1OCN,equibind,scored_both,4.657051086425781,0.3394327461719513,nonpolymer_pair,2,A:IFM:452+A:BGC:453,0.24,
1OCN,diffdock,scored_both,1.0119037628173828,0.8427966237068176,nonpolymer_pair,2,A:IFM:454+A:BGC:455,0.437,
1OCQ,equibind,scored_both,2.4605495929718018,0.5942796468734741,nonpolymer_pair,1,A:IFM:500+A:BGC:501,0.19,
1OCQ,diffdock,scored_both,1.0665920972824097,0.8795833587646484,nonpolymer_pair,1,A:IFM:500+A:BGC:501,0.329,
1OD8,equibind,scored_both,2.8749406337738037,0.5514285564422607,nonpolymer_pair,2,A:XDL:1310+A:XYP:1311,0.198,
1OD8,diffdock,scored_both,0.7043363451957703,0.9353982210159302,nonpolymer_pair,2,A:XDL:1310+A:XYP:1311,0.354,
1OEB,equibind,scored_both,22.486858367919922,0.015422535128891468,short_polymer,1,C:C,0.282,
1OEB,diffdock,scored_both,24.281984329223633,0.0011914217611774802,short_polymer,1,C:C,0.495,
1NU8,equibind,scored_both,8.60107421875,0.17337411642074585,short_polymer,1,D:C,0.724,
1NU8,diffdock,scored_both,1.3888036012649536,0.8012629747390747,short_polymer,1,D:C,1.343,
1M4H,equibind,scored_both,27.794504165649414,0.004572713747620583,short_polymer,2,D:D,3.256,
1M4H,diffdock,scored_both,4.5552978515625,0.4313802123069763,short_polymer,2,C:C,5.788,
1OV3,equibind,scored_both,15.49135971069336,0.058172132819890976,short_polymer,2,D:D,0.302,
1OV3,diffdock,scored_both,17.865577697753906,0.011889250949025154,short_polymer,2,D:D,0.556,
1OPI,equibind,scored_both,10.80473518371582,0.13420560956001282,short_polymer,1,B:B,0.405,
1OPI,diffdock,scored_both,15.562137603759766,0.042480114847421646,short_polymer,1,B:B,0.749,
1K3Q,equibind,scored_both,20.55855941772461,0.14559026062488556,short_polymer,1,B:B,7.454,
1K3Q,diffdock,scored_both,11.40895938873291,0.17448857426643372,short_polymer,1,B:B,14.251,
1ORW,equibind,scored_both,37.938934326171875,0.0,nonpolymer_pair,4,A:PHI:801+A:P2Y:802,1.757,
1ORW,diffdock,scored_both,1.3263540267944336,0.7981975078582764,nonpolymer_pair,4,C:PHI:805+C:P2Y:806,3.341,
1OW6,equibind,scored_both,21.429122924804688,0.08077994734048843,short_polymer,1,D:D,1.636,
1OW6,diffdock,scored_both,5.004501819610596,0.13989169895648956,short_polymer,1,D:D,2.926,
1P02,equibind,scored_both,4.727285385131836,0.4284287691116333,short_polymer,1,P:B,0.158,
1P02,diffdock,scored_both,4.117847442626953,0.4847266972064972,short_polymer,1,P:B,0.257,
1P03,equibind,scored_both,3.7450106143951416,0.5485564470291138,short_polymer,1,P:B,0.141,
1P03,diffdock,scored_both,4.680429458618164,0.5275194048881531,short_polymer,1,P:B,0.256,
1P04,equibind,scored_both,4.013224124908447,0.5682423710823059,short_polymer,1,P:B,0.129,
1P04,diffdock,scored_both,3.8618853092193604,0.5111788511276245,short_polymer,1,P:B,0.228,
1P05,equibind,scored_both,5.3056745529174805,0.39569535851478577,short_polymer,1,P:B,0.126,
1P05,diffdock,scored_both,4.012228012084961,0.5129870176315308,short_polymer,1,P:B,0.227,
1P06,equibind,scored_both,4.98101282119751,0.37309160828590393,short_polymer,1,P:B,0.124,
1P06,diffdock,scored_both,4.213759899139404,0.4630606770515442,short_polymer,1,P:B,0.227,
1P10,equibind,scored_both,5.132818222045898,0.4227387011051178,short_polymer,1,P:B,0.12,
1P10,diffdock,scored_both,4.310262680053711,0.5399698615074158,short_polymer,1,P:B,0.226,
1PAU,equibind,scored_both,5.65463399887085,0.2962799072265625,short_polymer,1,C:C,0.182,
1PAU,diffdock,scored_both,6.370713710784912,0.34143969416618347,short_polymer,1,C:C,0.337,
1P2G,equibind,scored_both,29.167146682739258,0.0,branched_glycan,1,B:B,0.676,
1P2G,diffdock,scored_both,60.27250289916992,0.0,branched_glycan,1,B:B,1.136,
1POP,equibind,scored_both,11.098047256469727,0.06769641488790512,short_polymer,1,B:B,0.154,
1POP,diffdock,scored_both,5.0510640144348145,0.41630277037620544,short_polymer,1,B:B,0.317,
1PCG,equibind,scored_both,21.455644607543945,7.036307215457782e-05,short_polymer,2,E:C,0.732,
1PCG,diffdock,scored_both,32.51106643676758,0.0,short_polymer,2,F:D,1.24,
1PRL,equibind,scored_both,11.94355297088623,0.09348885715007782,short_polymer,1,A:B,0.24,
1PRL,diffdock,scored_both,13.011581420898438,0.09532760828733444,short_polymer,1,A:B,0.41,
1PRM,equibind,scored_both,13.313789367675781,0.051771532744169235,short_polymer,1,A:B,0.243,
1PRM,diffdock,scored_both,17.584867477416992,0.004249291960150003,short_polymer,1,A:B,0.444,
1PZ5,equibind,scored_both,5.146751403808594,0.3637118339538574,short_polymer,1,C:C,0.264,
1PZ5,diffdock,scored_both,7.263420581817627,0.22795496881008148,short_polymer,1,C:C,0.499,
1Q5L,equibind,scored_both,15.228276252746582,0.012431444600224495,short_polymer,1,B:B,0.33,
1Q5L,diffdock,scored_both,20.57192039489746,0.014328486286103725,short_polymer,1,B:B,0.507,
1QI0,equibind,scored_both,7.2962470054626465,0.2029331475496292,branched_glycan,1,B:B,0.17,
1QI0,diffdock,scored_both,1.4631298780441284,0.7630331516265869,branched_glycan,1,B:B,0.303,
1QKA,equibind,scored_both,7.006361484527588,0.23751486837863922,short_polymer,1,B:B,0.289,
1QKA,diffdock,scored_both,1.9634761810302734,0.665145218372345,short_polymer,1,B:B,0.597,
1QKB,equibind,scored_both,4.947558403015137,0.3683602809906006,short_polymer,1,B:B,0.285,
1QKB,diffdock,scored_both,1.2545428276062012,0.8315273523330688,short_polymer,1,B:B,0.549,
1QR3,equibind,scored_both,19.118003845214844,0.032106976956129074,short_polymer,1,I:B,0.235,
1QR3,diffdock,scored_both,8.852677345275879,0.12918660044670105,short_polymer,1,I:B,0.427,
1OX9,equibind,scored_both,9.092480659484863,0.12111110985279083,short_polymer,8,P:P,2.661,
1OX9,diffdock,scored_both,13.417134284973145,0.04564083367586136,short_polymer,8,K:F,4.604,
1QWE,equibind,scored_both,10.274587631225586,0.09716929495334625,short_polymer,1,B:B,0.354,
1QWE,diffdock,scored_both,10.107086181640625,0.10386879742145538,short_polymer,1,B:B,0.701,
1QWF,equibind,scored_both,14.073668479919434,0.06668978184461594,short_polymer,1,B:B,0.797,
1QWF,diffdock,scored_both,12.030856132507324,0.05762852355837822,short_polymer,1,B:B,1.481,
1OW7,equibind,scored_both,20.230224609375,0.05910852551460266,short_polymer,3,D:D,4.981,
1OW7,diffdock,scored_both,7.242689609527588,0.24239543080329895,short_polymer,3,D:D,9.288,
1R5V,equibind,scored_both,10.581470489501953,0.0,short_polymer,2,E:B,1.675,
1R5V,diffdock,scored_both,19.059219360351562,0.015015015378594398,short_polymer,2,F:E,2.565,
1RHK,equibind,scored_both,6.4490461349487305,0.21610501408576965,short_polymer,1,C:C,0.244,
1RHK,diffdock,scored_both,6.4052019119262695,0.3575510084629059,short_polymer,1,C:C,0.461,
1R6Z,equibind,scored_both,26.06308364868164,0.0,branched_glycan,3,C:E,0.888,
1R6Z,diffdock,scored_both,1.2583460807800293,0.8353253602981567,branched_glycan,3,D:F,1.685,
1RLP,equibind,scored_both,18.7993106842041,0.0009025270701386034,short_polymer,1,R:B,0.365,
1RLP,diffdock,scored_both,14.5166597366333,0.002518891589716077,short_polymer,1,R:B,0.627,
1RZX,equibind,scored_both,11.769529342651367,0.10703397542238235,short_polymer,1,B:B,0.181,
1RZX,diffdock,scored_both,14.109550476074219,0.04128440469503403,short_polymer,1,B:B,0.328,
1S3K,equibind,scored_both,5.3895111083984375,0.268410861492157,branched_glycan,1,A:C,0.238,
1S3K,diffdock,scored_both,6.904158115386963,0.22350230813026428,branched_glycan,1,A:C,0.436,
1S9V,equibind,scored_both,10.532323837280273,0.0,short_polymer,1,C:C,0.544,
1S9V,diffdock,scored_both,21.620222091674805,0.028751369565725327,short_polymer,1,C:C,0.975,
1SLD,equibind,scored_both,4.110572814941406,0.4116847813129425,short_polymer,1,P:B,0.122,
1SLD,diffdock,scored_both,8.41103458404541,0.17105263471603394,short_polymer,1,P:B,0.218,
1SLE,equibind,scored_both,10.8875093460083,0.07983193546533585,short_polymer,1,P:D,0.199,
1SLE,diffdock,scored_both,11.30643081665039,0.07608695328235626,short_polymer,1,P:D,0.399,
1R2B,equibind,scored_both,19.62763214111328,0.05958184972405434,short_polymer,1,C:C,3.129,
1R2B,diffdock,scored_both,17.484420776367188,0.016568316146731377,short_polymer,1,C:C,5.949,
1SJH,equibind,scored_both,9.823638916015625,0.07372359186410904,short_polymer,1,C:C,0.74,
1SJH,diffdock,scored_both,9.233049392700195,0.17804621160030365,short_polymer,1,C:C,1.55,
1SLG,equibind,scored_both,13.534250259399414,0.06006809324026108,short_polymer,1,P:D,0.212,
1SLG,diffdock,scored_both,12.250527381896973,0.06882669031620026,short_polymer,1,P:D,0.399,
1STR,equibind,scored_both,10.404021263122559,0.05157437548041344,short_polymer,1,P:D,0.218,
1STR,diffdock,scored_both,7.889902114868164,0.13364055752754211,short_polymer,1,P:D,0.391,
1SM3,equibind,scored_both,13.239449501037598,0.11232251673936844,short_polymer,1,P:C,0.254,
1SM3,diffdock,scored_both,31.75306510925293,0.0,short_polymer,1,P:C,0.504,
1STS,equibind,scored_both,15.001445770263672,0.02250351570546627,short_polymer,1,P:D,0.231,
1STS,diffdock,scored_both,10.452108383178711,0.072727270424366,short_polymer,1,P:D,0.425,
1LF8,equibind,scored_both,23.521339416503906,0.0055934772826731205,short_polymer,4,F:F,13.523,
1LF8,diffdock,scored_both,8.962553977966309,0.12377777695655823,short_polymer,4,H:H,22.659,
1T37,equibind,scored_both,12.75711727142334,0.060206420719623566,short_polymer,1,P:B,0.134,
1T37,diffdock,scored_both,6.847373008728027,0.23722627758979797,short_polymer,1,P:B,0.24,
1SME,equibind,scored_both,24.79227638244629,0.0,short_polymer,2,C:C,0.693,
1SME,diffdock,scored_both,4.3373260498046875,0.478667676448822,short_polymer,2,D:D,1.409,
1TET,equibind,scored_both,14.648406028747559,0.06032171472907066,short_polymer,1,P:C,0.297,
1TET,diffdock,scored_both,10.799053192138672,0.13809910416603088,short_polymer,1,P:C,0.56,
1TL9,equibind,scored_both,9.345788955688477,0.1154489666223526,short_polymer,1,B:B,0.197,
1TL9,diffdock,scored_both,5.759250164031982,0.44357743859291077,short_polymer,1,B:B,0.355,
1R5W,equibind,scored_both,9.968728065490723,0.0728674829006195,short_polymer,2,E:E,3.332,
1R5W,diffdock,scored_both,8.136734008789062,0.21860790252685547,short_polymer,2,F:F,6.727,
1U9L,equibind,scored_both,16.845857620239258,0.007184430491179228,short_polymer,1,C:C,0.233,
1U9L,diffdock,scored_both,24.105960845947266,0.00295663601718843,short_polymer,1,C:C,0.435,
1UGX,equibind,scored_both,4.829550743103027,0.39632701873779297,branched_glycan,1,C:C,0.102,
1UGX,diffdock,scored_both,1.1392700672149658,0.855182945728302,branched_glycan,1,C:C,0.182,
1UH1,equibind,partial_or_no_metrics,,0.0,branched_glycan,3,,0.249,OST returned one or no metrics
1UH1,diffdock,scored_both,1.2739577293395996,0.8825364112854004,branched_glycan,3,I:I,0.519,
1UGY,equibind,scored_both,35.82471466064453,0.0,branched_glycan,4,J:J,0.562,
1UGY,diffdock,scored_both,1.7523455619812012,0.7553667426109314,branched_glycan,4,L:L,0.89,
1UJJ,equibind,scored_both,5.955025672912598,0.24803729355335236,short_polymer,1,C:C,0.253,
1UJJ,diffdock,scored_both,2.442519426345825,0.6160609722137451,short_polymer,1,C:C,0.482,
1ULE,equibind,scored_both,21.61483383178711,0.0,branched_glycan,2,D:D,0.222,
1ULE,diffdock,scored_both,1.1362448930740356,0.8677386045455933,branched_glycan,2,D:D,0.385,
1UKH,equibind,scored_both,19.98110008239746,0.003926701378077269,short_polymer,1,B:B,0.333,
1UKH,diffdock,scored_both,26.276897430419922,0.0,short_polymer,1,B:B,0.661,
1T08,equibind,scored_both,27.42336082458496,0.012037036940455437,short_polymer,1,C:C,1.799,
1T08,diffdock,scored_both,22.66927146911621,0.0017820773646235466,short_polymer,1,C:C,3.604,
1UPK,equibind,scored_both,41.58670425415039,0.0,short_polymer,1,B:B,0.216,
1UPK,diffdock,scored_both,11.202095031738281,0.1295572966337204,short_polymer,1,B:B,0.408,
1ULG,equibind,scored_both,31.37006187438965,0.0,branched_glycan,4,F:F,0.461,
1ULG,diffdock,scored_both,1.3363667726516724,0.8377071619033813,branched_glycan,4,G:G,0.779,
1URG,equibind,scored_both,4.941285610198975,0.3688235282897949,branched_glycan,1,B:B,0.233,
1URG,diffdock,scored_both,1.502648115158081,0.7759541869163513,branched_glycan,1,B:B,0.405,
1UX7,equibind,scored_both,5.989102840423584,0.31239935755729675,branched_glycan,1,B:B,0.086,
1UX7,diffdock,scored_both,1.76132071018219,0.7430379986763,branched_glycan,1,B:B,0.145,
1UXA,equibind,scored_both,4.162203788757324,0.12437810748815536,branched_glycan,2,E:E,0.405,
1UXA,diffdock,scored_both,3.7965915203094482,0.6180202960968018,branched_glycan,2,E:E,0.794,
1URC,equibind,scored_both,31.488431930541992,0.0,short_polymer,2,E:E,0.717,
1URC,diffdock,scored_both,12.01643180847168,0.09378596395254135,short_polymer,2,E:E,1.303,
1UXB,equibind,scored_both,3.378872871398926,0.26278772950172424,branched_glycan,2,D:D,0.427,
1UXB,diffdock,scored_both,3.9877068996429443,0.4758230447769165,branched_glycan,2,D:D,0.793,
1V0K,equibind,scored_both,3.192537546157837,0.5026435256004333,nonpolymer_pair,1,A:XYP:1303+A:XDN:1304,0.175,
1V0K,diffdock,scored_both,1.1203267574310303,0.8339160680770874,nonpolymer_pair,1,A:XYP:1303+A:XDN:1304,0.311,
1V0L,equibind,scored_both,3.11023211479187,0.5205745100975037,nonpolymer_pair,1,A:XIF:1304+A:XYP:1305,0.17,
1V0L,diffdock,scored_both,0.9144362211227417,0.8779816627502441,nonpolymer_pair,1,A:XIF:1304+A:XYP:1305,0.306,
1V0M,equibind,scored_both,1.3683693408966064,0.8050699234008789,nonpolymer_pair,1,A:XDN:1303+A:XYP:1304,0.177,
1V0M,diffdock,scored_both,1.0318924188613892,0.8577512502670288,nonpolymer_pair,1,A:XDN:1303+A:XYP:1304,0.315,
1V0N,equibind,scored_both,2.1455953121185303,0.6260720491409302,nonpolymer_pair,1,A:XIF:1305+A:XYP:1306,0.166,
1V0N,diffdock,scored_both,0.7104954719543457,0.9400785565376282,nonpolymer_pair,1,A:XIF:1305+A:XYP:1306,0.301,
1VWF,equibind,scored_both,9.232562065124512,0.048638131469488144,short_polymer,1,P:B,0.118,
1VWF,diffdock,scored_both,8.1807279586792,0.27532678842544556,short_polymer,1,P:B,0.23,
1UZ8,equibind,scored_both,7.533282279968262,0.09558823704719543,branched_glycan,2,C:E,0.577,
1UZ8,diffdock,scored_both,3.1498239040374756,0.5152581930160522,branched_glycan,2,D:F,1.112,
1W3K,equibind,scored_both,1.9966230392456055,0.654047966003418,nonpolymer_pair,1,A:BGC:1304+A:OXZ:1305,0.185,
1W3K,diffdock,scored_both,0.8549340963363647,0.9139554500579834,nonpolymer_pair,1,A:BGC:1304+A:OXZ:1305,0.325,
1WDQ,equibind,scored_both,4.504083156585693,0.36283645033836365,branched_glycan,2,B:B,0.306,
1WDQ,diffdock,scored_both,1.2618180513381958,0.8060088753700256,branched_glycan,2,B:B,0.577,
1WDR,equibind,scored_both,4.490658283233643,0.35242289304733276,nonpolymer_pair,2,B:GLC:3+B:GLC:4,0.313,
1WDR,diffdock,scored_both,1.143373966217041,0.8321256041526794,nonpolymer_pair,2,B:GLC:3+B:GLC:4,0.573,
1X9D,equibind,scored_both,7.388142108917236,0.20024509727954865,branched_glycan,1,B:B,0.245,
1X9D,diffdock,scored_both,3.513580799102783,0.5806564092636108,branched_glycan,1,B:B,0.452,
1X7Q,equibind,scored_both,6.149944305419922,0.26312336325645447,short_polymer,1,C:C,0.314,
1X7Q,diffdock,scored_both,5.710280418395996,0.3249724507331848,short_polymer,1,C:C,0.595,
1U8T,equibind,scored_both,13.250473022460938,0.010020039975643158,short_polymer,2,E:E,5.927,
1U8T,diffdock,scored_both,14.376724243164062,0.03292682766914368,short_polymer,2,E:E,8.295,
1THR,equibind,scored_both,32.41250228881836,0.0,short_polymer,1,I:C,5.233,
1THR,diffdock,scored_both,44.93226623535156,0.0,short_polymer,1,I:C,10.4,
1XH3,equibind,scored_both,9.110743522644043,0.1586538404226303,short_polymer,1,C:C,1.927,
1XH3,diffdock,scored_both,5.6648454666137695,0.3387487828731537,short_polymer,1,C:C,3.857,
1XR9,equibind,scored_both,7.384387016296387,0.18927893042564392,short_polymer,1,C:C,0.354,
1XR9,diffdock,scored_both,6.159981727600098,0.28186023235321045,short_polymer,1,C:C,0.68,
1XR8,equibind,scored_both,9.154974937438965,0.17395029962062836,short_polymer,1,C:C,0.451,
1XR8,diffdock,scored_both,6.065260410308838,0.3135944604873657,short_polymer,1,C:C,0.893,
1Y2A,equibind,scored_both,8.5448579788208,0.17375391721725464,short_polymer,1,P:B,0.28,
1Y2A,diffdock,scored_both,41.68486022949219,0.0,short_polymer,1,P:B,0.553,
1Y3N,equibind,scored_both,4.575160026550293,0.37154990434646606,branched_glycan,1,B:B,0.279,
1Y3N,diffdock,scored_both,2.6273434162139893,0.6759724020957947,branched_glycan,1,B:B,0.52,
1Y3P,equibind,scored_both,4.73947286605835,0.32627347111701965,branched_glycan,1,B:B,0.38,
1Y3P,diffdock,scored_both,2.6135382652282715,0.6832020282745361,branched_glycan,1,B:B,0.732,
1YM2,equibind,scored_both,26.94883918762207,0.0,short_polymer,3,Z:F,0.905,
1YM2,diffdock,scored_both,9.264913558959961,0.20107191801071167,short_polymer,3,X:D,1.675,
1YM4,equibind,scored_both,23.667236328125,0.00016474464791826904,short_polymer,3,Y:E,0.948,
1YM4,diffdock,scored_both,12.987311363220215,0.13569024205207825,short_polymer,3,X:D,1.906,
1YWI,equibind,scored_both,8.986875534057617,0.14213137328624725,short_polymer,1,B:B,0.098,
1YWI,diffdock,scored_both,19.087160110473633,0.0026666666381061077,short_polymer,1,B:B,0.148,
1Z3T,equibind,scored_both,5.899524688720703,0.2943069338798523,branched_glycan,1,B:B,0.206,
1Z3T,diffdock,scored_both,6.2415971755981445,0.3530351519584656,branched_glycan,1,B:B,0.396,
1Z3V,equibind,scored_both,10.62775707244873,0.13403846323490143,branched_glycan,1,B:B,0.216,
1Z3V,diffdock,scored_both,2.9679791927337646,0.5986005067825317,branched_glycan,1,B:B,0.395,
1VYJ,equibind,scored_both,23.836835861206055,0.012671106494963169,short_polymer,6,F:F,6.122,
1VYJ,diffdock,scored_both,20.09081268310547,0.05298556387424469,short_polymer,6,F:F,11.014,
1ZH7,equibind,scored_both,28.56949806213379,0.0,short_polymer,2,C:C,0.759,
1ZH7,diffdock,scored_both,15.71538257598877,0.037249282002449036,short_polymer,2,D:D,1.297,
1XN2,equibind,scored_both,26.769512176513672,0.0,short_polymer,4,G:G,7.911,
1XN2,diffdock,scored_both,11.850860595703125,0.06463462859392166,short_polymer,4,F:F,10.796,
1ZHK,equibind,scored_both,11.8396635055542,0.05592600628733635,short_polymer,1,C:C,0.738,
1ZHK,diffdock,scored_both,7.235873222351074,0.297075480222702,short_polymer,1,C:C,1.506,
1ZM6,equibind,scored_both,8.451552391052246,0.16297024488449097,short_polymer,1,P:B,0.13,
1ZM6,diffdock,scored_both,7.9783244132995605,0.16039541363716125,short_polymer,1,P:B,0.236,
1ZUB,equibind,scored_both,14.449369430541992,0.09672053158283234,short_polymer,1,B:B,0.275,
1ZUB,diffdock,scored_both,7.864383220672607,0.1527027040719986,short_polymer,1,B:B,0.383,
1ZHL,equibind,scored_both,10.50094985961914,0.11660289019346237,short_polymer,1,C:C,0.761,
1ZHL,diffdock,scored_both,6.868993759155273,0.16189339756965637,short_polymer,1,C:C,1.484,
2AEZ,equibind,scored_both,2.6368722915649414,0.592383086681366,branched_glycan,1,D:D,0.322,
2AEZ,diffdock,scored_both,2.7833802700042725,0.520906925201416,branched_glycan,1,D:D,0.585,
2A3I,equibind,scored_both,10.814190864562988,0.0931301862001419,short_polymer,1,B:B,0.545,
2A3I,diffdock,scored_both,14.435175895690918,0.11014211922883987,short_polymer,1,B:B,0.956,
2AOF,equibind,scored_both,8.738265037536621,0.14873184263706207,short_polymer,1,C:C,0.392,
2AOF,diffdock,scored_both,6.2782816886901855,0.3783462941646576,short_polymer,1,C:C,0.73,
2AOI,equibind,scored_both,10.477069854736328,0.12564103305339813,short_polymer,1,C:C,0.356,
2AOI,diffdock,scored_both,4.356724739074707,0.548399031162262,short_polymer,1,C:C,0.738,
2AOJ,equibind,scored_both,8.479018211364746,0.1652103066444397,short_polymer,1,C:C,0.302,
2AOJ,diffdock,scored_both,5.353061676025391,0.399522066116333,short_polymer,1,C:C,0.6,
2AQ9,equibind,scored_both,13.784662246704102,0.07120194286108017,short_polymer,1,X:B,0.305,
2AQ9,diffdock,scored_both,13.747539520263672,0.04383116960525513,short_polymer,1,X:B,0.537,
2A0T,equibind,scored_both,9.700881004333496,0.21329453587532043,short_polymer,1,B:B,2.016,
2A0T,diffdock,scored_both,14.287731170654297,0.05540896952152252,short_polymer,1,B:B,3.556,
2AUC,equibind,scored_both,14.573600769042969,0.036396436393260956,short_polymer,1,D:D,1.164,
2AUC,diffdock,scored_both,16.723066329956055,0.028244027867913246,short_polymer,1,D:D,1.778,
2B1Q,equibind,scored_both,4.426444053649902,0.3119111657142639,branched_glycan,1,B:B,0.146,
2B1Q,diffdock,scored_both,3.7927465438842773,0.5218408703804016,branched_glycan,1,B:B,0.275,
2AZC,equibind,scored_both,9.12667465209961,0.14692236483097076,nonpolymer_pair,1,A:3TL:200+B:3TL:200,1.019,
2AZC,diffdock,scored_both,2.4329869747161865,0.7158505320549011,nonpolymer_pair,1,A:3TL:200+B:3TL:200,2.11,
2AZM,equibind,scored_both,14.96972942352295,0.04256272315979004,short_polymer,2,D:D,0.59,
2AZM,diffdock,scored_both,10.64637565612793,0.12181712687015533,short_polymer,2,D:D,1.082,
2B1R,equibind,scored_both,7.293905735015869,0.15273477137088776,branched_glycan,1,B:B,0.171,
2B1R,diffdock,scored_both,4.407957077026367,0.4573002755641937,branched_glycan,1,B:B,0.292,
2BCD,equibind,scored_both,4.443498611450195,0.3665318489074707,short_polymer,1,B:B,0.259,
2BCD,diffdock,scored_both,4.9944963455200195,0.3566502332687378,short_polymer,1,B:B,0.476,
2BBA,equibind,scored_both,11.803916931152344,0.08076483756303787,short_polymer,1,P:B,0.469,
2BBA,diffdock,scored_both,32.03862380981445,0.0,short_polymer,1,P:B,0.851,
2BGR,equibind,scored_both,21.013906478881836,0.0,short_polymer,2,Z:D,0.909,
2BGR,diffdock,scored_both,5.558706760406494,0.36912983655929565,short_polymer,2,Z:D,1.649,
2BMZ,equibind,scored_both,5.098255634307861,0.3565640151500702,branched_glycan,4,C:C,0.228,
2BMZ,diffdock,scored_both,2.3673248291015625,0.762499988079071,branched_glycan,4,E:E,0.436,
2BZ8,equibind,scored_both,9.062323570251465,0.14132165908813477,short_polymer,1,C:C,0.431,
2BZ8,diffdock,scored_both,6.117520809173584,0.2538759708404541,short_polymer,1,C:C,0.835,
2BGN,equibind,scored_both,32.9661750793457,0.0,short_polymer,4,W:I,3.278,
2CE9,equibind,scored_both,32.26809310913086,0.0,short_polymer,1,X:E,0.724,
2CE9,diffdock,scored_both,2.4822375774383545,0.7102712988853455,short_polymer,1,X:E,1.316,
2CIA,equibind,scored_both,13.270710945129395,0.08542199432849884,short_polymer,1,L:B,0.59,
2CIA,diffdock,scored_both,9.19140338897705,0.27887463569641113,short_polymer,1,L:B,1.177,
2CV3,equibind,scored_both,19.189544677734375,6.217358895810321e-05,short_polymer,1,B:B,0.254,
2CV3,diffdock,scored_both,33.80239486694336,0.0,short_polymer,1,B:B,0.469,
2D2V,equibind,scored_both,6.565508842468262,0.17713697254657745,branched_glycan,1,B:B,0.143,
2D2V,diffdock,scored_both,4.400145530700684,0.4581604301929474,branched_glycan,1,B:B,0.263,
2B7F,equibind,scored_both,11.023959159851074,0.019679300487041473,short_polymer,2,I:C,6.915,
2B7F,diffdock,scored_both,24.124019622802734,0.00039619652670808136,short_polymer,2,K:I,7.859,
2DWX,equibind,scored_both,8.523489952087402,0.1960802674293518,short_polymer,1,P:E,0.41,
2DWX,diffdock,scored_both,1.9912135601043701,0.6898467540740967,short_polymer,1,P:E,0.847,
2ER0,equibind,scored_both,10.474745750427246,0.12065420299768448,short_polymer,1,I:B,0.299,
2ER0,diffdock,scored_both,7.1448540687561035,0.26521238684654236,short_polymer,1,I:B,0.607,
2ER6,equibind,scored_both,8.641369819641113,0.17938992381095886,short_polymer,1,I:B,0.511,
2ER6,diffdock,scored_both,9.615731239318848,0.22877921164035797,short_polymer,1,I:B,0.955,
2ER9,equibind,scored_both,10.857780456542969,0.09179536998271942,short_polymer,1,I:B,0.436,
2ER9,diffdock,scored_both,4.923483848571777,0.49874213337898254,short_polymer,1,I:B,0.895,
2F5T,equibind,scored_both,10.79091739654541,0.12328296899795532,branched_glycan,1,A:B,0.139,
2F5T,diffdock,scored_both,4.397243022918701,0.3894665539264679,branched_glycan,1,A:B,0.255,
1OW8,equibind,scored_both,18.29871368408203,0.05820770561695099,short_polymer,2,D:D,25.319,
1OW8,diffdock,scored_both,6.06348180770874,0.248113214969635,short_polymer,2,D:D,46.53,
2FO4,equibind,scored_both,5.988245964050293,0.25482094287872314,short_polymer,1,P:C,0.384,
2FO4,diffdock,scored_both,6.124885559082031,0.3240275979042053,short_polymer,1,P:C,0.741,
2FX7,equibind,scored_both,9.367961883544922,0.1548123061656952,short_polymer,1,P:C,0.877,
2FX7,diffdock,scored_both,13.846290588378906,0.05928923189640045,short_polymer,1,P:C,1.586,
2FX9,equibind,scored_both,23.9589900970459,0.0,short_polymer,2,P:E,0.796,
2FX9,diffdock,scored_both,20.149152755737305,0.0,short_polymer,2,Q:F,1.597,
2GGU,equibind,scored_both,23.671106338500977,0.0,branched_glycan,3,E:E,0.313,
2GGU,diffdock,scored_both,2.984553337097168,0.5849593281745911,branched_glycan,3,E:E,0.558,
2GH9,equibind,scored_both,3.3758010864257812,0.43821728229522705,branched_glycan,1,B:B,0.223,
2GH9,diffdock,scored_both,1.1054902076721191,0.8204501271247864,branched_glycan,1,B:B,0.416,
2H2D,equibind,scored_both,20.80259895324707,0.0756390169262886,short_polymer,1,B:B,0.288,
2H2D,diffdock,scored_both,18.451919555664062,0.08567232638597488,short_polymer,1,B:B,0.54,
2H5D,equibind,scored_both,8.138548851013184,0.4442307651042938,short_polymer,1,B:B,0.179,
2H5D,diffdock,scored_both,4.860123157501221,0.42767295241355896,short_polymer,1,B:B,0.287,
2H5I,equibind,scored_both,8.06874942779541,0.12877210974693298,short_polymer,1,C:C,0.174,
2H5I,diffdock,scored_both,6.183285236358643,0.37964776158332825,short_polymer,1,C:C,0.338,
2H5J,equibind,scored_both,9.38441276550293,0.02387152798473835,short_polymer,2,F:F,0.484,
2H5J,diffdock,scored_both,6.318885326385498,0.3371739089488983,short_polymer,2,F:F,0.778,
2H65,equibind,scored_both,6.0055131912231445,0.013775509782135487,short_polymer,2,F:F,0.582,
2H65,diffdock,scored_both,7.393948078155518,0.3364427983760834,short_polymer,2,F:F,0.932,
2H6K,equibind,scored_both,22.741926193237305,0.0007037848117761314,short_polymer,1,C:C,0.477,
2H6K,diffdock,scored_both,7.981331825256348,0.26299694180488586,short_polymer,1,C:C,0.846,
2H6T,equibind,scored_both,7.112444877624512,0.24544678628444672,short_polymer,1,B:B,0.395,
2H6T,diffdock,scored_both,2.862147569656372,0.673434853553772,short_polymer,1,B:B,0.765,
2C2L,equibind,scored_both,14.163342475891113,0.07256554067134857,short_polymer,4,E:E,3.812,
2C2L,diffdock,scored_both,15.237895011901855,0.032430730760097504,short_polymer,4,E:E,10.593,
2I3H,equibind,scored_both,10.08849811553955,0.21195651590824127,short_polymer,2,D:D,0.192,
2I3H,diffdock,scored_both,10.015116691589355,0.11750272661447525,short_polymer,2,D:D,0.345,
2HKF,equibind,scored_both,9.0486478805542,0.11021865159273148,short_polymer,1,P:C,0.367,
2HKF,diffdock,scored_both,31.016658782958984,0.0,short_polymer,1,P:C,0.674,
2HOB,equibind,scored_both,11.248488426208496,0.1026252955198288,short_polymer,1,B:B,0.225,
2HOB,diffdock,scored_both,4.450586795806885,0.5245276093482971,short_polymer,1,B:B,0.413,
2IG0,equibind,scored_both,4.443214416503906,0.40826088190078735,short_polymer,1,B:B,0.094,
2IG0,diffdock,scored_both,3.6684632301330566,0.5599021911621094,short_polymer,1,B:B,0.168,
2IGW,equibind,scored_both,4.605501651763916,0.3429561257362366,nonpolymer_pair,1,A:GLY:201+A:PRO:202,0.1,
2IGW,diffdock,scored_both,8.52873420715332,0.13317307829856873,nonpolymer_pair,1,A:GLY:201+A:PRO:202,0.18,
2IGV,equibind,scored_both,4.203464984893799,0.45279720425605774,nonpolymer_pair,1,A:SER:201+A:PRO:202,0.121,
2IGV,diffdock,scored_both,8.627730369567871,0.13971880078315735,nonpolymer_pair,1,A:SER:201+A:PRO:202,0.206,
2JO9,equibind,scored_both,6.978938102722168,0.20913153886795044,short_polymer,1,B:B,0.291,
2JO9,diffdock,scored_both,7.912548065185547,0.19162435829639435,short_polymer,1,B:B,0.538,
2JOA,equibind,scored_both,10.986583709716797,0.11835926026105881,short_polymer,1,B:B,0.293,
2JOA,diffdock,scored_both,12.852511405944824,0.04707278311252594,short_polymer,1,B:B,0.437,
1XN3,equibind,scored_both,24.665361404418945,0.0012929250951856375,short_polymer,1,I:E,24.263,
1XN3,diffdock,scored_both,11.458980560302734,0.4568788409233093,short_polymer,1,I:E,30.399,
2JQI,equibind,scored_both,18.44963264465332,0.036606576293706894,short_polymer,1,B:B,0.483,
2JQI,diffdock,scored_both,7.0947136878967285,0.24766355752944946,short_polymer,1,B:B,0.65,
2JJB,equibind,scored_both,25.707942962646484,0.0,nonpolymer_pair,4,B:3CU:1545+B:GLC:1546,1.52,
2JJB,diffdock,scored_both,1.7396180629730225,0.7257096171379089,nonpolymer_pair,4,B:3CU:1545+B:GLC:1546,2.877,
2JDL,equibind,scored_both,9.031937599182129,0.10083472728729248,short_polymer,1,C:C,1.723,
2JDL,diffdock,scored_both,25.58405303955078,0.0,short_polymer,1,C:C,3.218,
2JUP,equibind,scored_both,14.202345848083496,0.08372319489717484,short_polymer,1,P:B,0.108,
2JUP,diffdock,scored_both,26.631328582763672,0.0274555291980505,short_polymer,1,P:B,0.175,
2JQL,equibind,scored_both,19.96223258972168,0.0017621646402403712,short_polymer,1,B:B,0.729,
2JQL,diffdock,scored_both,13.455910682678223,0.04673423245549202,short_polymer,1,B:B,1.231,
2K1Q,equibind,scored_both,6.750438213348389,0.255843847990036,short_polymer,1,B:B,0.506,
2K1Q,diffdock,scored_both,7.551703453063965,0.28479281067848206,short_polymer,1,B:B,0.681,
2FLU,equibind,scored_both,19.80555534362793,0.00982968881726265,short_polymer,1,P:B,6.15,
2FLU,diffdock,scored_both,18.88500213623047,0.041433654725551605,short_polymer,1,P:B,11.702,
2JQ9,equibind,scored_both,13.579042434692383,0.020603014156222343,short_polymer,1,B:B,2.773,
2JQ9,diffdock,scored_both,23.480453491210938,0.008857395499944687,short_polymer,1,B:B,5.407,
2K46,equibind,scored_both,5.338619709014893,0.28369563817977905,branched_glycan,1,B:B,0.381,
2K46,diffdock,scored_both,1.6201549768447876,0.7197265625,branched_glycan,1,B:B,0.466,
2K00,equibind,scored_both,21.767683029174805,0.04427899792790413,short_polymer,1,B:B,1.803,
2K00,diffdock,scored_both,19.41343116760254,0.0533667616546154,short_polymer,1,B:B,3.263,
2KE1,equibind,scored_both,13.670555114746094,0.1095111295580864,short_polymer,1,B:B,0.221,
2KE1,diffdock,scored_both,9.430854797363281,0.07082324475049973,short_polymer,1,B:B,0.328,
2KBS,equibind,scored_both,16.179889678955078,0.019136078655719757,short_polymer,1,B:B,0.284,
2KBS,diffdock,scored_both,9.893356323242188,0.08930373191833496,short_polymer,1,B:B,0.442,
2KGI,equibind,scored_both,8.541589736938477,0.2162288874387741,short_polymer,1,B:B,0.268,
2KGI,diffdock,scored_both,6.785330295562744,0.15791815519332886,short_polymer,1,B:B,0.453,
2KHH,equibind,scored_both,12.61705493927002,0.07400678098201752,short_polymer,1,B:B,0.234,
2KHH,diffdock,scored_both,15.499160766601562,0.013872135430574417,short_polymer,1,B:B,0.354,
2KS9,equibind,scored_both,12.550248146057129,0.06796116381883621,short_polymer,1,B:B,0.474,
2KS9,diffdock,scored_both,12.90953254699707,0.027605459094047546,short_polymer,1,B:B,0.814,
2K2R,equibind,scored_both,19.903928756713867,0.009977826848626137,short_polymer,1,B:B,1.896,
2K2R,diffdock,scored_both,17.089298248291016,0.05731523409485817,short_polymer,1,B:B,3.542,
2KVM,equibind,scored_both,13.60372543334961,0.06387817114591599,short_polymer,1,B:B,0.459,
2KVM,diffdock,scored_both,17.578542709350586,0.03459756821393967,short_polymer,1,B:B,0.772,
2L0I,equibind,scored_both,11.164480209350586,0.06686828285455704,short_polymer,1,B:B,0.351,
2L0I,diffdock,scored_both,7.737138271331787,0.08835341036319733,short_polymer,1,B:B,0.56,
2L12,equibind,scored_both,15.894613265991211,0.05703611299395561,short_polymer,1,B:B,0.513,
2L12,diffdock,scored_both,15.691920280456543,0.09421548992395401,short_polymer,1,B:B,0.933,
2L1B,equibind,scored_both,12.896677017211914,0.04783433675765991,short_polymer,1,B:B,0.533,
2L1B,diffdock,scored_both,17.493730545043945,0.03448275849223137,short_polymer,1,B:B,0.916,
2L3R,equibind,scored_both,12.952189445495605,0.06705539673566818,short_polymer,1,B:B,0.603,
2L3R,diffdock,scored_both,10.76378345489502,0.09429824352264404,short_polymer,1,B:B,1.069,
2L6J,equibind,scored_both,13.70641803741455,0.07445008307695389,short_polymer,1,B:B,0.354,
2L6J,diffdock,scored_both,10.205190658569336,0.0466887429356575,short_polymer,1,B:B,0.514,
2JQK,equibind,scored_both,9.599217414855957,0.12130478769540787,short_polymer,1,B:B,4.601,
2JQK,diffdock,scored_both,24.735240936279297,0.004021447617560625,short_polymer,1,B:B,8.932,
2L6E,equibind,scored_both,10.605566024780273,0.07109098136425018,short_polymer,1,B:B,1.484,
2L6E,diffdock,scored_both,13.488183975219727,0.1196296289563179,short_polymer,1,B:B,2.621,
2LBM,equibind,scored_both,19.075159072875977,0.02847222238779068,short_polymer,1,C:B,0.808,
2LBM,diffdock,scored_both,15.085745811462402,0.0603393092751503,short_polymer,1,C:B,1.228,
2LIQ,equibind,scored_both,4.025552749633789,0.4207436442375183,branched_glycan,1,B:B,0.309,
2LIQ,diffdock,scored_both,1.2813327312469482,0.8442408442497253,branched_glycan,1,B:B,0.401,
2LAS,equibind,scored_both,10.016841888427734,0.1735740303993225,short_polymer,1,B:B,1.086,
2LAS,diffdock,scored_both,15.452102661132812,0.02323330193758011,short_polymer,1,B:B,1.954,
2LPR,equibind,scored_both,3.9505577087402344,0.5306957960128784,short_polymer,1,P:B,0.125,
2LPR,diffdock,scored_both,3.772721767425537,0.5550974607467651,short_polymer,1,P:B,0.223,
2KOH,equibind,scored_both,15.677607536315918,0.054062217473983765,short_polymer,1,B:B,3.633,
2KOH,diffdock,scored_both,16.39556312561035,0.043523676693439484,short_polymer,1,B:B,7.026,
2LTV,equibind,scored_both,11.996088981628418,0.06307531148195267,short_polymer,1,B:B,0.329,
2LTV,diffdock,scored_both,14.675691604614258,0.03611111268401146,short_polymer,1,B:B,0.533,
2LL7,equibind,scored_both,10.526266098022461,0.0997174009680748,short_polymer,1,B:B,0.894,
2LL7,diffdock,scored_both,12.65800952911377,0.06167763099074364,short_polymer,1,B:B,1.521,
2LSV,equibind,scored_both,10.291448593139648,0.08488163352012634,short_polymer,1,B:B,0.732,
2LSV,diffdock,scored_both,9.980941772460938,0.258294939994812,short_polymer,1,B:B,1.243,
2LTW,equibind,scored_both,14.17396354675293,0.04544613137841225,short_polymer,1,B:B,0.46,
2LTW,diffdock,scored_both,15.151561737060547,0.04911699891090393,short_polymer,1,B:B,0.822,
2M0O,equibind,scored_both,15.810771942138672,0.039229877293109894,short_polymer,1,B:B,0.436,
2M0O,diffdock,scored_both,13.821412086486816,0.15547378361225128,short_polymer,1,B:B,0.747,
2M0V,equibind,scored_both,7.550591468811035,0.2693023383617401,short_polymer,1,B:B,0.272,
2M0V,diffdock,scored_both,8.6388578414917,0.15108564496040344,short_polymer,1,B:B,0.378,
2LTX,equibind,scored_both,9.497270584106445,0.13116970658302307,short_polymer,1,B:B,1.626,
2LTX,diffdock,scored_both,20.064245223999023,0.03097587637603283,short_polymer,1,B:B,2.961,
2LTY,equibind,scored_both,12.427057266235352,0.08681214600801468,short_polymer,1,B:B,1.455,
2LTY,diffdock,scored_both,19.57696533203125,0.021041369065642357,short_polymer,1,B:B,2.901,
2M41,equibind,scored_both,14.72485065460205,0.09400921314954758,short_polymer,1,A:A,1.426,
2M41,diffdock,scored_both,12.564790725708008,0.03583802655339241,short_polymer,1,A:A,2.629,
2MG5,equibind,scored_both,9.298333168029785,0.11796031147241592,short_polymer,1,B:B,1.039,
2MG5,diffdock,scored_both,15.728168487548828,0.05972490459680557,short_polymer,1,B:B,1.708,
2MNZ,equibind,scored_both,22.115142822265625,0.040133532136678696,short_polymer,1,B:B,0.204,
2MNZ,diffdock,scored_both,15.063864707946777,0.1369694024324417,short_polymer,1,B:B,0.315,
2MPS,equibind,scored_both,10.818765640258789,0.08309859037399292,short_polymer,1,B:B,1.898,
2MPS,diffdock,scored_both,24.14383888244629,0.006542316172271967,short_polymer,1,B:B,3.354,
2MIP,equibind,scored_both,6.348781108856201,0.0,short_polymer,4,G:G,3.383,
2MIP,diffdock,scored_both,12.673233985900879,0.05239933729171753,short_polymer,4,H:H,4.488,
2MS4,equibind,scored_both,14.801895141601562,0.06128000095486641,short_polymer,1,B:B,0.507,
2MS4,diffdock,scored_both,8.652138710021973,0.11546499282121658,short_polymer,1,B:B,0.656,
2NCZ,equibind,scored_both,12.499776840209961,0.050096455961465836,short_polymer,1,B:B,0.329,
2NCZ,diffdock,scored_both,25.535131454467773,0.008098380640149117,short_polymer,1,B:B,0.493,
2KSP,equibind,scored_both,12.982657432556152,0.07723867148160934,short_polymer,1,B:B,8.904,
2KSP,diffdock,scored_both,13.677530288696289,0.09331651777029037,short_polymer,1,B:B,17.158,
2NDF,equibind,scored_both,15.22578239440918,0.1254202425479889,short_polymer,1,B:B,0.44,
2NDF,diffdock,scored_both,10.799595832824707,0.31529849767684937,short_polymer,1,B:B,0.642,
2ND0,equibind,scored_both,13.990798950195312,0.12261278927326202,short_polymer,1,B:B,0.866,
2ND0,diffdock,scored_both,19.691707611083984,0.025544388219714165,short_polymer,1,B:B,1.526,
2NDG,equibind,scored_both,14.161678314208984,0.11197404563426971,short_polymer,1,B:B,0.47,
2NDG,diffdock,scored_both,7.621925354003906,0.30882352590560913,short_polymer,1,B:B,0.65,
2NN8,equibind,scored_both,6.771545886993408,0.21566902101039886,branched_glycan,2,C:C,0.119,
2NN8,diffdock,scored_both,1.236392617225647,0.8179945349693298,branched_glycan,2,C:C,0.209,
2NWN,equibind,scored_both,13.501764297485352,0.06364189833402634,short_polymer,1,B:B,0.42,
2NWN,diffdock,scored_both,9.073091506958008,0.24589602649211884,short_polymer,1,B:B,0.89,
2O9R,equibind,scored_both,2.652942180633545,0.5292763113975525,branched_glycan,1,B:B,0.228,
2O9R,diffdock,scored_both,1.2357338666915894,0.8305687308311462,branched_glycan,1,B:B,0.428,
2OI3,equibind,scored_both,20.736459732055664,0.07117563486099243,short_polymer,1,B:B,0.211,
2OI3,diffdock,scored_both,9.069711685180664,0.1506558656692505,short_polymer,1,B:B,0.388,
2OLB,equibind,scored_both,6.990078926086426,0.25577858090400696,short_polymer,1,B:B,0.294,
2OLB,diffdock,scored_both,5.892986297607422,0.43906131386756897,short_polymer,1,B:B,0.552,
2LL6,equibind,scored_both,12.243907928466797,0.031077824532985687,short_polymer,1,B:B,9.032,
2LL6,diffdock,scored_both,20.646312713623047,0.038645897060632706,short_polymer,1,B:B,17.105,
2PEH,equibind,scored_both,23.525976181030273,0.012411347590386868,short_polymer,1,C:B,0.433,
2PEH,diffdock,scored_both,11.694522857666016,0.05921052768826485,short_polymer,1,C:B,0.727,
2PEM,equibind,scored_both,12.830304145812988,0.0026281208265572786,short_polymer,1,R:G,0.51,
2PEM,diffdock,scored_both,3.507995843887329,0.5432098507881165,short_polymer,1,R:G,1.198,
2N8T,equibind,scored_both,14.730393409729004,0.05129576846957207,short_polymer,1,B:B,4.692,
2N8T,diffdock,scored_both,14.57895278930664,0.04374999925494194,short_polymer,1,B:B,9.421,
2PNX,equibind,scored_both,11.106163024902344,0.07286866009235382,short_polymer,1,D:D,0.386,
2PNX,diffdock,scored_both,20.550676345825195,0.009822804480791092,short_polymer,1,D:D,0.779,
2OR9,equibind,scored_both,11.230109214782715,0.04381175339221954,short_polymer,1,P:E,3.264,
2OR9,diffdock,scored_both,15.93124771118164,0.012947618030011654,short_polymer,1,P:E,6.534,
2PUY,equibind,scored_both,12.754055976867676,0.1442204713821411,short_polymer,1,E:C,0.194,
2PUY,diffdock,scored_both,5.273446559906006,0.44260531663894653,short_polymer,1,E:C,0.388,
2PV1,equibind,scored_both,5.589520454406738,0.2972308397293091,short_polymer,1,B:B,0.194,
2PV1,diffdock,scored_both,10.17524242401123,0.07030567526817322,short_polymer,1,B:B,0.353,
2NM1,equibind,scored_both,12.634142875671387,0.08533791452646255,short_polymer,1,B:B,5.211,
2NM1,diffdock,scored_both,27.46576499938965,0.0,short_polymer,1,B:B,10.188,
2PMC,equibind,scored_both,29.670209884643555,0.0,short_polymer,2,F:F,3.641,
2PMC,diffdock,scored_both,6.710755825042725,0.13897892832756042,short_polymer,2,F:F,4.748,
2Q6F,equibind,scored_both,17.374799728393555,0.055399999022483826,short_polymer,2,D:C,0.458,
2Q6F,diffdock,scored_both,5.608577251434326,0.4797084331512451,short_polymer,2,C:D,0.868,
2QBW,equibind,scored_both,13.79855728149414,0.03582145646214485,short_polymer,1,B:B,0.221,
2QBW,diffdock,scored_both,13.662511825561523,0.047557469457387924,short_polymer,1,B:B,0.408,
2QBX,equibind,scored_both,27.415786743164062,0.0,short_polymer,1,D:C,0.373,
2QBX,diffdock,scored_both,10.300553321838379,0.09507042169570923,short_polymer,1,D:C,0.668,
2PR9,equibind,scored_both,8.395626068115234,0.18303094804286957,short_polymer,1,P:B,2.156,
2PR9,diffdock,scored_both,41.28139877319336,0.0,short_polymer,1,P:B,3.853,
2QMJ,equibind,scored_both,3.662822961807251,0.4810924232006073,branched_glycan,1,B:C,0.412,
2QMJ,diffdock,scored_both,2.6579816341400146,0.7041616439819336,branched_glycan,1,B:C,0.792,
2QT5,equibind,scored_both,23.99835968017578,0.0,short_polymer,2,Y:D,0.259,
2QT5,diffdock,scored_both,24.829442977905273,0.0,short_polymer,2,X:C,0.467,
2R1X,equibind,scored_both,5.713297367095947,0.27291423082351685,branched_glycan,1,C:C,0.226,
2R1X,diffdock,scored_both,2.533353090286255,0.6758872866630554,branched_glycan,1,C:C,0.416,
2R1Y,equibind,scored_both,7.023314476013184,0.3076331913471222,branched_glycan,1,C:C,0.216,
2R1Y,diffdock,scored_both,3.1370644569396973,0.7158470153808594,branched_glycan,1,C:C,0.399,
2R0H,equibind,scored_both,36.734798431396484,0.0,branched_glycan,4,F:F,0.581,
2R0H,diffdock,scored_both,3.700350522994995,0.45783531665802,branched_glycan,4,G:G,0.965,
2R23,equibind,scored_both,6.034451484680176,0.31964609026908875,branched_glycan,1,C:C,0.252,
2R23,diffdock,scored_both,4.172879695892334,0.5776515007019043,branched_glycan,1,C:C,0.451,
2R2B,equibind,scored_both,8.186864852905273,0.2837434709072113,branched_glycan,1,C:C,0.254,
2R2B,diffdock,scored_both,4.966458797454834,0.59375,branched_glycan,1,C:C,0.474,
2QZX,equibind,scored_both,27.415508270263672,0.0,short_polymer,2,D:D,0.951,
2QZX,diffdock,scored_both,8.28491497039795,0.18431735038757324,short_polymer,2,C:C,1.648,
2R3Y,equibind,scored_both,30.61262321472168,0.0,short_polymer,3,F:F,0.756,
2R3Y,diffdock,scored_both,24.01561164855957,0.0,short_polymer,3,F:F,1.558,
2R9B,equibind,scored_both,11.21690845489502,0.05255085602402687,short_polymer,2,C:B,1.025,
2R9B,diffdock,scored_both,15.465898513793945,0.02147669903934002,short_polymer,2,D:D,1.926,
2RKM,equibind,scored_both,5.5129714012146,0.3896551728248596,nonpolymer_pair,1,A:LYS:2001+A:LYS:2002,0.26,
2RKM,diffdock,scored_both,9.11718463897705,0.15876777470111847,nonpolymer_pair,1,A:LYS:2001+A:LYS:2002,0.506,
2RFY,equibind,scored_both,8.497932434082031,0.13507209718227386,branched_glycan,4,F:F,1.087,
2RFY,diffdock,scored_both,1.0420212745666504,0.7978351712226868,branched_glycan,4,G:G,1.995,
2RLY,equibind,scored_both,16.44996452331543,0.01923076994717121,short_polymer,1,P:B,0.102,
2RLY,diffdock,scored_both,17.52775764465332,0.031553398817777634,short_polymer,1,P:B,0.166,
2RM0,equibind,scored_both,12.68603801727295,0.09488381445407867,short_polymer,1,P:B,0.111,
2RM0,diffdock,scored_both,18.677600860595703,0.0011655011912807822,short_polymer,1,P:B,0.182,
2RNW,equibind,scored_both,8.399682998657227,0.15574486553668976,short_polymer,1,B:B,0.359,
2RNW,diffdock,scored_both,11.34219741821289,0.12771739065647125,short_polymer,1,B:B,0.531,
2RNX,equibind,scored_both,14.902425765991211,0.015416311100125313,short_polymer,1,B:B,0.435,
2RNX,diffdock,scored_both,14.735759735107422,0.0616002231836319,short_polymer,1,B:B,0.727,
2ROL,equibind,scored_both,14.169412612915039,0.04126966372132301,short_polymer,1,B:B,0.383,
2ROL,diffdock,scored_both,19.27488136291504,0.03913835063576698,short_polymer,1,B:B,0.617,
2RQU,equibind,scored_both,17.275981903076172,0.08406593650579453,short_polymer,1,B:B,0.28,
2RQU,diffdock,scored_both,14.400554656982422,0.08308099955320358,short_polymer,1,B:B,0.433,
2TPI,equibind,scored_both,8.42492389678955,0.14379946887493134,nonpolymer_pair,1,Z:ILE:1016+Z:VAL:1017,0.156,
2TPI,diffdock,scored_both,27.390113830566406,0.0,nonpolymer_pair,1,Z:ILE:1016+Z:VAL:1017,0.276,
2V7D,equibind,scored_both,28.60577964782715,0.0,short_polymer,4,S:H,1.125,
2V7D,diffdock,scored_both,7.050222873687744,0.21675711870193481,short_polymer,4,P:E,2.091,
2V83,equibind,scored_both,9.934160232543945,0.09461063891649246,short_polymer,1,D:D,0.999,
2V83,diffdock,scored_both,10.744417190551758,0.3242824971675873,short_polymer,1,D:D,2.067,
2VR3,equibind,scored_both,13.850717544555664,0.040542520582675934,short_polymer,1,C:C,0.438,
2VR3,diffdock,scored_both,27.34165382385254,0.0005847953143529594,short_polymer,1,C:C,0.844,
2MC1,equibind,scored_both,17.093679428100586,0.05685385316610336,short_polymer,1,B:B,15.266,
2MC1,diffdock,scored_both,9.50637435913086,0.1582898199558258,short_polymer,1,B:B,28.801,
2W0Z,equibind,scored_both,14.069823265075684,0.08562368154525757,short_polymer,1,B:B,0.098,
2W0Z,diffdock,scored_both,6.018438816070557,0.20336787402629852,short_polymer,1,B:B,0.174,
2W10,equibind,scored_both,17.49735450744629,0.020339198410511017,short_polymer,1,D:D,0.249,
2W10,diffdock,scored_both,6.389631748199463,0.1587739735841751,short_polymer,1,D:D,0.432,
2VL1,equibind,scored_both,12.406309127807617,0.0036337210331112146,nonpolymer_pair,8,D:GLY:703+D:GLY:704,1.472,
2VL1,diffdock,scored_both,13.114885330200195,0.02302631549537182,nonpolymer_pair,8,B:GLY:703+B:GLY:704,3.177,
2W2U,equibind,scored_both,18.752410888671875,0.018581505864858627,short_polymer,2,D:D,1.671,
2W2U,diffdock,scored_both,21.39702033996582,0.005347593687474728,short_polymer,2,D:D,3.309,
2W47,equibind,scored_both,3.796942949295044,0.3973296582698822,branched_glycan,1,B:B,0.104,
2W47,diffdock,scored_both,4.856560707092285,0.28325510025024414,branched_glycan,1,B:B,0.18,
2W68,equibind,scored_both,11.527491569519043,0.08423716574907303,branched_glycan,3,D:D,0.475,
2W68,diffdock,scored_both,3.312371015548706,0.6061278581619263,branched_glycan,3,E:E,0.881,
2W6T,equibind,scored_both,28.97726821899414,0.0,short_polymer,1,C:C,0.902,
2W6T,diffdock,scored_both,6.192039489746094,0.21129260957241058,short_polymer,1,C:C,1.684,
2W3O,equibind,scored_both,10.482163429260254,0.13867859542369843,short_polymer,2,D:D,3.508,
2W3O,diffdock,scored_both,9.275161743164062,0.12369687110185623,short_polymer,2,C:C,6.88,
2W6U,equibind,scored_both,27.410289764404297,0.0003376857202965766,short_polymer,1,C:C,0.829,
2W6U,diffdock,scored_both,3.987150192260742,0.5322222113609314,short_polymer,1,C:C,1.644,
2VXJ,equibind,scored_both,22.266517639160156,0.011755057610571384,branched_glycan,23,q:QA,5.871,
2VXJ,diffdock,scored_both,3.418041229248047,0.7460552453994751,branched_glycan,23,Y:Y,10.279,
2W76,equibind,scored_both,20.341299057006836,0.019315114244818687,short_polymer,1,C:C,0.867,
2W76,diffdock,scored_both,6.787110328674316,0.3329814076423645,short_polymer,1,C:C,1.696,
2W77,equibind,scored_both,21.089115142822266,0.012734143994748592,short_polymer,1,C:C,0.959,
2W77,diffdock,scored_both,6.390692234039307,0.3629089593887329,short_polymer,1,C:C,1.956,
2W7Y,equibind,scored_both,28.162263870239258,0.0,branched_glycan,2,C:C,0.471,
2W7Y,diffdock,scored_both,1.2295774221420288,0.824411153793335,branched_glycan,2,C:C,0.854,
2W9R,equibind,scored_both,30.636123657226562,0.0,short_polymer,1,B:B,0.26,
2W9R,diffdock,scored_both,15.627972602844238,0.07598371803760529,short_polymer,1,B:B,0.481,
2UZ6,equibind,scored_both,6.332677364349365,0.000109098844404798,short_polymer,10,M:M,10.226,
2UZ6,diffdock,scored_both,14.769109725952148,0.05044776201248169,short_polymer,10,K:K,15.555,
2WA8,equibind,scored_both,22.371543884277344,0.004511278122663498,short_polymer,1,B:B,0.454,
2WA8,diffdock,scored_both,14.448055267333984,0.09904153645038605,short_polymer,1,B:B,0.925,
2WFJ,equibind,scored_both,6.237857818603516,0.19229014217853546,short_polymer,1,B:B,0.417,
2WFJ,diffdock,scored_both,4.440246105194092,0.4347345232963562,short_polymer,1,B:B,0.805,
2WLY,equibind,scored_both,3.716190814971924,0.4335683286190033,nonpolymer_pair,1,A:SN5:1571+A:NGT:1572,0.281,
2WLY,diffdock,scored_both,1.189725637435913,0.8040355443954468,nonpolymer_pair,1,A:SN5:1571+A:NGT:1572,0.525,
2WLZ,equibind,scored_both,2.3633956909179688,0.6544980406761169,nonpolymer_pair,1,A:NGT:1569+A:NAG:1570,0.267,
2WLZ,diffdock,scored_both,2.7023916244506836,0.5671067237854004,nonpolymer_pair,1,A:NGT:1569+A:NAG:1570,0.516,
2WP1,equibind,scored_both,16.605308532714844,0.019516129046678543,short_polymer,1,P:C,0.303,
2WP1,diffdock,scored_both,10.153366088867188,0.3173076808452606,short_polymer,1,P:C,0.478,
2W85,equibind,scored_both,14.680761337280273,0.08387366682291031,short_polymer,1,B:B,1.376,
2W85,diffdock,scored_both,14.364190101623535,0.0248190276324749,short_polymer,1,B:B,2.537,
2PV2,equibind,scored_both,9.415501594543457,0.04637287184596062,short_polymer,2,F:F,18.052,
2PV2,diffdock,scored_both,16.20455551147461,0.0050119333900511265,short_polymer,2,F:F,24.423,
2WYF,equibind,scored_both,33.199222564697266,0.0,branched_glycan,6,J:J,0.937,
2WYF,diffdock,scored_both,2.4905545711517334,0.7676659822463989,branched_glycan,6,I:I,1.644,
2WYN,equibind,scored_both,27.68828010559082,0.0,nonpolymer_pair,4,D:LG9:1547+D:GLC:1548,1.506,
2WYN,diffdock,scored_both,2.0858426094055176,0.6956745386123657,nonpolymer_pair,4,A:LG9:1547+A:GLC:1548,2.695,
2X4O,equibind,scored_both,23.42955207824707,0.004627181217074394,short_polymer,2,F:F,1.034,
2X4O,diffdock,scored_both,4.238393783569336,0.48143813014030457,short_polymer,2,C:C,2.024,
2X4R,equibind,scored_both,24.18069839477539,6.281406967900693e-05,short_polymer,2,C:C,0.982,
2X4R,diffdock,scored_both,5.330179691314697,0.3259868323802948,short_polymer,2,F:F,1.906,
2X2I,equibind,scored_both,38.012569427490234,0.0,branched_glycan,4,I:I,3.081,
2X6X,equibind,scored_both,7.434467315673828,0.171875,branched_glycan,1,B:B,0.34,
2X6X,diffdock,scored_both,5.527641773223877,0.33264651894569397,branched_glycan,1,B:B,0.662,
2X4S,equibind,scored_both,24.439435958862305,0.008809464052319527,short_polymer,2,F:F,0.981,
2X4S,diffdock,scored_both,5.148331165313721,0.3825259506702423,short_polymer,2,C:C,1.853,
2X6Y,equibind,scored_both,6.747861385345459,0.21042253077030182,branched_glycan,1,B:B,0.372,
2X6Y,diffdock,scored_both,1.9390974044799805,0.7186885476112366,branched_glycan,1,B:B,0.705,
2X85,equibind,scored_both,7.073754787445068,0.16337177157402039,branched_glycan,1,B:B,0.382,
2X85,diffdock,scored_both,2.2302966117858887,0.7360594868659973,branched_glycan,1,B:B,0.759,
2X4T,equibind,scored_both,18.05768585205078,0.039979882538318634,short_polymer,2,F:F,1.085,
2X4T,diffdock,scored_both,3.7731540203094482,0.5084667205810547,short_polymer,2,F:F,2.018,
2X4U,equibind,scored_both,19.70775604248047,0.027021335437893867,short_polymer,2,C:C,1.119,
2X4U,diffdock,scored_both,4.746143817901611,0.41732802987098694,short_polymer,2,C:C,2.015,
2XAF,equibind,scored_both,6.033675193786621,0.3243405222892761,nonpolymer_pair,1,A:FAD:900+A:TCF:901,0.52,
2XAF,diffdock,scored_both,1.6376677751541138,0.7524541020393372,nonpolymer_pair,1,A:FAD:900+A:TCF:901,1.022,
2XAG,equibind,scored_both,5.769456386566162,0.35864487290382385,nonpolymer_pair,1,A:FAD:900+A:TCF:901,0.488,
2XAG,diffdock,scored_both,1.967402696609497,0.7163621187210083,nonpolymer_pair,1,A:FAD:900+A:TCF:901,0.972,
2XAJ,equibind,scored_both,8.225580215454102,0.2039192020893097,nonpolymer_pair,1,A:FAD:900+A:TCA:901,0.502,
2XAJ,diffdock,scored_both,1.4775302410125732,0.7788503766059875,nonpolymer_pair,1,A:FAD:900+A:TCA:901,0.989,
2XAH,equibind,scored_both,7.0450592041015625,0.20503844320774078,nonpolymer_pair,1,A:FAD:900+A:3PL:901,0.497,
2XAH,diffdock,scored_both,2.0067222118377686,0.7217122316360474,nonpolymer_pair,1,A:FAD:900+A:3PL:901,1.035,
2XG9,equibind,scored_both,4.265334129333496,0.37652233242988586,branched_glycan,1,B:B,0.273,
2XG9,diffdock,scored_both,2.548038959503174,0.6815008521080017,branched_glycan,1,B:B,0.505,
2XAQ,equibind,scored_both,6.2577972412109375,0.24675676226615906,nonpolymer_pair,1,A:FAD:900+A:M84:901,0.568,
2XAQ,diffdock,scored_both,1.0591113567352295,0.8907702565193176,nonpolymer_pair,1,A:FAD:900+A:M84:901,1.116,
2XDW,equibind,scored_both,7.650451183319092,0.2016129046678543,short_polymer,1,P:B,0.409,
2XDW,diffdock,scored_both,6.880020618438721,0.18266171216964722,short_polymer,1,P:B,0.854,
2XAS,equibind,scored_both,8.380694389343262,0.15565091371536255,nonpolymer_pair,1,A:FAD:900+A:M80:901,0.719,
2XAS,diffdock,scored_both,3.0347111225128174,0.655701756477356,nonpolymer_pair,1,A:FAD:900+A:M80:901,1.427,
2XQQ,equibind,scored_both,9.766311645507812,0.17738865315914154,short_polymer,3,E:E,1.53,
2XQQ,diffdock,scored_both,10.618897438049316,0.2461969554424286,short_polymer,3,H:H,2.222,
2XL2,equibind,scored_both,34.663150787353516,0.0,short_polymer,1,C:C,1.526,
2XL2,diffdock,scored_both,37.39752197265625,0.0,short_polymer,1,C:C,2.576,
2Y06,equibind,scored_both,10.256564140319824,0.09090909361839294,short_polymer,1,P:C,0.244,
2Y06,diffdock,scored_both,9.584648132324219,0.08568824082612991,short_polymer,1,P:C,0.5,
2Y36,equibind,scored_both,8.204870223999023,0.15819543600082397,short_polymer,1,P:C,0.279,
2Y36,diffdock,scored_both,14.062675476074219,0.18772509694099426,short_polymer,1,P:C,0.532,
2X2C,equibind,scored_both,16.169322967529297,0.0,short_polymer,5,L:D,7.353,
2X2C,diffdock,scored_both,4.023464202880859,0.4238660931587219,short_polymer,5,P:G,10.254,
2XRW,equibind,scored_both,11.917582511901855,0.0907045528292656,short_polymer,1,B:B,1.451,
2XRW,diffdock,scored_both,49.97198486328125,0.0,short_polymer,1,B:B,2.526,
2YMT,equibind,scored_both,10.537703514099121,0.11968325823545456,short_polymer,1,B:B,0.131,
2YMT,diffdock,scored_both,7.325555801391602,0.3029075264930725,short_polymer,1,B:B,0.235,
2YDT,equibind,scored_both,5.492359161376953,0.328125,nonpolymer_pair,1,A:EDG:500+A:AHR:501,0.202,
2YDT,diffdock,scored_both,0.5215489864349365,0.9641560912132263,nonpolymer_pair,1,A:EDG:500+A:AHR:501,0.382,
2Y9G,equibind,scored_both,14.125517845153809,0.04756380617618561,branched_glycan;nonpolymer_pair,8,D:D,0.263,
2Y9G,diffdock,scored_both,2.988304853439331,0.5962671637535095,branched_glycan;nonpolymer_pair,8,D:GLC:1+E:GAL:2,0.53,
2XL3,equibind,scored_both,30.157745361328125,0.0,short_polymer,1,C:C,1.706,
2XL3,diffdock,scored_both,19.502321243286133,0.04229990020394325,short_polymer,1,C:C,3.702,
2YNN,equibind,scored_both,24.980525970458984,0.0,short_polymer,1,P:B,0.244,
2YNN,diffdock,scored_both,9.473221778869629,0.1376221477985382,short_polymer,1,P:B,0.454,
2Y4S,equibind,scored_both,8.879995346069336,0.18408240377902985,branched_glycan,1,B:B,0.563,
2Y4S,diffdock,scored_both,2.810244560241699,0.5922523736953735,branched_glycan,1,B:B,1.145,
2ZGM,equibind,scored_both,25.234783172607422,0.0,branched_glycan,2,C:C,0.218,
2ZGM,diffdock,scored_both,2.360135555267334,0.7671459913253784,branched_glycan,2,C:C,0.374,
2Z5O,equibind,scored_both,21.971332550048828,0.0,short_polymer,1,B:B,0.42,
2Z5O,diffdock,scored_both,4.1906280517578125,0.35678210854530334,short_polymer,1,B:B,0.86,
2ZYM,equibind,scored_both,7.737454414367676,0.20185810327529907,branched_glycan,1,B:B,0.351,
2ZYM,diffdock,scored_both,7.212862014770508,0.2776542603969574,branched_glycan,1,B:B,0.647,
2ZLF,equibind,scored_both,21.911462783813477,0.011642157100141048,short_polymer,1,B:B,0.562,
2ZLF,diffdock,scored_both,32.61735916137695,0.0,short_polymer,1,B:B,1.073,
2Z6W,equibind,scored_both,22.619415283203125,0.00016346991469617933,short_polymer,2,N:D,1.159,
2Z6W,diffdock,scored_both,3.8736021518707275,0.5293866991996765,short_polymer,2,M:C,2.001,
2ZYN,equibind,scored_both,7.13749885559082,0.15283332765102386,branched_glycan,1,B:B,0.41,
2ZYN,diffdock,scored_both,8.034706115722656,0.21081621944904327,branched_glycan,1,B:B,0.746,
2ZQ0,equibind,scored_both,22.06981658935547,0.0,branched_glycan,2,D:D,0.999,
2ZQ0,diffdock,scored_both,2.411742687225342,0.6459349393844604,branched_glycan,2,D:D,1.739,
3AH8,equibind,scored_both,11.060641288757324,0.0625174418091774,short_polymer,1,Y:D,0.457,
3AH8,diffdock,scored_both,9.569171905517578,0.11880630999803543,short_polymer,1,Y:D,0.944,
3AP7,equibind,scored_both,7.728768348693848,0.18954481184482574,branched_glycan,1,B:B,0.135,
3AP7,diffdock,scored_both,5.51328706741333,0.3301596939563751,branched_glycan,1,B:B,0.241,
2YQ6,equibind,scored_both,12.26210880279541,0.0792589783668518,short_polymer,1,B:B,1.517,
2YQ6,diffdock,scored_both,25.60224151611328,0.0,short_polymer,1,B:B,2.95,
3AP4,equibind,scored_both,24.720151901245117,0.0,branched_glycan,4,E:E,0.482,
3AP4,diffdock,scored_both,2.7055869102478027,0.6150881052017212,branched_glycan,4,G:G,0.826,
3ALT,equibind,scored_both,38.4964485168457,0.0,branched_glycan,4,E:E,0.472,
3ALT,diffdock,scored_both,36.408935546875,0.0,branched_glycan,4,E:E,0.908,
3AV9,equibind,scored_both,21.960697174072266,0.004781130701303482,short_polymer,2,X:C,0.364,
3AV9,diffdock,scored_both,26.120264053344727,0.0004908376722596586,short_polymer,2,X:C,0.667,
3AVA,equibind,scored_both,12.969114303588867,0.008556149899959564,short_polymer,2,X:C,0.412,
3AVA,diffdock,scored_both,27.73816680908203,0.0,short_polymer,2,X:C,0.753,
3AVB,equibind,scored_both,26.489444732666016,0.0,short_polymer,2,X:C,0.409,
3AVB,diffdock,scored_both,10.799051284790039,0.2201438844203949,short_polymer,2,Y:D,0.764,
3AVG,equibind,scored_both,10.197147369384766,0.05037735775113106,short_polymer,2,F:D,0.375,
3AVG,diffdock,scored_both,11.85130786895752,0.16313868761062622,short_polymer,2,D:C,0.684,
3AVI,equibind,scored_both,11.194195747375488,0.05549667030572891,short_polymer,2,F:D,0.371,
3AVI,diffdock,scored_both,30.217397689819336,0.0,short_polymer,2,F:D,0.703,
3AVH,equibind,scored_both,16.110506057739258,0.027679475024342537,short_polymer,2,F:D,0.439,
3AVH,diffdock,scored_both,29.399343490600586,0.0002092050272040069,short_polymer,2,F:D,0.826,
3AVF,equibind,scored_both,21.005693435668945,0.024475524201989174,short_polymer,2,D:C,0.573,
3AVF,diffdock,scored_both,25.807294845581055,0.0,short_polymer,2,D:C,1.05,
3AVJ,equibind,scored_both,15.130910873413086,0.009040731005370617,short_polymer,2,F:D,0.359,
3AVJ,diffdock,scored_both,27.849063873291016,0.0,short_polymer,2,F:D,0.661,
1YWH,equibind,scored_both,15.114571571350098,0.012536873109638691,short_polymer,8,J:J,80.617,
1YWH,diffdock,scored_both,11.761183738708496,0.029406946152448654,short_polymer,8,H:H,97.414,
3AVK,equibind,scored_both,19.66827964782715,0.008581752888858318,short_polymer,2,D:C,0.428,
3AVK,diffdock,scored_both,33.08421325683594,0.0,short_polymer,2,D:C,0.758,
3AVZ,equibind,scored_both,10.309819221496582,0.12725421786308289,short_polymer,1,B:B,0.195,
3AVZ,diffdock,scored_both,5.161897659301758,0.42140287160873413,short_polymer,1,B:B,0.359,
3AVL,equibind,scored_both,21.2569580078125,0.00374531839042902,short_polymer,2,F:C,0.3,
3AVL,diffdock,scored_both,11.573173522949219,0.18292683362960815,short_polymer,2,F:C,0.554,
3AYC,equibind,scored_both,25.378578186035156,0.00031625552219338715,branched_glycan,1,C:C,0.237,
3AYC,diffdock,scored_both,8.895297050476074,0.07541321963071823,branched_glycan,1,C:C,0.399,
3AVN,equibind,scored_both,22.59449577331543,0.005954497028142214,short_polymer,2,G:C,0.367,
3AVN,diffdock,scored_both,12.773998260498047,0.11185133457183838,short_polymer,2,G:C,0.638,
3AVM,equibind,scored_both,11.852728843688965,0.05078563466668129,short_polymer,2,D:C,0.405,
3AVM,diffdock,scored_both,12.48873519897461,0.10050071775913239,short_polymer,2,D:C,0.738,
3BPC,equibind,scored_both,6.27147102355957,0.24077090620994568,branched_glycan,1,C:C,0.227,
3BPC,diffdock,scored_both,0.7746124863624573,0.9049145579338074,branched_glycan,1,C:C,0.413,
3BZF,equibind,scored_both,26.886350631713867,0.0,short_polymer,2,Q:F,1.197,
3BZF,diffdock,scored_both,20.26433563232422,0.0031464530620723963,short_polymer,2,P:C,2.132,
3C3O,equibind,scored_both,14.034339904785156,0.0352848544716835,short_polymer,1,B:B,1.512,
3C3O,diffdock,scored_both,11.411980628967285,0.045324426144361496,short_polymer,1,B:B,2.966,
3C3R,equibind,scored_both,15.451189994812012,0.050704225897789,short_polymer,1,B:B,0.672,
3C3R,diffdock,scored_both,26.668413162231445,0.0,short_polymer,1,B:B,1.416,
3BHB,equibind,scored_both,6.548735618591309,0.23800480365753174,short_polymer,1,C:C,2.392,
3BHB,diffdock,scored_both,7.382899761199951,0.20973625779151917,short_polymer,1,C:C,4.805,
3CK8,equibind,scored_both,24.448781967163086,0.0,branched_glycan,2,C:C,0.802,
3CK8,diffdock,scored_both,2.533799409866333,0.7175090312957764,branched_glycan,2,C:C,1.477,
3CII,equibind,scored_both,8.715394973754883,0.000746516278013587,short_polymer,2,F:F,1.847,
3CII,diffdock,scored_both,5.538208484649658,0.30277019739151,short_polymer,2,C:C,3.813,
3CKB,equibind,scored_both,25.104923248291016,0.0,branched_glycan,2,D:D,0.542,
3CKB,diffdock,scored_both,2.374117612838745,0.706119179725647,branched_glycan,2,C:C,0.989,
3CK7,equibind,scored_both,4.11190128326416,0.0,branched_glycan,2,F:F,2.018,
3CK7,diffdock,scored_both,2.5957908630371094,0.6451298594474792,branched_glycan,2,F:F,3.533,
3CS8,equibind,scored_both,9.477115631103516,0.12061479687690735,short_polymer,1,B:B,0.407,
3CS8,diffdock,scored_both,13.743606567382812,0.006935270968824625,short_polymer,1,B:B,0.792,
3D1E,equibind,scored_both,7.109811782836914,0.16765286028385162,short_polymer,1,P:C,0.406,
3D1E,diffdock,scored_both,4.659509658813477,0.38688454031944275,short_polymer,1,P:C,0.791,
3DDA,equibind,scored_both,8.382061958312988,0.14156189560890198,short_polymer,1,B:B,0.268,
3DDA,diffdock,scored_both,6.454037189483643,0.18640939891338348,short_polymer,1,B:B,0.504,
3DIW,equibind,scored_both,26.376232147216797,0.0,short_polymer,1,C:C,0.551,
3DIW,diffdock,scored_both,12.187894821166992,0.07686567306518555,short_polymer,1,C:C,0.904,
3DOW,equibind,scored_both,9.656866073608398,0.10193575173616409,short_polymer,1,B:B,0.203,
3DOW,diffdock,scored_both,12.490457534790039,0.08130563795566559,short_polymer,1,B:B,0.382,
3D25,equibind,scored_both,6.762311935424805,0.18285921216011047,short_polymer,1,C:C,1.481,
3D25,diffdock,scored_both,5.4518022537231445,0.32950130105018616,short_polymer,1,C:C,2.973,
3DPC,equibind,scored_both,24.30787467956543,0.0003320935065858066,short_polymer,1,C:C,0.756,
3DPC,diffdock,scored_both,54.248313903808594,0.0,short_polymer,1,C:C,1.41,
3DPO,equibind,scored_both,20.825180053710938,0.0027135105337947607,short_polymer,2,D:D,0.846,
3DPO,diffdock,scored_both,32.942626953125,0.0,short_polymer,2,D:D,1.559,
3D1F,equibind,scored_both,24.742252349853516,0.00017409470456186682,short_polymer,2,P:C,2.981,
3D1F,diffdock,scored_both,10.702574729919434,0.07025089859962463,short_polymer,2,P:C,5.295,
3DS1,equibind,scored_both,11.632936477661133,0.07637512683868408,short_polymer,1,T:B,1.615,
3DS1,diffdock,scored_both,13.162948608398438,0.09228971600532532,short_polymer,1,T:B,3.085,
3DS0,equibind,scored_both,12.750869750976562,0.06049209460616112,short_polymer,1,T:B,3.176,
3DS0,diffdock,scored_both,17.49367904663086,0.03385616093873978,short_polymer,1,T:B,5.664,
3DVP,equibind,scored_both,11.19425106048584,0.07959789037704468,short_polymer,1,C:C,0.292,
3DVP,diffdock,scored_both,11.62289047241211,0.06156156212091446,short_polymer,1,C:C,0.536,
3E1R,equibind,scored_both,9.885632514953613,0.1510092169046402,short_polymer,1,C:C,0.304,
3E1R,diffdock,scored_both,6.837876796722412,0.3947681188583374,short_polymer,1,C:C,0.632,
3E7A,equibind,scored_both,24.439382553100586,0.0,short_polymer,1,C:C,0.46,
3E7A,diffdock,scored_both,3.7768871784210205,0.5704290866851807,short_polymer,1,C:C,0.832,
3E8U,equibind,scored_both,12.04724407196045,0.028520207852125168,short_polymer,1,P:C,0.274,
3E8U,diffdock,scored_both,9.739185333251953,0.1267019659280777,short_polymer,1,P:C,0.518,
3EHN,equibind,scored_both,31.537416458129883,0.0,branched_glycan,2,D:D,0.542,
3EHN,diffdock,scored_both,1.957561731338501,0.7525510191917419,branched_glycan,2,C:C,0.935,
3EHT,equibind,scored_both,11.949590682983398,0.06557376682758331,short_polymer,1,B:B,0.353,
3EHT,diffdock,scored_both,44.80464172363281,0.0,short_polymer,1,B:B,0.615,
3C3Q,equibind,scored_both,17.092599868774414,0.010918410494923592,short_polymer,1,B:B,10.301,
3C3Q,diffdock,scored_both,29.784624099731445,0.006822612136602402,short_polymer,1,B:B,20.856,
3EQS,equibind,scored_both,7.548747539520264,0.18732814490795135,short_polymer,1,B:B,0.487,
3EQS,diffdock,scored_both,13.411674499511719,0.08693808317184448,short_polymer,1,B:B,0.844,
3EOV,equibind,scored_both,21.167776107788086,0.0008441192912869155,short_polymer,2,D:D,0.802,
3EOV,diffdock,scored_both,9.39927864074707,0.18931034207344055,short_polymer,2,C:C,1.602,
3ERY,equibind,scored_both,19.826492309570312,0.006139545701444149,short_polymer,1,P:C,0.53,
3ERY,diffdock,scored_both,4.3863396644592285,0.39850664138793945,short_polymer,1,P:C,0.897,
3DS4,equibind,scored_both,15.810890197753906,0.014788941480219364,short_polymer,1,T:C,4.093,
3DS4,diffdock,scored_both,5.64493465423584,0.3744744658470154,short_polymer,1,T:C,8.012,
3EU7,equibind,scored_both,27.41249656677246,0.00025575447943992913,short_polymer,1,X:B,0.465,
3EU7,diffdock,scored_both,28.397172927856445,0.0036788228899240494,short_polymer,1,X:B,0.865,
3BIM,equibind,scored_both,15.008844375610352,0.0535978302359581,short_polymer,6,K:F,18.016,
3BIM,diffdock,scored_both,27.64783477783203,0.028368083760142326,short_polymer,6,J:D,23.968,
3EYF,equibind,scored_both,26.1971435546875,0.0,short_polymer,2,F:F,0.614,
3EYF,diffdock,scored_both,15.189059257507324,0.06869158893823624,short_polymer,2,F:F,1.485,
3F5J,equibind,scored_both,30.343128204345703,0.0017805114621296525,branched_glycan,2,C:C,0.619,
3F5J,diffdock,scored_both,3.042510509490967,0.5524842739105225,branched_glycan,2,C:C,1.271,
3F5K,equibind,scored_both,33.37975311279297,0.0,branched_glycan,2,D:D,0.722,
3F5K,diffdock,scored_both,2.7868247032165527,0.657616138458252,branched_glycan,2,D:D,1.316,
3F5L,equibind,scored_both,25.17998504638672,0.0,branched_glycan,2,C:C,0.648,
3F5L,diffdock,scored_both,1.2643109560012817,0.8080625534057617,branched_glycan,2,D:D,1.15,
3FBR,equibind,scored_both,18.124618530273438,0.02633826807141304,short_polymer,1,B:B,0.24,
3FBR,diffdock,scored_both,42.57106018066406,0.0,short_polymer,1,B:B,0.463,
3FN0,equibind,scored_both,11.073206901550293,0.09710327535867691,short_polymer,1,P:C,0.287,
3FN0,diffdock,scored_both,29.90410614013672,0.0,short_polymer,1,P:C,0.588,
3FT3,equibind,scored_both,6.966075897216797,0.21817342936992645,short_polymer,1,P:C,1.306,
3FT3,diffdock,scored_both,5.6178412437438965,0.33586370944976807,short_polymer,1,P:C,2.691,
3F9W,equibind,scored_both,10.156828880310059,0.11282330006361008,short_polymer,2,F:F,2.452,
3F9W,diffdock,scored_both,14.508745193481445,0.02577989548444748,short_polymer,2,F:F,3.354,
3DS3,equibind,scored_both,15.452095985412598,0.022151898592710495,short_polymer,2,D:D,7.924,
3DS3,diffdock,scored_both,23.333467483520508,0.002151694381609559,short_polymer,2,D:D,15.487,
3FT2,equibind,scored_both,7.020315647125244,0.24716216325759888,short_polymer,1,P:C,1.555,
3FT2,diffdock,scored_both,5.247636795043945,0.4206896424293518,short_polymer,1,P:C,3.155,
3FVH,equibind,scored_both,6.489294052124023,0.1995268166065216,short_polymer,1,B:B,0.2,
3FVH,diffdock,scored_both,7.39539098739624,0.17831753194332123,short_polymer,1,B:B,0.352,
3G19,equibind,scored_both,7.338686943054199,0.24487705528736115,short_polymer,1,C:B,0.102,
3G19,diffdock,scored_both,11.201680183410645,0.12080291658639908,short_polymer,1,C:B,0.181,
3FWV,equibind,scored_both,14.163021087646484,0.03215223178267479,short_polymer,2,D:D,0.524,
3FWV,diffdock,scored_both,9.83553409576416,0.1563679277896881,short_polymer,2,C:C,0.904,
3FT4,equibind,scored_both,7.384414196014404,0.1569598913192749,short_polymer,1,P:C,2.462,
3FT4,diffdock,scored_both,4.653880596160889,0.3348267674446106,short_polymer,1,P:C,5.073,
3G2S,equibind,scored_both,13.051172256469727,0.0773809552192688,short_polymer,2,C:C,1.277,
3G2S,diffdock,scored_both,14.124049186706543,0.08908046036958694,short_polymer,2,C:C,2.333,
3G2U,equibind,scored_both,6.943047046661377,0.22750909626483917,short_polymer,2,C:C,1.321,
3G2U,diffdock,scored_both,8.996979713439941,0.1266375482082367,short_polymer,2,D:D,2.599,
3G2T,equibind,scored_both,14.024755477905273,0.034562211483716965,short_polymer,2,D:D,2.636,
3G2T,diffdock,scored_both,8.155128479003906,0.10053037852048874,short_polymer,2,D:D,5.041,
3G2W,equibind,scored_both,11.628189086914062,0.07647531479597092,short_polymer,1,C:C,1.696,
3G2W,diffdock,scored_both,8.794838905334473,0.1297939270734787,short_polymer,1,C:C,3.306,
3GDS,equibind,scored_both,14.527621269226074,0.011044176295399666,short_polymer,1,B:B,0.253,
3GDS,diffdock,scored_both,17.674314498901367,0.0205078125,short_polymer,1,B:B,0.476,
3FV3,equibind,scored_both,55.638038635253906,0.0,short_polymer,8,M:J,2.763,
3FV3,diffdock,scored_both,25.987462997436523,0.0,short_polymer,8,N:L,7.001,
3GJQ,equibind,scored_both,9.204486846923828,0.0018371095648035407,short_polymer,2,F:F,0.392,
3GJQ,diffdock,scored_both,11.623884201049805,0.06161060929298401,short_polymer,2,F:F,0.775,
3GJS,equibind,scored_both,5.673654079437256,0.009537076577544212,short_polymer,2,F:F,0.444,
3GJS,diffdock,scored_both,5.795476913452148,0.38649705052375793,short_polymer,2,E:E,0.752,
3GJT,equibind,scored_both,7.859124660491943,0.001491901115514338,short_polymer,2,E:E,0.38,
3GJT,diffdock,scored_both,11.984583854675293,0.06530781835317612,short_polymer,2,E:E,0.782,
3GL6,equibind,scored_both,8.427175521850586,0.19390934705734253,short_polymer,1,B:B,0.183,
3GL6,diffdock,scored_both,7.811614990234375,0.20938967168331146,short_polymer,1,B:B,0.332,
3GXY,equibind,scored_both,7.127501487731934,0.2551981806755066,branched_glycan,1,C:C,0.141,
3GXY,diffdock,scored_both,2.639822244644165,0.682788074016571,branched_glycan,1,C:C,0.294,
3GXZ,equibind,scored_both,11.320779800415039,0.04220272973179817,branched_glycan,1,C:C,0.217,
3GXZ,diffdock,scored_both,9.212876319885254,0.04769114404916763,branched_glycan,1,C:C,0.398,
3H6Z,equibind,scored_both,35.600975036621094,0.0,short_polymer,2,L:B,0.685,
3H6Z,diffdock,scored_both,32.88642120361328,0.0,short_polymer,2,M:D,1.232,
3H85,equibind,scored_both,9.545991897583008,0.15153001248836517,short_polymer,1,P:B,0.262,
3H85,diffdock,scored_both,22.768573760986328,0.017468353733420372,short_polymer,1,P:B,0.478,
3G5V,equibind,scored_both,13.013737678527832,0.023636363446712494,short_polymer,1,C:C,3.424,
3G5V,diffdock,scored_both,10.280680656433105,0.17136725783348083,short_polymer,1,C:C,7.119,
3HIK,equibind,scored_both,7.533910274505615,0.1884406954050064,short_polymer,1,B:B,0.208,
3HIK,diffdock,scored_both,11.376531600952148,0.15221579372882843,short_polymer,1,B:B,0.37,
3HKN,equibind,scored_both,3.0282580852508545,0.5130017995834351,branched_glycan,1,B:B,0.192,
3HKN,diffdock,scored_both,5.263386249542236,0.3447580635547638,branched_glycan,1,B:B,0.358,
3HG1,equibind,scored_both,6.826608657836914,0.22236640751361847,short_polymer,1,C:C,0.614,
3HG1,diffdock,scored_both,5.561001777648926,0.34983882308006287,short_polymer,1,C:C,1.226,
3HKT,equibind,scored_both,4.287602424621582,0.4149797558784485,branched_glycan,1,B:B,0.161,
3HKT,diffdock,scored_both,2.3108885288238525,0.7750880122184753,branched_glycan,1,B:B,0.294,
3HQH,equibind,scored_both,13.379993438720703,0.09094783663749695,short_polymer,1,M:B,0.158,
3HQH,diffdock,scored_both,20.287654876708984,0.03684661537408829,short_polymer,1,M:B,0.273,
3HZK,equibind,scored_both,2.8787853717803955,0.6009244918823242,branched_glycan,1,C:C,0.205,
3HZK,diffdock,scored_both,5.276297092437744,0.4111271798610687,branched_glycan,1,C:C,0.401,
3HZV,equibind,scored_both,5.201650619506836,0.277421236038208,nonpolymer_pair,1,C:KDA:1+C:KDO:2,0.223,
3HZV,diffdock,scored_both,3.342721939086914,0.6791516542434692,nonpolymer_pair,1,C:KDA:1+C:KDO:2,0.443,
3I8T,equibind,scored_both,6.503507614135742,0.33879780769348145,branched_glycan,1,B:B,0.098,
3I8T,diffdock,scored_both,1.4162397384643555,0.7681818008422852,branched_glycan,1,B:B,0.176,
3G5Y,equibind,scored_both,14.830846786499023,0.013387219049036503,short_polymer,1,E:C,3.44,
3G5Y,diffdock,scored_both,8.441229820251465,0.1979086697101593,short_polymer,1,E:C,6.855,
3IBC,equibind,scored_both,6.024011611938477,0.024129249155521393,short_polymer,2,E:E,0.489,
3IBC,diffdock,scored_both,5.701932907104492,0.2507225573062897,short_polymer,2,E:E,0.788,
3IJY,equibind,scored_both,11.245816230773926,0.0,branched_glycan,2,E:E,0.522,
3IJY,diffdock,scored_both,2.4343440532684326,0.7723132967948914,branched_glycan,2,E:E,0.93,
3IKC,equibind,scored_both,11.27595329284668,0.0,branched_glycan,2,E:E,0.501,
3IKC,diffdock,scored_both,1.379001259803772,0.9306083917617798,branched_glycan,2,E:E,0.912,
3IQG,equibind,scored_both,5.356637954711914,0.3797560930252075,short_polymer,1,P:B,0.229,
3IQG,diffdock,scored_both,12.50610637664795,0.07096289098262787,short_polymer,1,P:B,0.391,
3IQI,equibind,scored_both,3.902930974960327,0.39396655559539795,short_polymer,1,P:B,0.179,
3IQI,diffdock,scored_both,14.9398775100708,0.037352554500103,short_polymer,1,P:B,0.34,
3IQJ,equibind,scored_both,6.619318008422852,0.2472703903913498,short_polymer,1,P:B,0.226,
3IQJ,diffdock,scored_both,7.807046413421631,0.16548630595207214,short_polymer,1,P:B,0.427,
3IQU,equibind,scored_both,5.861722946166992,0.31105491518974304,short_polymer,1,P:B,0.252,
3IQU,diffdock,scored_both,4.685234546661377,0.28545233607292175,short_polymer,1,P:B,0.477,
3JYR,equibind,scored_both,3.9213521480560303,0.46060407161712646,branched_glycan,1,B:B,0.229,
3JYR,diffdock,scored_both,1.3219413757324219,0.7938963174819946,branched_glycan,1,B:B,0.434,
3JZJ,equibind,scored_both,3.695312023162842,0.4453793466091156,branched_glycan,1,B:B,0.24,
3JZJ,diffdock,scored_both,1.6992528438568115,0.7411360144615173,branched_glycan,1,B:B,0.461,
3JZP,equibind,scored_both,11.355379104614258,0.08590120077133179,short_polymer,1,P:B,0.385,
3JZP,diffdock,scored_both,22.474828720092773,0.018439441919326782,short_polymer,1,P:B,0.7,
3JZO,equibind,scored_both,9.809297561645508,0.11408822983503342,short_polymer,1,P:B,0.583,
3JZO,diffdock,scored_both,24.729591369628906,0.007389162667095661,short_polymer,1,P:B,1.109,
3JZR,equibind,scored_both,14.118288040161133,0.05693839490413666,short_polymer,1,P:B,0.374,
3JZR,diffdock,scored_both,23.25845718383789,0.0033045976888388395,short_polymer,1,P:B,0.69,
3H1Z,equibind,scored_both,11.911971092224121,0.10526072233915329,short_polymer,1,P:B,4.116,
3H1Z,diffdock,scored_both,24.226104736328125,0.0007344300975091755,short_polymer,1,P:B,7.638,
3K00,equibind,scored_both,2.8700411319732666,0.5302777886390686,branched_glycan,1,B:B,0.249,
3K00,diffdock,scored_both,2.5106801986694336,0.6283659934997559,branched_glycan,1,B:B,0.506,
3JZS,equibind,scored_both,11.028240203857422,0.07579740881919861,short_polymer,1,P:B,0.501,
3JZS,diffdock,scored_both,16.346662521362305,0.08794046193361282,short_polymer,1,P:B,0.934,
3JZQ,equibind,scored_both,12.277997016906738,0.05228680372238159,short_polymer,2,Q:D,1.294,
3JZQ,diffdock,scored_both,14.861593246459961,0.013096624054014683,short_polymer,2,Q:D,2.22,
3LPR,equibind,scored_both,5.059841632843018,0.49120602011680603,short_polymer,1,P:B,0.126,
3LPR,diffdock,scored_both,4.5701823234558105,0.5437853336334229,short_polymer,1,P:B,0.228,
3LL8,equibind,scored_both,33.08140563964844,0.0,short_polymer,1,E:A,0.784,
3LL8,diffdock,scored_both,13.912495613098145,0.13616938889026642,short_polymer,1,E:A,1.313,
3L6F,equibind,scored_both,13.482909202575684,0.13194644451141357,short_polymer,1,C:C,2.001,
3L6F,diffdock,scored_both,33.51987075805664,0.0005666364450007677,short_polymer,1,C:C,3.568,
3MBP,equibind,scored_both,3.086580276489258,0.4892141819000244,branched_glycan,1,B:B,0.218,
3MBP,diffdock,scored_both,1.119101643562317,0.8592648506164551,branched_glycan,1,B:B,0.416,
3MXC,equibind,scored_both,4.9906182289123535,0.4150717556476593,short_polymer,1,L:B,0.29,
3MXC,diffdock,scored_both,9.554210662841797,0.22420147061347961,short_polymer,1,L:B,0.537,
3NFK,equibind,scored_both,11.475236892700195,0.08691476285457611,short_polymer,1,C:C,0.479,
3NFK,diffdock,scored_both,13.424692153930664,0.008070570416748524,short_polymer,1,C:C,0.892,
3NFL,equibind,scored_both,18.436540603637695,0.0,short_polymer,4,F:F,0.513,
3NFL,diffdock,scored_both,7.5926079750061035,0.205391526222229,short_polymer,4,E:E,0.976,
3NG4,equibind,scored_both,11.15746784210205,0.05000000074505806,branched_glycan,1,E:E,0.455,
3NG4,diffdock,scored_both,4.512155055999756,0.3978395164012909,branched_glycan,1,E:E,0.855,
3NIK,equibind,scored_both,7.627328395843506,0.17652581632137299,short_polymer,1,X:E,0.313,
3NIK,diffdock,scored_both,12.606513023376465,0.5736024975776672,short_polymer,1,X:E,0.582,
3NIM,equibind,scored_both,6.439820289611816,0.28185248374938965,short_polymer,1,X:E,0.694,
3NIM,diffdock,scored_both,11.242963790893555,0.6455269455909729,short_polymer,1,X:E,0.984,
3NSN,equibind,scored_both,4.846810340881348,0.35799869894981384,branched_glycan,1,B:B,0.356,
3NSN,diffdock,scored_both,2.099344491958618,0.7709090709686279,branched_glycan,1,B:B,0.663,
3NZI,equibind,scored_both,7.661134243011475,0.3127693831920624,short_polymer,1,B:B,0.162,
3NZI,diffdock,scored_both,13.094155311584473,0.32707181572914124,short_polymer,1,B:B,0.307,
3O4L,equibind,scored_both,6.65946102142334,0.229347825050354,short_polymer,1,C:C,0.613,
3O4L,diffdock,scored_both,4.765768051147461,0.36860138177871704,short_polymer,1,C:C,1.237,
3OB0,equibind,scored_both,13.243654251098633,0.0037751677446067333,branched_glycan,2,B:F,0.503,
3OB0,diffdock,scored_both,36.87881851196289,0.0,branched_glycan,2,A:E,0.963,
3OBQ,equibind,scored_both,11.722704887390137,0.05434400215744972,short_polymer,1,B:B,0.203,
3OBQ,diffdock,scored_both,26.716041564941406,0.0,short_polymer,1,B:B,0.319,
3OBU,equibind,scored_both,15.476344108581543,0.026403557509183884,short_polymer,1,B:B,0.185,
3OBU,diffdock,scored_both,19.709896087646484,0.00035310734529048204,short_polymer,1,B:B,0.337,
3OBX,equibind,scored_both,11.24460220336914,0.09643571078777313,short_polymer,1,B:B,0.184,
3OBX,diffdock,scored_both,26.70547103881836,0.0,short_polymer,1,B:B,0.328,
3G2V,equibind,scored_both,11.249768257141113,0.0677013024687767,short_polymer,1,C:B,18.576,
3G2V,diffdock,scored_both,23.985593795776367,0.0,short_polymer,1,C:B,32.557,
3KD7,equibind,scored_both,5.228642463684082,0.07731042802333832,short_polymer,5,K:J,13.719,
3KD7,diffdock,scored_both,5.661630153656006,0.13446548581123352,short_polymer,5,J:I,28.208,
3OVE,equibind,scored_both,5.6456193923950195,0.34691527485847473,short_polymer,1,B:B,0.152,
3OVE,diffdock,scored_both,6.6486358642578125,0.3457317054271698,short_polymer,1,B:B,0.287,
3OY8,equibind,scored_both,20.566696166992188,0.0,branched_glycan,2,D:D,0.212,
3OY8,diffdock,scored_both,1.9765782356262207,0.7847825884819031,branched_glycan,2,D:D,0.347,
3OYP,equibind,scored_both,29.818958282470703,0.0,short_polymer,2,F:F,0.323,
3OYP,diffdock,scored_both,2.1155316829681396,0.7706552743911743,short_polymer,2,E:E,0.536,
3OYW,equibind,scored_both,21.530031204223633,0.0005530973430722952,branched_glycan,2,F:D,0.173,
3OYW,diffdock,scored_both,1.4684727191925049,0.8141025900840759,branched_glycan,2,E:C,0.303,
3P4F,equibind,scored_both,7.484807014465332,0.21021971106529236,short_polymer,1,B:B,1.114,
3P4F,diffdock,scored_both,19.065719604492188,0.0019665684085339308,short_polymer,1,B:B,2.139,
3P9H,equibind,scored_both,16.751861572265625,0.05363091453909874,short_polymer,1,B:B,0.207,
3P9H,diffdock,scored_both,22.19321632385254,0.0,short_polymer,1,B:B,0.369,
3P9L,equibind,scored_both,29.96039390563965,0.0,short_polymer,2,F:F,0.723,
3P9L,diffdock,scored_both,6.471530914306641,0.2810344696044922,short_polymer,2,C:C,1.356,
3P9M,equibind,scored_both,27.808395385742188,0.0,short_polymer,2,F:F,0.92,
3P9M,diffdock,scored_both,6.384589195251465,0.3611898124217987,short_polymer,2,C:C,1.556,
3PAB,equibind,scored_both,22.629966735839844,0.017863277345895767,short_polymer,2,F:F,0.886,
3PAB,diffdock,scored_both,8.014927864074707,0.24047619104385376,short_polymer,2,C:C,1.595,
3Q4J,equibind,scored_both,19.475622177124023,0.07497116178274155,short_polymer,5,L:K,1.889,
3Q4J,diffdock,scored_both,2.1087393760681152,0.5911588668823242,short_polymer,5,H:G,3.897,
3Q4K,equibind,scored_both,25.41586685180664,0.0,short_polymer,2,C:C,0.57,
3Q4K,diffdock,scored_both,14.081494331359863,0.0865863785147667,short_polymer,2,C:C,1.129,
3Q4L,equibind,scored_both,26.956993103027344,0.0,short_polymer,2,C:C,0.464,
3Q4L,diffdock,scored_both,12.5414400100708,0.052371542900800705,short_polymer,2,C:C,0.879,
3Q8D,equibind,scored_both,16.589725494384766,0.006839348003268242,short_polymer,2,F:D,0.345,
3Q8D,diffdock,scored_both,22.608016967773438,0.0,short_polymer,2,F:D,0.652,
3QFD,equibind,scored_both,19.58807945251465,0.011495844461023808,short_polymer,2,C:C,0.631,
3QFD,diffdock,scored_both,6.408145904541016,0.3084872364997864,short_polymer,2,F:F,1.091,
3QG6,equibind,scored_both,13.680668830871582,0.0,short_polymer,1,D:F,0.533,
3QG6,diffdock,scored_both,18.921144485473633,0.0,short_polymer,1,D:F,1.061,
3QW6,equibind,scored_both,6.48775577545166,0.22025170922279358,short_polymer,1,B:B,0.258,
3QW6,diffdock,scored_both,8.079800605773926,0.16612377762794495,short_polymer,1,B:B,0.517,
3QW8,equibind,scored_both,6.754661560058594,0.31573498249053955,short_polymer,1,B:B,0.234,
3QW8,diffdock,scored_both,8.404502868652344,0.136869877576828,short_polymer,1,B:B,0.482,
3BL2,equibind,scored_both,12.678936004638672,0.08663772791624069,short_polymer,2,D:D,57.193,
3BL2,diffdock,scored_both,13.808954238891602,0.03135738894343376,short_polymer,2,D:D,106.275,
3RDV,equibind,scored_both,14.419729232788086,0.005205321125686169,short_polymer,2,E:E,0.791,
3RDV,diffdock,scored_both,8.833372116088867,0.07186482101678848,short_polymer,2,E:E,1.475,
3RJM,equibind,scored_both,8.05176067352295,0.0009727626456879079,short_polymer,2,E:E,0.839,
3RJM,diffdock,scored_both,7.628899574279785,0.2763252258300781,short_polymer,2,E:E,1.334,
3RQ7,equibind,scored_both,3.8242247104644775,0.45142662525177,short_polymer,1,B:B,0.264,
3RQ7,diffdock,scored_both,5.288559436798096,0.4647619128227234,short_polymer,1,B:B,0.477,
3RSE,equibind,scored_both,44.495941162109375,0.0,short_polymer,1,Z:H,0.912,
3RSE,diffdock,scored_both,39.790706634521484,0.0,short_polymer,1,Z:H,1.668,
3RWC,equibind,scored_both,32.61235809326172,0.0,short_polymer,2,C:C,0.815,
3RWC,diffdock,scored_both,4.847951412200928,0.435668408870697,short_polymer,2,F:F,1.575,
3RWE,equibind,scored_both,6.632567882537842,0.24135570228099823,short_polymer,1,C:C,0.509,
3RWE,diffdock,scored_both,4.657575607299805,0.5068480372428894,short_polymer,1,C:C,1.014,
3RWF,equibind,scored_both,6.113185882568359,0.23116838932037354,short_polymer,1,C:C,0.348,
3RWF,diffdock,scored_both,5.788074016571045,0.35962721705436707,short_polymer,1,C:C,0.648,
3RWG,equibind,scored_both,7.205810546875,0.2494821846485138,short_polymer,1,C:C,0.289,
3RWG,diffdock,scored_both,5.526403427124023,0.4117647111415863,short_polymer,1,C:C,0.553,
3RWH,equibind,scored_both,34.2828483581543,0.0,short_polymer,2,F:F,1.288,
3RWH,diffdock,scored_both,3.3728504180908203,0.5180388689041138,short_polymer,2,C:C,2.506,
3RWI,equibind,scored_both,8.286662101745605,0.22858256101608276,short_polymer,1,C:C,0.534,
3RWI,diffdock,scored_both,5.906874179840088,0.3660292625427246,short_polymer,1,C:C,1.013,
3RWJ,equibind,scored_both,7.024590015411377,0.1796875,short_polymer,1,C:C,0.465,
3RWJ,diffdock,scored_both,5.131587028503418,0.37811142206192017,short_polymer,1,C:C,0.907,
3SM1,equibind,scored_both,7.1330132484436035,0.23873186111450195,short_polymer,2,M:D,0.328,
3SM1,diffdock,scored_both,9.966164588928223,0.10583941638469696,short_polymer,2,M:D,0.606,
3SNB,equibind,scored_both,7.7590556144714355,0.20497466623783112,short_polymer,1,H:B,0.26,
3SNB,diffdock,scored_both,6.404354095458984,0.39124295115470886,short_polymer,1,H:B,0.429,
3SNC,equibind,scored_both,9.468542098999023,0.19712713360786438,short_polymer,1,H:B,0.177,
3SNC,diffdock,scored_both,11.074478149414062,0.2419413924217224,short_polymer,1,H:B,0.336,
3SND,equibind,scored_both,9.228605270385742,0.1434684693813324,short_polymer,2,C:C,0.328,
3SND,diffdock,scored_both,3.5119354724884033,0.5867263674736023,short_polymer,2,C:C,0.683,
3R0H,equibind,scored_both,8.426349639892578,0.049547284841537476,short_polymer,8,c:F,23.948,
3R0H,diffdock,scored_both,26.381799697875977,0.011864813044667244,short_polymer,8,h:P,31.08,
3SOQ,equibind,scored_both,7.504443645477295,0.23733234405517578,short_polymer,1,Z:B,0.199,
3SOQ,diffdock,scored_both,9.612847328186035,0.044675927609205246,short_polymer,1,Z:B,0.362,
3SXU,equibind,scored_both,26.806989669799805,0.0,short_polymer,1,C:C,0.176,
3SXU,diffdock,scored_both,36.43708419799805,0.0,short_polymer,1,C:C,0.362,
3T1N,equibind,scored_both,22.277385711669922,0.0,short_polymer,2,C:C,0.848,
3T1N,diffdock,scored_both,10.645275115966797,0.19592198729515076,short_polymer,2,C:C,1.442,
3T4P,equibind,scored_both,5.8523406982421875,0.31228551268577576,short_polymer,1,B:B,0.218,
3T4P,diffdock,scored_both,6.563274383544922,0.24306759238243103,short_polymer,1,B:B,0.386,
3T5I,equibind,scored_both,15.380875587463379,0.0070945946499705315,short_polymer,2,R:F,0.473,
3T5I,diffdock,scored_both,3.8830971717834473,0.32692307233810425,short_polymer,2,R:F,0.832,
3SZM,equibind,scored_both,35.0732536315918,0.0,short_polymer,6,O:O,2.35,
3SZM,diffdock,scored_both,9.708792686462402,0.09702932089567184,short_polymer,6,L:L,4.827,
3T6B,equibind,scored_both,22.406572341918945,0.02055196650326252,short_polymer,2,D:D,1.027,
3T6B,diffdock,scored_both,8.911514282226562,0.10313001275062561,short_polymer,2,D:D,2.004,
3T6J,equibind,scored_both,5.225733757019043,0.3145029842853546,short_polymer,1,B:B,0.438,
3T6J,diffdock,scored_both,9.04964828491211,0.11421052366495132,short_polymer,1,B:B,0.896,
3TFK,equibind,scored_both,5.601113319396973,0.2784545421600342,short_polymer,1,B:B,0.784,
3TFK,diffdock,scored_both,5.9557366371154785,0.27239567041397095,short_polymer,1,B:B,1.47,
3TH0,equibind,scored_both,12.277584075927734,0.04767932370305061,branched_glycan,1,B:B,0.353,
3TH0,diffdock,scored_both,5.046535491943359,0.3224199414253235,branched_glycan,1,B:B,0.659,
3TJH,equibind,scored_both,6.556547164916992,0.2167985886335373,short_polymer,1,B:B,0.503,
3TJH,diffdock,scored_both,10.34697437286377,0.14207243919372559,short_polymer,1,B:B,1.042,
3TSZ,equibind,scored_both,20.891237258911133,0.004157549235969782,short_polymer,1,B:B,0.53,
3TSZ,diffdock,scored_both,13.552242279052734,0.05193387344479561,short_polymer,1,B:B,1.029,
3TWR,equibind,scored_both,10.376229286193848,0.03341959789395332,short_polymer,2,E:E,4.98,
3TWR,diffdock,scored_both,8.616177558898926,0.09393531084060669,short_polymer,2,F:F,7.674,
3TWS,equibind,scored_both,8.016153335571289,0.020855411887168884,short_polymer,1,E:E,8.475,
3TWS,diffdock,scored_both,13.896467208862305,0.02585560828447342,short_polymer,1,E:E,11.311,
3TWU,equibind,scored_both,9.129822731018066,0.11688488721847534,short_polymer,1,B:B,0.339,
3TWU,diffdock,scored_both,7.781363487243652,0.2319193333387375,short_polymer,1,B:B,0.635,
3TWV,equibind,scored_both,8.065495491027832,0.023615635931491852,short_polymer,1,E:E,1.852,
3TWV,diffdock,scored_both,9.640884399414062,0.04104338213801384,short_polymer,1,E:E,3.466,
3TWX,equibind,scored_both,13.734705924987793,0.04239899665117264,short_polymer,2,C:C,1.095,
3TWX,diffdock,scored_both,10.126509666442871,0.11126681417226791,short_polymer,2,C:C,2.029,
3ODL,equibind,scored_both,8.758244514465332,0.0,short_polymer,10,P:P,70.861,
3ODL,diffdock,scored_both,3.963136672973633,0.4811899662017822,short_polymer,10,T:T,93.437,
3U3Z,equibind,scored_both,22.042133331298828,0.00026867276756092906,short_polymer,1,B:B,0.616,
3U3Z,diffdock,scored_both,11.75468635559082,0.04897218942642212,short_polymer,1,B:B,1.224,
3U0T,equibind,scored_both,11.870654106140137,0.0035888233687728643,short_polymer,2,E:C,1.334,
3U0T,diffdock,scored_both,16.730501174926758,0.0,short_polymer,2,F:F,2.377,
3U51,equibind,scored_both,12.066996574401855,0.07046236842870712,short_polymer,2,C:C,0.441,
3U51,diffdock,scored_both,2.0489749908447266,0.6611647009849548,short_polymer,2,C:C,0.918,
3UD7,equibind,scored_both,17.913623809814453,0.0,branched_glycan,1,D:D,0.387,
3UD7,diffdock,scored_both,1.7972137928009033,0.7706812620162964,branched_glycan,1,D:D,0.622,
3UDA_2,equibind,scored_both,10.325812339782715,0.10121602565050125,branched_glycan,1,D:D,6.193,
3UDA_2,diffdock,scored_both,2.2484161853790283,0.6239451766014099,branched_glycan,1,D:D,9.502,
3UDA,equibind,scored_both,9.520589828491211,0.11752287298440933,branched_glycan,1,D:D,6.421,
3UDA,diffdock,scored_both,2.7178049087524414,0.6213732957839966,branched_glycan,1,D:D,9.876,
3UNN,equibind,scored_both,19.014442443847656,0.023409893736243248,short_polymer,1,B:B,0.347,
3UNN,diffdock,scored_both,7.49601936340332,0.3439393937587738,short_polymer,1,B:B,0.672,
3UPV,equibind,scored_both,7.119581699371338,0.1900237500667572,short_polymer,1,B:B,0.313,
3UPV,diffdock,scored_both,8.951573371887207,0.14119496941566467,short_polymer,1,B:B,0.587,
3URI,equibind,scored_both,8.591379165649414,0.1593625545501709,short_polymer,1,B:B,0.278,
3URI,diffdock,scored_both,5.423641204833984,0.39316609501838684,short_polymer,1,B:B,0.51,
3UVW,equibind,scored_both,14.8789701461792,0.023208191618323326,short_polymer,1,B:B,0.175,
3UVW,diffdock,scored_both,10.800558090209961,0.31705427169799805,short_polymer,1,B:B,0.344,
3V2O,equibind,scored_both,7.459567546844482,0.22880299389362335,short_polymer,1,B:B,0.227,
3V2O,diffdock,scored_both,22.45241928100586,0.0,short_polymer,1,B:B,0.403,
3UQP,equibind,scored_both,11.573982238769531,0.13790740072727203,short_polymer,1,B:B,0.789,
3UQP,diffdock,scored_both,3.717585563659668,0.5409291982650757,short_polymer,1,B:B,1.582,
3V2X,equibind,scored_both,14.908717155456543,0.010318396613001823,short_polymer,1,B:B,0.463,
3V2X,diffdock,scored_both,17.275606155395508,0.024850893765687943,short_polymer,1,B:B,0.854,
3VB4,equibind,scored_both,18.648460388183594,0.0385032519698143,short_polymer,2,E:C,0.533,
3VB4,diffdock,scored_both,6.62786865234375,0.4102438986301422,short_polymer,2,F:D,1.045,
3V30,equibind,scored_both,14.31320858001709,0.08582687377929688,short_polymer,1,B:B,0.95,
3V30,diffdock,scored_both,10.541051864624023,0.10342063009738922,short_polymer,1,B:B,1.884,
3VB6,equibind,scored_both,15.99950122833252,0.010579937137663364,short_polymer,2,E:C,0.397,
3VB6,diffdock,scored_both,4.96152925491333,0.4815789461135864,short_polymer,2,E:C,0.759,
3VB5,equibind,scored_both,12.728860855102539,0.08153077960014343,short_polymer,2,F:D,0.457,
3VB5,diffdock,scored_both,6.413278579711914,0.38063064217567444,short_polymer,2,F:D,0.861,
3VTR,equibind,scored_both,5.071603298187256,0.31452125310897827,branched_glycan,1,B:B,0.329,
3VTR,diffdock,scored_both,2.242936372756958,0.7951962947845459,branched_glycan,1,B:B,0.633,
3VB7,equibind,scored_both,11.595526695251465,0.1449386477470398,short_polymer,2,E:C,0.385,
3VB7,diffdock,scored_both,5.254645824432373,0.44956615567207336,short_polymer,2,E:C,0.801,
3VZG,equibind,scored_both,5.007699489593506,0.36351704597473145,nonpolymer_pair,1,A:THR:201+A:MAN:202,0.085,
3VZG,diffdock,scored_both,3.674339532852173,0.7035061120986938,nonpolymer_pair,1,A:THR:201+A:MAN:202,0.165,
3WQV,equibind,scored_both,3.9154863357543945,0.4893617033958435,branched_glycan,1,B:B,0.272,
3WQV,diffdock,scored_both,17.614484786987305,0.0,branched_glycan,1,B:B,0.51,
3W37,equibind,scored_both,3.7541985511779785,0.4940893054008484,branched_glycan,1,D:D,0.46,
3W37,diffdock,scored_both,1.5773191452026367,0.802423894405365,branched_glycan,1,D:D,0.865,
3WQW,equibind,scored_both,4.787093162536621,0.3457777798175812,branched_glycan,1,B:B,0.267,
3WQW,diffdock,scored_both,2.388216257095337,0.676358699798584,branched_glycan,1,B:B,0.518,
3ZHF,equibind,scored_both,10.27182674407959,0.126195028424263,short_polymer,1,B:B,0.139,
3ZHF,diffdock,scored_both,6.102386474609375,0.2885487675666809,short_polymer,1,B:B,0.27,
3ZQ9,equibind,scored_both,4.0902791023254395,0.383134126663208,nonpolymer_pair,1,A:NOY:1519+A:BGC:1520,0.293,
3ZQ9,diffdock,scored_both,0.9342190027236938,0.8717948794364929,nonpolymer_pair,1,A:NOY:1519+A:BGC:1520,0.557,
3ZST,equibind,scored_both,19.479694366455078,0.0,branched_glycan,2,C:C,1.009,
3ZST,diffdock,scored_both,3.0556857585906982,0.5735294222831726,branched_glycan,2,C:C,1.761,
4AA1,equibind,scored_both,4.417460918426514,0.39756402373313904,short_polymer,1,P:B,0.363,
4AA1,diffdock,scored_both,11.32225513458252,0.04916025325655937,short_polymer,1,P:B,0.777,
4AD2,equibind,scored_both,15.618634223937988,0.0014150943607091904,nonpolymer_pair,4,D:GLC:500+D:IFM:501,1.019,
4AD2,diffdock,scored_both,0.8132119178771973,0.9001572132110596,nonpolymer_pair,4,C:GLC:500+C:IFM:501,1.952,
4AD3,equibind,scored_both,16.51477813720703,0.0006816632812842727,nonpolymer_pair,4,D:GLC:500+D:DMJ:501,1.183,
4AD3,diffdock,scored_both,1.2050483226776123,0.826347291469574,nonpolymer_pair,4,B:GLC:500+B:DMJ:501,2.186,
4AIF,equibind,scored_both,16.89577293395996,0.013948919251561165,short_polymer,1,D:C,0.282,
4AIF,diffdock,scored_both,12.5772066116333,0.01696065068244934,short_polymer,1,D:C,0.467,
4APO,equibind,scored_both,19.63479995727539,0.000314993696520105,short_polymer,2,D:C,0.798,
4APO,diffdock,scored_both,25.72728157043457,0.0074734813533723354,short_polymer,2,D:C,1.561,
4AYP,equibind,scored_both,3.9652116298675537,0.39675000309944153,branched_glycan,1,B:B,0.262,
4AYP,diffdock,scored_both,4.85391092300415,0.3207395374774933,branched_glycan,1,B:B,0.47,
3ZYB,equibind,scored_both,4.13686466217041,0.2323600947856903,short_polymer,3,I:I,6.859,
3ZYB,diffdock,scored_both,3.7063095569610596,0.09266409277915955,short_polymer,3,I:I,9.093,
4B4Q,equibind,scored_both,21.93259620666504,0.0011895321076735854,branched_glycan,2,C:C,0.273,
4B4Q,diffdock,scored_both,20.779064178466797,0.0,branched_glycan,2,C:C,0.497,
4B8Y,equibind,scored_both,9.164129257202148,0.1251934915781021,short_polymer,1,B:B,0.194,
4B8Y,diffdock,scored_both,5.812809944152832,0.3636806309223175,short_polymer,1,B:B,0.351,
4B9H,equibind,scored_both,11.206401824951172,0.10470463335514069,branched_glycan,1,C:C,0.175,
4B9H,diffdock,scored_both,4.026602745056152,0.42678478360176086,branched_glycan,1,C:C,0.319,
4B9Z,equibind,scored_both,6.0896759033203125,0.29002848267555237,branched_glycan,1,B:B,0.415,
4B9Z,diffdock,scored_both,1.8881452083587646,0.7535211443901062,branched_glycan,1,B:B,0.758,
4BD3,equibind,scored_both,15.180071830749512,0.09699686616659164,short_polymer,1,B:B,0.587,
4BD3,diffdock,scored_both,16.714065551757812,0.04472013935446739,short_polymer,1,B:B,1.123,
4BEA,equibind,scored_both,17.298913955688477,0.013823469169437885,short_polymer,1,B:B,0.654,
4BEA,diffdock,scored_both,27.21990394592285,0.0,short_polymer,1,B:B,1.11,
4BG6,equibind,scored_both,11.198806762695312,0.008879023604094982,short_polymer,1,Q:C,0.395,
4BG6,diffdock,scored_both,9.818758010864258,0.09518518298864365,short_polymer,1,Q:C,0.806,
4BGX,equibind,scored_both,65.0864028930664,0.0,branched_glycan,1,C:C,0.248,
4BGX,diffdock,scored_both,2.231893301010132,0.7031759023666382,branched_glycan,1,C:C,0.456,
4BGY,equibind,scored_both,68.94645690917969,0.0,branched_glycan,1,E:E,0.263,
4BGY,diffdock,scored_both,65.06764221191406,0.0,branched_glycan,1,E:E,0.485,
4BH3,equibind,scored_both,74.74848175048828,0.0,branched_glycan,1,D:D,0.262,
4BH3,diffdock,scored_both,78.02804565429688,0.0,branched_glycan,1,D:D,0.488,
4BH4,equibind,scored_both,85.99732208251953,0.0,branched_glycan,1,D:D,0.283,
4BH4,diffdock,scored_both,60.38930892944336,0.0,branched_glycan,1,D:D,0.528,
4BT9,equibind,scored_both,6.136825084686279,0.22837452590465546,short_polymer,1,C:C,0.257,
4BT9,diffdock,scored_both,4.931217193603516,0.3269049823284149,short_polymer,1,C:C,0.474,
4BTB,equibind,scored_both,37.17741012573242,0.0,short_polymer,1,C:B,0.174,
4BTB,diffdock,scored_both,11.123529434204102,0.19225779175758362,short_polymer,1,C:B,0.317,
4C1T,equibind,scored_both,7.509868621826172,0.1866178810596466,branched_glycan,1,B:B,0.256,
4C1T,diffdock,scored_both,1.86121666431427,0.7415845394134521,branched_glycan,1,B:B,0.463,
4C1U,equibind,scored_both,4.41706657409668,0.36577868461608887,branched_glycan,1,B:B,0.237,
4C1U,diffdock,scored_both,8.46585464477539,0.19143082201480865,branched_glycan,1,B:B,0.425,
4C1W,equibind,scored_both,3.818089008331299,0.5196261405944824,branched_glycan,1,B:B,0.136,
4C1W,diffdock,scored_both,3.1777212619781494,0.8195946216583252,branched_glycan,1,B:B,0.246,
4CC2,equibind,scored_both,13.563697814941406,0.04816639423370361,short_polymer,1,B:B,0.203,
4CC2,diffdock,scored_both,9.391176223754883,0.039168551564216614,short_polymer,1,B:B,0.367,
4CC3,equibind,scored_both,15.449786186218262,0.047586582601070404,short_polymer,4,F:F,1.243,
4CC3,diffdock,scored_both,13.67308235168457,0.10411471128463745,short_polymer,4,D:D,2.231,
4CD4,equibind,scored_both,1.5413154363632202,0.7540983557701111,nonpolymer_pair,1,A:BMA:1422+A:IFM:1423,0.207,
4CD4,diffdock,scored_both,0.9345701932907104,0.8884228467941284,nonpolymer_pair,1,A:BMA:1422+A:IFM:1423,0.369,
4CC7,equibind,scored_both,13.970800399780273,0.038558535277843475,short_polymer,1,B:B,1.186,
4CC7,diffdock,scored_both,10.463815689086914,0.04387602582573891,short_polymer,1,B:B,2.519,
3TPX,equibind,scored_both,10.956621170043945,0.041192907840013504,short_polymer,3,B:B,46.04,
3TPX,diffdock,scored_both,5.571847438812256,0.3510668873786926,short_polymer,3,D:D,63.78,
4CD5,equibind,scored_both,3.5483312606811523,0.5021905899047852,nonpolymer_pair,1,A:BMA:1422+A:MVL:1423,0.224,
4CD5,diffdock,scored_both,2.233985662460327,0.7302631735801697,nonpolymer_pair,1,A:BMA:1422+A:MVL:1423,0.402,
4CD6,equibind,scored_both,2.084205150604248,0.6163434982299805,nonpolymer_pair,1,A:IFM:500+A:BMA:501,0.18,
4CD6,diffdock,scored_both,2.3939878940582275,0.6502177119255066,nonpolymer_pair,1,A:IFM:500+A:BMA:501,0.33,
4CD8,equibind,scored_both,1.6223037242889404,0.7824550271034241,nonpolymer_pair,1,A:MVL:400+A:BMA:401,0.19,
4CD8,diffdock,scored_both,1.6084810495376587,0.7484296560287476,nonpolymer_pair,1,A:MVL:400+A:BMA:401,0.35,
4CSY,equibind,scored_both,44.68421173095703,0.0,branched_glycan,2,C:C,0.342,
4CSY,diffdock,scored_both,32.703086853027344,0.0,branched_glycan,2,C:C,0.662,
4D2D,equibind,scored_both,5.620059490203857,0.316220223903656,short_polymer,1,B:B,0.237,
4D2D,diffdock,scored_both,8.343557357788086,0.15341812372207642,short_polymer,1,B:B,0.443,
4D4D,equibind,scored_both,22.70656967163086,0.0,nonpolymer_pair,2,B:IFM:400+B:MAN:401,0.42,
4D4D,diffdock,scored_both,2.571388006210327,0.6952269077301025,nonpolymer_pair,2,B:IFM:400+B:MAN:401,0.725,
4D8I,equibind,scored_both,10.416000366210938,0.10111752152442932,short_polymer,1,B:B,0.174,
4D8I,diffdock,scored_both,7.605458736419678,0.22816349565982819,short_polymer,1,B:B,0.311,
4DFW,equibind,scored_both,6.467285633087158,0.18290340900421143,short_polymer,1,D:B,0.277,
4DFW,diffdock,scored_both,5.256346702575684,0.3572009801864624,short_polymer,1,D:B,0.488,
4DGB,equibind,scored_both,4.92924690246582,0.3313559293746948,short_polymer,1,B:B,0.125,
4DGB,diffdock,scored_both,9.208650588989258,0.08087248355150223,short_polymer,1,B:B,0.232,
3LRH,equibind,failed_runtime_timeout,,,short_polymer,8,,120.134,TimeoutError: OST scoring exceeded per-stage runtime limit
3LRH,diffdock,scored_both,14.058845520019531,0.02120535634458065,short_polymer,8,D:D,151.279,
4CDR,equibind,scored_both,33.490474700927734,0.0,short_polymer,4,E:E,2.013,
4CDR,diffdock,scored_both,20.086952209472656,0.02788461558520794,short_polymer,4,E:E,3.912,
4DKT,equibind,scored_both,5.810460090637207,0.3680555522441864,short_polymer,1,B:B,0.304,
4DKT,diffdock,scored_both,3.9086711406707764,0.608359158039093,short_polymer,1,B:B,0.573,
4DJ7,equibind,scored_both,74.48124694824219,0.0,branched_glycan,3,J:J,0.883,
4DJ7,diffdock,scored_both,5.721775531768799,0.49570199847221375,branched_glycan,3,H:H,1.662,
4DV9,equibind,scored_both,7.145111560821533,0.21284420788288116,short_polymer,1,B:B,0.356,
4DV9,diffdock,scored_both,5.0290141105651855,0.5052399635314941,short_polymer,1,B:B,0.673,
4DS1,equibind,scored_both,12.041141510009766,0.047197453677654266,short_polymer,1,B:B,0.438,
4DS1,diffdock,scored_both,19.45487403869629,0.04520295187830925,short_polymer,1,B:B,0.815,
4DXG,equibind,scored_both,5.867586135864258,0.2920692563056946,branched_glycan,1,B:B,0.154,
4DXG,diffdock,scored_both,3.1759543418884277,0.5946276187896729,branched_glycan,1,B:B,0.299,
4E34,equibind,scored_both,19.817598342895508,0.001087632030248642,short_polymer,2,D:D,0.253,
4E34,diffdock,scored_both,9.57132625579834,0.17749758064746857,short_polymer,2,D:D,0.489,
4E35,equibind,scored_both,23.83131217956543,0.003784602042287588,short_polymer,1,C:C,0.205,
4E35,diffdock,scored_both,9.60483169555664,0.11668228358030319,short_polymer,1,C:C,0.373,
4CY1,equibind,scored_both,21.707456588745117,0.0003225806576665491,short_polymer,2,D:D,2.626,
4CY1,diffdock,scored_both,7.8520097732543945,0.15328152477741241,short_polymer,2,C:C,5.141,
4E67,equibind,scored_both,6.624059200286865,0.20876444876194,short_polymer,1,B:B,0.253,
4E67,diffdock,scored_both,5.773599624633789,0.2355637103319168,short_polymer,1,B:B,0.494,
4E9C,equibind,scored_both,7.296535491943359,0.2164769172668457,short_polymer,1,B:B,0.204,
4E9C,diffdock,scored_both,9.631795883178711,0.1747635453939438,short_polymer,1,B:B,0.378,
4EST,equibind,scored_both,5.820862770080566,0.3197847008705139,short_polymer,1,I:B,0.184,
4EST,diffdock,scored_both,5.985646724700928,0.2991803288459778,short_polymer,1,I:B,0.332,
4ER4,equibind,scored_both,10.913917541503906,0.10964538902044296,short_polymer,1,I:B,0.353,
4ER4,diffdock,scored_both,8.612542152404785,0.21462376415729523,short_polymer,1,I:B,0.634,
4ER2,equibind,scored_both,6.595570087432861,0.2747838497161865,short_polymer,1,I:B,0.396,
4ER2,diffdock,scored_both,3.292755365371704,0.6232718825340271,short_polymer,1,I:B,0.835,
4E81,equibind,scored_both,11.284708023071289,0.15189504623413086,short_polymer,2,C:C,0.619,
4E81,diffdock,scored_both,29.71505355834961,0.0,short_polymer,2,C:C,1.122,
4EXH,equibind,scored_both,6.560619831085205,0.2541019022464752,short_polymer,2,J:C,0.294,
4EXH,diffdock,scored_both,9.643692016601562,0.12445095181465149,short_polymer,2,M:D,0.524,
4EZR,equibind,scored_both,12.868657112121582,0.1555742472410202,short_polymer,1,B:B,0.237,
4EZR,diffdock,scored_both,32.10481262207031,0.0,short_polymer,1,B:B,0.413,
4FE9,equibind,scored_both,8.0632963180542,0.1423267275094986,branched_glycan,1,C:C,0.227,
4FE9,diffdock,scored_both,3.0745320320129395,0.5913729071617126,branched_glycan,1,C:C,0.414,
4EZZ,equibind,scored_both,12.430079460144043,0.14398235082626343,short_polymer,1,B:B,0.279,
4EZZ,diffdock,scored_both,33.151363372802734,0.0,short_polymer,1,B:B,0.503,
4EZX,equibind,scored_both,16.65830421447754,0.0027116602286696434,short_polymer,2,D:D,0.479,
4EZX,diffdock,scored_both,32.53756332397461,0.0,short_polymer,2,C:C,0.849,
4FEM,equibind,scored_both,6.616117477416992,0.20538178086280823,branched_glycan,1,B:B,0.195,
4FEM,diffdock,scored_both,6.8152360916137695,0.2918781638145447,branched_glycan,1,B:B,0.358,
4FZ3,equibind,scored_both,15.349297523498535,0.11812714487314224,short_polymer,1,B:B,0.184,
4FZ3,diffdock,scored_both,13.373600959777832,0.04131534695625305,short_polymer,1,B:B,0.357,
4FGX,equibind,scored_both,11.393277168273926,0.1676369160413742,short_polymer,1,B:B,0.416,
4FGX,diffdock,scored_both,5.118008613586426,0.3891329765319824,short_polymer,1,B:B,0.762,
3ODI,equibind,failed_runtime_timeout,,,short_polymer,10,,120.281,TimeoutError: OST scoring exceeded per-stage runtime limit
3ODI,diffdock,scored_both,5.830332279205322,0.2185642421245575,short_polymer,10,L:L,143.455,
4FI9,equibind,scored_both,15.959857940673828,0.058121297508478165,short_polymer,1,B:B,0.777,
4FI9,diffdock,scored_both,40.81391906738281,0.0,short_polymer,1,B:B,1.436,
4EZW,equibind,scored_both,21.68504524230957,0.0003881987649947405,short_polymer,4,E:E,1.802,
4EZW,diffdock,scored_both,26.550199508666992,0.0,short_polymer,4,G:G,2.954,
4G68,equibind,scored_both,28.278430938720703,0.0,branched_glycan,2,E:E,0.815,
4G68,diffdock,scored_both,1.1213871240615845,0.8377686738967896,branched_glycan,2,E:E,1.468,
4GLY,equibind,scored_both,6.767270565032959,0.2867461144924164,short_polymer,1,B:B,0.471,
4GLY,diffdock,scored_both,36.4229850769043,0.0,short_polymer,1,B:B,0.815,
4FZC,equibind,scored_both,11.374966621398926,0.0,short_polymer,4,d:DA,4.37,
4FZG,equibind,scored_both,13.73847770690918,0.0,short_polymer,4,d:DA,4.652,
4GVD,equibind,scored_both,22.720293045043945,0.0,short_polymer,1,D:D,0.191,
4GVD,diffdock,scored_both,12.403420448303223,0.015020821243524551,short_polymer,1,D:D,0.369,
4GWI,equibind,scored_both,6.72065544128418,0.2502937614917755,branched_glycan,1,B:B,0.124,
4GWI,diffdock,scored_both,5.122784614562988,0.23400366306304932,branched_glycan,1,B:B,0.219,
4GK7,equibind,scored_both,15.263580322265625,0.0,short_polymer,6,2:DA,4.91,
4H75,equibind,scored_both,7.005182266235352,0.27225595712661743,short_polymer,1,B:B,0.378,
4H75,diffdock,scored_both,27.045351028442383,0.000876168196555227,short_polymer,1,B:B,0.748,
4GZW,equibind,scored_both,29.588336944580078,0.0,branched_glycan,1,E:E,1.056,
4GZW,diffdock,scored_both,5.10648250579834,0.5129746794700623,branched_glycan,1,E:E,1.864,
4HP0,equibind,scored_both,3.978271245956421,0.39256027340888977,branched_glycan,1,B:B,0.132,
4HP0,diffdock,scored_both,3.250898599624634,0.5562347173690796,branched_glycan,1,B:B,0.237,
4HPI,equibind,scored_both,3.383690118789673,0.5049944519996643,branched_glycan,1,B:B,0.115,
4HPI,diffdock,scored_both,3.2443079948425293,0.6006030440330505,branched_glycan,1,B:B,0.208,
4GZX,equibind,scored_both,12.07406997680664,0.03805933892726898,branched_glycan,2,E:E,1.083,
4GZX,diffdock,scored_both,1.3005459308624268,0.8055555820465088,branched_glycan,2,G:G,1.925,
4HXJ,equibind,scored_both,10.916934967041016,0.12166666984558105,short_polymer,1,C:C,0.104,
4HXJ,diffdock,scored_both,11.31112003326416,0.07935483753681183,short_polymer,1,C:C,0.207,
4GM8,equibind,scored_both,25.06463050842285,0.0,short_polymer,4,F:F,3.078,
4GM8,diffdock,scored_both,3.9940807819366455,0.5117675065994263,short_polymer,4,E:E,5.739,
4GPK,equibind,scored_both,36.00203323364258,0.0,short_polymer,12,W:W,5.614,
4HYB,equibind,scored_both,20.5727481842041,0.0006371455965563655,short_polymer,2,C:C,0.599,
4HYB,diffdock,scored_both,28.921619415283203,0.0,short_polymer,2,D:D,1.061,
4I2W,equibind,scored_both,53.587158203125,0.0,short_polymer,1,B:B,0.579,
4I2W,diffdock,scored_both,54.73515701293945,0.0,short_polymer,1,B:B,1.13,
4HY9,equibind,scored_both,16.371400833129883,0.03619413077831268,short_polymer,2,D:D,0.949,
4HY9,diffdock,scored_both,13.788090705871582,0.19252601265907288,short_polymer,2,D:D,1.807,
4I80,equibind,scored_both,13.645817756652832,0.030898217111825943,short_polymer,1,B:B,0.38,
4I80,diffdock,scored_both,11.162054061889648,0.07329169660806656,short_polymer,1,B:B,0.722,
4I9C,equibind,scored_both,5.837233543395996,0.244017094373703,short_polymer,1,C:B,0.276,
4I9C,diffdock,scored_both,7.584105491638184,0.18603351712226868,short_polymer,1,C:B,0.547,
4IKN,equibind,scored_both,18.59639549255371,0.0002906976733356714,short_polymer,1,B:B,0.227,
4IKN,diffdock,scored_both,29.496288299560547,0.0,short_polymer,1,B:B,0.417,
4I2Z,equibind,scored_both,29.59926414489746,0.0,short_polymer,1,B:B,0.636,
4I2Z,diffdock,scored_both,10.74795150756836,0.12516960501670837,short_polymer,1,B:B,1.234,
4HT6,equibind,scored_both,10.989924430847168,0.07829486578702927,short_polymer,3,F:F,1.436,
4HT6,diffdock,scored_both,11.23171615600586,0.1857730746269226,short_polymer,3,F:F,2.522,
4IMQ,equibind,scored_both,7.884182453155518,0.1541701704263687,short_polymer,1,B:B,0.155,
4IMQ,diffdock,scored_both,3.5702126026153564,0.5859155058860779,short_polymer,1,B:B,0.278,
4IN9,equibind,scored_both,6.566512107849121,0.23557068407535553,short_polymer,1,B:B,0.148,
4IN9,diffdock,scored_both,12.23256778717041,0.1213483139872551,short_polymer,1,B:B,0.248,
4IMZ,equibind,scored_both,7.125349044799805,0.2750000059604645,short_polymer,1,B:B,0.173,
4IMZ,diffdock,scored_both,6.823126792907715,0.4535941779613495,short_polymer,1,B:B,0.312,
4J45,equibind,scored_both,8.287206649780273,0.20439913868904114,short_polymer,1,B:B,0.122,
4J45,diffdock,scored_both,7.11222505569458,0.23085936903953552,short_polymer,1,B:B,0.226,
4J44,equibind,scored_both,6.08100700378418,0.26636621356010437,short_polymer,1,B:B,0.135,
4J44,diffdock,scored_both,8.888521194458008,0.16457100212574005,short_polymer,1,B:B,0.272,
4J46,equibind,scored_both,8.583576202392578,0.17258064448833466,short_polymer,1,B:B,0.142,
4J46,diffdock,scored_both,7.960275650024414,0.20142662525177002,short_polymer,1,B:B,0.258,
4J47,equibind,scored_both,8.845724105834961,0.13981422781944275,short_polymer,1,B:B,0.142,
4J47,diffdock,scored_both,8.906454086303711,0.13224181532859802,short_polymer,1,B:B,0.258,
4IHO,equibind,scored_both,28.47368812561035,0.00036585365887731314,short_polymer,2,F:F,0.966,
4IHO,diffdock,scored_both,8.06083869934082,0.25020790100097656,short_polymer,2,C:C,1.809,
4J73,equibind,scored_both,8.28918170928955,0.12382550537586212,short_polymer,1,B:B,0.238,
4J73,diffdock,scored_both,7.062252521514893,0.2298850566148758,short_polymer,1,B:B,0.417,
4IPN,equibind,scored_both,21.84858512878418,0.0001730103831505403,branched_glycan,2,A:C,0.614,
4IPN,diffdock,scored_both,1.281826138496399,0.8329817056655884,branched_glycan,2,A:C,1.195,
4J77,equibind,scored_both,10.334729194641113,0.07822731882333755,short_polymer,1,C:A,0.399,
4J77,diffdock,scored_both,38.53206253051758,0.0,short_polymer,1,C:A,0.72,
4J78,equibind,scored_both,5.980127334594727,0.3494718372821808,short_polymer,1,B:B,0.22,
4J78,diffdock,scored_both,8.011157035827637,0.16880342364311218,short_polymer,1,B:B,0.394,
4J79,equibind,scored_both,5.608953952789307,0.3064759075641632,short_polymer,1,B:B,0.246,
4J79,diffdock,scored_both,7.808716297149658,0.18138042092323303,short_polymer,1,B:B,0.463,
4J82,equibind,scored_both,19.117603302001953,0.003696662373840809,short_polymer,2,D:D,0.48,
4J82,diffdock,scored_both,8.446041107177734,0.09204545617103577,short_polymer,2,C:C,0.834,
4J8B,equibind,scored_both,5.0286054611206055,0.3038419783115387,short_polymer,1,B:B,0.239,
4J8B,diffdock,scored_both,9.335479736328125,0.10774648189544678,short_polymer,1,B:B,0.443,
4JC1,equibind,scored_both,3.9629838466644287,0.4324776828289032,branched_glycan,1,C:B,0.122,
4JC1,diffdock,scored_both,2.1796913146972656,0.7548209428787231,branched_glycan,1,C:B,0.195,
4J84,equibind,scored_both,23.335922241210938,0.00958029180765152,short_polymer,1,C:C,0.426,
4J84,diffdock,scored_both,10.059826850891113,0.050653595477342606,short_polymer,1,C:C,0.821,
4JCK,equibind,scored_both,3.6513173580169678,0.4524940550327301,branched_glycan,1,C:B,0.107,
4JCK,diffdock,scored_both,1.0938185453414917,0.87657231092453,branched_glycan,1,C:B,0.186,
4J86,equibind,scored_both,7.508395671844482,0.07694274187088013,short_polymer,2,C:C,0.502,
4J86,diffdock,scored_both,8.402024269104004,0.1311563104391098,short_polymer,2,D:D,0.942,
4J3U,equibind,scored_both,22.893081665039062,0.005901471246033907,branched_glycan,2,D:D,1.477,
4J3U,diffdock,scored_both,7.046717166900635,0.2859210669994354,branched_glycan,2,C:C,2.668,
4J8G,equibind,scored_both,14.970560073852539,0.0054681506007909775,short_polymer,1,C:C,0.518,
4J8G,diffdock,scored_both,9.046723365783691,0.08329670131206512,short_polymer,1,C:C,0.969,
4JFD,equibind,scored_both,6.123204708099365,0.26843392848968506,short_polymer,1,C:C,0.714,
4JFD,diffdock,scored_both,5.858640193939209,0.2862745225429535,short_polymer,1,C:C,1.384,
4JFE,equibind,scored_both,7.6036272048950195,0.2128218114376068,short_polymer,1,C:C,0.663,
4JFE,diffdock,scored_both,6.086884498596191,0.27376222610473633,short_polymer,1,C:C,1.346,
4JFF,equibind,scored_both,7.301292419433594,0.18692216277122498,short_polymer,1,C:C,0.68,
4JFF,diffdock,scored_both,12.898279190063477,0.06701863557100296,short_polymer,1,C:C,1.404,
4JJQ,equibind,scored_both,20.654605865478516,0.0,short_polymer,1,B:B,0.101,
4JJQ,diffdock,scored_both,8.68863296508789,0.1440868228673935,short_polymer,1,B:B,0.181,
4JJE,equibind,scored_both,6.866525650024414,0.2770856022834778,short_polymer,1,B:B,0.219,
4JJE,diffdock,scored_both,4.233254432678223,0.5887829065322876,short_polymer,1,B:B,0.403,
4JG1,equibind,scored_both,10.436664581298828,0.12999629974365234,short_polymer,1,P:C,0.796,
4JG1,diffdock,scored_both,34.615631103515625,0.0,short_polymer,1,P:C,1.374,
4JOH,equibind,scored_both,16.273237228393555,0.049433574080467224,short_polymer,1,D:D,0.129,
4JOH,diffdock,scored_both,9.578350067138672,0.1448439657688141,short_polymer,1,D:D,0.228,
4JJ8,equibind,scored_both,15.983182907104492,0.032688286155462265,short_polymer,2,D:D,0.464,
4JJ8,diffdock,scored_both,4.958021640777588,0.5955284833908081,short_polymer,2,C:C,0.841,
4JOG,equibind,scored_both,23.862478256225586,0.008354430086910725,short_polymer,2,D:D,0.255,
4JOG,diffdock,scored_both,9.674274444580078,0.09592711925506592,short_polymer,2,C:C,0.505,
4K0O,equibind,scored_both,6.120148181915283,0.25613078474998474,branched_glycan,1,B:B,0.105,
4K0O,diffdock,scored_both,2.011411428451538,0.7931985259056091,branched_glycan,1,B:B,0.194,
4JR0,equibind,scored_both,18.29803466796875,0.00012683916429523379,short_polymer,2,D:D,0.437,
4JR0,diffdock,scored_both,8.671307563781738,0.2711363732814789,short_polymer,2,C:C,0.756,
4K1E,equibind,scored_both,10.853570938110352,0.07475178688764572,short_polymer,1,B:B,0.389,
4K1E,diffdock,scored_both,31.20488739013672,0.0,short_polymer,1,B:B,0.662,
4JFX,equibind,scored_both,10.954934120178223,0.0769696980714798,short_polymer,1,P:E,1.583,
4JFX,diffdock,scored_both,4.032334804534912,0.48232322931289673,short_polymer,1,P:E,2.567,
4K3O,equibind,scored_both,6.316676139831543,0.26764437556266785,short_polymer,1,E:C,0.395,
4K3O,diffdock,scored_both,3.9631285667419434,0.5633333325386047,short_polymer,1,E:C,0.818,
4K3R,equibind,scored_both,25.21819496154785,0.0,short_polymer,1,E:C,0.393,
4K3R,diffdock,scored_both,1.1893205642700195,0.710629940032959,short_polymer,1,E:C,0.823,
4K6Y,equibind,scored_both,24.847835540771484,0.0025525526143610477,short_polymer,1,C:C,0.199,
4K6Y,diffdock,scored_both,17.570947647094727,0.0967230424284935,short_polymer,1,C:C,0.364,
4K72,equibind,scored_both,7.968255043029785,0.19789880514144897,short_polymer,1,C:C,0.132,
4K72,diffdock,scored_both,13.957317352294922,0.012075717560946941,short_polymer,1,C:C,0.238,
4K76,equibind,scored_both,20.340425491333008,0.0005608175415545702,short_polymer,1,E:E,0.412,
4K76,diffdock,scored_both,9.4185152053833,0.16960148513317108,short_polymer,1,E:E,0.69,
4K78,equibind,scored_both,14.368060111999512,0.03431372717022896,short_polymer,1,B:B,0.252,
4K78,diffdock,scored_both,6.235766887664795,0.19760338962078094,short_polymer,1,B:B,0.454,
4K64,equibind,scored_both,53.347652435302734,0.0,branched_glycan,2,J:J,1.29,
4K64,diffdock,scored_both,2.4565188884735107,0.7552264928817749,branched_glycan,2,I:I,2.334,
4K66,equibind,scored_both,9.729371070861816,0.13605208694934845,branched_glycan,2,J:J,1.207,
4K66,diffdock,scored_both,2.2866060733795166,0.6317391395568848,branched_glycan,2,I:I,2.257,
4K63,equibind,scored_both,36.07076644897461,0.0,branched_glycan,3,L:L,1.352,
4K63,diffdock,scored_both,9.1007661819458,0.23628826439380646,branched_glycan,3,I:I,2.531,
4K67,equibind,scored_both,38.15458679199219,0.0,branched_glycan,2,J:J,1.192,
4K67,diffdock,scored_both,2.706969976425171,0.7060143351554871,branched_glycan,2,I:I,2.267,
4KOM,equibind,scored_both,13.569836616516113,0.05341246351599693,branched_glycan,1,C:C,0.304,
4KOM,diffdock,scored_both,3.058915138244629,0.695348858833313,branched_glycan,1,C:C,0.551,
4LBL,equibind,scored_both,5.632155895233154,0.24665042757987976,branched_glycan,1,B:B,0.129,
4LBL,diffdock,scored_both,3.2880327701568604,0.5129533410072327,branched_glycan,1,B:B,0.229,
4LBO,equibind,scored_both,5.840906620025635,0.3765709102153778,branched_glycan,1,B:B,0.121,
4LBO,diffdock,scored_both,1.4713504314422607,0.8052516579627991,branched_glycan,1,B:B,0.229,
4KON,equibind,scored_both,11.185646057128906,0.1177995428442955,branched_glycan,1,C:C,0.27,
4KON,diffdock,scored_both,1.8236480951309204,0.8411885499954224,branched_glycan,1,C:C,0.482,
4LG6,equibind,scored_both,9.150137901306152,0.1069321557879448,short_polymer,1,B:B,0.244,
4LG6,diffdock,scored_both,17.224775314331055,0.00021872266370337456,short_polymer,1,B:B,0.449,
4KX8,equibind,scored_both,4.57246732711792,0.3950471580028534,short_polymer,1,C:B,0.587,
4KX8,diffdock,scored_both,4.693179130554199,0.4169750213623047,short_polymer,1,C:B,1.095,
4LJH,equibind,scored_both,19.012235641479492,0.0016393442638218403,nonpolymer_pair,4,C:MHD:202+C:GAL:203,0.377,
4LJH,diffdock,scored_both,1.769710898399353,0.811965823173523,nonpolymer_pair,4,D:MHD:202+D:GAL:203,0.709,
4LK7,equibind,scored_both,3.6947436332702637,0.5206794738769531,nonpolymer_pair,4,A:04G:202+A:GAL:203,0.368,
4LK7,diffdock,scored_both,0.6139624118804932,0.9360587000846863,nonpolymer_pair,4,A:04G:202+A:GAL:203,0.71,
4LKK,equibind,scored_both,40.36663055419922,0.0,branched_glycan,1,C:C,0.271,
4LKK,diffdock,scored_both,1.0441710948944092,0.8789719343185425,branched_glycan,1,C:C,0.484,
4LKJ,equibind,scored_both,7.356114864349365,0.13112245500087738,branched_glycan,1,C:C,0.268,
4LKJ,diffdock,scored_both,4.55109167098999,0.5481343269348145,branched_glycan,1,C:C,0.491,
4LN2,equibind,scored_both,17.805049896240234,0.016491396352648735,short_polymer,1,B:B,0.157,
4LN2,diffdock,scored_both,10.641786575317383,0.16922563314437866,short_polymer,1,B:B,0.289,
4LKM,equibind,scored_both,18.056232452392578,0.016746055334806442,short_polymer,1,B:B,0.536,
4LKM,diffdock,scored_both,5.2561469078063965,0.2781749367713928,short_polymer,1,B:B,0.921,
4L6T,equibind,scored_both,51.918540954589844,0.0,branched_glycan,5,H:H,1.073,
4L6T,diffdock,scored_both,2.8205361366271973,0.570107102394104,branched_glycan,5,H:H,2.072,
4M7J,equibind,scored_both,7.3046040534973145,0.22142857313156128,branched_glycan,1,A:C,0.267,
4M7J,diffdock,scored_both,2.042006254196167,0.7291418313980103,branched_glycan,1,A:C,0.502,
4LP9,equibind,scored_both,11.108561515808105,0.1624087542295456,short_polymer,1,I:B,0.424,
4LP9,diffdock,scored_both,6.534215450286865,0.3553561866283417,short_polymer,1,I:B,0.827,
4MBP,equibind,scored_both,5.4429473876953125,0.2580915093421936,branched_glycan,1,B:B,0.239,
4MBP,diffdock,scored_both,1.665061116218567,0.743938148021698,branched_glycan,1,B:B,0.454,
4LKG,equibind,scored_both,26.720050811767578,0.0002702702768146992,branched_glycan,1,G:G,0.894,
4LKG,diffdock,scored_both,4.911465167999268,0.47232142090797424,branched_glycan,1,G:G,1.786,
4MN3,equibind,scored_both,10.029047966003418,0.14957962930202484,short_polymer,1,B:B,0.157,
4MN3,diffdock,scored_both,13.102075576782227,0.04704216495156288,short_polymer,1,B:B,0.291,
4MNVB,equibind,scored_both,15.309168815612793,0.0021645021624863148,short_polymer,1,C:C,0.149,
4MNVB,diffdock,scored_both,17.555702209472656,0.00048449612222611904,short_polymer,1,C:C,0.28,
4MNW,equibind,scored_both,8.072566986083984,0.19962242245674133,short_polymer,1,B:B,0.399,
4MNW,diffdock,scored_both,11.385126113891602,0.08765631914138794,short_polymer,1,B:B,0.762,
4MNX,equibind,scored_both,10.747049331665039,0.0985139012336731,short_polymer,1,B:B,0.551,
4MNX,diffdock,scored_both,19.086793899536133,0.003559870645403862,short_polymer,1,B:B,1.04,
4MNQ,equibind,scored_both,6.602536678314209,0.2024945467710495,short_polymer,1,C:C,0.73,
4MNQ,diffdock,scored_both,5.951427459716797,0.348188191652298,short_polymer,1,C:C,1.489,
4MRD,equibind,scored_both,8.213458061218262,0.38030505180358887,branched_glycan,1,B:B,0.138,
4MRD,diffdock,scored_both,1.692654013633728,0.7720025777816772,branched_glycan,1,B:B,0.251,
4MJI,equibind,scored_both,16.26607894897461,0.0007760532316751778,short_polymer,2,C:C,1.219,
4MJI,diffdock,scored_both,4.4490885734558105,0.3851456344127655,short_polymer,2,C:C,2.303,
4MNY,equibind,scored_both,15.803515434265137,0.03703279048204422,short_polymer,2,C:C,0.706,
4MNY,diffdock,scored_both,31.524816513061523,0.00026638252893462777,short_polymer,2,C:C,1.316,
4NHC,equibind,scored_both,8.207496643066406,0.1714930385351181,short_polymer,1,P:C,0.464,
4NHC,diffdock,scored_both,14.016585350036621,0.03397027775645256,short_polymer,1,P:C,0.84,
4NMO,equibind,scored_both,22.950355529785156,0.012964148074388504,short_polymer,1,C:C,0.204,
4NMO,diffdock,scored_both,20.34861183166504,0.1449742317199707,short_polymer,1,C:C,0.387,
4NMP,equibind,scored_both,9.893023490905762,0.16733548045158386,short_polymer,1,C:C,0.211,
4NMP,diffdock,scored_both,15.619551658630371,0.17928388714790344,short_polymer,1,C:C,0.354,
4N5T,equibind,scored_both,10.78962230682373,0.13273727893829346,short_polymer,1,B:B,0.656,
4N5T,diffdock,scored_both,14.258623123168945,0.03566775098443031,short_polymer,1,B:B,1.263,
4NMR,equibind,scored_both,32.87283706665039,0.0020388958510011435,short_polymer,1,C:C,0.211,
4NMR,diffdock,scored_both,10.015318870544434,0.1780852973461151,short_polymer,1,C:C,0.385,
4NMS,equibind,scored_both,22.48482322692871,0.036729857325553894,short_polymer,1,C:C,0.201,
4NMS,diffdock,scored_both,20.57183837890625,0.08559782803058624,short_polymer,1,C:C,0.363,
4NMV,equibind,scored_both,17.955554962158203,0.12904570996761322,short_polymer,1,C:C,0.197,
4NMV,diffdock,scored_both,21.24968147277832,0.11933298408985138,short_polymer,1,C:C,0.361,
4NXR,equibind,scored_both,10.926514625549316,0.10003562271595001,short_polymer,1,B:B,0.392,
4NXR,diffdock,scored_both,9.304884910583496,0.07744681090116501,short_polymer,1,B:B,0.698,
4O2C,equibind,scored_both,6.267491817474365,0.23524628579616547,short_polymer,1,C:C,0.443,
4O2C,diffdock,scored_both,6.009639263153076,0.3086574673652649,short_polymer,1,C:C,0.863,
4NY3,equibind,scored_both,34.88003921508789,0.0,short_polymer,2,D:D,0.595,
4NY3,diffdock,scored_both,25.96622657775879,0.0008778090123087168,short_polymer,2,D:D,1.193,
4MEX,equibind,scored_both,35.38290023803711,0.0,short_polymer,2,M:M,4.256,
4O36,equibind,scored_both,14.569140434265137,0.08884040266275406,short_polymer,1,A:A,0.364,
4O36,diffdock,scored_both,15.427011489868164,0.0893760547041893,short_polymer,1,A:A,0.693,
4O2E,equibind,scored_both,30.161575317382812,0.0,short_polymer,2,F:F,0.833,
4O2E,diffdock,scored_both,5.261493682861328,0.32362356781959534,short_polymer,2,C:C,1.601,
4O4Y,equibind,scored_both,6.274402618408203,0.28843337297439575,short_polymer,1,A:C,0.319,
4O4Y,diffdock,scored_both,35.31527328491211,0.0,short_polymer,1,A:C,0.589,
4O9W,equibind,scored_both,4.964085102081299,0.31583264470100403,short_polymer,1,B:B,0.26,
4O9W,diffdock,scored_both,4.871278285980225,0.24314025044441223,short_polymer,1,B:B,0.483,
4ODK,equibind,scored_both,12.690496444702148,0.06472080945968628,short_polymer,1,B:B,0.176,
4ODK,diffdock,scored_both,19.918426513671875,0.014929150231182575,short_polymer,1,B:B,0.328,
4OAK,equibind,scored_both,10.7017183303833,0.0876932218670845,nonpolymer_pair,2,A:DAL:202+A:DAL:203,0.275,
4OAK,diffdock,scored_both,1.5136717557907104,0.7786885499954224,nonpolymer_pair,2,A:DAL:202+A:DAL:203,0.502,
4O2F,equibind,scored_both,37.258460998535156,0.0,short_polymer,2,F:F,0.92,
4O2F,diffdock,scored_both,4.7491021156311035,0.3624149560928345,short_polymer,2,C:C,1.61,
4OD7,equibind,scored_both,17.638168334960938,0.06805074959993362,short_polymer,3,E:E,0.613,
4OD7,diffdock,scored_both,14.353202819824219,0.15019568800926208,short_polymer,3,E:E,0.995,
4OEE,equibind,scored_both,4.768969535827637,0.2505123019218445,branched_glycan,1,B:B,0.586,
4OEE,diffdock,scored_both,1.5544438362121582,0.7989864945411682,branched_glycan,1,B:B,1.171,
4ODL,equibind,scored_both,34.6221809387207,0.0009165902738459408,short_polymer,3,F:F,0.784,
4ODL,diffdock,scored_both,19.429428100585938,0.009369144216179848,short_polymer,3,F:F,1.672,
4OS1,equibind,scored_both,12.687233924865723,0.0169308353215456,short_polymer,1,B:B,0.429,
4OS1,diffdock,scored_both,8.11064624786377,0.27265769243240356,short_polymer,1,B:B,0.835,
4OS2,equibind,scored_both,14.608257293701172,0.03910242021083832,short_polymer,1,B:B,0.434,
4OS2,diffdock,scored_both,8.260210990905762,0.25186461210250854,short_polymer,1,B:B,0.857,
4OS4,equibind,scored_both,8.05420970916748,0.14740325510501862,short_polymer,1,B:B,0.445,
4OS4,diffdock,scored_both,24.2244873046875,0.0,short_polymer,1,B:B,0.801,
4OS5,equibind,scored_both,7.414523124694824,0.18253032863140106,short_polymer,1,B:B,0.458,
4OS5,diffdock,scored_both,12.188643455505371,0.17749731242656708,short_polymer,1,B:B,0.822,
4OS6,equibind,scored_both,13.375443458557129,0.05143894627690315,short_polymer,1,B:B,0.431,
4OS6,diffdock,scored_both,9.861958503723145,0.23834197223186493,short_polymer,1,B:B,0.837,
4OS7,equibind,scored_both,8.453763008117676,0.14118053019046783,short_polymer,1,B:B,0.463,
4OS7,diffdock,scored_both,6.290823459625244,0.3316410481929779,short_polymer,1,B:B,0.898,
4OU3,equibind,scored_both,5.949281215667725,0.26395535469055176,short_polymer,1,B:B,0.492,
4OU3,diffdock,scored_both,9.420768737792969,0.14208073914051056,short_polymer,1,B:B,0.985,
4OUJ,equibind,scored_both,34.26921844482422,0.0,branched_glycan,2,D:D,0.36,
4OUJ,diffdock,scored_both,1.0800364017486572,0.8699238300323486,branched_glycan,2,D:D,0.644,
4P0A,equibind,scored_both,18.627344131469727,0.0030216285958886147,short_polymer,2,D:D,0.333,
4P0A,diffdock,scored_both,10.529865264892578,0.11286594718694687,short_polymer,2,D:D,0.572,
4PG9,equibind,scored_both,5.729923248291016,0.28943416476249695,short_polymer,1,C:C,0.348,
4PG9,diffdock,scored_both,5.90984582901001,0.2683989703655243,short_polymer,1,C:C,0.641,
4PFT,equibind,scored_both,16.54022216796875,0.007770472206175327,branched_glycan,2,D:D,0.666,
4PFT,diffdock,scored_both,0.8889391422271729,0.8990800976753235,branched_glycan,2,C:C,1.209,
4PFU,equibind,scored_both,20.243593215942383,0.0,branched_glycan,2,C:C,0.703,
4PFU,diffdock,scored_both,1.148175835609436,0.8328025341033936,branched_glycan,2,C:C,1.269,
4OFB,equibind,scored_both,13.391990661621094,0.08363707363605499,short_polymer,1,B:B,2.718,
4OFB,diffdock,scored_both,14.557292938232422,0.057997118681669235,short_polymer,1,B:B,5.222,
4PGE,equibind,scored_both,5.979852676391602,0.2937048077583313,short_polymer,1,C:C,0.359,
4PGE,diffdock,scored_both,5.844404220581055,0.36789852380752563,short_polymer,1,C:C,0.659,
4PO7,equibind,partial_or_no_metrics,,,short_polymer,1,,0.235,OST returned one or no metrics
4PGB,equibind,scored_both,26.752090454101562,0.0,short_polymer,2,C:C,0.641,
4PGB,diffdock,scored_both,7.181423187255859,0.2788175940513611,short_polymer,2,F:F,1.24,
4PGC,equibind,scored_both,28.707544326782227,0.0,short_polymer,2,F:F,0.781,
4PGC,diffdock,scored_both,4.144952297210693,0.4535256326198578,short_polymer,2,C:C,1.403,
4OEG,equibind,scored_both,6.214975357055664,0.1819429248571396,branched_glycan,1,B:B,3.662,
4OEG,diffdock,scored_both,5.406617164611816,0.29113924503326416,branched_glycan,1,B:B,7.017,
4PRE,equibind,scored_both,8.348612785339355,0.15840551257133484,short_polymer,1,C:C,1.023,
4PRE,diffdock,scored_both,7.610761642456055,0.2518840432167053,short_polymer,1,C:C,2.193,
4PRD,equibind,scored_both,8.456483840942383,0.21452389657497406,short_polymer,1,C:C,1.828,
4PRD,diffdock,scored_both,6.240295886993408,0.2878296673297882,short_polymer,1,C:C,3.657,
4PRB,equibind,scored_both,7.488177299499512,0.21245919167995453,short_polymer,1,C:C,1.99,
4PRB,diffdock,scored_both,5.4649176597595215,0.30355462431907654,short_polymer,1,C:C,3.93,
4PS0,equibind,scored_both,22.967178344726562,0.0036523928865790367,short_polymer,2,D:D,0.406,
4PS0,diffdock,scored_both,5.511999607086182,0.42010557651519775,short_polymer,2,D:D,0.788,
4PRH,equibind,scored_both,5.864211559295654,0.26224055886268616,short_polymer,1,C:C,2.462,
4PRH,diffdock,scored_both,6.251944541931152,0.25509151816368103,short_polymer,1,C:C,4.917,
4Q4I,equibind,scored_both,4.784106731414795,0.34473684430122375,short_polymer,1,C:B,0.522,
4Q4I,diffdock,scored_both,3.879096269607544,0.5072745084762573,short_polymer,1,C:B,1.006,
4PS1,equibind,scored_both,19.424036026000977,0.004640371073037386,short_polymer,4,G:G,0.848,
4PS1,diffdock,scored_both,11.350253105163574,0.11869436502456665,short_polymer,4,F:F,1.594,
4PRN,equibind,scored_both,8.580618858337402,0.163046732544899,short_polymer,1,C:C,1.842,
4PRN,diffdock,scored_both,8.44515323638916,0.24202001094818115,short_polymer,1,C:C,3.626,
4PRI,equibind,scored_both,7.653026103973389,0.17627020180225372,short_polymer,1,C:C,2.435,
4PRI,diffdock,scored_both,6.297336101531982,0.37489739060401917,short_polymer,1,C:C,4.99,
4QFN,equibind,scored_both,5.652331829071045,0.23911860585212708,nonpolymer_pair,2,B:GLY:601+B:GLU:602,0.529,
4QFN,diffdock,scored_both,7.8426194190979,0.26783478260040283,nonpolymer_pair,2,B:GLY:601+B:GLU:602,1.083,
4QBM,equibind,scored_both,12.652788162231445,0.06284277886152267,short_polymer,2,C:C,0.575,
4QBM,diffdock,scored_both,14.231468200683594,0.05512016639113426,short_polymer,2,C:C,1.246,
4QFO,equibind,scored_both,18.843002319335938,0.0004230118356645107,nonpolymer_pair,2,B:MET:601+B:LEU:602,0.635,
4QFO,diffdock,scored_both,29.3227481842041,0.0,nonpolymer_pair,2,B:MET:601+B:LEU:602,1.187,
4QFP,equibind,scored_both,14.631753921508789,0.008873114362359047,nonpolymer_pair,2,B:VAL:601+B:THR:602,0.621,
4QFP,diffdock,scored_both,5.502861022949219,0.3379289209842682,nonpolymer_pair,2,A:VAL:601+A:THR:602,1.28,
4QH8,equibind,scored_both,10.35429859161377,0.03866666555404663,short_polymer,1,C:C,0.692,
4QH8,diffdock,scored_both,3.8809256553649902,0.5408667922019958,short_polymer,1,C:C,1.25,
4QH7,equibind,scored_both,16.275659561157227,0.0027251492720097303,short_polymer,1,C:C,0.788,
4QH7,diffdock,scored_both,14.911764144897461,0.020437536761164665,short_polymer,1,C:C,1.422,
4QLK,equibind,scored_both,31.51182746887207,0.0010889857076108456,branched_glycan,3,D:D,0.764,
4QLK,diffdock,scored_both,2.7070424556732178,0.6690512299537659,branched_glycan,3,D:D,1.466,
4QLL,equibind,scored_both,32.14949417114258,0.0,branched_glycan,3,E:E,0.724,
4QLL,diffdock,scored_both,3.0047690868377686,0.6025874614715576,branched_glycan,3,E:E,1.407,
4RCP,equibind,scored_both,5.946476936340332,0.26608186960220337,short_polymer,1,B:B,0.192,
4RCP,diffdock,scored_both,3.3581156730651855,0.5617897510528564,short_polymer,1,B:B,0.366,
4QOK,equibind,scored_both,7.285098552703857,0.21839910745620728,short_polymer,1,C:C,0.57,
4QOK,diffdock,scored_both,4.528006553649902,0.3911721408367157,short_polymer,1,C:C,1.16,
4SGA,equibind,scored_both,6.818986415863037,0.23277512192726135,short_polymer,1,P:B,0.157,
4SGA,diffdock,scored_both,7.526265621185303,0.25259876251220703,short_polymer,1,P:B,0.266,
4QQ4,equibind,scored_both,22.32836151123047,0.008924050256609917,short_polymer,2,C:C,0.466,
4QQ4,diffdock,scored_both,6.655478000640869,0.20481927692890167,short_polymer,2,D:D,0.769,
4RSP,equibind,scored_both,6.42349910736084,0.28130999207496643,short_polymer,1,B:B,0.31,
4RSP,diffdock,scored_both,6.0704498291015625,0.36545389890670776,short_polymer,1,B:B,0.545,
4TMP,equibind,scored_both,17.418460845947266,0.0077209798619151115,short_polymer,2,D:D,0.293,
4TMP,diffdock,scored_both,10.464749336242676,0.22052913904190063,short_polymer,2,D:D,0.502,
4U6X,equibind,partial_or_no_metrics,,,short_polymer,1,,0.143,OST returned one or no metrics
4U90,equibind,scored_both,28.374923706054688,0.0,short_polymer,2,D:B,0.426,
4U90,diffdock,scored_both,11.484281539916992,0.06423034518957138,short_polymer,2,D:B,0.82,
4UA8,equibind,scored_both,4.482647895812988,0.39088982343673706,branched_glycan,1,B:B,0.252,
4UA8,diffdock,scored_both,1.3479623794555664,0.7838740348815918,branched_glycan,1,B:B,0.456,
4TRW,equibind,scored_both,11.941035270690918,0.04035027325153351,short_polymer,3,F:F,0.952,
4TRW,diffdock,scored_both,5.194124221801758,0.3895833194255829,short_polymer,3,D:D,1.688,
4U91,equibind,scored_both,18.48074722290039,0.0037097358144819736,short_polymer,2,B:B,0.799,
4U91,diffdock,scored_both,13.396799087524414,0.053135886788368225,short_polymer,2,B:B,1.505,
4TRZ,equibind,scored_both,15.617925643920898,0.014362960122525692,short_polymer,3,D:D,1.012,
4TRZ,diffdock,scored_both,6.29286527633667,0.35456326603889465,short_polymer,3,D:D,1.836,
4UAC,equibind,scored_both,3.6969194412231445,0.44065967202186584,branched_glycan,1,B:B,0.271,
4UAC,diffdock,scored_both,1.474561095237732,0.7588709592819214,branched_glycan,1,B:B,0.489,
4UU5,equibind,scored_both,25.05672836303711,0.044541534036397934,short_polymer,1,B:B,0.35,
4UU5,diffdock,scored_both,22.59514617919922,0.004341864492744207,short_polymer,1,B:B,0.642,
4TWT,equibind,scored_both,8.540398597717285,0.04662522301077843,short_polymer,2,E:C,1.242,
4TWT,diffdock,scored_both,9.048452377319336,0.04859301820397377,short_polymer,2,E:C,2.494,
4V27,equibind,scored_both,2.1283528804779053,0.6573624610900879,nonpolymer_pair,1,A:MAN:500+A:IFM:501,0.198,
4V27,diffdock,scored_both,0.8719561696052551,0.9025349617004395,nonpolymer_pair,1,A:MAN:500+A:IFM:501,0.37,
4V11,equibind,scored_both,19.556476593017578,0.009605332277715206,short_polymer,1,B:B,1.401,
4V11,diffdock,scored_both,16.562410354614258,0.09664694219827652,short_polymer,1,B:B,2.578,
4UM9,equibind,scored_both,19.711986541748047,0.0,short_polymer,1,F:F,1.763,
4UM9,diffdock,scored_both,10.946955680847168,0.06749580800533295,short_polymer,1,F:F,3.493,
4UMN,equibind,scored_both,4.758484363555908,0.38900747895240784,short_polymer,2,C:C,1.757,
4UMN,diffdock,scored_both,13.504743576049805,0.0492742545902729,short_polymer,2,D:D,3.447,
4WVU,equibind,scored_both,9.28925609588623,0.24191328883171082,short_polymer,1,B:B,0.194,
4WVU,diffdock,scored_both,11.349625587463379,0.26171427965164185,short_polymer,1,B:B,0.305,
4WJ5,equibind,scored_both,32.519676208496094,0.0,short_polymer,2,C:C,0.721,
4WJ5,diffdock,scored_both,4.5707831382751465,0.4797632098197937,short_polymer,2,F:F,1.282,
4W4Z,equibind,scored_both,11.529680252075195,0.00019546521070878953,short_polymer,4,F:F,1.729,
4W4Z,diffdock,scored_both,10.859238624572754,0.025516055524349213,short_polymer,4,F:F,3.298,
4WK2,equibind,scored_both,9.13906192779541,0.13033486902713776,short_polymer,1,C:C,0.558,
4WK2,diffdock,scored_both,7.844639301300049,0.165543794631958,short_polymer,1,C:C,0.99,
4XHV,equibind,scored_both,16.66360092163086,0.003541768528521061,short_polymer,1,B:B,0.597,
4XHV,diffdock,scored_both,7.9415178298950195,0.13769634068012238,short_polymer,1,B:B,1.151,
4W50,equibind,scored_both,20.275121688842773,0.0023158120457082987,short_polymer,4,F:F,2.689,
4W50,diffdock,scored_both,14.975171089172363,0.057512734085321426,short_polymer,4,H:H,4.695,
4XTP,equibind,scored_both,2.9218761920928955,0.6310452222824097,nonpolymer_pair,1,A:SER:311+A:A2G:312,0.136,
4XTP,diffdock,scored_both,2.3434841632843018,0.8794549107551575,nonpolymer_pair,1,A:SER:311+A:A2G:312,0.246,
4X0Z,equibind,scored_both,11.838798522949219,0.006097560748457909,branched_glycan,1,H:H,1.703,
4X0Z,diffdock,scored_both,7.759512424468994,0.3861355185508728,branched_glycan,1,H:H,2.64,
4XXH,equibind,scored_both,13.988429069519043,0.05423794686794281,branched_glycan,2,D:D,0.367,
4XXH,diffdock,scored_both,2.341747999191284,0.6488611698150635,branched_glycan,2,D:D,0.679,
4YEC,equibind,scored_both,5.939172744750977,0.26460427045822144,short_polymer,1,C:C,0.242,
4YEC,diffdock,scored_both,6.541810035705566,0.42904040217399597,short_polymer,1,C:C,0.439,
4XQU,equibind,scored_both,22.12801170349121,0.000415454909671098,branched_glycan,2,I:I,0.89,
4XQU,diffdock,scored_both,3.797963857650757,0.6412150859832764,branched_glycan,2,G:G,1.685,
4X13,equibind,scored_both,8.319159507751465,0.010826210491359234,branched_glycan,2,F:F,2.12,
4X13,diffdock,scored_both,6.292484760284424,0.5933493375778198,branched_glycan,2,G:G,3.084,
4Y7R,equibind,scored_both,36.55222702026367,0.0,short_polymer,1,B:B,0.497,
4Y7R,diffdock,scored_both,37.037288665771484,0.0,short_polymer,1,B:B,0.972,
4X14,equibind,scored_both,12.057579040527344,0.007988166064023972,branched_glycan,2,H:H,2.392,
4X14,diffdock,scored_both,3.359591007232666,0.6039854884147644,branched_glycan,2,G:G,3.515,
4YM2,equibind,scored_both,11.041474342346191,0.08676975965499878,branched_glycan,2,F:F,0.458,
4YM2,diffdock,scored_both,4.787805080413818,0.34074732661247253,branched_glycan,2,F:F,0.839,
4YW2,equibind,scored_both,26.6534366607666,0.0,branched_glycan,2,D:D,0.786,
4YW2,diffdock,scored_both,34.361473083496094,0.0,branched_glycan,2,C:C,1.473,
4YZ5,equibind,scored_both,58.8003044128418,0.0,branched_glycan,2,C:C,0.775,
4YZ5,diffdock,scored_both,35.20585250854492,0.0,branched_glycan,2,C:C,1.589,
4Z7I,equibind,scored_both,26.429439544677734,0.0,short_polymer,1,C:C,1.616,
4Z7I,diffdock,scored_both,7.734678268432617,0.24874308705329895,short_polymer,1,C:C,3.221,
4YEF,equibind,scored_both,10.912181854248047,0.01545002032071352,branched_glycan,7,J:J,4.145,
4YEF,diffdock,scored_both,8.567665100097656,0.275490939617157,branched_glycan,7,I:I,5.572,
4Z7N,equibind,scored_both,9.513967514038086,0.08537653088569641,short_polymer,2,J:J,1.861,
4Z7N,diffdock,scored_both,8.791610717773438,0.0917682945728302,short_polymer,2,J:J,3.479,
4YV9,equibind,scored_both,16.42099380493164,0.0003523111518006772,short_polymer,4,F:F,3.298,
4YV9,diffdock,scored_both,6.576763153076172,0.1436525583267212,short_polymer,4,E:E,6.315,
4Z8A,equibind,scored_both,21.98041534423828,0.022686433047056198,short_polymer,1,B:B,0.293,
4Z8A,diffdock,scored_both,11.11052131652832,0.04179389402270317,short_polymer,1,B:B,0.546,
4ZS9,equibind,scored_both,20.239126205444336,0.0,branched_glycan,2,D:D,0.573,
4ZS9,diffdock,scored_both,2.3030917644500732,0.7850738167762756,branched_glycan,2,C:C,0.983,
4Z7O,equibind,scored_both,11.055644989013672,0.004772393498569727,short_polymer,2,I:J,1.882,
4Z7O,diffdock,scored_both,52.72753143310547,0.0,short_polymer,2,G:I,3.446,
5A3H,equibind,scored_both,3.1411540508270264,0.5204811692237854,branched_glycan,1,B:B,0.167,
5A3H,diffdock,scored_both,1.356218934059143,0.7892749309539795,branched_glycan,1,B:B,0.312,
4Z7Q,equibind,scored_both,10.981682777404785,0.010393872857093811,short_polymer,2,I:J,1.934,
4Z7Q,diffdock,scored_both,53.34157943725586,0.0,short_polymer,2,I:J,3.461,
4ZRO,equibind,scored_both,14.816411972045898,0.06381206214427948,short_polymer,4,G:G,1.498,
4ZRO,diffdock,scored_both,7.744320392608643,0.38152173161506653,short_polymer,4,E:E,2.794,
5A0E,equibind,scored_both,18.2099609375,0.04109323397278786,short_polymer,2,C:C,1.422,
5A0E,diffdock,scored_both,4.7040205001831055,0.4830946624279022,short_polymer,2,C:C,2.636,
5AGU,equibind,scored_both,29.674236297607422,0.0,short_polymer,2,D:D,0.682,
5AGU,diffdock,scored_both,13.218119621276855,0.16703124344348907,short_polymer,2,D:D,1.407,
5AJC,equibind,scored_both,6.944686412811279,0.1740802675485611,branched_glycan,1,F:F,0.208,
5AJC,diffdock,scored_both,5.75492000579834,0.262596070766449,branched_glycan,1,F:F,0.373,
5AJO,equibind,scored_both,18.724201202392578,0.0789174884557724,short_polymer,1,B:B,0.421,
5AJO,diffdock,scored_both,16.392641067504883,0.04702157527208328,short_polymer,1,B:B,0.755,
5AJP,equibind,scored_both,17.1812801361084,0.10230524837970734,short_polymer,1,B:B,0.409,
5AJP,diffdock,scored_both,17.921981811523438,0.03355039656162262,short_polymer,1,B:B,0.739,
5AGV,equibind,scored_both,21.749174118041992,0.0,short_polymer,2,C:C,1.537,
5AGV,diffdock,scored_both,14.825037002563477,0.07816006243228912,short_polymer,2,C:C,2.53,
5AZF,equibind,scored_both,16.137231826782227,0.01615035906434059,short_polymer,2,C:C,0.35,
5AZF,diffdock,scored_both,24.157093048095703,0.0014662756584584713,short_polymer,2,C:C,0.674,
5AZG,equibind,scored_both,11.266972541809082,0.1177360787987709,short_polymer,1,C:C,0.423,
5AZG,diffdock,scored_both,11.006950378417969,0.04239877685904503,short_polymer,1,C:C,0.781,
5B2D,equibind,scored_both,19.148019790649414,0.006692751310765743,branched_glycan,2,C:C,0.564,
5B2D,diffdock,scored_both,2.052306652069092,0.7270804047584534,branched_glycan,2,C:C,1.1,
5BRZ,equibind,scored_both,13.13884449005127,0.03658318519592285,short_polymer,1,C:C,0.781,
5BRZ,diffdock,scored_both,5.373795986175537,0.31660839915275574,short_polymer,1,C:C,1.686,
5BS0,equibind,scored_both,16.532384872436523,0.02640203945338726,short_polymer,1,C:C,0.67,
5BS0,diffdock,scored_both,3.872560739517212,0.4256272315979004,short_polymer,1,C:C,1.327,
5B56,equibind,scored_both,10.823517799377441,0.07337476313114166,short_polymer,3,F:F,1.169,
5B56,diffdock,scored_both,11.799468994140625,0.08280922472476959,short_polymer,3,F:F,2.215,
5C0M,equibind,scored_both,22.11600112915039,0.0,short_polymer,1,D:D,0.271,
5C0M,diffdock,scored_both,4.317886829376221,0.4318181872367859,short_polymer,1,D:D,0.47,
5CS2,equibind,scored_both,14.653120040893555,0.04018136486411095,short_polymer,1,B:B,0.256,
5CS2,diffdock,scored_both,11.41872787475586,0.19373072683811188,short_polymer,1,B:B,0.472,
5DXB,equibind,scored_both,25.92816734313965,0.0,short_polymer,1,D:C,0.526,
5DXB,diffdock,scored_both,11.775758743286133,0.08980263024568558,short_polymer,1,D:C,0.866,
5DX3,equibind,scored_both,20.865276336669922,0.005139755085110664,short_polymer,2,C:C,0.782,
5DX3,diffdock,scored_both,32.193260192871094,0.0,short_polymer,2,C:C,1.265,
5DD0,equibind,scored_both,9.603020668029785,0.07653465121984482,short_polymer,1,P:C,0.834,
5DD0,diffdock,scored_both,37.985408782958984,0.0,short_polymer,1,P:C,1.567,
5E0L,equibind,scored_both,11.678292274475098,0.11938775330781937,short_polymer,1,C:B,0.196,
5E0L,diffdock,scored_both,10.98908805847168,0.21468400955200195,short_polymer,1,C:B,0.352,
5E1B,equibind,scored_both,9.85168743133545,0.08029801398515701,short_polymer,1,D:C,0.32,
5E1B,diffdock,scored_both,9.954998016357422,0.08083067089319229,short_polymer,1,D:C,0.624,
5E1D,equibind,scored_both,10.281911849975586,0.11338797956705093,short_polymer,1,D:C,0.362,
5E1D,diffdock,scored_both,12.49660587310791,0.08569364249706268,short_polymer,1,D:C,0.667,
5AH2,equibind,scored_both,14.063910484313965,0.0,short_polymer,4,H:H,4.79,
5AH2,diffdock,scored_both,8.648052215576172,0.10725459456443787,short_polymer,4,E:E,7.281,
5E1M,equibind,scored_both,8.47818660736084,0.17792688310146332,short_polymer,2,E:D,0.536,
5E1M,diffdock,scored_both,7.718242645263672,0.16867689788341522,short_polymer,2,E:D,0.966,
5E8F,equibind,scored_both,22.804677963256836,0.001812788425013423,short_polymer,2,E:D,0.252,
5E8F,diffdock,scored_both,11.369590759277344,0.1164693608880043,short_polymer,2,E:D,0.464,
5E3A,equibind,scored_both,4.946628570556641,0.3731568455696106,short_polymer,1,B:B,0.481,
5E3A,diffdock,scored_both,6.296274185180664,0.2497018426656723,short_polymer,1,B:B,0.909,
5EFJ,equibind,scored_both,5.2388434410095215,0.30279186367988586,short_polymer,1,F:B,0.209,
5EFJ,diffdock,scored_both,2.2271902561187744,0.7652722597122192,short_polymer,1,F:B,0.385,
5EEQ,equibind,scored_both,19.3251953125,0.002926829271018505,short_polymer,2,M:D,1.031,
5EEQ,diffdock,scored_both,11.821270942687988,0.2296748012304306,short_polymer,2,M:D,1.715,
5ELD,equibind,scored_both,13.969352722167969,0.0015952597605064511,branched_glycan,4,I:I,0.933,
5ELD,diffdock,scored_both,20.60807228088379,0.0,branched_glycan,4,I:I,1.622,
5ELQ,equibind,scored_both,19.29170799255371,0.010546108707785606,short_polymer,2,P:B,0.516,
5ELQ,diffdock,scored_both,11.84168529510498,0.0793333351612091,short_polymer,2,C:D,0.833,
5E6O,equibind,scored_both,4.11586856842041,0.04150579124689102,short_polymer,4,F:F,2.235,
5E6O,diffdock,scored_both,8.655360221862793,0.22720728814601898,short_polymer,4,F:F,3.487,
5EM9,equibind,scored_both,8.963561058044434,0.1807958483695984,short_polymer,1,B:B,0.365,
5EM9,diffdock,scored_both,12.252559661865234,0.08434882014989853,short_polymer,1,B:B,0.691,
5EMA,equibind,scored_both,8.52424430847168,0.1702941209077835,short_polymer,1,B:B,0.568,
5EMA,diffdock,scored_both,12.683184623718262,0.043386492878198624,short_polymer,1,B:B,1.093,
5EMB,equibind,scored_both,14.134293556213379,0.08073592931032181,short_polymer,1,B:B,0.403,
5EMB,diffdock,scored_both,7.6626386642456055,0.12214136868715286,short_polymer,1,B:B,0.817,
5ELE,equibind,scored_both,26.076461791992188,0.0,branched_glycan,3,M:M,3.197,
5ELE,diffdock,scored_both,8.89958381652832,0.11091072857379913,branched_glycan,3,K:K,4.2,
5EPK,equibind,scored_both,13.341816902160645,0.09480573982000351,short_polymer,1,B:B,0.435,
5EPK,diffdock,scored_both,3.1251537799835205,0.5861496925354004,short_polymer,1,B:B,0.85,
5EQ0,equibind,scored_both,9.844793319702148,0.13361325860023499,short_polymer,1,B:B,0.478,
5EQ0,diffdock,scored_both,12.447962760925293,0.10846724361181259,short_polymer,1,B:B,0.893,
5EPL,equibind,scored_both,11.18394660949707,0.11926708370447159,short_polymer,2,C:C,1.496,
5EPL,diffdock,scored_both,7.732436656951904,0.3564198315143585,short_polymer,2,C:C,2.909,
5ELF,equibind,scored_both,24.900714874267578,0.0,branched_glycan,7,N:N,6.039,
5ELF,diffdock,scored_both,2.8454465866088867,0.6755697727203369,branched_glycan,7,N:N,7.469,
5EUK,equibind,scored_both,18.256572723388672,0.0025698216632008553,short_polymer,2,E:E,1.713,
5EUK,diffdock,scored_both,11.888937950134277,0.02283821441233158,short_polymer,2,E:E,3.501,
5EZ0,equibind,scored_both,12.110879898071289,0.018553460016846657,short_polymer,2,E:E,1.064,
5EZ0,diffdock,scored_both,8.479841232299805,0.06930693238973618,short_polymer,2,F:F,1.423,
5F67,equibind,scored_both,19.9851131439209,0.016552399843931198,short_polymer,2,D:D,0.757,
5F67,diffdock,scored_both,19.615385055541992,0.017391303554177284,short_polymer,2,C:B,1.376,
5ETU,equibind,scored_both,17.250892639160156,9.607993706595153e-05,short_polymer,2,E:E,2.834,
5ETU,diffdock,scored_both,14.973365783691406,0.0066964286379516125,short_polymer,2,E:E,5.698,
5FOT,equibind,scored_both,6.514043807983398,0.28419119119644165,short_polymer,1,C:B,0.176,
5FOT,diffdock,scored_both,9.594212532043457,0.13648124039173126,short_polymer,1,C:B,0.298,
5FOU,equibind,scored_both,6.019290924072266,0.32821229100227356,short_polymer,1,C:B,0.163,
5FOU,diffdock,scored_both,9.712027549743652,0.11464088410139084,short_polymer,1,C:B,0.29,
5FJX,equibind,scored_both,23.532609939575195,0.0,short_polymer,1,E:E,0.546,
5FJX,diffdock,scored_both,8.930828094482422,0.1335732489824295,short_polymer,1,E:E,1.033,
5FOV,equibind,scored_both,16.083436965942383,0.018421052023768425,short_polymer,2,F:D,0.333,
5FOV,diffdock,scored_both,9.750337600708008,0.11082474142313004,short_polymer,2,F:D,0.584,
5FOX,equibind,scored_both,5.428709030151367,0.37883007526397705,short_polymer,1,C:B,0.169,
5FOX,diffdock,scored_both,7.701608180999756,0.18210749328136444,short_polymer,1,C:B,0.29,
5FPK,equibind,scored_both,5.973853588104248,0.36639440059661865,short_polymer,1,C:B,0.167,
5FPK,diffdock,scored_both,9.293378829956055,0.1164340078830719,short_polymer,1,C:B,0.285,
5EYZ,equibind,scored_both,14.929348945617676,0.04197588190436363,short_polymer,4,F:F,4.501,
5EYZ,diffdock,scored_both,7.303693771362305,0.18525180220603943,short_polymer,4,E:E,8.802,
5FJW,equibind,scored_both,15.954887390136719,0.0006063056061975658,short_polymer,8,M:J,5.277,
5FJW,diffdock,scored_both,24.315217971801758,0.002218934940174222,short_polymer,8,L:I,9.773,
3M3R,equibind,failed_runtime_timeout,,,branched_glycan,2,,121.304,TimeoutError: OST scoring exceeded per-stage runtime limit
3M3R,diffdock,failed_runtime_timeout,,,branched_glycan,2,,242.35,TimeoutError: OST scoring exceeded per-stage runtime limit
4YEE,equibind,excluded_runtime_guard,,,,,,,Predeclared hard-case exclusion after >8-minute OST stall
4YEE,diffdock,excluded_runtime_guard,,,,,,,Predeclared hard-case exclusion after >8-minute OST stall
