target_id,method,old_status,candidate_kind,candidate_label,candidate_residue_count,exact_element_candidates,graph_status,direct_rmsd_angstrom,candidate_heavy_atoms,pose_heavy_atoms
11GS,equibind,excluded_reference_or_graph_check,nonpolymer_pair,B:GSH:210+B:EAA:211,2,2,exact_full_graph,13.9045,39,39
11GS,diffdock,excluded_reference_or_graph_check,nonpolymer_pair,B:GSH:210+B:EAA:211,2,2,exact_full_graph,4.6967,39,39
1A07,equibind,excluded_reference_or_graph_check,short_polymer,C:B,4,2,exact_full_graph,6.2069,34,34
1A07,diffdock,excluded_reference_or_graph_check,short_polymer,D:D,4,2,exact_full_graph,6.7048,34,34
1A09,equibind,excluded_reference_or_graph_check,short_polymer,C:B,4,2,bond_count_mismatch,,41,41
1A30,equibind,excluded_reference_or_graph_check,short_polymer,C:C,3,1,exact_full_graph,9.8249,26,26
1A30,diffdock,excluded_reference_or_graph_check,short_polymer,C:C,3,1,exact_full_graph,11.8026,26,26
1A7C,equibind,excluded_reference_or_graph_check,short_polymer,B:B,7,2,exact_full_graph,16.5566,35,35
1A7C,diffdock,excluded_reference_or_graph_check,short_polymer,B:B,7,2,exact_full_graph,22.4873,35,35
1ABT,equibind,excluded_reference_or_graph_check,,,,0,no_exact_element_candidate,,,65
1ABT,diffdock,excluded_reference_or_graph_check,,,,0,no_exact_element_candidate,,,65
1AF6,equibind,excluded_reference_or_graph_check,branched_glycan,E:E,2,6,exact_full_graph,19.1817,23,23
1AF6,diffdock,excluded_reference_or_graph_check,branched_glycan,D:D,2,6,exact_full_graph,4.9513,23,23
1AGM,equibind,excluded_reference_or_graph_check,branched_glycan,D:D,3,2,exact_full_graph,3.1413,44,44
1AGM,diffdock,excluded_reference_or_graph_check,branched_glycan,E:E,3,2,exact_full_graph,3.2184,44,44
1ALW,equibind,excluded_reference_or_graph_check,,,,0,no_exact_element_candidate,,,12
1ALW,diffdock,excluded_reference_or_graph_check,,,,0,no_exact_element_candidate,,,12
1ANF,equibind,excluded_reference_or_graph_check,branched_glycan,B:B,2,2,exact_full_graph,4.3958,23,23
1ANF,diffdock,excluded_reference_or_graph_check,branched_glycan,B:B,2,2,exact_full_graph,1.1245,23,23
1APV,equibind,excluded_reference_or_graph_check,short_polymer,I:B,5,1,exact_full_graph,5.7224,36,36
1APV,diffdock,excluded_reference_or_graph_check,short_polymer,I:B,5,1,exact_full_graph,10.8076,36,36
1APW,equibind,excluded_reference_or_graph_check,short_polymer,I:B,5,1,exact_full_graph,5.0528,35,35
1APW,diffdock,excluded_reference_or_graph_check,short_polymer,I:B,5,1,exact_full_graph,9.3321,35,35
1AT5,equibind,excluded_reference_or_graph_check,branched_glycan,B:B,3,1,exact_full_graph,4.4039,43,43
1AT5,diffdock,excluded_reference_or_graph_check,branched_glycan,B:B,3,1,exact_full_graph,3.678,43,43
1AT6,equibind,excluded_reference_or_graph_check,branched_glycan,B:B,3,1,exact_full_graph,4.2101,43,43
1AT6,diffdock,excluded_reference_or_graph_check,branched_glycan,B:B,3,1,exact_full_graph,3.3827,43,43
1AWI,equibind,excluded_reference_or_graph_check,short_polymer,P:C,10,1,exact_full_graph,8.9968,71,71
1AWI,diffdock,excluded_reference_or_graph_check,short_polymer,P:C,10,1,exact_full_graph,11.6756,71,71
1AX1,equibind,excluded_reference_or_graph_check,branched_glycan,C:C,2,2,exact_full_graph,2.8776,23,23
1AX1,diffdock,excluded_reference_or_graph_check,branched_glycan,C:C,2,2,exact_full_graph,2.4077,23,23
1AX2,equibind,excluded_reference_or_graph_check,branched_glycan,C:C,2,2,exact_full_graph,4.32,26,26
1AX2,diffdock,excluded_reference_or_graph_check,branched_glycan,C:C,2,2,exact_full_graph,1.4833,26,26
1AZE,equibind,excluded_reference_or_graph_check,short_polymer,B:B,10,1,exact_full_graph,18.6113,83,83
1AZE,diffdock,excluded_reference_or_graph_check,short_polymer,B:B,10,1,exact_full_graph,9.1328,83,83
1B05,equibind,excluded_reference_or_graph_check,short_polymer,B:B,3,1,exact_full_graph,2.7779,25,25
1B05,diffdock,excluded_reference_or_graph_check,short_polymer,B:B,3,1,exact_full_graph,6.1159,25,25
1B0H,equibind,excluded_reference_or_graph_check,short_polymer,B:B,3,1,exact_full_graph,6.5301,34,34
1B0H,diffdock,excluded_reference_or_graph_check,short_polymer,B:B,3,1,exact_full_graph,1.7903,34,34
1B2H,equibind,excluded_reference_or_graph_check,short_polymer,B:B,3,1,exact_full_graph,3.5263,27,27
1B2H,diffdock,excluded_reference_or_graph_check,short_polymer,B:B,3,1,exact_full_graph,6.4066,27,27
1B32,equibind,excluded_reference_or_graph_check,short_polymer,B:B,3,1,exact_full_graph,5.8076,27,27
1B32,diffdock,excluded_reference_or_graph_check,short_polymer,B:B,3,1,exact_full_graph,1.7401,27,27
1B3F,equibind,excluded_reference_or_graph_check,short_polymer,B:B,3,1,exact_full_graph,4.1287,29,29
1B3F,diffdock,excluded_reference_or_graph_check,short_polymer,B:B,3,1,exact_full_graph,1.5158,29,29
1B3G,equibind,excluded_reference_or_graph_check,short_polymer,B:B,3,1,exact_full_graph,6.282,27,27
1B3G,diffdock,excluded_reference_or_graph_check,short_polymer,B:B,3,1,exact_full_graph,1.4339,27,27
1B3H,equibind,excluded_reference_or_graph_check,short_polymer,B:B,3,1,exact_full_graph,5.3871,30,30
1B3H,diffdock,excluded_reference_or_graph_check,short_polymer,B:B,3,1,exact_full_graph,1.6902,30,30
1B3L,equibind,excluded_reference_or_graph_check,short_polymer,B:B,3,2,exact_full_graph,33.6365,23,23
1B3L,diffdock,excluded_reference_or_graph_check,short_polymer,D:D,3,2,exact_full_graph,1.9868,23,23
1B40,equibind,excluded_reference_or_graph_check,,,,0,no_exact_element_candidate,,,30
1B40,diffdock,excluded_reference_or_graph_check,,,,0,no_exact_element_candidate,,,30
1B46,equibind,excluded_reference_or_graph_check,short_polymer,B:B,3,1,exact_full_graph,3.138,26,26
1B46,diffdock,excluded_reference_or_graph_check,short_polymer,B:B,3,1,exact_full_graph,2.0014,26,26
1B4H,equibind,excluded_reference_or_graph_check,short_polymer,B:B,3,1,exact_full_graph,4.3887,26,26
1B4H,diffdock,excluded_reference_or_graph_check,short_polymer,B:B,3,1,exact_full_graph,5.5145,26,26
1B4Z,equibind,excluded_reference_or_graph_check,short_polymer,B:B,3,1,exact_full_graph,3.6462,27,27
1B4Z,diffdock,excluded_reference_or_graph_check,short_polymer,B:B,3,1,exact_full_graph,4.5157,27,27
1B51,equibind,excluded_reference_or_graph_check,short_polymer,B:B,3,1,exact_full_graph,2.3982,25,25
1B51,diffdock,excluded_reference_or_graph_check,short_polymer,B:B,3,1,exact_full_graph,6.4328,25,25
1B52,equibind,excluded_reference_or_graph_check,short_polymer,B:B,3,1,exact_full_graph,2.864,26,26
1B52,diffdock,excluded_reference_or_graph_check,short_polymer,B:B,3,1,exact_full_graph,2.2627,26,26
1B58,equibind,excluded_reference_or_graph_check,short_polymer,B:B,3,1,exact_full_graph,4.8513,31,31
1B58,diffdock,excluded_reference_or_graph_check,short_polymer,B:B,3,1,exact_full_graph,3.1547,31,31
1B5H,equibind,excluded_reference_or_graph_check,short_polymer,B:B,3,1,exact_full_graph,4.5628,25,25
1B5H,diffdock,excluded_reference_or_graph_check,short_polymer,B:B,3,1,exact_full_graph,5.8179,25,25
1B5I,equibind,excluded_reference_or_graph_check,short_polymer,B:B,3,1,exact_full_graph,3.3619,27,27
1B5I,diffdock,excluded_reference_or_graph_check,short_polymer,B:B,3,1,exact_full_graph,1.4893,27,27
1B5J,equibind,excluded_reference_or_graph_check,short_polymer,B:B,3,1,exact_full_graph,4.077,28,28
1B5J,diffdock,excluded_reference_or_graph_check,short_polymer,B:B,3,1,exact_full_graph,1.403,28,28
1B6H,equibind,excluded_reference_or_graph_check,short_polymer,B:B,3,1,exact_full_graph,4.0397,26,26
1B6H,diffdock,excluded_reference_or_graph_check,short_polymer,B:B,3,1,exact_full_graph,1.0066,26,26
1B6J,equibind,excluded_reference_or_graph_check,short_polymer,C:C,6,1,exact_full_graph,5.8822,49,49
1B6J,diffdock,excluded_reference_or_graph_check,short_polymer,C:C,6,1,exact_full_graph,8.3981,49,49
1B7H,equibind,excluded_reference_or_graph_check,short_polymer,B:B,3,1,exact_full_graph,4.2801,27,27
1B7H,diffdock,excluded_reference_or_graph_check,short_polymer,B:B,3,1,exact_full_graph,1.2242,27,27
1B9J,equibind,excluded_reference_or_graph_check,short_polymer,B:B,3,1,exact_full_graph,4.2077,27,27
1B9J,diffdock,excluded_reference_or_graph_check,short_polymer,B:B,3,1,exact_full_graph,3.0854,27,27
1BBZ,equibind,excluded_reference_or_graph_check,short_polymer,H:H,11,4,exact_full_graph,17.9816,75,75
1BBZ,diffdock,excluded_reference_or_graph_check,short_polymer,B:B,11,4,exact_full_graph,13.1105,75,75
1BDL,equibind,excluded_reference_or_graph_check,,,,0,no_exact_element_candidate,,,39
1BDL,diffdock,excluded_reference_or_graph_check,,,,0,no_exact_element_candidate,,,39
1BDQ,equibind,excluded_reference_or_graph_check,,,,0,no_exact_element_candidate,,,39
1BDQ,diffdock,excluded_reference_or_graph_check,,,,0,no_exact_element_candidate,,,39
1BIM,equibind,excluded_reference_or_graph_check,,,,0,no_exact_element_candidate,,,43
1BIM,diffdock,excluded_reference_or_graph_check,,,,0,no_exact_element_candidate,,,43
1BJR,equibind,excluded_reference_or_graph_check,short_polymer,I:B,10,1,exact_full_graph,13.4014,56,56
1BJR,diffdock,excluded_reference_or_graph_check,short_polymer,I:B,10,1,exact_full_graph,10.1301,56,56
1BR8,equibind,excluded_reference_or_graph_check,short_polymer,P:C,12,1,exact_full_graph,30.1414,76,76
1BR8,diffdock,excluded_reference_or_graph_check,short_polymer,P:C,12,1,exact_full_graph,41.1038,76,76
1BT6,equibind,excluded_reference_or_graph_check,,,,0,no_exact_element_candidate,,,88
1BT6,diffdock,excluded_reference_or_graph_check,,,,0,no_exact_element_candidate,,,88
1C5F,equibind,excluded_reference_or_graph_check,short_polymer,F:F,11,8,exact_full_graph,13.4259,85,85
1C5F,diffdock,excluded_reference_or_graph_check,short_polymer,H:H,11,8,exact_full_graph,6.5702,85,85
1CKA,equibind,excluded_reference_or_graph_check,short_polymer,B:B,9,1,exact_full_graph,11.8218,65,65
1CKA,diffdock,excluded_reference_or_graph_check,short_polymer,B:B,9,1,exact_full_graph,14.4395,65,65
1CKB,equibind,excluded_reference_or_graph_check,short_polymer,B:B,8,1,exact_full_graph,6.8846,57,57
1CKB,diffdock,excluded_reference_or_graph_check,short_polymer,B:B,8,1,exact_full_graph,9.5549,57,57
1CPI,equibind,excluded_reference_or_graph_check,short_polymer,C:C,6,1,exact_full_graph,6.0517,49,49
1CPI,diffdock,excluded_reference_or_graph_check,short_polymer,C:C,6,1,exact_full_graph,9.5793,49,49
1CWB,equibind,excluded_reference_or_graph_check,short_polymer,C:B,11,1,exact_full_graph,3.6749,86,86
1CWB,diffdock,excluded_reference_or_graph_check,short_polymer,C:B,11,1,exact_full_graph,5.4796,86,86
1CWC,equibind,excluded_reference_or_graph_check,short_polymer,C:B,11,1,exact_full_graph,4.2475,86,86
1CWC,diffdock,excluded_reference_or_graph_check,short_polymer,C:B,11,1,exact_full_graph,3.5938,86,86
1CYN,equibind,excluded_reference_or_graph_check,short_polymer,C:B,11,1,exact_full_graph,4.5604,85,85
1CYN,diffdock,excluded_reference_or_graph_check,short_polymer,C:B,11,1,exact_full_graph,4.5369,85,85
1D4T,equibind,excluded_reference_or_graph_check,short_polymer,B:B,11,1,exact_full_graph,14.1875,90,90
1D4T,diffdock,excluded_reference_or_graph_check,short_polymer,B:B,11,1,exact_full_graph,11.9441,90,90
1D6S,equibind,excluded_reference_or_graph_check,nonpolymer_pair,A:MET:401+A:PLP:501,2,2,exact_full_graph,17.4037,24,24
1D6S,diffdock,excluded_reference_or_graph_check,nonpolymer_pair,B:PLP:502+B:MET:402,2,2,exact_full_graph,1.5357,24,24
1D8E,equibind,excluded_reference_or_graph_check,short_polymer,P:C,6,1,exact_full_graph,9.4345,46,46
1D8E,diffdock,excluded_reference_or_graph_check,short_polymer,P:C,6,1,exact_full_graph,8.2943,46,46
1DDM,equibind,excluded_reference_or_graph_check,short_polymer,B:B,11,1,exact_full_graph,12.9019,90,90
1DDM,diffdock,excluded_reference_or_graph_check,short_polymer,B:B,11,1,exact_full_graph,18.1912,90,90
1DMB,equibind,excluded_reference_or_graph_check,branched_glycan,B:B,7,1,exact_full_graph,7.5803,77,77
1DMB,diffdock,excluded_reference_or_graph_check,branched_glycan,B:B,7,1,exact_full_graph,8.021,77,77
1DXP,equibind,excluded_reference_or_graph_check,,,,0,no_exact_element_candidate,,,85
1DXP,diffdock,excluded_reference_or_graph_check,,,,0,no_exact_element_candidate,,,85
1DZJ,equibind,excluded_reference_or_graph_check,,,,0,no_exact_element_candidate,,,13
1DZJ,diffdock,excluded_reference_or_graph_check,,,,0,no_exact_element_candidate,,,13
1E5J,equibind,excluded_reference_or_graph_check,branched_glycan,B:B,4,1,exact_full_graph,5.277,46,46
1E5J,diffdock,excluded_reference_or_graph_check,branched_glycan,B:B,4,1,exact_full_graph,1.2908,46,46
1EB1,equibind,excluded_reference_or_graph_check,short_polymer,A:A,10,1,exact_full_graph,30.7092,86,86
1EB1,diffdock,excluded_reference_or_graph_check,short_polymer,A:A,10,1,exact_full_graph,39.4822,86,86
1EKB,equibind,excluded_reference_or_graph_check,,,,0,no_exact_element_candidate,,,33
1EKB,diffdock,excluded_reference_or_graph_check,,,,0,no_exact_element_candidate,,,33
1ELR,equibind,excluded_reference_or_graph_check,short_polymer,B:B,6,1,exact_full_graph,9.6574,45,45
1ELR,diffdock,excluded_reference_or_graph_check,short_polymer,B:B,6,1,exact_full_graph,8.9359,45,45
1EOJ,equibind,excluded_reference_or_graph_check,,,,0,no_exact_element_candidate,,,118
1EOJ,diffdock,excluded_reference_or_graph_check,,,,0,no_exact_element_candidate,,,118
1EOL,equibind,excluded_reference_or_graph_check,,,,0,no_exact_element_candidate,,,121
1EOL,diffdock,excluded_reference_or_graph_check,,,,0,no_exact_element_candidate,,,121
1EPQ,equibind,excluded_reference_or_graph_check,,,,0,no_exact_element_candidate,,,39
1EPQ,diffdock,excluded_reference_or_graph_check,,,,0,no_exact_element_candidate,,,39
1EVH,equibind,excluded_reference_or_graph_check,,,,0,no_exact_element_candidate,,,43
1EVH,diffdock,excluded_reference_or_graph_check,,,,0,no_exact_element_candidate,,,43
1EXW,equibind,excluded_reference_or_graph_check,,,,0,no_exact_element_candidate,,,20
1EXW,diffdock,excluded_reference_or_graph_check,,,,0,no_exact_element_candidate,,,20
1EZ9,equibind,excluded_reference_or_graph_check,branched_glycan,C:C,4,2,exact_full_graph,20.0173,45,45
1EZ9,diffdock,excluded_reference_or_graph_check,branched_glycan,C:C,4,2,exact_full_graph,2.3022,45,45
1F1J,equibind,excluded_reference_or_graph_check,short_polymer,D:D,5,2,exact_full_graph,11.7034,35,35
1F1J,diffdock,excluded_reference_or_graph_check,short_polymer,D:D,5,2,exact_full_graph,7.6348,35,35
1F3J,equibind,excluded_reference_or_graph_check,short_polymer,Q:F,14,2,exact_full_graph,37.0904,117,117
1F3J,diffdock,excluded_reference_or_graph_check,short_polymer,Q:F,14,2,exact_full_graph,24.1392,117,117
1F47,equibind,excluded_reference_or_graph_check,short_polymer,A:B,17,1,exact_full_graph,13.7682,135,135
1F47,diffdock,excluded_reference_or_graph_check,short_polymer,A:B,17,1,exact_full_graph,20.4061,135,135
1F8A,equibind,excluded_reference_or_graph_check,short_polymer,C:B,7,1,bond_count_mismatch,,60,60
1F8A,diffdock,excluded_reference_or_graph_check,short_polymer,C:B,7,1,bond_count_mismatch,,60,60
1F90,equibind,excluded_reference_or_graph_check,short_polymer,E:C,9,1,exact_full_graph,11.5374,74,74
1F90,diffdock,excluded_reference_or_graph_check,short_polymer,E:C,9,1,exact_full_graph,26.9683,74,74
1F9E,equibind,excluded_reference_or_graph_check,short_polymer,S:I,5,6,exact_full_graph,26.0546,42,42
1F9E,diffdock,excluded_reference_or_graph_check,short_polymer,U:O,5,6,exact_full_graph,25.2253,42,42
1FF1,equibind,excluded_reference_or_graph_check,short_polymer,B:B,6,1,exact_full_graph,11.6348,48,48
1FF1,diffdock,excluded_reference_or_graph_check,short_polymer,B:B,6,1,exact_full_graph,23.8129,48,48
1FH7,equibind,excluded_reference_or_graph_check,nonpolymer_pair,A:XYP:601+A:XDN:602,2,1,exact_full_graph,3.2605,18,18
1FH7,diffdock,excluded_reference_or_graph_check,nonpolymer_pair,A:XYP:601+A:XDN:602,2,1,exact_full_graph,1.8699,18,18
1FH8,equibind,excluded_reference_or_graph_check,nonpolymer_pair,A:XYP:601+A:XIF:602,2,1,exact_full_graph,1.0892,17,17
1FH8,diffdock,excluded_reference_or_graph_check,nonpolymer_pair,A:XYP:601+A:XIF:602,2,1,exact_full_graph,1.0167,17,17
1FH9,equibind,excluded_reference_or_graph_check,branched_glycan,B:B,2,2,exact_full_graph,3.1675,20,20
1FH9,diffdock,excluded_reference_or_graph_check,branched_glycan,B:B,2,2,exact_full_graph,0.4206,20,20
1FHD,equibind,excluded_reference_or_graph_check,nonpolymer_pair,A:XYP:601+A:XIM:602,2,1,exact_full_graph,2.2871,21,21
1FHD,diffdock,excluded_reference_or_graph_check,nonpolymer_pair,A:XYP:601+A:XIM:602,2,1,exact_full_graph,1.113,21,21
1FIV,equibind,excluded_reference_or_graph_check,short_polymer,B:B,7,1,exact_full_graph,20.3882,61,61
1FIV,diffdock,excluded_reference_or_graph_check,short_polymer,B:B,7,1,exact_full_graph,15.0376,61,61
1FKN,equibind,excluded_reference_or_graph_check,short_polymer,C:C,7,2,exact_full_graph,28.4094,63,63
1FKN,diffdock,excluded_reference_or_graph_check,short_polymer,C:C,7,2,exact_full_graph,12.2982,63,63
1FO0,equibind,excluded_reference_or_graph_check,short_polymer,P:C,8,1,exact_full_graph,6.3368,70,70
1FO0,diffdock,excluded_reference_or_graph_check,short_polymer,P:C,8,1,exact_full_graph,30.9824,70,70
1FWV,equibind,excluded_reference_or_graph_check,branched_glycan,B:B,3,1,exact_full_graph,5.2984,40,40
1FWV,diffdock,excluded_reference_or_graph_check,branched_glycan,B:B,3,1,exact_full_graph,2.7894,40,40
1FYR,equibind,excluded_reference_or_graph_check,short_polymer,I:E,5,4,exact_full_graph,7.1639,42,42
1FYR,diffdock,excluded_reference_or_graph_check,short_polymer,I:E,5,4,exact_full_graph,7.4095,42,42
1FZK,equibind,excluded_reference_or_graph_check,short_polymer,P:C,9,1,exact_full_graph,5.1643,68,68
1FZK,diffdock,excluded_reference_or_graph_check,short_polymer,P:C,9,1,exact_full_graph,5.5425,68,68
1FZO,equibind,excluded_reference_or_graph_check,short_polymer,P:C,9,1,exact_full_graph,5.9232,68,68
1FZO,diffdock,excluded_reference_or_graph_check,short_polymer,P:C,9,1,exact_full_graph,7.1294,68,68
1G3F,equibind,excluded_reference_or_graph_check,short_polymer,B:B,9,1,exact_full_graph,18.0354,66,66
1G3F,diffdock,excluded_reference_or_graph_check,short_polymer,B:B,9,1,exact_full_graph,7.5932,66,66
1G6G,equibind,excluded_reference_or_graph_check,,,,0,no_exact_element_candidate,,,64
1G6G,diffdock,excluded_reference_or_graph_check,,,,0,no_exact_element_candidate,,,64
1G7P,equibind,excluded_reference_or_graph_check,short_polymer,P:C,9,1,exact_full_graph,6.9112,75,75
1G7P,diffdock,excluded_reference_or_graph_check,short_polymer,P:C,9,1,exact_full_graph,5.9871,75,75
1G7Q,equibind,excluded_reference_or_graph_check,short_polymer,P:C,8,1,exact_full_graph,7.8686,57,57
1G7Q,diffdock,excluded_reference_or_graph_check,short_polymer,P:C,8,1,exact_full_graph,4.5777,57,57
1GA8,equibind,excluded_reference_or_graph_check,branched_glycan,B:B,2,2,exact_full_graph,4.3848,22,22
1GA8,diffdock,excluded_reference_or_graph_check,branched_glycan,B:B,2,2,exact_full_graph,3.6913,22,22
1GAG,equibind,excluded_reference_or_graph_check,short_polymer,B:B,13,1,exact_full_graph,21.1496,90,90
1GAG,diffdock,excluded_reference_or_graph_check,short_polymer,B:B,13,1,exact_full_graph,20.279,90,90
1GAH,equibind,excluded_reference_or_graph_check,branched_glycan,D:D,3,1,exact_full_graph,3.7945,44,44
1GAH,diffdock,excluded_reference_or_graph_check,branched_glycan,D:D,3,1,exact_full_graph,3.085,44,44
1GAI,equibind,excluded_reference_or_graph_check,branched_glycan,D:D,3,1,exact_full_graph,3.6689,44,44
1GAI,diffdock,excluded_reference_or_graph_check,branched_glycan,D:D,3,1,exact_full_graph,3.1344,44,44
1GMY,equibind,excluded_reference_or_graph_check,,,,0,no_exact_element_candidate,,,31
1GMY,diffdock,excluded_reference_or_graph_check,,,,0,no_exact_element_candidate,,,31
1GNY,equibind,excluded_reference_or_graph_check,branched_glycan,B:B,5,1,exact_full_graph,3.867,46,46
1GNY,diffdock,excluded_reference_or_graph_check,branched_glycan,B:B,5,1,exact_full_graph,1.6844,46,46
1GU3,equibind,excluded_reference_or_graph_check,branched_glycan,B:B,5,1,exact_full_graph,3.4535,56,56
1GU3,diffdock,excluded_reference_or_graph_check,branched_glycan,B:B,5,1,exact_full_graph,3.1938,56,56
1GUI,equibind,excluded_reference_or_graph_check,branched_glycan,B:B,6,1,exact_full_graph,9.4763,67,67
1GUI,diffdock,excluded_reference_or_graph_check,branched_glycan,B:B,6,1,exact_full_graph,3.411,67,67
1GUW,equibind,excluded_reference_or_graph_check,short_polymer,B:B,18,1,exact_full_graph,16.2986,128,128
1GUW,diffdock,excluded_reference_or_graph_check,short_polymer,B:B,18,1,exact_full_graph,22.7735,128,128
1GUX,equibind,excluded_reference_or_graph_check,short_polymer,E:C,9,1,exact_full_graph,44.4168,81,81
1GUX,diffdock,excluded_reference_or_graph_check,short_polymer,E:C,9,1,exact_full_graph,29.8685,81,81
1GVK,equibind,excluded_reference_or_graph_check,short_polymer,A:A,4,1,exact_full_graph,8.0903,26,26
1GVK,diffdock,excluded_reference_or_graph_check,short_polymer,A:A,4,1,exact_full_graph,7.4601,26,26
1GWM,equibind,excluded_reference_or_graph_check,branched_glycan,B:B,6,1,exact_full_graph,4.0152,67,67
1GWM,diffdock,excluded_reference_or_graph_check,branched_glycan,B:B,6,1,exact_full_graph,3.1827,67,67
1GWQ,equibind,excluded_reference_or_graph_check,short_polymer,C:C,9,1,exact_full_graph,31.4597,73,73
1GWQ,diffdock,excluded_reference_or_graph_check,short_polymer,C:C,9,1,exact_full_graph,49.2815,73,73
1GWR,equibind,excluded_reference_or_graph_check,short_polymer,C:C,9,1,exact_full_graph,35.4217,70,70
1GWR,diffdock,excluded_reference_or_graph_check,short_polymer,C:C,9,1,exact_full_graph,29.0503,70,70
1GWV,equibind,excluded_reference_or_graph_check,branched_glycan,D:D,2,4,exact_full_graph,32.4037,23,23
1GWV,diffdock,excluded_reference_or_graph_check,branched_glycan,D:D,2,4,exact_full_graph,2.6586,23,23
1GZ9,equibind,excluded_reference_or_graph_check,branched_glycan,B:B,3,1,exact_full_graph,4.8471,33,33
1GZ9,diffdock,excluded_reference_or_graph_check,branched_glycan,B:B,3,1,exact_full_graph,2.136,33,33
1GZC,equibind,excluded_reference_or_graph_check,branched_glycan,B:B,2,2,exact_full_graph,4.4637,23,23
1GZC,diffdock,excluded_reference_or_graph_check,branched_glycan,B:B,2,2,exact_full_graph,1.281,23,23
1H24,equibind,excluded_reference_or_graph_check,short_polymer,E:E,9,1,exact_full_graph,56.2289,78,78
1H24,diffdock,excluded_reference_or_graph_check,short_polymer,E:E,9,1,exact_full_graph,68.3957,78,78
1H27,equibind,excluded_reference_or_graph_check,short_polymer,E:E,6,1,exact_full_graph,40.0107,50,50
1H27,diffdock,excluded_reference_or_graph_check,short_polymer,E:E,6,1,exact_full_graph,65.8781,50,50
1H2T,equibind,excluded_reference_or_graph_check,nonpolymer_pair,Z:GDP:1151+Z:7MG:1152,2,1,exact_full_graph,30.7435,52,52
1H2T,diffdock,excluded_reference_or_graph_check,nonpolymer_pair,Z:GDP:1151+Z:7MG:1152,2,1,exact_full_graph,1.3787,52,52
1H3H,equibind,excluded_reference_or_graph_check,short_polymer,B:B,11,1,exact_full_graph,15.7146,80,80
1H3H,diffdock,excluded_reference_or_graph_check,short_polymer,B:B,11,1,exact_full_graph,9.3076,80,80
1H5V,equibind,excluded_reference_or_graph_check,branched_glycan,B:B,5,1,exact_full_graph,6.853,57,57
1H5V,diffdock,excluded_reference_or_graph_check,branched_glycan,B:B,5,1,exact_full_graph,1.4244,57,57
1H9L,equibind,excluded_reference_or_graph_check,short_polymer,A:A,4,1,exact_full_graph,6.7936,31,31
1H9L,diffdock,excluded_reference_or_graph_check,short_polymer,A:A,4,1,exact_full_graph,10.3849,31,31
1HC9,equibind,excluded_reference_or_graph_check,short_polymer,C:C,13,1,exact_full_graph,27.4474,121,121
1HC9,diffdock,excluded_reference_or_graph_check,short_polymer,C:C,13,1,exact_full_graph,44.783,121,121
1HEF,equibind,excluded_reference_or_graph_check,short_polymer,I:B,5,1,exact_full_graph,13.4658,48,48
1HEF,diffdock,excluded_reference_or_graph_check,short_polymer,I:B,5,1,exact_full_graph,11.2515,48,48
1HGT,equibind,excluded_reference_or_graph_check,,,,0,no_exact_element_candidate,,,91
1HGT,diffdock,excluded_reference_or_graph_check,,,,0,no_exact_element_candidate,,,91
1HKJ,equibind,excluded_reference_or_graph_check,,,,0,no_exact_element_candidate,,,44
1HKJ,diffdock,excluded_reference_or_graph_check,,,,0,no_exact_element_candidate,,,44
1HKK,equibind,excluded_reference_or_graph_check,,,,0,no_exact_element_candidate,,,43
1HKK,diffdock,excluded_reference_or_graph_check,,,,0,no_exact_element_candidate,,,43
1HKM,equibind,excluded_reference_or_graph_check,,,,0,no_exact_element_candidate,,,42
1HKM,diffdock,excluded_reference_or_graph_check,,,,0,no_exact_element_candidate,,,42
1I5H,equibind,excluded_reference_or_graph_check,short_polymer,B:B,17,1,exact_full_graph,9.6113,122,122
1I5H,diffdock,excluded_reference_or_graph_check,short_polymer,B:B,17,1,exact_full_graph,26.0299,122,122
1I8I,equibind,excluded_reference_or_graph_check,short_polymer,C:C,9,1,exact_full_graph,6.847,73,73
1I8I,diffdock,excluded_reference_or_graph_check,short_polymer,C:C,9,1,exact_full_graph,13.4704,73,73
1IAU,equibind,excluded_reference_or_graph_check,short_polymer,B:B,5,1,exact_full_graph,9.3446,35,35
1IAU,diffdock,excluded_reference_or_graph_check,short_polymer,B:B,5,1,exact_full_graph,11.1875,35,35
1IBC,equibind,excluded_reference_or_graph_check,short_polymer,C:C,5,1,exact_full_graph,5.4567,44,44
1IBC,diffdock,excluded_reference_or_graph_check,short_polymer,C:C,5,1,exact_full_graph,5.0247,44,44
1IHT,equibind,excluded_reference_or_graph_check,short_polymer,I:C,13,1,exact_full_graph,21.2387,103,103
1IHT,diffdock,excluded_reference_or_graph_check,short_polymer,I:C,13,1,exact_full_graph,28.872,103,103
1ILQ,equibind,excluded_reference_or_graph_check,short_polymer,C:C,19,1,exact_full_graph,15.7244,146,146
1ILQ,diffdock,excluded_reference_or_graph_check,short_polymer,C:C,19,1,exact_full_graph,41.9695,146,146
1INQ,equibind,excluded_reference_or_graph_check,short_polymer,C:C,9,1,exact_full_graph,7.142,72,72
1INQ,diffdock,excluded_reference_or_graph_check,short_polymer,C:C,9,1,exact_full_graph,5.0613,72,72
1IQ1,equibind,excluded_reference_or_graph_check,,,,0,no_exact_element_candidate,,,60
1IQ1,diffdock,excluded_reference_or_graph_check,,,,0,no_exact_element_candidate,,,60
1IS0,equibind,excluded_reference_or_graph_check,,,,0,no_exact_element_candidate,,,47
1IS0,diffdock,excluded_reference_or_graph_check,,,,0,no_exact_element_candidate,,,47
1IWQ,equibind,excluded_reference_or_graph_check,,,,0,no_exact_element_candidate,,,143
1IWQ,diffdock,excluded_reference_or_graph_check,,,,0,no_exact_element_candidate,,,143
1J19,equibind,excluded_reference_or_graph_check,short_polymer,B:B,16,1,exact_full_graph,17.2141,116,116
1J19,diffdock,excluded_reference_or_graph_check,short_polymer,B:B,16,1,exact_full_graph,19.3243,116,116
1J4P,equibind,excluded_reference_or_graph_check,short_polymer,B:B,13,1,exact_full_graph,15.2429,111,111
1J4P,diffdock,excluded_reference_or_graph_check,short_polymer,B:B,13,1,exact_full_graph,10.4159,111,111
1J4Q,equibind,excluded_reference_or_graph_check,,,,0,no_exact_element_candidate,,,100
1J4Q,diffdock,excluded_reference_or_graph_check,,,,0,no_exact_element_candidate,,,100
1JET,equibind,excluded_reference_or_graph_check,short_polymer,B:B,3,1,exact_full_graph,3.4227,24,24
1JET,diffdock,excluded_reference_or_graph_check,short_polymer,B:B,3,1,exact_full_graph,6.2841,24,24
1JEU,equibind,excluded_reference_or_graph_check,short_polymer,B:B,3,1,exact_full_graph,3.8792,28,28
1JEU,diffdock,excluded_reference_or_graph_check,short_polymer,B:B,3,1,exact_full_graph,2.3092,28,28
1JEV,equibind,excluded_reference_or_graph_check,short_polymer,B:B,3,1,exact_full_graph,5.826,33,33
1JEV,diffdock,excluded_reference_or_graph_check,short_polymer,B:B,3,1,exact_full_graph,2.8875,33,33
1JFH,equibind,excluded_reference_or_graph_check,branched_glycan,B:B,2,2,exact_full_graph,5.9953,25,25
1JFH,diffdock,excluded_reference_or_graph_check,branched_glycan,B:B,2,2,exact_full_graph,8.8094,25,25
1JMQ,equibind,excluded_reference_or_graph_check,short_polymer,P:B,10,1,exact_full_graph,15.1135,70,70
1JMQ,diffdock,excluded_reference_or_graph_check,short_polymer,P:B,10,1,exact_full_graph,14.5298,70,70
1JOJ,equibind,excluded_reference_or_graph_check,short_polymer,S:H,8,4,exact_full_graph,36.6962,69,69
1JOJ,diffdock,excluded_reference_or_graph_check,short_polymer,S:H,8,4,exact_full_graph,20.403,69,69
1JP5,equibind,excluded_reference_or_graph_check,short_polymer,D:D,6,2,exact_full_graph,20.4174,53,53
1JP5,diffdock,excluded_reference_or_graph_check,short_polymer,D:D,6,2,exact_full_graph,6.2811,53,53
1JPL,equibind,excluded_reference_or_graph_check,short_polymer,G:F,8,3,exact_full_graph,18.4026,66,66
1JPL,diffdock,excluded_reference_or_graph_check,short_polymer,F:D,8,3,exact_full_graph,17.6594,66,66
1JQ8,equibind,excluded_reference_or_graph_check,short_polymer,P:C,5,1,exact_full_graph,7.5574,40,40
1JQ8,diffdock,excluded_reference_or_graph_check,short_polymer,P:C,5,1,exact_full_graph,25.5727,40,40
1JQ9,equibind,excluded_reference_or_graph_check,short_polymer,P:C,5,1,exact_full_graph,14.4449,47,47
1JQ9,diffdock,excluded_reference_or_graph_check,short_polymer,P:C,5,1,exact_full_graph,17.1757,47,47
1JRS,equibind,excluded_reference_or_graph_check,short_polymer,B:B,4,1,exact_full_graph,6.5273,30,30
1JRS,diffdock,excluded_reference_or_graph_check,short_polymer,B:B,4,1,exact_full_graph,5.433,30,30
1JUF,equibind,excluded_reference_or_graph_check,short_polymer,C:C,9,1,exact_full_graph,8.1725,73,73
1JUF,diffdock,excluded_reference_or_graph_check,short_polymer,C:C,9,1,exact_full_graph,5.7147,73,73
1JUQ,equibind,excluded_reference_or_graph_check,short_polymer,E:B,5,2,exact_full_graph,22.9944,42,42
1JUQ,diffdock,excluded_reference_or_graph_check,short_polymer,E:B,5,2,exact_full_graph,34.3138,42,42
1JWM,equibind,excluded_reference_or_graph_check,short_polymer,C:C,13,1,exact_full_graph,10.1371,106,106
1JWM,diffdock,excluded_reference_or_graph_check,short_polymer,C:C,13,1,exact_full_graph,6.7317,106,106
1JYI,equibind,excluded_reference_or_graph_check,short_polymer,S:H,12,4,exact_full_graph,26.6618,98,98
1JYI,diffdock,excluded_reference_or_graph_check,short_polymer,R:G,12,4,exact_full_graph,20.6541,98,98
1K1Y,equibind,excluded_reference_or_graph_check,branched_glycan,C:C,3,1,exact_full_graph,20.0084,44,44
1K1Y,diffdock,excluded_reference_or_graph_check,branched_glycan,C:C,3,1,exact_full_graph,2.4714,44,44
1K3N,equibind,excluded_reference_or_graph_check,short_polymer,B:B,13,1,exact_full_graph,12.3996,111,111
1K3N,diffdock,excluded_reference_or_graph_check,short_polymer,B:B,13,1,exact_full_graph,10.8232,111,111
1K3Q,equibind,excluded_reference_or_graph_check,short_polymer,B:B,13,1,exact_full_graph,20.5586,103,103
1K3Q,diffdock,excluded_reference_or_graph_check,short_polymer,B:B,13,1,exact_full_graph,11.409,103,103
1K9Q,equibind,excluded_reference_or_graph_check,,,,0,no_exact_element_candidate,,,46
1K9Q,diffdock,excluded_reference_or_graph_check,,,,0,no_exact_element_candidate,,,46
1K9R,equibind,excluded_reference_or_graph_check,short_polymer,B:B,6,1,exact_full_graph,7.0023,45,45
1K9R,diffdock,excluded_reference_or_graph_check,short_polymer,B:B,6,1,exact_full_graph,15.24,45,45
1KC5,equibind,excluded_reference_or_graph_check,,,,0,no_exact_element_candidate,,,63
1KC5,diffdock,excluded_reference_or_graph_check,,,,0,no_exact_element_candidate,,,63
1KCS,equibind,excluded_reference_or_graph_check,,,,0,no_exact_element_candidate,,,53
1KCS,diffdock,excluded_reference_or_graph_check,,,,0,no_exact_element_candidate,,,53
1KJR,equibind,excluded_reference_or_graph_check,,,,0,no_exact_element_candidate,,,40
1KJR,diffdock,excluded_reference_or_graph_check,,,,0,no_exact_element_candidate,,,40
1KL3,equibind,excluded_reference_or_graph_check,short_polymer,E:E,6,1,exact_full_graph,29.8942,52,52
1KL3,diffdock,excluded_reference_or_graph_check,short_polymer,E:E,6,1,exact_full_graph,38.4425,52,52
1KLG,equibind,excluded_reference_or_graph_check,short_polymer,C:C,15,1,exact_full_graph,9.8636,104,104
1KLG,diffdock,excluded_reference_or_graph_check,short_polymer,C:C,15,1,exact_full_graph,18.5055,104,104
1KLU,equibind,excluded_reference_or_graph_check,short_polymer,C:C,15,1,exact_full_graph,9.5133,103,103
1KLU,diffdock,excluded_reference_or_graph_check,short_polymer,C:C,15,1,exact_full_graph,7.3761,103,103
1KNA,equibind,excluded_reference_or_graph_check,short_polymer,P:B,6,1,exact_full_graph,9.8644,49,49
1KNA,diffdock,excluded_reference_or_graph_check,short_polymer,P:B,6,1,exact_full_graph,10.586,49,49
1KNE,equibind,excluded_reference_or_graph_check,short_polymer,P:B,6,1,exact_full_graph,9.4028,50,50
1KNE,diffdock,excluded_reference_or_graph_check,short_polymer,P:B,6,1,exact_full_graph,11.2439,50,50
1KUG,equibind,excluded_reference_or_graph_check,short_polymer,B:B,3,1,exact_full_graph,3.4971,31,31
1KUG,diffdock,excluded_reference_or_graph_check,short_polymer,B:B,3,1,exact_full_graph,4.3497,31,31
1KUI,equibind,excluded_reference_or_graph_check,short_polymer,B:B,3,1,exact_full_graph,2.3508,32,32
1KUI,diffdock,excluded_reference_or_graph_check,short_polymer,B:B,3,1,exact_full_graph,3.9291,32,32
1KUK,equibind,excluded_reference_or_graph_check,short_polymer,B:B,3,1,exact_full_graph,4.1461,32,32
1KUK,diffdock,excluded_reference_or_graph_check,short_polymer,B:B,3,1,exact_full_graph,3.3051,32,32
1L0A,equibind,excluded_reference_or_graph_check,short_polymer,B:B,18,1,exact_full_graph,20.2686,143,143
1L0A,diffdock,excluded_reference_or_graph_check,short_polymer,B:B,18,1,exact_full_graph,23.8181,143,143
1LB6,equibind,excluded_reference_or_graph_check,short_polymer,B:B,9,1,exact_full_graph,16.0941,80,80
1LB6,diffdock,excluded_reference_or_graph_check,short_polymer,B:B,9,1,exact_full_graph,18.0778,80,80
1LCJ,equibind,excluded_reference_or_graph_check,,,,0,no_exact_element_candidate,,,99
1LCJ,diffdock,excluded_reference_or_graph_check,,,,0,no_exact_element_candidate,,,99
1LEG,equibind,excluded_reference_or_graph_check,short_polymer,P:C,8,1,exact_full_graph,3.5802,76,76
1LEG,diffdock,excluded_reference_or_graph_check,short_polymer,P:C,8,1,exact_full_graph,6.0027,76,76
1LEK,equibind,excluded_reference_or_graph_check,short_polymer,P:C,8,1,exact_full_graph,5.11,76,76
1LEK,diffdock,excluded_reference_or_graph_check,short_polymer,P:C,8,1,exact_full_graph,5.749,76,76
1LF8,equibind,excluded_reference_or_graph_check,short_polymer,H:H,8,4,exact_full_graph,23.5803,70,70
1LF8,diffdock,excluded_reference_or_graph_check,short_polymer,F:F,8,4,exact_full_graph,8.9765,70,70
1LF9,equibind,excluded_reference_or_graph_check,branched_glycan,C:C,3,2,exact_full_graph,16.3653,44,44
1LF9,diffdock,excluded_reference_or_graph_check,branched_glycan,D:D,3,2,exact_full_graph,2.556,44,44
1LL4,equibind,excluded_reference_or_graph_check,,,,0,no_exact_element_candidate,,,43
1LL4,diffdock,excluded_reference_or_graph_check,,,,0,no_exact_element_candidate,,,43
1LT5,equibind,excluded_reference_or_graph_check,branched_glycan,K:F,2,10,exact_full_graph,22.171,23,23
1LT5,diffdock,excluded_reference_or_graph_check,branched_glycan,L:G,2,10,exact_full_graph,1.9856,23,23
1LXH,equibind,excluded_reference_or_graph_check,,,,0,no_exact_element_candidate,,,166
1LXH,diffdock,excluded_reference_or_graph_check,,,,0,no_exact_element_candidate,,,166
1LYB,equibind,excluded_reference_or_graph_check,short_polymer,J:F,6,2,exact_full_graph,21.312,48,48
1LYB,diffdock,excluded_reference_or_graph_check,short_polymer,I:C,6,2,exact_full_graph,3.6846,48,48
1M4H,equibind,excluded_reference_or_graph_check,short_polymer,D:D,7,2,exact_full_graph,27.7945,66,66
1M4H,diffdock,excluded_reference_or_graph_check,short_polymer,D:D,7,2,exact_full_graph,4.5998,66,66
1M7D,equibind,excluded_reference_or_graph_check,branched_glycan,C:C,3,1,exact_full_graph,7.6841,35,35
1M7D,diffdock,excluded_reference_or_graph_check,branched_glycan,C:C,3,1,exact_full_graph,1.7546,35,35
1M7I,equibind,excluded_reference_or_graph_check,branched_glycan,C:C,5,1,exact_full_graph,8.3305,56,56
1M7I,diffdock,excluded_reference_or_graph_check,branched_glycan,C:C,5,1,exact_full_graph,2.7854,56,56
1MF4,equibind,excluded_reference_or_graph_check,short_polymer,B:B,5,1,exact_full_graph,8.861,41,41
1MF4,diffdock,excluded_reference_or_graph_check,short_polymer,B:B,5,1,exact_full_graph,6.4085,41,41
1MFA,equibind,excluded_reference_or_graph_check,branched_glycan,A:C,3,1,exact_full_graph,3.9628,33,33
1MFA,diffdock,excluded_reference_or_graph_check,branched_glycan,A:C,3,1,exact_full_graph,3.0632,33,33
1MFD,equibind,excluded_reference_or_graph_check,branched_glycan,A:C,3,1,exact_full_graph,3.7007,33,33
1MFD,diffdock,excluded_reference_or_graph_check,branched_glycan,A:C,3,1,exact_full_graph,6.8068,33,33
1MFG,equibind,excluded_reference_or_graph_check,short_polymer,B:B,9,1,exact_full_graph,11.5316,71,71
1MFG,diffdock,excluded_reference_or_graph_check,short_polymer,B:B,9,1,exact_full_graph,10.8591,71,71
1MIK,equibind,excluded_reference_or_graph_check,short_polymer,B:B,11,1,exact_full_graph,4.1014,87,87
1MIK,diffdock,excluded_reference_or_graph_check,short_polymer,B:B,11,1,exact_full_graph,3.4658,87,87
1MPL,equibind,excluded_reference_or_graph_check,,,,0,no_exact_element_candidate,,,22
1MPL,diffdock,excluded_reference_or_graph_check,,,,0,no_exact_element_candidate,,,22
1MQ1,equibind,excluded_reference_or_graph_check,short_polymer,C:C,12,2,exact_full_graph,14.4057,104,104
1MQ1,diffdock,excluded_reference_or_graph_check,short_polymer,C:C,12,2,exact_full_graph,15.1656,104,104
1MV0,equibind,excluded_reference_or_graph_check,,,,0,no_exact_element_candidate,,,104
1MV0,diffdock,excluded_reference_or_graph_check,,,,0,no_exact_element_candidate,,,104
1MWN,equibind,excluded_reference_or_graph_check,short_polymer,X:C,12,2,exact_full_graph,20.9905,104,104
1MWN,diffdock,excluded_reference_or_graph_check,short_polymer,X:C,12,2,exact_full_graph,19.1859,104,104
1N3W,equibind,excluded_reference_or_graph_check,branched_glycan,B:B,2,2,exact_full_graph,3.8912,23,23
1N3W,diffdock,excluded_reference_or_graph_check,branched_glycan,B:B,2,2,exact_full_graph,1.368,23,23
1N51,equibind,excluded_reference_or_graph_check,short_polymer,B:B,5,1,exact_full_graph,8.903,33,33
1N51,diffdock,excluded_reference_or_graph_check,short_polymer,B:B,5,1,exact_full_graph,7.6804,33,33
1N5Z,equibind,excluded_reference_or_graph_check,,,,0,no_exact_element_candidate,,,88
1N5Z,diffdock,excluded_reference_or_graph_check,,,,0,no_exact_element_candidate,,,88
1N7T,equibind,excluded_reference_or_graph_check,short_polymer,B:B,7,1,exact_full_graph,9.9818,63,63
1N7T,diffdock,excluded_reference_or_graph_check,short_polymer,B:B,7,1,exact_full_graph,8.2969,63,63
1NH0,equibind,excluded_reference_or_graph_check,short_polymer,I:C,5,2,exact_full_graph,12.2738,53,53
1NH0,diffdock,excluded_reference_or_graph_check,short_polymer,I:C,5,2,exact_full_graph,1.4446,53,53
1NJT,equibind,excluded_reference_or_graph_check,,,,0,no_exact_element_candidate,,,35
1NJT,diffdock,excluded_reference_or_graph_check,,,,0,no_exact_element_candidate,,,35
1NLP,equibind,excluded_reference_or_graph_check,short_polymer,N:B,10,1,exact_full_graph,17.2683,76,76
1NLP,diffdock,excluded_reference_or_graph_check,short_polymer,N:B,10,1,exact_full_graph,13.4186,76,76
1NLT,equibind,excluded_reference_or_graph_check,short_polymer,B:B,7,1,exact_full_graph,9.0199,61,61
1NLT,diffdock,excluded_reference_or_graph_check,short_polymer,B:B,7,1,exact_full_graph,46.5641,61,61
1NU8,equibind,excluded_reference_or_graph_check,short_polymer,D:C,3,1,exact_full_graph,34.9133,24,24
1NU8,diffdock,excluded_reference_or_graph_check,short_polymer,D:C,3,1,exact_full_graph,42.9139,24,24
1NY2,equibind,excluded_reference_or_graph_check,,,,0,no_exact_element_candidate,,,30
1NY2,diffdock,excluded_reference_or_graph_check,,,,0,no_exact_element_candidate,,,30
1O6I,equibind,excluded_reference_or_graph_check,,,,0,no_exact_element_candidate,,,7
1O6I,diffdock,excluded_reference_or_graph_check,,,,0,no_exact_element_candidate,,,7
1OBX,equibind,excluded_reference_or_graph_check,short_polymer,B:B,4,1,exact_full_graph,16.1558,33,33
1OBX,diffdock,excluded_reference_or_graph_check,short_polymer,B:B,4,1,exact_full_graph,6.2341,33,33
1OCN,equibind,excluded_reference_or_graph_check,nonpolymer_pair,A:IFM:452+A:BGC:453,2,2,exact_full_graph,4.6571,21,21
1OCN,diffdock,excluded_reference_or_graph_check,nonpolymer_pair,A:IFM:454+A:BGC:455,2,2,exact_full_graph,1.0119,21,21
1OCQ,equibind,excluded_reference_or_graph_check,nonpolymer_pair,A:IFM:500+A:BGC:501,2,1,exact_full_graph,2.4605,21,21
1OCQ,diffdock,excluded_reference_or_graph_check,nonpolymer_pair,A:IFM:500+A:BGC:501,2,1,exact_full_graph,1.0666,21,21
1OD8,equibind,excluded_reference_or_graph_check,nonpolymer_pair,A:XDL:1310+A:XYP:1311,2,2,exact_full_graph,2.8749,18,18
1OD8,diffdock,excluded_reference_or_graph_check,nonpolymer_pair,A:XDL:1310+A:XYP:1311,2,2,exact_full_graph,0.7043,18,18
1OEB,equibind,excluded_reference_or_graph_check,short_polymer,C:C,12,1,exact_full_graph,25.9096,90,90
1OEB,diffdock,excluded_reference_or_graph_check,short_polymer,C:C,12,1,exact_full_graph,24.282,90,90
1OGG,equibind,excluded_reference_or_graph_check,,,,0,no_exact_element_candidate,,,43
1OGG,diffdock,excluded_reference_or_graph_check,,,,0,no_exact_element_candidate,,,43
1OH4,equibind,excluded_reference_or_graph_check,branched_glycan,B:B,7,1,bond_count_mismatch,,78,78
1OH4,diffdock,excluded_reference_or_graph_check,branched_glycan,B:B,7,1,bond_count_mismatch,,78,78
1OJ5,equibind,excluded_reference_or_graph_check,,,,0,no_exact_element_candidate,,,107
1OJ5,diffdock,excluded_reference_or_graph_check,,,,0,no_exact_element_candidate,,,107
1OKX,equibind,excluded_reference_or_graph_check,,,,0,no_exact_element_candidate,,,67
1OKX,diffdock,excluded_reference_or_graph_check,,,,0,no_exact_element_candidate,,,67
1OL1,equibind,excluded_reference_or_graph_check,,,,0,no_exact_element_candidate,,,51
1OL1,diffdock,excluded_reference_or_graph_check,,,,0,no_exact_element_candidate,,,51
1OM9,equibind,excluded_reference_or_graph_check,,,,0,no_exact_element_candidate,,,82
1OM9,diffdock,excluded_reference_or_graph_check,,,,0,no_exact_element_candidate,,,82
1OPI,equibind,excluded_reference_or_graph_check,short_polymer,B:B,13,1,exact_full_graph,10.8047,119,119
1OPI,diffdock,excluded_reference_or_graph_check,short_polymer,B:B,13,1,exact_full_graph,15.5621,119,119
1ORW,equibind,excluded_reference_or_graph_check,nonpolymer_pair,D:PHI:807+D:P2Y:808,2,4,exact_full_graph,37.966,19,19
1ORW,diffdock,excluded_reference_or_graph_check,nonpolymer_pair,A:PHI:801+A:P2Y:802,2,4,exact_full_graph,1.3356,19,19
1OSG,equibind,excluded_reference_or_graph_check,,,,0,no_exact_element_candidate,,,110
1OSG,diffdock,excluded_reference_or_graph_check,,,,0,no_exact_element_candidate,,,110
1OV3,equibind,excluded_reference_or_graph_check,short_polymer,C:C,11,2,exact_full_graph,15.5765,78,78
1OV3,diffdock,excluded_reference_or_graph_check,short_polymer,D:D,11,2,exact_full_graph,17.8656,78,78
1OW6,equibind,excluded_reference_or_graph_check,short_polymer,D:D,12,1,exact_full_graph,59.3614,94,94
1OW6,diffdock,excluded_reference_or_graph_check,short_polymer,D:D,12,1,exact_full_graph,74.1822,94,94
1OW7,equibind,excluded_reference_or_graph_check,short_polymer,E:E,12,3,exact_full_graph,31.0797,94,94
1OW7,diffdock,excluded_reference_or_graph_check,short_polymer,E:E,12,3,exact_full_graph,29.7021,94,94
1OW8,equibind,excluded_reference_or_graph_check,short_polymer,F:E,12,2,exact_full_graph,29.8247,100,100
1OW8,diffdock,excluded_reference_or_graph_check,short_polymer,F:E,12,2,exact_full_graph,30.0041,100,100
1OX9,equibind,excluded_reference_or_graph_check,short_polymer,K:F,8,8,exact_full_graph,10.2061,61,61
1OX9,diffdock,excluded_reference_or_graph_check,short_polymer,I:B,8,8,exact_full_graph,19.8064,61,61
1OXG,equibind,excluded_reference_or_graph_check,,,,0,no_exact_element_candidate,,,89
1OXG,diffdock,excluded_reference_or_graph_check,,,,0,no_exact_element_candidate,,,89
1OXN,equibind,excluded_reference_or_graph_check,,,,0,no_exact_element_candidate,,,27
1OXN,diffdock,excluded_reference_or_graph_check,,,,0,no_exact_element_candidate,,,27
1OXQ,equibind,excluded_reference_or_graph_check,,,,0,no_exact_element_candidate,,,28
1OXQ,diffdock,excluded_reference_or_graph_check,,,,0,no_exact_element_candidate,,,28
1OY7,equibind,excluded_reference_or_graph_check,,,,0,no_exact_element_candidate,,,29
1OY7,diffdock,excluded_reference_or_graph_check,,,,0,no_exact_element_candidate,,,29
1P02,equibind,excluded_reference_or_graph_check,short_polymer,P:B,4,1,exact_full_graph,4.7273,23,23
1P02,diffdock,excluded_reference_or_graph_check,short_polymer,P:B,4,1,exact_full_graph,4.1178,23,23
1P03,equibind,excluded_reference_or_graph_check,short_polymer,P:B,4,1,exact_full_graph,3.745,25,25
1P03,diffdock,excluded_reference_or_graph_check,short_polymer,P:B,4,1,exact_full_graph,4.6804,25,25
1P04,equibind,excluded_reference_or_graph_check,short_polymer,P:B,4,1,exact_full_graph,4.0132,26,26
1P04,diffdock,excluded_reference_or_graph_check,short_polymer,P:B,4,1,exact_full_graph,3.8619,26,26
1P05,equibind,excluded_reference_or_graph_check,short_polymer,P:B,4,1,exact_full_graph,5.3057,26,26
1P05,diffdock,excluded_reference_or_graph_check,short_polymer,P:B,4,1,exact_full_graph,4.0122,26,26
1P06,equibind,excluded_reference_or_graph_check,short_polymer,P:B,4,1,exact_full_graph,4.981,28,28
1P06,diffdock,excluded_reference_or_graph_check,short_polymer,P:B,4,1,exact_full_graph,4.2138,28,28
1P10,equibind,excluded_reference_or_graph_check,short_polymer,P:B,4,1,exact_full_graph,5.1328,25,25
1P10,diffdock,excluded_reference_or_graph_check,short_polymer,P:B,4,1,exact_full_graph,4.3103,25,25
1P2G,equibind,excluded_reference_or_graph_check,branched_glycan,B:B,8,1,exact_full_graph,29.1671,88,88
1P2G,diffdock,excluded_reference_or_graph_check,branched_glycan,B:B,8,1,exact_full_graph,60.2725,88,88
1P4U,equibind,excluded_reference_or_graph_check,,,,0,no_exact_element_candidate,,,55
1P4U,diffdock,excluded_reference_or_graph_check,,,,0,no_exact_element_candidate,,,55
1PAU,equibind,excluded_reference_or_graph_check,short_polymer,C:C,5,1,exact_full_graph,5.6546,35,35
1PAU,diffdock,excluded_reference_or_graph_check,short_polymer,C:C,5,1,exact_full_graph,6.3707,35,35
1PCG,equibind,excluded_reference_or_graph_check,short_polymer,F:D,9,2,exact_full_graph,21.4991,74,74
1PCG,diffdock,excluded_reference_or_graph_check,short_polymer,E:C,9,2,exact_full_graph,32.5526,74,74
1PDQ,equibind,excluded_reference_or_graph_check,,,,0,no_exact_element_candidate,,,69
1PDQ,diffdock,excluded_reference_or_graph_check,,,,0,no_exact_element_candidate,,,69
1PFU,equibind,excluded_reference_or_graph_check,,,,0,no_exact_element_candidate,,,10
1PFU,diffdock,excluded_reference_or_graph_check,,,,0,no_exact_element_candidate,,,10
1PIG,equibind,excluded_reference_or_graph_check,,,,0,no_exact_element_candidate,,,65
1PIG,diffdock,excluded_reference_or_graph_check,,,,0,no_exact_element_candidate,,,65
1POP,equibind,excluded_reference_or_graph_check,short_polymer,B:B,4,1,exact_full_graph,11.0981,30,30
1POP,diffdock,excluded_reference_or_graph_check,short_polymer,B:B,4,1,exact_full_graph,5.0511,30,30
1PPI,equibind,excluded_reference_or_graph_check,,,,0,no_exact_element_candidate,,,55
1PPI,diffdock,excluded_reference_or_graph_check,,,,0,no_exact_element_candidate,,,55
1PRL,equibind,excluded_reference_or_graph_check,short_polymer,A:B,9,1,exact_full_graph,11.9436,73,73
1PRL,diffdock,excluded_reference_or_graph_check,short_polymer,A:B,9,1,exact_full_graph,13.0116,73,73
1PRM,equibind,excluded_reference_or_graph_check,short_polymer,A:B,9,1,exact_full_graph,13.3138,73,73
1PRM,diffdock,excluded_reference_or_graph_check,short_polymer,A:B,9,1,exact_full_graph,17.5849,73,73
1PY1,equibind,excluded_reference_or_graph_check,short_polymer,E:E,7,3,bond_count_mismatch,,60,60
1PY1,diffdock,excluded_reference_or_graph_check,short_polymer,E:E,7,3,bond_count_mismatch,,60,60
1PYW,equibind,excluded_reference_or_graph_check,,,,0,no_exact_element_candidate,,,72
1PYW,diffdock,excluded_reference_or_graph_check,,,,0,no_exact_element_candidate,,,72
1PZ5,equibind,excluded_reference_or_graph_check,short_polymer,C:C,8,1,exact_full_graph,5.1468,67,67
1PZ5,diffdock,excluded_reference_or_graph_check,short_polymer,C:C,8,1,exact_full_graph,7.2634,67,67
1Q1Y,equibind,excluded_reference_or_graph_check,,,,0,no_exact_element_candidate,,,28
1Q1Y,diffdock,excluded_reference_or_graph_check,,,,0,no_exact_element_candidate,,,28
1Q4K,equibind,excluded_reference_or_graph_check,,,,0,no_exact_element_candidate,,,50
1Q4K,diffdock,excluded_reference_or_graph_check,,,,0,no_exact_element_candidate,,,50
1Q5L,equibind,excluded_reference_or_graph_check,short_polymer,B:B,7,1,exact_full_graph,15.2283,55,55
1Q5L,diffdock,excluded_reference_or_graph_check,short_polymer,B:B,7,1,exact_full_graph,20.5719,55,55
1QI0,equibind,excluded_reference_or_graph_check,branched_glycan,B:B,2,2,exact_full_graph,7.2962,23,23
1QI0,diffdock,excluded_reference_or_graph_check,branched_glycan,B:B,2,2,exact_full_graph,1.4631,23,23
1QJI,equibind,excluded_reference_or_graph_check,,,,0,no_exact_element_candidate,,,52
1QJI,diffdock,excluded_reference_or_graph_check,,,,0,no_exact_element_candidate,,,52
1QKA,equibind,excluded_reference_or_graph_check,short_polymer,B:B,3,1,exact_full_graph,7.0064,30,30
1QKA,diffdock,excluded_reference_or_graph_check,short_polymer,B:B,3,1,exact_full_graph,1.9635,30,30
1QKB,equibind,excluded_reference_or_graph_check,short_polymer,B:B,3,1,exact_full_graph,4.9476,26,26
1QKB,diffdock,excluded_reference_or_graph_check,short_polymer,B:B,3,1,exact_full_graph,1.2545,26,26
1QM5,equibind,excluded_reference_or_graph_check,,,,0,no_exact_element_candidate,,,56
1QM5,diffdock,excluded_reference_or_graph_check,,,,0,no_exact_element_candidate,,,56
1QNG,equibind,excluded_reference_or_graph_check,,,,0,no_exact_element_candidate,,,85
1QNG,diffdock,excluded_reference_or_graph_check,,,,0,no_exact_element_candidate,,,85
1QNH,equibind,excluded_reference_or_graph_check,,,,0,no_exact_element_candidate,,,85
1QNH,diffdock,excluded_reference_or_graph_check,,,,0,no_exact_element_candidate,,,85
1QR3,equibind,excluded_reference_or_graph_check,short_polymer,I:B,8,1,exact_full_graph,19.118,69,69
1QR3,diffdock,excluded_reference_or_graph_check,short_polymer,I:B,8,1,exact_full_graph,8.8527,69,69
1QSC,equibind,excluded_reference_or_graph_check,,,,0,no_exact_element_candidate,,,56
1QSC,diffdock,excluded_reference_or_graph_check,,,,0,no_exact_element_candidate,,,56
1QTN,equibind,excluded_reference_or_graph_check,,,,0,no_exact_element_candidate,,,36
1QTN,diffdock,excluded_reference_or_graph_check,,,,0,no_exact_element_candidate,,,36
1QWE,equibind,excluded_reference_or_graph_check,short_polymer,B:B,12,1,exact_full_graph,10.2746,98,98
1QWE,diffdock,excluded_reference_or_graph_check,short_polymer,B:B,12,1,exact_full_graph,10.1071,98,98
1QWF,equibind,excluded_reference_or_graph_check,short_polymer,B:B,12,1,exact_full_graph,14.0737,93,93
1QWF,diffdock,excluded_reference_or_graph_check,short_polymer,B:B,12,1,exact_full_graph,12.0309,93,93
1R17,equibind,excluded_reference_or_graph_check,,,,0,no_exact_element_candidate,,,86
1R17,diffdock,excluded_reference_or_graph_check,,,,0,no_exact_element_candidate,,,86
1R2B,equibind,excluded_reference_or_graph_check,short_polymer,C:C,19,1,exact_full_graph,19.6276,142,142
1R2B,diffdock,excluded_reference_or_graph_check,short_polymer,C:C,19,1,exact_full_graph,29.7948,142,142
1R5V,equibind,excluded_reference_or_graph_check,short_polymer,E:B,13,2,exact_full_graph,26.9922,100,100
1R5V,diffdock,excluded_reference_or_graph_check,short_polymer,F:E,13,2,exact_full_graph,19.0592,100,100
1R5W,equibind,excluded_reference_or_graph_check,short_polymer,E:E,13,2,exact_full_graph,11.3286,104,104
1R5W,diffdock,excluded_reference_or_graph_check,short_polymer,F:F,13,2,exact_full_graph,8.1367,104,104
1R6Z,equibind,excluded_reference_or_graph_check,branched_glycan,D:F,2,6,exact_full_graph,26.0937,23,23
1R6Z,diffdock,excluded_reference_or_graph_check,branched_glycan,B:D,2,6,exact_full_graph,1.2948,23,23
1RHK,equibind,excluded_reference_or_graph_check,short_polymer,C:C,5,1,exact_full_graph,6.449,44,44
1RHK,diffdock,excluded_reference_or_graph_check,short_polymer,C:C,5,1,exact_full_graph,6.4052,44,44
1RHQ,equibind,excluded_reference_or_graph_check,,,,0,no_exact_element_candidate,,,18
1RHQ,diffdock,excluded_reference_or_graph_check,,,,0,no_exact_element_candidate,,,18
1RLP,equibind,excluded_reference_or_graph_check,short_polymer,R:B,9,1,exact_full_graph,18.7993,77,77
1RLP,diffdock,excluded_reference_or_graph_check,short_polymer,R:B,9,1,exact_full_graph,14.5167,77,77
1RZX,equibind,excluded_reference_or_graph_check,short_polymer,B:B,7,1,exact_full_graph,11.7695,50,50
1RZX,diffdock,excluded_reference_or_graph_check,short_polymer,B:B,7,1,exact_full_graph,14.1096,50,50
1S3K,equibind,excluded_reference_or_graph_check,branched_glycan,A:C,4,1,exact_full_graph,5.3895,46,46
1S3K,diffdock,excluded_reference_or_graph_check,branched_glycan,A:C,4,1,exact_full_graph,6.9042,46,46
1S9V,equibind,excluded_reference_or_graph_check,short_polymer,C:C,11,1,exact_full_graph,32.2911,78,78
1S9V,diffdock,excluded_reference_or_graph_check,short_polymer,C:C,11,1,exact_full_graph,21.6202,78,78
1SHD,equibind,excluded_reference_or_graph_check,,,,0,no_exact_element_candidate,,,42
1SHD,diffdock,excluded_reference_or_graph_check,,,,0,no_exact_element_candidate,,,42
1SJE,equibind,excluded_reference_or_graph_check,,,,0,no_exact_element_candidate,,,108
1SJE,diffdock,excluded_reference_or_graph_check,,,,0,no_exact_element_candidate,,,108
1SJH,equibind,excluded_reference_or_graph_check,short_polymer,C:C,13,1,exact_full_graph,9.8236,96,96
1SJH,diffdock,excluded_reference_or_graph_check,short_polymer,C:C,13,1,exact_full_graph,9.233,96,96
1SLD,equibind,excluded_reference_or_graph_check,short_polymer,P:B,8,1,exact_full_graph,4.1106,53,53
1SLD,diffdock,excluded_reference_or_graph_check,short_polymer,P:B,8,1,exact_full_graph,8.411,53,53
1SLE,equibind,excluded_reference_or_graph_check,short_polymer,P:D,10,1,exact_full_graph,10.8875,60,60
1SLE,diffdock,excluded_reference_or_graph_check,short_polymer,P:D,10,1,exact_full_graph,37.2458,60,60
1SLG,equibind,excluded_reference_or_graph_check,short_polymer,P:D,7,1,exact_full_graph,36.576,59,59
1SLG,diffdock,excluded_reference_or_graph_check,short_polymer,P:D,7,1,exact_full_graph,35.9573,59,59
1SM3,equibind,excluded_reference_or_graph_check,short_polymer,P:C,9,1,exact_full_graph,13.2395,62,62
1SM3,diffdock,excluded_reference_or_graph_check,short_polymer,P:C,9,1,exact_full_graph,31.7531,62,62
1SME,equibind,excluded_reference_or_graph_check,short_polymer,D:D,6,2,exact_full_graph,25.0008,48,48
1SME,diffdock,excluded_reference_or_graph_check,short_polymer,C:C,6,2,exact_full_graph,4.4296,48,48
1SPS,equibind,excluded_reference_or_graph_check,,,,0,no_exact_element_candidate,,,57
1SPS,diffdock,excluded_reference_or_graph_check,,,,0,no_exact_element_candidate,,,57
1STR,equibind,excluded_reference_or_graph_check,short_polymer,P:D,8,1,exact_full_graph,27.1004,51,51
1STR,diffdock,excluded_reference_or_graph_check,short_polymer,P:D,8,1,exact_full_graph,33.9152,51,51
1STS,equibind,excluded_reference_or_graph_check,short_polymer,P:D,8,1,exact_full_graph,15.0014,59,59
1STS,diffdock,excluded_reference_or_graph_check,short_polymer,P:D,8,1,exact_full_graph,34.7071,59,59
1T08,equibind,excluded_reference_or_graph_check,short_polymer,C:C,15,1,exact_full_graph,27.4234,115,115
1T08,diffdock,excluded_reference_or_graph_check,short_polymer,C:C,15,1,exact_full_graph,22.6693,115,115
1T29,equibind,excluded_reference_or_graph_check,,,,0,no_exact_element_candidate,,,100
1T29,diffdock,excluded_reference_or_graph_check,,,,0,no_exact_element_candidate,,,100
1T37,equibind,excluded_reference_or_graph_check,short_polymer,P:B,5,1,exact_full_graph,12.7571,39,39
1T37,diffdock,excluded_reference_or_graph_check,short_polymer,P:B,5,1,exact_full_graph,6.8474,39,39
1T79,equibind,excluded_reference_or_graph_check,,,,0,no_exact_element_candidate,,,67
1T79,diffdock,excluded_reference_or_graph_check,,,,0,no_exact_element_candidate,,,67
1T7D,equibind,excluded_reference_or_graph_check,,,,0,no_exact_element_candidate,,,49
1T7D,diffdock,excluded_reference_or_graph_check,,,,0,no_exact_element_candidate,,,49
1T7F,equibind,excluded_reference_or_graph_check,,,,0,no_exact_element_candidate,,,66
1T7F,diffdock,excluded_reference_or_graph_check,,,,0,no_exact_element_candidate,,,66
1T7R,equibind,excluded_reference_or_graph_check,,,,0,no_exact_element_candidate,,,78
1T7R,diffdock,excluded_reference_or_graph_check,,,,0,no_exact_element_candidate,,,78
1TET,equibind,excluded_reference_or_graph_check,short_polymer,P:C,12,1,exact_full_graph,14.6484,92,92
1TET,diffdock,excluded_reference_or_graph_check,short_polymer,P:C,12,1,exact_full_graph,10.7991,92,92
1THR,equibind,excluded_reference_or_graph_check,short_polymer,I:C,13,1,exact_full_graph,32.4125,111,111
1THR,diffdock,excluded_reference_or_graph_check,short_polymer,I:C,13,1,exact_full_graph,44.9323,111,111
1THS,equibind,excluded_reference_or_graph_check,,,,0,no_exact_element_candidate,,,79
1THS,diffdock,excluded_reference_or_graph_check,,,,0,no_exact_element_candidate,,,79
1TL9,equibind,excluded_reference_or_graph_check,short_polymer,B:B,4,1,exact_full_graph,9.3458,30,30
1TL9,diffdock,excluded_reference_or_graph_check,short_polymer,B:B,4,1,exact_full_graph,5.7592,30,30
1U8T,equibind,excluded_reference_or_graph_check,short_polymer,F:F,13,2,exact_full_graph,22.7602,97,97
1U8T,diffdock,excluded_reference_or_graph_check,short_polymer,F:F,13,2,exact_full_graph,16.5321,97,97
1U9L,equibind,excluded_reference_or_graph_check,short_polymer,C:C,7,1,exact_full_graph,16.8459,57,57
1U9L,diffdock,excluded_reference_or_graph_check,short_polymer,C:C,7,1,exact_full_graph,24.106,57,57
1UEF,equibind,excluded_reference_or_graph_check,,,,0,no_exact_element_candidate,,,88
1UEF,diffdock,excluded_reference_or_graph_check,,,,0,no_exact_element_candidate,,,88
1UGX,equibind,excluded_reference_or_graph_check,branched_glycan,C:C,2,2,exact_full_graph,4.8296,27,27
1UGX,diffdock,excluded_reference_or_graph_check,branched_glycan,C:C,2,2,exact_full_graph,1.1393,27,27
1UGY,equibind,excluded_reference_or_graph_check,branched_glycan,L:L,2,8,exact_full_graph,36.3656,23,23
1UGY,diffdock,excluded_reference_or_graph_check,branched_glycan,I:I,2,8,exact_full_graph,2.3206,23,23
1UH1,equibind,excluded_reference_or_graph_check,branched_glycan,J:J,2,6,exact_full_graph,45.7704,27,27
1UH1,diffdock,excluded_reference_or_graph_check,branched_glycan,I:I,2,6,exact_full_graph,47.0955,27,27
1UJ0,equibind,excluded_reference_or_graph_check,,,,0,no_exact_element_candidate,,,75
1UJ0,diffdock,excluded_reference_or_graph_check,,,,0,no_exact_element_candidate,,,75
1UJJ,equibind,excluded_reference_or_graph_check,short_polymer,C:C,7,1,exact_full_graph,53.2652,56,56
1UJJ,diffdock,excluded_reference_or_graph_check,short_polymer,C:C,7,1,exact_full_graph,54.4243,56,56
1UJK,equibind,excluded_reference_or_graph_check,short_polymer,C:C,7,2,bond_count_mismatch,,60,60
1UJK,diffdock,excluded_reference_or_graph_check,short_polymer,C:C,7,2,bond_count_mismatch,,60,60
1UKH,equibind,excluded_reference_or_graph_check,short_polymer,B:B,10,1,exact_full_graph,19.9811,84,84
1UKH,diffdock,excluded_reference_or_graph_check,short_polymer,B:B,10,1,exact_full_graph,26.2769,84,84
1UKT,equibind,excluded_reference_or_graph_check,,,,0,no_exact_element_candidate,,,44
1UKT,diffdock,excluded_reference_or_graph_check,,,,0,no_exact_element_candidate,,,44
1ULE,equibind,excluded_reference_or_graph_check,branched_glycan,C:C,3,2,exact_full_graph,21.6755,37,37
1ULE,diffdock,excluded_reference_or_graph_check,branched_glycan,C:C,3,2,exact_full_graph,1.1529,37,37
1ULG,equibind,excluded_reference_or_graph_check,branched_glycan,E:E,2,8,exact_full_graph,32.0379,26,26
1ULG,diffdock,excluded_reference_or_graph_check,branched_glycan,H:H,2,8,exact_full_graph,1.6578,26,26
1UMW,equibind,excluded_reference_or_graph_check,,,,0,no_exact_element_candidate,,,57
1UMW,diffdock,excluded_reference_or_graph_check,,,,0,no_exact_element_candidate,,,57
1UPK,equibind,excluded_reference_or_graph_check,short_polymer,B:B,4,1,exact_full_graph,41.5867,43,43
1UPK,diffdock,excluded_reference_or_graph_check,short_polymer,B:B,4,1,exact_full_graph,11.2021,43,43
1UR9,equibind,excluded_reference_or_graph_check,,,,0,no_exact_element_candidate,,,39
1UR9,diffdock,excluded_reference_or_graph_check,,,,0,no_exact_element_candidate,,,39
1URC,equibind,excluded_reference_or_graph_check,short_polymer,F:F,6,2,exact_full_graph,31.5785,46,46
1URC,diffdock,excluded_reference_or_graph_check,short_polymer,F:F,6,2,exact_full_graph,12.0763,46,46
1URG,equibind,excluded_reference_or_graph_check,branched_glycan,B:B,2,2,exact_full_graph,4.9413,23,23
1URG,diffdock,excluded_reference_or_graph_check,branched_glycan,B:B,2,2,exact_full_graph,1.5026,23,23
1UTC,equibind,excluded_reference_or_graph_check,,,,0,no_exact_element_candidate,,,67
1UTC,diffdock,excluded_reference_or_graph_check,,,,0,no_exact_element_candidate,,,67
1UX7,equibind,excluded_reference_or_graph_check,branched_glycan,B:B,3,1,exact_full_graph,5.9891,20,20
1UX7,diffdock,excluded_reference_or_graph_check,branched_glycan,B:B,3,1,exact_full_graph,1.7613,20,20
1UXA,equibind,excluded_reference_or_graph_check,branched_glycan,D:D,2,6,exact_full_graph,6.6433,32,32
1UXA,diffdock,excluded_reference_or_graph_check,branched_glycan,E:E,2,6,exact_full_graph,3.7966,32,32
1UXB,equibind,excluded_reference_or_graph_check,branched_glycan,D:D,2,6,exact_full_graph,5.2856,32,32
1UXB,diffdock,excluded_reference_or_graph_check,branched_glycan,E:E,2,6,exact_full_graph,4.009,32,32
1UZ8,equibind,excluded_reference_or_graph_check,branched_glycan,C:E,3,2,exact_full_graph,8.6772,37,37
1UZ8,diffdock,excluded_reference_or_graph_check,branched_glycan,C:E,3,2,exact_full_graph,3.1719,37,37
1V0K,equibind,excluded_reference_or_graph_check,nonpolymer_pair,A:XYP:1303+A:XDN:1304,2,1,exact_full_graph,3.1925,18,18
1V0K,diffdock,excluded_reference_or_graph_check,nonpolymer_pair,A:XYP:1303+A:XDN:1304,2,1,exact_full_graph,1.1203,18,18
1V0L,equibind,excluded_reference_or_graph_check,nonpolymer_pair,A:XIF:1304+A:XYP:1305,2,1,exact_full_graph,3.1102,17,17
1V0L,diffdock,excluded_reference_or_graph_check,nonpolymer_pair,A:XIF:1304+A:XYP:1305,2,1,exact_full_graph,0.9144,17,17
1V0M,equibind,excluded_reference_or_graph_check,nonpolymer_pair,A:XDN:1303+A:XYP:1304,2,1,exact_full_graph,1.3684,18,18
1V0M,diffdock,excluded_reference_or_graph_check,nonpolymer_pair,A:XDN:1303+A:XYP:1304,2,1,exact_full_graph,1.0319,18,18
1V0N,equibind,excluded_reference_or_graph_check,nonpolymer_pair,A:XIF:1305+A:XYP:1306,2,1,exact_full_graph,2.1456,17,17
1V0N,diffdock,excluded_reference_or_graph_check,nonpolymer_pair,A:XIF:1305+A:XYP:1306,2,1,exact_full_graph,0.7105,17,17
1VWF,equibind,excluded_reference_or_graph_check,short_polymer,P:B,10,1,exact_full_graph,9.2326,60,60
1VWF,diffdock,excluded_reference_or_graph_check,short_polymer,P:B,10,1,exact_full_graph,8.1807,60,60
1VYJ,equibind,excluded_reference_or_graph_check,short_polymer,F:F,16,6,exact_full_graph,26.3185,135,135
1VYJ,diffdock,excluded_reference_or_graph_check,short_polymer,H:H,16,6,exact_full_graph,21.2001,135,135
1W25,equibind,excluded_reference_or_graph_check,,,,0,no_exact_element_candidate,,,24
1W25,diffdock,excluded_reference_or_graph_check,,,,0,no_exact_element_candidate,,,24
1W3K,equibind,excluded_reference_or_graph_check,nonpolymer_pair,A:BGC:1304+A:OXZ:1305,2,1,exact_full_graph,1.9966,21,21
1W3K,diffdock,excluded_reference_or_graph_check,nonpolymer_pair,A:BGC:1304+A:OXZ:1305,2,1,exact_full_graph,0.8549,21,21
1W3L,equibind,excluded_reference_or_graph_check,,,,0,no_exact_element_candidate,,,32
1W3L,diffdock,excluded_reference_or_graph_check,,,,0,no_exact_element_candidate,,,32
1W80,equibind,excluded_reference_or_graph_check,,,,0,no_exact_element_candidate,,,69
1W80,diffdock,excluded_reference_or_graph_check,,,,0,no_exact_element_candidate,,,69
1WDN,equibind,excluded_reference_or_graph_check,,,,0,no_exact_element_candidate,,,10
1WDN,diffdock,excluded_reference_or_graph_check,,,,0,no_exact_element_candidate,,,10
1WDQ,equibind,excluded_reference_or_graph_check,branched_glycan,B:B,2,4,exact_full_graph,4.5041,23,23
1WDQ,diffdock,excluded_reference_or_graph_check,branched_glycan,B:B,2,4,exact_full_graph,1.2618,23,23
1WDR,equibind,excluded_reference_or_graph_check,nonpolymer_pair,B:GLC:3+B:GLC:4,2,4,exact_full_graph,4.4907,23,23
1WDR,diffdock,excluded_reference_or_graph_check,nonpolymer_pair,B:GLC:3+B:GLC:4,2,4,exact_full_graph,1.1434,23,23
1WS1,equibind,excluded_reference_or_graph_check,,,,0,no_exact_element_candidate,,,28
1WS1,diffdock,excluded_reference_or_graph_check,,,,0,no_exact_element_candidate,,,28
1WZY,equibind,excluded_reference_or_graph_check,,,,0,no_exact_element_candidate,,,28
1WZY,diffdock,excluded_reference_or_graph_check,,,,0,no_exact_element_candidate,,,28
1X7Q,equibind,excluded_reference_or_graph_check,short_polymer,C:C,9,1,exact_full_graph,6.1499,74,74
1X7Q,diffdock,excluded_reference_or_graph_check,short_polymer,C:C,9,1,exact_full_graph,5.7103,74,74
1X9D,equibind,excluded_reference_or_graph_check,branched_glycan,B:B,2,2,exact_full_graph,7.3881,24,24
1X9D,diffdock,excluded_reference_or_graph_check,branched_glycan,B:B,2,2,exact_full_graph,3.5136,24,24
1XB7,equibind,excluded_reference_or_graph_check,,,,0,no_exact_element_candidate,,,75
1XB7,diffdock,excluded_reference_or_graph_check,,,,0,no_exact_element_candidate,,,75
1XH3,equibind,excluded_reference_or_graph_check,short_polymer,C:C,14,1,exact_full_graph,9.1107,103,103
1XH3,diffdock,excluded_reference_or_graph_check,short_polymer,C:C,14,1,exact_full_graph,5.6648,103,103
1XHM,equibind,excluded_reference_or_graph_check,,,,0,no_exact_element_candidate,,,100
1XHM,diffdock,excluded_reference_or_graph_check,,,,0,no_exact_element_candidate,,,100
1XN2,equibind,excluded_reference_or_graph_check,short_polymer,G:G,10,4,exact_full_graph,30.1139,97,97
1XN2,diffdock,excluded_reference_or_graph_check,short_polymer,H:H,10,4,exact_full_graph,11.9085,97,97
1XN3,equibind,excluded_reference_or_graph_check,short_polymer,I:E,14,1,exact_full_graph,34.0516,116,116
1XN3,diffdock,excluded_reference_or_graph_check,short_polymer,I:E,14,1,exact_full_graph,63.6524,116,116
1XR8,equibind,excluded_reference_or_graph_check,short_polymer,C:C,9,1,exact_full_graph,9.155,72,72
1XR8,diffdock,excluded_reference_or_graph_check,short_polymer,C:C,9,1,exact_full_graph,6.0653,72,72
1XR9,equibind,excluded_reference_or_graph_check,short_polymer,C:C,9,1,exact_full_graph,7.3844,64,64
1XR9,diffdock,excluded_reference_or_graph_check,short_polymer,C:C,9,1,exact_full_graph,6.16,64,64
1Y19,equibind,excluded_reference_or_graph_check,,,,0,no_exact_element_candidate,,,94
1Y19,diffdock,excluded_reference_or_graph_check,,,,0,no_exact_element_candidate,,,94
1Y2A,equibind,excluded_reference_or_graph_check,short_polymer,P:B,10,1,exact_full_graph,8.5449,80,80
1Y2A,diffdock,excluded_reference_or_graph_check,short_polymer,P:B,10,1,exact_full_graph,41.6849,80,80
1Y3A,equibind,excluded_reference_or_graph_check,,,,0,no_exact_element_candidate,,,110
1Y3A,diffdock,excluded_reference_or_graph_check,,,,0,no_exact_element_candidate,,,110
1Y3G,diffdock,excluded_reference_or_graph_check,,,,0,no_exact_element_candidate,,,32
1Y3N,equibind,excluded_reference_or_graph_check,branched_glycan,B:B,2,2,exact_full_graph,4.5752,24,24
1Y3N,diffdock,excluded_reference_or_graph_check,branched_glycan,B:B,2,2,exact_full_graph,2.6273,24,24
1Y3P,equibind,excluded_reference_or_graph_check,branched_glycan,B:B,4,1,exact_full_graph,4.7395,48,48
1Y3P,diffdock,excluded_reference_or_graph_check,branched_glycan,B:B,4,1,exact_full_graph,2.6135,48,48
1YM2,equibind,excluded_reference_or_graph_check,short_polymer,X:D,6,3,exact_full_graph,27.0047,47,47
1YM2,diffdock,excluded_reference_or_graph_check,short_polymer,Z:F,6,3,exact_full_graph,9.2849,47,47
1YM4,equibind,excluded_reference_or_graph_check,short_polymer,X:D,5,3,exact_full_graph,23.7073,45,45
1YM4,diffdock,excluded_reference_or_graph_check,short_polymer,X:D,5,3,exact_full_graph,12.9873,45,45
1YWH,equibind,excluded_reference_or_graph_check,short_polymer,B:B,13,8,exact_full_graph,28.6135,116,116
1YWH,diffdock,excluded_reference_or_graph_check,short_polymer,B:B,13,8,exact_full_graph,14.0665,116,116
1YWI,equibind,excluded_reference_or_graph_check,short_polymer,B:B,6,1,exact_full_graph,8.9869,44,44
1YWI,diffdock,excluded_reference_or_graph_check,short_polymer,B:B,6,1,exact_full_graph,19.0872,44,44
1YY6,equibind,excluded_reference_or_graph_check,,,,0,no_exact_element_candidate,,,53
1YY6,diffdock,excluded_reference_or_graph_check,,,,0,no_exact_element_candidate,,,53
1Z3T,equibind,excluded_reference_or_graph_check,branched_glycan,B:B,2,2,exact_full_graph,5.8995,23,23
1Z3T,diffdock,excluded_reference_or_graph_check,branched_glycan,B:B,2,2,exact_full_graph,6.2416,23,23
1Z3V,equibind,excluded_reference_or_graph_check,branched_glycan,B:B,2,2,exact_full_graph,10.6278,23,23
1Z3V,diffdock,excluded_reference_or_graph_check,branched_glycan,B:B,2,2,exact_full_graph,2.968,23,23
1ZH7,equibind,excluded_reference_or_graph_check,short_polymer,D:D,11,2,exact_full_graph,28.7003,88,88
1ZH7,diffdock,excluded_reference_or_graph_check,short_polymer,C:C,11,2,exact_full_graph,15.9099,88,88
1ZHK,equibind,excluded_reference_or_graph_check,short_polymer,C:C,13,1,exact_full_graph,11.8397,101,101
1ZHK,diffdock,excluded_reference_or_graph_check,short_polymer,C:C,13,1,exact_full_graph,7.2359,101,101
1ZHL,equibind,excluded_reference_or_graph_check,short_polymer,C:C,13,1,exact_full_graph,10.501,101,101
1ZHL,diffdock,excluded_reference_or_graph_check,short_polymer,C:C,13,1,exact_full_graph,6.869,101,101
1ZKK,equibind,excluded_reference_or_graph_check,,,,0,no_exact_element_candidate,,,73
1ZKK,diffdock,excluded_reference_or_graph_check,,,,0,no_exact_element_candidate,,,73
1ZM6,equibind,excluded_reference_or_graph_check,short_polymer,P:B,5,1,exact_full_graph,8.4516,40,40
1ZM6,diffdock,excluded_reference_or_graph_check,short_polymer,P:B,5,1,exact_full_graph,7.9783,40,40
1ZUB,equibind,excluded_reference_or_graph_check,short_polymer,B:B,6,1,exact_full_graph,14.4494,50,50
1ZUB,diffdock,excluded_reference_or_graph_check,short_polymer,B:B,6,1,exact_full_graph,7.8644,50,50
2A0T,equibind,excluded_reference_or_graph_check,short_polymer,B:B,10,1,exact_full_graph,9.7009,86,86
2A0T,diffdock,excluded_reference_or_graph_check,short_polymer,B:B,10,1,exact_full_graph,14.2877,86,86
2A25,equibind,excluded_reference_or_graph_check,,,,0,no_exact_element_candidate,,,61
2A25,diffdock,excluded_reference_or_graph_check,,,,0,no_exact_element_candidate,,,61
2A3I,equibind,excluded_reference_or_graph_check,short_polymer,B:B,12,1,exact_full_graph,10.8142,100,100
2A3I,diffdock,excluded_reference_or_graph_check,short_polymer,B:B,12,1,exact_full_graph,14.4352,100,100
2AEB,diffdock,excluded_reference_or_graph_check,,,,0,no_exact_element_candidate,,,12
2AEZ,equibind,excluded_reference_or_graph_check,branched_glycan,D:D,3,1,exact_full_graph,2.6369,34,34
2AEZ,diffdock,excluded_reference_or_graph_check,branched_glycan,D:D,3,1,exact_full_graph,2.7834,34,34
2AOC,equibind,excluded_reference_or_graph_check,,,,0,no_exact_element_candidate,,,55
2AOC,diffdock,excluded_reference_or_graph_check,,,,0,no_exact_element_candidate,,,55
2AOD,equibind,excluded_reference_or_graph_check,,,,0,no_exact_element_candidate,,,55
2AOD,diffdock,excluded_reference_or_graph_check,,,,0,no_exact_element_candidate,,,55
2AOF,equibind,excluded_reference_or_graph_check,short_polymer,C:C,11,1,exact_full_graph,8.7383,82,82
2AOF,diffdock,excluded_reference_or_graph_check,short_polymer,C:C,11,1,exact_full_graph,18.2042,82,82
2AOH,equibind,excluded_reference_or_graph_check,,,,0,no_exact_element_candidate,,,79
2AOH,diffdock,excluded_reference_or_graph_check,,,,0,no_exact_element_candidate,,,79
2AOI,equibind,excluded_reference_or_graph_check,short_polymer,C:C,11,1,exact_full_graph,10.4771,82,82
2AOI,diffdock,excluded_reference_or_graph_check,short_polymer,C:C,11,1,exact_full_graph,19.2619,82,82
2AOJ,equibind,excluded_reference_or_graph_check,short_polymer,C:C,12,1,exact_full_graph,8.479,84,84
2AOJ,diffdock,excluded_reference_or_graph_check,short_polymer,C:C,12,1,exact_full_graph,5.3531,84,84
2AQ9,equibind,excluded_reference_or_graph_check,short_polymer,X:B,12,1,exact_full_graph,13.7847,100,100
2AQ9,diffdock,excluded_reference_or_graph_check,short_polymer,X:B,12,1,exact_full_graph,13.7475,100,100
2ASU,equibind,excluded_reference_or_graph_check,,,,0,no_exact_element_candidate,,,27
2ASU,diffdock,excluded_reference_or_graph_check,,,,0,no_exact_element_candidate,,,27
2AUC,equibind,excluded_reference_or_graph_check,short_polymer,D:D,14,1,exact_full_graph,43.1211,115,115
2AUC,diffdock,excluded_reference_or_graph_check,short_polymer,D:D,14,1,exact_full_graph,40.3742,115,115
2AY7,equibind,excluded_reference_or_graph_check,,,,0,no_exact_element_candidate,,,12
2AY7,diffdock,excluded_reference_or_graph_check,,,,0,no_exact_element_candidate,,,12
2AZC,equibind,excluded_reference_or_graph_check,nonpolymer_pair,A:3TL:200+B:3TL:200,2,1,exact_full_graph,9.8865,66,66
2AZC,diffdock,excluded_reference_or_graph_check,nonpolymer_pair,A:3TL:200+B:3TL:200,2,1,exact_full_graph,2.433,66,66
2AZM,equibind,excluded_reference_or_graph_check,short_polymer,D:D,5,2,exact_full_graph,14.9697,46,46
2AZM,diffdock,excluded_reference_or_graph_check,short_polymer,C:C,5,2,exact_full_graph,10.7626,46,46
2B1Q,equibind,excluded_reference_or_graph_check,branched_glycan,B:B,2,2,exact_full_graph,4.4264,23,23
2B1Q,diffdock,excluded_reference_or_graph_check,branched_glycan,B:B,2,2,exact_full_graph,3.7927,23,23
2B1R,equibind,excluded_reference_or_graph_check,branched_glycan,B:B,2,2,exact_full_graph,7.2939,23,23
2B1R,diffdock,excluded_reference_or_graph_check,branched_glycan,B:B,2,2,exact_full_graph,4.408,23,23
2B2V,equibind,excluded_reference_or_graph_check,,,,0,no_exact_element_candidate,,,50
2B2V,diffdock,excluded_reference_or_graph_check,,,,0,no_exact_element_candidate,,,50
2B7F,equibind,excluded_reference_or_graph_check,short_polymer,I:C,10,2,exact_full_graph,23.6686,75,75
2B7F,diffdock,excluded_reference_or_graph_check,short_polymer,I:C,10,2,exact_full_graph,40.9348,75,75
2BBA,equibind,excluded_reference_or_graph_check,short_polymer,P:B,14,1,exact_full_graph,11.8039,115,115
2BBA,diffdock,excluded_reference_or_graph_check,short_polymer,P:B,14,1,exact_full_graph,32.0386,115,115
2BCD,equibind,excluded_reference_or_graph_check,short_polymer,B:B,5,1,exact_full_graph,4.4435,55,55
2BCD,diffdock,excluded_reference_or_graph_check,short_polymer,B:B,5,1,exact_full_graph,4.9945,55,55
2BGN,equibind,excluded_reference_or_graph_check,short_polymer,Z:L,6,4,exact_full_graph,33.5898,51,51
2BGR,equibind,excluded_reference_or_graph_check,short_polymer,Y:C,3,2,exact_full_graph,21.318,23,23
2BGR,diffdock,excluded_reference_or_graph_check,short_polymer,Y:C,3,2,exact_full_graph,5.6185,23,23
2BMZ,equibind,excluded_reference_or_graph_check,branched_glycan,C:C,2,8,exact_full_graph,5.0983,22,22
2BMZ,diffdock,excluded_reference_or_graph_check,branched_glycan,E:E,2,8,exact_full_graph,2.3673,22,22
2BO4,equibind,excluded_reference_or_graph_check,,,,0,no_exact_element_candidate,,,13
2BO4,diffdock,excluded_reference_or_graph_check,,,,0,no_exact_element_candidate,,,13
2BZ8,equibind,excluded_reference_or_graph_check,short_polymer,C:C,11,1,exact_full_graph,9.0623,94,94
2BZ8,diffdock,excluded_reference_or_graph_check,short_polymer,C:C,11,1,exact_full_graph,6.1175,94,94
2C2L,equibind,excluded_reference_or_graph_check,short_polymer,G:G,9,4,exact_full_graph,14.1782,74,74
2C2L,diffdock,excluded_reference_or_graph_check,short_polymer,E:E,9,4,exact_full_graph,15.2379,74,74
2CE9,equibind,excluded_reference_or_graph_check,short_polymer,X:E,5,1,exact_full_graph,60.6502,55,55
2CE9,diffdock,excluded_reference_or_graph_check,short_polymer,X:E,5,1,exact_full_graph,73.9141,55,55
2CIA,equibind,excluded_reference_or_graph_check,short_polymer,L:B,10,1,exact_full_graph,13.2707,72,72
2CIA,diffdock,excluded_reference_or_graph_check,short_polymer,L:B,10,1,exact_full_graph,9.1914,72,72
2CV3,equibind,excluded_reference_or_graph_check,short_polymer,B:B,11,1,exact_full_graph,19.1895,91,91
2CV3,diffdock,excluded_reference_or_graph_check,short_polymer,B:B,11,1,exact_full_graph,33.8024,91,91
2D1X,equibind,excluded_reference_or_graph_check,,,,0,no_exact_element_candidate,,,67
2D1X,diffdock,excluded_reference_or_graph_check,,,,0,no_exact_element_candidate,,,67
2D2V,equibind,excluded_reference_or_graph_check,branched_glycan,B:B,2,2,exact_full_graph,6.5655,23,23
2D2V,diffdock,excluded_reference_or_graph_check,branched_glycan,B:B,2,2,exact_full_graph,4.4001,23,23
2DWX,equibind,excluded_reference_or_graph_check,short_polymer,P:E,8,1,exact_full_graph,51.4532,65,65
2DWX,diffdock,excluded_reference_or_graph_check,short_polymer,P:E,8,1,exact_full_graph,51.8517,65,65
2E7L,equibind,excluded_reference_or_graph_check,,,,0,no_exact_element_candidate,,,76
2E7L,diffdock,excluded_reference_or_graph_check,,,,0,no_exact_element_candidate,,,76
2ER0,equibind,excluded_reference_or_graph_check,short_polymer,I:B,8,1,exact_full_graph,10.4747,67,67
2ER0,diffdock,excluded_reference_or_graph_check,short_polymer,I:B,8,1,exact_full_graph,7.1449,67,67
2ER6,equibind,excluded_reference_or_graph_check,short_polymer,I:B,6,1,exact_full_graph,8.6414,65,65
2ER6,diffdock,excluded_reference_or_graph_check,short_polymer,I:B,6,1,exact_full_graph,9.6157,65,65
2ER9,equibind,excluded_reference_or_graph_check,short_polymer,I:B,8,1,exact_full_graph,10.8578,65,65
2ER9,diffdock,excluded_reference_or_graph_check,short_polymer,I:B,8,1,exact_full_graph,4.9235,65,65
2EUM,equibind,excluded_reference_or_graph_check,,,,0,no_exact_element_candidate,,,52
2EUM,diffdock,excluded_reference_or_graph_check,,,,0,no_exact_element_candidate,,,52
2EVL,equibind,excluded_reference_or_graph_check,,,,0,no_exact_element_candidate,,,51
2EVL,diffdock,excluded_reference_or_graph_check,,,,0,no_exact_element_candidate,,,51
2EZ5,equibind,excluded_reference_or_graph_check,,,,0,no_exact_element_candidate,,,85
2EZ5,diffdock,excluded_reference_or_graph_check,,,,0,no_exact_element_candidate,,,85
2F5T,equibind,excluded_reference_or_graph_check,branched_glycan,A:B,2,2,exact_full_graph,10.7909,23,23
2F5T,diffdock,excluded_reference_or_graph_check,branched_glycan,A:B,2,2,exact_full_graph,4.3972,23,23
2F6J,equibind,excluded_reference_or_graph_check,,,,0,no_exact_element_candidate,,,52
2F6J,diffdock,excluded_reference_or_graph_check,,,,0,no_exact_element_candidate,,,52
2FGU,equibind,excluded_reference_or_graph_check,,,,0,no_exact_element_candidate,,,49
2FGU,diffdock,excluded_reference_or_graph_check,,,,0,no_exact_element_candidate,,,49
2FGV,equibind,excluded_reference_or_graph_check,,,,0,no_exact_element_candidate,,,49
2FGV,diffdock,excluded_reference_or_graph_check,,,,0,no_exact_element_candidate,,,49
2FLU,equibind,excluded_reference_or_graph_check,short_polymer,P:B,16,1,exact_full_graph,19.8056,128,128
2FLU,diffdock,excluded_reference_or_graph_check,short_polymer,P:B,16,1,exact_full_graph,18.885,128,128
2FO4,equibind,excluded_reference_or_graph_check,short_polymer,P:C,8,1,exact_full_graph,5.9882,64,64
2FO4,diffdock,excluded_reference_or_graph_check,short_polymer,P:C,8,1,exact_full_graph,6.1249,64,64
2FX7,equibind,excluded_reference_or_graph_check,short_polymer,P:C,16,1,exact_full_graph,9.368,157,157
2FX7,diffdock,excluded_reference_or_graph_check,short_polymer,P:C,16,1,exact_full_graph,13.8463,157,157
2FX9,equibind,excluded_reference_or_graph_check,short_polymer,P:E,14,2,exact_full_graph,57.3399,138,138
2FX9,diffdock,excluded_reference_or_graph_check,short_polymer,P:E,14,2,exact_full_graph,39.4846,138,138
2G6Q,equibind,excluded_reference_or_graph_check,,,,0,no_exact_element_candidate,,,68
2G6Q,diffdock,excluded_reference_or_graph_check,,,,0,no_exact_element_candidate,,,68
2GFA,equibind,excluded_reference_or_graph_check,,,,0,no_exact_element_candidate,,,57
2GFA,diffdock,excluded_reference_or_graph_check,,,,0,no_exact_element_candidate,,,57
2GGU,equibind,excluded_reference_or_graph_check,branched_glycan,F:F,3,3,exact_full_graph,23.7634,34,34
2GGU,diffdock,excluded_reference_or_graph_check,branched_glycan,E:E,3,3,exact_full_graph,2.9846,34,34
2GH9,equibind,excluded_reference_or_graph_check,branched_glycan,B:B,3,1,exact_full_graph,3.3758,34,34
2GH9,diffdock,excluded_reference_or_graph_check,branched_glycan,B:B,3,1,exact_full_graph,1.1055,34,34
2H13,equibind,excluded_reference_or_graph_check,,,,0,no_exact_element_candidate,,,39
2H13,diffdock,excluded_reference_or_graph_check,,,,0,no_exact_element_candidate,,,39
2H2D,equibind,excluded_reference_or_graph_check,short_polymer,B:B,13,1,exact_full_graph,20.8026,110,110
2H2D,diffdock,excluded_reference_or_graph_check,short_polymer,B:B,13,1,exact_full_graph,18.4519,110,110
2H2G,equibind,excluded_reference_or_graph_check,,,,0,no_exact_element_candidate,,,46
2H2G,diffdock,excluded_reference_or_graph_check,,,,0,no_exact_element_candidate,,,46
2H5D,equibind,excluded_reference_or_graph_check,short_polymer,B:B,5,1,exact_full_graph,8.1386,33,33
2H5D,diffdock,excluded_reference_or_graph_check,short_polymer,B:B,5,1,exact_full_graph,4.8601,33,33
2H5I,equibind,excluded_reference_or_graph_check,short_polymer,C:C,5,1,exact_full_graph,8.0687,35,35
2H5I,diffdock,excluded_reference_or_graph_check,short_polymer,C:C,5,1,exact_full_graph,6.1833,35,35
2H5J,equibind,excluded_reference_or_graph_check,short_polymer,E:E,5,2,exact_full_graph,19.7241,36,36
2H5J,diffdock,excluded_reference_or_graph_check,short_polymer,E:E,5,2,exact_full_graph,6.3678,36,36
2H65,equibind,excluded_reference_or_graph_check,short_polymer,E:E,6,2,exact_full_graph,15.0721,38,38
2H65,diffdock,excluded_reference_or_graph_check,short_polymer,E:E,6,2,exact_full_graph,7.4157,38,38
2H6K,equibind,excluded_reference_or_graph_check,short_polymer,C:C,9,1,exact_full_graph,46.1235,75,75
2H6K,diffdock,excluded_reference_or_graph_check,short_polymer,C:C,9,1,exact_full_graph,7.9813,75,75
2H6T,equibind,excluded_reference_or_graph_check,short_polymer,B:B,6,1,exact_full_graph,7.1124,48,48
2H6T,diffdock,excluded_reference_or_graph_check,short_polymer,B:B,6,1,exact_full_graph,2.8621,48,48
2H9M,equibind,excluded_reference_or_graph_check,,,,0,no_exact_element_candidate,,,46
2H9M,diffdock,excluded_reference_or_graph_check,,,,0,no_exact_element_candidate,,,46
2H9N,equibind,excluded_reference_or_graph_check,,,,0,no_exact_element_candidate,,,39
2H9N,diffdock,excluded_reference_or_graph_check,,,,0,no_exact_element_candidate,,,39
2H9P,equibind,excluded_reference_or_graph_check,,,,0,no_exact_element_candidate,,,29
2H9P,diffdock,excluded_reference_or_graph_check,,,,0,no_exact_element_candidate,,,29
2HKF,equibind,excluded_reference_or_graph_check,short_polymer,P:C,9,1,exact_full_graph,9.0486,61,61
2HKF,diffdock,excluded_reference_or_graph_check,short_polymer,P:C,9,1,exact_full_graph,31.0167,61,61
2HOB,equibind,excluded_reference_or_graph_check,short_polymer,B:B,6,1,exact_full_graph,11.2485,49,49
2HOB,diffdock,excluded_reference_or_graph_check,short_polymer,B:B,6,1,exact_full_graph,4.4506,49,49
2I3H,equibind,excluded_reference_or_graph_check,short_polymer,C:C,4,2,exact_full_graph,10.2265,34,34
2I3H,diffdock,excluded_reference_or_graph_check,short_polymer,C:C,4,2,exact_full_graph,10.19,34,34
2IG0,equibind,excluded_reference_or_graph_check,short_polymer,B:B,2,1,exact_full_graph,4.4432,21,21
2IG0,diffdock,excluded_reference_or_graph_check,short_polymer,B:B,2,1,exact_full_graph,3.6685,21,21
2IGV,equibind,excluded_reference_or_graph_check,nonpolymer_pair,A:SER:201+A:PRO:202,2,1,exact_full_graph,4.2035,14,14
2IGV,diffdock,excluded_reference_or_graph_check,nonpolymer_pair,A:SER:201+A:PRO:202,2,1,exact_full_graph,8.6277,14,14
2IGW,equibind,excluded_reference_or_graph_check,nonpolymer_pair,A:GLY:201+A:PRO:202,2,1,exact_full_graph,4.6055,12,12
2IGW,diffdock,excluded_reference_or_graph_check,nonpolymer_pair,A:GLY:201+A:PRO:202,2,1,exact_full_graph,8.5287,12,12
2IMD,equibind,excluded_reference_or_graph_check,,,,0,no_exact_element_candidate,,,18
2IMD,diffdock,excluded_reference_or_graph_check,,,,0,no_exact_element_candidate,,,18
2IV9,equibind,excluded_reference_or_graph_check,,,,0,no_exact_element_candidate,,,69
2IV9,diffdock,excluded_reference_or_graph_check,,,,0,no_exact_element_candidate,,,69
2IVZ,equibind,excluded_reference_or_graph_check,,,,0,no_exact_element_candidate,,,110
2IVZ,diffdock,excluded_reference_or_graph_check,,,,0,no_exact_element_candidate,,,110
2J9A,equibind,excluded_reference_or_graph_check,,,,0,no_exact_element_candidate,,,52
2J9A,diffdock,excluded_reference_or_graph_check,,,,0,no_exact_element_candidate,,,52
2JBU,equibind,excluded_reference_or_graph_check,,,,0,no_exact_element_candidate,,,36
2JBU,diffdock,excluded_reference_or_graph_check,,,,0,no_exact_element_candidate,,,36
2JDH,equibind,excluded_reference_or_graph_check,,,,0,no_exact_element_candidate,,,31
2JDH,diffdock,excluded_reference_or_graph_check,,,,0,no_exact_element_candidate,,,31
2JDL,equibind,excluded_reference_or_graph_check,short_polymer,C:C,10,1,exact_full_graph,9.0319,79,79
2JDL,diffdock,excluded_reference_or_graph_check,short_polymer,C:C,10,1,exact_full_graph,25.5841,79,79
2JJB,equibind,excluded_reference_or_graph_check,nonpolymer_pair,B:3CU:1545+B:GLC:1546,2,4,exact_full_graph,25.7079,25,25
2JJB,diffdock,excluded_reference_or_graph_check,nonpolymer_pair,A:3CU:1547+A:GLC:1548,2,4,exact_full_graph,1.7455,25,25
2JK9,equibind,excluded_reference_or_graph_check,,,,0,no_exact_element_candidate,,,62
2JK9,diffdock,excluded_reference_or_graph_check,,,,0,no_exact_element_candidate,,,62
2JKR,equibind,excluded_reference_or_graph_check,,,,0,no_exact_element_candidate,,,74
2JKT,equibind,excluded_reference_or_graph_check,,,,0,no_exact_element_candidate,,,74
2JO9,equibind,excluded_reference_or_graph_check,short_polymer,B:B,9,1,exact_full_graph,6.9789,76,76
2JO9,diffdock,excluded_reference_or_graph_check,short_polymer,B:B,9,1,exact_full_graph,7.9125,76,76
2JOA,equibind,excluded_reference_or_graph_check,short_polymer,B:B,7,1,exact_full_graph,10.9866,69,69
2JOA,diffdock,excluded_reference_or_graph_check,short_polymer,B:B,7,1,exact_full_graph,12.8525,69,69
2JQ9,equibind,excluded_reference_or_graph_check,short_polymer,B:B,13,1,exact_full_graph,13.579,108,108
2JQ9,diffdock,excluded_reference_or_graph_check,short_polymer,B:B,13,1,exact_full_graph,23.4805,108,108
2JQI,equibind,excluded_reference_or_graph_check,short_polymer,B:B,10,1,exact_full_graph,18.4496,82,82
2JQI,diffdock,excluded_reference_or_graph_check,short_polymer,B:B,10,1,exact_full_graph,7.0947,82,82
2JQK,equibind,excluded_reference_or_graph_check,short_polymer,B:B,14,1,exact_full_graph,9.5992,113,113
2JQK,diffdock,excluded_reference_or_graph_check,short_polymer,B:B,14,1,exact_full_graph,24.7352,113,113
2JQL,equibind,excluded_reference_or_graph_check,short_polymer,B:B,10,1,exact_full_graph,19.9622,86,86
2JQL,diffdock,excluded_reference_or_graph_check,short_polymer,B:B,10,1,exact_full_graph,13.4559,86,86
2JUP,equibind,excluded_reference_or_graph_check,short_polymer,P:B,9,1,exact_full_graph,14.2023,63,63
2JUP,diffdock,excluded_reference_or_graph_check,short_polymer,P:B,9,1,exact_full_graph,26.6313,63,63
2K00,equibind,excluded_reference_or_graph_check,short_polymer,B:B,15,1,exact_full_graph,21.7677,129,129
2K00,diffdock,excluded_reference_or_graph_check,short_polymer,B:B,15,1,exact_full_graph,19.4134,129,129
2K0X,equibind,excluded_reference_or_graph_check,,,,0,no_exact_element_candidate,,,22
2K0X,diffdock,excluded_reference_or_graph_check,,,,0,no_exact_element_candidate,,,22
2K1Q,equibind,excluded_reference_or_graph_check,short_polymer,B:B,5,1,exact_full_graph,6.7504,45,45
2K1Q,diffdock,excluded_reference_or_graph_check,short_polymer,B:B,5,1,exact_full_graph,7.5517,45,45
2K2R,equibind,excluded_reference_or_graph_check,short_polymer,B:B,10,1,exact_full_graph,19.9039,76,76
2K2R,diffdock,excluded_reference_or_graph_check,short_polymer,B:B,10,1,exact_full_graph,17.0893,76,76
2K3W,equibind,excluded_reference_or_graph_check,,,,0,no_exact_element_candidate,,,93
2K3W,diffdock,excluded_reference_or_graph_check,,,,0,no_exact_element_candidate,,,93
2K46,equibind,excluded_reference_or_graph_check,branched_glycan,B:B,2,2,exact_full_graph,5.3386,23,23
2K46,diffdock,excluded_reference_or_graph_check,branched_glycan,B:B,2,2,exact_full_graph,1.6202,23,23
2KBR,equibind,excluded_reference_or_graph_check,short_polymer,B:B,18,1,graph_mapping_limit_reached,,157,157
2KBR,diffdock,excluded_reference_or_graph_check,short_polymer,B:B,18,1,graph_mapping_limit_reached,,157,157
2KBS,equibind,excluded_reference_or_graph_check,short_polymer,B:B,8,1,exact_full_graph,16.1799,64,64
2KBS,diffdock,excluded_reference_or_graph_check,short_polymer,B:B,8,1,exact_full_graph,9.8934,64,64
2KE1,equibind,excluded_reference_or_graph_check,short_polymer,B:B,10,1,exact_full_graph,13.6706,80,80
2KE1,diffdock,excluded_reference_or_graph_check,short_polymer,B:B,10,1,exact_full_graph,9.4309,80,80
2KGI,equibind,excluded_reference_or_graph_check,short_polymer,B:B,9,1,exact_full_graph,8.5416,75,75
2KGI,diffdock,excluded_reference_or_graph_check,short_polymer,B:B,9,1,exact_full_graph,6.7853,75,75
2KHH,equibind,excluded_reference_or_graph_check,short_polymer,B:B,9,1,exact_full_graph,12.6171,66,66
2KHH,diffdock,excluded_reference_or_graph_check,short_polymer,B:B,9,1,exact_full_graph,15.4992,66,66
2KNH,equibind,excluded_reference_or_graph_check,,,,0,no_exact_element_candidate,,,139
2KNH,diffdock,excluded_reference_or_graph_check,,,,0,no_exact_element_candidate,,,139
2KOH,equibind,excluded_reference_or_graph_check,short_polymer,B:B,16,1,exact_full_graph,15.6776,127,127
2KOH,diffdock,excluded_reference_or_graph_check,short_polymer,B:B,16,1,exact_full_graph,16.3956,127,127
2KS9,equibind,excluded_reference_or_graph_check,short_polymer,B:B,11,1,exact_full_graph,12.5502,95,95
2KS9,diffdock,excluded_reference_or_graph_check,short_polymer,B:B,11,1,exact_full_graph,12.9095,95,95
2KSP,equibind,excluded_reference_or_graph_check,short_polymer,B:B,15,1,exact_full_graph,12.9827,131,131
2KSP,diffdock,excluded_reference_or_graph_check,short_polymer,B:B,15,1,exact_full_graph,13.6775,131,131
2KUP,equibind,excluded_reference_or_graph_check,,,,0,no_exact_element_candidate,,,166
2KUP,diffdock,excluded_reference_or_graph_check,,,,0,no_exact_element_candidate,,,166
2KVM,equibind,excluded_reference_or_graph_check,short_polymer,B:B,16,1,exact_full_graph,13.6037,121,121
2KVM,diffdock,excluded_reference_or_graph_check,short_polymer,B:B,16,1,exact_full_graph,17.5785,121,121
2L0I,equibind,excluded_reference_or_graph_check,short_polymer,B:B,9,1,exact_full_graph,11.1645,69,69
2L0I,diffdock,excluded_reference_or_graph_check,short_polymer,B:B,9,1,exact_full_graph,7.7371,69,69
2L12,equibind,excluded_reference_or_graph_check,short_polymer,B:B,15,1,exact_full_graph,15.8946,112,112
2L12,diffdock,excluded_reference_or_graph_check,short_polymer,B:B,15,1,exact_full_graph,15.6919,112,112
2L1B,equibind,excluded_reference_or_graph_check,short_polymer,B:B,15,1,exact_full_graph,12.8967,106,106
2L1B,diffdock,excluded_reference_or_graph_check,short_polymer,B:B,15,1,exact_full_graph,17.4937,106,106
2L3R,equibind,excluded_reference_or_graph_check,short_polymer,B:B,11,1,exact_full_graph,12.9522,90,90
2L3R,diffdock,excluded_reference_or_graph_check,short_polymer,B:B,11,1,exact_full_graph,10.7638,90,90
2L6E,equibind,excluded_reference_or_graph_check,short_polymer,B:B,14,1,exact_full_graph,10.6056,124,124
2L6E,diffdock,excluded_reference_or_graph_check,short_polymer,B:B,14,1,exact_full_graph,13.4882,124,124
2L6J,equibind,excluded_reference_or_graph_check,short_polymer,B:B,5,1,exact_full_graph,13.7064,42,42
2L6J,diffdock,excluded_reference_or_graph_check,short_polymer,B:B,5,1,exact_full_graph,10.2052,42,42
2L7U,equibind,excluded_reference_or_graph_check,,,,0,no_exact_element_candidate,,,65
2L7U,diffdock,excluded_reference_or_graph_check,,,,0,no_exact_element_candidate,,,65
2L8J,equibind,excluded_reference_or_graph_check,,,,0,no_exact_element_candidate,,,128
2L8J,diffdock,excluded_reference_or_graph_check,,,,0,no_exact_element_candidate,,,128
2LAS,equibind,excluded_reference_or_graph_check,short_polymer,B:B,13,1,exact_full_graph,10.0168,114,114
2LAS,diffdock,excluded_reference_or_graph_check,short_polymer,B:B,13,1,exact_full_graph,15.4521,114,114
2LBM,equibind,excluded_reference_or_graph_check,short_polymer,C:B,15,1,exact_full_graph,19.0752,112,112
2LBM,diffdock,excluded_reference_or_graph_check,short_polymer,C:B,15,1,exact_full_graph,15.0857,112,112
2LCS,equibind,excluded_reference_or_graph_check,,,,0,no_exact_element_candidate,,,116
2LCS,diffdock,excluded_reference_or_graph_check,,,,0,no_exact_element_candidate,,,116
2LCT,equibind,excluded_reference_or_graph_check,short_polymer,B:B,13,1,graph_mapping_limit_reached,,115,115
2LCT,diffdock,excluded_reference_or_graph_check,short_polymer,B:B,13,1,graph_mapping_limit_reached,,115,115
2LIQ,equibind,excluded_reference_or_graph_check,branched_glycan,B:B,3,1,exact_full_graph,4.0256,40,40
2LIQ,diffdock,excluded_reference_or_graph_check,branched_glycan,B:B,3,1,exact_full_graph,1.2813,40,40
2LL6,equibind,excluded_reference_or_graph_check,short_polymer,B:B,17,1,exact_full_graph,12.2439,135,135
2LL6,diffdock,excluded_reference_or_graph_check,short_polymer,B:B,17,1,exact_full_graph,20.6463,135,135
2LL7,equibind,excluded_reference_or_graph_check,short_polymer,B:B,17,1,exact_full_graph,10.5263,129,129
2LL7,diffdock,excluded_reference_or_graph_check,short_polymer,B:B,17,1,exact_full_graph,12.658,129,129
2LPR,equibind,excluded_reference_or_graph_check,short_polymer,P:B,4,1,exact_full_graph,3.9506,25,25
2LPR,diffdock,excluded_reference_or_graph_check,short_polymer,P:B,4,1,exact_full_graph,3.7727,25,25
2LSR,equibind,excluded_reference_or_graph_check,short_polymer,B:B,16,1,graph_mapping_limit_reached,,134,134
2LSR,diffdock,excluded_reference_or_graph_check,short_polymer,B:B,16,1,graph_mapping_limit_reached,,134,134
2LSV,equibind,excluded_reference_or_graph_check,short_polymer,B:B,9,1,exact_full_graph,10.2914,71,71
2LSV,diffdock,excluded_reference_or_graph_check,short_polymer,B:B,9,1,exact_full_graph,9.9809,71,71
2LTV,equibind,excluded_reference_or_graph_check,short_polymer,B:B,12,1,exact_full_graph,11.9961,99,99
2LTV,diffdock,excluded_reference_or_graph_check,short_polymer,B:B,12,1,exact_full_graph,14.6757,99,99
2LTW,equibind,excluded_reference_or_graph_check,short_polymer,B:B,14,1,exact_full_graph,14.174,112,112
2LTW,diffdock,excluded_reference_or_graph_check,short_polymer,B:B,14,1,exact_full_graph,15.1516,112,112
2LTX,equibind,excluded_reference_or_graph_check,short_polymer,B:B,15,1,exact_full_graph,9.4973,125,125
2LTX,diffdock,excluded_reference_or_graph_check,short_polymer,B:B,15,1,exact_full_graph,20.0642,125,125
2LTY,equibind,excluded_reference_or_graph_check,short_polymer,B:B,15,1,exact_full_graph,12.4271,125,125
2LTY,diffdock,excluded_reference_or_graph_check,short_polymer,B:B,15,1,exact_full_graph,19.577,125,125
2M0O,equibind,excluded_reference_or_graph_check,short_polymer,B:B,11,1,exact_full_graph,15.8108,87,87
2M0O,diffdock,excluded_reference_or_graph_check,short_polymer,B:B,11,1,exact_full_graph,13.8214,87,87
2M0V,equibind,excluded_reference_or_graph_check,short_polymer,B:B,5,1,exact_full_graph,7.5506,44,44
2M0V,diffdock,excluded_reference_or_graph_check,short_polymer,B:B,5,1,exact_full_graph,8.6389,44,44
2M3O,equibind,excluded_reference_or_graph_check,,,,0,no_exact_element_candidate,,,75
2M3O,diffdock,excluded_reference_or_graph_check,,,,0,no_exact_element_candidate,,,75
2M41,equibind,excluded_reference_or_graph_check,short_polymer,A:A,15,1,exact_full_graph,14.7248,124,124
2M41,diffdock,excluded_reference_or_graph_check,short_polymer,A:A,15,1,exact_full_graph,12.5648,124,124
2MC1,equibind,excluded_reference_or_graph_check,short_polymer,B:B,13,1,exact_full_graph,17.0937,111,111
2MC1,diffdock,excluded_reference_or_graph_check,short_polymer,B:B,13,1,exact_full_graph,9.5064,111,111
2MG5,equibind,excluded_reference_or_graph_check,short_polymer,B:B,16,1,exact_full_graph,9.2983,119,119
2MG5,diffdock,excluded_reference_or_graph_check,short_polymer,B:B,16,1,exact_full_graph,15.7282,119,119
2MIP,equibind,excluded_reference_or_graph_check,short_polymer,F:F,7,4,exact_full_graph,31.5047,54,54
2MIP,diffdock,excluded_reference_or_graph_check,short_polymer,F:F,7,4,exact_full_graph,12.955,54,54
2MKR,equibind,excluded_reference_or_graph_check,,,,0,no_exact_element_candidate,,,116
2MKR,diffdock,excluded_reference_or_graph_check,,,,0,no_exact_element_candidate,,,116
2MNZ,equibind,excluded_reference_or_graph_check,short_polymer,B:B,10,1,exact_full_graph,22.1151,80,80
2MNZ,diffdock,excluded_reference_or_graph_check,short_polymer,B:B,10,1,exact_full_graph,15.0639,80,80
2MOW,equibind,excluded_reference_or_graph_check,,,,0,no_exact_element_candidate,,,100
2MOW,diffdock,excluded_reference_or_graph_check,,,,0,no_exact_element_candidate,,,100
2MPS,equibind,excluded_reference_or_graph_check,short_polymer,B:B,16,1,exact_full_graph,10.8188,127,127
2MPS,diffdock,excluded_reference_or_graph_check,short_polymer,B:B,16,1,exact_full_graph,24.1438,127,127
2MS4,equibind,excluded_reference_or_graph_check,short_polymer,B:B,9,1,exact_full_graph,14.8019,68,68
2MS4,diffdock,excluded_reference_or_graph_check,short_polymer,B:B,9,1,exact_full_graph,8.6521,68,68
2MWY,equibind,excluded_reference_or_graph_check,,,,0,no_exact_element_candidate,,,128
2MWY,diffdock,excluded_reference_or_graph_check,,,,0,no_exact_element_candidate,,,128
2N3K,equibind,excluded_reference_or_graph_check,,,,0,no_exact_element_candidate,,,152
2N3K,diffdock,excluded_reference_or_graph_check,,,,0,no_exact_element_candidate,,,152
2N8T,equibind,excluded_reference_or_graph_check,short_polymer,B:B,14,1,exact_full_graph,14.7304,110,110
2N8T,diffdock,excluded_reference_or_graph_check,short_polymer,B:B,14,1,exact_full_graph,14.579,110,110
2N9E,equibind,excluded_reference_or_graph_check,short_polymer,A:A,15,1,graph_mapping_limit_reached,,109,109
2N9E,diffdock,excluded_reference_or_graph_check,short_polymer,A:A,15,1,graph_mapping_limit_reached,,109,109
2N9X,equibind,excluded_reference_or_graph_check,short_polymer,B:B,17,1,graph_mapping_limit_reached,,146,146
2N9X,diffdock,excluded_reference_or_graph_check,short_polymer,B:B,17,1,graph_mapping_limit_reached,,146,146
2NCZ,equibind,excluded_reference_or_graph_check,short_polymer,B:B,12,1,exact_full_graph,12.4998,100,100
2NCZ,diffdock,excluded_reference_or_graph_check,short_polymer,B:B,12,1,exact_full_graph,25.5351,100,100
2ND0,equibind,excluded_reference_or_graph_check,short_polymer,B:B,19,1,exact_full_graph,13.9908,148,148
2ND0,diffdock,excluded_reference_or_graph_check,short_polymer,B:B,19,1,exact_full_graph,19.6917,148,148
2NDF,equibind,excluded_reference_or_graph_check,short_polymer,B:B,13,1,exact_full_graph,15.2258,96,96
2NDF,diffdock,excluded_reference_or_graph_check,short_polymer,B:B,13,1,exact_full_graph,10.7996,96,96
2NDG,equibind,excluded_reference_or_graph_check,short_polymer,B:B,13,1,exact_full_graph,14.1617,98,98
2NDG,diffdock,excluded_reference_or_graph_check,short_polymer,B:B,13,1,exact_full_graph,7.6219,98,98
2NM1,equibind,excluded_reference_or_graph_check,short_polymer,B:B,17,1,exact_full_graph,12.6341,149,149
2NM1,diffdock,excluded_reference_or_graph_check,short_polymer,B:B,17,1,exact_full_graph,27.4658,149,149
2NN8,equibind,excluded_reference_or_graph_check,branched_glycan,C:C,2,6,exact_full_graph,6.7715,23,23
2NN8,diffdock,excluded_reference_or_graph_check,branched_glycan,C:C,2,6,exact_full_graph,1.2364,23,23
2NWN,equibind,excluded_reference_or_graph_check,short_polymer,B:B,12,1,exact_full_graph,13.5018,102,102
2NWN,diffdock,excluded_reference_or_graph_check,short_polymer,B:B,12,1,exact_full_graph,9.0731,102,102
2NXD,equibind,excluded_reference_or_graph_check,,,,0,no_exact_element_candidate,,,59
2NXD,diffdock,excluded_reference_or_graph_check,,,,0,no_exact_element_candidate,,,59
2O7V,equibind,excluded_reference_or_graph_check,,,,0,no_exact_element_candidate,,,10
2O7V,diffdock,excluded_reference_or_graph_check,,,,0,no_exact_element_candidate,,,10
2O9R,equibind,excluded_reference_or_graph_check,branched_glycan,B:B,2,2,exact_full_graph,2.6529,23,23
2O9R,diffdock,excluded_reference_or_graph_check,branched_glycan,B:B,2,2,exact_full_graph,1.2357,23,23
2O9V,equibind,excluded_reference_or_graph_check,,,,0,no_exact_element_candidate,,,70
2O9V,diffdock,excluded_reference_or_graph_check,,,,0,no_exact_element_candidate,,,70
2ODD,equibind,excluded_reference_or_graph_check,,,,0,no_exact_element_candidate,,,93
2ODD,diffdock,excluded_reference_or_graph_check,,,,0,no_exact_element_candidate,,,93
2OEI,equibind,excluded_reference_or_graph_check,,,,0,no_exact_element_candidate,,,65
2OEI,diffdock,excluded_reference_or_graph_check,,,,0,no_exact_element_candidate,,,65
2OI3,equibind,excluded_reference_or_graph_check,short_polymer,B:B,14,1,exact_full_graph,20.7365,99,99
2OI3,diffdock,excluded_reference_or_graph_check,short_polymer,B:B,14,1,exact_full_graph,9.0697,99,99
2OI9,equibind,excluded_reference_or_graph_check,,,,0,no_exact_element_candidate,,,76
2OI9,diffdock,excluded_reference_or_graph_check,,,,0,no_exact_element_candidate,,,76
2OLB,equibind,excluded_reference_or_graph_check,short_polymer,B:B,3,1,exact_full_graph,6.9901,28,28
2OLB,diffdock,excluded_reference_or_graph_check,short_polymer,B:B,3,1,exact_full_graph,5.893,28,28
2OR9,equibind,excluded_reference_or_graph_check,short_polymer,P:E,11,1,exact_full_graph,15.154,92,92
2OR9,diffdock,excluded_reference_or_graph_check,short_polymer,P:E,11,1,exact_full_graph,20.9931,92,92
2OVQ,equibind,excluded_reference_or_graph_check,short_polymer,C:C,12,1,bond_count_mismatch,,90,90
2OVQ,diffdock,excluded_reference_or_graph_check,short_polymer,C:C,12,1,bond_count_mismatch,,90,90
2PEH,equibind,excluded_reference_or_graph_check,short_polymer,C:B,10,1,exact_full_graph,24.134,88,88
2PEH,diffdock,excluded_reference_or_graph_check,short_polymer,C:B,10,1,exact_full_graph,11.6945,88,88
2PEM,equibind,excluded_reference_or_graph_check,short_polymer,R:G,7,1,exact_full_graph,44.0275,55,55
2PEM,diffdock,excluded_reference_or_graph_check,short_polymer,R:G,7,1,exact_full_graph,48.4097,55,55
2PMC,equibind,excluded_reference_or_graph_check,short_polymer,E:E,8,2,exact_full_graph,29.7414,62,62
2PMC,diffdock,excluded_reference_or_graph_check,short_polymer,E:E,8,2,exact_full_graph,37.7256,62,62
2PNX,equibind,excluded_reference_or_graph_check,short_polymer,D:D,11,1,exact_full_graph,11.1062,89,89
2PNX,diffdock,excluded_reference_or_graph_check,short_polymer,D:D,11,1,exact_full_graph,20.5507,89,89
2PR9,equibind,excluded_reference_or_graph_check,short_polymer,P:B,10,1,exact_full_graph,8.3956,86,86
2PR9,diffdock,excluded_reference_or_graph_check,short_polymer,P:B,10,1,exact_full_graph,41.2814,86,86
2PSX,equibind,excluded_reference_or_graph_check,,,,0,no_exact_element_candidate,,,27
2PSX,diffdock,excluded_reference_or_graph_check,,,,0,no_exact_element_candidate,,,27
2PUY,equibind,excluded_reference_or_graph_check,short_polymer,E:C,10,1,exact_full_graph,35.6958,80,80
2PUY,diffdock,excluded_reference_or_graph_check,short_polymer,E:C,10,1,exact_full_graph,44.6308,80,80
2PV1,equibind,excluded_reference_or_graph_check,short_polymer,B:B,7,1,exact_full_graph,5.5895,66,66
2PV1,diffdock,excluded_reference_or_graph_check,short_polymer,B:B,7,1,exact_full_graph,10.1752,66,66
2PV2,equibind,excluded_reference_or_graph_check,short_polymer,F:F,12,2,exact_full_graph,17.5915,116,116
2PV2,diffdock,excluded_reference_or_graph_check,short_polymer,F:F,12,2,exact_full_graph,25.8752,116,116
2PV3,equibind,excluded_reference_or_graph_check,,,,0,no_exact_element_candidate,,,96
2PV3,diffdock,excluded_reference_or_graph_check,,,,0,no_exact_element_candidate,,,96
2Q3Z,equibind,excluded_reference_or_graph_check,,,,0,no_exact_element_candidate,,,43
2Q3Z,diffdock,excluded_reference_or_graph_check,,,,0,no_exact_element_candidate,,,43
2Q6F,equibind,excluded_reference_or_graph_check,short_polymer,C:D,6,2,exact_full_graph,17.63,49,49
2Q6F,diffdock,excluded_reference_or_graph_check,short_polymer,C:D,6,2,exact_full_graph,5.6086,49,49
2QBW,equibind,excluded_reference_or_graph_check,short_polymer,B:B,8,1,exact_full_graph,13.7986,66,66
2QBW,diffdock,excluded_reference_or_graph_check,short_polymer,B:B,8,1,exact_full_graph,13.6625,66,66
2QBX,equibind,excluded_reference_or_graph_check,short_polymer,D:C,11,1,exact_full_graph,27.4158,96,96
2QBX,diffdock,excluded_reference_or_graph_check,short_polymer,D:C,11,1,exact_full_graph,79.0296,96,96
2QIC,equibind,excluded_reference_or_graph_check,,,,0,no_exact_element_candidate,,,68
2QIC,diffdock,excluded_reference_or_graph_check,,,,0,no_exact_element_candidate,,,68
2QKI,equibind,excluded_reference_or_graph_check,,,,0,no_exact_element_candidate,,,110
2QL5,equibind,excluded_reference_or_graph_check,,,,0,no_exact_element_candidate,,,33
2QL5,diffdock,excluded_reference_or_graph_check,,,,0,no_exact_element_candidate,,,33
2QL7,equibind,excluded_reference_or_graph_check,,,,0,no_exact_element_candidate,,,32
2QL7,diffdock,excluded_reference_or_graph_check,,,,0,no_exact_element_candidate,,,32
2QL9,equibind,excluded_reference_or_graph_check,,,,0,no_exact_element_candidate,,,33
2QL9,diffdock,excluded_reference_or_graph_check,,,,0,no_exact_element_candidate,,,33
2QLB,equibind,excluded_reference_or_graph_check,,,,0,no_exact_element_candidate,,,31
2QLB,diffdock,excluded_reference_or_graph_check,,,,0,no_exact_element_candidate,,,31
2QLF,equibind,excluded_reference_or_graph_check,,,,0,no_exact_element_candidate,,,32
2QLF,diffdock,excluded_reference_or_graph_check,,,,0,no_exact_element_candidate,,,32
2QLJ,equibind,excluded_reference_or_graph_check,,,,0,no_exact_element_candidate,,,41
2QLJ,diffdock,excluded_reference_or_graph_check,,,,0,no_exact_element_candidate,,,41
2QMJ,equibind,excluded_reference_or_graph_check,branched_glycan,B:C,3,1,exact_full_graph,3.6628,44,44
2QMJ,diffdock,excluded_reference_or_graph_check,branched_glycan,B:C,3,1,exact_full_graph,2.658,44,44
2QT5,equibind,excluded_reference_or_graph_check,short_polymer,X:C,4,2,exact_full_graph,24.0861,28,28
2QT5,diffdock,excluded_reference_or_graph_check,short_polymer,X:C,4,2,exact_full_graph,24.8294,28,28
2QZX,equibind,excluded_reference_or_graph_check,short_polymer,C:C,6,2,exact_full_graph,27.5747,48,48
2QZX,diffdock,excluded_reference_or_graph_check,short_polymer,C:C,6,2,exact_full_graph,8.2849,48,48
2R03,equibind,excluded_reference_or_graph_check,,,,0,no_exact_element_candidate,,,67
2R03,diffdock,excluded_reference_or_graph_check,,,,0,no_exact_element_candidate,,,67
2R0H,equibind,excluded_reference_or_graph_check,branched_glycan,G:G,3,4,exact_full_graph,36.8329,43,43
2R0H,diffdock,excluded_reference_or_graph_check,branched_glycan,H:H,3,4,exact_full_graph,3.8223,43,43
2R0Y,equibind,excluded_reference_or_graph_check,,,,0,no_exact_element_candidate,,,13
2R0Y,diffdock,excluded_reference_or_graph_check,,,,0,no_exact_element_candidate,,,13
2R1W,equibind,excluded_reference_or_graph_check,,,,0,no_exact_element_candidate,,,14
2R1W,diffdock,excluded_reference_or_graph_check,,,,0,no_exact_element_candidate,,,14
2R1X,equibind,excluded_reference_or_graph_check,branched_glycan,C:C,2,2,exact_full_graph,5.7133,32,32
2R1X,diffdock,excluded_reference_or_graph_check,branched_glycan,C:C,2,2,exact_full_graph,2.5334,32,32
2R1Y,equibind,excluded_reference_or_graph_check,branched_glycan,C:C,2,2,exact_full_graph,7.0233,33,33
2R1Y,diffdock,excluded_reference_or_graph_check,branched_glycan,C:C,2,2,exact_full_graph,3.1371,33,33
2R23,equibind,excluded_reference_or_graph_check,branched_glycan,C:C,2,2,exact_full_graph,6.0345,35,35
2R23,diffdock,excluded_reference_or_graph_check,branched_glycan,C:C,2,2,exact_full_graph,4.1729,35,35
2R2B,equibind,excluded_reference_or_graph_check,branched_glycan,C:C,3,1,exact_full_graph,8.1869,49,49
2R2B,diffdock,excluded_reference_or_graph_check,branched_glycan,C:C,3,1,exact_full_graph,4.9665,49,49
2R3C,equibind,excluded_reference_or_graph_check,,,,0,no_exact_element_candidate,,,117
2R3C,diffdock,excluded_reference_or_graph_check,,,,0,no_exact_element_candidate,,,117
2R3Y,equibind,excluded_reference_or_graph_check,short_polymer,F:F,4,3,exact_full_graph,30.6126,45,45
2R3Y,diffdock,excluded_reference_or_graph_check,short_polymer,F:F,4,3,exact_full_graph,24.0156,45,45
2R7G,equibind,excluded_reference_or_graph_check,,,,0,no_exact_element_candidate,,,85
2R7G,diffdock,excluded_reference_or_graph_check,,,,0,no_exact_element_candidate,,,85
2R9B,equibind,excluded_reference_or_graph_check,short_polymer,D:D,8,2,exact_full_graph,11.2396,69,69
2R9B,diffdock,excluded_reference_or_graph_check,short_polymer,C:B,8,2,exact_full_graph,15.477,69,69
2RFY,equibind,excluded_reference_or_graph_check,branched_glycan,F:F,2,8,exact_full_graph,8.4979,23,23
2RFY,diffdock,excluded_reference_or_graph_check,branched_glycan,H:H,2,8,exact_full_graph,1.18,23,23
2RKM,equibind,excluded_reference_or_graph_check,nonpolymer_pair,A:LYS:2001+A:LYS:2002,2,1,exact_full_graph,5.513,19,19
2RKM,diffdock,excluded_reference_or_graph_check,nonpolymer_pair,A:LYS:2001+A:LYS:2002,2,1,exact_full_graph,9.1172,19,19
2RLY,equibind,excluded_reference_or_graph_check,short_polymer,P:B,8,1,exact_full_graph,16.45,58,58
2RLY,diffdock,excluded_reference_or_graph_check,short_polymer,P:B,8,1,exact_full_graph,17.5278,58,58
2RM0,equibind,excluded_reference_or_graph_check,short_polymer,P:B,9,1,exact_full_graph,12.686,66,66
2RM0,diffdock,excluded_reference_or_graph_check,short_polymer,P:B,9,1,exact_full_graph,18.6776,66,66
2RNW,equibind,excluded_reference_or_graph_check,short_polymer,B:B,15,1,exact_full_graph,8.3997,112,112
2RNW,diffdock,excluded_reference_or_graph_check,short_polymer,B:B,15,1,exact_full_graph,11.3422,112,112
2RNX,equibind,excluded_reference_or_graph_check,short_polymer,B:B,13,1,exact_full_graph,14.9024,105,105
2RNX,diffdock,excluded_reference_or_graph_check,short_polymer,B:B,13,1,exact_full_graph,14.7358,105,105
2ROL,equibind,excluded_reference_or_graph_check,short_polymer,B:B,12,1,exact_full_graph,14.1694,98,98
2ROL,diffdock,excluded_reference_or_graph_check,short_polymer,B:B,12,1,exact_full_graph,19.2749,98,98
2RQU,equibind,excluded_reference_or_graph_check,short_polymer,B:B,19,1,exact_full_graph,17.276,141,141
2RQU,diffdock,excluded_reference_or_graph_check,short_polymer,B:B,19,1,exact_full_graph,14.4006,141,141
2RVN,equibind,excluded_reference_or_graph_check,,,,0,no_exact_element_candidate,,,142
2RVN,diffdock,excluded_reference_or_graph_check,,,,0,no_exact_element_candidate,,,142
2TPI,equibind,excluded_reference_or_graph_check,nonpolymer_pair,Z:ILE:1016+Z:VAL:1017,2,1,exact_full_graph,8.4249,16,16
2TPI,diffdock,excluded_reference_or_graph_check,nonpolymer_pair,Z:ILE:1016+Z:VAL:1017,2,1,exact_full_graph,27.3901,16,16
2UZ6,equibind,excluded_reference_or_graph_check,short_polymer,R:R,17,10,exact_full_graph,22.4079,115,115
2UZ6,diffdock,excluded_reference_or_graph_check,short_polymer,P:P,17,10,exact_full_graph,14.8574,115,115
2V7D,equibind,excluded_reference_or_graph_check,short_polymer,R:G,8,4,exact_full_graph,28.6622,53,53
2V7D,diffdock,excluded_reference_or_graph_check,short_polymer,S:H,8,4,exact_full_graph,7.0932,53,53
2V83,equibind,excluded_reference_or_graph_check,short_polymer,D:D,9,1,exact_full_graph,27.0669,77,77
2V83,diffdock,excluded_reference_or_graph_check,short_polymer,D:D,9,1,exact_full_graph,30.7219,77,77
2VL1,equibind,excluded_reference_or_graph_check,nonpolymer_pair,D:GLY:601+D:GLY:602,2,8,exact_full_graph,24.1487,9,9
2VL1,diffdock,excluded_reference_or_graph_check,nonpolymer_pair,D:GLY:601+D:GLY:602,2,8,exact_full_graph,23.809,9,9
2VNF,equibind,excluded_reference_or_graph_check,,,,0,no_exact_element_candidate,,,24
2VNF,diffdock,excluded_reference_or_graph_check,,,,0,no_exact_element_candidate,,,24
2VPE,equibind,excluded_reference_or_graph_check,,,,0,no_exact_element_candidate,,,56
2VPE,diffdock,excluded_reference_or_graph_check,,,,0,no_exact_element_candidate,,,56
2VR3,equibind,excluded_reference_or_graph_check,short_polymer,C:C,12,1,exact_full_graph,13.8507,70,70
2VR3,diffdock,excluded_reference_or_graph_check,short_polymer,C:C,12,1,exact_full_graph,27.3416,70,70
2VSL,equibind,excluded_reference_or_graph_check,,,,0,no_exact_element_candidate,,,34
2VSL,diffdock,excluded_reference_or_graph_check,,,,0,no_exact_element_candidate,,,34
2VXJ,equibind,excluded_reference_or_graph_check,branched_glycan,f:FA,3,23,exact_full_graph,22.418,34,34
2VXJ,diffdock,excluded_reference_or_graph_check,branched_glycan,k:KA,3,23,exact_full_graph,3.6192,34,34
2W0P,equibind,excluded_reference_or_graph_check,,,,0,no_exact_element_candidate,,,69
2W0P,diffdock,excluded_reference_or_graph_check,,,,0,no_exact_element_candidate,,,69
2W0Z,equibind,excluded_reference_or_graph_check,short_polymer,B:B,9,1,exact_full_graph,14.0698,67,67
2W0Z,diffdock,excluded_reference_or_graph_check,short_polymer,B:B,9,1,exact_full_graph,6.0184,67,67
2W10,equibind,excluded_reference_or_graph_check,short_polymer,D:D,12,1,exact_full_graph,34.491,90,90
2W10,diffdock,excluded_reference_or_graph_check,short_polymer,D:D,12,1,exact_full_graph,48.1323,90,90
2W2U,equibind,excluded_reference_or_graph_check,short_polymer,C:C,11,2,exact_full_graph,19.0631,91,91
2W2U,diffdock,excluded_reference_or_graph_check,short_polymer,C:C,11,2,exact_full_graph,21.7213,91,91
2W3O,equibind,excluded_reference_or_graph_check,short_polymer,D:D,8,2,exact_full_graph,10.4822,67,67
2W3O,diffdock,excluded_reference_or_graph_check,short_polymer,D:D,8,2,exact_full_graph,9.2895,67,67
2W47,equibind,excluded_reference_or_graph_check,branched_glycan,B:B,2,2,exact_full_graph,3.7969,24,24
2W47,diffdock,excluded_reference_or_graph_check,branched_glycan,B:B,2,2,exact_full_graph,4.8566,24,24
2W68,equibind,excluded_reference_or_graph_check,branched_glycan,D:D,3,3,exact_full_graph,14.8607,43,43
2W68,diffdock,excluded_reference_or_graph_check,branched_glycan,F:F,3,3,exact_full_graph,3.4567,43,43
2W6T,equibind,excluded_reference_or_graph_check,short_polymer,C:C,10,1,exact_full_graph,63.403,71,71
2W6T,diffdock,excluded_reference_or_graph_check,short_polymer,C:C,10,1,exact_full_graph,91.325,71,71
2W6U,equibind,excluded_reference_or_graph_check,short_polymer,C:C,7,1,exact_full_graph,66.0079,57,57
2W6U,diffdock,excluded_reference_or_graph_check,short_polymer,C:C,7,1,exact_full_graph,3.9872,57,57
2W76,equibind,excluded_reference_or_graph_check,short_polymer,C:C,7,1,exact_full_graph,72.9725,57,57
2W76,diffdock,excluded_reference_or_graph_check,short_polymer,C:C,7,1,exact_full_graph,6.7871,57,57
2W77,equibind,excluded_reference_or_graph_check,short_polymer,C:C,10,1,exact_full_graph,71.5902,72,72
2W77,diffdock,excluded_reference_or_graph_check,short_polymer,C:C,10,1,exact_full_graph,6.3907,72,72
2W78,equibind,excluded_reference_or_graph_check,,,,0,no_exact_element_candidate,,,45
2W7Y,equibind,excluded_reference_or_graph_check,branched_glycan,C:C,3,2,exact_full_graph,28.1623,36,36
2W7Y,diffdock,excluded_reference_or_graph_check,branched_glycan,C:C,3,2,exact_full_graph,1.2296,36,36
2W85,equibind,excluded_reference_or_graph_check,short_polymer,B:B,12,1,exact_full_graph,14.6808,107,107
2W85,diffdock,excluded_reference_or_graph_check,short_polymer,B:B,12,1,exact_full_graph,14.3642,107,107
2W97,equibind,excluded_reference_or_graph_check,,,,0,no_exact_element_candidate,,,6
2W97,diffdock,excluded_reference_or_graph_check,,,,0,no_exact_element_candidate,,,6
2W9R,equibind,excluded_reference_or_graph_check,short_polymer,B:B,11,1,exact_full_graph,30.6361,87,87
2W9R,diffdock,excluded_reference_or_graph_check,short_polymer,B:B,11,1,exact_full_graph,15.628,87,87
2WA8,equibind,excluded_reference_or_graph_check,short_polymer,B:B,10,1,exact_full_graph,25.8632,85,85
2WA8,diffdock,excluded_reference_or_graph_check,short_polymer,B:B,10,1,exact_full_graph,49.9781,85,85
2WFJ,equibind,excluded_reference_or_graph_check,short_polymer,B:B,11,1,exact_full_graph,6.2379,85,85
2WFJ,diffdock,excluded_reference_or_graph_check,short_polymer,B:B,11,1,exact_full_graph,4.4402,85,85
2WIG,equibind,excluded_reference_or_graph_check,,,,0,no_exact_element_candidate,,,8
2WIG,diffdock,excluded_reference_or_graph_check,,,,0,no_exact_element_candidate,,,8
2WIJ,equibind,excluded_reference_or_graph_check,,,,0,no_exact_element_candidate,,,9
2WIJ,diffdock,excluded_reference_or_graph_check,,,,0,no_exact_element_candidate,,,9
2WIK,equibind,excluded_reference_or_graph_check,,,,0,no_exact_element_candidate,,,10
2WIK,diffdock,excluded_reference_or_graph_check,,,,0,no_exact_element_candidate,,,10
2WK2,equibind,excluded_reference_or_graph_check,,,,0,no_exact_element_candidate,,,42
2WK2,diffdock,excluded_reference_or_graph_check,,,,0,no_exact_element_candidate,,,42
2WLY,equibind,excluded_reference_or_graph_check,nonpolymer_pair,A:SN5:1571+A:NGT:1572,2,1,exact_full_graph,3.7162,28,28
2WLY,diffdock,excluded_reference_or_graph_check,nonpolymer_pair,A:SN5:1571+A:NGT:1572,2,1,exact_full_graph,1.1897,28,28
2WLZ,equibind,excluded_reference_or_graph_check,nonpolymer_pair,A:NGT:1569+A:NAG:1570,2,1,exact_full_graph,2.3634,28,28
2WLZ,diffdock,excluded_reference_or_graph_check,nonpolymer_pair,A:NGT:1569+A:NAG:1570,2,1,exact_full_graph,2.7024,28,28
2WM0,equibind,excluded_reference_or_graph_check,,,,0,no_exact_element_candidate,,,42
2WM0,diffdock,excluded_reference_or_graph_check,,,,0,no_exact_element_candidate,,,42
2WP1,equibind,excluded_reference_or_graph_check,short_polymer,P:C,8,1,exact_full_graph,28.2036,58,58
2WP1,diffdock,excluded_reference_or_graph_check,short_polymer,P:C,8,1,exact_full_graph,10.1534,58,58
2WYF,equibind,excluded_reference_or_graph_check,branched_glycan,L:L,2,12,exact_full_graph,33.2596,24,24
2WYF,diffdock,excluded_reference_or_graph_check,branched_glycan,L:L,2,12,exact_full_graph,29.3619,24,24
2WYN,equibind,excluded_reference_or_graph_check,nonpolymer_pair,A:LG9:1547+A:GLC:1548,2,4,exact_full_graph,27.7037,26,26
2WYN,diffdock,excluded_reference_or_graph_check,nonpolymer_pair,D:LG9:1547+D:GLC:1548,2,4,exact_full_graph,2.1153,26,26
2X2C,equibind,excluded_reference_or_graph_check,short_polymer,L:D,11,5,exact_full_graph,29.4253,85,85
2X2C,diffdock,excluded_reference_or_graph_check,short_polymer,P:G,11,5,exact_full_graph,4.0235,85,85
2X2I,equibind,excluded_reference_or_graph_check,branched_glycan,E:E,3,4,exact_full_graph,38.1918,44,44
2X4O,equibind,excluded_reference_or_graph_check,short_polymer,F:F,9,2,exact_full_graph,23.4296,68,68
2X4O,diffdock,excluded_reference_or_graph_check,short_polymer,F:F,9,2,exact_full_graph,4.3599,68,68
2X4R,equibind,excluded_reference_or_graph_check,short_polymer,F:F,9,2,exact_full_graph,24.2418,65,65
2X4R,diffdock,excluded_reference_or_graph_check,short_polymer,C:C,9,2,exact_full_graph,5.332,65,65
2X4S,equibind,excluded_reference_or_graph_check,short_polymer,F:F,9,2,exact_full_graph,24.4394,68,68
2X4S,diffdock,excluded_reference_or_graph_check,short_polymer,F:F,9,2,exact_full_graph,5.31,68,68
2X4T,equibind,excluded_reference_or_graph_check,short_polymer,F:F,9,2,exact_full_graph,18.0577,66,66
2X4T,diffdock,excluded_reference_or_graph_check,short_polymer,C:C,9,2,exact_full_graph,4.0741,66,66
2X4U,equibind,excluded_reference_or_graph_check,short_polymer,F:F,9,2,exact_full_graph,19.7302,70,70
2X4U,diffdock,excluded_reference_or_graph_check,short_polymer,F:F,9,2,exact_full_graph,4.8589,70,70
2X6W,equibind,excluded_reference_or_graph_check,,,,0,no_exact_element_candidate,,,72
2X6W,diffdock,excluded_reference_or_graph_check,,,,0,no_exact_element_candidate,,,72
2X6X,equibind,excluded_reference_or_graph_check,branched_glycan,B:B,4,1,exact_full_graph,7.4345,47,47
2X6X,diffdock,excluded_reference_or_graph_check,branched_glycan,B:B,4,1,exact_full_graph,5.5276,47,47
2X6Y,equibind,excluded_reference_or_graph_check,branched_glycan,B:B,6,1,exact_full_graph,6.7479,72,72
2X6Y,diffdock,excluded_reference_or_graph_check,branched_glycan,B:B,6,1,exact_full_graph,1.9391,72,72
2X85,equibind,excluded_reference_or_graph_check,branched_glycan,B:B,6,1,exact_full_graph,7.0738,72,72
2X85,diffdock,excluded_reference_or_graph_check,branched_glycan,B:B,6,1,exact_full_graph,2.2303,72,72
2XAF,equibind,excluded_reference_or_graph_check,nonpolymer_pair,A:FAD:900+A:TCF:901,2,1,exact_full_graph,6.0337,64,64
2XAF,diffdock,excluded_reference_or_graph_check,nonpolymer_pair,A:FAD:900+A:TCF:901,2,1,exact_full_graph,1.6377,64,64
2XAG,equibind,excluded_reference_or_graph_check,nonpolymer_pair,A:FAD:900+A:TCF:901,2,1,exact_full_graph,5.7695,64,64
2XAG,diffdock,excluded_reference_or_graph_check,nonpolymer_pair,A:FAD:900+A:TCF:901,2,1,exact_full_graph,1.9674,64,64
2XAH,equibind,excluded_reference_or_graph_check,nonpolymer_pair,A:FAD:900+A:3PL:901,2,1,exact_full_graph,7.0451,63,63
2XAH,diffdock,excluded_reference_or_graph_check,nonpolymer_pair,A:FAD:900+A:3PL:901,2,1,exact_full_graph,2.0067,63,63
2XAJ,equibind,excluded_reference_or_graph_check,nonpolymer_pair,A:FAD:900+A:TCA:901,2,1,exact_full_graph,8.2256,63,63
2XAJ,diffdock,excluded_reference_or_graph_check,nonpolymer_pair,A:FAD:900+A:TCA:901,2,1,exact_full_graph,1.4775,63,63
2XAQ,equibind,excluded_reference_or_graph_check,nonpolymer_pair,A:FAD:900+A:M84:901,2,1,exact_full_graph,6.2578,72,72
2XAQ,diffdock,excluded_reference_or_graph_check,nonpolymer_pair,A:FAD:900+A:M84:901,2,1,exact_full_graph,1.0591,72,72
2XAS,equibind,excluded_reference_or_graph_check,nonpolymer_pair,A:FAD:900+A:M80:901,2,1,exact_full_graph,8.3807,85,85
2XAS,diffdock,excluded_reference_or_graph_check,nonpolymer_pair,A:FAD:900+A:M80:901,2,1,exact_full_graph,3.0347,85,85
2XDW,equibind,excluded_reference_or_graph_check,short_polymer,P:B,3,1,exact_full_graph,7.6504,25,25
2XDW,diffdock,excluded_reference_or_graph_check,short_polymer,P:B,3,1,exact_full_graph,6.88,25,25
2XG9,equibind,excluded_reference_or_graph_check,branched_glycan,B:B,2,2,exact_full_graph,4.2653,22,22
2XG9,diffdock,excluded_reference_or_graph_check,branched_glycan,B:B,2,2,exact_full_graph,2.548,22,22
2XHS,equibind,excluded_reference_or_graph_check,short_polymer,B:B,9,1,bond_count_mismatch,,69,69
2XHS,diffdock,excluded_reference_or_graph_check,short_polymer,B:B,9,1,bond_count_mismatch,,69,69
2XL2,equibind,excluded_reference_or_graph_check,short_polymer,C:C,10,1,exact_full_graph,34.6631,73,73
2XL2,diffdock,excluded_reference_or_graph_check,short_polymer,C:C,10,1,exact_full_graph,70.2341,73,73
2XL3,equibind,excluded_reference_or_graph_check,short_polymer,C:C,10,1,exact_full_graph,30.1577,77,77
2XL3,diffdock,excluded_reference_or_graph_check,short_polymer,C:C,10,1,exact_full_graph,81.0649,77,77
2XLC,equibind,excluded_reference_or_graph_check,,,,0,no_exact_element_candidate,,,9
2XLC,diffdock,excluded_reference_or_graph_check,,,,0,no_exact_element_candidate,,,9
2XQQ,equibind,excluded_reference_or_graph_check,short_polymer,E:E,7,3,exact_full_graph,10.0314,57,57
2XQQ,diffdock,excluded_reference_or_graph_check,short_polymer,H:H,7,3,exact_full_graph,34.986,57,57
2XRW,equibind,excluded_reference_or_graph_check,short_polymer,B:B,12,1,exact_full_graph,11.9176,100,100
2XRW,diffdock,excluded_reference_or_graph_check,short_polymer,B:B,12,1,exact_full_graph,49.972,100,100
2XXN,equibind,excluded_reference_or_graph_check,,,,0,no_exact_element_candidate,,,107
2XXN,diffdock,excluded_reference_or_graph_check,,,,0,no_exact_element_candidate,,,107
2XZC,equibind,excluded_reference_or_graph_check,,,,0,no_exact_element_candidate,,,19
2XZC,diffdock,excluded_reference_or_graph_check,,,,0,no_exact_element_candidate,,,19
2Y06,equibind,excluded_reference_or_graph_check,short_polymer,P:C,10,1,exact_full_graph,10.2566,66,66
2Y06,diffdock,excluded_reference_or_graph_check,short_polymer,P:C,10,1,exact_full_graph,9.5846,66,66
2Y07,equibind,excluded_reference_or_graph_check,,,,0,no_exact_element_candidate,,,53
2Y07,diffdock,excluded_reference_or_graph_check,,,,0,no_exact_element_candidate,,,53
2Y36,equibind,excluded_reference_or_graph_check,short_polymer,P:C,11,1,exact_full_graph,8.2049,77,77
2Y36,diffdock,excluded_reference_or_graph_check,short_polymer,P:C,11,1,exact_full_graph,14.0627,77,77
2Y4S,equibind,excluded_reference_or_graph_check,branched_glycan,B:B,7,1,exact_full_graph,8.88,77,77
2Y4S,diffdock,excluded_reference_or_graph_check,branched_glycan,B:B,7,1,exact_full_graph,2.8102,77,77
2Y55,equibind,excluded_reference_or_graph_check,,,,0,no_exact_element_candidate,,,14
2Y55,diffdock,excluded_reference_or_graph_check,,,,0,no_exact_element_candidate,,,14
2Y6S,equibind,excluded_reference_or_graph_check,,,,0,no_exact_element_candidate,,,101
2Y6S,diffdock,excluded_reference_or_graph_check,,,,0,no_exact_element_candidate,,,101
2Y8O,equibind,excluded_reference_or_graph_check,,,,0,no_exact_element_candidate,,,57
2Y8O,diffdock,excluded_reference_or_graph_check,,,,0,no_exact_element_candidate,,,57
2Y9G,equibind,excluded_reference_or_graph_check,branched_glycan,D:D,2,12,exact_full_graph,14.1255,23,23
2Y9G,diffdock,excluded_reference_or_graph_check,nonpolymer_pair,D:GLC:1+E:GAL:2,2,12,exact_full_graph,2.9883,23,23
2YDT,equibind,excluded_reference_or_graph_check,nonpolymer_pair,A:EDG:500+A:AHR:501,2,1,exact_full_graph,5.4924,18,18
2YDT,diffdock,excluded_reference_or_graph_check,nonpolymer_pair,A:EDG:500+A:AHR:501,2,1,exact_full_graph,0.5215,18,18
2YG2,equibind,excluded_reference_or_graph_check,,,,0,no_exact_element_candidate,,,13
2YG2,diffdock,excluded_reference_or_graph_check,,,,0,no_exact_element_candidate,,,13
2YJQ,equibind,excluded_reference_or_graph_check,,,,0,no_exact_element_candidate,,,32
2YJQ,diffdock,excluded_reference_or_graph_check,,,,0,no_exact_element_candidate,,,32
2YLC,equibind,excluded_reference_or_graph_check,,,,0,no_exact_element_candidate,,,21
2YLC,diffdock,excluded_reference_or_graph_check,,,,0,no_exact_element_candidate,,,21
2YMT,equibind,excluded_reference_or_graph_check,short_polymer,B:B,7,1,exact_full_graph,10.5377,56,56
2YMT,diffdock,excluded_reference_or_graph_check,short_polymer,B:B,7,1,exact_full_graph,7.3256,56,56
2YNN,equibind,excluded_reference_or_graph_check,short_polymer,P:B,8,1,exact_full_graph,24.9805,65,65
2YNN,diffdock,excluded_reference_or_graph_check,short_polymer,P:B,8,1,exact_full_graph,9.4732,65,65
2YNR,equibind,excluded_reference_or_graph_check,,,,0,no_exact_element_candidate,,,63
2YNR,diffdock,excluded_reference_or_graph_check,,,,0,no_exact_element_candidate,,,63
2YNS,equibind,excluded_reference_or_graph_check,,,,0,no_exact_element_candidate,,,76
2YNS,diffdock,excluded_reference_or_graph_check,,,,0,no_exact_element_candidate,,,76
2YQ6,equibind,excluded_reference_or_graph_check,short_polymer,B:B,19,1,exact_full_graph,12.2621,147,147
2YQ6,diffdock,excluded_reference_or_graph_check,short_polymer,B:B,19,1,exact_full_graph,25.6022,147,147
2Z5O,equibind,excluded_reference_or_graph_check,short_polymer,B:B,10,1,exact_full_graph,21.9713,51,51
2Z5O,diffdock,excluded_reference_or_graph_check,short_polymer,B:B,10,1,exact_full_graph,4.1906,51,51
2Z5T,equibind,excluded_reference_or_graph_check,,,,0,no_exact_element_candidate,,,96
2Z5T,diffdock,excluded_reference_or_graph_check,,,,0,no_exact_element_candidate,,,96
2Z6W,equibind,excluded_reference_or_graph_check,short_polymer,N:D,11,2,exact_full_graph,22.6194,85,85
2Z6W,diffdock,excluded_reference_or_graph_check,short_polymer,M:C,11,2,exact_full_graph,3.8736,85,85
2ZGM,equibind,excluded_reference_or_graph_check,branched_glycan,D:D,2,4,exact_full_graph,25.3118,23,23
2ZGM,diffdock,excluded_reference_or_graph_check,branched_glycan,D:D,2,4,exact_full_graph,2.4259,23,23
2ZLF,equibind,excluded_reference_or_graph_check,short_polymer,B:B,7,1,exact_full_graph,21.9115,59,59
2ZLF,diffdock,excluded_reference_or_graph_check,short_polymer,B:B,7,1,exact_full_graph,32.6174,59,59
2ZQ0,equibind,excluded_reference_or_graph_check,branched_glycan,C:C,3,2,exact_full_graph,22.0761,44,44
2ZQ0,diffdock,excluded_reference_or_graph_check,branched_glycan,D:D,3,2,exact_full_graph,2.4117,44,44
2ZYM,equibind,excluded_reference_or_graph_check,branched_glycan,B:B,6,1,exact_full_graph,7.7375,66,66
2ZYM,diffdock,excluded_reference_or_graph_check,branched_glycan,B:B,6,1,exact_full_graph,7.2129,66,66
2ZYN,equibind,excluded_reference_or_graph_check,branched_glycan,B:B,7,1,exact_full_graph,7.1375,77,77
2ZYN,diffdock,excluded_reference_or_graph_check,branched_glycan,B:B,7,1,exact_full_graph,8.0347,77,77
3AFK,equibind,excluded_reference_or_graph_check,,,,0,no_exact_element_candidate,,,33
3AFK,diffdock,excluded_reference_or_graph_check,,,,0,no_exact_element_candidate,,,33
3AH8,equibind,excluded_reference_or_graph_check,short_polymer,Y:D,9,1,exact_full_graph,11.0606,68,68
3AH8,diffdock,excluded_reference_or_graph_check,short_polymer,Y:D,9,1,exact_full_graph,9.5692,68,68
3ALT,equibind,excluded_reference_or_graph_check,branched_glycan,G:G,2,8,exact_full_graph,38.505,23,23
3ALT,diffdock,excluded_reference_or_graph_check,branched_glycan,G:G,2,8,exact_full_graph,36.4918,23,23
3AP4,equibind,excluded_reference_or_graph_check,branched_glycan,E:E,2,8,exact_full_graph,24.7202,23,23
3AP4,diffdock,excluded_reference_or_graph_check,branched_glycan,E:E,2,8,exact_full_graph,2.7102,23,23
3AP7,equibind,excluded_reference_or_graph_check,branched_glycan,B:B,3,1,exact_full_graph,7.7288,43,43
3AP7,diffdock,excluded_reference_or_graph_check,branched_glycan,B:B,3,1,exact_full_graph,5.5133,43,43
3ASK,equibind,excluded_reference_or_graph_check,,,,0,no_exact_element_candidate,,,83
3ASK,diffdock,excluded_reference_or_graph_check,,,,0,no_exact_element_candidate,,,83
3ASL,equibind,excluded_reference_or_graph_check,,,,0,no_exact_element_candidate,,,74
3ASL,diffdock,excluded_reference_or_graph_check,,,,0,no_exact_element_candidate,,,74
3ATW,equibind,excluded_reference_or_graph_check,,,,0,no_exact_element_candidate,,,39
3ATW,diffdock,excluded_reference_or_graph_check,,,,0,no_exact_element_candidate,,,39
3AV9,equibind,excluded_reference_or_graph_check,short_polymer,X:C,8,2,exact_full_graph,21.9607,60,60
3AV9,diffdock,excluded_reference_or_graph_check,short_polymer,Y:D,8,2,exact_full_graph,26.1463,60,60
3AVA,equibind,excluded_reference_or_graph_check,short_polymer,X:C,8,2,exact_full_graph,12.9691,62,62
3AVA,diffdock,excluded_reference_or_graph_check,short_polymer,Y:D,8,2,exact_full_graph,27.7948,62,62
3AVB,equibind,excluded_reference_or_graph_check,short_polymer,Y:D,8,2,exact_full_graph,26.5155,63,63
3AVB,diffdock,excluded_reference_or_graph_check,short_polymer,Y:D,8,2,exact_full_graph,10.7991,63,63
3AVF,equibind,excluded_reference_or_graph_check,short_polymer,D:C,8,2,exact_full_graph,21.0057,65,65
3AVF,diffdock,excluded_reference_or_graph_check,short_polymer,F:D,8,2,exact_full_graph,25.8272,65,65
3AVG,equibind,excluded_reference_or_graph_check,short_polymer,D:C,8,2,exact_full_graph,10.2074,62,62
3AVG,diffdock,excluded_reference_or_graph_check,short_polymer,D:C,8,2,exact_full_graph,11.8513,62,62
3AVH,equibind,excluded_reference_or_graph_check,short_polymer,E:C,8,2,exact_full_graph,16.1562,65,65
3AVH,diffdock,excluded_reference_or_graph_check,short_polymer,F:D,8,2,exact_full_graph,29.3993,65,65
3AVI,equibind,excluded_reference_or_graph_check,short_polymer,D:C,8,2,exact_full_graph,11.2065,63,63
3AVI,diffdock,excluded_reference_or_graph_check,short_polymer,D:C,8,2,exact_full_graph,30.2193,63,63
3AVJ,equibind,excluded_reference_or_graph_check,short_polymer,D:C,8,2,exact_full_graph,15.1453,62,62
3AVJ,diffdock,excluded_reference_or_graph_check,short_polymer,D:C,8,2,exact_full_graph,27.8591,62,62
3AVK,equibind,excluded_reference_or_graph_check,short_polymer,D:C,8,2,exact_full_graph,19.6683,64,64
3AVK,diffdock,excluded_reference_or_graph_check,short_polymer,F:D,8,2,exact_full_graph,33.0891,64,64
3AVL,equibind,excluded_reference_or_graph_check,short_polymer,E:D,8,2,exact_full_graph,21.3068,61,61
3AVL,diffdock,excluded_reference_or_graph_check,short_polymer,F:C,8,2,exact_full_graph,11.5732,61,61
3AVM,equibind,excluded_reference_or_graph_check,short_polymer,D:C,8,2,exact_full_graph,11.8527,66,66
3AVM,diffdock,excluded_reference_or_graph_check,short_polymer,D:C,8,2,exact_full_graph,12.4887,66,66
3AVN,equibind,excluded_reference_or_graph_check,short_polymer,G:C,8,2,exact_full_graph,22.5945,65,65
3AVN,diffdock,excluded_reference_or_graph_check,short_polymer,G:C,8,2,exact_full_graph,12.774,65,65
3AVZ,equibind,excluded_reference_or_graph_check,short_polymer,B:B,6,1,exact_full_graph,10.3098,42,42
3AVZ,diffdock,excluded_reference_or_graph_check,short_polymer,B:B,6,1,exact_full_graph,5.1619,42,42
3AW0,equibind,excluded_reference_or_graph_check,,,,0,no_exact_element_candidate,,,40
3AW0,diffdock,excluded_reference_or_graph_check,,,,0,no_exact_element_candidate,,,40
3AYA,equibind,excluded_reference_or_graph_check,,,,0,no_exact_element_candidate,,,33
3AYA,diffdock,excluded_reference_or_graph_check,,,,0,no_exact_element_candidate,,,33
3AYC,equibind,excluded_reference_or_graph_check,branched_glycan,C:C,5,1,exact_full_graph,25.3786,68,68
3AYC,diffdock,excluded_reference_or_graph_check,branched_glycan,C:C,5,1,exact_full_graph,8.8953,68,68
3B95,equibind,excluded_reference_or_graph_check,,,,0,no_exact_element_candidate,,,43
3B95,diffdock,excluded_reference_or_graph_check,,,,0,no_exact_element_candidate,,,43
3BHB,equibind,excluded_reference_or_graph_check,short_polymer,C:C,10,1,exact_full_graph,6.5487,88,88
3BHB,diffdock,excluded_reference_or_graph_check,short_polymer,C:C,10,1,exact_full_graph,7.3829,88,88
3BIM,equibind,excluded_reference_or_graph_check,short_polymer,K:F,17,6,exact_full_graph,17.8816,126,126
3BIM,diffdock,excluded_reference_or_graph_check,short_polymer,O:N,17,6,exact_full_graph,27.8463,126,126
3BL2,equibind,excluded_reference_or_graph_check,short_polymer,C:C,19,2,exact_full_graph,12.7448,155,155
3BL2,diffdock,excluded_reference_or_graph_check,short_polymer,D:D,19,2,exact_full_graph,13.809,155,155
3BPC,equibind,excluded_reference_or_graph_check,branched_glycan,C:C,2,2,exact_full_graph,6.2715,32,32
3BPC,diffdock,excluded_reference_or_graph_check,branched_glycan,C:C,2,2,exact_full_graph,0.7746,32,32
3BTR,equibind,excluded_reference_or_graph_check,,,,0,no_exact_element_candidate,,,109
3BTR,diffdock,excluded_reference_or_graph_check,,,,0,no_exact_element_candidate,,,109
3BUM,equibind,excluded_reference_or_graph_check,,,,0,no_exact_element_candidate,,,75
3BUM,diffdock,excluded_reference_or_graph_check,,,,0,no_exact_element_candidate,,,75
3BUN,equibind,excluded_reference_or_graph_check,,,,0,no_exact_element_candidate,,,64
3BUN,diffdock,excluded_reference_or_graph_check,,,,0,no_exact_element_candidate,,,64
3BUW,equibind,excluded_reference_or_graph_check,,,,0,no_exact_element_candidate,,,82
3BUW,diffdock,excluded_reference_or_graph_check,,,,0,no_exact_element_candidate,,,82
3BZF,equibind,excluded_reference_or_graph_check,short_polymer,P:C,9,2,exact_full_graph,26.9132,68,68
3BZF,diffdock,excluded_reference_or_graph_check,short_polymer,Q:F,9,2,exact_full_graph,20.2803,68,68
3BZI,equibind,excluded_reference_or_graph_check,,,,0,no_exact_element_candidate,,,55
3BZI,diffdock,excluded_reference_or_graph_check,,,,0,no_exact_element_candidate,,,55
3C3O,equibind,excluded_reference_or_graph_check,short_polymer,B:B,13,1,exact_full_graph,14.0343,107,107
3C3O,diffdock,excluded_reference_or_graph_check,short_polymer,B:B,13,1,exact_full_graph,11.412,107,107
3C3Q,equibind,excluded_reference_or_graph_check,short_polymer,B:B,18,1,exact_full_graph,17.0926,149,149
3C3Q,diffdock,excluded_reference_or_graph_check,short_polymer,B:B,18,1,exact_full_graph,29.7846,149,149
3C3R,equibind,excluded_reference_or_graph_check,short_polymer,B:B,13,1,exact_full_graph,15.4512,104,104
3C3R,diffdock,excluded_reference_or_graph_check,short_polymer,B:B,13,1,exact_full_graph,26.6684,104,104
3C6W,equibind,excluded_reference_or_graph_check,,,,0,no_exact_element_candidate,,,57
3C6W,diffdock,excluded_reference_or_graph_check,,,,0,no_exact_element_candidate,,,57
3CBS,equibind,excluded_reference_or_graph_check,,,,0,no_exact_element_candidate,,,23
3CBS,diffdock,excluded_reference_or_graph_check,,,,0,no_exact_element_candidate,,,23
3CFV,equibind,excluded_reference_or_graph_check,,,,0,no_exact_element_candidate,,,143
3CFV,diffdock,excluded_reference_or_graph_check,,,,0,no_exact_element_candidate,,,143
3CII,equibind,excluded_reference_or_graph_check,short_polymer,F:F,9,2,exact_full_graph,20.2239,73,73
3CII,diffdock,excluded_reference_or_graph_check,short_polymer,C:C,9,2,exact_full_graph,5.5382,73,73
3CK7,equibind,excluded_reference_or_graph_check,branched_glycan,E:E,6,2,exact_full_graph,26.0921,66,66
3CK7,diffdock,excluded_reference_or_graph_check,branched_glycan,F:F,6,2,exact_full_graph,2.5958,66,66
3CK8,equibind,excluded_reference_or_graph_check,branched_glycan,D:D,7,2,exact_full_graph,25.389,77,77
3CK8,diffdock,excluded_reference_or_graph_check,branched_glycan,D:D,7,2,exact_full_graph,3.0305,77,77
3CKB,equibind,excluded_reference_or_graph_check,branched_glycan,D:D,3,2,exact_full_graph,25.1049,34,34
3CKB,diffdock,excluded_reference_or_graph_check,branched_glycan,C:C,3,2,exact_full_graph,2.3741,34,34
3COJ,equibind,excluded_reference_or_graph_check,,,,0,no_exact_element_candidate,,,77
3COJ,diffdock,excluded_reference_or_graph_check,,,,0,no_exact_element_candidate,,,77
3CS8,equibind,excluded_reference_or_graph_check,short_polymer,B:B,12,1,exact_full_graph,9.4771,88,88
3CS8,diffdock,excluded_reference_or_graph_check,short_polymer,B:B,12,1,exact_full_graph,13.7436,88,88
3D1E,equibind,excluded_reference_or_graph_check,short_polymer,P:C,6,1,exact_full_graph,57.4949,45,45
3D1E,diffdock,excluded_reference_or_graph_check,short_polymer,P:C,6,1,exact_full_graph,62.5149,45,45
3D1F,equibind,excluded_reference_or_graph_check,short_polymer,Q:D,9,2,exact_full_graph,24.9022,77,77
3D1F,diffdock,excluded_reference_or_graph_check,short_polymer,Q:D,9,2,exact_full_graph,10.8943,77,77
3D25,equibind,excluded_reference_or_graph_check,short_polymer,C:C,9,1,exact_full_graph,6.7623,72,72
3D25,diffdock,excluded_reference_or_graph_check,short_polymer,C:C,9,1,exact_full_graph,5.4518,72,72
3D32,equibind,excluded_reference_or_graph_check,,,,0,no_exact_element_candidate,,,107
3D32,diffdock,excluded_reference_or_graph_check,,,,0,no_exact_element_candidate,,,107
3D3X,equibind,excluded_reference_or_graph_check,,,,0,no_exact_element_candidate,,,22
3D3X,diffdock,excluded_reference_or_graph_check,,,,0,no_exact_element_candidate,,,22
3DAB,equibind,excluded_reference_or_graph_check,,,,0,no_exact_element_candidate,,,103
3DAB,diffdock,excluded_reference_or_graph_check,,,,0,no_exact_element_candidate,,,103
3DDA,equibind,excluded_reference_or_graph_check,short_polymer,B:B,7,1,exact_full_graph,8.3821,50,50
3DDA,diffdock,excluded_reference_or_graph_check,short_polymer,B:B,7,1,exact_full_graph,6.454,50,50
3DIW,equibind,excluded_reference_or_graph_check,short_polymer,C:C,9,1,exact_full_graph,30.2603,79,79
3DIW,diffdock,excluded_reference_or_graph_check,short_polymer,C:C,9,1,exact_full_graph,12.1879,79,79
3DOW,equibind,excluded_reference_or_graph_check,short_polymer,B:B,8,1,exact_full_graph,9.6569,64,64
3DOW,diffdock,excluded_reference_or_graph_check,short_polymer,B:B,8,1,exact_full_graph,12.4905,64,64
3DPC,equibind,excluded_reference_or_graph_check,short_polymer,C:C,10,1,exact_full_graph,25.2807,81,81
3DPC,diffdock,excluded_reference_or_graph_check,short_polymer,C:C,10,1,exact_full_graph,56.4929,81,81
3DPO,equibind,excluded_reference_or_graph_check,short_polymer,C:C,9,2,exact_full_graph,21.3343,80,80
3DPO,diffdock,excluded_reference_or_graph_check,short_polymer,C:C,9,2,exact_full_graph,32.9522,80,80
3DRF,equibind,excluded_reference_or_graph_check,,,,0,no_exact_element_candidate,,,49
3DRF,diffdock,excluded_reference_or_graph_check,,,,0,no_exact_element_candidate,,,49
3DRG,equibind,excluded_reference_or_graph_check,,,,0,no_exact_element_candidate,,,70
3DRG,diffdock,excluded_reference_or_graph_check,,,,0,no_exact_element_candidate,,,70
3DRI,equibind,excluded_reference_or_graph_check,,,,0,no_exact_element_candidate,,,33
3DRI,diffdock,excluded_reference_or_graph_check,,,,0,no_exact_element_candidate,,,33
3DS0,equibind,excluded_reference_or_graph_check,short_polymer,T:B,12,1,exact_full_graph,12.7509,103,103
3DS0,diffdock,excluded_reference_or_graph_check,short_polymer,T:B,12,1,exact_full_graph,17.4937,103,103
3DS1,equibind,excluded_reference_or_graph_check,short_polymer,T:B,11,1,exact_full_graph,11.6329,95,95
3DS1,diffdock,excluded_reference_or_graph_check,short_polymer,T:B,11,1,exact_full_graph,13.1629,95,95
3DS3,equibind,excluded_reference_or_graph_check,short_polymer,C:B,12,2,exact_full_graph,15.6666,103,103
3DS3,diffdock,excluded_reference_or_graph_check,short_polymer,D:D,12,2,exact_full_graph,23.3335,103,103
3DS4,equibind,excluded_reference_or_graph_check,short_polymer,T:C,12,1,exact_full_graph,15.8109,103,103
3DS4,diffdock,excluded_reference_or_graph_check,short_polymer,T:C,12,1,exact_full_graph,35.5569,103,103
3DVP,equibind,excluded_reference_or_graph_check,short_polymer,C:C,9,1,exact_full_graph,11.1943,64,64
3DVP,diffdock,excluded_reference_or_graph_check,short_polymer,C:C,9,1,exact_full_graph,25.9128,64,64
3E1R,equibind,excluded_reference_or_graph_check,short_polymer,C:C,13,1,exact_full_graph,14.5831,103,103
3E1R,diffdock,excluded_reference_or_graph_check,short_polymer,C:C,13,1,exact_full_graph,19.8104,103,103
3E7A,equibind,excluded_reference_or_graph_check,short_polymer,C:C,5,1,exact_full_graph,24.4394,59,59
3E7A,diffdock,excluded_reference_or_graph_check,short_polymer,C:C,5,1,exact_full_graph,51.8242,59,59
3E8U,equibind,excluded_reference_or_graph_check,short_polymer,P:C,11,1,exact_full_graph,12.0472,65,65
3E8U,diffdock,excluded_reference_or_graph_check,short_polymer,P:C,11,1,exact_full_graph,9.7392,65,65
3EG6,equibind,excluded_reference_or_graph_check,,,,0,no_exact_element_candidate,,,69
3EG6,diffdock,excluded_reference_or_graph_check,,,,0,no_exact_element_candidate,,,69
3EHN,equibind,excluded_reference_or_graph_check,branched_glycan,D:D,2,4,exact_full_graph,31.5374,26,26
3EHN,diffdock,excluded_reference_or_graph_check,branched_glycan,C:C,2,4,exact_full_graph,1.9576,26,26
3EHT,equibind,excluded_reference_or_graph_check,short_polymer,B:B,12,1,exact_full_graph,11.9496,91,91
3EHT,diffdock,excluded_reference_or_graph_check,short_polymer,B:B,12,1,exact_full_graph,44.8046,91,91
3EMH,equibind,excluded_reference_or_graph_check,,,,0,no_exact_element_candidate,,,48
3EMH,diffdock,excluded_reference_or_graph_check,,,,0,no_exact_element_candidate,,,48
3EOV,equibind,excluded_reference_or_graph_check,short_polymer,C:C,11,2,exact_full_graph,21.1989,85,85
3EOV,diffdock,excluded_reference_or_graph_check,short_polymer,D:D,11,2,exact_full_graph,9.4881,85,85
3EQS,equibind,excluded_reference_or_graph_check,short_polymer,B:B,11,1,exact_full_graph,7.5487,94,94
3EQS,diffdock,excluded_reference_or_graph_check,short_polymer,B:B,11,1,exact_full_graph,13.4117,94,94
3ER3,equibind,excluded_reference_or_graph_check,,,,0,no_exact_element_candidate,,,57
3ER3,diffdock,excluded_reference_or_graph_check,,,,0,no_exact_element_candidate,,,57
3ERY,equibind,excluded_reference_or_graph_check,short_polymer,P:C,9,1,exact_full_graph,19.8265,70,70
3ERY,diffdock,excluded_reference_or_graph_check,short_polymer,P:C,9,1,exact_full_graph,4.3863,70,70
3EU7,equibind,excluded_reference_or_graph_check,short_polymer,X:B,14,1,exact_full_graph,27.4125,108,108
3EU7,diffdock,excluded_reference_or_graph_check,short_polymer,X:B,14,1,exact_full_graph,28.3972,108,108
3EYF,equibind,excluded_reference_or_graph_check,short_polymer,F:F,10,2,exact_full_graph,33.0323,79,79
3EYF,diffdock,excluded_reference_or_graph_check,short_polymer,E:E,10,2,exact_full_graph,15.2056,79,79
3EYS,equibind,excluded_reference_or_graph_check,,,,0,no_exact_element_candidate,,,49
3EYS,diffdock,excluded_reference_or_graph_check,,,,0,no_exact_element_candidate,,,49
3F5J,equibind,excluded_reference_or_graph_check,branched_glycan,C:C,4,2,exact_full_graph,30.3431,45,45
3F5J,diffdock,excluded_reference_or_graph_check,branched_glycan,C:C,4,2,exact_full_graph,3.0425,45,45
3F5K,equibind,excluded_reference_or_graph_check,branched_glycan,D:D,5,2,exact_full_graph,33.3798,56,56
3F5K,diffdock,excluded_reference_or_graph_check,branched_glycan,C:C,5,2,exact_full_graph,2.8038,56,56
3F5L,equibind,excluded_reference_or_graph_check,branched_glycan,C:C,2,4,exact_full_graph,25.18,23,23
3F5L,diffdock,excluded_reference_or_graph_check,branched_glycan,C:C,2,4,exact_full_graph,1.2841,23,23
3F70,equibind,excluded_reference_or_graph_check,,,,0,no_exact_element_candidate,,,11
3F70,diffdock,excluded_reference_or_graph_check,,,,0,no_exact_element_candidate,,,11
3F9W,equibind,excluded_reference_or_graph_check,short_polymer,H:H,8,2,exact_full_graph,23.4969,72,72
3F9W,diffdock,excluded_reference_or_graph_check,short_polymer,H:H,8,2,exact_full_graph,14.5167,72,72
3FBR,equibind,excluded_reference_or_graph_check,short_polymer,B:B,9,1,exact_full_graph,18.1246,42,42
3FBR,diffdock,excluded_reference_or_graph_check,short_polymer,B:B,9,1,exact_full_graph,42.5711,42,42
3FDT,equibind,excluded_reference_or_graph_check,,,,0,no_exact_element_candidate,,,73
3FDT,diffdock,excluded_reference_or_graph_check,,,,0,no_exact_element_candidate,,,73
3FN0,equibind,excluded_reference_or_graph_check,short_polymer,P:C,9,1,exact_full_graph,11.0732,83,83
3FN0,diffdock,excluded_reference_or_graph_check,short_polymer,P:C,9,1,exact_full_graph,29.9041,83,83
3FT2,equibind,excluded_reference_or_graph_check,short_polymer,P:C,9,1,exact_full_graph,7.0203,73,73
3FT2,diffdock,excluded_reference_or_graph_check,short_polymer,P:C,9,1,exact_full_graph,5.2476,73,73
3FT3,equibind,excluded_reference_or_graph_check,short_polymer,P:C,9,1,exact_full_graph,6.9661,72,72
3FT3,diffdock,excluded_reference_or_graph_check,short_polymer,P:C,9,1,exact_full_graph,5.6178,72,72
3FT4,equibind,excluded_reference_or_graph_check,short_polymer,P:C,9,1,exact_full_graph,7.3844,73,73
3FT4,diffdock,excluded_reference_or_graph_check,short_polymer,P:C,9,1,exact_full_graph,4.6539,73,73
3FV3,equibind,excluded_reference_or_graph_check,short_polymer,L:H,6,8,exact_full_graph,55.7825,48,48
3FV3,diffdock,excluded_reference_or_graph_check,short_polymer,L:H,6,8,exact_full_graph,26.0148,48,48
3FVH,equibind,excluded_reference_or_graph_check,short_polymer,B:B,7,1,exact_full_graph,6.4893,44,44
3FVH,diffdock,excluded_reference_or_graph_check,short_polymer,B:B,7,1,exact_full_graph,7.3954,44,44
3FWV,equibind,excluded_reference_or_graph_check,short_polymer,C:C,6,2,exact_full_graph,14.2622,48,48
3FWV,diffdock,excluded_reference_or_graph_check,short_polymer,C:C,6,2,exact_full_graph,9.8355,48,48
3G19,equibind,excluded_reference_or_graph_check,short_polymer,C:B,3,1,exact_full_graph,7.3387,25,25
3G19,diffdock,excluded_reference_or_graph_check,short_polymer,C:B,3,1,exact_full_graph,11.2017,25,25
3G2S,equibind,excluded_reference_or_graph_check,short_polymer,D:D,11,2,exact_full_graph,13.3046,80,80
3G2S,diffdock,excluded_reference_or_graph_check,short_polymer,C:C,11,2,exact_full_graph,14.124,80,80
3G2T,equibind,excluded_reference_or_graph_check,short_polymer,C:C,9,2,exact_full_graph,14.0805,69,69
3G2T,diffdock,excluded_reference_or_graph_check,short_polymer,C:C,9,2,exact_full_graph,8.1772,69,69
3G2U,equibind,excluded_reference_or_graph_check,short_polymer,D:D,7,2,exact_full_graph,6.9935,57,57
3G2U,diffdock,excluded_reference_or_graph_check,short_polymer,D:D,7,2,exact_full_graph,8.997,57,57
3G2V,equibind,excluded_reference_or_graph_check,short_polymer,C:B,9,1,exact_full_graph,11.2498,77,77
3G2V,diffdock,excluded_reference_or_graph_check,short_polymer,C:B,9,1,exact_full_graph,48.1062,77,77
3G2W,equibind,excluded_reference_or_graph_check,short_polymer,C:C,9,1,exact_full_graph,11.6282,72,72
3G2W,diffdock,excluded_reference_or_graph_check,short_polymer,C:C,9,1,exact_full_graph,20.9927,72,72
3G5V,equibind,excluded_reference_or_graph_check,short_polymer,C:C,16,1,exact_full_graph,13.0137,122,122
3G5V,diffdock,excluded_reference_or_graph_check,short_polymer,C:C,16,1,exact_full_graph,10.2807,122,122
3G5Y,equibind,excluded_reference_or_graph_check,short_polymer,E:C,16,1,exact_full_graph,14.8308,122,122
3G5Y,diffdock,excluded_reference_or_graph_check,short_polymer,E:C,16,1,exact_full_graph,8.4412,122,122
3G7L,equibind,excluded_reference_or_graph_check,,,,0,no_exact_element_candidate,,,60
3G7L,diffdock,excluded_reference_or_graph_check,,,,0,no_exact_element_candidate,,,60
3GDS,equibind,excluded_reference_or_graph_check,short_polymer,B:B,4,1,exact_full_graph,14.5276,43,43
3GDS,diffdock,excluded_reference_or_graph_check,short_polymer,B:B,4,1,exact_full_graph,17.6743,43,43
3GJQ,equibind,excluded_reference_or_graph_check,short_polymer,F:F,5,2,exact_full_graph,24.2439,44,44
3GJQ,diffdock,excluded_reference_or_graph_check,short_polymer,F:F,5,2,exact_full_graph,11.6239,44,44
3GJS,equibind,excluded_reference_or_graph_check,short_polymer,F:F,5,2,exact_full_graph,16.5531,35,35
3GJS,diffdock,excluded_reference_or_graph_check,short_polymer,E:E,5,2,exact_full_graph,5.7955,35,35
3GJT,equibind,excluded_reference_or_graph_check,short_polymer,F:F,5,2,exact_full_graph,22.6116,35,35
3GJT,diffdock,excluded_reference_or_graph_check,short_polymer,E:E,5,2,exact_full_graph,11.9846,35,35
3GL6,equibind,excluded_reference_or_graph_check,short_polymer,B:B,8,1,exact_full_graph,8.4272,67,67
3GL6,diffdock,excluded_reference_or_graph_check,short_polymer,B:B,8,1,exact_full_graph,7.8116,67,67
3GV6,equibind,excluded_reference_or_graph_check,,,,0,no_exact_element_candidate,,,51
3GV6,diffdock,excluded_reference_or_graph_check,,,,0,no_exact_element_candidate,,,51
3GXY,equibind,excluded_reference_or_graph_check,branched_glycan,C:C,3,2,exact_full_graph,7.1275,39,39
3GXY,diffdock,excluded_reference_or_graph_check,branched_glycan,C:C,3,2,exact_full_graph,2.6398,39,39
3GXZ,equibind,excluded_reference_or_graph_check,branched_glycan,C:C,10,1,exact_full_graph,11.3208,117,117
3GXZ,diffdock,excluded_reference_or_graph_check,branched_glycan,C:C,10,1,exact_full_graph,45.8762,117,117
3H1Z,equibind,excluded_reference_or_graph_check,short_polymer,P:B,15,1,exact_full_graph,11.912,136,136
3H1Z,diffdock,excluded_reference_or_graph_check,short_polymer,P:B,15,1,exact_full_graph,24.2261,136,136
3H6Z,equibind,excluded_reference_or_graph_check,short_polymer,M:D,6,2,exact_full_graph,35.6115,58,58
3H6Z,diffdock,excluded_reference_or_graph_check,short_polymer,M:D,6,2,exact_full_graph,32.8864,58,58
3H85,equibind,excluded_reference_or_graph_check,short_polymer,P:B,8,1,exact_full_graph,9.546,71,71
3H85,diffdock,excluded_reference_or_graph_check,short_polymer,P:B,8,1,exact_full_graph,22.7686,71,71
3H91,equibind,excluded_reference_or_graph_check,,,,0,no_exact_element_candidate,,,69
3H91,diffdock,excluded_reference_or_graph_check,,,,0,no_exact_element_candidate,,,69
3HG1,equibind,excluded_reference_or_graph_check,short_polymer,C:C,10,1,exact_full_graph,6.8266,69,69
3HG1,diffdock,excluded_reference_or_graph_check,short_polymer,C:C,10,1,exact_full_graph,5.561,69,69
3HIK,equibind,excluded_reference_or_graph_check,short_polymer,B:B,6,1,exact_full_graph,7.5339,46,46
3HIK,diffdock,excluded_reference_or_graph_check,short_polymer,B:B,6,1,exact_full_graph,11.3765,46,46
3HKN,equibind,excluded_reference_or_graph_check,branched_glycan,B:B,2,2,exact_full_graph,3.0283,47,47
3HKN,diffdock,excluded_reference_or_graph_check,branched_glycan,B:B,2,2,exact_full_graph,5.2634,47,47
3HKT,equibind,excluded_reference_or_graph_check,branched_glycan,B:B,2,2,exact_full_graph,4.2876,26,26
3HKT,diffdock,excluded_reference_or_graph_check,branched_glycan,B:B,2,2,exact_full_graph,2.3109,26,26
3HLO,equibind,excluded_reference_or_graph_check,,,,0,no_exact_element_candidate,,,54
3HLO,diffdock,excluded_reference_or_graph_check,,,,0,no_exact_element_candidate,,,54
3HQH,equibind,excluded_reference_or_graph_check,short_polymer,M:B,9,1,exact_full_graph,13.38,57,57
3HQH,diffdock,excluded_reference_or_graph_check,short_polymer,M:B,9,1,exact_full_graph,20.2877,57,57
3HZK,equibind,excluded_reference_or_graph_check,branched_glycan,C:C,2,2,exact_full_graph,2.8788,34,34
3HZK,diffdock,excluded_reference_or_graph_check,branched_glycan,C:C,2,2,exact_full_graph,5.2763,34,34
3HZV,equibind,excluded_reference_or_graph_check,nonpolymer_pair,C:KDA:1+C:KDO:2,2,1,exact_full_graph,5.2017,34,34
3HZV,diffdock,excluded_reference_or_graph_check,nonpolymer_pair,C:KDA:1+C:KDO:2,2,1,exact_full_graph,3.3427,34,34
3HZY,equibind,excluded_reference_or_graph_check,,,,0,no_exact_element_candidate,,,33
3HZY,diffdock,excluded_reference_or_graph_check,,,,0,no_exact_element_candidate,,,33
3I02,equibind,excluded_reference_or_graph_check,,,,0,no_exact_element_candidate,,,33
3I02,diffdock,excluded_reference_or_graph_check,,,,0,no_exact_element_candidate,,,33
3I5R,equibind,excluded_reference_or_graph_check,,,,0,no_exact_element_candidate,,,71
3I5R,diffdock,excluded_reference_or_graph_check,,,,0,no_exact_element_candidate,,,71
3I8T,equibind,excluded_reference_or_graph_check,branched_glycan,B:B,2,2,exact_full_graph,6.5035,23,23
3I8T,diffdock,excluded_reference_or_graph_check,branched_glycan,B:B,2,2,exact_full_graph,1.4162,23,23
3I90,equibind,excluded_reference_or_graph_check,,,,0,no_exact_element_candidate,,,79
3I90,diffdock,excluded_reference_or_graph_check,,,,0,no_exact_element_candidate,,,79
3I91,equibind,excluded_reference_or_graph_check,,,,0,no_exact_element_candidate,,,62
3I91,diffdock,excluded_reference_or_graph_check,,,,0,no_exact_element_candidate,,,62
3IBC,equibind,excluded_reference_or_graph_check,short_polymer,F:F,5,2,exact_full_graph,16.1145,35,35
3IBC,diffdock,excluded_reference_or_graph_check,short_polymer,F:F,5,2,exact_full_graph,6.041,35,35
3IET,equibind,excluded_reference_or_graph_check,,,,0,no_exact_element_candidate,,,83
3IET,diffdock,excluded_reference_or_graph_check,,,,0,no_exact_element_candidate,,,83
3IIW,equibind,excluded_reference_or_graph_check,,,,0,no_exact_element_candidate,,,40
3IIW,diffdock,excluded_reference_or_graph_check,,,,0,no_exact_element_candidate,,,40
3IJY,equibind,excluded_reference_or_graph_check,branched_glycan,F:F,2,4,exact_full_graph,37.0032,34,34
3IJY,diffdock,excluded_reference_or_graph_check,branched_glycan,F:F,2,4,exact_full_graph,3.1935,34,34
3IKC,equibind,excluded_reference_or_graph_check,branched_glycan,F:F,2,4,exact_full_graph,40.4491,35,35
3IKC,diffdock,excluded_reference_or_graph_check,branched_glycan,F:F,2,4,exact_full_graph,1.8394,35,35
3IQG,equibind,excluded_reference_or_graph_check,short_polymer,P:B,4,1,exact_full_graph,5.3566,39,39
3IQG,diffdock,excluded_reference_or_graph_check,short_polymer,P:B,4,1,exact_full_graph,12.5061,39,39
3IQI,equibind,excluded_reference_or_graph_check,short_polymer,P:B,4,1,exact_full_graph,3.9029,34,34
3IQI,diffdock,excluded_reference_or_graph_check,short_polymer,P:B,4,1,exact_full_graph,14.9399,34,34
3IQJ,equibind,excluded_reference_or_graph_check,short_polymer,P:B,8,1,exact_full_graph,6.6193,59,59
3IQJ,diffdock,excluded_reference_or_graph_check,short_polymer,P:B,8,1,exact_full_graph,7.807,59,59
3IQQ,equibind,excluded_reference_or_graph_check,,,,0,no_exact_element_candidate,,,77
3IQQ,diffdock,excluded_reference_or_graph_check,,,,0,no_exact_element_candidate,,,77
3IQU,equibind,excluded_reference_or_graph_check,short_polymer,P:B,6,1,exact_full_graph,5.8617,51,51
3IQU,diffdock,excluded_reference_or_graph_check,short_polymer,P:B,6,1,exact_full_graph,4.6852,51,51
3ISW,equibind,excluded_reference_or_graph_check,,,,0,no_exact_element_candidate,,,143
3ISW,diffdock,excluded_reference_or_graph_check,,,,0,no_exact_element_candidate,,,143
3IVQ,equibind,excluded_reference_or_graph_check,,,,0,no_exact_element_candidate,,,53
3IVQ,diffdock,excluded_reference_or_graph_check,,,,0,no_exact_element_candidate,,,53
3IVV,equibind,excluded_reference_or_graph_check,,,,0,no_exact_element_candidate,,,58
3JVK,equibind,excluded_reference_or_graph_check,,,,0,no_exact_element_candidate,,,26
3JVK,diffdock,excluded_reference_or_graph_check,,,,0,no_exact_element_candidate,,,26
3JYR,equibind,excluded_reference_or_graph_check,branched_glycan,B:B,3,1,exact_full_graph,3.9214,44,44
3JYR,diffdock,excluded_reference_or_graph_check,branched_glycan,B:B,3,1,exact_full_graph,1.3219,44,44
3JZG,equibind,excluded_reference_or_graph_check,,,,0,no_exact_element_candidate,,,35
3JZG,diffdock,excluded_reference_or_graph_check,,,,0,no_exact_element_candidate,,,35
3JZH,equibind,excluded_reference_or_graph_check,,,,0,no_exact_element_candidate,,,47
3JZH,diffdock,excluded_reference_or_graph_check,,,,0,no_exact_element_candidate,,,47
3JZJ,equibind,excluded_reference_or_graph_check,branched_glycan,B:B,3,1,exact_full_graph,3.6953,44,44
3JZJ,diffdock,excluded_reference_or_graph_check,branched_glycan,B:B,3,1,exact_full_graph,1.6993,44,44
3JZO,equibind,excluded_reference_or_graph_check,short_polymer,P:B,12,1,exact_full_graph,9.8093,107,107
3JZO,diffdock,excluded_reference_or_graph_check,short_polymer,P:B,12,1,exact_full_graph,24.7296,107,107
3JZP,equibind,excluded_reference_or_graph_check,short_polymer,P:B,12,1,exact_full_graph,11.3554,109,109
3JZP,diffdock,excluded_reference_or_graph_check,short_polymer,P:B,12,1,exact_full_graph,22.4748,109,109
3JZQ,equibind,excluded_reference_or_graph_check,short_polymer,Q:D,12,2,exact_full_graph,12.278,112,112
3JZQ,diffdock,excluded_reference_or_graph_check,short_polymer,P:B,12,2,exact_full_graph,15.4291,112,112
3JZR,equibind,excluded_reference_or_graph_check,short_polymer,P:B,12,1,exact_full_graph,14.1183,109,109
3JZR,diffdock,excluded_reference_or_graph_check,short_polymer,P:B,12,1,exact_full_graph,23.2585,109,109
3JZS,equibind,excluded_reference_or_graph_check,short_polymer,P:B,12,1,exact_full_graph,11.0282,112,112
3JZS,diffdock,excluded_reference_or_graph_check,short_polymer,P:B,12,1,exact_full_graph,16.3467,112,112
3K00,equibind,excluded_reference_or_graph_check,branched_glycan,B:B,4,1,exact_full_graph,2.87,45,45
3K00,diffdock,excluded_reference_or_graph_check,branched_glycan,B:B,4,1,exact_full_graph,2.5107,45,45
3K26,equibind,excluded_reference_or_graph_check,,,,0,no_exact_element_candidate,,,22
3K26,diffdock,excluded_reference_or_graph_check,,,,0,no_exact_element_candidate,,,22
3K27,equibind,excluded_reference_or_graph_check,,,,0,no_exact_element_candidate,,,53
3K27,diffdock,excluded_reference_or_graph_check,,,,0,no_exact_element_candidate,,,53
3K3E,equibind,excluded_reference_or_graph_check,,,,0,no_exact_element_candidate,,,24
3K3E,diffdock,excluded_reference_or_graph_check,,,,0,no_exact_element_candidate,,,24
3K3H,equibind,excluded_reference_or_graph_check,,,,0,no_exact_element_candidate,,,24
3K3H,diffdock,excluded_reference_or_graph_check,,,,0,no_exact_element_candidate,,,24
3KD7,equibind,excluded_reference_or_graph_check,short_polymer,K:J,6,5,exact_full_graph,7.9041,45,45
3KD7,diffdock,excluded_reference_or_graph_check,short_polymer,K:J,6,5,exact_full_graph,7.3572,45,45
3KRD,equibind,excluded_reference_or_graph_check,,,,0,no_exact_element_candidate,,,32
3KYF,equibind,excluded_reference_or_graph_check,,,,0,no_exact_element_candidate,,,24
3KYF,diffdock,excluded_reference_or_graph_check,,,,0,no_exact_element_candidate,,,24
3KYG,equibind,excluded_reference_or_graph_check,,,,0,no_exact_element_candidate,,,24
3KYG,diffdock,excluded_reference_or_graph_check,,,,0,no_exact_element_candidate,,,24
3L3X,equibind,excluded_reference_or_graph_check,,,,0,no_exact_element_candidate,,,95
3L3X,diffdock,excluded_reference_or_graph_check,,,,0,no_exact_element_candidate,,,95
3L6F,equibind,excluded_reference_or_graph_check,short_polymer,C:C,15,1,exact_full_graph,13.4829,116,116
3L6F,diffdock,excluded_reference_or_graph_check,short_polymer,C:C,15,1,exact_full_graph,33.5199,116,116
3L6X,equibind,excluded_reference_or_graph_check,,,,0,no_exact_element_candidate,,,142
3L6X,diffdock,excluded_reference_or_graph_check,,,,0,no_exact_element_candidate,,,142
3LGL,equibind,excluded_reference_or_graph_check,,,,0,no_exact_element_candidate,,,12
3LGL,diffdock,excluded_reference_or_graph_check,,,,0,no_exact_element_candidate,,,12
3LL8,equibind,excluded_reference_or_graph_check,short_polymer,E:A,11,1,exact_full_graph,40.1538,85,85
3LL8,diffdock,excluded_reference_or_graph_check,short_polymer,E:A,11,1,exact_full_graph,48.0077,85,85
3LNZ,equibind,excluded_reference_or_graph_check,,,,0,no_exact_element_candidate,,,92
3LNZ,diffdock,excluded_reference_or_graph_check,,,,0,no_exact_element_candidate,,,92
3LPR,equibind,excluded_reference_or_graph_check,short_polymer,P:B,4,1,exact_full_graph,5.0598,26,26
3LPR,diffdock,excluded_reference_or_graph_check,short_polymer,P:B,4,1,exact_full_graph,4.5702,26,26
3LQJ,equibind,excluded_reference_or_graph_check,,,,0,no_exact_element_candidate,,,52
3LQJ,diffdock,excluded_reference_or_graph_check,,,,0,no_exact_element_candidate,,,52
3LRH,equibind,excluded_reference_or_graph_check,short_polymer,P:P,14,8,exact_full_graph,24.8911,118,118
3LRH,diffdock,excluded_reference_or_graph_check,short_polymer,P:P,14,8,exact_full_graph,14.6237,118,118
3M3R,equibind,excluded_reference_or_graph_check,branched_glycan,H:H,7,2,exact_full_graph,4.2275,77,77
3M3R,diffdock,excluded_reference_or_graph_check,branched_glycan,I:I,7,2,exact_full_graph,7.7672,77,77
3M53,equibind,excluded_reference_or_graph_check,,,,0,no_exact_element_candidate,,,74
3M53,diffdock,excluded_reference_or_graph_check,,,,0,no_exact_element_candidate,,,74
3M54,equibind,excluded_reference_or_graph_check,,,,0,no_exact_element_candidate,,,74
3M54,diffdock,excluded_reference_or_graph_check,,,,0,no_exact_element_candidate,,,74
3M55,equibind,excluded_reference_or_graph_check,,,,0,no_exact_element_candidate,,,56
3M55,diffdock,excluded_reference_or_graph_check,,,,0,no_exact_element_candidate,,,56
3M57,equibind,excluded_reference_or_graph_check,,,,0,no_exact_element_candidate,,,74
3M57,diffdock,excluded_reference_or_graph_check,,,,0,no_exact_element_candidate,,,74
3M58,equibind,excluded_reference_or_graph_check,,,,0,no_exact_element_candidate,,,72
3M58,diffdock,excluded_reference_or_graph_check,,,,0,no_exact_element_candidate,,,72
3M59,equibind,excluded_reference_or_graph_check,,,,0,no_exact_element_candidate,,,72
3M59,diffdock,excluded_reference_or_graph_check,,,,0,no_exact_element_candidate,,,72
3M5A,equibind,excluded_reference_or_graph_check,,,,0,no_exact_element_candidate,,,73
3M5A,diffdock,excluded_reference_or_graph_check,,,,0,no_exact_element_candidate,,,73
3MBP,equibind,excluded_reference_or_graph_check,branched_glycan,B:B,3,1,exact_full_graph,3.0866,34,34
3MBP,diffdock,excluded_reference_or_graph_check,branched_glycan,B:B,3,1,exact_full_graph,1.1191,34,34
3ME9,equibind,excluded_reference_or_graph_check,,,,0,no_exact_element_candidate,,,36
3ME9,diffdock,excluded_reference_or_graph_check,,,,0,no_exact_element_candidate,,,36
3MEA,equibind,excluded_reference_or_graph_check,,,,0,no_exact_element_candidate,,,36
3MEA,diffdock,excluded_reference_or_graph_check,,,,0,no_exact_element_candidate,,,36
3MP1,equibind,excluded_reference_or_graph_check,,,,0,no_exact_element_candidate,,,45
3MP1,diffdock,excluded_reference_or_graph_check,,,,0,no_exact_element_candidate,,,45
3MP6,equibind,excluded_reference_or_graph_check,,,,0,no_exact_element_candidate,,,35
3MP6,diffdock,excluded_reference_or_graph_check,,,,0,no_exact_element_candidate,,,35
3MUK,equibind,excluded_reference_or_graph_check,,,,0,no_exact_element_candidate,,,50
3MUK,diffdock,excluded_reference_or_graph_check,,,,0,no_exact_element_candidate,,,50
3MXC,equibind,excluded_reference_or_graph_check,short_polymer,L:B,7,1,exact_full_graph,4.9906,58,58
3MXC,diffdock,excluded_reference_or_graph_check,short_polymer,L:B,7,1,exact_full_graph,9.5542,58,58
3N5U,equibind,excluded_reference_or_graph_check,,,,0,no_exact_element_candidate,,,65
3N5U,diffdock,excluded_reference_or_graph_check,,,,0,no_exact_element_candidate,,,65
3NFK,equibind,excluded_reference_or_graph_check,short_polymer,C:C,13,1,exact_full_graph,17.2143,104,104
3NFK,diffdock,excluded_reference_or_graph_check,short_polymer,C:C,13,1,exact_full_graph,13.4247,104,104
3NFL,equibind,excluded_reference_or_graph_check,short_polymer,F:F,5,4,exact_full_graph,18.4365,39,39
3NFL,diffdock,excluded_reference_or_graph_check,short_polymer,G:G,5,4,exact_full_graph,7.7536,39,39
3NG4,equibind,excluded_reference_or_graph_check,branched_glycan,E:E,2,2,exact_full_graph,16.1348,23,23
3NG4,diffdock,excluded_reference_or_graph_check,branched_glycan,E:E,2,2,exact_full_graph,13.0418,23,23
3NHT,equibind,excluded_reference_or_graph_check,,,,0,no_exact_element_candidate,,,23
3NHT,diffdock,excluded_reference_or_graph_check,,,,0,no_exact_element_candidate,,,23
3NII,equibind,excluded_reference_or_graph_check,,,,0,no_exact_element_candidate,,,23
3NII,diffdock,excluded_reference_or_graph_check,,,,0,no_exact_element_candidate,,,23
3NIJ,equibind,excluded_reference_or_graph_check,,,,0,no_exact_element_candidate,,,24
3NIJ,diffdock,excluded_reference_or_graph_check,,,,0,no_exact_element_candidate,,,24
3NIK,equibind,excluded_reference_or_graph_check,short_polymer,X:E,4,1,exact_full_graph,7.6273,31,31
3NIK,diffdock,excluded_reference_or_graph_check,short_polymer,X:E,4,1,exact_full_graph,35.879,31,31
3NIL,equibind,excluded_reference_or_graph_check,,,,0,no_exact_element_candidate,,,25
3NIL,diffdock,excluded_reference_or_graph_check,,,,0,no_exact_element_candidate,,,25
3NIM,equibind,excluded_reference_or_graph_check,short_polymer,X:E,4,1,exact_full_graph,6.4398,33,33
3NIM,diffdock,excluded_reference_or_graph_check,short_polymer,X:E,4,1,exact_full_graph,32.8536,33,33
3NIN,equibind,excluded_reference_or_graph_check,,,,0,no_exact_element_candidate,,,33
3NIN,diffdock,excluded_reference_or_graph_check,,,,0,no_exact_element_candidate,,,33
3NSN,equibind,excluded_reference_or_graph_check,branched_glycan,B:B,4,1,exact_full_graph,4.8468,57,57
3NSN,diffdock,excluded_reference_or_graph_check,branched_glycan,B:B,4,1,exact_full_graph,2.0993,57,57
3NW3,equibind,excluded_reference_or_graph_check,,,,0,no_exact_element_candidate,,,34
3NW3,diffdock,excluded_reference_or_graph_check,,,,0,no_exact_element_candidate,,,34
3NY3,equibind,excluded_reference_or_graph_check,,,,0,no_exact_element_candidate,,,37
3NY3,diffdock,excluded_reference_or_graph_check,,,,0,no_exact_element_candidate,,,37
3NZI,equibind,excluded_reference_or_graph_check,short_polymer,B:B,5,1,exact_full_graph,7.6611,40,40
3NZI,diffdock,excluded_reference_or_graph_check,short_polymer,B:B,5,1,exact_full_graph,13.0942,40,40
3O0E,equibind,excluded_reference_or_graph_check,,,,0,no_exact_element_candidate,,,74
3O0E,diffdock,excluded_reference_or_graph_check,,,,0,no_exact_element_candidate,,,74
3O1D,equibind,excluded_reference_or_graph_check,,,,0,no_exact_element_candidate,,,87
3O1D,diffdock,excluded_reference_or_graph_check,,,,0,no_exact_element_candidate,,,87
3O1E,equibind,excluded_reference_or_graph_check,,,,0,no_exact_element_candidate,,,86
3O1E,diffdock,excluded_reference_or_graph_check,,,,0,no_exact_element_candidate,,,86
3O4L,equibind,excluded_reference_or_graph_check,short_polymer,C:C,9,1,exact_full_graph,6.6595,62,62
3O4L,diffdock,excluded_reference_or_graph_check,short_polymer,C:C,9,1,exact_full_graph,4.7658,62,62
3O6L,equibind,excluded_reference_or_graph_check,,,,0,no_exact_element_candidate,,,122
3O6L,diffdock,excluded_reference_or_graph_check,,,,0,no_exact_element_candidate,,,122
3O6M,equibind,excluded_reference_or_graph_check,,,,0,no_exact_element_candidate,,,81
3O6M,diffdock,excluded_reference_or_graph_check,,,,0,no_exact_element_candidate,,,81
3OB0,equibind,excluded_reference_or_graph_check,branched_glycan,A:E,4,2,exact_full_graph,17.2902,46,46
3OB0,diffdock,excluded_reference_or_graph_check,branched_glycan,A:E,4,2,exact_full_graph,36.8788,46,46
3OBQ,equibind,excluded_reference_or_graph_check,short_polymer,B:B,9,1,exact_full_graph,11.7227,62,62
3OBQ,diffdock,excluded_reference_or_graph_check,short_polymer,B:B,9,1,exact_full_graph,26.716,62,62
3OBU,equibind,excluded_reference_or_graph_check,short_polymer,B:B,9,1,exact_full_graph,15.4763,68,68
3OBU,diffdock,excluded_reference_or_graph_check,short_polymer,B:B,9,1,exact_full_graph,19.7099,68,68
3OBX,equibind,excluded_reference_or_graph_check,short_polymer,B:B,9,1,exact_full_graph,11.2446,66,66
3OBX,diffdock,excluded_reference_or_graph_check,short_polymer,B:B,9,1,exact_full_graph,26.7055,66,66
3ODI,equibind,excluded_reference_or_graph_check,short_polymer,H:H,11,10,exact_full_graph,28.1331,86,86
3ODI,diffdock,excluded_reference_or_graph_check,short_polymer,P:P,11,10,exact_full_graph,5.8638,86,86
3ODL,equibind,excluded_reference_or_graph_check,short_polymer,N:N,11,10,exact_full_graph,28.8559,86,86
3ODL,diffdock,excluded_reference_or_graph_check,short_polymer,R:R,11,10,exact_full_graph,3.9745,86,86
3OLD,equibind,excluded_reference_or_graph_check,,,,0,no_exact_element_candidate,,,66
3OLD,diffdock,excluded_reference_or_graph_check,,,,0,no_exact_element_candidate,,,66
3OLE,equibind,excluded_reference_or_graph_check,,,,0,no_exact_element_candidate,,,76
3OLE,diffdock,excluded_reference_or_graph_check,,,,0,no_exact_element_candidate,,,76
3OLG,equibind,excluded_reference_or_graph_check,,,,0,no_exact_element_candidate,,,76
3OLG,diffdock,excluded_reference_or_graph_check,,,,0,no_exact_element_candidate,,,76
3OLI,equibind,excluded_reference_or_graph_check,,,,0,no_exact_element_candidate,,,76
3OLI,diffdock,excluded_reference_or_graph_check,,,,0,no_exact_element_candidate,,,76
3OQ5,equibind,excluded_reference_or_graph_check,,,,0,no_exact_element_candidate,,,11
3OQ5,diffdock,excluded_reference_or_graph_check,,,,0,no_exact_element_candidate,,,11
3OVE,equibind,excluded_reference_or_graph_check,short_polymer,B:B,5,1,exact_full_graph,5.6456,38,38
3OVE,diffdock,excluded_reference_or_graph_check,short_polymer,B:B,5,1,exact_full_graph,6.6486,38,38
3OY8,equibind,excluded_reference_or_graph_check,branched_glycan,D:D,2,4,exact_full_graph,20.5667,24,24
3OY8,diffdock,excluded_reference_or_graph_check,branched_glycan,D:D,2,4,exact_full_graph,1.9766,24,24
3OYP,equibind,excluded_reference_or_graph_check,short_polymer,E:E,5,2,exact_full_graph,29.8272,43,43
3OYP,diffdock,excluded_reference_or_graph_check,short_polymer,F:F,5,2,exact_full_graph,2.1756,43,43
3OYW,equibind,excluded_reference_or_graph_check,branched_glycan,E:C,2,4,exact_full_graph,21.6561,23,23
3OYW,diffdock,excluded_reference_or_graph_check,branched_glycan,F:D,2,4,exact_full_graph,1.4951,23,23
3P4F,equibind,excluded_reference_or_graph_check,short_polymer,B:B,9,1,exact_full_graph,7.4848,73,73
3P4F,diffdock,excluded_reference_or_graph_check,short_polymer,B:B,9,1,exact_full_graph,19.0657,73,73
3P9H,equibind,excluded_reference_or_graph_check,short_polymer,B:B,11,1,exact_full_graph,16.7519,84,84
3P9H,diffdock,excluded_reference_or_graph_check,short_polymer,B:B,11,1,exact_full_graph,22.1932,84,84
3P9L,equibind,excluded_reference_or_graph_check,short_polymer,F:F,8,2,exact_full_graph,29.9604,68,68
3P9L,diffdock,excluded_reference_or_graph_check,short_polymer,F:F,8,2,exact_full_graph,6.6289,68,68
3P9M,equibind,excluded_reference_or_graph_check,short_polymer,C:C,8,2,exact_full_graph,27.8411,64,64
3P9M,diffdock,excluded_reference_or_graph_check,short_polymer,F:F,8,2,exact_full_graph,6.3976,64,64
3PAB,equibind,excluded_reference_or_graph_check,short_polymer,C:C,8,2,exact_full_graph,22.7481,71,71
3PAB,diffdock,excluded_reference_or_graph_check,short_polymer,F:F,8,2,exact_full_graph,8.0217,71,71
3PDH,equibind,excluded_reference_or_graph_check,,,,0,no_exact_element_candidate,,,112
3PDH,diffdock,excluded_reference_or_graph_check,,,,0,no_exact_element_candidate,,,112
3PKN,equibind,excluded_reference_or_graph_check,,,,0,no_exact_element_candidate,,,93
3PKN,diffdock,excluded_reference_or_graph_check,,,,0,no_exact_element_candidate,,,93
3POA,equibind,excluded_reference_or_graph_check,,,,0,no_exact_element_candidate,,,57
3POA,diffdock,excluded_reference_or_graph_check,,,,0,no_exact_element_candidate,,,57
3PQZ,equibind,excluded_reference_or_graph_check,,,,0,no_exact_element_candidate,,,101
3PQZ,diffdock,excluded_reference_or_graph_check,,,,0,no_exact_element_candidate,,,101
3PSL,equibind,excluded_reference_or_graph_check,,,,0,no_exact_element_candidate,,,33
3PSL,diffdock,excluded_reference_or_graph_check,,,,0,no_exact_element_candidate,,,33
3PUK,equibind,excluded_reference_or_graph_check,,,,0,no_exact_element_candidate,,,81
3PUK,diffdock,excluded_reference_or_graph_check,,,,0,no_exact_element_candidate,,,81
3Q4J,equibind,excluded_reference_or_graph_check,short_polymer,H:G,6,5,exact_full_graph,63.6112,48,48
3Q4J,diffdock,excluded_reference_or_graph_check,short_polymer,H:G,6,5,exact_full_graph,61.6574,48,48
3Q4K,equibind,excluded_reference_or_graph_check,short_polymer,D:D,6,2,exact_full_graph,25.7387,52,52
3Q4K,diffdock,excluded_reference_or_graph_check,short_polymer,C:C,6,2,exact_full_graph,14.0815,52,52
3Q4L,equibind,excluded_reference_or_graph_check,short_polymer,D:D,6,2,exact_full_graph,27.0512,53,53
3Q4L,diffdock,excluded_reference_or_graph_check,short_polymer,D:D,6,2,exact_full_graph,12.6474,53,53
3Q5U,equibind,excluded_reference_or_graph_check,,,,0,no_exact_element_candidate,,,69
3Q5U,diffdock,excluded_reference_or_graph_check,,,,0,no_exact_element_candidate,,,69
3Q6S,equibind,excluded_reference_or_graph_check,,,,0,no_exact_element_candidate,,,131
3Q6S,diffdock,excluded_reference_or_graph_check,,,,0,no_exact_element_candidate,,,131
3Q8D,equibind,excluded_reference_or_graph_check,short_polymer,F:D,3,2,exact_full_graph,16.5897,27,27
3Q8D,diffdock,excluded_reference_or_graph_check,short_polymer,E:C,3,2,exact_full_graph,23.1149,27,27
3QFD,equibind,excluded_reference_or_graph_check,short_polymer,C:C,9,2,exact_full_graph,19.5881,57,57
3QFD,diffdock,excluded_reference_or_graph_check,short_polymer,C:C,9,2,exact_full_graph,6.5874,57,57
3QG6,equibind,excluded_reference_or_graph_check,short_polymer,D:F,7,1,exact_full_graph,46.4975,58,58
3QG6,diffdock,excluded_reference_or_graph_check,short_polymer,D:F,7,1,exact_full_graph,62.577,58,58
3QI3,equibind,excluded_reference_or_graph_check,,,,0,no_exact_element_candidate,,,24
3QI3,diffdock,excluded_reference_or_graph_check,,,,0,no_exact_element_candidate,,,24
3QL9,equibind,excluded_reference_or_graph_check,,,,0,no_exact_element_candidate,,,83
3QL9,diffdock,excluded_reference_or_graph_check,,,,0,no_exact_element_candidate,,,83
3QLC,equibind,excluded_reference_or_graph_check,,,,0,no_exact_element_candidate,,,54
3QLC,diffdock,excluded_reference_or_graph_check,,,,0,no_exact_element_candidate,,,54
3QMK,equibind,excluded_reference_or_graph_check,branched_glycan,C:C,4,1,graph_mapping_limit_reached,,71,71
3QMK,diffdock,excluded_reference_or_graph_check,branched_glycan,C:C,4,1,graph_mapping_limit_reached,,71,71
3QNJ,equibind,excluded_reference_or_graph_check,,,,0,no_exact_element_candidate,,,69
3QNJ,diffdock,excluded_reference_or_graph_check,,,,0,no_exact_element_candidate,,,69
3QO2,equibind,excluded_reference_or_graph_check,,,,0,no_exact_element_candidate,,,106
3QO2,diffdock,excluded_reference_or_graph_check,,,,0,no_exact_element_candidate,,,106
3QW6,equibind,excluded_reference_or_graph_check,short_polymer,B:B,5,1,exact_full_graph,6.4878,34,34
3QW6,diffdock,excluded_reference_or_graph_check,short_polymer,B:B,5,1,exact_full_graph,8.0798,34,34
3QW8,equibind,excluded_reference_or_graph_check,short_polymer,B:B,5,1,exact_full_graph,6.7547,28,28
3QW8,diffdock,excluded_reference_or_graph_check,short_polymer,B:B,5,1,exact_full_graph,8.4045,28,28
3QZT,equibind,excluded_reference_or_graph_check,,,,0,no_exact_element_candidate,,,54
3QZT,diffdock,excluded_reference_or_graph_check,,,,0,no_exact_element_candidate,,,54
3QZV,equibind,excluded_reference_or_graph_check,,,,0,no_exact_element_candidate,,,42
3QZV,diffdock,excluded_reference_or_graph_check,,,,0,no_exact_element_candidate,,,42
3R0H,equibind,excluded_reference_or_graph_check,short_polymer,a:B,9,8,exact_full_graph,15.041,79,79
3R0H,diffdock,excluded_reference_or_graph_check,short_polymer,g:N,9,8,exact_full_graph,26.4943,79,79
3R42,equibind,excluded_reference_or_graph_check,,,,0,no_exact_element_candidate,,,65
3R42,diffdock,excluded_reference_or_graph_check,,,,0,no_exact_element_candidate,,,65
3R5J,equibind,excluded_reference_or_graph_check,,,,0,no_exact_element_candidate,,,37
3R5J,diffdock,excluded_reference_or_graph_check,,,,0,no_exact_element_candidate,,,37
3R6G,equibind,excluded_reference_or_graph_check,,,,0,no_exact_element_candidate,,,39
3R6G,diffdock,excluded_reference_or_graph_check,,,,0,no_exact_element_candidate,,,39
3R7B,equibind,excluded_reference_or_graph_check,,,,0,no_exact_element_candidate,,,32
3R7B,diffdock,excluded_reference_or_graph_check,,,,0,no_exact_element_candidate,,,32
3R7N,equibind,excluded_reference_or_graph_check,,,,0,no_exact_element_candidate,,,32
3R7N,diffdock,excluded_reference_or_graph_check,,,,0,no_exact_element_candidate,,,32
3R93,equibind,excluded_reference_or_graph_check,,,,0,no_exact_element_candidate,,,79
3R93,diffdock,excluded_reference_or_graph_check,,,,0,no_exact_element_candidate,,,79
3RBQ,equibind,excluded_reference_or_graph_check,,,,0,no_exact_element_candidate,,,52
3RBQ,diffdock,excluded_reference_or_graph_check,,,,0,no_exact_element_candidate,,,52
3RDV,equibind,excluded_reference_or_graph_check,short_polymer,E:E,8,2,exact_full_graph,31.7327,68,68
3RDV,diffdock,excluded_reference_or_graph_check,short_polymer,F:F,8,2,exact_full_graph,30.6396,68,68
3RJM,equibind,excluded_reference_or_graph_check,short_polymer,E:E,6,2,exact_full_graph,18.2352,44,44
3RJM,diffdock,excluded_reference_or_graph_check,short_polymer,F:F,6,2,exact_full_graph,7.6456,44,44
3RQ7,equibind,excluded_reference_or_graph_check,short_polymer,B:B,7,1,exact_full_graph,3.8242,60,60
3RQ7,diffdock,excluded_reference_or_graph_check,short_polymer,B:B,7,1,exact_full_graph,5.2886,60,60
3RQE,equibind,excluded_reference_or_graph_check,,,,0,no_exact_element_candidate,,,73
3RQE,diffdock,excluded_reference_or_graph_check,,,,0,no_exact_element_candidate,,,73
3RSE,equibind,excluded_reference_or_graph_check,short_polymer,Z:H,3,1,exact_full_graph,44.4959,33,33
3RSE,diffdock,excluded_reference_or_graph_check,short_polymer,Z:H,3,1,exact_full_graph,39.7907,33,33
3RTX,equibind,excluded_reference_or_graph_check,,,,0,no_exact_element_candidate,,,112
3RTX,diffdock,excluded_reference_or_graph_check,,,,0,no_exact_element_candidate,,,112
3RWC,equibind,excluded_reference_or_graph_check,short_polymer,F:F,9,2,exact_full_graph,32.6322,84,84
3RWC,diffdock,excluded_reference_or_graph_check,short_polymer,C:C,9,2,exact_full_graph,4.8914,84,84
3RWE,equibind,excluded_reference_or_graph_check,short_polymer,C:C,9,1,exact_full_graph,6.6326,90,90
3RWE,diffdock,excluded_reference_or_graph_check,short_polymer,C:C,9,1,exact_full_graph,4.6576,90,90
3RWF,equibind,excluded_reference_or_graph_check,short_polymer,C:C,9,1,exact_full_graph,6.1132,83,83
3RWF,diffdock,excluded_reference_or_graph_check,short_polymer,C:C,9,1,exact_full_graph,5.7881,83,83
3RWG,equibind,excluded_reference_or_graph_check,short_polymer,C:C,9,1,exact_full_graph,7.2058,76,76
3RWG,diffdock,excluded_reference_or_graph_check,short_polymer,C:C,9,1,exact_full_graph,5.5264,76,76
3RWH,equibind,excluded_reference_or_graph_check,short_polymer,F:F,8,2,exact_full_graph,34.2828,72,72
3RWH,diffdock,excluded_reference_or_graph_check,short_polymer,C:C,8,2,exact_full_graph,3.3729,72,72
3RWI,equibind,excluded_reference_or_graph_check,short_polymer,C:C,10,1,exact_full_graph,8.2867,84,84
3RWI,diffdock,excluded_reference_or_graph_check,short_polymer,C:C,10,1,exact_full_graph,5.9069,84,84
3RWJ,equibind,excluded_reference_or_graph_check,short_polymer,C:C,8,1,exact_full_graph,7.0246,74,74
3RWJ,diffdock,excluded_reference_or_graph_check,short_polymer,C:C,8,1,exact_full_graph,5.1316,74,74
3RY8,equibind,excluded_reference_or_graph_check,,,,0,no_exact_element_candidate,,,13
3RY8,diffdock,excluded_reference_or_graph_check,,,,0,no_exact_element_candidate,,,13
3RZ9,equibind,excluded_reference_or_graph_check,,,,0,no_exact_element_candidate,,,89
3RZ9,diffdock,excluded_reference_or_graph_check,,,,0,no_exact_element_candidate,,,89
3S7F,equibind,excluded_reference_or_graph_check,,,,0,no_exact_element_candidate,,,46
3S7F,diffdock,excluded_reference_or_graph_check,,,,0,no_exact_element_candidate,,,46
3SHB,equibind,excluded_reference_or_graph_check,,,,0,no_exact_element_candidate,,,54
3SHB,diffdock,excluded_reference_or_graph_check,,,,0,no_exact_element_candidate,,,54
3SM1,equibind,excluded_reference_or_graph_check,short_polymer,J:C,5,2,exact_full_graph,7.309,32,32
3SM1,diffdock,excluded_reference_or_graph_check,short_polymer,J:C,5,2,exact_full_graph,10.0099,32,32
3SNB,equibind,excluded_reference_or_graph_check,short_polymer,H:B,6,1,exact_full_graph,7.7591,45,45
3SNB,diffdock,excluded_reference_or_graph_check,short_polymer,H:B,6,1,exact_full_graph,6.4044,45,45
3SNC,equibind,excluded_reference_or_graph_check,short_polymer,H:B,6,1,exact_full_graph,9.4685,39,39
3SNC,diffdock,excluded_reference_or_graph_check,short_polymer,H:B,6,1,exact_full_graph,11.0745,39,39
3SND,equibind,excluded_reference_or_graph_check,short_polymer,C:C,2,2,exact_full_graph,9.2286,17,17
3SND,diffdock,excluded_reference_or_graph_check,short_polymer,C:C,2,2,exact_full_graph,3.5119,17,17
3SO6,equibind,excluded_reference_or_graph_check,,,,0,no_exact_element_candidate,,,108
3SO6,diffdock,excluded_reference_or_graph_check,,,,0,no_exact_element_candidate,,,108
3SOQ,equibind,excluded_reference_or_graph_check,short_polymer,Z:B,9,1,exact_full_graph,7.5044,56,56
3SOQ,diffdock,excluded_reference_or_graph_check,short_polymer,Z:B,9,1,exact_full_graph,9.6128,56,56
3SOU,equibind,excluded_reference_or_graph_check,,,,0,no_exact_element_candidate,,,65
3SOU,diffdock,excluded_reference_or_graph_check,,,,0,no_exact_element_candidate,,,65
3SOV,equibind,excluded_reference_or_graph_check,,,,0,no_exact_element_candidate,,,52
3SOV,diffdock,excluded_reference_or_graph_check,,,,0,no_exact_element_candidate,,,52
3SOW,equibind,excluded_reference_or_graph_check,,,,0,no_exact_element_candidate,,,52
3SOW,diffdock,excluded_reference_or_graph_check,,,,0,no_exact_element_candidate,,,52
3STJ,equibind,excluded_reference_or_graph_check,,,,0,no_exact_element_candidate,,,26
3SW9,equibind,excluded_reference_or_graph_check,,,,0,no_exact_element_candidate,,,40
3SW9,diffdock,excluded_reference_or_graph_check,,,,0,no_exact_element_candidate,,,40
3SXU,equibind,excluded_reference_or_graph_check,short_polymer,C:C,4,1,exact_full_graph,26.807,35,35
3SXU,diffdock,excluded_reference_or_graph_check,short_polymer,C:C,4,1,exact_full_graph,36.4371,35,35
3SZM,equibind,excluded_reference_or_graph_check,short_polymer,J:J,6,6,exact_full_graph,35.2555,55,55
3SZM,diffdock,excluded_reference_or_graph_check,short_polymer,N:N,6,6,exact_full_graph,33.4787,55,55
3T1N,equibind,excluded_reference_or_graph_check,short_polymer,C:C,4,2,exact_full_graph,22.2774,39,39
3T1N,diffdock,excluded_reference_or_graph_check,short_polymer,D:D,4,2,exact_full_graph,10.6902,39,39
3T2C,equibind,excluded_reference_or_graph_check,,,,0,no_exact_element_candidate,,,9
3T2C,diffdock,excluded_reference_or_graph_check,,,,0,no_exact_element_candidate,,,9
3T4P,equibind,excluded_reference_or_graph_check,short_polymer,B:B,4,1,exact_full_graph,5.8523,37,37
3T4P,diffdock,excluded_reference_or_graph_check,short_polymer,B:B,4,1,exact_full_graph,6.5633,37,37
3T5I,equibind,excluded_reference_or_graph_check,short_polymer,Q:E,3,2,exact_full_graph,15.5178,20,20
3T5I,diffdock,excluded_reference_or_graph_check,short_polymer,Q:E,3,2,exact_full_graph,19.6926,20,20
3T6B,equibind,excluded_reference_or_graph_check,short_polymer,C:B,5,2,exact_full_graph,22.5244,48,48
3T6B,diffdock,excluded_reference_or_graph_check,short_polymer,D:D,5,2,exact_full_graph,8.9115,48,48
3T6J,equibind,excluded_reference_or_graph_check,short_polymer,B:B,5,1,exact_full_graph,5.2257,48,48
3T6J,diffdock,excluded_reference_or_graph_check,short_polymer,B:B,5,1,exact_full_graph,9.0496,48,48
3T6R,equibind,excluded_reference_or_graph_check,,,,0,no_exact_element_candidate,,,42
3T6R,diffdock,excluded_reference_or_graph_check,,,,0,no_exact_element_candidate,,,42
3T7G,equibind,excluded_reference_or_graph_check,,,,0,no_exact_element_candidate,,,83
3T7G,diffdock,excluded_reference_or_graph_check,,,,0,no_exact_element_candidate,,,83
3TCG,equibind,excluded_reference_or_graph_check,,,,0,no_exact_element_candidate,,,23
3TDU,equibind,excluded_reference_or_graph_check,,,,0,no_exact_element_candidate,,,134
3TDU,diffdock,excluded_reference_or_graph_check,,,,0,no_exact_element_candidate,,,134
3TDZ,equibind,excluded_reference_or_graph_check,,,,0,no_exact_element_candidate,,,96
3TDZ,diffdock,excluded_reference_or_graph_check,,,,0,no_exact_element_candidate,,,96
3TF6,equibind,excluded_reference_or_graph_check,,,,0,no_exact_element_candidate,,,11
3TF6,diffdock,excluded_reference_or_graph_check,,,,0,no_exact_element_candidate,,,11
3TF7,equibind,excluded_reference_or_graph_check,,,,0,no_exact_element_candidate,,,76
3TF7,diffdock,excluded_reference_or_graph_check,,,,0,no_exact_element_candidate,,,76
3TFK,equibind,excluded_reference_or_graph_check,short_polymer,B:B,9,1,exact_full_graph,5.6011,70,70
3TFK,diffdock,excluded_reference_or_graph_check,short_polymer,B:B,9,1,exact_full_graph,5.9557,70,70
3TG5,equibind,excluded_reference_or_graph_check,,,,0,no_exact_element_candidate,,,65
3TG5,diffdock,excluded_reference_or_graph_check,,,,0,no_exact_element_candidate,,,65
3TH0,equibind,excluded_reference_or_graph_check,branched_glycan,B:B,8,1,exact_full_graph,12.2776,83,83
3TH0,diffdock,excluded_reference_or_graph_check,branched_glycan,B:B,8,1,exact_full_graph,5.0465,83,83
3TJH,equibind,excluded_reference_or_graph_check,short_polymer,B:B,9,1,exact_full_graph,6.5565,80,80
3TJH,diffdock,excluded_reference_or_graph_check,short_polymer,B:B,9,1,exact_full_graph,10.347,80,80
3TJM,equibind,excluded_reference_or_graph_check,,,,0,no_exact_element_candidate,,,23
3TJM,diffdock,excluded_reference_or_graph_check,,,,0,no_exact_element_candidate,,,23
3TPX,equibind,excluded_reference_or_graph_check,short_polymer,D:D,11,3,exact_full_graph,15.5526,105,105
3TPX,diffdock,excluded_reference_or_graph_check,short_polymer,B:B,11,3,exact_full_graph,5.5831,105,105
3TSZ,equibind,excluded_reference_or_graph_check,short_polymer,B:B,10,1,exact_full_graph,20.8912,80,80
3TSZ,diffdock,excluded_reference_or_graph_check,short_polymer,B:B,10,1,exact_full_graph,13.5522,80,80
3TWR,equibind,excluded_reference_or_graph_check,short_polymer,E:E,13,2,exact_full_graph,19.8512,104,104
3TWR,diffdock,excluded_reference_or_graph_check,short_polymer,F:F,13,2,exact_full_graph,10.6872,104,104
3TWS,equibind,excluded_reference_or_graph_check,short_polymer,E:E,14,1,exact_full_graph,17.7787,109,109
3TWS,diffdock,excluded_reference_or_graph_check,short_polymer,E:E,14,1,exact_full_graph,17.935,109,109
3TWU,equibind,excluded_reference_or_graph_check,short_polymer,B:B,13,1,exact_full_graph,9.1298,93,93
3TWU,diffdock,excluded_reference_or_graph_check,short_polymer,B:B,13,1,exact_full_graph,7.7814,93,93
3TWV,equibind,excluded_reference_or_graph_check,short_polymer,E:E,12,1,exact_full_graph,24.1924,99,99
3TWV,diffdock,excluded_reference_or_graph_check,short_polymer,E:E,12,1,exact_full_graph,18.3856,99,99
3TWX,equibind,excluded_reference_or_graph_check,short_polymer,D:D,12,2,exact_full_graph,13.9812,98,98
3TWX,diffdock,excluded_reference_or_graph_check,short_polymer,C:C,12,2,exact_full_graph,10.1265,98,98
3TZD,equibind,excluded_reference_or_graph_check,,,,0,no_exact_element_candidate,,,96
3TZD,diffdock,excluded_reference_or_graph_check,,,,0,no_exact_element_candidate,,,96
3U0T,equibind,excluded_reference_or_graph_check,short_polymer,E:C,11,2,exact_full_graph,20.6087,71,71
3U0T,diffdock,excluded_reference_or_graph_check,short_polymer,E:C,11,2,exact_full_graph,30.5373,71,71
3U3F,equibind,excluded_reference_or_graph_check,,,,0,no_exact_element_candidate,,,84
3U3F,diffdock,excluded_reference_or_graph_check,,,,0,no_exact_element_candidate,,,84
3U3Z,equibind,excluded_reference_or_graph_check,short_polymer,B:B,4,1,exact_full_graph,22.0421,45,45
3U3Z,diffdock,excluded_reference_or_graph_check,short_polymer,B:B,4,1,exact_full_graph,11.7547,45,45
3U51,equibind,excluded_reference_or_graph_check,short_polymer,D:D,6,2,exact_full_graph,12.1104,54,54
3U51,diffdock,excluded_reference_or_graph_check,short_polymer,D:D,6,2,exact_full_graph,2.1924,54,54
3UD7,equibind,excluded_reference_or_graph_check,branched_glycan,D:D,2,2,exact_full_graph,28.6671,33,33
3UD7,diffdock,excluded_reference_or_graph_check,branched_glycan,D:D,2,2,exact_full_graph,1.7972,33,33
3UDA,equibind,excluded_reference_or_graph_check,branched_glycan,D:D,2,2,exact_full_graph,9.5206,41,41
3UDA,diffdock,excluded_reference_or_graph_check,branched_glycan,D:D,2,2,exact_full_graph,45.7646,41,41
3UDA_2,equibind,excluded_reference_or_graph_check,branched_glycan,D:D,2,2,exact_full_graph,10.3258,41,41
3UDA_2,diffdock,excluded_reference_or_graph_check,branched_glycan,D:D,2,2,exact_full_graph,47.1756,41,41
3UED,equibind,excluded_reference_or_graph_check,,,,0,no_exact_element_candidate,,,47
3UED,diffdock,excluded_reference_or_graph_check,,,,0,no_exact_element_candidate,,,47
3UEF,equibind,excluded_reference_or_graph_check,,,,0,no_exact_element_candidate,,,38
3UEF,diffdock,excluded_reference_or_graph_check,,,,0,no_exact_element_candidate,,,38
3UEO,equibind,excluded_reference_or_graph_check,,,,0,no_exact_element_candidate,,,71
3UEO,diffdock,excluded_reference_or_graph_check,,,,0,no_exact_element_candidate,,,71
3UIG,equibind,excluded_reference_or_graph_check,,,,0,no_exact_element_candidate,,,46
3UIG,diffdock,excluded_reference_or_graph_check,,,,0,no_exact_element_candidate,,,46
3UIH,equibind,excluded_reference_or_graph_check,,,,0,no_exact_element_candidate,,,28
3UIH,diffdock,excluded_reference_or_graph_check,,,,0,no_exact_element_candidate,,,28
3UII,equibind,excluded_reference_or_graph_check,,,,0,no_exact_element_candidate,,,33
3UII,diffdock,excluded_reference_or_graph_check,,,,0,no_exact_element_candidate,,,33
3UIJ,equibind,excluded_reference_or_graph_check,,,,0,no_exact_element_candidate,,,28
3UIJ,diffdock,excluded_reference_or_graph_check,,,,0,no_exact_element_candidate,,,28
3UIK,equibind,excluded_reference_or_graph_check,,,,0,no_exact_element_candidate,,,33
3UIK,diffdock,excluded_reference_or_graph_check,,,,0,no_exact_element_candidate,,,33
3UNN,equibind,excluded_reference_or_graph_check,short_polymer,B:B,8,1,exact_full_graph,19.0144,67,67
3UNN,diffdock,excluded_reference_or_graph_check,short_polymer,B:B,8,1,exact_full_graph,7.496,67,67
3UPV,equibind,excluded_reference_or_graph_check,short_polymer,B:B,7,1,exact_full_graph,7.1196,55,55
3UPV,diffdock,excluded_reference_or_graph_check,short_polymer,B:B,7,1,exact_full_graph,8.9516,55,55
3UQP,equibind,excluded_reference_or_graph_check,short_polymer,B:B,8,1,exact_full_graph,11.574,72,72
3UQP,diffdock,excluded_reference_or_graph_check,short_polymer,B:B,8,1,exact_full_graph,3.7176,72,72
3URI,equibind,excluded_reference_or_graph_check,short_polymer,B:B,7,1,exact_full_graph,8.5914,65,65
3URI,diffdock,excluded_reference_or_graph_check,short_polymer,B:B,7,1,exact_full_graph,5.4236,65,65
3UVK,equibind,excluded_reference_or_graph_check,,,,0,no_exact_element_candidate,,,81
3UVK,diffdock,excluded_reference_or_graph_check,,,,0,no_exact_element_candidate,,,81
3UVL,equibind,excluded_reference_or_graph_check,,,,0,no_exact_element_candidate,,,62
3UVL,diffdock,excluded_reference_or_graph_check,,,,0,no_exact_element_candidate,,,62
3UVM,equibind,excluded_reference_or_graph_check,,,,0,no_exact_element_candidate,,,78
3UVM,diffdock,excluded_reference_or_graph_check,,,,0,no_exact_element_candidate,,,78
3UVN,equibind,excluded_reference_or_graph_check,,,,0,no_exact_element_candidate,,,66
3UVN,diffdock,excluded_reference_or_graph_check,,,,0,no_exact_element_candidate,,,66
3UVO,equibind,excluded_reference_or_graph_check,,,,0,no_exact_element_candidate,,,55
3UVO,diffdock,excluded_reference_or_graph_check,,,,0,no_exact_element_candidate,,,55
3UVU,equibind,excluded_reference_or_graph_check,,,,0,no_exact_element_candidate,,,147
3UVU,diffdock,excluded_reference_or_graph_check,,,,0,no_exact_element_candidate,,,147
3UVW,equibind,excluded_reference_or_graph_check,short_polymer,B:B,12,1,exact_full_graph,14.879,79,79
3UVW,diffdock,excluded_reference_or_graph_check,short_polymer,B:B,12,1,exact_full_graph,10.8006,79,79
3UVX,equibind,excluded_reference_or_graph_check,,,,0,no_exact_element_candidate,,,48
3UVX,diffdock,excluded_reference_or_graph_check,,,,0,no_exact_element_candidate,,,48
3UW9,equibind,excluded_reference_or_graph_check,,,,0,no_exact_element_candidate,,,41
3UW9,diffdock,excluded_reference_or_graph_check,,,,0,no_exact_element_candidate,,,41
3UYR,equibind,excluded_reference_or_graph_check,,,,0,no_exact_element_candidate,,,69
3UYR,diffdock,excluded_reference_or_graph_check,,,,0,no_exact_element_candidate,,,69
3UZD,equibind,excluded_reference_or_graph_check,,,,0,no_exact_element_candidate,,,69
3UZD,diffdock,excluded_reference_or_graph_check,,,,0,no_exact_element_candidate,,,69
3V2O,equibind,excluded_reference_or_graph_check,short_polymer,B:B,11,1,exact_full_graph,7.4596,79,79
3V2O,diffdock,excluded_reference_or_graph_check,short_polymer,B:B,11,1,exact_full_graph,22.4524,79,79
3V2X,equibind,excluded_reference_or_graph_check,short_polymer,B:B,11,1,exact_full_graph,14.9087,84,84
3V2X,diffdock,excluded_reference_or_graph_check,short_polymer,B:B,11,1,exact_full_graph,17.2756,84,84
3V30,equibind,excluded_reference_or_graph_check,short_polymer,B:B,16,1,exact_full_graph,14.3132,109,109
3V30,diffdock,excluded_reference_or_graph_check,short_polymer,B:B,16,1,exact_full_graph,10.5411,109,109
3V3B,equibind,excluded_reference_or_graph_check,,,,0,no_exact_element_candidate,,,120
3V3B,diffdock,excluded_reference_or_graph_check,,,,0,no_exact_element_candidate,,,120
3V43,equibind,excluded_reference_or_graph_check,,,,0,no_exact_element_candidate,,,54
3V43,diffdock,excluded_reference_or_graph_check,,,,0,no_exact_element_candidate,,,54
3VB4,equibind,excluded_reference_or_graph_check,short_polymer,E:C,5,2,exact_full_graph,18.6485,36,36
3VB4,diffdock,excluded_reference_or_graph_check,short_polymer,F:D,5,2,exact_full_graph,6.6279,36,36
3VB5,equibind,excluded_reference_or_graph_check,short_polymer,E:C,5,2,exact_full_graph,12.7652,39,39
3VB5,diffdock,excluded_reference_or_graph_check,short_polymer,E:C,5,2,exact_full_graph,6.4691,39,39
3VB6,equibind,excluded_reference_or_graph_check,short_polymer,E:C,4,2,exact_full_graph,15.9995,29,29
3VB6,diffdock,excluded_reference_or_graph_check,short_polymer,E:C,4,2,exact_full_graph,4.9615,29,29
3VB7,equibind,excluded_reference_or_graph_check,short_polymer,E:C,4,2,exact_full_graph,11.5955,29,29
3VB7,diffdock,excluded_reference_or_graph_check,short_polymer,E:C,4,2,exact_full_graph,5.2546,29,29
3VTR,equibind,excluded_reference_or_graph_check,branched_glycan,B:B,4,1,exact_full_graph,5.0716,57,57
3VTR,diffdock,excluded_reference_or_graph_check,branched_glycan,B:B,4,1,exact_full_graph,2.2429,57,57
3VZG,equibind,excluded_reference_or_graph_check,nonpolymer_pair,A:THR:201+A:MAN:202,2,1,exact_full_graph,5.0077,19,19
3VZG,diffdock,excluded_reference_or_graph_check,nonpolymer_pair,A:THR:201+A:MAN:202,2,1,exact_full_graph,3.6743,19,19
3W37,equibind,excluded_reference_or_graph_check,branched_glycan,D:D,3,1,exact_full_graph,3.7542,44,44
3W37,diffdock,excluded_reference_or_graph_check,branched_glycan,D:D,3,1,exact_full_graph,1.5773,44,44
3WDZ,equibind,excluded_reference_or_graph_check,,,,0,no_exact_element_candidate,,,88
3WDZ,diffdock,excluded_reference_or_graph_check,,,,0,no_exact_element_candidate,,,88
3WQV,equibind,excluded_reference_or_graph_check,branched_glycan,B:B,5,1,exact_full_graph,3.9155,56,56
3WQV,diffdock,excluded_reference_or_graph_check,branched_glycan,B:B,5,1,exact_full_graph,17.6145,56,56
3WQW,equibind,excluded_reference_or_graph_check,branched_glycan,B:B,5,1,exact_full_graph,4.7871,56,56
3WQW,diffdock,excluded_reference_or_graph_check,branched_glycan,B:B,5,1,exact_full_graph,2.3882,56,56
3WSY,equibind,excluded_reference_or_graph_check,,,,0,no_exact_element_candidate,,,90
3WSY,diffdock,excluded_reference_or_graph_check,,,,0,no_exact_element_candidate,,,90
3WUT,equibind,excluded_reference_or_graph_check,,,,0,no_exact_element_candidate,,,95
3WUT,diffdock,excluded_reference_or_graph_check,,,,0,no_exact_element_candidate,,,95
3WUU,equibind,excluded_reference_or_graph_check,,,,0,no_exact_element_candidate,,,104
3WUU,diffdock,excluded_reference_or_graph_check,,,,0,no_exact_element_candidate,,,104
3WUV,equibind,excluded_reference_or_graph_check,,,,0,no_exact_element_candidate,,,102
3WUV,diffdock,excluded_reference_or_graph_check,,,,0,no_exact_element_candidate,,,102
3ZHA,equibind,excluded_reference_or_graph_check,,,,0,no_exact_element_candidate,,,112
3ZHF,equibind,excluded_reference_or_graph_check,short_polymer,B:B,7,1,exact_full_graph,10.2718,57,57
3ZHF,diffdock,excluded_reference_or_graph_check,short_polymer,B:B,7,1,exact_full_graph,6.1024,57,57
3ZKE,equibind,excluded_reference_or_graph_check,,,,0,no_exact_element_candidate,,,77
3ZKE,diffdock,excluded_reference_or_graph_check,,,,0,no_exact_element_candidate,,,77
3ZKF,equibind,excluded_reference_or_graph_check,,,,0,no_exact_element_candidate,,,76
3ZKF,diffdock,excluded_reference_or_graph_check,,,,0,no_exact_element_candidate,,,76
3ZMP,equibind,excluded_reference_or_graph_check,,,,0,no_exact_element_candidate,,,29
3ZMP,diffdock,excluded_reference_or_graph_check,,,,0,no_exact_element_candidate,,,29
3ZMQ,equibind,excluded_reference_or_graph_check,,,,0,no_exact_element_candidate,,,58
3ZMQ,diffdock,excluded_reference_or_graph_check,,,,0,no_exact_element_candidate,,,58
3ZMT,equibind,excluded_reference_or_graph_check,,,,0,no_exact_element_candidate,,,51
3ZMT,diffdock,excluded_reference_or_graph_check,,,,0,no_exact_element_candidate,,,51
3ZMV,equibind,excluded_reference_or_graph_check,,,,0,no_exact_element_candidate,,,48
3ZMV,diffdock,excluded_reference_or_graph_check,,,,0,no_exact_element_candidate,,,48
3ZMZ,equibind,excluded_reference_or_graph_check,,,,0,no_exact_element_candidate,,,48
3ZMZ,diffdock,excluded_reference_or_graph_check,,,,0,no_exact_element_candidate,,,48
3ZQ9,equibind,excluded_reference_or_graph_check,nonpolymer_pair,A:NOY:1519+A:BGC:1520,2,1,exact_full_graph,4.0903,22,22
3ZQ9,diffdock,excluded_reference_or_graph_check,nonpolymer_pair,A:NOY:1519+A:BGC:1520,2,1,exact_full_graph,0.9342,22,22
3ZST,equibind,excluded_reference_or_graph_check,branched_glycan,D:D,6,2,exact_full_graph,19.4865,66,66
3ZST,diffdock,excluded_reference_or_graph_check,branched_glycan,C:C,6,2,exact_full_graph,3.0557,66,66
3ZVT,equibind,excluded_reference_or_graph_check,,,,0,no_exact_element_candidate,,,17
3ZVT,diffdock,excluded_reference_or_graph_check,,,,0,no_exact_element_candidate,,,17
3ZVW,equibind,excluded_reference_or_graph_check,,,,0,no_exact_element_candidate,,,14
3ZVW,diffdock,excluded_reference_or_graph_check,,,,0,no_exact_element_candidate,,,14
3ZVY,equibind,excluded_reference_or_graph_check,,,,0,no_exact_element_candidate,,,42
3ZVY,diffdock,excluded_reference_or_graph_check,,,,0,no_exact_element_candidate,,,42
3ZYB,equibind,excluded_reference_or_graph_check,short_polymer,J:J,4,3,exact_full_graph,8.0724,25,25
3ZYB,diffdock,excluded_reference_or_graph_check,short_polymer,I:I,4,3,exact_full_graph,12.118,25,25
3ZYR,equibind,excluded_reference_or_graph_check,,,,0,no_exact_element_candidate,,,98
3ZYR,diffdock,excluded_reference_or_graph_check,,,,0,no_exact_element_candidate,,,98
4A0J,equibind,excluded_reference_or_graph_check,,,,0,no_exact_element_candidate,,,47
4A0J,diffdock,excluded_reference_or_graph_check,,,,0,no_exact_element_candidate,,,47
4A2A,equibind,excluded_reference_or_graph_check,,,,0,no_exact_element_candidate,,,113
4A2A,diffdock,excluded_reference_or_graph_check,,,,0,no_exact_element_candidate,,,113
4AA1,equibind,excluded_reference_or_graph_check,short_polymer,P:B,5,1,exact_full_graph,4.4175,38,38
4AA1,diffdock,excluded_reference_or_graph_check,short_polymer,P:B,5,1,exact_full_graph,11.3223,38,38
4ABI,equibind,excluded_reference_or_graph_check,,,,0,no_exact_element_candidate,,,91
4ABI,diffdock,excluded_reference_or_graph_check,,,,0,no_exact_element_candidate,,,91
4AD2,equibind,excluded_reference_or_graph_check,nonpolymer_pair,D:GLC:500+D:IFM:501,2,4,exact_full_graph,17.8314,21,21
4AD2,diffdock,excluded_reference_or_graph_check,nonpolymer_pair,D:GLC:500+D:IFM:501,2,4,exact_full_graph,0.8232,21,21
4AD3,equibind,excluded_reference_or_graph_check,nonpolymer_pair,B:GLC:500+B:DMJ:501,2,4,exact_full_graph,19.8907,22,22
4AD3,diffdock,excluded_reference_or_graph_check,nonpolymer_pair,D:GLC:500+D:DMJ:501,2,4,exact_full_graph,1.2085,22,22
4AIF,equibind,excluded_reference_or_graph_check,short_polymer,D:C,7,1,exact_full_graph,16.8958,51,51
4AIF,diffdock,excluded_reference_or_graph_check,short_polymer,D:C,7,1,exact_full_graph,12.5772,51,51
4AOM,equibind,excluded_reference_or_graph_check,,,,0,no_exact_element_candidate,,,149
4AOM,diffdock,excluded_reference_or_graph_check,,,,0,no_exact_element_candidate,,,149
4APH,equibind,excluded_reference_or_graph_check,,,,0,no_exact_element_candidate,,,54
4APH,diffdock,excluded_reference_or_graph_check,,,,0,no_exact_element_candidate,,,54
4APO,equibind,excluded_reference_or_graph_check,short_polymer,E:D,6,2,exact_full_graph,19.7227,47,47
4APO,diffdock,excluded_reference_or_graph_check,short_polymer,E:D,6,2,exact_full_graph,25.8685,47,47
4AYP,equibind,excluded_reference_or_graph_check,branched_glycan,B:B,2,2,exact_full_graph,3.9652,24,24
4AYP,diffdock,excluded_reference_or_graph_check,branched_glycan,B:B,2,2,exact_full_graph,4.8539,24,24
4B4Q,equibind,excluded_reference_or_graph_check,branched_glycan,C:C,6,2,exact_full_graph,21.9326,72,72
4B4Q,diffdock,excluded_reference_or_graph_check,branched_glycan,D:D,6,2,exact_full_graph,20.8737,72,72
4B60,equibind,excluded_reference_or_graph_check,,,,0,no_exact_element_candidate,,,102
4B60,diffdock,excluded_reference_or_graph_check,,,,0,no_exact_element_candidate,,,102
4B8O,equibind,excluded_reference_or_graph_check,,,,0,no_exact_element_candidate,,,83
4B8O,diffdock,excluded_reference_or_graph_check,,,,0,no_exact_element_candidate,,,83
4B8P,equibind,excluded_reference_or_graph_check,,,,0,no_exact_element_candidate,,,56
4B8P,diffdock,excluded_reference_or_graph_check,,,,0,no_exact_element_candidate,,,56
4B8Y,equibind,excluded_reference_or_graph_check,short_polymer,B:B,6,1,exact_full_graph,9.1641,48,48
4B8Y,diffdock,excluded_reference_or_graph_check,short_polymer,B:B,6,1,exact_full_graph,5.8128,48,48
4B9H,equibind,excluded_reference_or_graph_check,branched_glycan,C:C,4,1,exact_full_graph,11.2064,57,57
4B9H,diffdock,excluded_reference_or_graph_check,branched_glycan,C:C,4,1,exact_full_graph,4.0266,57,57
4B9Z,equibind,excluded_reference_or_graph_check,branched_glycan,B:B,3,1,exact_full_graph,6.0897,44,44
4B9Z,diffdock,excluded_reference_or_graph_check,branched_glycan,B:B,3,1,exact_full_graph,1.8881,44,44
4BD3,equibind,excluded_reference_or_graph_check,short_polymer,B:B,11,1,exact_full_graph,15.1801,89,89
4BD3,diffdock,excluded_reference_or_graph_check,short_polymer,B:B,11,1,exact_full_graph,16.7141,89,89
4BEA,equibind,excluded_reference_or_graph_check,short_polymer,B:B,13,1,exact_full_graph,17.2989,110,110
4BEA,diffdock,excluded_reference_or_graph_check,short_polymer,B:B,13,1,exact_full_graph,27.2199,110,110
4BG6,equibind,excluded_reference_or_graph_check,short_polymer,Q:C,7,1,exact_full_graph,28.6088,57,57
4BG6,diffdock,excluded_reference_or_graph_check,short_polymer,Q:C,7,1,exact_full_graph,31.9959,57,57
4BGK,equibind,excluded_reference_or_graph_check,,,,0,no_exact_element_candidate,,,11
4BGK,diffdock,excluded_reference_or_graph_check,,,,0,no_exact_element_candidate,,,11
4BGX,equibind,excluded_reference_or_graph_check,branched_glycan,C:C,2,2,exact_full_graph,65.0864,32,32
4BGX,diffdock,excluded_reference_or_graph_check,branched_glycan,C:C,2,2,exact_full_graph,2.2319,32,32
4BGY,equibind,excluded_reference_or_graph_check,branched_glycan,E:E,3,1,exact_full_graph,68.9464,46,46
4BGY,diffdock,excluded_reference_or_graph_check,branched_glycan,E:E,3,1,exact_full_graph,65.0676,46,46
4BH3,equibind,excluded_reference_or_graph_check,branched_glycan,D:D,3,1,exact_full_graph,74.7485,46,46
4BH3,diffdock,excluded_reference_or_graph_check,branched_glycan,D:D,3,1,exact_full_graph,78.0281,46,46
4BH4,equibind,excluded_reference_or_graph_check,branched_glycan,D:D,3,1,exact_full_graph,85.9973,46,46
4BH4,diffdock,excluded_reference_or_graph_check,branched_glycan,D:D,3,1,exact_full_graph,60.3893,46,46
4BLB,equibind,excluded_reference_or_graph_check,,,,0,no_exact_element_candidate,,,59
4BLB,diffdock,excluded_reference_or_graph_check,,,,0,no_exact_element_candidate,,,59
4BPI,equibind,excluded_reference_or_graph_check,,,,0,no_exact_element_candidate,,,156
4BPI,diffdock,excluded_reference_or_graph_check,,,,0,no_exact_element_candidate,,,156
4BT9,equibind,excluded_reference_or_graph_check,short_polymer,C:C,9,1,exact_full_graph,94.1547,55,55
4BT9,diffdock,excluded_reference_or_graph_check,short_polymer,C:C,9,1,exact_full_graph,93.5929,55,55
4BTB,equibind,excluded_reference_or_graph_check,short_polymer,C:B,9,1,exact_full_graph,37.1774,64,64
4BTB,diffdock,excluded_reference_or_graph_check,short_polymer,C:B,9,1,exact_full_graph,11.1235,64,64
4BV2,equibind,excluded_reference_or_graph_check,,,,0,no_exact_element_candidate,,,45
4BV2,diffdock,excluded_reference_or_graph_check,,,,0,no_exact_element_candidate,,,45
4BXU,equibind,excluded_reference_or_graph_check,,,,0,no_exact_element_candidate,,,120
4BXU,diffdock,excluded_reference_or_graph_check,,,,0,no_exact_element_candidate,,,120
4C16,equibind,excluded_reference_or_graph_check,,,,0,no_exact_element_candidate,,,41
4C16,diffdock,excluded_reference_or_graph_check,,,,0,no_exact_element_candidate,,,41
4C1T,equibind,excluded_reference_or_graph_check,branched_glycan,B:B,4,1,exact_full_graph,7.5099,37,37
4C1T,diffdock,excluded_reference_or_graph_check,branched_glycan,B:B,4,1,exact_full_graph,1.8612,37,37
4C1U,equibind,excluded_reference_or_graph_check,branched_glycan,B:B,3,1,exact_full_graph,4.4171,28,28
4C1U,diffdock,excluded_reference_or_graph_check,branched_glycan,B:B,3,1,exact_full_graph,8.4659,28,28
4C1W,equibind,excluded_reference_or_graph_check,branched_glycan,B:B,3,1,exact_full_graph,3.8181,43,43
4C1W,diffdock,excluded_reference_or_graph_check,branched_glycan,B:B,3,1,exact_full_graph,3.1777,43,43
4C4N,equibind,excluded_reference_or_graph_check,branched_glycan,C:C,6,2,graph_mapping_limit_reached,,106,106
4C4N,diffdock,excluded_reference_or_graph_check,branched_glycan,C:C,6,2,graph_mapping_limit_reached,,106,106
4CC2,equibind,excluded_reference_or_graph_check,short_polymer,B:B,12,1,exact_full_graph,15.0418,76,76
4CC2,diffdock,excluded_reference_or_graph_check,short_polymer,B:B,12,1,exact_full_graph,16.9837,76,76
4CC3,equibind,excluded_reference_or_graph_check,short_polymer,D:D,12,4,exact_full_graph,16.4897,83,83
4CC3,diffdock,excluded_reference_or_graph_check,short_polymer,H:H,12,4,exact_full_graph,15.5415,83,83
4CC7,equibind,excluded_reference_or_graph_check,short_polymer,B:B,11,1,exact_full_graph,21.6584,65,65
4CC7,diffdock,excluded_reference_or_graph_check,short_polymer,B:B,11,1,exact_full_graph,46.1841,65,65
4CD4,equibind,excluded_reference_or_graph_check,nonpolymer_pair,A:BMA:1422+A:IFM:1423,2,1,exact_full_graph,1.5413,21,21
4CD4,diffdock,excluded_reference_or_graph_check,nonpolymer_pair,A:BMA:1422+A:IFM:1423,2,1,exact_full_graph,0.9346,21,21
4CD5,equibind,excluded_reference_or_graph_check,nonpolymer_pair,A:BMA:1422+A:MVL:1423,2,1,exact_full_graph,3.5483,25,25
4CD5,diffdock,excluded_reference_or_graph_check,nonpolymer_pair,A:BMA:1422+A:MVL:1423,2,1,exact_full_graph,2.234,25,25
4CD6,equibind,excluded_reference_or_graph_check,nonpolymer_pair,A:IFM:500+A:BMA:501,2,1,exact_full_graph,2.0842,21,21
4CD6,diffdock,excluded_reference_or_graph_check,nonpolymer_pair,A:IFM:500+A:BMA:501,2,1,exact_full_graph,2.394,21,21
4CD8,equibind,excluded_reference_or_graph_check,nonpolymer_pair,A:MVL:400+A:BMA:401,2,1,exact_full_graph,1.6223,25,25
4CD8,diffdock,excluded_reference_or_graph_check,nonpolymer_pair,A:MVL:400+A:BMA:401,2,1,exact_full_graph,1.6085,25,25
4CDR,equibind,excluded_reference_or_graph_check,short_polymer,E:E,9,4,exact_full_graph,33.4905,53,53
4CDR,diffdock,excluded_reference_or_graph_check,short_polymer,F:F,9,4,exact_full_graph,20.1284,53,53
4CSY,equibind,excluded_reference_or_graph_check,branched_glycan,C:C,4,2,exact_full_graph,44.6842,57,57
4CSY,diffdock,excluded_reference_or_graph_check,branched_glycan,C:C,4,2,exact_full_graph,32.7031,57,57
4CY1,equibind,excluded_reference_or_graph_check,short_polymer,D:D,14,2,exact_full_graph,21.7075,104,104
4CY1,diffdock,excluded_reference_or_graph_check,short_polymer,C:C,14,2,exact_full_graph,7.852,104,104
4D2D,equibind,excluded_reference_or_graph_check,short_polymer,B:B,3,1,exact_full_graph,5.6201,16,16
4D2D,diffdock,excluded_reference_or_graph_check,short_polymer,B:B,3,1,exact_full_graph,8.3436,16,16
4D4D,equibind,excluded_reference_or_graph_check,nonpolymer_pair,A:IFM:400+A:MAN:401,2,2,exact_full_graph,22.7131,21,21
4D4D,diffdock,excluded_reference_or_graph_check,nonpolymer_pair,B:IFM:400+B:MAN:401,2,2,exact_full_graph,2.5714,21,21
4D8I,equibind,excluded_reference_or_graph_check,short_polymer,B:B,5,1,exact_full_graph,10.416,34,34
4D8I,diffdock,excluded_reference_or_graph_check,short_polymer,B:B,5,1,exact_full_graph,7.6055,34,34
4DFW,equibind,excluded_reference_or_graph_check,short_polymer,D:B,7,1,exact_full_graph,6.4673,57,57
4DFW,diffdock,excluded_reference_or_graph_check,short_polymer,D:B,7,1,exact_full_graph,5.2563,57,57
4DGB,equibind,excluded_reference_or_graph_check,short_polymer,B:B,6,1,exact_full_graph,4.9292,39,39
4DGB,diffdock,excluded_reference_or_graph_check,short_polymer,B:B,6,1,exact_full_graph,9.2087,39,39
4DJ7,equibind,excluded_reference_or_graph_check,branched_glycan,H:H,3,3,exact_full_graph,74.5273,46,46
4DJ7,diffdock,excluded_reference_or_graph_check,branched_glycan,I:I,3,3,exact_full_graph,5.778,46,46
4DJS,equibind,excluded_reference_or_graph_check,,,,0,no_exact_element_candidate,,,144
4DJS,diffdock,excluded_reference_or_graph_check,,,,0,no_exact_element_candidate,,,144
4DKT,equibind,excluded_reference_or_graph_check,short_polymer,B:B,3,1,exact_full_graph,5.8105,20,20
4DKT,diffdock,excluded_reference_or_graph_check,short_polymer,B:B,3,1,exact_full_graph,3.9087,20,20
4DOW,equibind,excluded_reference_or_graph_check,,,,0,no_exact_element_candidate,,,104
4DOW,diffdock,excluded_reference_or_graph_check,,,,0,no_exact_element_candidate,,,104
4DS1,equibind,excluded_reference_or_graph_check,short_polymer,B:B,10,1,exact_full_graph,12.0411,77,77
4DS1,diffdock,excluded_reference_or_graph_check,short_polymer,B:B,10,1,exact_full_graph,27.3969,77,77
4DV9,equibind,excluded_reference_or_graph_check,short_polymer,B:B,8,1,exact_full_graph,7.1451,70,70
4DV9,diffdock,excluded_reference_or_graph_check,short_polymer,B:B,8,1,exact_full_graph,5.029,70,70
4DX9,equibind,excluded_reference_or_graph_check,,,,0,no_exact_element_candidate,,,71
4DXG,equibind,excluded_reference_or_graph_check,branched_glycan,B:B,4,1,exact_full_graph,5.8676,56,56
4DXG,diffdock,excluded_reference_or_graph_check,branched_glycan,B:B,4,1,exact_full_graph,3.176,56,56
4E34,equibind,excluded_reference_or_graph_check,short_polymer,D:D,10,2,exact_full_graph,19.8176,81,81
4E34,diffdock,excluded_reference_or_graph_check,short_polymer,C:C,10,2,exact_full_graph,9.8231,81,81
4E35,equibind,excluded_reference_or_graph_check,short_polymer,C:C,7,1,exact_full_graph,36.9319,62,62
4E35,diffdock,excluded_reference_or_graph_check,short_polymer,C:C,7,1,exact_full_graph,9.6048,62,62
4E67,equibind,excluded_reference_or_graph_check,short_polymer,B:B,8,1,exact_full_graph,6.6241,58,58
4E67,diffdock,excluded_reference_or_graph_check,short_polymer,B:B,8,1,exact_full_graph,5.7736,58,58
4E81,equibind,excluded_reference_or_graph_check,short_polymer,C:C,9,2,exact_full_graph,11.2847,71,71
4E81,diffdock,excluded_reference_or_graph_check,short_polymer,C:C,9,2,exact_full_graph,29.715,71,71
4E9C,equibind,excluded_reference_or_graph_check,short_polymer,B:B,8,1,exact_full_graph,7.2965,55,55
4E9C,diffdock,excluded_reference_or_graph_check,short_polymer,B:B,8,1,exact_full_graph,9.6318,55,55
4E9D,equibind,excluded_reference_or_graph_check,,,,0,no_exact_element_candidate,,,76
4E9D,diffdock,excluded_reference_or_graph_check,,,,0,no_exact_element_candidate,,,76
4EJF,equibind,excluded_reference_or_graph_check,,,,0,no_exact_element_candidate,,,103
4EJF,diffdock,excluded_reference_or_graph_check,,,,0,no_exact_element_candidate,,,103
4EQJ,equibind,excluded_reference_or_graph_check,,,,0,no_exact_element_candidate,,,48
4EQJ,diffdock,excluded_reference_or_graph_check,,,,0,no_exact_element_candidate,,,48
4ER2,equibind,excluded_reference_or_graph_check,short_polymer,I:B,6,1,exact_full_graph,6.5956,48,48
4ER2,diffdock,excluded_reference_or_graph_check,short_polymer,I:B,6,1,exact_full_graph,3.2928,48,48
4ER4,equibind,excluded_reference_or_graph_check,short_polymer,I:B,9,1,exact_full_graph,10.9139,78,78
4ER4,diffdock,excluded_reference_or_graph_check,short_polymer,I:B,9,1,exact_full_graph,8.6125,78,78
4ERQ,equibind,excluded_reference_or_graph_check,,,,0,no_exact_element_candidate,,,96
4ERQ,diffdock,excluded_reference_or_graph_check,,,,0,no_exact_element_candidate,,,96
4ERY,equibind,excluded_reference_or_graph_check,,,,0,no_exact_element_candidate,,,101
4ERY,diffdock,excluded_reference_or_graph_check,,,,0,no_exact_element_candidate,,,101
4ERZ,equibind,excluded_reference_or_graph_check,,,,0,no_exact_element_candidate,,,89
4ERZ,diffdock,excluded_reference_or_graph_check,,,,0,no_exact_element_candidate,,,89
4ES0,equibind,excluded_reference_or_graph_check,,,,0,no_exact_element_candidate,,,46
4ES0,diffdock,excluded_reference_or_graph_check,,,,0,no_exact_element_candidate,,,46
4ESG,equibind,excluded_reference_or_graph_check,,,,0,no_exact_element_candidate,,,119
4ESG,diffdock,excluded_reference_or_graph_check,,,,0,no_exact_element_candidate,,,119
4EST,equibind,excluded_reference_or_graph_check,short_polymer,I:B,6,1,exact_full_graph,5.8209,36,36
4EST,diffdock,excluded_reference_or_graph_check,short_polymer,I:B,6,1,exact_full_graph,5.9856,36,36
4EWR,equibind,excluded_reference_or_graph_check,,,,0,no_exact_element_candidate,,,70
4EWR,diffdock,excluded_reference_or_graph_check,,,,0,no_exact_element_candidate,,,70
4EXH,equibind,excluded_reference_or_graph_check,short_polymer,J:C,5,2,exact_full_graph,6.5606,29,29
4EXH,diffdock,excluded_reference_or_graph_check,short_polymer,J:C,5,2,exact_full_graph,9.6888,29,29
4EZO,equibind,excluded_reference_or_graph_check,,,,0,no_exact_element_candidate,,,71
4EZO,diffdock,excluded_reference_or_graph_check,,,,0,no_exact_element_candidate,,,71
4EZQ,equibind,excluded_reference_or_graph_check,,,,0,no_exact_element_candidate,,,61
4EZQ,diffdock,excluded_reference_or_graph_check,,,,0,no_exact_element_candidate,,,61
4EZR,equibind,excluded_reference_or_graph_check,short_polymer,B:B,8,1,exact_full_graph,12.8687,68,68
4EZR,diffdock,excluded_reference_or_graph_check,short_polymer,B:B,8,1,exact_full_graph,32.1048,68,68
4EZW,equibind,excluded_reference_or_graph_check,short_polymer,F:F,7,4,exact_full_graph,21.7642,55,55
4EZW,diffdock,excluded_reference_or_graph_check,short_polymer,F:F,7,4,exact_full_graph,26.9109,55,55
4EZX,equibind,excluded_reference_or_graph_check,short_polymer,D:D,7,2,exact_full_graph,16.6583,55,55
4EZX,diffdock,excluded_reference_or_graph_check,short_polymer,C:C,7,2,exact_full_graph,32.5376,55,55
4EZY,equibind,excluded_reference_or_graph_check,,,,0,no_exact_element_candidate,,,44
4EZY,diffdock,excluded_reference_or_graph_check,,,,0,no_exact_element_candidate,,,44
4EZZ,equibind,excluded_reference_or_graph_check,short_polymer,B:B,7,1,exact_full_graph,12.4301,57,57
4EZZ,diffdock,excluded_reference_or_graph_check,short_polymer,B:B,7,1,exact_full_graph,33.1514,57,57
4F14,equibind,excluded_reference_or_graph_check,,,,0,no_exact_element_candidate,,,77
4F14,diffdock,excluded_reference_or_graph_check,,,,0,no_exact_element_candidate,,,77
4F20,equibind,excluded_reference_or_graph_check,,,,0,no_exact_element_candidate,,,57
4F20,diffdock,excluded_reference_or_graph_check,,,,0,no_exact_element_candidate,,,57
4FCM,equibind,excluded_reference_or_graph_check,,,,0,no_exact_element_candidate,,,39
4FCM,diffdock,excluded_reference_or_graph_check,,,,0,no_exact_element_candidate,,,39
4FE9,equibind,excluded_reference_or_graph_check,branched_glycan,C:C,4,1,exact_full_graph,8.0633,45,45
4FE9,diffdock,excluded_reference_or_graph_check,branched_glycan,C:C,4,1,exact_full_graph,3.0745,45,45
4FEM,equibind,excluded_reference_or_graph_check,branched_glycan,B:B,6,1,exact_full_graph,6.6161,66,66
4FEM,diffdock,excluded_reference_or_graph_check,branched_glycan,B:B,6,1,exact_full_graph,6.8152,66,66
4FGT,equibind,excluded_reference_or_graph_check,,,,0,no_exact_element_candidate,,,36
4FGT,diffdock,excluded_reference_or_graph_check,,,,0,no_exact_element_candidate,,,36
4FGX,equibind,excluded_reference_or_graph_check,short_polymer,B:B,7,1,exact_full_graph,11.3933,62,62
4FGX,diffdock,excluded_reference_or_graph_check,short_polymer,B:B,7,1,exact_full_graph,5.118,62,62
4FI9,equibind,excluded_reference_or_graph_check,short_polymer,B:B,14,1,exact_full_graph,15.9599,117,117
4FI9,diffdock,excluded_reference_or_graph_check,short_polymer,B:B,14,1,exact_full_graph,40.8139,117,117
4FMN,equibind,excluded_reference_or_graph_check,,,,0,no_exact_element_candidate,,,69
4FMN,diffdock,excluded_reference_or_graph_check,,,,0,no_exact_element_candidate,,,69
4FMO,equibind,excluded_reference_or_graph_check,,,,0,no_exact_element_candidate,,,64
4FMO,diffdock,excluded_reference_or_graph_check,,,,0,no_exact_element_candidate,,,64
4FMQ,equibind,excluded_reference_or_graph_check,,,,0,no_exact_element_candidate,,,113
4FMQ,diffdock,excluded_reference_or_graph_check,,,,0,no_exact_element_candidate,,,113
4FT2,equibind,excluded_reference_or_graph_check,,,,0,no_exact_element_candidate,,,57
4FT2,diffdock,excluded_reference_or_graph_check,,,,0,no_exact_element_candidate,,,57
4FZ3,equibind,excluded_reference_or_graph_check,short_polymer,B:B,6,1,exact_full_graph,15.3493,58,58
4FZ3,diffdock,excluded_reference_or_graph_check,short_polymer,B:B,6,1,exact_full_graph,13.3736,58,58
4FZC,equibind,excluded_reference_or_graph_check,short_polymer,f:FA,4,4,exact_full_graph,25.1262,38,38
4FZG,equibind,excluded_reference_or_graph_check,short_polymer,f:FA,4,4,exact_full_graph,24.4058,37,37
4G0A,equibind,excluded_reference_or_graph_check,,,,0,no_exact_element_candidate,,,51
4G0A,diffdock,excluded_reference_or_graph_check,,,,0,no_exact_element_candidate,,,51
4G68,equibind,excluded_reference_or_graph_check,branched_glycan,E:E,3,2,exact_full_graph,28.2784,28,28
4G68,diffdock,excluded_reference_or_graph_check,branched_glycan,E:E,3,2,exact_full_graph,1.1214,28,28
4GAO,equibind,excluded_reference_or_graph_check,,,,0,no_exact_element_candidate,,,68
4GAO,diffdock,excluded_reference_or_graph_check,,,,0,no_exact_element_candidate,,,68
4GK7,equibind,excluded_reference_or_graph_check,short_polymer,5:GA,4,6,exact_full_graph,23.7926,38,38
4GLY,equibind,excluded_reference_or_graph_check,short_polymer,B:B,14,1,exact_full_graph,6.7673,98,98
4GLY,diffdock,excluded_reference_or_graph_check,short_polymer,B:B,14,1,exact_full_graph,36.423,98,98
4GM8,equibind,excluded_reference_or_graph_check,short_polymer,F:F,5,4,exact_full_graph,25.0646,48,48
4GM8,diffdock,excluded_reference_or_graph_check,short_polymer,G:G,5,4,exact_full_graph,4.014,48,48
4GNE,equibind,excluded_reference_or_graph_check,,,,0,no_exact_element_candidate,,,49
4GNE,diffdock,excluded_reference_or_graph_check,,,,0,no_exact_element_candidate,,,49
4GNF,equibind,excluded_reference_or_graph_check,,,,0,no_exact_element_candidate,,,74
4GNF,diffdock,excluded_reference_or_graph_check,,,,0,no_exact_element_candidate,,,74
4GNG,equibind,excluded_reference_or_graph_check,,,,0,no_exact_element_candidate,,,83
4GNG,diffdock,excluded_reference_or_graph_check,,,,0,no_exact_element_candidate,,,83
4GPK,equibind,excluded_reference_or_graph_check,short_polymer,U:U,8,12,exact_full_graph,36.6465,56,56
4GVD,equibind,excluded_reference_or_graph_check,short_polymer,D:D,8,1,exact_full_graph,22.7203,60,60
4GVD,diffdock,excluded_reference_or_graph_check,short_polymer,D:D,8,1,exact_full_graph,28.8373,60,60
4GW1,equibind,excluded_reference_or_graph_check,,,,0,no_exact_element_candidate,,,101
4GW1,diffdock,excluded_reference_or_graph_check,,,,0,no_exact_element_candidate,,,101
4GW5,equibind,excluded_reference_or_graph_check,,,,0,no_exact_element_candidate,,,95
4GW5,diffdock,excluded_reference_or_graph_check,,,,0,no_exact_element_candidate,,,95
4GWI,equibind,excluded_reference_or_graph_check,branched_glycan,B:B,4,1,exact_full_graph,6.7207,46,46
4GWI,diffdock,excluded_reference_or_graph_check,branched_glycan,B:B,4,1,exact_full_graph,5.1228,46,46
4GXL,equibind,excluded_reference_or_graph_check,,,,0,no_exact_element_candidate,,,82
4GXL,diffdock,excluded_reference_or_graph_check,,,,0,no_exact_element_candidate,,,82
4GY5,equibind,excluded_reference_or_graph_check,,,,0,no_exact_element_candidate,,,83
4GY5,diffdock,excluded_reference_or_graph_check,,,,0,no_exact_element_candidate,,,83
4GZW,equibind,excluded_reference_or_graph_check,branched_glycan,E:E,3,2,exact_full_graph,37.2878,46,46
4GZW,diffdock,excluded_reference_or_graph_check,branched_glycan,E:E,3,2,exact_full_graph,47.9694,46,46
4GZX,equibind,excluded_reference_or_graph_check,branched_glycan,G:G,2,4,exact_full_graph,38.8331,32,32
4GZX,diffdock,excluded_reference_or_graph_check,branched_glycan,G:G,2,4,exact_full_graph,45.3673,32,32
4H36,equibind,excluded_reference_or_graph_check,,,,0,no_exact_element_candidate,,,68
4H36,diffdock,excluded_reference_or_graph_check,,,,0,no_exact_element_candidate,,,68
4H39,equibind,excluded_reference_or_graph_check,,,,0,no_exact_element_candidate,,,74
4H39,diffdock,excluded_reference_or_graph_check,,,,0,no_exact_element_candidate,,,74
4H3B,equibind,excluded_reference_or_graph_check,,,,0,no_exact_element_candidate,,,74
4H3B,diffdock,excluded_reference_or_graph_check,,,,0,no_exact_element_candidate,,,74
4H3Q,equibind,excluded_reference_or_graph_check,,,,0,no_exact_element_candidate,,,88
4H3Q,diffdock,excluded_reference_or_graph_check,,,,0,no_exact_element_candidate,,,88
4H75,equibind,excluded_reference_or_graph_check,short_polymer,B:B,8,1,exact_full_graph,7.0052,68,68
4H75,diffdock,excluded_reference_or_graph_check,short_polymer,B:B,8,1,exact_full_graph,27.0454,68,68
4HCZ,equibind,excluded_reference_or_graph_check,,,,0,no_exact_element_candidate,,,78
4HCZ,diffdock,excluded_reference_or_graph_check,,,,0,no_exact_element_candidate,,,78
4HFZ,equibind,excluded_reference_or_graph_check,,,,0,no_exact_element_candidate,,,96
4HFZ,diffdock,excluded_reference_or_graph_check,,,,0,no_exact_element_candidate,,,96
4HGC,equibind,excluded_reference_or_graph_check,,,,0,no_exact_element_candidate,,,91
4HGC,diffdock,excluded_reference_or_graph_check,,,,0,no_exact_element_candidate,,,91
4HP0,equibind,excluded_reference_or_graph_check,branched_glycan,B:B,4,1,exact_full_graph,3.9783,53,53
4HP0,diffdock,excluded_reference_or_graph_check,branched_glycan,B:B,4,1,exact_full_graph,3.2509,53,53
4HPI,equibind,excluded_reference_or_graph_check,branched_glycan,B:B,3,1,exact_full_graph,3.3837,39,39
4HPI,diffdock,excluded_reference_or_graph_check,branched_glycan,B:B,3,1,exact_full_graph,3.2443,39,39
4HPY,equibind,excluded_reference_or_graph_check,,,,0,no_exact_element_candidate,,,99
4HPY,diffdock,excluded_reference_or_graph_check,,,,0,no_exact_element_candidate,,,99
4HS6,equibind,excluded_reference_or_graph_check,,,,0,no_exact_element_candidate,,,99
4HS6,diffdock,excluded_reference_or_graph_check,,,,0,no_exact_element_candidate,,,99
4HS8,equibind,excluded_reference_or_graph_check,,,,0,no_exact_element_candidate,,,99
4HS8,diffdock,excluded_reference_or_graph_check,,,,0,no_exact_element_candidate,,,99
4HT6,equibind,excluded_reference_or_graph_check,short_polymer,D:D,11,3,exact_full_graph,12.0244,90,90
4HT6,diffdock,excluded_reference_or_graph_check,short_polymer,F:F,11,3,exact_full_graph,11.5944,90,90
4HTP,equibind,excluded_reference_or_graph_check,,,,0,no_exact_element_candidate,,,86
4HTP,diffdock,excluded_reference_or_graph_check,,,,0,no_exact_element_candidate,,,86
4HXJ,equibind,excluded_reference_or_graph_check,short_polymer,C:C,3,1,exact_full_graph,10.9169,23,23
4HXJ,diffdock,excluded_reference_or_graph_check,short_polymer,C:C,3,1,exact_full_graph,11.3111,23,23
4HY9,equibind,excluded_reference_or_graph_check,short_polymer,D:D,9,2,exact_full_graph,16.3714,75,75
4HY9,diffdock,excluded_reference_or_graph_check,short_polymer,C:C,9,2,exact_full_graph,13.7918,75,75
4HYB,equibind,excluded_reference_or_graph_check,short_polymer,D:D,8,2,exact_full_graph,20.7307,65,65
4HYB,diffdock,excluded_reference_or_graph_check,short_polymer,D:D,8,2,exact_full_graph,28.9216,65,65
4I2W,equibind,excluded_reference_or_graph_check,short_polymer,B:B,10,1,exact_full_graph,53.5872,69,69
4I2W,diffdock,excluded_reference_or_graph_check,short_polymer,B:B,10,1,exact_full_graph,54.7352,69,69
4I2Z,equibind,excluded_reference_or_graph_check,short_polymer,B:B,8,1,exact_full_graph,29.5993,64,64
4I2Z,diffdock,excluded_reference_or_graph_check,short_polymer,B:B,8,1,exact_full_graph,10.748,64,64
4I31,equibind,excluded_reference_or_graph_check,,,,0,no_exact_element_candidate,,,89
4I31,diffdock,excluded_reference_or_graph_check,,,,0,no_exact_element_candidate,,,89
4I32,equibind,excluded_reference_or_graph_check,,,,0,no_exact_element_candidate,,,89
4I32,diffdock,excluded_reference_or_graph_check,,,,0,no_exact_element_candidate,,,89
4I33,equibind,excluded_reference_or_graph_check,,,,0,no_exact_element_candidate,,,89
4I33,diffdock,excluded_reference_or_graph_check,,,,0,no_exact_element_candidate,,,89
4I7B,equibind,excluded_reference_or_graph_check,,,,0,no_exact_element_candidate,,,87
4I7B,diffdock,excluded_reference_or_graph_check,,,,0,no_exact_element_candidate,,,87
4I7D,equibind,excluded_reference_or_graph_check,,,,0,no_exact_element_candidate,,,115
4I7D,diffdock,excluded_reference_or_graph_check,,,,0,no_exact_element_candidate,,,115
4I80,equibind,excluded_reference_or_graph_check,short_polymer,B:B,9,1,exact_full_graph,13.6458,81,81
4I80,diffdock,excluded_reference_or_graph_check,short_polymer,B:B,9,1,exact_full_graph,11.1621,81,81
4I9C,equibind,excluded_reference_or_graph_check,short_polymer,C:B,5,1,exact_full_graph,5.8372,41,41
4I9C,diffdock,excluded_reference_or_graph_check,short_polymer,C:B,5,1,exact_full_graph,7.5841,41,41
4IB5,equibind,excluded_reference_or_graph_check,,,,0,no_exact_element_candidate,,,98
4IGK,equibind,excluded_reference_or_graph_check,,,,0,no_exact_element_candidate,,,53
4IGK,diffdock,excluded_reference_or_graph_check,,,,0,no_exact_element_candidate,,,53
4IGQ,equibind,excluded_reference_or_graph_check,,,,0,no_exact_element_candidate,,,29
4IGQ,diffdock,excluded_reference_or_graph_check,,,,0,no_exact_element_candidate,,,29
4IHO,equibind,excluded_reference_or_graph_check,short_polymer,C:C,9,2,exact_full_graph,28.6943,79,79
4IHO,diffdock,excluded_reference_or_graph_check,short_polymer,C:C,9,2,exact_full_graph,8.0608,79,79
4IKN,equibind,excluded_reference_or_graph_check,short_polymer,B:B,5,1,exact_full_graph,18.5964,49,49
4IKN,diffdock,excluded_reference_or_graph_check,short_polymer,B:B,5,1,exact_full_graph,29.4963,49,49
4IMQ,equibind,excluded_reference_or_graph_check,short_polymer,B:B,4,1,exact_full_graph,7.8842,38,38
4IMQ,diffdock,excluded_reference_or_graph_check,short_polymer,B:B,4,1,exact_full_graph,3.5702,38,38
4IMZ,equibind,excluded_reference_or_graph_check,short_polymer,B:B,4,1,exact_full_graph,7.1254,40,40
4IMZ,diffdock,excluded_reference_or_graph_check,short_polymer,B:B,4,1,exact_full_graph,6.8231,40,40
4IN9,equibind,excluded_reference_or_graph_check,short_polymer,B:B,4,1,exact_full_graph,6.5665,39,39
4IN9,diffdock,excluded_reference_or_graph_check,short_polymer,B:B,4,1,exact_full_graph,12.2326,39,39
4INH,equibind,excluded_reference_or_graph_check,,,,0,no_exact_element_candidate,,,35
4INH,diffdock,excluded_reference_or_graph_check,,,,0,no_exact_element_candidate,,,35
4IPN,equibind,excluded_reference_or_graph_check,branched_glycan,C:D,2,4,exact_full_graph,22.1908,27,27
4IPN,diffdock,excluded_reference_or_graph_check,branched_glycan,A:C,2,4,exact_full_graph,1.2818,27,27
4IS6,equibind,excluded_reference_or_graph_check,,,,0,no_exact_element_candidate,,,120
4IS6,diffdock,excluded_reference_or_graph_check,,,,0,no_exact_element_candidate,,,120
4IUR,equibind,excluded_reference_or_graph_check,,,,0,no_exact_element_candidate,,,67
4IUR,diffdock,excluded_reference_or_graph_check,,,,0,no_exact_element_candidate,,,67
4IUT,equibind,excluded_reference_or_graph_check,,,,0,no_exact_element_candidate,,,66
4IUT,diffdock,excluded_reference_or_graph_check,,,,0,no_exact_element_candidate,,,66
4IUU,equibind,excluded_reference_or_graph_check,,,,0,no_exact_element_candidate,,,65
4IUU,diffdock,excluded_reference_or_graph_check,,,,0,no_exact_element_candidate,,,65
4IUV,equibind,excluded_reference_or_graph_check,,,,0,no_exact_element_candidate,,,73
4IUV,diffdock,excluded_reference_or_graph_check,,,,0,no_exact_element_candidate,,,73
4J09,equibind,excluded_reference_or_graph_check,,,,0,no_exact_element_candidate,,,52
4J09,diffdock,excluded_reference_or_graph_check,,,,0,no_exact_element_candidate,,,52
4J26,equibind,excluded_reference_or_graph_check,,,,0,no_exact_element_candidate,,,102
4J26,diffdock,excluded_reference_or_graph_check,,,,0,no_exact_element_candidate,,,102
4J2C,equibind,excluded_reference_or_graph_check,,,,0,no_exact_element_candidate,,,95
4J2C,diffdock,excluded_reference_or_graph_check,,,,0,no_exact_element_candidate,,,95
4J3U,equibind,excluded_reference_or_graph_check,branched_glycan,C:C,9,2,exact_full_graph,22.9741,99,99
4J3U,diffdock,excluded_reference_or_graph_check,branched_glycan,C:C,9,2,exact_full_graph,7.0467,99,99
4J44,equibind,excluded_reference_or_graph_check,short_polymer,B:B,4,1,exact_full_graph,23.3553,26,26
4J44,diffdock,excluded_reference_or_graph_check,short_polymer,B:B,4,1,exact_full_graph,19.041,26,26
4J45,equibind,excluded_reference_or_graph_check,short_polymer,B:B,4,1,exact_full_graph,22.7851,23,23
4J45,diffdock,excluded_reference_or_graph_check,short_polymer,B:B,4,1,exact_full_graph,21.6574,23,23
4J46,equibind,excluded_reference_or_graph_check,short_polymer,B:B,4,1,exact_full_graph,20.6573,28,28
4J46,diffdock,excluded_reference_or_graph_check,short_polymer,B:B,4,1,exact_full_graph,19.9457,28,28
4J47,equibind,excluded_reference_or_graph_check,short_polymer,B:B,4,1,exact_full_graph,22.4385,29,29
4J47,diffdock,excluded_reference_or_graph_check,short_polymer,B:B,4,1,exact_full_graph,19.429,29,29
4J48,equibind,excluded_reference_or_graph_check,,,,0,no_exact_element_candidate,,,32
4J48,diffdock,excluded_reference_or_graph_check,,,,0,no_exact_element_candidate,,,32
4J73,equibind,excluded_reference_or_graph_check,short_polymer,B:B,6,1,exact_full_graph,8.2892,44,44
4J73,diffdock,excluded_reference_or_graph_check,short_polymer,B:B,6,1,exact_full_graph,7.0623,44,44
4J77,equibind,excluded_reference_or_graph_check,short_polymer,C:A,5,1,exact_full_graph,38.6644,42,42
4J77,diffdock,excluded_reference_or_graph_check,short_polymer,C:A,5,1,exact_full_graph,38.5321,42,42
4J78,equibind,excluded_reference_or_graph_check,short_polymer,B:B,5,1,exact_full_graph,5.9801,42,42
4J78,diffdock,excluded_reference_or_graph_check,short_polymer,B:B,5,1,exact_full_graph,8.0112,42,42
4J79,equibind,excluded_reference_or_graph_check,short_polymer,B:B,6,1,exact_full_graph,5.609,52,52
4J79,diffdock,excluded_reference_or_graph_check,short_polymer,B:B,6,1,exact_full_graph,7.8087,52,52
4J7I,equibind,excluded_reference_or_graph_check,,,,0,no_exact_element_candidate,,,40
4J7I,diffdock,excluded_reference_or_graph_check,,,,0,no_exact_element_candidate,,,40
4J82,equibind,excluded_reference_or_graph_check,short_polymer,D:D,5,2,exact_full_graph,19.1176,44,44
4J82,diffdock,excluded_reference_or_graph_check,short_polymer,C:C,5,2,exact_full_graph,8.446,44,44
4J84,equibind,excluded_reference_or_graph_check,short_polymer,C:C,5,1,exact_full_graph,23.3359,42,42
4J84,diffdock,excluded_reference_or_graph_check,short_polymer,C:C,5,1,exact_full_graph,53.1847,42,42
4J86,equibind,excluded_reference_or_graph_check,short_polymer,C:C,6,2,exact_full_graph,7.5084,52,52
4J86,diffdock,excluded_reference_or_graph_check,short_polymer,C:C,6,2,exact_full_graph,8.4568,52,52
4J8B,equibind,excluded_reference_or_graph_check,short_polymer,B:B,6,1,exact_full_graph,5.0286,50,50
4J8B,diffdock,excluded_reference_or_graph_check,short_polymer,B:B,6,1,exact_full_graph,9.3355,50,50
4J8G,equibind,excluded_reference_or_graph_check,short_polymer,C:C,11,1,exact_full_graph,32.0784,82,82
4J8G,diffdock,excluded_reference_or_graph_check,short_polymer,C:C,11,1,exact_full_graph,42.9316,82,82
4J8R,equibind,excluded_reference_or_graph_check,,,,0,no_exact_element_candidate,,,66
4J8R,diffdock,excluded_reference_or_graph_check,,,,0,no_exact_element_candidate,,,66
4JC1,equibind,excluded_reference_or_graph_check,branched_glycan,C:B,2,2,exact_full_graph,3.963,23,23
4JC1,diffdock,excluded_reference_or_graph_check,branched_glycan,C:B,2,2,exact_full_graph,2.1797,23,23
4JCK,equibind,excluded_reference_or_graph_check,branched_glycan,C:B,2,2,exact_full_graph,3.6513,23,23
4JCK,diffdock,excluded_reference_or_graph_check,branched_glycan,C:B,2,2,exact_full_graph,1.0938,23,23
4JE8,equibind,excluded_reference_or_graph_check,,,,0,no_exact_element_candidate,,,20
4JE8,diffdock,excluded_reference_or_graph_check,,,,0,no_exact_element_candidate,,,20
4JFD,equibind,excluded_reference_or_graph_check,short_polymer,C:C,10,1,exact_full_graph,6.1232,70,70
4JFD,diffdock,excluded_reference_or_graph_check,short_polymer,C:C,10,1,exact_full_graph,5.8586,70,70
4JFE,equibind,excluded_reference_or_graph_check,short_polymer,C:C,10,1,exact_full_graph,7.6036,66,66
4JFE,diffdock,excluded_reference_or_graph_check,short_polymer,C:C,10,1,exact_full_graph,6.0869,66,66
4JFF,equibind,excluded_reference_or_graph_check,short_polymer,C:C,10,1,exact_full_graph,7.3013,69,69
4JFF,diffdock,excluded_reference_or_graph_check,short_polymer,C:C,10,1,exact_full_graph,12.8983,69,69
4JFX,equibind,excluded_reference_or_graph_check,short_polymer,P:E,8,1,exact_full_graph,44.3705,67,67
4JFX,diffdock,excluded_reference_or_graph_check,short_polymer,P:E,8,1,exact_full_graph,56.6716,67,67
4JG0,equibind,excluded_reference_or_graph_check,,,,0,no_exact_element_candidate,,,65
4JG0,diffdock,excluded_reference_or_graph_check,,,,0,no_exact_element_candidate,,,65
4JG1,equibind,excluded_reference_or_graph_check,short_polymer,P:C,9,1,exact_full_graph,10.4367,76,76
4JG1,diffdock,excluded_reference_or_graph_check,short_polymer,P:C,9,1,exact_full_graph,34.6156,76,76
4JIZ,equibind,excluded_reference_or_graph_check,,,,0,no_exact_element_candidate,,,75
4JIZ,diffdock,excluded_reference_or_graph_check,,,,0,no_exact_element_candidate,,,75
4JJ8,equibind,excluded_reference_or_graph_check,short_polymer,C:C,6,2,exact_full_graph,16.0273,49,49
4JJ8,diffdock,excluded_reference_or_graph_check,short_polymer,C:C,6,2,exact_full_graph,4.958,49,49
4JJE,equibind,excluded_reference_or_graph_check,short_polymer,B:B,6,1,exact_full_graph,6.8665,49,49
4JJE,diffdock,excluded_reference_or_graph_check,short_polymer,B:B,6,1,exact_full_graph,4.2333,49,49
4JJQ,equibind,excluded_reference_or_graph_check,short_polymer,B:B,4,1,exact_full_graph,20.6546,24,24
4JJQ,diffdock,excluded_reference_or_graph_check,short_polymer,B:B,4,1,exact_full_graph,8.6886,24,24
4JK5,equibind,excluded_reference_or_graph_check,,,,0,no_exact_element_candidate,,,133
4JK5,diffdock,excluded_reference_or_graph_check,,,,0,no_exact_element_candidate,,,133
4JK6,equibind,excluded_reference_or_graph_check,,,,0,no_exact_element_candidate,,,133
4JK6,diffdock,excluded_reference_or_graph_check,,,,0,no_exact_element_candidate,,,133
4JOG,equibind,excluded_reference_or_graph_check,short_polymer,D:D,8,2,exact_full_graph,23.8625,61,61
4JOG,diffdock,excluded_reference_or_graph_check,short_polymer,C:C,8,2,exact_full_graph,9.6743,61,61
4JOH,equibind,excluded_reference_or_graph_check,short_polymer,D:D,5,1,exact_full_graph,16.2732,37,37
4JOH,diffdock,excluded_reference_or_graph_check,short_polymer,D:D,5,1,exact_full_graph,9.5783,37,37
4JR0,equibind,excluded_reference_or_graph_check,short_polymer,D:D,6,2,exact_full_graph,18.298,36,36
4JR0,diffdock,excluded_reference_or_graph_check,short_polymer,D:D,6,2,exact_full_graph,8.7188,36,36
4K0O,equibind,excluded_reference_or_graph_check,branched_glycan,B:B,2,2,exact_full_graph,6.1201,27,27
4K0O,diffdock,excluded_reference_or_graph_check,branched_glycan,B:B,2,2,exact_full_graph,2.0114,27,27
4K1E,equibind,excluded_reference_or_graph_check,short_polymer,B:B,14,1,exact_full_graph,10.8536,109,109
4K1E,diffdock,excluded_reference_or_graph_check,short_polymer,B:B,14,1,exact_full_graph,31.2049,109,109
4K3O,equibind,excluded_reference_or_graph_check,short_polymer,E:C,6,1,exact_full_graph,58.9956,45,45
4K3O,diffdock,excluded_reference_or_graph_check,short_polymer,E:C,6,1,exact_full_graph,62.5356,45,45
4K3R,equibind,excluded_reference_or_graph_check,short_polymer,E:C,6,1,exact_full_graph,38.9986,42,42
4K3R,diffdock,excluded_reference_or_graph_check,short_polymer,E:C,6,1,exact_full_graph,63.808,42,42
4K63,equibind,excluded_reference_or_graph_check,branched_glycan,J:J,3,3,exact_full_graph,36.1585,46,46
4K63,diffdock,excluded_reference_or_graph_check,branched_glycan,J:J,3,3,exact_full_graph,9.2134,46,46
4K64,equibind,excluded_reference_or_graph_check,branched_glycan,I:I,2,4,exact_full_graph,90.0188,32,32
4K64,diffdock,excluded_reference_or_graph_check,branched_glycan,J:J,2,4,exact_full_graph,2.5211,32,32
4K66,equibind,excluded_reference_or_graph_check,branched_glycan,I:I,2,4,exact_full_graph,114.6321,32,32
4K66,diffdock,excluded_reference_or_graph_check,branched_glycan,J:J,2,4,exact_full_graph,2.3234,32,32
4K67,equibind,excluded_reference_or_graph_check,branched_glycan,J:J,2,4,exact_full_graph,86.5799,32,32
4K67,diffdock,excluded_reference_or_graph_check,branched_glycan,J:J,2,4,exact_full_graph,3.0119,32,32
4K6U,equibind,excluded_reference_or_graph_check,,,,0,no_exact_element_candidate,,,91
4K6U,diffdock,excluded_reference_or_graph_check,,,,0,no_exact_element_candidate,,,91
4K6V,equibind,excluded_reference_or_graph_check,,,,0,no_exact_element_candidate,,,94
4K6V,diffdock,excluded_reference_or_graph_check,,,,0,no_exact_element_candidate,,,94
4K6Y,equibind,excluded_reference_or_graph_check,short_polymer,C:C,8,1,exact_full_graph,36.4655,70,70
4K6Y,diffdock,excluded_reference_or_graph_check,short_polymer,C:C,8,1,exact_full_graph,25.4777,70,70
4K72,equibind,excluded_reference_or_graph_check,short_polymer,C:C,4,1,exact_full_graph,7.9683,31,31
4K72,diffdock,excluded_reference_or_graph_check,short_polymer,C:C,4,1,exact_full_graph,13.9573,31,31
4K76,equibind,excluded_reference_or_graph_check,short_polymer,E:E,8,1,exact_full_graph,37.0546,72,72
4K76,diffdock,excluded_reference_or_graph_check,short_polymer,E:E,8,1,exact_full_graph,9.4185,72,72
4K78,equibind,excluded_reference_or_graph_check,short_polymer,B:B,10,1,exact_full_graph,14.3681,88,88
4K78,diffdock,excluded_reference_or_graph_check,short_polymer,B:B,10,1,exact_full_graph,6.2358,88,88
4KC4,equibind,excluded_reference_or_graph_check,,,,0,no_exact_element_candidate,,,27
4KC4,diffdock,excluded_reference_or_graph_check,,,,0,no_exact_element_candidate,,,27
4KMD,equibind,excluded_reference_or_graph_check,,,,0,no_exact_element_candidate,,,70
4KMD,diffdock,excluded_reference_or_graph_check,,,,0,no_exact_element_candidate,,,70
4KOM,equibind,excluded_reference_or_graph_check,branched_glycan,C:C,4,1,exact_full_graph,13.5698,57,57
4KOM,diffdock,excluded_reference_or_graph_check,branched_glycan,C:C,4,1,exact_full_graph,3.0589,57,57
4KON,equibind,excluded_reference_or_graph_check,branched_glycan,C:C,2,2,exact_full_graph,11.1856,32,32
4KON,diffdock,excluded_reference_or_graph_check,branched_glycan,C:C,2,2,exact_full_graph,1.8236,32,32
4KTU,equibind,excluded_reference_or_graph_check,,,,0,no_exact_element_candidate,,,107
4KTU,diffdock,excluded_reference_or_graph_check,,,,0,no_exact_element_candidate,,,107
4KX8,equibind,excluded_reference_or_graph_check,short_polymer,C:B,4,1,exact_full_graph,4.5725,33,33
4KX8,diffdock,excluded_reference_or_graph_check,short_polymer,C:B,4,1,exact_full_graph,4.6932,33,33
4L1U,equibind,excluded_reference_or_graph_check,,,,0,no_exact_element_candidate,,,64
4L1U,diffdock,excluded_reference_or_graph_check,,,,0,no_exact_element_candidate,,,64
4L58,equibind,excluded_reference_or_graph_check,,,,0,no_exact_element_candidate,,,57
4L58,diffdock,excluded_reference_or_graph_check,,,,0,no_exact_element_candidate,,,57
4L6T,equibind,excluded_reference_or_graph_check,branched_glycan,J:J,5,5,exact_full_graph,54.1748,68,68
4L6T,diffdock,excluded_reference_or_graph_check,branched_glycan,H:H,5,5,exact_full_graph,2.8205,68,68
4LBL,equibind,excluded_reference_or_graph_check,branched_glycan,B:B,3,1,exact_full_graph,5.6322,43,43
4LBL,diffdock,excluded_reference_or_graph_check,branched_glycan,B:B,3,1,exact_full_graph,3.288,43,43
4LBO,equibind,excluded_reference_or_graph_check,branched_glycan,B:B,3,1,exact_full_graph,5.8409,43,43
4LBO,diffdock,excluded_reference_or_graph_check,branched_glycan,B:B,3,1,exact_full_graph,1.4714,43,43
4LG6,equibind,excluded_reference_or_graph_check,short_polymer,B:B,13,1,exact_full_graph,9.1501,87,87
4LG6,diffdock,excluded_reference_or_graph_check,short_polymer,B:B,13,1,exact_full_graph,17.2248,87,87
4LJH,equibind,excluded_reference_or_graph_check,nonpolymer_pair,C:MHD:202+C:GAL:203,2,4,exact_full_graph,19.0122,22,22
4LJH,diffdock,excluded_reference_or_graph_check,nonpolymer_pair,A:MHD:202+A:GAL:203,2,4,exact_full_graph,1.8537,22,22
4LK7,equibind,excluded_reference_or_graph_check,nonpolymer_pair,A:04G:202+A:GAL:203,2,4,exact_full_graph,3.6947,27,27
4LK7,diffdock,excluded_reference_or_graph_check,nonpolymer_pair,A:04G:202+A:GAL:203,2,4,exact_full_graph,0.614,27,27
4LKE,equibind,excluded_reference_or_graph_check,,,,0,no_exact_element_candidate,,,39
4LKE,diffdock,excluded_reference_or_graph_check,,,,0,no_exact_element_candidate,,,39
4LKG,equibind,excluded_reference_or_graph_check,branched_glycan,G:G,3,1,exact_full_graph,35.2686,46,46
4LKG,diffdock,excluded_reference_or_graph_check,branched_glycan,G:G,3,1,exact_full_graph,4.9115,46,46
4LKJ,equibind,excluded_reference_or_graph_check,branched_glycan,C:C,3,1,exact_full_graph,7.3561,46,46
4LKJ,diffdock,excluded_reference_or_graph_check,branched_glycan,C:C,3,1,exact_full_graph,4.5511,46,46
4LKK,equibind,excluded_reference_or_graph_check,branched_glycan,C:C,2,2,exact_full_graph,40.3666,32,32
4LKK,diffdock,excluded_reference_or_graph_check,branched_glycan,C:C,2,2,exact_full_graph,1.0442,32,32
4LKL,equibind,excluded_reference_or_graph_check,,,,0,no_exact_element_candidate,,,64
4LKL,diffdock,excluded_reference_or_graph_check,,,,0,no_exact_element_candidate,,,64
4LKM,equibind,excluded_reference_or_graph_check,short_polymer,B:B,9,1,exact_full_graph,31.2551,71,71
4LKM,diffdock,excluded_reference_or_graph_check,short_polymer,B:B,9,1,exact_full_graph,5.2561,71,71
4LN2,equibind,excluded_reference_or_graph_check,short_polymer,B:B,10,1,exact_full_graph,17.805,75,75
4LN2,diffdock,excluded_reference_or_graph_check,short_polymer,B:B,10,1,exact_full_graph,10.6418,75,75
4LNP,equibind,excluded_reference_or_graph_check,,,,0,no_exact_element_candidate,,,75
4LNP,diffdock,excluded_reference_or_graph_check,,,,0,no_exact_element_candidate,,,75
4LP9,equibind,excluded_reference_or_graph_check,short_polymer,I:B,7,1,exact_full_graph,11.1086,72,72
4LP9,diffdock,excluded_reference_or_graph_check,short_polymer,I:B,7,1,exact_full_graph,6.5342,72,72
4M7J,equibind,excluded_reference_or_graph_check,branched_glycan,A:C,3,1,exact_full_graph,7.3046,49,49
4M7J,diffdock,excluded_reference_or_graph_check,branched_glycan,A:C,3,1,exact_full_graph,2.042,49,49
4MBP,equibind,excluded_reference_or_graph_check,branched_glycan,B:B,4,1,exact_full_graph,5.4429,45,45
4MBP,diffdock,excluded_reference_or_graph_check,branched_glycan,B:B,4,1,exact_full_graph,1.6651,45,45
4MEX,equibind,excluded_reference_or_graph_check,short_polymer,M:M,9,2,exact_full_graph,35.3829,73,73
4MJI,equibind,excluded_reference_or_graph_check,short_polymer,H:H,8,2,exact_full_graph,24.4805,60,60
4MJI,diffdock,excluded_reference_or_graph_check,short_polymer,H:H,8,2,exact_full_graph,4.5076,60,60
4MN3,equibind,excluded_reference_or_graph_check,short_polymer,B:B,7,1,exact_full_graph,10.029,50,50
4MN3,diffdock,excluded_reference_or_graph_check,short_polymer,B:B,7,1,exact_full_graph,13.1021,50,50
4MNQ,equibind,excluded_reference_or_graph_check,short_polymer,C:C,9,1,exact_full_graph,6.6025,82,82
4MNQ,diffdock,excluded_reference_or_graph_check,short_polymer,C:C,9,1,exact_full_graph,5.9514,82,82
4MNVA,equibind,excluded_reference_or_graph_check,,,,0,no_exact_element_candidate,,,77
4MNVA,diffdock,excluded_reference_or_graph_check,,,,0,no_exact_element_candidate,,,77
4MNVB,equibind,excluded_reference_or_graph_check,short_polymer,C:C,4,1,exact_full_graph,15.3092,21,21
4MNVB,diffdock,excluded_reference_or_graph_check,short_polymer,C:C,4,1,exact_full_graph,17.5557,21,21
4MNW,equibind,excluded_reference_or_graph_check,short_polymer,B:B,14,1,exact_full_graph,8.0726,110,110
4MNW,diffdock,excluded_reference_or_graph_check,short_polymer,B:B,14,1,exact_full_graph,11.3851,110,110
4MNX,equibind,excluded_reference_or_graph_check,short_polymer,B:B,14,1,exact_full_graph,10.747,107,107
4MNX,diffdock,excluded_reference_or_graph_check,short_polymer,B:B,14,1,exact_full_graph,19.0868,107,107
4MNY,equibind,excluded_reference_or_graph_check,short_polymer,C:C,14,2,exact_full_graph,15.8035,95,95
4MNY,diffdock,excluded_reference_or_graph_check,short_polymer,C:C,14,2,exact_full_graph,31.5248,95,95
4MRD,equibind,excluded_reference_or_graph_check,branched_glycan,B:B,4,1,exact_full_graph,8.2135,52,52
4MRD,diffdock,excluded_reference_or_graph_check,branched_glycan,B:B,4,1,exact_full_graph,1.6927,52,52
4MVN,equibind,excluded_reference_or_graph_check,,,,0,no_exact_element_candidate,,,23
4MVN,diffdock,excluded_reference_or_graph_check,,,,0,no_exact_element_candidate,,,23
4MZ5,equibind,excluded_reference_or_graph_check,,,,0,no_exact_element_candidate,,,63
4MZ5,diffdock,excluded_reference_or_graph_check,,,,0,no_exact_element_candidate,,,63
4MZ6,equibind,excluded_reference_or_graph_check,,,,0,no_exact_element_candidate,,,55
4MZ6,diffdock,excluded_reference_or_graph_check,,,,0,no_exact_element_candidate,,,55
4MZH,equibind,excluded_reference_or_graph_check,,,,0,no_exact_element_candidate,,,57
4MZH,diffdock,excluded_reference_or_graph_check,,,,0,no_exact_element_candidate,,,57
4MZJ,equibind,excluded_reference_or_graph_check,,,,0,no_exact_element_candidate,,,152
4MZJ,diffdock,excluded_reference_or_graph_check,,,,0,no_exact_element_candidate,,,152
4MZK,equibind,excluded_reference_or_graph_check,,,,0,no_exact_element_candidate,,,150
4MZK,diffdock,excluded_reference_or_graph_check,,,,0,no_exact_element_candidate,,,150
4MZL,equibind,excluded_reference_or_graph_check,,,,0,no_exact_element_candidate,,,142
4MZL,diffdock,excluded_reference_or_graph_check,,,,0,no_exact_element_candidate,,,142
4N5T,equibind,excluded_reference_or_graph_check,short_polymer,B:B,15,1,exact_full_graph,10.7896,125,125
4N5T,diffdock,excluded_reference_or_graph_check,short_polymer,B:B,15,1,exact_full_graph,14.2586,125,125
4N7G,equibind,excluded_reference_or_graph_check,,,,0,no_exact_element_candidate,,,78
4N7G,diffdock,excluded_reference_or_graph_check,,,,0,no_exact_element_candidate,,,78
4N7H,equibind,excluded_reference_or_graph_check,,,,0,no_exact_element_candidate,,,68
4N7H,diffdock,excluded_reference_or_graph_check,,,,0,no_exact_element_candidate,,,68
4N7Y,equibind,excluded_reference_or_graph_check,,,,0,no_exact_element_candidate,,,83
4N7Y,diffdock,excluded_reference_or_graph_check,,,,0,no_exact_element_candidate,,,83
4N84,equibind,excluded_reference_or_graph_check,,,,0,no_exact_element_candidate,,,78
4N84,diffdock,excluded_reference_or_graph_check,,,,0,no_exact_element_candidate,,,78
4NHC,equibind,excluded_reference_or_graph_check,short_polymer,P:C,17,1,exact_full_graph,8.2075,150,150
4NHC,diffdock,excluded_reference_or_graph_check,short_polymer,P:C,17,1,exact_full_graph,14.0166,150,150
4NMO,equibind,excluded_reference_or_graph_check,short_polymer,C:C,7,1,exact_full_graph,34.4371,66,66
4NMO,diffdock,excluded_reference_or_graph_check,short_polymer,C:C,7,1,exact_full_graph,29.9509,66,66
4NMP,equibind,excluded_reference_or_graph_check,short_polymer,C:C,6,1,exact_full_graph,24.4915,56,56
4NMP,diffdock,excluded_reference_or_graph_check,short_polymer,C:C,6,1,exact_full_graph,28.725,56,56
4NMQ,equibind,excluded_reference_or_graph_check,,,,0,no_exact_element_candidate,,,86
4NMQ,diffdock,excluded_reference_or_graph_check,,,,0,no_exact_element_candidate,,,86
4NMR,equibind,excluded_reference_or_graph_check,short_polymer,C:C,10,1,exact_full_graph,46.0002,79,79
4NMR,diffdock,excluded_reference_or_graph_check,short_polymer,C:C,10,1,exact_full_graph,10.0153,79,79
4NMS,equibind,excluded_reference_or_graph_check,short_polymer,C:C,6,1,exact_full_graph,30.9168,61,61
4NMS,diffdock,excluded_reference_or_graph_check,short_polymer,C:C,6,1,exact_full_graph,27.8284,61,61
4NMV,equibind,excluded_reference_or_graph_check,short_polymer,C:C,6,1,exact_full_graph,23.0258,61,61
4NMV,diffdock,excluded_reference_or_graph_check,short_polymer,C:C,6,1,exact_full_graph,27.4209,61,61
4NRM,equibind,excluded_reference_or_graph_check,,,,0,no_exact_element_candidate,,,13
4NRM,diffdock,excluded_reference_or_graph_check,,,,0,no_exact_element_candidate,,,13
4NUF,equibind,excluded_reference_or_graph_check,,,,0,no_exact_element_candidate,,,127
4NUF,diffdock,excluded_reference_or_graph_check,,,,0,no_exact_element_candidate,,,127
4NXR,equibind,excluded_reference_or_graph_check,short_polymer,B:B,8,1,exact_full_graph,10.9265,75,75
4NXR,diffdock,excluded_reference_or_graph_check,short_polymer,B:B,8,1,exact_full_graph,9.3049,75,75
4NY3,equibind,excluded_reference_or_graph_check,short_polymer,C:C,5,2,exact_full_graph,35.1388,47,47
4NY3,diffdock,excluded_reference_or_graph_check,short_polymer,C:C,5,2,exact_full_graph,25.9885,47,47
4O2C,equibind,excluded_reference_or_graph_check,short_polymer,C:C,10,1,exact_full_graph,6.2675,69,69
4O2C,diffdock,excluded_reference_or_graph_check,short_polymer,C:C,10,1,exact_full_graph,6.0096,69,69
4O2E,equibind,excluded_reference_or_graph_check,short_polymer,F:F,9,2,exact_full_graph,30.1616,66,66
4O2E,diffdock,excluded_reference_or_graph_check,short_polymer,C:C,9,2,exact_full_graph,5.2615,66,66
4O2F,equibind,excluded_reference_or_graph_check,short_polymer,C:C,8,2,exact_full_graph,37.354,60,60
4O2F,diffdock,excluded_reference_or_graph_check,short_polymer,C:C,8,2,exact_full_graph,4.7491,60,60
4O36,equibind,excluded_reference_or_graph_check,short_polymer,A:A,14,1,exact_full_graph,14.5691,113,113
4O36,diffdock,excluded_reference_or_graph_check,short_polymer,A:A,14,1,exact_full_graph,15.427,113,113
4O3T,equibind,excluded_reference_or_graph_check,,,,0,no_exact_element_candidate,,,79
4O3T,diffdock,excluded_reference_or_graph_check,,,,0,no_exact_element_candidate,,,79
4O45,equibind,excluded_reference_or_graph_check,,,,0,no_exact_element_candidate,,,34
4O45,diffdock,excluded_reference_or_graph_check,,,,0,no_exact_element_candidate,,,34
4O4Y,equibind,excluded_reference_or_graph_check,short_polymer,A:C,7,1,exact_full_graph,6.2744,49,49
4O4Y,diffdock,excluded_reference_or_graph_check,short_polymer,A:C,7,1,exact_full_graph,35.3153,49,49
4O62,equibind,excluded_reference_or_graph_check,,,,0,no_exact_element_candidate,,,52
4O62,diffdock,excluded_reference_or_graph_check,,,,0,no_exact_element_candidate,,,52
4O9W,equibind,excluded_reference_or_graph_check,short_polymer,B:B,6,1,exact_full_graph,4.9641,41,41
4O9W,diffdock,excluded_reference_or_graph_check,short_polymer,B:B,6,1,exact_full_graph,4.8713,41,41
4OAK,equibind,excluded_reference_or_graph_check,nonpolymer_pair,B:DAL:202+B:DAL:203,2,2,exact_full_graph,10.7021,11,11
4OAK,diffdock,excluded_reference_or_graph_check,nonpolymer_pair,A:DAL:202+A:DAL:203,2,2,exact_full_graph,1.5137,11,11
4OD7,equibind,excluded_reference_or_graph_check,short_polymer,F:F,9,3,exact_full_graph,17.7583,57,57
4OD7,diffdock,excluded_reference_or_graph_check,short_polymer,E:E,9,3,exact_full_graph,14.3532,57,57
4ODK,equibind,excluded_reference_or_graph_check,short_polymer,B:B,9,1,exact_full_graph,12.6905,73,73
4ODK,diffdock,excluded_reference_or_graph_check,short_polymer,B:B,9,1,exact_full_graph,19.9184,73,73
4ODL,equibind,excluded_reference_or_graph_check,short_polymer,E:E,16,3,exact_full_graph,34.7309,132,132
4ODL,diffdock,excluded_reference_or_graph_check,short_polymer,F:F,16,3,exact_full_graph,19.4294,132,132
4ODP,equibind,excluded_reference_or_graph_check,,,,0,no_exact_element_candidate,,,44
4ODP,diffdock,excluded_reference_or_graph_check,,,,0,no_exact_element_candidate,,,44
4ODQ,equibind,excluded_reference_or_graph_check,,,,0,no_exact_element_candidate,,,50
4ODQ,diffdock,excluded_reference_or_graph_check,,,,0,no_exact_element_candidate,,,50
4OEE,equibind,excluded_reference_or_graph_check,branched_glycan,B:B,2,2,exact_full_graph,4.769,37,37
4OEE,diffdock,excluded_reference_or_graph_check,branched_glycan,B:B,2,2,exact_full_graph,1.5544,37,37
4OEG,equibind,excluded_reference_or_graph_check,branched_glycan,B:B,2,2,exact_full_graph,6.215,41,41
4OEG,diffdock,excluded_reference_or_graph_check,branched_glycan,B:B,2,2,exact_full_graph,5.4066,41,41
4OEL,equibind,excluded_reference_or_graph_check,,,,0,no_exact_element_candidate,,,19
4OEL,diffdock,excluded_reference_or_graph_check,,,,0,no_exact_element_candidate,,,19
4OEM,equibind,excluded_reference_or_graph_check,,,,0,no_exact_element_candidate,,,14
4OEM,diffdock,excluded_reference_or_graph_check,,,,0,no_exact_element_candidate,,,14
4OFB,equibind,excluded_reference_or_graph_check,short_polymer,B:B,14,1,exact_full_graph,13.392,118,118
4OFB,diffdock,excluded_reference_or_graph_check,short_polymer,B:B,14,1,exact_full_graph,14.5573,118,118
4ONF,equibind,excluded_reference_or_graph_check,,,,0,no_exact_element_candidate,,,50
4ONF,diffdock,excluded_reference_or_graph_check,,,,0,no_exact_element_candidate,,,50
4OS1,equibind,excluded_reference_or_graph_check,short_polymer,B:B,15,1,exact_full_graph,12.6872,104,104
4OS1,diffdock,excluded_reference_or_graph_check,short_polymer,B:B,15,1,exact_full_graph,8.1106,104,104
4OS2,equibind,excluded_reference_or_graph_check,short_polymer,B:B,14,1,exact_full_graph,14.6083,99,99
4OS2,diffdock,excluded_reference_or_graph_check,short_polymer,B:B,14,1,exact_full_graph,8.2602,99,99
4OS4,equibind,excluded_reference_or_graph_check,short_polymer,B:B,15,1,exact_full_graph,8.0542,104,104
4OS4,diffdock,excluded_reference_or_graph_check,short_polymer,B:B,15,1,exact_full_graph,24.2245,104,104
4OS5,equibind,excluded_reference_or_graph_check,short_polymer,B:B,15,1,exact_full_graph,7.4145,104,104
4OS5,diffdock,excluded_reference_or_graph_check,short_polymer,B:B,15,1,exact_full_graph,12.1886,104,104
4OS6,equibind,excluded_reference_or_graph_check,short_polymer,B:B,14,1,exact_full_graph,13.3754,99,99
4OS6,diffdock,excluded_reference_or_graph_check,short_polymer,B:B,14,1,exact_full_graph,9.862,99,99
4OS7,equibind,excluded_reference_or_graph_check,short_polymer,B:B,15,1,exact_full_graph,8.4538,111,111
4OS7,diffdock,excluded_reference_or_graph_check,short_polymer,B:B,15,1,exact_full_graph,6.2908,111,111
4OU3,equibind,excluded_reference_or_graph_check,short_polymer,B:B,6,1,exact_full_graph,5.9493,40,40
4OU3,diffdock,excluded_reference_or_graph_check,short_polymer,B:B,6,1,exact_full_graph,9.4208,40,40
4OUJ,equibind,excluded_reference_or_graph_check,branched_glycan,C:C,2,4,exact_full_graph,34.2761,23,23
4OUJ,diffdock,excluded_reference_or_graph_check,branched_glycan,D:D,2,4,exact_full_graph,1.08,23,23
4OV5,equibind,excluded_reference_or_graph_check,,,,0,no_exact_element_candidate,,,116
4OV5,diffdock,excluded_reference_or_graph_check,,,,0,no_exact_element_candidate,,,116
4P0A,equibind,excluded_reference_or_graph_check,short_polymer,B:B,4,2,exact_full_graph,18.7372,33,33
4P0A,diffdock,excluded_reference_or_graph_check,short_polymer,B:B,4,2,exact_full_graph,10.717,33,33
4P0B,equibind,excluded_reference_or_graph_check,,,,0,no_exact_element_candidate,,,34
4P0B,diffdock,excluded_reference_or_graph_check,,,,0,no_exact_element_candidate,,,34
4PFT,equibind,excluded_reference_or_graph_check,branched_glycan,C:C,2,4,exact_full_graph,16.5415,23,23
4PFT,diffdock,excluded_reference_or_graph_check,branched_glycan,D:D,2,4,exact_full_graph,0.8984,23,23
4PFU,equibind,excluded_reference_or_graph_check,branched_glycan,D:D,2,4,exact_full_graph,20.3041,23,23
4PFU,diffdock,excluded_reference_or_graph_check,branched_glycan,C:C,2,4,exact_full_graph,1.1482,23,23
4PG9,equibind,excluded_reference_or_graph_check,short_polymer,C:C,9,1,exact_full_graph,5.7299,68,68
4PG9,diffdock,excluded_reference_or_graph_check,short_polymer,C:C,9,1,exact_full_graph,5.9098,68,68
4PGB,equibind,excluded_reference_or_graph_check,short_polymer,C:C,9,2,exact_full_graph,26.7521,70,70
4PGB,diffdock,excluded_reference_or_graph_check,short_polymer,C:C,9,2,exact_full_graph,7.2441,70,70
4PGC,equibind,excluded_reference_or_graph_check,short_polymer,C:C,9,2,exact_full_graph,28.8336,70,70
4PGC,diffdock,excluded_reference_or_graph_check,short_polymer,F:F,9,2,exact_full_graph,4.1468,70,70
4PGE,equibind,excluded_reference_or_graph_check,short_polymer,C:C,9,1,exact_full_graph,5.9799,74,74
4PGE,diffdock,excluded_reference_or_graph_check,short_polymer,C:C,9,1,exact_full_graph,5.8444,74,74
4PKB,equibind,excluded_reference_or_graph_check,,,,0,no_exact_element_candidate,,,8
4PKB,diffdock,excluded_reference_or_graph_check,,,,0,no_exact_element_candidate,,,8
4PL6,equibind,excluded_reference_or_graph_check,,,,0,no_exact_element_candidate,,,13
4PL6,diffdock,excluded_reference_or_graph_check,,,,0,no_exact_element_candidate,,,13
4PLI,equibind,excluded_reference_or_graph_check,,,,0,no_exact_element_candidate,,,13
4PLI,diffdock,excluded_reference_or_graph_check,,,,0,no_exact_element_candidate,,,13
4PN1,equibind,excluded_reference_or_graph_check,,,,0,no_exact_element_candidate,,,47
4PN1,diffdock,excluded_reference_or_graph_check,,,,0,no_exact_element_candidate,,,47
4PO7,equibind,excluded_reference_or_graph_check,short_polymer,N:B,9,1,exact_full_graph,27.5386,81,81
4PRB,equibind,excluded_reference_or_graph_check,short_polymer,C:C,11,1,exact_full_graph,7.4882,96,96
4PRB,diffdock,excluded_reference_or_graph_check,short_polymer,C:C,11,1,exact_full_graph,5.4649,96,96
4PRD,equibind,excluded_reference_or_graph_check,short_polymer,C:C,11,1,exact_full_graph,8.4565,94,94
4PRD,diffdock,excluded_reference_or_graph_check,short_polymer,C:C,11,1,exact_full_graph,6.2403,94,94
4PRE,equibind,excluded_reference_or_graph_check,short_polymer,C:C,11,1,exact_full_graph,8.3486,95,95
4PRE,diffdock,excluded_reference_or_graph_check,short_polymer,C:C,11,1,exact_full_graph,7.6108,95,95
4PRH,equibind,excluded_reference_or_graph_check,short_polymer,C:C,11,1,exact_full_graph,5.8642,94,94
4PRH,diffdock,excluded_reference_or_graph_check,short_polymer,C:C,11,1,exact_full_graph,6.2519,94,94
4PRI,equibind,excluded_reference_or_graph_check,short_polymer,C:C,11,1,exact_full_graph,7.653,95,95
4PRI,diffdock,excluded_reference_or_graph_check,short_polymer,C:C,11,1,exact_full_graph,6.2973,95,95
4PRN,equibind,excluded_reference_or_graph_check,short_polymer,C:C,11,1,exact_full_graph,8.5806,96,96
4PRN,diffdock,excluded_reference_or_graph_check,short_polymer,C:C,11,1,exact_full_graph,8.4452,96,96
4PRY,equibind,excluded_reference_or_graph_check,,,,0,no_exact_element_candidate,,,36
4PRY,diffdock,excluded_reference_or_graph_check,,,,0,no_exact_element_candidate,,,36
4PS0,equibind,excluded_reference_or_graph_check,short_polymer,C:C,5,2,exact_full_graph,22.9895,39,39
4PS0,diffdock,excluded_reference_or_graph_check,short_polymer,D:D,5,2,exact_full_graph,5.512,39,39
4PS1,equibind,excluded_reference_or_graph_check,short_polymer,F:F,5,4,exact_full_graph,19.433,39,39
4PS1,diffdock,excluded_reference_or_graph_check,short_polymer,H:H,5,4,exact_full_graph,11.3964,39,39
4PXF,equibind,excluded_reference_or_graph_check,,,,0,no_exact_element_candidate,,,52
4PXF,diffdock,excluded_reference_or_graph_check,,,,0,no_exact_element_candidate,,,52
4PZ5,equibind,excluded_reference_or_graph_check,,,,0,no_exact_element_candidate,,,123
4PZ5,diffdock,excluded_reference_or_graph_check,,,,0,no_exact_element_candidate,,,123
4PZ8,equibind,excluded_reference_or_graph_check,,,,0,no_exact_element_candidate,,,34
4PZ8,diffdock,excluded_reference_or_graph_check,,,,0,no_exact_element_candidate,,,34
4Q4I,equibind,excluded_reference_or_graph_check,short_polymer,C:B,4,1,exact_full_graph,4.7841,33,33
4Q4I,diffdock,excluded_reference_or_graph_check,short_polymer,C:B,4,1,exact_full_graph,3.8791,33,33
4Q6F,equibind,excluded_reference_or_graph_check,,,,0,no_exact_element_candidate,,,42
4Q6F,diffdock,excluded_reference_or_graph_check,,,,0,no_exact_element_candidate,,,42
4QBM,equibind,excluded_reference_or_graph_check,short_polymer,C:C,9,2,exact_full_graph,12.6528,81,81
4QBM,diffdock,excluded_reference_or_graph_check,short_polymer,C:C,9,2,exact_full_graph,17.8331,81,81
4QC1,equibind,excluded_reference_or_graph_check,,,,0,no_exact_element_candidate,,,62
4QC1,diffdock,excluded_reference_or_graph_check,,,,0,no_exact_element_candidate,,,62
4QFN,equibind,excluded_reference_or_graph_check,nonpolymer_pair,A:GLY:601+A:GLU:602,2,2,exact_full_graph,5.6665,14,14
4QFN,diffdock,excluded_reference_or_graph_check,nonpolymer_pair,A:GLY:601+A:GLU:602,2,2,exact_full_graph,7.8923,14,14
4QFO,equibind,excluded_reference_or_graph_check,nonpolymer_pair,B:MET:601+B:LEU:602,2,2,exact_full_graph,18.843,17,17
4QFO,diffdock,excluded_reference_or_graph_check,nonpolymer_pair,A:MET:601+A:LEU:602,2,2,exact_full_graph,29.4136,17,17
4QFP,equibind,excluded_reference_or_graph_check,nonpolymer_pair,B:VAL:601+B:THR:602,2,2,exact_full_graph,14.6318,15,15
4QFP,diffdock,excluded_reference_or_graph_check,nonpolymer_pair,A:VAL:601+A:THR:602,2,2,exact_full_graph,5.5029,15,15
4QH7,equibind,excluded_reference_or_graph_check,short_polymer,C:C,12,1,exact_full_graph,27.1138,86,86
4QH7,diffdock,excluded_reference_or_graph_check,short_polymer,C:C,12,1,exact_full_graph,27.1384,86,86
4QH8,equibind,excluded_reference_or_graph_check,short_polymer,C:C,12,1,exact_full_graph,49.5401,74,74
4QH8,diffdock,excluded_reference_or_graph_check,short_polymer,C:C,12,1,exact_full_graph,50.8723,74,74
4QLK,equibind,excluded_reference_or_graph_check,branched_glycan,C:C,4,3,exact_full_graph,31.542,45,45
4QLK,diffdock,excluded_reference_or_graph_check,branched_glycan,D:D,4,3,exact_full_graph,2.707,45,45
4QLL,equibind,excluded_reference_or_graph_check,branched_glycan,E:E,4,3,exact_full_graph,32.1495,45,45
4QLL,diffdock,excluded_reference_or_graph_check,branched_glycan,E:E,4,3,exact_full_graph,3.0048,45,45
4QOK,equibind,excluded_reference_or_graph_check,short_polymer,C:C,10,1,exact_full_graph,7.2851,66,66
4QOK,diffdock,excluded_reference_or_graph_check,short_polymer,C:C,10,1,exact_full_graph,4.528,66,66
4QQ4,equibind,excluded_reference_or_graph_check,short_polymer,C:C,9,2,exact_full_graph,22.3284,68,68
4QQ4,diffdock,excluded_reference_or_graph_check,short_polymer,D:D,9,2,exact_full_graph,6.6555,68,68
4QQI,equibind,excluded_reference_or_graph_check,,,,0,no_exact_element_candidate,,,125
4QQI,diffdock,excluded_reference_or_graph_check,,,,0,no_exact_element_candidate,,,125
4QSK,equibind,excluded_reference_or_graph_check,,,,0,no_exact_element_candidate,,,23
4R1E,equibind,excluded_reference_or_graph_check,,,,0,no_exact_element_candidate,,,121
4R1E,diffdock,excluded_reference_or_graph_check,,,,0,no_exact_element_candidate,,,121
4RCP,equibind,excluded_reference_or_graph_check,short_polymer,B:B,5,1,exact_full_graph,5.9465,45,45
4RCP,diffdock,excluded_reference_or_graph_check,short_polymer,B:B,5,1,exact_full_graph,3.3581,45,45
4RIS,equibind,excluded_reference_or_graph_check,,,,0,no_exact_element_candidate,,,123
4RIS,diffdock,excluded_reference_or_graph_check,,,,0,no_exact_element_candidate,,,123
4RQI,equibind,excluded_reference_or_graph_check,,,,0,no_exact_element_candidate,,,117
4RQI,diffdock,excluded_reference_or_graph_check,,,,0,no_exact_element_candidate,,,117
4RSP,equibind,excluded_reference_or_graph_check,short_polymer,B:B,5,1,exact_full_graph,6.4235,44,44
4RSP,diffdock,excluded_reference_or_graph_check,short_polymer,B:B,5,1,exact_full_graph,6.0705,44,44
4RXZ,equibind,excluded_reference_or_graph_check,,,,0,no_exact_element_candidate,,,95
4RXZ,diffdock,excluded_reference_or_graph_check,,,,0,no_exact_element_candidate,,,95
4SGA,equibind,excluded_reference_or_graph_check,short_polymer,P:B,5,1,exact_full_graph,6.819,34,34
4SGA,diffdock,excluded_reference_or_graph_check,short_polymer,P:B,5,1,exact_full_graph,7.5263,34,34
4TK2,equibind,excluded_reference_or_graph_check,,,,0,no_exact_element_candidate,,,72
4TK2,diffdock,excluded_reference_or_graph_check,,,,0,no_exact_element_candidate,,,72
4TK3,equibind,excluded_reference_or_graph_check,,,,0,no_exact_element_candidate,,,71
4TK3,diffdock,excluded_reference_or_graph_check,,,,0,no_exact_element_candidate,,,71
4TK4,equibind,excluded_reference_or_graph_check,,,,0,no_exact_element_candidate,,,71
4TK4,diffdock,excluded_reference_or_graph_check,,,,0,no_exact_element_candidate,,,71
4TKN,equibind,excluded_reference_or_graph_check,,,,0,no_exact_element_candidate,,,78
4TKN,diffdock,excluded_reference_or_graph_check,,,,0,no_exact_element_candidate,,,78
4TKY,equibind,excluded_reference_or_graph_check,,,,0,no_exact_element_candidate,,,51
4TKY,diffdock,excluded_reference_or_graph_check,,,,0,no_exact_element_candidate,,,51
4TMP,equibind,excluded_reference_or_graph_check,short_polymer,D:D,9,2,exact_full_graph,17.4185,67,67
4TMP,diffdock,excluded_reference_or_graph_check,short_polymer,B:B,9,2,exact_full_graph,10.5259,67,67
4TO8,equibind,excluded_reference_or_graph_check,,,,0,no_exact_element_candidate,,,13
4TO8,diffdock,excluded_reference_or_graph_check,,,,0,no_exact_element_candidate,,,13
4TRW,equibind,excluded_reference_or_graph_check,short_polymer,E:E,4,3,exact_full_graph,12.0063,44,44
4TRW,diffdock,excluded_reference_or_graph_check,short_polymer,D:D,4,3,exact_full_graph,5.1941,44,44
4TRZ,equibind,excluded_reference_or_graph_check,short_polymer,D:D,4,3,exact_full_graph,15.6179,46,46
4TRZ,diffdock,excluded_reference_or_graph_check,short_polymer,F:F,4,3,exact_full_graph,6.4426,46,46
4TT2,equibind,excluded_reference_or_graph_check,,,,0,no_exact_element_candidate,,,42
4TT2,diffdock,excluded_reference_or_graph_check,,,,0,no_exact_element_candidate,,,42
4TWT,equibind,excluded_reference_or_graph_check,short_polymer,E:C,12,2,exact_full_graph,9.6938,88,88
4TWT,diffdock,excluded_reference_or_graph_check,short_polymer,E:C,12,2,exact_full_graph,12.6549,88,88
4TZM,equibind,excluded_reference_or_graph_check,,,,0,no_exact_element_candidate,,,103
4TZM,diffdock,excluded_reference_or_graph_check,,,,0,no_exact_element_candidate,,,103
4TZN,equibind,excluded_reference_or_graph_check,,,,0,no_exact_element_candidate,,,74
4TZN,diffdock,excluded_reference_or_graph_check,,,,0,no_exact_element_candidate,,,74
4TZQ,equibind,excluded_reference_or_graph_check,,,,0,no_exact_element_candidate,,,103
4TZQ,diffdock,excluded_reference_or_graph_check,,,,0,no_exact_element_candidate,,,103
4U0A,equibind,excluded_reference_or_graph_check,,,,0,no_exact_element_candidate,,,104
4U0A,diffdock,excluded_reference_or_graph_check,,,,0,no_exact_element_candidate,,,104
4U0B,equibind,excluded_reference_or_graph_check,,,,0,no_exact_element_candidate,,,100
4U0B,diffdock,excluded_reference_or_graph_check,,,,0,no_exact_element_candidate,,,100
4U0C,equibind,excluded_reference_or_graph_check,,,,0,no_exact_element_candidate,,,64
4U0C,diffdock,excluded_reference_or_graph_check,,,,0,no_exact_element_candidate,,,64
4U0D,equibind,excluded_reference_or_graph_check,,,,0,no_exact_element_candidate,,,64
4U0D,diffdock,excluded_reference_or_graph_check,,,,0,no_exact_element_candidate,,,64
4U0G,equibind,excluded_reference_or_graph_check,,,,0,no_exact_element_candidate,,,57
4U2W,equibind,excluded_reference_or_graph_check,,,,0,no_exact_element_candidate,,,112
4U2W,diffdock,excluded_reference_or_graph_check,,,,0,no_exact_element_candidate,,,112
4U68,equibind,excluded_reference_or_graph_check,,,,0,no_exact_element_candidate,,,60
4U68,diffdock,excluded_reference_or_graph_check,,,,0,no_exact_element_candidate,,,60
4U6X,equibind,excluded_reference_or_graph_check,short_polymer,P:C,10,1,exact_full_graph,7.8548,85,85
4U7T,equibind,excluded_reference_or_graph_check,,,,0,no_exact_element_candidate,,,80
4U7T,diffdock,excluded_reference_or_graph_check,,,,0,no_exact_element_candidate,,,80
4U90,equibind,excluded_reference_or_graph_check,short_polymer,D:B,10,2,exact_full_graph,28.3749,78,78
4U90,diffdock,excluded_reference_or_graph_check,short_polymer,D:B,10,2,exact_full_graph,11.4843,78,78
4U91,equibind,excluded_reference_or_graph_check,short_polymer,B:B,11,2,exact_full_graph,18.4807,83,83
4U91,diffdock,excluded_reference_or_graph_check,short_polymer,B:B,11,2,exact_full_graph,13.3968,83,83
4UA8,equibind,excluded_reference_or_graph_check,branched_glycan,B:B,3,1,exact_full_graph,4.4826,34,34
4UA8,diffdock,excluded_reference_or_graph_check,branched_glycan,B:B,3,1,exact_full_graph,1.348,34,34
4UAC,equibind,excluded_reference_or_graph_check,branched_glycan,B:B,3,1,exact_full_graph,3.6969,44,44
4UAC,diffdock,excluded_reference_or_graph_check,branched_glycan,B:B,3,1,exact_full_graph,1.4746,44,44
4UE1,equibind,excluded_reference_or_graph_check,,,,0,no_exact_element_candidate,,,104
4UE1,diffdock,excluded_reference_or_graph_check,,,,0,no_exact_element_candidate,,,104
4UM9,equibind,excluded_reference_or_graph_check,short_polymer,F:F,13,1,exact_full_graph,33.875,89,89
4UM9,diffdock,excluded_reference_or_graph_check,short_polymer,F:F,13,1,exact_full_graph,76.7982,89,89
4UMN,equibind,excluded_reference_or_graph_check,short_polymer,C:C,13,2,exact_full_graph,4.7585,112,112
4UMN,diffdock,excluded_reference_or_graph_check,short_polymer,D:D,13,2,exact_full_graph,13.5047,112,112
4UTN,equibind,excluded_reference_or_graph_check,,,,0,no_exact_element_candidate,,,76
4UTN,diffdock,excluded_reference_or_graph_check,,,,0,no_exact_element_candidate,,,76
4UU5,equibind,excluded_reference_or_graph_check,short_polymer,B:B,14,1,exact_full_graph,25.0567,118,118
4UU5,diffdock,excluded_reference_or_graph_check,short_polymer,B:B,14,1,exact_full_graph,22.5951,118,118
4UX9,equibind,excluded_reference_or_graph_check,,,,0,no_exact_element_candidate,,,78
4UX9,diffdock,excluded_reference_or_graph_check,,,,0,no_exact_element_candidate,,,78
4V11,equibind,excluded_reference_or_graph_check,short_polymer,B:B,10,1,exact_full_graph,19.5565,79,79
4V11,diffdock,excluded_reference_or_graph_check,short_polymer,B:B,10,1,exact_full_graph,16.5624,79,79
4V1C,equibind,excluded_reference_or_graph_check,,,,0,no_exact_element_candidate,,,65
4V1C,diffdock,excluded_reference_or_graph_check,,,,0,no_exact_element_candidate,,,65
4V27,equibind,excluded_reference_or_graph_check,nonpolymer_pair,A:MAN:500+A:IFM:501,2,1,exact_full_graph,2.1284,21,21
4V27,diffdock,excluded_reference_or_graph_check,nonpolymer_pair,A:MAN:500+A:IFM:501,2,1,exact_full_graph,0.872,21,21
4W4Z,equibind,excluded_reference_or_graph_check,short_polymer,E:E,13,4,exact_full_graph,20.7285,98,98
4W4Z,diffdock,excluded_reference_or_graph_check,short_polymer,G:G,13,4,exact_full_graph,13.0627,98,98
4W50,equibind,excluded_reference_or_graph_check,short_polymer,F:F,12,4,exact_full_graph,26.675,97,97
4W50,diffdock,excluded_reference_or_graph_check,short_polymer,H:H,12,4,exact_full_graph,14.9752,97,97
4WCI,equibind,excluded_reference_or_graph_check,,,,0,no_exact_element_candidate,,,77
4WCI,diffdock,excluded_reference_or_graph_check,,,,0,no_exact_element_candidate,,,77
4WJ5,equibind,excluded_reference_or_graph_check,short_polymer,C:C,10,2,exact_full_graph,32.5197,70,70
4WJ5,diffdock,excluded_reference_or_graph_check,short_polymer,C:C,10,2,exact_full_graph,4.5905,70,70
4WJ7,equibind,excluded_reference_or_graph_check,,,,0,no_exact_element_candidate,,,89
4WJ7,diffdock,excluded_reference_or_graph_check,,,,0,no_exact_element_candidate,,,89
4WK2,equibind,excluded_reference_or_graph_check,short_polymer,C:C,6,1,exact_full_graph,9.1391,41,41
4WK2,diffdock,excluded_reference_or_graph_check,short_polymer,C:C,6,1,exact_full_graph,7.8446,41,41
4WKS,equibind,excluded_reference_or_graph_check,,,,0,no_exact_element_candidate,,,5
4WKS,diffdock,excluded_reference_or_graph_check,,,,0,no_exact_element_candidate,,,5
4WKT,equibind,excluded_reference_or_graph_check,,,,0,no_exact_element_candidate,,,7
4WKT,diffdock,excluded_reference_or_graph_check,,,,0,no_exact_element_candidate,,,7
4WRQ,equibind,excluded_reference_or_graph_check,,,,0,no_exact_element_candidate,,,52
4WRQ,diffdock,excluded_reference_or_graph_check,,,,0,no_exact_element_candidate,,,52
4WV6,equibind,excluded_reference_or_graph_check,,,,0,no_exact_element_candidate,,,79
4WV6,diffdock,excluded_reference_or_graph_check,,,,0,no_exact_element_candidate,,,79
4WVU,equibind,excluded_reference_or_graph_check,short_polymer,B:B,5,1,exact_full_graph,9.2893,53,53
4WVU,diffdock,excluded_reference_or_graph_check,short_polymer,B:B,5,1,exact_full_graph,11.3496,53,53
4WYM,equibind,excluded_reference_or_graph_check,,,,0,no_exact_element_candidate,,,99
4WYM,diffdock,excluded_reference_or_graph_check,,,,0,no_exact_element_candidate,,,99
4X0Z,equibind,excluded_reference_or_graph_check,branched_glycan,H:H,5,1,exact_full_graph,30.87,68,68
4X0Z,diffdock,excluded_reference_or_graph_check,branched_glycan,H:H,5,1,exact_full_graph,30.1263,68,68
4X13,equibind,excluded_reference_or_graph_check,branched_glycan,F:F,5,2,exact_full_graph,18.5898,68,68
4X13,diffdock,excluded_reference_or_graph_check,branched_glycan,G:G,5,2,exact_full_graph,28.1766,68,68
4X14,equibind,excluded_reference_or_graph_check,branched_glycan,G:G,5,2,exact_full_graph,20.7608,68,68
4X14,diffdock,excluded_reference_or_graph_check,branched_glycan,G:G,5,2,exact_full_graph,3.3596,68,68
4X1N,equibind,excluded_reference_or_graph_check,,,,0,no_exact_element_candidate,,,76
4X1N,diffdock,excluded_reference_or_graph_check,,,,0,no_exact_element_candidate,,,76
4X1P,equibind,excluded_reference_or_graph_check,,,,0,no_exact_element_candidate,,,76
4X1P,diffdock,excluded_reference_or_graph_check,,,,0,no_exact_element_candidate,,,76
4X1R,equibind,excluded_reference_or_graph_check,,,,0,no_exact_element_candidate,,,76
4X1R,diffdock,excluded_reference_or_graph_check,,,,0,no_exact_element_candidate,,,76
4X1S,equibind,excluded_reference_or_graph_check,,,,0,no_exact_element_candidate,,,73
4X1S,diffdock,excluded_reference_or_graph_check,,,,0,no_exact_element_candidate,,,73
4X3I,equibind,excluded_reference_or_graph_check,,,,0,no_exact_element_candidate,,,53
4X3I,diffdock,excluded_reference_or_graph_check,,,,0,no_exact_element_candidate,,,53
4X3K,equibind,excluded_reference_or_graph_check,,,,0,no_exact_element_candidate,,,54
4X3K,diffdock,excluded_reference_or_graph_check,,,,0,no_exact_element_candidate,,,54
4XC2,equibind,excluded_reference_or_graph_check,,,,0,no_exact_element_candidate,,,93
4XC2,diffdock,excluded_reference_or_graph_check,,,,0,no_exact_element_candidate,,,93
4XEK,equibind,excluded_reference_or_graph_check,,,,0,no_exact_element_candidate,,,107
4XEK,diffdock,excluded_reference_or_graph_check,,,,0,no_exact_element_candidate,,,107
4XGZ,equibind,excluded_reference_or_graph_check,,,,0,no_exact_element_candidate,,,100
4XHV,equibind,excluded_reference_or_graph_check,short_polymer,B:B,10,1,exact_full_graph,16.6636,90,90
4XHV,diffdock,excluded_reference_or_graph_check,short_polymer,B:B,10,1,exact_full_graph,7.9415,90,90
4XQU,equibind,excluded_reference_or_graph_check,branched_glycan,I:I,3,2,exact_full_graph,22.128,46,46
4XQU,diffdock,excluded_reference_or_graph_check,branched_glycan,I:I,3,2,exact_full_graph,3.9079,46,46
4XTP,equibind,excluded_reference_or_graph_check,nonpolymer_pair,A:SER:311+A:A2G:312,2,1,exact_full_graph,2.9219,21,21
4XTP,diffdock,excluded_reference_or_graph_check,nonpolymer_pair,A:SER:311+A:A2G:312,2,1,exact_full_graph,2.3435,21,21
4XXH,equibind,excluded_reference_or_graph_check,branched_glycan,C:C,2,4,exact_full_graph,14.0217,27,27
4XXH,diffdock,excluded_reference_or_graph_check,branched_glycan,C:C,2,4,exact_full_graph,2.3583,27,27
4Y32,equibind,excluded_reference_or_graph_check,,,,0,no_exact_element_candidate,,,58
4Y32,diffdock,excluded_reference_or_graph_check,,,,0,no_exact_element_candidate,,,58
4Y3B,equibind,excluded_reference_or_graph_check,,,,0,no_exact_element_candidate,,,58
4Y3B,diffdock,excluded_reference_or_graph_check,,,,0,no_exact_element_candidate,,,58
4Y7R,equibind,excluded_reference_or_graph_check,short_polymer,B:B,8,1,exact_full_graph,36.5522,62,62
4Y7R,diffdock,excluded_reference_or_graph_check,short_polymer,B:B,8,1,exact_full_graph,37.0373,62,62
4YEC,equibind,excluded_reference_or_graph_check,short_polymer,C:C,5,1,exact_full_graph,5.9392,35,35
4YEC,diffdock,excluded_reference_or_graph_check,short_polymer,C:C,5,1,exact_full_graph,6.5418,35,35
4YEE,equibind,excluded_reference_or_graph_check,branched_glycan,f:FA,8,18,exact_full_graph,15.5717,88,88
4YEE,diffdock,excluded_reference_or_graph_check,branched_glycan,T:T,8,18,exact_full_graph,2.8822,88,88
4YEF,equibind,excluded_reference_or_graph_check,branched_glycan,H:H,7,7,exact_full_graph,19.5469,77,77
4YEF,diffdock,excluded_reference_or_graph_check,branched_glycan,K:K,7,7,exact_full_graph,8.6264,77,77
4YHP,equibind,excluded_reference_or_graph_check,,,,0,no_exact_element_candidate,,,90
4YHP,diffdock,excluded_reference_or_graph_check,,,,0,no_exact_element_candidate,,,90
4YHZ,equibind,excluded_reference_or_graph_check,,,,0,no_exact_element_candidate,,,77
4YHZ,diffdock,excluded_reference_or_graph_check,,,,0,no_exact_element_candidate,,,77
4YJE,equibind,excluded_reference_or_graph_check,,,,0,no_exact_element_candidate,,,68
4YJE,diffdock,excluded_reference_or_graph_check,,,,0,no_exact_element_candidate,,,68
4YM2,equibind,excluded_reference_or_graph_check,branched_glycan,F:F,2,4,exact_full_graph,27.9934,27,27
4YM2,diffdock,excluded_reference_or_graph_check,branched_glycan,E:E,2,4,exact_full_graph,37.375,27,27
4YM4,equibind,excluded_reference_or_graph_check,,,,0,no_exact_element_candidate,,,97
4YM4,diffdock,excluded_reference_or_graph_check,,,,0,no_exact_element_candidate,,,97
4YNL,equibind,excluded_reference_or_graph_check,,,,0,no_exact_element_candidate,,,46
4YNL,diffdock,excluded_reference_or_graph_check,,,,0,no_exact_element_candidate,,,46
4YOZ,equibind,excluded_reference_or_graph_check,,,,0,no_exact_element_candidate,,,81
4YOZ,diffdock,excluded_reference_or_graph_check,,,,0,no_exact_element_candidate,,,81
4YSI,equibind,excluded_reference_or_graph_check,,,,0,no_exact_element_candidate,,,48
4YSI,diffdock,excluded_reference_or_graph_check,,,,0,no_exact_element_candidate,,,48
4YV9,equibind,excluded_reference_or_graph_check,short_polymer,H:H,11,4,exact_full_graph,25.7496,85,85
4YV9,diffdock,excluded_reference_or_graph_check,short_polymer,G:G,11,4,exact_full_graph,9.9156,85,85
4YW2,equibind,excluded_reference_or_graph_check,branched_glycan,C:C,2,4,exact_full_graph,26.7609,32,32
4YW2,diffdock,excluded_reference_or_graph_check,branched_glycan,C:C,2,4,exact_full_graph,34.3615,32,32
4YY6,equibind,excluded_reference_or_graph_check,,,,0,no_exact_element_candidate,,,72
4YY6,diffdock,excluded_reference_or_graph_check,,,,0,no_exact_element_candidate,,,72
4YYI,equibind,excluded_reference_or_graph_check,,,,0,no_exact_element_candidate,,,41
4YYI,diffdock,excluded_reference_or_graph_check,,,,0,no_exact_element_candidate,,,41
4YYM,equibind,excluded_reference_or_graph_check,,,,0,no_exact_element_candidate,,,53
4YYM,diffdock,excluded_reference_or_graph_check,,,,0,no_exact_element_candidate,,,53
4YYN,equibind,excluded_reference_or_graph_check,,,,0,no_exact_element_candidate,,,78
4YYN,diffdock,excluded_reference_or_graph_check,,,,0,no_exact_element_candidate,,,78
4YZ5,equibind,excluded_reference_or_graph_check,branched_glycan,C:C,3,2,exact_full_graph,58.8003,32,32
4YZ5,diffdock,excluded_reference_or_graph_check,branched_glycan,C:C,3,2,exact_full_graph,35.2059,32,32
4Z0D,equibind,excluded_reference_or_graph_check,,,,0,no_exact_element_candidate,,,101
4Z0D,diffdock,excluded_reference_or_graph_check,,,,0,no_exact_element_candidate,,,101
4Z0E,equibind,excluded_reference_or_graph_check,,,,0,no_exact_element_candidate,,,101
4Z0E,diffdock,excluded_reference_or_graph_check,,,,0,no_exact_element_candidate,,,101
4Z2O,equibind,excluded_reference_or_graph_check,,,,0,no_exact_element_candidate,,,80
4Z2O,diffdock,excluded_reference_or_graph_check,,,,0,no_exact_element_candidate,,,80
4Z2P,equibind,excluded_reference_or_graph_check,,,,0,no_exact_element_candidate,,,83
4Z2P,diffdock,excluded_reference_or_graph_check,,,,0,no_exact_element_candidate,,,83
4Z46,diffdock,excluded_reference_or_graph_check,,,,0,no_exact_element_candidate,,,14
4Z7I,equibind,excluded_reference_or_graph_check,short_polymer,C:C,10,1,exact_full_graph,26.4294,87,87
4Z7I,diffdock,excluded_reference_or_graph_check,short_polymer,C:C,10,1,exact_full_graph,60.2254,87,87
4Z7N,equibind,excluded_reference_or_graph_check,short_polymer,J:J,4,2,exact_full_graph,12.6311,25,25
4Z7N,diffdock,excluded_reference_or_graph_check,short_polymer,G:I,4,2,exact_full_graph,8.9544,25,25
4Z7O,equibind,excluded_reference_or_graph_check,short_polymer,I:J,4,2,exact_full_graph,16.4256,25,25
4Z7O,diffdock,excluded_reference_or_graph_check,short_polymer,G:I,4,2,exact_full_graph,52.7275,25,25
4Z7Q,equibind,excluded_reference_or_graph_check,short_polymer,G:I,5,2,exact_full_graph,11.2063,25,25
4Z7Q,diffdock,excluded_reference_or_graph_check,short_polymer,G:I,5,2,exact_full_graph,53.5487,25,25
4Z89,equibind,excluded_reference_or_graph_check,,,,0,no_exact_element_candidate,,,91
4Z89,diffdock,excluded_reference_or_graph_check,,,,0,no_exact_element_candidate,,,91
4Z8A,equibind,excluded_reference_or_graph_check,short_polymer,B:B,17,1,exact_full_graph,21.9804,117,117
4Z8A,diffdock,excluded_reference_or_graph_check,short_polymer,B:B,17,1,exact_full_graph,11.1105,117,117
4Z8M,equibind,excluded_reference_or_graph_check,,,,0,no_exact_element_candidate,,,69
4Z8M,diffdock,excluded_reference_or_graph_check,,,,0,no_exact_element_candidate,,,69
4ZEB,equibind,excluded_reference_or_graph_check,,,,0,no_exact_element_candidate,,,36
4ZEB,diffdock,excluded_reference_or_graph_check,,,,0,no_exact_element_candidate,,,36
4ZHL,equibind,excluded_reference_or_graph_check,,,,0,no_exact_element_candidate,,,78
4ZHL,diffdock,excluded_reference_or_graph_check,,,,0,no_exact_element_candidate,,,78
4ZNX,equibind,excluded_reference_or_graph_check,,,,0,no_exact_element_candidate,,,79
4ZNX,diffdock,excluded_reference_or_graph_check,,,,0,no_exact_element_candidate,,,79
4ZRO,equibind,excluded_reference_or_graph_check,short_polymer,E:E,5,4,exact_full_graph,14.9606,44,44
4ZRO,diffdock,excluded_reference_or_graph_check,short_polymer,F:F,5,4,exact_full_graph,7.9746,44,44
4ZS9,equibind,excluded_reference_or_graph_check,branched_glycan,C:C,3,2,exact_full_graph,20.2615,34,34
4ZS9,diffdock,excluded_reference_or_graph_check,branched_glycan,D:D,3,2,exact_full_graph,2.3159,34,34
5A0E,equibind,excluded_reference_or_graph_check,short_polymer,E:D,11,2,exact_full_graph,18.8632,97,97
5A0E,diffdock,excluded_reference_or_graph_check,short_polymer,C:C,11,2,exact_full_graph,4.704,97,97
5A2I,equibind,excluded_reference_or_graph_check,,,,0,no_exact_element_candidate,,,45
5A2I,diffdock,excluded_reference_or_graph_check,,,,0,no_exact_element_candidate,,,45
5A2J,equibind,excluded_reference_or_graph_check,,,,0,no_exact_element_candidate,,,46
5A2J,diffdock,excluded_reference_or_graph_check,,,,0,no_exact_element_candidate,,,46
5A3H,equibind,excluded_reference_or_graph_check,branched_glycan,B:B,2,2,exact_full_graph,3.1412,22,22
5A3H,diffdock,excluded_reference_or_graph_check,branched_glycan,B:B,2,2,exact_full_graph,1.3562,22,22
5AB1,equibind,excluded_reference_or_graph_check,,,,0,no_exact_element_candidate,,,102
5AB1,diffdock,excluded_reference_or_graph_check,,,,0,no_exact_element_candidate,,,102
5AGU,equibind,excluded_reference_or_graph_check,short_polymer,C:C,11,2,exact_full_graph,29.8807,79,79
5AGU,diffdock,excluded_reference_or_graph_check,short_polymer,C:C,11,2,exact_full_graph,13.4165,79,79
5AGV,equibind,excluded_reference_or_graph_check,short_polymer,D:D,11,2,exact_full_graph,21.8822,85,85
5AGV,diffdock,excluded_reference_or_graph_check,short_polymer,C:C,11,2,exact_full_graph,14.825,85,85
5AH2,equibind,excluded_reference_or_graph_check,short_polymer,G:G,11,4,exact_full_graph,30.8691,79,79
5AH2,diffdock,excluded_reference_or_graph_check,short_polymer,E:E,11,4,exact_full_graph,11.0311,79,79
5AJC,equibind,excluded_reference_or_graph_check,branched_glycan,F:F,4,1,exact_full_graph,6.9447,56,56
5AJC,diffdock,excluded_reference_or_graph_check,branched_glycan,F:F,4,1,exact_full_graph,5.7549,56,56
5AJO,equibind,excluded_reference_or_graph_check,short_polymer,B:B,17,1,exact_full_graph,18.7242,101,101
5AJO,diffdock,excluded_reference_or_graph_check,short_polymer,B:B,17,1,exact_full_graph,16.3926,101,101
5AJP,equibind,excluded_reference_or_graph_check,short_polymer,B:B,15,1,exact_full_graph,17.1813,94,94
5AJP,diffdock,excluded_reference_or_graph_check,short_polymer,B:B,15,1,exact_full_graph,17.922,94,94
5AZF,equibind,excluded_reference_or_graph_check,short_polymer,D:D,4,2,exact_full_graph,16.564,41,41
5AZF,diffdock,excluded_reference_or_graph_check,short_polymer,C:C,4,2,exact_full_graph,24.1571,41,41
5AZG,equibind,excluded_reference_or_graph_check,short_polymer,C:C,5,1,exact_full_graph,11.267,46,46
5AZG,diffdock,excluded_reference_or_graph_check,short_polymer,C:C,5,1,exact_full_graph,11.0069,46,46
5B2D,equibind,excluded_reference_or_graph_check,branched_glycan,C:C,3,2,exact_full_graph,19.148,43,43
5B2D,diffdock,excluded_reference_or_graph_check,branched_glycan,C:C,3,2,exact_full_graph,2.0523,43,43
5B56,equibind,excluded_reference_or_graph_check,short_polymer,C:C,12,3,exact_full_graph,32.3359,97,97
5B56,diffdock,excluded_reference_or_graph_check,short_polymer,F:F,12,3,exact_full_graph,11.7995,97,97
5BJT,equibind,excluded_reference_or_graph_check,,,,0,no_exact_element_candidate,,,116
5BJT,diffdock,excluded_reference_or_graph_check,,,,0,no_exact_element_candidate,,,116
5BRZ,equibind,excluded_reference_or_graph_check,short_polymer,C:C,9,1,exact_full_graph,13.1388,74,74
5BRZ,diffdock,excluded_reference_or_graph_check,short_polymer,C:C,9,1,exact_full_graph,5.3738,74,74
5BS0,equibind,excluded_reference_or_graph_check,short_polymer,C:C,9,1,exact_full_graph,16.5324,72,72
5BS0,diffdock,excluded_reference_or_graph_check,short_polymer,C:C,9,1,exact_full_graph,3.8726,72,72
5BTR,equibind,excluded_reference_or_graph_check,,,,0,no_exact_element_candidate,,,55
5BTR,diffdock,excluded_reference_or_graph_check,,,,0,no_exact_element_candidate,,,55
5BTV,equibind,excluded_reference_or_graph_check,,,,0,no_exact_element_candidate,,,27
5BTV,diffdock,excluded_reference_or_graph_check,,,,0,no_exact_element_candidate,,,27
5C0M,equibind,excluded_reference_or_graph_check,short_polymer,D:D,5,1,exact_full_graph,22.116,36,36
5C0M,diffdock,excluded_reference_or_graph_check,short_polymer,D:D,5,1,exact_full_graph,4.3179,36,36
5C11,equibind,excluded_reference_or_graph_check,,,,0,no_exact_element_candidate,,,57
5C11,diffdock,excluded_reference_or_graph_check,,,,0,no_exact_element_candidate,,,57
5C13,equibind,excluded_reference_or_graph_check,,,,0,no_exact_element_candidate,,,52
5C13,diffdock,excluded_reference_or_graph_check,,,,0,no_exact_element_candidate,,,52
5C6V,equibind,excluded_reference_or_graph_check,,,,0,no_exact_element_candidate,,,48
5C6V,diffdock,excluded_reference_or_graph_check,,,,0,no_exact_element_candidate,,,48
5C7E,equibind,excluded_reference_or_graph_check,,,,0,no_exact_element_candidate,,,66
5C7E,diffdock,excluded_reference_or_graph_check,,,,0,no_exact_element_candidate,,,66
5C7F,equibind,excluded_reference_or_graph_check,,,,0,no_exact_element_candidate,,,67
5C7F,diffdock,excluded_reference_or_graph_check,,,,0,no_exact_element_candidate,,,67
5CFA,equibind,excluded_reference_or_graph_check,,,,0,no_exact_element_candidate,,,79
5CFA,diffdock,excluded_reference_or_graph_check,,,,0,no_exact_element_candidate,,,79
5CIL,equibind,excluded_reference_or_graph_check,,,,0,no_exact_element_candidate,,,130
5CIL,diffdock,excluded_reference_or_graph_check,,,,0,no_exact_element_candidate,,,130
5CIN,equibind,excluded_reference_or_graph_check,,,,0,no_exact_element_candidate,,,148
5CIN,diffdock,excluded_reference_or_graph_check,,,,0,no_exact_element_candidate,,,148
5CQX,equibind,excluded_reference_or_graph_check,,,,0,no_exact_element_candidate,,,131
5CQX,diffdock,excluded_reference_or_graph_check,,,,0,no_exact_element_candidate,,,131
5CS2,equibind,excluded_reference_or_graph_check,short_polymer,B:B,7,1,exact_full_graph,14.6531,75,75
5CS2,diffdock,excluded_reference_or_graph_check,short_polymer,B:B,7,1,exact_full_graph,11.4187,75,75
5CSZ,equibind,excluded_reference_or_graph_check,,,,0,no_exact_element_candidate,,,94
5CSZ,diffdock,excluded_reference_or_graph_check,,,,0,no_exact_element_candidate,,,94
5CVD,equibind,excluded_reference_or_graph_check,,,,0,no_exact_element_candidate,,,53
5CVD,diffdock,excluded_reference_or_graph_check,,,,0,no_exact_element_candidate,,,53
5D0J,equibind,excluded_reference_or_graph_check,,,,0,no_exact_element_candidate,,,45
5D0J,diffdock,excluded_reference_or_graph_check,,,,0,no_exact_element_candidate,,,45
5D2A,equibind,excluded_reference_or_graph_check,,,,0,no_exact_element_candidate,,,94
5D2A,diffdock,excluded_reference_or_graph_check,,,,0,no_exact_element_candidate,,,94
5D6Y,equibind,excluded_reference_or_graph_check,,,,0,no_exact_element_candidate,,,72
5D6Y,diffdock,excluded_reference_or_graph_check,,,,0,no_exact_element_candidate,,,72
5D7E,equibind,excluded_reference_or_graph_check,,,,0,no_exact_element_candidate,,,61
5D7E,diffdock,excluded_reference_or_graph_check,,,,0,no_exact_element_candidate,,,61
5DAH,equibind,excluded_reference_or_graph_check,,,,0,no_exact_element_candidate,,,63
5DAH,diffdock,excluded_reference_or_graph_check,,,,0,no_exact_element_candidate,,,63
5DD0,equibind,excluded_reference_or_graph_check,short_polymer,P:C,13,1,exact_full_graph,9.603,101,101
5DD0,diffdock,excluded_reference_or_graph_check,short_polymer,P:C,13,1,exact_full_graph,37.9854,101,101
5DHF,equibind,excluded_reference_or_graph_check,,,,0,no_exact_element_candidate,,,112
5DHF,diffdock,excluded_reference_or_graph_check,,,,0,no_exact_element_candidate,,,112
5DMS,equibind,excluded_reference_or_graph_check,,,,0,no_exact_element_candidate,,,42
5DMS,diffdock,excluded_reference_or_graph_check,,,,0,no_exact_element_candidate,,,42
5DPW,equibind,excluded_reference_or_graph_check,,,,0,no_exact_element_candidate,,,84
5DPW,diffdock,excluded_reference_or_graph_check,,,,0,no_exact_element_candidate,,,84
5DX3,equibind,excluded_reference_or_graph_check,short_polymer,C:C,13,2,exact_full_graph,20.8653,102,102
5DX3,diffdock,excluded_reference_or_graph_check,short_polymer,C:C,13,2,exact_full_graph,32.1933,102,102
5DXB,equibind,excluded_reference_or_graph_check,short_polymer,D:C,13,1,exact_full_graph,30.1861,102,102
5DXB,diffdock,excluded_reference_or_graph_check,short_polymer,D:C,13,1,exact_full_graph,11.7758,102,102
5E0L,equibind,excluded_reference_or_graph_check,short_polymer,C:B,11,1,exact_full_graph,11.6783,82,82
5E0L,diffdock,excluded_reference_or_graph_check,short_polymer,C:B,11,1,exact_full_graph,10.9891,82,82
5E1B,equibind,excluded_reference_or_graph_check,short_polymer,D:C,6,1,exact_full_graph,13.7081,47,47
5E1B,diffdock,excluded_reference_or_graph_check,short_polymer,D:C,6,1,exact_full_graph,15.8666,47,47
5E1D,equibind,excluded_reference_or_graph_check,short_polymer,D:C,6,1,exact_full_graph,10.2819,53,53
5E1D,diffdock,excluded_reference_or_graph_check,short_polymer,D:C,6,1,exact_full_graph,14.045,53,53
5E1M,equibind,excluded_reference_or_graph_check,short_polymer,D:C,6,2,exact_full_graph,8.5109,48,48
5E1M,diffdock,excluded_reference_or_graph_check,short_polymer,E:D,6,2,exact_full_graph,7.7182,48,48
5E3A,equibind,excluded_reference_or_graph_check,short_polymer,B:B,5,1,exact_full_graph,4.9466,40,40
5E3A,diffdock,excluded_reference_or_graph_check,short_polymer,B:B,5,1,exact_full_graph,6.2963,40,40
5E6O,equibind,excluded_reference_or_graph_check,short_polymer,F:F,4,4,exact_full_graph,12.4341,41,41
5E6O,diffdock,excluded_reference_or_graph_check,short_polymer,F:F,4,4,exact_full_graph,10.1414,41,41
5E8F,equibind,excluded_reference_or_graph_check,short_polymer,E:D,5,2,exact_full_graph,22.8047,39,39
5E8F,diffdock,excluded_reference_or_graph_check,short_polymer,D:C,5,2,exact_full_graph,11.3711,39,39
5EAY,equibind,excluded_reference_or_graph_check,,,,0,no_exact_element_candidate,,,108
5EAY,diffdock,excluded_reference_or_graph_check,,,,0,no_exact_element_candidate,,,108
5EEQ,equibind,excluded_reference_or_graph_check,short_polymer,L:C,11,2,exact_full_graph,19.3298,96,96
5EEQ,diffdock,excluded_reference_or_graph_check,short_polymer,L:C,11,2,exact_full_graph,11.858,96,96
5EFJ,equibind,excluded_reference_or_graph_check,short_polymer,F:B,4,1,exact_full_graph,5.2388,32,32
5EFJ,diffdock,excluded_reference_or_graph_check,short_polymer,F:B,4,1,exact_full_graph,2.2272,32,32
5ELD,equibind,excluded_reference_or_graph_check,branched_glycan,F:F,5,4,exact_full_graph,18.9369,60,60
5ELD,diffdock,excluded_reference_or_graph_check,branched_glycan,G:G,5,4,exact_full_graph,33.7319,60,60
5ELE,equibind,excluded_reference_or_graph_check,branched_glycan,K:K,5,3,exact_full_graph,31.8996,60,60
5ELE,diffdock,excluded_reference_or_graph_check,branched_glycan,M:M,5,3,exact_full_graph,37.4809,60,60
5ELF,equibind,excluded_reference_or_graph_check,branched_glycan,L:L,5,7,exact_full_graph,33.7581,57,57
5ELF,diffdock,excluded_reference_or_graph_check,branched_glycan,L:L,5,7,exact_full_graph,2.8886,57,57
5ELQ,equibind,excluded_reference_or_graph_check,short_polymer,C:D,7,2,exact_full_graph,19.4282,55,55
5ELQ,diffdock,excluded_reference_or_graph_check,short_polymer,P:B,7,2,exact_full_graph,11.8687,55,55
5EM9,equibind,excluded_reference_or_graph_check,short_polymer,B:B,6,1,exact_full_graph,8.9636,51,51
5EM9,diffdock,excluded_reference_or_graph_check,short_polymer,B:B,6,1,exact_full_graph,12.2526,51,51
5EMA,equibind,excluded_reference_or_graph_check,short_polymer,B:B,7,1,exact_full_graph,8.5242,56,56
5EMA,diffdock,excluded_reference_or_graph_check,short_polymer,B:B,7,1,exact_full_graph,12.6832,56,56
5EMB,equibind,excluded_reference_or_graph_check,short_polymer,B:B,7,1,exact_full_graph,14.1343,65,65
5EMB,diffdock,excluded_reference_or_graph_check,short_polymer,B:B,7,1,exact_full_graph,7.6626,65,65
5EOC,equibind,excluded_reference_or_graph_check,,,,0,no_exact_element_candidate,,,103
5EOC,diffdock,excluded_reference_or_graph_check,,,,0,no_exact_element_candidate,,,103
5EOK,equibind,excluded_reference_or_graph_check,,,,0,no_exact_element_candidate,,,79
5EOK,diffdock,excluded_reference_or_graph_check,,,,0,no_exact_element_candidate,,,79
5EPK,equibind,excluded_reference_or_graph_check,short_polymer,B:B,6,1,exact_full_graph,13.3418,57,57
5EPK,diffdock,excluded_reference_or_graph_check,short_polymer,B:B,6,1,exact_full_graph,3.1252,57,57
5EPL,equibind,excluded_reference_or_graph_check,short_polymer,C:C,6,2,exact_full_graph,11.1839,57,57
5EPL,diffdock,excluded_reference_or_graph_check,short_polymer,D:D,6,2,exact_full_graph,7.9146,57,57
5EQ0,equibind,excluded_reference_or_graph_check,short_polymer,B:B,6,1,exact_full_graph,9.8448,57,57
5EQ0,diffdock,excluded_reference_or_graph_check,short_polymer,B:B,6,1,exact_full_graph,12.448,57,57
5ESQ,equibind,excluded_reference_or_graph_check,,,,0,no_exact_element_candidate,,,89
5ESQ,diffdock,excluded_reference_or_graph_check,,,,0,no_exact_element_candidate,,,89
5ETA,equibind,excluded_reference_or_graph_check,,,,0,no_exact_element_candidate,,,128
5ETA,diffdock,excluded_reference_or_graph_check,,,,0,no_exact_element_candidate,,,128
5ETF,equibind,excluded_reference_or_graph_check,,,,0,no_exact_element_candidate,,,60
5ETF,diffdock,excluded_reference_or_graph_check,,,,0,no_exact_element_candidate,,,60
5ETU,equibind,excluded_reference_or_graph_check,short_polymer,F:F,12,2,exact_full_graph,23.6965,102,102
5ETU,diffdock,excluded_reference_or_graph_check,short_polymer,F:F,12,2,exact_full_graph,14.9959,102,102
5EUK,equibind,excluded_reference_or_graph_check,short_polymer,E:E,12,2,exact_full_graph,24.5714,100,100
5EUK,diffdock,excluded_reference_or_graph_check,short_polymer,E:E,12,2,exact_full_graph,11.8889,100,100
5EYZ,equibind,excluded_reference_or_graph_check,short_polymer,G:G,6,4,exact_full_graph,15.1153,48,48
5EYZ,diffdock,excluded_reference_or_graph_check,short_polymer,F:F,6,4,exact_full_graph,7.3115,48,48
5EZ0,equibind,excluded_reference_or_graph_check,short_polymer,E:E,6,2,exact_full_graph,16.3327,47,47
5EZ0,diffdock,excluded_reference_or_graph_check,short_polymer,E:E,6,2,exact_full_graph,33.5375,47,47
5F2U,equibind,excluded_reference_or_graph_check,,,,0,no_exact_element_candidate,,,50
5F2U,diffdock,excluded_reference_or_graph_check,,,,0,no_exact_element_candidate,,,50
5F5B,equibind,excluded_reference_or_graph_check,,,,0,no_exact_element_candidate,,,35
5F5B,diffdock,excluded_reference_or_graph_check,,,,0,no_exact_element_candidate,,,35
5F67,equibind,excluded_reference_or_graph_check,short_polymer,D:D,19,2,exact_full_graph,22.5914,130,130
5F67,diffdock,excluded_reference_or_graph_check,short_polymer,C:B,19,2,exact_full_graph,19.6154,130,130
5F90,equibind,excluded_reference_or_graph_check,,,,0,no_exact_element_candidate,,,37
5F90,diffdock,excluded_reference_or_graph_check,,,,0,no_exact_element_candidate,,,37
5FB0,equibind,excluded_reference_or_graph_check,,,,0,no_exact_element_candidate,,,84
5FB0,diffdock,excluded_reference_or_graph_check,,,,0,no_exact_element_candidate,,,84
5FB1,equibind,excluded_reference_or_graph_check,,,,0,no_exact_element_candidate,,,65
5FB1,diffdock,excluded_reference_or_graph_check,,,,0,no_exact_element_candidate,,,65
5FJW,equibind,excluded_reference_or_graph_check,short_polymer,O:L,9,8,exact_full_graph,22.757,87,87
5FJW,diffdock,excluded_reference_or_graph_check,short_polymer,M:J,9,8,exact_full_graph,24.467,87,87
5FJX,equibind,excluded_reference_or_graph_check,short_polymer,E:E,5,1,exact_full_graph,33.9399,51,51
5FJX,diffdock,excluded_reference_or_graph_check,short_polymer,E:E,5,1,exact_full_graph,38.9507,51,51
5FOT,equibind,excluded_reference_or_graph_check,short_polymer,C:B,6,1,exact_full_graph,6.514,38,38
5FOT,diffdock,excluded_reference_or_graph_check,short_polymer,C:B,6,1,exact_full_graph,9.5942,38,38
5FOU,equibind,excluded_reference_or_graph_check,short_polymer,C:B,6,1,exact_full_graph,6.0193,37,37
5FOU,diffdock,excluded_reference_or_graph_check,short_polymer,C:B,6,1,exact_full_graph,9.712,37,37
5FOV,equibind,excluded_reference_or_graph_check,short_polymer,F:D,6,2,exact_full_graph,16.0834,36,36
5FOV,diffdock,excluded_reference_or_graph_check,short_polymer,F:D,6,2,exact_full_graph,9.7503,36,36
5FOW,equibind,excluded_reference_or_graph_check,,,,0,no_exact_element_candidate,,,40
5FOW,diffdock,excluded_reference_or_graph_check,,,,0,no_exact_element_candidate,,,40
5FOX,equibind,excluded_reference_or_graph_check,short_polymer,C:B,6,1,exact_full_graph,5.4287,35,35
5FOX,diffdock,excluded_reference_or_graph_check,short_polymer,C:B,6,1,exact_full_graph,7.7016,35,35
5FPI,equibind,excluded_reference_or_graph_check,,,,0,no_exact_element_candidate,,,53
5FPI,diffdock,excluded_reference_or_graph_check,,,,0,no_exact_element_candidate,,,53
5FPK,equibind,excluded_reference_or_graph_check,short_polymer,C:B,6,1,exact_full_graph,5.9739,32,32
5FPK,diffdock,excluded_reference_or_graph_check,short_polymer,C:B,6,1,exact_full_graph,9.2934,32,32
