target_id,method,status,static_receptor_qs,contact_cutoff_angstrom,native_contact_residues,pose_contact_residues,assigned_crystal_copy,error
1B5I,diffdock,scored,0.9303829146765876,12.0,145,147,B:B,
1B5I,equibind,scored,0.7761038050856046,12.0,145,122,B:B,
1DBJ,diffdock,scored,0.7705621677468785,12.0,73,65,,
1DBJ,equibind,scored,0.8370811430089851,12.0,73,77,,
1H2K,diffdock,scored,1.0,12.0,96,96,,
1H2K,equibind,scored,0.9056419930122812,12.0,96,99,,
1G7G,diffdock,scored,0.9540413474391087,12.0,89,89,,
1G7G,equibind,scored,0.7400706326394663,12.0,89,84,B,
1CNY,diffdock,scored,0.944886909664594,12.0,89,92,,
1CNY,equibind,scored,0.8633407220008955,12.0,89,87,D,
1CZR,diffdock,scored,0.9743470648339425,12.0,79,77,,
1CZR,equibind,scored,0.9062109043153798,12.0,79,76,B,
1AKQ,diffdock,scored,1.0,12.0,68,68,,
1AKQ,equibind,scored,0.8100929392525786,12.0,68,64,B,
1DZP,diffdock,scored,0.9570712993038113,12.0,95,95,D,
1DZP,equibind,scored,0.05110621221797313,12.0,97,97,C,
1DBB,diffdock,scored,0.91463927478378,12.0,76,70,,
1DBB,equibind,scored,0.7759368575621095,12.0,76,72,,
1G4O,diffdock,scored,0.9773084940421674,12.0,89,89,,
1G4O,equibind,scored,0.9537487188877988,12.0,89,85,,
1H27,diffdock,scored,0.0,12.0,70,71,E:E,
1H27,equibind,scored,0.0,12.0,70,122,E:E,
1G74,diffdock,scored,0.9885071494600757,12.0,90,91,,
1G74,equibind,scored,0.9315974810467617,12.0,90,94,C,
1DZM,diffdock,scored,0.9797902510658587,12.0,98,100,D,
1DZM,equibind,scored,0.13411453788231428,12.0,95,86,C,
1CNW,diffdock,scored,0.9027601995985295,12.0,92,89,,
1CNW,equibind,scored,0.9242653831755049,12.0,92,93,D,
1EW8,diffdock,scored,0.0,12.0,82,80,I,
1EW8,equibind,scored,0.7439791904624633,12.0,82,86,I,
1DB5,diffdock,scored,0.9878904424544513,12.0,84,83,,
1DB5,equibind,scored,0.8576177789797628,12.0,84,86,,
1FKF,diffdock,scored,0.9145577356229492,12.0,73,71,,
1FKF,equibind,scored,0.8811485138197329,12.0,73,69,,
1CIL,diffdock,scored,0.9686002465583411,12.0,96,95,,
1CIL,equibind,scored,0.9033398771119807,12.0,96,91,,
1BBZ,diffdock,scored,0.33584933397490385,12.0,80,60,D:D,
1BBZ,equibind,scored,0.36953391951228803,12.0,89,73,F:F,
1FTK,diffdock,scored,0.9579257526325091,12.0,97,95,,
1FTK,equibind,scored,0.6457406126163142,12.0,97,91,,
1DZK,diffdock,scored,0.9558556149063967,12.0,92,88,C,
1DZK,equibind,scored,0.586701444557686,12.0,92,85,D,
1CLU,diffdock,scored,1.0,12.0,76,76,,
1CLU,equibind,scored,0.8758625225143949,12.0,76,73,,
1G3F,diffdock,scored,0.43409104689197026,12.0,43,27,B:B,
1G3F,equibind,scored,0.33144304883780246,12.0,43,63,B:B,
1EVE,diffdock,scored,0.9130068212927969,12.0,114,112,,
1EVE,equibind,scored,0.7712017838613459,12.0,114,110,,
1FKI,diffdock,scored,0.9123772602615876,12.0,70,68,C,
1FKI,equibind,scored,0.1592081256618683,12.0,74,79,D,
1F8C,diffdock,scored,0.9532024652388521,12.0,108,105,,
1F8C,equibind,scored,0.8374040433892601,12.0,108,97,,
1BN3,diffdock,scored,0.9778857713054953,12.0,91,91,,
1BN3,equibind,scored,0.9333104655181916,12.0,91,91,,
1HMR,diffdock,scored,0.9764284160601886,12.0,85,87,,
1HMR,equibind,scored,0.8574621758073876,12.0,85,93,,
1FTJ,diffdock,scored,0.0,12.0,96,98,H,
1FTJ,equibind,scored,0.03748049501505972,12.0,98,76,K,
1G37,diffdock,scored,0.9006667459742563,12.0,112,111,C,
1G37,equibind,scored,0.739463688596872,12.0,112,87,C,
1G6S,diffdock,scored,0.9468191183164528,12.0,111,113,,
1G6S,equibind,scored,0.783297183841454,12.0,111,112,,
1CZL,diffdock,scored,0.9741198010871883,12.0,79,77,,
1CZL,equibind,scored,0.8947672830359318,12.0,79,77,B,
1H24,diffdock,scored,0.0,12.0,72,77,E:E,
1H24,equibind,scored,0.0,12.0,72,132,E:E,
1AX2,diffdock,scored,0.9630875459907844,12.0,56,54,C:C,
1AX2,equibind,scored,0.8915694699782272,12.0,56,56,C:C,
1HLK,diffdock,scored,0.0,12.0,74,76,J,
1HLK,equibind,scored,0.06815586089020761,12.0,72,90,F,
1FT7,diffdock,scored,0.9758477132961617,12.0,84,82,,
1FT7,equibind,scored,0.9108631850759565,12.0,84,77,E,
1A99,diffdock,scored,0.9872628259542992,12.0,78,79,F,
1A99,equibind,scored,0.0,12.0,78,27,H,
1F8B,diffdock,scored,0.9439782560249808,12.0,108,104,,
1F8B,equibind,scored,0.7472630566505737,12.0,108,103,,
1ANF,diffdock,scored,0.9397023622161421,12.0,101,101,B:B,
1ANF,equibind,scored,0.8659218275216527,12.0,101,96,B:B,
1DY4,diffdock,scored,0.8161936185018351,12.0,110,113,D,
1DY4,equibind,scored,0.7288131925821438,12.0,110,102,D,
1ERQ,diffdock,scored,0.9888651993061618,12.0,91,90,,
1ERQ,equibind,scored,0.8326752568901588,12.0,91,82,,
1H4N,diffdock,scored,0.9275067691588069,12.0,82,80,,
1H4N,equibind,scored,0.7694405069546612,12.0,82,79,,
1CI7,diffdock,scored,0.9463931663474151,12.0,112,112,,
1CI7,equibind,scored,0.38464681140742496,12.0,112,148,,
1AT5,diffdock,scored,0.8986869297619742,12.0,72,67,B:B,
1AT5,equibind,scored,0.9103402277520092,12.0,72,68,B:B,
1CZK,diffdock,scored,0.9481374410396491,12.0,78,76,,
1CZK,equibind,scored,0.9318093332995878,12.0,78,77,B,
1H23,diffdock,scored,0.9325095976021963,12.0,136,131,,
1H23,equibind,scored,0.6492191186193016,12.0,136,128,B,
1EPP,diffdock,scored,0.8972594390890037,12.0,129,124,,
1EPP,equibind,scored,0.7850838764852499,12.0,129,104,D,
1G5S,diffdock,scored,0.9404962027401301,12.0,84,83,,
1G5S,equibind,scored,0.8804220008489413,12.0,84,80,,
1CKB,diffdock,scored,0.7600352882865307,12.0,39,31,B:B,
1CKB,equibind,scored,0.8692116208520023,12.0,39,44,B:B,
1BQN,diffdock,scored,0.8926994566401232,12.0,87,80,C,
1BQN,equibind,scored,0.8824305652690324,12.0,87,87,,
1G4J,diffdock,scored,0.978108706490474,12.0,92,94,D,
1G4J,equibind,scored,0.8914935595088818,12.0,92,94,D,
1H22,diffdock,scored,0.9553057624285055,12.0,135,135,,
1H22,equibind,scored,0.6678482704348293,12.0,135,130,,
1EPO,diffdock,scored,0.9455404081529979,12.0,125,132,,
1EPO,equibind,scored,0.7266583018074606,12.0,125,110,B,
1FSY,diffdock,scored,0.9538178278839575,12.0,86,86,D,
1FSY,equibind,scored,0.05490130558251675,12.0,86,107,D,
1AX1,diffdock,scored,0.9818077694430476,12.0,56,55,C:C,
1AX1,equibind,scored,0.9266822519652043,12.0,56,56,C:C,
1AI4,diffdock,scored,0.9887895861456418,12.0,91,90,,
1AI4,equibind,scored,0.5683645459763734,12.0,91,100,,
1G5F,diffdock,scored,1.0,12.0,79,79,,
1G5F,equibind,scored,0.8470639846432522,12.0,79,75,,
1AX0,diffdock,scored,1.0,12.0,59,59,,
1AX0,equibind,scored,0.9140928511797602,12.0,59,58,,
1DX6,diffdock,scored,0.8662985980662277,12.0,108,111,,
1DX6,equibind,scored,0.9070721155578316,12.0,108,108,,
1CKA,diffdock,scored,0.6481209600006946,12.0,41,30,B:B,
1CKA,equibind,scored,0.7220838035779794,12.0,41,53,B:B,
1AQ1,diffdock,scored,0.9165912061580525,12.0,83,84,B,
1AQ1,equibind,scored,0.9137442864029797,12.0,83,80,,
1FSW,diffdock,scored,0.9754832036947867,12.0,84,84,E,
1FSW,equibind,scored,0.0,12.0,84,93,D,
1G54,diffdock,scored,0.9781853493898326,12.0,92,92,,
1G54,equibind,scored,0.9024292747123076,12.0,92,91,,
1CZE,diffdock,scored,0.9738290185627375,12.0,76,78,,
1CZE,equibind,scored,0.5407926512587783,12.0,76,88,,
1DUV,diffdock,scored,0.9565941623617187,12.0,115,116,G,
1DUV,equibind,scored,0.020451230316703373,12.0,117,100,F,
1B57,diffdock,scored,0.0,12.0,95,94,I,
1B57,equibind,scored,0.6893035084600972,12.0,95,86,I,
1FKB,diffdock,scored,0.928905075068345,12.0,73,72,B,
1FKB,equibind,scored,0.8567844106231582,12.0,73,73,B,
1B56,diffdock,scored,0.9437374586057382,12.0,92,89,,
1B56,equibind,scored,0.860363545051097,12.0,92,86,,
1FJ4,diffdock,scored,0.0,12.0,108,107,E,
1FJ4,equibind,scored,0.14697305091034907,12.0,108,88,E,
1AAQ,diffdock,scored,0.9701797051382304,12.0,103,102,,
1AAQ,equibind,scored,0.8552519064219515,12.0,103,105,C,
1F7B,diffdock,scored,0.9611882155950381,12.0,103,103,,
1F7B,equibind,scored,0.6929430221465495,12.0,103,100,,
1G48,diffdock,scored,0.9352135328892898,12.0,93,91,,
1G48,equibind,scored,0.8610893534032126,12.0,93,92,,
1ADD,diffdock,scored,1.0,12.0,110,110,,
1ADD,equibind,scored,0.9167646019825862,12.0,110,109,,
1FSG,diffdock,scored,1.0,12.0,78,78,J,
1FSG,equibind,scored,0.13329282023496644,12.0,78,86,F,
1DB1,diffdock,scored,0.9453612020437125,12.0,130,125,,
1DB1,equibind,scored,0.8793251881974495,12.0,130,125,,
1CH8,diffdock,scored,0.9669253385796643,12.0,122,122,,
1CH8,equibind,scored,0.7283956502370459,12.0,122,117,,
1A4Q,diffdock,scored,0.919071789827194,12.0,111,112,E,
1A4Q,equibind,scored,0.0,12.0,110,112,I,
1AVN,diffdock,scored,1.0,12.0,58,58,,
1AVN,equibind,scored,0.8350085567600039,12.0,58,62,,
1G2O,diffdock,scored,0.9811381291310483,12.0,109,107,E,
1G2O,equibind,scored,0.11171155931379119,12.0,108,116,G,
1H1S,diffdock,scored,0.9380472452092536,12.0,81,78,E,
1H1S,equibind,scored,0.07214234873522031,12.0,81,91,E,
1BIL,diffdock,scored,0.9435646271870445,12.0,125,126,C,
1BIL,equibind,scored,0.027807093421979522,12.0,125,137,C,
1GPK,diffdock,scored,0.9718307632738056,12.0,108,105,,
1GPK,equibind,scored,0.8619851023103136,12.0,108,109,,
1FIV,diffdock,scored,0.8955280506216655,12.0,59,61,B:B,
1FIV,equibind,scored,0.35862749536790023,12.0,59,64,B:B,
1CJ1,diffdock,scored,0.0,12.0,68,63,O,
1CJ1,equibind,scored,0.0,12.0,68,36,N,
1CZC,diffdock,scored,0.9615407334648226,12.0,78,79,,
1CZC,equibind,scored,0.44921951511587815,12.0,78,85,,
1GPN,diffdock,scored,0.9811919954763975,12.0,108,106,,
1GPN,equibind,scored,0.8609246659124522,12.0,108,109,,
1BNQ,diffdock,scored,0.9586960260202858,12.0,96,98,,
1BNQ,equibind,scored,0.8960869732003717,12.0,96,96,,
1AYV,diffdock,scored,0.9440061494668561,12.0,89,92,,
1AYV,equibind,scored,0.7815576639453561,12.0,89,86,B,
1FQ8,diffdock,scored,0.9832522573993489,12.0,122,122,,
1FQ8,equibind,scored,0.8321917168602507,12.0,122,118,C,
1CYN,diffdock,scored,0.8826673877510091,12.0,76,79,C:B,
1CYN,equibind,scored,0.8718842107499453,12.0,76,84,C:B,
1H1R,diffdock,scored,0.0,12.0,79,79,E,
1H1R,equibind,scored,0.0,12.0,79,17,E,
1BGQ,diffdock,scored,0.915163303026175,12.0,93,97,,
1BGQ,equibind,scored,0.9349842048765066,12.0,93,95,,
1DUD,diffdock,scored,0.17152806561372796,12.0,53,43,,
1DUD,equibind,scored,0.5910763543146897,12.0,53,72,,
1G2A,diffdock,scored,0.8477087615681386,12.0,96,93,G,
1G2A,equibind,scored,0.3087028218209414,12.0,96,78,G,
1FQ7,diffdock,scored,0.8997705672591806,12.0,128,131,,
1FQ7,equibind,scored,0.7892968341151264,12.0,128,107,C,
1CX9,diffdock,scored,0.9526165590600115,12.0,105,106,,
1CX9,equibind,scored,0.8356730308885074,12.0,105,113,,
1GNY,diffdock,scored,0.9351263346951503,12.0,63,63,B:B,
1GNY,equibind,scored,0.8434247779097634,12.0,63,54,B:B,
1F57,diffdock,scored,0.9750348872572295,12.0,81,79,,
1F57,equibind,scored,0.8788856664977767,12.0,81,85,,
1DAR,diffdock,scored,0.9718905664663219,12.0,71,73,,
1DAR,equibind,scored,0.7514543240324583,12.0,71,76,B,
1DUB,diffdock,scored,0.0,12.0,116,116,K,
1DUB,equibind,scored,0.07353722676960604,12.0,116,177,I,
1G27,diffdock,scored,0.0,12.0,85,85,I,
1G27,equibind,scored,0.2930248901602726,12.0,92,66,G,
1FQ6,diffdock,scored,0.8917083680106584,12.0,115,124,,
1FQ6,equibind,scored,0.8216796178573902,12.0,115,122,C,
1B5H,diffdock,scored,0.6914388631243729,12.0,143,138,B:B,
1B5H,equibind,scored,0.6723795969164573,12.0,143,107,B:B,
1AO0,diffdock,scored,0.0,12.0,122,105,P,
1AO0,equibind,scored,0.05189218121600728,12.0,123,80,H,
16PK,diffdock,scored,0.785134891848281,12.0,130,124,,
16PK,equibind,scored,0.5653944620845653,12.0,130,86,B,
1F74,diffdock,scored,0.9333957660692374,12.0,104,103,G,
1F74,equibind,scored,0.009397338008894394,12.0,104,94,G,
1EOU,diffdock,scored,0.8866140624099786,12.0,100,93,,
1EOU,equibind,scored,0.7942014443437878,12.0,100,92,C,
1D9I,diffdock,scored,0.9473652913500694,12.0,97,94,,
1D9I,equibind,scored,0.8726723396947131,12.0,97,95,,
1DTH,diffdock,scored,0.9268021219361908,12.0,88,84,H,
1DTH,equibind,scored,0.14041926260070828,12.0,88,91,E,
1H1Q,diffdock,scored,0.9118951900339541,12.0,79,78,F,
1H1Q,equibind,scored,0.04975999983547037,12.0,79,81,F,
1G1D,diffdock,scored,1.0,12.0,89,89,,
1G1D,equibind,scored,0.9538715250123164,12.0,89,87,D,
1FIG,diffdock,scored,0.8016237112535438,12.0,67,64,,
1FIG,equibind,scored,0.8398532616961597,12.0,67,63,,
1ABF,diffdock,scored,0.9578749616297968,12.0,95,97,B,
1ABF,equibind,scored,0.8268412120970179,12.0,95,100,B,
1F73,diffdock,scored,0.0,12.0,113,111,F,
1F73,equibind,scored,0.0,12.0,111,78,E,
1AI5,diffdock,scored,1.0,12.0,92,92,,
1AI5,equibind,scored,0.5701010837589029,12.0,92,102,,
1ENT,diffdock,scored,0.954023355421363,12.0,131,131,,
1ENT,equibind,scored,0.7227507287430404,12.0,131,107,B,
1D8E,diffdock,scored,0.4143373827819783,12.0,137,129,P:C,
1D8E,equibind,scored,0.6677420603297413,12.0,137,142,P:C,
1B2I,diffdock,scored,0.9744674665913196,12.0,39,40,B,
1B2I,equibind,scored,0.517345144280444,12.0,39,46,B,
1GNJ,diffdock,scored,0.9646641495059008,12.0,86,85,B,
1GNJ,equibind,scored,0.6023826767976165,12.0,86,74,B,
1FHD,diffdock,scored,0.9759142915337797,12.0,84,84,A:XYP:601+A:XIM:602,
1FHD,equibind,scored,0.8677668851179458,12.0,84,83,A:XYP:601+A:XIM:602,
1BDR,diffdock,scored,1.0,12.0,103,103,,
1BDR,equibind,scored,0.8998187532425533,12.0,103,105,C,
1EM6,diffdock,scored,0.9396125258028644,12.0,151,148,,
1EM6,equibind,scored,0.5140042626305994,12.0,151,134,,
1HLF,diffdock,scored,0.889508699579645,12.0,118,115,,
1HLF,equibind,scored,0.5027774221135779,12.0,118,111,,
1CGL,diffdock,scored,0.33348412980266107,12.0,123,123,J,
1CGL,equibind,scored,0.5282586615409253,12.0,119,112,F,
1FH9,diffdock,scored,0.9879602425566562,12.0,83,84,B:B,
1FH9,equibind,scored,0.8158918827010713,12.0,83,87,B:B,
1B55,diffdock,scored,0.0,12.0,53,53,F,
1B55,equibind,scored,0.8114921836680129,12.0,52,45,D,
1CWC,diffdock,scored,0.9224196051142537,12.0,77,83,C:B,
1CWC,equibind,scored,0.8202503393269462,12.0,77,77,C:B,
1DRK,diffdock,scored,0.9684865695953999,12.0,97,96,B,
1DRK,equibind,scored,0.8481255962844602,12.0,97,96,B,
1AMN,diffdock,scored,0.9910897188744501,12.0,114,113,,
1AMN,equibind,scored,0.8317937905367244,12.0,114,113,,
1H1P,diffdock,scored,0.9860745326920807,12.0,73,72,E,
1H1P,equibind,scored,0.02704410825865195,12.0,74,70,F,
1FZQ,diffdock,scored,0.9134466777485383,12.0,67,69,,
1FZQ,equibind,scored,0.8199893703591296,12.0,67,72,,
1GNI,diffdock,scored,0.9656665333003682,12.0,88,89,B,
1GNI,equibind,scored,0.4637537263536223,12.0,88,100,B,
1CWB,diffdock,scored,0.9466621155153124,12.0,76,80,C:B,
1CWB,equibind,scored,0.8415644273827758,12.0,76,76,C:B,
1DRJ,diffdock,scored,0.9476378835074657,12.0,95,94,B,
1DRJ,equibind,scored,0.9028006612485152,12.0,95,90,B,
1AHY,diffdock,scored,0.946742498099965,12.0,92,95,D,
1AHY,equibind,scored,0.13424644891091772,12.0,92,102,D,
1FZO,diffdock,scored,0.6569677997417925,12.0,133,93,P:C,
1FZO,equibind,scored,0.7586567141330502,12.0,133,117,P:C,
1BAP,diffdock,scored,0.978022144029366,12.0,93,91,B,
1BAP,equibind,scored,0.8719297042859867,12.0,93,95,B,
1B51,diffdock,scored,0.689310602869908,12.0,142,127,B:B,
1B51,equibind,scored,0.8384130613869124,12.0,142,139,B:B,
1A9Q,diffdock,scored,0.9604169623515074,12.0,75,76,,
1A9Q,equibind,scored,0.5791319058941111,12.0,75,84,,
1B52,diffdock,scored,0.8283949137497565,12.0,142,145,B:B,
1B52,equibind,scored,0.8114392182319656,12.0,142,141,B:B,
1A8I,diffdock,scored,0.940541498657593,12.0,117,118,,
1A8I,equibind,scored,0.8888920818147655,12.0,117,116,,
1ELS,diffdock,scored,0.9669216463380014,12.0,91,90,,
1ELS,equibind,scored,0.8662327329225509,12.0,91,89,,
1HK5,diffdock,scored,0.7115042068863349,12.0,85,78,,
1HK5,equibind,scored,0.2715222848976378,12.0,85,103,,
185L,diffdock,scored,0.9597356155802361,12.0,76,73,,
185L,equibind,scored,0.7139795624829488,12.0,76,76,,
1AMK,diffdock,scored,0.9605900907278385,12.0,75,76,,
1AMK,equibind,scored,0.8099573013356115,12.0,75,78,,
1CW2,diffdock,scored,0.9718625311660265,12.0,109,106,,
1CW2,equibind,scored,0.8549826599481372,12.0,109,100,,
1FZK,diffdock,scored,0.7021738508667111,12.0,133,100,P:C,
1FZK,equibind,scored,0.7848573651163735,12.0,133,124,P:C,
1FQ5,diffdock,scored,0.92557289823348,12.0,121,124,,
1FQ5,equibind,scored,0.9327849359294195,12.0,121,125,,
1FH8,diffdock,scored,0.9500871242052202,12.0,79,81,A:XYP:601+A:XIF:602,
1FH8,equibind,scored,0.9735638532907472,12.0,79,77,A:XYP:601+A:XIF:602,
1CIZ,diffdock,scored,0.9573443114798084,12.0,95,99,,
1CIZ,equibind,scored,0.8500632931521352,12.0,95,93,H,
1D7J,diffdock,scored,0.0,12.0,62,61,E,
1D7J,equibind,scored,0.03499670883566176,12.0,63,46,H,
1F4X,diffdock,scored,0.05520591193376921,12.0,65,67,,
1F4X,equibind,scored,0.9045956550782206,12.0,65,63,,
1ELR,diffdock,scored,0.39569230208053063,12.0,90,60,B:B,
1ELR,equibind,scored,0.6940240570633078,12.0,90,107,B:B,
1CET,diffdock,scored,0.9683161880990659,12.0,64,62,,
1CET,equibind,scored,0.7523562092648467,12.0,64,71,,
1APB,diffdock,scored,0.9680922668575568,12.0,94,97,B,
1APB,equibind,scored,0.8843014531453375,12.0,94,97,B,
1D7I,diffdock,scored,0.0,12.0,60,60,H,
1D7I,equibind,scored,0.278197159803388,12.0,60,43,E,
1F4E,diffdock,scored,0.9517092702690269,12.0,83,83,F,
1F4E,equibind,scored,0.6356655764881642,12.0,83,97,F,
1ELA,diffdock,scored,0.9666973143242239,12.0,90,91,,
1ELA,equibind,scored,0.7668592657639944,12.0,90,82,B,
1GGN,diffdock,scored,0.36505423188518543,12.0,113,117,,
1GGN,equibind,scored,0.4490506323946246,12.0,113,110,,
1APW,diffdock,scored,0.5156731471561866,12.0,123,85,I:B,
1APW,equibind,scored,0.7283332700079502,12.0,123,112,I:B,
1AZM,diffdock,scored,0.9178189241031134,12.0,84,87,,
1AZM,equibind,scored,0.9171169306991942,12.0,84,87,,
1HK3,diffdock,scored,0.9504523732873463,12.0,122,120,B,
1HK3,equibind,scored,0.8168714825594336,12.0,122,116,B,
1BA8,diffdock,scored,0.9318052312130374,12.0,104,101,D,
1BA8,equibind,scored,0.7849927428908602,12.0,104,89,,
1FQ4,diffdock,scored,0.9235895871330358,12.0,117,120,,
1FQ4,equibind,scored,0.8112344500318894,12.0,117,126,C,
1B05,diffdock,scored,0.791135531789184,12.0,147,144,B:B,
1B05,equibind,scored,0.8643242619318715,12.0,147,134,B:B,
1HIV,diffdock,scored,0.9622843948358432,12.0,108,108,C,
1HIV,equibind,scored,0.9517801474386416,12.0,108,109,C,
1CTU,diffdock,scored,0.9865455798799942,12.0,75,76,,
1CTU,equibind,scored,0.41350709071043323,12.0,75,83,,
1G53,diffdock,scored,0.9568783683066098,12.0,91,95,,
1G53,equibind,scored,0.9027376782153982,12.0,91,92,,
1APV,diffdock,scored,0.5236005904911029,12.0,123,88,I:B,
1APV,equibind,scored,0.6883896931580509,12.0,123,110,I:B,
1FPY,equibind,scored,0.0,12.0,101,0,JA,
1D6W,diffdock,scored,0.9405408199912243,12.0,100,102,,
1D6W,equibind,scored,0.8866162184486023,12.0,100,99,E,
1CTT,diffdock,scored,0.9713122773081663,12.0,71,71,,
1CTT,equibind,scored,0.22013916098265604,12.0,71,80,,
1FH7,diffdock,scored,0.9148327900091896,12.0,81,84,A:XYP:601+A:XDN:602,
1FH7,equibind,scored,0.800832554777039,12.0,81,77,A:XYP:601+A:XDN:602,
1DQX,diffdock,scored,0.0,12.0,115,113,H,
1DQX,equibind,scored,0.0,12.0,115,35,F,
1CEB,diffdock,scored,0.9461301645650757,12.0,56,55,D,
1CEB,equibind,scored,0.6148575642545057,12.0,56,59,C,
1EK2,diffdock,scored,0.9190372636116075,12.0,126,120,C,
1EK2,equibind,scored,0.030109963693019312,12.0,128,131,D,
1H1B,diffdock,scored,0.00884095585459084,12.0,85,83,G,
1H1B,equibind,scored,0.0,12.0,82,87,H,
1B9V,diffdock,scored,0.9286322246937708,12.0,112,112,,
1B9V,equibind,scored,0.8916408980345937,12.0,112,110,,
1CTR,diffdock,scored,0.9609185169374044,12.0,77,76,,
1CTR,equibind,scored,0.836394153297403,12.0,77,84,,
1FF1,diffdock,scored,0.29165815937872563,12.0,54,50,B:B,
1FF1,equibind,scored,0.47858092832647137,12.0,54,94,B:B,
1GGD,diffdock,scored,0.9319712126272159,12.0,89,85,,
1GGD,equibind,scored,0.7899237411070179,12.0,89,81,E,
1G46,diffdock,scored,0.9444406904510481,12.0,90,91,,
1G46,equibind,scored,0.901467435849476,12.0,90,91,,
1H0W,diffdock,scored,0.9861407710139144,12.0,73,72,,
1H0W,equibind,scored,0.8873624986868172,12.0,73,71,B,
1F47,diffdock,scored,0.31496073302031724,12.0,71,65,A:B,
1F47,equibind,scored,0.5912044764222736,12.0,71,102,A:B,
1HIH,diffdock,scored,0.9702953425218152,12.0,104,103,,
1HIH,equibind,scored,0.9090029508995365,12.0,104,101,E,
1BMQ,diffdock,scored,0.8522290566588556,12.0,81,83,,
1BMQ,equibind,scored,0.668282967659868,12.0,81,64,C,
1AHX,diffdock,scored,0.0,12.0,100,99,F,
1AHX,equibind,scored,0.6586551000990108,12.0,99,84,D,
1G45,diffdock,scored,0.9564790719646806,12.0,91,93,,
1G45,equibind,scored,0.9127314193540444,12.0,91,91,,
1F40,diffdock,scored,0.9211467663807877,12.0,62,67,B,
1F40,equibind,scored,0.9026314295853247,12.0,62,64,B,
1AL8,diffdock,scored,0.9560777725693984,12.0,92,90,,
1AL8,equibind,scored,0.7930414367658711,12.0,92,96,,
1HI5,diffdock,scored,0.6030922471524384,12.0,72,73,,
1HI5,equibind,scored,0.5100431003565052,12.0,72,71,,
1B2H,diffdock,scored,0.8305446709883982,12.0,148,154,B:B,
1B2H,equibind,scored,0.7485409598780716,12.0,148,139,B:B,
1AGM,diffdock,scored,0.9210840065645536,12.0,100,104,E:E,
1AGM,equibind,scored,0.861005348128865,12.0,99,105,D:D,
1F3J,diffdock,scored,0.0,12.0,145,67,P:C,
1F3J,equibind,scored,0.026935398479413473,12.0,145,105,Q:F,
1HI4,diffdock,scored,0.9318357446630662,12.0,70,75,,
1HI4,equibind,scored,0.7453207348745304,12.0,70,65,,
1AF6,diffdock,scored,0.0,12.0,93,87,E:E,
1AF6,equibind,scored,0.0699128415473593,12.0,92,93,F:F,
1CIN,diffdock,scored,0.9672949314252586,12.0,94,93,,
1CIN,equibind,scored,0.9565544679204334,12.0,94,92,,
1B5G,diffdock,scored,0.7255068072662616,12.0,106,127,,
1B5G,equibind,scored,0.7039534738994544,12.0,106,103,D,
1FPP,diffdock,scored,0.25812184597193194,12.0,132,106,,
1FPP,equibind,scored,0.7000575346992531,12.0,132,124,,
1ADL,diffdock,scored,0.945325057181406,12.0,92,93,,
1ADL,equibind,scored,0.918394269996,12.0,92,87,B,
1H0R,diffdock,scored,0.9846823806372285,12.0,66,65,,
1H0R,equibind,scored,0.853711420174584,12.0,66,72,,
1AFK,diffdock,scored,0.9843654591676928,12.0,66,65,C,
1AFK,equibind,scored,0.12982141226577795,12.0,63,90,D,
1D6S,diffdock,scored,0.8985190282974184,12.0,148,145,B:PLP:502+B:MET:402,
1D6S,equibind,scored,0.14174435443710073,12.0,148,128,B:PLP:502+B:MET:402,
1FPI,diffdock,scored,0.0,12.0,63,65,K,
1FPI,equibind,scored,0.0,12.0,65,110,F,
1H0A,diffdock,scored,0.981348000798132,12.0,54,55,G,
1H0A,equibind,scored,0.8395921963047267,12.0,54,48,G,
1BZC,diffdock,scored,0.9503080625671492,12.0,82,80,,
1BZC,equibind,scored,0.6815899345962416,12.0,82,82,B,
1AD8,diffdock,scored,0.02791342518947294,12.0,112,56,,
1AD8,equibind,scored,0.8237424209755989,12.0,112,103,,
1D6N,diffdock,scored,1.0,12.0,73,73,D,
1D6N,equibind,scored,0.13198638034120133,12.0,76,82,G,
1BZJ,diffdock,scored,0.9615373347183974,12.0,79,76,,
1BZJ,equibind,scored,0.7736115238090059,12.0,79,71,,
1FPC,diffdock,scored,0.6801392058137793,12.0,95,97,,
1FPC,equibind,scored,0.8157823999709398,12.0,95,88,D,
1H08,diffdock,scored,0.9379176656787404,12.0,83,82,B,
1H08,equibind,scored,0.8791985899267932,12.0,83,85,B,
1F2P,diffdock,scored,0.5057306286946425,12.0,81,46,,
1F2P,equibind,scored,0.7656288877946499,12.0,81,74,,
1AZL,diffdock,scored,0.9695855971968999,12.0,68,66,,
1AZL,equibind,scored,0.7950907545195676,12.0,68,57,B,
1HGJ,diffdock,scored,0.05805397333342221,12.0,70,86,R,
1HGJ,equibind,scored,0.0,12.0,70,100,R,
1D4Y,diffdock,scored,0.951318469653785,12.0,104,105,,
1D4Y,equibind,scored,0.859610260323251,12.0,104,100,C,
1DMT,diffdock,scored,0.8551343472178745,12.0,127,115,,
1DMT,equibind,scored,0.7811826911706042,12.0,127,114,F,
1AZE,diffdock,scored,0.7940898313038903,12.0,39,36,B:B,
1AZE,equibind,scored,0.5712680649026889,12.0,39,39,B:B,
1FYR,diffdock,scored,0.0,12.0,69,51,L:H,
1FYR,equibind,scored,0.0,12.0,67,92,K:G,
1AFL,diffdock,scored,0.0,12.0,65,61,C,
1AFL,equibind,scored,0.12020429260820635,12.0,62,86,E,
1BNN,diffdock,scored,0.9141254242665905,12.0,90,94,,
1BNN,equibind,scored,0.9434644850103081,12.0,90,91,,
1DMP,diffdock,scored,0.9898122739042982,12.0,102,101,,
1DMP,equibind,scored,0.8248241635219852,12.0,102,108,,
1FWV,diffdock,scored,0.9741216477493473,12.0,40,39,B:B,
1FWV,equibind,scored,0.8161662034287485,12.0,40,46,B:B,
1EK1,diffdock,scored,0.0,12.0,118,115,D,
1EK1,equibind,scored,0.007565838870196191,12.0,118,113,D,
1HGI,diffdock,scored,0.0,12.0,73,69,M,
1HGI,equibind,scored,0.0,12.0,73,92,R,
1DMB,diffdock,scored,0.8618481291190214,12.0,97,103,B:B,
1DMB,equibind,scored,0.8237274836724091,12.0,97,107,B:B,
1FWE,diffdock,scored,1.0,12.0,78,78,,
1FWE,equibind,scored,0.8183704280419963,12.0,78,83,,
1H01,diffdock,scored,0.9056683461004638,12.0,81,87,D,
1H01,equibind,scored,0.8377788861518314,12.0,81,87,D,
1HGE,diffdock,scored,0.9854047314760598,12.0,69,70,W,
1HGE,equibind,scored,0.0,12.0,69,83,R,
1F2O,diffdock,scored,0.5527573080053791,12.0,81,51,,
1F2O,equibind,scored,0.8543428428035558,12.0,81,70,,
1H00,diffdock,scored,0.9265203052625047,12.0,83,79,B,
1H00,equibind,scored,0.9755817506089582,12.0,83,85,B,
1GFY,diffdock,scored,0.9732276843071731,12.0,74,76,,
1GFY,equibind,scored,0.8793822407692374,12.0,74,71,,
1EGH,diffdock,scored,0.011263490826807061,12.0,81,83,L,
1EGH,equibind,scored,0.01766882489095113,12.0,81,79,K,
1G42_B,diffdock,scored,0.8927557330071891,12.0,84,81,H,
1G42_B,equibind,scored,0.772447325906086,12.0,84,79,H,
1CIM,diffdock,scored,0.9569532202411221,12.0,95,91,,
1CIM,equibind,scored,0.9156595607483402,12.0,95,93,,
1DG9,diffdock,scored,1.0,12.0,67,67,,
1DG9,equibind,scored,0.9265041799939049,12.0,67,72,,
1FE3,diffdock,scored,0.953924807941541,12.0,88,88,,
1FE3,equibind,scored,0.8328095858595741,12.0,88,86,,
1B0F,diffdock,scored,0.9684149705342873,12.0,97,96,,
1B0F,equibind,scored,0.9238587879061034,12.0,97,94,,
1HEG,diffdock,scored,0.8626615551497172,12.0,48,53,B,
1HEG,equibind,scored,0.5986902979851352,12.0,48,59,B,
1DF8,diffdock,scored,0.02827950897887549,12.0,74,73,C,
1DF8,equibind,scored,0.770191520602455,12.0,74,77,C,
1BXQ,diffdock,scored,0.9543045242954108,12.0,130,132,,
1BXQ,equibind,scored,0.8449512772144837,12.0,130,117,G,
1CS4,diffdock,scored,0.0,12.0,96,96,,
1CS4,equibind,scored,0.0,12.0,96,106,,
1GFW,diffdock,scored,0.9356659635271046,12.0,82,79,,
1GFW,equibind,scored,0.8853752881353084,12.0,82,77,,
1HEF,diffdock,scored,0.8075746875630319,12.0,51,44,I:B,
1HEF,equibind,scored,0.612194547120281,12.0,51,64,I:B,
1DET,diffdock,scored,0.9000046011061804,12.0,49,54,,
1DET,equibind,scored,0.871742103102775,12.0,49,47,,
1FO3,diffdock,scored,0.9377913756562387,12.0,96,98,,
1FO3,equibind,scored,0.7737989335669052,12.0,96,94,,
1D4T,diffdock,scored,0.5425054706195869,12.0,78,49,B:B,
1D4T,equibind,scored,0.5427092808248608,12.0,78,57,B:B,
1CEA,diffdock,scored,0.984624633235942,12.0,66,65,C,
1CEA,equibind,scored,0.04230453980075563,12.0,48,71,D,
1AWI,diffdock,scored,0.4941253248114936,12.0,86,59,P:C,
1AWI,equibind,scored,0.6757646831759275,12.0,86,84,P:C,
1GCZ,diffdock,scored,0.9741543641313245,12.0,79,77,S,
1GCZ,equibind,scored,0.12270220657133592,12.0,79,89,K,
1HEE,diffdock,scored,0.0,12.0,109,97,F,
1HEE,equibind,scored,0.1767904176006514,12.0,109,65,H,
1CBX,diffdock,scored,0.9793936763976119,12.0,96,98,,
1CBX,equibind,scored,0.9150107894780554,12.0,96,94,,
1GCA,diffdock,scored,0.9493727789424697,12.0,100,97,B,
1GCA,equibind,scored,0.7891517167874513,12.0,100,102,B,
1GZG,diffdock,scored,0.0,12.0,90,100,,
1GZG,equibind,scored,0.06552040319475905,12.0,90,102,,
1CR6,diffdock,scored,0.0,12.0,121,115,C,
1CR6,equibind,scored,0.02671390274351211,12.0,121,112,C,
1FDQ,diffdock,scored,0.9683987876122687,12.0,98,97,D,
1FDQ,equibind,scored,0.2835692182065136,12.0,98,97,C,
1CBR,diffdock,scored,0.9896689188922855,12.0,98,97,C,
1CBR,equibind,scored,0.17160432181738103,12.0,93,83,D,
1AVD,diffdock,scored,0.9845281152021704,12.0,67,66,D,
1AVD,equibind,scored,0.06518127125504693,12.0,67,54,D,
1D4J,diffdock,scored,0.934842106298916,12.0,111,104,C,
1D4J,equibind,scored,0.8280647897714708,12.0,111,114,,
1CQP,diffdock,scored,0.9510252330330606,12.0,84,84,D,
1CQP,equibind,scored,0.21361139952857386,12.0,84,77,F,
1AWH,diffdock,scored,0.029446041755964963,12.0,105,113,F,
1AWH,equibind,scored,0.15619547337705098,12.0,112,81,E,
1G42_A,diffdock,scored,0.8458033151708293,12.0,84,79,H,
1G42_A,equibind,scored,0.85619545008207,12.0,81,83,G,
1FVT,diffdock,scored,0.9757390381992017,12.0,84,82,,
1FVT,equibind,scored,0.8927191932199606,12.0,84,85,,
1D4I,diffdock,scored,0.9433981690587465,12.0,109,105,,
1D4I,equibind,scored,0.9033800498398545,12.0,109,109,,
1AI7,diffdock,scored,0.9881190624365457,12.0,85,84,,
1AI7,equibind,scored,0.5365332598212029,12.0,85,83,,
1HC9,diffdock,scored,0.0,12.0,48,56,C:C,
1HC9,equibind,scored,0.015906441752888283,12.0,48,77,C:C,
1FO2,diffdock,scored,0.9434390339421674,12.0,90,89,,
1FO2,equibind,scored,0.7992833083026717,12.0,90,90,,
1AWF,diffdock,scored,0.8813162029425428,12.0,107,97,,
1AWF,equibind,scored,0.7118409794929091,12.0,107,101,,
1AUJ,diffdock,scored,0.8900889546530332,12.0,94,105,,
1AUJ,equibind,scored,0.846772745549464,12.0,94,88,C,
1HBV,diffdock,scored,0.9797474605813006,12.0,102,100,,
1HBV,equibind,scored,0.8893041652324917,12.0,102,105,,
1FO0,diffdock,scored,0.10187421848207157,12.0,177,121,P:C,
1FO0,equibind,scored,0.7780714423830646,12.0,177,150,P:C,
1HBJ,diffdock,scored,0.951504158444969,12.0,125,125,,
1HBJ,equibind,scored,0.7122286293673993,12.0,125,112,,
1CPS,diffdock,scored,0.9789232814460217,12.0,97,95,,
1GZC,diffdock,scored,0.9818776806738795,12.0,57,56,B:B,
1GZC,equibind,scored,0.9276721120072989,12.0,57,57,B:B,
1EED,diffdock,scored,0.922121783833771,12.0,130,126,,
1EED,equibind,scored,0.7367026935262776,12.0,130,104,B,
1D4H,diffdock,scored,0.9724744006519833,12.0,110,111,,
1D4H,equibind,scored,0.8702633695067784,12.0,110,110,,
1GZ9,diffdock,scored,0.9499703139242942,12.0,60,61,B:B,
1GZ9,equibind,scored,0.7618589759799359,12.0,60,49,B:B,
1F1J,diffdock,scored,0.0,12.0,94,91,C:C,
1F1J,equibind,scored,0.004816320052191165,12.0,94,93,C:C,
1G3M,diffdock,scored,0.0,12.0,99,97,D,
1G3M,equibind,scored,0.16571733857927912,12.0,95,68,J,
1D3Q,diffdock,scored,0.94838407417573,12.0,99,96,,
1D3Q,equibind,scored,0.893897682115334,12.0,99,91,,
1GYX,diffdock,scored,0.016689362292766283,12.0,56,56,,
1GYX,equibind,scored,0.3928854692684433,12.0,56,65,,
1FMB,diffdock,scored,0.9204286415565344,12.0,49,53,,
1FMB,equibind,scored,0.8519958642440011,12.0,49,52,B,
1B6J,diffdock,scored,0.7684978079325591,12.0,105,91,C:C,
1B6J,equibind,scored,0.8069550778381569,12.0,105,91,C:C,
1CPI,diffdock,scored,0.694119133260777,12.0,105,89,C:C,
1CPI,equibind,scored,0.8296192882072744,12.0,105,93,C:C,
1FLM,diffdock,scored,0.9806224380418785,12.0,104,104,D,
1FLM,equibind,scored,0.7556401023023686,12.0,101,115,C,
1GAI,diffdock,scored,0.9189478037748071,12.0,103,95,D:D,
1GAI,equibind,scored,0.865349428243969,12.0,103,94,D:D,
1D2S,diffdock,scored,0.9319945802147455,12.0,86,90,,
1D2S,equibind,scored,0.8235203764685995,12.0,86,78,,
1EZF,diffdock,scored,0.8531159448053438,12.0,131,124,D,
1EZF,equibind,scored,0.14759869932633266,12.0,130,91,E,
1ECV,diffdock,scored,0.9593370838947829,12.0,73,74,,
1ECV,equibind,scored,0.9289251264506501,12.0,73,68,,
1H2T,diffdock,scored,0.9049300777754117,12.0,80,88,Z:GDP:1151+Z:7MG:1152,
1H2T,equibind,scored,0.03026165416048984,12.0,80,125,Z:GDP:1151+Z:7MG:1152,
1B9T,diffdock,scored,0.981564744161435,12.0,111,109,,
1B9T,equibind,scored,0.8755021502552641,12.0,111,113,,
1GYM,diffdock,scored,0.8914220440631899,12.0,72,72,,
1GYM,equibind,scored,0.7374428032251037,12.0,72,76,,
1C9D,diffdock,scored,0.9809972911052459,12.0,107,105,,
1C9D,equibind,scored,0.9049784385838381,12.0,107,109,,
1FKW,diffdock,scored,0.9903601355230004,12.0,106,105,,
1FKW,equibind,scored,0.9522801950967766,12.0,106,107,,
1GBT,diffdock,scored,0.9557990621403584,12.0,88,92,,
1GBT,equibind,scored,0.8911896740367691,12.0,88,83,,
1D2E,diffdock,scored,0.0,12.0,86,89,F,
1D2E,equibind,scored,0.0,12.0,87,21,L,
1C8V,diffdock,scored,0.9809817261258413,12.0,106,106,,
1C8V,equibind,scored,0.8574468034799476,12.0,106,103,,
1BNM,diffdock,scored,0.9074075456208535,12.0,95,100,,
1BNM,equibind,scored,0.8741104401977889,12.0,95,95,D,
1FV9,diffdock,scored,0.976031849488288,12.0,82,84,,
1FV9,equibind,scored,0.8748373650333153,12.0,82,80,,
1D1P,diffdock,scored,0.0,12.0,66,65,C,
1D1P,equibind,scored,0.3083655833028897,12.0,66,86,C,
1EBY,diffdock,scored,0.95249905174687,12.0,109,104,,
1EBY,equibind,scored,0.8047423085761027,12.0,109,114,,
1EW9,diffdock,scored,0.9870977775443555,12.0,77,78,N,
1EW9,equibind,scored,0.8500354618724335,12.0,78,78,H,
1D09,diffdock,scored,0.0,12.0,85,87,G,
1D09,equibind,scored,0.016259816900032923,12.0,89,22,E,
1EZ9,diffdock,scored,0.0,12.0,103,97,D:D,
1EZ9,equibind,scored,0.046068175114007466,12.0,103,116,D:D,
1G52,diffdock,scored,0.966840091712415,12.0,90,91,,
1G52,equibind,scored,0.9886315064499782,12.0,90,89,,
1DDM,diffdock,scored,0.4195350477748386,12.0,78,108,B:B,
1DDM,equibind,scored,0.5434079992308328,12.0,78,93,B:B,
1FV0,diffdock,scored,0.9426808882536919,12.0,107,107,F,
1FV0,equibind,scored,0.2532584709552634,12.0,107,100,,
1CP6,diffdock,scored,0.9705820640600024,12.0,67,69,,
1CP6,equibind,scored,0.8857404317404893,12.0,67,73,,
1EXV,diffdock,scored,0.8662133442559514,12.0,124,108,E,
1EXV,equibind,scored,0.08212826855638676,12.0,125,96,I,
1DBK,diffdock,scored,0.8464978560120893,12.0,72,71,,
1DBK,equibind,scored,0.8081103845541869,12.0,72,76,,
1FTM,diffdock,scored,0.0,12.0,102,104,H,
1FTM,equibind,scored,0.03847790110234075,12.0,103,85,K,
1D04,diffdock,scored,0.987242349327784,12.0,79,80,,
1D04,equibind,scored,0.9071293286977007,12.0,79,76,B,
1FKN,diffdock,scored,0.3588422653128649,12.0,133,59,C:C,
1FKN,equibind,scored,0.0237807224807916,12.0,129,126,D:D,
1EBW,diffdock,scored,0.9804250459274807,12.0,105,103,,
1EBW,equibind,scored,0.9409029164302072,12.0,105,111,,
1GX4,diffdock,scored,0.9470068941190182,12.0,95,94,E,
1GX4,equibind,scored,0.15579516340707783,12.0,95,86,J,
1B58,diffdock,scored,0.8369188483735871,12.0,153,149,B:B,
1B58,equibind,scored,0.7490067871967414,12.0,153,138,B:B,
1BNV,diffdock,scored,0.9676479581550524,12.0,94,95,,
1BNV,equibind,scored,0.9356542717721835,12.0,94,96,D,
1AJP,diffdock,scored,1.0,12.0,89,89,,
1AJP,equibind,scored,0.5243315769599847,12.0,89,90,,
1EB1,diffdock,scored,0.013690032487023418,12.0,73,66,A:A,
1EB1,equibind,scored,0.1245708229832479,12.0,73,93,A:A,
1BWB,diffdock,scored,0.9623239860112601,12.0,109,107,,
1BWB,equibind,scored,0.8229571323609031,12.0,109,101,,
1BL7,diffdock,scored,0.9007604034955199,12.0,89,90,,
1BL7,equibind,scored,0.8007987842155184,12.0,89,87,,
1GX8,diffdock,scored,0.9583189288673658,12.0,98,96,,
1GX8,equibind,scored,0.7932176298629922,12.0,98,100,,
1AJQ,diffdock,scored,0.9890542085500902,12.0,91,92,,
1AJQ,equibind,scored,0.9109149761651131,12.0,91,87,,
1EBG,diffdock,scored,0.9286438412764705,12.0,98,97,H,
1EBG,equibind,scored,0.025419089392186577,12.0,98,105,E,
1A4H,diffdock,scored,0.8715668858675651,12.0,103,100,,
1A4H,equibind,scored,0.8819922164636728,12.0,103,101,,
1C8L,diffdock,scored,0.7965891225663009,12.0,76,73,,
1C8L,equibind,scored,0.3264977650003601,12.0,76,129,C,
1AXZ,diffdock,scored,0.9302353365673053,12.0,55,59,C,
1AXZ,equibind,scored,0.8449387651644049,12.0,55,60,C,
1BL6,diffdock,scored,0.9325307898696276,12.0,89,87,,
1BL6,equibind,scored,0.7274550877695437,12.0,89,81,B,
186L,diffdock,scored,0.987176763268796,12.0,78,79,,
186L,equibind,scored,0.9742766354846466,12.0,78,80,,
1A85,diffdock,scored,0.9634730381448371,12.0,85,82,F,
1A85,equibind,scored,0.9112162820448664,12.0,85,78,F,
1A7X,diffdock,scored,0.6618085242578244,12.0,119,137,C,
1A7X,equibind,scored,0.752396078193506,12.0,119,120,C,
1EAS,diffdock,scored,0.9694337468976091,12.0,99,98,,
1EAS,equibind,scored,0.8652049169318788,12.0,99,94,F,
1B4Z,diffdock,scored,0.7344645774504489,12.0,148,151,B:B,
1B4Z,equibind,scored,0.841556632121727,12.0,148,132,B:B,
1GX0,diffdock,scored,0.9683264194338144,12.0,97,96,C,
1GX0,equibind,scored,0.16454340001480336,12.0,98,89,F,
1E72,diffdock,scored,0.9690670763275213,12.0,97,96,,
1E72,equibind,scored,0.8124057613811875,12.0,97,96,,
1BP0,diffdock,scored,0.9172628160971495,12.0,85,82,,
1BP0,equibind,scored,0.2952666044657501,12.0,85,74,,
1A7C,diffdock,scored,0.17554929565667843,12.0,123,67,B:B,
1A7C,equibind,scored,0.26568739712690176,12.0,123,103,B:B,
1H8Y,diffdock,scored,0.962421449349448,12.0,81,80,C,
1H8Y,equibind,scored,0.0,12.0,75,86,F,
1BCJ,diffdock,scored,0.0,12.0,48,48,D,
1BCJ,equibind,scored,0.0,12.0,48,25,D,
1BQ4,diffdock,scored,0.7883742915931596,12.0,87,94,,
1BQ4,equibind,scored,0.004849783258862972,12.0,87,94,,
1BCU,diffdock,scored,0.6508958445648612,12.0,76,82,,
1BCU,equibind,scored,0.8224534218138295,12.0,76,89,,
1B0H,diffdock,scored,0.9179757679541035,12.0,161,160,B:B,
1B0H,equibind,scored,0.7256370729420889,12.0,161,137,B:B,
1H9L,diffdock,scored,0.489228634038054,12.0,97,81,A:A,
1H9L,equibind,scored,0.7508665307804955,12.0,97,96,A:A,
1BKY,diffdock,scored,0.9810488366713093,12.0,53,52,,
1BKY,equibind,scored,0.863322405649218,12.0,53,54,,
1GWW,diffdock,scored,0.0,12.0,98,92,E,
1GWW,equibind,scored,0.09635696840834089,12.0,98,89,E,
1AL7,diffdock,scored,0.931905202020149,12.0,100,103,,
1AL7,equibind,scored,0.5409513423775983,12.0,100,121,,
1C88,diffdock,scored,0.9730167243310534,12.0,73,75,,
1C88,equibind,scored,0.9047381785922168,12.0,73,76,,
1GAR,diffdock,scored,0.9195791636841072,12.0,113,110,C,
1GAR,equibind,scored,0.062417738876556154,12.0,113,123,C,
1AKW,diffdock,scored,0.9850362398171514,12.0,68,67,,
1AKW,equibind,scored,0.7740636897644365,12.0,68,54,,
1C87,diffdock,scored,1.0,12.0,75,75,,
1C87,equibind,scored,0.8923021135956098,12.0,75,71,,
1A52,diffdock,scored,0.0,12.0,97,100,G,
1A52,equibind,scored,0.13059374961963846,12.0,95,84,C,
1A30,diffdock,scored,0.6256251721399972,12.0,93,91,C:C,
1A30,equibind,scored,0.7120324268753895,12.0,93,91,C:C,
1C86,diffdock,scored,1.0,12.0,75,75,,
1C86,equibind,scored,0.9173841264592282,12.0,75,73,,
1B9S,diffdock,scored,0.9440644362062077,12.0,106,106,,
1B9S,equibind,scored,0.7843743655643844,12.0,106,121,,
1AU0,diffdock,scored,0.920233206274733,12.0,88,91,,
1AU0,equibind,scored,0.76888832449797,12.0,88,86,B,
1GWV,diffdock,scored,0.9378786372384942,12.0,64,66,D:D,
1GWV,equibind,scored,0.020169285799015318,12.0,64,76,D:D,
1E6S,diffdock,scored,0.9788115701405996,12.0,96,94,,
1E6S,equibind,scored,0.7857330596170298,12.0,96,96,,
1B32,diffdock,scored,0.9059514817995931,12.0,151,147,B:B,
1B32,equibind,scored,0.7414834343901193,12.0,151,133,B:B,
1AU2,diffdock,scored,0.8329925522768252,12.0,90,78,,
1AU2,equibind,scored,0.8180347854411067,12.0,90,94,,
1ADO,diffdock,scored,0.0,12.0,85,83,E,
1ADO,equibind,scored,0.0,12.0,85,96,E,
1E00,diffdock,scored,0.9237800836192501,12.0,90,91,C,
1E00,equibind,scored,0.32385834977789163,12.0,93,85,D,
1AYU,diffdock,scored,0.9562064941331613,12.0,93,93,,
1AYU,equibind,scored,0.7323270880766245,12.0,93,83,B,
1FCY,diffdock,scored,0.9747216109208615,12.0,120,117,,
1FCY,equibind,scored,0.8622133407506,12.0,120,114,,
1FW0,diffdock,scored,0.9482393813695634,12.0,97,96,,
1FW0,equibind,scored,0.7217602441015167,12.0,97,96,,
1A0Q,diffdock,scored,0.8674345071108396,12.0,84,85,,
1A0Q,equibind,scored,0.766758951633821,12.0,84,68,,
187L,diffdock,scored,1.0,12.0,76,76,,
187L,equibind,scored,0.8059698343333747,12.0,76,68,,
1FCX,diffdock,scored,0.982914693405405,12.0,117,119,,
1FCX,equibind,scored,0.9013928175437078,12.0,117,112,,
1AF2,diffdock,scored,0.9408113073742848,12.0,71,67,C,
1AF2,equibind,scored,0.09405451661849314,12.0,71,72,,
1FBM,diffdock,scored,0.8767361187127666,12.0,118,121,,
1FBM,equibind,scored,0.9273124419222678,12.0,118,110,,
1GAH,diffdock,scored,0.9294973841357608,12.0,103,98,D:D,
1GAH,equibind,scored,0.9050589463512823,12.0,103,98,D:D,
1H6H,diffdock,scored,0.9364485644477051,12.0,46,49,,
1H6H,equibind,scored,0.5491600598693526,12.0,46,32,B,
1B9J,diffdock,scored,0.8491979598154634,12.0,150,146,B:B,
1B9J,equibind,scored,0.78721196152805,12.0,150,139,B:B,
1GAG,diffdock,scored,0.3070583137035388,12.0,93,128,B:B,
1GAG,equibind,scored,0.27035851884880546,12.0,93,106,B:B,
1B8O,diffdock,scored,0.9892965299877722,12.0,97,96,,
1B8O,equibind,scored,0.8676028438858732,12.0,97,98,,
1C85,diffdock,scored,0.9726364259499252,12.0,72,74,,
1C85,equibind,scored,0.8873046664175669,12.0,72,68,,
1BNU,diffdock,scored,0.9459613139690484,12.0,93,92,,
1BNU,equibind,scored,0.9349231998425339,12.0,93,93,,
1E66,diffdock,scored,0.9261925111292474,12.0,108,104,,
1E66,equibind,scored,0.6906256770541506,12.0,108,114,,
1C3B,diffdock,scored,0.9876640264724584,12.0,81,82,C,
1C3B,equibind,scored,0.0057127365963778026,12.0,81,85,C,
1A07,diffdock,scored,0.526077032867466,12.0,59,40,D:D,
1A07,equibind,scored,0.06681532479760813,12.0,59,77,D:D,
1B8N,diffdock,scored,0.9076133410235355,12.0,96,99,,
1B8N,equibind,scored,0.9169257331298987,12.0,96,98,,
1GWR,diffdock,scored,0.10587372698200372,12.0,54,84,C:C,
1GWR,equibind,scored,0.016971408759102007,12.0,54,163,C:C,
1E5J,diffdock,scored,0.921250563403559,12.0,91,88,B:B,
1E5J,equibind,scored,0.8509437949470204,12.0,91,95,B:B,
1H62,diffdock,scored,0.9465889391222617,12.0,94,93,,
1H62,equibind,scored,0.8860378739219125,12.0,94,101,,
1C84,diffdock,scored,0.9862998528351484,12.0,73,74,,
1C84,equibind,scored,0.867787933812708,12.0,73,77,,
1GWQ,diffdock,scored,0.0,12.0,54,58,C:C,
1GWQ,equibind,scored,0.04466523284477047,12.0,54,170,C:C,
1E4H,diffdock,scored,0.9034488701297977,12.0,49,52,F,
1E4H,equibind,scored,0.38347031897849415,12.0,49,72,F,
1A9U,diffdock,scored,0.9555128563991458,12.0,92,92,,
1A9U,equibind,scored,0.7121545980117947,12.0,92,93,,
188L,diffdock,scored,1.0,12.0,74,74,,
188L,equibind,scored,0.9590519149453108,12.0,74,75,,
1F8D,diffdock,scored,0.9440655442985398,12.0,108,106,G,
1F8D,equibind,scored,0.7761157256994093,12.0,108,102,,
1C7F,diffdock,scored,0.0,12.0,68,63,C,
1C7F,equibind,scored,0.1081578563992481,12.0,68,35,C,
1GWM,diffdock,scored,0.9494583996794032,12.0,61,62,B:B,
1GWM,equibind,scored,0.8856454673637287,12.0,61,64,B:B,
1B6H,diffdock,scored,0.9320867826260045,12.0,149,145,B:B,
1B6H,equibind,scored,0.7495433912197187,12.0,149,144,B:B,
1FAX,diffdock,scored,0.9586659024302907,12.0,96,96,D,
1FAX,equibind,scored,0.9348189689067931,12.0,96,92,D,
1H61,diffdock,scored,0.9787361714420456,12.0,95,95,,
1H61,equibind,scored,0.8426540655455204,12.0,95,98,,
1FAO,diffdock,scored,0.9761943779333611,12.0,42,43,,
1FAO,equibind,scored,0.793586614334929,12.0,42,36,B,
1H60,diffdock,scored,0.948798793694557,12.0,95,100,,
1H60,equibind,scored,0.8223101157807914,12.0,95,96,,
1A86,diffdock,scored,0.963361898542032,12.0,82,83,B,
1A86,equibind,scored,0.8684470920152131,12.0,82,74,B,
1E3V,diffdock,scored,0.004691954906867811,12.0,94,94,C,
1E3V,equibind,scored,0.7213043606088447,12.0,94,81,C,
1A4M,diffdock,scored,0.0,12.0,112,110,F,
1A4M,equibind,scored,0.0,12.0,110,27,H,
1B4H,diffdock,scored,0.7768086295365002,12.0,146,150,B:B,
1B4H,equibind,scored,0.7372716906355941,12.0,146,120,B:B,
1C7E,diffdock,scored,1.0,12.0,68,68,D,
1C7E,equibind,scored,0.024031858090108636,12.0,66,36,C,
1GVW,diffdock,scored,0.975912770503558,12.0,128,125,,
1GVW,equibind,scored,0.7179011862650284,12.0,128,110,B,
1GVK,diffdock,scored,0.5637848864552004,12.0,100,81,A:A,
1GVK,equibind,scored,0.7442768366527739,12.0,100,88,A:A,
1E3G,diffdock,scored,0.9823562288471973,12.0,115,115,,
1E3G,equibind,scored,0.9011402084412916,12.0,115,112,,
1HPX,diffdock,scored,0.9698585080140363,12.0,101,104,C,
1HPX,equibind,scored,0.8321524155022992,12.0,101,93,C,
1GUX,diffdock,scored,0.10579469727362635,12.0,69,89,E:C,
1GUX,equibind,scored,0.0,12.0,69,118,E:C,
1BTN,diffdock,scored,1.0,12.0,32,32,,
1BTN,equibind,scored,0.8096614691399265,12.0,32,32,,
1BV7,diffdock,scored,0.9899931265937243,12.0,104,103,C,
1BV7,equibind,scored,0.876597080857236,12.0,104,113,,
1HP5,diffdock,scored,0.9786814589451902,12.0,95,95,,
1HP5,equibind,scored,0.8394655280697524,12.0,95,90,,
1B3G,diffdock,scored,0.9056076412243609,12.0,148,148,B:B,
1B3G,equibind,scored,0.6596823059520553,12.0,148,122,B:B,
1AW1,diffdock,scored,0.0,12.0,81,81,O,
1AW1,equibind,scored,0.0,12.0,80,66,M,
1A42,diffdock,scored,1.0,12.0,98,98,,
1A42,equibind,scored,0.9274201510582463,12.0,98,97,,
1BUX,diffdock,scored,0.0,12.0,78,83,,
1BUX,equibind,scored,0.14091786997978883,12.0,78,84,D,
1BKJ,diffdock,scored,0.07877620355532577,12.0,114,113,F,
1BKJ,equibind,scored,0.8056686175738557,12.0,113,113,D,
1H5V,diffdock,scored,0.9093934173136444,12.0,99,98,B:B,
1H5V,equibind,scored,0.8070406318603348,12.0,99,105,B:B,
1GA9,diffdock,scored,0.9663665668224805,12.0,88,91,E,
1GA9,equibind,scored,0.04890590493157073,12.0,88,120,G,
1GUW,diffdock,scored,0.8686746263487451,12.0,50,48,B:B,
1GUW,equibind,scored,0.7614304261374817,12.0,50,42,B:B,
1GT4,diffdock,scored,0.9769066532234982,12.0,87,89,C,
1GT4,equibind,scored,0.8276220564379922,12.0,87,82,C,
1F9G,diffdock,scored,0.972666095724201,12.0,75,73,,
1F9G,equibind,scored,0.7272156789965196,12.0,75,84,,
1A4K,diffdock,scored,0.7976411281028425,12.0,71,67,G,
1A4K,equibind,scored,0.09636981733678034,12.0,71,36,J,
1H5U,diffdock,scored,0.6046442153198012,12.0,70,86,,
1H5U,equibind,scored,0.25508655644052947,12.0,70,110,,
1GA8,diffdock,scored,0.9591583602856739,12.0,76,73,B:B,
1GA8,equibind,scored,0.7654709577784209,12.0,76,76,B:B,
1GUI,diffdock,scored,0.9518371900623851,12.0,64,65,B:B,
1GUI,equibind,scored,0.8280583336907087,12.0,64,71,B:B,
1B3H,diffdock,scored,0.9157692404155956,12.0,154,155,B:B,
1B3H,equibind,scored,0.66123128115057,12.0,154,139,B:B,
1C5Z,diffdock,scored,1.0,12.0,80,80,F,
1C5Z,equibind,scored,0.8678521491050901,12.0,80,83,F,
1GU3,diffdock,scored,0.8552502257444801,12.0,67,69,B:B,
1GU3,equibind,scored,0.8060568336587288,12.0,67,66,B:B,
1HOS,diffdock,scored,0.9899601023315971,12.0,102,103,C,
1HOS,equibind,scored,0.9491379899230626,12.0,102,103,C,
1G7P,diffdock,scored,0.8602539177808348,12.0,135,142,P:C,
1G7P,equibind,scored,0.7173700208361222,12.0,135,110,P:C,
1E34,diffdock,scored,0.9357262787102166,12.0,90,96,,
1E34,equibind,scored,0.7991651462980237,12.0,90,95,D,
1B7H,diffdock,scored,0.926455160708999,12.0,150,149,B:B,
1B7H,equibind,scored,0.7399515011263201,12.0,150,127,B:B,
1C5F,diffdock,scored,0.0,12.0,105,147,L:L,
1C5F,equibind,scored,0.0,12.0,105,43,L:L,
1AKV,diffdock,scored,1.0,12.0,68,68,,
1AKV,equibind,scored,0.8103416433303507,12.0,68,60,,
1C12,diffdock,scored,0.9350085059291738,12.0,90,92,,
1C12,equibind,scored,0.7221466337668873,12.0,90,92,,
1CZO,diffdock,scored,1.0,12.0,78,78,,
1CZO,equibind,scored,0.8970870487672977,12.0,78,80,,
11GS,diffdock,scored,0.9110276830767456,12.0,103,102,B:GSH:210+B:EAA:211,
11GS,equibind,scored,0.29799797162015007,12.0,104,98,A:GSH:210+A:EAA:211,
1C29,diffdock,scored,0.9906206000204865,12.0,107,108,,
1C29,equibind,scored,0.8621789860534863,12.0,107,108,,
1A50,diffdock,scored,0.9721660247904974,12.0,106,109,,
1A50,equibind,scored,0.8344090295084438,12.0,106,101,,
1E2L,diffdock,scored,0.9810548037384185,12.0,106,106,D,
1E2L,equibind,scored,0.3310850615701244,12.0,97,116,F,
1GU1,diffdock,scored,0.009967732167568497,12.0,92,92,NA,
1GU1,equibind,scored,0.012915024379485584,12.0,90,28,Q,
1C4Y,diffdock,scored,0.9343985424012782,12.0,107,108,,
1C4Y,equibind,scored,0.8924712051191539,12.0,107,100,D,
1BCD,diffdock,scored,0.988227616501198,12.0,86,85,,
1BCD,equibind,scored,0.882128032108042,12.0,86,80,,
1E2K,diffdock,scored,0.9155933855549231,12.0,106,105,D,
1E2K,equibind,scored,0.255040963953155,12.0,99,115,F,
1BHX,diffdock,scored,0.7286227057527892,12.0,99,94,,
1BHX,equibind,scored,0.8306496139073322,12.0,99,93,E,
1G9T,diffdock,scored,0.9446014043059584,12.0,92,89,,
1G9T,equibind,scored,0.0,12.0,92,99,,
1B74,diffdock,scored,1.0,12.0,86,86,,
1B74,equibind,scored,0.4722066775944346,12.0,86,67,B,
1B4D,diffdock,scored,0.9505636916333129,12.0,124,120,,
1B4D,equibind,scored,0.8361373377066346,12.0,124,118,,
1HN4,diffdock,scored,0.9163587892445382,12.0,137,147,,
1HN4,equibind,scored,0.819371340568045,12.0,137,133,F,
1GT5,diffdock,scored,0.966870993353862,12.0,91,90,C,
1GT5,equibind,scored,0.8210860145404182,12.0,91,91,C,
1G9S,diffdock,scored,0.9111922013328096,12.0,90,88,,
1G9S,equibind,scored,0.017016495818732942,12.0,90,105,,
1BJR,diffdock,scored,0.6120649479476339,12.0,131,98,I:B,
1BJR,equibind,scored,0.32675265816941723,12.0,131,54,I:B,
1G9R,diffdock,scored,0.9573622239756671,12.0,118,119,,
1G9R,equibind,scored,0.6448350179813441,12.0,118,89,C,
1AKU,diffdock,scored,1.0,12.0,68,68,,
1AKU,equibind,scored,0.8720065162163853,12.0,68,60,,
1F9E,diffdock,scored,0.12246170647386348,12.0,91,131,U:O,
1F9E,equibind,scored,0.0,12.0,94,59,R:F,
1HN2,diffdock,scored,0.9443274703297259,12.0,91,88,C,
1HN2,equibind,scored,0.8491412297540089,12.0,91,95,C,
1G50,diffdock,scored,0.0,12.0,107,113,D,
1G50,equibind,scored,0.4484040911193273,12.0,106,73,F,
1F90,diffdock,scored,0.15942374422350727,12.0,72,80,E:C,
1F90,equibind,scored,0.5463983453819565,12.0,72,100,E:C,
1H46,diffdock,scored,0.924945193830549,12.0,103,109,,
1H46,equibind,scored,0.7260066495841808,12.0,103,107,C,
184L,diffdock,scored,0.9742048380829967,12.0,76,78,,
184L,equibind,scored,0.8977664337077886,12.0,76,82,,
1HMT,diffdock,scored,0.964813470031921,12.0,87,84,,
1HMT,equibind,scored,0.8754857219472628,12.0,87,85,,
1AKT,diffdock,scored,1.0,12.0,68,68,,
1AKT,equibind,scored,0.8554469247905091,12.0,68,59,,
1AKR,diffdock,scored,1.0,12.0,68,68,,
1AKR,equibind,scored,0.8235754377163985,12.0,68,57,,
1BO5,diffdock,scored,0.0,12.0,27,120,,
1BO5,equibind,scored,0.0,12.0,27,132,,
1H79,diffdock,scored,0.8550327827424316,12.0,104,103,E,
1H79,equibind,scored,0.017280622751092878,12.0,53,110,B,
1B46,diffdock,scored,0.9144661516200862,12.0,144,140,B:B,
1B46,equibind,scored,0.7377589850655829,12.0,144,134,B:B,
1ATL,diffdock,scored,0.9874897648612511,12.0,82,83,E,
1ATL,equibind,scored,0.1425770179289349,12.0,82,85,H,
1G85,diffdock,scored,0.8968625657399275,12.0,88,85,D,
1G85,equibind,scored,0.0,12.0,87,88,E,
1F8E,diffdock,scored,0.9536858684396651,12.0,108,107,,
1F8E,equibind,scored,0.8312731923966737,12.0,108,102,,
1H3H,diffdock,scored,0.6237573210626803,12.0,42,37,B:B,
1H3H,equibind,scored,0.6202330776980466,12.0,42,45,B:B,
1A4G,diffdock,scored,0.0,12.0,115,111,E,
1A4G,equibind,scored,0.8472974916603769,12.0,115,108,E,
1GT3,diffdock,scored,0.9329608722429693,12.0,90,88,C,
1GT3,equibind,scored,0.0,12.0,91,95,F,
1H3C,diffdock,scored,0.0,12.0,158,156,E,
1H3C,equibind,scored,0.004561882968081845,12.0,159,56,I,
1BNT,diffdock,scored,0.946176712853949,12.0,93,96,,
1BNT,equibind,scored,0.9678346836996758,12.0,93,94,,
1B3L,diffdock,scored,0.0,12.0,137,134,B:B,
1B3L,equibind,scored,0.0089856125912112,12.0,137,77,B:B,
1B5J,diffdock,scored,0.9004132357603993,12.0,147,154,B:B,
1B5J,equibind,scored,0.8142110698058848,12.0,147,151,B:B,
1E1Y,diffdock,scored,0.9281448993460784,12.0,68,69,,
1E1Y,equibind,scored,0.28909952134296896,12.0,68,108,,
1A4R,diffdock,scored,0.8962566704176316,12.0,84,85,,
1A4R,equibind,scored,0.21547025030543687,12.0,84,89,,
1AT6,diffdock,scored,0.9566699393525852,12.0,71,70,B:B,
1AT6,equibind,scored,0.7499209023209462,12.0,71,60,B:B,
1BJI,diffdock,scored,0.9551987153609299,12.0,112,113,,
1BJI,equibind,scored,0.8798755746265302,12.0,112,109,,
1HMS,diffdock,scored,0.9880585260689443,12.0,86,85,,
1HMS,equibind,scored,0.8698170662337286,12.0,86,89,B,
10GS,diffdock,scored,0.09110548571270077,12.0,97,95,E,
10GS,equibind,scored,0.34196355127887934,12.0,97,99,C,
1BWN,diffdock,scored,0.0,12.0,53,55,D,
1BWN,equibind,scored,0.8627052661090356,12.0,53,52,D,
1H3A,diffdock,scored,0.0,12.0,145,145,E,
1H3A,equibind,scored,0.0,12.0,145,59,E,
1FCZ,diffdock,scored,0.9745693760599153,12.0,119,118,,
1FCZ,equibind,scored,0.8893824287371282,12.0,119,120,,
1B3F,diffdock,scored,0.9077159015623306,12.0,151,153,B:B,
1B3F,equibind,scored,0.7584082172930146,12.0,151,141,B:B,
1B39,diffdock,scored,0.9492270750250501,12.0,98,99,,
1B39,equibind,scored,0.852109757106273,12.0,98,94,C,
1BNW,diffdock,scored,0.9666343455307052,12.0,90,91,,
1BNW,equibind,scored,0.8351472636627648,12.0,90,89,D,
1A28,diffdock,scored,0.0,12.0,111,113,D,
1A28,equibind,scored,0.15372096309762542,12.0,111,91,D,
1BR8,diffdock,scored,0.0328359050349644,12.0,201,81,P:C,
1BR8,equibind,scored,0.12003503062881438,12.0,201,118,P:C,
1GT1,diffdock,scored,0.9434895235217208,12.0,90,87,D,
1GT1,equibind,scored,0.8264422624622507,12.0,90,98,D,
1E06,diffdock,scored,0.9657371591186109,12.0,89,88,C,
1E06,equibind,scored,0.07694294803455724,12.0,89,92,C,
1H39,diffdock,scored,0.0,12.0,160,162,E,
1H39,equibind,scored,0.0,12.0,160,56,E,
1G7V,diffdock,scored,0.9659103669996675,12.0,88,89,,
1G7V,equibind,scored,0.7394485374029706,12.0,88,101,B,
1H37,diffdock,scored,0.0,12.0,155,146,I,
1H37,equibind,scored,0.0,12.0,155,59,I,
1GSZ,diffdock,scored,0.955958010434509,12.0,160,159,G,
1GSZ,equibind,scored,0.0,12.0,157,52,E,
1H35,diffdock,scored,0.0,12.0,146,141,I,
1H35,equibind,scored,0.0,12.0,146,57,I,
1GRP,diffdock,scored,0.9863887693974069,12.0,74,75,,
1GRP,equibind,scored,0.33739874762379723,12.0,74,77,,
1BXO,diffdock,scored,0.9368559901847218,12.0,126,128,E,
1BXO,equibind,scored,0.8835762623434015,12.0,126,118,E,
1C3X,diffdock,scored,0.9890484941104103,12.0,92,91,E,
1C3X,equibind,scored,0.15766014625150523,12.0,93,92,J,
1AXR,diffdock,scored,0.8828301165664517,12.0,110,107,,
1AXR,equibind,scored,0.9265567223778642,12.0,110,108,,
1BIW,diffdock,scored,0.0,12.0,75,73,,
1BIW,equibind,scored,0.029221491125376833,12.0,75,106,,
1C3E,diffdock,scored,0.9656193390416983,12.0,89,88,E,
1C3E,equibind,scored,0.1607179343777918,12.0,90,65,C,
1E02,diffdock,scored,0.005057331656331656,12.0,93,95,C,
1E02,equibind,scored,0.6618693249477589,12.0,98,89,D,
1G7Q,diffdock,scored,0.7504363977692291,12.0,129,100,P:C,
1G7Q,equibind,scored,0.6243673139003472,12.0,129,98,P:C,
1BIO,diffdock,scored,0.9718548356190945,12.0,71,71,,
1BIO,equibind,scored,0.7926011152201011,12.0,71,77,,
1GPY,diffdock,scored,0.0,12.0,76,115,,
1GPY,equibind,scored,0.01184468855836061,12.0,76,119,,
1BMK,diffdock,scored,0.8937032651202693,12.0,88,85,,
1BMK,equibind,scored,0.7280303074657429,12.0,88,86,,
1HNN,diffdock,scored,0.003944069628286283,12.0,99,98,D,
1HNN,equibind,scored,0.2051776902765808,12.0,100,85,F,
1HSH,diffdock,scored,0.9800298967625848,12.0,102,102,E,
1HSH,equibind,scored,0.08299395976474284,12.0,102,66,E,
1HTE,diffdock,scored,0.9476833694314952,12.0,95,96,,
1HTE,equibind,scored,0.846428651382729,12.0,95,100,,
1HTF,diffdock,scored,0.769497538976114,12.0,96,94,C,
1HTF,equibind,scored,0.7982495402896632,12.0,96,97,C,
1HQF,diffdock,scored,0.8949453883595642,12.0,93,95,L,
1HQF,equibind,scored,0.032265960185183205,12.0,93,87,L,
1HTI,diffdock,scored,0.9642258890520284,12.0,85,82,,
1HTI,equibind,scored,0.8306062908686884,12.0,85,81,,
1HRN,diffdock,scored,0.929923368724828,12.0,116,114,E,
1HRN,equibind,scored,0.08275360174790902,12.0,115,127,D,
1HQG,diffdock,scored,0.9493256829822043,12.0,79,77,J,
1HQG,equibind,scored,0.012910984998360506,12.0,79,74,J,
1HQH,diffdock,scored,0.9660267145903902,12.0,89,88,F,
1HQH,equibind,scored,0.02226034054181203,12.0,89,89,F,
1HVJ,diffdock,scored,0.9708646549661121,12.0,106,105,C,
1HVJ,equibind,scored,0.8116292777934695,12.0,106,107,C,
1HVK,diffdock,scored,0.9703070183875551,12.0,106,105,C,
1HVK,equibind,scored,0.9103556100932879,12.0,106,107,C,
1HWR,diffdock,scored,0.9361639097537685,12.0,96,96,,
1HWR,equibind,scored,0.9237826473031101,12.0,96,99,,
1HXB,diffdock,scored,0.9603245652657979,12.0,103,103,,
1HXB,equibind,scored,0.708279612419513,12.0,103,119,C,
1HXW,diffdock,scored,0.9441692307036863,12.0,107,109,,
1HXW,equibind,scored,0.8884887553239406,12.0,107,100,C,
1HTY,diffdock,scored,0.11389798169057322,12.0,60,81,,
1HTY,equibind,scored,0.347922106677406,12.0,60,56,,
1I37,diffdock,scored,0.9652427185715406,12.0,117,117,,
1I37,equibind,scored,0.9466632662734805,12.0,117,115,,
1I2S,diffdock,scored,0.0,12.0,72,71,F,
1I2S,equibind,scored,0.0,12.0,72,90,F,
1HV5,diffdock,scored,0.9211944173982063,12.0,101,105,DA,
1HV5,equibind,scored,0.0,12.0,88,0,X,
1HWW,diffdock,scored,0.9672085512724461,12.0,93,90,,
1HWW,equibind,scored,0.7978739022440619,12.0,93,90,,
1HYO,diffdock,scored,0.9710540785912728,12.0,103,104,K,
1HYO,equibind,scored,0.06913892498678365,12.0,103,102,K,
1HXK,diffdock,scored,0.940804512165366,12.0,85,82,,
1HXK,equibind,scored,0.5822486022634679,12.0,85,83,,
1I1E,equibind,scored,0.4013731993289898,12.0,72,71,B,
1I5R,diffdock,scored,0.9686142002408753,12.0,161,162,,
1I5R,equibind,scored,0.6408918091857805,12.0,161,139,B,
1I7I,diffdock,scored,0.9744852152803479,12.0,118,121,C,
1I7I,equibind,scored,0.06654747586081747,12.0,117,90,D,
1I8I,diffdock,scored,0.4712519043602147,12.0,74,65,C:C,
1I8I,equibind,scored,0.5690865042757653,12.0,74,87,C:C,
1I5H,diffdock,scored,0.4296410352674957,12.0,28,22,B:B,
1I5H,equibind,scored,0.7815022603185217,12.0,28,34,B:B,
1I7Z,diffdock,scored,0.0,12.0,76,79,E,
1I7Z,equibind,scored,0.17009708025318332,12.0,79,77,F,
1I8Z,diffdock,scored,0.9106262656846509,12.0,103,102,,
1I8Z,equibind,scored,0.876246170276348,12.0,103,106,,
1I80,diffdock,scored,0.0,12.0,91,90,G,
1I80,equibind,scored,0.30093821414290095,12.0,91,87,E,
1I90,diffdock,scored,0.9356042929951942,12.0,93,93,,
1I90,equibind,scored,0.9438260806883509,12.0,93,94,,
1I8J,diffdock,scored,0.0,12.0,106,109,H,
1I8J,equibind,scored,0.4213081101380652,12.0,107,95,E,
1I91,diffdock,scored,0.9265583173465675,12.0,98,93,,
1I91,equibind,scored,0.8878627663559396,12.0,98,99,,
1I9L,diffdock,scored,0.9886216173456936,12.0,89,88,D,
1I9L,equibind,scored,0.9537316955561258,12.0,89,85,D,
1I9N,diffdock,scored,0.9443687219003076,12.0,90,89,,
1I9N,equibind,scored,0.9326314096785292,12.0,90,88,,
1I9O,diffdock,scored,0.9442939640787963,12.0,92,87,D,
1I9O,equibind,scored,0.9552362875228833,12.0,92,90,D,
1I9P,diffdock,scored,0.9556061880740578,12.0,91,91,,
1I9P,equibind,scored,0.9124620494125091,12.0,91,91,,
1IAU,diffdock,scored,0.7156875867721842,12.0,94,95,B:B,
1IAU,equibind,scored,0.6066518216168032,12.0,94,84,B:B,
1IBC,diffdock,scored,0.8800710311887939,12.0,87,85,C:C,
1IBC,equibind,scored,0.6368849155106187,12.0,87,61,C:C,
1I9Q,diffdock,scored,0.9461026805509387,12.0,92,91,E,
1I9Q,equibind,scored,0.8914442866402965,12.0,92,90,E,
1IBG,diffdock,scored,0.7624453210092232,12.0,71,79,,
1IBG,equibind,scored,0.846976976406155,12.0,71,76,,
1IDB,diffdock,scored,0.9899762074639386,12.0,102,103,,
1IDB,equibind,scored,0.7775980499163473,12.0,102,118,,
1IDA,diffdock,scored,0.9900258231211738,12.0,102,103,,
1IDA,equibind,scored,0.725207763068789,12.0,102,132,,
1I6V,equibind,scored,0.3569046478900735,12.0,104,147,,
1IE9,diffdock,scored,0.9391030555658422,12.0,134,126,,
1IE9,equibind,scored,0.8117219359758661,12.0,134,118,B,
1ICJ,diffdock,scored,0.0,12.0,84,84,E,
1ICJ,equibind,scored,0.036534059627762794,12.0,76,74,I,
1IF7,diffdock,scored,0.9667569630904878,12.0,91,90,,
1IF7,equibind,scored,0.7772796849444282,12.0,91,80,D,
1IEM,diffdock,scored,0.0,12.0,91,91,D,
1IEM,equibind,scored,0.020653030970430183,12.0,89,111,E,
1IGB,diffdock,scored,0.9768509128809488,12.0,87,87,D,
1IGB,equibind,scored,0.9029885170112347,12.0,87,87,D,
1IEW,diffdock,scored,0.9416355907168997,12.0,104,100,,
1IEW,equibind,scored,0.8291336442255963,12.0,104,91,,
1IEP,diffdock,scored,0.9260612809221852,12.0,124,117,J,
1IEP,equibind,scored,0.0,12.0,119,59,G,
1IHT,diffdock,scored,0.12254264322964781,12.0,145,104,I:C,
1IHT,equibind,scored,0.5544773952676361,12.0,145,143,I:C,
1II5,diffdock,scored,0.7997334916978474,12.0,87,84,,
1II5,equibind,scored,0.8372738448710091,12.0,87,89,,
1IGJ,diffdock,scored,0.935996981590743,12.0,79,78,F,
1IGJ,equibind,scored,0.22841495378814852,12.0,82,58,E,
1IIQ,diffdock,scored,0.9626788379272035,12.0,107,111,,
1IIQ,equibind,scored,0.8385549233385852,12.0,107,108,C,
1I43,equibind,scored,0.0,12.0,95,16,FA,
1IJR,diffdock,scored,0.9343084801881977,12.0,64,60,,
1IJR,equibind,scored,0.7409936450451963,12.0,64,65,,
1IIG,diffdock,scored,0.9750917803375893,12.0,79,81,,
1IIG,equibind,scored,0.7703603011917838,12.0,79,84,,
1IIH,diffdock,scored,0.9395130705590351,12.0,83,82,,
1IIH,equibind,scored,0.8649079312121672,12.0,83,78,,
1IKT,diffdock,scored,1.0,12.0,81,81,,
1IKT,equibind,scored,0.84991818386482,12.0,81,76,,
1I48,equibind,scored,0.0,12.0,109,98,Z,
1IL4,diffdock,scored,0.9753677358737602,12.0,82,80,,
1IL4,equibind,scored,0.8680536683423522,12.0,82,83,,
1IL3,diffdock,scored,0.961611888306307,12.0,76,79,,
1IL3,equibind,scored,0.8709260020609123,12.0,76,80,,
1IL9,diffdock,scored,0.8691896770234973,12.0,85,80,,
1IL9,equibind,scored,0.7091564852731495,12.0,85,90,B,
1ILH,diffdock,scored,0.9444444688716808,12.0,127,128,,
1ILH,equibind,scored,0.8756316549246056,12.0,127,120,B,
1ILQ,diffdock,scored,0.0983659579106237,12.0,52,73,C:C,
1ILQ,equibind,scored,0.5146148948135731,12.0,52,75,C:C,
1IMX,diffdock,scored,0.9179111861737017,12.0,39,36,,
1IMX,equibind,scored,0.8459228821136027,12.0,39,45,,
1IK4,diffdock,scored,0.953580814942777,12.0,84,86,L,
1IK4,equibind,scored,0.05772371988748316,12.0,84,87,L,
1IKX,diffdock,scored,0.9881502535539664,12.0,85,86,,
1IKX,equibind,scored,0.9413941432803675,12.0,85,88,,
1IKY,diffdock,scored,0.975866656651486,12.0,86,86,,
1IKY,equibind,scored,0.8920039954882976,12.0,86,87,,
1INQ,diffdock,scored,0.8090641034792397,12.0,132,117,C:C,
1INQ,equibind,scored,0.6583806538852099,12.0,132,99,C:C,
1IVP,diffdock,scored,0.9712474931943149,12.0,107,106,,
1IVP,equibind,scored,0.8595305977760225,12.0,107,101,C,
1INH,diffdock,scored,0.0,12.0,106,103,N,
1INH,equibind,scored,0.0,12.0,106,101,N,
1IUP,diffdock,scored,0.952914220123634,12.0,84,84,C,
1IUP,equibind,scored,0.600894916054204,12.0,84,88,C,
1IT6,diffdock,scored,0.0,12.0,101,103,E,
1IT6,equibind,scored,0.0600661732533578,12.0,101,20,E,
1J17,diffdock,scored,0.9584377694987766,12.0,97,97,,
1J17,equibind,scored,0.8915506687101824,12.0,97,91,,
1J01,diffdock,scored,0.9625494361460321,12.0,81,80,,
1J01,equibind,scored,0.9251254528656103,12.0,81,81,,
1IY7,diffdock,scored,0.9498210517253366,12.0,100,97,,
1IY7,equibind,scored,0.8635271039742726,12.0,100,93,,
1ING,diffdock,scored,0.0,12.0,102,104,N,
1ING,equibind,scored,0.8314262262447814,12.0,102,101,L,
1J19,diffdock,scored,0.2968401417378492,12.0,65,76,B:B,
1J19,equibind,scored,0.42126488414580654,12.0,65,120,B:B,
1J4P,diffdock,scored,0.7735679857273268,12.0,43,49,B:B,
1J4P,equibind,scored,0.46828176646930536,12.0,43,74,B:B,
1JAQ,diffdock,scored,0.9147986652137425,12.0,81,80,C,
1JAQ,equibind,scored,0.8429649007693156,12.0,81,69,C,
1JAO,diffdock,scored,0.9613947262585115,12.0,78,77,B,
1JAO,equibind,scored,0.8243987928818896,12.0,78,71,B,
1JAK,diffdock,scored,0.957191668806726,12.0,94,94,,
1JAK,equibind,scored,0.8712188009947448,12.0,94,92,,
1JEU,diffdock,scored,0.8577270895534271,12.0,146,145,B:B,
1JEU,equibind,scored,0.8280414267400129,12.0,146,145,B:B,
1JCX,diffdock,scored,0.05336004511938033,12.0,119,117,D,
1JCX,equibind,scored,0.7731302648678178,12.0,119,116,D,
1JET,diffdock,scored,0.7024129207667832,12.0,140,149,B:B,
1JET,equibind,scored,0.8136556083266918,12.0,140,125,B:B,
1JD0,diffdock,scored,0.9654710094150875,12.0,88,87,D,
1JD0,equibind,scored,0.0741908606315187,12.0,86,90,F,
1JFH,diffdock,scored,0.5359937060695245,12.0,89,106,B:B,
1JFH,equibind,scored,0.6162463745492319,12.0,89,93,B:B,
1JEV,diffdock,scored,0.8479362803021705,12.0,160,156,B:B,
1JEV,equibind,scored,0.7585000340538921,12.0,160,134,B:B,
1JH1,diffdock,scored,0.9564628006789342,12.0,69,70,,
1JH1,equibind,scored,0.6314175599727471,12.0,69,76,,
1JGL,diffdock,scored,0.9439002279052496,12.0,73,73,,
1JGL,equibind,scored,0.5897676025013523,12.0,73,67,,
1JIJ,diffdock,scored,0.9754526856145894,12.0,122,125,,
1JIJ,equibind,scored,0.8991623690607838,12.0,122,122,,
1JII,diffdock,scored,0.9349690374869168,12.0,127,119,,
1JII,equibind,scored,0.7543049850589372,12.0,127,113,B,
1JIK,diffdock,scored,0.9454094965541311,12.0,125,132,,
1JIK,equibind,scored,0.8437252702878026,12.0,125,107,B,
1JJ9,diffdock,scored,0.8574195409416668,12.0,76,73,,
1JJ9,equibind,scored,0.8277186302570799,12.0,76,73,,
1JLD,diffdock,scored,0.9902352691046273,12.0,105,104,,
1JLD,equibind,scored,0.8791658567588093,12.0,105,107,,
1JIL,diffdock,scored,0.9423272168522489,12.0,121,122,,
1JIL,equibind,scored,0.6683254091881848,12.0,121,104,B,
1JK7,diffdock,scored,0.9622253325894967,12.0,81,80,E,
1JK7,equibind,scored,0.8237191736813095,12.0,81,79,,
1JJT,diffdock,scored,0.0,12.0,79,77,G,
1JJT,equibind,scored,0.09572421582818191,12.0,79,39,G,
1JMG,diffdock,scored,0.8846221867747126,12.0,85,85,,
1JMG,equibind,scored,0.5124018457086416,12.0,85,96,,
1J5I,diffdock,scored,0.9852890241194712,12.0,69,68,B,
1J5I,equibind,scored,0.7052927592627773,12.0,69,60,B,
1JMF,diffdock,scored,0.9419508763090539,12.0,85,88,,
1JMF,equibind,scored,0.5580959485378412,12.0,85,94,,
1JMI,diffdock,scored,0.9424374451394646,12.0,88,87,,
1JMI,equibind,scored,0.6221612378292418,12.0,88,96,,
1JLR,diffdock,scored,0.027270882251667496,12.0,92,89,J,
1JLR,equibind,scored,0.17752268629587864,12.0,96,122,G,
1JN2,diffdock,scored,0.9577632891084841,12.0,49,49,,
1JN2,equibind,scored,0.7636898696203942,12.0,49,62,,
1JOC,diffdock,scored,0.04741886604113983,12.0,52,52,E,
1JOC,equibind,scored,0.026088110120697037,12.0,51,38,H,
1JP5,diffdock,scored,0.0,12.0,85,83,C:C,
1JP5,equibind,scored,0.17863824305384834,12.0,83,71,D:D,
1JMQ,diffdock,scored,0.46239138780371286,12.0,30,22,P:B,
1JMQ,equibind,scored,0.6729189573017177,12.0,30,41,P:B,
1JQ8,diffdock,scored,0.11168920556788661,12.0,120,77,P:C,
1JQ8,equibind,scored,0.7241765818649046,12.0,120,116,P:C,
1JQ9,diffdock,scored,0.1918669852536585,12.0,129,100,P:C,
1JQ9,equibind,scored,0.21777067495358793,12.0,129,100,P:C,
1JPL,diffdock,scored,0.0,12.0,67,46,E:B,
1JPL,equibind,scored,0.0,12.0,70,95,F:D,
1JRS,diffdock,scored,0.7788443227071791,12.0,97,106,B:B,
1JRS,equibind,scored,0.7011969707361028,12.0,97,96,B:B,
1JT1,diffdock,scored,0.8803851905038402,12.0,72,75,,
1JT1,equibind,scored,0.6294539025279573,12.0,72,76,,
1JOJ,diffdock,scored,0.0,12.0,62,59,P:E,
1JOJ,equibind,scored,0.0,12.0,51,32,Q:F,
1JUF,diffdock,scored,0.7154549430018291,12.0,132,102,C:C,
1JUF,equibind,scored,0.7071010003799602,12.0,132,105,C:C,
1JR1,diffdock,scored,0.6515790949011034,12.0,91,117,E,
1JR1,equibind,scored,0.0,12.0,91,104,E,
1JUQ,diffdock,scored,0.0,12.0,50,112,G:F,
1JUQ,equibind,scored,0.027314315901947304,12.0,50,91,G:F,
1JVP,diffdock,scored,0.9248784010244155,12.0,81,79,,
1JVP,equibind,scored,0.8997714951429531,12.0,81,79,,
1JVU,diffdock,scored,0.985671173491318,12.0,71,70,,
1JVU,equibind,scored,0.2777511135592621,12.0,71,84,,
1JUT,diffdock,scored,0.979431037386077,12.0,99,97,D,
1JUT,equibind,scored,0.5090412655293148,12.0,99,127,D,
1JUY,diffdock,scored,0.9005594231795508,12.0,99,101,E,
1JUY,equibind,scored,0.44720028553627705,12.0,99,101,E,
1JUJ,diffdock,scored,0.9499532363483701,12.0,102,103,L,
1JUJ,equibind,scored,0.0,12.0,102,105,H,
1K1O,diffdock,scored,0.9360009939302264,12.0,91,95,,
1K1O,equibind,scored,0.7411122074814432,12.0,91,91,C,
1JWM,diffdock,scored,0.6672533421015829,12.0,160,133,C:C,
1JWM,equibind,scored,0.4767620990753267,12.0,160,125,C:C,
1JJK,equibind,scored,0.0,12.0,115,84,CA,
1K2I,diffdock,scored,0.9874367507473181,12.0,81,80,,
1K2I,equibind,scored,0.8019143945100558,12.0,81,79,,
1JYI,diffdock,scored,0.0,12.0,62,72,S:H,
1JYI,equibind,scored,0.0,12.0,60,52,Q:F,
1JZS,diffdock,scored,0.9198704869585259,12.0,125,123,,
1JZS,equibind,scored,0.46786051081457,12.0,125,132,,
1K4H,diffdock,scored,0.9175687987710788,12.0,108,109,,
1K4H,equibind,scored,0.7936722833488802,12.0,108,105,,
1K4G,diffdock,scored,0.8957468248861014,12.0,106,103,,
1K4G,equibind,scored,0.8415123434711772,12.0,106,96,,
1K1Y,diffdock,scored,0.8864581862013307,12.0,125,117,C:C,
1K1Y,equibind,scored,0.08714723210187805,12.0,125,146,C:C,
1KDK,diffdock,scored,0.9890034098391146,12.0,93,92,,
1KDK,equibind,scored,0.8093812039905558,12.0,93,81,,
1K9R,diffdock,scored,0.8409661018674875,12.0,29,27,B:B,
1K9R,equibind,scored,0.8412573295379752,12.0,29,33,B:B,
1KDW,diffdock,scored,0.0,12.0,82,84,D,
1KDW,equibind,scored,0.0,12.0,82,101,D,
1KC7,diffdock,scored,0.9198264946380158,12.0,84,87,,
1KC7,equibind,scored,0.608477236110571,12.0,84,73,,
1K3T,diffdock,scored,0.9347448954923528,12.0,107,106,,
1K3T,equibind,scored,0.09416619386291637,12.0,107,128,,
1KL3,diffdock,scored,0.0,12.0,87,93,E:E,
1KL3,equibind,scored,0.06198920078921198,12.0,87,108,E:E,
1KF0,diffdock,scored,0.9231647368659396,12.0,93,88,,
1KF0,equibind,scored,0.8246183064792757,12.0,93,100,,
1KNA,diffdock,scored,0.6524071140257357,12.0,45,31,P:B,
1KNA,equibind,scored,0.7203368710741949,12.0,45,34,P:B,
1KM3,diffdock,scored,0.9434269372400563,12.0,88,89,,
1KM3,equibind,scored,0.8539609831259455,12.0,88,78,,
1KLG,diffdock,scored,0.22679738145363731,12.0,149,100,C:C,
1KLG,equibind,scored,0.7884843604991255,12.0,149,136,C:C,
1KNE,diffdock,scored,0.7717009988952548,12.0,45,36,P:B,
1KNE,equibind,scored,0.6859144130951564,12.0,45,33,P:B,
1KMV,diffdock,scored,0.9779158273671897,12.0,91,91,,
1KMV,equibind,scored,0.8312011901622556,12.0,91,97,,
1KMY,diffdock,scored,0.9674491031766277,12.0,93,92,,
1KMY,equibind,scored,0.7083780869381988,12.0,93,83,,
1KLU,diffdock,scored,0.484547942392009,12.0,145,131,C:C,
1KLU,equibind,scored,0.69220904077862,12.0,145,122,C:C,
1KPM,diffdock,scored,0.9272265833917132,12.0,111,109,,
1KPM,equibind,scored,0.16245822869991466,12.0,111,115,,
1KUG,diffdock,scored,0.8624013536310436,12.0,77,71,B:B,
1KUG,equibind,scored,0.7860598202500548,12.0,77,71,B:B,
1KR3,diffdock,scored,0.9732478508711885,12.0,76,74,J,
1KR3,equibind,scored,0.12578458304934237,12.0,76,91,J,
1KUI,diffdock,scored,0.8305513933685877,12.0,79,74,B:B,
1KUI,equibind,scored,0.9067728508095548,12.0,79,74,B:B,
1KUK,diffdock,scored,0.8650425690101837,12.0,78,74,B:B,
1KUK,equibind,scored,0.8443613937552858,12.0,78,67,B:B,
1KTI,diffdock,scored,0.9425977683535838,12.0,123,120,,
1KTI,equibind,scored,0.854551096427594,12.0,123,119,,
1KQB,diffdock,scored,0.0,12.0,84,80,L,
1KQB,equibind,scored,0.0,12.0,81,62,H,
1KV1,diffdock,scored,0.9812689630464301,12.0,108,108,,
1KV1,equibind,scored,0.9137789028110329,12.0,108,105,,
1KOJ,diffdock,scored,0.0,12.0,106,107,C,
1KOJ,equibind,scored,0.0,12.0,107,97,D,
1KV2,diffdock,scored,0.9601980598092179,12.0,124,127,,
1KV2,equibind,scored,0.8761160177374985,12.0,124,123,,
1K3N,diffdock,scored,0.7428145406802918,12.0,43,51,B:B,
1K3N,equibind,scored,0.5713033165277906,12.0,43,65,B:B,
1L0A,diffdock,scored,0.318998033033127,12.0,121,76,B:B,
1L0A,equibind,scored,0.65224457805992,12.0,121,114,B:B,
1KV5,diffdock,scored,0.0,12.0,83,81,C,
1KV5,equibind,scored,0.015900305321156858,12.0,81,91,G,
1K3Q,diffdock,scored,0.7595147810639208,12.0,45,52,B:B,
1K3Q,equibind,scored,0.70323180896661,12.0,45,57,B:B,
1KZK,diffdock,scored,0.9611999761499653,12.0,106,102,,
1KZK,equibind,scored,0.908949571460802,12.0,106,101,,
1KYV,diffdock,scored,0.0,12.0,123,110,G,
1KYV,equibind,scored,0.07894520218195611,12.0,118,107,I,
1KZ8,diffdock,scored,0.004736587184306766,12.0,55,54,F,
1KZ8,equibind,scored,0.23481809758355035,12.0,54,116,J,
1L83,diffdock,scored,0.9855598378174769,12.0,69,70,,
1L83,equibind,scored,0.37757226636392033,12.0,69,61,,
1L2S,diffdock,scored,0.0,12.0,84,90,C,
1L2S,equibind,scored,0.4637966833732704,12.0,107,104,E,
1LAF,diffdock,scored,0.9281284719722185,12.0,99,98,,
1LAF,equibind,scored,0.723098190576536,12.0,99,90,B,
1L8G,diffdock,scored,0.98931122930197,12.0,94,95,,
1L8G,equibind,scored,0.8672922129835788,12.0,94,84,,
1LAH,diffdock,scored,0.9787754679857195,12.0,94,94,,
1LAH,equibind,scored,0.6661671683637979,12.0,94,98,,
1L6S,diffdock,scored,0.0,12.0,105,107,E,
1L6S,equibind,scored,0.5482227528153529,12.0,105,109,E,
1LB6,diffdock,scored,0.36615521820092084,12.0,73,67,B:B,
1LB6,equibind,scored,0.48569063261431655,12.0,73,57,B:B,
1LBF,diffdock,scored,0.9599359999442935,12.0,99,101,,
1LBF,equibind,scored,0.7024177427111689,12.0,99,100,B,
1LAN,diffdock,scored,0.006939704497037832,12.0,80,59,,
1LAN,equibind,scored,0.671571004754378,12.0,80,91,E,
1LBK,diffdock,scored,0.937251730947,12.0,94,96,G,
1LBK,equibind,scored,0.30710141924431134,12.0,94,92,G,
1LEE,diffdock,scored,0.9578540505044205,12.0,119,118,,
1LEE,equibind,scored,0.8133673583991646,12.0,119,108,,
1LEG,diffdock,scored,0.7852998487934137,12.0,135,115,P:C,
1LEG,equibind,scored,0.8212228169541557,12.0,135,124,P:C,
1LD7,diffdock,scored,0.8935083509747302,12.0,115,113,,
1LD7,equibind,scored,0.8287119747595835,12.0,115,126,,
1L5R,diffdock,scored,0.0,12.0,76,73,,
1L5R,equibind,scored,0.0,12.0,76,119,,
1LD8,diffdock,scored,0.8671104843888346,12.0,113,114,,
1LD8,equibind,scored,0.8380478216368675,12.0,113,120,,
1LEK,diffdock,scored,0.8834810353243204,12.0,132,122,P:C,
1LEK,equibind,scored,0.7603587772801835,12.0,132,119,P:C,
1LCP,diffdock,scored,0.019758834934655495,12.0,90,91,F,
1LCP,equibind,scored,0.08882242311617569,12.0,92,70,M,
1L5S,diffdock,scored,0.9670218131693356,12.0,60,60,F,
1L5S,equibind,scored,0.30328791040961606,12.0,60,89,F,
1LGW,diffdock,scored,0.9865073213049012,12.0,75,74,,
1LGW,equibind,scored,0.7449967216409379,12.0,75,78,,
1LFO,diffdock,scored,0.9013822999255918,12.0,88,91,B,
1LFO,equibind,scored,0.6556571768942866,12.0,88,62,B,
1LGT,diffdock,scored,0.9780457452188197,12.0,92,92,D,
1LGT,equibind,scored,0.6998681014679955,12.0,92,88,D,
1LHF,diffdock,scored,0.7976368188628883,12.0,101,102,,
1LHF,equibind,scored,0.6893710365923648,12.0,101,78,D,
1LF8,diffdock,scored,0.0,12.0,61,68,H:H,
1LF8,equibind,scored,0.06642631790367563,12.0,63,101,F:F,
1LHD,diffdock,scored,0.9170460364877212,12.0,99,101,,
1LHD,equibind,scored,0.8412538773348339,12.0,99,92,D,
1LHG,diffdock,scored,0.7572046200769104,12.0,95,99,,
1LHG,equibind,scored,0.9245791848413478,12.0,95,94,,
1LHU,diffdock,scored,0.9478726654192109,12.0,98,95,,
1LHU,equibind,scored,0.8424089383113124,12.0,98,84,,
1LHV,diffdock,scored,0.9664528600325535,12.0,93,90,,
1LHV,equibind,scored,0.8200347564704831,12.0,93,78,,
1LHW,diffdock,scored,0.9782670849976678,12.0,96,94,,
1LHW,equibind,scored,0.5959339389521718,12.0,96,66,,
1LI3,diffdock,scored,0.9720600167736738,12.0,72,72,,
1LI3,equibind,scored,0.8406887759272348,12.0,72,67,,
1LI2,diffdock,scored,0.9862096248421068,12.0,72,73,,
1LI2,equibind,scored,0.1719797533410859,12.0,72,63,,
1LI6,diffdock,scored,1.0,12.0,71,71,,
1LI6,equibind,scored,0.927693890227418,12.0,71,68,,
1LKE,diffdock,scored,1.0,12.0,91,91,,
1LKE,equibind,scored,0.9106880835159046,12.0,91,91,,
1LJT,diffdock,scored,0.04534886087353152,12.0,72,73,D,
1LJT,equibind,scored,0.21763574776853278,12.0,71,95,F,
1LNM,diffdock,scored,0.9341606558517155,12.0,89,95,,
1LNM,equibind,scored,0.7636209482355657,12.0,89,92,,
1LOR,diffdock,scored,0.9321252980840811,12.0,89,87,B,
1LOR,equibind,scored,0.8043642354778079,12.0,89,82,,
1LOQ,diffdock,scored,0.9541949221586133,12.0,87,87,,
1LOQ,equibind,scored,0.7592377803767527,12.0,87,84,,
1LF9,diffdock,scored,0.8771368649623434,12.0,133,127,D:D,
1LF9,equibind,scored,0.15967423342953563,12.0,131,136,C:C,
1LOL,diffdock,scored,0.953200721399412,12.0,87,85,D,
1LOL,equibind,scored,0.7085033741431178,12.0,87,94,D,
1LLB,diffdock,scored,0.9688477516435855,12.0,95,98,,
1LLB,equibind,scored,0.0429118130057302,12.0,95,111,C,
1LST,diffdock,scored,0.8930773679847523,12.0,94,94,,
1LST,equibind,scored,0.7401259854180262,12.0,94,93,B,
1LOX,diffdock,scored,0.9453715685185848,12.0,110,108,,
1LOX,equibind,scored,0.7127927502071947,12.0,110,108,,
1LOS,diffdock,scored,0.0,12.0,102,99,H,
1LOS,equibind,scored,0.0,12.0,99,81,G,
1LQ2,diffdock,scored,0.951805000484382,12.0,104,103,,
1LQ2,equibind,scored,0.9607216308083547,12.0,104,104,,
1LT5,diffdock,scored,0.0,12.0,52,55,N:I,
1LT5,equibind,scored,0.09603930859910671,12.0,52,73,K:F,
1LYX,diffdock,scored,1.0,12.0,70,70,,
1LYX,equibind,scored,0.888149123184635,12.0,70,74,,
1LZQ,diffdock,scored,0.9410389318637402,12.0,104,106,,
1LZQ,equibind,scored,0.8562015839494145,12.0,104,100,C,
1M0B,diffdock,scored,0.9213038359440602,12.0,105,103,,
1M0B,equibind,scored,0.8013787954290518,12.0,105,105,C,
1LYB,diffdock,scored,0.9123925163706241,12.0,126,129,I:C,
1LYB,equibind,scored,0.027146184251634817,12.0,126,131,I:C,
1M0N,diffdock,scored,0.9711632428132771,12.0,105,104,,
1M0N,equibind,scored,0.3133954587684016,12.0,105,116,,
1M0O,diffdock,scored,0.9801199026607607,12.0,101,103,,
1M0O,equibind,scored,0.531101593110553,12.0,101,130,,
1M13,diffdock,scored,0.9230349452384656,12.0,131,129,,
1M13,equibind,scored,0.8065699649104678,12.0,131,119,B,
1M0Q,diffdock,scored,0.9806296043068817,12.0,105,103,,
1M0Q,equibind,scored,0.44149210900540353,12.0,105,133,,
1LZO,diffdock,scored,0.0,12.0,75,74,F,
1LZO,equibind,scored,0.0,12.0,74,71,E,
1M2R,diffdock,scored,1.0,12.0,73,73,,
1M2R,equibind,scored,0.791863041409097,12.0,73,84,,
1M5C,diffdock,scored,0.979992464041528,12.0,101,101,,
1M5C,equibind,scored,0.8795081677939913,12.0,101,99,,
1M5D,diffdock,scored,0.9800078408980383,12.0,100,100,,
1M5D,equibind,scored,0.9072926449606274,12.0,100,95,,
1LXF,diffdock,scored,0.9872618187612713,12.0,82,81,D,
1LXF,equibind,scored,0.7967901544538174,12.0,82,93,D,
1LVC,diffdock,scored,0.0,12.0,125,126,K,
1LVC,equibind,scored,0.19583250015307835,12.0,124,84,H,
1M2X,diffdock,scored,0.0,12.0,71,70,I,
1M2X,equibind,scored,0.013686172370827322,12.0,70,67,X,
1M4H,diffdock,scored,0.0,12.0,141,125,C:C,
1M4H,equibind,scored,0.04712353304823512,12.0,138,123,D:D,
1M5F,diffdock,scored,0.0,12.0,105,107,K,
1M5F,equibind,scored,0.05597000477028893,12.0,108,87,M,
1M5E,diffdock,scored,0.0,12.0,107,106,G,
1M5E,equibind,scored,0.0,12.0,105,86,M,
1M6P,diffdock,scored,0.9597033719815805,12.0,49,51,D,
1M6P,equibind,scored,0.0,12.0,52,47,F,
1M7D,diffdock,scored,0.9211185370501854,12.0,78,76,C:C,
1M7D,equibind,scored,0.7397459590988238,12.0,78,67,C:C,
1M7I,diffdock,scored,0.9272446169286825,12.0,84,84,C:C,
1M7I,equibind,scored,0.8114389168286453,12.0,84,83,C:C,
1MAI,diffdock,scored,0.8976777245162687,12.0,49,48,,
1MAI,equibind,scored,0.835698341187971,12.0,49,51,B,
1M7Y,diffdock,scored,0.9910826350227266,12.0,113,114,,
1M7Y,equibind,scored,0.5760611200538639,12.0,113,122,,
1ME3,diffdock,scored,0.9877413434241737,12.0,82,83,,
1ME3,equibind,scored,0.7628252376546267,12.0,82,82,,
1ME4,diffdock,scored,0.9621054235707154,12.0,82,79,B,
1ME4,equibind,scored,0.8440127710475366,12.0,82,85,B,
1MDL,diffdock,scored,1.0,12.0,69,69,C,
1MDL,equibind,scored,0.5147175705772647,12.0,69,77,C,
1ME7,diffdock,scored,0.980976968462235,12.0,108,108,,
1ME7,equibind,scored,0.5978296858294609,12.0,108,95,,
1MF4,diffdock,scored,0.7423096806246907,12.0,84,69,B:B,
1MF4,equibind,scored,0.8670124122076929,12.0,84,76,B:B,
1MEM,diffdock,scored,0.9520626702871473,12.0,84,84,B,
1MEM,equibind,scored,0.7852865197384795,12.0,84,93,B,
1ME8,diffdock,scored,0.9810735147827526,12.0,107,107,,
1ME8,equibind,scored,0.573745845902002,12.0,107,93,,
1MEU,diffdock,scored,0.94212778549187,12.0,103,105,,
1MEU,equibind,scored,0.9066646112569845,12.0,103,106,,
1M9N,diffdock,scored,0.9289704326416152,12.0,112,112,H,
1M9N,equibind,scored,0.08276571842272766,12.0,112,95,H,
1MFA,diffdock,scored,0.9139204651138454,12.0,58,61,A:C,
1MFA,equibind,scored,0.8858776667464785,12.0,58,65,A:C,
1MFG,diffdock,scored,0.45025423678230114,12.0,74,44,B:B,
1MFG,equibind,scored,0.5774867874314391,12.0,74,81,B:B,
1MIK,diffdock,scored,0.9352514897008207,12.0,81,82,B:B,
1MIK,equibind,scored,0.759681791227585,12.0,81,76,B:B,
1MFD,diffdock,scored,0.8823276123110761,12.0,61,64,A:C,
1MFD,equibind,scored,0.9161840930338906,12.0,61,62,A:C,
1M5W,diffdock,scored,0.0,12.0,95,97,I,
1M5W,equibind,scored,0.027748887612612377,12.0,96,102,O,
1MJ7,diffdock,scored,0.16342487182125595,12.0,87,101,,
1MJ7,equibind,scored,0.8327138534710702,12.0,87,85,C,
1MH5,diffdock,scored,0.0,12.0,94,96,H,
1MH5,equibind,scored,0.0,12.0,93,22,F,
1MMP,diffdock,scored,0.876470126801838,12.0,76,69,G,
1MMP,equibind,scored,0.040657244156656086,12.0,76,78,G,
1MM6,diffdock,scored,0.0,12.0,100,102,D,
1MM6,equibind,scored,0.1388982545755067,12.0,101,89,H,
1MMQ,diffdock,scored,0.9731904050151247,12.0,75,75,,
1MMQ,equibind,scored,0.7587004866098582,12.0,75,66,F,
1MMR,diffdock,scored,0.9598376242801563,12.0,77,74,,
1MM7,diffdock,scored,0.0,12.0,103,102,K,
1MM7,equibind,scored,0.06238529688101085,12.0,103,86,K,
1MNS,diffdock,scored,0.953061249508553,12.0,87,85,,
1MNS,equibind,scored,0.867616227412423,12.0,87,84,,
1MN9,diffdock,scored,0.9429092503026009,12.0,88,87,E,
1MN9,equibind,scored,0.1138949299443836,12.0,88,91,G,
1ML1,diffdock,scored,0.0,12.0,82,83,I,
1ML1,equibind,scored,0.0,12.0,82,56,K,
1MOQ,diffdock,scored,0.9275430807280866,12.0,96,95,,
1MOQ,equibind,scored,0.5104786879032523,12.0,96,69,,
1MQH,diffdock,scored,0.9902091342095029,12.0,102,103,,
1MQH,equibind,scored,0.8538069854724015,12.0,102,101,,
1MQJ,diffdock,scored,0.9899661490783365,12.0,100,101,,
1MQJ,equibind,scored,0.9285449375810148,12.0,100,99,,
1MQI,diffdock,scored,0.9901238666748732,12.0,101,102,,
1MQI,equibind,scored,0.8690685391110737,12.0,101,96,,
1MQG,diffdock,scored,1.0,12.0,103,103,G,
1MQG,equibind,scored,0.13004153689128442,12.0,103,72,G,
1MRW,diffdock,scored,0.961714843925974,12.0,107,103,,
1MRW,equibind,scored,0.8909909990141799,12.0,107,100,C,
1MRS,diffdock,scored,0.9908819397124845,12.0,111,112,,
1MRS,equibind,scored,0.7541733366425758,12.0,111,109,,
1MRN,diffdock,scored,0.9503188179279648,12.0,121,123,,
1MRN,equibind,scored,0.5834295909021168,12.0,121,119,E,
1MQD,diffdock,scored,1.0,12.0,99,99,L,
1MQD,equibind,scored,0.0,12.0,99,24,F,
1MSN,diffdock,scored,0.9538676752346802,12.0,110,109,C,
1MSN,equibind,scored,0.8740903177975005,12.0,110,101,,
1MS6,diffdock,scored,0.9776189916333958,12.0,90,90,,
1MS6,equibind,scored,0.7774726229858024,12.0,90,99,B,
1MS7,diffdock,scored,1.0,12.0,100,100,K,
1MS7,equibind,scored,0.0,12.0,102,101,L,
1MS0,diffdock,scored,0.0,12.0,101,106,F,
1MS0,equibind,scored,0.0058789436944620185,12.0,101,58,F,
1MU6,diffdock,scored,0.9576861331260669,12.0,94,96,,
1MU6,equibind,scored,0.909191650387009,12.0,94,88,D,
1MU8,diffdock,scored,0.9579710013012852,12.0,97,95,,
1MU8,equibind,scored,0.8962447347072792,12.0,97,99,,
1MUI,diffdock,scored,0.9900809468692531,12.0,103,104,,
1MUI,equibind,scored,0.8584549845880669,12.0,103,109,C,
1MKD,equibind,scored,0.014880642660302906,12.0,104,28,AA,
1MCZ,equibind,scored,0.0,12.0,96,86,YA,
1MXO,diffdock,scored,0.0,12.0,88,86,E,
1MXO,equibind,scored,0.036165985406422095,12.0,88,112,E,
1MY2,diffdock,scored,1.0,12.0,102,102,E,
1MY2,equibind,scored,0.03287762683516333,12.0,103,78,K,
1MWT,diffdock,scored,0.0,12.0,93,92,Q,
1MWT,equibind,scored,0.0063854563533047365,12.0,89,66,I,
1MXU,diffdock,scored,0.0,12.0,105,103,E,
1MXU,equibind,scored,0.010861084838403456,12.0,104,75,H,
1MTO,diffdock,scored,0.0,12.0,96,95,J,
1MTO,equibind,scored,0.049497513865007406,12.0,99,78,O,
1MY8,diffdock,scored,0.0,12.0,86,91,E,
1MY8,equibind,scored,0.004234642253941444,12.0,85,100,D,
1MY4,diffdock,scored,0.971414357314399,12.0,104,105,H,
1MY4,equibind,scored,0.04207907204315509,12.0,104,75,H,
1MY3,diffdock,scored,0.0,12.0,105,106,K,
1MY3,equibind,scored,0.021257724006977036,12.0,105,75,H,
1MQ1,diffdock,scored,0.3818267567933272,12.0,78,41,C:C,
1MQ1,equibind,scored,0.44068439950306726,12.0,78,108,C:C,
1MZC,diffdock,scored,0.8878872545539077,12.0,123,125,F,
1MZC,equibind,scored,0.8376792306147947,12.0,123,130,F,
1N3Z,diffdock,scored,0.8683662623673393,12.0,67,68,B,
1N3Z,equibind,scored,0.7467363868455619,12.0,67,66,,
1N3W,diffdock,scored,0.9611497626927249,12.0,104,106,B:B,
1N3W,equibind,scored,0.8166616967016205,12.0,104,94,B:B,
1N2V,diffdock,scored,0.9697302919874476,12.0,100,97,,
1N2V,equibind,scored,0.7618975077794591,12.0,100,96,,
1N1M,diffdock,scored,0.0,12.0,90,85,Q,
1N1M,equibind,scored,0.10647591660239546,12.0,90,103,Q,
1N1T,diffdock,scored,0.8886385922070639,12.0,109,105,,
1N1T,equibind,scored,0.7656067785073755,12.0,109,110,D,
1N1V,diffdock,scored,0.917476399787992,12.0,109,108,,
1N1V,equibind,scored,0.8222581665585466,12.0,109,109,,
1N3I,diffdock,scored,0.0,12.0,109,109,G,
1N3I,equibind,scored,0.1580149737272638,12.0,109,107,G,
1N4H,diffdock,scored,0.9548819280311464,12.0,113,112,,
1N4H,equibind,scored,0.9174719959448058,12.0,113,114,,
1N4K,diffdock,scored,0.9310474670287772,12.0,59,57,B,
1N4K,equibind,scored,0.8676605556541971,12.0,59,52,B,
1N51,diffdock,scored,0.5736272830423609,12.0,87,64,B:B,
1N51,equibind,scored,0.37515546340048167,12.0,87,86,B:B,
1N43,diffdock,scored,0.028426413240064875,12.0,84,85,H,
1N43,equibind,scored,0.0132466415021552,12.0,85,91,G,
1N7I,diffdock,scored,0.004202425568170146,12.0,95,93,F,
1N7I,equibind,scored,0.2368246708176215,12.0,95,85,D,
1N8U,diffdock,scored,0.9875164599034804,12.0,81,82,B,
1N8U,equibind,scored,0.8376299198735578,12.0,81,71,B,
1N7J,diffdock,scored,0.004174245763207078,12.0,94,95,D,
1N7J,equibind,scored,0.26473603707837084,12.0,94,80,D,
1N8V,diffdock,scored,1.0,12.0,82,82,C,
1N8V,equibind,scored,0.3978193471262444,12.0,84,78,G,
1NC6,diffdock,scored,0.911269797971648,12.0,102,101,,
1NC6,equibind,scored,0.7483588166512624,12.0,102,81,,
1NC3,diffdock,scored,0.00874968197225662,12.0,109,108,C,
1NC3,equibind,scored,0.8555150197395501,12.0,109,111,C,
1N94,diffdock,scored,0.8205299042098082,12.0,130,130,,
1N94,equibind,scored,0.5634166870514565,12.0,130,141,,
1N9M,diffdock,scored,0.010172000096272595,12.0,82,80,G,
1N9M,equibind,scored,0.07386717599955003,12.0,83,75,H,
1MWN,diffdock,scored,0.013711802007510173,12.0,61,54,Y:D,
1MWN,equibind,scored,0.2090362760842175,12.0,61,138,Y:D,
1N95,diffdock,scored,0.8843978218439573,12.0,129,130,,
1N95,equibind,scored,0.64902706776917,12.0,129,139,,
1N9A,diffdock,scored,0.9026290789893827,12.0,109,114,E,
1N9A,equibind,scored,0.7722985302155788,12.0,109,113,E,
1NDJ,diffdock,scored,0.028482304473809113,12.0,83,84,F,
1NDJ,equibind,scored,0.12842116743455906,12.0,83,101,H,
1NDY,diffdock,scored,0.9637041685865579,12.0,111,109,,
1NDY,equibind,scored,0.8095643272224026,12.0,111,104,C,
1NF8,diffdock,scored,0.9884008562004885,12.0,88,87,,
1NF8,equibind,scored,0.7388071415612332,12.0,88,91,,
1NFW,diffdock,scored,0.9795942206806565,12.0,98,100,,
1NFW,equibind,scored,0.8875202677731543,12.0,98,95,,
1NH0,diffdock,scored,0.9815489998624679,12.0,112,112,I:C,
1NH0,equibind,scored,0.8932799996075045,12.0,112,107,I:C,
1N7T,diffdock,scored,0.5542257283014576,12.0,68,43,B:B,
1N7T,equibind,scored,0.5276289996762065,12.0,68,64,B:B,
1NHG,diffdock,scored,0.9480059416026215,12.0,96,97,H,
1NHG,equibind,scored,0.146554141857668,12.0,99,103,F,
1NJA,diffdock,scored,0.9302987057103789,12.0,86,86,,
1NJA,equibind,scored,0.4831831566456752,12.0,86,92,,
1NJ5,diffdock,scored,0.8935079437548676,12.0,130,126,,
1NJ5,equibind,scored,0.6887791596175036,12.0,130,123,,
1NHW,diffdock,scored,0.0,12.0,95,95,F,
1NHW,equibind,scored,0.07861255595920433,12.0,95,110,F,
1NHX,diffdock,scored,0.9600508777549226,12.0,102,100,,
1NHX,equibind,scored,0.8628680813382351,12.0,102,104,,
1NJB,diffdock,scored,0.9526288324759139,12.0,85,85,,
1NJB,equibind,scored,0.41648371697019415,12.0,85,93,,
1NHV,diffdock,scored,0.8958874313821666,12.0,77,81,C,
1NHV,equibind,scored,0.0,12.0,75,122,D,
1NI1,diffdock,scored,0.8652799267476134,12.0,121,128,,
1NI1,equibind,scored,0.7106747209502009,12.0,121,129,E,
1NJC,diffdock,scored,0.9534773927730401,12.0,84,88,,
1NJC,equibind,scored,0.44721340890801503,12.0,84,89,,
1NJE,diffdock,scored,0.9766445804358828,12.0,87,89,,
1NJE,equibind,scored,0.3395643321838444,12.0,87,87,B,
1NJD,diffdock,scored,0.9422948366102492,12.0,85,88,,
1NJD,equibind,scored,0.4391575628350328,12.0,85,100,,
1NKI,diffdock,scored,0.0,12.0,64,66,E,
1NKI,equibind,scored,0.05304742058548389,12.0,65,86,H,
1NKM,diffdock,scored,0.9269656213744217,12.0,95,102,C,
1NKM,equibind,scored,0.6301167171563918,12.0,95,80,C,
1NLP,diffdock,scored,0.6494857249892119,12.0,44,30,N:B,
1NLP,equibind,scored,0.7055852436655331,12.0,44,53,N:B,
1NLJ,diffdock,scored,0.0,12.0,87,101,D,
1NLJ,equibind,scored,0.05496274236799783,12.0,96,79,C,
1NL6,diffdock,scored,0.0,12.0,97,99,C,
1NL6,equibind,scored,0.0,12.0,97,105,C,
1NLT,diffdock,scored,0.0,12.0,59,45,B:B,
1NLT,equibind,scored,0.7262367379330658,12.0,59,61,B:B,
1NJU,diffdock,scored,0.021990124803613512,12.0,101,99,F,
1NJU,equibind,scored,0.013598072475758465,12.0,101,152,F,
1NM6,diffdock,scored,0.8629002848828587,12.0,96,95,,
1NM6,equibind,scored,0.8840136217777559,12.0,96,95,,
1NMK,diffdock,scored,0.6717055862596316,12.0,103,120,D,
1NMK,equibind,scored,0.6551647756251888,12.0,103,116,D,
1NNK,diffdock,scored,0.9719633497763766,12.0,106,107,,
1NNK,equibind,scored,0.941243009147538,12.0,106,102,,
1NNB,diffdock,scored,0.9519527896905151,12.0,104,105,C,
1NNB,equibind,scored,0.8395374446686876,12.0,104,96,C,
1NO6,diffdock,scored,0.9735990250666721,12.0,77,75,,
1NO6,equibind,scored,0.907323728357504,12.0,77,76,,
1NJJ,diffdock,scored,0.0497793604876311,12.0,66,111,E,
1NJJ,equibind,scored,0.0,12.0,66,3,E,
1NNU,diffdock,scored,0.0,12.0,97,94,F,
1NNU,equibind,scored,0.09018076574441555,12.0,97,115,F,
1NO9,diffdock,scored,0.0,12.0,81,43,,
1NO9,equibind,scored,0.8158720954574772,12.0,81,89,,
1NOX,diffdock,scored,0.9578180958839323,12.0,72,71,,
1NOX,equibind,scored,0.32546221630207856,12.0,72,87,,
1NPW,diffdock,scored,0.9609922220478979,12.0,105,103,,
1NPW,equibind,scored,0.9081595589909912,12.0,105,100,C,
1NPA,diffdock,scored,0.9710136744610072,12.0,105,106,,
1NPA,equibind,scored,0.909209727165571,12.0,105,102,,
1NQ0,diffdock,scored,0.9592722338903467,12.0,123,122,,
1NQ0,equibind,scored,0.832578117151535,12.0,123,123,,
1NOK,diffdock,scored,0.9733862525065116,12.0,113,112,,
1NOK,equibind,scored,0.8096924581782375,12.0,113,107,,
1NP0,diffdock,scored,0.0,12.0,76,75,I,
1NP0,equibind,scored,0.0,12.0,76,61,I,
1NOJ,diffdock,scored,0.9267772581716909,12.0,110,106,,
1NOJ,equibind,scored,0.8279084080791572,12.0,110,105,,
1NPZ,diffdock,scored,0.9887933066790379,12.0,91,90,D,
1NPZ,equibind,scored,0.09124005841146271,12.0,91,123,D,
1NQ7,diffdock,scored,0.9577138049792849,12.0,121,116,,
1NQ7,equibind,scored,0.8576579624403046,12.0,121,120,,
1NU3,diffdock,scored,0.04658567634743219,12.0,93,92,E,
1NU3,equibind,scored,0.8763468460136499,12.0,94,89,D,
1NVQ,diffdock,scored,0.9427493778331583,12.0,89,86,,
1NVQ,equibind,scored,0.9414151539178569,12.0,89,84,,
1NVR,diffdock,scored,0.9305918322045202,12.0,87,85,,
1NVR,equibind,scored,0.9639223248371298,12.0,87,84,,
1NVS,diffdock,scored,0.8902663792525922,12.0,85,80,,
1NVS,equibind,scored,0.8117465897350805,12.0,85,85,,
1NXY,diffdock,scored,0.8474703777221694,12.0,93,85,C,
1NXY,equibind,scored,0.3949134635004924,12.0,93,63,C,
1NY0,diffdock,scored,0.9526084493630881,12.0,82,86,,
1NY0,equibind,scored,0.8756601249369876,12.0,82,78,D,
1NYM,diffdock,scored,0.9640894206812776,12.0,82,85,,
1NYM,equibind,scored,0.8999949071889093,12.0,82,78,,
1NYX,diffdock,scored,0.9570665873324677,12.0,118,115,,
1NYX,equibind,scored,0.24233712634535903,12.0,118,79,C,
1NYY,diffdock,scored,0.9632757653363039,12.0,82,81,,
1NYY,equibind,scored,0.8884107075857424,12.0,82,81,,
1NZ7,diffdock,scored,0.9597575757368477,12.0,102,100,,
1NZ7,equibind,scored,0.7829040506489808,12.0,102,95,B,
1O0F,diffdock,scored,0.0,12.0,62,62,D,
1O0F,equibind,scored,0.05918042978966604,12.0,62,82,D,
1NU8,diffdock,scored,0.0,12.0,97,101,D:C,
1NU8,equibind,scored,0.0,12.0,97,103,D:C,
1NW4,diffdock,scored,0.0,12.0,116,112,R,
1NW4,equibind,scored,0.013490174641668054,12.0,114,83,Y,
1O0M,diffdock,scored,0.0,12.0,70,73,D,
1O0M,equibind,scored,0.06419339404874548,12.0,70,89,D,
1O0H,diffdock,scored,0.0,12.0,65,62,C,
1O0H,equibind,scored,0.2107517375841996,12.0,65,91,C,
1O0N,diffdock,scored,0.0,12.0,71,70,C,
1O0N,equibind,scored,0.04902448610339774,12.0,71,79,D,
1NOI,equibind,scored,0.0,12.0,102,66,P,
1O41,diffdock,scored,0.9576281798671381,12.0,47,47,,
1O41,equibind,scored,0.7719383910186703,12.0,47,39,,
1NTK,diffdock,scored,0.9409984686881852,12.0,102,104,,
1NTK,equibind,scored,0.0,12.0,102,109,N,
1O47,diffdock,scored,0.955017615112029,12.0,69,66,,
1O47,equibind,scored,0.8404995790248861,12.0,69,66,,
1O49,diffdock,scored,0.9108697271559099,12.0,68,66,,
1O49,equibind,scored,0.8338842528141867,12.0,68,63,B,
1O42,diffdock,scored,0.9848365059363472,12.0,68,67,,
1O42,equibind,scored,0.7289504197690907,12.0,68,64,B,
1O4D,diffdock,scored,0.9350388311079634,12.0,47,44,,
1O4D,equibind,scored,0.7194638230374856,12.0,47,42,,
1O4B,diffdock,scored,0.98446825628243,12.0,67,66,,
1O4B,equibind,scored,0.8878712901179646,12.0,67,60,B,
1O4F,diffdock,scored,0.8703693681344272,12.0,40,35,,
1O4F,equibind,scored,0.8344597610893855,12.0,40,34,,
1O4E,diffdock,scored,0.9376125430756319,12.0,49,48,,
1O4E,equibind,scored,0.585199515441004,12.0,49,31,,
1O1S,diffdock,scored,0.9471503083929976,12.0,150,154,,
1O1S,equibind,scored,0.6423729041068889,12.0,150,139,,
1O4G,diffdock,scored,0.9033342832988349,12.0,39,43,,
1O4G,equibind,scored,0.920028508906057,12.0,39,38,,
1O4L,diffdock,scored,1.0,12.0,39,39,,
1O4L,equibind,scored,0.9212991001501485,12.0,39,38,,
1O4M,diffdock,scored,1.0,12.0,39,39,,
1O4M,equibind,scored,0.8908772881094768,12.0,39,35,,
1O4N,diffdock,scored,0.9727855349644949,12.0,36,37,,
1O4N,equibind,scored,0.9142421356253105,12.0,36,35,,
1O4O,diffdock,scored,0.9680409414978273,12.0,32,31,B,
1O4O,equibind,scored,0.6866538341160494,12.0,43,40,C,
1O4P,diffdock,scored,0.9300130630586911,12.0,44,41,,
1O4P,equibind,scored,0.8543147643203938,12.0,44,40,,
1O4Q,diffdock,scored,1.0,12.0,43,43,,
1O4Q,equibind,scored,0.8791304348903368,12.0,43,40,,
1O8B,diffdock,scored,0.0,12.0,67,90,C,
1O8B,equibind,scored,0.7496868345286192,12.0,86,91,D,
1O9E,diffdock,scored,0.9118524342860236,12.0,92,90,,
1O9E,equibind,scored,0.7537742831180949,12.0,92,100,C,
1O7O,diffdock,scored,0.9793531362815568,12.0,99,97,H,
1O7O,equibind,scored,0.13875050400666414,12.0,99,92,H,
1OBX,diffdock,scored,0.6845209961978634,12.0,60,45,B:B,
1OBX,equibind,scored,0.4874561723895322,12.0,60,35,B:B,
1O5M,diffdock,scored,0.9268517104421314,12.0,125,122,,
1O5M,equibind,scored,0.624723853688773,12.0,125,136,,
1OAY,diffdock,scored,0.0,12.0,87,91,H,
1OAY,equibind,scored,0.0,12.0,87,4,H,
1OBA,diffdock,scored,0.0,12.0,41,54,B,
1OBA,equibind,scored,0.0,12.0,41,69,B,
1OCQ,diffdock,scored,0.9625776006157005,12.0,81,80,A:IFM:500+A:BGC:501,
1OCQ,equibind,scored,0.8656750926718996,12.0,81,82,A:IFM:500+A:BGC:501,
1OCN,diffdock,scored,0.9200905872391486,12.0,100,98,A:IFM:454+A:BGC:455,
1OCN,equibind,scored,0.7916821872946431,12.0,105,110,A:IFM:452+A:BGC:453,
1OD8,diffdock,scored,0.9636622411369549,12.0,82,83,A:XDL:1310+A:XYP:1311,
1OD8,equibind,scored,0.9477316246574969,12.0,82,78,A:XDL:1310+A:XYP:1311,
1ODY,diffdock,scored,0.961139438725978,12.0,106,106,,
1ODY,equibind,scored,0.7216810544324975,12.0,106,115,,
1OEB,diffdock,scored,0.2650789819047879,12.0,48,50,C:C,
1OEB,equibind,scored,0.24168123771913685,12.0,48,94,C:C,
1O6H,diffdock,scored,0.0,12.0,158,155,I,
1O6H,equibind,scored,0.0,12.0,158,50,I,
1O79,diffdock,scored,0.909898122889924,12.0,155,153,G,
1O79,equibind,scored,0.0,12.0,156,67,E,
1OE7,diffdock,scored,0.08015109777779769,12.0,88,89,C,
1OE7,equibind,scored,0.073631349121089,12.0,88,83,D,
1OE8,diffdock,scored,0.9562892127269567,12.0,91,91,C,
1OE8,equibind,scored,0.807017059530621,12.0,91,82,C,
1O5P,equibind,scored,0.8438039395340967,12.0,75,72,B,
1OE0,diffdock,scored,0.9673861797961016,12.0,125,121,G,
1OE0,equibind,scored,0.05685813183928806,12.0,125,98,G,
1ODJ,diffdock,scored,0.0,12.0,117,115,N,
1ODJ,equibind,scored,0.0,12.0,119,128,J,
1OGX,diffdock,scored,1.0,12.0,89,89,C,
1OGX,equibind,scored,0.8315363591716627,12.0,90,85,D,
1OGZ,diffdock,scored,0.9504737987904683,12.0,84,80,,
1OGZ,equibind,scored,0.8000015930222014,12.0,84,80,,
1OGD,diffdock,scored,0.0,12.0,65,62,J,
1OGD,equibind,scored,0.024891127904826612,12.0,64,14,I,
1OFZ,diffdock,scored,1.0,12.0,53,53,G,
1OFZ,equibind,scored,0.1425091033042122,12.0,58,66,I,
1OKL,diffdock,scored,0.9453766089833839,12.0,92,93,,
1OKL,equibind,scored,0.8706355281114725,12.0,92,90,,
1OKZ,diffdock,scored,0.9441931448932577,12.0,89,90,,
1OKZ,equibind,scored,0.8572046970325908,12.0,89,77,,
1OKO,diffdock,scored,0.0,12.0,43,46,F,
1OKO,equibind,scored,0.0,12.0,43,76,S,
1OIF,diffdock,scored,0.0,12.0,85,84,D,
1OIF,equibind,scored,0.04866544659650964,12.0,85,55,C,
1OIM,diffdock,scored,0.0,12.0,90,88,C,
1OIM,equibind,scored,0.026164338156117697,12.0,88,61,D,
1ONG,diffdock,scored,0.8922220539061665,12.0,75,75,,
1ONG,equibind,scored,0.885718902307201,12.0,75,82,,
1ONH,diffdock,scored,0.04220911091345577,12.0,86,43,,
1ONH,equibind,scored,0.8978454792145861,12.0,86,89,,
1OLX,diffdock,scored,0.9107570612983453,12.0,94,86,,
1OLX,equibind,scored,0.4688673711419695,12.0,94,120,E,
1OIU,diffdock,scored,0.0,12.0,80,79,H,
1OIU,equibind,scored,0.0295764325943383,12.0,82,105,E,
1ORK,diffdock,scored,0.9529377630076724,12.0,86,90,,
1ORK,equibind,scored,0.43355052180219444,12.0,86,66,,
1OQ5,diffdock,scored,0.9411086561083015,12.0,101,101,,
1OQ5,equibind,scored,0.8540132846879499,12.0,101,106,,
1ONP,diffdock,scored,0.0,12.0,91,93,F,
1ONP,equibind,scored,0.1186305157865316,12.0,91,106,F,
1OTH,diffdock,scored,0.9663167568235876,12.0,88,89,,
1OTH,equibind,scored,0.5782562119336804,12.0,88,96,,
1OS0,diffdock,scored,0.9608681646347933,12.0,104,104,,
1OS0,equibind,scored,0.8289605048597655,12.0,104,106,,
1OPI,diffdock,scored,0.5081215067027715,12.0,59,45,B:B,
1OPI,equibind,scored,0.8760367918438347,12.0,59,64,B:B,
1OV3,diffdock,scored,0.42164834117496036,12.0,78,73,D:D,
1OV3,equibind,scored,0.006548143739596332,12.0,78,70,D:D,
1OUY,diffdock,scored,0.908965581613243,12.0,97,100,B,
1OUY,equibind,scored,0.5424357318624752,12.0,97,108,,
1OVE,diffdock,scored,0.9026392000412237,12.0,100,102,,
1OVE,equibind,scored,0.9005065335344346,12.0,100,102,,
1OW4,diffdock,scored,0.05736465314188604,12.0,102,98,C,
1OW4,equibind,scored,0.5374543642283987,12.0,101,84,E,
1OW7,diffdock,scored,0.0,12.0,64,61,D:D,
1OW7,equibind,scored,0.0,12.0,64,63,D:D,
1OW6,diffdock,scored,0.0,12.0,39,64,D:D,
1OW6,equibind,scored,0.0,12.0,39,64,D:D,
1OW8,diffdock,scored,0.0,12.0,62,58,D:D,
1OW8,equibind,scored,0.0,12.0,62,96,D:D,
1P01,diffdock,scored,0.9467028952380151,12.0,93,94,,
1P04,diffdock,scored,0.8918151341757469,12.0,87,84,P:B,
1P04,equibind,scored,0.8942995516680554,12.0,87,88,P:B,
1P02,diffdock,scored,0.8655293277817279,12.0,86,79,P:B,
1P02,equibind,scored,0.8922306944346062,12.0,86,87,P:B,
1P03,diffdock,scored,0.8438471385959881,12.0,88,79,P:B,
1P03,equibind,scored,0.9277041736910114,12.0,88,86,P:B,
1OX9,diffdock,scored,0.0,12.0,89,68,K:F,
1OX9,equibind,scored,0.0,12.0,89,81,P:P,
1P05,diffdock,scored,0.845622974656538,12.0,85,84,P:B,
1P05,equibind,scored,0.8243769657853445,12.0,85,77,P:B,
1P10,diffdock,scored,0.8554001621724208,12.0,88,80,P:B,
1P10,equibind,scored,0.8261680024654261,12.0,88,85,P:B,
1P06,diffdock,scored,0.8444586684413179,12.0,86,85,P:B,
1P06,equibind,scored,0.8087007071801398,12.0,86,80,P:B,
1OYN,diffdock,scored,0.0,12.0,98,95,J,
1OYN,equibind,scored,0.0,12.0,98,105,M,
1P1N,diffdock,scored,0.9677707233180756,12.0,97,94,,
1P1N,equibind,scored,0.6412790767014621,12.0,97,95,,
1P1O,diffdock,scored,0.9899834038861396,12.0,101,100,,
1P1O,equibind,scored,0.8898875783508651,12.0,101,100,,
1OZV,diffdock,scored,0.0,12.0,72,68,E,
1OZV,equibind,scored,0.0,12.0,72,75,E,
1P17,diffdock,scored,0.0,12.0,94,98,H,
1P17,equibind,scored,0.25944622944481643,12.0,96,117,E,
1P19,diffdock,scored,0.9659111749242075,12.0,90,87,H,
1P19,equibind,scored,0.5000393463391428,12.0,93,95,E,
1P28,diffdock,scored,0.9393756133892552,12.0,83,80,C,
1P28,equibind,scored,0.05477881942599976,12.0,87,64,E,
1P6D,diffdock,scored,0.9651314341718005,12.0,88,85,,
1P6D,equibind,scored,0.8419885423114156,12.0,88,90,E,
1P0Y,diffdock,scored,0.8888906920611414,12.0,81,76,H,
1P0Y,equibind,scored,0.0,12.0,82,84,I,
1P6E,diffdock,scored,0.8893478570119854,12.0,91,85,,
1P6E,equibind,scored,0.7912352393142253,12.0,91,83,,
1P1Q,diffdock,scored,0.9801904129674838,12.0,100,102,H,
1P1Q,equibind,scored,0.039448903581146944,12.0,103,76,K,
1PAU,diffdock,scored,0.808551299533021,12.0,87,85,C:C,
1PAU,equibind,scored,0.7397112932514606,12.0,87,69,C:C,
1PB8,diffdock,scored,0.9884254901109382,12.0,86,87,,
1PB8,equibind,scored,0.6295931278441536,12.0,86,88,,
1P2G,diffdock,scored,0.0,12.0,61,65,B:B,
1P2G,equibind,scored,0.07905549348122695,12.0,61,166,B:B,
1PBK,diffdock,scored,0.928752651032265,12.0,73,72,B,
1PBK,equibind,scored,0.8680593749036328,12.0,73,79,B,
1ORW,diffdock,scored,0.0,12.0,99,102,C:PHI:805+C:P2Y:806,
1ORW,equibind,scored,0.0,12.0,99,4,A:PHI:801+A:P2Y:802,
1PCG,diffdock,scored,0.0,12.0,55,74,F:D,
1PCG,equibind,scored,0.021250000053373498,12.0,52,148,E:C,
1PDZ,diffdock,scored,0.9665430756899257,12.0,89,90,,
1PDZ,equibind,scored,0.8980090198982789,12.0,89,88,,
1PBQ,diffdock,scored,0.9680397282972938,12.0,94,93,C,
1PBQ,equibind,scored,0.11469252952933766,12.0,96,59,D,
1P93,diffdock,scored,0.9531513922892935,12.0,111,106,I,
1P93,equibind,scored,0.0,12.0,111,94,L,
1PF7,diffdock,scored,0.9360167290070296,12.0,94,94,,
1PF7,equibind,scored,0.756315450493149,12.0,94,87,,
1PHW,diffdock,scored,0.9611324095384789,12.0,77,80,,
1PHW,equibind,scored,0.6059740054140398,12.0,77,81,,
1PGP,diffdock,scored,0.9642168939977495,12.0,85,86,,
1PGP,equibind,scored,0.538339102520632,12.0,85,97,B,
1PG2,diffdock,scored,0.9056706333619026,12.0,85,85,,
1PG2,equibind,scored,0.7872031432745533,12.0,85,83,,
1PME,diffdock,scored,0.9370115165554865,12.0,95,95,,
1PME,equibind,scored,0.7217285286134648,12.0,95,96,,
1PMN,diffdock,scored,0.9397883301771507,12.0,100,98,,
1PMN,equibind,scored,0.6937682004296128,12.0,100,93,,
1POP,diffdock,scored,0.7563515375426232,12.0,72,58,B:B,
1POP,equibind,scored,0.4202906590861166,12.0,72,67,B:B,
1PMV,diffdock,scored,1.0,12.0,70,70,,
1PMV,equibind,scored,0.8889655256221969,12.0,70,74,,
1PMU,diffdock,scored,1.0,12.0,79,79,,
1PMU,equibind,scored,0.800078703453517,12.0,79,86,,
1PI5,diffdock,scored,0.9762979042243132,12.0,84,86,E,
1PI5,equibind,scored,0.004626338078409383,12.0,84,109,E,
1POT,diffdock,scored,0.945570055158353,12.0,92,91,,
1POT,equibind,scored,0.7713705166240783,12.0,92,94,,
1PPK,diffdock,scored,0.8979160734012542,12.0,128,123,,
1PPK,equibind,scored,0.8424918289192224,12.0,128,113,B,
1PPL,diffdock,scored,0.9298185644561886,12.0,126,131,B,
1PPL,equibind,scored,0.803451608400673,12.0,126,107,B,
1PPW,diffdock,scored,0.9476399841388939,12.0,96,97,H,
1PPW,equibind,scored,0.2180661666022218,12.0,96,90,H,
1PRM,diffdock,scored,0.6436024990147782,12.0,37,41,A:B,
1PRM,equibind,scored,0.5951198876488606,12.0,37,53,A:B,
1PR1,diffdock,scored,0.0,12.0,81,86,G,
1PR1,equibind,scored,0.7536144371902843,12.0,89,103,I,
1PR5,diffdock,scored,0.0,12.0,82,79,G,
1PR5,equibind,scored,0.2697826323352417,12.0,89,47,I,
1PRL,diffdock,scored,0.7519793319217717,12.0,35,31,A:B,
1PRL,equibind,scored,0.6448850155371436,12.0,35,48,A:B,
1PK0,diffdock,scored,0.0,12.0,118,118,L,
1PK0,equibind,scored,0.03367811915090317,12.0,118,63,L,
1PUM,diffdock,scored,0.9745894265670518,12.0,40,41,R,
1PUM,equibind,scored,0.0,12.0,40,67,R,
1PKX,diffdock,scored,0.9196098904937839,12.0,111,110,F,
1PKX,equibind,scored,0.0,12.0,111,16,F,
1PS3,diffdock,scored,0.9134985952481585,12.0,92,92,,
1PS3,equibind,scored,0.6085914434702301,12.0,92,89,,
1PW6,diffdock,scored,0.3106748521443763,12.0,83,79,E,
1PW6,equibind,scored,0.5277977568769326,12.0,83,73,E,
1PPX,diffdock,scored,0.799825700898248,12.0,58,60,C,
1PPX,equibind,scored,0.6897476621613586,12.0,58,64,C,
1PWY,diffdock,scored,0.9542045275264079,12.0,86,88,,
1PWY,equibind,scored,0.8530094707094663,12.0,86,95,,
1PUN,diffdock,scored,0.935742010880609,12.0,48,47,C,
1PUN,equibind,scored,0.7875482237738928,12.0,48,53,C,
1PVN,diffdock,scored,0.0,12.0,128,129,R,
1PVN,equibind,scored,0.05405390143976368,12.0,128,70,R,
1PXH,diffdock,scored,0.9208969512889035,12.0,91,88,,
1PXH,equibind,scored,0.6537850895554045,12.0,91,73,D,
1PWP,diffdock,scored,0.0,12.0,98,99,D,
1PWP,equibind,scored,0.33540182590988765,12.0,93,63,F,
1PUS,diffdock,scored,0.8827576593027334,12.0,72,64,C,
1PUS,equibind,scored,0.671290893042274,12.0,72,66,C,
1PUQ,diffdock,scored,0.8537136020176658,12.0,60,65,C,
1PUQ,equibind,scored,0.6283353243722412,12.0,60,74,C,
1PWQ,diffdock,scored,0.8787670886362237,12.0,98,98,D,
1PWQ,equibind,scored,0.06330770871411598,12.0,97,36,F,
1PXI,diffdock,scored,0.9485440714460928,12.0,78,76,,
1PXI,equibind,scored,0.8211487766400619,12.0,78,78,,
1PXJ,diffdock,scored,1.0,12.0,76,76,,
1PXJ,equibind,scored,0.9066954899543163,12.0,76,77,,
1PXK,diffdock,scored,0.9378360925633297,12.0,78,81,,
1PXK,equibind,scored,0.8887979487956964,12.0,78,81,,
1PZ5,diffdock,scored,0.7849252162346863,12.0,80,85,C:C,
1PZ5,equibind,scored,0.9460914707384036,12.0,80,80,C:C,
1Q0B,diffdock,scored,0.9195064561634234,12.0,73,73,E,
1Q0B,equibind,scored,0.0,12.0,73,71,E,
1Q4W,diffdock,scored,0.978386524376918,12.0,92,94,,
1Q4W,equibind,scored,0.8665759111127886,12.0,92,88,,
1Q54,diffdock,scored,1.0,12.0,97,97,E,
1Q54,equibind,scored,0.1787146363114785,12.0,97,84,E,
1Q3D,diffdock,scored,0.0,12.0,86,84,C,
1Q3D,equibind,scored,0.0,12.0,87,76,D,
1Q4L,diffdock,scored,0.9232695422370543,12.0,80,78,C,
1Q4L,equibind,scored,0.032892378215571394,12.0,80,88,C,
1Q41,diffdock,scored,0.0,12.0,77,75,C,
1Q41,equibind,scored,0.013082019177119961,12.0,75,68,D,
1Q6K,diffdock,scored,0.9859345547545239,12.0,73,72,C,
1Q6K,equibind,scored,0.8045588413122995,12.0,73,67,C,
1Q65,diffdock,scored,0.9344669970572951,12.0,106,109,,
1Q65,equibind,scored,0.8974439899840195,12.0,106,111,,
1Q63,diffdock,scored,0.9004893808047626,12.0,110,109,,
1Q63,equibind,scored,0.7869171505412509,12.0,110,97,,
1Q6M,diffdock,scored,0.9466286530360682,12.0,94,93,,
1Q6M,equibind,scored,0.8267186862907036,12.0,94,92,B,
1Q1G,diffdock,scored,0.0,12.0,121,119,X,
1Q1G,equibind,scored,0.02841077228327197,12.0,119,93,Q,
1Q72,diffdock,scored,0.9709875818884519,12.0,71,69,,
1Q72,equibind,scored,0.8689498438818778,12.0,71,72,,
1Q7A,diffdock,scored,0.7605232133939825,12.0,73,80,,
1Q7A,equibind,scored,0.8132506125143022,12.0,73,77,,
1Q91,diffdock,scored,0.9637700608995383,12.0,85,84,,
1Q91,equibind,scored,0.865134474219519,12.0,85,80,,
1Q8T,diffdock,scored,0.9464437731185682,12.0,95,94,,
1Q8T,equibind,scored,0.8366331626576746,12.0,95,97,,
1Q8W,diffdock,scored,0.977306448920027,12.0,89,89,,
1Q8W,equibind,scored,0.9099956075922041,12.0,89,89,,
1Q8U,diffdock,scored,0.9653226506699888,12.0,86,89,C,
1Q8U,equibind,scored,0.8966603376972245,12.0,86,89,C,
1Q5L,diffdock,scored,0.28418074938151194,12.0,70,55,B:B,
1Q5L,equibind,scored,0.28329278506149536,12.0,70,59,B:B,
1QCA,diffdock,scored,0.9733899313477722,12.0,75,77,,
1QCA,equibind,scored,0.2438649219645146,12.0,75,91,,
1QF0,diffdock,scored,0.9214355233054129,12.0,104,98,,
1QF0,equibind,scored,0.8292765924606241,12.0,104,108,G,
1QF1,diffdock,scored,0.9214925067507984,12.0,101,101,,
1QF1,equibind,scored,0.8198808826206798,12.0,101,90,G,
1PX4,equibind,scored,0.0,12.0,102,102,GD,
1QAW,diffdock,scored,0.0,12.0,68,47,U,
1QAW,equibind,scored,0.11358730254727195,12.0,69,40,P,
1QBQ,diffdock,scored,0.952093339827213,12.0,127,123,,
1QBQ,equibind,scored,0.7547775753521455,12.0,127,127,,
1QF5,diffdock,scored,0.9125242273585031,12.0,111,115,E,
1QF5,equibind,scored,0.604526011077764,12.0,111,114,E,
1QI0,diffdock,scored,0.8448319720337305,12.0,73,64,B:B,
1QI0,equibind,scored,0.7383856253651259,12.0,73,86,B:B,
1Q9M,diffdock,scored,0.0,12.0,94,97,P,
1Q9M,equibind,scored,0.00432619361043424,12.0,96,106,M,
1QFS,diffdock,scored,0.9562505821903845,12.0,115,112,,
1QFS,equibind,scored,0.7614431704588339,12.0,115,100,B,
1QFT,diffdock,scored,0.9873989245485085,12.0,80,79,D,
1QFT,equibind,scored,0.22114766998311672,12.0,87,65,E,
1QIW,diffdock,scored,0.97046258525619,12.0,104,101,M,
1QIW,equibind,scored,0.2128548500398703,12.0,104,102,M,
1QIN,diffdock,scored,0.990255431143877,12.0,105,104,F,
1QIN,equibind,scored,0.6409040585598714,12.0,105,92,F,
1QKN,diffdock,scored,0.941197411289185,12.0,102,100,,
1QKN,equibind,scored,0.9173230090609499,12.0,102,100,,
1QKT,diffdock,scored,0.9440213518625717,12.0,91,88,,
1QKT,equibind,scored,0.705137804277467,12.0,91,89,,
1QKA,diffdock,scored,0.8681801011749111,12.0,155,162,B:B,
1QKA,equibind,scored,0.6374213164209763,12.0,155,128,B:B,
1QKB,diffdock,scored,0.9171350748502267,12.0,147,143,B:B,
1QKB,equibind,scored,0.7569550549504516,12.0,147,127,B:B,
1QK3,diffdock,scored,0.0,12.0,85,80,H,
1QK3,equibind,scored,0.0,12.0,81,96,G,
1QL7,diffdock,scored,0.9700002527998223,12.0,99,102,,
1QL7,equibind,scored,0.8529587778446657,12.0,99,97,,
1QL9,diffdock,scored,0.9580303936750676,12.0,97,95,,
1QL9,equibind,scored,0.8742286021348353,12.0,97,97,,
1QK4,diffdock,scored,0.0,12.0,93,90,H,
1QK4,equibind,scored,0.21377976212859812,12.0,94,110,E,
1QKU,diffdock,scored,0.9624951152201234,12.0,109,107,E,
1QKU,equibind,scored,0.4630747996347554,12.0,110,81,F,
1Q95,diffdock,scored,0.0,12.0,111,111,M,
1Q95,equibind,scored,0.0,12.0,111,32,Q,
1QPF,diffdock,scored,0.0,12.0,71,69,C,
1QPF,equibind,scored,0.28750678969014654,12.0,71,122,C,
1QPE,diffdock,scored,0.9445442501863682,12.0,90,89,E,
1QPE,equibind,scored,0.9082222721005799,12.0,90,84,E,
1QON,diffdock,scored,0.8979033135325961,12.0,109,102,,
1QON,equibind,scored,0.8079451886301031,12.0,109,115,,
1QPL,diffdock,scored,0.9139925372622816,12.0,72,72,D,
1QPL,equibind,scored,0.14012197288897688,12.0,72,116,D,
1QM4,diffdock,scored,0.0,12.0,69,68,,
1QM4,equibind,scored,0.7272947583957448,12.0,69,83,,
1QQ9,diffdock,scored,0.5853848730305806,12.0,84,57,,
1QQ9,equibind,scored,0.7694395620899637,12.0,84,66,,
1QR3,diffdock,scored,0.5484054657596725,12.0,103,83,I:B,
1QR3,equibind,scored,0.2984848561311522,12.0,103,107,I:B,
1QWE,diffdock,scored,0.8911454850010994,12.0,39,39,B:B,
1QWE,equibind,scored,0.7084497374806504,12.0,39,43,B:B,
1QWF,diffdock,scored,0.5637481834346196,12.0,44,28,B:B,
1QWF,equibind,scored,0.6787853542705464,12.0,44,54,B:B,
1QPB,diffdock,scored,0.0,12.0,75,79,H,
1QPB,equibind,scored,0.8703409397966486,12.0,75,77,H,
1QS4,diffdock,scored,0.017190066861500198,12.0,52,60,,
1QS4,equibind,scored,0.011526397995421132,12.0,52,106,,
1QTI,diffdock,scored,0.9110638711717,12.0,112,110,,
1QTI,equibind,scored,0.8718733089436371,12.0,112,117,,
1QVT,diffdock,scored,0.9210495959969266,12.0,73,77,,
1QVT,equibind,scored,0.14754845184068233,12.0,73,58,,
1QVU,diffdock,scored,0.9507042319710566,12.0,80,82,,
1QVU,equibind,scored,0.22652688863352166,12.0,80,66,,
1QXL,diffdock,scored,0.9659636433074712,12.0,119,117,,
1QXL,equibind,scored,0.7932144963289961,12.0,119,104,C,
1QW7,diffdock,scored,0.9797223198170498,12.0,49,50,F,
1QW7,equibind,scored,0.0,12.0,49,116,F,
1QXW,diffdock,scored,0.9490116839360138,12.0,98,97,,
1QXW,equibind,scored,0.8818567101018195,12.0,98,89,F,
1QXY,diffdock,scored,0.9281461862381902,12.0,100,95,,
1QXY,equibind,scored,0.8832432889888462,12.0,100,91,,
1QY1,diffdock,scored,0.9783227776458371,12.0,92,92,,
1QY1,equibind,scored,0.8378403172179699,12.0,92,91,,
1QY2,diffdock,scored,0.9775747086376808,12.0,90,88,,
1QY2,equibind,scored,0.749805613137313,12.0,90,91,,
1QXZ,diffdock,scored,0.9568452378971765,12.0,95,91,,
1QXZ,equibind,scored,0.9043387238899135,12.0,95,94,,
1QYG,diffdock,scored,0.9419371313462183,12.0,71,67,,
1QYG,equibind,scored,0.8564593698239908,12.0,71,71,,
1QWU,diffdock,scored,0.9432007772269089,12.0,90,85,,
1QWU,equibind,scored,0.6086164213264461,12.0,90,78,,
1QX1,diffdock,scored,0.9317578375702102,12.0,87,87,,
1QX1,equibind,scored,0.621389655768695,12.0,87,78,,
1R2B,diffdock,scored,0.10308045773064199,12.0,96,72,C:C,
1R2B,equibind,scored,0.5617977071206568,12.0,96,99,C:C,
1R58,diffdock,scored,0.8894935865157664,12.0,108,108,,
1R58,equibind,scored,0.7298014295512777,12.0,108,108,D,
1R1H,diffdock,scored,0.8881228694577015,12.0,124,124,,
1R1H,equibind,scored,0.6917606612019148,12.0,124,106,F,
1R1J,diffdock,scored,0.9637127137483363,12.0,110,112,,
1R1J,equibind,scored,0.8286309586982953,12.0,110,109,,
1R5G,diffdock,scored,0.962301763169449,12.0,107,107,D,
1R5G,equibind,scored,0.7984889289247229,12.0,107,106,D,
1R4W,diffdock,scored,0.9825297806208674,12.0,117,115,H,
1R4W,equibind,scored,0.0,12.0,116,96,G,
1R5N,diffdock,scored,0.9175605243415939,12.0,70,74,,
1R5N,equibind,scored,0.8213445906138187,12.0,70,75,,
1R6G,diffdock,scored,0.9745030263606353,12.0,120,119,B,
1R6G,equibind,scored,0.8818101027533977,12.0,120,126,,
1R5Y,diffdock,scored,0.9682184255584138,12.0,94,95,,
1R5Y,equibind,scored,0.8366394286452635,12.0,94,91,,
1R5V,diffdock,scored,0.19390378401931824,12.0,136,48,F:E,
1R5V,equibind,scored,0.1281820375506018,12.0,137,113,E:B,
1R5W,diffdock,scored,0.6768207431272352,12.0,181,173,F:F,
1R5W,equibind,scored,0.4328650544792417,12.0,180,155,E:E,
1R78,diffdock,scored,0.9750826883770649,12.0,83,81,,
1R78,equibind,scored,0.9398159860315108,12.0,83,86,,
1RBP,diffdock,scored,0.9698291512875687,12.0,100,101,,
1RBP,equibind,scored,0.8865649239324331,12.0,100,105,,
1R9L,diffdock,scored,0.9882871636223824,12.0,86,85,,
1R9L,equibind,scored,0.9175276763570267,12.0,86,87,,
1RDI,diffdock,scored,0.950104957025901,12.0,41,39,G,
1RDI,equibind,scored,0.0,12.0,38,60,C,
1RDJ,diffdock,scored,0.0,12.0,40,52,C,
1RDJ,equibind,scored,0.027449765351647625,12.0,40,57,C,
1RDL,diffdock,scored,0.9485449754688412,12.0,40,38,,
1RDL,equibind,scored,0.027210870479835097,12.0,40,61,,
1RDN,diffdock,scored,0.0,12.0,42,51,G,
1RDN,equibind,scored,0.023665660911385836,12.0,42,63,G,
1RE1,diffdock,scored,1.0,12.0,87,87,,
1RE1,equibind,scored,0.8658946402840172,12.0,87,78,,
1RGK,diffdock,scored,0.9814283400999392,12.0,55,54,,
1RGK,equibind,scored,0.8690965715166744,12.0,55,52,,
1RGL,diffdock,scored,0.9630797808429004,12.0,54,56,,
1RGL,equibind,scored,0.9419122058893555,12.0,54,53,,
1RDT,diffdock,scored,0.9719694139349042,12.0,108,107,,
1RDT,equibind,scored,0.019347456553669557,12.0,108,104,,
1REK,diffdock,scored,0.8829693097837349,12.0,121,119,,
1REK,equibind,scored,0.7821435382826133,12.0,121,117,,
1R6Z,diffdock,scored,0.0,12.0,101,103,D:F,
1R6Z,equibind,scored,0.012690675774245994,12.0,101,53,C:E,
1RHK,diffdock,scored,0.7332019244136636,12.0,90,79,C:C,
1RHK,equibind,scored,0.7066493835234317,12.0,90,69,C:C,
1RHJ,diffdock,scored,0.956337491375658,12.0,92,94,E,
1RHJ,equibind,scored,0.13850279490253553,12.0,93,122,F,
1RHR,diffdock,scored,0.9686735122313437,12.0,98,99,,
1RHR,equibind,scored,0.746067636909526,12.0,98,76,C,
1RHU,diffdock,scored,0.9233732836199965,12.0,94,89,,
1RHU,equibind,scored,0.7759243912120617,12.0,94,86,C,
1RHM,diffdock,scored,0.0,12.0,87,86,F,
1RHM,equibind,scored,0.11759235830845544,12.0,86,88,E,
1RJK,diffdock,scored,0.9618168371346897,12.0,134,131,,
1RJK,equibind,scored,0.8655648517010057,12.0,134,121,,
1RM8,diffdock,scored,0.8844418311558966,12.0,75,80,,
1RM8,equibind,scored,0.8799779043124139,12.0,75,76,F,
1RIN,diffdock,scored,1.0,12.0,56,56,E,
1RIN,equibind,scored,0.0,12.0,57,54,H,
1RNM,diffdock,scored,0.9114334405110722,12.0,64,68,,
1RNM,equibind,scored,0.6391394488464707,12.0,64,62,,
1RMZ,diffdock,scored,0.9870726236723252,12.0,78,79,,
1RMZ,equibind,scored,0.9479025116895766,12.0,78,78,,
1RNT,diffdock,scored,1.0,12.0,55,55,,
1RNT,equibind,scored,0.8846295548305104,12.0,55,49,,
1RNE,diffdock,scored,0.9324929110108201,12.0,135,130,,
1RNE,equibind,scored,0.8382985937859112,12.0,135,130,C,
1RLP,diffdock,scored,0.2181987011958108,12.0,39,11,R:B,
1RLP,equibind,scored,0.8253830634421384,12.0,39,37,R:B,
1RPF,diffdock,scored,0.8421430136346986,12.0,67,68,,
1RPF,equibind,scored,0.7209835525529581,12.0,67,66,,
1RPJ,diffdock,scored,0.9500957378459146,12.0,102,99,,
1RPJ,equibind,scored,0.8924234166277188,12.0,102,105,,
1RBO,diffdock,scored,0.0,12.0,95,93,J,
1RBO,equibind,scored,0.0,12.0,95,83,I,
1RR6,diffdock,scored,0.9219194935682425,12.0,90,89,,
1RR6,equibind,scored,0.7649093667392305,12.0,90,85,,
1RRI,diffdock,scored,0.9532504328824353,12.0,46,44,,
1RRI,equibind,scored,0.3680412488698458,12.0,46,73,,
1RO6,diffdock,scored,0.8083754150501857,12.0,110,99,F,
1RO6,equibind,scored,0.09050307372514194,12.0,112,92,I,
1RRW,diffdock,scored,0.9129185860419231,12.0,47,47,,
1RRW,equibind,scored,0.36837140347490915,12.0,47,74,,
1RRY,diffdock,scored,0.0,12.0,46,37,,
1RRY,equibind,scored,0.23281025955847295,12.0,46,73,,
1RQ2,diffdock,scored,1.0,12.0,78,78,,
1RQ2,equibind,scored,0.06599367895379066,12.0,78,97,,
1RS4,diffdock,scored,0.026804122483241377,12.0,47,52,,
1RS4,equibind,scored,0.34327061066621933,12.0,47,87,,
1RSI,diffdock,scored,0.0,12.0,48,37,,
1RSI,equibind,scored,0.13251459085667228,12.0,48,67,,
1RO7,diffdock,scored,0.8444850049962457,12.0,106,92,G,
1RO7,equibind,scored,0.011174755300992758,12.0,128,87,F,
1RT9,diffdock,scored,0.9774756979464897,12.0,90,90,,
1RT9,equibind,scored,0.7150657966343128,12.0,90,84,,
1RV1,diffdock,scored,0.8950786478960647,12.0,94,98,D,
1RV1,equibind,scored,0.41834112881737606,12.0,97,86,H,
1RW8,diffdock,scored,0.9787873267713904,12.0,95,95,,
1RW8,equibind,scored,0.8898068355385601,12.0,95,91,,
1RTL,diffdock,scored,0.9594368371277388,12.0,76,77,F,
1RTL,equibind,scored,0.16172999458452614,12.0,76,103,F,
1RZX,diffdock,scored,0.25850786103876605,12.0,68,39,B:B,
1RZX,equibind,scored,0.6012509657467935,12.0,68,51,B:B,
1RWX,diffdock,scored,0.9418143133977253,12.0,90,87,,
1RWX,equibind,scored,0.7081009876344933,12.0,90,74,,
1RYF,diffdock,scored,0.010722899582898746,12.0,79,83,F,
1RYF,equibind,scored,0.13813778802635016,12.0,79,68,F,
1RYH,diffdock,scored,0.010314997221046765,12.0,78,82,F,
1RYH,equibind,scored,0.14105068024635622,12.0,78,75,F,
1S19,diffdock,scored,0.9449749013937024,12.0,130,123,,
1S19,equibind,scored,0.9050933344387003,12.0,130,130,,
1S17,diffdock,scored,0.9644217348299114,12.0,84,85,G,
1S17,equibind,scored,0.1305202500513771,12.0,85,61,D,
1S50,diffdock,scored,0.7054918713136138,12.0,100,94,,
1S50,equibind,scored,0.7042202953870049,12.0,100,90,,
1S39,diffdock,scored,0.9249407479718412,12.0,89,94,,
1S39,equibind,scored,0.8552500750489814,12.0,89,88,,
1RTI,diffdock,scored,0.9870256365805508,12.0,79,78,,
1RTI,equibind,scored,0.8763303466863743,12.0,79,85,,
1S3K,diffdock,scored,0.9058702938744648,12.0,74,77,A:C,
1S3K,equibind,scored,0.7937376341394716,12.0,74,73,A:C,
1SDU,diffdock,scored,1.0,12.0,103,103,,
1SDU,equibind,scored,0.7983227926218899,12.0,103,119,,
1SB1,diffdock,scored,0.02122829410867805,12.0,98,71,,
1SB1,equibind,scored,0.8820113235299017,12.0,98,95,,
1S9T,diffdock,scored,0.9441041195745244,12.0,105,107,F,
1S9T,equibind,scored,0.17049083575949583,12.0,105,79,F,
1S5Z,diffdock,scored,0.9126366155509132,12.0,78,81,,
1S5Z,equibind,scored,0.004480708166796483,12.0,78,116,,
1S9V,diffdock,scored,0.5946770418737023,12.0,132,95,C:C,
1S9V,equibind,scored,0.008433223836754865,12.0,132,78,C:C,
1S63,diffdock,scored,0.9284588905219462,12.0,111,111,F,
1S63,equibind,scored,0.7192273580627979,12.0,111,121,F,
1S89,diffdock,scored,0.0,12.0,83,81,H,
1S89,equibind,scored,0.20537628456465976,12.0,82,84,J,
1SDV,diffdock,scored,0.9902782469391308,12.0,105,106,,
1SDV,equibind,scored,0.9235719060092489,12.0,105,111,,
1SGU,diffdock,scored,0.9324075521709101,12.0,106,103,,
1SGU,equibind,scored,0.9058982354841812,12.0,106,112,,
1SIV,diffdock,scored,0.980510806598099,12.0,105,103,,
1SIV,equibind,scored,0.9085247192789527,12.0,105,108,,
1SH9,diffdock,scored,0.9617256355580525,12.0,107,105,,
1SH9,equibind,scored,0.8502610030698395,12.0,107,102,C,
1SJ0,diffdock,scored,0.9521499775655135,12.0,105,106,,
1SJ0,equibind,scored,0.8780201752544995,12.0,105,103,,
1SLD,diffdock,scored,0.6753474516696915,12.0,62,52,P:B,
1SLD,equibind,scored,0.8541018598014959,12.0,62,69,P:B,
1SL3,diffdock,scored,0.8779470149884864,12.0,104,103,,
1SL3,equibind,scored,0.77587200853551,12.0,104,97,C,
1SLN,diffdock,scored,0.9517491795154508,12.0,84,82,G,
1SLN,equibind,scored,0.8903345662679143,12.0,84,85,G,
1SLE,diffdock,scored,0.02802005634650379,12.0,67,46,P:D,
1SLE,equibind,scored,0.7326786833633728,12.0,67,78,P:D,
1SJH,diffdock,scored,0.5751231914275834,12.0,143,141,C:C,
1SJH,equibind,scored,0.5936638275794718,12.0,143,101,C:C,
1SLG,diffdock,scored,0.012400621294748669,12.0,78,72,P:D,
1SLG,equibind,scored,0.02437412223712441,12.0,78,89,P:D,
1SM3,diffdock,scored,0.04769220826186281,12.0,76,128,P:C,
1SM3,equibind,scored,0.403878621176106,12.0,76,74,P:C,
1SNK,diffdock,scored,0.9481623812388553,12.0,77,77,,
1SNK,equibind,scored,0.7748242197469012,12.0,77,79,E,
1SME,diffdock,scored,0.0,12.0,121,114,D:D,
1SME,equibind,scored,0.0,12.0,120,59,C:C,
1SQN,diffdock,scored,0.9544563272900888,12.0,112,109,C,
1SQN,equibind,scored,0.21589726702230072,12.0,112,92,C,
1SQC,diffdock,scored,0.8761782689860044,12.0,126,128,,
1SQC,equibind,scored,0.7704021354442087,12.0,126,116,B,
1SR7,diffdock,scored,0.007618590791808008,12.0,119,118,C,
1SR7,equibind,scored,0.19070995351511033,12.0,119,92,C,
1SRE,diffdock,scored,1.0,12.0,69,69,C,
1SRE,equibind,scored,0.1370091891931162,12.0,69,102,C,
1SRG,diffdock,scored,0.9711358203646829,12.0,69,71,D,
1SRG,equibind,scored,0.3600106789724708,12.0,69,109,C,
1SRI,diffdock,scored,0.9601302079595414,12.0,76,75,D,
1SRI,equibind,scored,0.28845263774147056,12.0,76,105,C,
1STD,diffdock,scored,0.9802245588138476,12.0,101,103,,
1STD,equibind,scored,0.839485759294385,12.0,101,113,,
1STP,diffdock,scored,1.0,12.0,65,65,,
1STP,equibind,scored,0.898272946780684,12.0,65,61,,
1STR,diffdock,scored,0.027768568184498726,12.0,71,68,P:D,
1STR,equibind,scored,0.09417506014527957,12.0,71,102,P:D,
1SSQ,diffdock,scored,0.022416174727444723,12.0,35,47,D,
1SSQ,equibind,scored,0.0,12.0,35,87,D,
1SQP,diffdock,scored,0.06878054894583929,12.0,117,112,,
1SQP,equibind,scored,0.15332796830598014,12.0,117,138,,
1SV3,diffdock,scored,0.9544075264397539,12.0,68,65,,
1SV3,equibind,scored,0.7953240816306664,12.0,68,70,,
1STS,diffdock,scored,0.02356747046730303,12.0,71,66,P:D,
1STS,equibind,scored,0.3808943122597018,12.0,71,96,P:D,
1S64,equibind,scored,0.0,12.0,122,55,O,
1SQB,diffdock,scored,0.54543295119646,12.0,118,113,,
1SQB,equibind,scored,0.0,12.0,118,125,,
1SW2,diffdock,scored,0.9888417430111415,12.0,90,89,,
1SW2,equibind,scored,0.8680956809191347,12.0,90,90,,
1SWI,diffdock,scored,0.9811134556252508,12.0,53,54,,
1SWI,equibind,scored,0.6424771198973884,12.0,53,46,,
1SWG,diffdock,scored,0.010421115373514344,12.0,78,77,E,
1SWG,equibind,scored,0.04508960108220292,12.0,78,77,F,
1SW1,diffdock,scored,0.9442492400723963,12.0,88,89,J,
1SW1,equibind,scored,0.12200559444861356,12.0,88,68,J,
1SWK,diffdock,scored,0.010142006695871323,12.0,82,82,H,
1SWK,equibind,scored,0.04984188535322954,12.0,82,80,H,
1SWN,diffdock,scored,0.9876139763541616,12.0,82,81,E,
1SWN,equibind,scored,0.009830475679801456,12.0,80,78,F,
1SYH,diffdock,scored,0.9901889222405024,12.0,102,103,,
1SYH,equibind,scored,0.9003148973674596,12.0,102,100,,
1SWP,diffdock,scored,0.01021088214643878,12.0,82,81,H,
1SWP,equibind,scored,0.046276547553390515,12.0,82,77,H,
1SWR,diffdock,scored,0.9649400606978977,12.0,84,87,G,
1SWR,equibind,scored,0.11031861517992717,12.0,82,81,H,
1T37,diffdock,scored,0.5954605345268048,12.0,75,61,P:B,
1T37,equibind,scored,0.5792838422181661,12.0,75,73,P:B,
1T31,diffdock,scored,0.9301592045524396,12.0,101,100,L,
1T31,equibind,scored,0.8600259867710861,12.0,101,103,L,
1SYI,diffdock,scored,0.9812557077272709,12.0,108,106,C,
1SYI,equibind,scored,0.12042370802053458,12.0,108,99,C,
1SZ0,diffdock,scored,0.971351112432316,12.0,71,71,H,
1SZ0,equibind,scored,0.8180011910607367,12.0,71,59,H,
1T08,diffdock,scored,0.3612398641959202,12.0,159,93,C:C,
1T08,equibind,scored,0.14619997224570278,12.0,159,136,C:C,
1T46,diffdock,scored,0.9769224027875293,12.0,132,131,,
1T46,equibind,scored,0.7831439906205813,12.0,132,122,,
1SYO,diffdock,scored,0.9289730552520606,12.0,72,69,E,
1SYO,equibind,scored,0.6474495710984552,12.0,72,59,E,
1T48,diffdock,scored,0.9686104492512502,12.0,64,64,,
1T48,equibind,scored,0.7944528871617476,12.0,64,72,,
1T4V,diffdock,scored,0.7125328539508005,12.0,96,94,,
1T4V,equibind,scored,0.8571746739246766,12.0,96,104,,
1T69,diffdock,scored,0.9755222841535954,12.0,84,82,,
1T69,equibind,scored,0.7967971138565907,12.0,84,74,C,
1TA2,diffdock,scored,0.9397128806621939,12.0,97,101,,
1TA2,equibind,scored,0.8063735446731679,12.0,97,89,C,
1SOJ,equibind,scored,0.0,12.0,94,67,O,
1TA6,diffdock,scored,0.930252254985419,12.0,102,97,,
1TA6,equibind,scored,0.673653393314204,12.0,102,79,C,
1T4S,diffdock,scored,0.0,12.0,70,53,F,
1T4S,equibind,scored,0.0,12.0,70,77,F,
1TBZ,diffdock,scored,0.8263318330324123,12.0,109,99,,
1TBZ,equibind,scored,0.8323072593389623,12.0,109,100,D,
1TD7,diffdock,scored,0.9854050780361854,12.0,69,70,,
1TD7,equibind,scored,0.8353398741318645,12.0,69,70,,
1TCW,diffdock,scored,0.6957913035779051,12.0,82,103,D,
1TCW,equibind,scored,0.48722393493682664,12.0,82,100,D,
1T5F,diffdock,scored,0.9330901147406445,12.0,89,91,I,
1T5F,equibind,scored,0.03585064473355378,12.0,89,84,L,
1TC1,diffdock,scored,1.0,12.0,60,60,C,
1TC1,equibind,scored,0.0,12.0,60,68,C,
1TFQ,diffdock,scored,0.9077772448901906,12.0,42,44,C,
1TFQ,equibind,scored,0.7945566524330444,12.0,42,47,C,
1TET,diffdock,scored,0.4769787700960203,12.0,82,101,P:C,
1TET,equibind,scored,0.4617142842959157,12.0,82,77,P:C,
1TFT,diffdock,scored,1.0,12.0,45,45,C,
1TFT,equibind,scored,0.7740798403475027,12.0,45,56,C,
1THR,diffdock,scored,0.0,12.0,77,45,I:C,
1THR,equibind,scored,0.10259125734281238,12.0,77,107,I:C,
1TFZ,diffdock,scored,0.9809231857858387,12.0,107,107,,
1TFZ,equibind,scored,0.7392376665603126,12.0,107,109,,
1T5A,diffdock,scored,0.0,12.0,81,80,F,
1T5A,equibind,scored,0.0,12.0,81,67,F,
1TL9,diffdock,scored,0.7896318801559719,12.0,91,74,B:B,
1TL9,equibind,scored,0.5368919578103571,12.0,91,105,B:B,
1TKT,diffdock,scored,0.9394148109118846,12.0,82,83,,
1TKT,equibind,scored,0.9129763492670087,12.0,82,85,,
1THZ,diffdock,scored,0.9121603992300552,12.0,91,89,F,
1THZ,equibind,scored,0.42333923167776166,12.0,91,108,F,
1TKX,diffdock,scored,0.9872409687007958,12.0,81,80,,
1TKX,equibind,scored,0.8080318648434541,12.0,81,85,,
1TL1,diffdock,scored,0.9642884245383186,12.0,87,84,,
1TL1,equibind,scored,0.8846671175023653,12.0,87,87,,
1TKA,diffdock,scored,0.02146942958978187,12.0,143,139,D,
1TKA,equibind,scored,0.636656656811198,12.0,143,142,D,
1TL3,diffdock,scored,0.9630645854235378,12.0,81,82,,
1TL3,equibind,scored,0.9747457214089061,12.0,81,81,,
1TLP,diffdock,scored,0.9389924198608386,12.0,97,101,,
1TLP,equibind,scored,0.7331503286026311,12.0,97,116,B,
1TNG,diffdock,scored,0.937989509941766,12.0,81,80,C,
1TNG,equibind,scored,0.8179300012353563,12.0,81,71,C,
1TMM,diffdock,scored,0.9393354338696566,12.0,84,79,R,
1TMM,equibind,scored,0.06574094980827479,12.0,83,51,K,
1TNI,diffdock,scored,0.8167893433443859,12.0,77,86,C,
1TNI,equibind,scored,0.8742997804017208,12.0,77,83,C,
1TNJ,diffdock,scored,0.9871062477899455,12.0,78,79,C,
1TNJ,equibind,scored,0.9217326277564646,12.0,78,76,C,
1TNK,diffdock,scored,0.9752515322206896,12.0,83,83,C,
1TNK,equibind,scored,0.8728131001203658,12.0,83,75,C,
1TNL,diffdock,scored,0.9752561823248259,12.0,80,82,C,
1TNL,equibind,scored,0.9242815718557809,12.0,80,80,C,
1TOI,diffdock,scored,0.9635322334208499,12.0,81,82,,
1TOI,equibind,scored,0.9018748099678288,12.0,81,85,,
1TOU,diffdock,scored,0.9891136731323424,12.0,93,92,,
1TOU,equibind,scored,0.9237375327716935,12.0,93,98,B,
1TOJ,diffdock,scored,1.0,12.0,82,82,,
1TOJ,equibind,scored,0.7886090349446431,12.0,82,86,,
1TOM,diffdock,scored,0.9330882964652993,12.0,91,93,,
1TOM,equibind,scored,0.8425975506965909,12.0,91,78,,
1TOG,diffdock,scored,0.9801747889748328,12.0,101,101,C,
1TOG,equibind,scored,0.01153812363029629,12.0,99,100,D,
1TPW,diffdock,scored,0.0,12.0,81,83,C,
1TPW,equibind,scored,0.0,12.0,82,83,D,
1TOK,diffdock,scored,0.0,12.0,95,95,C,
1TOK,equibind,scored,0.17526830580344108,12.0,94,106,D,
1TQ4,diffdock,scored,0.9871202143338036,12.0,79,80,,
1TQ4,equibind,scored,0.8378509927032143,12.0,79,82,,
1TR7,diffdock,scored,0.9135117276168327,12.0,47,45,C,
1TR7,equibind,scored,0.08371269087952657,12.0,47,36,C,
1TQF,diffdock,scored,0.8870224495786869,12.0,123,125,,
1TQF,equibind,scored,0.6546627037638854,12.0,123,131,,
1TPZ,diffdock,scored,0.9536525510222947,12.0,85,87,D,
1TPZ,equibind,scored,0.0,12.0,85,113,D,
1TRD,diffdock,scored,0.9872550765906117,12.0,78,79,,
1TRD,equibind,scored,0.25142954911824633,12.0,78,63,,
1TSV,diffdock,scored,0.9766436915915143,12.0,86,86,,
1TSV,equibind,scored,0.4303818685234329,12.0,86,92,,
1TSI,diffdock,scored,1.0,12.0,81,81,,
1TSI,equibind,scored,0.768128127396281,12.0,81,89,,
1TSY,diffdock,scored,0.9640693408376224,12.0,84,83,,
1TSY,equibind,scored,0.3043440901016049,12.0,84,83,,
1TTM,diffdock,scored,0.9773922793294496,12.0,90,88,,
1TTM,equibind,scored,0.944179484968823,12.0,90,91,,
1TT1,diffdock,scored,0.0,12.0,102,99,C,
1TT1,equibind,scored,0.1423616265667677,12.0,102,83,C,
1TU6,diffdock,scored,0.9398210538238151,12.0,113,118,E,
1TU6,equibind,scored,0.7835677583908892,12.0,113,118,E,
1TVO,diffdock,scored,0.9580982556153278,12.0,95,95,,
1TVO,equibind,scored,0.7654832515362913,12.0,95,89,,
1TXR,diffdock,scored,0.9560804701621608,12.0,93,89,,
1TXR,equibind,scored,0.7828632556083646,12.0,93,84,,
1TVE,diffdock,scored,0.18293055791161325,12.0,106,52,C,
1TVE,equibind,scored,0.07867577060536314,12.0,107,120,D,
1TYN,diffdock,scored,0.9233468396487937,12.0,103,111,B,
1TYN,equibind,scored,0.7627506446816738,12.0,103,103,,
1TUF,diffdock,scored,0.41761475464488107,12.0,105,111,C,
1TUF,equibind,scored,0.0444140477948151,12.0,104,90,D,
1TYR,diffdock,scored,0.9340136944218973,12.0,62,60,D,
1TYR,equibind,scored,0.6947253830611203,12.0,62,62,D,
1TV6,diffdock,scored,0.9310341622796318,12.0,86,86,,
1TV6,equibind,scored,0.9146222955181571,12.0,86,87,,
1TYS,diffdock,scored,0.9449958882928303,12.0,91,90,,
1TYS,equibind,scored,0.6377253845084161,12.0,91,110,,
1TVR,diffdock,scored,0.9274002514568869,12.0,84,80,,
1TVR,equibind,scored,0.8810883940853363,12.0,84,84,C,
1U32,diffdock,scored,0.9504255688792734,12.0,83,79,,
1U32,equibind,scored,0.8045599638893463,12.0,83,83,,
1U2Y,diffdock,scored,0.6515695044813762,12.0,82,88,,
1U2Y,equibind,scored,0.7437899214041013,12.0,82,82,,
1U59,diffdock,scored,0.9215545312347349,12.0,89,88,,
1U59,equibind,scored,0.8206661266730431,12.0,89,83,,
1U3R,diffdock,scored,1.0,12.0,107,107,E,
1U3R,equibind,scored,0.38238753335494385,12.0,107,100,E,
1U33,diffdock,scored,0.8861520624791098,12.0,114,109,,
1U33,equibind,scored,0.7134707226308533,12.0,114,98,C,
1U9L,diffdock,scored,0.24247466521694222,12.0,96,40,C:C,
1U9L,equibind,scored,0.37114930413370806,12.0,96,65,C:C,
1U2R,diffdock,scored,0.9864100422942651,12.0,75,74,,
1U2R,equibind,scored,0.7113621739716157,12.0,75,92,,
1U65,diffdock,scored,0.9063701797205759,12.0,117,116,,
1U65,equibind,scored,0.8016901487565292,12.0,117,130,,
1U0G,diffdock,scored,0.9697106731637802,12.0,99,98,F,
1U0G,equibind,scored,0.0,12.0,94,95,S,
1U8T,diffdock,scored,0.09311692815030391,12.0,95,99,E:E,
1U8T,equibind,scored,0.11646138866814089,12.0,95,157,E:E,
1UGX,diffdock,scored,1.0,12.0,45,45,C:C,
1UGX,equibind,scored,0.889983210829021,12.0,45,48,C:C,
1UDT,diffdock,scored,0.9512767012115414,12.0,104,105,,
1UDT,equibind,scored,0.8383246952025714,12.0,104,109,,
1UCN,diffdock,scored,0.0,12.0,80,80,J,
1UCN,equibind,scored,0.09621522642290618,12.0,79,93,F,
1UA4,diffdock,scored,0.950660309278251,12.0,120,124,,
1UA4,equibind,scored,0.7919081864371587,12.0,120,119,,
1UGP,diffdock,scored,0.6011578329986528,12.0,82,83,,
1UGP,equibind,scored,0.6882971617464712,12.0,82,81,,
1UGW,diffdock,scored,0.0,12.0,43,44,L,
1UGW,equibind,scored,0.0,12.0,43,84,L,
1UI0,diffdock,scored,0.9308389596552783,12.0,76,73,D,
1UI0,equibind,scored,0.6383362312249372,12.0,76,64,D,
1UH1,diffdock,scored,0.0,12.0,44,44,I:I,
1UJ5,diffdock,scored,0.9592622744904253,12.0,97,99,,
1UJ5,equibind,scored,0.8097248765804677,12.0,97,91,,
1UJ6,diffdock,scored,0.9688516354041585,12.0,97,96,,
1UJ6,equibind,scored,0.7647195184428568,12.0,97,92,,
1UHO,diffdock,scored,0.960307503666142,12.0,100,102,,
1UHO,equibind,scored,0.834855154775946,12.0,100,94,,
1UGY,diffdock,scored,0.0,12.0,44,46,L:L,
1UGY,equibind,scored,0.0,12.0,44,105,J:J,
1UJJ,diffdock,scored,0.0,12.0,55,52,C:C,
1UJJ,equibind,scored,0.0,12.0,55,43,C:C,
1UKH,diffdock,scored,0.13203949078955984,12.0,64,112,B:B,
1UKH,equibind,scored,0.23648564858955637,12.0,64,51,B:B,
1ULE,diffdock,scored,0.0,12.0,52,52,D:D,
1ULE,equibind,scored,0.012629598824594229,12.0,52,67,D:D,
1UML,diffdock,scored,0.9740347329979092,12.0,117,116,,
1UML,equibind,scored,0.822940581996063,12.0,117,109,C,
1ULG,diffdock,scored,0.0,12.0,45,46,G:G,
1ULG,equibind,scored,0.0,12.0,46,105,F:F,
1UK1,diffdock,scored,0.0,12.0,124,119,C,
1UK1,equibind,scored,0.05718635900092543,12.0,121,90,D,
1UOM,diffdock,scored,0.9601438854643207,12.0,101,103,,
1UOM,equibind,scored,0.8147593460273636,12.0,101,99,,
1UOU,diffdock,scored,0.9907506475902681,12.0,110,109,,
1UOU,equibind,scored,0.8519119830516153,12.0,110,106,,
1UOD,diffdock,scored,0.9085629297077935,12.0,76,75,E,
1UOD,equibind,scored,0.04412869649063265,12.0,76,88,E,
1UNG,diffdock,scored,0.9706171194065467,12.0,68,70,E,
1UNG,equibind,scored,0.01423431289034719,12.0,68,98,E,
1UNL,diffdock,scored,0.9623315713332503,12.0,79,80,,
1UNL,equibind,scored,0.05722206284307047,12.0,79,122,,
1UPK,diffdock,scored,0.6118160540663055,12.0,54,52,B:B,
1UPK,equibind,scored,0.0,12.0,54,67,B:B,
1URG,diffdock,scored,0.9018020890377347,12.0,101,101,B:B,
1URG,equibind,scored,0.8621057538178639,12.0,101,101,B:B,
1UTL,diffdock,scored,0.9477767943720148,12.0,79,75,,
1UTL,equibind,scored,0.9190810731403197,12.0,79,73,,
1UTJ,diffdock,scored,0.9863129107212742,12.0,73,74,B,
1UTJ,equibind,scored,0.8086768033098176,12.0,73,69,B,
1UPF,diffdock,scored,1.0,12.0,71,71,T,
1UPF,equibind,scored,0.0,12.0,74,78,P,
1UTM,diffdock,scored,0.9859233722914448,12.0,72,71,,
1UTM,equibind,scored,0.7788385463337424,12.0,72,70,,
1USI,diffdock,scored,0.12535735110538088,12.0,106,88,D,
1USI,equibind,scored,0.07489708506628673,12.0,106,94,D,
1UTR,diffdock,scored,0.9518413960544435,12.0,124,126,C,
1UTR,equibind,scored,0.904324284820172,12.0,124,121,C,
1UTT,diffdock,scored,0.9373401020134972,12.0,81,80,,
1UTT,equibind,scored,0.9023652848017834,12.0,81,89,,
1URC,diffdock,scored,0.0,12.0,66,49,E:E,
1URC,equibind,scored,0.0,12.0,66,111,E:E,
1UTO,diffdock,scored,0.9874685646045207,12.0,81,80,,
1UTO,equibind,scored,0.9115270133110309,12.0,81,78,,
1UTP,diffdock,scored,0.9510832703285533,12.0,81,83,,
1UTP,equibind,scored,0.8693643783123141,12.0,81,88,,
1UV5,diffdock,scored,0.9632870941985165,12.0,82,81,,
1UV5,equibind,scored,0.9747341234800517,12.0,82,80,,
1USK,diffdock,scored,0.0,12.0,101,82,E,
1USK,equibind,scored,0.0,12.0,101,64,E,
1UVS,diffdock,scored,0.8424325690708769,12.0,94,97,C,
1UVS,equibind,scored,0.8748524339165428,12.0,94,87,C,
1UVT,diffdock,scored,0.706284080793646,12.0,99,79,C,
1UVT,equibind,scored,0.8533703140599682,12.0,99,89,C,
1UWF,diffdock,scored,0.978542252045155,12.0,47,48,,
1UWF,equibind,scored,0.933045665243761,12.0,47,44,,
1UX7,diffdock,scored,0.9712582271786498,12.0,35,36,B:B,
1UX7,equibind,scored,0.7994322657746401,12.0,35,40,B:B,
1UXA,diffdock,scored,0.8990080133226372,12.0,58,58,E:E,
1UXA,equibind,scored,0.428576929205836,12.0,58,64,E:E,
1UY7,diffdock,scored,0.9335544156659272,12.0,104,105,,
1UY7,equibind,scored,0.9404120038061305,12.0,104,102,B,
1UXB,diffdock,scored,0.18062681297191074,12.0,60,59,D:D,
1UXB,equibind,scored,0.6468102201944088,12.0,60,64,D:D,
1UWB,diffdock,scored,0.9384554881947967,12.0,84,79,,
1UWB,equibind,scored,0.8923480892624434,12.0,84,85,,
1UWT,diffdock,scored,0.9446341044882125,12.0,91,90,E,
1UWT,equibind,scored,0.011446927249273669,12.0,91,51,E,
1UY9,diffdock,scored,0.9802802054297041,12.0,102,104,,
1UY9,equibind,scored,0.9294714595346618,12.0,102,103,,
1UWU,diffdock,scored,0.0,12.0,91,91,C,
1UWU,equibind,scored,0.011755982150127221,12.0,90,49,F,
1UYC,diffdock,scored,0.9236068140002873,12.0,104,104,,
1UYC,equibind,scored,0.9611361420517035,12.0,104,106,,
1UYD,diffdock,scored,0.9444837973601069,12.0,108,108,,
1UYD,equibind,scored,0.9166677287591908,12.0,108,109,,
1UYF,diffdock,scored,0.9554838937769278,12.0,112,113,,
1UYF,equibind,scored,0.8433410830850607,12.0,112,114,B,
1UYG,diffdock,scored,0.9360210199955084,12.0,110,109,,
1UYG,equibind,scored,0.9449326913826938,12.0,110,110,,
1UV6,diffdock,scored,0.9740998534026925,12.0,78,78,M,
1UV6,equibind,scored,0.0,12.0,78,22,L,
1UYM,diffdock,scored,0.9905953008406512,12.0,109,108,,
1UYM,equibind,scored,0.9167999178271561,12.0,109,108,,
1UYK,diffdock,scored,0.9721614108298119,12.0,109,108,,
1UYK,equibind,scored,0.9438463349514603,12.0,109,109,,
1UZ4,diffdock,scored,0.9570027434860067,12.0,94,92,,
1UZ4,equibind,scored,0.8338624469122811,12.0,94,94,,
1V0K,diffdock,scored,0.950299255559003,12.0,82,82,A:XYP:1303+A:XDN:1304,
1V0K,equibind,scored,0.8486957512182991,12.0,82,76,A:XYP:1303+A:XDN:1304,
1V0M,diffdock,scored,0.9872111667230506,12.0,81,80,A:XDN:1303+A:XYP:1304,
1V0M,equibind,scored,0.9375682566721774,12.0,81,80,A:XDN:1303+A:XYP:1304,
1V0L,diffdock,scored,0.9620717053315618,12.0,80,79,A:XIF:1304+A:XYP:1305,
1V0L,equibind,scored,0.9089273410287745,12.0,80,77,A:XIF:1304+A:XYP:1305,
1UZ8,diffdock,scored,0.1836612848673735,12.0,89,94,D:F,
1UZ8,equibind,scored,0.4232915262298439,12.0,91,77,C:E,
1UZ1,diffdock,scored,0.8903339251517466,12.0,90,86,D,
1UZ1,equibind,scored,0.06843530756715428,12.0,88,58,C,
1V0N,diffdock,scored,0.9492066824519778,12.0,78,78,A:XIF:1305+A:XYP:1306,
1V0N,equibind,scored,0.9327793482350057,12.0,78,75,A:XIF:1305+A:XYP:1306,
1V1K,diffdock,scored,0.9112162663815742,12.0,79,80,,
1V1K,equibind,scored,0.9255259098742005,12.0,79,85,B,
1V0P,diffdock,scored,0.0,12.0,77,70,C,
1V0P,equibind,scored,0.10555358713287723,12.0,77,43,C,
1V16,diffdock,scored,0.7902923400113353,12.0,84,84,,
1V16,equibind,scored,0.6214989363351378,12.0,84,92,,
1V11,diffdock,scored,0.8273503751754556,12.0,84,80,,
1V11,equibind,scored,0.5918676030399063,12.0,84,85,J,
1V2K,diffdock,scored,0.8986678188878312,12.0,96,98,,
1V2K,equibind,scored,0.9011015700390729,12.0,96,97,,
1V3X,diffdock,scored,0.9305088944049372,12.0,100,103,,
1V3X,equibind,scored,0.8411345526977446,12.0,100,91,,
1UYS,diffdock,scored,0.0,12.0,65,129,D,
1UYS,equibind,scored,0.09575645390997092,12.0,131,108,E,
1V1M,diffdock,scored,0.8257653543956242,12.0,85,84,,
1V1M,equibind,scored,0.5760446564727953,12.0,85,98,C,
1UW6,equibind,scored,0.0,12.0,79,69,BA,
1V48,diffdock,scored,0.9891173144668829,12.0,92,93,,
1V48,equibind,scored,0.627794414688827,12.0,92,74,D,
1V79,diffdock,scored,0.9132322496722564,12.0,116,112,,
1V79,equibind,scored,0.8444894986355432,12.0,116,118,,
1V7A,diffdock,scored,0.955168081201493,12.0,114,109,,
1V7A,equibind,scored,0.8313718871076777,12.0,114,111,,
1VEA,diffdock,scored,0.913007068341995,12.0,93,91,,
1VEA,equibind,scored,0.2432702406120389,12.0,93,91,C,
1VCJ,diffdock,scored,0.8467317838719186,12.0,113,113,,
1VCJ,equibind,scored,0.7427054388408993,12.0,113,118,,
1VGC,diffdock,scored,0.9883429856489457,12.0,86,87,,
1VGC,equibind,scored,0.9020118673696114,12.0,86,84,,
1VEB,diffdock,scored,0.8620117904796677,12.0,125,120,,
1VEB,equibind,scored,0.8386548280830171,12.0,125,114,,
1V1J,diffdock,scored,0.0,12.0,92,92,Q,
1V1J,equibind,scored,0.0,12.0,94,24,Z,
1VCU,diffdock,scored,0.0,12.0,111,107,C,
1VCU,equibind,scored,0.0,12.0,111,71,C,
1VWF,diffdock,scored,0.7944099865603936,12.0,62,62,P:B,
1VWF,equibind,scored,0.7186283600209364,12.0,62,53,P:B,
1VJC,diffdock,scored,0.8896840965165111,12.0,101,96,,
1VJC,equibind,scored,0.7976939512111261,12.0,101,104,C,
1VJ5,diffdock,scored,0.9821196847713215,12.0,113,113,,
1VJ5,equibind,scored,0.8204539064731694,12.0,113,107,,
1VYF,diffdock,scored,0.9786459467777151,12.0,95,95,,
1VYF,equibind,scored,0.8479750729547547,12.0,95,82,B,
1VOT,diffdock,scored,0.9810503407787994,12.0,106,108,,
1VOT,equibind,scored,0.7937319009767333,12.0,106,113,,
1VYG,diffdock,scored,0.9487073403903775,12.0,100,97,,
1VYG,equibind,scored,0.9028363701366792,12.0,100,97,,
1W13,diffdock,scored,0.9364557377378241,12.0,94,94,,
1W13,equibind,scored,0.8738287542804892,12.0,94,89,,
1W10,diffdock,scored,0.9783355425911058,12.0,93,95,,
1W10,equibind,scored,0.8221346650434983,12.0,93,80,B,
1VKJ,diffdock,scored,0.9594021258563336,12.0,100,98,F,
1VKJ,equibind,scored,0.009816688446062585,12.0,100,86,F,
1VYZ,diffdock,scored,0.9733865703179623,12.0,76,74,,
1VYZ,equibind,scored,0.910952085573938,12.0,76,81,,
1W1D,diffdock,scored,0.9519514719224819,12.0,43,41,D,
1W1D,equibind,scored,0.7114618130197969,12.0,43,43,D,
1W14,diffdock,scored,0.9893525267376773,12.0,95,96,,
1W14,equibind,scored,0.8357225733124429,12.0,95,88,,
1W1G,diffdock,scored,0.8676363524415346,12.0,43,45,,
1W1G,equibind,scored,0.8012594278034499,12.0,43,39,B,
1W2G,diffdock,scored,0.0,12.0,101,96,G,
1W2G,equibind,scored,0.09905836426976876,12.0,97,106,D,
1VYW,diffdock,scored,0.9348091212063628,12.0,78,73,F,
1VYW,equibind,scored,0.04103858821593329,12.0,80,70,G,
1W2H,diffdock,scored,0.9714300469732579,12.0,106,107,H,
1W2H,equibind,scored,0.44715855646013947,12.0,106,114,H,
1VYJ,diffdock,scored,0.0,12.0,97,97,F:F,
1VYJ,equibind,scored,0.15822594211685187,12.0,97,150,F:F,
1W1V,diffdock,scored,0.0,12.0,104,105,W,
1W1V,equibind,scored,0.0,12.0,104,80,W,
1W1P,diffdock,scored,0.9162298144724346,12.0,79,84,V,
1W1P,equibind,scored,0.0,12.0,79,91,Z,
1W1T,diffdock,scored,0.8054260433792888,12.0,90,95,P,
1W1T,equibind,scored,0.10423067765093007,12.0,84,96,Q,
1W1Y,diffdock,scored,0.0,12.0,102,103,T,
1W1Y,equibind,scored,0.04857366148989922,12.0,83,85,M,
1W31,diffdock,scored,0.9788545158604677,12.0,94,96,,
1W31,equibind,scored,0.5200537095220483,12.0,94,88,,
1W4O,diffdock,scored,0.0,12.0,71,65,,
1W4O,equibind,scored,0.23250013379426382,12.0,71,82,,
1W4P,diffdock,scored,0.9017112593817667,12.0,73,68,D,
1W4P,equibind,scored,0.14284598398524698,12.0,70,85,C,
1W5V,diffdock,scored,0.9351281981191282,12.0,111,104,C,
1W5V,equibind,scored,0.8275361895182834,12.0,111,110,,
1W4Q,diffdock,scored,0.0,12.0,74,71,C,
1W4Q,equibind,scored,0.11694508545346075,12.0,72,88,D,
1W3K,diffdock,scored,0.9873467027516688,12.0,81,80,A:BGC:1304+A:OXZ:1305,
1W3K,equibind,scored,0.8787005501549477,12.0,81,83,A:BGC:1304+A:OXZ:1305,
1W51,diffdock,scored,0.9417014686130276,12.0,118,123,,
1W51,equibind,scored,0.9307437958584668,12.0,118,120,,
1W3J,diffdock,scored,0.9218585140313679,12.0,88,87,C,
1W3J,equibind,scored,0.04805287127522906,12.0,88,56,C,
1W5X,diffdock,scored,0.9720059674895473,12.0,110,109,,
1W5X,equibind,scored,0.8443044530312134,12.0,110,111,C,
1W5Y,diffdock,scored,0.9713435455107354,12.0,109,106,,
1W5Y,equibind,scored,0.8135354326214863,12.0,109,116,,
1W5W,diffdock,scored,0.972056287127794,12.0,111,108,C,
1W5W,equibind,scored,0.8200149319481477,12.0,111,111,,
1W6Y,diffdock,scored,0.9881655343522917,12.0,86,87,,
1W6Y,equibind,scored,0.585059437310055,12.0,86,92,,
1W70,diffdock,scored,0.8957668197780803,12.0,28,27,I,
1W70,equibind,scored,0.0,12.0,31,66,J,
1W8L,diffdock,scored,0.9839118717105216,12.0,62,63,,
1W8L,equibind,scored,0.9316993027456415,12.0,62,62,,
1W6J,diffdock,scored,0.9347721243766627,12.0,152,152,,
1W6J,equibind,scored,0.5817931475375677,12.0,152,147,,
1W8M,diffdock,scored,1.0,12.0,63,63,,
1W8M,equibind,scored,0.8821045958643565,12.0,63,60,,
1W83,diffdock,scored,0.966827051488952,12.0,122,120,,
1W83,equibind,scored,0.766148088814595,12.0,122,118,,
1W84,diffdock,scored,0.9516186169463,12.0,83,81,,
1W84,equibind,scored,0.7692465904891786,12.0,83,73,,
1W7H,diffdock,scored,0.9866236586870403,12.0,75,76,,
1W7H,equibind,scored,0.6736139716875693,12.0,75,70,,
1W2X,diffdock,scored,0.0,12.0,43,104,D,
1W2X,equibind,scored,0.03162080651529308,12.0,105,126,E,
1WAY,diffdock,scored,0.9423910981978892,12.0,86,87,,
1WAY,equibind,scored,0.6419312204313324,12.0,86,88,,
1WBG,diffdock,scored,0.9167418856893684,12.0,92,100,,
1WBG,equibind,scored,0.7747135424001494,12.0,92,85,,
1WBO,diffdock,scored,0.9853860744579345,12.0,69,70,,
1WBO,equibind,scored,0.5929814200745163,12.0,69,70,,
1W76,diffdock,scored,0.9418988842014292,12.0,103,103,H,
1W76,equibind,scored,0.004551894940245997,12.0,103,90,E,
1WBS,diffdock,scored,0.9748476597925353,12.0,122,119,,
1WBS,equibind,scored,0.7514246448058101,12.0,122,120,,
1WBT,diffdock,scored,0.9832258470802959,12.0,122,122,,
1WBT,equibind,scored,0.7725695311860531,12.0,122,111,B,
1WBV,diffdock,scored,0.9644872751586407,12.0,115,113,,
1WBV,equibind,scored,0.8851342137592929,12.0,115,114,,
1WBW,diffdock,scored,0.9430922681269928,12.0,87,86,,
1WBW,equibind,scored,0.8969305222141675,12.0,87,86,,
1WCC,diffdock,scored,0.9576870353325363,12.0,70,71,,
1WCC,equibind,scored,0.8261097202646354,12.0,70,68,,
1WE2,diffdock,scored,0.987595844793455,12.0,81,82,,
1WE2,equibind,scored,0.8140782626584345,12.0,81,78,,
1WKM,diffdock,scored,0.5375505435204723,12.0,95,74,H,
1WDY,diffdock,scored,0.951020994451046,12.0,104,107,B,
1WDY,equibind,scored,0.7210179417323614,12.0,104,85,B,
1WM1,diffdock,scored,0.9455453803054819,12.0,111,109,,
1WM1,equibind,scored,0.6063969047288993,12.0,111,99,,
1WDQ,diffdock,scored,0.9521656872764389,12.0,108,105,B:B,
1WDQ,equibind,scored,0.8520545107994896,12.0,108,97,B:B,
1WUG,diffdock,scored,0.9784663027398108,12.0,46,47,B,
1WUG,equibind,scored,0.7505635621127986,12.0,46,57,B,
1WDR,diffdock,scored,0.9619856856674193,12.0,107,105,B:GLC:3+B:GLC:4,
1WDR,equibind,scored,0.8187498700289092,12.0,107,104,B:GLC:3+B:GLC:4,
1WVC,diffdock,scored,0.8293513789260935,12.0,91,93,,
1WVC,equibind,scored,0.7374202711814644,12.0,91,81,E,
1WS4,diffdock,scored,0.9333232177509445,12.0,44,45,I,
1WS4,equibind,scored,0.007309339575609426,12.0,44,88,J,
1WVJ,diffdock,scored,0.9711042848142245,12.0,105,104,,
1WVJ,equibind,scored,0.9094256684250239,12.0,105,100,,
1WS5,diffdock,scored,0.0,12.0,43,46,I,
1WS5,equibind,scored,0.00743918714497031,12.0,44,91,J,
1X07,diffdock,scored,0.9619491986030829,12.0,79,78,,
1X07,equibind,scored,0.7328454570619475,12.0,79,88,,
1X1Z,diffdock,scored,0.026102790369200296,12.0,108,103,D,
1X1Z,equibind,scored,0.12970930719086457,12.0,108,129,D,
1X6U,diffdock,scored,0.9244065990181292,12.0,92,91,,
1X6U,equibind,scored,0.7595691879528002,12.0,92,86,,
1X38,diffdock,scored,0.9611767280226706,12.0,104,104,,
1X38,equibind,scored,0.889966354571378,12.0,104,99,,
1X39,diffdock,scored,0.981473334804322,12.0,110,110,,
1X39,equibind,scored,0.7951521580381249,12.0,110,102,,
1X78,diffdock,scored,0.9812160359547382,12.0,108,110,E,
1X78,equibind,scored,0.08564084700523303,12.0,110,102,F,
1WCQ,diffdock,scored,0.9805074593596345,12.0,103,103,L,
1WCQ,equibind,scored,0.0,12.0,103,90,L,
1X7B,diffdock,scored,0.0,12.0,109,109,E,
1X7B,equibind,scored,0.3118335475238633,12.0,109,101,E,
1X7E,diffdock,scored,0.0,12.0,107,107,E,
1X7E,equibind,scored,0.18360950878663873,12.0,107,96,E,
1X7Q,diffdock,scored,0.80196061524054,12.0,133,117,C:C,
1X7Q,equibind,scored,0.7194768424218482,12.0,133,114,C:C,
1X70,diffdock,scored,0.9414917516571829,12.0,121,118,T,
1X70,equibind,scored,0.10085231968895798,12.0,119,127,P,
1X8D,diffdock,scored,0.0,12.0,88,86,E,
1X8D,equibind,scored,0.011037223183040276,12.0,88,76,F,
1X8R,diffdock,scored,0.954618999564091,12.0,133,131,,
1X8R,equibind,scored,0.8383378761959479,12.0,133,126,,
1X81,diffdock,scored,0.930436665703285,12.0,114,116,,
1X81,equibind,scored,0.6989064943203331,12.0,114,131,,
1XA5,diffdock,scored,0.9232415360921541,12.0,105,109,,
1XA5,equibind,scored,0.8543956591531777,12.0,105,101,,
1X8T,diffdock,scored,0.9473371598655853,12.0,132,133,,
1X8T,equibind,scored,0.8130649225537564,12.0,132,133,,
1X8J,diffdock,scored,0.0,12.0,100,96,F,
1X8J,equibind,scored,0.06532990767088483,12.0,100,66,H,
1XBC,diffdock,scored,0.9663741788722522,12.0,91,90,,
1XBC,equibind,scored,0.8778084904532186,12.0,91,90,,
1X9D,diffdock,scored,0.8218111996049525,12.0,110,99,B:B,
1X9D,equibind,scored,0.4904839370611685,12.0,110,91,B:B,
1XBB,diffdock,scored,0.9320862183923297,12.0,89,85,,
1XBB,equibind,scored,0.865257233951634,12.0,89,91,,
1XDG,diffdock,scored,0.8880558893297119,12.0,89,91,D,
1XDG,equibind,scored,0.22468426610198425,12.0,89,65,D,
1XDD,diffdock,scored,0.8583257286962843,12.0,98,98,D,
1XDD,equibind,scored,0.2639806534160615,12.0,98,91,D,
1XD0,diffdock,scored,0.8980927055727301,12.0,130,123,C,
1XD0,equibind,scored,0.7434697674333093,12.0,130,105,C,
1XFF,diffdock,scored,0.0,12.0,77,56,G,
1XFF,equibind,scored,0.09467663173803065,12.0,77,101,G,
1XH3,diffdock,scored,0.8488033346871896,12.0,136,123,C:C,
1XH3,equibind,scored,0.8492705374324035,12.0,136,135,C:C,
1XH4,diffdock,scored,0.8804042734216356,12.0,128,125,,
1XH4,equibind,scored,0.868295647314708,12.0,128,122,,
1XH5,diffdock,scored,0.9070588412451297,12.0,132,124,,
1XH5,equibind,scored,0.8609180217675203,12.0,132,128,,
1XGE,diffdock,scored,0.0,12.0,85,94,,
1XGE,equibind,scored,0.8175811109884751,12.0,85,87,,
1XHY,diffdock,scored,0.9592999555338078,12.0,99,99,,
1XHY,equibind,scored,0.7821209157054322,12.0,99,94,,
1XH7,diffdock,scored,0.9125845408564789,12.0,131,124,,
1XH7,equibind,scored,0.8317708322858636,12.0,131,131,,
1XJD,diffdock,scored,0.9545941153681619,12.0,91,87,B,
1XJD,equibind,scored,0.9187745381720855,12.0,91,84,,
1XK9,diffdock,scored,0.0,12.0,80,82,D,
1XK9,equibind,scored,0.13551610798584945,12.0,81,81,C,
1XMY,diffdock,scored,0.0,12.0,97,97,E,
1XMY,equibind,scored,0.03348332367948857,12.0,96,83,H,
1XLZ,diffdock,scored,0.9801614689247407,12.0,104,102,H,
1XLZ,equibind,scored,0.08245225190694815,12.0,104,84,H,
1XNZ,diffdock,scored,0.9878037783056818,12.0,83,82,,
1XNZ,equibind,scored,0.9068601406274409,12.0,83,89,,
1XM6,diffdock,scored,0.0,12.0,111,107,E,
1XM6,equibind,scored,0.05340160170684648,12.0,108,87,H,
1XNX,diffdock,scored,0.9887612681472154,12.0,91,90,C,
1XNX,equibind,scored,0.15732000257811954,12.0,91,80,C,
1XN0,diffdock,scored,0.0,12.0,99,100,I,
1XN0,equibind,scored,0.07496172926436209,12.0,99,82,I,
1XOE,diffdock,scored,0.9547211201232322,12.0,113,110,,
1XOE,equibind,scored,0.8904509431431881,12.0,113,105,,
1XOG,diffdock,scored,0.9731372358943214,12.0,113,112,,
1XOG,equibind,scored,0.8506266963834687,12.0,113,112,F,
1XO2,diffdock,scored,0.9317017675311158,12.0,88,86,,
1XO2,equibind,scored,0.803984064116047,12.0,88,94,,
1XOQ,diffdock,scored,0.9647256196809895,12.0,113,115,FA,
1XOQ,equibind,scored,0.11687584987985392,12.0,113,97,FA,
1XOM,diffdock,scored,0.9526407828946869,12.0,107,106,Q,
1XOM,equibind,scored,0.09325375734593126,12.0,111,88,E,
1XON,diffdock,scored,0.0,12.0,115,114,E,
1XON,equibind,scored,0.12391682075262256,12.0,114,97,CA,
1XN3,diffdock,scored,0.0,12.0,212,158,I:E,
1XN3,equibind,scored,0.10637599343020271,12.0,212,116,I:E,
1XOW,diffdock,scored,0.9471864081390667,12.0,116,112,,
1XOW,equibind,scored,0.9549167223736749,12.0,116,111,,
1XOS,diffdock,scored,0.9298942262105591,12.0,116,112,,
1XOS,equibind,scored,0.7989663023860246,12.0,116,122,,
1XN2,diffdock,scored,0.0,12.0,153,110,F:F,
1XN2,equibind,scored,0.09775674951739628,12.0,172,115,G:G,
1XR8,diffdock,scored,0.7557618593106477,12.0,140,119,C:C,
1XR8,equibind,scored,0.5327041418155744,12.0,140,89,C:C,
1XOR,diffdock,scored,0.0,12.0,105,107,E,
1XOR,equibind,scored,0.06790864855877848,12.0,105,86,E,
1XOZ,diffdock,scored,0.94063839044772,12.0,105,101,,
1XOZ,equibind,scored,0.837575315769311,12.0,105,110,,
1XR9,diffdock,scored,0.7130918421789764,12.0,138,106,C:C,
1XR9,equibind,scored,0.6104903864055138,12.0,138,107,C:C,
1XS7,diffdock,scored,0.9269608029550687,12.0,125,126,,
1XS7,equibind,scored,0.7780081014082846,12.0,125,111,B,
1XUD,diffdock,scored,0.0,12.0,79,77,L,
1XUD,equibind,scored,0.0,12.0,79,113,L,
1XT8,diffdock,scored,0.0,12.0,82,83,D,
1XT8,equibind,scored,0.07605419947908405,12.0,82,53,C,
1Y0X,diffdock,scored,0.9677849436071277,12.0,127,125,,
1Y0X,equibind,scored,0.7594014640345983,12.0,127,119,,
1XZ8,diffdock,scored,0.03386636450766888,12.0,88,83,,
1XZ8,equibind,scored,0.15895814549108792,12.0,88,99,,
1Y20,diffdock,scored,0.988705549693988,12.0,88,89,,
1Y20,equibind,scored,0.5005784579605962,12.0,88,88,,
1Y2A,diffdock,scored,0.020150292680708955,12.0,104,122,P:B,
1Y2A,equibind,scored,0.47761286573616024,12.0,104,91,P:B,
1Y2F,diffdock,scored,1.0,12.0,52,52,,
1Y2F,equibind,scored,0.6459519078358554,12.0,52,73,B,
1Y2B,diffdock,scored,0.0,12.0,85,84,E,
1Y2B,equibind,scored,0.03529020378015163,12.0,85,82,E,
1Y2C,diffdock,scored,1.0,12.0,103,103,R,
1Y2C,equibind,scored,0.08308870867369797,12.0,103,85,E,
1Y3N,diffdock,scored,0.9433878993075748,12.0,108,104,B:B,
1Y3N,equibind,scored,0.8500964006417892,12.0,108,110,B:B,
1Y2H,diffdock,scored,0.9706993487303082,12.0,102,101,E,
1Y2H,equibind,scored,0.05312059915216578,12.0,104,83,H,
1Y3P,diffdock,scored,0.9236327451363924,12.0,142,145,B:B,
1Y3P,equibind,scored,0.7721596716859737,12.0,142,136,B:B,
1Y6Q,diffdock,scored,0.9720272972998308,12.0,109,108,F,
1Y6Q,equibind,scored,0.01718712641499114,12.0,109,110,F,
1XSC,diffdock,scored,0.7956648155428714,12.0,66,79,B,
1XSC,equibind,scored,0.8394736854009551,12.0,66,60,B,
1Y0L,diffdock,scored,0.0,12.0,79,80,I,
1Y0L,equibind,scored,0.0,12.0,79,33,J,
1Y91,diffdock,scored,0.9485076601937555,12.0,97,96,,
1Y91,equibind,scored,0.8403436879370065,12.0,97,90,,
1Y8O,diffdock,scored,0.8850856179792548,12.0,87,85,,
1Y8O,equibind,scored,0.19338676134893565,12.0,87,82,,
1Y8P,diffdock,scored,0.9358010018817929,12.0,94,92,,
1Y8P,equibind,scored,0.15817069357977157,12.0,94,86,,
1YC4,diffdock,scored,0.9184221713091487,12.0,99,97,,
1YC4,equibind,scored,0.9279293147455285,12.0,99,100,,
1YC1,diffdock,scored,0.8931839653695606,12.0,104,101,,
1YC1,equibind,scored,0.8624188714583997,12.0,104,104,,
1YC5,diffdock,scored,0.9868167316746284,12.0,76,77,,
1YC5,equibind,scored,0.8706524727837522,12.0,76,78,,
1YCI,diffdock,scored,0.9696196067854793,12.0,99,98,F,
1YCI,equibind,scored,0.8663692213845152,12.0,99,94,F,
1YDA,diffdock,scored,0.964663345678118,12.0,85,86,,
1YDA,equibind,scored,0.9073244771762157,12.0,85,87,,
1YDB,diffdock,scored,0.9770140267889507,12.0,86,88,,
1YDB,equibind,scored,0.8745848654741181,12.0,86,87,,
1XXE,diffdock,scored,0.9446666365834052,12.0,109,111,C,
1XXE,equibind,scored,0.6438898771358795,12.0,109,76,C,
1YDD,diffdock,scored,0.9654208440523615,12.0,88,87,,
1YDD,equibind,scored,0.9528279529772902,12.0,88,86,,
1YET,diffdock,scored,0.8734103170715749,12.0,105,102,,
1YET,equibind,scored,0.8610897749224408,12.0,105,97,,
1YDK,diffdock,scored,0.0717788680181095,12.0,98,105,C,
1YDK,equibind,scored,0.1136350119979753,12.0,104,84,D,
1YDR,diffdock,scored,0.9669773540716732,12.0,91,92,,
1YDR,equibind,scored,0.8441386543740775,12.0,91,89,C,
1YI3,diffdock,scored,0.8734285032898004,12.0,81,75,,
1YI3,equibind,scored,0.9624932372542335,12.0,81,82,,
1YFZ,diffdock,scored,0.7683166138186093,12.0,87,94,J,
1YFZ,equibind,scored,0.08102064762270589,12.0,83,95,F,
1YBG,diffdock,scored,0.0,12.0,136,132,E,
1YBG,equibind,scored,0.01973252213288559,12.0,134,111,H,
1YLV,diffdock,scored,0.9775444942921458,12.0,90,88,,
1YLV,equibind,scored,0.6499312124150501,12.0,90,87,,
1YLY,diffdock,scored,0.9300566723566626,12.0,82,86,F,
1YLY,equibind,scored,0.06751219704562555,12.0,82,53,F,
1YM1,diffdock,scored,0.0,12.0,93,90,E,
1YM1,equibind,scored,0.042127224620037415,12.0,95,57,H,
1YMS,diffdock,scored,0.0,12.0,82,88,C,
1YMS,equibind,scored,0.05274503332782369,12.0,82,47,D,
1YCM,diffdock,scored,0.9047955039904763,12.0,72,73,G,
1YCM,equibind,scored,0.8627696606766846,12.0,72,72,G,
1YMX,diffdock,scored,0.0,12.0,91,84,D,
1YMX,equibind,scored,0.024234613627133184,12.0,92,55,C,
1YM2,diffdock,scored,0.0,12.0,140,69,X:D,
1YM2,equibind,scored,0.0,12.0,124,124,Z:F,
1YM4,diffdock,scored,0.4221513869080438,12.0,136,133,X:D,
1YM4,equibind,scored,0.003995719455118916,12.0,127,124,Y:E,
1YOU,diffdock,scored,0.0,12.0,94,88,H,
1YOU,equibind,scored,0.05082277773803914,12.0,94,95,H,
1YND,diffdock,scored,0.6932542871910083,12.0,126,134,C,
1YND,equibind,scored,0.7145928667264094,12.0,126,125,C,
1YON,diffdock,scored,0.8484266693352174,12.0,118,129,,
1YON,equibind,scored,0.9482853783904132,12.0,118,122,,
1YQ7,diffdock,scored,0.9900656412232458,12.0,101,102,,
1YQ7,equibind,scored,0.8599139847080474,12.0,101,101,G,
1YQJ,diffdock,scored,0.9898043840642193,12.0,100,99,,
1YQJ,equibind,scored,0.8478075959199453,12.0,100,86,,
1YT9,diffdock,scored,0.9720703766702087,12.0,109,110,,
1YT9,equibind,scored,0.8210549493356234,12.0,109,99,C,
1YSG,diffdock,scored,0.9132482538953482,12.0,57,56,B,
1YSG,equibind,scored,0.4887089779842185,12.0,57,73,B,
1YQY,diffdock,scored,0.9601490437750309,12.0,103,99,,
1YQY,equibind,scored,0.7691717370674063,12.0,103,90,C,
1YVM,diffdock,scored,1.0,12.0,74,74,,
1YVM,equibind,scored,0.753966928954171,12.0,74,79,,
1YRS,diffdock,scored,0.0,12.0,86,85,H,
1YRS,equibind,scored,0.012415421811152983,12.0,86,70,E,
1YVF,diffdock,scored,0.9667166410920208,12.0,121,119,,
1YVF,equibind,scored,0.7181562313215282,12.0,121,107,,
1YW7,diffdock,scored,0.933693744153882,12.0,105,104,,
1YW7,equibind,scored,0.8416537537560047,12.0,105,108,,
1YKP,diffdock,scored,0.0,12.0,88,87,X,
1YKP,equibind,scored,0.0,12.0,89,39,P,
1YW8,diffdock,scored,0.9189619121905401,12.0,111,108,,
1YW8,equibind,scored,0.8097690511698998,12.0,111,106,,
1YVZ,diffdock,scored,0.9868991472829811,12.0,77,78,,
1YVZ,equibind,scored,0.7942217070904436,12.0,77,95,,
1YWI,diffdock,scored,0.5967699451005066,12.0,27,20,B:B,
1YWI,equibind,scored,0.9469924369946819,12.0,27,28,B:B,
1YY4,diffdock,scored,0.0,12.0,103,104,E,
1YY4,equibind,scored,0.08615455935813031,12.0,104,92,F,
1YYE,diffdock,scored,0.9716487308750772,12.0,106,109,F,
1YYE,equibind,scored,0.061976041481877776,12.0,106,110,F,
1YXD,diffdock,scored,0.3053240847517708,12.0,88,96,H,
1YXD,equibind,scored,0.8675600004467134,12.0,90,96,G,
1YYS,diffdock,scored,0.0,12.0,101,105,,
1YYS,equibind,scored,0.1613478338325878,12.0,101,106,,
1YYR,diffdock,scored,0.8861560916732045,12.0,116,107,H,
1YYR,equibind,scored,0.1543419657657879,12.0,116,97,H,
1YZ3,diffdock,scored,0.9789890728484449,12.0,97,95,C,
1YZ3,equibind,scored,0.17407213749931552,12.0,98,81,E,
1Z3J,diffdock,scored,0.9193857175913289,12.0,74,74,G,
1Z3J,equibind,scored,0.8394513877249847,12.0,74,74,G,
1Z3T,diffdock,scored,0.8893510295090377,12.0,100,101,B:B,
1Z3T,equibind,scored,0.838459224011135,12.0,100,96,B:B,
1Z3V,diffdock,scored,0.8903658835720453,12.0,97,102,B:B,
1Z3V,equibind,scored,0.4223923710381063,12.0,97,117,B:B,
1Z6D,diffdock,scored,0.0,12.0,61,61,G,
1Z6D,equibind,scored,0.04555333293256823,12.0,64,86,F,
1Z4O,diffdock,scored,0.9680892585503745,12.0,96,93,D,
1Z4O,equibind,scored,0.0,12.0,96,94,D,
1Z4N,diffdock,scored,0.0,12.0,93,94,F,
1Z4N,equibind,scored,0.24995032959414268,12.0,93,81,F,
1Z6E,diffdock,scored,0.9491217114650639,12.0,99,98,,
1Z6E,equibind,scored,0.9480118641710165,12.0,99,98,,
1Z4U,diffdock,scored,0.9592863864918701,12.0,124,121,,
1Z4U,equibind,scored,0.4646859629564529,12.0,124,119,,
1Z6S,diffdock,scored,0.9668407321519673,12.0,61,61,C,
1Z6S,equibind,scored,0.11711167423696787,12.0,64,84,D,
1Z95,diffdock,scored,0.983496966673047,12.0,127,125,,
1Z95,equibind,scored,0.9325495339920682,12.0,127,123,,
1Z6F,diffdock,scored,0.9756060789810341,12.0,85,83,,
1Z6F,equibind,scored,0.7224472370715035,12.0,85,83,B,
1Z9Y,diffdock,scored,1.0,12.0,93,93,,
1Z9Y,equibind,scored,0.9555849608608412,12.0,93,93,D,
1Z2B,diffdock,scored,0.0,12.0,106,157,L,
1Z2B,equibind,scored,0.00761708100118757,12.0,106,155,L,
1YWH,diffdock,scored,0.09282067273740943,12.0,183,153,H:H,
1YWH,equibind,scored,0.09347441981923076,12.0,191,131,J:J,
1ZAF,diffdock,scored,0.0,12.0,105,107,E,
1ZAF,equibind,scored,0.09051527127163203,12.0,107,110,F,
1ZC9,diffdock,scored,0.9884256212755274,12.0,88,87,,
1ZC9,equibind,scored,0.3500528983153165,12.0,88,97,D,
1ZD2,diffdock,scored,0.9708552560276962,12.0,106,103,,
1ZD2,equibind,scored,0.644712770800925,12.0,106,102,,
1Z9H,diffdock,scored,0.9625459667840893,12.0,108,108,P,
1Z9H,equibind,scored,0.0,12.0,110,88,L,
1ZE8,diffdock,scored,0.8934737008038395,12.0,95,93,,
1ZE8,equibind,scored,0.8634577171543822,12.0,95,94,,
1ZD3,diffdock,scored,0.903587452905159,12.0,113,114,,
1ZD3,equibind,scored,0.8818914389869188,12.0,113,106,,
1ZD5,diffdock,scored,0.8014262890441375,12.0,117,114,,
1ZD5,equibind,scored,0.8303517552773922,12.0,117,119,,
1ZD4,diffdock,scored,0.9375323283215673,12.0,112,111,,
1ZD4,equibind,scored,0.8043752933658114,12.0,112,119,,
1ZFQ,diffdock,scored,0.9214694937989264,12.0,86,89,C,
1ZFQ,equibind,scored,0.9193816095234728,12.0,86,89,C,
1ZGI,diffdock,scored,0.9574712512708369,12.0,95,93,,
1ZGI,equibind,scored,0.8701841129186734,12.0,95,91,,
1ZGV,diffdock,scored,0.8604380679210561,12.0,102,92,C,
1ZGV,equibind,scored,0.7860924966910582,12.0,102,93,,
1ZGB,diffdock,scored,0.8448560938991272,12.0,123,129,,
1ZGB,equibind,scored,0.6459649184466209,12.0,123,136,,
1ZHL,diffdock,scored,0.662510389688737,12.0,136,103,C:C,
1ZHL,equibind,scored,0.6124133402920555,12.0,136,107,C:C,
1ZHK,diffdock,scored,0.8361423226833108,12.0,139,148,C:C,
1ZHK,equibind,scored,0.6319312257848784,12.0,139,105,C:C,
1ZH7,diffdock,scored,0.0,12.0,57,61,D:D,
1ZH7,equibind,scored,0.041154347641343715,12.0,57,116,C:C,
1ZHY,diffdock,scored,0.8966962889013352,12.0,126,121,,
1ZHY,equibind,scored,0.7856138827374841,12.0,126,121,D,
1ZAJ,diffdock,scored,0.0,12.0,101,109,E,
1ZAJ,equibind,scored,0.0,12.0,109,111,H,
1ZKL,diffdock,scored,0.9134315069326955,12.0,88,92,,
1ZKL,equibind,scored,0.9108665811100987,12.0,88,90,,
1ZM6,diffdock,scored,0.4511819741080111,12.0,75,45,P:B,
1ZM6,equibind,scored,0.5861599826662724,12.0,75,72,P:B,
1ZKY,diffdock,scored,0.9166787009642385,12.0,107,108,F,
1ZKY,equibind,scored,0.17205074488253982,12.0,112,97,E,
1ZOE,diffdock,scored,0.9853837036610327,12.0,69,68,,
1ZOE,equibind,scored,0.8018671399128172,12.0,69,80,,
1ZOM,diffdock,scored,0.8875051205830168,12.0,107,107,,
1ZOM,equibind,scored,0.6603630609321018,12.0,107,85,C,
1ZOH,diffdock,scored,0.9713652590226999,12.0,69,71,,
1ZOH,equibind,scored,0.9283312335042397,12.0,69,72,E,
1ZPB,diffdock,scored,0.961558266312806,12.0,106,102,,
1ZPB,equibind,scored,0.8610505171320789,12.0,106,96,,
1ZOG,diffdock,scored,1.0,12.0,75,75,B,
1ZOG,equibind,scored,0.9227390934597189,12.0,75,81,B,
1ZPC,diffdock,scored,0.9531379283270406,12.0,106,107,,
1ZPC,equibind,scored,0.8330102769061917,12.0,106,97,,
1ZM7,diffdock,scored,0.9428046301330676,12.0,121,124,I,
1ZM7,equibind,scored,0.02736875545854001,12.0,118,78,G,
1ZSB,diffdock,scored,0.9770221580198654,12.0,87,87,,
1ZSB,equibind,scored,0.9197451614943487,12.0,87,88,,
1ZSR,diffdock,scored,0.9610508525509659,12.0,105,105,,
1ZSR,equibind,scored,0.8510628881224169,12.0,105,102,C,
1ZKN,diffdock,scored,0.0,12.0,86,86,G,
1ZKN,equibind,scored,0.0,12.0,86,89,G,
1ZUC,diffdock,scored,0.8825622029312418,12.0,107,110,C,
1ZUC,equibind,scored,0.13861941699280303,12.0,107,92,C,
1ZTQ,diffdock,scored,0.0,12.0,81,91,V,
1ZTQ,equibind,scored,0.0,12.0,81,100,V,
1ZYJ,diffdock,scored,0.9423175040133098,12.0,85,86,,
1ZYJ,equibind,scored,0.8228818089776656,12.0,85,84,,
1ZZ2,diffdock,scored,0.9174540393556635,12.0,108,107,,
1ZZ2,equibind,scored,0.4322223685613847,12.0,108,107,,
220L,diffdock,scored,1.0,12.0,72,72,,
220L,equibind,scored,0.8228575130521314,12.0,72,77,,
223L,diffdock,scored,1.0,12.0,72,72,,
223L,equibind,scored,0.5189000012766897,12.0,72,49,,
1ZZL,diffdock,scored,0.947535271846047,12.0,94,95,,
1ZZL,equibind,scored,0.8603364926629716,12.0,94,93,,
2A3I,diffdock,scored,0.33640055505876343,12.0,62,46,B:B,
2A3I,equibind,scored,0.6524429973457168,12.0,62,82,B:B,
1ZXV,diffdock,scored,0.0,12.0,93,91,F,
1ZXV,equibind,scored,0.0,12.0,93,76,F,
2A2G,diffdock,scored,0.9775828705272667,12.0,91,91,F,
2A2G,equibind,scored,0.09677750280228671,12.0,91,78,F,
1ZZ1,diffdock,scored,0.9326241160675457,12.0,104,101,T,
1ZZ1,equibind,scored,0.0,12.0,104,63,T,
1ZUB,diffdock,scored,0.49692764471561285,12.0,78,44,B:B,
1ZUB,equibind,scored,0.34116364164783525,12.0,78,35,B:B,
1ZZ3,diffdock,scored,0.9898851902783801,12.0,100,99,E,
1ZZ3,equibind,scored,0.00548069516737464,12.0,100,44,E,
2A4L,diffdock,scored,0.9633295145740876,12.0,81,82,,
2A4L,equibind,scored,0.8783622250098082,12.0,81,83,,
2A4G,diffdock,scored,0.0,12.0,84,82,,
2A4G,equibind,scored,0.5989955564228095,12.0,84,90,F,
2A4Q,diffdock,scored,0.8577683721775787,12.0,84,82,,
2A4Q,equibind,scored,0.24776064218600538,12.0,84,129,,
2A5B,diffdock,scored,0.03721518283861209,12.0,75,72,,
2A5B,equibind,scored,0.18745390807968992,12.0,75,99,,
2A4Z,diffdock,scored,0.9880878895029213,12.0,85,84,,
2A4Z,equibind,scored,0.9639116892569729,12.0,85,84,,
2A5C,diffdock,scored,0.040075120262837716,12.0,70,73,D,
2A5C,equibind,scored,0.3192113373995233,12.0,70,96,D,
2A4M,diffdock,scored,0.0,12.0,102,103,,
2A4M,equibind,scored,0.1125239679281222,12.0,102,101,,
2A58,diffdock,scored,0.8981585323755288,12.0,115,115,K,
2A58,equibind,scored,0.07678441544590128,12.0,115,107,O,
2A5S,diffdock,scored,0.7098780129203668,12.0,91,86,,
2A5S,equibind,scored,0.5967181836100903,12.0,91,89,,
2A8G,diffdock,scored,0.9711990355273078,12.0,71,71,,
2A8G,equibind,scored,0.6761433966016778,12.0,71,88,,
2A3X,diffdock,scored,0.0,12.0,108,109,EA,
2A3X,equibind,scored,0.0,12.0,108,5,BA,
2A5U,diffdock,scored,0.988074204082442,12.0,86,87,,
2A5U,equibind,scored,0.879871125549081,12.0,86,84,,
2A8H,diffdock,scored,0.0,12.0,91,92,D,
2A8H,equibind,scored,0.021655800296468557,12.0,91,81,D,
2AA6,diffdock,scored,0.9909431858156531,12.0,112,113,C,
2AA6,equibind,scored,0.015516345194158315,12.0,112,63,C,
2AA9,diffdock,scored,0.9612587178195067,12.0,104,102,,
2AA9,equibind,scored,0.8121627054890007,12.0,104,102,,
2AAC,diffdock,scored,0.0,12.0,79,79,C,
2AAC,equibind,scored,0.0,12.0,79,77,C,
2A0T,diffdock,scored,0.6594927090850781,12.0,44,42,B:B,
2A0T,equibind,scored,0.667582155338703,12.0,44,55,B:B,
2AAY,diffdock,scored,0.9331252092163513,12.0,104,103,,
2AAY,equibind,scored,0.8088202137984223,12.0,104,100,,
2ADA,diffdock,scored,0.9546295463374671,12.0,110,111,,
2ADA,equibind,scored,0.865378970460425,12.0,110,111,,
2ADU,diffdock,scored,0.9889121659377413,12.0,91,90,,
2ADU,equibind,scored,0.8009563809874628,12.0,91,87,,
2AEZ,diffdock,scored,0.9499432652899135,12.0,102,101,D:D,
2AEZ,equibind,scored,0.8368003806031934,12.0,102,94,D:D,
2AEL,diffdock,scored,0.8324380767482684,12.0,101,111,,
2AEL,equibind,scored,0.1464163850351308,12.0,101,111,,
2AI7,diffdock,scored,0.9673255786396868,12.0,92,91,,
2AI7,equibind,scored,0.847473062357371,12.0,92,88,,
2AD5,diffdock,scored,0.6624940782910282,12.0,89,107,E,
2AD5,equibind,scored,0.3125817105167079,12.0,89,122,E,
2A3W,equibind,scored,0.0,12.0,109,71,XA,
2AFW,diffdock,scored,0.0,12.0,74,71,H,
2AFW,equibind,scored,0.061681736116146864,12.0,74,58,H,
2AFX,diffdock,scored,0.9859360886445588,12.0,72,71,H,
2AFX,equibind,scored,0.01575206849751557,12.0,73,46,E,
2AIA,diffdock,scored,0.9796611078388446,12.0,99,99,,
2AIA,equibind,scored,0.7899278326769189,12.0,99,83,D,
2AIE,diffdock,scored,0.9887347568863639,12.0,90,89,,
2AIE,equibind,scored,0.865350110644359,12.0,90,88,,
2AIG,diffdock,scored,0.9877176155817935,12.0,83,82,,
2AIG,equibind,scored,0.8416068574233794,12.0,83,84,B,
2AI8,diffdock,scored,0.0,12.0,83,81,E,
2AI8,equibind,scored,0.006736234556006715,12.0,83,65,E,
2ALV,diffdock,scored,0.9671043333485464,12.0,93,92,,
2ALV,equibind,scored,0.8619608604002236,12.0,93,85,,
2AM1,diffdock,scored,0.9690830649270515,12.0,98,97,,
2AM1,equibind,scored,0.8020416986993996,12.0,98,102,,
2AL5,diffdock,scored,0.9903212962092389,12.0,103,104,E,
2AL5,equibind,scored,0.1502727912676601,12.0,104,95,C,
2AM2,diffdock,scored,0.9090301706201734,12.0,96,99,B,
2AM2,equibind,scored,0.8249760674071757,12.0,96,101,,
2AGV,diffdock,scored,0.9246331649670957,12.0,93,90,K,
2AGV,equibind,scored,0.09244013816711283,12.0,93,31,K,
2AMA,diffdock,scored,0.9135840433926067,12.0,117,113,,
2AMA,equibind,scored,0.9030085486928119,12.0,117,112,,
2AM9,diffdock,scored,0.9737209915501622,12.0,117,116,,
2AM9,equibind,scored,0.9100940433962655,12.0,117,111,,
2AM4,diffdock,scored,0.9261583632743883,12.0,111,107,,
2AM4,equibind,scored,0.8454278998624656,12.0,111,99,C,
2AO6,diffdock,scored,0.9731422230576587,12.0,114,111,,
2AO6,equibind,scored,0.9037034167303077,12.0,114,115,,
2AOE,diffdock,scored,0.9714920178883669,12.0,107,110,,
2AOE,equibind,scored,0.7827775902951856,12.0,107,108,I,
2AJD,diffdock,scored,0.0,12.0,86,86,S,
2AMT,diffdock,scored,0.03965845424865107,12.0,111,113,H,
2AMT,equibind,scored,0.13230841257125323,12.0,110,152,R,
2AN5,diffdock,scored,1.0,12.0,94,94,D,
2AN5,equibind,scored,0.044136087233277894,12.0,94,67,D,
2AJB,diffdock,scored,0.0,12.0,104,100,N,
2AJB,equibind,scored,0.0,12.0,104,2,GA,
2AMV,diffdock,scored,0.9602822945443612,12.0,77,76,,
2AMV,equibind,scored,0.8560771719440484,12.0,77,82,,
2AOF,diffdock,scored,0.8759600545909693,12.0,115,117,C:C,
2AOF,equibind,scored,0.7597668497001052,12.0,115,120,C:C,
2AOI,diffdock,scored,0.9348556285930661,12.0,114,113,C:C,
2AOI,equibind,scored,0.6712172006269873,12.0,114,86,C:C,
2AOJ,diffdock,scored,0.8057316452462144,12.0,110,111,C:C,
2AOJ,equibind,scored,0.7199907347662438,12.0,110,95,C:C,
2AOG,diffdock,scored,0.9710841221516886,12.0,107,106,C,
2AOG,equibind,scored,0.9149412601503397,12.0,107,112,C,
2AQ9,diffdock,scored,0.468170995333768,12.0,62,58,X:B,
2AQ9,equibind,scored,0.5385514427343643,12.0,62,103,X:B,
2AOW,diffdock,scored,0.0,12.0,92,90,C,
2AOW,equibind,scored,0.010622923321191078,12.0,96,75,D,
2AOX,diffdock,scored,0.0,12.0,91,91,D,
2AOX,equibind,scored,0.14175220897532362,12.0,93,72,C,
2AUC,diffdock,scored,0.013955263749781645,12.0,80,77,D:D,
2AUC,equibind,scored,0.0,12.0,80,148,D:D,
2AJ8,diffdock,scored,0.916220033945704,12.0,107,104,S,
2AJ8,equibind,scored,0.0,12.0,76,3,IA,
2AUX,diffdock,scored,0.9448511921957949,12.0,74,72,,
2AUX,equibind,scored,0.8847634995242586,12.0,74,68,,
2ATH,diffdock,scored,0.9769884061844737,12.0,134,133,D,
2ATH,equibind,scored,0.11511899265958107,12.0,130,102,C,
2AUZ,diffdock,scored,0.9455371912820061,12.0,75,71,,
2AUZ,equibind,scored,0.8625389164580086,12.0,75,71,,
2AVI,diffdock,scored,0.9849091626343003,12.0,67,68,F,
2AVI,equibind,scored,0.2209791006127107,12.0,67,59,D,
2AVM,diffdock,scored,0.9708496711694612,12.0,104,107,,
2AVM,equibind,scored,0.8368648357018846,12.0,104,102,,
2AX6,diffdock,scored,0.9911379944555564,12.0,115,114,,
2AX6,equibind,scored,0.8053775416869229,12.0,115,106,,
2AVO,diffdock,scored,0.9900430968606657,12.0,103,102,,
2AVO,equibind,scored,0.8666375855775665,12.0,103,111,,
2AQ7,diffdock,scored,0.0,12.0,111,110,E,
2AQ7,equibind,scored,0.8155125217653881,12.0,111,110,E,
2AQB,diffdock,scored,0.0,12.0,100,105,E,
2AQB,equibind,scored,0.12205632114467431,12.0,100,76,E,
2AY2,diffdock,scored,1.0,12.0,96,96,,
2AY2,equibind,scored,0.9356448004888933,12.0,96,94,,
2AY3,diffdock,scored,1.0,12.0,103,103,F,
2AY3,equibind,scored,0.6256245414527317,12.0,103,100,F,
2AY1,diffdock,scored,0.9897446835332443,12.0,99,98,,
2AY1,equibind,scored,0.8066332622959459,12.0,99,96,E,
2AZ8,diffdock,scored,0.9172700518019026,12.0,50,50,,
2AZ8,equibind,scored,0.7822441719217824,12.0,50,52,B,
2AY4,diffdock,scored,0.9898342964919953,12.0,99,100,,
2AY4,equibind,scored,0.8473594960991186,12.0,99,98,,
2AZ9,diffdock,scored,1.0,12.0,49,49,,
2AZ9,equibind,scored,0.7852275030884939,12.0,49,51,,
2AZ5,diffdock,scored,0.8148341594824129,12.0,106,106,E,
2AZ5,equibind,scored,0.4718844445344599,12.0,106,138,E,
2AZC,diffdock,scored,0.9707686637142148,12.0,105,106,A:3TL:200+B:3TL:200,
2AZC,equibind,scored,0.6829255653805447,12.0,105,138,A:3TL:200+B:3TL:200,
2AY6,diffdock,scored,0.9899828002221166,12.0,101,100,,
2AY6,equibind,scored,0.5942948037824684,12.0,101,104,,
2AY8,diffdock,scored,0.0,12.0,98,97,D,
2AY8,equibind,scored,0.7856987663273772,12.0,98,102,D,
2B17,diffdock,scored,0.9720469246001673,12.0,73,73,,
2B17,equibind,scored,0.7909309242813891,12.0,73,68,,
2AZM,diffdock,scored,0.0,12.0,76,68,D:D,
2AZM,equibind,scored,0.1705628335350247,12.0,76,48,D:D,
2AZR,diffdock,scored,0.9858543187308538,12.0,72,71,,
2AZR,equibind,scored,0.9424949989981213,12.0,72,70,,
2B1Q,diffdock,scored,0.842014306681731,12.0,86,77,B:B,
2B1Q,equibind,scored,0.7694806363641605,12.0,86,84,B:B,
2B1R,diffdock,scored,0.7769377376980019,12.0,88,77,B:B,
2B1R,equibind,scored,0.8231762617553646,12.0,88,83,B:B,
2B1P,diffdock,scored,0.9104323847757102,12.0,84,92,,
2B1P,equibind,scored,0.8755836049310267,12.0,84,95,,
2B4L,diffdock,scored,0.9884323576986487,12.0,87,86,,
2B4L,equibind,scored,0.8481798090955232,12.0,87,86,,
2B4M,diffdock,scored,0.9765414257382602,12.0,86,84,C,
2B4M,equibind,scored,0.1381011172163261,12.0,86,59,C,
2B1V,diffdock,scored,0.9172373998606669,12.0,109,108,F,
2B1V,equibind,scored,0.14490125998741993,12.0,109,99,E,
2B54,diffdock,scored,0.9542088051323687,12.0,88,86,,
2B54,equibind,scored,0.8254938452262739,12.0,88,94,,
2B7A,diffdock,scored,0.9622743716811131,12.0,78,81,D,
2B7A,equibind,scored,0.011148246958425556,12.0,78,94,C,
2B8V,diffdock,scored,0.9497742502974169,12.0,121,117,,
2B8V,equibind,scored,0.9214252635239665,12.0,121,116,,
2B8L,diffdock,scored,0.9602932932028528,12.0,129,124,,
2B8L,equibind,scored,0.88010829194479,12.0,129,122,,
2B7F,diffdock,scored,0.0,12.0,129,62,K:I,
2B7F,equibind,scored,0.13417137092611892,12.0,129,76,I:C,
2B9A,diffdock,scored,0.8134220051521753,12.0,54,52,C,
2B9A,equibind,scored,0.29729062423113545,12.0,54,81,C,
2B5J,diffdock,scored,1.0,12.0,82,82,,
2B5J,equibind,scored,0.7253573644744056,12.0,82,90,,
2B1I,diffdock,scored,0.12216125043677117,12.0,117,115,G,
2B1I,equibind,scored,0.11433269683436346,12.0,117,114,G,
2BBA,diffdock,scored,0.10942790363464053,12.0,84,50,P:B,
2BBA,equibind,scored,0.7519097822330246,12.0,84,91,P:B,
2BAJ,diffdock,scored,0.9831614169528283,12.0,119,119,,
2BAJ,equibind,scored,0.848350970061182,12.0,119,117,,
2BDL,diffdock,scored,0.8905702782155278,12.0,79,88,,
2BDL,equibind,scored,0.870801109179796,12.0,79,79,B,
2BAL,diffdock,scored,0.9778404260202527,12.0,91,91,,
2BAL,equibind,scored,0.6771508716531434,12.0,91,85,,
2BCD,diffdock,scored,0.860313390094628,12.0,81,76,B:B,
2BCD,equibind,scored,0.6637812895625703,12.0,81,65,B:B,
2BGD,diffdock,scored,0.9739841398038245,12.0,77,77,,
2BGD,equibind,scored,0.8804235304093743,12.0,77,72,,
2BAN,diffdock,scored,0.9438274682542064,12.0,88,89,,
2BAN,equibind,scored,0.8832341399681927,12.0,88,86,,
2BE2,diffdock,scored,0.9766737325949243,12.0,85,87,,
2BE2,equibind,scored,0.917586925560766,12.0,85,86,,
2BET,diffdock,scored,0.0,12.0,79,84,F,
2BET,equibind,scored,0.10151734791889354,12.0,62,97,J,
2BJM,diffdock,scored,0.9731301002508402,12.0,73,75,,
2BJM,equibind,scored,0.847104359786237,12.0,73,72,,
2BES,diffdock,scored,0.06997063079764375,12.0,85,85,G,
2BES,equibind,scored,0.0,12.0,85,58,G,
2B1G,diffdock,scored,0.0,12.0,109,102,L,
2B1G,equibind,scored,0.43622710694231376,12.0,108,116,G,
2BMZ,diffdock,scored,0.9174921447214003,12.0,58,63,E:E,
2BMZ,equibind,scored,0.631184976718015,12.0,46,48,C:C,
2BOH,diffdock,scored,0.989999066541405,12.0,102,101,,
2BOH,equibind,scored,0.9292966949473428,12.0,102,103,,
2BKT,diffdock,scored,0.9154042798923161,12.0,129,126,C,
2BKT,equibind,scored,0.014749718566162926,12.0,129,19,C,
2BOI,diffdock,scored,0.0,12.0,44,45,E,
2BOI,equibind,scored,0.8100140225271808,12.0,44,47,H,
2BMK,diffdock,scored,0.9734317663240787,12.0,77,75,G,
2BMK,equibind,scored,0.22826719252587777,12.0,77,74,G,
2BGR,diffdock,scored,0.0,12.0,95,115,Z:D,
2BGR,equibind,scored,0.02208172986244262,12.0,95,118,Z:D,
2BPV,diffdock,scored,0.9900367736482815,12.0,103,102,,
2BPV,equibind,scored,0.8001249473923374,12.0,103,90,,
2BOJ,diffdock,scored,0.0,12.0,46,45,O,
2BOJ,equibind,scored,0.0,12.0,46,81,K,
2BPY,diffdock,scored,1.0,12.0,104,104,C,
2BPY,equibind,scored,0.8607346788085722,12.0,104,106,C,
2BKZ,diffdock,scored,0.942036214197668,12.0,86,85,E,
2BKZ,equibind,scored,0.02239229217331958,12.0,83,91,G,
2BQ6,diffdock,scored,0.9603426998487417,12.0,101,103,,
2BQ6,equibind,scored,0.9065964662029713,12.0,101,100,,
2BQV,diffdock,scored,0.9704883886605076,12.0,105,102,,
2BQV,equibind,scored,0.9114327606856466,12.0,105,108,,
2BQW,diffdock,scored,0.8924461102313769,12.0,104,97,,
2BQW,equibind,scored,0.8329445772912596,12.0,104,88,,
2BRM,diffdock,scored,0.9731419965671383,12.0,76,74,,
2BRM,equibind,scored,0.9193248938408013,12.0,76,74,,
2BR6,diffdock,scored,0.9739901491981305,12.0,76,78,,
2BR6,equibind,scored,0.7903193784094372,12.0,76,87,,
2BRB,diffdock,scored,0.8953267970043691,12.0,77,75,,
2BRB,equibind,scored,0.9212406063485338,12.0,77,79,,
2BTR,diffdock,scored,0.9486162126068448,12.0,75,79,,
2BTR,equibind,scored,0.9200722959631372,12.0,75,77,,
2BT9,diffdock,scored,1.0,12.0,53,53,I,
2BT9,equibind,scored,0.1980306542850814,12.0,53,84,G,
2BTS,diffdock,scored,0.9731254298847829,12.0,76,74,,
2BTS,equibind,scored,0.8780743003357131,12.0,76,73,,
2BVD,diffdock,scored,0.974599160732685,12.0,80,80,,
2BVD,equibind,scored,0.7128835671148376,12.0,80,82,,
2BV4,diffdock,scored,0.9778737464043366,12.0,46,47,E,
2BV4,equibind,scored,0.9341485066094745,12.0,46,47,E,
2BRP,diffdock,scored,0.5628012940987179,12.0,105,131,,
2BRP,equibind,scored,0.42628532185460116,12.0,105,105,B,
2BUV,diffdock,scored,0.9514889354151733,12.0,84,80,,
2BUV,equibind,scored,0.8456419200758316,12.0,84,83,,
2BXT,diffdock,scored,0.9253496811066226,12.0,104,108,,
2BXT,equibind,scored,0.6591447093972838,12.0,104,98,,
2BVX,diffdock,scored,0.9623741182781236,12.0,104,108,,
2BVX,equibind,scored,0.8488924798264478,12.0,104,106,,
2BZ8,diffdock,scored,0.8638143483484577,12.0,78,80,C:C,
2BZ8,equibind,scored,0.8005463400233147,12.0,78,77,C:C,
2BGN,equibind,scored,0.0,12.0,148,69,W:I,
2BZA,diffdock,scored,0.987049836749472,12.0,78,77,,
2BZA,equibind,scored,0.8641658396034152,12.0,78,79,,
2BZZ,diffdock,scored,0.9178205450659707,12.0,87,86,,
2BZZ,equibind,scored,0.6783477921109846,12.0,87,71,,
2BW7,diffdock,scored,0.5764200516226824,12.0,95,93,L,
2BW7,equibind,scored,0.23006130121747714,12.0,94,104,H,
2C1Q,diffdock,scored,0.969258848269427,12.0,66,66,,
2C1Q,equibind,scored,0.6188669550933913,12.0,66,77,,
2C1B,diffdock,scored,0.8705701112185693,12.0,112,115,,
2C1B,equibind,scored,0.8350974908083298,12.0,112,113,C,
2C1A,diffdock,scored,0.9214956322228461,12.0,112,115,,
2C1A,equibind,scored,0.7814857974401099,12.0,112,98,C,
2C4V,diffdock,scored,0.9867214355932543,12.0,75,76,,
2C4V,equibind,scored,0.8944611272211489,12.0,75,79,,
2C3L,diffdock,scored,0.9729512945689289,12.0,74,74,,
2C3L,equibind,scored,0.8729478079811108,12.0,74,69,,
2C1P,diffdock,scored,0.9569885429121765,12.0,93,93,E,
2C1P,equibind,scored,0.0,12.0,93,82,F,
2C68,diffdock,scored,0.9408069350893962,12.0,83,84,,
2C68,equibind,scored,0.9386341595093686,12.0,83,82,,
2C69,diffdock,scored,0.940811213101929,12.0,85,84,,
2C69,equibind,scored,0.9147606637281501,12.0,85,80,,
2C2L,diffdock,scored,0.23768120483146077,12.0,115,82,E:E,
2C2L,equibind,scored,0.004119222069777631,12.0,115,110,E:E,
2C6G,diffdock,scored,0.8745359516276964,12.0,102,101,,
2C6G,equibind,scored,0.6714094463092587,12.0,102,102,,
2BYR,diffdock,scored,0.0,12.0,108,109,L,
2BYR,equibind,scored,0.0,12.0,106,121,O,
2C5O,diffdock,scored,0.0,12.0,81,79,F,
2C5O,equibind,scored,0.07865426809532654,12.0,81,69,F,
2C6I,diffdock,scored,0.9894650383412732,12.0,95,96,,
2C6I,equibind,scored,0.8476732484942819,12.0,95,100,,
2C6K,diffdock,scored,0.9757954098945225,12.0,84,82,,
2C6K,equibind,scored,0.8286044178217508,12.0,84,87,,
2BYS,diffdock,scored,0.020443129521024037,12.0,101,105,L,
2BYS,equibind,scored,0.0,12.0,102,99,N,
2C6L,diffdock,scored,0.956982055304023,12.0,95,91,,
2C6L,equibind,scored,0.868336899144277,12.0,95,87,,
2C6O,diffdock,scored,0.9437927841777465,12.0,91,88,,
2C6O,equibind,scored,0.8993578258318663,12.0,91,94,,
2C90,diffdock,scored,0.9531397977059322,12.0,85,85,F,
2C90,equibind,scored,0.6864460495299283,12.0,85,84,F,
2C57,diffdock,scored,0.026410432974081296,12.0,87,87,N,
2C57,equibind,scored,0.016943755747297513,12.0,87,23,R,
2C80,diffdock,scored,0.08413531623539608,12.0,106,105,E,
2C80,equibind,scored,0.46586892270046804,12.0,106,92,C,
2C97,diffdock,scored,0.10534102033665399,12.0,98,94,O,
2C97,equibind,scored,0.19995545246480828,12.0,99,93,F,
2CA8,diffdock,scored,0.9669367840523955,12.0,61,61,,
2CA8,equibind,scored,0.7935564493641313,12.0,61,59,B,
2CBS,diffdock,scored,0.9532402721176448,12.0,86,86,,
2CBS,equibind,scored,0.9386092775754578,12.0,86,85,,
2C94,diffdock,scored,0.08823346234164238,12.0,121,120,K,
2C94,equibind,scored,0.19745991650303493,12.0,122,106,F,
2C92,diffdock,scored,0.9916574717573862,12.0,122,121,N,
2C92,equibind,scored,0.0882723186148249,12.0,124,99,F,
2CCT,diffdock,scored,0.9798386726284548,12.0,99,99,,
2CCT,equibind,scored,0.9271172076516423,12.0,99,92,,
2CBZ,diffdock,scored,0.9433382154287406,12.0,72,70,,
2CBZ,equibind,scored,0.7721836256009423,12.0,72,73,,
2CCS,diffdock,scored,0.9060124453067356,12.0,96,91,,
2CCS,equibind,scored,0.9252673034512267,12.0,96,91,,
2CCU,diffdock,scored,0.8544122461775004,12.0,103,100,,
2CCU,equibind,scored,0.7812231248576851,12.0,103,104,,
2C9B,diffdock,scored,0.0,12.0,102,104,K,
2C9B,equibind,scored,0.0,12.0,102,89,K,
2C9D,diffdock,scored,0.0,12.0,116,116,K,
2C9D,equibind,scored,0.0,12.0,117,117,X,
2CBV,diffdock,scored,0.9358528139330344,12.0,91,93,C,
2CBV,equibind,scored,0.022462158751622534,12.0,91,63,C,
2CBU,diffdock,scored,0.0,12.0,97,96,C,
2CBU,equibind,scored,0.04600222211655621,12.0,97,59,C,
2CBJ,diffdock,scored,0.0,12.0,123,117,C,
2CBJ,equibind,scored,0.09724016395534076,12.0,123,79,C,
2CGW,diffdock,scored,0.9873700659866668,12.0,79,80,,
2CGW,equibind,scored,0.8693165449136715,12.0,79,77,,
2CGX,diffdock,scored,0.9866699159063652,12.0,76,75,,
2CGX,equibind,scored,0.8896269011018205,12.0,76,72,,
2CEQ,diffdock,scored,0.967107439907207,12.0,91,94,I,
2CEQ,equibind,scored,0.0,12.0,91,58,I,
2CE9,diffdock,scored,0.0,12.0,102,94,X:E,
2CE9,equibind,scored,0.0,12.0,102,26,X:E,
2CIA,diffdock,scored,0.5838996396954876,12.0,74,51,L:B,
2CIA,equibind,scored,0.543804207130939,12.0,74,71,L:B,
2CES,diffdock,scored,0.0,12.0,94,92,D,
2CES,equibind,scored,0.037783558146539484,12.0,94,65,D,
2CER,diffdock,scored,0.0,12.0,117,118,C,
2CER,equibind,scored,0.13291610045834723,12.0,110,92,F,
2CET,diffdock,scored,0.7885437687910684,12.0,112,115,F,
2CET,equibind,scored,0.047174712199792336,12.0,112,76,F,
2CEX,diffdock,scored,0.96312243997561,12.0,112,110,,
2CEX,equibind,scored,0.049269067485735375,12.0,112,85,,
2CJI,diffdock,scored,0.949493618600361,12.0,97,100,,
2CJI,equibind,scored,0.7629024508697524,12.0,97,87,,
2CHZ,diffdock,scored,0.9778712165029907,12.0,90,92,,
2CHZ,equibind,scored,0.9100512130346134,12.0,90,92,,
2CKM,diffdock,scored,0.845478653556684,12.0,123,118,,
2CKM,equibind,scored,0.7717508280511568,12.0,123,110,B,
2CLH,diffdock,scored,0.9563905272259257,12.0,115,112,,
2CLH,equibind,scored,0.8117729671733039,12.0,115,111,,
2CLF,diffdock,scored,0.9722164547394561,12.0,107,110,C,
2CLF,equibind,scored,0.7000830435241823,12.0,107,107,C,
2CLI,diffdock,scored,0.9583813286598419,12.0,119,120,,
2CLI,equibind,scored,0.8253869280948196,12.0,119,120,,
2CM8,diffdock,scored,0.9480416370613811,12.0,78,74,,
2CM8,equibind,scored,0.7831706986703084,12.0,78,68,,
2CLL,diffdock,scored,0.9830696008371875,12.0,120,118,,
2CLL,equibind,scored,0.807796410163229,12.0,120,117,,
2CLK,diffdock,scored,0.9785675001009649,12.0,94,92,,
2CLK,equibind,scored,0.8720868134867249,12.0,94,96,,
2CHT,diffdock,scored,0.0,12.0,87,89,O,
2CHT,equibind,scored,0.0,12.0,87,37,W,
2CMA,diffdock,scored,0.92731976003753,12.0,82,82,,
2CMA,equibind,scored,0.7187864843868631,12.0,82,77,,
2CMB,diffdock,scored,0.9643199042335224,12.0,86,85,,
2CMB,equibind,scored,0.6673783538348382,12.0,86,87,B,
2CLM,diffdock,scored,0.962768055629494,12.0,108,108,,
2CLM,equibind,scored,0.8084359245440128,12.0,108,114,,
2CLO,diffdock,scored,0.9911312579160315,12.0,113,114,,
2CLO,equibind,scored,0.8100754014754108,12.0,113,124,,
2CMC,diffdock,scored,0.9015547855029202,12.0,81,79,,
2CMC,equibind,scored,0.6614328316297536,12.0,81,72,B,
2CN8,diffdock,scored,0.9864363118270452,12.0,75,74,,
2CN8,equibind,scored,0.929865267672526,12.0,75,70,D,
2CSM,diffdock,scored,0.4749207886287121,12.0,41,31,,
2CSM,equibind,scored,0.3508063695439371,12.0,41,66,,
2CNE,diffdock,scored,0.9170287781980604,12.0,86,81,,
2CNE,equibind,scored,0.6655523167483357,12.0,86,74,B,
2CMO,diffdock,scored,0.8574387726335905,12.0,108,101,,
2CMO,equibind,scored,0.0926004331605286,12.0,108,141,,
2CMF,diffdock,scored,0.9191222959847213,12.0,121,123,,
2CMF,equibind,scored,0.733107166701948,12.0,121,120,B,
2CNF,diffdock,scored,0.9135733193791248,12.0,81,78,,
2CNF,equibind,scored,0.7425055992357635,12.0,81,88,,
2CSN,diffdock,scored,0.9632981281534373,12.0,82,81,,
2CSN,equibind,scored,0.885740785289793,12.0,82,75,,
2CV3,diffdock,scored,0.03147961974932338,12.0,112,67,B:B,
2CV3,equibind,scored,0.26819380476787485,12.0,112,88,B:B,
2CTC,diffdock,scored,0.9889425038086351,12.0,92,91,,
2CTC,equibind,scored,0.8359573817948005,12.0,92,91,,
2D2V,diffdock,scored,0.7900035541371401,12.0,89,79,B:B,
2D2V,equibind,scored,0.8169526227432435,12.0,89,87,B:B,
2D0K,diffdock,scored,0.0,12.0,88,88,D,
2D0K,equibind,scored,0.12564215514279917,12.0,88,62,D,
2D06,diffdock,scored,0.8325459879509033,12.0,104,93,F,
2D06,equibind,scored,0.07020400622480343,12.0,103,54,D,
2DBL,diffdock,scored,0.7350306181289501,12.0,78,67,,
2DBL,equibind,scored,0.6985889367080549,12.0,78,63,C,
2DDF,diffdock,scored,0.0,12.0,90,83,H,
2DDF,equibind,scored,0.0,12.0,90,79,H,
2DRI,diffdock,scored,0.9153509817232204,12.0,94,90,B,
2DRI,equibind,scored,0.8871863100772189,12.0,94,99,B,
2DS1,diffdock,scored,0.901700652412254,12.0,91,90,,
2DS1,equibind,scored,0.93423025990352,12.0,91,91,,
2DUA,diffdock,scored,0.9856369306584727,12.0,69,70,,
2DUA,equibind,scored,0.8608904232751523,12.0,69,75,,
2DUV,diffdock,scored,0.9653711804446183,12.0,89,90,,
2DUV,equibind,scored,0.8818867326720079,12.0,89,81,,
2E27,diffdock,scored,0.6780172374908822,12.0,76,61,,
2E27,equibind,scored,0.7955549264359943,12.0,76,75,F,
2DWX,diffdock,scored,0.0,12.0,69,90,P:E,
2DWX,equibind,scored,0.0,12.0,69,95,P:E,
2E1W,diffdock,scored,0.9378732812773983,12.0,115,110,,
2E1W,equibind,scored,0.7844014051981776,12.0,115,112,,
2D3U,diffdock,scored,0.9630521400226454,12.0,82,81,D,
2D3U,equibind,scored,0.0,12.0,82,93,D,
2E2R,diffdock,scored,0.980556798819219,12.0,104,104,,
2E2R,equibind,scored,0.9020069896489278,12.0,104,104,,
2D3Z,diffdock,scored,0.0,12.0,85,86,D,
2D3Z,equibind,scored,0.0,12.0,85,92,D,
2E5Y,diffdock,scored,0.9093214356971799,12.0,77,78,D,
2E5Y,equibind,scored,0.7167835994181507,12.0,80,88,C,
2DXS,diffdock,scored,0.9298119704122082,12.0,73,70,C,
2DXS,equibind,scored,0.0,12.0,71,84,D,
2E7F,diffdock,scored,0.9700009791490787,12.0,101,100,D,
2E7F,equibind,scored,0.0039514134277255164,12.0,101,129,D,
2E92,diffdock,scored,0.008949424634746109,12.0,103,103,E,
2E92,equibind,scored,0.8696075124079349,12.0,103,96,E,
2E91,diffdock,scored,0.0,12.0,94,91,E,
2E91,equibind,scored,0.754548324614486,12.0,94,97,E,
2E99,diffdock,scored,0.0,12.0,90,86,F,
2E99,equibind,scored,0.5780221008662294,12.0,98,114,C,
2E95,diffdock,scored,0.0,12.0,140,139,,
2E95,equibind,scored,0.22925513886332702,12.0,140,132,H,
2E94,diffdock,scored,0.0,12.0,124,123,D,
2E94,equibind,scored,0.1326295088986787,12.0,124,130,E,
2E9D,diffdock,scored,0.9726655467318701,12.0,75,73,C,
2E9D,equibind,scored,0.2446350743774165,12.0,75,79,C,
2E9O,diffdock,scored,0.9300168755813272,12.0,85,85,,
2E9O,equibind,scored,0.9030824224404349,12.0,85,83,,
2EA2,diffdock,scored,0.9117576145650301,12.0,112,110,,
2EA2,equibind,scored,0.7144137669506384,12.0,112,111,,
2EI6,diffdock,scored,0.9207533761551541,12.0,95,103,,
2EI6,equibind,scored,0.8623177430279394,12.0,95,98,,
2ER0,diffdock,scored,0.7675702472773034,12.0,143,122,I:B,
2ER0,equibind,scored,0.5751281575450088,12.0,143,118,I:B,
2ER6,diffdock,scored,0.7901961835274526,12.0,132,116,I:B,
2ER6,equibind,scored,0.5929325171013049,12.0,132,143,I:B,
2EEP,diffdock,scored,0.9591488563256181,12.0,98,98,C,
2EEP,equibind,scored,0.8329365458914311,12.0,98,92,,
2EG8,diffdock,scored,0.0,12.0,90,87,H,
2EG8,equibind,scored,0.021018919542260393,12.0,90,90,H,
2ER9,diffdock,scored,0.8470498497115846,12.0,138,132,I:B,
2ER9,equibind,scored,0.6645764046254697,12.0,138,120,I:B,
2EPN,diffdock,scored,0.9376712973935031,12.0,94,96,D,
2EPN,equibind,scored,0.6350910948940545,12.0,95,86,C,
2ESM,diffdock,scored,0.0,12.0,93,91,D,
2ESM,equibind,scored,0.0,12.0,93,104,D,
2EVM,diffdock,scored,0.9527284432601387,12.0,83,85,,
2EVM,equibind,scored,0.8737298044708671,12.0,83,90,,
2EVC,diffdock,scored,1.0,12.0,85,85,,
2EVC,equibind,scored,0.898798826902623,12.0,85,92,,
2ETM,diffdock,scored,0.016251161553410203,12.0,79,78,C,
2ETM,equibind,scored,0.2342267754421446,12.0,80,63,D,
2EW5,diffdock,scored,0.9038046081821816,12.0,82,82,,
2EW5,equibind,scored,0.7903965928126153,12.0,82,94,,
2EW6,diffdock,scored,0.962187292060314,12.0,80,79,,
2EW6,equibind,scored,0.8399029251216815,12.0,80,85,,
2EVO,diffdock,scored,0.9516498156655631,12.0,84,82,F,
2EVO,equibind,scored,0.10295545869120797,12.0,84,96,F,
2ETK,diffdock,scored,0.9789497210132186,12.0,95,95,C,
2ETK,equibind,scored,0.0,12.0,96,109,D,
2ETR,diffdock,scored,0.9450469999770589,12.0,89,92,C,
2ETR,equibind,scored,0.20321443276954432,12.0,89,95,C,
2EWA,diffdock,scored,0.9661738613680406,12.0,91,88,,
2EWA,equibind,scored,0.7188919430712973,12.0,91,89,,
2EXM,diffdock,scored,0.961075554632304,12.0,76,77,,
2EXM,equibind,scored,0.9335067080553818,12.0,76,77,,
2EWS,diffdock,scored,0.0,12.0,120,119,D,
2EWS,equibind,scored,0.7402440199443573,12.0,120,138,D,
2EZ7,diffdock,scored,0.5567113264502197,12.0,66,89,,
2EZ7,equibind,scored,0.728044383345048,12.0,66,76,,
2EWB,diffdock,scored,0.68833307920958,12.0,89,100,,
2EWB,equibind,scored,0.7250430565092357,12.0,89,104,,
2F01,diffdock,scored,0.9726381611367542,12.0,74,72,C,
2F01,equibind,scored,0.533599506226889,12.0,74,94,C,
2EXG,diffdock,scored,0.971736636064772,12.0,72,72,B,
2EXG,equibind,scored,0.86710119500023,12.0,72,67,B,
2F3E,diffdock,scored,0.002634781180592799,12.0,129,139,E,
2F3E,equibind,scored,0.0,12.0,130,98,F,
2EWY,diffdock,scored,0.0,12.0,127,135,G,
2EWY,equibind,scored,0.03549239887815454,12.0,132,89,E,
2F18,diffdock,scored,0.9033803901210125,12.0,91,92,,
2F18,equibind,scored,0.8585197326623814,12.0,91,92,,
2F3F,diffdock,scored,0.0,12.0,117,117,D,
2F3F,equibind,scored,0.0,12.0,115,82,F,
2F1A,diffdock,scored,0.8706384376602342,12.0,90,92,,
2F1A,equibind,scored,0.8710969249526713,12.0,90,94,,
2F1B,diffdock,scored,0.860472361184078,12.0,94,87,,
2F1B,equibind,scored,0.8904180412611343,12.0,94,88,,
2F5T,diffdock,scored,0.8574881983503178,12.0,70,74,A:B,
2F5T,equibind,scored,0.46890501546320146,12.0,70,64,A:B,
2F3R,diffdock,scored,0.9004417006723475,12.0,123,125,C,
2F3R,equibind,scored,0.4482117939007632,12.0,123,156,D,
2F8I,diffdock,scored,1.0,12.0,55,55,D,
2F8I,equibind,scored,0.3262066150453612,12.0,53,77,C,
2F9K,diffdock,scored,0.9501451924603567,12.0,98,101,,
2F9K,equibind,scored,0.7205622105166283,12.0,98,96,,
2FDA,diffdock,scored,0.9613672668199513,12.0,104,104,,
2FDA,equibind,scored,0.8177861932224623,12.0,104,90,E,
2FDD,diffdock,scored,0.9235483226906928,12.0,106,106,,
2FDD,equibind,scored,0.8317257872527976,12.0,106,103,,
2FAI,diffdock,scored,0.9185593815177792,12.0,112,109,E,
2FAI,equibind,scored,0.13861040801913033,12.0,107,98,F,
2FB8,diffdock,scored,0.008954841038774567,12.0,98,100,C,
2FB8,equibind,scored,0.12566920092263933,12.0,105,122,D,
2F7O,diffdock,scored,0.9422943188850686,12.0,87,86,,
2F7O,equibind,scored,0.9064675465343097,12.0,87,81,,
2FDE,diffdock,scored,0.9802265578797673,12.0,103,103,,
2FDE,equibind,scored,0.9317472866396834,12.0,103,110,,
2F7P,diffdock,scored,0.8678701645827862,12.0,100,93,,
2F7P,equibind,scored,0.8585265584867482,12.0,100,96,,
2FF1,diffdock,scored,0.010195895854677726,12.0,95,94,D,
2FF1,equibind,scored,0.2443763807022753,12.0,95,64,D,
2FF2,diffdock,scored,0.823024505884581,12.0,108,110,G,
2FF2,equibind,scored,0.1633001767557566,12.0,108,84,G,
2FJ0,diffdock,scored,0.944526512750618,12.0,123,126,,
2FJ0,equibind,scored,0.6820176313934182,12.0,123,123,,
2FDP,diffdock,scored,0.0,12.0,124,123,D,
2FDP,equibind,scored,0.0034136355654366506,12.0,128,126,F,
2FKF,diffdock,scored,0.5108882560057276,12.0,98,110,,
2FKF,equibind,scored,0.7502844977694975,12.0,98,92,B,
2FL2,diffdock,scored,0.9529695722215105,12.0,86,86,H,
2FL2,equibind,scored,0.031452092309902396,12.0,90,76,E,
2FHY,diffdock,scored,0.0,12.0,87,86,F,
2FHY,equibind,scored,0.0,12.0,87,129,J,
2FGH,diffdock,scored,0.9494712426072861,12.0,99,102,D,
2FGH,equibind,scored,0.0,12.0,99,107,D,
2FAH,diffdock,scored,0.0,12.0,91,92,H,
2FAH,equibind,scored,0.02686826519568358,12.0,91,80,H,
2FLE,diffdock,scored,0.9901161224515171,12.0,106,105,D,
2FLE,equibind,scored,0.8303706180319055,12.0,106,118,,
2FMB,diffdock,scored,0.8533082457350745,12.0,52,58,,
2FMB,equibind,scored,0.6130547459797397,12.0,52,58,B,
2FLU,diffdock,scored,0.46128878263903655,12.0,106,76,P:B,
2FLU,equibind,scored,0.6307397674274696,12.0,106,128,P:B,
2F2H,equibind,scored,0.0,12.0,109,48,N,
2FLR,diffdock,scored,0.5480254626286122,12.0,100,73,,
2FLR,equibind,scored,0.769624480091454,12.0,100,113,,
2FM2,diffdock,scored,0.0,12.0,86,77,,
2FM2,equibind,scored,0.33587915012439384,12.0,86,120,G,
2FLH,diffdock,scored,0.0,12.0,104,105,L,
2FLH,equibind,scored,0.0,12.0,81,86,G,
2FO4,diffdock,scored,0.6775842749307581,12.0,133,102,P:C,
2FO4,equibind,scored,0.6942160198096718,12.0,133,108,P:C,
2FQT,diffdock,scored,0.9468889091249084,12.0,55,58,,
2FQT,equibind,scored,0.15639451498269932,12.0,55,59,,
2FME,diffdock,scored,0.0,12.0,83,84,D,
2FME,equibind,scored,0.0,12.0,83,46,G,
2FQW,diffdock,scored,0.9257937164988721,12.0,105,109,,
2FQW,equibind,scored,0.8365194834380771,12.0,105,104,,
2FL5,diffdock,scored,0.0,12.0,85,82,J,
2FL5,equibind,scored,0.0,12.0,85,93,J,
2FPZ,diffdock,scored,0.0,12.0,80,80,E,
2FPZ,equibind,scored,0.0,12.0,79,15,F,
2FQX,diffdock,scored,0.9631676146970253,12.0,109,111,,
2FQX,equibind,scored,0.8517937816119958,12.0,109,109,,
2FR3,diffdock,scored,0.9880240465067927,12.0,85,84,,
2FR3,equibind,scored,0.8626906394728389,12.0,85,80,,
2FQY,diffdock,scored,0.9361566578512771,12.0,110,109,B,
2FQY,equibind,scored,0.8631497875038128,12.0,110,109,,
2FQ6,diffdock,scored,0.8820039047228738,12.0,106,109,C,
2FQ6,equibind,scored,0.3170199470378761,12.0,106,51,C,
2FTD,diffdock,scored,0.8895620282616372,12.0,106,108,C,
2FTD,equibind,scored,0.4790108745941892,12.0,108,105,D,
2FV9,diffdock,scored,0.0,12.0,88,87,F,
2FV9,equibind,scored,0.7527396193806939,12.0,88,81,F,
2FWP,diffdock,scored,0.968839043289449,12.0,64,64,,
2FWP,equibind,scored,0.18671112295270686,12.0,64,82,,
2FW6,diffdock,scored,0.9531521934111726,12.0,64,63,,
2FW6,equibind,scored,0.21545933658283237,12.0,64,76,,
2FV5,diffdock,scored,0.9212150062634351,12.0,103,99,D,
2FV5,equibind,scored,0.1666389586507294,12.0,103,61,D,
2FWY,diffdock,scored,0.9711404427314875,12.0,105,106,,
2FWY,equibind,scored,0.8825391423455236,12.0,105,101,B,
2FW3,diffdock,scored,0.9476626253287693,12.0,133,134,,
2FW3,equibind,scored,0.7325812374493111,12.0,133,127,,
2FWZ,diffdock,scored,0.9805066250744775,12.0,105,105,,
2FWZ,equibind,scored,0.9137476362723274,12.0,105,106,,
2FSV,diffdock,scored,0.0,12.0,111,127,,
2FSV,equibind,scored,0.682641209333322,12.0,111,112,,
2FX7,diffdock,scored,0.38822997087848304,12.0,90,58,P:C,
2FX7,equibind,scored,0.739802433919816,12.0,90,105,P:C,
2FXU,diffdock,scored,0.893671510318906,12.0,85,82,,
2FXU,equibind,scored,0.7502925892649976,12.0,85,66,G,
2FXR,diffdock,scored,0.9620820987373601,12.0,134,131,F,
2FXR,equibind,scored,0.05407366206065985,12.0,131,78,H,
2FX9,diffdock,scored,0.0,12.0,90,137,Q:F,
2FX9,equibind,scored,0.0,12.0,90,33,P:E,
2G19,diffdock,scored,0.989069035246036,12.0,93,92,,
2G19,equibind,scored,0.8162996152828434,12.0,93,92,,
2G0H,diffdock,scored,0.9591442126532413,12.0,123,122,D,
2G0H,equibind,scored,0.22432242509478692,12.0,122,92,C,
2G1Q,diffdock,scored,0.905518129920263,12.0,86,82,H,
2G1Q,equibind,scored,0.011851768315587655,12.0,89,76,E,
2FZC,diffdock,scored,0.9614828716098448,12.0,79,82,E,
2FZC,equibind,scored,0.07087009667154073,12.0,79,31,E,
2FZK,diffdock,scored,0.9135760122833734,12.0,106,103,E,
2FZK,equibind,scored,0.04745959019747735,12.0,106,31,E,
2FYV,diffdock,scored,0.9258241649878287,12.0,110,104,,
2FYV,equibind,scored,0.7061023159394285,12.0,110,88,,
2G1R,diffdock,scored,0.0,12.0,109,106,F,
2G1R,equibind,scored,0.0,12.0,109,32,F,
2G1Y,diffdock,scored,0.8567859137738342,12.0,111,107,D,
2G1Y,equibind,scored,0.03683667404064796,12.0,111,26,D,
2G24,diffdock,scored,0.8809943840944505,12.0,101,97,,
2G24,equibind,scored,0.08714270662973858,12.0,101,29,,
2G6P,diffdock,scored,0.9679285243278871,12.0,94,93,,
2G6P,equibind,scored,0.8530665144511839,12.0,94,98,,
2G71,diffdock,scored,0.0,12.0,115,113,D,
2G71,equibind,scored,0.09850227866915576,12.0,115,95,D,
2G78,diffdock,scored,0.9877956166737374,12.0,83,84,,
2G78,equibind,scored,0.8808698822407001,12.0,83,85,,
2G79,diffdock,scored,0.9255260740391532,12.0,78,82,,
2G79,equibind,scored,0.8920267602832355,12.0,78,76,,
2G83,diffdock,scored,0.971731026912709,12.0,107,108,J,
2G72,diffdock,scored,0.9639409116509537,12.0,113,111,D,
2G72,equibind,scored,0.063985661553137,12.0,113,89,D,
2G8R,diffdock,scored,0.7869979813854631,12.0,66,73,D,
2G8R,equibind,scored,0.27581389265950496,12.0,66,97,D,
2G8N,diffdock,scored,1.0,12.0,119,119,C,
2G8N,equibind,scored,0.12338681147819326,12.0,119,106,C,
2G5P,diffdock,scored,0.0,12.0,107,108,,
2G5P,equibind,scored,0.06647851607817432,12.0,107,120,C,
2G5T,diffdock,scored,0.0,12.0,95,100,,
2G5T,equibind,scored,0.10349754416310693,12.0,95,127,,
2G9Q,diffdock,scored,0.9241354072765807,12.0,92,91,,
2G9Q,equibind,scored,0.7167594153288542,12.0,92,91,,
2G9R,diffdock,scored,0.7807291866039392,12.0,117,125,,
2G9R,equibind,scored,0.6927287613349219,12.0,117,112,,
2G9U,diffdock,scored,0.8077246317630801,12.0,112,121,,
2G9U,equibind,scored,0.7549380702942641,12.0,112,115,,
2G9V,diffdock,scored,0.916640924139044,12.0,95,95,,
2G9V,equibind,scored,0.8204719989970012,12.0,95,97,,
2GD8,diffdock,scored,0.9245798454695957,12.0,94,93,D,
2GD8,equibind,scored,0.7909727615898212,12.0,94,94,D,
2G94,diffdock,scored,0.0,12.0,129,122,E,
2G94,equibind,scored,0.0,12.0,129,52,G,
2GEJ,diffdock,scored,0.838448679368973,12.0,117,125,,
2GEJ,equibind,scored,0.5351356538319052,12.0,117,100,,
2GEK,diffdock,scored,0.9277205219209528,12.0,98,99,,
2GEK,equibind,scored,0.24801413113441462,12.0,98,91,,
2GBG,diffdock,scored,0.9471743612534858,12.0,97,92,,
2GBG,equibind,scored,0.08868887527720143,12.0,97,104,,
2GBF,diffdock,scored,0.92517771963238,12.0,94,89,,
2GBF,equibind,scored,0.07740495072881308,12.0,94,110,,
2G63,diffdock,scored,0.0,12.0,117,116,,
2G63,equibind,scored,0.0,12.0,117,72,E,
2GFS,diffdock,scored,0.9652172864667358,12.0,88,87,,
2GFS,equibind,scored,0.8611705174631992,12.0,88,86,,
2GFK,diffdock,scored,0.0,12.0,87,85,G,
2GFK,equibind,scored,0.2596774692154403,12.0,86,83,M,
2GG0,diffdock,scored,0.872349675126241,12.0,91,95,,
2GG0,equibind,scored,0.7469901879649663,12.0,91,95,,
2GBI,diffdock,scored,0.8915254043444149,12.0,107,111,,
2GBI,equibind,scored,0.08737259944399603,12.0,107,126,,
2GG3,diffdock,scored,0.9880584280167641,12.0,85,84,,
2GG3,equibind,scored,0.8381640847406927,12.0,85,87,,
2GG5,diffdock,scored,0.9642602024557777,12.0,84,85,,
2GG5,equibind,scored,0.879112625315039,12.0,84,82,,
2GGB,diffdock,scored,0.924882842172523,12.0,92,93,,
2GGB,equibind,scored,0.8115171073606021,12.0,92,100,,
2GG7,diffdock,scored,1.0,12.0,86,86,,
2GG7,equibind,scored,0.8412319559902334,12.0,86,86,,
2GH7,diffdock,scored,0.03184314319993237,12.0,74,76,C,
2GH7,equibind,scored,0.5552933468996399,12.0,74,99,C,
2GGU,diffdock,scored,0.8804677531242112,12.0,50,52,E:E,
2GGU,equibind,scored,0.0,12.0,50,35,E:E,
2GH9,diffdock,scored,0.9823353151205455,12.0,118,116,B:B,
2GH9,equibind,scored,0.7807036450640961,12.0,118,109,B:B,
2GJ5,diffdock,scored,0.9109938308932738,12.0,92,88,B,
2GJ5,equibind,scored,0.7715606409055092,12.0,92,93,B,
2GKL,diffdock,scored,0.9166073951721767,12.0,73,73,,
2GKL,equibind,scored,0.7789396258349721,12.0,73,78,,
2GJ4,diffdock,scored,0.0,12.0,60,122,,
2GJ4,equibind,scored,0.0,12.0,60,101,,
2GNF,diffdock,scored,0.8978687643232623,12.0,97,95,,
2GNF,equibind,scored,0.776575184967257,12.0,97,93,,
2GMX,diffdock,scored,0.8822155829745294,12.0,84,84,G,
2GMX,equibind,scored,0.03287922801251779,12.0,84,94,G,
2GL0,diffdock,scored,0.955593101047192,12.0,91,89,G,
2GL0,equibind,scored,0.15754142322942577,12.0,89,113,J,
2GM9,diffdock,scored,0.0,12.0,62,69,,
2GM9,equibind,scored,0.0,12.0,62,122,,
2GLP,diffdock,scored,0.9333439715723287,12.0,89,91,S,
2GLP,equibind,scored,0.0,12.0,77,87,M,
2GM1,diffdock,scored,0.0,12.0,93,95,S,
2GM1,equibind,scored,0.027282926333057414,12.0,93,91,G,
2GH6,diffdock,scored,0.0,12.0,114,110,H,
2GH6,equibind,scored,0.05706772819055633,12.0,117,119,P,
2GTV,diffdock,scored,0.985168264097482,12.0,68,69,B,
2GTV,equibind,scored,0.8395213404009852,12.0,68,60,B,
2GNJ,diffdock,scored,0.9293066281855027,12.0,101,96,,
2GNJ,equibind,scored,0.8682981125850089,12.0,101,94,,
2GNI,diffdock,scored,0.9674981370165404,12.0,91,94,,
2GNI,equibind,scored,0.9128398418701686,12.0,91,91,,
2GTK,diffdock,scored,0.9572286521385315,12.0,118,117,,
2GTK,equibind,scored,0.923295476478147,12.0,118,123,,
2GVV,diffdock,scored,0.9583276233045798,12.0,94,98,,
2GVV,equibind,scored,0.8589991952326366,12.0,94,91,,
2GZ7,diffdock,scored,0.9317848916878295,12.0,90,86,B,
2GZ7,equibind,scored,0.7712083050862328,12.0,90,101,,
2GO4,diffdock,scored,0.73512853038014,12.0,141,135,G,
2GO4,equibind,scored,0.4845871660013121,12.0,146,100,J,
2GZL,diffdock,scored,0.8818385044111985,12.0,66,70,C,
2GZL,equibind,scored,0.17655992324305989,12.0,66,79,,
2H2D,diffdock,scored,0.3080159761447131,12.0,91,60,B:B,
2H2D,equibind,scored,0.540779536830942,12.0,91,122,B:B,
2H15,diffdock,scored,0.9310705192052621,12.0,101,102,,
2H15,equibind,scored,0.8650790866024807,12.0,101,103,,
2GYI,diffdock,scored,0.944340049657013,12.0,90,91,E,
2GYI,equibind,scored,0.005335424476322501,12.0,94,93,H,
2H4G,diffdock,scored,1.0,12.0,72,72,,
2H4G,equibind,scored,0.9005904695399948,12.0,72,71,,
2H4K,diffdock,scored,0.9860661787330424,12.0,72,73,,
2H4K,equibind,scored,0.9563502875293923,12.0,72,71,B,
2H4N,diffdock,scored,0.9539140977833951,12.0,87,87,,
2H4N,equibind,scored,0.8854952224538062,12.0,87,89,,
2H5D,diffdock,scored,0.8451026130567677,12.0,91,82,B:B,
2H5D,equibind,scored,0.8825813256442433,12.0,91,85,B:B,
2H5A,diffdock,scored,0.6415571738076378,12.0,92,98,,
2H5A,equibind,scored,0.7614095639730936,12.0,92,93,,
2H42,diffdock,scored,0.0,12.0,115,108,I,
2H42,equibind,scored,0.010395493441603076,12.0,106,105,L,
2H3E,diffdock,scored,0.9772588645004349,12.0,88,88,E,
2H3E,equibind,scored,0.0,12.0,89,43,G,
2H5I,diffdock,scored,0.7973348208367952,12.0,88,83,C:C,
2H5I,equibind,scored,0.5637811853049015,12.0,88,55,C:C,
2H65,diffdock,scored,0.0,12.0,89,90,F:F,
2H65,equibind,scored,0.03632866085388615,12.0,89,103,F:F,
2H5J,diffdock,scored,0.0,12.0,90,85,F:F,
2H5J,equibind,scored,0.06831944029668176,12.0,90,79,F:F,
2H6T,diffdock,scored,0.8577841044420949,12.0,110,114,B:B,
2H6T,equibind,scored,0.6345593485110906,12.0,110,94,B:B,
2H5E,diffdock,scored,0.0,12.0,76,80,C,
2H5E,equibind,scored,0.37893362863353625,12.0,76,90,C,
2H6B,diffdock,scored,0.9678596623564985,12.0,94,91,F,
2H6B,equibind,scored,0.14600982733350132,12.0,94,93,D,
2H6K,diffdock,scored,0.7655649579807781,12.0,125,104,C:C,
2H6K,equibind,scored,0.0,12.0,125,184,C:C,
2H96,diffdock,scored,0.9399230448523089,12.0,83,84,G,
2H96,equibind,scored,0.004995265624973222,12.0,84,97,K,
2HA0,diffdock,scored,0.9719601343891947,12.0,108,105,L,
2HA0,equibind,scored,0.0,12.0,108,79,W,
2HAH,diffdock,scored,0.8742696727790865,12.0,53,58,,
2HAH,equibind,scored,0.6101128139095418,12.0,53,72,B,
2HA2,diffdock,scored,0.8892731788150452,12.0,102,108,F,
2HA2,equibind,scored,0.16821528920897738,12.0,102,108,F,
2HA3,diffdock,scored,0.7693865498046009,12.0,87,84,I,
2HA3,equibind,scored,0.021932575935970148,12.0,89,68,F,
2HA4,diffdock,scored,0.0,12.0,73,73,D,
2HA4,equibind,scored,0.018841014374667966,12.0,73,76,D,
2HAI,diffdock,scored,0.9275586990984068,12.0,83,83,,
2HAI,equibind,scored,0.8643225187563449,12.0,83,86,,
2HA5,diffdock,scored,1.0,12.0,90,90,F,
2HA5,equibind,scored,0.06017667852176471,12.0,92,87,K,
2HA6,diffdock,scored,0.8894363568921989,12.0,109,101,C,
2HA6,equibind,scored,0.009010720393435355,12.0,108,98,G,
2HA7,diffdock,scored,0.0,12.0,74,90,I,
2HA7,equibind,scored,0.0,12.0,51,63,J,
2HB1,diffdock,scored,1.0,12.0,70,70,,
2HB1,equibind,scored,0.939608764251567,12.0,70,68,,
2HAW,diffdock,scored,0.0,12.0,103,103,V,
2HAW,equibind,scored,0.06935906817564645,12.0,103,87,V,
2HD1,diffdock,scored,0.9788897295363864,12.0,94,96,E,
2HD1,equibind,scored,0.041828493674628174,12.0,80,79,H,
2HF8,diffdock,scored,0.1665367527646298,12.0,124,125,F,
2HF8,equibind,scored,0.7116672270374825,12.0,124,136,F,
2HDS,diffdock,scored,0.18632002856682953,12.0,79,106,F,
2HDS,equibind,scored,0.28532355147933297,12.0,79,96,F,
2HH5,diffdock,scored,0.9008612005388545,12.0,119,123,G,
2HH5,equibind,scored,0.3770824596419297,12.0,119,136,G,
2HDQ,diffdock,scored,0.9738731523260477,12.0,75,77,C,
2HDQ,equibind,scored,0.18700653759608718,12.0,32,74,G,
2HIW,diffdock,scored,0.0,12.0,117,116,D,
2HIW,equibind,scored,0.1281682191128986,12.0,116,65,C,
2HMB,diffdock,scored,0.9754548805322111,12.0,83,83,,
2HMB,equibind,scored,0.800252391414397,12.0,83,90,,
2HKF,diffdock,scored,0.09333240182604616,12.0,88,94,P:C,
2HKF,equibind,scored,0.60712540688323,12.0,88,91,P:C,
2HMU,diffdock,scored,0.13883897636118223,12.0,89,92,D,
2HMU,equibind,scored,0.7626654181285514,12.0,88,91,C,
2HM1,diffdock,scored,0.9590039362812928,12.0,124,123,,
2HM1,equibind,scored,0.8278418356470483,12.0,124,123,B,
2HMV,diffdock,scored,0.9006051410819974,12.0,82,78,C,
2HMV,equibind,scored,0.3126196236811916,12.0,83,76,D,
2HMW,diffdock,scored,0.10442080045153493,12.0,87,90,D,
2HMW,equibind,scored,0.24128506025704002,12.0,87,91,D,
2HHA,diffdock,scored,0.9911591232895357,12.0,115,114,P,
2HHA,equibind,scored,0.08392687948369716,12.0,115,136,P,
2HJB,diffdock,scored,0.2386904126421525,12.0,103,75,E,
2HJB,equibind,scored,0.22854942617656088,12.0,103,95,F,
2HNX,diffdock,scored,0.9779969886210005,12.0,91,93,,
2HNX,equibind,scored,0.7501656613517581,12.0,91,110,,
2HNC,diffdock,scored,0.9651449534601116,12.0,85,86,,
2HNC,equibind,scored,0.8602179941337624,12.0,85,83,,
2HOB,diffdock,scored,0.8810936972199257,12.0,92,84,B:B,
2HOB,equibind,scored,0.7703441635851096,12.0,92,101,B:B,
2HOC,diffdock,scored,0.9460578603136242,12.0,93,92,C,
2HOC,equibind,scored,0.712712690243828,12.0,93,109,C,
2HR6,diffdock,scored,0.17610732646686994,12.0,55,48,,
2HR6,equibind,scored,0.46262967105366837,12.0,55,86,,
2HRM,diffdock,scored,0.1476294549011302,12.0,55,44,,
2HRM,equibind,scored,0.5459320047923475,12.0,55,80,,
2HVX,diffdock,scored,0.8897362106676373,12.0,101,98,,
2HVX,equibind,scored,0.765269386458375,12.0,101,91,,
2HOG,diffdock,scored,0.9089079639743575,12.0,91,85,,
2HOG,equibind,scored,0.8970210472329347,12.0,91,84,,
2HQU,diffdock,scored,0.9806043764940098,12.0,104,106,K,
2HQU,equibind,scored,0.06432111595371443,12.0,104,88,H,
2HW2,diffdock,scored,0.9263376990280746,12.0,86,86,D,
2HW2,equibind,scored,0.8559748388194638,12.0,86,90,,
2HNY,diffdock,scored,0.9371382039441134,12.0,81,82,,
2HNY,equibind,scored,0.8477649535533184,12.0,81,79,,
2HWP,diffdock,scored,0.8923191430513499,12.0,82,85,D,
2HWP,equibind,scored,0.034715910998294366,12.0,82,113,D,
2HZ0,diffdock,scored,0.9355515574994654,12.0,109,108,D,
2HZ0,equibind,scored,0.18415013470386138,12.0,109,99,D,
2HZN,diffdock,scored,0.9720717540363341,12.0,109,108,,
2HZN,equibind,scored,0.8821297379200712,12.0,109,114,,
2HZI,diffdock,scored,0.9892313339193815,12.0,95,94,D,
2HZI,equibind,scored,0.13995224168100642,12.0,97,88,C,
2HZL,diffdock,scored,0.0,12.0,88,88,F,
2HZL,equibind,scored,0.09129365542576907,12.0,87,93,D,
2HZ4,diffdock,scored,0.8811877689018823,12.0,85,81,D,
2HZ4,equibind,scored,0.22084458994019457,12.0,85,92,D,
2HWG,diffdock,scored,0.9591529374874658,12.0,96,98,F,
2HWG,equibind,scored,0.15322444378338743,12.0,96,89,F,
2HYY,diffdock,scored,0.0,12.0,120,120,E,
2HYY,equibind,scored,0.010569284737630026,12.0,121,109,G,
2I0V,diffdock,scored,0.8808749645451032,12.0,84,86,,
2I0V,equibind,scored,0.8686530946000702,12.0,84,83,,
2I0G,diffdock,scored,0.9573520586885021,12.0,94,98,C,
2I0G,equibind,scored,0.14605443547925234,12.0,95,98,D,
2I0H,diffdock,scored,0.9384721771138491,12.0,97,97,C,
2I0H,equibind,scored,0.8579867365496555,12.0,98,100,B,
2I0Y,diffdock,scored,0.9764691114128676,12.0,86,86,,
2I0Y,equibind,scored,0.9091367201382166,12.0,86,92,,
2I1M,diffdock,scored,0.9650809010151717,12.0,86,87,,
2I1M,equibind,scored,0.9173460958872696,12.0,86,87,,
2I2C,diffdock,scored,0.5618271466682144,12.0,89,67,,
2I2C,equibind,scored,0.8247049863131232,12.0,89,86,B,
2I3H,diffdock,scored,0.01393321271375697,12.0,58,34,D:D,
2I3H,equibind,scored,0.02038692787008235,12.0,58,45,D:D,
2HZY,diffdock,scored,0.9735446285470007,12.0,114,113,S,
2HZY,equibind,scored,0.6706990478060607,12.0,114,114,S,
2I3I,diffdock,scored,0.9806164719553105,12.0,53,52,D,
2I3I,equibind,scored,0.14130186669607228,12.0,53,67,D,
2I4W,diffdock,scored,0.981257443516036,12.0,109,107,,
2I4W,equibind,scored,0.887571432095545,12.0,109,111,C,
2I4T,diffdock,scored,0.08300670746955924,12.0,104,115,F,
2I4T,equibind,scored,0.05638030743688865,12.0,104,110,F,
2I3V,diffdock,scored,0.011659915888948533,12.0,95,67,M,
2I3V,equibind,scored,0.0,12.0,95,80,M,
2I6B,diffdock,scored,0.0,12.0,94,99,C,
2I6B,equibind,scored,0.0,12.0,92,25,D,
2I72,diffdock,scored,0.0,12.0,87,80,C,
2I72,equibind,scored,0.02912210016608856,12.0,78,113,D,
2IG0,diffdock,scored,0.9147648182882235,12.0,50,48,B:B,
2IG0,equibind,scored,0.8199053750862749,12.0,50,51,B:B,
2I5J,diffdock,scored,0.6408937908162281,12.0,75,85,,
2I5J,equibind,scored,0.7426302949962074,12.0,75,88,,
2I40,diffdock,scored,0.0,12.0,87,84,E,
2I40,equibind,scored,0.06365632017151852,12.0,87,81,E,
2IGV,diffdock,scored,0.4348791825883468,12.0,63,59,A:SER:201+A:PRO:202,
2IGV,equibind,scored,0.6702858601692058,12.0,63,80,A:SER:201+A:PRO:202,
2I3Z,diffdock,scored,0.0,12.0,109,109,,
2I3Z,equibind,scored,0.09224190907025623,12.0,109,128,,
2IGW,diffdock,scored,0.4257498600487265,12.0,63,60,A:GLY:201+A:PRO:202,
2IGW,equibind,scored,0.7789252261781681,12.0,63,54,A:GLY:201+A:PRO:202,
2IDK,diffdock,scored,0.9357999617742986,12.0,92,96,E,
2IDK,equibind,scored,0.008999921211971199,12.0,93,99,F,
2IGX,diffdock,scored,0.9690191043221393,12.0,132,132,,
2IGX,equibind,scored,0.6675454219190655,12.0,132,124,B,
2IHQ,diffdock,scored,0.9647999384022424,12.0,117,113,,
2IHQ,equibind,scored,0.9554548823787172,12.0,117,112,,
2IE4,diffdock,scored,0.9277803614817521,12.0,82,84,,
2IE4,equibind,scored,0.10274137823231043,12.0,82,156,,
2IHJ,diffdock,scored,0.8776855177857282,12.0,123,120,B,
2IHJ,equibind,scored,0.7547116244963264,12.0,123,115,,
2IO6,diffdock,scored,0.9884234673939605,12.0,88,87,,
2IO6,equibind,scored,0.904990209501369,12.0,88,84,B,
2IOK,diffdock,scored,0.9575714230348119,12.0,95,93,C,
2IOK,equibind,scored,0.1551907417675709,12.0,93,91,D,
2IRZ,diffdock,scored,0.9353498808090879,12.0,125,123,,
2IRZ,equibind,scored,0.7067850606763391,12.0,125,115,B,
2IMA,diffdock,scored,0.0,12.0,88,81,D,
2IMA,equibind,scored,0.0,12.0,88,106,D,
2IPO,diffdock,scored,0.0,12.0,88,89,I,
2IPO,equibind,scored,0.0,12.0,86,11,E,
2IIT,diffdock,scored,0.0,12.0,113,114,P,
2IIT,equibind,scored,0.06301653213825689,12.0,113,123,T,
2IT4,diffdock,scored,0.0,12.0,82,84,,
2IT4,equibind,scored,0.22905634229685135,12.0,82,55,,
2ISW,diffdock,scored,1.0,12.0,90,90,,
2ISW,equibind,scored,0.9091654580973927,12.0,90,90,,
2ISV,diffdock,scored,0.0,12.0,85,88,D,
2ISV,equibind,scored,0.7834900818335568,12.0,85,77,D,
2IOA,diffdock,scored,0.0,12.0,137,141,E,
2IOA,equibind,scored,0.036854952662595024,12.0,136,103,I,
2IIV,diffdock,scored,0.0,12.0,109,110,N,
2IIV,equibind,scored,0.08758487366160682,12.0,109,118,N,
2ITO,diffdock,scored,0.9517575652927687,12.0,103,104,,
2ITO,equibind,scored,0.8397829828568006,12.0,103,95,,
2ISC,diffdock,scored,0.0,12.0,100,98,N,
2ISC,equibind,scored,0.26579605676201434,12.0,108,126,L,
2ITY,diffdock,scored,0.9590191567853362,12.0,99,99,,
2ITY,equibind,scored,0.8707961081533149,12.0,99,100,,
2ITZ,diffdock,scored,0.9700697869173661,12.0,102,99,,
2ITZ,equibind,scored,0.8706866771479264,12.0,102,105,,
2IVU,diffdock,scored,0.9357306808114035,12.0,95,93,,
2IVU,equibind,scored,0.8454636756517072,12.0,95,89,D,
2IZX,diffdock,scored,0.9460746346148211,12.0,37,37,D,
2IZX,equibind,scored,0.7565710201563273,12.0,37,41,D,
2IZL,diffdock,scored,0.03215326124796506,12.0,72,74,C,
2IZL,equibind,scored,0.5308577422303566,12.0,72,96,C,
2J2U,diffdock,scored,0.9369791083543321,12.0,97,93,C,
2J2U,equibind,scored,0.8819914512007634,12.0,97,90,,
2J34,diffdock,scored,0.9687426999256797,12.0,98,95,,
2J34,equibind,scored,0.8328942443746203,12.0,98,96,,
2IYF,diffdock,scored,0.776525824380372,12.0,125,124,E,
2IYF,equibind,scored,0.20291491327845151,12.0,125,111,E,
2J4A,diffdock,scored,0.9528035633391243,12.0,129,129,,
2J4A,equibind,scored,0.8347009303364394,12.0,129,122,,
2J27,diffdock,scored,0.8649473566373943,12.0,77,80,D,
2J27,equibind,scored,0.2757315594616015,12.0,78,91,C,
2IW6,diffdock,scored,0.0,12.0,86,82,E,
2IW6,equibind,scored,0.06669522919368039,12.0,85,81,H,
2IU0,diffdock,scored,0.027525581782822883,12.0,60,93,,
2IU0,equibind,scored,0.02508358089148049,12.0,60,84,E,
2J47,diffdock,scored,0.912430401633878,12.0,91,91,,
2J47,equibind,scored,0.7852282919328261,12.0,91,100,,
2J4I,diffdock,scored,0.9506973984614855,12.0,102,101,,
2J4I,equibind,scored,0.842678791847756,12.0,102,91,C,
2J4Q,diffdock,scored,0.9277076052433254,12.0,69,70,D,
2J4Q,equibind,scored,0.13604257647105325,12.0,69,85,,
2J50,diffdock,scored,0.0,12.0,86,83,E,
2J50,equibind,scored,0.08839709492394754,12.0,86,58,C,
2J4Z,diffdock,scored,0.0,12.0,89,105,C,
2J4Z,equibind,scored,0.14119856438790027,12.0,89,90,C,
2J4G,diffdock,scored,0.0,12.0,95,91,F,
2J4G,equibind,scored,0.0,12.0,95,38,C,
2J4K,diffdock,scored,0.0,12.0,101,104,L,
2J4K,equibind,scored,0.05301362100865115,12.0,107,109,Z,
2J77,diffdock,scored,0.9115378130445966,12.0,88,90,E,
2J77,equibind,scored,0.04626468073684214,12.0,93,58,C,
2J75,diffdock,scored,0.0,12.0,92,89,F,
2J75,equibind,scored,0.04314777766625196,12.0,89,56,D,
2J62,diffdock,scored,0.9500583005946015,12.0,120,120,D,
2J62,equibind,scored,0.8406940072356964,12.0,120,117,D,
2J78,diffdock,scored,0.0,12.0,97,101,I,
2J78,equibind,scored,0.029275602733323944,12.0,97,65,I,
2J79,diffdock,scored,0.9793992110687723,12.0,96,98,C,
2J79,equibind,scored,0.04610113314051214,12.0,96,59,C,
2J7B,diffdock,scored,0.9264824364800733,12.0,95,94,C,
2J7B,equibind,scored,0.03700177417537432,12.0,94,79,E,
2J7D,diffdock,scored,0.9528671024439287,12.0,106,107,C,
2J7D,equibind,scored,0.0,12.0,106,82,C,
2J7X,diffdock,scored,0.9240658542380864,12.0,106,104,,
2J7X,equibind,scored,0.8501190843224747,12.0,106,106,,
2J83,diffdock,scored,0.09954188484895012,12.0,105,109,C,
2J83,equibind,scored,0.8558967163001232,12.0,105,104,C,
2J7F,diffdock,scored,0.0,12.0,107,105,C,
2J7F,equibind,scored,0.04974586732431108,12.0,106,70,E,
2J7G,diffdock,scored,0.9449982365488254,12.0,110,108,E,
2J7G,equibind,scored,0.0810762879336052,12.0,110,78,E,
2J7W,diffdock,scored,0.9352768214766568,12.0,62,60,,
2J7W,equibind,scored,0.5374766988150909,12.0,62,66,,
2J7E,diffdock,scored,0.0,12.0,109,107,E,
2J7E,equibind,scored,0.05705820886555396,12.0,109,76,E,
2J7H,diffdock,scored,0.9082636923368653,12.0,86,86,G,
2J7H,equibind,scored,0.02318640137546773,12.0,86,54,G,
2J95,diffdock,scored,0.9690195769534062,12.0,98,97,,
2J95,equibind,scored,0.896059597333769,12.0,98,96,,
2J94,diffdock,scored,0.9284371143250755,12.0,99,98,,
2J94,equibind,scored,0.7682251338269979,12.0,99,98,,
2J87,diffdock,scored,0.9385254030495485,12.0,97,99,E,
2J87,equibind,scored,0.5224300570439275,12.0,103,114,N,
2J9H,diffdock,scored,0.9896756391987133,12.0,97,98,C,
2J9H,equibind,scored,0.0379142322651347,12.0,95,72,D,
2JBK,diffdock,scored,0.9160589400278629,12.0,109,104,,
2JBK,equibind,scored,0.7644316068086133,12.0,109,103,,
2JAL,diffdock,scored,0.0,12.0,92,95,F,
2JAL,equibind,scored,0.07951703833186345,12.0,91,59,C,
2JBO,diffdock,scored,0.9500586252746241,12.0,82,80,,
2JBO,equibind,scored,0.9745405801819995,12.0,82,80,,
2JA3,diffdock,scored,0.0,12.0,69,68,I,
2JA3,equibind,scored,0.133505345890532,12.0,66,83,H,
2J9L,diffdock,scored,0.0,12.0,74,75,T,
2J9L,equibind,scored,0.0,12.0,74,103,T,
2JDL,diffdock,scored,0.24346359242007298,12.0,99,62,C:C,
2JDL,equibind,scored,0.7185584822228506,12.0,99,103,C:C,
2JBL,diffdock,scored,0.9466285934591929,12.0,114,114,,
2JBL,equibind,scored,0.36975981879644915,12.0,114,117,N,
2JDM,diffdock,scored,0.0,12.0,45,47,K,
2JDM,equibind,scored,0.19011571991670329,12.0,45,93,K,
2JDN,diffdock,scored,0.0,12.0,47,45,I,
2JDN,equibind,scored,0.44631378081092105,12.0,47,72,I,
2JDO,diffdock,scored,0.7991617495173088,12.0,113,121,,
2JDO,equibind,scored,0.7692597213430794,12.0,113,107,,
2JDT,diffdock,scored,0.9825020346231153,12.0,114,116,,
2JDT,equibind,scored,0.7977856753828015,12.0,114,107,,
2JDP,diffdock,scored,0.0,12.0,46,45,K,
2JDP,equibind,scored,0.023359025833717385,12.0,46,99,E,
2JC0,diffdock,scored,0.8947821429459575,12.0,123,122,C,
2JC0,equibind,scored,0.037048270773984884,12.0,121,95,E,
2JEW,diffdock,scored,0.9802300694109047,12.0,103,101,,
2JEW,equibind,scored,0.7466083835123076,12.0,103,90,D,
2JDU,diffdock,scored,0.0,12.0,46,46,R,
2JDU,equibind,scored,0.26529003793509376,12.0,46,100,R,
2JDY,diffdock,scored,0.9339903078131371,12.0,47,44,K,
2JDY,equibind,scored,0.0,12.0,46,76,H,
2JFH,diffdock,scored,0.9444830502941015,12.0,124,129,,
2JFH,equibind,scored,0.6778566582217105,12.0,124,114,B,
2JF4,diffdock,scored,0.8993514982374299,12.0,127,126,,
2JF4,equibind,scored,0.786112572932349,12.0,127,113,B,
2JG8,diffdock,scored,0.0,12.0,61,62,,
2JG8,equibind,scored,0.01972983198464676,12.0,61,74,,
2JH0,diffdock,scored,0.9809615419941093,12.0,106,106,,
2JH0,equibind,scored,0.7782745669021134,12.0,106,94,D,
2JGS,diffdock,scored,0.9494134932066609,12.0,79,79,E,
2JGS,equibind,scored,0.08175282574742065,12.0,81,103,H,
2JH5,diffdock,scored,0.9902138934171941,12.0,103,104,,
2JH5,equibind,scored,0.8316946708320025,12.0,103,98,,
2JG0,diffdock,scored,0.9467146161264445,12.0,130,133,,
2JG0,equibind,scored,0.919569340642611,12.0,130,124,,
2JH6,diffdock,scored,0.9210701752177907,12.0,105,103,,
2JH6,equibind,scored,0.8277686457368123,12.0,105,92,,
2JJR,diffdock,scored,0.9508433300953337,12.0,41,39,,
2JJR,equibind,scored,0.5836898149923594,12.0,41,56,,
2JJ3,diffdock,scored,0.9508131699903941,12.0,99,104,D,
2JJ3,equibind,scored,0.16297803014472312,12.0,99,102,C,
2JKH,diffdock,scored,0.9601660507353881,12.0,100,104,,
2JKH,equibind,scored,0.795348914574785,12.0,100,87,,
2JBP,equibind,scored,0.0,12.0,86,0,M,
2JKO,diffdock,scored,0.9154724276272991,12.0,81,82,,
2JKO,equibind,scored,0.860065163192632,12.0,81,78,,
2JIW,diffdock,scored,0.0,12.0,91,92,D,
2JIW,equibind,scored,0.10013761367080946,12.0,91,72,D,
2JKQ,diffdock,scored,0.9437730810624306,12.0,89,90,,
2JKQ,equibind,scored,0.7682914719384383,12.0,89,98,,
2JJK,diffdock,scored,0.0,12.0,113,116,E,
2JJK,equibind,scored,0.08907425373680664,12.0,113,162,E,
2JO9,diffdock,scored,0.7666074353453363,12.0,25,24,B:B,
2JO9,equibind,scored,0.8659022718420852,12.0,25,28,B:B,
2JKE,diffdock,scored,0.0,12.0,94,91,I,
2JKE,equibind,scored,0.026418512151792483,12.0,93,87,C,
2JKP,diffdock,scored,0.9780342914562025,12.0,94,92,C,
2JKP,equibind,scored,0.013951930553158232,12.0,95,86,G,
2JJB,diffdock,scored,0.0,12.0,123,131,B:3CU:1545+B:GLC:1546,
2JJB,equibind,scored,0.05090771893703757,12.0,123,79,B:3CU:1545+B:GLC:1546,
2JNP,diffdock,scored,0.9623289092729904,12.0,81,80,F,
2JNP,equibind,scored,0.8867623184125593,12.0,81,82,F,
2JQ9,diffdock,scored,0.5127050110141289,12.0,58,56,B:B,
2JQ9,equibind,scored,0.5631568933080093,12.0,58,44,B:B,
2JQK,diffdock,scored,0.5114982132618171,12.0,57,55,B:B,
2JQK,equibind,scored,0.7416244277099305,12.0,57,50,B:B,
2JOA,diffdock,scored,0.5814334654953638,12.0,66,49,B:B,
2JOA,equibind,scored,0.5926878055146626,12.0,66,86,B:B,
2JXR,diffdock,scored,0.975393787598608,12.0,123,124,,
2JXR,equibind,scored,0.8092886354776855,12.0,123,118,C,
2JUP,diffdock,scored,0.4428495278894519,12.0,28,29,P:B,
2JUP,equibind,scored,0.75649928079454,12.0,28,34,P:B,
2JSD,diffdock,scored,0.9501662383814578,12.0,79,81,F,
2JSD,equibind,scored,0.7612686230744429,12.0,79,65,F,
2JST,diffdock,scored,1.0,12.0,66,66,C,
2JST,equibind,scored,1.0,12.0,66,66,C,
2JQL,diffdock,scored,0.5003552749246635,12.0,44,36,B:B,
2JQL,equibind,scored,0.2714987681288368,12.0,44,101,B:B,
2JQI,diffdock,scored,0.8259064333430252,12.0,45,51,B:B,
2JQI,equibind,scored,0.5502305246515679,12.0,45,62,B:B,
2K0G,diffdock,scored,0.9712637902074658,12.0,71,71,B,
2K0G,equibind,scored,0.8844951043002692,12.0,71,73,B,
2K00,diffdock,scored,0.4893060860249993,12.0,54,30,B:B,
2K00,equibind,scored,0.4142401872506679,12.0,54,71,B:B,
2K2G,diffdock,scored,0.972085030623428,12.0,72,74,D,
2K2G,equibind,scored,0.6580001397160875,12.0,72,67,D,
2KE1,diffdock,scored,0.7583264547174835,12.0,50,40,B:B,
2KE1,equibind,scored,0.8627931680522916,12.0,50,54,B:B,
2KGI,diffdock,scored,0.7134686825117196,12.0,47,36,B:B,
2KGI,equibind,scored,0.9483347052183433,12.0,47,47,B:B,
2K4I,diffdock,scored,0.8663962853675267,12.0,56,62,C,
2K4I,equibind,scored,0.7650487270116723,12.0,56,50,C,
2K2R,diffdock,scored,0.5921736218550236,12.0,47,52,B:B,
2K2R,equibind,scored,0.4228505460149147,12.0,47,38,B:B,
2KDH,diffdock,scored,0.9434143550387113,12.0,54,55,C,
2KDH,equibind,scored,0.7855716587062469,12.0,54,66,C,
2KBS,diffdock,scored,0.5480929804027641,12.0,75,47,B:B,
2KBS,equibind,scored,0.5610431368801719,12.0,75,54,B:B,
2K1Q,diffdock,scored,0.7338205490206221,12.0,75,64,B:B,
2K1Q,equibind,scored,0.7223385725369386,12.0,75,75,B:B,
2KP8,diffdock,scored,0.964130367219919,12.0,59,57,D,
2KP8,equibind,scored,0.09870345121970328,12.0,59,118,D,
2KHH,diffdock,scored,0.4996693259798747,12.0,46,26,B:B,
2KHH,equibind,scored,0.8328111400233839,12.0,46,53,B:B,
2KSP,diffdock,scored,0.6323181983402659,12.0,46,35,B:B,
2KSP,equibind,scored,0.6326784755403883,12.0,46,62,B:B,
2KO7,diffdock,scored,0.9019581411708315,12.0,59,63,B,
2KO7,equibind,scored,0.8634592332600669,12.0,59,59,B,
2K46,diffdock,scored,0.9766179142166213,12.0,44,43,B:B,
2K46,equibind,scored,0.6866668267706163,12.0,44,42,B:B,
2L0I,diffdock,scored,0.6971857204046515,12.0,60,52,B:B,
2L0I,equibind,scored,0.4239913484682427,12.0,60,110,B:B,
2KVM,diffdock,scored,0.6702404310093938,12.0,55,50,B:B,
2KVM,equibind,scored,0.7489189366227665,12.0,55,46,B:B,
2L12,diffdock,scored,0.6764578020180326,12.0,51,41,B:B,
2L12,equibind,scored,0.7772724509673736,12.0,51,44,B:B,
2KOH,diffdock,scored,0.2802433244848685,12.0,87,47,B:B,
2KOH,equibind,scored,0.46930151680599386,12.0,87,75,B:B,
2KS9,diffdock,scored,0.593783587555729,12.0,61,71,B:B,
2KS9,equibind,scored,0.6341956059367964,12.0,61,50,B:B,
2L1B,diffdock,scored,0.6654761663230961,12.0,54,41,B:B,
2L1B,equibind,scored,0.8644140562704012,12.0,54,50,B:B,
2LAS,diffdock,scored,0.5166935402698588,12.0,51,36,B:B,
2LAS,equibind,scored,0.7197185785641731,12.0,51,64,B:B,
2L98,diffdock,scored,0.9686379988388724,12.0,64,64,D,
2L98,equibind,scored,0.8639046519582991,12.0,64,62,D,
2L6E,diffdock,scored,0.398946212690646,12.0,61,31,B:B,
2L6E,equibind,scored,0.8970806873728826,12.0,61,65,B:B,
2L3R,diffdock,scored,0.6905389160779473,12.0,84,63,B:B,
2L3R,equibind,scored,0.6359909407763883,12.0,84,73,B:B,
2L6J,diffdock,scored,0.5421172724484044,12.0,74,50,B:B,
2L6J,equibind,scored,0.6501206751769809,12.0,74,79,B:B,
2LKK,diffdock,scored,0.954266300317754,12.0,86,90,B,
2LKK,equibind,scored,0.7276334476706012,12.0,86,70,B,
2LBV,diffdock,scored,0.9469736336681043,12.0,95,96,D,
2LBV,equibind,scored,0.7725911956654741,12.0,95,94,D,
2LPR,diffdock,scored,0.9007605480060733,12.0,87,79,P:B,
2LPR,equibind,scored,0.9162619648371786,12.0,87,86,P:B,
2LKO,diffdock,scored,0.9206495995195957,12.0,50,52,B,
2LKO,equibind,scored,0.5389518256845129,12.0,50,30,B,
2LIQ,diffdock,scored,0.9622011400034951,12.0,55,53,B:B,
2LIQ,equibind,scored,0.8797924348984818,12.0,55,53,B:B,
2LTW,diffdock,scored,0.6696465247853268,12.0,27,28,B:B,
2LTW,equibind,scored,0.5840613158207455,12.0,27,33,B:B,
2LTV,diffdock,scored,0.8397491866271971,12.0,28,30,B:B,
2LTV,equibind,scored,0.8450349140256768,12.0,28,32,B:B,
2LBM,diffdock,scored,0.5339247275541363,12.0,70,53,C:B,
2LBM,equibind,scored,0.47817689067962066,12.0,70,44,C:B,
2LTX,diffdock,scored,0.7654392250448123,12.0,32,26,B:B,
2LTX,equibind,scored,0.8856312383557478,12.0,32,35,B:B,
2LSV,diffdock,scored,0.7394297631639877,12.0,69,66,B:B,
2LSV,equibind,scored,0.6855046147075778,12.0,69,86,B:B,
2LTY,diffdock,scored,0.9621418904898368,12.0,30,29,B:B,
2LTY,equibind,scored,1.0,12.0,30,30,B:B,
2LL6,diffdock,scored,0.39922493012823357,12.0,135,68,B:B,
2LL6,equibind,scored,0.7657495034980277,12.0,135,119,B:B,
2LL7,diffdock,scored,0.5215234860890645,12.0,129,84,B:B,
2LL7,equibind,scored,0.675705576775439,12.0,129,100,B:B,
2LY0,diffdock,scored,0.9757150724718999,12.0,84,82,E,
2LY0,equibind,scored,0.7994288913449339,12.0,84,85,E,
2M0O,diffdock,scored,0.674204521771904,12.0,36,31,B:B,
2M0O,equibind,scored,0.8028242273703985,12.0,36,32,B:B,
2LYA,diffdock,scored,1.0,12.0,49,49,B,
2LYA,equibind,scored,0.7707957238631516,12.0,49,55,B,
2LYB,diffdock,scored,0.8950769329536418,12.0,49,46,B,
2LYB,equibind,scored,0.7599770385396378,12.0,49,61,B,
2M41,diffdock,scored,0.5205936799734115,12.0,109,75,A:A,
2M41,equibind,scored,0.5398194401227019,12.0,109,64,A:A,
2MIP,diffdock,scored,0.4183590503199149,12.0,106,57,H:H,
2MIP,equibind,scored,0.06883264799453677,12.0,105,76,G:G,
2MAS,diffdock,scored,0.0,12.0,100,107,H,
2MAS,equibind,scored,0.04507124934938521,12.0,102,81,F,
2M0V,diffdock,scored,0.416776301055733,12.0,66,34,B:B,
2M0V,equibind,scored,0.706411682657077,12.0,66,52,B:B,
2MJI,diffdock,scored,0.9135154130821291,12.0,90,94,B,
2MJI,equibind,scored,0.8680261561050377,12.0,90,98,B,
2MNZ,diffdock,scored,0.731217473120685,12.0,49,38,B:B,
2MNZ,equibind,scored,0.7123423704188444,12.0,49,42,B:B,
2MC1,diffdock,scored,0.6120855079181912,12.0,71,59,B:B,
2MC1,equibind,scored,0.5586734346873169,12.0,71,95,B:B,
2N8T,diffdock,scored,0.8145987021913957,12.0,30,35,B:B,
2N8T,equibind,scored,0.6300105601035088,12.0,30,37,B:B,
2N0U,diffdock,scored,0.8531666069472452,12.0,55,55,B,
2N0U,equibind,scored,0.8249060969111712,12.0,55,50,B,
2MLM,diffdock,scored,1.0,12.0,72,72,B,
2MLM,equibind,scored,0.8067256320336841,12.0,72,65,B,
2MPS,diffdock,scored,0.3122561628046708,12.0,72,48,B:B,
2MPS,equibind,scored,0.7896368854704386,12.0,72,69,B:B,
2MG5,diffdock,scored,0.3916305450701673,12.0,131,66,B:B,
2MG5,equibind,scored,0.6772810716474295,12.0,131,104,B:B,
2N27,diffdock,scored,0.9405540837310317,12.0,103,101,F,
2N27,equibind,scored,0.6821500407326823,12.0,103,84,F,
2NM1,diffdock,scored,0.22200623415979298,12.0,73,89,B:B,
2NM1,equibind,scored,0.7479015046682266,12.0,73,90,B:B,
2NN8,diffdock,scored,0.9356953433234333,12.0,46,47,C:C,
2NN8,equibind,scored,0.8740385015509476,12.0,46,52,C:C,
2NCZ,diffdock,scored,0.3313822677146317,12.0,60,56,B:B,
2NCZ,equibind,scored,0.614776508459527,12.0,60,60,B:B,
2NND,diffdock,scored,0.9678683983647581,12.0,93,92,,
2NND,equibind,scored,0.9226675993825539,12.0,93,92,,
2NNG,diffdock,scored,0.9661828373662328,12.0,87,90,,
2NNG,equibind,scored,0.8785674907876926,12.0,87,92,,
2ND0,diffdock,scored,0.46380380017144046,12.0,56,42,B:B,
2ND0,equibind,scored,0.7017193012376719,12.0,56,72,B:B,
2NNK,diffdock,scored,0.9416626477581497,12.0,103,105,,
2NNK,equibind,scored,0.9062109416187109,12.0,103,102,,
2MS4,diffdock,scored,0.49355144296669834,12.0,80,49,B:B,
2MS4,equibind,scored,0.48144955785396026,12.0,80,102,B:B,
2NDO,diffdock,scored,0.9770529466273442,12.0,43,44,B,
2NDO,equibind,scored,0.598598905718947,12.0,43,67,B,
2NNS,diffdock,scored,0.9660379585243063,12.0,87,90,D,
2NNS,equibind,scored,0.9011826675298175,12.0,87,96,D,
2NNP,diffdock,scored,0.9900599713201474,12.0,104,103,,
2NNP,equibind,scored,0.7955792798501736,12.0,104,110,,
2NSJ,diffdock,scored,0.9396477969934279,12.0,68,64,,
2NSJ,equibind,scored,0.847883447939693,12.0,68,66,,
2NQ6,diffdock,scored,1.0,12.0,97,97,,
2NQ6,equibind,scored,0.8694871289787759,12.0,97,104,,
2NSL,diffdock,scored,0.9386616392929141,12.0,67,63,,
2NSL,equibind,scored,0.8225684053511216,12.0,67,62,,
2NQ7,diffdock,scored,0.9785771012801996,12.0,94,94,,
2NQ7,equibind,scored,0.9061728733740257,12.0,94,101,,
2NTA,diffdock,scored,0.9592262791406513,12.0,73,74,,
2NTA,equibind,scored,0.8550367896078207,12.0,73,76,,
2NT7,diffdock,scored,0.9587116281543591,12.0,96,98,,
2NT7,equibind,scored,0.8086645064748996,12.0,96,87,,
2NV7,diffdock,scored,0.9624339356309235,12.0,108,106,F,
2NV7,equibind,scored,0.21417552463599743,12.0,106,88,E,
2NP9,diffdock,scored,0.0,12.0,129,131,D,
2NP9,equibind,scored,0.06269383298234006,12.0,129,156,D,
2NW4,diffdock,scored,0.9910884738551973,12.0,115,116,,
2NW4,equibind,scored,0.9100482885180226,12.0,115,111,,
2NDF,diffdock,scored,0.8018429382489287,12.0,62,55,B:B,
2NDF,equibind,scored,0.8365103475943392,12.0,62,63,B:B,
2NTF,diffdock,scored,0.9503775624510956,12.0,99,104,E,
2NTF,equibind,scored,0.09392426874655409,12.0,99,74,E,
2NDG,diffdock,scored,0.6990878682124523,12.0,60,60,B:B,
2NDG,equibind,scored,0.7947483169821326,12.0,60,59,B:B,
2NWN,diffdock,scored,0.764273029599559,12.0,118,106,B:B,
2NWN,equibind,scored,0.5729700819497449,12.0,118,106,B:B,
2O2U,diffdock,scored,0.9756194332890867,12.0,83,81,,
2O2U,equibind,scored,0.7734974976394888,12.0,83,73,,
2O3P,diffdock,scored,0.9221177825700518,12.0,86,91,,
2O3P,equibind,scored,0.8866466801881999,12.0,86,90,,
2O1C,diffdock,scored,0.945375559247181,12.0,73,71,G,
2O1C,equibind,scored,0.0,12.0,67,69,K,
2NWL,diffdock,scored,0.8678032280131615,12.0,94,86,G,
2NWL,equibind,scored,0.0,12.0,94,43,G,
2O3Z,diffdock,scored,0.9629132310528141,12.0,107,109,G,
2O3Z,equibind,scored,0.24405350811662954,12.0,106,89,L,
2NSX,diffdock,scored,0.0,12.0,93,99,T,
2NSX,equibind,scored,0.11797931190268143,12.0,95,64,EA,
2NWW,diffdock,scored,0.0,12.0,98,95,D,
2NWW,equibind,scored,0.018409266878340984,12.0,98,47,D,
2O4J,diffdock,scored,0.9696249088362037,12.0,134,132,,
2O4J,equibind,scored,0.884059686275144,12.0,134,123,C,
2O4S,diffdock,scored,0.9806171404801268,12.0,106,106,,
2O4S,equibind,scored,0.929403845824906,12.0,106,101,D,
2O4R,diffdock,scored,0.937869706323862,12.0,131,127,,
2O4R,equibind,scored,0.9084028862452196,12.0,131,133,,
2O4H,diffdock,scored,0.028837620610517267,12.0,101,101,D,
2O4H,equibind,scored,0.14559571665437868,12.0,101,91,D,
2O1V,diffdock,scored,0.0,12.0,85,84,H,
2O1V,equibind,scored,0.0,12.0,85,62,H,
2O4Z,diffdock,scored,0.9872397812940047,12.0,78,79,,
2O4Z,equibind,scored,0.8397181510397598,12.0,78,79,,
2O63,diffdock,scored,0.9012090206209821,12.0,79,79,,
2O63,equibind,scored,0.8528976961977429,12.0,79,85,,
2O65,diffdock,scored,0.9082662396407627,12.0,86,90,,
2O65,equibind,scored,0.8962507712188181,12.0,86,93,,
2O9I,diffdock,scored,0.9504231526948577,12.0,123,119,E,
2O9I,equibind,scored,0.06300073756571925,12.0,123,85,E,
2O9R,diffdock,scored,0.9294467335239721,12.0,116,112,B:B,
2O9R,equibind,scored,0.8504734268756436,12.0,116,109,B:B,
2O9A,diffdock,scored,0.9314606523329491,12.0,89,87,J,
2O9A,equibind,scored,0.0049926028227851825,12.0,89,82,J,
2OBF,diffdock,scored,0.9569759784507007,12.0,119,116,E,
2OBF,equibind,scored,0.15901267690758536,12.0,119,93,C,
2O9J,diffdock,scored,0.9672703129109259,12.0,93,92,,
2O9J,equibind,scored,0.8116042720842047,12.0,93,97,,
2OC0,diffdock,scored,0.0,12.0,80,77,,
2OC0,equibind,scored,0.29585485205682943,12.0,80,118,G,
2OBO,diffdock,scored,0.0,12.0,76,77,,
2OBO,equibind,scored,0.5848362765321596,12.0,76,92,G,
2OC1,diffdock,scored,0.9410165407346116,12.0,87,82,,
2OC1,equibind,scored,0.3708242017627316,12.0,87,112,F,
2OA0,diffdock,scored,0.9458772152372437,12.0,93,90,,
2OA0,equibind,scored,0.7787506255527845,12.0,93,94,,
2OC4,diffdock,scored,0.9529528477176025,12.0,87,85,,
2OC4,equibind,scored,0.7644895185885899,12.0,87,86,,
2OF2,diffdock,scored,0.9634152080731803,12.0,83,82,,
2OF2,equibind,scored,0.7923856076469888,12.0,83,92,,
2OC9,diffdock,scored,0.9098120630032672,12.0,85,93,,
2OC9,equibind,scored,0.7869564122823847,12.0,85,86,,
2OC7,diffdock,scored,0.0,12.0,78,80,G,
2OC7,equibind,scored,0.39641350718352164,12.0,78,109,,
2OHK,diffdock,scored,0.9348595682228953,12.0,75,78,F,
2OHK,equibind,scored,0.8558929102154876,12.0,75,76,F,
2OAX,diffdock,scored,0.956983686415097,12.0,120,117,G,
2OAX,equibind,scored,0.0,12.0,119,33,K,
2OGY,diffdock,scored,0.9408513054145149,12.0,103,99,D,
2OGY,equibind,scored,0.10409331141928306,12.0,103,133,D,
2OHV,diffdock,scored,0.9890401395252352,12.0,94,93,,
2OHV,equibind,scored,0.6841812348248271,12.0,94,83,B,
2OFF,diffdock,scored,0.0,12.0,72,140,,
2OFF,equibind,scored,0.006423856538236523,12.0,72,154,B,
2OHQ,diffdock,scored,0.9716293944075653,12.0,108,105,E,
2OHQ,equibind,scored,0.7608631151104771,12.0,108,99,E,
2OHP,diffdock,scored,0.9893230294364296,12.0,95,94,E,
2OHP,equibind,scored,0.8120616428191804,12.0,95,90,E,
2OHM,diffdock,scored,0.9772002542869183,12.0,89,87,,
2OHM,equibind,scored,0.9312982419440822,12.0,89,87,,
2OHU,diffdock,scored,0.9737101927668779,12.0,115,116,,
2OHU,equibind,scored,0.8188572552638881,12.0,115,107,,
2OHT,diffdock,scored,1.0,12.0,100,100,,
2OHT,equibind,scored,0.7926658757872799,12.0,100,99,,
2OI3,diffdock,scored,0.6929174045962814,12.0,46,34,B:B,
2OI3,equibind,scored,0.635274573032213,12.0,46,37,B:B,
2OI0,diffdock,scored,0.9652308506689198,12.0,89,86,,
2OI0,equibind,scored,0.8471109681144292,12.0,89,82,,
2OI2,diffdock,scored,0.9363563455916597,12.0,110,109,,
2OI2,equibind,scored,0.7071796898869622,12.0,110,108,,
2OJ9,diffdock,scored,0.9524243535074176,12.0,85,85,,
2OJ9,equibind,scored,0.9521097822520931,12.0,85,85,,
2OJG,diffdock,scored,0.9873846704104388,12.0,80,79,,
2OJG,equibind,scored,0.9140426812488109,12.0,80,83,,
2OJI,diffdock,scored,0.9769310267230248,12.0,87,87,,
2OJI,equibind,scored,0.8365079388555752,12.0,87,79,,
2OIQ,diffdock,scored,0.9302885724462789,12.0,117,113,,
2OIQ,equibind,scored,0.06783117567313486,12.0,117,135,,
2OJJ,diffdock,scored,0.9450804706315552,12.0,92,89,,
2OJJ,equibind,scored,0.7781286485289429,12.0,92,87,,
2O7E,equibind,scored,0.0,12.0,117,49,I,
2OLB,diffdock,scored,0.9025967036210683,12.0,154,155,B:B,
2OLB,equibind,scored,0.5866038178743089,12.0,154,135,B:B,
2ONB,diffdock,scored,0.8868366168713498,12.0,56,52,,
2ONB,equibind,scored,0.2577157526333241,12.0,56,81,,
2ON6,diffdock,scored,0.8557281360452431,12.0,96,85,,
2ON6,equibind,scored,0.751800871133558,12.0,96,83,,
2OOZ,diffdock,scored,0.986324837349792,12.0,74,73,,
2OOZ,equibind,scored,0.21120444279296355,12.0,74,83,,
2ON3,diffdock,scored,0.0,12.0,86,88,C,
2ON3,equibind,scored,0.6924086769506844,12.0,86,81,C,
2OP3,diffdock,scored,0.039297758700856174,12.0,82,87,D,
2OP3,equibind,scored,0.29415117850592654,12.0,84,92,F,
2OPB,diffdock,scored,0.0,12.0,114,110,F,
2OPB,equibind,scored,0.07529999681065223,12.0,114,96,F,
2OP9,diffdock,scored,0.957487776949391,12.0,94,94,D,
2OP9,equibind,scored,0.758874960920979,12.0,89,91,C,
2OQ6,diffdock,scored,0.9805621797808728,12.0,102,104,J,
2OQ6,equibind,scored,0.0543270908232548,12.0,104,72,G,
2OLE,diffdock,scored,0.8693428605089779,12.0,113,114,D,
2OLE,equibind,scored,0.09778172428441069,12.0,114,125,C,
2OR4,diffdock,scored,0.9730664911283685,12.0,112,113,,
2OR4,equibind,scored,0.7928165098077681,12.0,112,110,,
2OPH,diffdock,scored,0.9239603900692487,12.0,104,104,P,
2OPH,equibind,scored,0.07778156195106481,12.0,104,118,P,
2OR9,diffdock,scored,0.44168204267034605,12.0,140,120,P:E,
2OR9,equibind,scored,0.5350317470417122,12.0,140,107,P:E,
2OSM,diffdock,scored,0.9050858189644388,12.0,82,82,,
2OSM,equibind,scored,0.8803176589272171,12.0,82,82,,
2ORK,diffdock,scored,0.0,12.0,38,37,N,
2ORK,equibind,scored,0.0,12.0,38,30,J,
2OS9,diffdock,scored,0.0,12.0,38,38,G,
2OS9,equibind,scored,0.0,12.0,38,25,G,
2OV4,diffdock,scored,0.94051596264851,12.0,116,121,,
2OV4,equibind,scored,0.7844648717487248,12.0,116,122,,
2OVV,diffdock,scored,0.9575584771846818,12.0,93,95,,
2OVV,equibind,scored,0.8306118673723716,12.0,93,97,,
2OQI,diffdock,scored,0.8742241612014868,12.0,122,111,,
2OW2,diffdock,scored,0.0,12.0,79,80,P,
2OW2,equibind,scored,0.07508591414635225,12.0,79,88,P,
2OVY,diffdock,scored,0.9567798860975998,12.0,93,93,,
2OVY,equibind,scored,0.8619021757591753,12.0,93,96,,
2OW9,diffdock,scored,1.0,12.0,73,73,I,
2OW9,equibind,scored,0.1269121410356722,12.0,73,92,I,
2OW7,diffdock,scored,0.930879504820077,12.0,87,85,,
2OW7,equibind,scored,0.4847346475917221,12.0,87,73,,
2OXN,diffdock,scored,0.9519755192813626,12.0,104,103,,
2OXN,equibind,scored,0.77327970261265,12.0,104,102,,
2OXD,diffdock,scored,0.9560581833198303,12.0,68,71,,
2OXD,equibind,scored,0.7531620341571637,12.0,68,79,,
2OW6,diffdock,scored,0.9119433447303784,12.0,87,91,,
2OW6,equibind,scored,0.6726135352913937,12.0,87,78,,
2OXX,diffdock,scored,0.9702621124850728,12.0,67,67,,
2OXX,equibind,scored,0.7767046644651525,12.0,67,80,,
2OT1,diffdock,scored,0.9055382814973615,12.0,73,74,G,
2OT1,equibind,scored,0.004974430238000278,12.0,74,120,H,
2P09,diffdock,scored,0.9549625554509189,12.0,45,45,,
2P09,equibind,scored,0.8579996723113218,12.0,45,43,,
2P0D,diffdock,scored,0.9410590336057747,12.0,33,35,,
2P0D,equibind,scored,0.7929151707206958,12.0,33,36,B,
2OZ7,diffdock,scored,0.9646569091644176,12.0,119,115,,
2OZ7,equibind,scored,0.9063925880304516,12.0,119,122,,
2OXY,diffdock,scored,1.0,12.0,66,66,C,
2OXY,equibind,scored,0.06126531165150381,12.0,66,70,C,
2OZ2,diffdock,scored,0.4187768393780772,12.0,132,134,L,
2OZ2,equibind,scored,0.5839406809416209,12.0,132,122,L,
2OYK,diffdock,scored,0.9585154737351255,12.0,97,97,I,
2OYK,equibind,scored,0.0701986039768255,12.0,89,75,E,
2P15,diffdock,scored,0.9728500237547516,12.0,113,110,E,
2P15,equibind,scored,0.16443136949970752,12.0,113,120,E,
2P3C,diffdock,scored,0.9708040827907631,12.0,108,107,C,
2P3C,equibind,scored,0.8938038842458924,12.0,108,111,C,
2P3A,diffdock,scored,0.9905261102354224,12.0,108,109,,
2P3A,equibind,scored,0.7282217444682788,12.0,108,139,C,
2OYL,diffdock,scored,0.9689222631018031,12.0,98,97,J,
2OYL,equibind,scored,0.015951167984229714,12.0,98,67,J,
2P2A,diffdock,scored,0.949518575138468,12.0,119,119,,
2P2A,equibind,scored,0.09880414286942828,12.0,119,111,,
2P3G,diffdock,scored,0.9426944359288603,12.0,86,87,,
2P3G,equibind,scored,0.8318725076303649,12.0,86,84,,
2P1C,diffdock,scored,0.9425298708138793,12.0,138,138,H,
2P1C,equibind,scored,0.744160921944215,12.0,138,127,H,
2P3I,diffdock,scored,0.9600411541545368,12.0,50,50,,
2P3I,equibind,scored,0.5657604325245662,12.0,50,50,,
2P7A,diffdock,scored,0.9570080200197824,12.0,92,94,,
2P7A,equibind,scored,0.8330280247733733,12.0,92,87,,
2P7G,diffdock,scored,0.9615716532375099,12.0,103,105,,
2P7G,equibind,scored,0.9022738427682446,12.0,103,105,,
2P4Y,diffdock,scored,0.0,12.0,119,124,E,
2P4Y,equibind,scored,0.18888758743174314,12.0,119,112,E,
2P94,diffdock,scored,0.9505521598191219,12.0,99,104,,
2P94,equibind,scored,0.9302062066615469,12.0,99,102,,
2P93,diffdock,scored,0.9105975124557381,12.0,99,98,,
2P93,equibind,scored,0.8327077846221219,12.0,99,91,,
2P4S,diffdock,scored,0.9464577426593187,12.0,112,110,H,
2P4S,equibind,scored,0.09284633923303914,12.0,108,121,J,
2P53,diffdock,scored,0.9195590098262104,12.0,113,110,D,
2P53,equibind,scored,0.0,12.0,113,113,F,
2P99,diffdock,scored,0.9643132047539401,12.0,84,85,,
2P99,equibind,scored,0.8608717226343399,12.0,84,84,,
2P9A,diffdock,scored,0.7823979914883816,12.0,79,85,,
2P9A,equibind,scored,0.765561242576974,12.0,79,82,,
2PEH,diffdock,scored,0.4836585194357941,12.0,56,41,C:B,
2PEH,equibind,scored,0.1486576205791831,12.0,56,109,C:B,
2PAX,diffdock,scored,0.9785572622915842,12.0,94,92,,
2PAX,equibind,scored,0.7841804583685883,12.0,94,93,,
2PBW,diffdock,scored,0.8051413520886207,12.0,103,110,D,
2PBW,equibind,scored,0.20512661995583908,12.0,103,107,D,
2P4J,diffdock,scored,0.941812222495192,12.0,140,136,E,
2P4J,equibind,scored,0.0,12.0,141,73,H,
2PH6,diffdock,scored,0.9350213404934713,12.0,122,122,,
2PH6,equibind,scored,0.727443624469434,12.0,122,108,C,
2PH8,diffdock,scored,0.9161276942279373,12.0,107,108,,
2PH8,equibind,scored,0.8682709027570567,12.0,107,107,,
2PHB,diffdock,scored,0.9605090658680174,12.0,101,103,,
2PHB,equibind,scored,0.8778115951681452,12.0,101,99,,
2PEM,diffdock,scored,0.0,12.0,96,99,R:G,
2PEM,equibind,scored,0.0,12.0,96,29,R:G,
2PFY,diffdock,scored,0.9893317829462464,12.0,94,95,H,
2PFY,equibind,scored,0.06919631839685822,12.0,91,78,G,
2PH9,diffdock,scored,0.0,12.0,78,77,I,
2PH9,equibind,scored,0.015653843859119,12.0,78,38,I,
2PIY,diffdock,scored,0.0,12.0,115,119,E,
2PIY,equibind,scored,0.0,12.0,109,113,I,
2PJ4,diffdock,scored,1.0,12.0,109,109,F,
2PJ4,equibind,scored,0.12864740427472754,12.0,128,125,D,
2PIZ,diffdock,scored,0.0,12.0,102,101,E,
2PIZ,equibind,scored,0.3840960548045517,12.0,111,88,G,
2PJ0,diffdock,scored,0.0,12.0,107,117,I,
2PJ0,equibind,scored,0.0,12.0,116,112,E,
2PJ1,diffdock,scored,0.9063844813769593,12.0,109,103,I,
2PJ1,equibind,scored,0.0,12.0,109,108,I,
2PJ3,diffdock,scored,0.9750484327564384,12.0,120,121,E,
2PJ3,equibind,scored,0.6709777821378609,12.0,114,100,G,
2PJ2,diffdock,scored,0.927659587688204,12.0,122,127,E,
2PJ2,equibind,scored,0.7447474797633458,12.0,117,106,G,
2PJ6,diffdock,scored,0.9720752710548408,12.0,107,108,,
2PJ6,equibind,scored,0.8617742022019841,12.0,107,108,C,
2PJ9,diffdock,scored,0.9807406378687281,12.0,106,104,C,
2PJ9,equibind,scored,0.8539314356082838,12.0,106,114,,
2PJL,diffdock,scored,0.9785175928614955,12.0,94,94,D,
2PJL,equibind,scored,0.12060910507875845,12.0,94,84,D,
2PJ5,diffdock,scored,0.9433185870593892,12.0,121,124,E,
2PJ5,equibind,scored,0.7433790368382186,12.0,115,115,G,
2PMC,diffdock,scored,0.0,12.0,53,51,F:F,
2PMC,equibind,scored,0.03865740323136342,12.0,53,127,F:F,
2PNX,diffdock,scored,0.3579521761749187,12.0,75,33,D:D,
2PNX,equibind,scored,0.7909033405006026,12.0,75,62,D:D,
2PJ7,diffdock,scored,0.0,12.0,109,112,I,
2PJ7,equibind,scored,0.0,12.0,112,103,E,
2PMK,diffdock,scored,0.9368753934716155,12.0,64,64,,
2PMK,equibind,scored,0.7386460436032175,12.0,64,74,,
2PJ8,diffdock,scored,0.0,12.0,114,111,G,
2PJ8,equibind,scored,0.0,12.0,111,104,E,
2PJA,diffdock,scored,0.9916944615907848,12.0,123,122,E,
2PJA,equibind,scored,0.0,12.0,112,94,I,
2PJC,diffdock,scored,0.0,12.0,111,125,I,
2PJC,equibind,scored,0.0,12.0,124,122,E,
2POQ,diffdock,scored,0.9585960937671472,12.0,73,74,,
2POQ,equibind,scored,0.7659264425305689,12.0,73,68,,
2POU,diffdock,scored,1.0,12.0,98,98,,
2POU,equibind,scored,0.9694981179251821,12.0,98,101,,
2PQL,diffdock,scored,0.9881456845436951,12.0,85,84,,
2PQL,equibind,scored,0.7901327008333598,12.0,85,87,,
2PQ9,diffdock,scored,0.93269560360381,12.0,135,130,,
2PQ9,equibind,scored,0.8259522753689456,12.0,135,126,,
2PR9,diffdock,scored,0.018736328035399735,12.0,80,52,P:B,
2PR9,equibind,scored,0.6787531548109264,12.0,80,91,P:B,
2PQB,diffdock,scored,0.933149424863272,12.0,134,133,B,
2PQB,equibind,scored,0.8147415624663956,12.0,134,133,B,
2PQC,diffdock,scored,0.8884378040644916,12.0,130,135,,
2PQC,equibind,scored,0.8051643257626213,12.0,130,132,,
2PQJ,diffdock,scored,0.9757270100721931,12.0,83,81,F,
2PQJ,equibind,scored,0.006932371208010836,12.0,83,59,F,
2PSV,diffdock,scored,0.9797585821661053,12.0,101,101,,
2PSV,equibind,scored,0.9198638729664397,12.0,101,103,,
2PUY,diffdock,scored,0.01959534183965654,12.0,49,45,E:C,
2PUY,equibind,scored,0.0571943556684521,12.0,49,58,E:C,
2PRI,diffdock,scored,0.0,12.0,75,115,,
2PRI,equibind,scored,0.0,12.0,75,111,,
2PV1,diffdock,scored,0.5999155852396053,12.0,72,48,B:B,
2PV1,equibind,scored,0.8232918774727296,12.0,72,72,B:B,
2PU0,diffdock,scored,0.9798582038453295,12.0,100,98,,
2PU0,equibind,scored,0.8965001152940316,12.0,100,94,,
2PTZ,diffdock,scored,0.9412522193130476,12.0,101,101,,
2PTZ,equibind,scored,0.887228396172923,12.0,101,96,,
2PU1,diffdock,scored,0.9899308424649833,12.0,102,101,,
2PU1,equibind,scored,0.9383915816262209,12.0,102,96,,
2PRJ,diffdock,scored,0.9825487122709446,12.0,117,115,,
2PRJ,equibind,scored,0.9137189878209153,12.0,117,113,,
2PU2,diffdock,scored,0.0,12.0,91,89,D,
2PU2,equibind,scored,0.015680204391761498,12.0,91,113,E,
2PV2,diffdock,scored,0.13057576229366885,12.0,136,100,F:F,
2PV2,equibind,scored,0.29254443044359546,12.0,136,150,F:F,
2PVH,diffdock,scored,0.9719217024120512,12.0,71,73,,
2PVH,equibind,scored,0.9026780162244104,12.0,71,76,,
2PVK,diffdock,scored,0.8708249577753736,12.0,79,79,,
2PVK,equibind,scored,0.8323929194435852,12.0,79,78,,
2PVJ,diffdock,scored,0.9464550633549015,12.0,78,76,,
2PVJ,equibind,scored,0.921137354809678,12.0,78,76,,
2PVL,diffdock,scored,0.8971676524650075,12.0,80,74,,
2PVL,equibind,scored,0.8519494526818564,12.0,80,82,,
2PVM,diffdock,scored,0.971844700478927,12.0,73,73,,
2PVM,equibind,scored,0.8194320769338338,12.0,73,79,,
2PVU,diffdock,scored,0.8858745404884325,12.0,88,90,,
2PVU,equibind,scored,0.7164925330272642,12.0,88,90,,
2PVN,diffdock,scored,0.8043860455615723,12.0,82,78,,
2PVN,equibind,scored,0.6699133989028853,12.0,82,100,,
2PY4,diffdock,scored,0.1541432761660675,12.0,55,44,,
2PY4,equibind,scored,0.6024827213796554,12.0,55,79,,
2PWR,diffdock,scored,0.9448210522157344,12.0,111,113,F,
2PWR,equibind,scored,0.9426260042086855,12.0,111,109,,
2PYN,diffdock,scored,0.989856923838241,12.0,102,103,,
2PYN,equibind,scored,0.7301667499689469,12.0,102,106,C,
2PVV,diffdock,scored,0.9725801206123332,12.0,109,110,,
2PVV,equibind,scored,0.7915782505868494,12.0,109,106,,
2PZE,diffdock,scored,0.029783691797903956,12.0,106,112,F,
2PZE,equibind,scored,0.29865983048725503,12.0,106,126,F,
2PYY,diffdock,scored,0.06621195766391316,12.0,90,85,E,
2PYY,equibind,scored,0.3404597415104105,12.0,90,74,E,
2PYI,diffdock,scored,0.8960770003405623,12.0,135,133,,
2PYI,equibind,scored,0.8496960930052798,12.0,135,131,,
2PWD,diffdock,scored,0.0,12.0,103,97,D,
2PWD,equibind,scored,0.0189398553962655,12.0,103,45,D,
2PWG,diffdock,scored,0.0,12.0,99,98,D,
2PWG,equibind,scored,0.0,12.0,99,47,D,
2Q2A,diffdock,scored,0.0,12.0,92,81,L,
2Q2A,equibind,scored,0.0,12.0,92,54,J,
2Q54,diffdock,scored,0.9798377319411965,12.0,101,103,,
2Q54,equibind,scored,0.9380646709353581,12.0,101,99,G,
2PZI,diffdock,scored,0.0,12.0,82,82,K,
2PZI,equibind,scored,0.0,12.0,82,10,K,
2Q38,diffdock,scored,0.9673135791227238,12.0,92,91,D,
2Q38,equibind,scored,0.8046432700605202,12.0,92,88,D,
2Q2Y,diffdock,scored,0.0,12.0,87,88,E,
2Q2Y,equibind,scored,0.030200638990611886,12.0,90,83,H,
2Q2Z,diffdock,scored,0.0,12.0,91,87,H,
2Q2Z,equibind,scored,0.004821156342600802,12.0,94,91,E,
2Q2C,diffdock,scored,0.0,12.0,86,40,F,
2Q2C,equibind,scored,0.0,12.0,86,68,F,
2Q64,diffdock,scored,0.9800307846463405,12.0,102,102,,
2Q64,equibind,scored,0.802456141052982,12.0,102,101,,
2Q5K,diffdock,scored,0.9902050264330013,12.0,105,104,,
2Q5K,equibind,scored,0.8324024551542833,12.0,105,110,F,
2Q63,diffdock,scored,0.9601472488721042,12.0,103,101,C,
2Q63,equibind,scored,0.8667753355816913,12.0,103,102,,
2Q1L,diffdock,scored,0.007578465634307914,12.0,131,131,F,
2Q1L,equibind,scored,0.007295609717931255,12.0,131,132,F,
2Q7O,diffdock,scored,0.9310620667337494,12.0,88,88,,
2Q7O,equibind,scored,0.8619460451669024,12.0,88,90,,
2Q6F,diffdock,scored,0.7975838020647207,12.0,97,88,C:D,
2Q6F,equibind,scored,0.0,12.0,86,114,D:C,
2Q72,diffdock,scored,0.9320739763441063,12.0,105,102,J,
2Q72,equibind,scored,0.7986566044916728,12.0,105,109,J,
2Q6H,diffdock,scored,0.9249978021382886,12.0,110,104,J,
2Q6H,equibind,scored,0.7459504129676535,12.0,110,117,J,
2Q88,diffdock,scored,0.9891022018211274,12.0,93,92,,
2Q88,equibind,scored,0.5317476406995585,12.0,93,90,,
2Q7Y,diffdock,scored,0.9725348458336556,12.0,112,109,,
2Q7Y,equibind,scored,0.12966379418877225,12.0,112,88,I,
2Q89,diffdock,scored,0.957125550247736,12.0,95,93,,
2Q89,equibind,scored,0.5711278705693479,12.0,95,89,,
2Q8H,diffdock,scored,1.0,12.0,73,73,,
2Q8H,equibind,scored,0.7709315460546861,12.0,73,63,,
2Q8S,diffdock,scored,0.9826253348196157,12.0,117,117,,
2Q8S,equibind,scored,0.20867501796880794,12.0,117,88,C,
2Q8I,diffdock,scored,0.9350518142383928,12.0,78,79,,
2Q8I,equibind,scored,0.6338386043843616,12.0,78,87,,
2Q93,diffdock,scored,0.9758617876611445,12.0,82,84,,
2Q93,equibind,scored,0.9394355645720148,12.0,82,87,,
2Q7Q,diffdock,scored,0.9900650773541212,12.0,101,102,F,
2Q7Q,equibind,scored,0.12426688703607702,12.0,101,90,F,
2Q94,diffdock,scored,0.96417046644396,12.0,85,84,,
2Q94,equibind,scored,0.8326340858143155,12.0,85,94,,
2Q96,diffdock,scored,0.9769768435715295,12.0,87,89,,
2Q96,equibind,scored,0.8221348022333982,12.0,87,93,,
2Q8Z,diffdock,scored,0.02137051046942756,12.0,107,110,D,
2Q8Z,equibind,scored,0.6713852367731754,12.0,107,109,D,
2Q9N,diffdock,scored,0.8072969168137782,12.0,83,81,,
2Q9N,equibind,scored,0.7048637984707808,12.0,83,77,,
2QBQ,diffdock,scored,0.9663526450688851,12.0,90,89,,
2QBQ,equibind,scored,0.8735468897608057,12.0,90,87,,
2QBS,diffdock,scored,0.965691066031297,12.0,87,88,,
2QBS,equibind,scored,0.857418939780891,12.0,87,81,,
2QBW,diffdock,scored,0.3763086101822086,12.0,103,59,B:B,
2QBW,equibind,scored,0.3809631509313835,12.0,103,60,B:B,
2QC6,diffdock,scored,0.9732613589535625,12.0,76,76,,
2QC6,equibind,scored,0.7860106285764082,12.0,76,88,,
2Q80,diffdock,scored,0.0,12.0,153,149,L,
2Q80,equibind,scored,0.14252466257390875,12.0,153,105,I,
2QBX,diffdock,scored,0.0,12.0,89,79,D:C,
2QBX,equibind,scored,0.13356296709653862,12.0,89,139,D:C,
2Q9Y,diffdock,scored,0.9718508914748436,12.0,107,106,,
2Q9Y,equibind,scored,0.1718877396889305,12.0,107,102,,
2QAF,diffdock,scored,0.02676057318173774,12.0,107,105,C,
2QAF,equibind,scored,0.642370741236731,12.0,106,118,E,
2QCF,diffdock,scored,0.9792360692693065,12.0,96,98,,
2QCF,equibind,scored,0.7608483642190873,12.0,96,82,,
2QCD,diffdock,scored,0.9475485366868696,12.0,113,115,D,
2QCD,equibind,scored,0.06370178773280655,12.0,113,117,D,
2QCG,diffdock,scored,0.9496350486107572,12.0,119,119,C,
2QCG,equibind,scored,0.5115855470838669,12.0,119,120,C,
2QCI,diffdock,scored,0.9801793881222602,12.0,104,102,,
2QCI,equibind,scored,0.950771887858505,12.0,104,103,G,
2QCM,diffdock,scored,0.9477621959512227,12.0,97,94,,
2QCM,equibind,scored,0.665202001550078,12.0,97,83,B,
2QD9,diffdock,scored,0.9582366080758121,12.0,97,95,,
2QD9,equibind,scored,0.8637346112880724,12.0,97,100,,
2QD6,diffdock,scored,0.9804116353526987,12.0,104,104,H,
2QD6,equibind,scored,0.9701426417691131,12.0,104,103,,
2QCN,diffdock,scored,0.9569307983983869,12.0,116,117,D,
2QCN,equibind,scored,0.35943521757566044,12.0,115,123,F,
2QDT,diffdock,scored,0.9440019177477567,12.0,69,73,,
2QDT,equibind,scored,0.9128470875023244,12.0,69,69,,
2QG2,diffdock,scored,0.9818998152467021,12.0,111,111,,
2QG2,equibind,scored,0.9165634257477773,12.0,111,112,,
2QHC,diffdock,scored,0.9505851397892143,12.0,104,105,,
2QHC,equibind,scored,0.8655197100651022,12.0,104,112,E,
2QFO,diffdock,scored,0.9672162740324899,12.0,93,90,,
2QFO,equibind,scored,0.0,12.0,93,23,,
2QG0,diffdock,scored,0.05222648123225448,12.0,110,107,D,
2QG0,equibind,scored,0.17510956862666588,12.0,110,107,D,
2QH6,diffdock,scored,0.946737999780007,12.0,113,117,F,
2QH6,equibind,scored,0.11821206598583457,12.0,113,117,F,
2QHN,diffdock,scored,0.9697123627209964,12.0,66,66,,
2QHN,equibind,scored,0.9260188113178193,12.0,66,69,,
2QHY,diffdock,scored,0.9706355134364479,12.0,103,104,,
2QHY,equibind,scored,0.8627536144018252,12.0,103,105,,
2QF6,diffdock,scored,0.0,12.0,101,100,H,
2QF6,equibind,scored,0.0,12.0,100,24,F,
2QHZ,diffdock,scored,0.9905498613364281,12.0,106,107,,
2QHZ,equibind,scored,0.89192492475998,12.0,106,103,,
2QI1,diffdock,scored,0.9612542688575301,12.0,104,106,,
2QI1,equibind,scored,0.892389500895977,12.0,104,103,,
2QI0,diffdock,scored,0.9512988293018554,12.0,103,104,,
2QI0,equibind,scored,0.9304793909637301,12.0,103,104,,
2QI3,diffdock,scored,0.9798718767004024,12.0,101,103,,
2QI3,equibind,scored,0.9286914672553486,12.0,101,100,,
2QE2,diffdock,scored,0.9197405055904335,12.0,108,113,C,
2QE2,equibind,scored,0.0,12.0,108,105,C,
2QI5,diffdock,scored,0.99027610738458,12.0,104,105,,
2QI5,equibind,scored,0.9490350364484942,12.0,104,105,,
2QIQ,diffdock,scored,0.945792813657205,12.0,91,94,,
2QIQ,equibind,scored,0.6954612781580918,12.0,91,77,B,
2QJU,diffdock,scored,0.9519206832199166,12.0,105,104,,
2QJU,equibind,scored,0.5984636402272545,12.0,105,90,J,
2QM7,diffdock,scored,0.9702619508658541,12.0,67,69,E,
2QM7,equibind,scored,0.10278402001740353,12.0,70,89,F,
2QLM,diffdock,scored,0.9027140125849422,12.0,133,132,,
2QLM,equibind,scored,0.9017848790316012,12.0,133,132,,
2QLN,diffdock,scored,0.9514230271871269,12.0,147,144,,
2QLN,equibind,scored,0.8232733579234108,12.0,147,143,,
2QK5,diffdock,scored,0.9655315387264659,12.0,115,117,C,
2QK5,equibind,scored,0.10816110087409754,12.0,115,84,C,
2QMD,diffdock,scored,0.0,12.0,116,118,D,
2QMD,equibind,scored,0.1169126698210662,12.0,116,84,D,
2QMF,diffdock,scored,0.0,12.0,116,116,F,
2QMF,equibind,scored,0.10577374825469267,12.0,114,88,D,
2QMJ,diffdock,scored,0.8945864621663666,12.0,107,100,B:C,
2QMJ,equibind,scored,0.8401733752981169,12.0,107,95,B:C,
2QN1,diffdock,scored,0.8632162143633902,12.0,66,71,,
2QN1,equibind,scored,0.19087767437320718,12.0,66,136,,
2QN3,diffdock,scored,0.8806908402266204,12.0,134,130,,
2QN3,equibind,scored,0.8866908253778859,12.0,134,131,,
2QNB,diffdock,scored,0.8930447998004934,12.0,131,129,B,
2QNB,equibind,scored,0.8327286215583842,12.0,131,127,B,
2QNX,diffdock,scored,0.960718571992261,12.0,101,103,C,
2QNX,equibind,scored,0.8572408037556609,12.0,101,97,C,
2QN2,diffdock,scored,0.7784922743811665,12.0,64,69,,
2QN2,equibind,scored,0.18179789473075283,12.0,64,141,,
2QNZ,diffdock,scored,0.06680652634897472,12.0,119,118,C,
2QNZ,equibind,scored,0.07781657141267236,12.0,117,111,E,
2QO8,diffdock,scored,0.9465604031114973,12.0,92,95,,
2QO8,equibind,scored,0.9026189721933954,12.0,92,91,,
2QOA,diffdock,scored,0.9771651227231649,12.0,88,88,E,
2QOA,equibind,scored,0.864516295684582,12.0,88,88,E,
2QO1,diffdock,scored,0.7820284406824695,12.0,84,105,E,
2QO1,equibind,scored,0.8474033988886194,12.0,82,89,C,
2QOH,diffdock,scored,0.0,12.0,85,89,C,
2QOH,equibind,scored,0.14368648945406665,12.0,85,69,C,
2QP8,diffdock,scored,0.9364011197859369,12.0,111,108,F,
2QP8,equibind,scored,0.11276388634788538,12.0,106,91,D,
2QKY,diffdock,scored,0.0,12.0,104,113,G,
2QKY,equibind,scored,0.0,12.0,103,12,H,
2QPJ,diffdock,scored,0.9514185517619802,12.0,143,146,,
2QPJ,equibind,scored,0.5456015796083081,12.0,143,110,F,
2QOE,diffdock,scored,0.0,12.0,123,124,R,
2QOE,equibind,scored,0.1477350099841033,12.0,123,130,N,
2QRK,diffdock,scored,0.9566303928143605,12.0,70,69,,
2QRK,equibind,scored,0.6959692108419758,12.0,70,79,,
2QRH,diffdock,scored,0.9267762654906445,12.0,124,121,,
2QRH,equibind,scored,0.8635184241030374,12.0,124,123,,
2QRL,diffdock,scored,0.9734998766360023,12.0,74,76,,
2QRL,equibind,scored,0.840123938350189,12.0,74,74,,
2QPQ,diffdock,scored,0.952715018593416,12.0,103,106,D,
2QPQ,equibind,scored,0.05280721564485983,12.0,103,82,D,
2QPU,diffdock,scored,0.0,12.0,48,73,Q,
2QPU,equibind,scored,0.0,12.0,48,11,Q,
2QT5,diffdock,scored,0.17374524825752602,12.0,65,34,X:C,
2QT5,equibind,scored,0.0,12.0,65,37,Y:D,
2QRM,diffdock,scored,0.9618749454118478,12.0,134,129,,
2QRM,equibind,scored,0.7780398156918149,12.0,134,132,,
2QRP,diffdock,scored,0.9457906625852028,12.0,130,129,,
2QRP,equibind,scored,0.8293632825265135,12.0,130,135,,
2QRQ,diffdock,scored,0.8830540768197435,12.0,130,121,,
2QRQ,equibind,scored,0.8269779786834269,12.0,130,131,,
2QTG,diffdock,scored,0.013097723159395388,12.0,106,111,C,
2QTG,equibind,scored,0.8613428051273294,12.0,106,100,C,
2QTT,diffdock,scored,0.9908163558929729,12.0,111,112,,
2QTT,equibind,scored,0.8642049122571569,12.0,111,103,,
2QV7,diffdock,scored,0.7900831573163561,12.0,70,78,,
2QV7,equibind,scored,0.4659939068829775,12.0,70,94,,
2QU6,diffdock,scored,0.9370884640177645,12.0,111,110,D,
2QU6,equibind,scored,0.09929390756568746,12.0,107,78,E,
2QW1,diffdock,scored,0.8849504367081346,12.0,67,71,,
2QW1,equibind,scored,0.7498826614168806,12.0,67,80,,
2QWB,diffdock,scored,0.9627117533761209,12.0,106,108,E,
2QWB,equibind,scored,0.71794303517968,12.0,106,105,E,
2QWC,diffdock,scored,0.9715393787409234,12.0,106,107,,
2QWC,equibind,scored,0.8377102682334128,12.0,106,103,,
2QWD,diffdock,scored,0.9811977338207395,12.0,106,108,,
2QWD,equibind,scored,0.7805806064433609,12.0,106,102,,
2QWE,diffdock,scored,0.9012031971898177,12.0,112,107,G,
2QWE,equibind,scored,0.8357996793821647,12.0,112,104,,
2QWG,diffdock,scored,0.8908164515948126,12.0,111,107,,
2QWG,equibind,scored,0.898722489995769,12.0,111,104,,
2QWF,diffdock,scored,0.8775707180007217,12.0,114,108,,
2QWF,equibind,scored,0.776003240370548,12.0,114,114,,
2QTB,diffdock,scored,0.9350210768021749,12.0,120,124,P,
2QTB,equibind,scored,0.09754975953619549,12.0,120,149,P,
2QT9,diffdock,scored,0.9570324336622089,12.0,118,115,P,
2QT9,equibind,scored,0.08742114873429352,12.0,118,139,P,
2QVE,diffdock,scored,0.9791460558177493,12.0,97,97,C,
2QVE,equibind,scored,0.18361160246460545,12.0,95,123,D,
2QX0,diffdock,scored,0.9261032132524305,12.0,83,77,J,
2QX0,equibind,scored,0.347234799640697,12.0,84,86,F,
2QZL,diffdock,scored,0.9567406750386899,12.0,142,138,,
2QZL,equibind,scored,0.7382261012328117,12.0,142,131,B,
2QZK,diffdock,scored,0.8602813995763363,12.0,117,111,,
2QZK,equibind,scored,0.6412448966159474,12.0,117,115,,
2QZR,diffdock,scored,0.9468395000615372,12.0,112,114,,
2QZR,equibind,scored,0.8510782678976351,12.0,112,117,C,
2R0U,diffdock,scored,0.9179440786676273,12.0,85,88,,
2R0U,equibind,scored,0.9132900853572484,12.0,85,78,,
2QZX,diffdock,scored,0.5351454594724845,12.0,114,85,C:C,
2QZX,equibind,scored,0.08330880037311855,12.0,117,119,D:D,
2R0H,diffdock,scored,0.0,12.0,62,59,G:G,
2R0H,equibind,scored,0.0,12.0,62,123,F:F,
2R1X,diffdock,scored,0.9322008573979919,12.0,60,58,C:C,
2R1X,equibind,scored,0.8705033953982562,12.0,60,57,C:C,
2R1Y,diffdock,scored,0.9491099003018885,12.0,62,59,C:C,
2R1Y,equibind,scored,0.8825791969729397,12.0,62,65,C:C,
2R23,diffdock,scored,0.9342744807599005,12.0,62,62,C:C,
2R23,equibind,scored,0.8626765664560154,12.0,62,62,C:C,
2R2B,diffdock,scored,0.9656194763827826,12.0,61,61,C:C,
2R2B,equibind,scored,0.8476733307608215,12.0,61,66,C:C,
2R3F,diffdock,scored,0.9637372228013906,12.0,82,83,,
2R3F,equibind,scored,0.8660425312429108,12.0,82,79,,
2R3G,diffdock,scored,0.9385273862523594,12.0,82,83,,
2R3G,equibind,scored,0.890837714474557,12.0,82,83,,
2R3H,diffdock,scored,0.9867521240888836,12.0,75,76,,
2R3H,equibind,scored,0.8939396063531019,12.0,75,75,,
2R3M,diffdock,scored,0.9301906863406109,12.0,86,84,,
2R3M,equibind,scored,0.9643016853922135,12.0,86,85,,
2R3J,diffdock,scored,0.9517236074321859,12.0,83,81,,
2R3J,equibind,scored,0.8875684259354906,12.0,83,78,,
2R3K,diffdock,scored,0.9873154190395874,12.0,79,80,,
2R3K,equibind,scored,0.9131325421185409,12.0,79,82,,
2R3N,diffdock,scored,0.9875562117985739,12.0,80,81,,
2R3N,equibind,scored,0.9154082682604148,12.0,80,85,,
2R3O,diffdock,scored,0.9649448446320639,12.0,85,86,,
2R3O,equibind,scored,0.9070808642997964,12.0,85,87,,
2R3T,diffdock,scored,0.9357876138375302,12.0,109,110,,
2R3T,equibind,scored,0.9221829249224212,12.0,109,111,D,
2R3P,diffdock,scored,0.934795495518737,12.0,92,90,,
2R3P,equibind,scored,0.9232341954618628,12.0,92,91,,
2R5A,diffdock,scored,1.0,12.0,40,40,,
2R5A,equibind,scored,0.41033693458833453,12.0,40,75,,
2R58,diffdock,scored,0.9504838938951837,12.0,41,39,,
2R58,equibind,scored,0.4256502374574076,12.0,41,71,,
2R5Q,diffdock,scored,0.0,12.0,104,102,E,
2R5Q,equibind,scored,0.09363719089051863,12.0,104,91,F,
2R6N,diffdock,scored,0.8715180620718627,12.0,77,77,,
2R6N,equibind,scored,0.8584155300773251,12.0,77,76,,
2R4B,diffdock,scored,0.0,12.0,111,110,C,
2R4B,equibind,scored,0.0651660464833541,12.0,109,93,D,
2R3Y,diffdock,scored,0.08265104159895777,12.0,79,110,F:F,
2R3Y,equibind,scored,0.026518333959310723,12.0,79,100,F:F,
2R75,diffdock,scored,0.9571946004538852,12.0,117,120,,
2R75,equibind,scored,0.7256719169911044,12.0,117,92,C,
2R6W,diffdock,scored,0.9715837001688193,12.0,106,107,D,
2R6W,equibind,scored,0.18189920524819003,12.0,103,94,C,
2R9M,diffdock,scored,0.13299050446204194,12.0,101,98,D,
2R9M,equibind,scored,0.3754655263516227,12.0,102,103,C,
2RA6,diffdock,scored,0.0,12.0,74,74,H,
2RA6,equibind,scored,0.006270038134058134,12.0,77,73,CA,
2R9B,diffdock,scored,0.06141432906273034,12.0,167,79,D:D,
2R9B,equibind,scored,0.27867166308332,12.0,168,168,C:B,
2R8Q,diffdock,scored,0.0,12.0,90,90,E,
2R8Q,equibind,scored,0.09291843387222978,12.0,89,83,H,
2R4F,diffdock,scored,0.00706124822774783,12.0,132,133,L,
2R4F,equibind,scored,0.0037253830410525547,12.0,132,130,H,
2RC8,diffdock,scored,0.9886176577591665,12.0,88,89,F,
2RC8,equibind,scored,0.15855236890959654,12.0,88,73,E,
2RC9,diffdock,scored,1.0,12.0,90,90,C,
2RC9,equibind,scored,0.2479510890443814,12.0,90,75,C,
2RCN,diffdock,scored,0.9684247497157751,12.0,63,65,,
2RCN,equibind,scored,0.6900004051544651,12.0,63,76,,
2RCW,diffdock,scored,0.9718158970216865,12.0,107,106,,
2RCW,equibind,scored,0.8776550306712019,12.0,107,104,,
2RCB,diffdock,scored,0.0,12.0,87,89,C,
2RCB,equibind,scored,0.12734923972303688,12.0,88,71,E,
2R6F,diffdock,scored,0.0,12.0,107,106,D,
2R6F,equibind,scored,0.011317487466807014,12.0,109,123,H,
2RG5,diffdock,scored,0.9806452483884617,12.0,105,103,,
2RG5,equibind,scored,0.8103965208370647,12.0,105,103,,
2REG,diffdock,scored,1.0,12.0,87,87,D,
2REG,equibind,scored,0.0,12.0,88,75,C,
2RG6,diffdock,scored,0.9300536761336868,12.0,101,100,B,
2RG6,equibind,scored,0.8591585682711893,12.0,101,101,B,
2RCX,diffdock,scored,0.9669814822810636,12.0,89,92,C,
2RCX,equibind,scored,0.003919688155685303,12.0,89,106,C,
2RCU,diffdock,scored,0.0,12.0,134,137,E,
2RCU,equibind,scored,0.11823236373961978,12.0,134,79,E,
2RF2,diffdock,scored,0.9376687032694552,12.0,80,81,,
2RF2,equibind,scored,0.9220658000942615,12.0,80,84,,
2RIA,diffdock,scored,0.0,12.0,39,36,G,
2RIA,equibind,scored,0.0,12.0,39,27,G,
2RIB,diffdock,scored,0.0,12.0,38,37,G,
2RIB,equibind,scored,0.0,12.0,38,28,G,
2RIN,diffdock,scored,0.9889561054557903,12.0,92,91,C,
2RIN,equibind,scored,0.0,12.0,92,63,C,
2RIO,diffdock,scored,0.0,12.0,94,91,H,
2RIO,equibind,scored,0.12137556528308581,12.0,90,118,E,
2RFY,diffdock,scored,0.0,12.0,108,106,G:G,
2RFY,equibind,scored,0.4817336333758634,12.0,107,113,F:F,
2RIP,diffdock,scored,0.9809708720708853,12.0,106,106,,
2RIP,equibind,scored,0.7435840372331846,12.0,106,102,,
2RGU,diffdock,scored,0.0,12.0,123,125,G,
2RGU,equibind,scored,0.09003169254003403,12.0,123,137,G,
2RJP,diffdock,scored,0.0,12.0,125,123,N,
2RJP,equibind,scored,0.0,12.0,118,79,S,
2RJR,diffdock,scored,0.8974824211122735,12.0,99,93,,
2RJR,equibind,scored,0.0,12.0,99,109,,
2RJS,diffdock,scored,0.0,12.0,99,98,D,
2RJS,equibind,scored,0.07727340126052452,12.0,99,123,D,
2RKF,diffdock,scored,0.9804701264143743,12.0,103,105,,
2RKF,equibind,scored,0.881072820566848,12.0,103,109,D,
2RKN,diffdock,scored,1.0,12.0,76,76,E,
2RKN,equibind,scored,0.5668588146092476,12.0,76,48,E,
2RK7,diffdock,scored,0.9731583609419083,12.0,73,75,E,
2RK7,equibind,scored,0.025612618171153755,12.0,73,51,E,
2RKG,diffdock,scored,0.9605535318834165,12.0,103,105,,
2RKG,equibind,scored,0.7990514574954244,12.0,103,107,,
2RKD,diffdock,scored,0.9458558397150878,12.0,90,93,,
2RKD,equibind,scored,0.75016388282486,12.0,90,85,,
2RKU,diffdock,scored,0.9374470512447336,12.0,82,79,,
2RKU,equibind,scored,0.7141418367535608,12.0,82,101,,
2RKM,diffdock,scored,0.5287638774408246,12.0,124,127,A:LYS:2001+A:LYS:2002,
2RKM,equibind,scored,0.6715737752510681,12.0,124,124,A:LYS:2001+A:LYS:2002,
2RK8,diffdock,scored,0.9764839573712698,12.0,85,85,J,
2RK8,equibind,scored,0.0,12.0,91,79,E,
2RLY,diffdock,scored,0.4801525198338023,12.0,27,26,P:B,
2RLY,equibind,scored,0.6313369611428417,12.0,27,33,P:B,
2RM0,diffdock,scored,0.504580439585601,12.0,26,33,P:B,
2RM0,equibind,scored,0.6228383303009981,12.0,26,37,P:B,
2RKA,diffdock,scored,0.0,12.0,87,89,C,
2RKA,equibind,scored,0.1456659203277083,12.0,89,65,G,
2ROX,diffdock,scored,0.10214197306964233,12.0,54,53,E,
2ROX,equibind,scored,0.4920262193170599,12.0,53,54,D,
2SIM,diffdock,scored,0.8897996823713327,12.0,107,107,,
2SIM,equibind,scored,0.8250590509784104,12.0,107,108,,
2STD,diffdock,scored,0.9709404151506125,12.0,102,103,,
2STD,equibind,scored,0.8880125168746693,12.0,102,105,,
2SFP,diffdock,scored,0.9086015458913689,12.0,87,87,D,
2SFP,equibind,scored,0.0,12.0,87,84,E,
2TPI,diffdock,scored,0.044628807676686616,12.0,89,35,Z:ILE:1016+Z:VAL:1017,
2TPI,equibind,scored,0.5528016499276508,12.0,89,98,Z:ILE:1016+Z:VAL:1017,
2ROL,diffdock,scored,0.33419408777715104,12.0,43,18,B:B,
2ROL,equibind,scored,0.6967165399844955,12.0,43,55,B:B,
2UPJ,diffdock,scored,0.8916172700456058,12.0,103,102,,
2UPJ,equibind,scored,0.8811283633811913,12.0,103,103,,
2USN,diffdock,scored,0.9318218539137225,12.0,76,73,,
2USN,equibind,scored,0.5552882413290555,12.0,76,89,,
2RQU,diffdock,scored,0.687206749511713,12.0,46,35,B:B,
2RQU,equibind,scored,0.6941222299333278,12.0,46,60,B:B,
2UUO,diffdock,scored,0.9008623061896038,12.0,132,129,,
2UUO,equibind,scored,0.8666570536438637,12.0,132,123,,
2UVM,diffdock,scored,0.9364870407184075,12.0,45,48,B,
2UVM,equibind,scored,0.7868243736780894,12.0,45,49,B,
2UUP,diffdock,scored,0.9542950584144009,12.0,134,134,,
2UUP,equibind,scored,0.7614709794409128,12.0,134,121,,
2RNW,diffdock,scored,0.5412325504705356,12.0,62,38,B:B,
2RNW,equibind,scored,0.9123351580038931,12.0,62,61,B:B,
2RNX,diffdock,scored,0.6625066594185055,12.0,62,87,B:B,
2RNX,equibind,scored,0.8307655416765705,12.0,62,72,B:B,
2UWD,diffdock,scored,0.9127713598939754,12.0,105,98,,
2UWD,equibind,scored,0.8708012810032131,12.0,105,102,,
2UW8,diffdock,scored,0.6237906272597828,12.0,92,84,,
2UW8,equibind,scored,0.7019642088457344,12.0,92,95,,
2TSR,diffdock,scored,0.9359773290970455,12.0,94,94,L,
2TSR,equibind,scored,0.6934005595178394,12.0,90,108,F,
2UWL,diffdock,scored,0.9694947722707843,12.0,97,100,,
2UWL,equibind,scored,0.8510386319173596,12.0,97,93,C,
2SRT,diffdock,scored,0.9375407548374779,12.0,78,83,D,
2SRT,equibind,scored,0.7899092818102519,12.0,78,74,D,
2UWO,diffdock,scored,0.9591276918979323,12.0,99,97,,
2UWO,equibind,scored,0.9384547118554133,12.0,99,99,,
2UWP,diffdock,scored,0.9793985106764207,12.0,98,98,,
2UWP,equibind,scored,0.8821940608072194,12.0,98,91,C,
2UY3,diffdock,scored,1.0,12.0,87,87,,
2UY3,equibind,scored,0.8310192160312047,12.0,87,86,,
2UY5,diffdock,scored,0.9176371871365387,12.0,98,94,,
2UY5,equibind,scored,0.7757409701815098,12.0,98,89,,
2UXI,diffdock,scored,0.934932302839965,12.0,108,105,C,
2UXI,equibind,scored,0.18092472183209796,12.0,107,120,E,
2UXU,diffdock,scored,0.8619796960781139,12.0,109,106,C,
2UXU,equibind,scored,0.8347528786245244,12.0,109,109,C,
2UYI,diffdock,scored,0.09159376630025248,12.0,98,100,E,
2UYI,equibind,scored,0.2801519354457908,12.0,98,85,H,
2UYW,diffdock,scored,0.04057338233589451,12.0,72,72,I,
2UYW,equibind,scored,0.09754148410793903,12.0,72,99,I,
2UYM,diffdock,scored,0.9790074505450425,12.0,97,95,E,
2UYM,equibind,scored,0.3680809188451779,12.0,99,89,H,
2UYN,diffdock,scored,0.044392033960739125,12.0,80,79,E,
2UYN,equibind,scored,0.22372513965666402,12.0,80,88,E,
2UZ9,diffdock,scored,0.9903114747253426,12.0,104,103,,
2UZ9,equibind,scored,0.7954149651503751,12.0,104,106,,
2V00,diffdock,scored,0.9672765185102954,12.0,93,90,,
2V00,equibind,scored,0.8142005224656453,12.0,93,88,,
2UZJ,diffdock,scored,0.9263057402624437,12.0,97,94,D,
2UZJ,equibind,scored,0.10947323957258862,12.0,97,72,D,
2UZB,diffdock,scored,0.9084355528135928,12.0,85,87,E,
2UZB,equibind,scored,0.06623522244530336,12.0,85,82,E,
2UZD,diffdock,scored,0.9515913232558145,12.0,85,83,E,
2UZD,equibind,scored,0.05628320130527867,12.0,85,72,E,
2V10,diffdock,scored,0.9513078066401166,12.0,126,120,D,
2V10,equibind,scored,0.07117864451806125,12.0,126,124,D,
2V0Z,diffdock,scored,0.952636567873268,12.0,126,130,D,
2V0Z,equibind,scored,0.050493517063769915,12.0,127,122,E,
2UZL,diffdock,scored,0.9538397071382747,12.0,88,88,F,
2UZL,equibind,scored,0.0,12.0,87,48,E,
2V13,diffdock,scored,0.9502189705062931,12.0,121,123,,
2V13,equibind,scored,0.7986736990696667,12.0,121,121,B,
2V11,diffdock,scored,0.9508470269727245,12.0,124,122,D,
2V11,equibind,scored,0.28339396094600827,12.0,124,127,D,
2V12,diffdock,scored,0.0,12.0,131,123,C,
2V12,equibind,scored,0.09154309146692526,12.0,131,123,C,
2V2C,diffdock,scored,1.0,12.0,76,76,,
2V2C,equibind,scored,0.89661545913199,12.0,76,80,,
2V25,diffdock,scored,0.8068976998482659,12.0,82,84,C,
2V25,equibind,scored,0.17363755156675242,12.0,82,60,C,
2V16,diffdock,scored,0.0,12.0,121,122,D,
2V16,equibind,scored,0.04039293332795235,12.0,119,135,C,
2UZ6,diffdock,scored,0.0,12.0,114,83,K:K,
2UZ6,equibind,scored,0.0,12.0,110,163,M:M,
2V2Q,diffdock,scored,0.966311957283472,12.0,91,88,H,
2V2Q,equibind,scored,0.0,12.0,89,105,O,
2V3U,diffdock,scored,0.9660133169656038,12.0,90,87,,
2V3U,equibind,scored,0.47843994230597836,12.0,90,84,,
2V2V,diffdock,scored,0.0,12.0,92,90,K,
2V2V,equibind,scored,0.38689379603389884,12.0,92,126,K,
2V22,diffdock,scored,0.0,12.0,74,72,E,
2V22,equibind,scored,0.00502117604525151,12.0,73,127,F,
2V54,diffdock,scored,0.00764154306586535,12.0,108,105,F,
2V54,equibind,scored,0.859547624308962,12.0,106,111,C,
2V2H,diffdock,scored,0.0,12.0,75,75,F,
2V2H,equibind,scored,0.0,12.0,75,56,F,
2V3D,diffdock,scored,0.9335471545129024,12.0,103,106,F,
2V3D,equibind,scored,0.292857366728195,12.0,103,89,F,
2V3E,diffdock,scored,0.9036077254349107,12.0,122,124,H,
2V3E,equibind,scored,0.4847529724538524,12.0,120,92,E,
2V83,diffdock,scored,0.1860806870840914,12.0,107,73,D:D,
2V83,equibind,scored,0.23353997649598132,12.0,107,77,D:D,
2VA5,diffdock,scored,0.9471858796154492,12.0,93,96,,
2VA5,equibind,scored,0.8012084087267849,12.0,93,96,,
2V95,diffdock,scored,0.9574597738199262,12.0,72,71,,
2V95,equibind,scored,0.7088830560583823,12.0,72,69,,
2V57,diffdock,scored,0.0,12.0,81,81,I,
2V57,equibind,scored,0.14495634598667417,12.0,80,77,E,
2V5A,diffdock,scored,0.9886994281038952,12.0,91,90,,
2V5A,equibind,scored,0.049187731196492626,12.0,91,118,,
2V58,diffdock,scored,0.0,12.0,87,84,C,
2V58,equibind,scored,0.0,12.0,87,110,C,
2V59,diffdock,scored,0.0,12.0,87,91,C,
2V59,equibind,scored,0.008734941418208384,12.0,89,74,D,
2V7D,diffdock,scored,0.0,12.0,102,89,P:E,
2V7D,equibind,scored,0.048597923249433045,12.0,102,129,S:H,
2VEU,diffdock,scored,0.9243349012066235,12.0,78,80,,
2VEU,equibind,scored,0.6111846288068445,12.0,78,81,,
2VEW,diffdock,scored,0.8453119258505388,12.0,84,77,B,
2VEW,equibind,scored,0.8667892658466892,12.0,84,83,,
2VD1,diffdock,scored,0.0,12.0,84,88,,
2VD1,equibind,scored,0.02110485842789395,12.0,84,117,,
2VC9,diffdock,scored,0.9104325239173153,12.0,102,97,,
2VC9,equibind,scored,0.7589841017021017,12.0,102,97,,
2VEY,diffdock,scored,0.966291269235586,12.0,91,90,,
2VEY,equibind,scored,0.8863150315133563,12.0,91,87,,
2VF6,diffdock,scored,0.9906675138628451,12.0,107,108,,
2VF6,equibind,scored,0.8138058638175886,12.0,107,105,B,
2VFK,diffdock,scored,0.9716833072933411,12.0,71,73,,
2VFK,equibind,scored,0.863058635857707,12.0,71,79,,
2VGC,diffdock,scored,0.9643136641694007,12.0,85,84,,
2VGC,equibind,scored,0.9409723261483178,12.0,85,88,,
2VC7,diffdock,scored,0.0,12.0,89,89,MA,
2VC7,equibind,scored,0.0,12.0,94,112,Y,
2VB8,diffdock,scored,0.0,12.0,107,108,E,
2VB8,equibind,scored,0.0,12.0,108,99,G,
2VCG,diffdock,scored,0.943426206632789,12.0,124,123,W,
2VCG,equibind,scored,0.02616481033096985,12.0,122,65,H,
2VH0,diffdock,scored,0.9797101286275423,12.0,100,100,,
2VH0,equibind,scored,0.9059822530975901,12.0,100,95,,
2VFZ,diffdock,scored,0.9018101737939758,12.0,104,100,C,
2VFZ,equibind,scored,0.017930716659024792,12.0,106,94,E,
2VH6,diffdock,scored,0.9599839373209937,12.0,101,99,,
2VH6,equibind,scored,0.9401202631283427,12.0,101,101,,
2VIO,diffdock,scored,0.9547544785661201,12.0,88,88,,
2VIO,equibind,scored,0.8589742374603774,12.0,88,86,,
2VIN,diffdock,scored,0.9535842301486425,12.0,85,87,,
2VIN,equibind,scored,0.9161294940831304,12.0,85,84,D,
2VIP,diffdock,scored,0.9613881605953619,12.0,103,105,,
2VIP,equibind,scored,0.8305457167968481,12.0,103,98,,
2VBA,diffdock,scored,0.9501397366103222,12.0,117,121,,
2VBA,equibind,scored,0.8875072678001791,12.0,117,116,,
2VIQ,diffdock,scored,0.9706356863181069,12.0,104,103,,
2VIQ,equibind,scored,0.8783351369615571,12.0,104,98,,
2VIW,diffdock,scored,0.864171912442473,12.0,109,108,,
2VIW,equibind,scored,0.798261835374566,12.0,109,102,,
2VIZ,diffdock,scored,0.9452766532874035,12.0,125,130,,
2VIZ,equibind,scored,0.8728012011369651,12.0,125,114,B,
2VJ6,diffdock,scored,0.9516829986119694,12.0,126,124,,
2VJ6,equibind,scored,0.8916289911617702,12.0,126,119,,
2VK2,diffdock,scored,0.990118508043619,12.0,103,102,,
2VK2,equibind,scored,0.8219632459846448,12.0,103,106,,
2VJ8,diffdock,scored,0.7884837765433754,12.0,143,142,,
2VJ8,equibind,scored,0.7558700379795248,12.0,143,141,,
2VK6,diffdock,scored,0.851348878172042,12.0,106,102,,
2VK6,equibind,scored,0.8191544139908518,12.0,106,101,,
2VI5,diffdock,scored,0.0,12.0,114,111,K,
2VI5,equibind,scored,0.0,12.0,111,95,S,
2VMC,diffdock,scored,0.0,12.0,21,45,E,
2VMC,equibind,scored,0.11066207508273176,12.0,21,37,E,
2VMD,diffdock,scored,0.0,12.0,23,45,,
2VMD,equibind,scored,0.0,12.0,23,33,,
2VNP,diffdock,scored,0.0,12.0,96,96,H,
2VNP,equibind,scored,0.14011635808744874,12.0,93,89,E,
2VJX,diffdock,scored,0.0,12.0,95,97,C,
2VJX,equibind,scored,0.0,12.0,95,56,C,
2VL1,diffdock,scored,0.0,12.0,34,49,B:GLY:703+B:GLY:704,
2VL1,equibind,scored,0.0,12.0,41,54,D:GLY:703+D:GLY:704,
2VL8,diffdock,scored,0.0,12.0,100,106,D,
2VL8,equibind,scored,0.0,12.0,100,89,D,
2VL4,diffdock,scored,0.9578556300152548,12.0,95,95,C,
2VL4,equibind,scored,0.0,12.0,96,57,BA,
2VO7,diffdock,scored,0.8762083724121449,12.0,104,105,D,
2VO7,equibind,scored,0.7731451749789235,12.0,104,102,D,
2VPP,diffdock,scored,0.9383389991578129,12.0,98,96,E,
2VPP,equibind,scored,0.2971908014263621,12.0,100,96,C,
2VPO,diffdock,scored,1.0,12.0,90,90,E,
2VPO,equibind,scored,0.11923048412175831,12.0,85,79,C,
2VMF,diffdock,scored,0.9596183654128447,12.0,100,98,C,
2VMF,equibind,scored,0.0,12.0,100,64,C,
2VPN,diffdock,scored,0.9761332119665491,12.0,84,84,C,
2VPN,equibind,scored,0.1932645965242951,12.0,84,70,C,
2VQJ,diffdock,scored,0.961667206741655,12.0,79,78,,
2VQJ,equibind,scored,0.8386853198161114,12.0,79,80,,
2VQM,diffdock,scored,0.9202165402874086,12.0,73,75,,
2VQM,equibind,scored,0.8094299332509354,12.0,73,73,,
2VO5,diffdock,scored,0.8950928894042691,12.0,104,105,C,
2VO5,equibind,scored,0.0,12.0,105,67,Y,
2VTH,diffdock,scored,0.9458258967017665,12.0,73,73,,
2VTH,equibind,scored,0.8547829632834534,12.0,73,78,,
2VT3,diffdock,scored,0.9725602328082859,12.0,73,75,C,
2VT3,equibind,scored,0.1690195445315393,12.0,75,85,D,
2VR3,diffdock,scored,0.28527561578836885,12.0,156,124,C:C,
2VR3,equibind,scored,0.3884924384734031,12.0,156,126,C:C,
2VTI,diffdock,scored,0.9275513975697042,12.0,84,80,,
2VTI,equibind,scored,0.7215932440586669,12.0,84,77,,
2VRJ,diffdock,scored,0.8838020425268832,12.0,113,106,C,
2VRJ,equibind,scored,0.05776682674786208,12.0,113,79,C,
2VTN,diffdock,scored,0.9747625262659979,12.0,78,80,,
2VTN,equibind,scored,0.8472213424521503,12.0,78,80,,
2VTL,diffdock,scored,1.0,12.0,72,72,,
2VTL,equibind,scored,0.9430795581064715,12.0,72,70,,
2VTO,diffdock,scored,0.9762541797717182,12.0,84,86,,
2VTO,equibind,scored,0.8916016115274277,12.0,84,83,,
2VTP,diffdock,scored,0.9645175925347709,12.0,85,84,,
2VTP,equibind,scored,0.8814859789405545,12.0,85,85,,
2VLE,equibind,scored,0.0732353304158745,12.0,124,106,K,
2VTQ,diffdock,scored,0.9754196127465415,12.0,81,83,,
2VTQ,equibind,scored,0.87564696259547,12.0,81,79,,
2VTS,diffdock,scored,0.9300614575303151,12.0,86,84,,
2VTS,equibind,scored,0.9165167839620506,12.0,86,85,,
2VTR,diffdock,scored,0.9761897728099092,12.0,83,85,,
2VTR,equibind,scored,0.8900933879321237,12.0,83,80,,
2VTT,diffdock,scored,0.9632576767641092,12.0,81,82,,
2VTT,equibind,scored,0.9380099206107871,12.0,81,80,,
2VQT,diffdock,scored,0.0,12.0,105,103,KA,
2VQT,equibind,scored,0.0,12.0,105,62,KA,
2VR4,diffdock,scored,0.0,12.0,105,101,C,
2VR4,equibind,scored,0.0,12.0,103,67,JA,
2VU3,diffdock,scored,0.9413783783212092,12.0,85,84,,
2VU3,equibind,scored,0.963625726933256,12.0,85,82,,
2VV9,diffdock,scored,0.9743798928552636,12.0,80,78,,
2VV9,equibind,scored,0.8509376279860995,12.0,80,91,,
2VVC,diffdock,scored,0.0,12.0,109,105,E,
2VVC,equibind,scored,0.10454618916897719,12.0,105,85,H,
2VVV,diffdock,scored,0.9402178466241666,12.0,100,100,,
2VVV,equibind,scored,0.9499966145881759,12.0,100,101,C,
2VVU,diffdock,scored,0.9702386135718744,12.0,102,101,,
2VVU,equibind,scored,0.8153700795904961,12.0,102,94,,
2VVT,diffdock,scored,0.8052317684199274,12.0,79,90,C,
2VVT,equibind,scored,0.36860266645772594,12.0,79,117,C,
2VVO,diffdock,scored,0.0,12.0,86,85,F,
2VVO,equibind,scored,0.05268737325158222,12.0,86,104,I,
2VWL,diffdock,scored,0.9796468644199332,12.0,100,100,,
2VWL,equibind,scored,0.7238227468318692,12.0,100,96,,
2VWC,diffdock,scored,0.9108717366748468,12.0,104,99,,
2VWC,equibind,scored,0.8951715443272306,12.0,104,107,,
2VUR,diffdock,scored,0.9345070848324983,12.0,105,106,C,
2VUR,equibind,scored,0.0,12.0,105,98,C,
2VW1,diffdock,scored,0.9244278675217298,12.0,105,105,,
2VW1,equibind,scored,0.8751712624299319,12.0,105,106,,
2VWN,diffdock,scored,0.9599796982159329,12.0,101,101,,
2VWN,equibind,scored,0.8661188822006619,12.0,101,92,,
2VWM,diffdock,scored,0.9652744782806354,12.0,116,116,E,
2VWM,equibind,scored,0.16726384307949535,12.0,103,95,G,
2VWO,diffdock,scored,0.9602433002758162,12.0,101,101,,
2VWO,equibind,scored,0.8350747636782634,12.0,101,89,,
2VX9,diffdock,scored,0.4880293316732812,12.0,24,39,,
2VX9,equibind,scored,0.3610136892267512,12.0,24,47,,
2VVN,diffdock,scored,0.0,12.0,95,96,E,
2VVN,equibind,scored,0.37846472361828654,12.0,95,79,E,
2VWU,diffdock,scored,0.9891614164075814,12.0,94,93,,
2VWU,equibind,scored,0.9082977743695378,12.0,94,88,,
2VWV,diffdock,scored,0.9721873808870065,12.0,73,73,B,
2VWV,equibind,scored,0.8910625879472364,12.0,73,77,B,
2VW5,diffdock,scored,0.043281860941373505,12.0,127,126,E,
2VW5,equibind,scored,0.14412062956375296,12.0,126,110,I,
2VZR,diffdock,scored,0.9446232654789295,12.0,55,54,D,
2VZR,equibind,scored,0.16734098007159662,12.0,55,45,D,
2VXA,diffdock,scored,0.0,12.0,94,95,V,
2VXA,equibind,scored,0.05283891087612525,12.0,91,82,FA,
2VXN,diffdock,scored,0.9747226518694045,12.0,78,80,,
2VXN,equibind,scored,0.8412299261766553,12.0,78,72,,
2VYT,diffdock,scored,0.0,12.0,40,39,C,
2VYT,equibind,scored,0.3062143644310963,12.0,39,80,D,
2W06,diffdock,scored,0.9524361905574683,12.0,85,85,,
2W06,equibind,scored,0.8703400644689262,12.0,85,82,,
2W0Z,diffdock,scored,0.7903390544983655,12.0,38,31,B:B,
2W0Z,equibind,scored,0.5833349703646488,12.0,38,26,B:B,
2W10,diffdock,scored,0.0,12.0,47,51,D:D,
2W10,equibind,scored,0.09421410014651539,12.0,47,90,D:D,
2W0S,diffdock,scored,0.9158884945306771,12.0,108,105,I,
2W0S,equibind,scored,0.08751682224253385,12.0,106,87,E,
2W12,diffdock,scored,0.92402029695355,12.0,81,77,,
2W12,equibind,scored,0.8018129076600451,12.0,81,70,C,
2W1G,diffdock,scored,0.9480349497564994,12.0,76,78,B,
2W1G,equibind,scored,0.9600579369155944,12.0,76,77,B,
2W0X,diffdock,scored,0.9679112181281142,12.0,94,93,,
2W0X,equibind,scored,0.8058825944715002,12.0,94,99,,
2W08,diffdock,scored,0.0,12.0,54,44,U,
2W08,equibind,scored,0.0,12.0,54,25,U,
2W1H,diffdock,scored,1.0,12.0,81,81,,
2W1H,equibind,scored,0.9393189912793481,12.0,81,84,,
2W26,diffdock,scored,0.9689632784036135,12.0,98,97,,
2W26,equibind,scored,0.9688838210232366,12.0,98,97,,
2W2U,diffdock,scored,0.1699316455520849,12.0,69,78,D:D,
2W2U,equibind,scored,0.2366149493196286,12.0,69,96,D:D,
2W3O,diffdock,scored,0.45033384953044536,12.0,62,67,C:C,
2W3O,equibind,scored,0.3746296183832716,12.0,62,56,D:D,
2W47,diffdock,scored,0.9426758650119924,12.0,54,55,B:B,
2W47,equibind,scored,0.961810063018202,12.0,54,54,B:B,
2W3K,diffdock,scored,0.9591959907230182,12.0,99,99,,
2W3K,equibind,scored,0.8662589693934118,12.0,99,98,,
2W1I,diffdock,scored,0.0,12.0,80,77,C,
2W1I,equibind,scored,0.013381269554625631,12.0,80,130,C,
2W5I,diffdock,scored,0.0,12.0,66,63,D,
2W5I,equibind,scored,0.05897774907064884,12.0,65,85,C,
2W4X,diffdock,scored,0.9346998800780574,12.0,89,93,,
2W4X,equibind,scored,0.8534984415214931,12.0,89,86,,
2W6C,diffdock,scored,0.8384180139969932,12.0,113,114,,
2W6C,equibind,scored,0.8193387272786758,12.0,113,114,C,
2W68,diffdock,scored,0.0,12.0,64,79,E:E,
2W68,equibind,scored,0.31920582174279244,12.0,83,116,D:D,
2W4I,diffdock,scored,0.0,12.0,117,120,G,
2W4I,equibind,scored,0.02753165222558497,12.0,119,74,I,
2W66,diffdock,scored,0.8933632815185153,12.0,90,94,E,
2W66,equibind,scored,0.07483088238949,12.0,92,77,C,
2W6M,diffdock,scored,1.0,12.0,76,76,C,
2W6M,equibind,scored,0.0,12.0,76,103,C,
2W67,diffdock,scored,0.9128973842627323,12.0,89,93,F,
2W67,equibind,scored,0.0,12.0,89,28,F,
2W6O,diffdock,scored,0.0,12.0,73,76,E,
2W6O,equibind,scored,0.04684832209118841,12.0,73,94,E,
2W70,diffdock,scored,1.0,12.0,83,83,C,
2W70,equibind,scored,0.0,12.0,83,92,E,
2VXJ,diffdock,scored,0.0,12.0,42,45,Y:Y,
2VXJ,equibind,scored,0.0,12.0,43,113,q:QA,
2W85,diffdock,scored,0.4968214553953056,12.0,47,27,B:B,
2W85,equibind,scored,0.7412912351823804,12.0,47,56,B:B,
2W7Y,diffdock,scored,0.8884443818095814,12.0,133,130,C:C,
2W7Y,equibind,scored,0.04703753372184101,12.0,133,100,C:C,
2W6U,diffdock,scored,0.7639141207015433,12.0,92,102,C:C,
2W6U,equibind,scored,0.0,12.0,92,152,C:C,
2W6T,diffdock,scored,0.0,12.0,129,131,C:C,
2W6T,equibind,scored,0.0,12.0,129,164,C:C,
2W87,diffdock,scored,0.0,12.0,57,54,G,
2W87,equibind,scored,0.0,12.0,55,70,E,
2W8J,diffdock,scored,0.9353251893465391,12.0,94,90,,
2W8J,equibind,scored,0.5088238387265723,12.0,94,102,B,
2W9R,diffdock,scored,0.4665426571847784,12.0,45,34,B:B,
2W9R,equibind,scored,0.33959381122409016,12.0,45,77,B:B,
2W8W,diffdock,scored,0.9573583648702003,12.0,95,93,,
2W8W,equibind,scored,0.6224404587970533,12.0,95,95,B,
2W9H,diffdock,scored,0.9773272057443062,12.0,89,89,,
2W9H,equibind,scored,0.8498236815037705,12.0,89,90,,
2W77,diffdock,scored,0.5514549362755743,12.0,129,133,C:C,
2W77,equibind,scored,0.0,12.0,129,147,C:C,
2W76,diffdock,scored,0.5962113318464651,12.0,95,127,C:C,
2W76,equibind,scored,0.0,12.0,95,168,C:C,
2WA8,diffdock,scored,0.0,12.0,53,31,B:B,
2WA8,equibind,scored,0.0039731602246051035,12.0,53,48,B:B,
2WA3,diffdock,scored,0.9334268677243749,12.0,89,87,,
2WA3,equibind,scored,0.8400870860143574,12.0,89,98,,
2WA4,diffdock,scored,0.8890336867512278,12.0,90,86,C,
2WA4,equibind,scored,0.7791837113260304,12.0,90,84,C,
2W92,diffdock,scored,0.9554177575046936,12.0,68,67,,
2W92,equibind,scored,0.9070418386601232,12.0,68,64,,
2W8F,diffdock,scored,0.0,12.0,93,86,L,
2W8F,equibind,scored,0.24033394051265713,12.0,93,89,L,
2WB5,diffdock,scored,0.9070799793395738,12.0,117,118,F,
2WB5,equibind,scored,0.0,12.0,114,119,J,
2WCA,diffdock,scored,0.9463830964880768,12.0,94,91,,
2WCA,equibind,scored,0.7478297068890579,12.0,94,97,,
2WD3,diffdock,scored,0.8741312894160486,12.0,103,102,,
2WD3,equibind,scored,0.7870321480577985,12.0,103,99,,
2WCG,diffdock,scored,0.9509777807511234,12.0,102,103,L,
2WCG,equibind,scored,0.21362920670815744,12.0,102,84,L,
2WE3,diffdock,scored,0.9752400070396872,12.0,83,83,,
2WE3,equibind,scored,0.689629897200323,12.0,83,86,B,
2WBG,diffdock,scored,0.9642453452064915,12.0,113,113,E,
2WBG,equibind,scored,0.0063782171473073974,12.0,113,29,E,
2WD7,diffdock,scored,0.9155117132004796,12.0,82,81,J,
2WD7,equibind,scored,0.0,12.0,82,90,H,
2WEG,diffdock,scored,0.9538518163517358,12.0,85,87,,
2WEG,equibind,scored,0.8492396786081222,12.0,85,82,,
2WC3,diffdock,scored,0.0,12.0,110,109,H,
2WC3,equibind,scored,0.0,12.0,112,75,E,
2WBB,diffdock,scored,0.9751375157184953,12.0,81,83,L,
2WBB,equibind,scored,0.0,12.0,81,59,N,
2WC4,diffdock,scored,0.0,12.0,116,113,L,
2WC4,equibind,scored,0.0,12.0,115,32,G,
2WEH,diffdock,scored,0.9662157322665549,12.0,88,89,,
2WEH,equibind,scored,0.8492892327462891,12.0,88,83,,
2WBD,diffdock,scored,0.42909928561853683,12.0,87,88,N,
2WBD,equibind,scored,0.0,12.0,86,53,M,
2WEJ,diffdock,scored,0.9878315007733983,12.0,83,82,,
2WEJ,equibind,scored,0.7615937381147496,12.0,83,79,,
2WEQ,diffdock,scored,0.9510048124811773,12.0,103,104,B,
2WEQ,equibind,scored,0.903048448604266,12.0,103,107,,
2WEO,diffdock,scored,0.9772510573680335,12.0,87,89,,
2WEO,equibind,scored,0.8732911535334746,12.0,87,88,,
2WF1,diffdock,scored,0.953007788748867,12.0,129,127,,
2WF1,equibind,scored,0.8809132675345589,12.0,129,124,,
2WF2,diffdock,scored,0.935662944739729,12.0,126,122,,
2WF2,equibind,scored,0.8412860091510737,12.0,126,113,B,
2WF5,diffdock,scored,0.9472293605618394,12.0,97,92,,
2WF5,equibind,scored,0.8910971949608544,12.0,97,91,,
2WF3,diffdock,scored,0.9598093910418926,12.0,125,126,,
2WF3,equibind,scored,0.7859059004487312,12.0,125,109,,
2WF4,diffdock,scored,0.9677412466884426,12.0,124,124,,
2WF4,equibind,scored,0.8135666333571041,12.0,124,116,B,
2WEY,diffdock,scored,0.9499942724328558,12.0,102,97,C,
2WEY,equibind,scored,0.20117918177261854,12.0,96,84,F,
2WFJ,diffdock,scored,0.8989587118503841,12.0,79,83,B:B,
2WFJ,equibind,scored,0.7381917921474133,12.0,79,61,B:B,
2WGI,diffdock,scored,0.9727789671673313,12.0,74,74,C,
2WGI,equibind,scored,0.8234850878261232,12.0,74,73,C,
2WI4,diffdock,scored,0.9500377380092133,12.0,100,101,,
2WI4,equibind,scored,0.891001390939305,12.0,100,101,,
2WI1,diffdock,scored,0.9515770361155627,12.0,85,81,,
2WI1,equibind,scored,0.8721559667018547,12.0,85,88,,
2WGJ,diffdock,scored,0.9268592374080616,12.0,96,95,B,
2WGJ,equibind,scored,0.8288363716591987,12.0,96,88,,
2WI7,diffdock,scored,0.940909929242934,12.0,104,100,,
2WI7,equibind,scored,0.8580308375554261,12.0,104,107,,
2WIC,diffdock,scored,0.9850239085075004,12.0,69,68,B,
2WIC,equibind,scored,0.87371720300193,12.0,69,76,,
2WIB,diffdock,scored,0.9359229387421669,12.0,95,93,D,
2WIB,equibind,scored,0.6179498457336516,12.0,95,88,D,
2WJI,diffdock,scored,0.9182017534839408,12.0,85,84,E,
2WJI,equibind,scored,0.6517593991760773,12.0,91,92,C,
2WJG,diffdock,scored,0.12902087377062102,12.0,86,87,E,
2WJG,equibind,scored,0.37709492593177163,12.0,86,103,D,
2WHO,diffdock,scored,0.9717231004003276,12.0,71,71,E,
2WHO,equibind,scored,0.0,12.0,71,102,E,
2WKY,diffdock,scored,0.0,12.0,103,105,E,
2WKY,equibind,scored,0.2124812882356329,12.0,106,89,F,
2WK6,diffdock,scored,0.9695395266551501,12.0,98,99,C,
2WK6,equibind,scored,0.07714813811628426,12.0,98,94,C,
2WMR,diffdock,scored,0.986140344886815,12.0,73,72,,
2WMR,equibind,scored,0.9440100213155795,12.0,73,71,,
2WLZ,diffdock,scored,0.9016407556964913,12.0,123,119,A:NGT:1569+A:NAG:1570,
2WLZ,equibind,scored,0.8117109215283728,12.0,123,105,A:NGT:1569+A:NAG:1570,
2WLY,diffdock,scored,0.8741937938910732,12.0,121,112,A:SN5:1571+A:NGT:1572,
2WLY,equibind,scored,0.7636171543667798,12.0,121,109,A:SN5:1571+A:NGT:1572,
2WMW,diffdock,scored,1.0,12.0,68,68,,
2WMW,equibind,scored,0.8310718850942997,12.0,68,70,,
2WKT,diffdock,scored,0.0,12.0,141,142,T,
2WKT,equibind,scored,0.0,12.0,139,118,O,
2WJ2,diffdock,scored,0.9795052426102407,12.0,148,147,C,
2WJ2,equibind,scored,0.0,12.0,149,122,E,
2WN9,diffdock,scored,0.9772968424086171,12.0,89,89,L,
2WN9,equibind,scored,0.0,12.0,88,45,G,
2WOQ,diffdock,scored,0.990193139565413,12.0,104,103,,
2WOQ,equibind,scored,0.7103346697812275,12.0,104,106,,
2WP1,diffdock,scored,0.9499441019970783,12.0,65,64,P:C,
2WP1,equibind,scored,0.07402946330684261,12.0,65,92,P:C,
2WNJ,diffdock,scored,0.9561655063826331,12.0,92,90,K,
2WNJ,equibind,scored,0.05837611456206048,12.0,91,51,G,
2WO8,diffdock,scored,0.9881782121407383,12.0,86,85,T,
2WO8,equibind,scored,0.0,12.0,86,65,T,
2WL5,diffdock,scored,0.9567555247692237,12.0,142,140,P,
2WL5,equibind,scored,0.6295409505078237,12.0,142,110,P,
2WON,diffdock,scored,0.9661329605289375,12.0,89,88,,
2WON,equibind,scored,0.7716077467768453,12.0,89,94,,
2WR8,diffdock,scored,0.008064032849916716,12.0,57,64,,
2WR8,equibind,scored,0.31990815427020497,12.0,57,77,,
2WQP,diffdock,scored,0.9555290468402878,12.0,113,112,,
2WQP,equibind,scored,0.8529639067215996,12.0,113,111,,
2WQ4,diffdock,scored,0.05178207752141721,12.0,56,57,F,
2WQ4,equibind,scored,0.3113263239436693,12.0,56,80,D,
2WTC,diffdock,scored,0.9272628465928774,12.0,82,82,,
2WTC,equibind,scored,0.9626634802407076,12.0,82,81,,
2WTJ,diffdock,scored,0.9730050681764345,12.0,75,75,,
2WTJ,equibind,scored,0.8920645639567256,12.0,75,73,,
2WPA,diffdock,scored,0.8982784132065184,12.0,91,82,F,
2WPA,equibind,scored,0.036803353784366465,12.0,91,90,F,
2WPB,diffdock,scored,0.0,12.0,98,91,H,
2WPB,equibind,scored,0.06112924702935842,12.0,92,55,G,
2WNL,diffdock,scored,0.0,12.0,80,81,Y,
2WNL,equibind,scored,0.3158460397354721,12.0,80,77,T,
2WUF,diffdock,scored,0.0,12.0,127,122,,
2WUF,equibind,scored,0.11053042651698183,12.0,127,92,,
2WUU,diffdock,scored,0.9277305529132845,12.0,130,123,B,
2WUU,equibind,scored,0.5727529304097917,12.0,130,99,B,
2WSX,diffdock,scored,0.9204487836344853,12.0,98,98,D,
2WSX,equibind,scored,0.0074936741365272405,12.0,70,62,G,
2WVT,diffdock,scored,0.9638168581429777,12.0,84,83,C,
2WVT,equibind,scored,0.010060834465228718,12.0,84,59,H,
2WTX,diffdock,scored,0.0,12.0,119,130,Q,
2WTX,equibind,scored,0.04122721295837438,12.0,117,71,O,
2WWJ,diffdock,scored,0.0,12.0,123,124,E,
2WWJ,equibind,scored,0.0815723868170788,12.0,123,94,E,
2WXJ,diffdock,scored,0.9152755482435638,12.0,108,103,,
2WXJ,equibind,scored,0.8566162872166665,12.0,108,103,,
2WXK,diffdock,scored,0.9711459067014585,12.0,104,107,,
2WXK,equibind,scored,0.6827061482260579,12.0,104,103,,
2WXN,diffdock,scored,0.9431756967356013,12.0,86,91,,
2WXN,equibind,scored,0.9276467442356755,12.0,86,88,,
2WYG,diffdock,scored,0.9408357167778078,12.0,98,104,,
2WYG,equibind,scored,0.8433738356111058,12.0,98,93,,
2WXV,diffdock,scored,0.9772897146280298,12.0,90,88,E,
2WXV,equibind,scored,0.031483911985244216,12.0,89,89,F,
2WYF,diffdock,scored,0.0,12.0,44,45,I:I,
2WYF,equibind,scored,0.0,12.0,43,94,J:J,
2WW2,diffdock,scored,0.959572078618472,12.0,73,76,,
2WW2,equibind,scored,0.10681773152786911,12.0,73,56,,
2WYJ,diffdock,scored,0.9304635401712098,12.0,99,100,,
2WYJ,equibind,scored,0.8022174053011298,12.0,99,88,C,
2WVZ,diffdock,scored,0.0,12.0,93,90,I,
2WVZ,equibind,scored,0.027956806821991375,12.0,91,63,F,
2WZF,diffdock,scored,0.9403765781277339,12.0,102,98,,
2WZF,equibind,scored,0.7968474544030969,12.0,102,112,,
2WZM,diffdock,scored,0.06394374315562842,12.0,115,120,C,
2WZM,equibind,scored,0.39323925613551636,12.0,115,106,C,
2WVA,equibind,scored,0.0,12.0,152,75,W,
2WYI,diffdock,scored,0.0,12.0,82,80,Q,
2WYI,equibind,scored,0.6519846239162752,12.0,82,76,Q,
2X00,diffdock,scored,0.8639455208495312,12.0,105,99,G,
2X00,equibind,scored,0.053808085275424675,12.0,105,49,G,
2WYN,diffdock,scored,0.0,12.0,133,122,A:LG9:1547+A:GLC:1548,
2WYN,equibind,scored,0.0,12.0,130,75,D:LG9:1547+D:GLC:1548,
2X2C,diffdock,scored,0.8199426643901643,12.0,114,112,P:G,
2X2C,equibind,scored,0.05728983209667652,12.0,111,41,L:D,
2WW0,equibind,scored,0.0,12.0,90,45,MA,
2X2K,diffdock,scored,0.9609592114250988,12.0,76,79,,
2X2K,equibind,scored,0.9098040096064344,12.0,76,79,,
2X2L,diffdock,scored,0.9474116448233966,12.0,76,78,,
2X2L,equibind,scored,0.8117860511386902,12.0,76,81,,
2X09,diffdock,scored,0.910647918702713,12.0,89,87,C,
2X09,equibind,scored,0.011402197885993033,12.0,88,56,F,
2X39,diffdock,scored,0.9106733916674549,12.0,109,111,,
2X39,equibind,scored,0.7649208729355776,12.0,109,100,C,
2WZY,diffdock,scored,0.0,12.0,112,112,M,
2WZY,equibind,scored,0.4761483739659776,12.0,121,110,T,
2X2R,diffdock,scored,1.0,12.0,83,83,H,
2X2R,equibind,scored,0.022921048569230395,12.0,83,14,H,
2X3T,diffdock,scored,0.0,12.0,50,47,X,
2X3T,equibind,scored,0.14171465560737928,12.0,54,10,Z,
2X4O,diffdock,scored,0.0,12.0,138,115,C:C,
2X4O,equibind,scored,0.1650307936164602,12.0,135,121,F:F,
2X4S,diffdock,scored,0.0,12.0,144,107,C:C,
2X4S,equibind,scored,0.172217884041346,12.0,139,128,F:F,
2X4Z,diffdock,scored,0.9282800057419842,12.0,97,96,,
2X4Z,equibind,scored,0.862137487776973,12.0,97,88,,
2X4R,diffdock,scored,0.0,12.0,133,108,F:F,
2X4R,equibind,scored,0.07499187381386341,12.0,136,102,C:C,
2X52,diffdock,scored,0.02257517297573901,12.0,74,74,E,
2X52,equibind,scored,0.11140686507031641,12.0,74,89,E,
2X4T,diffdock,scored,0.0,12.0,134,124,F:F,
2X4T,equibind,scored,0.27648198366546956,12.0,134,119,F:F,
2X6E,diffdock,scored,0.9876733213258384,12.0,83,82,,
2X6E,equibind,scored,0.8365126340597974,12.0,83,91,,
2X4U,diffdock,scored,0.0,12.0,137,106,C:C,
2X4U,equibind,scored,0.03687252439229809,12.0,137,122,C:C,
2X2I,equibind,scored,0.0,12.0,133,77,I:I,
2WZS,equibind,scored,0.0,12.0,94,71,O,
2X6X,diffdock,scored,0.8700090402587435,12.0,112,117,B:B,
2X6X,equibind,scored,0.7023311161108537,12.0,112,103,B:B,
2X6F,diffdock,scored,0.0,12.0,70,71,C,
2X6F,equibind,scored,0.0,12.0,70,81,D,
2X6I,diffdock,scored,0.9886406386488271,12.0,89,88,C,
2X6I,equibind,scored,0.27792908561566654,12.0,89,106,C,
2X6Y,diffdock,scored,0.8861437386762117,12.0,159,153,B:B,
2X6Y,equibind,scored,0.7029556468835496,12.0,159,121,B:B,
2X6J,diffdock,scored,0.977381508926363,12.0,88,90,C,
2X6J,equibind,scored,0.39177678334869953,12.0,88,110,C,
2X7D,diffdock,scored,0.9176573893717621,12.0,74,72,J,
2X7D,equibind,scored,0.0,12.0,74,71,J,
2X7S,diffdock,scored,0.9231560713863532,12.0,92,93,D,
2X7S,equibind,scored,0.8931132684672651,12.0,92,94,D,
2X7C,diffdock,scored,0.0,12.0,73,71,I,
2X7C,equibind,scored,0.0,12.0,73,64,I,
2X7T,diffdock,scored,0.9166619371160144,12.0,96,94,B,
2X7T,equibind,scored,0.8741995280842872,12.0,96,92,,
2X81,diffdock,scored,0.907326526597347,12.0,74,75,,
2X81,equibind,scored,0.7257951282841395,12.0,74,75,,
2X7X,diffdock,scored,0.9090722117494198,12.0,100,97,J,
2X7X,equibind,scored,0.09952525103568527,12.0,100,80,J,
2X8D,diffdock,scored,0.9861675103952389,12.0,73,72,,
2X8D,equibind,scored,0.9437638946220859,12.0,73,73,,
2X8E,diffdock,scored,1.0,12.0,70,70,,
2X8E,equibind,scored,0.8368090618621442,12.0,70,76,,
2X9E,diffdock,scored,0.9442992180275201,12.0,89,90,,
2X9E,equibind,scored,0.9434132466148267,12.0,89,92,,
2X8I,diffdock,scored,0.9238449555008513,12.0,79,77,,
2X8I,equibind,scored,0.9242625578162033,12.0,79,81,,
2X8Z,diffdock,scored,0.9699035819555673,12.0,101,100,,
2X8Z,equibind,scored,0.8164848889752301,12.0,101,89,,
2X85,diffdock,scored,0.9214098664545506,12.0,158,150,B:B,
2X85,equibind,scored,0.6652796351373896,12.0,158,119,B:B,
2X97,diffdock,scored,0.9658148031336226,12.0,148,145,,
2X97,equibind,scored,0.6875191387302404,12.0,148,107,C,
2XAB,diffdock,scored,0.9484288057720667,12.0,100,95,C,
2XAB,equibind,scored,0.04090392735394645,12.0,100,81,C,
2XAF,diffdock,scored,0.9272978117936171,12.0,195,195,A:FAD:900+A:TCF:901,
2XAF,equibind,scored,0.7516768903624386,12.0,195,166,A:FAD:900+A:TCF:901,
2XAG,diffdock,scored,0.9282979042141808,12.0,199,197,A:FAD:900+A:TCF:901,
2XAG,equibind,scored,0.7843822451832181,12.0,199,175,A:FAD:900+A:TCF:901,
2XAH,diffdock,scored,0.9202955661361715,12.0,199,201,A:FAD:900+A:3PL:901,
2XAH,equibind,scored,0.6498766920791372,12.0,199,152,A:FAD:900+A:3PL:901,
2XB7,diffdock,scored,0.9765956833302013,12.0,87,85,,
2XB7,equibind,scored,0.8225982359492487,12.0,87,100,,
2XAE,diffdock,scored,0.0,12.0,86,86,D,
2XAE,equibind,scored,0.0,12.0,83,16,M,
2XAQ,diffdock,scored,0.9597785411978388,12.0,203,201,A:FAD:900+A:M84:901,
2XAQ,equibind,scored,0.7812832159236789,12.0,203,169,A:FAD:900+A:M84:901,
2XAS,diffdock,scored,0.8543713731786703,12.0,212,224,A:FAD:900+A:M80:901,
2XAS,equibind,scored,0.6255838173627847,12.0,212,180,A:FAD:900+A:M80:901,
2XAJ,diffdock,scored,0.9182155882571463,12.0,193,199,A:FAD:900+A:TCA:901,
2XAJ,equibind,scored,0.6534649567678208,12.0,193,147,A:FAD:900+A:TCA:901,
2XB8,diffdock,scored,0.9727811000460127,12.0,75,73,,
2XB8,equibind,scored,0.9426046475278276,12.0,75,73,,
2XBX,diffdock,scored,0.95082763653483,12.0,102,101,,
2XBX,equibind,scored,0.9604464835409335,12.0,102,104,,
2XC4,diffdock,scored,0.9707712332458502,12.0,104,101,,
2XC4,equibind,scored,0.81668095180106,12.0,104,90,,
2XBJ,diffdock,scored,0.9509882352654897,12.0,83,81,,
2XBJ,equibind,scored,0.864149745796329,12.0,83,91,,
2XC0,diffdock,scored,0.9805260074587238,12.0,104,104,,
2XC0,equibind,scored,0.9197351062099783,12.0,104,104,,
2XB9,diffdock,scored,0.967941787051354,12.0,95,94,D,
2XB9,equibind,scored,0.17958162950882992,12.0,95,116,D,
2XCH,diffdock,scored,0.9404065077781819,12.0,82,87,,
2XCH,equibind,scored,0.9248504926653325,12.0,82,82,,
2XCN,diffdock,scored,0.8896222421134748,12.0,80,79,E,
2XCN,equibind,scored,0.2086274067961131,12.0,80,112,E,
2XDA,diffdock,scored,0.9865497613460936,12.0,76,75,,
2XDA,equibind,scored,0.8934770755662973,12.0,76,84,,
2XD6,diffdock,scored,0.8849176946334231,12.0,96,93,,
2XD6,equibind,scored,0.9475765753585351,12.0,96,95,,
2XDK,diffdock,scored,0.977000616656896,12.0,87,89,,
2XDK,equibind,scored,0.7962079296913727,12.0,87,85,,
2XDL,diffdock,scored,0.9346862491207771,12.0,90,92,,
2XDL,equibind,scored,0.849442260994724,12.0,90,79,,
2XD9,diffdock,scored,0.989375768611017,12.0,95,94,F,
2XD9,equibind,scored,0.1579229062767644,12.0,95,105,E,
2XEZ,diffdock,scored,0.9573842702249824,12.0,69,72,,
2XEZ,equibind,scored,0.8441178319895531,12.0,69,70,,
2XF0,diffdock,scored,1.0,12.0,70,70,,
2XF0,equibind,scored,0.7607887760518748,12.0,70,69,,
2XEJ,diffdock,scored,0.8171765925835777,12.0,163,160,,
2XEJ,equibind,scored,0.6674348673614637,12.0,163,145,M,
2XFI,diffdock,scored,0.9837105496052871,12.0,124,126,,
2XFI,equibind,scored,0.7888391958437487,12.0,124,126,,
2XDW,diffdock,scored,0.5214228643908697,12.0,117,109,P:B,
2XDW,equibind,scored,0.47519221546383483,12.0,117,101,P:B,
2XFJ,diffdock,scored,0.9761844073088131,12.0,128,129,,
2XFJ,equibind,scored,0.901906981949554,12.0,128,122,B,
2XEL,diffdock,scored,0.9040641748447467,12.0,81,83,,
2XEL,equibind,scored,0.0989247450987221,12.0,81,94,,
2XCS,diffdock,scored,0.8017944702619059,12.0,98,105,,
2XCS,equibind,scored,0.6081702168962829,12.0,98,124,,
2XG9,diffdock,scored,0.9335396990937278,12.0,106,105,B:B,
2XG9,equibind,scored,0.8341232963206936,12.0,106,99,B:B,
2XG5,diffdock,scored,0.3135628950870214,12.0,48,68,,
2XG5,equibind,scored,0.597478631294017,12.0,48,55,,
2XH5,diffdock,scored,0.9220512040687725,12.0,104,102,C,
2XH5,equibind,scored,0.8218075497455986,12.0,104,96,C,
2XHM,diffdock,scored,0.9570316226461284,12.0,141,139,,
2XHM,equibind,scored,0.5047698348261939,12.0,141,125,C,
2XHR,diffdock,scored,0.9218663455916956,12.0,104,102,,
2XHR,equibind,scored,0.8853519346475991,12.0,104,106,,
2XHT,diffdock,scored,0.9792425954229886,12.0,98,96,,
2XHT,equibind,scored,0.854820504388061,12.0,98,94,,
2XGM,diffdock,scored,0.9685005693596543,12.0,63,63,C,
2XGM,equibind,scored,0.23763705555505704,12.0,63,52,C,
2XHX,diffdock,scored,0.9455746594096943,12.0,95,90,B,
2XHX,equibind,scored,0.836577559225589,12.0,95,103,B,
2XDM,diffdock,scored,0.0,12.0,88,88,L,
2XDM,equibind,scored,0.0,12.0,88,53,L,
2XGO,diffdock,scored,0.9125989041605846,12.0,116,112,,
2XGO,equibind,scored,0.4084990917309524,12.0,116,108,,
2XGS,diffdock,scored,0.0167582507346419,12.0,109,110,C,
2XGS,equibind,scored,0.17045500579560277,12.0,109,78,C,
2XIX,diffdock,scored,0.7628013904648157,12.0,67,74,,
2XIX,equibind,scored,0.788187642081226,12.0,67,60,,
2XIZ,diffdock,scored,0.9879461442757949,12.0,83,84,,
2XIZ,equibind,scored,0.8296803491824212,12.0,83,77,,
2XJ1,diffdock,scored,0.9563516160093285,12.0,92,92,,
2XJ1,equibind,scored,0.9011865422253241,12.0,92,93,,
2XI7,diffdock,scored,0.01663097022799093,12.0,61,59,J,
2XI7,equibind,scored,0.0,12.0,58,31,G,
2XJ2,diffdock,scored,0.9221189432957316,12.0,91,88,,
2XJ2,equibind,scored,0.9115571543620149,12.0,91,91,,
2XJG,diffdock,scored,0.9381033917917542,12.0,95,97,,
2XJG,equibind,scored,0.8033878554571898,12.0,95,98,,
2XII,diffdock,scored,0.0,12.0,99,100,I,
2XII,equibind,scored,0.036200956964773066,12.0,99,72,I,
2XJJ,diffdock,scored,0.0,12.0,103,97,F,
2XJJ,equibind,scored,0.16929926377699,12.0,103,66,F,
2XK3,diffdock,scored,0.9598370230222039,12.0,76,75,,
2XK3,equibind,scored,0.9040830765504886,12.0,76,69,,
2XK4,diffdock,scored,0.9509193261839238,12.0,84,80,,
2XK4,equibind,scored,0.9253017887033427,12.0,84,78,,
2XK7,diffdock,scored,0.9596235319323928,12.0,74,77,,
2XK7,equibind,scored,0.9333623607757526,12.0,74,75,,
2XK8,diffdock,scored,0.9486654238778742,12.0,78,78,,
2XK8,equibind,scored,0.8684361292290522,12.0,78,76,,
2XKC,diffdock,scored,0.9611914631695312,12.0,77,78,,
2XKC,equibind,scored,0.9471962016689021,12.0,77,77,,
2XIB,diffdock,scored,0.0,12.0,82,82,I,
2XIB,equibind,scored,0.0062532769159180795,12.0,82,77,I,
2XJ7,diffdock,scored,0.0,12.0,86,93,E,
2XJ7,equibind,scored,0.0,12.0,86,36,E,
2XL2,diffdock,scored,0.0,12.0,57,108,C:C,
2XL2,equibind,scored,0.02645097788304512,12.0,57,84,C:C,
2XL3,diffdock,scored,0.0,12.0,56,50,C:C,
2XL3,equibind,scored,0.044378236383735475,12.0,56,184,C:C,
2XNE,diffdock,scored,0.9579604896080088,12.0,71,72,,
2XNE,equibind,scored,0.8786595696981693,12.0,71,78,,
2XN3,diffdock,scored,0.9311484402247155,12.0,73,72,,
2XN3,equibind,scored,0.5131060197368374,12.0,73,93,,
2XNB,diffdock,scored,0.9878833343202804,12.0,85,84,,
2XNB,equibind,scored,0.9194491806202056,12.0,85,92,,
2XML,diffdock,scored,1.0,12.0,95,95,J,
2XML,equibind,scored,0.08274148556290703,12.0,95,76,J,
2XK1,diffdock,scored,0.9456179470901659,12.0,91,92,L,
2XK1,equibind,scored,0.0,12.0,111,64,V,
2XM1,diffdock,scored,0.0,12.0,86,94,D,
2XM1,equibind,scored,0.0737426052915825,12.0,89,76,F,
2XNI,diffdock,scored,0.9459194686320253,12.0,73,77,,
2XNI,equibind,scored,0.13329265628459477,12.0,73,104,E,
2XNO,diffdock,scored,0.9391031193827744,12.0,83,80,,
2XNO,equibind,scored,0.8424353231287561,12.0,83,82,B,
2XNM,diffdock,scored,0.8974583142818578,12.0,88,83,,
2XNM,equibind,scored,0.8381046155370204,12.0,88,80,B,
2XOW,diffdock,scored,0.9883203439313378,12.0,87,88,,
2XOW,equibind,scored,0.7912261317574786,12.0,87,76,,
2XNP,diffdock,scored,0.9275629049139936,12.0,83,81,,
2XNP,equibind,scored,0.8675933492467831,12.0,83,80,B,
2XP3,diffdock,scored,0.9855368563141792,12.0,69,70,,
2XP3,equibind,scored,0.9093244098956799,12.0,69,65,,
2XM2,diffdock,scored,0.0,12.0,91,85,E,
2XM2,equibind,scored,0.054527503804112185,12.0,91,77,E,
2XP4,diffdock,scored,0.955762287867276,12.0,70,67,,
2XP4,equibind,scored,0.8673005446873807,12.0,70,63,,
2XP2,diffdock,scored,0.9305418403291886,12.0,87,87,,
2XP2,equibind,scored,0.8496002634033838,12.0,87,84,,
2XP5,diffdock,scored,0.9860123560904109,12.0,71,72,,
2XP5,equibind,scored,0.9287246411576477,12.0,71,74,,
2XP6,diffdock,scored,0.9722200196952772,12.0,72,72,,
2XP6,equibind,scored,0.915030392240036,12.0,72,70,,
2XLN,diffdock,scored,0.0,12.0,89,87,Q,
2XLN,equibind,scored,0.0,12.0,88,23,E,
2XP8,diffdock,scored,1.0,12.0,69,69,,
2XP8,equibind,scored,0.8916608170851675,12.0,69,64,,
2XPA,diffdock,scored,0.9574824500189619,12.0,71,70,,
2XPA,equibind,scored,0.8638644555432623,12.0,71,77,,
2XPB,diffdock,scored,0.9725633978752605,12.0,74,72,,
2XPB,equibind,scored,0.8747071274173911,12.0,74,73,,
2XTN,diffdock,scored,0.9739753276002189,12.0,79,77,,
2XTN,equibind,scored,0.8005967467072473,12.0,79,83,,
2XRW,diffdock,scored,0.0,12.0,64,52,B:B,
2XRW,equibind,scored,0.5159633628711835,12.0,64,92,B:B,
2XQQ,diffdock,scored,0.06717338335787491,12.0,50,54,H:H,
2XQQ,equibind,scored,0.5376347711304428,12.0,121,113,E:E,
2XPC,diffdock,scored,0.93092675069664,12.0,130,133,,
2XPC,equibind,scored,0.6984736955061674,12.0,130,119,B,
2XSB,diffdock,scored,0.9514595664403225,12.0,81,83,,
2XSB,equibind,scored,0.8195825095909272,12.0,81,73,,
2XTO,diffdock,scored,0.9607362138498062,12.0,78,77,E,
2XTO,equibind,scored,0.20016159569624803,12.0,78,91,E,
2XU5,diffdock,scored,0.9662569751483387,12.0,88,91,,
2XU5,equibind,scored,0.8585035468282927,12.0,88,84,B,
2XU3,diffdock,scored,0.9887636294479178,12.0,91,90,B,
2XU3,equibind,scored,0.9087352686054219,12.0,91,87,B,
2XU4,diffdock,scored,0.9654409052278641,12.0,87,88,B,
2XU4,equibind,scored,0.8552806946696832,12.0,87,81,B,
2XUZ,diffdock,scored,0.9686186162631467,12.0,96,97,B,
2XUZ,equibind,scored,0.6983582461375304,12.0,96,110,,
2XV1,diffdock,scored,0.9787287174624439,12.0,95,95,,
2XV1,equibind,scored,0.5870904794848048,12.0,95,103,,
2XU1,diffdock,scored,0.9674548055925216,12.0,92,93,E,
2XU1,equibind,scored,0.020593901922311756,12.0,90,119,G,
2XX4,diffdock,scored,0.9134628689951525,12.0,104,103,,
2XX4,equibind,scored,0.9505898494463968,12.0,104,101,,
2XUP,diffdock,scored,0.8526234727174047,12.0,137,129,I,
2XUP,equibind,scored,0.12459079455437888,12.0,137,124,I,
2XWD,diffdock,scored,0.9423425886835864,12.0,105,101,J,
2XWD,equibind,scored,0.3989343182805008,12.0,107,80,P,
2XWE,diffdock,scored,0.9077516867769134,12.0,117,120,,
2XWE,equibind,scored,0.2804310081823622,12.0,117,92,,
2XXR,diffdock,scored,0.46289239202486554,12.0,98,91,F,
2XXR,equibind,scored,0.11383495270882661,12.0,98,81,F,
2XXW,diffdock,scored,0.1688395507370661,12.0,100,95,D,
2XXW,equibind,scored,0.12902999019687142,12.0,100,81,D,
2XXT,diffdock,scored,0.951346630222563,12.0,103,102,C,
2XXT,equibind,scored,0.20150459398108267,12.0,103,88,C,
2XY9,diffdock,scored,0.9521984725262983,12.0,169,165,I,
2XY9,equibind,scored,0.7022433093521999,12.0,169,155,I,
2XX2,diffdock,scored,0.0,12.0,97,93,I,
2XX2,equibind,scored,0.16340235896003663,12.0,99,81,E,
2XYU,diffdock,scored,0.9656055457760722,12.0,88,89,,
2XYU,equibind,scored,0.7423283483845986,12.0,88,76,,
2XYD,diffdock,scored,0.916736973790688,12.0,166,168,I,
2XYD,equibind,scored,0.042572991865943724,12.0,165,124,P,
2XXX,diffdock,scored,0.17741681186122574,12.0,101,90,E,
2XXX,equibind,scored,0.013602924705800438,12.0,101,85,E,
2Y06,diffdock,scored,0.7280657247077367,12.0,63,62,P:C,
2Y06,equibind,scored,0.5965412230152508,12.0,63,58,P:C,
2XXY,diffdock,scored,0.0,12.0,103,105,F,
2XXY,equibind,scored,0.01506139646152339,12.0,103,94,F,
2XZ5,diffdock,scored,0.0,12.0,79,76,F,
2XZ5,equibind,scored,0.0,12.0,76,26,M,
2Y2J,diffdock,scored,0.9233088381559134,12.0,89,90,,
2Y2J,equibind,scored,0.7955097167854819,12.0,89,91,,
2Y2K,diffdock,scored,0.9774668816001416,12.0,89,89,,
2Y2K,equibind,scored,0.7688530808932725,12.0,89,92,,
2Y2P,diffdock,scored,0.9337595910001951,12.0,90,90,,
2Y2P,equibind,scored,0.8157095722867529,12.0,90,95,,
2XZW,diffdock,scored,0.0,12.0,57,87,N,
2XZW,equibind,scored,0.0,12.0,74,58,CA,
2Y36,diffdock,scored,0.6185078759119793,12.0,69,77,P:C,
2Y36,equibind,scored,0.7474370660767143,12.0,69,57,P:C,
2Y2H,diffdock,scored,0.0,12.0,89,89,C,
2Y2H,equibind,scored,0.08835750107782893,12.0,89,80,P,
2Y1X,diffdock,scored,0.9556660542100816,12.0,113,114,O,
2Y1X,equibind,scored,0.023074743489578886,12.0,111,85,F,
2Y4K,diffdock,scored,0.028390570678916694,12.0,110,117,J,
2Y4K,equibind,scored,0.2469518988075539,12.0,118,111,D,
2Y4L,diffdock,scored,0.9215298804388949,12.0,113,116,D,
2Y4L,equibind,scored,0.026459501114888404,12.0,112,121,J,
2XYT,diffdock,scored,0.0,12.0,94,102,M,
2XYT,equibind,scored,0.0,12.0,95,112,L,
2Y4M,diffdock,scored,0.9473687802517627,12.0,136,133,N,
2Y4M,equibind,scored,0.559513892568506,12.0,127,102,D,
2Y5F,diffdock,scored,0.9004262390228007,12.0,100,104,C,
2Y5F,equibind,scored,0.7518387092208065,12.0,100,90,C,
2Y4S,diffdock,scored,0.8622171639453944,12.0,106,111,B:B,
2Y4S,equibind,scored,0.6628268833072698,12.0,106,84,B:B,
2Y5G,diffdock,scored,0.9412622698815247,12.0,103,101,C,
2Y5G,equibind,scored,0.7795511285877973,12.0,103,84,C,
2Y5H,diffdock,scored,0.9324011026226937,12.0,103,104,C,
2Y5H,equibind,scored,0.7485127485443646,12.0,103,81,C,
2Y6D,diffdock,scored,0.9031678364297482,12.0,86,78,,
2Y6D,equibind,scored,0.7268047478966031,12.0,86,84,H,
2Y54,diffdock,scored,0.0,12.0,82,79,F,
2Y54,equibind,scored,0.007719304068023536,12.0,82,27,O,
2Y57,diffdock,scored,0.0,12.0,103,104,F,
2Y57,equibind,scored,0.04777170125402011,12.0,102,58,N,
2Y56,diffdock,scored,0.0,12.0,99,99,AA,
2Y56,equibind,scored,0.041779529463559756,12.0,99,41,AA,
2Y76,diffdock,scored,0.9703638964413622,12.0,68,68,,
2Y76,equibind,scored,0.8159795914431709,12.0,68,77,B,
2Y6O,diffdock,scored,0.9355552593251346,12.0,93,91,,
2Y6O,equibind,scored,0.8673322917607981,12.0,93,89,,
2Y7P,diffdock,scored,0.9742176205527536,12.0,77,77,B,
2Y7P,equibind,scored,0.5864661982765683,12.0,77,78,B,
2Y7X,diffdock,scored,0.9394424730730895,12.0,100,98,,
2Y7X,equibind,scored,0.8631527084554597,12.0,100,89,,
2Y7Z,diffdock,scored,0.9289129498260842,12.0,98,97,,
2Y7Z,equibind,scored,0.7419265013658071,12.0,98,80,,
2Y7I,diffdock,scored,0.0,12.0,97,98,I,
2Y7I,equibind,scored,0.2034287730683276,12.0,97,79,C,
2Y5K,diffdock,scored,0.3883902286331305,12.0,91,95,G,
2Y5K,equibind,scored,0.2466867634394477,12.0,91,127,G,
2Y82,diffdock,scored,0.9498660295501938,12.0,99,100,,
2Y82,equibind,scored,0.8220863654705443,12.0,99,90,,
2Y80,diffdock,scored,0.8990841857043383,12.0,99,95,,
2Y80,equibind,scored,0.7640329797727431,12.0,99,83,,
2Y7K,diffdock,scored,0.010863754068146743,12.0,80,80,I,
2Y7K,equibind,scored,0.0383022310598346,12.0,82,78,E,
2Y8C,diffdock,scored,0.060435329549062694,12.0,79,80,G,
2Y8C,equibind,scored,0.10443275058259582,12.0,75,124,F,
2Y7W,diffdock,scored,0.9597577514432825,12.0,75,76,H,
2Y7W,equibind,scored,0.0,12.0,75,54,H,
2Y9G,diffdock,scored,0.8705987014419101,12.0,48,44,D:GLC:1+E:GAL:2,
2Y9G,equibind,scored,0.3059272661686387,12.0,48,62,D:D,
2Y8L,diffdock,scored,0.36841967893876437,12.0,93,97,E,
2Y8L,equibind,scored,0.4108457009995696,12.0,93,94,E,
2YAC,diffdock,scored,0.942889916653864,12.0,87,88,,
2YAC,equibind,scored,0.8970768205239088,12.0,87,88,,
2Y8I,diffdock,scored,0.43621761900317446,12.0,97,106,,
2Y8I,equibind,scored,0.6343673883717389,12.0,97,98,,
2Y8Q,diffdock,scored,0.19745762177857654,12.0,94,89,,
2Y8Q,equibind,scored,0.3509184385785057,12.0,94,95,,
2YAY,diffdock,scored,0.9390531226609277,12.0,101,97,,
2YAY,equibind,scored,0.48599069439104314,12.0,101,89,B,
2Y5L,diffdock,scored,0.9406354034721899,12.0,85,82,M,
2Y5L,equibind,scored,0.0,12.0,88,65,N,
2YA6,diffdock,scored,0.9307059666114786,12.0,103,98,C,
2YA6,equibind,scored,0.10052919182861442,12.0,101,89,H,
2YA8,diffdock,scored,0.0,12.0,99,97,H,
2YA8,equibind,scored,0.08611188109782837,12.0,99,89,H,
2YB9,diffdock,scored,0.9572793310385779,12.0,117,118,,
2YB9,equibind,scored,0.6734211963817529,12.0,117,115,,
2YC0,diffdock,scored,0.9777828897321224,12.0,90,90,,
2YC0,equibind,scored,0.8100121638115994,12.0,90,85,,
2YBP,diffdock,scored,0.9131010760592737,12.0,105,104,H,
2YBP,equibind,scored,0.02166876838202131,12.0,105,58,H,
2YC3,diffdock,scored,0.9888367951040425,12.0,91,90,,
2YC3,equibind,scored,0.44969274572479134,12.0,91,81,,
2YBS,diffdock,scored,0.0,12.0,105,105,H,
2YBS,equibind,scored,0.038423510915511196,12.0,109,78,K,
2YC5,diffdock,scored,0.9242809999211948,12.0,95,90,,
2YC5,equibind,scored,0.6555397159448055,12.0,95,81,,
2YAZ,diffdock,scored,0.0,12.0,101,106,J,
2YAZ,equibind,scored,0.005104980974265352,12.0,101,94,N,
2YB0,diffdock,scored,0.9786988409630035,12.0,94,94,E,
2YB0,equibind,scored,0.08426877554210166,12.0,94,80,E,
2YCH,diffdock,scored,0.9656386931287885,12.0,120,116,,
2YCH,equibind,scored,0.7723989757747414,12.0,120,124,,
2YDI,diffdock,scored,0.9866596846490315,12.0,75,76,,
2YDI,equibind,scored,0.9324185175901523,12.0,75,78,C,
2YDE,diffdock,scored,0.989026580182679,12.0,91,92,C,
2YDE,equibind,scored,0.7896696476047457,12.0,91,84,C,
2YDK,diffdock,scored,0.9873267574284431,12.0,80,79,,
2YDK,equibind,scored,0.9381856831732884,12.0,80,83,,
2YDM,diffdock,scored,0.9693411567126707,12.0,97,100,,
2YDM,equibind,scored,0.8360991870275079,12.0,97,95,,
2YDO,diffdock,scored,0.9438870606123928,12.0,106,108,,
2YDO,equibind,scored,0.7845322190924946,12.0,106,114,,
2YDV,diffdock,scored,0.9567816083469288,12.0,118,115,,
2YDV,equibind,scored,0.8680030061874641,12.0,118,117,,
2YDT,diffdock,scored,0.9440077607977756,12.0,109,103,A:EDG:500+A:AHR:501,
2YDT,equibind,scored,0.767076281534304,12.0,109,93,A:EDG:500+A:AHR:501,
2YDJ,diffdock,scored,0.0,12.0,78,80,E,
2YDJ,equibind,scored,0.1637252295314047,12.0,78,79,C,
2YEM,diffdock,scored,0.9223772970344336,12.0,65,64,C,
2YEM,equibind,scored,0.6064611471134352,12.0,65,79,C,
2YER,diffdock,scored,1.0,12.0,74,74,,
2YER,equibind,scored,0.9468196883540387,12.0,74,78,,
2YDW,diffdock,scored,0.9834162485126567,12.0,62,61,D,
2YDW,equibind,scored,0.08237520007530895,12.0,77,104,E,
2YEX,diffdock,scored,0.9579924670355028,12.0,72,71,,
2YEX,equibind,scored,0.9314287357107356,12.0,72,75,,
2YFX,diffdock,scored,0.9191824314402768,12.0,87,86,,
2YFX,equibind,scored,0.8622760640765704,12.0,87,87,,
2YFA,diffdock,scored,0.9849715212484805,12.0,66,67,C,
2YFA,equibind,scored,0.6073456721767941,12.0,66,70,C,
2YGA,diffdock,scored,0.9018588479196178,12.0,101,103,B,
2YGA,equibind,scored,0.9071672468404866,12.0,101,100,B,
2YGE,diffdock,scored,0.9287328503063622,12.0,101,100,B,
2YGE,equibind,scored,0.8411248371375171,12.0,101,99,B,
2YGF,diffdock,scored,0.8848725713943839,12.0,104,106,B,
2YGF,equibind,scored,0.8162833740920393,12.0,104,105,B,
2YHD,diffdock,scored,0.14009327691068355,12.0,56,113,,
2YHD,equibind,scored,0.14586514482221524,12.0,56,106,,
2YI5,diffdock,scored,0.9039978552148022,12.0,92,91,,
2YI5,equibind,scored,0.9155470230815751,12.0,92,96,,
2YHW,diffdock,scored,0.9584488721334536,12.0,97,97,,
2YHW,equibind,scored,0.7168665119136095,12.0,97,79,,
2YIG,diffdock,scored,0.9057442600805219,12.0,85,85,J,
2YIG,equibind,scored,0.829243316834256,12.0,81,92,C,
2YHY,diffdock,scored,0.9584924994856484,12.0,98,98,,
2YHY,equibind,scored,0.6969307668826727,12.0,98,75,,
2YIQ,diffdock,scored,0.9879342315310431,12.0,84,85,,
2YIQ,equibind,scored,0.8106323770903818,12.0,84,77,,
2YJ9,diffdock,scored,0.9663489729964201,12.0,90,91,B,
2YJ9,equibind,scored,0.882441161041026,12.0,90,80,B,
2YJX,diffdock,scored,0.9142328272047707,12.0,94,90,,
2YJX,equibind,scored,0.887371245758991,12.0,94,101,B,
2YIV,diffdock,scored,0.11192230467378698,12.0,81,93,E,
2YIV,equibind,scored,0.167067969657369,12.0,81,82,E,
2YGU,diffdock,scored,0.0,12.0,91,89,L,
2YGU,equibind,scored,0.05020030959857027,12.0,91,6,L,
2YJW,diffdock,scored,0.966295927469074,12.0,90,87,,
2YJW,equibind,scored,0.9554374782263213,12.0,90,90,,
2YJB,diffdock,scored,0.9668866804575929,12.0,91,92,B,
2YJB,equibind,scored,0.8215854542942145,12.0,91,80,B,
2YJC,diffdock,scored,0.9340045579418734,12.0,90,92,,
2YJC,equibind,scored,0.9075297046586819,12.0,90,86,B,
2YK9,diffdock,scored,0.9469933445440347,12.0,96,93,,
2YK9,equibind,scored,0.6932582882012027,12.0,96,100,,
2YK1,diffdock,scored,0.9762470495912304,12.0,86,84,,
2YK1,equibind,scored,0.7856417649973444,12.0,86,80,,
2YKB,diffdock,scored,0.9196521443887226,12.0,112,111,,
2YKB,equibind,scored,0.80726042469215,12.0,112,111,B,
2YKE,diffdock,scored,0.9730184353295449,12.0,114,111,,
2YKE,equibind,scored,0.8753308196477659,12.0,114,116,,
2YKI,diffdock,scored,0.9732772306118679,12.0,116,113,,
2YKI,equibind,scored,0.8573462995226135,12.0,116,110,,
2YKJ,diffdock,scored,0.9474123377750499,12.0,115,115,,
2YKJ,equibind,scored,0.7648220524322208,12.0,115,113,,
2YLO,diffdock,scored,0.9806690432084963,12.0,53,52,,
2YLO,equibind,scored,0.36144249850296867,12.0,53,108,,
2YLN,diffdock,scored,0.7488616094586079,12.0,83,73,B,
2YLN,equibind,scored,0.6260763716811679,12.0,80,86,C,
2YLP,diffdock,scored,0.9436943446542482,12.0,52,55,D,
2YLP,equibind,scored,0.2600785810801482,12.0,56,97,E,
2YMT,diffdock,scored,0.6081777878686219,12.0,51,40,B:B,
2YMT,equibind,scored,0.5294414711293067,12.0,51,35,B:B,
2YM4,diffdock,scored,0.9070364365367272,12.0,86,84,,
2YM4,equibind,scored,0.9185803973868932,12.0,86,85,,
2YM8,diffdock,scored,0.9738048205999483,12.0,77,79,,
2YM8,equibind,scored,0.9181483806959728,12.0,77,75,,
2YM6,diffdock,scored,0.9505416611735208,12.0,79,81,,
2YM6,equibind,scored,0.8687581952984246,12.0,79,75,,
2YNN,diffdock,scored,0.8174278069265691,12.0,81,71,P:B,
2YNN,equibind,scored,0.2387445314323689,12.0,81,136,P:B,
2YOL,diffdock,scored,0.9242728739820992,12.0,80,80,,
2YOL,equibind,scored,0.8671924526191691,12.0,80,80,C,
2YOG,diffdock,scored,0.9355359759542806,12.0,95,89,C,
2YOG,equibind,scored,0.6796927854955302,12.0,95,123,D,
2YPI,diffdock,scored,0.0,12.0,80,80,C,
2YPI,equibind,scored,0.05932315836216642,12.0,82,92,D,
2YOF,diffdock,scored,0.0,12.0,107,104,G,
2YOF,equibind,scored,0.0,12.0,112,129,J,
2YQ6,diffdock,scored,0.3579889776155287,12.0,83,104,B:B,
2YQ6,equibind,scored,0.7636126452155892,12.0,83,68,B:B,
2YND,diffdock,scored,0.0,12.0,103,104,Q,
2YND,equibind,scored,0.03226370314052861,12.0,105,110,L,
2YZ3,diffdock,scored,0.9738214487551995,12.0,77,77,L,
2YZ3,equibind,scored,0.1706323780859284,12.0,76,78,G,
2YOJ,diffdock,scored,0.0,12.0,119,119,F,
2YOJ,equibind,scored,0.026344750610559017,12.0,117,112,C,
2Z1W,diffdock,scored,0.9786621168067636,12.0,93,95,,
2Z1W,equibind,scored,0.8179982289742468,12.0,93,92,,
2YPO,diffdock,scored,0.0,12.0,94,66,I,
2YPO,equibind,scored,0.35165777527261327,12.0,89,97,Q,
2YPP,diffdock,scored,0.0,12.0,64,65,M,
2YPP,equibind,scored,0.4884390744075669,12.0,99,108,C,
2Z3Z,diffdock,scored,0.9275917175209725,12.0,97,96,,
2Z3Z,equibind,scored,0.7747423788244475,12.0,97,89,,
2Z4W,diffdock,scored,0.948168745437038,12.0,133,136,E,
2Z4R,diffdock,scored,0.0,12.0,93,94,G,
2Z4R,equibind,scored,0.0,12.0,93,106,I,
2Z4Y,diffdock,scored,0.9912684186193785,12.0,115,116,C,
2Z4Y,equibind,scored,0.6139721897051634,12.0,115,117,C,
2Z50,diffdock,scored,0.009195584308909432,12.0,95,96,C,
2Z50,equibind,scored,0.5752316660615854,12.0,95,95,C,
2Z4Z,diffdock,scored,0.9779434134694331,12.0,138,137,E,
2Z4Z,equibind,scored,0.07620544037488904,12.0,138,124,E,
2Z52,diffdock,scored,0.9390591096362054,12.0,129,133,F,
2Z52,equibind,scored,0.7406609961129451,12.0,129,124,F,
2Z60,diffdock,scored,0.9764945508482407,12.0,85,87,,
2Z60,equibind,scored,0.9516151218358447,12.0,85,83,,
2YMD,diffdock,scored,0.0,12.0,80,80,EA,
2YMD,equibind,scored,0.0,12.0,81,26,W,
2Z6W,diffdock,scored,0.8849170578798871,12.0,78,81,M:C,
2Z6W,equibind,scored,0.10939380689842881,12.0,96,136,N:D,
2Z92,diffdock,scored,0.9294551669279842,12.0,84,84,,
2Z92,equibind,scored,0.8551335978014283,12.0,84,84,,
2Z5O,diffdock,scored,0.8253936388248496,12.0,109,110,B:B,
2Z5O,equibind,scored,0.0708313111534307,12.0,109,88,B:B,
2Z94,diffdock,scored,1.0,12.0,59,59,,
2Z94,equibind,scored,0.9308535979900804,12.0,59,57,,
2Z9G,diffdock,scored,1.0,12.0,55,55,,
2Z9G,equibind,scored,0.7715742405785914,12.0,55,54,,
2Z7H,diffdock,scored,0.6496409710355443,12.0,113,120,E,
2Z7H,equibind,scored,0.034729265551629966,12.0,113,123,E,
2Z7I,diffdock,scored,0.9167692072885015,12.0,142,142,D,
2Z7I,equibind,scored,0.7404538019512633,12.0,142,139,D,
2ZAS,diffdock,scored,0.970853409006484,12.0,104,103,,
2ZAS,equibind,scored,0.9495808462462966,12.0,104,101,,
2ZAZ,diffdock,scored,0.9524914263353519,12.0,84,84,,
2ZAZ,equibind,scored,0.833118688160095,12.0,84,88,,
2ZA3,diffdock,scored,0.9343568143000979,12.0,107,106,C,
2ZA3,equibind,scored,0.054001897614564,12.0,105,114,D,
2ZC9,diffdock,scored,0.820866025311993,12.0,102,100,,
2ZC9,equibind,scored,0.8652336527002784,12.0,102,89,,
2ZCQ,diffdock,scored,0.9357376198476706,12.0,122,126,,
2ZCQ,equibind,scored,0.6634283996430782,12.0,122,112,,
2ZDT,diffdock,scored,0.9628596185668599,12.0,82,79,,
2ZDT,equibind,scored,0.8221643035292866,12.0,82,94,,
2ZGA,diffdock,scored,0.8304380351773074,12.0,44,50,,
2ZGA,equibind,scored,0.8168565427539807,12.0,44,48,,
2ZG1,diffdock,scored,0.9511319423834338,12.0,40,42,,
2ZG1,equibind,scored,0.7740405726703287,12.0,40,50,,
2ZFP,diffdock,scored,0.8875329632892266,12.0,99,98,,
2ZFP,equibind,scored,0.7878149234353918,12.0,99,92,F,
2ZDX,diffdock,scored,1.0,12.0,82,82,C,
2ZDX,equibind,scored,0.06092544571721487,12.0,80,89,D,
2ZGM,diffdock,scored,0.0,12.0,49,52,C:C,
2ZGM,equibind,scored,0.0,12.0,49,113,C:C,
2ZA5,diffdock,scored,0.9249915111231458,12.0,115,122,E,
2ZA5,equibind,scored,0.10125183760679905,12.0,118,44,F,
2ZJW,diffdock,scored,0.795561524808713,12.0,78,74,,
2ZJW,equibind,scored,0.41531533358964556,12.0,78,63,,
2ZMJ,diffdock,scored,0.9848898698318509,12.0,134,134,,
2ZMJ,equibind,scored,0.7861374782191379,12.0,134,134,,
2ZNS,diffdock,scored,0.9497596160792542,12.0,100,99,,
2ZNS,equibind,scored,0.7609400697799934,12.0,100,93,,
2ZMM,diffdock,scored,0.9413099033392591,12.0,84,85,,
2ZMM,equibind,scored,0.8579701208107223,12.0,84,86,,
2ZN7,diffdock,scored,0.9414640096388018,12.0,84,87,,
2ZN7,equibind,scored,0.8812387087419908,12.0,84,84,,
2ZLF,diffdock,scored,0.025825071160392735,12.0,76,141,B:B,
2ZLF,equibind,scored,0.2515704128517663,12.0,76,137,B:B,
2ZKJ,diffdock,scored,0.007603684099734046,12.0,100,98,G,
2ZKJ,equibind,scored,0.47495428282415764,12.0,100,105,G,
2ZNT,diffdock,scored,0.9631514441347381,12.0,107,111,,
2ZNT,equibind,scored,0.7043457568749045,12.0,107,98,B,
2ZU3,diffdock,scored,0.9452866021799022,12.0,76,72,B,
2ZU3,equibind,scored,0.8952738511867363,12.0,76,82,B,
2ZSC,diffdock,scored,0.05530115619182211,12.0,74,75,O,
2ZSC,equibind,scored,0.26661285429365555,12.0,74,62,G,
2ZU4,diffdock,scored,0.9138626797554931,12.0,92,90,,
2ZU4,equibind,scored,0.8410559478472197,12.0,92,90,B,
2ZVA,diffdock,scored,0.9495176826404086,12.0,100,99,B,
2ZVA,equibind,scored,0.8349554287911112,12.0,100,96,,
2ZU5,diffdock,scored,0.9447527054773321,12.0,93,90,,
2ZU5,equibind,scored,0.7740301079814582,12.0,93,76,B,
2ZVJ,diffdock,scored,0.9849151126238025,12.0,67,66,,
2ZVJ,equibind,scored,0.6956830648710184,12.0,67,71,,
2ZOF,diffdock,scored,0.9605170961946043,12.0,127,128,H,
2ZOF,equibind,scored,0.3672053729221734,12.0,126,111,E,
2ZQ0,diffdock,scored,0.9321206471924317,12.0,121,117,D:D,
2ZQ0,equibind,scored,0.029169007435091054,12.0,121,135,D:D,
2ZWZ,diffdock,scored,0.9049320198507944,12.0,93,92,C,
2ZWZ,equibind,scored,0.15205774014280743,12.0,93,80,C,
2ZX7,diffdock,scored,0.883436166958254,12.0,109,106,D,
2ZX7,equibind,scored,0.0,12.0,109,103,D,
2ZXA,diffdock,scored,0.0,12.0,98,99,D,
2ZXA,equibind,scored,0.13932171509516797,12.0,99,89,C,
2ZX9,diffdock,scored,0.9128924421401026,12.0,114,114,D,
2ZX9,equibind,scored,0.6468288762707747,12.0,113,111,C,
2ZXB,diffdock,scored,0.9601125133731422,12.0,102,100,C,
2ZXB,equibind,scored,0.0,12.0,103,87,D,
2ZXD,diffdock,scored,0.9470376887742817,12.0,95,94,D,
2ZXD,equibind,scored,0.04592695674088025,12.0,95,79,D,
2ZYM,diffdock,scored,0.9093423142043574,12.0,124,121,B:B,
2ZYM,equibind,scored,0.8092254232759738,12.0,124,124,B:B,
2ZY1,diffdock,scored,0.9517019242539903,12.0,123,125,,
2ZY1,equibind,scored,0.6591208524039358,12.0,123,119,,
2ZYN,diffdock,scored,0.9203691770549938,12.0,128,126,B:B,
2ZYN,equibind,scored,0.7230162965775211,12.0,128,146,B:B,
2ZIT,equibind,scored,0.0,12.0,104,86,H,
2ZZ2,diffdock,scored,0.04501275097772035,12.0,113,113,G,
2ZZ2,equibind,scored,0.6315816149836068,12.0,113,123,C,
2ZZ1,diffdock,scored,0.9467335507656139,12.0,113,111,I,
2ZZ1,equibind,scored,0.040931081661393344,12.0,113,116,I,
2ZZ6,diffdock,scored,0.028594141105181627,12.0,108,107,G,
2ZZ6,equibind,scored,0.12140156564274703,12.0,108,127,G,
2ZXG,diffdock,scored,0.958988998215445,12.0,121,126,,
2ZXG,equibind,scored,0.8831368241310339,12.0,121,123,C,
3A1C,diffdock,scored,0.01029482347348371,12.0,123,129,C,
3A1C,equibind,scored,0.6747628111479398,12.0,123,108,C,
3A1D,diffdock,scored,0.9201805985285233,12.0,110,115,C,
3A1D,equibind,scored,0.017618911661879736,12.0,112,116,E,
3A1T,diffdock,scored,0.9694590585288272,12.0,65,67,,
3A1T,equibind,scored,0.7202133316850334,12.0,65,75,,
3A1E,diffdock,scored,0.9441704530196187,12.0,122,129,C,
3A1E,equibind,scored,0.6200861047001291,12.0,122,121,C,
3A1S,diffdock,scored,0.8844772766830561,12.0,95,92,H,
3A1S,equibind,scored,0.42585534595220986,12.0,95,119,H,
3A6T,diffdock,scored,0.9879295527438383,12.0,83,84,,
3A6T,equibind,scored,0.8676023052088879,12.0,83,82,,
3A2O,diffdock,scored,1.0,12.0,106,106,D,
3A2O,equibind,scored,0.8644647023145364,12.0,106,108,D,
3A4P,diffdock,scored,0.9451205315080351,12.0,89,94,,
3A4P,equibind,scored,0.7915023560572201,12.0,89,88,,
3A9I,diffdock,scored,0.48196749872460476,12.0,89,61,,
3A9I,equibind,scored,0.5209058790695473,12.0,89,90,,
3ABT,diffdock,scored,0.9288362417559449,12.0,196,202,,
3ABT,equibind,scored,0.6995938280117298,12.0,196,160,B,
3A29,diffdock,scored,0.9861885042586394,12.0,73,72,E,
3A29,equibind,scored,0.0,12.0,72,123,G,
3ADV,diffdock,scored,0.9019674691553288,12.0,92,91,E,
3ADV,equibind,scored,0.01652763941126126,12.0,96,68,C,
3ABU,diffdock,scored,0.9350967831427249,12.0,205,204,B,
3ABU,equibind,scored,0.8184510223164098,12.0,205,206,B,
3AH8,diffdock,scored,0.5793489307377452,12.0,108,80,Y:D,
3AH8,equibind,scored,0.36545529155811635,12.0,108,136,Y:D,
3A3Y,diffdock,scored,0.8620876677669713,12.0,119,122,,
3A3Y,equibind,scored,0.6764027443723106,12.0,119,110,,
3AID,diffdock,scored,0.9272936246845165,12.0,98,97,C,
3AID,equibind,scored,0.9249586274276556,12.0,98,99,C,
3AIG,diffdock,scored,0.9262882152274912,12.0,84,78,E,
3AIG,equibind,scored,0.892661228308938,12.0,84,87,,
3AHO,diffdock,scored,0.8454227471826273,12.0,155,171,I,
3AHO,equibind,scored,0.024794663546110863,12.0,158,112,D,
3AJE,diffdock,scored,0.8805571135531688,12.0,91,88,,
3AJE,equibind,scored,0.8242458604504386,12.0,91,87,,
3ALT,diffdock,scored,0.0,12.0,49,68,E:E,
3ALT,equibind,scored,0.0,12.0,49,85,E:E,
3AMB,diffdock,scored,0.8487385595166783,12.0,101,105,,
3AMB,equibind,scored,0.856908728581402,12.0,101,108,,
3AHN,diffdock,scored,0.0,12.0,157,170,C,
3AHN,equibind,scored,0.011709813831657059,12.0,157,105,C,
3AO1,diffdock,scored,0.20234379469831854,12.0,75,75,J,
3AO1,equibind,scored,0.8691124937458411,12.0,77,77,F,
3AMV,diffdock,scored,0.9597456937236669,12.0,76,75,,
3AMV,equibind,scored,0.3157812930492593,12.0,76,126,,
3AO2,diffdock,scored,0.24433773502328843,12.0,76,80,Q,
3AO2,equibind,scored,0.38133131737230735,12.0,76,98,Q,
3ANS,diffdock,scored,0.9159220307664642,12.0,116,118,C,
3ANS,equibind,scored,0.0,12.0,117,110,D,
3AO4,diffdock,scored,0.19705334312965636,12.0,78,76,H,
3AO4,equibind,scored,0.7174574521001887,12.0,78,81,H,
3ANT,diffdock,scored,0.0,12.0,123,132,C,
3ANT,equibind,scored,0.0074532477170485365,12.0,125,123,D,
3AP7,diffdock,scored,0.7676398146753417,12.0,57,63,B:B,
3AP7,equibind,scored,0.6275022614903937,12.0,57,74,B:B,
3AO5,diffdock,scored,0.25379730913904386,12.0,81,76,L,
3AO5,equibind,scored,0.6446996118360099,12.0,79,92,D,
3ANR,diffdock,scored,0.9264750393525603,12.0,83,79,H,
3ANR,equibind,scored,0.03305656479662591,12.0,84,72,E,
3ANQ,diffdock,scored,0.0,12.0,83,77,H,
3ANQ,equibind,scored,0.04430475122202083,12.0,86,84,G,
3AOX,diffdock,scored,0.8530425768021126,12.0,87,86,,
3AOX,equibind,scored,0.7998263555544217,12.0,87,82,,
3AQT,diffdock,scored,1.0,12.0,83,83,C,
3AQT,equibind,scored,0.17615168349768034,12.0,83,87,D,
3ARA,diffdock,scored,0.9023648934002896,12.0,70,71,D,
3ARA,equibind,scored,0.2491586427359486,12.0,72,140,H,
3AP4,diffdock,scored,0.0,12.0,48,46,G:G,
3AP4,equibind,scored,0.037445560660377575,12.0,48,84,E:E,
3ARN,diffdock,scored,0.9721293348051462,12.0,72,72,H,
3ARN,equibind,scored,0.2248422805415391,12.0,72,129,H,
3ARD,diffdock,scored,0.9573868673718221,12.0,191,187,,
3ARD,equibind,scored,0.6958285281006937,12.0,191,148,H,
3ARE,diffdock,scored,0.9673419707712537,12.0,190,188,,
3ARE,equibind,scored,0.6327525933873879,12.0,190,152,,
3ARB,diffdock,scored,0.9057536449389229,12.0,164,172,,
3ARB,equibind,scored,0.6541401547320738,12.0,164,128,J,
3ARG,diffdock,scored,0.9426381020944808,12.0,175,179,,
3ARG,equibind,scored,0.6757130939750599,12.0,175,140,H,
3ARF,diffdock,scored,0.8817906233401502,12.0,186,173,,
3ARF,equibind,scored,0.6979958333467677,12.0,186,147,H,
3ARX,diffdock,scored,0.9690589762030214,12.0,96,97,B,
3ARX,equibind,scored,0.7731850868193816,12.0,96,90,B,
3ARY,diffdock,scored,0.7614670366315252,12.0,81,84,B,
3ARY,equibind,scored,0.6915510155308269,12.0,81,96,B,
3ATI,diffdock,scored,0.9874083843044389,12.0,80,79,,
3ATI,equibind,scored,0.8755379863394276,12.0,80,80,,
3ATK,diffdock,scored,0.9743626547398649,12.0,78,78,,
3ATK,equibind,scored,0.8400406467996453,12.0,78,70,,
3ATM,diffdock,scored,1.0,12.0,82,82,,
3ATM,equibind,scored,0.9241499679192808,12.0,82,78,,
3AT4,diffdock,scored,0.976072990389773,12.0,85,83,,
3AT4,equibind,scored,0.8952658540093338,12.0,85,86,,
3ATP,diffdock,scored,0.20061294467135554,12.0,74,74,D,
3ATP,equibind,scored,0.28441966350101133,12.0,74,94,D,
3ATU,diffdock,scored,0.929753587070903,12.0,114,112,,
3ATU,equibind,scored,0.8750574106183205,12.0,114,112,,
3AVA,diffdock,scored,0.0,12.0,53,83,X:C,
3AVA,equibind,scored,0.38192143723937183,12.0,53,116,X:C,
3ATV,diffdock,scored,0.9389168242568275,12.0,115,114,,
3ATV,equibind,scored,0.8464193122312297,12.0,115,117,,
3AV9,diffdock,scored,0.0,12.0,53,89,X:C,
3AV9,equibind,scored,0.13372215447445324,12.0,53,148,X:C,
3AT1,diffdock,scored,1.0,12.0,72,72,E,
3AT1,equibind,scored,0.26339935386045443,12.0,72,47,E,
3AVB,diffdock,scored,0.35538279284210755,12.0,53,25,Y:D,
3AVB,equibind,scored,0.010521926641225554,12.0,53,115,X:C,
3AVF,diffdock,scored,0.0,12.0,53,86,D:C,
3AVF,equibind,scored,0.1963266477986139,12.0,53,166,D:C,
3AU6,diffdock,scored,0.8401990811245571,12.0,91,96,,
3AU6,equibind,scored,0.0,12.0,91,118,,
3AVG,diffdock,scored,0.4924597882932956,12.0,53,31,D:C,
3AVG,equibind,scored,0.0,12.0,53,47,F:D,
3AVH,diffdock,scored,0.11883750062611201,12.0,53,77,F:D,
3AVH,equibind,scored,0.07292172445450705,12.0,53,110,F:D,
3AVK,diffdock,scored,0.0,12.0,59,48,D:C,
3AVK,equibind,scored,0.20292347729703047,12.0,59,139,D:C,
3AVI,diffdock,scored,0.017452261167770634,12.0,60,49,F:D,
3AVI,equibind,scored,0.029937530806957647,12.0,60,110,F:D,
3AVJ,diffdock,scored,0.0,12.0,60,78,F:D,
3AVJ,equibind,scored,0.13280050861388074,12.0,60,128,F:D,
3AVL,diffdock,scored,0.31606580553045566,12.0,54,24,F:C,
3AVL,equibind,scored,0.09095360778994199,12.0,54,44,F:C,
3AVM,diffdock,scored,0.49371224750584847,12.0,53,31,D:C,
3AVM,equibind,scored,0.42474669311462937,12.0,53,101,D:C,
3AVN,diffdock,scored,0.514327329894568,12.0,53,34,G:C,
3AVN,equibind,scored,0.1551659158514021,12.0,53,168,G:C,
3AVZ,diffdock,scored,0.9029196506990248,12.0,85,87,B:B,
3AVZ,equibind,scored,0.7255322222845011,12.0,85,77,B:B,
3AYC,diffdock,scored,0.8810593651830685,12.0,47,53,C:C,
3AYC,equibind,scored,0.13644296937309672,12.0,47,123,C:C,
3AY9,diffdock,scored,0.9155973733378037,12.0,116,118,,
3AY9,equibind,scored,0.8476490077637671,12.0,116,107,,
3B1M,diffdock,scored,0.9342154133450654,12.0,109,110,,
3B1M,equibind,scored,0.8085724464782247,12.0,109,116,C,
3B0W,diffdock,scored,0.9387505282540114,12.0,102,98,C,
3B0W,equibind,scored,0.12137276962092783,12.0,102,86,C,
3AXK,diffdock,scored,0.4826202801279895,12.0,139,142,I,
3AXK,equibind,scored,0.7741815169645724,12.0,138,122,H,
3B1T,diffdock,scored,0.9337211506942327,12.0,90,90,,
3B1T,equibind,scored,0.8470774360835875,12.0,90,83,,
3B26,diffdock,scored,0.979860836115011,12.0,99,101,,
3B26,equibind,scored,0.011474391242897402,12.0,99,69,,
3B1U,diffdock,scored,0.9230264561910411,12.0,89,90,,
3B1U,equibind,scored,0.8504077279503084,12.0,89,88,,
3B3C,diffdock,scored,0.9639867685159382,12.0,85,82,,
3B3C,equibind,scored,0.9123595912460135,12.0,85,78,L,
3B2T,diffdock,scored,0.06177817687853514,12.0,90,92,H,
3B2T,equibind,scored,0.8460899116191316,12.0,89,91,E,
3B3S,diffdock,scored,0.7978559155066637,12.0,79,86,,
3B3S,equibind,scored,0.8974801484400661,12.0,79,77,N,
3B3W,diffdock,scored,0.6082054293403717,12.0,83,59,,
3B3W,equibind,scored,0.9117141152370054,12.0,83,78,G,
3B50,diffdock,scored,0.955757469822044,12.0,116,111,B,
3B50,equibind,scored,0.871734674801392,12.0,116,119,,
3B3X,diffdock,scored,0.961276337754408,12.0,77,78,C,
3B3X,equibind,scored,0.0,12.0,77,91,C,
3B65,diffdock,scored,0.9839809154544062,12.0,127,127,,
3B65,equibind,scored,0.8699283465588602,12.0,127,116,,
3AZ9,equibind,scored,0.0,12.0,107,107,PA,
3B66,diffdock,scored,0.9761549226711169,12.0,128,127,B,
3B66,equibind,scored,0.8124248212825531,12.0,128,110,B,
3AZA,equibind,scored,0.06312011364136921,12.0,103,85,CA,
3B67,diffdock,scored,0.9837451478607536,12.0,126,126,,
3B67,equibind,scored,0.9064330643782941,12.0,126,121,,
3AZB,equibind,scored,0.0,12.0,108,77,CA,
3B7I,diffdock,scored,0.9759176096831872,12.0,84,84,,
3B7I,equibind,scored,0.9248377536636408,12.0,84,78,H,
3B7R,diffdock,scored,0.9081053134737869,12.0,142,139,,
3B7R,equibind,scored,0.6331592812031189,12.0,142,137,,
3B7U,diffdock,scored,0.7081661274170068,12.0,118,122,,
3B7U,equibind,scored,0.709794504337186,12.0,118,118,,
3B92,diffdock,scored,0.929706129658463,12.0,86,84,,
3B92,equibind,scored,0.8059435259667108,12.0,86,78,,
3B8Z,diffdock,scored,0.0,12.0,83,88,G,
3B8Z,equibind,scored,0.022422443582877226,12.0,83,81,G,
3B8Q,diffdock,scored,0.9549646306236479,12.0,113,110,D,
3B8Q,equibind,scored,0.1520972292071933,12.0,116,95,C,
3B9S,diffdock,scored,0.9076777429759256,12.0,78,73,J,
3B9S,equibind,scored,0.26889710548691875,12.0,77,66,E,
3AXM,equibind,scored,0.10241330565832774,12.0,108,93,R,
3BAR,diffdock,scored,0.027356781239449766,12.0,107,105,D,
3BAR,equibind,scored,0.10336712770001154,12.0,109,123,C,
3B9G,diffdock,scored,0.8782064166412297,12.0,95,97,E,
3B9G,equibind,scored,0.011153209875482364,12.0,99,92,G,
3BC4,diffdock,scored,0.2294443783734564,12.0,48,40,B,
3BC4,equibind,scored,0.704503108429664,12.0,48,50,B,
3BC5,diffdock,scored,0.9757284839242122,12.0,125,126,,
3BC5,equibind,scored,0.8185857350761248,12.0,125,123,,
3BBF,diffdock,scored,0.9619121127263278,12.0,79,80,N,
3BBF,equibind,scored,0.08274010668565586,12.0,80,111,G,
3BE9,diffdock,scored,0.9874232929352807,12.0,81,80,,
3BE9,equibind,scored,0.8780673788298222,12.0,81,85,,
3BCN,diffdock,scored,0.9376906922014399,12.0,82,83,C,
3BCN,equibind,scored,0.3060546128346412,12.0,81,58,E,
3BET,diffdock,scored,0.9484192162191107,12.0,97,96,,
3BET,equibind,scored,0.9177115971255639,12.0,97,99,,
3BCS,diffdock,scored,0.941134513620593,12.0,122,115,,
3BCS,equibind,scored,0.4757826749579822,12.0,122,121,,
3BB1,diffdock,scored,0.0,12.0,110,115,FA,
3BB1,equibind,scored,0.058834396925278164,12.0,110,86,N,
3BG8,diffdock,scored,1.0,12.0,93,93,,
3BG8,equibind,scored,0.8350438629317175,12.0,93,88,B,
3BFT,diffdock,scored,0.0,12.0,101,100,D,
3BFT,equibind,scored,0.6925991386320092,12.0,100,90,O,
3B82,equibind,scored,0.0,12.0,103,134,H,
3B8H,equibind,scored,0.0,12.0,103,38,H,
3BGS,diffdock,scored,0.9648656064814155,12.0,87,84,,
3BGS,equibind,scored,0.763741843242867,12.0,87,88,,
3BGQ,diffdock,scored,0.9201463549382235,12.0,88,85,,
3BGQ,equibind,scored,0.880384538585103,12.0,88,78,,
3BFU,diffdock,scored,0.0,12.0,100,102,F,
3BFU,equibind,scored,0.0,12.0,100,65,F,
3BF1,diffdock,scored,0.41129922114633366,12.0,111,117,O,
3BF1,equibind,scored,0.1379885167330534,12.0,113,85,M,
3BEX,diffdock,scored,0.003917579308261205,12.0,96,97,N,
3BEX,equibind,scored,0.09457236555956773,12.0,97,63,H,
3BHB,diffdock,scored,0.6645245234641597,12.0,136,100,C:C,
3BHB,equibind,scored,0.7011153974336625,12.0,136,109,C:C,
3BHX,diffdock,scored,0.9686591212639668,12.0,127,129,,
3BHX,equibind,scored,0.8313237889922803,12.0,127,127,,
3BIZ,diffdock,scored,0.9540550168537903,12.0,88,86,,
3BIZ,equibind,scored,0.7520254464782079,12.0,88,73,,
3BI0,diffdock,scored,0.9844160169809897,12.0,131,129,,
3BI0,equibind,scored,0.8902218186302321,12.0,131,127,M,
3BH3,diffdock,scored,0.9882832553792776,12.0,86,85,E,
3BH3,equibind,scored,0.1181971095764022,12.0,90,84,F,
3BJC,diffdock,scored,0.9480820005318612,12.0,96,95,,
3BJC,equibind,scored,0.7847024409456241,12.0,96,95,,
3BKK,diffdock,scored,0.9603662049304986,12.0,152,152,,
3BKK,equibind,scored,0.8262575089444117,12.0,152,142,,
3BL0,diffdock,scored,0.9886571165495461,12.0,88,89,,
3BL0,equibind,scored,0.8683940173955319,12.0,88,88,,
3BL2,diffdock,scored,0.37719713544364686,12.0,88,52,D:D,
3BL2,equibind,scored,0.3974819036226582,12.0,88,115,D:D,
3BLT,diffdock,scored,0.9876236493656192,12.0,83,82,,
3BLT,equibind,scored,0.6406584033663417,12.0,83,65,,
3BIM,diffdock,scored,0.0,12.0,89,96,J:D,
3BIM,equibind,scored,0.45480533328436434,12.0,135,176,K:F,
3BLU,diffdock,scored,0.9747519082068737,12.0,79,79,,
3BLU,equibind,scored,0.6690850656249604,12.0,79,62,,
3BLA,diffdock,scored,0.9896227186448003,12.0,98,97,C,
3BLA,equibind,scored,0.5859536702504811,12.0,98,105,C,
3BJM,diffdock,scored,0.0,12.0,95,94,H,
3BJM,equibind,scored,0.0847241576318074,12.0,95,107,H,
3BM8,diffdock,scored,0.945678094964298,12.0,72,74,,
3BM8,equibind,scored,0.6695555264586155,12.0,72,71,,
3BLS,diffdock,scored,0.0,12.0,81,83,D,
3BLS,equibind,scored,0.004884127182250827,12.0,81,84,C,
3BM6,diffdock,scored,0.9669037299267342,12.0,91,92,C,
3BM6,equibind,scored,0.023575631461205577,12.0,92,128,D,
3BM9,diffdock,scored,0.9347912421439207,12.0,93,89,,
3BM9,equibind,scored,0.811946248054582,12.0,93,82,,
3BMY,diffdock,scored,0.9384169291369423,12.0,96,100,,
3BMY,equibind,scored,0.9258646881597248,12.0,96,93,,
3BRN,diffdock,scored,0.9591003789718094,12.0,97,97,C,
3BRN,equibind,scored,0.017023100781333168,12.0,97,82,D,
3BRA,diffdock,scored,1.0,12.0,75,75,,
3BRA,equibind,scored,0.7671446035620825,12.0,75,82,,
3BPC,diffdock,scored,0.9501232815149611,12.0,61,60,C:C,
3BPC,equibind,scored,0.779443722071373,12.0,61,60,C:C,
3BU1,diffdock,scored,1.0,12.0,86,86,,
3BU1,equibind,scored,0.9044122070152638,12.0,86,86,,
3BMQ,diffdock,scored,0.9417513656831964,12.0,86,85,N,
3BMQ,equibind,scored,0.012589408211677044,12.0,86,106,R,
3BTI,diffdock,scored,0.9228708237110683,12.0,92,87,,
3BTI,equibind,scored,0.31111499637726425,12.0,92,63,Q,
3BMO,diffdock,scored,0.0,12.0,87,88,J,
3BMO,equibind,scored,0.053360089122165465,12.0,86,108,X,
3BUF,diffdock,scored,0.9486027326806662,12.0,78,78,,
3BUF,equibind,scored,0.7536244003912372,12.0,78,78,,
3BUG,diffdock,scored,0.9880635737625262,12.0,84,85,,
3BUG,equibind,scored,0.7184455920486148,12.0,84,85,,
3BUH,diffdock,scored,1.0,12.0,90,90,,
3BUH,equibind,scored,0.7849153776704505,12.0,90,92,,
3BR9,diffdock,scored,0.0,12.0,142,144,D,
3BR9,equibind,scored,0.13646172464604642,12.0,142,125,D,
3BVA,diffdock,scored,0.9524855296373875,12.0,105,106,,
3BVA,equibind,scored,0.8539663494132527,12.0,105,106,D,
3BX5,diffdock,scored,0.9226712728349717,12.0,102,102,,
3BX5,equibind,scored,0.9097426032328212,12.0,102,99,,
3BXS,diffdock,scored,0.9442080097128256,12.0,93,90,E,
3BXS,equibind,scored,0.8478221963019063,12.0,93,88,E,
3BXG,diffdock,scored,0.9216520591244172,12.0,103,101,D,
3BXG,equibind,scored,0.09434135087549346,12.0,103,91,D,
3BXF,diffdock,scored,0.0,12.0,104,115,,
3BXF,equibind,scored,0.025379096032334212,12.0,104,107,,
3BXH,diffdock,scored,0.0,12.0,101,99,C,
3BXH,equibind,scored,0.07846456146485208,12.0,101,86,E,
3BXE,diffdock,scored,0.968562951954834,12.0,95,94,C,
3BXE,equibind,scored,0.07037145423156432,12.0,92,76,D,
3BYM,diffdock,scored,0.7962714557137328,12.0,91,90,,
3BYM,equibind,scored,0.9094197709918602,12.0,91,89,,
3BYS,diffdock,scored,0.9476742580128728,12.0,113,119,,
3BYS,equibind,scored,0.8511557940013385,12.0,113,114,,
3BYU,diffdock,scored,0.9395286142795176,12.0,115,118,,
3BYU,equibind,scored,0.8792745371697478,12.0,115,119,,
3BZ3,diffdock,scored,0.9423718671736038,12.0,89,88,,
3BZ3,equibind,scored,0.8146739676577395,12.0,89,87,,
3C1K,diffdock,scored,0.9453747970912885,12.0,92,93,,
3C1K,equibind,scored,0.8011089045336742,12.0,92,90,C,
3C1X,diffdock,scored,0.9811532021473991,12.0,108,108,,
3C1X,equibind,scored,0.7425634344566422,12.0,108,102,,
3C2F,diffdock,scored,0.8601798088027666,12.0,62,69,,
3C2F,equibind,scored,0.5874358681755384,12.0,62,67,,
3BZF,diffdock,scored,0.0,12.0,138,46,P:C,
3BZF,equibind,scored,0.07364455300180595,12.0,134,71,Q:F,
3C14,diffdock,scored,0.0,12.0,53,74,,
3C14,equibind,scored,0.0,12.0,53,56,,
3C2O,diffdock,scored,0.983555984935668,12.0,61,62,,
3C2O,equibind,scored,0.6853019787556855,12.0,61,73,,
3C3O,diffdock,scored,0.5503258092055427,12.0,69,50,B:B,
3C3O,equibind,scored,0.5179582842923511,12.0,69,78,B:B,
3C0Z,diffdock,scored,0.0,12.0,80,81,H,
3C0Z,equibind,scored,0.0,12.0,80,79,H,
3C3Q,diffdock,scored,0.27626018019982107,12.0,81,119,B:B,
3C3Q,equibind,scored,0.3809259919190102,12.0,81,136,B:B,
3C3R,diffdock,scored,0.31575494512972163,12.0,68,103,B:B,
3C3R,equibind,scored,0.614601639200675,12.0,68,51,B:B,
3C39,diffdock,scored,0.9567408578824518,12.0,67,70,D,
3C39,equibind,scored,0.0,12.0,68,79,C,
3C1N,diffdock,scored,0.09339019124398186,12.0,72,89,E,
3C1N,equibind,scored,0.0,12.0,72,40,E,
3C4H,diffdock,scored,0.9767041093302264,12.0,86,86,,
3C4H,equibind,scored,0.7624472095386914,12.0,86,78,,
3C4F,diffdock,scored,0.9693354479550194,12.0,97,98,C,
3C4F,equibind,scored,0.0,12.0,97,88,C,
3C43,diffdock,scored,0.9053934079523909,12.0,123,125,S,
3C43,equibind,scored,0.06682789076135447,12.0,123,134,S,
3C52,diffdock,scored,0.9684430503009325,12.0,94,95,F,
3C52,equibind,scored,0.0,12.0,94,88,J,
3C56,diffdock,scored,0.0,12.0,104,108,F,
3C56,equibind,scored,0.0,12.0,104,97,F,
3C5U,diffdock,scored,0.965882088136781,12.0,89,90,C,
3C5U,equibind,scored,0.850276241786797,12.0,89,88,C,
3C45,diffdock,scored,0.9359494218828459,12.0,126,122,P,
3C45,equibind,scored,0.06417922876690482,12.0,124,136,T,
3C7P,diffdock,scored,0.9569379283683341,12.0,94,92,,
3C7P,equibind,scored,0.9260241648605944,12.0,94,97,,
3C9E,diffdock,scored,1.0,12.0,80,80,,
3C9E,equibind,scored,0.8496776334725006,12.0,80,71,D,
3C8E,diffdock,scored,0.10534018908690841,12.0,118,120,C,
3C8E,equibind,scored,0.11862797443320125,12.0,117,114,F,
3C79,diffdock,scored,0.0,12.0,86,87,F,
3C79,equibind,scored,0.014367966777042177,12.0,89,34,K,
3C84,diffdock,scored,0.9343547854863175,12.0,90,90,H,
3C84,equibind,scored,0.040532863673954464,12.0,90,35,K,
3C2U,diffdock,scored,0.0,12.0,118,121,H,
3C2U,equibind,scored,0.08423036264471312,12.0,119,48,E,
3CCT,diffdock,scored,0.0,12.0,131,134,G,
3CCT,equibind,scored,0.0,12.0,131,120,G,
3CE0,diffdock,scored,0.9407307564644829,12.0,103,99,,
3CE0,equibind,scored,0.828437144270893,12.0,103,103,,
3CCW,diffdock,scored,0.0,12.0,127,134,G,
3CCW,equibind,scored,0.6681067735501018,12.0,130,120,E,
3CFN,diffdock,scored,0.08113794866636441,12.0,54,51,D,
3CFN,equibind,scored,0.1187571719172896,12.0,54,70,D,
3CCZ,diffdock,scored,0.9762750745267987,12.0,129,128,F,
3CCZ,equibind,scored,0.0,12.0,130,122,L,
3CFT,diffdock,scored,0.9055015326062519,12.0,52,55,E,
3CFT,equibind,scored,0.14122065570275594,12.0,52,76,E,
3CD0,diffdock,scored,0.9539716526276113,12.0,133,131,E,
3CD0,equibind,scored,0.011424053304091018,12.0,130,160,H,
3CGY,diffdock,scored,0.0,12.0,60,60,E,
3CGY,equibind,scored,0.3585267861379343,12.0,86,63,D,
3CD5,diffdock,scored,0.007029946819459055,12.0,139,139,F,
3CD5,equibind,scored,0.0,12.0,139,143,K,
3CD7,diffdock,scored,0.9616429770782698,12.0,130,131,E,
3CD7,equibind,scored,0.007295609717931255,12.0,131,132,F,
3CHP,diffdock,scored,0.9198888603918162,12.0,123,125,,
3CHP,equibind,scored,0.6384104163513528,12.0,123,123,,
3CCB,diffdock,scored,0.0,12.0,82,83,N,
3CCB,equibind,scored,0.0,12.0,82,70,N,
3CIB,diffdock,scored,0.9742984080645047,12.0,118,119,E,
3CIB,equibind,scored,0.12751376217806892,12.0,116,91,C,
3CIC,diffdock,scored,0.94979734851574,12.0,119,123,E,
3CIC,equibind,scored,0.10439808700688423,12.0,118,91,C,
3CID,diffdock,scored,0.9326975152474859,12.0,117,119,E,
3CID,equibind,scored,0.1274803712406271,12.0,116,96,C,
3CJ2,diffdock,scored,0.0,12.0,71,69,E,
3CJ2,equibind,scored,0.0,12.0,72,106,F,
3CJ3,diffdock,scored,0.9172206648487511,12.0,71,73,D,
3CJ3,equibind,scored,0.0,12.0,70,79,F,
3CJO,diffdock,scored,0.0,12.0,88,89,E,
3CJO,equibind,scored,0.0,12.0,86,96,H,
3CII,diffdock,scored,0.8131411710351412,12.0,190,187,C:C,
3CII,equibind,scored,0.1523731147798001,12.0,192,122,F:F,
3CJ5,diffdock,scored,0.9344337451906759,12.0,76,75,C,
3CJ5,equibind,scored,0.05509003989806781,12.0,76,104,C,
3CKT,diffdock,scored,0.9533041880776456,12.0,108,111,,
3CKT,equibind,scored,0.837094506157854,12.0,108,109,,
3CL0,diffdock,scored,0.9717972231735685,12.0,108,107,,
3CL0,equibind,scored,0.8760539715715554,12.0,108,99,B,
3CK8,diffdock,scored,0.0,12.0,65,72,C:C,
3CK8,equibind,scored,0.06815700906582911,12.0,65,77,C:C,
3CKB,diffdock,scored,0.9260787250816327,12.0,70,69,C:C,
3CKB,equibind,scored,0.04977647473542633,12.0,65,61,D:D,
3CLP,diffdock,scored,0.9393668874997778,12.0,67,67,C,
3CLP,equibind,scored,0.005217598034327254,12.0,67,82,C,
3CKE,diffdock,scored,0.9447463739167314,12.0,110,108,F,
3CKE,equibind,scored,0.026623072098077905,12.0,110,105,H,
3CKP,diffdock,scored,0.9240245400834272,12.0,118,117,I,
3CKP,equibind,scored,0.0,12.0,118,75,I,
3CM7,diffdock,scored,0.0,12.0,51,61,H,
3CM7,equibind,scored,0.6586521145755542,12.0,97,92,F,
3COW,diffdock,scored,0.0,12.0,107,116,G,
3COW,equibind,scored,0.18486787300819618,12.0,116,116,C,
3COY,diffdock,scored,0.9307872500765316,12.0,114,114,C,
3COY,equibind,scored,0.08078556054144344,12.0,111,119,G,
3CPC,diffdock,scored,0.0,12.0,102,105,C,
3CPC,equibind,scored,0.11725560158840626,12.0,102,77,C,
3CK7,diffdock,scored,0.9520975524773634,12.0,128,130,F:F,
3CK7,equibind,scored,0.0420820429507301,12.0,128,129,F:F,
3CM2,diffdock,scored,0.09628423156095543,12.0,91,89,T,
3CM2,equibind,scored,0.0,12.0,91,71,V,
3CQW,diffdock,scored,0.9047892284458346,12.0,94,95,D,
3CQW,equibind,scored,0.8598780703004625,12.0,94,102,,
3CQU,diffdock,scored,0.8951900933518974,12.0,102,103,,
3CQU,equibind,scored,0.8414101137626768,12.0,102,105,,
3CS8,diffdock,scored,0.2941932460525026,12.0,68,42,B:B,
3CS8,equibind,scored,0.6177925183678268,12.0,68,93,B:B,
3CTH,diffdock,scored,0.9616728485590579,12.0,106,104,,
3CTH,equibind,scored,0.7037882004207405,12.0,106,124,,
3CPJ,diffdock,scored,0.012747136889362524,12.0,76,61,,
3CPJ,equibind,scored,0.004795746303876022,12.0,76,122,,
3CPH,diffdock,scored,0.3964131180844002,12.0,85,90,,
3CPH,equibind,scored,0.0,12.0,85,126,,
3CTJ,diffdock,scored,0.9422907611159249,12.0,103,105,B,
3CTJ,equibind,scored,0.770228677784328,12.0,103,99,,
3CWK,diffdock,scored,0.9879588810643528,12.0,84,85,,
3CWK,equibind,scored,0.8319726389747345,12.0,84,82,,
3CL2,equibind,scored,0.010186408833973806,12.0,108,58,I,
3CWE,diffdock,scored,0.9594454107599809,12.0,74,73,,
3CWE,equibind,scored,0.8920516050726106,12.0,74,76,,
3CY2,diffdock,scored,0.9657530812168302,12.0,89,88,,
3CY2,equibind,scored,0.7612715296422964,12.0,89,91,,
3CX9,diffdock,scored,0.11291881694148981,12.0,120,91,,
3CX9,equibind,scored,0.4524841944728719,12.0,120,130,,
3CYZ,diffdock,scored,0.9603227825520485,12.0,98,102,C,
3CYZ,equibind,scored,0.048267519081721166,12.0,102,98,I,
3CTT,diffdock,scored,0.9314785700696655,12.0,89,87,E,
3CTT,equibind,scored,0.845054524635255,12.0,89,87,E,
3D14,diffdock,scored,0.9703093992025484,12.0,102,101,,
3D14,equibind,scored,0.6872004153301092,12.0,102,93,,
3CZV,diffdock,scored,0.08695251955288179,12.0,101,103,F,
3CZV,equibind,scored,0.2736276991962618,12.0,98,92,D,
3D0E,diffdock,scored,0.9002547690925239,12.0,117,117,C,
3D0E,equibind,scored,0.0,12.0,114,108,D,
3D1X,diffdock,scored,1.0,12.0,104,104,D,
3D1X,equibind,scored,0.8449186710876176,12.0,104,112,,
3D1E,diffdock,scored,0.0,12.0,82,84,P:C,
3D1E,equibind,scored,0.0,12.0,82,67,P:C,
3D1F,diffdock,scored,0.0,12.0,86,50,P:C,
3D1F,equibind,scored,0.0,12.0,86,73,P:C,
3D1Y,diffdock,scored,0.9705923737012101,12.0,104,105,,
3D1Y,equibind,scored,0.8628544783012073,12.0,104,106,,
3D27,diffdock,scored,0.9520525547988035,12.0,83,83,,
3D27,equibind,scored,0.8524077595063989,12.0,83,92,,
3D25,diffdock,scored,0.7782164672030314,12.0,130,104,C:C,
3D25,equibind,scored,0.6487008296897803,12.0,130,104,C:C,
3D1G,diffdock,scored,0.9678862005796622,12.0,66,64,D,
3D1G,equibind,scored,0.11797729820595731,12.0,66,18,D,
3D2T,diffdock,scored,0.15974509916496535,12.0,54,54,C,
3D2T,equibind,scored,0.26500322440354923,12.0,54,62,C,
3D4FA,diffdock,scored,0.9631223557952184,12.0,82,83,,
3D4FA,equibind,scored,0.7322576643998532,12.0,82,71,B,
3D4FB,diffdock,scored,0.5599859406410124,12.0,64,75,,
3D4FB,equibind,scored,0.6262872191382224,12.0,64,80,,
3D62,diffdock,scored,0.9867741399675933,12.0,77,76,,
3D62,equibind,scored,0.755928786297296,12.0,77,71,,
3D6O,diffdock,scored,0.8836423923093399,12.0,69,65,,
3D6O,equibind,scored,0.2575743111414851,12.0,69,89,,
3D4Y,diffdock,scored,0.9348557837703366,12.0,92,90,,
3D4Y,equibind,scored,0.8070172413490628,12.0,92,84,,
3D50,diffdock,scored,0.9380877574205809,12.0,98,96,,
3D50,equibind,scored,0.7305387989044843,12.0,98,93,,
3D6P,diffdock,scored,0.8984400399147504,12.0,69,66,,
3D6P,equibind,scored,0.15583759299502475,12.0,69,89,,
3D6Q,diffdock,scored,0.8582094368471923,12.0,69,65,,
3D6Q,equibind,scored,0.14832742298283635,12.0,69,88,,
3D78,diffdock,scored,0.9591089635404939,12.0,96,98,C,
3D78,equibind,scored,0.3990626990005297,12.0,96,91,C,
3D51,diffdock,scored,0.9665331668017788,12.0,93,90,,
3D51,equibind,scored,0.7841056184953751,12.0,93,83,,
3D5M,diffdock,scored,0.0,12.0,142,141,C,
3D5M,equibind,scored,0.11070696077256013,12.0,141,108,D,
3D7B,diffdock,scored,0.9262722005944701,12.0,69,64,,
3D7B,equibind,scored,0.20703999151336355,12.0,69,83,,
3D4Z,diffdock,scored,0.9342586645028744,12.0,93,89,,
3D4Z,equibind,scored,0.9017452799951127,12.0,93,88,,
3D2E,diffdock,scored,0.9322525322707075,12.0,133,130,F,
3D2E,equibind,scored,0.019831919775151922,12.0,133,91,I,
3D7M,diffdock,scored,0.9624025712320874,12.0,110,106,D,
3D7M,equibind,scored,0.8547314783679326,12.0,110,110,,
3D83,diffdock,scored,0.9171112014793025,12.0,119,119,,
3D83,equibind,scored,0.7941121599957122,12.0,119,128,,
3D8W,diffdock,scored,0.9777886649473827,12.0,91,91,,
3D8W,equibind,scored,0.9339166431408696,12.0,91,91,,
3D7F,diffdock,scored,0.865411684542912,12.0,133,133,,
3D7F,equibind,scored,0.8212682524038435,12.0,133,131,,
3D7D,diffdock,scored,0.9709264143995641,12.0,140,140,M,
3D7D,equibind,scored,0.8020359400401056,12.0,140,142,,
3D7G,diffdock,scored,0.9923283824404608,12.0,132,133,,
3D7G,equibind,scored,0.8255150419208902,12.0,132,131,M,
3D7H,diffdock,scored,0.9203932303088004,12.0,149,149,,
3D7H,equibind,scored,0.7622095122856487,12.0,149,138,,
3D8Y,diffdock,scored,0.907525498409435,12.0,65,61,,
3D8Y,equibind,scored,0.2286472891589498,12.0,65,86,,
3D8Z,diffdock,scored,0.8779222759073191,12.0,62,64,,
3D8Z,equibind,scored,0.4576459668979269,12.0,62,79,C,
3D9Z,diffdock,scored,0.9772056336699906,12.0,87,89,,
3D9Z,equibind,scored,0.8575424934585588,12.0,87,94,,
3DAJ,diffdock,scored,0.9008164599772691,12.0,90,95,,
3DAJ,equibind,scored,0.7836654419789548,12.0,90,80,B,
3DA9,diffdock,scored,0.9447549745829741,12.0,91,90,,
3DA9,equibind,scored,0.9446952380170542,12.0,91,94,,
3DB8,diffdock,scored,0.9616215695951512,12.0,80,79,,
3DB8,equibind,scored,0.8304882795750147,12.0,80,82,,
3DBU,diffdock,scored,0.9777827129605762,12.0,90,92,,
3DBU,equibind,scored,0.9216876554419713,12.0,90,89,,
3D9V,diffdock,scored,0.0,12.0,89,85,D,
3D9V,equibind,scored,0.004763608075685953,12.0,86,108,C,
3DB6,diffdock,scored,0.959166123311137,12.0,99,103,,
3DB6,equibind,scored,0.7945962657470077,12.0,99,97,B,
3DC3,diffdock,scored,0.9770758402324238,12.0,86,88,,
3DC3,equibind,scored,0.9000582946891512,12.0,86,93,,
3DCC,diffdock,scored,0.9883736701947333,12.0,86,87,,
3DCC,equibind,scored,0.9085794399737894,12.0,86,88,,
3DCR,diffdock,scored,0.9448818030479949,12.0,110,112,C,
3DCR,equibind,scored,0.9233793663517627,12.0,110,112,C,
3DCT,diffdock,scored,0.9604502321730842,12.0,129,126,,
3DCT,equibind,scored,0.9186196194056,12.0,129,123,,
3DCS,diffdock,scored,0.9771703357371547,12.0,87,89,,
3DCS,equibind,scored,0.8652319190330768,12.0,87,91,,
3DCW,diffdock,scored,0.9882325362884169,12.0,85,86,,
3DCW,equibind,scored,0.9063255108108693,12.0,85,87,,
3DCQ,diffdock,scored,0.9579090774370427,12.0,49,49,,
3DCQ,equibind,scored,0.009835298296215931,12.0,49,146,G,
3DBS,diffdock,scored,1.0,12.0,101,101,,
3DBS,equibind,scored,0.8345426126365445,12.0,101,95,,
3DD0,diffdock,scored,0.9882660854339613,12.0,85,86,,
3DD0,equibind,scored,0.952082642847336,12.0,85,85,,
3DD8,diffdock,scored,0.9565902459635713,12.0,94,94,,
3DD8,equibind,scored,0.9041184709148383,12.0,94,95,,
3DDA,diffdock,scored,0.714351868552192,12.0,131,117,B:B,
3DDA,equibind,scored,0.5387359278256352,12.0,131,118,B:B,
3DGL,diffdock,scored,0.9321619250607144,12.0,43,46,,
3DGL,equibind,scored,0.8309646132358279,12.0,43,46,,
3DDU,diffdock,scored,0.9578976700805776,12.0,118,119,,
3DDU,equibind,scored,0.6491195969213392,12.0,118,112,,
3DGN,diffdock,scored,0.9314507665196188,12.0,44,45,,
3DGN,equibind,scored,0.782971849464763,12.0,44,45,,
3DDG,diffdock,scored,0.9386767835917371,12.0,100,94,,
3DDG,equibind,scored,0.8576632384959935,12.0,100,92,,
3DGO,diffdock,scored,0.9053712493223534,12.0,44,42,,
3DGO,equibind,scored,0.8280361123148268,12.0,44,43,,
3DEI,diffdock,scored,0.7570001407322329,12.0,101,87,,
3DEI,equibind,scored,0.08742312766593452,12.0,101,60,E,
3DEH,diffdock,scored,0.8860282587715257,12.0,77,78,,
3DEH,equibind,scored,0.07078620060866304,12.0,77,41,,
3DEJ,diffdock,scored,0.7243768184300952,12.0,99,98,,
3DEJ,equibind,scored,0.025807111985863516,12.0,99,66,,
3DEK,diffdock,scored,0.4872222261235475,12.0,85,116,,
3DEK,equibind,scored,0.282087606823898,12.0,85,46,,
3DGQ,diffdock,scored,0.7443206173359671,12.0,73,72,,
3DGQ,equibind,scored,0.6072651036878963,12.0,73,73,,
3DDF,diffdock,scored,0.9368116342569773,12.0,97,93,,
3DDF,equibind,scored,0.8553789368079068,12.0,97,91,,
3DHK,diffdock,scored,0.7731067877288645,12.0,102,105,,
3DHK,equibind,scored,0.8201675992999767,12.0,102,85,D,
3DIW,diffdock,scored,0.45555268361459184,12.0,84,44,C:C,
3DIW,equibind,scored,0.15246187371363407,12.0,84,125,C:C,
3DJO,diffdock,scored,0.0,12.0,73,70,D,
3DJO,equibind,scored,0.0,12.0,73,72,D,
3DJP,diffdock,scored,0.0,12.0,71,72,C,
3DJP,equibind,scored,0.0,12.0,72,69,D,
3DJQ,diffdock,scored,0.0,12.0,65,67,C,
3DJQ,equibind,scored,0.0,12.0,65,72,D,
3DJV,diffdock,scored,0.0,12.0,73,68,D,
3DJV,equibind,scored,0.9286879803035961,12.0,72,73,C,
3DJX,diffdock,scored,0.9265042692966484,12.0,68,67,D,
3DJX,equibind,scored,0.0,12.0,68,74,D,
3DK1,diffdock,scored,0.9806045851784211,12.0,104,106,E,
3DK1,equibind,scored,0.9699968480595009,12.0,104,103,,
3DKF,diffdock,scored,0.9880046822141062,12.0,84,85,,
3DKF,equibind,scored,0.8926885717220983,12.0,84,85,,
3DKG,diffdock,scored,0.9595967651003039,12.0,75,74,,
3DKG,equibind,scored,0.867022879615572,12.0,75,75,,
3DI6,diffdock,scored,0.963181956671626,12.0,84,81,,
3DI6,equibind,scored,0.8914415530438603,12.0,84,87,,
3DLN,diffdock,scored,0.95815275913885,12.0,96,96,,
3DLN,equibind,scored,0.7768192109109047,12.0,96,93,,
3DOW,diffdock,scored,0.5734640447168852,12.0,72,62,B:B,
3DOW,equibind,scored,0.4483624207755466,12.0,72,64,B:B,
3DNG,diffdock,scored,0.9562631870827057,12.0,91,91,L,
3DNG,equibind,scored,0.1676679022487935,12.0,80,99,G,
3DND,diffdock,scored,0.9419451791019965,12.0,87,86,,
3DND,equibind,scored,0.9170408109841176,12.0,87,84,,
3DKJ,diffdock,scored,0.016080163535085606,12.0,117,119,E,
3DKJ,equibind,scored,0.7561658724711801,12.0,116,122,C,
3DM6,diffdock,scored,0.02821984525554849,12.0,146,151,D,
3DM6,equibind,scored,0.0,12.0,135,138,F,
3DOG,diffdock,scored,0.9280311220155142,12.0,81,83,H,
3DOG,equibind,scored,0.3162751802483385,12.0,81,89,H,
3DP4,diffdock,scored,0.9899186688405629,12.0,99,100,,
3DP4,equibind,scored,0.6803910405109731,12.0,99,100,,
3DOY,diffdock,scored,0.9358211684489449,12.0,78,79,J,
3DOY,equibind,scored,0.20242341591067015,12.0,93,114,P,
3DOZ,diffdock,scored,0.9002796373520312,12.0,77,81,N,
3DOZ,equibind,scored,0.0,12.0,77,109,N,
3DP0,diffdock,scored,0.961537049966662,12.0,77,80,,
3DP0,equibind,scored,0.0,12.0,77,101,,
3DP2,diffdock,scored,0.9610426817990341,12.0,77,80,M,
3DP2,equibind,scored,0.25924928004379827,12.0,94,97,O,
3DP9,diffdock,scored,0.9628271789439211,12.0,108,108,E,
3DP9,equibind,scored,0.008720189073531209,12.0,108,105,E,
3DPE,diffdock,scored,0.9886925038858978,12.0,90,91,F,
3DPE,equibind,scored,0.9295583665331056,12.0,90,90,,
3DS0,diffdock,scored,0.30876381840767325,12.0,57,26,T:B,
3DS0,equibind,scored,0.5391615486876795,12.0,57,71,T:B,
3DS1,diffdock,scored,0.5246018002157266,12.0,58,37,T:B,
3DS1,equibind,scored,0.7350903528654529,12.0,58,72,T:B,
3DPF,diffdock,scored,0.0,12.0,87,95,G,
3DPF,equibind,scored,0.10040602475916831,12.0,99,82,M,
3DS3,diffdock,scored,0.26834953120036215,12.0,62,89,D:D,
3DS3,equibind,scored,0.054544727710824914,12.0,62,82,D:D,
3DPC,diffdock,scored,0.0,12.0,113,52,C:C,
3DPC,equibind,scored,0.12576710278878142,12.0,113,191,C:C,
3DPD,diffdock,scored,0.9771452173520647,12.0,89,87,,
3DPD,equibind,scored,0.8122704978074092,12.0,89,83,,
3DPO,diffdock,scored,0.0,12.0,97,38,D:D,
3DPO,equibind,scored,0.18805967128696757,12.0,97,151,D:D,
3DS4,diffdock,scored,0.032161897432565555,12.0,62,61,T:C,
3DS4,equibind,scored,0.6472311985515112,12.0,62,87,T:C,
3DLA,diffdock,scored,0.0,12.0,131,130,L,
3DLA,equibind,scored,0.0,12.0,133,156,E,
3DT1,diffdock,scored,0.9903938654093611,12.0,106,105,B,
3DT1,equibind,scored,0.8470473998805871,12.0,106,102,B,
3DUX,diffdock,scored,0.8760381073919717,12.0,101,95,,
3DUX,equibind,scored,0.8125034830555291,12.0,101,100,,
3DSU,diffdock,scored,0.9541410996305157,12.0,132,130,,
3DSU,equibind,scored,0.6923787574053838,12.0,132,114,,
3DVP,diffdock,scored,0.14198816041835602,12.0,86,80,C:C,
3DVP,equibind,scored,0.5476677979064662,12.0,86,101,C:C,
3DST,diffdock,scored,0.9180741382976807,12.0,142,150,,
3DST,equibind,scored,0.6845563154611157,12.0,142,144,,
3DS6,diffdock,scored,0.9521257189745131,12.0,106,103,H,
3DS6,equibind,scored,0.06916645693476467,12.0,118,108,G,
3DUY,diffdock,scored,0.003509965720309747,12.0,121,125,E,
3DUY,equibind,scored,0.0,12.0,121,89,F,
3DWB,diffdock,scored,0.8687813192966678,12.0,119,123,,
3DWB,equibind,scored,0.7424627578488378,12.0,119,119,D,
3DV1,diffdock,scored,0.9652123051592558,12.0,119,115,D,
3DV1,equibind,scored,0.0,12.0,114,76,F,
3DV5,diffdock,scored,0.00368747622073288,12.0,116,117,E,
3DV5,equibind,scored,0.0,12.0,114,84,F,
3DX1,diffdock,scored,0.9520063654501688,12.0,84,82,,
3DX1,equibind,scored,0.9023184668342649,12.0,84,78,,
3DXG,diffdock,scored,0.0,12.0,68,69,E,
3DXG,equibind,scored,0.1823034130419547,12.0,51,82,D,
3DXH,diffdock,scored,0.941487634500489,12.0,69,67,E,
3DXH,equibind,scored,0.31242396920320076,12.0,48,87,F,
3DX0,diffdock,scored,0.9191738472758199,12.0,90,83,,
3DX0,equibind,scored,0.8781971871470304,12.0,90,87,,
3DX4,diffdock,scored,0.9888265452575832,12.0,91,90,,
3DX4,equibind,scored,0.7942143075600175,12.0,91,79,,
3DX2,diffdock,scored,0.9115117068198312,12.0,92,86,,
3DX2,equibind,scored,0.812497723021337,12.0,92,81,,
3DY6,diffdock,scored,0.9580281583282655,12.0,119,120,E,
3DY6,equibind,scored,0.031191489166285353,12.0,121,71,D,
3DZ4,diffdock,scored,0.010978049495995354,12.0,82,84,,
3DZ4,equibind,scored,0.7090291729544463,12.0,82,76,D,
3DZT,diffdock,scored,0.9566305405050919,12.0,114,117,,
3DZT,equibind,scored,0.7843713290080893,12.0,114,115,,
3DX3,diffdock,scored,0.9435494596089339,12.0,89,86,,
3DX3,equibind,scored,0.8509121143249487,12.0,89,80,,
3E1R,diffdock,scored,0.8122645985650511,12.0,61,63,C:C,
3E1R,equibind,scored,0.8368289647400482,12.0,61,55,C:C,
3E12,diffdock,scored,0.04266666824727656,12.0,107,105,I,
3E12,equibind,scored,0.7597346319338314,12.0,110,111,E,
3E3B,diffdock,scored,0.975271814139903,12.0,83,83,,
3E3B,equibind,scored,0.9048514961607571,12.0,83,85,,
3E3C,diffdock,scored,0.017253906767201503,12.0,103,102,D,
3E3C,equibind,scored,0.27464078391545615,12.0,103,79,C,
3E3U,diffdock,scored,0.890289922629367,12.0,99,98,C,
3E3U,equibind,scored,0.7694752209632195,12.0,99,92,C,
3E0Q,diffdock,scored,0.0,12.0,95,92,F,
3E0Q,equibind,scored,0.08813320814315186,12.0,95,99,F,
3DXM,diffdock,scored,0.9104309549609726,12.0,98,101,,
3DXM,equibind,scored,0.16743261123480488,12.0,98,75,,
3E5U,diffdock,scored,0.9896965556449961,12.0,98,97,E,
3E5U,equibind,scored,0.03177611717629395,12.0,98,74,J,
3E6Y,diffdock,scored,0.9205862544250903,12.0,88,89,E,
3E6Y,equibind,scored,0.1976506776940617,12.0,88,79,G,
3E7A,diffdock,scored,0.0,12.0,83,86,C:C,
3E7A,equibind,scored,0.15191140571026077,12.0,83,103,C:C,
3E7B,diffdock,scored,0.0,12.0,92,90,O,
3E7B,equibind,scored,0.14108170607013382,12.0,92,76,O,
3E7O,diffdock,scored,0.9727980648596731,12.0,74,74,C,
3E7O,equibind,scored,0.0,12.0,71,53,D,
3E73,diffdock,scored,0.0,12.0,87,79,D,
3E73,equibind,scored,0.08947139547132929,12.0,79,48,F,
3E8N,diffdock,scored,0.9904350009277203,12.0,107,106,,
3E8N,equibind,scored,0.7933324438241088,12.0,107,105,,
3E8U,diffdock,scored,0.49137348451572793,12.0,87,55,P:C,
3E8U,equibind,scored,0.515968855219468,12.0,87,59,P:C,
3E81,diffdock,scored,0.0,12.0,87,90,K,
3E81,equibind,scored,0.1653077869414431,12.0,91,107,R,
3EAX,diffdock,scored,0.7457681649222968,12.0,71,91,,
3EAX,equibind,scored,0.537791137988342,12.0,71,87,B,
3E93,diffdock,scored,0.9575925370205888,12.0,120,119,,
3E93,equibind,scored,0.8038579565847662,12.0,120,117,,
3E92,diffdock,scored,0.9153744315456167,12.0,105,108,,
3E92,equibind,scored,0.7626512239820301,12.0,105,91,,
3EB1,diffdock,scored,0.9420308663786452,12.0,70,70,,
3EB1,equibind,scored,0.8342303817184719,12.0,70,76,,
3EFR,diffdock,scored,0.0,12.0,103,107,C,
3EFR,equibind,scored,0.17016606950595717,12.0,103,101,G,
3ECN,diffdock,scored,0.9760717651283467,12.0,82,84,C,
3ECN,equibind,scored,0.10409832391542165,12.0,82,72,C,
3EBP,diffdock,scored,0.9716358310816147,12.0,71,71,,
3EBP,equibind,scored,0.3323834378831165,12.0,71,129,,
3EBH,diffdock,scored,0.9661561456499428,12.0,121,119,,
3EBH,equibind,scored,0.8733971293224123,12.0,121,116,C,
3EFT,diffdock,scored,0.9892362084565259,12.0,95,94,,
3EFT,equibind,scored,0.8554649454125747,12.0,95,99,,
3DYO,equibind,scored,0.0,12.0,69,77,HD,
3EBI,diffdock,scored,0.9304059582410373,12.0,128,129,,
3EBI,equibind,scored,0.7694662662552171,12.0,128,124,,
3EGK,diffdock,scored,0.8143198214582087,12.0,103,91,,
3EGK,equibind,scored,0.8457734570494365,12.0,103,88,D,
3E9I,diffdock,scored,0.0,12.0,149,147,L,
3E9I,equibind,scored,0.03061457567264014,12.0,142,88,I,
3EHY,diffdock,scored,0.9625755900121982,12.0,81,80,,
3EHY,equibind,scored,0.8979647545634983,12.0,81,77,,
3EHT,diffdock,scored,0.0,12.0,44,52,B:B,
3EHT,equibind,scored,0.486153403549181,12.0,44,75,B:B,
3EGT,diffdock,scored,0.0956368651308654,12.0,140,142,F,
3EGT,equibind,scored,0.1168904244332795,12.0,140,143,F,
3EBL,diffdock,scored,0.0,12.0,107,101,S,
3EBL,equibind,scored,0.0,12.0,107,76,S,
3EHN,diffdock,scored,0.9366332847856143,12.0,64,62,C:C,
3EHN,equibind,scored,0.019430659008040533,12.0,65,95,D:D,
3EHW,diffdock,scored,0.95293029854268,12.0,104,109,K,
3EHW,equibind,scored,0.007869168501518677,12.0,104,98,K,
3EID,diffdock,scored,0.964971155140169,12.0,86,87,,
3EID,equibind,scored,0.05747980427592159,12.0,86,108,,
3EJS,diffdock,scored,0.9179936166571736,12.0,99,95,,
3EJS,equibind,scored,0.758487326224861,12.0,99,89,,
3EKA,diffdock,scored,0.0,12.0,22,20,C,
3EKA,equibind,scored,0.0,12.0,22,25,C,
3EJ1,diffdock,scored,0.9875064363540224,12.0,81,80,E,
3EJ1,equibind,scored,0.053359681966914985,12.0,81,70,E,
3EKO,diffdock,scored,0.0,12.0,83,87,C,
3EKO,equibind,scored,0.06511090666431442,12.0,86,79,E,
3EJT,diffdock,scored,0.8649172889214735,12.0,102,98,,
3EJT,equibind,scored,0.7742300643437048,12.0,102,86,F,
3EKQ,diffdock,scored,0.9704002620665604,12.0,103,104,,
3EKQ,equibind,scored,0.7994582411059837,12.0,103,123,,
3EJU,diffdock,scored,0.9114985987051006,12.0,103,98,,
3EJU,equibind,scored,0.6829222624901072,12.0,103,82,E,
3EIO,diffdock,scored,0.0,12.0,133,120,I,
3EIO,equibind,scored,0.1105723134213932,12.0,133,153,I,
3EKX,diffdock,scored,0.9702200042175011,12.0,103,104,,
3EKX,equibind,scored,0.868494069842946,12.0,103,102,C,
3EL0,diffdock,scored,0.9702059714194834,12.0,103,102,C,
3EL0,equibind,scored,0.8735220168769344,12.0,103,112,,
3EJP,diffdock,scored,0.9506507877351218,12.0,100,101,,
3EJP,equibind,scored,0.8097667035843195,12.0,100,93,,
3EKS,diffdock,scored,0.9632873345009237,12.0,83,82,,
3EKS,equibind,scored,0.8106383523884194,12.0,83,85,,
3EL1,diffdock,scored,0.9705348132564589,12.0,104,105,,
3EL1,equibind,scored,0.8539491465324248,12.0,104,109,C,
3EL4,diffdock,scored,0.9803066257589999,12.0,104,104,,
3EL4,equibind,scored,0.7258114049181413,12.0,104,109,C,
3EL7,diffdock,scored,0.9813496907540338,12.0,110,108,,
3EL7,equibind,scored,0.9259783681756463,12.0,110,108,,
3EMG,diffdock,scored,0.9558034090110531,12.0,90,92,,
3EMG,equibind,scored,0.8505871852583959,12.0,90,83,,
3ELJ,diffdock,scored,0.9283108860589828,12.0,83,83,,
3ELJ,equibind,scored,0.8693123028472544,12.0,83,86,,
3ELM,diffdock,scored,0.9105820548285888,12.0,101,98,I,
3ELM,equibind,scored,0.7730971459107334,12.0,101,89,I,
3ELC,diffdock,scored,0.005664069187180115,12.0,79,75,E,
3ELC,equibind,scored,0.2806325874358843,12.0,77,116,G,
3EOR,diffdock,scored,0.9575499058382059,12.0,46,48,,
3EOR,equibind,scored,0.11169977983954789,12.0,46,67,,
3EL8,diffdock,scored,0.9816996700496063,12.0,109,111,,
3EL8,equibind,scored,0.1472453414212866,12.0,109,116,,
3EML,diffdock,scored,0.9796129927591906,12.0,99,99,,
3EML,equibind,scored,0.7954318386115405,12.0,99,104,,
3EQS,diffdock,scored,0.5061858582657796,12.0,58,40,B:B,
3EQS,equibind,scored,0.7414196017106258,12.0,58,75,B:B,
3EOU,diffdock,scored,0.938977070262963,12.0,96,98,,
3EOU,equibind,scored,0.9277087972219865,12.0,96,97,,
3EOV,diffdock,scored,0.0,12.0,77,77,C:C,
3EOV,equibind,scored,0.0,12.0,76,50,D:D,
3EQB,diffdock,scored,0.8781355382845673,12.0,98,96,,
3EQB,equibind,scored,0.6607489228599067,12.0,98,96,,
3ESJ,diffdock,scored,0.9031441333464356,12.0,48,53,,
3ESJ,equibind,scored,0.4629678800154972,12.0,48,78,,
3ERD,diffdock,scored,0.0,12.0,111,111,G,
3ERD,equibind,scored,0.2044650893788797,12.0,111,100,G,
3ERY,diffdock,scored,0.7974548028406739,12.0,125,121,P:C,
3ERY,equibind,scored,0.2923819801242696,12.0,125,140,P:C,
3EQ9,diffdock,scored,0.9614232411083854,12.0,131,130,,
3EQ9,equibind,scored,0.7029792275056617,12.0,131,106,B,
3EQ7,diffdock,scored,0.9343749783803834,12.0,123,121,,
3EQ7,equibind,scored,0.6493951869589513,12.0,123,115,,
3ESS,diffdock,scored,0.9579397536735211,12.0,71,70,,
3ESS,equibind,scored,0.5988076747868156,12.0,71,78,,
3ERN,diffdock,scored,0.0,12.0,92,89,I,
3ERN,equibind,scored,0.09625603675190096,12.0,88,107,H,
3EU7,diffdock,scored,0.1357865232087483,12.0,56,109,X:B,
3EU7,equibind,scored,0.13386428833672775,12.0,56,180,X:B,
3EVC,diffdock,scored,0.9376519684912298,12.0,66,62,,
3EVC,equibind,scored,0.24877350020509803,12.0,66,99,,
3EVD,diffdock,scored,0.9014210311076658,12.0,73,68,,
3EVD,equibind,scored,0.257943145861911,12.0,73,106,,
3EWJ,diffdock,scored,0.9402015725993973,12.0,99,101,,
3EWJ,equibind,scored,0.1589315024295043,12.0,99,61,,
3EU5,diffdock,scored,0.9130188401705489,12.0,146,149,,
3EU5,equibind,scored,0.6734962861820287,12.0,146,153,,
3EW2,diffdock,scored,0.0,12.0,79,78,N,
3EW2,equibind,scored,0.010254593660935722,12.0,85,97,I,
3EYD,diffdock,scored,0.9360530984725066,12.0,79,78,,
3EYD,equibind,scored,0.08622194662472146,12.0,79,118,F,
3EWU,diffdock,scored,0.03152582998727812,12.0,121,117,F,
3EWU,equibind,scored,0.08687115503883899,12.0,121,122,F,
3EYG,diffdock,scored,0.9528498110518536,12.0,85,85,,
3EYG,equibind,scored,0.9531572064221231,12.0,85,89,,
3EX3,diffdock,scored,0.9476780635059046,12.0,115,113,E,
3EX3,equibind,scored,0.09571321646212223,12.0,115,116,E,
3EX2,diffdock,scored,0.03800142305375078,12.0,119,116,E,
3EX2,equibind,scored,0.03985814899312429,12.0,119,120,E,
3EYL,diffdock,scored,0.0,12.0,51,54,D,
3EYL,equibind,scored,0.07263293448662138,12.0,51,65,F,
3F15,diffdock,scored,0.9360899174250413,12.0,79,78,,
3F15,equibind,scored,0.936669909543604,12.0,79,80,,
3F33,diffdock,scored,0.9314173786953748,12.0,46,43,,
3F33,equibind,scored,0.5307442634590263,12.0,46,61,,
3EZR,diffdock,scored,0.9670329173900288,12.0,93,92,B,
3EZR,equibind,scored,0.8287200189418591,12.0,93,82,B,
3F34,diffdock,scored,0.9776979861539259,12.0,46,45,,
3F34,equibind,scored,0.5044245908658671,12.0,46,67,,
3F35,diffdock,scored,0.9325584120050667,12.0,43,46,,
3F35,equibind,scored,0.508003063309766,12.0,43,62,,
3EYF,diffdock,scored,0.0,12.0,84,95,F:F,
3EYF,equibind,scored,0.055630865636303165,12.0,84,101,F:F,
3F36,diffdock,scored,0.8031442570962954,12.0,44,45,,
3F36,equibind,scored,0.5136004963177597,12.0,44,51,,
3F38,diffdock,scored,0.9299585296574989,12.0,42,43,,
3F38,equibind,scored,0.5333566452470166,12.0,42,44,,
3F39,diffdock,scored,0.8370182513789999,12.0,41,44,,
3F39,equibind,scored,0.4247298192679603,12.0,41,46,,
3F37,diffdock,scored,0.8880706139237656,12.0,42,45,,
3F37,equibind,scored,0.3970393943566,12.0,42,51,,
3F3C,diffdock,scored,0.9247499666754861,12.0,118,117,,
3F3C,equibind,scored,0.7241063063786906,12.0,118,111,B,
3F3D,diffdock,scored,0.3673885013050379,12.0,106,91,,
3F3D,equibind,scored,0.74604198532962,12.0,106,106,,
3F3A,diffdock,scored,0.446203413804108,12.0,116,96,B,
3F3A,equibind,scored,0.7995308920957211,12.0,116,107,B,
3F07,diffdock,scored,0.0,12.0,86,104,H,
3F07,equibind,scored,0.017759145601718714,12.0,103,134,L,
3F3U,diffdock,scored,0.9802335652758265,12.0,102,102,C,
3F3U,equibind,scored,0.15991183126326275,12.0,95,97,D,
3F3E,diffdock,scored,0.2823733040683682,12.0,109,79,,
3F3E,equibind,scored,0.850304817723596,12.0,109,101,,
3F48,diffdock,scored,0.6887833197060111,12.0,94,95,,
3F48,equibind,scored,0.6993789492698207,12.0,94,94,,
3F3W,diffdock,scored,0.0,12.0,111,109,C,
3F3W,equibind,scored,0.05555218612694881,12.0,111,135,C,
3F3V,diffdock,scored,0.9810205267019368,12.0,107,107,C,
3F3V,equibind,scored,0.09156653484044402,12.0,107,122,C,
3F68,diffdock,scored,0.9218760642242451,12.0,100,106,,
3F68,equibind,scored,0.8872957217195725,12.0,100,97,,
3F6G,diffdock,scored,0.16508900073376193,12.0,82,61,D,
3F6G,equibind,scored,0.6248816760663647,12.0,82,100,D,
3F6H,diffdock,scored,0.0,12.0,52,27,C,
3F6H,equibind,scored,0.18954480537712073,12.0,52,62,C,
3F5J,diffdock,scored,0.9003307050678924,12.0,139,143,C:C,
3F5J,equibind,scored,0.09558291844485668,12.0,139,147,C:C,
3F5K,diffdock,scored,0.0,12.0,143,145,D:D,
3F5K,equibind,scored,0.044898894375716855,12.0,143,155,D:D,
3F5L,diffdock,scored,0.0,12.0,112,113,D:D,
3F5L,equibind,scored,0.053933282767598394,12.0,112,104,C:C,
3F78,diffdock,scored,0.058676447447075744,12.0,74,80,D,
3F78,equibind,scored,0.2896626870161136,12.0,74,70,D,
3F7H,diffdock,scored,0.0,12.0,51,56,D,
3F7H,equibind,scored,0.21932048141607874,12.0,55,64,G,
3F7I,diffdock,scored,1.0,12.0,50,50,D,
3F7I,equibind,scored,0.08634850013559316,12.0,50,67,D,
3F82,diffdock,scored,0.9739843570220336,12.0,118,117,,
3F82,equibind,scored,0.5731946711295582,12.0,118,108,B,
3F7G,diffdock,scored,0.9247356518278249,12.0,53,53,,
3F7G,equibind,scored,0.26690536820392285,12.0,53,72,,
3F8C,diffdock,scored,0.6597931213300176,12.0,58,63,,
3F8C,equibind,scored,0.6225550117457774,12.0,58,79,,
3F8F,diffdock,scored,0.9238618822584995,12.0,93,92,,
3F8F,equibind,scored,0.8463385185674367,12.0,93,95,,
3F8E,diffdock,scored,0.925290558604054,12.0,81,77,,
3F8E,equibind,scored,0.6451068024127832,12.0,81,89,,
3F7Z,diffdock,scored,0.9318101571403031,12.0,88,88,C,
3F7Z,equibind,scored,0.09176007701804736,12.0,88,82,C,
3F7U,diffdock,scored,0.9494788742684364,12.0,97,100,F,
3F7U,equibind,scored,0.013692556851525175,12.0,99,94,H,
3FBR,diffdock,scored,0.0,12.0,53,55,B:B,
3FBR,equibind,scored,0.2789279929680664,12.0,53,125,B:B,
3FC1,diffdock,scored,0.8775212738461745,12.0,92,85,,
3FC1,equibind,scored,0.8248440377156218,12.0,92,90,C,
3F9W,diffdock,scored,0.0,12.0,146,81,F:F,
3F9W,equibind,scored,0.040959445077803316,12.0,146,128,F:F,
3F8W,diffdock,scored,0.9606837286045941,12.0,103,103,J,
3F8W,equibind,scored,0.12240756781317085,12.0,104,122,D,
3FAS,diffdock,scored,0.19128170689271984,12.0,97,84,C,
3FAS,equibind,scored,0.12829868295865374,12.0,97,80,C,
3FAT,diffdock,scored,0.0,12.0,100,99,D,
3FAT,equibind,scored,0.03117749799344586,12.0,99,93,T,
3FC8,diffdock,scored,0.8392132482731687,12.0,61,63,C,
3FC8,equibind,scored,0.2663685467448011,12.0,61,68,C,
3FCK,diffdock,scored,0.852245252246403,12.0,82,86,,
3FCK,equibind,scored,0.8571667786388878,12.0,82,75,,
3FCI,diffdock,scored,0.9758516607215679,12.0,84,84,,
3FCI,equibind,scored,0.6769303802783708,12.0,84,91,,
3FDN,diffdock,scored,0.9303700240916764,12.0,72,71,,
3FDN,equibind,scored,0.842715992946468,12.0,72,78,,
3FCQ,diffdock,scored,0.9667113546270906,12.0,90,89,,
3FCQ,equibind,scored,0.8192632956440953,12.0,90,82,,
3FCL,diffdock,scored,0.009400334312656447,12.0,84,110,H,
3FCL,equibind,scored,0.10870593606941117,12.0,111,125,C,
3FEI,diffdock,scored,0.9832667915779517,12.0,120,120,,
3FEI,equibind,scored,0.83969691900158,12.0,120,121,,
3FED,diffdock,scored,0.9460666226906409,12.0,128,131,,
3FED,equibind,scored,0.8249148162604882,12.0,128,122,J,
3FEJ,diffdock,scored,0.9664143920844359,12.0,119,121,,
3FEJ,equibind,scored,0.7914774019415396,12.0,119,113,,
3FF3,diffdock,scored,0.8972760030653815,12.0,104,107,,
3FF3,equibind,scored,0.7046768292632236,12.0,104,100,,
3FFP,diffdock,scored,0.9560587066168663,12.0,91,89,,
3FFP,equibind,scored,0.8683974126413972,12.0,91,91,,
3FEE,diffdock,scored,0.9908945538795745,12.0,111,110,,
3FEE,equibind,scored,0.7880920301134524,12.0,111,109,,
3F5P,equibind,scored,0.0,12.0,102,76,V,
3FH5,diffdock,scored,0.9394113386583961,12.0,115,114,,
3FH5,equibind,scored,0.7241080484053154,12.0,115,109,,
3FHR,diffdock,scored,0.9233058913258471,12.0,90,91,,
3FHR,equibind,scored,0.9548691131351701,12.0,90,90,,
3FH7,diffdock,scored,0.9644059781255491,12.0,142,139,,
3FH7,equibind,scored,0.733494718129045,12.0,142,134,,
3FH8,diffdock,scored,0.9663673369802801,12.0,121,117,,
3FH8,equibind,scored,0.7683674284358976,12.0,121,122,,
3FI3,diffdock,scored,0.9771751451085942,12.0,87,89,,
3FI3,equibind,scored,0.8298547077003596,12.0,87,88,B,
3FJ7,diffdock,scored,0.9639389060171649,12.0,82,85,D,
3FJ7,equibind,scored,0.19446871411963032,12.0,83,107,C,
3FGC,diffdock,scored,0.9120205169340477,12.0,123,122,,
3FGC,equibind,scored,0.1258369916906832,12.0,123,77,,
3FJZ,diffdock,scored,0.9907268601788937,12.0,108,109,,
3FJZ,equibind,scored,0.7357922397328479,12.0,108,105,,
3FK1,diffdock,scored,0.9906379353287712,12.0,108,107,,
3FK1,equibind,scored,0.7795827090520171,12.0,108,93,C,
3FA3,equibind,scored,0.0,12.0,103,73,WA,
3FKT,diffdock,scored,0.8909596013885999,12.0,100,105,,
3FKT,equibind,scored,0.7829101895868044,12.0,100,106,,
3FJG,diffdock,scored,0.9637917253994379,12.0,82,83,E,
3FJG,equibind,scored,0.2612798941633408,12.0,82,67,E,
3FL5,diffdock,scored,0.9741595747970091,12.0,79,77,,
3FL5,equibind,scored,0.828757069387593,12.0,79,85,,
3FMQ,diffdock,scored,0.9712926145600828,12.0,106,103,E,
3FMQ,equibind,scored,0.14211606144104574,12.0,106,89,E,
3FPM,diffdock,scored,0.9745611972131013,12.0,78,80,B,
3FPM,equibind,scored,0.8558787596693497,12.0,78,77,B,
3FN0,diffdock,scored,0.09364385047215712,12.0,56,96,P:C,
3FN0,equibind,scored,0.6105755903428136,12.0,56,67,P:C,
3FMR,diffdock,scored,0.9437902319796876,12.0,107,107,K,
3FMR,equibind,scored,0.12953622891213948,12.0,107,84,E,
3FF6,diffdock,scored,0.0,12.0,102,102,H,
3FF6,equibind,scored,0.22051669809912458,12.0,113,114,E,
3FPD,diffdock,scored,0.0,12.0,61,62,J,
3FPD,equibind,scored,0.08095864215441263,12.0,61,73,J,
3FR4,diffdock,scored,0.9882704273021191,12.0,87,86,,
3FR4,equibind,scored,0.8879737662746272,12.0,87,97,,
3FR5,diffdock,scored,0.9571555563713935,12.0,92,94,,
3FR5,equibind,scored,0.9540636496183952,12.0,92,88,,
3FL9,diffdock,scored,0.0,12.0,86,89,L,
3FL9,equibind,scored,0.0,12.0,87,68,X,
3FNM,diffdock,scored,0.9800346826809269,12.0,103,101,E,
3FNM,equibind,scored,0.0,12.0,105,67,F,
3FQA,diffdock,scored,0.9908311509703428,12.0,110,109,,
3FQA,equibind,scored,0.766179769622403,12.0,110,113,,
3FRG,diffdock,scored,0.9449077766851246,12.0,109,109,,
3FRG,equibind,scored,0.852469513359256,12.0,109,105,,
3FQ7,diffdock,scored,0.07360507103936631,12.0,151,150,C,
3FQ7,equibind,scored,0.04600471746536716,12.0,150,155,D,
3FT3,diffdock,scored,0.682560381996043,12.0,131,96,P:C,
3FT3,equibind,scored,0.5561794520423053,12.0,131,83,P:C,
3FT2,diffdock,scored,0.8868355599628188,12.0,138,135,P:C,
3FT2,equibind,scored,0.6270997500905892,12.0,138,93,P:C,
3FRZ,diffdock,scored,0.9536996844771702,12.0,86,88,,
3FRZ,equibind,scored,0.819774728850314,12.0,86,74,,
3FT4,diffdock,scored,0.7414064837910683,12.0,132,110,P:C,
3FT4,equibind,scored,0.5772787259441724,12.0,132,93,P:C,
3FTS,diffdock,scored,0.9533507735319864,12.0,107,106,,
3FTS,equibind,scored,0.3973818890161149,12.0,107,115,,
3FTV,diffdock,scored,0.9696956236745053,12.0,100,97,,
3FTV,equibind,scored,0.5688024469850143,12.0,100,104,,
3FTW,diffdock,scored,0.9699424431160503,12.0,101,98,,
3FTW,equibind,scored,0.5629890871934814,12.0,101,105,,
3FTQ,diffdock,scored,0.9229681011007594,12.0,116,115,L,
3FTQ,equibind,scored,0.008603468905556313,12.0,122,93,J,
3FU0,diffdock,scored,0.9899771276316335,12.0,101,100,,
3FU0,equibind,scored,0.5899644429492036,12.0,101,104,,
3FU3,diffdock,scored,0.6416463866371347,12.0,92,93,E,
3FU3,equibind,scored,0.22347783494768844,12.0,92,91,E,
3FUE,diffdock,scored,1.0,12.0,79,79,,
3FUE,equibind,scored,0.6195730178638886,12.0,79,80,,
3FU5,diffdock,scored,0.943939451073521,12.0,105,105,,
3FU5,equibind,scored,0.7982443526078022,12.0,105,98,,
3FUF,diffdock,scored,0.9747831511443019,12.0,78,80,,
3FUF,equibind,scored,0.6957623060145723,12.0,78,77,,
3FUH,diffdock,scored,0.9490192401344467,12.0,78,78,,
3FUH,equibind,scored,0.5504148876078092,12.0,78,85,,
3FUJ,diffdock,scored,0.9442278215254087,12.0,107,107,,
3FUJ,equibind,scored,0.8113996387420171,12.0,107,105,,
3FUL,diffdock,scored,0.9439853522663508,12.0,124,125,,
3FUL,equibind,scored,0.6230083568794882,12.0,124,121,,
3FUM,diffdock,scored,0.9267568774203223,12.0,124,119,,
3FUM,equibind,scored,0.669417450246204,12.0,124,127,,
3FUK,diffdock,scored,0.9671848308545036,12.0,123,123,,
3FUK,equibind,scored,0.7626368074871105,12.0,123,121,,
3FUP,diffdock,scored,0.0,12.0,81,85,D,
3FUP,equibind,scored,0.02438044688389142,12.0,84,93,C,
3FUZ,diffdock,scored,0.14738036818787603,12.0,100,80,F,
3FUZ,equibind,scored,0.14445321524498886,12.0,100,78,F,
3FV8,diffdock,scored,0.9605713819089421,12.0,77,76,,
3FV8,equibind,scored,0.8806468338888362,12.0,77,74,,
3FVH,diffdock,scored,0.7389462642518037,12.0,73,63,B:B,
3FVH,equibind,scored,0.7902131253333773,12.0,73,72,B:B,
3FV1,diffdock,scored,0.0,12.0,112,110,K,
3FV1,equibind,scored,0.1209968020895647,12.0,112,80,K,
3FVG,diffdock,scored,0.0,12.0,106,107,N,
3FVG,equibind,scored,0.14223047756009546,12.0,106,82,N,
3FW3,diffdock,scored,0.0,12.0,88,86,H,
3FW3,equibind,scored,0.08149078692844582,12.0,87,82,D,
3FVK,diffdock,scored,0.9280549951427096,12.0,106,114,H,
3FVK,equibind,scored,0.14520111995879592,12.0,106,82,M,
3FVN,diffdock,scored,0.0,12.0,106,110,G,
3FVN,equibind,scored,0.1383993245183138,12.0,106,83,G,
3FWV,diffdock,scored,0.6059831306915556,12.0,90,82,C:C,
3FWV,equibind,scored,0.058212659934404026,12.0,91,107,D:D,
3FW4,diffdock,scored,0.0,12.0,66,67,E,
3FW4,equibind,scored,0.0,12.0,66,44,E,
3FVL,diffdock,scored,0.0,12.0,110,97,G,
3FVL,equibind,scored,0.07305511427054943,12.0,110,60,G,
3FXV,diffdock,scored,0.9659480639798861,12.0,119,121,,
3FXV,equibind,scored,0.8848405086015941,12.0,119,116,C,
3FXW,diffdock,scored,0.9546902030327635,12.0,89,89,,
3FXW,equibind,scored,0.8528973354454108,12.0,89,88,,
3FYJ,diffdock,scored,0.9641896974712544,12.0,85,86,,
3FYJ,equibind,scored,0.8443020307358688,12.0,85,82,,
3FYK,diffdock,scored,0.9516054415732937,12.0,85,81,,
3FYK,equibind,scored,0.9292972217988548,12.0,85,85,,
3FZ1,diffdock,scored,0.9154737587455402,12.0,82,81,,
3FZ1,equibind,scored,0.9268503169556225,12.0,82,82,,
3FZS,diffdock,scored,0.9717077454319433,12.0,107,106,,
3FZS,equibind,scored,0.8721257844497524,12.0,107,100,,
3G08,diffdock,scored,0.8977708447193975,12.0,129,143,,
3G08,equibind,scored,0.7700761703376222,12.0,129,137,F,
3G19,diffdock,scored,0.4877325364843671,12.0,45,33,C:B,
3G19,equibind,scored,0.6201041402715729,12.0,45,41,C:B,
3G0E,diffdock,scored,0.9423170627421009,12.0,90,85,,
3G0E,equibind,scored,0.9083960334152226,12.0,90,88,,
3G0W,diffdock,scored,0.9914011810528081,12.0,119,118,,
3G0W,equibind,scored,0.9913028458882053,12.0,119,118,,
3G0F,diffdock,scored,0.0,12.0,81,80,C,
3G0F,equibind,scored,0.0,12.0,82,108,E,
3G1M,diffdock,scored,0.9795795016679449,12.0,98,100,,
3G1M,equibind,scored,0.707842564315682,12.0,98,98,,
3G1D,diffdock,scored,0.03471424521252196,12.0,108,104,D,
3G1D,equibind,scored,0.10227844786910247,12.0,108,129,D,
3G0I,diffdock,scored,1.0,12.0,91,91,C,
3G0I,equibind,scored,0.022415527755523672,12.0,91,96,D,
3G1V,diffdock,scored,0.9721299897725905,12.0,109,108,E,
3G1V,equibind,scored,0.2925403719101279,12.0,109,142,C,
3FV3,diffdock,scored,0.0,12.0,120,67,N:L,
3FV3,equibind,scored,0.0,12.0,124,0,M:J,
3G2H,diffdock,scored,0.9296154069494493,12.0,129,126,,
3G2H,equibind,scored,0.8596617017657859,12.0,129,127,,
3G2I,diffdock,scored,0.9918531900350598,12.0,126,125,,
3G2I,equibind,scored,0.9198248005146179,12.0,126,122,,
3G2S,diffdock,scored,0.40960275988896055,12.0,67,67,C:C,
3G2S,equibind,scored,0.1509550366995407,12.0,67,122,C:C,
3G2J,diffdock,scored,0.9586996200331324,12.0,123,120,,
3G2J,equibind,scored,0.8208793244847974,12.0,123,121,,
3G2K,diffdock,scored,0.917478486443247,12.0,133,132,,
3G2K,equibind,scored,0.9088943492202091,12.0,133,133,,
3G2N,diffdock,scored,0.9590737962308336,12.0,125,122,,
3G2N,equibind,scored,0.9116749064837619,12.0,125,124,,
3G0B,diffdock,scored,0.0,12.0,105,111,V,
3G0B,equibind,scored,0.005555911589584962,12.0,104,56,GA,
3G2U,diffdock,scored,0.39523884667138964,12.0,64,72,D:D,
3G2U,equibind,scored,0.08265735145771223,12.0,64,76,C:C,
3G2T,diffdock,scored,0.13157249326719547,12.0,68,65,D:D,
3G2T,equibind,scored,0.19985551244186628,12.0,68,109,D:D,
3G2W,diffdock,scored,0.18994718139802882,12.0,71,99,C:C,
3G2W,equibind,scored,0.4322958040813095,12.0,71,110,C:C,
3G2V,diffdock,scored,0.0,12.0,69,44,C:B,
3G2V,equibind,scored,0.3618300300376499,12.0,69,100,C:B,
3G30,diffdock,scored,0.9246376952097494,12.0,77,81,B,
3G30,equibind,scored,0.7978088714369763,12.0,77,79,B,
3G2Y,diffdock,scored,0.0,12.0,75,73,D,
3G2Y,equibind,scored,0.02732148366692271,12.0,75,55,C,
3G3M,diffdock,scored,0.9581233940158179,12.0,96,96,,
3G3M,equibind,scored,0.7518369531362395,12.0,96,101,,
3G2Z,diffdock,scored,0.0,12.0,72,72,C,
3G2Z,equibind,scored,0.05359146301235198,12.0,73,45,G,
3G31,diffdock,scored,1.0,12.0,42,42,C,
3G31,equibind,scored,0.0,12.0,37,65,J,
3G3D,diffdock,scored,0.965890833642162,12.0,118,118,C,
3G3D,equibind,scored,0.3618616361822987,12.0,118,126,C,
3G34,diffdock,scored,0.0,12.0,74,74,C,
3G34,equibind,scored,0.015269700311093405,12.0,74,51,F,
3G32,diffdock,scored,0.0,12.0,74,74,F,
3G32,equibind,scored,0.030715821403242673,12.0,74,45,F,
3G3R,diffdock,scored,0.9880420036688419,12.0,85,84,C,
3G3R,equibind,scored,0.003743929997881463,12.0,89,79,I,
3G5V,diffdock,scored,0.5867748183128232,12.0,78,107,C:C,
3G5V,equibind,scored,0.7553407683259709,12.0,78,79,C:C,
3G5Y,diffdock,scored,0.5901147736674736,12.0,74,100,E:C,
3G5Y,equibind,scored,0.46640089144658653,12.0,74,123,E:C,
3G5K,diffdock,scored,0.0,12.0,110,108,K,
3G5K,equibind,scored,0.0,12.0,110,6,K,
3G4F,diffdock,scored,0.9698467998454399,12.0,100,101,E,
3G4F,equibind,scored,0.22999177537634136,12.0,100,80,E,
3G42,diffdock,scored,0.9464031104978357,12.0,93,92,,
3G42,equibind,scored,0.0,12.0,93,70,E,
3G8E,diffdock,scored,0.9611997381045847,12.0,155,157,C,
3G8E,equibind,scored,0.0,12.0,154,143,D,
3G9L,diffdock,scored,0.9134072963739444,12.0,84,79,B,
3G9L,equibind,scored,0.7814993705856559,12.0,84,80,,
3G4L,diffdock,scored,0.0,12.0,117,116,O,
3G4L,equibind,scored,0.03152069538558193,12.0,115,121,Z,
3G8O,diffdock,scored,0.0,12.0,116,110,C,
3G8O,equibind,scored,0.171822726285016,12.0,115,95,D,
3G4K,diffdock,scored,0.0,12.0,95,101,EA,
3G4K,equibind,scored,0.004643735939542789,12.0,106,106,H,
3GBB,diffdock,scored,0.0,12.0,104,107,C,
3GBB,equibind,scored,0.27725966383206696,12.0,104,90,C,
3GA5,diffdock,scored,0.9188044561225419,12.0,108,111,C,
3GA5,equibind,scored,0.016834327525134873,12.0,108,81,C,
3GC4,diffdock,scored,0.9905755430878549,12.0,107,108,,
3GC4,equibind,scored,0.8238534695455022,12.0,107,104,,
3GC5,diffdock,scored,0.9614078996847819,12.0,102,104,,
3GC5,equibind,scored,0.8827542397314805,12.0,102,102,,
3GC7,diffdock,scored,0.9011949432632885,12.0,101,101,B,
3GC7,equibind,scored,0.803653628963117,12.0,101,103,,
3GBE,diffdock,scored,0.9502939045946929,12.0,101,100,,
3GBE,equibind,scored,0.8781826746338577,12.0,101,99,,
3GCP,diffdock,scored,0.9195388823780785,12.0,84,87,,
3GCP,equibind,scored,0.7638661480532057,12.0,84,84,,
3GDS,diffdock,scored,0.24849088625665633,12.0,86,88,B:B,
3GDS,equibind,scored,0.16891265939622502,12.0,86,91,B:B,
3GCS,diffdock,scored,0.9719194240763888,12.0,108,107,B,
3GCS,equibind,scored,0.7995840754668514,12.0,108,106,,
3GCV,diffdock,scored,0.9403828161018403,12.0,119,116,,
3GCV,equibind,scored,0.8828815709050225,12.0,119,123,,
3GF2,diffdock,scored,0.9460058559248049,12.0,55,58,,
3GF2,equibind,scored,0.20752726688004358,12.0,55,50,,
3GEN,diffdock,scored,1.0,12.0,104,104,,
3GEN,equibind,scored,0.8111267564749824,12.0,104,91,,
3GEP,diffdock,scored,0.0,12.0,92,93,D,
3GEP,equibind,scored,0.018619172426739584,12.0,92,106,D,
3GBA,diffdock,scored,0.0,12.0,111,111,E,
3GBA,equibind,scored,0.0,12.0,111,83,E,
3GGU,diffdock,scored,0.9809787605876034,12.0,107,107,,
3GGU,equibind,scored,0.8519303306785823,12.0,107,102,,
3GI5,diffdock,scored,0.9298201612760243,12.0,98,101,,
3GI5,equibind,scored,0.8520288551679697,12.0,98,109,,
3GGC,diffdock,scored,0.9540223881550578,12.0,86,88,C,
3GGC,equibind,scored,0.2620273495622437,12.0,86,92,C,
3GGJ,diffdock,scored,0.8928590510447988,12.0,86,96,D,
3GGJ,equibind,scored,0.0,12.0,86,92,D,
3GK1,diffdock,scored,1.0,12.0,35,35,,
3GK1,equibind,scored,0.5140817885035164,12.0,35,53,,
3GDT,diffdock,scored,0.0,12.0,79,91,F,
3GDT,equibind,scored,0.0,12.0,79,102,F,
3GJQ,diffdock,scored,0.40495511294500736,12.0,91,57,F:F,
3GJQ,equibind,scored,0.1505392558495988,12.0,91,93,F:F,
3GK2,diffdock,scored,0.8900439726732561,12.0,27,26,,
3GK2,equibind,scored,0.3561920409021105,12.0,27,62,,
3GJS,diffdock,scored,0.8285939638462861,12.0,92,85,E:E,
3GJS,equibind,scored,0.24000797952810937,12.0,92,89,F:F,
3GJT,diffdock,scored,0.3659441078888842,12.0,88,49,E:E,
3GJT,equibind,scored,0.13252873135988633,12.0,88,72,E:E,
3GJW,diffdock,scored,1.0,12.0,100,100,,
3GJW,equibind,scored,0.8975803800361651,12.0,100,96,,
3GL6,diffdock,scored,0.6573824308716278,12.0,41,30,B:B,
3GL6,equibind,scored,0.6584009538433397,12.0,41,31,B:B,
3GJD,diffdock,scored,0.3535993843129167,12.0,109,91,,
3GJD,equibind,scored,0.8133441389069961,12.0,109,99,,
3GM0,diffdock,scored,0.9866823564481212,12.0,75,76,,
3GM0,equibind,scored,0.7377568999340466,12.0,75,59,,
3GPE,diffdock,scored,0.9380076894272469,12.0,48,49,F,
3GPE,equibind,scored,0.7894804089409869,12.0,48,48,F,
3GN7,diffdock,scored,1.0,12.0,94,94,,
3GN7,equibind,scored,0.8588988448684811,12.0,94,91,,
3GS6,diffdock,scored,0.9898566947353205,12.0,100,99,,
3GS6,equibind,scored,0.704563939862867,12.0,100,97,,
3GS7,diffdock,scored,0.11820226316967662,12.0,54,51,D,
3GS7,equibind,scored,0.3932507447220362,12.0,54,80,D,
3GR2,diffdock,scored,0.0,12.0,74,74,,
3GR2,equibind,scored,0.0,12.0,74,97,,
3GNV,diffdock,scored,0.9756292249497575,12.0,125,122,C,
3GNV,equibind,scored,0.0,12.0,122,104,E,
3GNW,diffdock,scored,0.9072989616522952,12.0,141,140,F,
3GNW,equibind,scored,0.05088314478518574,12.0,141,101,F,
3GOL,diffdock,scored,0.0,12.0,114,76,E,
3GOL,equibind,scored,0.05866975874833249,12.0,114,84,E,
3GSG,diffdock,scored,0.9293219327350597,12.0,85,85,I,
3GSG,equibind,scored,0.0,12.0,85,107,I,
3GT9,diffdock,scored,0.9788029926038996,12.0,49,48,D,
3GT9,equibind,scored,0.18807117261434872,12.0,51,70,F,
3GSM,diffdock,scored,0.8998254244118191,12.0,99,97,,
3GSM,equibind,scored,0.7885827881292379,12.0,99,81,,
3GUZ,diffdock,scored,0.9873714402768465,12.0,80,79,C,
3GUZ,equibind,scored,0.8559359445222287,12.0,80,84,C,
3GWS,diffdock,scored,0.9756490355070618,12.0,124,123,,
3GUS,diffdock,scored,0.8970936163033568,12.0,66,67,D,
3GUS,equibind,scored,0.014462711058092216,12.0,66,58,G,
3GTC,diffdock,scored,0.0,12.0,69,69,D,
3GTC,equibind,scored,0.04839746985661102,12.0,57,101,H,
3GW5,diffdock,scored,0.9383392029446241,12.0,129,129,D,
3GW5,equibind,scored,0.09510508661930807,12.0,130,120,J,
3GV9,diffdock,scored,0.0,12.0,80,80,C,
3GV9,equibind,scored,0.0,12.0,80,96,C,
3GVB,diffdock,scored,0.0,12.0,88,79,,
3GVB,equibind,scored,0.226167886125846,12.0,88,120,,
3GWT,diffdock,scored,0.9489845615334814,12.0,118,116,,
3GWT,equibind,scored,0.7609634551938823,12.0,118,105,B,
3GWV,diffdock,scored,0.9647471194176994,12.0,113,115,,
3GWV,equibind,scored,0.718799838642583,12.0,113,116,,
3GWU,diffdock,scored,0.9239345005464328,12.0,107,107,,
3GWU,equibind,scored,0.6618971651177882,12.0,107,122,,
3GWW,diffdock,scored,0.9824015034279803,12.0,115,113,,
3GWW,equibind,scored,0.5904903010140277,12.0,115,124,,
3GX0,diffdock,scored,0.8854521137571828,12.0,87,87,,
3GX0,equibind,scored,0.8932316186517357,12.0,87,88,B,
3GXY,diffdock,scored,1.0,12.0,44,44,C:C,
3GXY,equibind,scored,0.7623584869398509,12.0,44,39,C:C,
3GXZ,diffdock,scored,0.0,12.0,44,47,C:C,
3GXZ,equibind,scored,0.7617908224155536,12.0,44,37,C:C,
3GWX,diffdock,scored,0.0,12.0,119,135,D,
3GWX,equibind,scored,0.01768267187544736,12.0,128,69,C,
3GXT,diffdock,scored,0.9360547696051019,12.0,79,76,L,
3GXT,equibind,scored,0.0,12.0,77,78,P,
3H0V,diffdock,scored,0.01138448584847666,12.0,74,73,,
3H0V,equibind,scored,0.8063094417246478,12.0,74,79,,
3H1Z,diffdock,scored,0.2745881226228569,12.0,70,58,P:B,
3H1Z,equibind,scored,0.5775077848268564,12.0,70,95,P:B,
3H21,diffdock,scored,0.0,12.0,88,88,G,
3H21,equibind,scored,0.0,12.0,88,87,G,
3H03,diffdock,scored,0.0,12.0,105,108,K,
3H03,equibind,scored,0.005581686607219084,12.0,105,74,H,
3H0Z,diffdock,scored,0.0,12.0,86,86,D,
3H0Z,equibind,scored,0.0,12.0,73,94,E,
3H0B,diffdock,scored,0.0,12.0,114,118,D,
3H0B,equibind,scored,0.03374722614380678,12.0,114,70,E,
3H2C,diffdock,scored,0.9878911870877429,12.0,83,82,C,
3H2C,equibind,scored,0.3100705790896308,12.0,82,84,I,
3H2N,diffdock,scored,0.0,12.0,85,85,C,
3H2N,equibind,scored,0.17500467681973578,12.0,85,86,H,
3H3C,diffdock,scored,0.9511166458776598,12.0,82,82,,
3H3C,equibind,scored,0.9372003678028272,12.0,82,79,,
3H85,diffdock,scored,0.18611474238336778,12.0,86,61,P:B,
3H85,equibind,scored,0.8394188569589888,12.0,86,87,P:B,
3H06,diffdock,scored,0.0,12.0,110,108,J,
3H06,equibind,scored,0.0,12.0,109,56,L,
3HAU,diffdock,scored,0.8668590995440576,12.0,105,116,C,
3HAU,equibind,scored,0.8712066772405456,12.0,105,106,C,
3H59,diffdock,scored,0.9715035696492618,12.0,142,140,C,
3H59,equibind,scored,0.08878697738599625,12.0,142,115,C,
3H6Z,diffdock,scored,0.08768696490779594,12.0,60,69,M:D,
3H6Z,equibind,scored,0.0,12.0,59,40,L:B,
3H78,diffdock,scored,0.990390839144846,12.0,104,105,C,
3H78,equibind,scored,0.02874436471071563,12.0,101,99,D,
3H5S,diffdock,scored,0.0,12.0,142,143,D,
3H5S,equibind,scored,0.07548518611329634,12.0,142,113,D,
3GPJ,equibind,scored,0.0,12.0,111,3,EA,
3HAW,diffdock,scored,0.9423845487811986,12.0,104,108,,
3HAW,equibind,scored,0.8577694728355743,12.0,104,113,C,
3HB4,diffdock,scored,0.9253260590377498,12.0,110,104,,
3HB4,equibind,scored,0.8402867505316491,12.0,110,111,,
3HBO,diffdock,scored,0.9526269573702375,12.0,106,109,,
3HBO,equibind,scored,0.86448316344909,12.0,106,110,C,
3HCM,diffdock,scored,0.04928754259873812,12.0,54,51,E,
3HCM,equibind,scored,0.30724902859927533,12.0,54,89,E,
3H9K,diffdock,scored,0.0,12.0,97,107,F,
3H9K,equibind,scored,0.027916966672874587,12.0,106,124,K,
3HDZ,diffdock,scored,0.929255987843289,12.0,100,97,,
3HDZ,equibind,scored,0.8772698287395375,12.0,100,96,,
3HDK,diffdock,scored,0.9438421190152585,12.0,105,111,,
3HDK,equibind,scored,0.9391539433507677,12.0,105,105,C,
3HD3,diffdock,scored,0.9518285826224739,12.0,83,83,C,
3HD3,equibind,scored,0.10223891842374606,12.0,83,118,C,
3HFJ,diffdock,scored,0.4675177591411298,12.0,115,118,,
3HFJ,equibind,scored,0.45521166400661356,12.0,115,117,,
3HIK,diffdock,scored,0.604395959162249,12.0,75,50,B:B,
3HIK,equibind,scored,0.7864460289984598,12.0,75,74,B:B,
3HJ0,diffdock,scored,0.11902043637468963,12.0,58,54,D,
3HJ0,equibind,scored,0.44138011145891176,12.0,58,68,D,
3HFZ,diffdock,scored,0.9595162316906617,12.0,98,98,C,
3HFZ,equibind,scored,0.3443144175941584,12.0,98,99,C,
3HIV,diffdock,scored,0.0,12.0,105,104,C,
3HIV,equibind,scored,0.022499816529727837,12.0,105,156,C,
3HB8,diffdock,scored,0.9155327575140905,12.0,93,95,F,
3HB8,equibind,scored,0.017430300204737407,12.0,103,108,K,
3HG1,diffdock,scored,0.7683626636996957,12.0,188,174,C:C,
3HG1,equibind,scored,0.6077775367530652,12.0,188,157,C:C,
3HJO,diffdock,scored,0.9567838755694574,12.0,72,69,D,
3HJO,equibind,scored,0.020171599017857176,12.0,68,73,K,
3HK1,diffdock,scored,0.9570536514947552,12.0,93,93,,
3HK1,equibind,scored,0.907317492756971,12.0,93,91,,
3HKN,diffdock,scored,0.9340493268727593,12.0,107,110,B:B,
3HKN,equibind,scored,0.8569991809425603,12.0,107,100,B:B,
3HKT,diffdock,scored,0.9584127138075644,12.0,100,96,B:B,
3HKT,equibind,scored,0.760524571188494,12.0,100,98,B:B,
3HHM,equibind,scored,0.7428883243076715,12.0,92,79,C,
3HKQ,diffdock,scored,0.9463978256557649,12.0,92,95,,
3HKQ,equibind,scored,0.8737852086942204,12.0,92,85,,
3HHA,diffdock,scored,0.0,12.0,84,90,H,
3HHA,equibind,scored,0.030212383119888747,12.0,85,108,K,
3HL5,diffdock,scored,0.8046754349075906,12.0,45,53,D,
3HL5,equibind,scored,0.3118406690380078,12.0,74,59,F,
3HKU,diffdock,scored,0.9622284829887571,12.0,105,107,,
3HKU,equibind,scored,0.819041833723584,12.0,105,100,,
3HQH,diffdock,scored,0.2891058066034461,12.0,62,51,M:B,
3HQH,equibind,scored,0.5401086759289375,12.0,62,80,M:B,
3HL7,diffdock,scored,0.9451797307469519,12.0,91,92,,
3HL7,equibind,scored,0.7339650938499823,12.0,91,90,,
3HP5,diffdock,scored,0.8731783322089658,12.0,90,94,,
3HP5,equibind,scored,0.8086498602158833,12.0,90,87,,
3HNG,diffdock,scored,0.9651147529907292,12.0,115,113,,
3HNG,equibind,scored,0.8716358126009098,12.0,115,118,,
3HP2,diffdock,scored,0.9664144745999439,12.0,89,90,,
3HP2,equibind,scored,0.6364062090683238,12.0,89,95,,
3HLL,diffdock,scored,0.9393595111067367,12.0,96,100,,
3HLL,equibind,scored,0.8403947903603727,12.0,96,95,,
3HQ5,diffdock,scored,0.939126609088705,12.0,116,115,G,
3HQ5,equibind,scored,0.20966791039610438,12.0,116,100,I,
3HQR,diffdock,scored,0.9812930380030742,12.0,106,108,,
3HQR,equibind,scored,0.7937358880603403,12.0,106,108,,
3HR1,diffdock,scored,0.9505601137091527,12.0,104,99,,
3HR1,equibind,scored,0.8721871908814233,12.0,104,103,,
3HRF,diffdock,scored,0.23684848301029032,12.0,54,90,,
3HRF,equibind,scored,0.2183048536293543,12.0,54,87,C,
3HRB,diffdock,scored,0.9297878212094958,12.0,85,85,,
3HRB,equibind,scored,0.6758629673467001,12.0,85,86,,
3HS4,diffdock,scored,0.9886853814338412,12.0,89,88,D,
3HS4,equibind,scored,0.9014619119848339,12.0,89,92,D,
3HL8,diffdock,scored,0.9809399880647727,12.0,53,52,C,
3HL8,equibind,scored,0.728028943380434,12.0,53,65,C,
3HUC,diffdock,scored,0.8880960206289804,12.0,78,79,,
3HUC,equibind,scored,0.8102848706170207,12.0,78,79,,
3HV7,diffdock,scored,0.982170904920192,12.0,112,114,,
3HV7,equibind,scored,0.8532481141108516,12.0,112,117,,
3HV6,diffdock,scored,0.9825626594770464,12.0,116,116,,
3HV6,equibind,scored,0.8451901327385108,12.0,116,120,C,
3HVH,diffdock,scored,0.9795381394181764,12.0,100,100,,
3HVH,equibind,scored,0.8251957966739785,12.0,100,99,,
3HU3,diffdock,scored,0.0,12.0,92,117,E,
3HU3,equibind,scored,0.7626817272331842,12.0,117,104,C,
3HVJ,diffdock,scored,0.9301163823161848,12.0,100,99,C,
3HVJ,equibind,scored,0.04956446477288748,12.0,99,122,G,
3HVK,diffdock,scored,1.0,12.0,100,100,,
3HVK,equibind,scored,0.8028217468127667,12.0,100,89,,
3HX3,diffdock,scored,0.9810057727168554,12.0,107,105,,
3HX3,equibind,scored,0.9141601563681542,12.0,107,110,,
3HXB,diffdock,scored,0.8470541738749415,12.0,143,156,,
3HXB,equibind,scored,0.7669659141800202,12.0,143,150,C,
3HY5,diffdock,scored,0.9713943529452729,12.0,106,107,,
3HY5,equibind,scored,0.8811215974699868,12.0,106,100,B,
3HWW,diffdock,scored,0.0,12.0,74,94,C,
3HWW,equibind,scored,0.04512442665323476,12.0,74,109,C,
3HXD,diffdock,scored,0.8550762566413277,12.0,140,138,,
3HXD,equibind,scored,0.604078886654737,12.0,140,141,E,
3HY7,diffdock,scored,1.0,12.0,78,78,C,
3HY7,equibind,scored,0.026352120672842903,12.0,78,71,C,
3HXF,diffdock,scored,0.8083129429735663,12.0,160,157,,
3HXF,equibind,scored,0.7448531450980238,12.0,160,176,E,
3HZK,diffdock,scored,0.9518687136720386,12.0,65,64,C:C,
3HZK,equibind,scored,0.9510467272221947,12.0,65,64,C:C,
3HZM,diffdock,scored,0.9523873500394464,12.0,63,62,,
3HZM,equibind,scored,0.9184080717224781,12.0,63,66,,
3HU1,diffdock,scored,0.0,12.0,114,120,K,
3HU1,equibind,scored,0.0,12.0,114,74,O,
3HZV,diffdock,scored,0.9513198255483439,12.0,63,62,C:KDA:1+C:KDO:2,
3HZV,equibind,scored,0.9645751589214955,12.0,63,63,C:KDA:1+C:KDO:2,
3HU2,diffdock,scored,0.0,12.0,118,120,K,
3HU2,equibind,scored,0.005050079286213194,12.0,120,69,Q,
3I1Y,diffdock,scored,0.9744669231291405,12.0,116,119,,
3I1Y,equibind,scored,0.7840188781141032,12.0,116,104,B,
3I4Y,diffdock,scored,0.9648678389059541,12.0,87,84,,
3I4Y,equibind,scored,0.6452771083534048,12.0,87,87,,
3I51,diffdock,scored,0.9496159699539645,12.0,81,77,,
3I51,equibind,scored,0.6979029021240358,12.0,81,72,,
3I0R,diffdock,scored,0.9426700134402063,12.0,87,88,,
3I0R,equibind,scored,0.842413675783388,12.0,87,82,C,
3I4A,diffdock,scored,0.9693263673710757,12.0,100,97,C,
3I4A,equibind,scored,0.19158593022637507,12.0,106,79,D,
3I0S,diffdock,scored,0.9764115285164824,12.0,85,87,,
3I0S,equibind,scored,0.883163058747646,12.0,85,89,,
3I25,diffdock,scored,0.0,12.0,142,147,F,
3I25,equibind,scored,0.0,12.0,142,133,F,
3I7G,diffdock,scored,0.0,12.0,77,78,,
3I7G,equibind,scored,0.1095258361304149,12.0,77,94,,
3I6O,diffdock,scored,0.9620271746958236,12.0,105,107,,
3I6O,equibind,scored,0.7898635634725499,12.0,105,106,,
3I6M,diffdock,scored,0.8738056005921025,12.0,117,114,,
3I6M,equibind,scored,0.7858572410057978,12.0,117,113,D,
3I73,diffdock,scored,0.09766270705359478,12.0,85,106,,
3I73,equibind,scored,0.145597758393176,12.0,85,104,,
3I6Z,diffdock,scored,0.9382710785117951,12.0,128,130,,
3I6Z,equibind,scored,0.7199244501503244,12.0,128,118,D,
3I8T,diffdock,scored,0.9583713329428017,12.0,49,49,B:B,
3I8T,equibind,scored,0.8392733341879292,12.0,49,49,B:B,
3I97,diffdock,scored,0.0,12.0,49,45,C,
3I97,equibind,scored,0.07289185297804791,12.0,49,41,E,
3I9G,diffdock,scored,0.9565861681071081,12.0,70,69,,
3I9G,equibind,scored,0.8670738065169972,12.0,70,67,,
3IBI,diffdock,scored,0.9882404322064362,12.0,86,85,,
3IBI,equibind,scored,0.8399968625667447,12.0,86,88,,
3IBC,diffdock,scored,0.0,12.0,93,78,E:E,
3IBC,equibind,scored,0.029083345712046783,12.0,93,84,E:E,
3IBL,diffdock,scored,0.9449460837728051,12.0,89,90,,
3IBL,equibind,scored,0.8975720733726805,12.0,89,86,,
3IA6,diffdock,scored,0.9654986333459608,12.0,116,116,C,
3IA6,equibind,scored,0.11416708775716246,12.0,116,79,C,
3IBN,diffdock,scored,0.966523854207518,12.0,91,88,,
3IBN,equibind,scored,0.8366266780819314,12.0,91,90,,
3IBU,diffdock,scored,0.9650904691830913,12.0,87,86,,
3IBU,equibind,scored,0.886885447283673,12.0,87,87,,
3IF7,diffdock,scored,0.9680981104571874,12.0,94,95,,
3IF7,equibind,scored,0.7739719095805702,12.0,94,88,F,
3IEO,diffdock,scored,0.8808781237802115,12.0,75,74,,
3IEO,equibind,scored,0.6991605186844358,12.0,75,84,E,
3IE3,diffdock,scored,0.035897823279422994,12.0,72,69,D,
3IE3,equibind,scored,0.0,12.0,71,55,G,
3IG7,diffdock,scored,0.9057450771780887,12.0,83,87,,
3IG7,equibind,scored,0.893789473975999,12.0,83,86,,
3IGG,diffdock,scored,0.9502747884987534,12.0,80,80,,
3IGG,equibind,scored,0.8769048206158692,12.0,80,82,,
3IG6,diffdock,scored,0.9314820631860834,12.0,145,145,E,
3IG6,equibind,scored,0.3460223011428129,12.0,145,129,E,
3IGP,diffdock,scored,0.9676348541995061,12.0,94,95,C,
3IGP,equibind,scored,0.9248215199142403,12.0,94,97,C,
3IHZ,diffdock,scored,0.917148713014404,12.0,134,135,,
3IHZ,equibind,scored,0.8274258585045629,12.0,134,122,C,
3IIT,diffdock,scored,0.9696429701931913,12.0,98,101,,
3IIT,equibind,scored,0.8732219935859653,12.0,98,96,,
3IG1,diffdock,scored,1.0,12.0,54,54,,
3IG1,equibind,scored,0.7510688256081067,12.0,54,56,,
3IJG,diffdock,scored,0.0,12.0,52,55,,
3IJG,equibind,scored,0.13266458121440686,12.0,52,89,,
3IKD,diffdock,scored,0.9596563520748864,12.0,75,74,C,
3IKD,equibind,scored,0.02545959499114364,12.0,71,54,D,
3IL6,diffdock,scored,0.950458075376011,12.0,103,100,,
3IL6,equibind,scored,0.7805485660273308,12.0,103,88,,
3IJY,diffdock,scored,0.0,12.0,61,62,E:E,
3IJY,equibind,scored,0.0,12.0,61,67,E:E,
3I3B,equibind,scored,0.0,12.0,100,84,GC,
3IJH,diffdock,scored,0.0,12.0,66,64,E,
3IJH,equibind,scored,0.0,12.0,65,50,G,
3IKC,diffdock,scored,0.0,12.0,65,63,E:E,
3IKC,equibind,scored,0.0,12.0,65,62,E:E,
3I3D,equibind,scored,0.02431869399911817,12.0,102,56,UC,
3ILQ,diffdock,scored,0.8918715074962152,12.0,153,145,,
3ILQ,equibind,scored,0.8304907214096447,12.0,153,141,F,
3IMY,diffdock,scored,0.9679458313309695,12.0,125,123,,
3IOF,diffdock,scored,1.0,12.0,77,77,,
3IOF,equibind,scored,0.7854590061424,12.0,77,69,,
3IOG,diffdock,scored,0.8938446626324981,12.0,74,78,,
3IOG,equibind,scored,0.857766652630323,12.0,74,81,,
3IL5,diffdock,scored,0.8906175184528226,12.0,99,98,E,
3IL5,equibind,scored,0.0,12.0,97,101,H,
3IMC,diffdock,scored,0.9555658347754797,12.0,67,66,K,
3IMC,equibind,scored,0.07867672409519,12.0,70,86,C,
3IMG,diffdock,scored,0.9546549003243685,12.0,66,65,K,
3IMG,equibind,scored,0.0,12.0,71,79,D,
3IOI,diffdock,scored,0.9157701517507529,12.0,96,92,,
3IOI,equibind,scored,0.800186062079499,12.0,96,84,,
3IP5,diffdock,scored,0.8885317648317383,12.0,89,91,,
3IP5,equibind,scored,0.6912153438860229,12.0,89,95,,
3IP6,diffdock,scored,0.8612170198964564,12.0,93,96,,
3IP6,equibind,scored,0.739796120818137,12.0,93,101,,
3IP8,diffdock,scored,0.9897060713039583,12.0,98,97,,
3IP8,equibind,scored,0.9185033410081612,12.0,98,102,,
3IPH,diffdock,scored,0.9439221265704167,12.0,107,105,,
3IPH,equibind,scored,0.8017872440689604,12.0,107,102,,
3IP9,diffdock,scored,0.9483783407878882,12.0,96,95,,
3IP9,equibind,scored,0.7425811562854687,12.0,96,103,,
3IPA,diffdock,scored,0.899445195747672,12.0,88,93,,
3IPA,equibind,scored,0.7063086624766624,12.0,88,99,,
3IPX,diffdock,scored,0.9692410501119351,12.0,98,99,,
3IPX,equibind,scored,0.8523002617817713,12.0,98,92,,
3IQG,diffdock,scored,0.3737742060816639,12.0,115,71,P:B,
3IQG,equibind,scored,0.8359940070021945,12.0,115,120,P:B,
3IQI,diffdock,scored,0.33138987424322086,12.0,116,64,P:B,
3IQI,equibind,scored,0.67729671583541,12.0,116,96,P:B,
3IPS,diffdock,scored,0.9545809816483644,12.0,110,111,F,
3IPS,equibind,scored,0.19676976578152533,12.0,110,116,F,
3IQJ,diffdock,scored,0.6022427431278085,12.0,106,86,P:B,
3IQJ,equibind,scored,0.8005813846607692,12.0,106,116,P:B,
3IQU,diffdock,scored,0.7185413603489937,12.0,99,95,P:B,
3IQU,equibind,scored,0.7098318764539469,12.0,99,79,P:B,
3ITC,diffdock,scored,0.9767330872441377,12.0,86,86,,
3ITC,equibind,scored,0.8364498767037961,12.0,86,93,,
3IU7,diffdock,scored,0.9778373134234926,12.0,89,91,D,
3IU7,equibind,scored,0.8515879388186474,12.0,89,99,D,
3IU9,diffdock,scored,0.9710570485859626,12.0,102,105,,
3IU9,equibind,scored,0.7958296116999093,12.0,102,101,,
3IRX,diffdock,scored,0.9657293175934253,12.0,90,87,,
3IRX,equibind,scored,0.7811599095216087,12.0,90,94,C,
3IUT,diffdock,scored,0.9612553434361072,12.0,77,78,,
3IUT,equibind,scored,0.7930905521112144,12.0,77,73,B,
3IUC,diffdock,scored,0.0,12.0,109,108,C,
3IUC,equibind,scored,0.16406860619402955,12.0,109,99,C,
3IVH,diffdock,scored,0.973316328939619,12.0,114,113,,
3IVH,equibind,scored,0.7430359607097361,12.0,114,100,B,
3IVC,diffdock,scored,0.9360347913153353,12.0,108,111,C,
3IVC,equibind,scored,0.00309193595555331,12.0,103,130,K,
3IVG,diffdock,scored,0.9425917082595522,12.0,106,102,,
3IVG,equibind,scored,0.07548163186135079,12.0,106,103,P,
3IVX,diffdock,scored,0.0,12.0,114,105,C,
3IVX,equibind,scored,0.1981108600556495,12.0,61,125,D,
3ITU,diffdock,scored,1.0,12.0,94,94,G,
3ITU,equibind,scored,0.0,12.0,98,79,M,
3IW5,diffdock,scored,0.9672869063584513,12.0,91,94,,
3IW5,equibind,scored,0.8175171588971767,12.0,91,85,,
3IW7,diffdock,scored,0.9881539196685607,12.0,85,86,,
3IW7,equibind,scored,0.6898817025677181,12.0,85,86,,
3ITH,diffdock,scored,0.938993915595702,12.0,66,64,F,
3ITH,equibind,scored,0.09603350280965821,12.0,66,63,F,
3IW8,diffdock,scored,1.0,12.0,103,103,,
3IW8,equibind,scored,0.7779561144612143,12.0,103,97,,
3JDW,diffdock,scored,0.9558943418762073,12.0,91,89,B,
3JDW,equibind,scored,0.7192177333398923,12.0,91,94,B,
3IW4,diffdock,scored,0.8830334412689891,12.0,93,92,D,
3IW4,equibind,scored,0.0,12.0,95,95,F,
3IWW,diffdock,scored,0.937720369919016,12.0,146,141,,
3IWW,equibind,scored,0.7606380593027764,12.0,146,127,M,
3JRS,diffdock,scored,0.9700262273263084,12.0,102,99,E,
3JRS,equibind,scored,0.4068808428311771,12.0,90,81,D,
3JRX,diffdock,scored,0.9431499854098003,12.0,109,103,,
3JRX,equibind,scored,0.6864305439573831,12.0,109,104,,
3JQ7,diffdock,scored,0.9331059600600983,12.0,89,89,O,
3JQ7,equibind,scored,0.02281458638383442,12.0,80,113,M,
3JQ9,diffdock,scored,0.9598590942330697,12.0,101,101,F,
3JQ9,equibind,scored,0.0,12.0,100,102,H,
3JQA,diffdock,scored,0.0,12.0,77,75,F,
3JQA,equibind,scored,0.0,12.0,78,98,H,
3JQB,diffdock,scored,0.9888694405087752,12.0,90,91,F,
3JQB,equibind,scored,0.0,12.0,90,100,J,
3JQG,diffdock,scored,0.955184634674857,12.0,90,88,L,
3JQG,equibind,scored,0.024402833558867423,12.0,90,118,L,
3JYJ,diffdock,scored,0.0,12.0,73,73,C,
3JYJ,equibind,scored,0.14033222483648813,12.0,74,53,D,
3JY0,diffdock,scored,0.9550184420403799,12.0,89,89,,
3JY0,equibind,scored,0.8941509534810791,12.0,89,84,,
3JSW,diffdock,scored,0.0,12.0,98,102,H,
3JSW,equibind,scored,0.0697038397196026,12.0,98,93,H,
3JSI,diffdock,scored,0.0,12.0,102,106,H,
3JSI,equibind,scored,0.07021867925988402,12.0,104,88,E,
3JYR,diffdock,scored,0.9333290872136952,12.0,108,103,B:B,
3JYR,equibind,scored,0.780363171085574,12.0,108,95,B:B,
3JZC,diffdock,scored,0.9395589304287527,12.0,117,114,,
3JZB,diffdock,scored,0.9425007612673015,12.0,123,122,,
3ISS,equibind,scored,0.0,12.0,148,89,Z,
3JZJ,diffdock,scored,0.9436039265127364,12.0,129,124,B:B,
3JZJ,equibind,scored,0.7743648063249287,12.0,129,131,B:B,
3JZK,diffdock,scored,0.939720250839346,12.0,68,66,,
3JZK,equibind,scored,0.8771419881485902,12.0,68,68,,
3JZO,diffdock,scored,0.30013832910838184,12.0,57,47,P:B,
3JZO,equibind,scored,0.6464519884064335,12.0,57,80,P:B,
3JZP,diffdock,scored,0.3919966955509943,12.0,57,53,P:B,
3JZP,equibind,scored,0.6658492981596952,12.0,57,68,P:B,
3JUK,diffdock,scored,0.0,12.0,132,132,M,
3JUK,equibind,scored,0.02446891746161725,12.0,128,125,E,
3JWQ,diffdock,scored,0.047774656723217214,12.0,112,129,G,
3JWQ,equibind,scored,0.07950049392061545,12.0,124,95,J,
3JZS,diffdock,scored,0.31474308994694855,12.0,55,42,P:B,
3JZS,equibind,scored,0.650859467591711,12.0,55,60,P:B,
3JZR,diffdock,scored,0.2766188063329077,12.0,68,41,P:B,
3JZR,equibind,scored,0.6441998921996044,12.0,68,82,P:B,
3JZQ,diffdock,scored,0.0,12.0,58,27,Q:D,
3JZQ,equibind,scored,0.5870498874902299,12.0,58,77,Q:D,
3JZF,diffdock,scored,0.9731316271780026,12.0,114,111,,
3JZF,equibind,scored,0.8237993980963317,12.0,114,107,D,
3K00,diffdock,scored,0.8953963991886768,12.0,127,124,B:B,
3K00,equibind,scored,0.7919331122924297,12.0,127,128,B:B,
3K02,diffdock,scored,0.9349292085909581,12.0,127,123,B,
3K02,equibind,scored,0.742559818011633,12.0,127,143,B,
3K22,diffdock,scored,0.9771775134889453,12.0,131,134,E,
3K22,equibind,scored,0.15401087890409845,12.0,133,71,G,
3K37,diffdock,scored,0.9322803878546285,12.0,115,119,F,
3K37,equibind,scored,0.23290784126332356,12.0,115,80,F,
3K3G,diffdock,scored,0.5597295718770989,12.0,82,89,K,
3K3G,equibind,scored,0.2564882157274821,12.0,91,95,L,
3K23,diffdock,scored,0.0,12.0,142,132,I,
3K23,equibind,scored,0.43972680680882303,12.0,145,129,H,
3K3I,diffdock,scored,0.9088555951856021,12.0,110,104,,
3K3I,equibind,scored,0.8327517724342055,12.0,110,104,,
3K41,diffdock,scored,0.9468846220591767,12.0,56,57,F,
3K41,equibind,scored,0.8429158971314008,12.0,58,61,E,
3K3B,diffdock,scored,0.0,12.0,93,86,E,
3K3B,equibind,scored,0.017623172873340524,12.0,88,64,L,
3K54,diffdock,scored,0.9474346304717234,12.0,97,96,,
3K54,equibind,scored,0.8892446746974942,12.0,97,87,,
3K5K,diffdock,scored,0.9610904155529386,12.0,79,76,H,
3K5K,equibind,scored,0.005608790195706359,12.0,79,76,H,
3K5D,diffdock,scored,0.0,12.0,123,123,E,
3K5D,equibind,scored,0.0,12.0,123,84,F,
3K5F,diffdock,scored,0.9252518569533936,12.0,119,126,D,
3K5F,equibind,scored,0.0,12.0,117,125,F,
3K5G,diffdock,scored,0.0,12.0,120,120,E,
3K5G,equibind,scored,0.11966803029692952,12.0,123,91,D,
3K4D,diffdock,scored,0.9672573214237679,12.0,92,93,C,
3K4D,equibind,scored,0.66279830668736,12.0,92,100,C,
3K5U,diffdock,scored,0.9475237820883005,12.0,75,77,,
3K5U,equibind,scored,0.8628151650400846,12.0,75,71,,
3K5X,diffdock,scored,0.9789646795019642,12.0,95,97,,
3K5X,equibind,scored,0.8440390500202817,12.0,95,92,B,
3K5I,diffdock,scored,0.948264062176391,12.0,98,95,P,
3K5I,equibind,scored,0.0,12.0,88,114,S,
3K8C,diffdock,scored,0.02536642380992459,12.0,83,81,C,
3K8C,equibind,scored,0.2389224763399685,12.0,83,115,C,
3K7F,diffdock,scored,0.0,12.0,151,153,E,
3K7F,equibind,scored,0.0,12.0,151,156,E,
3K8D,diffdock,scored,0.0,12.0,95,95,F,
3K8D,equibind,scored,0.010988669085528877,12.0,96,72,O,
3K83,diffdock,scored,0.96719807926962,12.0,151,154,C,
3K83,equibind,scored,0.0,12.0,151,142,E,
3K84,diffdock,scored,0.0,12.0,167,165,D,
3K84,equibind,scored,0.5298310904587087,12.0,166,138,C,
3K99,diffdock,scored,0.9548968784975796,12.0,89,87,H,
3K99,equibind,scored,0.0442470812514148,12.0,85,94,F,
3KAC,diffdock,scored,0.9582411057363927,12.0,73,70,C,
3KAC,equibind,scored,0.1643673285572768,12.0,71,61,D,
3KAG,diffdock,scored,0.9855366746811872,12.0,69,70,,
3KAG,equibind,scored,0.8128307710186513,12.0,69,72,,
3KAD,diffdock,scored,0.9572603866053754,12.0,70,71,,
3KAD,equibind,scored,0.9103639963143009,12.0,70,68,,
3KB3,diffdock,scored,0.9510932139231031,12.0,104,101,,
3KB3,equibind,scored,0.8360193425974854,12.0,104,105,,
3KB7,diffdock,scored,0.9288647963224625,12.0,85,83,,
3KB7,equibind,scored,0.7911875927565382,12.0,85,92,,
3K8O,diffdock,scored,0.0,12.0,107,109,U,
3K8O,equibind,scored,0.0,12.0,108,79,BA,
3KD7,diffdock,scored,0.06776415260328623,12.0,103,123,J:I,
3KD7,equibind,scored,0.38963788644526987,12.0,106,92,K:J,
3KDC,diffdock,scored,0.981197701351347,12.0,108,108,,
3KDC,equibind,scored,0.893416999278387,12.0,108,105,C,
3K3A,equibind,scored,0.0,12.0,106,127,FB,
3K39,equibind,scored,0.0,12.0,111,90,MB,
3KDT,diffdock,scored,0.0,12.0,124,126,C,
3KDT,equibind,scored,0.10007728432959954,12.0,124,85,C,
3KEC,diffdock,scored,0.9294046383967747,12.0,85,83,J,
3KEC,equibind,scored,0.058100851215922414,12.0,83,96,Q,
3KBZ,diffdock,scored,0.945702859117761,12.0,73,73,E,
3KBZ,equibind,scored,0.0,12.0,73,119,G,
3KDM,diffdock,scored,0.0,12.0,80,71,F,
3KDM,equibind,scored,0.0,12.0,80,57,F,
3KEJ,diffdock,scored,0.9362048078607234,12.0,81,76,N,
3KEJ,equibind,scored,0.1957300282515914,12.0,80,77,H,
3KEK,diffdock,scored,0.0,12.0,84,82,N,
3KEK,equibind,scored,0.12394518962104704,12.0,84,82,N,
3KF7,diffdock,scored,0.96729339542102,12.0,92,95,,
3KF7,equibind,scored,0.7775950691859622,12.0,92,91,,
3KGA,diffdock,scored,0.9242696781715126,12.0,92,91,,
3KGA,equibind,scored,0.7743233044231318,12.0,92,91,,
3KED,diffdock,scored,0.8703757043785182,12.0,91,91,,
3KED,equibind,scored,0.7743785955465781,12.0,91,88,,
3KGQ,diffdock,scored,0.9891672572453518,12.0,92,93,,
3KGQ,equibind,scored,0.9226921685217851,12.0,92,95,,
3KIV,diffdock,scored,0.97839719813649,12.0,47,46,,
3KIV,equibind,scored,0.6368052457576565,12.0,47,35,B,
3KHV,diffdock,scored,0.9755833813825969,12.0,81,83,,
3KHV,equibind,scored,0.9483178193209688,12.0,81,77,B,
3KIG,diffdock,scored,0.9657795140386555,12.0,88,87,,
3KIG,equibind,scored,0.8941433785830883,12.0,88,85,,
3KFC,diffdock,scored,1.0,12.0,120,120,E,
3KFC,equibind,scored,0.12584462978778305,12.0,118,64,G,
3KJF,diffdock,scored,0.945178388302319,12.0,90,93,,
3KJF,equibind,scored,0.7902840572660865,12.0,90,82,C,
3KJN,diffdock,scored,0.9094898044252963,12.0,93,89,,
3KJN,equibind,scored,0.7922299862176725,12.0,93,79,,
3KJQ,diffdock,scored,0.9657269609611482,12.0,88,89,,
3KJQ,equibind,scored,0.8424115342785192,12.0,88,75,,
3KJD,diffdock,scored,0.0,12.0,98,99,C,
3KJD,equibind,scored,0.08423632972699341,12.0,98,79,C,
3KKU,diffdock,scored,0.8324227724325484,12.0,72,81,,
3KKU,equibind,scored,0.8829892949322007,12.0,72,68,B,
3KL6,diffdock,scored,0.9897062657796354,12.0,98,99,,
3KL6,equibind,scored,0.8414313007885006,12.0,98,93,,
3KMC,diffdock,scored,0.0,12.0,94,91,,
3KMC,equibind,scored,0.3154557010609607,12.0,94,58,,
3KC3,equibind,scored,0.0,12.0,88,1,V,
3KME,diffdock,scored,0.9683271402424031,12.0,95,96,,
3KME,equibind,scored,0.07970428712151123,12.0,95,55,,
3KQB,diffdock,scored,0.9796897039471922,12.0,99,101,C,
3KQB,equibind,scored,0.9379251846726937,12.0,99,101,,
3KQC,diffdock,scored,0.9596558735377952,12.0,99,101,,
3KQC,equibind,scored,0.9171894229718603,12.0,99,99,,
3KPU,diffdock,scored,0.9889199919581625,12.0,90,91,D,
3KPU,equibind,scored,0.06022187655146851,12.0,90,69,D,
3KMY,diffdock,scored,0.8892913675348834,12.0,87,93,C,
3KMY,equibind,scored,0.05536442093379838,12.0,90,57,D,
3KPW,diffdock,scored,0.0,12.0,91,91,D,
3KPW,equibind,scored,0.03278335857129904,12.0,91,71,D,
3KPV,diffdock,scored,0.9774723495802051,12.0,89,89,D,
3KPV,equibind,scored,0.06343685129562497,12.0,89,67,D,
3KQD,diffdock,scored,0.9695242089479857,12.0,99,100,,
3KQD,equibind,scored,0.9272386592715037,12.0,99,100,,
3KQE,diffdock,scored,0.9101315947632259,12.0,99,100,,
3KQE,equibind,scored,0.9180792016963587,12.0,99,101,,
3KHJ,diffdock,scored,0.0,12.0,108,107,K,
3KHJ,equibind,scored,0.0,12.0,111,80,T,
3KQA,diffdock,scored,0.0,12.0,39,38,E,
3KQA,equibind,scored,0.0,12.0,39,48,E,
3KQM,diffdock,scored,0.9774174168438141,12.0,87,89,D,
3KQM,equibind,scored,0.03743872434043513,12.0,87,60,D,
3KQP,diffdock,scored,0.9893092516840402,12.0,93,94,D,
3KQP,equibind,scored,0.034525388687275324,12.0,93,63,D,
3KQY,diffdock,scored,0.9779872353375841,12.0,90,92,D,
3KQY,equibind,scored,0.05697562362944513,12.0,92,68,F,
3KR0,diffdock,scored,0.9666979416968515,12.0,92,91,D,
3KR0,equibind,scored,0.07396324501686416,12.0,96,69,F,
3KR1,diffdock,scored,0.9463350532292644,12.0,95,92,F,
3KR1,equibind,scored,0.09880472918489662,12.0,92,72,D,
3KR2,diffdock,scored,0.0,12.0,90,91,F,
3KR2,equibind,scored,0.0902680157676854,12.0,90,71,D,
3KR8,diffdock,scored,0.0,12.0,85,94,I,
3KR8,equibind,scored,0.05599569442376754,12.0,85,101,I,
3KRL,diffdock,scored,0.9761936199106437,12.0,86,84,B,
3KRL,equibind,scored,0.8575303481205634,12.0,86,95,B,
3KW9,diffdock,scored,0.9857726247427717,12.0,72,71,,
3KW9,equibind,scored,0.8832571288098132,12.0,72,66,,
3KWA,diffdock,scored,0.8071721657718901,12.0,93,82,,
3KWA,equibind,scored,0.7418201327576379,12.0,93,91,,
3KV2,diffdock,scored,0.9521156602985681,12.0,82,86,H,
3KV2,equibind,scored,0.24723691303951562,12.0,82,86,H,
3KSQ,diffdock,scored,0.8868223927694406,12.0,121,125,,
3KSQ,equibind,scored,0.6220057156386791,12.0,121,138,F,
3KSL,diffdock,scored,0.9429797141448998,12.0,139,141,,
3KSL,equibind,scored,0.7388253639559369,12.0,139,132,E,
3KWZ,diffdock,scored,0.8904815615372432,12.0,78,85,,
3KWZ,equibind,scored,0.7268300885424589,12.0,78,82,,
3KWB,diffdock,scored,0.9219994473052632,12.0,90,87,C,
3KWB,equibind,scored,0.1298238663927024,12.0,85,91,D,
3KYQ,diffdock,scored,0.9873987598934416,12.0,81,80,,
3KYQ,equibind,scored,0.6530422620584211,12.0,81,67,,
3KX1,diffdock,scored,0.8516050741974446,12.0,71,76,,
3KX1,equibind,scored,0.7986074525161561,12.0,71,69,,
3KRW,diffdock,scored,0.9538307289263969,12.0,109,108,,
3KRW,equibind,scored,0.6826229639236993,12.0,109,124,,
3KQR,diffdock,scored,0.0,12.0,53,53,R,
3KQR,equibind,scored,0.0,12.0,53,17,R,
3L0E,diffdock,scored,0.9672398400617883,12.0,124,124,,
3L0E,equibind,scored,0.8110608730610454,12.0,124,120,,
3L1N,diffdock,scored,0.9854093793741218,12.0,72,71,,
3L1N,equibind,scored,0.041758300583205094,12.0,72,37,,
3L0N,diffdock,scored,0.9153189613992312,12.0,116,116,C,
3L0N,equibind,scored,0.613386289287648,12.0,116,124,C,
3L0K,diffdock,scored,0.941477302462411,12.0,121,118,E,
3L0K,equibind,scored,0.04341696425431591,12.0,121,117,E,
3KWJ,diffdock,scored,0.8492264215046783,12.0,116,103,H,
3KWJ,equibind,scored,0.09720262765859662,12.0,114,129,E,
3KWF,diffdock,scored,0.0,12.0,112,111,H,
3KWF,equibind,scored,0.054218678320172034,12.0,112,124,H,
3L17,diffdock,scored,0.930371636324408,12.0,101,100,,
3L17,equibind,scored,0.9274511755895926,12.0,101,98,,
3L13,diffdock,scored,0.9610335591146857,12.0,102,104,,
3L13,equibind,scored,0.8491037990734194,12.0,102,99,,
3L38,diffdock,scored,0.9386712188766264,12.0,116,113,,
3L38,equibind,scored,0.7221126369412908,12.0,116,110,,
3L1S,diffdock,scored,0.9553125111025594,12.0,90,88,E,
3L1S,equibind,scored,0.07945483772376433,12.0,90,77,E,
3L3A,diffdock,scored,0.9505874007440851,12.0,123,121,,
3L3A,equibind,scored,0.8438195848446474,12.0,123,118,,
3L3L,diffdock,scored,0.9788489841481534,12.0,94,96,,
3L3L,equibind,scored,0.8468935402985367,12.0,94,88,,
3L3M,diffdock,scored,0.9437801132629487,12.0,108,106,,
3L3M,equibind,scored,0.943520216152094,12.0,108,106,,
3L4W,diffdock,scored,0.9107862484336531,12.0,88,88,D,
3L4W,equibind,scored,0.8337189138862059,12.0,88,91,D,
3L5R,diffdock,scored,0.038933159995079354,12.0,75,76,,
3L5R,equibind,scored,0.6209321371658778,12.0,75,94,,
3L6F,diffdock,scored,0.10095747940570277,12.0,140,46,C:C,
3L6F,equibind,scored,0.6347959672807372,12.0,140,111,C:C,
3L4Z,diffdock,scored,0.9447804311920316,12.0,91,92,,
3L4Z,equibind,scored,0.9241561805849546,12.0,91,96,,
3L4U,diffdock,scored,0.9227210857381308,12.0,95,90,,
3L4U,equibind,scored,0.7801734292271386,12.0,95,94,C,
3L6H,diffdock,scored,0.9652490542623514,12.0,86,85,,
3L6H,equibind,scored,0.8481123114318778,12.0,86,87,,
3L58,diffdock,scored,0.9658880818486838,12.0,118,118,D,
3L58,equibind,scored,0.1182270763191785,12.0,117,82,C,
3L8X,diffdock,scored,0.957128222430691,12.0,95,93,,
3L8X,equibind,scored,0.9023454745815205,12.0,95,90,,
3L7A,diffdock,scored,0.9477810460037062,12.0,135,132,,
3L7A,equibind,scored,0.7225824864959242,12.0,135,129,,
3L79,diffdock,scored,0.9241175806776211,12.0,119,116,,
3L79,equibind,scored,0.4744109036030186,12.0,119,117,,
3L7B,diffdock,scored,0.9412212992772365,12.0,118,117,,
3L7B,equibind,scored,0.27549016013165234,12.0,118,112,,
3L7C,diffdock,scored,0.9417210916449652,12.0,119,120,,
3L7C,equibind,scored,0.2781298466337363,12.0,119,113,,
3L7D,diffdock,scored,0.891878123153594,12.0,130,130,,
3L7D,equibind,scored,0.6366869597322814,12.0,130,125,,
3LBZ,diffdock,scored,0.03502670226943037,12.0,53,57,D,
3LBZ,equibind,scored,0.08120469722417202,12.0,53,65,E,
3L9N,diffdock,scored,0.8522792268819794,12.0,106,108,,
3L9N,equibind,scored,0.8668485153173493,12.0,106,104,C,
3LBL,diffdock,scored,0.06530863464557049,12.0,81,68,D,
3LBL,equibind,scored,0.09171080030973928,12.0,81,70,,
3L7G,diffdock,scored,0.0,12.0,77,78,I,
3L7G,equibind,scored,0.0,12.0,77,59,I,
3L9L,diffdock,scored,0.0,12.0,109,110,F,
3L9L,equibind,scored,0.0,12.0,109,0,F,
3L9M,diffdock,scored,0.0,12.0,107,109,F,
3L9M,equibind,scored,0.0,12.0,107,0,F,
3LCO,diffdock,scored,0.9414564400806829,12.0,121,122,,
3LCO,equibind,scored,0.7494600179836299,12.0,121,120,B,
3LFN,diffdock,scored,0.94738823782006,12.0,96,95,,
3LFN,equibind,scored,0.861628572187303,12.0,96,87,,
3LF0,diffdock,scored,0.9558776810311397,12.0,90,92,D,
3LF0,equibind,scored,0.37994724046234435,12.0,90,131,D,
3LFS,diffdock,scored,0.9546582080654114,12.0,88,88,,
3LFS,equibind,scored,0.9528844123426911,12.0,88,84,,
3LDQ,diffdock,scored,0.8689448517585765,12.0,86,90,,
3LDQ,equibind,scored,0.8399208870906522,12.0,86,84,,
3L2Y,equibind,scored,0.0,12.0,54,72,EB,
3LGP,diffdock,scored,0.0,12.0,98,105,D,
3LGP,equibind,scored,0.18801339949042772,12.0,98,68,D,
3LE8,diffdock,scored,0.0,12.0,113,100,C,
3LE8,equibind,scored,0.02981741535520618,12.0,104,129,K,
3LIR,diffdock,scored,0.9871957547958894,12.0,79,80,,
3LIR,equibind,scored,0.921897386684475,12.0,79,79,,
3LHJ,diffdock,scored,0.9704531764740347,12.0,102,101,,
3LHJ,equibind,scored,0.7819632856483429,12.0,102,103,,
3LJT,diffdock,scored,0.9293695106048266,12.0,85,85,,
3LJT,equibind,scored,0.9146958151736748,12.0,85,82,B,
3LK1,diffdock,scored,1.0,12.0,46,46,,
3LK1,equibind,scored,0.33897169099229035,12.0,46,60,,
3LI2,diffdock,scored,0.0,12.0,90,88,K,
3LI2,equibind,scored,0.08558688718762321,12.0,90,97,K,
3LDW,diffdock,scored,0.0,12.0,106,102,L,
3LDW,equibind,scored,0.005549658345757683,12.0,106,51,L,
3LGS,diffdock,scored,0.0,12.0,109,107,N,
3LGS,equibind,scored,0.22866944132468095,12.0,108,86,I,
3LK0,diffdock,scored,0.9682451171737986,12.0,31,32,I,
3LK0,equibind,scored,0.0,12.0,20,46,N,
3LJZ,diffdock,scored,0.9522791974954768,12.0,86,84,AA,
3LJZ,equibind,scored,0.5265173590050795,12.0,113,106,S,
3LLE,diffdock,scored,0.9758692607698093,12.0,42,43,E,
3LLE,equibind,scored,0.79620466571347,12.0,42,36,E,
3LJ7,diffdock,scored,0.9526802421864162,12.0,105,104,C,
3LJ7,equibind,scored,0.1755608996392618,12.0,105,88,C,
3LLM,diffdock,scored,0.9254960672307395,12.0,68,73,E,
3LLM,equibind,scored,0.0894356938044918,12.0,68,81,G,
3LMP,diffdock,scored,0.9539102010148348,12.0,110,109,,
3LMP,equibind,scored,0.6826106033619083,12.0,110,120,,
3LOX,diffdock,scored,0.9382253382657468,12.0,79,82,F,
3LOX,equibind,scored,0.36776563626250186,12.0,79,114,F,
3LOK,diffdock,scored,0.9276065855082104,12.0,98,93,C,
3LOK,equibind,scored,0.10924691894048222,12.0,98,104,C,
3LL8,diffdock,scored,0.0,12.0,80,72,E:A,
3LL8,equibind,scored,0.01915886764694408,12.0,80,157,E:A,
3LMK,diffdock,scored,0.46936606893147015,12.0,103,93,I,
3LMK,equibind,scored,0.21488679026539226,12.0,103,88,I,
3LOO,diffdock,scored,0.0,12.0,149,149,J,
3LOO,equibind,scored,0.08198062450026616,12.0,161,125,G,
3LP7,diffdock,scored,0.9107096911332776,12.0,85,91,E,
3LP7,equibind,scored,0.2626775247175606,12.0,84,87,H,
3LP4,diffdock,scored,0.0,12.0,81,46,E,
3LP4,equibind,scored,0.1349303973586703,12.0,81,76,H,
3LPR,diffdock,scored,0.9152838997966989,12.0,88,83,P:B,
3LPR,equibind,scored,0.8435207761764468,12.0,88,83,P:B,
3LP0,diffdock,scored,0.0,12.0,57,78,,
3LP0,equibind,scored,0.8834508692816763,12.0,57,62,,
3LS4,diffdock,scored,0.3037318955618841,12.0,86,49,,
3LS4,equibind,scored,0.6619752248433092,12.0,86,82,,
3LPL,diffdock,scored,0.0,12.0,98,100,G,
3LPL,equibind,scored,0.5076037262255035,12.0,99,105,D,
3LQ5,diffdock,scored,0.8891930576849763,12.0,82,81,,
3LQ5,equibind,scored,0.7857330275626736,12.0,82,93,,
3LPF,diffdock,scored,0.917542606101444,12.0,96,94,C,
3LPF,equibind,scored,0.0,12.0,98,107,D,
3LPG,diffdock,scored,0.943121835487824,12.0,89,86,C,
3LPG,equibind,scored,0.7620256025641702,12.0,89,107,C,
3LVW,diffdock,scored,0.9828452252131469,12.0,118,118,,
3LVW,equibind,scored,0.6493513056679209,12.0,118,109,,
3LRH,diffdock,scored,0.005908148296945597,12.0,90,60,D:D,
3LRH,equibind,scored,0.011725994017871156,12.0,90,150,D:D,
3LXG,diffdock,scored,0.9483249415052367,12.0,95,96,,
3LXG,equibind,scored,0.8402104665946555,12.0,95,88,,
3LXO,diffdock,scored,0.926241522426081,12.0,68,67,,
3LXO,equibind,scored,0.76432491757894,12.0,68,62,,
3LVP,diffdock,scored,0.0,12.0,76,84,J,
3LVP,equibind,scored,0.0,12.0,74,97,K,
3LXE,diffdock,scored,0.9702613923703066,12.0,101,102,F,
3LXE,equibind,scored,0.06977275669197108,12.0,101,100,F,
3LXK,diffdock,scored,0.9284881406151486,12.0,85,81,,
3LXK,equibind,scored,0.8928909213805225,12.0,85,84,,
3LZZ,diffdock,scored,0.5979953996291448,12.0,65,85,E,
3LZZ,equibind,scored,0.355077005054526,12.0,68,117,C,
3M11,diffdock,scored,0.9800210973253294,12.0,101,101,,
3M11,equibind,scored,0.7375322152771315,12.0,101,91,B,
3M6Q,diffdock,scored,0.9544046158657253,12.0,87,89,,
3M6Q,equibind,scored,0.7336026007141924,12.0,87,75,B,
3M6P,diffdock,scored,0.9556514800567323,12.0,90,90,C,
3M6P,equibind,scored,0.16620889236372227,12.0,90,75,C,
3M89,diffdock,scored,0.8523021165114685,12.0,96,105,,
3M89,equibind,scored,0.7609864471567064,12.0,96,93,,
3LW0,diffdock,scored,0.0,12.0,110,112,G,
3LW0,equibind,scored,0.0,12.0,107,86,N,
3M96,diffdock,scored,0.9897386208804966,12.0,100,99,,
3M96,equibind,scored,0.8890304240867111,12.0,100,103,,
3M6R,diffdock,scored,0.0,12.0,87,86,E,
3M6R,equibind,scored,0.09345497707449069,12.0,93,62,K,
3MA3,diffdock,scored,0.9411667757886644,12.0,83,88,,
3MA3,equibind,scored,0.8179096905842552,12.0,83,95,,
3MAM,diffdock,scored,0.9705025998019877,12.0,68,68,,
3MAM,equibind,scored,0.7177034174676604,12.0,68,66,,
3MB6,diffdock,scored,0.8909725420267748,12.0,78,83,,
3MB6,equibind,scored,0.8096853229283674,12.0,78,81,,
3MB7,diffdock,scored,0.9253103530346265,12.0,76,82,,
3MB7,equibind,scored,0.7263035085686029,12.0,76,89,,
3M8Q,diffdock,scored,0.9193971101906543,12.0,88,85,,
3M8Q,equibind,scored,0.8938187863689032,12.0,88,87,,
3MBZ,diffdock,scored,0.891785050253481,12.0,87,82,,
3MBP,diffdock,scored,0.9422494530179436,12.0,107,101,B:B,
3MBP,equibind,scored,0.872831660794434,12.0,107,102,B:B,
3M8U,diffdock,scored,0.9134085548575822,12.0,154,149,B,
3M8U,equibind,scored,0.7773399216692926,12.0,154,146,B,
3MCT,diffdock,scored,0.9810845275233266,12.0,53,52,,
3MCT,equibind,scored,0.9420434578107834,12.0,53,54,,
3MHC,diffdock,scored,0.9035469287873203,12.0,96,93,,
3MHC,equibind,scored,0.7668889188827878,12.0,96,86,,
3MFV,diffdock,scored,0.0,12.0,88,85,E,
3MFV,equibind,scored,0.33453761567975665,12.0,88,89,E,
3MHW,diffdock,scored,0.962819356291048,12.0,79,82,,
3MHW,equibind,scored,0.8989548309513272,12.0,79,79,,
3MFW,diffdock,scored,0.9745937219222622,12.0,78,80,H,
3MFW,equibind,scored,0.6582554291722889,12.0,82,89,D,
3MJ1,diffdock,scored,0.9584078759267456,12.0,72,71,,
3MJ1,equibind,scored,0.942794920592404,12.0,72,70,,
3MI2,diffdock,scored,0.03269915754429031,12.0,118,116,D,
3MI2,equibind,scored,0.3054764062305854,12.0,118,127,D,
3MJ5,diffdock,scored,0.9703843827349408,12.0,103,102,C,
3MJ5,equibind,scored,0.5536584744824331,12.0,103,108,C,
3MI3,diffdock,scored,0.04968346385437229,12.0,104,92,F,
3MI3,equibind,scored,0.0,12.0,104,113,F,
3MKF,diffdock,scored,0.9617136596871053,12.0,79,78,,
3MJL,diffdock,scored,0.0,12.0,73,73,E,
3MJL,equibind,scored,0.3671723982964317,12.0,66,76,H,
3ML5,diffdock,scored,0.9885788899976512,12.0,88,89,,
3ML5,equibind,scored,0.9303937721186696,12.0,88,88,,
3ML2,diffdock,scored,0.9891037257069456,12.0,92,93,C,
3ML2,equibind,scored,0.904804603397954,12.0,92,97,C,
3MLB,diffdock,scored,0.9545483516304796,12.0,176,174,,
3MLB,equibind,scored,0.5945654363810066,12.0,176,159,E,
3MKN,diffdock,scored,0.0,12.0,87,103,J,
3MKN,equibind,scored,0.0,12.0,87,85,J,
3MMF,diffdock,scored,0.8543967550828314,12.0,95,95,C,
3MMF,equibind,scored,0.8157355799757642,12.0,95,97,C,
3MNA,diffdock,scored,0.8831533439887574,12.0,94,91,C,
3MNA,equibind,scored,0.8939183419072871,12.0,94,96,C,
3MKS,diffdock,scored,1.0,12.0,57,57,,
3MKS,equibind,scored,0.07445402174801949,12.0,57,6,,
3MLE,diffdock,scored,0.00995558388761084,12.0,91,89,W,
3MLE,equibind,scored,0.0,12.0,94,38,EA,
3MPT,diffdock,scored,0.9464827043841946,12.0,94,91,,
3MPT,equibind,scored,0.6841206849419302,12.0,94,79,,
3MG0,equibind,scored,0.007547779437847459,12.0,108,4,CA,
3MOE,diffdock,scored,0.9075283438504826,12.0,95,94,,
3MOE,equibind,scored,0.833870831791895,12.0,95,93,,
3MOH,diffdock,scored,0.0,12.0,90,90,F,
3MOH,equibind,scored,0.07451264910407117,12.0,91,58,M,
3MOF,diffdock,scored,0.9888094393622557,12.0,90,89,F,
3MOF,equibind,scored,0.036562774702895304,12.0,81,53,Q,
3MQF,diffdock,scored,0.9138934082144416,12.0,139,135,B,
3MQF,equibind,scored,0.2416577287150931,12.0,139,115,B,
3MRT,diffdock,scored,0.8930282563574871,12.0,132,132,C,
3MRT,equibind,scored,0.2977166930302639,12.0,74,111,B,
3MRV,diffdock,scored,0.9048739570280739,12.0,135,134,C,
3MRV,equibind,scored,0.7518151020214758,12.0,135,135,C,
3MS7,diffdock,scored,0.8967763036657597,12.0,135,133,C,
3MS7,equibind,scored,0.2659315816963168,12.0,135,125,C,
3MS9,diffdock,scored,0.0,12.0,65,64,D,
3MS9,equibind,scored,0.13956807376986916,12.0,65,64,D,
3MG8,equibind,scored,0.0,12.0,123,2,OA,
3MG4,equibind,scored,0.0,12.0,113,3,OA,
3MUF,diffdock,scored,0.9558852381758727,12.0,90,92,,
3MUF,equibind,scored,0.9416418985560118,12.0,90,89,C,
3MT7,diffdock,scored,0.9354441010724642,12.0,140,137,C,
3MT7,equibind,scored,0.3974905644206183,12.0,76,110,B,
3MT8,diffdock,scored,0.9927609070605214,12.0,139,140,C,
3MT8,equibind,scored,0.3134979079278566,12.0,77,113,B,
3MTA,diffdock,scored,0.9266520332312168,12.0,137,133,C,
3MTA,equibind,scored,0.17444414672609268,12.0,137,127,C,
3MTB,diffdock,scored,0.9411186300407762,12.0,136,136,C,
3MTB,equibind,scored,0.646573822569473,12.0,136,141,C,
3MSJ,diffdock,scored,0.9542786882570806,12.0,89,87,D,
3MSJ,equibind,scored,0.0,12.0,89,99,D,
3MTD,diffdock,scored,0.9625266827335032,12.0,134,135,B,
3MTD,equibind,scored,0.7510763572508923,12.0,134,125,B,
3MXC,diffdock,scored,0.5173986060991596,12.0,66,37,L:B,
3MXC,equibind,scored,0.8229258144206052,12.0,66,74,L:B,
3MV5,diffdock,scored,0.9130377403371732,12.0,92,90,,
3MV5,equibind,scored,0.9436615219554148,12.0,92,89,,
3MVL,diffdock,scored,0.9719867967824125,12.0,106,109,C,
3MVL,equibind,scored,0.014631651739565137,12.0,108,129,D,
3MVM,diffdock,scored,0.0,12.0,106,106,C,
3MVM,equibind,scored,0.032926082782624586,12.0,105,122,D,
3MXR,diffdock,scored,0.9386531063829014,12.0,80,83,,
3MXD,diffdock,scored,0.9514205155597071,12.0,105,102,C,
3MXD,equibind,scored,0.9310912341903123,12.0,105,108,,
3MXF,diffdock,scored,1.0,12.0,61,61,,
3MXF,equibind,scored,0.8664610635605996,12.0,61,61,,
3MWW,diffdock,scored,0.0,12.0,70,131,,
3MWW,equibind,scored,0.0,12.0,70,131,,
3MXS,diffdock,scored,0.9629285306905901,12.0,82,81,,
3N0H,diffdock,scored,0.958436711273966,12.0,94,98,B,
3N0H,equibind,scored,0.8356635495002293,12.0,94,97,B,
3MYQ,diffdock,scored,0.9897435161101753,12.0,100,99,,
3MYQ,equibind,scored,0.8364508014150861,12.0,100,109,,
3MZ6,diffdock,scored,0.961392034219628,12.0,77,80,,
3MZ6,equibind,scored,0.8126096041805723,12.0,77,84,,
3MZC,diffdock,scored,0.9556911597165926,12.0,90,90,C,
3MZC,equibind,scored,0.9000927354249614,12.0,90,91,C,
3N1V,diffdock,scored,0.9533547675207495,12.0,83,87,B,
3N1V,equibind,scored,0.8213064719572278,12.0,83,82,B,
3N1W,diffdock,scored,0.9492182917837264,12.0,79,77,,
3N1W,equibind,scored,0.6880936864392346,12.0,79,80,,
3N0N,diffdock,scored,0.9890844882304868,12.0,93,92,C,
3N0N,equibind,scored,0.8858862715521116,12.0,93,100,C,
3N35,diffdock,scored,1.0,12.0,59,59,,
3N35,equibind,scored,0.9326552321107442,12.0,59,61,,
3N3L,diffdock,scored,0.901675659917445,12.0,82,78,B,
3N3L,equibind,scored,0.8286679142953916,12.0,82,80,B,
3N3G,diffdock,scored,0.09699778229873675,12.0,51,123,,
3N3G,equibind,scored,0.0785203205706762,12.0,51,109,,
3N45,diffdock,scored,0.9017524246660669,12.0,92,91,,
3N45,equibind,scored,0.494521795604065,12.0,92,108,,
3N1C,diffdock,scored,0.0031601545505298067,12.0,99,100,E,
3N1C,equibind,scored,0.0,12.0,101,93,G,
3N46,diffdock,scored,0.9660820645202842,12.0,88,89,,
3N46,equibind,scored,0.5943620785999183,12.0,88,103,,
3N49,diffdock,scored,0.9474487782876582,12.0,76,74,,
3N49,equibind,scored,0.7805660910981596,12.0,76,82,,
3N4C,diffdock,scored,0.40570694727282747,12.0,126,122,,
3N4C,equibind,scored,0.5701642044476118,12.0,126,126,,
3N76,diffdock,scored,0.9591758458544458,12.0,73,74,,
3N76,equibind,scored,0.8800074586556655,12.0,73,80,,
3MUZ,equibind,scored,0.0,12.0,101,99,VA,
3MV0,equibind,scored,0.04660794169267923,12.0,100,85,NA,
3N4L,diffdock,scored,0.964078906124589,12.0,111,113,D,
3N4L,equibind,scored,0.009111388038275367,12.0,113,104,E,
3N23,diffdock,scored,0.0,12.0,116,114,I,
3N23,equibind,scored,0.0,12.0,116,104,I,
3N7H,diffdock,scored,0.9880939596020244,12.0,85,84,F,
3N7H,equibind,scored,0.372172235347443,12.0,84,74,P,
3N7S,diffdock,scored,0.9310057832018285,12.0,120,120,,
3N7S,equibind,scored,0.18020495692400892,12.0,120,99,,
3NAL,diffdock,scored,0.9665784024957976,12.0,121,121,D,
3NAL,equibind,scored,0.6014057230077078,12.0,121,116,D,
3N9S,diffdock,scored,0.9906233691091787,12.0,108,107,C,
3N9S,equibind,scored,0.7222977088405078,12.0,108,102,C,
3NAM,diffdock,scored,0.9469381904567836,12.0,97,94,,
3NAM,equibind,scored,0.6585103252308807,12.0,97,93,D,
3N5K,diffdock,scored,0.8145787645783906,12.0,109,101,C,
3N5K,equibind,scored,0.0,12.0,109,54,I,
3NB5,diffdock,scored,0.9030902847350699,12.0,93,90,,
3NB5,equibind,scored,0.8434422653169322,12.0,93,96,,
3NBA,diffdock,scored,0.0,12.0,98,94,H,
3NBA,equibind,scored,0.0,12.0,100,110,G,
3NAN,diffdock,scored,0.8834838974549456,12.0,153,151,,
3NAN,equibind,scored,0.6002792171864684,12.0,153,130,D,
3NC9,diffdock,scored,0.0,12.0,85,95,D,
3NC9,equibind,scored,0.7819488434662045,12.0,97,94,C,
3N7A,equibind,scored,0.06512466824030996,12.0,89,54,NA,
3NCQ,diffdock,scored,0.9687494912887205,12.0,97,96,K,
3NCQ,equibind,scored,0.2364791960557979,12.0,97,126,D,
3N8N,equibind,scored,0.0,12.0,96,89,AA,
3NEO,diffdock,scored,0.9024636342840965,12.0,63,59,D,
3NEO,equibind,scored,0.26098642699096125,12.0,63,81,D,
3NCR,diffdock,scored,0.035313077318323484,12.0,95,94,D,
3NCR,equibind,scored,0.2553981677895907,12.0,96,114,M,
3N2C,equibind,scored,0.0,12.0,110,64,ZA,
3NEX,diffdock,scored,0.9480739144222198,12.0,57,60,F,
3NEX,equibind,scored,0.38608958038482316,12.0,61,97,D,
3NF6,diffdock,scored,0.014625402944339953,12.0,61,62,Q,
3NF6,equibind,scored,0.1947867375477717,12.0,79,122,R,
3NF7,diffdock,scored,0.012282041639921151,12.0,81,63,W,
3NF7,equibind,scored,0.19394376104615874,12.0,81,120,W,
3NF9,diffdock,scored,0.006924188083909062,12.0,75,61,S,
3NF9,equibind,scored,0.1390182034978043,12.0,74,121,H,
3NFK,diffdock,scored,0.42786899305624165,12.0,98,51,C:C,
3NFK,equibind,scored,0.3049167099590262,12.0,98,113,C:C,
3NFL,diffdock,scored,0.0,12.0,72,44,E:E,
3NFL,equibind,scored,0.12174691852421114,12.0,71,37,F:F,
3NI5,diffdock,scored,0.9484641268348415,12.0,98,99,,
3NI5,equibind,scored,0.8357971992602834,12.0,98,98,,
3NHI,diffdock,scored,0.9301719400036627,12.0,110,116,,
3NHI,equibind,scored,0.7977533293616774,12.0,110,95,,
3NG4,diffdock,scored,0.27874895088976853,12.0,75,96,E:E,
3NG4,equibind,scored,0.18377654400538457,12.0,75,95,E:E,
3N9R,diffdock,scored,0.0,12.0,100,96,JA,
3N9R,equibind,scored,0.0,12.0,93,54,BA,
3NCZ,diffdock,scored,0.0,12.0,96,97,H,
3NCZ,equibind,scored,0.03496884479825133,12.0,98,85,G,
3NIK,diffdock,scored,0.0,12.0,86,58,X:E,
3NIK,equibind,scored,0.542277367171122,12.0,86,61,X:E,
3NGA,diffdock,scored,0.9627397454818377,12.0,81,80,H,
3NGA,equibind,scored,0.014221287601397832,12.0,81,20,C,
3NIM,diffdock,scored,0.006220522107584366,12.0,92,62,X:E,
3NIM,equibind,scored,0.7928006658345675,12.0,92,86,X:E,
3NK8,diffdock,scored,0.9880831552246662,12.0,85,84,,
3NK8,equibind,scored,0.8935730031531665,12.0,85,86,,
3NLB,diffdock,scored,0.9222542207161292,12.0,77,77,,
3NLB,equibind,scored,0.872100973669682,12.0,77,85,,
3NM6,diffdock,scored,0.9760075211031961,12.0,84,82,,
3NM6,equibind,scored,0.7524718491472773,12.0,84,95,,
3NJQ,diffdock,scored,0.9691284106787469,12.0,67,65,D,
3NJQ,equibind,scored,0.16380100482472834,12.0,67,116,D,
3NMQ,diffdock,scored,0.9721555039220895,12.0,110,109,,
3NMQ,equibind,scored,0.8517379215697558,12.0,110,104,,
3NNW,diffdock,scored,0.9834373530609818,12.0,121,123,,
3NNW,equibind,scored,0.9253473133938681,12.0,121,124,,
3NNU,diffdock,scored,0.9512054822746182,12.0,125,121,,
3NNU,equibind,scored,0.7063420122881876,12.0,125,115,,
3NQ3,diffdock,scored,0.9794119184316031,12.0,99,99,,
3NQ3,equibind,scored,0.7247043003887379,12.0,99,92,,
3NQ9,diffdock,scored,0.6371651875355628,12.0,77,95,,
3NQ9,equibind,scored,0.8320791964692226,12.0,77,76,,
3NOK,diffdock,scored,0.49893694008780914,12.0,101,104,E,
3NOK,equibind,scored,0.6392030596949317,12.0,103,112,I,
3NP7,diffdock,scored,0.9596481190455521,12.0,127,122,C,
3NP7,equibind,scored,0.7383592616755851,12.0,127,121,C,
3NP9,diffdock,scored,0.969059531915163,12.0,132,130,,
3NP9,equibind,scored,0.9068738799143816,12.0,132,128,,
3NS9,diffdock,scored,0.945727096915485,12.0,93,90,,
3NS9,equibind,scored,0.9096362116846768,12.0,93,85,B,
3NPA,diffdock,scored,0.9046281649776897,12.0,126,124,,
3NPA,equibind,scored,0.7653782071958342,12.0,126,122,,
3NIF,diffdock,scored,0.9451018894260146,12.0,73,71,MA,
3NIF,equibind,scored,0.22590647107910775,12.0,83,75,Q,
3NTP,diffdock,scored,0.9461404445542264,12.0,76,74,,
3NTP,equibind,scored,0.8492863143057475,12.0,76,77,B,
3NUY,diffdock,scored,0.9117982915737954,12.0,68,68,,
3NUY,equibind,scored,0.8207070487316163,12.0,68,75,,
3NSN,diffdock,scored,0.959971589171315,12.0,105,101,B:B,
3NSN,equibind,scored,0.7934450037830526,12.0,105,89,B:B,
3NWE,diffdock,scored,0.9691260963127762,12.0,98,97,G,
3NWE,equibind,scored,0.8177304124784007,12.0,98,89,G,
3NWB,diffdock,scored,0.9492727348006695,12.0,98,99,F,
3NWB,equibind,scored,0.8913776402947585,12.0,98,94,F,
3NWW,diffdock,scored,0.9453452063024983,12.0,110,112,,
3NWW,equibind,scored,0.6997094407785533,12.0,110,114,B,
3NZI,diffdock,scored,0.5929805794997108,12.0,83,83,B:B,
3NZI,equibind,scored,0.814972415892155,12.0,83,82,B:B,
3NSH,diffdock,scored,0.0,12.0,113,111,E,
3NSH,equibind,scored,0.0,12.0,109,103,F,
3NYX,diffdock,scored,0.989521395545006,12.0,96,97,,
3NYX,equibind,scored,0.8499230736870496,12.0,96,90,,
3O0U,diffdock,scored,0.910929242796624,12.0,78,77,,
3O0U,equibind,scored,0.9090199973255305,12.0,78,79,,
3O0J,diffdock,scored,0.9255222529026478,12.0,105,109,D,
3O0J,equibind,scored,0.6579781183992408,12.0,105,98,,
3NXQ,diffdock,scored,0.9104114192085264,12.0,144,143,J,
3NXQ,equibind,scored,0.01935008652428945,12.0,142,99,P,
3NYD,diffdock,scored,0.9896148139716381,12.0,97,96,C,
3NYD,equibind,scored,0.37284107033741254,12.0,97,93,C,
3O6T,diffdock,scored,0.9608907137689144,12.0,52,52,G,
3O6T,equibind,scored,0.006559450490474289,12.0,50,88,E,
3O4K,diffdock,scored,0.534916983577235,12.0,147,165,,
3O4K,equibind,scored,0.3203422167993803,12.0,147,148,E,
3NZU,diffdock,scored,0.9684063968050012,12.0,96,95,,
3NZU,equibind,scored,0.8555464109154816,12.0,96,100,,
3O64,diffdock,scored,0.9793992567243291,12.0,100,100,,
3O64,equibind,scored,0.08100129968043843,12.0,100,50,G,
3O7U,diffdock,scored,0.9890545779158169,12.0,91,92,,
3O7U,equibind,scored,0.8702384308493383,12.0,91,93,,
3O75,diffdock,scored,0.9614511425182065,12.0,105,105,C,
3O75,equibind,scored,0.027539031867619405,12.0,106,104,D,
3O4L,diffdock,scored,0.8012308824504283,12.0,184,193,C:C,
3O4L,equibind,scored,0.653231349736809,12.0,184,141,C:C,
3O8H,diffdock,scored,0.9346008033346418,12.0,128,122,,
3O8H,equibind,scored,0.6009336728833576,12.0,128,106,,
3O9B,diffdock,scored,0.9616613815708143,12.0,107,105,,
3O9B,equibind,scored,0.9136305731224023,12.0,107,104,H,
3O9C,diffdock,scored,0.9519424483125722,12.0,104,105,,
3O9C,equibind,scored,0.9600093778809693,12.0,104,102,C,
3O8P,diffdock,scored,0.98141661980396,12.0,109,109,,
3O8P,equibind,scored,0.841268044657793,12.0,109,106,,
3O84,diffdock,scored,0.9550378636240354,12.0,113,110,C,
3O84,equibind,scored,0.23931114799854192,12.0,113,91,C,
3O9H,diffdock,scored,0.9901252329951777,12.0,104,103,,
3O9H,equibind,scored,0.9215185774543247,12.0,104,104,H,
3O86,diffdock,scored,0.0,12.0,80,85,C,
3O86,equibind,scored,0.023451969128998388,12.0,83,93,E,
3OBQ,diffdock,scored,0.15401837585498435,12.0,53,50,B:B,
3OBQ,equibind,scored,0.5794235932706265,12.0,53,65,B:B,
3OBX,diffdock,scored,0.12512170235328382,12.0,54,47,B:B,
3OBX,equibind,scored,0.5672428087932618,12.0,54,72,B:B,
3OBU,diffdock,scored,0.2842170913946525,12.0,55,66,B:B,
3OBU,equibind,scored,0.4818572957077209,12.0,55,68,B:B,
3OCP,diffdock,scored,0.8176710696476617,12.0,84,82,D,
3OCP,equibind,scored,0.8687193505135022,12.0,69,68,C,
3OCT,diffdock,scored,0.9689579091909217,12.0,100,99,,
3OCT,equibind,scored,0.7729979991899981,12.0,100,85,,
3OB0,diffdock,scored,0.006168605025726359,12.0,59,95,A:E,
3OB0,equibind,scored,0.1333360149640182,12.0,59,62,B:F,
3OCZ,diffdock,scored,0.9453573206064212,12.0,112,108,,
3OCZ,equibind,scored,0.7983188825951177,12.0,112,115,,
3OCB,diffdock,scored,0.9064315829588087,12.0,107,105,E,
3OCB,equibind,scored,0.3376486614477006,12.0,107,92,E,
3OAY,diffdock,scored,0.0,12.0,57,61,G,
3OAY,equibind,scored,0.09858912454321483,12.0,57,70,G,
3OE6,diffdock,scored,0.9580550529785754,12.0,96,94,,
3OE6,equibind,scored,0.795281202385655,12.0,96,104,,
3OC0,diffdock,scored,0.0,12.0,109,100,G,
3OC0,equibind,scored,0.08435027579404411,12.0,109,124,G,
3ODU,diffdock,scored,0.0,12.0,101,101,H,
3ODU,equibind,scored,0.1254005963428557,12.0,104,82,C,
3OE9,diffdock,scored,0.9673671252351267,12.0,93,92,C,
3OE9,equibind,scored,0.6062295910587319,12.0,92,98,D,
3ODI,diffdock,scored,0.0,12.0,150,152,L:L,
3ODI,equibind,scored,0.025966526735087248,12.0,150,32,T:T,
3OG7,diffdock,scored,0.9812486036548135,12.0,107,109,,
3OG7,equibind,scored,0.7193292112222058,12.0,107,112,,
3OE8,diffdock,scored,0.9087880762858582,12.0,101,94,D,
3OE8,equibind,scored,0.5635774101222726,12.0,101,112,D,
3OGP,diffdock,scored,0.9442844777545605,12.0,109,107,C,
3OGP,equibind,scored,0.7922442191584614,12.0,110,102,E,
3OGQ,diffdock,scored,0.9265666194046722,12.0,108,110,C,
3OGQ,equibind,scored,0.8582119119648874,12.0,108,105,,
3ODL,diffdock,scored,0.034025711172086394,12.0,151,163,T:T,
3ODL,equibind,scored,0.035541007135854806,12.0,150,36,P:P,
3OIK,diffdock,scored,0.8845242514303844,12.0,95,94,,
3OIK,equibind,scored,0.8934446746368887,12.0,95,91,,
3OHF,diffdock,scored,0.9241102215327135,12.0,118,119,C,
3OHF,equibind,scored,0.03554821564029459,12.0,118,130,C,
3OHI,diffdock,scored,0.0,12.0,101,108,D,
3OHI,equibind,scored,0.0,12.0,100,96,F,
3OIM,diffdock,scored,0.9560523006050434,12.0,92,92,,
3OIM,equibind,scored,0.8821274429822233,12.0,92,97,,
3OIL,diffdock,scored,0.8453634486104287,12.0,101,94,,
3OIL,equibind,scored,0.8965531538130865,12.0,101,97,,
3OHH,diffdock,scored,0.0,12.0,122,126,C,
3OHH,equibind,scored,0.007310726300922266,12.0,122,137,C,
3OKH,diffdock,scored,0.9555711447937498,12.0,115,112,D,
3OKH,equibind,scored,0.7367770479746084,12.0,115,94,D,
3OKU,diffdock,scored,0.9677389029683127,12.0,92,95,,
3OKU,equibind,scored,0.891811951819644,12.0,92,96,,
3OKC,diffdock,scored,0.9084138292981275,12.0,96,101,,
3OKC,equibind,scored,0.2657356742686896,12.0,96,102,,
3OKI,diffdock,scored,0.9821011047912258,12.0,114,112,E,
3OKI,equibind,scored,0.014497487194673631,12.0,114,72,E,
3OKV,diffdock,scored,0.8479352040037507,12.0,104,93,C,
3OKV,equibind,scored,0.8447428326344251,12.0,104,100,C,
3OKA,diffdock,scored,0.0,12.0,94,90,H,
3OKA,equibind,scored,0.10190348068035368,12.0,92,56,N,
3OOB,diffdock,scored,0.5639212362190936,12.0,44,63,G,
3OOB,equibind,scored,0.49669505794205715,12.0,44,69,G,
3OLF,diffdock,scored,0.9914039796329245,12.0,117,118,F,
3OLF,equibind,scored,0.03350338658179499,12.0,117,64,F,
3OMM,diffdock,scored,0.9494318680969888,12.0,118,120,F,
3OMM,equibind,scored,0.058767781525238934,12.0,118,80,E,
3ORN,diffdock,scored,0.9717263962766625,12.0,107,110,D,
3ORN,equibind,scored,0.6237424287406109,12.0,107,110,,
3OT3,diffdock,scored,0.8988807330400055,12.0,82,76,,
3OT3,equibind,scored,0.9104831982610532,12.0,82,77,,
3OEU,equibind,scored,0.0,12.0,113,4,IA,
3OT8,diffdock,scored,0.9635805153151521,12.0,82,83,,
3OT8,equibind,scored,0.8737585038145562,12.0,82,76,,
3OTF,diffdock,scored,0.9733038485713577,12.0,76,76,,
3OTF,equibind,scored,0.9166403109798501,12.0,76,72,,
3OVE,diffdock,scored,0.6417775393502979,12.0,68,51,B:B,
3OVE,equibind,scored,0.6996752272878508,12.0,68,57,B:B,
3OQF,diffdock,scored,0.9903632965543316,12.0,105,104,D,
3OQF,equibind,scored,0.10031761458031294,12.0,105,115,D,
3OUJ,diffdock,scored,0.9891223421457563,12.0,93,92,,
3OUJ,equibind,scored,0.8573133349781356,12.0,93,92,,
3OTQ,diffdock,scored,0.9548388778011564,12.0,133,131,,
3OTQ,equibind,scored,0.758186686116161,12.0,133,129,,
3OVN,diffdock,scored,0.9864500478053774,12.0,74,75,I,
3OVN,equibind,scored,0.6874241016415115,12.0,74,80,I,
3OWD,diffdock,scored,0.9374864945201203,12.0,95,97,,
3OWD,equibind,scored,0.8332456231327214,12.0,95,99,B,
3OW3,diffdock,scored,0.8271833376829277,12.0,106,111,,
3OW3,equibind,scored,0.7800113038220378,12.0,106,117,,
3OVX,diffdock,scored,0.9003960312031977,12.0,91,88,C,
3OVX,equibind,scored,0.3362315431069132,12.0,91,84,E,
3OTX,diffdock,scored,0.9440522054495328,12.0,161,164,E,
3OTX,equibind,scored,0.26663168439832824,12.0,161,154,E,
3OW4,diffdock,scored,0.9351252655304216,12.0,107,108,E,
3OW4,equibind,scored,0.0,12.0,106,120,F,
3OXC,diffdock,scored,0.9901523441454699,12.0,104,103,,
3OXC,equibind,scored,0.8394249794241191,12.0,104,104,C,
3OWL,diffdock,scored,0.9196128742839479,12.0,73,75,,
3OWL,equibind,scored,0.8320856940927986,12.0,73,84,,
3OXI,diffdock,scored,1.0,12.0,68,68,,
3OXI,equibind,scored,0.7444811433066263,12.0,68,75,,
3OY8,diffdock,scored,0.9789575669569054,12.0,49,48,D:D,
3OY8,equibind,scored,0.1482057195979667,12.0,49,74,D:D,
3OY0,diffdock,scored,0.9353298416898757,12.0,92,94,,
3OY0,equibind,scored,0.8735714462141078,12.0,92,94,,
3OYP,diffdock,scored,0.0,12.0,85,89,E:E,
3OYP,equibind,scored,0.00992610534507295,12.0,84,101,F:F,
3OYW,diffdock,scored,0.0,12.0,47,50,E:C,
3OYW,equibind,scored,0.05591895247184852,12.0,48,73,F:D,
3OYQ,diffdock,scored,0.9219002610853366,12.0,90,87,,
3OYQ,equibind,scored,0.9322842213568739,12.0,90,90,C,
3OZ1,diffdock,scored,0.020489436190101608,12.0,64,69,J,
3OZ1,equibind,scored,0.024098338807714035,12.0,64,86,J,
3OZJ,diffdock,scored,0.9588442549233414,12.0,98,98,E,
3OZJ,equibind,scored,0.024003508372951614,12.0,96,83,F,
3OGM,equibind,scored,0.0,12.0,87,2,MA,
3P0G,diffdock,scored,0.9333043497610506,12.0,122,120,,
3P0G,equibind,scored,0.006557328411695908,12.0,122,100,C,
3OZP,diffdock,scored,0.9489436328735174,12.0,100,97,,
3OZP,equibind,scored,0.8416051388469217,12.0,100,106,,
3P17,diffdock,scored,0.7454419763113662,12.0,90,107,,
3P17,equibind,scored,0.9315540990064981,12.0,90,88,,
3P1D,diffdock,scored,1.0,12.0,58,58,D,
3P1D,equibind,scored,0.08613786195526923,12.0,59,53,F,
3OZG,diffdock,scored,0.0,12.0,99,102,N,
3OZG,equibind,scored,0.006108217182026111,12.0,100,100,I,
3P2H,diffdock,scored,0.9692795901410736,12.0,99,96,,
3P2H,equibind,scored,0.8735032173723832,12.0,99,108,C,
3P3T,diffdock,scored,0.9640454457909007,12.0,56,56,C,
3P3T,equibind,scored,0.5035336531710796,12.0,56,83,C,
3P3U,diffdock,scored,0.11631936661730981,12.0,58,54,D,
3P3U,equibind,scored,0.6333483155705939,12.0,52,67,C,
3P4F,diffdock,scored,0.2308430452948126,12.0,59,45,B:B,
3P4F,equibind,scored,0.7407564374646215,12.0,59,56,B:B,
3P4V,diffdock,scored,0.9345954313514292,12.0,93,89,,
3P4V,equibind,scored,0.8819740586913941,12.0,93,92,,
3P5K,diffdock,scored,0.9301927159091228,12.0,112,116,,
3P5K,equibind,scored,0.7506330246449685,12.0,112,120,,
3P79,diffdock,scored,0.9569662931055117,12.0,118,115,,
3P79,equibind,scored,0.7958266297542202,12.0,118,112,,
3P78,diffdock,scored,0.9563799330777225,12.0,115,114,,
3P78,equibind,scored,0.8101946771352622,12.0,115,117,,
3P7A,diffdock,scored,0.9908345810941529,12.0,111,110,,
3P7A,equibind,scored,0.9191722652354826,12.0,111,112,,
3P7B,diffdock,scored,0.9654696352449749,12.0,117,115,,
3P7B,equibind,scored,0.8877275068499589,12.0,117,116,,
3P7C,diffdock,scored,0.9915862345449372,12.0,122,121,,
3P7C,equibind,scored,0.8824882179330681,12.0,122,118,,
3P7I,diffdock,scored,0.9667775539575948,12.0,89,90,,
3P7I,equibind,scored,0.7393088962296992,12.0,89,98,,
3P8E,diffdock,scored,0.004743389835179493,12.0,108,97,D,
3P8E,equibind,scored,0.14352410587383363,12.0,108,77,D,
3P9H,diffdock,scored,0.3848671809959651,12.0,75,68,B:B,
3P9H,equibind,scored,0.5469427815377632,12.0,75,89,B:B,
3P50,diffdock,scored,0.0287868441004233,12.0,73,98,O,
3P50,equibind,scored,0.019278997816111774,12.0,73,94,O,
3P23,diffdock,scored,0.0,12.0,97,94,F,
3P23,equibind,scored,0.14106477414963445,12.0,97,114,F,
3P4W,diffdock,scored,0.0498906494150323,12.0,70,91,Q,
3P4W,equibind,scored,0.09560391910471522,12.0,70,72,Q,
3PAX,diffdock,scored,0.9651680080312278,12.0,86,85,,
3PAX,equibind,scored,0.8187097576677594,12.0,86,86,,
3P8H,diffdock,scored,0.8982186023604056,12.0,47,48,H,
3P8H,equibind,scored,0.007556484300485322,12.0,74,45,D,
3PB3,diffdock,scored,0.1007869990509731,12.0,101,103,D,
3PB3,equibind,scored,0.3777549496281893,12.0,101,115,D,
3P9L,diffdock,scored,0.0,12.0,133,98,C:C,
3P9L,equibind,scored,0.05244164068152988,12.0,131,52,F:F,
3P9M,diffdock,scored,0.0,12.0,130,101,C:C,
3P9M,equibind,scored,0.026614826133866565,12.0,130,56,F:F,
3PA8,diffdock,scored,0.0,12.0,74,74,C,
3PA8,equibind,scored,0.029124293514048778,12.0,74,73,C,
3P4R,diffdock,scored,0.9595037508898109,12.0,99,99,J,
3P4R,equibind,scored,0.0,12.0,99,24,J,
3PAB,diffdock,scored,0.0,12.0,132,98,C:C,
3PAB,equibind,scored,0.0,12.0,134,81,F:F,
3PB8,diffdock,scored,0.8920068916318726,12.0,74,70,,
3PB8,equibind,scored,0.8364984392926725,12.0,74,72,,
3PB9,diffdock,scored,0.9859632030119426,12.0,71,72,,
3PB9,equibind,scored,0.8485870317151072,12.0,71,72,,
3PB7,diffdock,scored,0.9612126184520929,12.0,78,77,,
3PB7,equibind,scored,0.7515135910096755,12.0,78,82,,
3PBB,diffdock,scored,0.9747190801873957,12.0,80,78,C,
3PBB,equibind,scored,0.0,12.0,80,98,C,
3PCB,diffdock,scored,0.0,12.0,81,83,Z,
3PCB,equibind,scored,0.0,12.0,64,42,O,
3PCC,diffdock,scored,0.0,12.0,86,85,O,
3PCC,equibind,scored,0.0,12.0,60,50,P,
3PCF,diffdock,scored,0.0,12.0,89,90,N,
3PCF,equibind,scored,0.0,12.0,66,42,U,
3PCE,diffdock,scored,0.0,12.0,83,84,O,
3PCE,equibind,scored,0.0,12.0,82,44,DA,
3PCJ,diffdock,scored,0.0,12.0,87,85,AA,
3PCJ,equibind,scored,0.020492672868956754,12.0,87,39,O,
3PCK,diffdock,scored,0.0,12.0,83,83,R,
3PCK,equibind,scored,0.0,12.0,84,35,AA,
3PCH,diffdock,scored,0.8830894970130677,12.0,94,91,CA,
3PCH,equibind,scored,0.008480025116533703,12.0,69,37,X,
3PCU,diffdock,scored,0.9697897148799347,12.0,101,102,,
3PCU,equibind,scored,0.8731236311859928,12.0,101,106,C,
3PCN,diffdock,scored,0.0,12.0,88,88,AA,
3PCN,equibind,scored,0.0,12.0,88,41,R,
3PD2,diffdock,scored,0.9561367557522327,12.0,93,93,D,
3PD2,equibind,scored,0.010320738103782834,12.0,93,82,D,
3PD4,diffdock,scored,0.9559777687486313,12.0,92,90,C,
3PD4,equibind,scored,0.9424779885056956,12.0,92,89,C,
3PD9,diffdock,scored,0.9799706007825616,12.0,102,100,C,
3PD9,equibind,scored,0.19726773916511364,12.0,102,87,C,
3PE1,diffdock,scored,0.9874529362218164,12.0,80,81,,
3PE1,equibind,scored,0.900720396454876,12.0,80,84,,
3PIX,diffdock,scored,1.0,12.0,83,83,,
3PIX,equibind,scored,0.8892617609310528,12.0,83,80,,
3PIZ,diffdock,scored,0.966242423133968,12.0,90,89,,
3PIZ,equibind,scored,0.7580008163658701,12.0,90,72,,
3PGU,diffdock,scored,0.9900010673902274,12.0,101,100,,
3PGU,equibind,scored,0.8235905176062946,12.0,101,107,V,
3PDQ,diffdock,scored,0.9734607014204589,12.0,115,112,E,
3PDQ,equibind,scored,0.08427639834694141,12.0,115,87,E,
3PJ2,diffdock,scored,0.9569095122162824,12.0,95,93,,
3PJ2,equibind,scored,0.7563771272744138,12.0,95,92,,
3PI5,diffdock,scored,0.0037375581058741365,12.0,110,111,E,
3PI5,equibind,scored,0.09390531766874696,12.0,113,72,D,
3PJ8,diffdock,scored,0.9627151783036866,12.0,82,79,,
3PJ8,equibind,scored,0.8791672682226336,12.0,82,80,,
3PFP,diffdock,scored,0.0,12.0,104,104,D,
3PFP,equibind,scored,0.0,12.0,104,128,D,
3PKB,diffdock,scored,0.9901119044377923,12.0,103,102,,
3PKB,equibind,scored,0.8922975099301061,12.0,103,104,B,
3PKA,diffdock,scored,0.938750862321629,12.0,113,114,,
3PKA,equibind,scored,0.7839097525191288,12.0,113,116,,
3PJG,diffdock,scored,0.9592960493643048,12.0,125,124,C,
3PJG,equibind,scored,0.7687726052430782,12.0,125,128,C,
3PKC,diffdock,scored,0.9820213443083112,12.0,114,112,,
3PKC,equibind,scored,0.8303281080851344,12.0,114,113,,
3PKE,diffdock,scored,0.9635912183564062,12.0,113,111,,
3PKE,equibind,scored,0.7609324691979843,12.0,113,115,,
3PKD,diffdock,scored,0.9276554740843362,12.0,111,111,,
3PKD,equibind,scored,0.8153666332930438,12.0,111,114,,
3PM1,diffdock,scored,0.7781529234623523,12.0,106,99,,
3PM1,equibind,scored,0.33389678668170175,12.0,106,108,,
3PN4,diffdock,scored,0.9774486705245682,12.0,88,90,,
3PN4,equibind,scored,0.6998098255606331,12.0,88,73,B,
3PN1,diffdock,scored,0.9697677104018938,12.0,102,99,,
3PN1,equibind,scored,0.8616223790377906,12.0,102,102,,
3PO6,diffdock,scored,0.9161016457079695,12.0,98,92,C,
3PO6,equibind,scored,0.8819068282011978,12.0,98,91,C,
3PN3,diffdock,scored,0.21340795192773035,12.0,49,87,C,
3PN3,equibind,scored,0.014743768517222118,12.0,49,79,C,
3POZ,diffdock,scored,0.9833519875709573,12.0,121,123,,
3POZ,equibind,scored,0.7863954496090871,12.0,121,108,E,
3PP1,diffdock,scored,0.959180635321145,12.0,100,98,,
3PP1,equibind,scored,0.5853612426441878,12.0,100,98,,
3PPK,diffdock,scored,0.008687791733022159,12.0,97,99,C,
3PPK,equibind,scored,0.14314035171876224,12.0,97,114,C,
3PPP,diffdock,scored,0.9771091711479102,12.0,87,87,C,
3PPP,equibind,scored,0.11458410456162658,12.0,85,74,D,
3PPO,diffdock,scored,0.9781856910127729,12.0,91,93,C,
3PPO,equibind,scored,0.06797544554937283,12.0,94,81,D,
3PPQ,diffdock,scored,0.0,12.0,86,87,D,
3PPQ,equibind,scored,0.10894829790713532,12.0,86,69,D,
3PPR,diffdock,scored,0.9767697386321906,12.0,87,85,D,
3PPR,equibind,scored,0.13630433872752062,12.0,89,83,C,
3PTG,diffdock,scored,0.9479687782858517,12.0,76,76,,
3PTG,equibind,scored,0.8375702428120768,12.0,76,83,,
3PRZ,diffdock,scored,1.0,12.0,90,90,,
3PRZ,equibind,scored,0.8639857479726558,12.0,90,90,,
3PS6,diffdock,scored,0.9797601517292541,12.0,100,100,,
3PS6,equibind,scored,0.8268084094113984,12.0,100,90,,
3PTY,diffdock,scored,0.16245197119119956,12.0,39,78,,
3PTY,equibind,scored,0.6298841042217832,12.0,39,57,,
3PWH,diffdock,scored,0.9713666886690285,12.0,106,105,,
3PWH,equibind,scored,0.7521947822765721,12.0,106,109,,
3PSD,diffdock,scored,0.008501298076929857,12.0,100,97,C,
3PSD,equibind,scored,0.41188792824502346,12.0,100,101,C,
3PPM,diffdock,scored,0.0,12.0,146,149,C,
3PPM,equibind,scored,0.8063023870593196,12.0,146,144,C,
3PR0,diffdock,scored,0.0,12.0,146,148,C,
3PR0,equibind,scored,0.39068563454601773,12.0,146,124,C,
3PY0,diffdock,scored,0.9378329114709433,12.0,81,80,,
3PY0,equibind,scored,0.8911780993028077,12.0,81,82,,
3PWW,diffdock,scored,0.9264177472596099,12.0,124,119,,
3PWW,equibind,scored,0.803178517998972,12.0,124,124,B,
3Q1X,diffdock,scored,0.022407239487553604,12.0,46,36,,
3Q1X,equibind,scored,0.24317722071232725,12.0,46,75,,
3PYY,diffdock,scored,0.8813636841781203,12.0,74,73,F,
3PYY,equibind,scored,0.30534323760259335,12.0,101,102,K,
3Q3K,diffdock,scored,0.9392395012458975,12.0,101,97,,
3Q3K,equibind,scored,0.8475456364554438,12.0,101,100,,
3Q2M,diffdock,scored,0.9423145262589483,12.0,68,70,,
3Q2M,equibind,scored,0.7350646537852199,12.0,68,75,,
3Q2H,diffdock,scored,0.0,12.0,101,99,T,
3Q2H,equibind,scored,0.0,12.0,102,90,EA,
3PZ3,diffdock,scored,0.7786259737711896,12.0,154,157,,
3PZ3,equibind,scored,0.7044435834061409,12.0,154,169,,
3Q2J,diffdock,scored,1.0,12.0,72,72,D,
3Q2J,equibind,scored,0.13901406222866722,12.0,72,44,F,
3Q3T,diffdock,scored,0.05206247395202764,12.0,127,126,D,
3Q3T,equibind,scored,0.20838252032830093,12.0,125,95,G,
3Q4B,diffdock,scored,0.05058955323463669,12.0,132,132,J,
3Q4B,equibind,scored,0.23494750043845164,12.0,131,118,E,
3Q2A,diffdock,scored,0.9531915034481186,12.0,106,107,I,
3Q2A,equibind,scored,0.6822189718556231,12.0,106,110,I,
3Q4K,diffdock,scored,0.3954561232891402,12.0,80,43,C:C,
3Q4K,equibind,scored,0.0,12.0,80,43,C:C,
3Q4L,diffdock,scored,0.0,12.0,85,61,C:C,
3Q4L,equibind,scored,0.0,12.0,85,37,C:C,
3Q5H,diffdock,scored,0.04254069616049601,12.0,129,132,E,
3Q5H,equibind,scored,0.308379520500981,12.0,133,113,J,
3Q6W,diffdock,scored,0.9564033129897158,12.0,92,94,,
3Q6W,equibind,scored,0.8912199520941106,12.0,92,90,,
3Q72,diffdock,scored,0.9202880741835858,12.0,63,62,C,
3Q72,equibind,scored,0.022642868403488746,12.0,63,88,C,
3Q6K,diffdock,scored,0.0,12.0,102,102,D,
3Q6K,equibind,scored,0.3372113394490573,12.0,102,93,D,
3Q7Q,diffdock,scored,0.9830654380363166,12.0,61,60,C,
3Q7Q,equibind,scored,0.10511338663139895,12.0,77,108,F,
3Q7P,diffdock,scored,0.0,12.0,63,76,C,
3Q7P,equibind,scored,0.006352973749944672,12.0,63,89,C,
3Q8H,diffdock,scored,0.9483227751870409,12.0,96,97,E,
3Q8H,equibind,scored,0.06141436073875122,12.0,99,145,K,
3Q8D,diffdock,scored,0.0057868196488659925,12.0,74,83,F:D,
3Q8D,equibind,scored,0.16221034155911504,12.0,74,90,F:D,
3Q92,diffdock,scored,0.9785601671548927,12.0,94,94,C,
3Q92,equibind,scored,0.8241431627841307,12.0,94,99,C,
3QA2,diffdock,scored,0.986018511300809,12.0,73,72,G,
3QA2,equibind,scored,0.8809170804954073,12.0,90,97,D,
3QAI,diffdock,scored,0.9571241734304354,12.0,93,93,D,
3QAI,equibind,scored,0.8521461800118579,12.0,93,95,D,
3QBH,diffdock,scored,0.9834247125940622,12.0,123,123,E,
3QBH,equibind,scored,0.0,12.0,123,79,E,
3Q7J,diffdock,scored,0.8446047009361795,12.0,115,124,,
3Q7J,equibind,scored,0.0,12.0,115,107,D,
3Q4J,diffdock,scored,0.0,12.0,82,84,H:G,
3Q4J,equibind,scored,0.0,12.0,80,66,L:K,
3QC4,diffdock,scored,0.9393562526543241,12.0,119,114,C,
3QC4,equibind,scored,0.3554966822524043,12.0,119,86,C,
3QCH,diffdock,scored,0.9590230764897578,12.0,97,97,,
3QCH,equibind,scored,0.7369245347242672,12.0,97,81,,
3QCE,diffdock,scored,0.9315353734394404,12.0,87,89,E,
3QCE,equibind,scored,0.19788032787080395,12.0,98,82,C,
3QCF,diffdock,scored,0.9431829581134195,12.0,88,87,D,
3QCF,equibind,scored,0.27724242680936884,12.0,99,86,C,
3QCL,diffdock,scored,0.9689510791273936,12.0,98,97,,
3QCL,equibind,scored,0.6224202368010544,12.0,98,79,,
3QCI,diffdock,scored,0.9611324784567601,12.0,104,104,,
3QCI,equibind,scored,0.536573765750953,12.0,104,76,,
3QD0,diffdock,scored,0.9587157308747055,12.0,98,96,,
3QD0,equibind,scored,0.8802543312777892,12.0,98,95,,
3QEM,diffdock,scored,0.0,12.0,125,119,J,
3QEM,equibind,scored,0.0,12.0,125,91,J,
3QGW,diffdock,scored,0.903274005675725,12.0,84,78,,
3QGW,equibind,scored,0.15379491846441995,12.0,84,47,,
3QFV,diffdock,scored,0.0,12.0,88,90,C,
3QFV,equibind,scored,0.39002802462259945,12.0,88,102,C,
3QFD,diffdock,scored,0.0,12.0,126,92,F:F,
3QFD,equibind,scored,0.19532364015334816,12.0,127,100,C:C,
3QG6,diffdock,scored,0.0,12.0,89,114,D:F,
3QG6,equibind,scored,0.0,12.0,89,134,D:F,
3QC9,diffdock,scored,0.9023121269116945,12.0,92,91,M,
3QC9,equibind,scored,0.0,12.0,94,53,P,
3QIN,diffdock,scored,0.9630350714691479,12.0,55,55,,
3QIN,equibind,scored,0.8083242925485219,12.0,55,64,,
3QI1,diffdock,scored,0.9393485013773654,12.0,116,117,,
3QI1,equibind,scored,0.7535353176014122,12.0,116,108,B,
3QGY,diffdock,scored,0.0,12.0,92,77,,
3QGY,equibind,scored,0.11414291783231315,12.0,92,61,,
3QIO,diffdock,scored,0.9824540275017873,12.0,57,58,,
3QIO,equibind,scored,0.8345512050384548,12.0,57,65,,
3QFY,diffdock,scored,0.9802047889651629,12.0,102,102,E,
3QFY,equibind,scored,0.8473614057887521,12.0,102,104,E,
3QI4,diffdock,scored,0.0,12.0,90,87,C,
3QI4,equibind,scored,0.0,12.0,90,79,C,
3QFZ,diffdock,scored,0.0,12.0,102,104,E,
3QFZ,equibind,scored,0.7492186066147123,12.0,102,101,E,
3QKK,diffdock,scored,0.8497621535090978,12.0,123,132,,
3QKK,equibind,scored,0.7411334387979417,12.0,123,119,C,
3QLM,diffdock,scored,0.7793289093238897,12.0,73,76,,
3QLM,equibind,scored,0.7047830904517883,12.0,73,84,,
3QIY,diffdock,scored,0.9790456977280733,12.0,96,96,,
3QIY,equibind,scored,0.6550471562542002,12.0,96,100,,
3QJ0,diffdock,scored,0.9390401115948875,12.0,96,100,,
3QJ0,equibind,scored,0.807585266423376,12.0,96,99,,
3QKL,diffdock,scored,0.862279735639899,12.0,119,126,,
3QKL,equibind,scored,0.7918639119691417,12.0,119,113,C,
3QKM,diffdock,scored,0.8493683243631472,12.0,117,119,,
3QKM,equibind,scored,0.7693377043567241,12.0,117,105,B,
3QIP,diffdock,scored,0.0,12.0,67,82,,
3QIP,equibind,scored,0.641631094744927,12.0,67,62,,
3QOX,diffdock,scored,0.9792994146121926,12.0,99,97,,
3QOX,equibind,scored,0.9051640063174157,12.0,99,96,,
3QPN,diffdock,scored,0.967773736487659,12.0,94,91,,
3QPN,equibind,scored,0.8798357869573189,12.0,94,89,,
3QO3,diffdock,scored,0.0451423791917645,12.0,58,90,J,
3QO3,equibind,scored,0.18162206681815113,12.0,58,91,J,
3QPO,diffdock,scored,0.9468288963533367,12.0,92,97,,
3QPO,equibind,scored,0.8533818169289639,12.0,92,96,,
3QPP,diffdock,scored,0.9782800844284734,12.0,93,93,,
3QPP,equibind,scored,0.7926098497043902,12.0,93,97,,
3QQK,diffdock,scored,0.974729540059934,12.0,79,79,,
3QQK,equibind,scored,0.9236184175502762,12.0,79,77,,
3QRI,diffdock,scored,0.974971011158235,12.0,122,121,E,
3QRI,equibind,scored,0.17327573221863177,12.0,122,105,F,
3QO9,diffdock,scored,0.934601473429558,12.0,91,91,,
3QO9,equibind,scored,0.8648918188118825,12.0,91,85,C,
3QS4,diffdock,scored,0.4683164487383217,12.0,115,96,B,
3QS4,equibind,scored,0.7373774967446585,12.0,115,110,B,
3QRJ,diffdock,scored,0.014369376527948906,12.0,116,115,C,
3QRJ,equibind,scored,0.2540399768413858,12.0,118,93,D,
3QS5,diffdock,scored,0.3640475117121334,12.0,119,95,,
3QS5,equibind,scored,0.7050121963943526,12.0,119,110,,
3QND,diffdock,scored,0.0,12.0,56,55,J,
3QND,equibind,scored,0.021170231184734965,12.0,59,102,S,
3QSD,diffdock,scored,0.9804342631527965,12.0,102,104,,
3QSD,equibind,scored,0.7493510241242716,12.0,102,84,,
3QS6,diffdock,scored,0.3119952708909662,12.0,119,93,,
3QS6,equibind,scored,0.7076642674719833,12.0,119,108,B,
3QTF,diffdock,scored,0.9721219286821579,12.0,111,108,,
3QTF,equibind,scored,0.9174608526252808,12.0,111,108,,
3QUP,diffdock,scored,0.878439305053529,12.0,83,83,,
3QUP,equibind,scored,0.9029120745776825,12.0,83,83,,
3QTO,diffdock,scored,0.7424815420785503,12.0,96,111,,
3QTO,equibind,scored,0.9005224802812941,12.0,96,89,,
3QTV,diffdock,scored,0.7101027773097013,12.0,92,101,,
3QTV,equibind,scored,0.8918978783703869,12.0,92,96,E,
3QUE,diffdock,scored,0.9367320699374343,12.0,99,95,,
3QUE,equibind,scored,0.27906239996944315,12.0,99,96,D,
3QW6,diffdock,scored,0.5465964705276793,12.0,127,101,B:B,
3QW6,equibind,scored,0.5736282298999414,12.0,127,120,B:B,
3QW8,diffdock,scored,0.5163576037167085,12.0,121,89,B:B,
3QW8,equibind,scored,0.6412459539895643,12.0,121,113,B:B,
3QT6,diffdock,scored,0.9637060387822091,12.0,110,110,C,
3QT6,equibind,scored,0.32360843926181243,12.0,110,116,C,
3R00,diffdock,scored,1.0,12.0,84,84,,
3R00,equibind,scored,0.8929167993941776,12.0,84,85,,
3QX5,diffdock,scored,0.86353307795384,12.0,101,109,,
3QX5,equibind,scored,0.812518143940782,12.0,101,94,I,
3QWC,diffdock,scored,0.5788858131569111,12.0,88,80,,
3QWC,equibind,scored,0.8998555486341093,12.0,88,93,H,
3R01,diffdock,scored,1.0,12.0,84,84,,
3R01,equibind,scored,0.951702687780847,12.0,84,84,,
3QX9,diffdock,scored,0.8752092968236362,12.0,60,64,D,
3QX9,equibind,scored,0.09635865972320531,12.0,58,105,E,
3R4M,diffdock,scored,0.9672219460223315,12.0,91,94,,
3R4M,equibind,scored,0.9119607599211342,12.0,91,91,,
3R17,diffdock,scored,0.9667837002169947,12.0,90,91,,
3R17,equibind,scored,0.8937102705846193,12.0,90,96,,
3R2Y,diffdock,scored,0.9874794636326092,12.0,81,82,,
3R2Y,equibind,scored,0.9236138706927738,12.0,81,79,,
3R1V,diffdock,scored,0.9803484071638899,12.0,103,103,C,
3R1V,equibind,scored,0.3287464776369109,12.0,103,113,C,
3R4P,diffdock,scored,0.940965377374616,12.0,103,99,G,
3R4P,equibind,scored,0.2659827757610998,12.0,103,116,G,
3R4N,diffdock,scored,0.9477544062075892,12.0,96,97,D,
3R4N,equibind,scored,0.1388630124235294,12.0,96,90,C,
3R5N,diffdock,scored,0.9570800257388923,12.0,93,93,B,
3R5N,equibind,scored,0.8086435340916823,12.0,93,104,B,
3R0I,diffdock,scored,0.9671943469773124,12.0,93,90,D,
3R0I,equibind,scored,0.201890060166201,12.0,93,104,D,
3QZQ,diffdock,scored,0.01024393156040896,12.0,87,87,E,
3QZQ,equibind,scored,0.11608330844503817,12.0,88,131,F,
3R5M,diffdock,scored,0.9524297969127331,12.0,103,106,E,
3R5M,equibind,scored,0.12128300503370018,12.0,100,87,F,
3R8U,diffdock,scored,0.9535313635173075,12.0,86,88,,
3R8U,equibind,scored,0.8846049407930826,12.0,86,86,,
3R6U,diffdock,scored,0.9283563251288085,12.0,86,80,,
3R6U,equibind,scored,0.9057588262243528,12.0,86,84,,
3R8Z,diffdock,scored,0.9504470440912828,12.0,80,80,,
3R8Z,equibind,scored,0.8897750996757537,12.0,80,79,,
3R92,diffdock,scored,0.9440072707188575,12.0,107,111,,
3R92,equibind,scored,0.9348958646574755,12.0,107,108,,
3R5T,diffdock,scored,0.9491672654979404,12.0,100,101,,
3R5T,equibind,scored,0.7163130094539862,12.0,100,113,B,
3RBU,diffdock,scored,0.9503624747452845,12.0,119,121,,
3RBU,equibind,scored,0.7912750839319922,12.0,119,114,M,
3R0H,diffdock,scored,0.0,12.0,129,115,h:P,
3R0H,equibind,scored,0.22708769815482618,12.0,117,122,c:F,
3RDQ,diffdock,scored,1.0,12.0,65,65,,
3RDQ,equibind,scored,0.8964861350399705,12.0,65,59,,
3RDO,diffdock,scored,1.0,12.0,66,66,,
3RDO,equibind,scored,0.9344738764663243,12.0,66,62,,
3RCJ,diffdock,scored,0.9626937933534425,12.0,81,80,,
3RCJ,equibind,scored,0.7933576307483362,12.0,81,84,,
3RDV,diffdock,scored,0.051498070131733145,12.0,84,72,E:E,
3RDV,equibind,scored,0.02082442434575822,12.0,84,73,E:E,
3REY,diffdock,scored,0.989937582884628,12.0,102,101,,
3REY,equibind,scored,0.8683075828116842,12.0,102,97,,
3RDH,diffdock,scored,0.0,12.0,77,75,G,
3RDH,equibind,scored,0.006070782062166653,12.0,79,66,K,
3RI1,diffdock,scored,0.0,12.0,89,88,I,
3RI1,equibind,scored,0.10880482074702846,12.0,89,69,I,
3RHK,diffdock,scored,0.94207330001477,12.0,88,85,D,
3RHK,equibind,scored,0.2035409000848051,12.0,88,73,D,
3RCD,diffdock,scored,0.9818818999940901,12.0,112,112,E,
3RCD,equibind,scored,0.0,12.0,113,92,F,
3RIN,diffdock,scored,0.9809523706839085,12.0,107,105,,
3RIN,equibind,scored,0.8296949927956709,12.0,107,94,,
3RJM,diffdock,scored,0.0,12.0,95,91,E:E,
3RJM,equibind,scored,0.28142331316987407,12.0,95,112,E:E,
3RKB,diffdock,scored,0.9876994084304477,12.0,82,83,,
3RKB,equibind,scored,0.9403548284885667,12.0,82,85,,
3R2B,equibind,scored,0.0,12.0,89,85,N,
3RL3,diffdock,scored,0.7859976341721395,12.0,90,85,,
3RL3,equibind,scored,0.7498068472412374,12.0,90,80,,
3RJW,diffdock,scored,0.9512088057521988,12.0,82,82,DA,
3RJW,equibind,scored,0.15010361829692168,12.0,79,77,H,
3RLP,diffdock,scored,0.9684120281520002,12.0,97,94,E,
3RLP,equibind,scored,0.13691345594709303,12.0,100,88,C,
3RLQ,diffdock,scored,0.0,12.0,102,98,C,
3RLQ,equibind,scored,0.23535874134792456,12.0,102,106,E,
3RM9,diffdock,scored,0.016169924849233692,12.0,100,102,C,
3RM9,equibind,scored,0.23867827692104976,12.0,102,91,D,
3ROC,diffdock,scored,0.9267387992738451,12.0,97,92,,
3ROC,equibind,scored,0.7522325919803359,12.0,97,91,,
3RIK,diffdock,scored,0.0,12.0,102,99,P,
3RIK,equibind,scored,0.0848199477324476,12.0,101,71,JA,
3RO4,diffdock,scored,0.9770503318897794,12.0,88,88,,
3RO4,equibind,scored,0.8337758165845099,12.0,88,100,,
3RQ7,diffdock,scored,0.8299942953475415,12.0,84,71,B:B,
3RQ7,equibind,scored,0.8974558088019798,12.0,84,80,B:B,
3RR4,diffdock,scored,0.9610135633436019,12.0,101,103,,
3RR4,equibind,scored,0.8649927155476169,12.0,101,105,,
3RIL,diffdock,scored,0.0,12.0,95,96,VA,
3RIL,equibind,scored,0.08820695177623392,12.0,96,65,Z,
3RSX,diffdock,scored,0.9757198901116049,12.0,81,83,,
3RSX,equibind,scored,0.8565872183560871,12.0,81,85,,
3RT6,diffdock,scored,0.9901335933102173,12.0,103,102,,
3RT6,equibind,scored,0.8629116186545825,12.0,103,99,,
3RSB,diffdock,scored,0.0,12.0,82,84,G,
3RSB,equibind,scored,0.014493803674636747,12.0,82,73,G,
3RT8,diffdock,scored,0.9703257933782922,12.0,100,101,,
3RT8,equibind,scored,0.9007760778819816,12.0,100,98,,
3RT4,diffdock,scored,0.7930799094499411,12.0,158,162,,
3RT4,equibind,scored,0.40075861495280724,12.0,158,129,,
3RTH,diffdock,scored,0.9562988378391765,12.0,93,93,,
3RTH,equibind,scored,0.7407491934851157,12.0,93,90,,
3RTM,diffdock,scored,0.8941011230925574,12.0,95,95,,
3RTM,equibind,scored,0.7671641015422179,12.0,95,100,,
3RTP,diffdock,scored,0.9598630382076679,12.0,73,76,,
3RTP,equibind,scored,0.855041354742642,12.0,73,76,B,
3RTF,diffdock,scored,0.9903177271582815,12.0,103,104,J,
3RTF,equibind,scored,0.021698473674396403,12.0,103,79,J,
3RU1,diffdock,scored,0.9451918595939224,12.0,91,90,,
3RU1,equibind,scored,0.6906382471885566,12.0,91,93,K,
3RSE,diffdock,scored,0.0,12.0,54,110,Z:H,
3RSE,equibind,scored,0.0,12.0,54,105,Z:H,
3RV4,diffdock,scored,0.9247155779877372,12.0,108,108,,
3RV4,equibind,scored,0.3567330620515942,12.0,108,124,,
3RVG,diffdock,scored,0.9381511108181405,12.0,82,79,,
3RVG,equibind,scored,0.9746650031910519,12.0,82,82,,
3RVI,diffdock,scored,0.9096364614969429,12.0,103,96,,
3RVI,equibind,scored,0.6487134108038743,12.0,103,100,K,
3RUP,diffdock,scored,0.9091366082476067,12.0,109,115,H,
3RUP,equibind,scored,0.19037886996455106,12.0,123,128,C,
3RV3,diffdock,scored,0.0,12.0,109,112,D,
3RV3,equibind,scored,0.04346991432327344,12.0,120,131,G,
3RV6,diffdock,scored,0.9456586807248181,12.0,108,110,C,
3RV6,equibind,scored,0.3834136622296029,12.0,108,112,C,
3RQW,equibind,scored,0.04457358737642192,12.0,74,76,UA,
3RWE,diffdock,scored,0.9221210686052679,12.0,141,152,C:C,
3RWE,equibind,scored,0.6384434100904138,12.0,141,105,C:C,
3RWG,diffdock,scored,0.8875161701030381,12.0,145,132,C:C,
3RWG,equibind,scored,0.6842842711659923,12.0,145,109,C:C,
3RWF,diffdock,scored,0.8469384266412161,12.0,139,133,C:C,
3RWF,equibind,scored,0.7793974835725103,12.0,139,128,C:C,
3RWI,diffdock,scored,0.7392708860502835,12.0,146,114,C:C,
3RWI,equibind,scored,0.6370563863379345,12.0,146,102,C:C,
3RWP,diffdock,scored,0.9232861742281553,12.0,91,92,,
3RWP,equibind,scored,0.9012546808935099,12.0,91,92,,
3RWC,diffdock,scored,0.0,12.0,150,142,F:F,
3RWC,equibind,scored,0.0,12.0,150,96,C:C,
3RWH,diffdock,scored,0.910423359881261,12.0,144,134,C:C,
3RWH,equibind,scored,0.02484062599718388,12.0,148,109,F:F,
3RWJ,diffdock,scored,0.8689287393685724,12.0,137,147,C:C,
3RWJ,equibind,scored,0.6428124998820748,12.0,137,103,C:C,
3RX8,diffdock,scored,0.9553866048198864,12.0,69,68,E,
3RX8,equibind,scored,0.6876658877422474,12.0,99,78,F,
3RX7,diffdock,scored,0.9258388350807746,12.0,109,107,,
3RX7,equibind,scored,0.7380071539422027,12.0,109,108,D,
3RX5,diffdock,scored,0.6112029450021458,12.0,105,91,,
3RX5,equibind,scored,0.6834853964739195,12.0,105,103,,
3RXA,diffdock,scored,0.9484678802161124,12.0,77,77,,
3RXA,equibind,scored,0.8657987698825775,12.0,77,71,,
3RXF,diffdock,scored,1.0,12.0,75,75,,
3RXF,equibind,scored,0.8943134467917481,12.0,75,75,,
3RXD,diffdock,scored,0.9875225358802231,12.0,80,81,,
3RXD,equibind,scored,0.9375411701807989,12.0,80,81,,
3RXG,diffdock,scored,0.888895672424809,12.0,81,76,,
3RXG,equibind,scored,0.8719468521630713,12.0,81,75,,
3RXH,diffdock,scored,0.987733490096209,12.0,82,81,,
3RXH,equibind,scored,0.8983079052624179,12.0,82,76,,
3RXK,diffdock,scored,0.9633109175724993,12.0,82,81,,
3RXK,equibind,scored,0.8996552993790384,12.0,82,78,,
3RXI,diffdock,scored,0.987690738120378,12.0,81,82,,
3RXI,equibind,scored,0.9128087920830508,12.0,81,80,,
3RXL,diffdock,scored,0.962268111922094,12.0,79,78,,
3RXL,equibind,scored,0.8871914138281889,12.0,79,80,,
3RXM,diffdock,scored,0.9753850134066598,12.0,81,81,,
3RXM,equibind,scored,0.9494097573556293,12.0,81,81,,
3RXP,diffdock,scored,0.9753227701418121,12.0,81,81,,
3RXP,equibind,scored,0.8912808201029907,12.0,81,82,,
3RXO,diffdock,scored,0.9262250080923989,12.0,82,78,,
3RXO,equibind,scored,0.9020564776991297,12.0,82,82,,
3RYY,diffdock,scored,0.9445875170713953,12.0,87,92,C,
3RYY,equibind,scored,0.856934011081481,12.0,87,92,C,
3RZB,diffdock,scored,1.0,12.0,75,75,,
3RZB,equibind,scored,0.8733764939719095,12.0,75,81,,
3S0B,diffdock,scored,1.0,12.0,94,94,,
3S0B,equibind,scored,0.9674815680620154,12.0,94,93,,
3S0D,diffdock,scored,0.9647193145396855,12.0,87,86,,
3S0D,equibind,scored,0.8859656584636375,12.0,87,89,,
3S0E,diffdock,scored,0.9881349290761796,12.0,85,84,,
3S0E,equibind,scored,0.7662418976757971,12.0,85,87,,
3RZ3,diffdock,scored,0.0,12.0,82,80,G,
3RZ3,equibind,scored,0.12172877171144816,12.0,97,63,E,
3S1G,diffdock,scored,0.9666970086269324,12.0,91,88,,
3S1G,equibind,scored,0.8495393967102277,12.0,91,91,,
3S3I,diffdock,scored,0.9714262297605092,12.0,105,106,,
3S3I,equibind,scored,0.7995159226472448,12.0,105,95,,
3S3Q,diffdock,scored,0.9501090960480533,12.0,102,99,,
3S3Q,equibind,scored,0.7977393487804446,12.0,102,87,B,
3S3V,diffdock,scored,0.9166550267657662,12.0,93,97,B,
3S3V,equibind,scored,0.8082396474117431,12.0,93,90,B,
3S1Y,diffdock,scored,0.9732251484455197,12.0,114,113,,
3S1Y,equibind,scored,0.8466346267869593,12.0,114,107,,
3S56,diffdock,scored,0.9801007734325222,12.0,103,103,C,
3S56,equibind,scored,0.8641006047855753,12.0,103,111,C,
3S0J,diffdock,scored,0.951449252520746,12.0,127,121,,
3S0J,equibind,scored,0.75049602348813,12.0,127,128,,
3RZI,diffdock,scored,0.17506865094233076,12.0,69,92,O,
3RZI,equibind,scored,0.0,12.0,69,101,O,
3S72,diffdock,scored,0.9882171117653545,12.0,85,86,,
3S72,equibind,scored,0.8519661184156673,12.0,85,88,,
3S71,diffdock,scored,0.9765340369329873,12.0,85,85,C,
3S71,equibind,scored,0.8421332493655181,12.0,85,87,C,
3S73,diffdock,scored,0.9426034647394635,12.0,84,87,C,
3S73,equibind,scored,0.8774118683664287,12.0,84,91,C,
3S75,diffdock,scored,0.96371937260546,12.0,81,84,C,
3S75,equibind,scored,0.9282082002956535,12.0,81,85,C,
3S74,diffdock,scored,0.9647042311922128,12.0,86,83,D,
3S74,equibind,scored,0.6510584676717182,12.0,86,83,D,
3S6T,diffdock,scored,0.9376172085718475,12.0,99,95,,
3S6T,equibind,scored,0.8605208006923516,12.0,99,103,,
3S76,diffdock,scored,1.0,12.0,83,83,,
3S76,equibind,scored,0.893997003618127,12.0,83,84,,
3S77,diffdock,scored,0.9634572017132262,12.0,82,81,C,
3S77,equibind,scored,0.8646569713392579,12.0,82,90,C,
3S78,diffdock,scored,0.9881306045282156,12.0,84,85,C,
3S78,equibind,scored,0.8623448350043348,12.0,84,84,C,
3S8X,diffdock,scored,0.9564014122019314,12.0,90,94,,
3S8X,equibind,scored,0.9776450058331226,12.0,90,92,,
3S5Y,diffdock,scored,0.9610986666439697,12.0,79,76,K,
3S5Y,equibind,scored,0.0,12.0,79,73,K,
3S9T,diffdock,scored,0.9897188939489705,12.0,98,99,,
3S9T,equibind,scored,0.8664628806185708,12.0,98,99,,
3SAP,diffdock,scored,0.9359980879243611,12.0,92,94,,
3SAP,equibind,scored,0.8917465109846816,12.0,92,94,,
3S9I,diffdock,scored,0.943765360740874,12.0,105,105,,
3S9I,equibind,scored,0.8916508726364458,12.0,105,96,B,
3SAX,diffdock,scored,0.9469263809009658,12.0,97,92,,
3SAX,equibind,scored,0.8085376503984975,12.0,97,96,,
3SAD,diffdock,scored,0.990758871808333,12.0,108,109,,
3SAD,equibind,scored,0.8873702752827131,12.0,108,104,,
3S9E,diffdock,scored,0.20635164822520083,12.0,99,83,J,
3S9E,equibind,scored,0.1781090628150207,12.0,99,84,J,
3SBH,diffdock,scored,0.9562003818913413,12.0,92,90,,
3SBH,equibind,scored,0.7928800228852997,12.0,92,89,,
3SB0,diffdock,scored,0.9726531832728257,12.0,111,108,,
3SB0,equibind,scored,0.8508955928559283,12.0,111,105,,
3SC1,diffdock,scored,0.9306848863530298,12.0,74,73,,
3SC1,equibind,scored,0.8319578710284737,12.0,74,81,,
3SBI,diffdock,scored,0.9776361469715223,12.0,89,89,,
3SBI,equibind,scored,0.8783955536984024,12.0,89,94,,
3SDG,diffdock,scored,0.9685484374761292,12.0,95,96,,
3SDG,equibind,scored,0.7571402154021423,12.0,95,91,B,
3S9Y,diffdock,scored,0.0,12.0,109,111,E,
3S9Y,equibind,scored,0.0,12.0,110,60,M,
3SFF,diffdock,scored,0.9355655799157774,12.0,94,92,,
3SFF,equibind,scored,0.8284361812803378,12.0,94,83,,
3SFI,diffdock,scored,0.9803437784857482,12.0,103,105,,
3SFI,equibind,scored,0.7213407003465483,12.0,103,92,,
3SFH,diffdock,scored,0.9685727006251236,12.0,97,94,,
3SFH,equibind,scored,0.7011298588994125,12.0,97,76,,
3SFC,diffdock,scored,0.9907337981982467,12.0,109,110,G,
3SFC,equibind,scored,0.0694008075959937,12.0,109,127,G,
3SHA,diffdock,scored,0.8803633933434833,12.0,90,80,,
3SHA,equibind,scored,0.9425991751597333,12.0,90,87,,
3SHC,diffdock,scored,0.8687838606916496,12.0,100,103,,
3SHC,equibind,scored,0.8730947989504052,12.0,100,92,,
3SHY,diffdock,scored,0.9770725645256544,12.0,89,87,,
3SHY,equibind,scored,0.9323816415319032,12.0,89,91,B,
3SHZ,diffdock,scored,0.965473618430782,12.0,89,86,,
3SHZ,equibind,scored,0.8028173285408807,12.0,89,98,,
3SI3,diffdock,scored,0.8108773552742484,12.0,88,95,,
3SI3,equibind,scored,0.8744016498763464,12.0,88,87,,
3SFG,diffdock,scored,0.27024835619446497,12.0,73,63,AA,
3SFG,equibind,scored,0.0,12.0,73,54,AA,
3SI4,diffdock,scored,0.6376480175315757,12.0,91,85,,
3SI4,equibind,scored,0.8405398766287666,12.0,91,83,E,
3SH1,diffdock,scored,0.0,12.0,103,107,JA,
3SH1,equibind,scored,0.0,12.0,106,18,R,
3SJI,diffdock,scored,0.9493572568707264,12.0,80,80,,
3SJI,equibind,scored,0.9212254265539591,12.0,80,80,,
3SIE,diffdock,scored,0.95712955898606,12.0,94,92,C,
3SIE,equibind,scored,0.11101832346429384,12.0,94,88,C,
3SKF,diffdock,scored,0.9282056423002667,12.0,126,123,C,
3SKF,equibind,scored,0.015773512642227365,12.0,125,137,E,
3SDI,equibind,scored,0.0,12.0,119,4,JA,
3SKA,diffdock,scored,0.9652052121965058,12.0,115,115,D,
3SKA,equibind,scored,0.007083700081821767,12.0,120,113,E,
3SKE,diffdock,scored,0.9430419243466484,12.0,123,124,E,
3SKE,equibind,scored,0.007056077987678289,12.0,124,121,D,
3SDK,equibind,scored,0.0,12.0,124,1,OA,
3SL0,diffdock,scored,0.9763105906164102,12.0,85,85,,
3SL0,equibind,scored,0.8561155087394281,12.0,85,83,D,
3SL1,diffdock,scored,0.9653269278325949,12.0,86,87,,
3SL1,equibind,scored,0.8113810970905689,12.0,86,82,,
3SJO,diffdock,scored,0.031068467173383338,12.0,79,105,K,
3SJO,equibind,scored,0.13401619721337804,12.0,105,120,L,
3SLZ,diffdock,scored,0.9746136479194468,12.0,122,123,C,
3SLZ,equibind,scored,0.7699295370730874,12.0,122,125,,
3SIO,diffdock,scored,0.0,12.0,103,110,S,
3SIO,equibind,scored,0.0,12.0,107,29,X,
3SM1,diffdock,scored,0.20942425773535972,12.0,93,54,M:D,
3SM1,equibind,scored,0.30881239334711935,12.0,93,73,M:D,
3SM0,diffdock,scored,0.9037744676282586,12.0,109,114,,
3SM0,equibind,scored,0.7172785883742202,12.0,109,102,C,
3SMQ,diffdock,scored,0.9368423299411806,12.0,65,61,,
3SMQ,equibind,scored,0.08508763065382323,12.0,65,78,,
3SNB,diffdock,scored,0.8587954204066679,12.0,85,80,H:B,
3SNB,equibind,scored,0.6986612955314283,12.0,85,94,H:B,
3SNC,diffdock,scored,0.8110590626415529,12.0,82,85,H:B,
3SNC,equibind,scored,0.7198747825194011,12.0,82,99,H:B,
3SL5,diffdock,scored,0.0,12.0,100,100,S,
3SL5,equibind,scored,0.017647654121231832,12.0,110,126,G,
3SL4,diffdock,scored,0.9408894154008336,12.0,99,103,X,
3SL4,equibind,scored,0.00844016309739214,12.0,99,124,X,
3SL8,diffdock,scored,0.0,12.0,103,105,T,
3SL8,equibind,scored,0.011585422753779911,12.0,106,124,AA,
3SPF,diffdock,scored,0.9079849562191176,12.0,64,66,,
3SPF,equibind,scored,0.8219474698869929,12.0,64,65,B,
3SND,diffdock,scored,0.9056197982356731,12.0,91,87,C:C,
3SND,equibind,scored,0.41491602742883144,12.0,91,87,C:C,
3SOQ,diffdock,scored,0.72705656596205,12.0,85,69,Z:B,
3SOQ,equibind,scored,0.6751790246762674,12.0,85,83,Z:B,
3SHJ,equibind,scored,0.0,12.0,114,6,FA,
3SNI,diffdock,scored,0.8858884050890954,12.0,102,104,F,
3SNI,equibind,scored,0.21295754100813952,12.0,102,76,F,
3STR,diffdock,scored,0.971679879691918,12.0,107,110,,
3STR,equibind,scored,0.8550338241474865,12.0,107,106,,
3SU0,diffdock,scored,0.95243274327453,12.0,87,83,B,
3SU0,equibind,scored,0.8074055766206041,12.0,87,77,B,
3SU1,diffdock,scored,0.9185773955457973,12.0,86,85,,
3SU1,equibind,scored,0.8384032361071841,12.0,86,75,,
3SRB,diffdock,scored,0.9550700184612235,12.0,112,109,,
3SRB,equibind,scored,0.5534654803811128,12.0,112,99,,
3SU2,diffdock,scored,0.9303801698315154,12.0,85,87,,
3SU2,equibind,scored,0.7899279946676556,12.0,85,74,,
3SRC,diffdock,scored,0.933734137537591,12.0,106,101,,
3SRC,equibind,scored,0.5294925496011382,12.0,106,94,,
3SU3,diffdock,scored,0.9534235987001144,12.0,88,86,,
3SU3,equibind,scored,0.7469257399936795,12.0,88,70,,
3SU5,diffdock,scored,0.9098958460603915,12.0,87,89,,
3SU5,equibind,scored,0.7547125478323248,12.0,87,68,,
3SU4,diffdock,scored,0.8501941191635632,12.0,125,126,C,
3SU4,equibind,scored,0.5191688226641604,12.0,125,121,C,
3SU6,diffdock,scored,0.9317647032540818,12.0,87,89,,
3SU6,equibind,scored,0.7896498010409567,12.0,87,72,,
3SUR,diffdock,scored,0.9555368607132376,12.0,92,90,,
3SUR,equibind,scored,0.8243529538182125,12.0,92,86,,
3SUS,diffdock,scored,0.9443739712033371,12.0,92,89,,
3SUS,equibind,scored,0.9089977455109425,12.0,92,86,,
3SV6,diffdock,scored,0.9376134906796855,12.0,82,79,,
3SV6,equibind,scored,0.438390943296373,12.0,82,42,B,
3SUT,diffdock,scored,0.9335517533061668,12.0,91,91,,
3SUT,equibind,scored,0.856447180430483,12.0,91,96,,
3SUV,diffdock,scored,0.9639183494681542,12.0,85,84,,
3SUV,equibind,scored,0.9293219033172477,12.0,85,85,,
3SV2,diffdock,scored,0.7446872156354786,12.0,90,100,,
3SV2,equibind,scored,0.9120021730932611,12.0,90,94,,
3SUU,diffdock,scored,0.9888235192262028,12.0,91,90,,
3SUU,equibind,scored,0.8988205949389549,12.0,91,94,C,
3SUW,diffdock,scored,0.9768036233670078,12.0,86,88,,
3SUW,equibind,scored,0.9282792112327714,12.0,86,84,,
3SV8,diffdock,scored,0.9870880358437262,12.0,79,80,B,
3SV8,equibind,scored,0.673575012670528,12.0,79,58,B,
3SW2,diffdock,scored,0.9898277121254964,12.0,100,99,,
3SW2,equibind,scored,0.8218835514236964,12.0,100,93,,
3SV7,diffdock,scored,0.9245496131687009,12.0,81,77,,
3SV7,equibind,scored,0.3810526586096335,12.0,81,37,B,
3SW8,diffdock,scored,0.9678812848297471,12.0,94,93,,
3SW8,equibind,scored,0.8301013112836952,12.0,94,94,,
3SV9,diffdock,scored,0.9209865379942374,12.0,74,76,,
3SV9,equibind,scored,0.7495778374116755,12.0,74,61,B,
3SXU,diffdock,scored,0.0,12.0,43,68,C:C,
3SXU,equibind,scored,0.09548177985897092,12.0,43,113,C:C,
3SX4,diffdock,scored,0.0,12.0,114,110,J,
3SX4,equibind,scored,0.1049595455378318,12.0,110,131,Q,
3T01,diffdock,scored,0.9767965828668788,12.0,86,86,,
3T01,equibind,scored,0.2890751372094249,12.0,86,90,,
3SYR,diffdock,scored,0.9261381967005093,12.0,122,119,,
3SYR,equibind,scored,0.5479273681961649,12.0,122,122,,
3SWW,diffdock,scored,0.9215601664183534,12.0,103,99,J,
3SWW,equibind,scored,0.08244159183462182,12.0,103,127,J,
3SYM,diffdock,scored,0.9136801222380496,12.0,126,123,,
3SYM,equibind,scored,0.5412659759270202,12.0,126,124,,
3SZB,diffdock,scored,0.977599210090825,12.0,89,89,F,
3SZB,equibind,scored,0.0,12.0,89,100,J,
3T03,diffdock,scored,0.973319361981018,12.0,115,114,F,
3T03,equibind,scored,0.051467236559936284,12.0,116,75,E,
3SZM,diffdock,scored,0.0,12.0,75,101,L:L,
3SZM,equibind,scored,0.0,12.0,73,21,O:O,
3SZ9,equibind,scored,0.0,12.0,99,94,MA,
3T07,diffdock,scored,0.852562312477841,12.0,101,100,F,
3T07,equibind,scored,0.14468090417685925,12.0,101,57,F,
3T1N,diffdock,scored,0.0,12.0,71,45,C:C,
3T1N,equibind,scored,0.1829176312195024,12.0,71,80,C:C,
3T0T,diffdock,scored,0.0,12.0,96,99,E,
3T0T,equibind,scored,0.1309261571286243,12.0,96,69,I,
3T08,equibind,scored,0.0,12.0,102,94,JC,
3T0B,equibind,scored,0.0,12.0,102,102,GA,
3T2W,diffdock,scored,0.9850053045157001,12.0,68,67,,
3T2W,equibind,scored,0.8594719688784158,12.0,68,67,,
3T2V,diffdock,scored,0.09945330621745453,12.0,83,92,,
3T2V,equibind,scored,0.15694059370861846,12.0,83,87,G,
3T0D,equibind,scored,0.0,12.0,96,89,E,
3T09,equibind,scored,0.0,12.0,100,99,GD,
3T3Y,diffdock,scored,0.9799598367917244,12.0,100,100,,
3T3Y,equibind,scored,0.5444864735232361,12.0,100,88,,
3T3D,diffdock,scored,0.9668118773808179,12.0,122,120,,
3T3D,equibind,scored,0.6758818920374356,12.0,122,119,,
3T3E,diffdock,scored,1.0,12.0,123,123,,
3T3E,equibind,scored,0.3067916506360711,12.0,123,121,,
3T3H,diffdock,scored,0.9516763117294229,12.0,127,123,,
3T3H,equibind,scored,0.7549576129400856,12.0,127,127,,
3T3G,diffdock,scored,0.9592634730017537,12.0,123,122,,
3T3G,equibind,scored,0.7082163492426752,12.0,123,122,,
3T3I,diffdock,scored,0.975953879199095,12.0,126,125,,
3T3I,equibind,scored,0.14730354905018084,12.0,126,111,,
3T4N,diffdock,scored,0.8384106123216063,12.0,88,91,,
3T4N,equibind,scored,0.7788806166951033,12.0,88,101,,
3T4P,diffdock,scored,0.6412968852038291,12.0,114,85,B:B,
3T4P,equibind,scored,0.6702573946392203,12.0,114,116,B:B,
3T5U,diffdock,scored,1.0,12.0,90,90,C,
3T5U,equibind,scored,0.8803291426595822,12.0,90,91,C,
3T5I,diffdock,scored,0.0,12.0,76,76,R:F,
3T5I,equibind,scored,0.035638000623572905,12.0,76,69,R:F,
3T64,diffdock,scored,0.9616886145665887,12.0,78,81,E,
3T64,equibind,scored,0.096694783190804,12.0,83,120,G,
3T82,diffdock,scored,0.979925770083282,12.0,103,101,,
3T82,equibind,scored,0.7794337291360779,12.0,103,89,C,
3T70,diffdock,scored,0.9501297380188931,12.0,80,80,E,
3T70,equibind,scored,0.05032200350524411,12.0,82,86,K,
3T6J,diffdock,scored,0.4975179008823209,12.0,160,160,B:B,
3T6J,equibind,scored,0.672251760858385,12.0,160,123,B:B,
3T83,diffdock,scored,0.9717925183792323,12.0,109,108,C,
3T83,equibind,scored,0.7343860744814875,12.0,109,90,C,
3T84,diffdock,scored,0.9801811798904553,12.0,103,103,,
3T84,equibind,scored,0.8184466686775843,12.0,103,95,,
3T2P,equibind,scored,0.0,12.0,101,100,QB,
3T85,diffdock,scored,0.9607723403291099,12.0,102,104,,
3T85,equibind,scored,0.7868877854375508,12.0,102,89,C,
3T6B,diffdock,scored,0.4751721876224674,12.0,163,153,D:D,
3T6B,equibind,scored,0.012651230772249396,12.0,163,99,D:D,
3T2Q,equibind,scored,0.24340334557477342,12.0,99,95,E,
3TAY,diffdock,scored,0.9602717572705527,12.0,51,51,C,
3TAY,equibind,scored,0.024865587715281363,12.0,51,58,C,
3TAO,diffdock,scored,0.9759562434561244,12.0,82,84,C,
3TAO,equibind,scored,0.9127390007762008,12.0,82,79,C,
3TA0,diffdock,scored,0.04781034081214452,12.0,90,97,L,
3TA0,equibind,scored,0.0,12.0,90,109,L,
3TC5,diffdock,scored,1.0,12.0,77,77,,
3TC5,equibind,scored,0.7863437360343349,12.0,77,80,B,
3T8S,diffdock,scored,0.9812741477001397,12.0,55,54,,
3T8S,equibind,scored,0.4746848713481385,12.0,55,78,C,
3TB6,diffdock,scored,0.9461189575550916,12.0,95,92,E,
3TB6,equibind,scored,0.10959866257805558,12.0,95,69,C,
3TCP,diffdock,scored,0.9286585795557221,12.0,81,85,G,
3TCP,equibind,scored,0.21299884558431317,12.0,81,87,G,
3TCY,diffdock,scored,0.1501617165950213,12.0,65,70,,
3TCY,equibind,scored,0.6487612574159397,12.0,65,89,,
3TDH,diffdock,scored,0.8922551513987786,12.0,82,81,,
3TDH,equibind,scored,0.6316034832305062,12.0,82,105,,
3TDJ,diffdock,scored,0.9487295736075797,12.0,97,96,N,
3TDJ,equibind,scored,0.6571461900562029,12.0,97,94,N,
3TFK,diffdock,scored,0.7753075405630168,12.0,173,177,B:B,
3TFK,equibind,scored,0.8458212595082732,12.0,173,166,B:B,
3TD4,diffdock,scored,0.0,12.0,54,84,L,
3TD4,equibind,scored,0.0,12.0,54,76,N,
3TH0,diffdock,scored,0.8362938851628589,12.0,132,112,B:B,
3TH0,equibind,scored,0.6434361672998472,12.0,132,97,B:B,
3TI6,diffdock,scored,0.9448529716322001,12.0,111,107,H,
3TI6,equibind,scored,0.0,12.0,110,112,S,
3TGS,diffdock,scored,0.0,12.0,84,83,I,
3TGS,equibind,scored,0.08234369456252803,12.0,84,94,I,
3TIF,diffdock,scored,0.9794370686392042,12.0,99,99,C,
3TIF,equibind,scored,0.11021195919719037,12.0,99,111,C,
3TIZ,diffdock,scored,0.9873803362260952,12.0,79,80,,
3TIZ,equibind,scored,0.8015946591069655,12.0,79,88,,
3TLH,diffdock,scored,0.9378992790014964,12.0,50,51,,
3TLH,equibind,scored,0.7309323349199174,12.0,50,46,B,
3TJH,diffdock,scored,0.4825126547064234,12.0,189,149,B:B,
3TJH,equibind,scored,0.6423888907567292,12.0,189,148,B:B,
3TKI,diffdock,scored,0.9433329328908688,12.0,86,89,,
3TKI,equibind,scored,0.87386016231118,12.0,86,85,,
3TKW,diffdock,scored,0.9806731336530315,12.0,105,105,,
3TKW,equibind,scored,0.8509355763109296,12.0,105,102,,
3TK2,diffdock,scored,0.05100224777035529,12.0,65,76,,
3TK2,equibind,scored,0.9392738601184202,12.0,65,67,,
3TPP,diffdock,scored,0.9682830927575797,12.0,129,125,,
3TPP,equibind,scored,0.7779967598037386,12.0,129,110,,
3TPR,diffdock,scored,0.9530959133832105,12.0,127,131,,
3TPR,equibind,scored,0.6759965872453653,12.0,127,102,B,
3TPX,diffdock,scored,0.2227181681769657,12.0,82,69,D:D,
3TPX,equibind,scored,0.09574789039523122,12.0,78,100,B:B,
3TKU,diffdock,scored,0.9215052150223453,12.0,86,89,F,
3TKU,equibind,scored,0.0,12.0,34,102,G,
3TS4,diffdock,scored,0.932333883845963,12.0,88,92,,
3TS4,equibind,scored,0.8685290735007682,12.0,88,81,G,
3TSK,diffdock,scored,0.8528466717345883,12.0,80,86,,
3TSK,equibind,scored,0.8378490547008713,12.0,80,85,,
3TNE,diffdock,scored,0.8893747059173492,12.0,130,139,C,
3TNE,equibind,scored,0.23356925177938456,12.0,132,120,D,
3TSZ,diffdock,scored,0.3336376984075404,12.0,110,59,B:B,
3TSZ,equibind,scored,0.20994718872581555,12.0,110,105,B:B,
3TT4,diffdock,scored,0.9641494770412773,12.0,84,83,,
3TT4,equibind,scored,0.8907944038646795,12.0,84,83,,
3TSD,diffdock,scored,0.8882221106970437,12.0,94,99,C,
3TSD,equibind,scored,0.01463268195122849,12.0,94,83,C,
3TU1,diffdock,scored,0.9572304851540256,12.0,70,71,,
3TU1,equibind,scored,0.8636146024188436,12.0,70,78,,
3T8W,equibind,scored,0.0,12.0,147,98,FD,
3TTN,diffdock,scored,0.0,12.0,94,96,D,
3TTN,equibind,scored,0.0741862109873364,12.0,98,91,C,
3TTM,diffdock,scored,1.0,12.0,79,79,C,
3TTM,equibind,scored,0.11912360031066842,12.0,79,67,C,
3TMK,diffdock,scored,0.955748357576637,12.0,139,137,J,
3TMK,equibind,scored,0.0,12.0,136,68,I,
3TTZ,diffdock,scored,0.0,12.0,77,80,C,
3TTZ,equibind,scored,0.14141085109524199,12.0,79,60,F,
3THD,diffdock,scored,0.9360772370293767,12.0,96,92,DA,
3THD,equibind,scored,0.0,12.0,96,55,T,
3TVC,diffdock,scored,0.9328847989505624,12.0,86,90,,
3TVC,equibind,scored,0.8953724147443171,12.0,86,87,,
3TV4,diffdock,scored,0.9808911482518207,12.0,106,108,C,
3TV4,equibind,scored,0.40686555820134546,12.0,110,117,D,
3TV8,diffdock,scored,0.0,12.0,78,79,J,
3TV8,equibind,scored,0.0,12.0,79,74,P,
3TVL,diffdock,scored,0.0,12.0,92,93,C,
3TVL,equibind,scored,0.15056929111136869,12.0,91,83,E,
3TWD,diffdock,scored,0.8606273449358797,12.0,44,40,F,
3TWD,equibind,scored,0.10080708850211034,12.0,44,114,F,
3TWU,diffdock,scored,0.719951157504044,12.0,98,84,B:B,
3TWU,equibind,scored,0.7474661643151691,12.0,98,76,B:B,
3TU9,diffdock,scored,0.0,12.0,95,107,F,
3TU9,equibind,scored,0.0,12.0,95,117,F,
3TV7,diffdock,scored,0.9812165941842014,12.0,108,106,E,
3TV7,equibind,scored,0.0,12.0,108,86,E,
3TWR,diffdock,scored,0.597851331826121,12.0,128,134,F:F,
3TWR,equibind,scored,0.29460944245038584,12.0,185,165,E:E,
3TWS,diffdock,scored,0.48048289874773875,12.0,197,176,E:E,
3TWS,equibind,scored,0.26507422049769197,12.0,197,180,E:E,
3TWP,diffdock,scored,0.9128283162290823,12.0,56,57,Q,
3TWP,equibind,scored,0.0,12.0,57,11,V,
3TWX,diffdock,scored,0.4646937206474479,12.0,139,109,C:C,
3TWX,equibind,scored,0.3063544760810265,12.0,139,171,C:C,
3TXO,diffdock,scored,0.8797814204072918,12.0,97,99,,
3TXO,equibind,scored,0.8509724407864248,12.0,97,102,,
3TWJ,diffdock,scored,0.9735368941248823,12.0,114,115,E,
3TWJ,equibind,scored,0.0034970164704069065,12.0,114,54,E,
3TWV,diffdock,scored,0.3577230212369014,12.0,189,136,E:E,
3TWV,equibind,scored,0.33706768986322405,12.0,189,124,E:E,
3TZ0,diffdock,scored,0.959889396829283,12.0,76,73,,
3TZ0,equibind,scored,0.8765172060714047,12.0,76,73,B,
3TY0,diffdock,scored,0.9549641108007433,12.0,134,134,C,
3TY0,equibind,scored,0.18030737128198732,12.0,134,106,C,
3TZ4,diffdock,scored,0.9340689259744632,12.0,74,75,,
3TZ4,equibind,scored,0.9441467541576443,12.0,74,72,,
3TV5,diffdock,scored,0.0,12.0,65,107,D,
3TV5,equibind,scored,0.04518449338913989,12.0,105,123,E,
3TZM,diffdock,scored,0.970415535581512,12.0,103,102,,
3TZM,equibind,scored,0.7603189311564948,12.0,103,95,,
3U10,diffdock,scored,0.9363798006284494,12.0,78,81,,
3U10,equibind,scored,0.9345717944994126,12.0,78,79,,
3TZA,diffdock,scored,0.9813613607104238,12.0,108,110,G,
3TZA,equibind,scored,0.19547258849739998,12.0,109,113,C,
3U15,diffdock,scored,0.0,12.0,103,95,G,
3U15,equibind,scored,0.1000145854178759,12.0,103,73,G,
3U3U,diffdock,scored,0.9244157115735401,12.0,93,92,,
3U3U,equibind,scored,0.649008799573321,12.0,93,84,,
3U0D,diffdock,scored,0.8895044277690851,12.0,68,74,L,
3U0D,equibind,scored,0.14662137764957303,12.0,62,69,K,
3U3Z,diffdock,scored,0.5271632867847125,12.0,72,59,B:B,
3U3Z,equibind,scored,0.18147400571956224,12.0,72,68,B:B,
3U0T,diffdock,scored,0.0547530343535936,12.0,108,134,F:F,
3U0T,equibind,scored,0.14850897973672003,12.0,136,151,E:C,
3U1Y,diffdock,scored,0.0,12.0,110,131,F,
3U1Y,equibind,scored,0.07304888682700536,12.0,110,93,F,
3U4H,diffdock,scored,0.8131250246786159,12.0,98,99,C,
3U4H,equibind,scored,0.5725186192984423,12.0,98,111,C,
3U0P,diffdock,scored,0.04927075429035397,12.0,99,117,J,
3U0P,equibind,scored,0.13952050458347343,12.0,96,113,T,
3U5L,diffdock,scored,0.8737480273456953,12.0,63,63,,
3U5L,equibind,scored,0.8863057494862107,12.0,63,60,,
3U51,diffdock,scored,0.0,12.0,115,123,C:C,
3U51,equibind,scored,0.003954331847229064,12.0,115,115,C:C,
3U7K,diffdock,scored,0.8713544002527102,12.0,103,100,,
3U7K,equibind,scored,0.8763652673667401,12.0,103,97,B,
3U78,diffdock,scored,0.8537428168844261,12.0,102,101,,
3U78,equibind,scored,0.5440663973972877,12.0,102,118,,
3U7L,diffdock,scored,0.923376020703541,12.0,101,107,,
3U7L,equibind,scored,0.8400149230843986,12.0,101,99,C,
3U7M,diffdock,scored,0.9510677099168462,12.0,101,104,,
3U7M,equibind,scored,0.8215054506822091,12.0,101,99,,
3U7N,diffdock,scored,0.9008172642036208,12.0,101,101,C,
3U7N,equibind,scored,0.7423795971889665,12.0,101,107,,
3U4O,diffdock,scored,0.9547368779459696,12.0,110,111,C,
3U4O,equibind,scored,0.0,12.0,111,118,E,
3U4R,diffdock,scored,0.9775138541119488,12.0,136,135,C,
3U4R,equibind,scored,0.02450628879087187,12.0,138,129,D,
3U81,diffdock,scored,0.9257272715279024,12.0,106,106,B,
3U81,equibind,scored,0.7235445722913587,12.0,106,86,B,
3U8D,diffdock,scored,0.16497542585190164,12.0,111,110,C,
3U8D,equibind,scored,0.5762816366615222,12.0,111,114,H,
3U8H,diffdock,scored,0.9070789485574814,12.0,119,116,H,
3U8H,equibind,scored,0.4991874535544027,12.0,119,107,H,
3U90,diffdock,scored,0.9778398605860265,12.0,45,46,,
3U90,equibind,scored,0.549622579949462,12.0,45,72,,
3U6A,diffdock,scored,0.0,12.0,113,107,H,
3U6A,equibind,scored,0.05051547525811789,12.0,113,82,H,
3U9N,diffdock,scored,0.8657506448800264,12.0,86,88,,
3U9N,equibind,scored,0.781069989416244,12.0,86,79,,
3U9Q,diffdock,scored,1.0,12.0,91,91,,
3U9Q,equibind,scored,0.4676938347418485,12.0,91,100,,
3UCJ,diffdock,scored,0.8171186743313177,12.0,93,94,I,
3UCJ,equibind,scored,0.19186760770006359,12.0,93,114,I,
3U92,diffdock,scored,0.0,12.0,100,98,C,
3U92,equibind,scored,0.33776815401100313,12.0,100,78,C,
3U93,diffdock,scored,0.024294605742525132,12.0,98,41,C,
3U93,equibind,scored,0.07543016181566317,12.0,98,68,C,
3UD7,diffdock,scored,0.9484539267682338,12.0,39,39,D:D,
3UD7,equibind,scored,0.036517384237481514,12.0,39,64,D:D,
3U9C,diffdock,scored,1.0,12.0,84,84,F,
3U9C,equibind,scored,0.0,12.0,84,25,O,
3UDA,diffdock,scored,0.0,12.0,38,40,D:D,
3UDA,equibind,scored,0.5936397761823918,12.0,38,53,D:D,
3UDA_2,diffdock,scored,0.0,12.0,38,39,D:D,
3UDA_2,equibind,scored,0.5671557680928478,12.0,38,55,D:D,
3UBX,diffdock,scored,0.9248373440567045,12.0,193,183,M,
3UBX,equibind,scored,0.0,12.0,193,98,M,
3UDH,diffdock,scored,0.9766140932070062,12.0,86,86,,
3UDH,equibind,scored,0.8138287209097866,12.0,86,82,,
3UDJ,diffdock,scored,0.9557191223774938,12.0,90,92,,
3UDJ,equibind,scored,0.9315261260779045,12.0,90,84,B,
3UDK,diffdock,scored,0.9474428171351612,12.0,94,97,,
3UDK,equibind,scored,0.7685906824222131,12.0,94,94,B,
3UDM,diffdock,scored,0.8490216017314824,12.0,102,97,,
3UDM,equibind,scored,0.9395217521852144,12.0,102,98,,
3UDN,diffdock,scored,0.7494093423225342,12.0,105,109,,
3UDN,equibind,scored,0.8710030349603266,12.0,105,96,,
3UEV,diffdock,scored,0.970919217302303,12.0,104,105,,
3UEV,equibind,scored,0.8013035475606698,12.0,104,102,,
3UDQ,diffdock,scored,0.8948770624766819,12.0,102,105,,
3UDQ,equibind,scored,0.810790297787067,12.0,102,106,,
3UDP,diffdock,scored,0.9409620816032935,12.0,101,105,,
3UDP,equibind,scored,0.8377673040335702,12.0,101,102,,
3UDR,diffdock,scored,0.9480910033137098,12.0,99,94,,
3UDR,equibind,scored,0.7718856542824035,12.0,99,91,B,
3UEW,diffdock,scored,0.9711932971056517,12.0,104,107,,
3UEW,equibind,scored,0.9080531409360856,12.0,104,99,,
3UDY,diffdock,scored,0.9008500391578931,12.0,104,98,,
3UDY,equibind,scored,0.8804143494991384,12.0,104,100,,
3U8L,diffdock,scored,0.0,12.0,83,85,Z,
3U8L,equibind,scored,0.007275925600389721,12.0,85,41,L,
3UEX,diffdock,scored,0.9807991362907977,12.0,106,106,,
3UEX,equibind,scored,0.9029787301740128,12.0,106,110,,
3UE4,diffdock,scored,0.9380158734426541,12.0,97,97,D,
3UE4,equibind,scored,0.11746042566648744,12.0,100,112,C,
3UG2,diffdock,scored,0.9559094100696862,12.0,91,91,,
3UG2,equibind,scored,0.8129093737766737,12.0,91,81,,
3UFL,diffdock,scored,0.9015957703274439,12.0,100,100,B,
3UFL,equibind,scored,0.7809003714295043,12.0,100,100,,
3UHM,diffdock,scored,0.9717465760064187,12.0,109,108,,
3UHM,equibind,scored,0.9532715975191091,12.0,109,110,,
3UIB,diffdock,scored,0.9090757884358664,12.0,88,86,,
3UIB,equibind,scored,0.6987113357642417,12.0,88,78,,
3UH4,diffdock,scored,0.954716639924794,12.0,87,89,K,
3UH4,equibind,scored,0.1679795933299161,12.0,87,81,K,
3UJ9,diffdock,scored,0.9901075546659298,12.0,102,101,,
3UJ9,equibind,scored,0.909523459195887,12.0,102,99,,
3UJC,diffdock,scored,0.9801631542344171,12.0,101,101,,
3UJC,equibind,scored,0.8982739610132027,12.0,101,97,,
3UJD,diffdock,scored,1.0,12.0,100,100,,
3UJD,equibind,scored,0.8029291916868869,12.0,100,98,,
3UNN,diffdock,scored,0.7165768973803335,12.0,41,38,B:B,
3UNN,equibind,scored,0.29886521575810854,12.0,41,42,B:B,
3UMX,diffdock,scored,0.9438724032232821,12.0,88,89,,
3UMX,equibind,scored,0.9218599052018258,12.0,88,91,,
3UO4,diffdock,scored,0.9622507073613452,12.0,79,80,,
3UO4,equibind,scored,0.8326383794306038,12.0,79,87,,
3UMO,diffdock,scored,0.0,12.0,113,112,K,
3UMO,equibind,scored,0.07784315817355225,12.0,71,130,H,
3UMQ,diffdock,scored,0.020754340436299278,12.0,59,71,,
3UMQ,equibind,scored,0.1444226596695481,12.0,59,62,,
3UMP,diffdock,scored,0.0,12.0,112,113,K,
3UMP,equibind,scored,0.0,12.0,70,126,H,
3UOD,diffdock,scored,0.9604531874129358,12.0,76,75,,
3UOD,equibind,scored,0.8446663490136199,12.0,76,80,,
3UF9,diffdock,scored,0.0,12.0,92,97,G,
3UF9,equibind,scored,0.1731090980859037,12.0,92,116,G,
3UOK,diffdock,scored,0.9623804701256764,12.0,81,80,D,
3UOK,equibind,scored,0.034314963239671224,12.0,81,96,C,
3UP2,diffdock,scored,0.9742780629392831,12.0,78,78,,
3UP2,equibind,scored,0.9203559294607028,12.0,78,78,,
3UPV,diffdock,scored,0.5138082782260159,12.0,93,53,B:B,
3UPV,equibind,scored,0.7227785142216517,12.0,93,104,B:B,
3UPK,diffdock,scored,0.9131600731543681,12.0,127,124,I,
3UPK,equibind,scored,0.788021532284511,12.0,127,111,I,
3UPZ,diffdock,scored,0.9497287612812754,12.0,81,79,,
3UPZ,equibind,scored,0.910687750317477,12.0,81,80,,
3UQG,diffdock,scored,0.9259431019960598,12.0,67,66,D,
3UQG,equibind,scored,0.1278625004441009,12.0,79,82,C,
3UQP,diffdock,scored,0.8818607422261349,12.0,132,127,B:B,
3UQP,equibind,scored,0.738440401209781,12.0,132,128,B:B,
3UR9,diffdock,scored,0.0,12.0,70,71,E,
3UR9,equibind,scored,0.019406466891982842,12.0,70,76,E,
3URI,diffdock,scored,0.7424773001500521,12.0,132,114,B:B,
3URI,equibind,scored,0.65421461155216,12.0,132,131,B:B,
3UO9,diffdock,scored,0.9880610674856939,12.0,85,86,G,
3UO9,equibind,scored,0.06723856518085795,12.0,82,99,H,
3UPI,diffdock,scored,0.9673525558924124,12.0,124,124,D,
3UPI,equibind,scored,0.02782142534401963,12.0,124,103,D,
3USN,diffdock,scored,0.9421051752541537,12.0,68,72,G,
3USN,equibind,scored,0.7048225501370019,12.0,68,73,G,
3UVW,diffdock,scored,0.8578679651270418,12.0,63,68,B:B,
3UVW,equibind,scored,0.5873785044136738,12.0,63,54,B:B,
3UVP,diffdock,scored,0.9607742597375534,12.0,104,102,,
3UVP,equibind,scored,0.8230421282564352,12.0,104,96,,
3UVQ,diffdock,scored,0.972062175273009,12.0,109,110,,
3UVQ,equibind,scored,0.6868976983921219,12.0,109,105,B,
3USX,diffdock,scored,0.9098988632212283,12.0,77,78,,
3USX,equibind,scored,0.3437428192840964,12.0,77,90,,
3UUG,diffdock,scored,0.0,12.0,103,101,C,
3UUG,equibind,scored,0.11899274358859835,12.0,105,83,D,
3UXD,diffdock,scored,0.9892020048376989,12.0,92,93,C,
3UXD,equibind,scored,0.23961607722879147,12.0,92,89,C,
3UR0,diffdock,scored,0.9789721882563115,12.0,47,48,G,
3UR0,equibind,scored,0.0,12.0,47,89,G,
3UUO,diffdock,scored,0.010001527360997155,12.0,95,95,C,
3UUO,equibind,scored,0.15740586980997337,12.0,95,70,C,
3UXM,diffdock,scored,0.0,12.0,101,93,K,
3UXM,equibind,scored,0.0,12.0,98,89,H,
3UZ5,diffdock,scored,0.9897291220950802,12.0,97,98,C,
3UZ5,equibind,scored,0.059894874391410245,12.0,97,80,C,
3V0L,diffdock,scored,0.9288311469670009,12.0,100,97,,
3V0L,equibind,scored,0.7094491251054929,12.0,100,77,C,
3V1R,diffdock,scored,0.9333421881326611,12.0,61,57,,
3V1R,equibind,scored,0.7968460769989526,12.0,61,55,,
3V2N,diffdock,scored,0.9769633534145097,12.0,133,130,,
3V2N,equibind,scored,0.5970810718181104,12.0,133,102,F,
3V2O,diffdock,scored,0.41669627721176133,12.0,94,56,B:B,
3V2O,equibind,scored,0.6737790824678437,12.0,94,70,B:B,
3V2P,diffdock,scored,0.965378646222562,12.0,144,147,,
3V2P,equibind,scored,0.34872932714841026,12.0,144,133,,
3UYT,diffdock,scored,0.0,12.0,89,85,H,
3UYT,equibind,scored,0.0,12.0,89,109,H,
3V2Q,diffdock,scored,0.9632571467937818,12.0,139,136,F,
3V2Q,equibind,scored,0.7676986119308635,12.0,139,110,F,
3UXL,diffdock,scored,0.988841663632105,12.0,90,91,F,
3UXL,equibind,scored,0.005217081405506404,12.0,91,84,J,
3V0P,diffdock,scored,0.9278054770727201,12.0,95,96,D,
3V0P,equibind,scored,0.050249195445186794,12.0,95,135,D,
3UXK,diffdock,scored,0.0,12.0,92,93,J,
3UXK,equibind,scored,0.005355814261914665,12.0,91,87,H,
3V2X,diffdock,scored,0.5513028219909117,12.0,109,83,B:B,
3V2X,equibind,scored,0.5998270761097853,12.0,109,73,B:B,
3V30,diffdock,scored,0.6568826288081265,12.0,101,84,B:B,
3V30,equibind,scored,0.6815785883241777,12.0,101,91,B:B,
3V2W,diffdock,scored,0.9679811263625108,12.0,125,127,,
3V2W,equibind,scored,0.7229719849293994,12.0,125,107,,
3V3Q,diffdock,scored,0.988287989538308,12.0,87,86,C,
3V3Q,equibind,scored,0.4489542891843354,12.0,87,84,C,
3V4J,diffdock,scored,0.9360622432224038,12.0,79,76,E,
3V4J,equibind,scored,0.2704178137620005,12.0,62,66,H,
3V5G,diffdock,scored,0.9777199469045621,12.0,89,91,D,
3V5G,equibind,scored,0.7768208481784427,12.0,89,94,D,
3V51,diffdock,scored,0.9642520375321146,12.0,113,113,,
3V51,equibind,scored,0.7090309527670348,12.0,113,108,,
3V5J,diffdock,scored,0.948414571532549,12.0,76,78,E,
3V5J,equibind,scored,0.26792490287983073,12.0,76,94,E,
3V66,diffdock,scored,0.7461602332801398,12.0,134,133,,
3V66,equibind,scored,0.7410821483155502,12.0,134,133,,
3V5T,diffdock,scored,0.9713669512974681,12.0,104,107,,
3V5T,equibind,scored,0.8173240384212497,12.0,104,101,,
3V7S,diffdock,scored,0.9552844495190144,12.0,112,113,,
3V7S,equibind,scored,0.7266736658578266,12.0,112,105,,
3V5L,diffdock,scored,0.9610228088180555,12.0,103,103,H,
3V5L,equibind,scored,0.0,12.0,100,102,F,
3V78,diffdock,scored,0.1499495334987263,12.0,115,107,C,
3V78,equibind,scored,0.23025782480229115,12.0,115,110,D,
3V6S,diffdock,scored,0.6460651193297201,12.0,107,95,D,
3V6S,equibind,scored,0.20788174410685534,12.0,98,89,C,
3V7X,diffdock,scored,0.9366652243633957,12.0,91,97,,
3V7X,equibind,scored,0.824069433454606,12.0,91,98,,
3V8W,diffdock,scored,0.9422085394296924,12.0,84,89,E,
3V8W,equibind,scored,0.23064957095680766,12.0,84,93,E,
3VAP,diffdock,scored,0.9689065961872277,12.0,97,96,B,
3VAP,equibind,scored,0.8449004572582831,12.0,97,100,B,
3VB4,diffdock,scored,0.8236063365168764,12.0,98,88,F:D,
3VB4,equibind,scored,0.16657791392510504,12.0,96,65,E:C,
3VB5,diffdock,scored,0.0,12.0,100,84,F:D,
3VB5,equibind,scored,0.0,12.0,100,86,F:D,
3V7T,diffdock,scored,0.0,12.0,118,121,E,
3V7T,equibind,scored,0.8272219116379873,12.0,118,110,E,
3VB6,diffdock,scored,0.8516488699365015,12.0,92,89,E:C,
3VB6,equibind,scored,0.18843949574628066,12.0,92,114,E:C,
3VBD,diffdock,scored,0.8584016867023643,12.0,93,90,,
3VBD,equibind,scored,0.8710691067994402,12.0,93,93,,
3VB7,diffdock,scored,0.8302186010838667,12.0,95,88,E:C,
3VB7,equibind,scored,0.4069981177472661,12.0,95,73,E:C,
3V4T,equibind,scored,0.0,12.0,141,82,DA,
3VBT,diffdock,scored,1.0,12.0,74,74,,
3VBT,equibind,scored,0.9859388283940286,12.0,74,73,,
3VBG,diffdock,scored,0.9476409844694986,12.0,96,99,G,
3VBG,equibind,scored,0.1812596238508587,12.0,100,92,F,
3VBQ,diffdock,scored,0.9889389466349024,12.0,92,91,,
3VBQ,equibind,scored,0.8598552034949872,12.0,92,89,,
3V4X,diffdock,scored,0.9677681084516551,12.0,126,126,F,
3V4X,equibind,scored,0.0,12.0,116,108,E,
3VBV,diffdock,scored,0.9643519807554555,12.0,84,85,,
3VBV,equibind,scored,0.8507973625912787,12.0,84,82,,
3VBW,diffdock,scored,0.9069447914391243,12.0,77,74,,
3VBW,equibind,scored,0.9473686913037594,12.0,77,79,,
3VC4,diffdock,scored,0.977787885856244,12.0,90,90,,
3VC4,equibind,scored,0.8752597923316199,12.0,90,85,,
3VBX,diffdock,scored,0.9382541724779428,12.0,79,84,,
3VBX,equibind,scored,0.8311466865180459,12.0,79,74,,
3VBY,diffdock,scored,0.9646195929573519,12.0,84,85,,
3VBY,equibind,scored,0.8018805337384473,12.0,84,74,,
3VF3,diffdock,scored,0.9535920179252598,12.0,109,108,,
3VF3,equibind,scored,0.893091331143154,12.0,109,102,B,
3VEU,diffdock,scored,0.9745141274905101,12.0,120,121,,
3VEU,equibind,scored,0.8647892908348785,12.0,120,107,B,
3VF5,diffdock,scored,0.9616865447564611,12.0,104,108,,
3VF5,equibind,scored,0.91910573383389,12.0,104,102,H,
3VG1,diffdock,scored,0.9653824991452725,12.0,116,116,,
3VG1,equibind,scored,0.9086910550758042,12.0,116,114,,
3VGC,diffdock,scored,0.9239021009412866,12.0,92,91,,
3VGC,equibind,scored,0.8892593768229489,12.0,92,90,,
3VEH,diffdock,scored,0.0,12.0,111,112,L,
3VEH,equibind,scored,0.19204100671952584,12.0,111,82,E,
3VH9,diffdock,scored,1.0,12.0,78,78,,
3VH9,equibind,scored,0.9182794640432695,12.0,78,74,,
3VHA,diffdock,scored,0.9057447326750554,12.0,96,99,,
3VHA,equibind,scored,0.9070617345642368,12.0,96,97,,
3VHC,diffdock,scored,0.9112482826914672,12.0,101,102,,
3VHC,equibind,scored,0.7649858908072492,12.0,101,95,,
3VHK,diffdock,scored,0.9912837372287288,12.0,115,116,,
3VHK,equibind,scored,0.6976704648725628,12.0,115,103,,
3VHU,diffdock,scored,0.9485894775606082,12.0,118,120,,
3VHU,equibind,scored,0.930837082790618,12.0,118,118,,
3VD7,equibind,scored,0.0,12.0,98,91,BA,
3VDC,equibind,scored,0.853724614214375,12.0,103,106,E,
3VD4,equibind,scored,0.4612480628897863,12.0,102,101,Y,
3VDB,equibind,scored,0.0,12.0,100,99,CA,
3VO3,diffdock,scored,0.9913257560214603,12.0,117,116,,
3VO3,equibind,scored,0.9029269952982817,12.0,117,114,,
3VJL,diffdock,scored,0.0,12.0,128,129,H,
3VJL,equibind,scored,0.10045492710851596,12.0,128,154,H,
3VJK,diffdock,scored,0.0,12.0,120,120,H,
3VJK,equibind,scored,0.04078234420195732,12.0,120,126,H,
3VD9,equibind,scored,0.0,12.0,103,103,HB,
3VOZ,diffdock,scored,0.9472426039191275,12.0,38,38,,
3VOZ,equibind,scored,0.22483410379965138,12.0,38,87,,
3VP2,diffdock,scored,0.108668822030021,12.0,35,83,,
3VP2,equibind,scored,0.09630255749606607,12.0,35,71,,
3VP1,diffdock,scored,0.9475504323972318,12.0,38,38,,
3VP1,equibind,scored,0.2528621003607655,12.0,38,85,,
3VJM,diffdock,scored,0.9110526140329354,12.0,127,118,H,
3VJM,equibind,scored,0.069690686469124,12.0,127,143,M,
3VP3,diffdock,scored,0.05830407580342984,12.0,32,90,,
3VP3,equibind,scored,0.04847769209909388,12.0,32,73,B,
3VP4,diffdock,scored,0.9094188164019356,12.0,32,33,,
3VP4,equibind,scored,0.10185341911314048,12.0,32,84,,
3VRT,diffdock,scored,0.958351968854122,12.0,125,120,,
3VRT,equibind,scored,0.9194289993640616,12.0,125,127,,
3VRU,diffdock,scored,0.9690073042936129,12.0,130,130,,
3VRU,equibind,scored,0.8990275468062318,12.0,130,131,,
3VRV,diffdock,scored,0.9690371216782244,12.0,131,129,,
3VRV,equibind,scored,0.9133859052955318,12.0,131,128,,
3VRW,diffdock,scored,0.9693577679766252,12.0,131,133,,
3VRW,equibind,scored,0.8758034668650402,12.0,131,120,C,
3VTC,diffdock,scored,0.992511603666433,12.0,136,135,,
3VTC,equibind,scored,0.8457945075013612,12.0,136,123,,
3VTB,diffdock,scored,0.9701401834417418,12.0,136,134,,
3VTB,equibind,scored,0.8458772447395162,12.0,136,132,,
3VTD,diffdock,scored,0.9548232848835401,12.0,134,132,,
3VTD,equibind,scored,0.8740623446610942,12.0,134,130,,
3VSX,diffdock,scored,0.9822265292641937,12.0,116,114,D,
3VSX,equibind,scored,0.0,12.0,116,127,D,
3VSW,diffdock,scored,0.9248332640403509,12.0,130,136,F,
3VSW,equibind,scored,0.11348699881511114,12.0,130,131,F,
3VTR,diffdock,scored,0.9106556176923885,12.0,104,97,B:B,
3VTR,equibind,scored,0.8226245274465658,12.0,104,91,B:B,
3VRY,diffdock,scored,0.0,12.0,105,105,C,
3VRY,equibind,scored,0.01846970642929223,12.0,107,93,G,
3VV8,diffdock,scored,0.8806486366582342,12.0,101,99,,
3VV8,equibind,scored,0.8397342906362021,12.0,101,101,,
3VV7,diffdock,scored,0.9598376463641344,12.0,102,100,,
3VV7,equibind,scored,0.7130189445519063,12.0,102,98,,
3VVY,diffdock,scored,0.027036210399857315,12.0,103,104,E,
3VVY,equibind,scored,0.05095167403840788,12.0,104,58,F,
3VW7,diffdock,scored,0.951319797099974,12.0,105,104,,
3VW7,equibind,scored,0.673254020935766,12.0,105,119,,
3VVA,diffdock,scored,0.0,12.0,110,107,T,
3VVA,equibind,scored,0.0,12.0,106,118,H,
3VVZ,diffdock,scored,0.9673621860406639,12.0,123,123,E,
3VVZ,equibind,scored,0.029307115389371665,12.0,123,72,E,
3VWS,diffdock,scored,0.0838808730666756,12.0,92,87,D,
3VWS,equibind,scored,0.5979123894154255,12.0,92,93,D,
3VX3,diffdock,scored,0.9575404281887366,12.0,119,118,G,
3VX3,equibind,scored,0.41124486187549164,12.0,118,127,C,
3VZG,diffdock,scored,0.8970188593486985,12.0,41,37,A:THR:201+A:MAN:202,
3VZG,equibind,scored,0.9473521132397945,12.0,41,41,A:THR:201+A:MAN:202,
3VYD,diffdock,scored,0.9629961702461427,12.0,109,109,D,
3VYD,equibind,scored,0.03787970796707655,12.0,109,122,F,
3VYE,diffdock,scored,0.0,12.0,111,108,D,
3VYE,equibind,scored,0.029426211342134575,12.0,109,123,F,
3W07,diffdock,scored,0.9538831097236822,12.0,86,88,B,
3W07,equibind,scored,0.8335223906132501,12.0,86,84,B,
3VYF,diffdock,scored,0.9815725919727832,12.0,111,111,F,
3VYF,equibind,scored,0.19662479259425547,12.0,111,121,F,
3W2O,diffdock,scored,0.9499657007634151,12.0,101,100,,
3W2O,equibind,scored,0.803577764090865,12.0,101,101,B,
3W2P,diffdock,scored,0.8990996431357752,12.0,112,107,,
3W2P,equibind,scored,0.8379073273997384,12.0,112,101,B,
3W2R,diffdock,scored,0.9843317847519003,12.0,129,129,,
3W2R,equibind,scored,0.7861869433029433,12.0,129,122,,
3W2S,diffdock,scored,0.9592045701183292,12.0,124,123,,
3W2S,equibind,scored,0.7800659324506709,12.0,124,117,,
3W2Q,diffdock,scored,0.9385415214781596,12.0,115,112,B,
3W2Q,equibind,scored,0.7799631002921926,12.0,115,98,,
3W9K,diffdock,scored,0.9701983050599238,12.0,69,67,,
3W9K,equibind,scored,0.9087953965757353,12.0,69,73,,
3W69,diffdock,scored,0.022305120340183827,12.0,64,64,E,
3W69,equibind,scored,0.24368970885493876,12.0,61,81,C,
3W55,diffdock,scored,0.9005142855966459,12.0,80,78,,
3W55,equibind,scored,0.8668235571741706,12.0,80,83,B,
3W5T,diffdock,scored,0.97602282404178,12.0,129,128,,
3W5T,equibind,scored,0.8875153795466818,12.0,129,127,,
3W9R,diffdock,scored,0.9771213172743755,12.0,89,87,,
3W9R,equibind,scored,0.8630667582421496,12.0,89,85,,
3WAB,diffdock,scored,0.9789781489237562,12.0,96,96,,
3WAB,equibind,scored,0.76080220161826,12.0,96,93,,
3W5N,equibind,scored,0.9061898286260821,12.0,85,87,C,
3W37,diffdock,scored,0.9510294342308887,12.0,103,104,D:D,
3W37,equibind,scored,0.7577578322806271,12.0,103,103,D:D,
3W0L,diffdock,scored,0.0,12.0,122,121,G,
3W0L,equibind,scored,0.0,12.0,120,75,L,
3WAV,diffdock,scored,0.9151145063001328,12.0,104,105,,
3WAV,equibind,scored,0.6509609613594455,12.0,104,98,,
3W2T,diffdock,scored,0.9487612991614796,12.0,96,97,P,
3W2T,equibind,scored,0.1382794578091998,12.0,97,118,K,
3WAW,diffdock,scored,0.8601658600758723,12.0,105,102,,
3WAW,equibind,scored,0.6514830890102192,12.0,105,101,,
3WAX,diffdock,scored,0.9021497384982167,12.0,133,126,,
3WAX,equibind,scored,0.5887159083087958,12.0,133,113,,
3WAY,diffdock,scored,0.9234354856612204,12.0,132,126,,
3WAY,equibind,scored,0.6321551684649901,12.0,132,120,,
3WE4,diffdock,scored,0.9890264589121589,12.0,93,92,,
3WE4,equibind,scored,0.70164685240377,12.0,93,103,,
3WF7,diffdock,scored,0.9343243136239359,12.0,92,90,,
3WF7,equibind,scored,0.8254583521365567,12.0,92,83,,
3WFF,diffdock,scored,0.9541651575967299,12.0,109,110,B,
3WFF,equibind,scored,0.8905102596922457,12.0,109,109,,
3WGW,diffdock,scored,0.951642986100189,12.0,84,82,C,
3WGW,equibind,scored,0.44188719036172347,12.0,84,76,C,
3WD9,diffdock,scored,0.9741533818316865,12.0,118,119,C,
3WD9,equibind,scored,0.1381033195865573,12.0,120,107,F,
3WFG,diffdock,scored,0.9510357229785622,12.0,106,103,,
3WFG,equibind,scored,0.8107462764006459,12.0,106,110,,
3WHA,diffdock,scored,0.0,12.0,103,104,E,
3WHA,equibind,scored,0.10066658689367987,12.0,103,107,E,
3WJW,diffdock,scored,0.9129017213846385,12.0,90,90,,
3WJW,equibind,scored,0.7916694857812819,12.0,90,82,,
3WI2,diffdock,scored,0.025913675779305607,12.0,99,108,H,
3WI2,equibind,scored,0.17991951112185423,12.0,107,89,E,
3WIX,diffdock,scored,0.9537748575759948,12.0,107,110,H,
3WIX,equibind,scored,0.0,12.0,107,104,H,
3WK5,diffdock,scored,0.9028796416399725,12.0,102,100,,
3WK5,equibind,scored,0.7252077926310274,12.0,102,95,,
3WK4,diffdock,scored,0.9230337745747491,12.0,102,102,,
3WK4,equibind,scored,0.8094144925078338,12.0,102,106,,
3WK6,diffdock,scored,0.9096819757230228,12.0,108,108,,
3WK6,equibind,scored,0.7768338796859121,12.0,108,102,,
3WK7,diffdock,scored,0.9583280085379405,12.0,97,95,,
3WK7,equibind,scored,0.8701297901310089,12.0,97,100,,
3WK8,diffdock,scored,0.9150752692796502,12.0,94,92,,
3WK8,equibind,scored,0.6833596394262315,12.0,94,100,,
3WK9,diffdock,scored,0.9805428706939041,12.0,102,104,,
3WK9,equibind,scored,0.6314326672322922,12.0,102,93,,
3WKA,diffdock,scored,0.9662494268423606,12.0,90,87,,
3WKA,equibind,scored,0.77539490316315,12.0,90,100,,
3WKC,diffdock,scored,0.937647684771012,12.0,93,99,,
3WKC,equibind,scored,0.7888358622193794,12.0,93,99,,
3WKB,diffdock,scored,0.9661689977852204,12.0,87,90,,
3WKB,equibind,scored,0.3219564097131454,12.0,87,95,,
3WKE,diffdock,scored,0.9442183377678575,12.0,127,126,,
3WKE,equibind,scored,0.6569015168929697,12.0,127,118,,
3WKD,diffdock,scored,0.9533393317859814,12.0,86,84,,
3WKD,equibind,scored,0.560801017753856,12.0,86,108,,
3WMB,diffdock,scored,0.9882831154269772,12.0,87,86,,
3WMB,equibind,scored,0.7903922358202744,12.0,87,83,,
3WNR,diffdock,scored,0.019023101000630364,12.0,64,62,D,
3WNR,equibind,scored,0.1581862039259559,12.0,76,84,K,
3WNS,diffdock,scored,0.9023813089147591,12.0,74,67,M,
3WNS,equibind,scored,0.20673037801552702,12.0,74,76,M,
3WMC,diffdock,scored,0.9246742546165463,12.0,89,94,,
3WMC,equibind,scored,0.7476497148810644,12.0,89,100,,
3WNT,diffdock,scored,0.032241567678525554,12.0,74,72,D,
3WNT,equibind,scored,0.2073459181597617,12.0,74,81,I,
3WQV,diffdock,scored,0.5337866738694961,12.0,109,123,B:B,
3WQV,equibind,scored,0.8614993841010379,12.0,109,108,B:B,
3WQW,diffdock,scored,0.8979697341076419,12.0,108,109,B:B,
3WQW,equibind,scored,0.8231569858105902,12.0,108,102,B:B,
3WT7,diffdock,scored,0.9621663867344044,12.0,134,131,,
3WT7,equibind,scored,0.9245032092409095,12.0,134,132,,
3WT5,diffdock,scored,0.9294885969735693,12.0,128,133,,
3WT5,equibind,scored,0.8661064692977793,12.0,128,131,,
3WS8,diffdock,scored,0.9509213591092393,12.0,101,102,E,
3WS8,equibind,scored,0.167260693737065,12.0,101,93,E,
3WS9,diffdock,scored,0.9391415903585784,12.0,96,100,E,
3WS9,equibind,scored,0.21552874412849576,12.0,96,89,E,
3WV1,diffdock,scored,0.9752747006823622,12.0,82,82,P,
3WV1,equibind,scored,0.2708518185547051,12.0,83,119,I,
3WQH,diffdock,scored,0.0,12.0,118,113,J,
3WQH,equibind,scored,0.04866434768934987,12.0,123,130,Q,
3WTJ,diffdock,scored,0.0,12.0,81,84,J,
3WTJ,equibind,scored,0.00644259649643084,12.0,81,40,J,
3WV2,diffdock,scored,0.9587468278084846,12.0,72,73,H,
3WV2,equibind,scored,0.12035968729635868,12.0,72,81,H,
3WV3,diffdock,scored,0.9725633015139594,12.0,72,74,R,
3WV3,equibind,scored,0.35776889025048103,12.0,70,97,J,
3WTK,diffdock,scored,0.9194728229702677,12.0,88,83,F,
3WTK,equibind,scored,0.03551138843140797,12.0,87,40,H,
3WVM,diffdock,scored,0.9773634885809083,12.0,89,89,,
3WVM,equibind,scored,0.9048670450517776,12.0,89,87,B,
3WTO,diffdock,scored,0.0,12.0,87,81,J,
3WTO,equibind,scored,0.015468247848969581,12.0,84,32,I,
3WZ6,diffdock,scored,0.8329651518520789,12.0,104,101,,
3WZ6,equibind,scored,0.8280792891111617,12.0,104,112,J,
3WZN,diffdock,scored,0.9864211663109801,12.0,74,75,C,
3WZN,equibind,scored,0.6590374613558205,12.0,74,90,C,
3WYK,diffdock,scored,0.009493620966632216,12.0,95,103,H,
3WYK,equibind,scored,0.31011426784866813,12.0,99,86,E,
3WYL,diffdock,scored,0.9416007236918505,12.0,102,102,H,
3WYL,equibind,scored,0.24109337676331113,12.0,102,90,E,
3ZBF,diffdock,scored,0.9175244591903376,12.0,87,82,,
3ZBF,equibind,scored,0.8190406505510134,12.0,87,76,,
3WYM,diffdock,scored,0.8977266633802319,12.0,104,109,H,
3WYM,equibind,scored,0.22705156702999862,12.0,108,87,E,
3WZP,diffdock,scored,0.011524272337028916,12.0,100,98,I,
3WZP,equibind,scored,0.3519310598503182,12.0,99,109,K,
3WTN,diffdock,scored,0.9770192733340665,12.0,88,86,FB,
3WTN,equibind,scored,0.0,12.0,88,28,FB,
3ZHF,diffdock,scored,0.665823729063715,12.0,51,39,B:B,
3ZHF,equibind,scored,0.6320798730721565,12.0,51,43,B:B,
3X1K,diffdock,scored,0.02214502472224203,12.0,112,108,G,
3X1K,equibind,scored,0.03234918956976103,12.0,112,104,L,
3ZI8,diffdock,scored,0.2535474927475486,12.0,34,56,,
3ZI8,equibind,scored,0.4095808125901798,12.0,34,39,,
3ZHX,diffdock,scored,0.926081105660824,12.0,95,92,D,
3ZHX,equibind,scored,0.18734672381904713,12.0,95,100,D,
3ZI0,diffdock,scored,0.0,12.0,94,91,C,
3ZI0,equibind,scored,0.2618979573638862,12.0,94,105,,
3ZC6,diffdock,scored,0.0,12.0,92,94,O,
3ZC6,equibind,scored,0.02292618969439596,12.0,93,73,M,
3ZH8,diffdock,scored,0.8909521790582382,12.0,91,91,I,
3ZH8,equibind,scored,0.04152551949041066,12.0,91,67,R,
3ZK6,diffdock,scored,0.8183205150023184,12.0,119,112,C,
3ZK6,equibind,scored,0.5343266684349726,12.0,119,90,C,
3ZJ6,diffdock,scored,0.9101868564072026,12.0,109,111,E,
3ZJ6,equibind,scored,0.055768333770045406,12.0,110,84,G,
3ZDH,diffdock,scored,0.0,12.0,79,80,M,
3ZDH,equibind,scored,0.0,12.0,81,29,V,
3ZJ8,diffdock,scored,0.9349110728585345,12.0,108,105,C,
3ZJ8,equibind,scored,0.027845040187831103,12.0,108,111,C,
3ZLS,diffdock,scored,0.9258913482201535,12.0,81,79,,
3ZLS,equibind,scored,0.8882158996964407,12.0,81,80,,
3ZKI,diffdock,scored,0.0,12.0,122,121,C,
3ZKI,equibind,scored,0.10853464002359432,12.0,122,82,C,
3ZLW,diffdock,scored,0.9740280273153974,12.0,78,80,,
3ZLW,equibind,scored,0.5864247361665276,12.0,78,84,,
3ZLX,diffdock,scored,0.8914804973589323,12.0,80,85,,
3ZLX,equibind,scored,0.6500542054217153,12.0,80,79,B,
3ZLY,diffdock,scored,0.9183281871691998,12.0,71,73,,
3ZLY,equibind,scored,0.8519926563528354,12.0,71,78,,
3ZM4,diffdock,scored,0.9483794738791068,12.0,78,78,,
3ZM4,equibind,scored,0.6780243593537143,12.0,78,83,,
3ZLL,diffdock,scored,1.0,12.0,72,72,E,
3ZLL,equibind,scored,0.0,12.0,72,88,N,
3ZMI,diffdock,scored,0.9606385668514145,12.0,75,78,,
3ZMI,equibind,scored,0.5943613462205553,12.0,75,89,,
3ZMH,diffdock,scored,0.9755364158086399,12.0,83,81,B,
3ZMH,equibind,scored,0.8991239427572291,12.0,83,81,B,
3ZMJ,diffdock,scored,1.0,12.0,78,78,,
3ZMJ,equibind,scored,0.8639003371175769,12.0,78,72,B,
3ZJC,diffdock,scored,0.95459850491057,12.0,113,110,R,
3ZJC,equibind,scored,0.11898380489283565,12.0,104,112,J,
3ZM5,diffdock,scored,0.9432432446416864,12.0,105,105,,
3ZM5,equibind,scored,0.6978538764032512,12.0,105,97,B,
3ZMG,diffdock,scored,0.9737656654921432,12.0,113,116,,
3ZMG,equibind,scored,0.7420520989390995,12.0,113,106,,
3ZLV,diffdock,scored,0.9880322903908271,12.0,84,83,C,
3ZLV,equibind,scored,0.09429058021889604,12.0,84,84,C,
3ZDG,equibind,scored,0.0,12.0,83,32,XA,
3ZNC,diffdock,scored,0.9762757911704025,12.0,86,86,C,
3ZNC,equibind,scored,0.855750530034878,12.0,86,93,C,
3ZOT,diffdock,scored,1.0,12.0,79,79,,
3ZOT,equibind,scored,0.591378585248883,12.0,79,90,,
3ZO1,diffdock,scored,0.9766673004069785,12.0,87,89,,
3ZO1,equibind,scored,0.8920814777972671,12.0,87,95,,
3ZPS,diffdock,scored,0.990162504916563,12.0,105,104,F,
3ZPS,equibind,scored,0.9602655378034822,12.0,105,103,F,
3ZO2,diffdock,scored,0.9666969222673619,12.0,91,90,,
3ZO2,equibind,scored,0.9038759514388587,12.0,91,94,,
3ZO4,diffdock,scored,0.7624043814987344,12.0,105,101,,
3ZO4,equibind,scored,0.8004034398977806,12.0,105,109,,
3ZMM,diffdock,scored,0.9482260760787982,12.0,78,78,C,
3ZMM,equibind,scored,0.02572321709645223,12.0,78,88,C,
3ZPQ,diffdock,scored,0.9694942374619032,12.0,98,99,I,
3ZPQ,equibind,scored,0.1730821072313174,12.0,99,90,S,
3ZPU,diffdock,scored,0.9902635918593011,12.0,105,106,,
3ZPU,equibind,scored,0.9499154855650471,12.0,105,104,F,
3ZQT,diffdock,scored,0.8462518335190048,12.0,51,53,,
3ZQT,equibind,scored,0.766759753627004,12.0,51,60,,
3ZQ9,diffdock,scored,0.9427861001531872,12.0,87,88,A:NOY:1519+A:BGC:1520,
3ZQ9,equibind,scored,0.8362044981184565,12.0,87,83,A:NOY:1519+A:BGC:1520,
3ZSQ,diffdock,scored,0.013158498868373995,12.0,63,61,H,
3ZSQ,equibind,scored,0.36508768951568366,12.0,63,88,H,
3ZQE,diffdock,scored,0.7922630478985259,12.0,77,73,,
3ZQE,equibind,scored,0.24036738484737583,12.0,77,102,,
3ZRL,diffdock,scored,0.8622154719054003,12.0,76,70,I,
3ZRL,equibind,scored,0.0,12.0,76,94,O,
3ZRK,diffdock,scored,0.9739138318682768,12.0,76,78,I,
3ZRK,equibind,scored,0.0,12.0,76,97,I,
3ZRM,diffdock,scored,0.9346825731981683,12.0,77,80,N,
3ZRM,equibind,scored,0.0,12.0,77,110,N,
3ZSW,diffdock,scored,0.04105120924831072,12.0,63,69,Q,
3ZSW,equibind,scored,0.2132563643760469,12.0,63,113,Q,
3ZSX,diffdock,scored,0.007178640222222145,12.0,61,62,P,
3ZSX,equibind,scored,0.15453833462146901,12.0,61,140,H,
3ZSY,diffdock,scored,0.020572810790772,12.0,61,60,G,
3ZSY,equibind,scored,0.07634273571204747,12.0,61,110,L,
3ZRC,diffdock,scored,0.0,12.0,71,60,M,
3ZRC,equibind,scored,0.0,12.0,71,103,N,
3ZT1,diffdock,scored,0.9512123294901593,12.0,63,60,O,
3ZT1,equibind,scored,0.19796866563955798,12.0,63,130,H,
3ZSZ,diffdock,scored,0.019977326019951683,12.0,59,60,H,
3ZSZ,equibind,scored,0.36173877343484023,12.0,59,105,H,
3ZT2,diffdock,scored,0.014601095835221544,12.0,60,61,I,
3ZT2,equibind,scored,0.41851320163208056,12.0,78,124,P,
3ZT3,diffdock,scored,0.014732664191920044,12.0,60,61,I,
3ZT3,equibind,scored,0.04950924866821123,12.0,60,114,P,
3ZT4,diffdock,scored,0.9500715436656599,12.0,60,61,H,
3ZT4,equibind,scored,0.49785672466458364,12.0,79,116,I,
3ZTX,diffdock,scored,0.8690713468595848,12.0,84,81,F,
3ZTX,equibind,scored,0.1423540136513869,12.0,91,59,E,
3ZST,diffdock,scored,0.8387792811883563,12.0,52,59,C:C,
3ZST,equibind,scored,0.0,12.0,52,12,C:C,
3ZV7,diffdock,scored,0.9787972781245619,12.0,97,95,,
3ZV7,equibind,scored,0.7947582454492917,12.0,97,107,,
3ZTC,diffdock,scored,0.9445663417175225,12.0,73,71,N,
3ZTC,equibind,scored,0.0,12.0,62,94,P,
3ZXE,diffdock,scored,0.9442192585527462,12.0,54,55,C,
3ZXE,equibind,scored,0.032799684126924314,12.0,53,104,D,
3ZVV,diffdock,scored,0.963115692082338,12.0,81,80,,
3ZVV,equibind,scored,0.865038112132765,12.0,81,82,,
3ZTD,diffdock,scored,0.0,12.0,62,72,O,
3ZTD,equibind,scored,0.0,12.0,71,74,N,
3ZW3,diffdock,scored,0.9888083055477297,12.0,91,90,,
3ZW3,equibind,scored,0.9203221440210806,12.0,91,90,,
3ZXZ,diffdock,scored,0.9680263356826836,12.0,94,95,,
3ZXZ,equibind,scored,0.8812489469068483,12.0,94,91,,
3ZXH,diffdock,scored,0.8990778073532926,12.0,77,79,I,
3ZXH,equibind,scored,0.8215143251292591,12.0,77,79,I,
3ZUK,diffdock,scored,0.0,12.0,124,125,D,
3ZUK,equibind,scored,0.03379223914743094,12.0,121,132,JA,
3ZYH,diffdock,scored,0.9765421985635607,12.0,43,44,F,
3ZYH,equibind,scored,0.24122408603370488,12.0,43,52,F,
3ZYA,diffdock,scored,0.9556452053218703,12.0,90,92,,
3ZYA,equibind,scored,0.7396498461020726,12.0,90,94,,
3ZYU,diffdock,scored,0.9688328959764456,12.0,63,65,G,
3ZYU,equibind,scored,0.23322831169850858,12.0,63,59,G,
3ZZE,diffdock,scored,0.9260697534788735,12.0,93,96,,
3ZZE,equibind,scored,0.7111425642891831,12.0,93,91,,
3ZYB,diffdock,scored,0.22947034617785164,12.0,77,75,I:I,
3ZYB,equibind,scored,0.12673001615237728,12.0,77,63,I:I,
4A4L,diffdock,scored,0.9540113934102322,12.0,89,85,,
4A4L,equibind,scored,0.8851535714515192,12.0,89,83,,
4A4E,diffdock,scored,0.9671198323488035,12.0,31,30,B,
4A4E,equibind,scored,0.9663359820736216,12.0,31,32,B,
4A4F,diffdock,scored,0.9660721962274976,12.0,30,29,B,
4A4F,equibind,scored,0.7917082948855416,12.0,30,37,B,
4A4G,diffdock,scored,0.9330860417203787,12.0,31,29,B,
4A4G,equibind,scored,1.0,12.0,31,31,B,
3ZZF,diffdock,scored,0.9683916558313433,12.0,94,95,GA,
3ZZF,equibind,scored,0.020388015215992344,12.0,94,110,GA,
4A4O,diffdock,scored,0.9317591496723817,12.0,88,86,,
4A4O,equibind,scored,0.8966315077575987,12.0,88,87,,
3ZZH,diffdock,scored,0.0,12.0,71,60,,
3ZZH,equibind,scored,0.35450738549703703,12.0,71,78,,
4A4X,diffdock,scored,0.9388137653266028,12.0,83,80,,
4A4X,equibind,scored,0.8889869986943801,12.0,83,82,,
4A50,diffdock,scored,0.9643291178121104,12.0,86,83,D,
4A50,equibind,scored,0.8637659812046224,12.0,86,79,D,
4A4V,diffdock,scored,1.0,12.0,102,102,C,
4A4V,equibind,scored,0.15094371543219823,12.0,118,87,D,
4A6B,diffdock,scored,0.9904371787392856,12.0,109,108,,
4A6B,equibind,scored,0.8649733602407018,12.0,109,109,C,
3ZXR,diffdock,scored,0.0,12.0,96,99,PA,
3ZXR,equibind,scored,0.0,12.0,97,0,G,
4A6C,diffdock,scored,0.9423643177439085,12.0,108,102,,
4A6C,equibind,scored,0.808122289105868,12.0,108,117,,
4A7I,diffdock,scored,0.9390729707233741,12.0,100,98,,
4A7I,equibind,scored,0.8416998133575564,12.0,100,87,,
4A7C,diffdock,scored,0.8948139678190209,12.0,87,80,,
4A7C,equibind,scored,0.928351630708681,12.0,87,87,,
4A6W,diffdock,scored,1.0,12.0,87,87,,
4A6W,equibind,scored,0.8436413679067901,12.0,87,89,,
4A6S,diffdock,scored,0.9540854332759449,12.0,43,45,H,
4A6S,equibind,scored,0.0,12.0,43,82,J,
4A22,diffdock,scored,0.9720330180251698,12.0,106,109,E,
4A22,equibind,scored,0.03050741167202654,12.0,106,87,E,
4A7B,diffdock,scored,0.0,12.0,82,86,C,
4A7B,equibind,scored,0.15043097781359993,12.0,82,99,C,
4A6L,diffdock,scored,0.06875883355692143,12.0,118,116,G,
4A6L,equibind,scored,0.0,12.0,118,67,F,
4A9M,diffdock,scored,0.0,12.0,64,86,G,
4A9M,equibind,scored,0.06202111903121141,12.0,85,112,H,
4A9N,diffdock,scored,0.0,12.0,66,86,G,
4A9N,equibind,scored,0.1967429539976912,12.0,66,103,G,
4A9R,diffdock,scored,0.9378101795203506,12.0,78,83,,
4A9R,equibind,scored,0.8488243096854226,12.0,78,82,,
4A9S,diffdock,scored,0.9737706872574224,12.0,77,75,,
4A9S,equibind,scored,0.8061461452101952,12.0,77,87,,
4A9U,diffdock,scored,0.9504416888418424,12.0,81,79,,
4A9U,equibind,scored,0.8346726936349657,12.0,81,76,,
4AA0,diffdock,scored,0.9638804205155986,12.0,113,113,,
4AA0,equibind,scored,0.7680698839346307,12.0,113,100,,
4AB8,diffdock,scored,0.9633393023440644,12.0,82,81,,
4AB8,equibind,scored,0.8524795441827788,12.0,82,80,,
4AA5,diffdock,scored,0.9612778528456105,12.0,106,104,,
4AA5,equibind,scored,0.9240211248791154,12.0,106,108,,
4AAC,diffdock,scored,0.937790955545114,12.0,112,111,,
4AAC,equibind,scored,0.8357031865169244,12.0,112,106,,
4A51,diffdock,scored,0.0,12.0,85,100,Q,
4A51,equibind,scored,0.0,12.0,101,95,PA,
4AB9,diffdock,scored,0.9879663387366782,12.0,84,83,,
4AB9,equibind,scored,0.9269081596575622,12.0,84,82,,
4AA7,diffdock,scored,0.08704951354332102,12.0,43,48,E,
4AA7,equibind,scored,0.10299177323148552,12.0,43,103,C,
4AA1,diffdock,scored,0.35883311091235964,12.0,145,133,P:B,
4AA1,equibind,scored,0.7001651484576661,12.0,145,119,P:B,
4A95,diffdock,scored,0.0,12.0,95,93,D,
4A95,equibind,scored,0.0,12.0,91,86,M,
4ABA,diffdock,scored,0.9877115016588904,12.0,82,81,,
4ABA,equibind,scored,0.8773523027202156,12.0,82,80,,
4ABD,diffdock,scored,0.9753153299659474,12.0,82,80,,
4ABD,equibind,scored,0.9151785724143202,12.0,82,81,,
4ABB,diffdock,scored,1.0,12.0,80,80,,
4ABB,equibind,scored,0.8752151642233985,12.0,80,82,,
4ABE,diffdock,scored,0.9261135910081357,12.0,82,78,,
4ABE,equibind,scored,0.8800121564404658,12.0,82,84,,
4ABF,diffdock,scored,1.0,12.0,80,80,,
4ABF,equibind,scored,0.8494021663416715,12.0,80,80,,
4ABK,diffdock,scored,0.9627426914849814,12.0,83,80,,
4ABK,equibind,scored,0.876043143119023,12.0,83,85,,
4ABH,diffdock,scored,0.9511339193774362,12.0,82,80,,
4ABH,equibind,scored,0.8631976420498907,12.0,82,79,,
4ABU,diffdock,scored,0.7886433299751386,12.0,57,67,C,
4ABU,equibind,scored,0.3718621832948373,12.0,57,80,C,
4ABV,diffdock,scored,0.11582045479940235,12.0,58,60,D,
4ABV,equibind,scored,0.5875192417783228,12.0,57,67,C,
4AFE,diffdock,scored,0.9254641215060453,12.0,81,81,,
4AFE,equibind,scored,0.8294886944085273,12.0,81,85,B,
4ACU,diffdock,scored,0.928463253153437,12.0,112,110,,
4ACU,equibind,scored,0.837436497105285,12.0,112,112,,
4ACI,diffdock,scored,0.9849346713617938,12.0,67,66,E,
4ACI,equibind,scored,0.4687545035244261,12.0,67,92,E,
4AEL,diffdock,scored,0.0,12.0,91,91,H,
4AEL,equibind,scored,0.019718727381422257,12.0,91,88,H,
4AG8,diffdock,scored,0.9350682730224825,12.0,103,110,,
4AG8,equibind,scored,0.8138995218536528,12.0,103,113,,
4AGD,diffdock,scored,0.9527355625172184,12.0,86,84,,
4AGD,equibind,scored,0.7817732983870782,12.0,86,101,,
4AFG,diffdock,scored,0.0,12.0,82,85,K,
4AFG,equibind,scored,0.0,12.0,85,50,L,
4AFH,diffdock,scored,0.0,12.0,103,99,M,
4AFH,equibind,scored,0.04993950748632113,12.0,104,55,N,
4AGL,diffdock,scored,0.9355579824477289,12.0,47,46,E,
4AGL,equibind,scored,0.1074452217850761,12.0,47,29,E,
4AD3,diffdock,scored,0.0,12.0,90,105,B:GLC:500+B:DMJ:501,
4AD3,equibind,scored,0.07535227369417204,12.0,105,100,D:GLC:500+D:DMJ:501,
4AD2,diffdock,scored,0.0,12.0,90,105,C:GLC:500+C:IFM:501,
4AD2,equibind,scored,0.09922037435973002,12.0,105,98,D:GLC:500+D:IFM:501,
4AGM,diffdock,scored,0.0,12.0,49,47,C,
4AGM,equibind,scored,0.1395078819638633,12.0,49,32,C,
4AFJ,diffdock,scored,0.8879559799505958,12.0,79,80,S,
4AFJ,equibind,scored,0.0,12.0,79,107,S,
4AGN,diffdock,scored,0.9239247548202201,12.0,51,53,F,
4AGN,equibind,scored,0.17200604309060322,12.0,50,31,D,
4AGO,diffdock,scored,0.0,12.0,49,49,C,
4AGO,equibind,scored,0.25977968175907373,12.0,49,41,C,
4AGQ,diffdock,scored,0.0,12.0,50,50,E,
4AGQ,equibind,scored,0.06964263121892453,12.0,50,38,E,
4AHR,diffdock,scored,0.18395973346519176,12.0,79,78,J,
4AHR,equibind,scored,0.884807122039607,12.0,79,80,J,
4AHS,diffdock,scored,0.9737313590118094,12.0,78,76,P,
4AHS,equibind,scored,0.2918600795875174,12.0,78,80,P,
4AIG,diffdock,scored,0.9877927709753107,12.0,84,83,,
4AIG,equibind,scored,0.9122080779573604,12.0,84,83,D,
4AHV,diffdock,scored,0.9611083617338279,12.0,78,77,L,
4AHV,equibind,scored,0.5014214315661998,12.0,78,96,S,
4AI8,diffdock,scored,0.9784263980280326,12.0,93,93,,
4AI8,equibind,scored,0.8395758265131537,12.0,93,94,,
4AIF,diffdock,scored,0.4283514252867652,12.0,81,57,D:C,
4AIF,equibind,scored,0.31881028927778565,12.0,81,103,D:C,
4AJE,diffdock,scored,0.0,12.0,110,107,E,
4AJE,equibind,scored,0.7823633214185535,12.0,110,114,E,
4AJ2,diffdock,scored,0.8680083852375222,12.0,56,60,Q,
4AJ2,equibind,scored,0.0,12.0,56,84,N,
4AJ4,diffdock,scored,0.03807786888701021,12.0,72,76,F,
4AJ4,equibind,scored,0.0,12.0,82,105,M,
4AJI,diffdock,scored,0.991100541606534,12.0,114,113,E,
4AJI,equibind,scored,0.0,12.0,111,117,G,
4AJK,diffdock,scored,0.0,12.0,84,84,I,
4AJK,equibind,scored,0.0,12.0,85,118,M,
4AJO,diffdock,scored,0.013241863036710842,12.0,140,135,G,
4AJO,equibind,scored,0.03550527155513787,12.0,139,154,L,
4AJN,diffdock,scored,0.013199139327803843,12.0,140,138,H,
4AJN,equibind,scored,0.0,12.0,140,153,H,
4AJL,diffdock,scored,0.0,12.0,90,94,F,
4AJL,equibind,scored,0.023168389088432127,12.0,92,104,J,
4ALG,diffdock,scored,0.9673683093089027,12.0,62,60,,
4ALG,equibind,scored,0.9491546173228332,12.0,62,59,,
4AKN,diffdock,scored,0.026844557977551406,12.0,65,62,E,
4AKN,equibind,scored,0.23896672911038622,12.0,65,113,E,
4AML,diffdock,scored,0.016123866535009784,12.0,50,49,G,
4AML,equibind,scored,0.0,12.0,53,51,F,
4AN0,diffdock,scored,0.9222924043266595,12.0,113,118,,
4AN0,equibind,scored,0.7755455856354795,12.0,113,113,,
4AJW,diffdock,scored,0.0,12.0,96,94,D,
4AJW,equibind,scored,0.0051274414674375044,12.0,96,83,D,
4AMY,diffdock,scored,0.9662743899790147,12.0,119,119,,
4AMY,equibind,scored,0.7680609701910729,12.0,119,108,B,
4AMZ,diffdock,scored,0.9492262800820991,12.0,117,117,,
4AMZ,equibind,scored,0.7971981812634467,12.0,117,111,,
4AL4,diffdock,scored,0.015393078306670131,12.0,141,137,F,
4AL4,equibind,scored,0.07782162821222535,12.0,141,130,H,
4ANB,diffdock,scored,0.9511391856223496,12.0,106,101,B,
4ANB,equibind,scored,0.8219035603691307,12.0,106,107,,
4AN9,diffdock,scored,0.9713371759393984,12.0,105,106,D,
4AN9,equibind,scored,0.6628209954524026,12.0,105,105,,
4ANQ,diffdock,scored,0.9529116890483763,12.0,85,87,,
4ANQ,equibind,scored,0.856501709341548,12.0,85,83,,
4APO,diffdock,scored,0.1655323627807312,12.0,82,117,D:C,
4APO,equibind,scored,0.10949742513086529,12.0,82,116,D:C,
4ALX,diffdock,scored,0.0,12.0,86,83,DA,
4ALX,equibind,scored,0.0,12.0,84,25,Y,
4AOC,diffdock,scored,0.0,12.0,39,47,X,
4AOC,equibind,scored,0.40503553716785584,12.0,49,63,H,
4AN1,diffdock,scored,0.9570361680384316,12.0,117,116,,
4AN1,equibind,scored,0.802783617527592,12.0,117,108,B,
4APP,diffdock,scored,0.9405821664567242,12.0,103,103,,
4APP,equibind,scored,0.6611741270566568,12.0,103,105,,
4AS9,diffdock,scored,0.8799989616060366,12.0,102,100,B,
4AS9,equibind,scored,0.8512040035289128,12.0,102,99,,
4ARK,diffdock,scored,0.9325909250699527,12.0,105,104,,
4ARK,equibind,scored,0.73416475603694,12.0,105,103,D,
4ASD,diffdock,scored,0.9326148860281673,12.0,118,118,,
4ASD,equibind,scored,0.8297009631346943,12.0,118,116,,
4AQ4,diffdock,scored,0.9610372933464423,12.0,103,101,,
4AQ4,equibind,scored,0.761140210870036,12.0,103,100,,
4AQ3,diffdock,scored,0.25275583450141503,12.0,106,98,J,
4AQ3,equibind,scored,0.22327537827851338,12.0,123,99,G,
4ATT,diffdock,scored,0.977595901634135,12.0,46,45,,
4ATT,equibind,scored,0.9561392946955102,12.0,46,48,,
4AT3,diffdock,scored,0.9411050375244115,12.0,85,84,,
4AT3,equibind,scored,0.8038210276184574,12.0,85,82,,
4AUJ,diffdock,scored,0.956718371641292,12.0,47,47,,
4AUJ,equibind,scored,0.9156245737887574,12.0,47,47,,
4AU8,diffdock,scored,0.9733593323685654,12.0,75,75,F,
4AU8,equibind,scored,0.08940414422905144,12.0,75,94,F,
4AUY,diffdock,scored,0.0,12.0,46,45,C,
4AUY,equibind,scored,0.08006892366518698,12.0,46,58,C,
4AVH,diffdock,scored,0.0,12.0,46,46,C,
4AVH,equibind,scored,0.10084850488886236,12.0,46,45,C,
4AMW,equibind,scored,0.0,12.0,89,15,J,
4AMX,equibind,scored,0.0,12.0,94,34,E,
4AV0,diffdock,scored,0.9354942866305865,12.0,48,45,F,
4AV0,equibind,scored,0.09629111457079152,12.0,47,56,C,
4AVI,diffdock,scored,0.0,12.0,46,46,C,
4AVI,equibind,scored,0.09946491624965177,12.0,46,48,C,
4AWM,diffdock,scored,0.9153897018271434,12.0,98,94,D,
4AWM,equibind,scored,0.752939876164259,12.0,98,91,D,
4AWK,diffdock,scored,0.9321072251240625,12.0,90,90,,
4AWK,equibind,scored,0.8486704333627787,12.0,90,83,B,
4AVJ,diffdock,scored,0.9560014885520828,12.0,46,46,D,
4AVJ,equibind,scored,0.1146597076293971,12.0,46,57,D,
4AVU,diffdock,scored,0.0,12.0,87,82,F,
4AVU,equibind,scored,0.07964611949958568,12.0,83,87,K,
4AVW,diffdock,scored,1.0,12.0,89,89,C,
4AVW,equibind,scored,0.24163479261812293,12.0,89,90,C,
4AXD,diffdock,scored,0.9489301200699612,12.0,121,117,,
4AXD,equibind,scored,0.7536214186628328,12.0,121,129,,
4AYP,diffdock,scored,0.7976665387315166,12.0,106,102,B:B,
4AYP,equibind,scored,0.7232343047029028,12.0,106,107,B:B,
4AWJ,diffdock,scored,0.0,12.0,55,55,O,
4AYQ,diffdock,scored,0.9364795058226231,12.0,92,96,,
4AYQ,equibind,scored,0.9027656358723644,12.0,92,95,,
4AVT,diffdock,scored,0.0,12.0,107,104,AA,
4AVT,equibind,scored,0.0,12.0,107,0,AA,
4AYR,diffdock,scored,0.9223003325557791,12.0,89,92,E,
4AYR,equibind,scored,0.810304146133675,12.0,89,93,E,
4AXM,diffdock,scored,0.0,12.0,75,77,J,
4AXM,equibind,scored,0.009865487984443744,12.0,99,84,L,
4AYT,diffdock,scored,0.9416614848181034,12.0,69,69,,
4AYT,equibind,scored,0.7890734372306369,12.0,69,70,,
4AYV,diffdock,scored,0.9588118341553263,12.0,100,96,,
4AYV,equibind,scored,0.7869590161025558,12.0,100,93,D,
4AZ0,diffdock,scored,0.9615317642398823,12.0,104,104,,
4AZ0,equibind,scored,0.7940284411787527,12.0,104,104,,
4AYU,diffdock,scored,0.0,12.0,55,53,H,
4AYU,equibind,scored,0.0,12.0,55,19,BA,
4AQ6,equibind,scored,0.0,12.0,102,78,KA,
4AYW,diffdock,scored,0.967483609364301,12.0,63,63,,
4AYW,equibind,scored,0.8522619638618252,12.0,63,64,,
4AZ3,diffdock,scored,0.9656518343430237,12.0,117,117,,
4AZ3,equibind,scored,0.835406812216151,12.0,117,114,,
4AYX,diffdock,scored,0.97091194287158,12.0,68,70,,
4AYX,equibind,scored,0.7824409769804636,12.0,68,71,,
4AY6,diffdock,scored,0.0,12.0,147,147,P,
4AY6,equibind,scored,0.0,12.0,148,107,N,
4AY5,diffdock,scored,0.0,12.0,120,123,L,
4AY5,equibind,scored,0.004201084153458473,12.0,120,101,I,
4AZ5,diffdock,scored,0.9779019065256617,12.0,92,92,,
4AZ5,equibind,scored,0.8166465849819483,12.0,92,89,,
4AZF,diffdock,scored,0.9060700489727312,12.0,82,86,,
4AZF,equibind,scored,0.912011698901481,12.0,82,81,,
4AZP,diffdock,scored,1.0,12.0,91,91,B,
4AZP,equibind,scored,0.8525944877654992,12.0,91,96,B,
4AZG,diffdock,scored,0.0,12.0,104,104,C,
4AZG,equibind,scored,0.10343336970541592,12.0,104,85,C,
4B00,diffdock,scored,0.9257537644862498,12.0,122,119,,
4B00,equibind,scored,0.8107770377315824,12.0,122,110,,
4AZI,diffdock,scored,0.0,12.0,103,104,C,
4AZI,equibind,scored,0.05504369294735419,12.0,103,97,C,
4AZT,diffdock,scored,0.9549786834488775,12.0,68,65,,
4AZT,equibind,scored,0.14200770351378542,12.0,68,76,,
4AZE,diffdock,scored,0.0,12.0,90,84,H,
4AZE,equibind,scored,0.0,12.0,88,56,G,
4B05,diffdock,scored,0.956988089904065,12.0,119,116,,
4B05,equibind,scored,0.8212543458658426,12.0,119,105,,
4B1C,diffdock,scored,0.9815006990708232,12.0,108,108,,
4B1C,equibind,scored,0.8353016615770673,12.0,108,99,,
4AZC,diffdock,scored,0.9779019182617563,12.0,93,91,K,
4AZC,equibind,scored,0.0,12.0,93,64,M,
4B1D,diffdock,scored,0.9648900129796797,12.0,117,113,,
4B1D,equibind,scored,0.8488275155804452,12.0,117,106,,
4B2I,diffdock,scored,1.0,12.0,55,55,,
4B2I,equibind,scored,0.8242946991890726,12.0,55,55,,
4B2L,diffdock,scored,0.9826618255951889,12.0,58,57,,
4B2L,equibind,scored,0.6799984474043725,12.0,58,48,,
4B32,diffdock,scored,0.9816947407589225,12.0,55,54,,
4B32,equibind,scored,0.729564808619604,12.0,55,49,,
4B11,diffdock,scored,0.9714343748978175,12.0,105,106,O,
4B11,equibind,scored,0.0,12.0,105,103,O,
4B12,diffdock,scored,0.0,12.0,104,103,D,
4B12,equibind,scored,0.08986958128299866,12.0,104,100,D,
4B14,diffdock,scored,0.0,12.0,108,109,E,
4B14,equibind,scored,0.030708461946121014,12.0,107,110,J,
4B34,diffdock,scored,0.96434765893768,12.0,56,56,,
4B34,equibind,scored,0.5767749949767178,12.0,56,63,,
4B3C,diffdock,scored,0.9815965673493589,12.0,54,55,,
4B3C,equibind,scored,0.723703231729971,12.0,54,51,,
4B35,diffdock,scored,1.0,12.0,55,55,,
4B35,equibind,scored,0.7010990274793955,12.0,55,59,,
4B3D,diffdock,scored,0.0,12.0,54,54,G,
4B3D,equibind,scored,0.1982184951526602,12.0,54,58,D,
4B4Q,diffdock,scored,0.01534506628229573,12.0,78,46,C:C,
4B4Q,equibind,scored,0.2018505145931047,12.0,78,75,C:C,
4B5D,diffdock,scored,0.9883481592491674,12.0,87,86,H,
4B5D,equibind,scored,0.04481924917530463,12.0,89,58,J,
4B5S,diffdock,scored,1.0,12.0,73,73,M,
4B5S,equibind,scored,0.07183497798819583,12.0,74,75,G,
4B4G,diffdock,scored,0.0,12.0,90,87,E,
4B4G,equibind,scored,0.0,12.0,92,105,J,
4B3U,diffdock,scored,0.0,12.0,74,76,Q,
4B3U,equibind,scored,0.0,12.0,77,95,I,
4B2D,diffdock,scored,0.0,12.0,82,83,M,
4B2D,equibind,scored,0.0,12.0,82,57,M,
4B6O,diffdock,scored,0.9314233082654483,12.0,73,74,,
4B6O,equibind,scored,0.8913958833906793,12.0,73,79,,
4B0J,equibind,scored,0.0,12.0,91,71,Y,
4B5T,diffdock,scored,0.0,12.0,75,75,G,
4B5T,equibind,scored,0.07821673279641746,12.0,75,72,G,
4B6P,diffdock,scored,0.9867852884229263,12.0,77,78,,
4B6P,equibind,scored,0.7840118291436109,12.0,77,82,,
4B6R,diffdock,scored,0.01881509642828566,12.0,95,93,G,
4B6R,equibind,scored,0.19817295644552152,12.0,95,114,G,
4B6S,diffdock,scored,0.9482583072153921,12.0,99,96,D,
4B6S,equibind,scored,0.22388127735499586,12.0,99,119,G,
4B6E,diffdock,scored,0.9619274037324155,12.0,78,77,E,
4B6E,equibind,scored,0.028529759371073885,12.0,78,35,E,
4B77,diffdock,scored,0.9730070873554805,12.0,114,111,,
4B77,equibind,scored,0.878510505189879,12.0,114,103,,
4B71,diffdock,scored,0.0,12.0,85,88,C,
4B71,equibind,scored,0.13849910106909863,12.0,87,64,D,
4B6U,diffdock,scored,0.7815258430539881,12.0,75,91,B,
4B6U,equibind,scored,0.8161471145734577,12.0,75,79,B,
4B74,diffdock,scored,0.9277517294182912,12.0,108,110,C,
4B74,equibind,scored,0.034623513135241986,12.0,108,71,C,
4B73,diffdock,scored,0.0,12.0,97,97,C,
4B73,equibind,scored,0.01095980820161588,12.0,97,75,C,
4B7J,diffdock,scored,0.9530869702809417,12.0,107,106,,
4B7J,equibind,scored,0.9045207649879788,12.0,107,103,,
4B5W,diffdock,scored,0.0,12.0,90,88,I,
4B5W,equibind,scored,0.0,12.0,88,63,N,
4B76,diffdock,scored,0.9635148394579841,12.0,83,82,C,
4B76,equibind,scored,0.0694268054163769,12.0,83,58,C,
4B8Y,diffdock,scored,0.7995165921130372,12.0,81,79,B:B,
4B8Y,equibind,scored,0.6134692287077173,12.0,81,86,B:B,
4B7R,diffdock,scored,0.0,12.0,110,104,N,
4B7R,equibind,scored,0.0,12.0,110,119,CA,
4B80,diffdock,scored,0.0,12.0,102,101,M,
4B80,equibind,scored,0.030595733775736822,12.0,102,95,M,
4B9H,diffdock,scored,0.9398049045676149,12.0,102,104,C:C,
4B9H,equibind,scored,0.7675614511698852,12.0,102,105,C:C,
4B81,diffdock,scored,0.9220109044599372,12.0,101,101,C,
4B81,equibind,scored,0.0,12.0,100,88,K,
4B7Z,diffdock,scored,0.9709894182149769,12.0,105,102,C,
4B7Z,equibind,scored,0.00947371983832212,12.0,102,92,O,
4B83,diffdock,scored,0.0,12.0,106,103,C,
4B83,equibind,scored,0.0,12.0,104,87,R,
4B82,diffdock,scored,0.8749902349435131,12.0,99,102,C,
4B82,equibind,scored,0.07147671645576592,12.0,102,100,L,
4B84,diffdock,scored,0.953855764089069,12.0,107,108,H,
4B84,equibind,scored,0.02572163312125384,12.0,107,95,H,
4B9Z,diffdock,scored,0.9592871047674756,12.0,101,97,B:B,
4B9Z,equibind,scored,0.7327998062482723,12.0,101,108,B:B,
4BBG,diffdock,scored,0.9515320742039047,12.0,83,83,,
4BBG,equibind,scored,0.8598633337329984,12.0,83,78,,
4BB2,diffdock,scored,0.9552479536762362,12.0,70,67,,
4BB2,equibind,scored,0.7154153626573098,12.0,70,66,,
4BAE,diffdock,scored,0.9888985871497047,12.0,91,92,F,
4BAE,equibind,scored,0.02679761272917538,12.0,99,123,N,
4BB9,diffdock,scored,0.934460912890018,12.0,122,122,,
4BB9,equibind,scored,0.8061481576484563,12.0,122,109,,
4B9K,diffdock,scored,0.0,12.0,82,81,O,
4BCB,diffdock,scored,0.9407128801698785,12.0,115,120,B,
4BCB,equibind,scored,0.7215107257219878,12.0,115,126,B,
4BCF,diffdock,scored,0.9885198645351461,12.0,91,90,C,
4BCF,equibind,scored,0.8985968683550646,12.0,91,90,,
4BCG,diffdock,scored,0.88442844977363,12.0,89,81,C,
4BCG,equibind,scored,0.8552622886790711,12.0,89,88,,
4BCH,diffdock,scored,0.8647040177633298,12.0,92,84,,
4BCH,equibind,scored,0.9091436639678505,12.0,92,86,C,
4BCC,diffdock,scored,0.7492158411481712,12.0,143,138,,
4BCC,equibind,scored,0.7781829827906767,12.0,143,126,,
4BCD,diffdock,scored,0.8977859694427311,12.0,135,135,,
4BCD,equibind,scored,0.7908979798694974,12.0,135,132,,
4BCI,diffdock,scored,0.9280465677115608,12.0,85,85,,
4BCI,equibind,scored,0.8740122657452242,12.0,85,90,,
4BCJ,diffdock,scored,0.9050254553765945,12.0,86,82,,
4BCJ,equibind,scored,0.7777757325743376,12.0,86,90,C,
4BCW,diffdock,scored,0.977487479387632,12.0,91,91,,
4BCW,equibind,scored,0.8280531303768011,12.0,91,97,,
4BCS,diffdock,scored,1.0,12.0,67,67,E,
4BCS,equibind,scored,0.07625168331088016,12.0,69,73,H,
4BCP,diffdock,scored,0.9415876230232618,12.0,86,85,E,
4BCP,equibind,scored,0.021205994281736414,12.0,86,87,E,
4BCQ,diffdock,scored,0.9427695169124144,12.0,70,70,E,
4BCQ,equibind,scored,0.009418798791959749,12.0,70,96,E,
4BCM,diffdock,scored,0.0,12.0,78,84,G,
4BCM,equibind,scored,0.10670774077959723,12.0,82,102,E,
4BCK,diffdock,scored,0.0,12.0,70,73,G,
4BCK,equibind,scored,0.07356305200891151,12.0,75,77,E,
4BCN,diffdock,scored,0.9767355634965487,12.0,87,87,E,
4BCN,equibind,scored,0.025852987890455207,12.0,87,92,E,
4BC5,diffdock,scored,0.0,12.0,89,87,D,
4BC5,equibind,scored,0.0,12.0,89,8,D,
4BDA,diffdock,scored,0.9690249176998101,12.0,65,65,,
4BDA,equibind,scored,0.9225922555207927,12.0,65,68,,
4BD3,diffdock,scored,0.5554381251466746,12.0,45,39,B:B,
4BD3,equibind,scored,0.8160471938837605,12.0,45,53,B:B,
4BDD,diffdock,scored,0.940984355302987,12.0,67,67,,
4BDD,equibind,scored,0.9536802784434361,12.0,67,66,,
4BDG,diffdock,scored,0.970369132996577,12.0,66,68,,
4BDG,equibind,scored,0.8834206292796769,12.0,66,70,,
4BDC,diffdock,scored,1.0,12.0,65,65,,
4BDC,equibind,scored,0.9523179285160688,12.0,65,66,,
4BDF,diffdock,scored,0.9696585154747883,12.0,65,67,,
4BDF,equibind,scored,0.8267272200026652,12.0,65,71,,
4BDE,diffdock,scored,0.9849110766264811,12.0,66,67,,
4BDE,equibind,scored,0.8911591799632517,12.0,66,63,,
4BDH,diffdock,scored,1.0,12.0,65,65,,
4BDH,equibind,scored,0.952591756757804,12.0,65,64,,
4BDI,diffdock,scored,0.9699881587086852,12.0,66,68,,
4BDI,equibind,scored,0.7068704698413013,12.0,66,78,,
4BEA,diffdock,scored,0.13733408631203106,12.0,65,49,B:B,
4BEA,equibind,scored,0.3678082325187007,12.0,65,98,B:B,
4BF6,diffdock,scored,0.8911258370202753,12.0,92,92,,
4BF6,equibind,scored,0.8694819221886686,12.0,92,92,,
4BF1,diffdock,scored,0.946161664926612,12.0,90,93,,
4BF1,equibind,scored,0.8611933948339959,12.0,90,93,,
4BEK,diffdock,scored,0.9143365385531745,12.0,93,91,,
4BEK,equibind,scored,0.8437165094120893,12.0,93,85,,
4BDS,diffdock,scored,0.9569920700209555,12.0,93,91,,
4BDS,equibind,scored,0.7692014130426782,12.0,93,93,,
4BFD,diffdock,scored,0.9464601260621817,12.0,112,114,,
4BFD,equibind,scored,0.6747423155298906,12.0,112,108,,
4BDT,diffdock,scored,0.7486513394102723,12.0,118,115,,
4BDT,equibind,scored,0.6802803674194781,12.0,118,126,,
4BG1,diffdock,scored,0.9777386390773989,12.0,90,90,,
4BG1,equibind,scored,0.7639796606003567,12.0,90,91,,
4BGM,diffdock,scored,0.9778792257500781,12.0,91,91,,
4BGM,equibind,scored,0.655188400429434,12.0,91,99,,
4BG6,diffdock,scored,0.0,12.0,102,111,Q:C,
4BG6,equibind,scored,0.005718268366862976,12.0,102,57,Q:C,
4BGX,diffdock,scored,0.9709907687024305,12.0,71,69,C:C,
4BGX,equibind,scored,0.0,12.0,71,58,C:C,
4BGY,diffdock,scored,0.0,12.0,71,45,E:E,
4BGY,equibind,scored,0.0,12.0,71,54,E:E,
4BH3,diffdock,scored,0.0,12.0,73,61,D:D,
4BH3,equibind,scored,0.0,12.0,73,51,D:D,
4BHI,diffdock,scored,0.977012183352955,12.0,88,88,,
4BHI,equibind,scored,0.6770428005333591,12.0,88,92,,
4BHF,diffdock,scored,0.9884249529729259,12.0,87,88,,
4BHF,equibind,scored,0.7014380438240627,12.0,87,90,,
4BH4,diffdock,scored,0.0,12.0,72,50,D:D,
4BH4,equibind,scored,0.0,12.0,72,60,D:D,
4BGG,diffdock,scored,0.0,12.0,94,90,E,
4BGG,equibind,scored,0.0,12.0,94,93,E,
4BHZ,diffdock,scored,0.9688826333807953,12.0,65,63,,
4BHZ,equibind,scored,0.9091573920641114,12.0,65,69,,
4BI1,diffdock,scored,1.0,12.0,67,67,,
4BI1,equibind,scored,0.8679132263085416,12.0,67,68,,
4BFR,diffdock,scored,0.9894892499361728,12.0,97,96,D,
4BFR,equibind,scored,0.0,12.0,101,76,C,
4BI6,diffdock,scored,1.0,12.0,77,77,,
4BI6,equibind,scored,0.8168654670202958,12.0,77,82,,
4BI7,diffdock,scored,0.9737025468464447,12.0,76,78,,
4BI7,equibind,scored,0.8453267859203304,12.0,76,80,,
4BI2,diffdock,scored,0.9851807285434125,12.0,68,67,,
4BI2,equibind,scored,0.8465358643500605,12.0,68,73,,
4BJX,diffdock,scored,0.9348785276094653,12.0,62,64,,
4BJX,equibind,scored,0.8324055152682079,12.0,62,60,,
4BIB,diffdock,scored,0.9754865404596172,12.0,81,83,C,
4BIB,equibind,scored,0.18824917660838983,12.0,80,64,H,
4BIC,diffdock,scored,0.9754864017320162,12.0,82,82,C,
4BIC,equibind,scored,0.07566138361633461,12.0,79,70,D,
4BJ9,diffdock,scored,0.9337451256432168,12.0,108,105,F,
4BJ9,equibind,scored,0.119522123706497,12.0,97,146,K,
4BO3,diffdock,scored,0.9476506386509267,12.0,94,95,E,
4BO3,equibind,scored,0.33062764537294526,12.0,94,105,E,
4BNT,diffdock,scored,0.9876450986582483,12.0,81,82,E,
4BNT,equibind,scored,0.08006810657603108,12.0,81,90,E,
4BNZ,diffdock,scored,0.0,12.0,101,99,E,
4BNZ,equibind,scored,0.0824448792926112,12.0,97,107,F,
4BKT,diffdock,scored,0.0,12.0,56,57,M,
4BO4,diffdock,scored,0.9778256874359862,12.0,92,94,E,
4BO4,equibind,scored,0.08097879653287851,12.0,98,110,F,
4BO9,diffdock,scored,0.9890714887092371,12.0,92,93,E,
4BO9,equibind,scored,0.2812726382586103,12.0,93,115,F,
4BQG,diffdock,scored,0.9428358370524538,12.0,105,103,,
4BQG,equibind,scored,0.7937310140092984,12.0,105,98,,
4BO5,diffdock,scored,0.0,12.0,98,94,E,
4BO5,equibind,scored,0.20471470773367653,12.0,98,99,E,
4BJ8,diffdock,scored,0.0,12.0,88,86,W,
4BJ8,equibind,scored,0.005169287725609416,12.0,88,71,X,
4BQH,diffdock,scored,0.9457219289480777,12.0,92,93,,
4BQH,equibind,scored,0.8006419252399064,12.0,92,97,,
4BSQ,diffdock,scored,0.954146328293889,12.0,85,89,,
4BSQ,equibind,scored,0.8579515970349408,12.0,85,83,,
4BQY,diffdock,scored,0.9573939157745144,12.0,94,94,,
4BQY,equibind,scored,0.7971740252446681,12.0,94,95,,
4BT3,diffdock,scored,0.9320013798565201,12.0,103,102,,
4BT3,equibind,scored,0.9322092968481985,12.0,103,106,,
4BS4,diffdock,scored,0.0,12.0,93,87,F,
4BS4,equibind,scored,0.314649627561148,12.0,93,108,F,
4BT4,diffdock,scored,0.9611525169146118,12.0,103,103,,
4BT4,equibind,scored,0.9309186202027608,12.0,103,102,,
4BS5,diffdock,scored,0.9886465271034751,12.0,89,90,B,
4BS5,equibind,scored,0.7619119090101173,12.0,89,75,B,
4BT5,diffdock,scored,0.9508400949269561,12.0,101,104,,
4BT5,equibind,scored,0.8939724749560009,12.0,101,108,,
4BTB,diffdock,scored,0.561003011322879,12.0,59,39,C:B,
4BTB,equibind,scored,0.02473538363037819,12.0,59,44,C:B,
4BTK,diffdock,scored,0.9434045487342517,12.0,86,89,,
4BTK,equibind,scored,0.789046930037563,12.0,86,84,,
4BQT,diffdock,scored,0.0,12.0,78,77,M,
4BQT,equibind,scored,0.030765752313235882,12.0,77,32,H,
4BT9,diffdock,scored,0.0,12.0,66,59,C:C,
4BT9,equibind,scored,0.0,12.0,66,47,C:C,
4BTT,diffdock,scored,0.0,12.0,105,96,H,
4BTT,equibind,scored,0.015398124670988791,12.0,105,91,H,
4BTI,diffdock,scored,0.9144496677372237,12.0,108,105,H,
4BTI,equibind,scored,0.07770473475576319,12.0,103,91,F,
4BTM,diffdock,scored,0.8728863535847511,12.0,83,88,J,
4BTM,equibind,scored,0.01034843772256076,12.0,83,81,J,
4BVB,diffdock,scored,0.9789006033749028,12.0,96,96,,
4BVB,equibind,scored,0.8101911239569654,12.0,96,90,,
4BUQ,diffdock,scored,0.9797232359934116,12.0,49,50,D,
4BUQ,equibind,scored,0.3689292653434543,12.0,51,51,C,
4BTU,diffdock,scored,0.9397918890769257,12.0,100,100,F,
4BTU,equibind,scored,0.07108680009866339,12.0,100,98,F,
4BW1,diffdock,scored,1.0,12.0,63,63,,
4BW1,equibind,scored,0.9839095933508544,12.0,63,64,,
4BW4,diffdock,scored,1.0,12.0,64,64,,
4BW4,equibind,scored,0.916633531156275,12.0,64,61,,
4BW3,diffdock,scored,0.9842093603812969,12.0,64,63,,
4BW3,equibind,scored,0.951999315619937,12.0,64,63,,
4BW2,diffdock,scored,0.9837990541820565,12.0,63,62,,
4BW2,equibind,scored,0.9170380146041178,12.0,63,60,,
4BYI,diffdock,scored,0.9202204152669111,12.0,74,80,,
4BYI,equibind,scored,0.9327501290852331,12.0,74,75,B,
4BZN,diffdock,scored,0.9547442592907136,12.0,89,89,,
4BZN,equibind,scored,0.8136628106387401,12.0,89,90,B,
4BYJ,diffdock,scored,0.9732614114599331,12.0,76,76,,
4BYJ,equibind,scored,0.9601383658558891,12.0,76,77,,
4BZO,diffdock,scored,0.9218485735454548,12.0,86,93,,
4BZO,equibind,scored,0.8934482236586225,12.0,86,83,B,
4BXN,diffdock,scored,0.9460977403772681,12.0,94,93,DA,
4BXN,equibind,scored,0.016299409120176706,12.0,94,107,DA,
4BTW,diffdock,scored,0.0,12.0,98,98,L,
4BTW,equibind,scored,0.034529768879790194,12.0,98,124,L,
4C1D,diffdock,scored,0.8567753421021651,12.0,79,85,K,
4C1D,equibind,scored,0.41647569681694996,12.0,81,81,D,
4C1G,diffdock,scored,0.918967163228755,12.0,86,83,,
4C1G,equibind,scored,0.1339438175347843,12.0,86,71,,
4C1F,diffdock,scored,0.9522561339378354,12.0,84,84,,
4C1F,equibind,scored,0.15485903149780553,12.0,84,74,,
4C1E,diffdock,scored,0.12582933030931245,12.0,86,85,L,
4C1E,equibind,scored,0.3859424020783481,12.0,86,78,L,
4C1H,diffdock,scored,0.971375699939474,12.0,70,72,,
4C1H,equibind,scored,0.8670975571771765,12.0,70,65,,
4C0R,diffdock,scored,0.8534615993338641,12.0,126,140,C,
4C0R,equibind,scored,0.3190386794691308,12.0,126,93,C,
4C1T,diffdock,scored,0.9537834943599834,12.0,133,131,B:B,
4C1T,equibind,scored,0.7213390706429961,12.0,133,139,B:B,
4C1W,diffdock,scored,0.9498054677048993,12.0,61,60,B:B,
4C1W,equibind,scored,0.913509233152298,12.0,61,60,B:B,
4C1U,diffdock,scored,0.8783573524867913,12.0,138,128,B:B,
4C1U,equibind,scored,0.7165834344198745,12.0,138,131,B:B,
4C36,diffdock,scored,0.9785309259771496,12.0,95,93,,
4C36,equibind,scored,0.9221244589329486,12.0,95,90,,
4C4G,diffdock,scored,0.9341283505157221,12.0,92,88,,
4C4G,equibind,scored,0.8334282262929351,12.0,92,89,,
4C37,diffdock,scored,0.8275285098753209,12.0,102,100,,
4C37,equibind,scored,0.865547750064853,12.0,102,95,,
4C4F,diffdock,scored,0.9434321219666673,12.0,87,88,,
4C4F,equibind,scored,0.8935965040886167,12.0,87,82,,
4C38,diffdock,scored,0.9407765456769647,12.0,102,98,,
4C38,equibind,scored,0.8117886038612362,12.0,102,91,,
4C5W,diffdock,scored,0.9770286282087394,12.0,87,87,,
4C5W,equibind,scored,0.6476013114932885,12.0,87,89,,
4C3K,diffdock,scored,0.0,12.0,94,97,H,
4C3K,equibind,scored,0.06155096303132614,12.0,87,137,J,
4C66,diffdock,scored,0.8707093637499534,12.0,61,61,,
4C66,equibind,scored,0.9157848971637226,12.0,61,60,,
4C1Y,diffdock,scored,0.0,12.0,55,54,O,
4C1Y,equibind,scored,0.0,12.0,57,63,Z,
4C6V,diffdock,scored,0.8991168895663568,12.0,97,97,,
4C6V,equibind,scored,0.8593465233889971,12.0,97,92,,
4C6U,diffdock,scored,0.8878556054706059,12.0,95,96,,
4C6U,equibind,scored,0.8063211537811732,12.0,95,102,,
4C9X,diffdock,scored,0.9034071056754687,12.0,90,95,,
4C9X,equibind,scored,0.880250535822379,12.0,90,101,,
4C6X,diffdock,scored,0.0,12.0,109,111,E,
4C6X,equibind,scored,0.817345008257358,12.0,109,96,E,
4C6Z,diffdock,scored,0.0,12.0,108,106,F,
4C6Z,equibind,scored,0.7791079314339407,12.0,108,109,F,
4C70,diffdock,scored,0.9912056332132511,12.0,115,114,I,
4C70,equibind,scored,0.0,12.0,112,109,N,
4C68,diffdock,scored,0.0,12.0,116,106,F,
4C68,equibind,scored,0.07996347826862302,12.0,127,106,M,
4C72,diffdock,scored,0.9382513820612882,12.0,112,111,O,
4C72,equibind,scored,0.7598819626037955,12.0,112,94,O,
4C94,diffdock,scored,0.08068309948233438,12.0,99,97,F,
4C94,equibind,scored,0.0,12.0,23,87,K,
4CA4,diffdock,scored,0.0,12.0,46,47,C,
4CA4,equibind,scored,0.0,12.0,47,34,D,
4C73,diffdock,scored,0.0,12.0,114,115,M,
4C73,equibind,scored,0.0,12.0,116,108,W,
4CC2,diffdock,scored,0.32219649627092617,12.0,59,77,B:B,
4CC2,equibind,scored,0.3201796640668637,12.0,59,100,B:B,
4CA7,diffdock,scored,0.9488948843727406,12.0,161,155,F,
4CA7,equibind,scored,0.7072086817315505,12.0,161,156,,
4CC3,diffdock,scored,0.01979551442635144,12.0,74,56,D:D,
4CC3,equibind,scored,0.2859247750704161,12.0,75,108,F:F,
4CC5,diffdock,scored,0.9660925390539752,12.0,88,89,C,
4CC5,equibind,scored,0.6660110316882787,12.0,88,79,C,
4CA6,diffdock,scored,0.0,12.0,160,161,V,
4CA6,equibind,scored,0.022752410763913447,12.0,160,134,V,
4CCD,diffdock,scored,0.912217304518839,12.0,78,81,,
4CCD,equibind,scored,0.8631311526695569,12.0,78,81,,
4CC7,diffdock,scored,0.0,12.0,61,91,B:B,
4CC7,equibind,scored,0.10385300449240924,12.0,61,113,B:B,
4CD6,diffdock,scored,0.9140723566943474,12.0,94,90,A:IFM:500+A:BMA:501,
4CD6,equibind,scored,0.8697119122405601,12.0,94,88,A:IFM:500+A:BMA:501,
4CD4,diffdock,scored,0.9677234019069195,12.0,94,93,A:BMA:1422+A:IFM:1423,
4CD4,equibind,scored,0.8512403522785174,12.0,94,90,A:BMA:1422+A:IFM:1423,
4CD5,diffdock,scored,0.9168875345202965,12.0,97,93,A:BMA:1422+A:MVL:1423,
4CD5,equibind,scored,0.8785522168986618,12.0,97,101,A:BMA:1422+A:MVL:1423,
4CAE,diffdock,scored,0.0,12.0,117,116,R,
4CAE,equibind,scored,0.0,12.0,117,97,R,
4CD8,diffdock,scored,0.9062482009244442,12.0,96,93,A:MVL:400+A:BMA:401,
4CD8,equibind,scored,0.9056110683516005,12.0,96,95,A:MVL:400+A:BMA:401,
4CE2,diffdock,scored,0.8838720887318754,12.0,96,93,,
4CE2,equibind,scored,0.9570329449916075,12.0,96,94,,
4CEB,diffdock,scored,0.03350686760549217,12.0,66,69,M,
4CEB,equibind,scored,0.4103576292256666,12.0,66,132,M,
4CBY,diffdock,scored,0.9388331308558766,12.0,98,98,J,
4CBY,equibind,scored,0.05369116063393841,12.0,114,102,T,
4CGI,diffdock,scored,0.02041853723657122,12.0,61,62,G,
4CGI,equibind,scored,0.33519898388864283,12.0,61,114,G,
4CGJ,diffdock,scored,0.9520296969833728,12.0,63,66,N,
4CGJ,equibind,scored,0.18744346111855392,12.0,63,129,N,
4CIG,diffdock,scored,1.0,12.0,64,64,T,
4CIG,equibind,scored,0.21687290263404393,12.0,63,97,K,
4CIK,diffdock,scored,1.0,12.0,47,47,,
4CIK,equibind,scored,0.8511723264428326,12.0,47,46,,
4CIV,diffdock,scored,0.9840064351052501,12.0,63,64,,
4CIV,equibind,scored,0.862722113422013,12.0,63,70,,
4CFT,diffdock,scored,0.0,12.0,109,110,L,
4CIW,diffdock,scored,0.9721513903569321,12.0,72,74,,
4CIW,equibind,scored,0.7732014084237002,12.0,72,84,,
4CIX,diffdock,scored,0.9849851284559334,12.0,68,67,,
4CIX,equibind,scored,0.9099096227819421,12.0,68,70,,
4CIY,diffdock,scored,0.9853326466525464,12.0,70,69,,
4CIY,equibind,scored,0.9545544271175321,12.0,70,71,B,
4CJ4,diffdock,scored,0.00764478026332654,12.0,59,57,P,
4CJ4,equibind,scored,0.22058221159293084,12.0,59,98,P,
4CJP,diffdock,scored,0.9827510970453802,12.0,59,58,H,
4CJP,equibind,scored,0.24550162068168074,12.0,59,99,M,
4CIZ,diffdock,scored,1.0,12.0,86,86,,
4CIZ,equibind,scored,0.8012576221044901,12.0,86,96,,
4CJQ,diffdock,scored,0.9659808025272341,12.0,59,59,N,
4CJQ,equibind,scored,0.219853243281569,12.0,59,101,N,
4CI2,equibind,scored,0.6398508249825994,12.0,65,84,,
4CI3,equibind,scored,0.6526843129830764,12.0,66,84,,
4CJR,diffdock,scored,0.020249916535759797,12.0,64,63,O,
4CJR,equibind,scored,0.17147024226914737,12.0,62,124,H,
4CKR,diffdock,scored,0.9506778778673229,12.0,120,122,,
4CKR,equibind,scored,0.7077914878866242,12.0,120,132,,
4CKI,diffdock,scored,0.9722061320544205,12.0,73,73,,
4CKI,equibind,scored,0.8682950183007544,12.0,73,75,,
4CFF,diffdock,scored,0.17104347469189957,12.0,73,80,J,
4CFF,equibind,scored,0.0,12.0,81,50,H,
4CDR,diffdock,scored,0.0,12.0,130,57,E:E,
4CDR,equibind,scored,0.003930933280787502,12.0,130,110,E:E,
4CLI,diffdock,scored,0.8968948965344479,12.0,87,84,,
4CLI,equibind,scored,0.8829171060076998,12.0,87,83,,
4CLJ,diffdock,scored,0.8718903230501494,12.0,86,83,,
4CLJ,equibind,scored,0.8936775815649393,12.0,86,85,,
4CMO,diffdock,scored,0.9164119890183936,12.0,86,81,,
4CMO,equibind,scored,0.8030253159184403,12.0,86,85,B,
4CP7,diffdock,scored,0.9902913985950268,12.0,106,105,,
4CP7,equibind,scored,0.8184617394153424,12.0,106,115,D,
4CNH,diffdock,scored,0.9511627036958191,12.0,84,80,D,
4CNH,equibind,scored,0.2526048260702208,12.0,91,107,E,
4CPR,diffdock,scored,0.9608873361892917,12.0,106,102,,
4CPR,equibind,scored,0.9304405812966511,12.0,106,107,D,
4CPT,diffdock,scored,1.0,12.0,105,105,,
4CPT,equibind,scored,0.931466026050399,12.0,105,112,F,
4CPW,diffdock,scored,0.9704514751591466,12.0,105,102,,
4CPW,equibind,scored,0.951332491745631,12.0,105,108,,
4CPX,diffdock,scored,1.0,12.0,105,105,,
4CPX,equibind,scored,0.9204363051497173,12.0,105,107,D,
4CL6,diffdock,scored,0.9830925190917681,12.0,119,119,F,
4CL6,equibind,scored,0.0,12.0,119,102,H,
4CR9,diffdock,scored,0.9759163478682804,12.0,83,83,,
4CR9,equibind,scored,0.8503987612167153,12.0,83,90,,
4CRA,diffdock,scored,0.9718541738647973,12.0,108,107,D,
4CRA,equibind,scored,0.8073324183857636,12.0,108,100,D,
4CQG,diffdock,scored,0.9144148538665544,12.0,93,91,,
4CQG,equibind,scored,0.8230525646293554,12.0,93,85,,
4CRD,diffdock,scored,0.9456650142188854,12.0,110,110,,
4CRD,equibind,scored,0.8495055532933227,12.0,110,104,,
4CPY,diffdock,scored,0.9333724956881757,12.0,105,102,U,
4CPY,equibind,scored,0.0,12.0,104,103,G,
4CQE,diffdock,scored,0.03925342260334343,12.0,109,109,D,
4CQE,equibind,scored,0.6090248260133243,12.0,106,132,C,
4CKU,diffdock,scored,0.0,12.0,121,121,I,
4CKU,equibind,scored,0.00368399227373131,12.0,120,122,J,
4CRF,diffdock,scored,0.9645828424513158,12.0,113,115,,
4CRF,equibind,scored,0.7460675992822567,12.0,113,96,,
4CSS,diffdock,scored,0.9131587906469062,12.0,47,45,B,
4CSS,equibind,scored,0.9335094104217704,12.0,47,46,B,
4CST,diffdock,scored,0.9134894082721821,12.0,47,45,B,
4CST,equibind,scored,0.955003533006707,12.0,47,45,B,
4CSD,diffdock,scored,0.06574662930244668,12.0,52,79,C,
4CSD,equibind,scored,0.029224950716471843,12.0,53,74,M,
4CRL,diffdock,scored,0.9130154234019412,12.0,91,91,,
4CRL,equibind,scored,0.8573545375298225,12.0,91,92,,
4CSY,diffdock,scored,0.05785370448378903,12.0,53,56,C:C,
4CSY,equibind,scored,0.0,12.0,53,4,C:C,
4CWF,diffdock,scored,0.6280335694820365,12.0,93,93,,
4CWF,equibind,scored,0.8599481846294841,12.0,93,96,,
4CTJ,diffdock,scored,1.0,12.0,37,37,,
4CTJ,equibind,scored,0.0,12.0,37,75,,
4CWR,diffdock,scored,0.942739295859588,12.0,106,104,,
4CWR,equibind,scored,0.8470377603988725,12.0,106,100,,
4CWS,diffdock,scored,0.9902529412266852,12.0,105,104,,
4CWS,equibind,scored,0.8450463530403207,12.0,105,107,,
4CU7,diffdock,scored,0.9774541664895919,12.0,91,89,,
4CU7,equibind,scored,0.8158009685977977,12.0,91,92,,
4CQF,diffdock,scored,0.9278471645572929,12.0,110,110,W,
4CQF,equibind,scored,0.0730980060735935,12.0,107,55,N,
4CXW,diffdock,scored,0.9736728957915081,12.0,113,116,,
4CXW,equibind,scored,0.8389955844504697,12.0,113,109,,
4CXX,diffdock,scored,0.9661176736399996,12.0,119,119,,
4CXX,equibind,scored,0.7806224757365394,12.0,119,124,,
4CU8,diffdock,scored,0.9461564986017442,12.0,93,92,,
4CU8,equibind,scored,0.8152828265945326,12.0,93,92,,
4CXY,diffdock,scored,0.9811437077451655,12.0,107,107,,
4CXY,equibind,scored,0.6564445335120813,12.0,107,107,,
4D0W,diffdock,scored,0.8496462966526467,12.0,82,87,,
4D0W,equibind,scored,0.8662668211303473,12.0,82,83,,
4CY1,diffdock,scored,0.6734148288689927,12.0,127,114,C:C,
4CY1,equibind,scored,0.1752697221407981,12.0,124,154,D:D,
4D1C,diffdock,scored,0.9387825707929712,12.0,115,112,,
4D1C,equibind,scored,0.6486642908568093,12.0,115,113,,
4D1B,diffdock,scored,0.9818350986900668,12.0,110,110,,
4D1B,equibind,scored,0.8184396651139373,12.0,110,108,,
4D1D,diffdock,scored,0.895326658157474,12.0,112,112,B,
4D1D,equibind,scored,0.6288629649284575,12.0,112,123,B,
4D1S,diffdock,scored,0.9080523768065292,12.0,82,90,,
4D1S,equibind,scored,0.8906552118171575,12.0,82,87,B,
4D1Y,diffdock,scored,0.8804193340480063,12.0,64,68,,
4D1Y,equibind,scored,0.8040616429471702,12.0,64,65,C,
4D2S,diffdock,scored,0.9469191422307872,12.0,75,75,,
4D2S,equibind,scored,0.8528334868525235,12.0,75,74,,
4D08,diffdock,scored,0.8895762352627662,12.0,120,113,O,
4D08,equibind,scored,0.04060984376759431,12.0,120,109,I,
4D09,diffdock,scored,0.0,12.0,106,109,N,
4D09,equibind,scored,0.04250206737876798,12.0,108,102,E,
4D2D,diffdock,scored,0.49285282853468104,12.0,118,109,B:B,
4D2D,equibind,scored,0.6604392151352746,12.0,118,122,B:B,
4D2R,diffdock,scored,0.9868760644045573,12.0,77,78,,
4D2R,equibind,scored,0.752393243405691,12.0,77,92,,
4D63,diffdock,scored,0.0,12.0,24,38,,
4D63,equibind,scored,0.0,12.0,24,31,B,
4D62,diffdock,scored,0.0,12.0,24,39,,
4D62,equibind,scored,0.0,12.0,24,33,,
4D88,diffdock,scored,0.9912201046222017,12.0,118,117,,
4D88,equibind,scored,0.7682532471893995,12.0,118,108,B,
4D89,diffdock,scored,0.9490129639195409,12.0,119,117,,
4D89,equibind,scored,0.9116064728937706,12.0,119,115,B,
4D4D,diffdock,scored,0.8210022377989352,12.0,85,76,B:IFM:400+B:MAN:401,
4D4D,equibind,scored,0.07067896607535536,12.0,85,103,B:IFM:400+B:MAN:401,
4D8I,diffdock,scored,0.655437552523126,12.0,92,86,B:B,
4D8I,equibind,scored,0.44977010494125563,12.0,92,89,B:B,
4D83,diffdock,scored,0.9740920275481638,12.0,118,115,D,
4D83,equibind,scored,0.0,12.0,115,76,E,
4D52,diffdock,scored,0.0,12.0,58,77,EA,
4D52,equibind,scored,0.0,12.0,54,87,L,
4D2T,diffdock,scored,0.13132775655620513,12.0,100,97,G,
4D2T,equibind,scored,0.15525170590032378,12.0,100,81,G,
4D8S,diffdock,scored,0.9722263091587905,12.0,110,107,,
4D8S,equibind,scored,0.886833898302838,12.0,110,102,,
4D8C,diffdock,scored,0.9834771515777542,12.0,124,124,D,
4D8C,equibind,scored,0.09507457680931229,12.0,124,83,D,
4D8Z,diffdock,scored,0.9541506158349518,12.0,87,87,G,
4D8Z,equibind,scored,0.0050769790710115765,12.0,87,76,M,
4D9P,diffdock,scored,0.9673918859843198,12.0,93,90,H,
4D9P,equibind,scored,0.26353870948310304,12.0,93,96,H,
4DAI,diffdock,scored,0.9879776985416815,12.0,83,84,C,
4DAI,equibind,scored,0.07878963065304541,12.0,83,78,C,
4DCD,diffdock,scored,0.9078362091064613,12.0,79,74,C,
4DCD,equibind,scored,0.8794156211785301,12.0,79,72,,
4DAF,diffdock,scored,0.0,12.0,82,82,C,
4DAF,equibind,scored,0.0,12.0,82,72,C,
4DB7,diffdock,scored,0.9884334233031435,12.0,87,86,C,
4DB7,equibind,scored,0.08372388567075971,12.0,87,78,C,
4DA5,diffdock,scored,0.9891761748804755,12.0,93,94,D,
4DA5,equibind,scored,0.0,12.0,86,82,F,
4DBN,diffdock,scored,0.024972184269051307,12.0,118,121,C,
4DBN,equibind,scored,0.8542555328563725,12.0,118,121,C,
4DCS,diffdock,scored,0.9581321272706647,12.0,71,74,,
4DCS,equibind,scored,0.034976688510380896,12.0,71,103,,
4DCE,diffdock,scored,0.9803481723894769,12.0,105,103,D,
4DCE,equibind,scored,0.09875157528887085,12.0,105,87,D,
4DCV,diffdock,scored,0.9245556241002616,12.0,77,81,,
4DCV,equibind,scored,0.2689739999996503,12.0,77,123,,
4D1J,equibind,scored,0.0,12.0,92,77,AA,
4DDK,diffdock,scored,0.9465380902996899,12.0,74,74,C,
4DDK,equibind,scored,0.2796081284434803,12.0,74,97,C,
4DDY,diffdock,scored,0.0,12.0,86,86,C,
4DDY,equibind,scored,0.0,12.0,50,51,O,
4DE7,diffdock,scored,0.9171817053734159,12.0,87,80,,
4DE7,equibind,scored,0.8523588575665161,12.0,87,86,,
4DE0,diffdock,scored,0.0,12.0,87,83,C,
4DE0,equibind,scored,0.022705813970727757,12.0,85,59,D,
4DEH,diffdock,scored,0.9666173162313731,12.0,89,90,,
4DEH,equibind,scored,0.9183937141527478,12.0,89,86,,
4DE3,diffdock,scored,0.0,12.0,86,86,C,
4DE3,equibind,scored,0.0,12.0,20,51,F,
4DEI,diffdock,scored,0.9378050611344572,12.0,97,95,,
4DEI,equibind,scored,0.919009137866209,12.0,97,99,,
4DE5,diffdock,scored,0.0,12.0,88,90,H,
4DE5,equibind,scored,0.13367151925320508,12.0,88,98,H,
4DEL,diffdock,scored,0.9675169419621904,12.0,90,93,,
4DEL,equibind,scored,0.7649201907244931,12.0,90,87,,
4DEU,diffdock,scored,0.9149345526696545,12.0,57,60,G,
4DEU,equibind,scored,0.10766566226635309,12.0,52,57,L,
4DGB,diffdock,scored,0.540971968791607,12.0,58,67,B:B,
4DGB,equibind,scored,0.9083429851472697,12.0,58,57,B:B,
4DFW,diffdock,scored,0.7681412043713971,12.0,83,66,D:B,
4DFW,equibind,scored,0.7320405987660125,12.0,83,67,D:B,
4DFU,diffdock,scored,0.9486450945119167,12.0,76,78,D,
4DFU,equibind,scored,0.6698809319138745,12.0,90,91,F,
4DFB,diffdock,scored,0.0,12.0,90,86,C,
4DFB,equibind,scored,0.027240635820983426,12.0,90,109,C,
4DGG,diffdock,scored,0.9502992640777249,12.0,101,102,C,
4DGG,equibind,scored,0.08596456240053187,12.0,98,118,D,
4DHM,diffdock,scored,0.9604341084974165,12.0,78,75,,
4DHM,equibind,scored,0.5744758843653092,12.0,78,92,I,
4DHO,diffdock,scored,0.9740087806153582,12.0,79,77,,
4DHO,equibind,scored,0.6339705703165857,12.0,79,83,I,
4DGR,diffdock,scored,0.9637053056829833,12.0,113,111,I,
4DGR,equibind,scored,0.8224204450836348,12.0,113,111,I,
4DFF,diffdock,scored,0.9481893491578666,12.0,96,97,E,
4DFF,equibind,scored,0.1320214143624114,12.0,96,83,E,
4DHP,diffdock,scored,0.8788813504160659,12.0,84,78,,
4DHP,equibind,scored,0.661780947597255,12.0,84,91,J,
4DHS,diffdock,scored,0.9742410778571029,12.0,79,77,,
4DHS,equibind,scored,0.6569036455157541,12.0,79,90,H,
4DHQ,diffdock,scored,0.9735766352709316,12.0,78,76,,
4DHQ,equibind,scored,0.6721572699688421,12.0,78,82,J,
4DHR,diffdock,scored,0.9340628416495083,12.0,77,74,,
4DHR,equibind,scored,0.5537231239086534,12.0,77,88,,
4DIJ,diffdock,scored,0.35840372751614763,12.0,96,97,C,
4DIJ,equibind,scored,0.4778693568641322,12.0,95,93,D,
4DHU,diffdock,scored,0.9601600052035936,12.0,77,76,,
4DHU,equibind,scored,0.655938676704926,12.0,77,87,,
4DHL,diffdock,scored,0.9864996998233823,12.0,75,74,P,
4DHL,equibind,scored,0.0,12.0,80,57,X,
4DJR,diffdock,scored,0.9800741885875389,12.0,103,103,,
4DJR,equibind,scored,0.9212572304654137,12.0,103,105,,
4DKT,diffdock,scored,0.8504924766370183,12.0,86,85,B:B,
4DKT,equibind,scored,0.7800899712876064,12.0,86,89,B:B,
4DLD,diffdock,scored,0.990828150534727,12.0,111,110,E,
4DLD,equibind,scored,0.1433080941029703,12.0,110,114,C,
4DLI,diffdock,scored,0.9667270428680316,12.0,59,61,B,
4DLI,equibind,scored,0.0,12.0,59,74,B,
4DKO,diffdock,scored,0.9489115869002375,12.0,81,79,BA,
4DKO,equibind,scored,0.02210427550578817,12.0,81,82,BA,
4DJH,diffdock,scored,0.9353546254069033,12.0,126,124,E,
4DJH,equibind,scored,0.7658254084988289,12.0,127,120,C,
4DKP,diffdock,scored,0.9189539296640779,12.0,84,85,BA,
4DKP,equibind,scored,0.15778080848730663,12.0,84,109,BA,
4DMW,diffdock,scored,0.9506288383803329,12.0,101,102,,
4DMW,equibind,scored,0.7348513818153386,12.0,101,105,,
4DN0,diffdock,scored,0.8203129683184753,12.0,60,63,B,
4DN0,equibind,scored,0.7644536598067757,12.0,60,76,B,
4DRM,diffdock,scored,0.9323231997350014,12.0,76,73,,
4DRM,equibind,scored,0.9157669666774064,12.0,76,70,B,
4DQ2,diffdock,scored,0.9035070289819491,12.0,113,112,,
4DQ2,equibind,scored,0.692478036028682,12.0,113,89,B,
4DJ7,diffdock,scored,0.0,12.0,69,67,H:H,
4DJ7,equibind,scored,0.0,12.0,71,75,J:J,
4DO4,diffdock,scored,0.0,12.0,90,89,R,
4DO4,equibind,scored,0.0,12.0,90,89,R,
4DO5,diffdock,scored,0.0,12.0,80,78,S,
4DO5,equibind,scored,0.0,12.0,80,83,S,
4DRN,diffdock,scored,0.9194481090969292,12.0,73,75,,
4DRN,equibind,scored,0.9160818118520915,12.0,73,77,B,
4DRO,diffdock,scored,0.9862570781810822,12.0,74,75,,
4DRO,equibind,scored,0.8821603426693544,12.0,74,66,B,
4DRP,diffdock,scored,0.9328893622855778,12.0,73,76,,
4DRP,equibind,scored,0.89807690060256,12.0,73,70,B,
4DS1,diffdock,scored,0.18011582802832854,12.0,99,71,B:B,
4DS1,equibind,scored,0.5072139755396686,12.0,99,107,B:B,
4DPY,diffdock,scored,0.0,12.0,114,111,C,
4DPY,equibind,scored,0.3310517015431057,12.0,114,113,C,
4DR9,diffdock,scored,0.0,12.0,107,104,G,
4DR9,equibind,scored,0.039191806750369304,12.0,107,83,G,
4DST,diffdock,scored,1.0,12.0,50,50,,
4DST,equibind,scored,0.8621081407377668,12.0,50,51,,
4DTK,diffdock,scored,0.946413349591092,12.0,91,94,,
4DTK,equibind,scored,0.875410377221179,12.0,91,88,,
4DV9,diffdock,scored,0.8534251344018237,12.0,129,147,B:B,
4DV9,equibind,scored,0.6575065841820009,12.0,129,103,B:B,
4DVI,diffdock,scored,0.9456224474335374,12.0,72,74,F,
4DVI,equibind,scored,0.014792247329662403,12.0,80,106,D,
4DU8,diffdock,scored,0.9634637570604001,12.0,110,108,C,
4DU8,equibind,scored,0.13692253772776575,12.0,110,99,C,
4DWB,diffdock,scored,0.9175458636412043,12.0,110,105,,
4DWB,equibind,scored,0.8277761820756574,12.0,110,98,,
4DVE,diffdock,scored,0.0,12.0,95,99,D,
4DVE,equibind,scored,0.37544117855861947,12.0,98,84,K,
4DXG,diffdock,scored,0.7940924728757345,12.0,55,48,B:B,
4DXG,equibind,scored,0.7691572996562189,12.0,55,60,B:B,
4DSY,diffdock,scored,0.0,12.0,74,77,,
4DSY,equibind,scored,0.15945785247252814,12.0,74,74,,
4DT2,diffdock,scored,0.9350820336949455,12.0,75,76,Q,
4DT2,equibind,scored,0.47864610695526566,12.0,75,87,Q,
4DY6,diffdock,scored,0.7886858082399044,12.0,98,82,B,
4DY6,equibind,scored,0.5702230355834658,12.0,98,105,,
4E1M,diffdock,scored,0.0,12.0,25,35,,
4DZY,diffdock,scored,0.9640609920174856,12.0,82,83,,
4DZY,equibind,scored,0.8111687997198158,12.0,82,77,,
4E0W,diffdock,scored,0.9291835934498645,12.0,99,100,,
4E0W,equibind,scored,0.6100216105229775,12.0,99,93,,
4E1N,diffdock,scored,0.0,12.0,25,35,,
4E1Z,diffdock,scored,0.9686365651482124,12.0,96,97,,
4E1Z,equibind,scored,0.8636853222674492,12.0,96,91,,
4E0X,diffdock,scored,0.0,12.0,101,99,C,
4E0X,equibind,scored,0.10442327007947869,12.0,101,89,C,
4E34,diffdock,scored,0.12628507453444698,12.0,73,69,D:D,
4E34,equibind,scored,0.5566897043261414,12.0,73,49,D:D,
4E35,diffdock,scored,0.35506634790150204,12.0,99,50,C:C,
4E35,equibind,scored,0.053971079411299694,12.0,99,55,C:C,
4E3F,diffdock,scored,0.9627216962895745,12.0,81,80,D,
4E3F,equibind,scored,0.7562986674122727,12.0,81,86,D,
4E3G,diffdock,scored,0.9743846339083891,12.0,78,78,,
4E3G,equibind,scored,0.712093146642731,12.0,78,80,,
4DTT,diffdock,scored,0.0,12.0,99,109,G,
4DTT,equibind,scored,0.0,12.0,99,89,G,
4E49,diffdock,scored,1.0,12.0,83,83,D,
4E49,equibind,scored,0.8646393632599815,12.0,83,80,D,
4E4A,diffdock,scored,1.0,12.0,74,74,,
4E4A,equibind,scored,0.8027554237626784,12.0,74,84,,
4DWK,diffdock,scored,0.004733199644441672,12.0,86,106,E,
4DWK,equibind,scored,0.0,12.0,93,102,C,
4E3J,diffdock,scored,0.9780722638280438,12.0,91,93,E,
4E3J,equibind,scored,0.06831124917306806,12.0,91,115,E,
4E3L,diffdock,scored,0.9364065686791211,12.0,91,95,I,
4E3L,equibind,scored,0.5514668983891645,12.0,123,112,H,
4E3I,diffdock,scored,0.0,12.0,92,96,C,
4E3I,equibind,scored,0.03463610335447887,12.0,92,111,C,
4E3K,diffdock,scored,0.9891090578108203,12.0,92,93,F,
4E3K,equibind,scored,0.004258008940226437,12.0,92,102,C,
4E3O,diffdock,scored,0.0,12.0,81,81,F,
4E3O,equibind,scored,0.0051984121242625555,12.0,82,94,C,
4E4N,diffdock,scored,0.0,12.0,88,85,D,
4E4N,equibind,scored,0.02183003685305056,12.0,88,43,D,
4E5D,diffdock,scored,0.9704226745411884,12.0,103,100,,
4E5D,equibind,scored,0.5834859933032738,12.0,103,98,,
4E67,diffdock,scored,0.7204336609067679,12.0,82,64,B:B,
4E67,equibind,scored,0.8281056432618462,12.0,82,71,B:B,
4E4L,diffdock,scored,0.9266336380941909,12.0,83,81,G,
4E4L,equibind,scored,0.0,12.0,83,91,H,
4E5W,diffdock,scored,0.9217599674086349,12.0,91,88,E,
4E5W,equibind,scored,0.0729416758272017,12.0,91,50,E,
4E5J,diffdock,scored,0.0,12.0,86,86,M,
4E5J,equibind,scored,0.0,12.0,86,31,M,
4E5G,diffdock,scored,0.0,12.0,78,76,I,
4E5G,equibind,scored,0.026298311199476947,12.0,77,30,O,
4E5H,diffdock,scored,0.0,12.0,90,90,,
4E5H,equibind,scored,0.02667339683936938,12.0,90,35,,
4E5F,diffdock,scored,0.0,12.0,74,74,I,
4E5F,equibind,scored,0.0,12.0,74,26,I,
4E6C,diffdock,scored,0.9826937941915114,12.0,58,59,,
4E6C,equibind,scored,0.9123358631402213,12.0,58,63,,
4E6D,diffdock,scored,0.9308776864701058,12.0,87,85,D,
4E6D,equibind,scored,0.09185784212879916,12.0,87,88,D,
4E96,diffdock,scored,0.9520007753458155,12.0,62,63,B,
4E96,equibind,scored,0.9006540394584334,12.0,62,60,,
4E9C,diffdock,scored,0.7092827293929763,12.0,76,71,B:B,
4E9C,equibind,scored,0.5643427536816871,12.0,76,54,B:B,
4E6Q,diffdock,scored,0.9525597483623127,12.0,84,84,C,
4E6Q,equibind,scored,0.2576269643675245,12.0,95,101,D,
4E90,diffdock,scored,0.0,12.0,98,105,H,
4E90,equibind,scored,0.10971576481211041,12.0,101,97,E,
4E81,diffdock,scored,0.08775206227778067,12.0,138,66,C:C,
4E81,equibind,scored,0.7089136586203947,12.0,138,135,C:C,
4E9U,diffdock,scored,0.9329582235448637,12.0,118,118,,
4E9U,equibind,scored,0.7192701781059393,12.0,118,118,,
4E70,diffdock,scored,0.0,12.0,104,103,E,
4E70,equibind,scored,0.4927114902318066,12.0,104,100,E,
4E8W,diffdock,scored,0.8899220664706643,12.0,70,70,C,
4E8W,equibind,scored,0.0,12.0,73,111,E,
4EA1,diffdock,scored,0.959285598897479,12.0,125,122,,
4EA1,equibind,scored,0.8204749508382567,12.0,125,127,,
4EA2,diffdock,scored,0.9341974903027408,12.0,120,122,,
4EA2,equibind,scored,0.8178750720432844,12.0,120,120,B,
4EDE,diffdock,scored,0.8793232006856517,12.0,108,105,,
4EDE,equibind,scored,0.20369557228518764,12.0,108,91,,
4EEH,diffdock,scored,0.9640206687211029,12.0,83,84,,
4EEH,equibind,scored,0.858513870833552,12.0,83,85,,
4EB9,diffdock,scored,0.3452677557117357,12.0,134,146,J,
4EB9,equibind,scored,0.21843721953181255,12.0,135,105,H,
4EC0,diffdock,scored,0.8881108419043496,12.0,87,89,,
4EC0,equibind,scored,0.6813722423249214,12.0,87,86,,
4EA3,diffdock,scored,0.9663967315706843,12.0,119,121,C,
4EA3,equibind,scored,0.1304587616644694,12.0,120,107,F,
4EEJ,diffdock,scored,0.9440320518824168,12.0,110,106,C,
4EEJ,equibind,scored,0.30403451346838994,12.0,109,99,E,
4EEV,diffdock,scored,0.9270257558810867,12.0,112,106,,
4EEV,equibind,scored,0.6025414149985537,12.0,112,104,,
4EFG,diffdock,scored,0.012573881227469136,12.0,106,104,,
4EFG,equibind,scored,0.2110017155116278,12.0,106,92,,
4EFS,diffdock,scored,0.9536944202711306,12.0,88,84,G,
4EFS,equibind,scored,0.8947036968993043,12.0,88,89,,
4EFT,diffdock,scored,0.9437900067094444,12.0,108,106,,
4EFT,equibind,scored,0.7927310192040361,12.0,108,98,,
4EDZ,diffdock,scored,0.0,12.0,84,85,I,
4EDZ,equibind,scored,0.11585423011149322,12.0,86,118,N,
4EF6,diffdock,scored,0.9637355916267307,12.0,82,83,F,
4EF6,equibind,scored,0.5034513805400336,12.0,82,97,F,
4EFK,diffdock,scored,0.9383412431620772,12.0,81,78,J,
4EFK,equibind,scored,0.07621325911256162,12.0,81,90,J,
4EC4,diffdock,scored,0.0,12.0,123,119,O,
4EC4,equibind,scored,0.0,12.0,120,119,W,
4EGH,diffdock,scored,0.9538802586965811,12.0,86,86,,
4EGH,equibind,scored,0.8008130906721506,12.0,86,81,,
4EFU,diffdock,scored,0.9436548339158068,12.0,109,103,,
4EFU,equibind,scored,0.8976541204006567,12.0,109,106,,
4EGI,diffdock,scored,1.0,12.0,80,80,,
4EGI,equibind,scored,0.8366839224593347,12.0,80,75,,
4EGK,diffdock,scored,0.8580455434665446,12.0,99,95,,
4EGK,equibind,scored,0.9064805550176951,12.0,99,94,,
4EH3,diffdock,scored,0.952722989581687,12.0,86,84,,
4EH3,equibind,scored,0.5467515527044481,12.0,86,94,,
4EH6,diffdock,scored,0.0,12.0,78,53,,
4EH6,equibind,scored,0.7914887446459618,12.0,78,81,,
4EH4,diffdock,scored,1.0,12.0,85,85,,
4EH4,equibind,scored,0.38287638719932077,12.0,85,81,,
4EH7,diffdock,scored,0.9876385169291664,12.0,82,81,,
4EH7,equibind,scored,0.6611612797312337,12.0,82,90,,
4EH8,diffdock,scored,0.051795635713598964,12.0,92,59,C,
4EH8,equibind,scored,0.7930347640041776,12.0,92,85,C,
4EHR,diffdock,scored,0.9452285091650061,12.0,74,72,,
4EHR,equibind,scored,0.8974958270779209,12.0,74,69,B,
4EHE,diffdock,scored,0.037731776189757225,12.0,109,112,C,
4EHE,equibind,scored,0.11518761415579416,12.0,112,123,D,
4EHV,diffdock,scored,0.8428384944769393,12.0,90,95,B,
4EHV,equibind,scored,0.781468006839608,12.0,90,95,B,
4EJ8,diffdock,scored,1.0,12.0,28,28,,
4EJ8,equibind,scored,0.0782330931046081,12.0,28,76,,
4EHM,diffdock,scored,0.7679178977743472,12.0,116,121,,
4EHM,equibind,scored,0.8105288311185411,12.0,116,119,,
4EKI,diffdock,scored,0.9652225591347148,12.0,117,117,,
4EKI,equibind,scored,0.8363127155505614,12.0,117,107,,
4EI4,diffdock,scored,0.0,12.0,81,79,C,
4EI4,equibind,scored,0.0,12.0,81,36,C,
4EJ2,diffdock,scored,0.8308940590854227,12.0,142,138,,
4EJ2,equibind,scored,0.749243081484011,12.0,142,141,,
4EKE,diffdock,scored,0.9082230158830876,12.0,139,140,,
4EKE,equibind,scored,0.7828273992090152,12.0,139,126,B,
4EL9,diffdock,scored,0.9777957961252981,12.0,93,91,B,
4EL9,equibind,scored,0.8436796754809042,12.0,93,87,B,
4EKY,diffdock,scored,0.9322626682468994,12.0,134,131,,
4EKY,equibind,scored,0.7736394476629523,12.0,134,135,,
4EL0,diffdock,scored,0.9923300208800288,12.0,132,133,,
4EL0,equibind,scored,0.8489876673676795,12.0,132,128,B,
4EHZ,diffdock,scored,0.0,12.0,78,79,K,
4EHZ,equibind,scored,0.0,12.0,79,77,M,
4EL5,diffdock,scored,0.9678038070375644,12.0,127,125,,
4EL5,equibind,scored,0.8876273276332413,12.0,127,125,,
4EM7,diffdock,scored,0.9307292418871864,12.0,70,71,,
4EM7,equibind,scored,0.7413792726609832,12.0,70,82,,
4EMT,diffdock,scored,0.8177919929938542,12.0,121,130,,
4EMT,equibind,scored,0.7713468038208903,12.0,121,117,,
4EN4,diffdock,scored,0.9752294168419169,12.0,81,81,G,
4EN4,equibind,scored,0.011980894099084762,12.0,85,86,Z,
4ENY,diffdock,scored,1.0,12.0,89,89,,
4ENY,equibind,scored,0.8656234274955235,12.0,89,91,,
4ELE,diffdock,scored,0.980739982236295,12.0,107,105,Q,
4ELE,equibind,scored,0.0,12.0,94,101,T,
4ELB,diffdock,scored,0.0,12.0,93,96,GA,
4ELB,equibind,scored,0.012595779515660304,12.0,100,99,W,
4ELF,diffdock,scored,0.032868531312955356,12.0,98,101,N,
4ELF,equibind,scored,0.0,12.0,91,105,Z,
4ELG,diffdock,scored,0.0,12.0,104,95,BA,
4ELG,equibind,scored,0.009756196975280582,12.0,96,105,Y,
4ELH,diffdock,scored,0.023082649973337706,12.0,105,98,P,
4ELH,equibind,scored,0.0,12.0,98,98,AA,
4EO6,diffdock,scored,0.0,12.0,84,82,C,
4EO6,equibind,scored,0.0,12.0,85,100,D,
4EO8,diffdock,scored,0.9764041154464604,12.0,85,85,C,
4EO8,equibind,scored,0.0,12.0,87,96,D,
4EO4,diffdock,scored,0.0,12.0,122,123,N,
4EO4,equibind,scored,0.0,12.0,120,92,K,
4EOX,diffdock,scored,0.9802340017329867,12.0,103,103,,
4EOX,equibind,scored,0.8515936397517107,12.0,103,98,,
4EOI,diffdock,scored,0.0,12.0,83,88,E,
4EOI,equibind,scored,0.01579008357572097,12.0,83,83,E,
4EOL,diffdock,scored,0.9056496475706607,12.0,80,86,H,
4EOL,equibind,scored,0.08149435059893514,12.0,80,84,H,
4EPY,diffdock,scored,1.0,12.0,59,59,,
4EPY,equibind,scored,0.6846261698305126,12.0,59,56,,
4EON,diffdock,scored,0.9061341673560931,12.0,80,88,E,
4EON,equibind,scored,0.10489846891117335,12.0,80,89,E,
4ERE,diffdock,scored,0.8983504327303968,12.0,61,57,C,
4ERE,equibind,scored,0.26192510789308215,12.0,63,45,E,
4ER2,diffdock,scored,0.843677703262656,12.0,126,113,I:B,
4ER2,equibind,scored,0.6723687893432926,12.0,126,97,I:B,
4EST,diffdock,scored,0.712818232163689,12.0,103,91,I:B,
4EST,equibind,scored,0.7334177691491979,12.0,103,89,I:B,
4ER4,diffdock,scored,0.7236584515905388,12.0,142,120,I:B,
4ER4,equibind,scored,0.5650817766598418,12.0,142,158,I:B,
4ERK,diffdock,scored,0.9048276283003468,12.0,72,71,,
4ERK,equibind,scored,0.7741589863014845,12.0,72,82,,
4EOP,diffdock,scored,0.0,12.0,83,87,E,
4EOP,equibind,scored,0.03269921506675287,12.0,81,95,G,
4EOS,diffdock,scored,0.8952097619382465,12.0,82,85,E,
4EOS,equibind,scored,0.13009372722009543,12.0,81,93,F,
4EU0,diffdock,scored,0.8314942193870173,12.0,62,60,,
4EU0,equibind,scored,0.8854042260666666,12.0,62,65,,
4EUO,diffdock,scored,0.9885244228639954,12.0,88,87,,
4EUO,equibind,scored,0.848119977397691,12.0,88,87,,
4EUV,diffdock,scored,0.8668387132944081,12.0,61,61,,
4EUV,equibind,scored,0.8864027516384185,12.0,61,68,,
4EWN,diffdock,scored,0.9790651245514185,12.0,96,96,,
4EWN,equibind,scored,0.7277285425467285,12.0,96,88,B,
4EW3,diffdock,scored,0.9250485108591211,12.0,80,80,,
4EW3,equibind,scored,0.8223599515444198,12.0,80,69,E,
4ETZ,diffdock,scored,0.8632938216797502,12.0,62,60,D,
4ETZ,equibind,scored,0.006458620405596266,12.0,62,89,C,
4EXH,diffdock,scored,0.15148790398061054,12.0,93,57,M:D,
4EXH,equibind,scored,0.7823499421154224,12.0,95,84,J:C,
4EXG,diffdock,scored,0.9910076355997076,12.0,113,112,,
4EXG,equibind,scored,0.8915521278322097,12.0,113,113,,
4EUC,diffdock,scored,0.005390006454602407,12.0,170,178,H,
4EUC,equibind,scored,0.052199622712843466,12.0,170,165,H,
4EU3,diffdock,scored,0.9747227372586769,12.0,80,78,,
4EU3,equibind,scored,0.03545126393083442,12.0,80,108,,
4EXZ,diffdock,scored,0.009264098662321082,12.0,107,105,,
4EXZ,equibind,scored,0.2029945226133335,12.0,107,92,,
4EXS,diffdock,scored,0.0,12.0,71,72,C,
4EXS,equibind,scored,0.12106125349516698,12.0,71,77,C,
4EYJ,diffdock,scored,0.972783356867757,12.0,109,112,,
4EYJ,equibind,scored,0.7428743980627589,12.0,109,120,,
4EYM,diffdock,scored,0.9510513984979735,12.0,100,103,,
4EYM,equibind,scored,0.7380773449862456,12.0,100,89,,
4EYR,diffdock,scored,0.9197514948102733,12.0,104,102,,
4EYR,equibind,scored,0.8901120194934987,12.0,104,103,C,
4EZR,diffdock,scored,0.09862559367962992,12.0,89,63,B:B,
4EZR,equibind,scored,0.6966140421404955,12.0,89,102,B:B,
4EZZ,diffdock,scored,0.09640679627248999,12.0,89,70,B:B,
4EZZ,equibind,scored,0.5981617512151494,12.0,89,86,B:B,
4F09,diffdock,scored,0.9726008377010242,12.0,74,74,,
4F09,equibind,scored,0.9452254993945324,12.0,74,74,,
4F0C,diffdock,scored,0.9561411890031273,12.0,95,91,B,
4F0C,equibind,scored,0.7534171850784396,12.0,95,90,B,
4EZX,diffdock,scored,0.06452994819963181,12.0,88,66,C:C,
4EZX,equibind,scored,0.12248936738992197,12.0,85,95,D:D,
4F08,diffdock,scored,0.9476925195243475,12.0,78,74,D,
4F08,equibind,scored,0.04776099161083885,12.0,76,79,C,
4EZJ,diffdock,scored,0.9603712483266766,12.0,101,103,,
4EZJ,equibind,scored,0.9004302154523735,12.0,101,103,,
4F1Q,diffdock,scored,0.9440303747301492,12.0,71,71,C,
4F1Q,equibind,scored,0.11616612209978947,12.0,70,82,E,
4F3I,diffdock,scored,0.9677518715089699,12.0,61,63,,
4F3I,equibind,scored,0.9149262045287339,12.0,61,56,,
4F2W,diffdock,scored,0.9628792070999855,12.0,109,107,C,
4F2W,equibind,scored,0.013440859941969975,12.0,109,110,H,
4F39,diffdock,scored,0.9261289138028576,12.0,96,91,,
4F39,equibind,scored,0.7507826276856158,12.0,96,94,,
4EZW,diffdock,scored,0.005406173458442004,12.0,89,92,G:G,
4EZW,equibind,scored,0.0,12.0,82,123,E:E,
4F4P,diffdock,scored,0.9662691075920214,12.0,89,90,,
4F4P,equibind,scored,0.8611869544334169,12.0,89,83,,
4F5Y,diffdock,scored,0.8456433353955533,12.0,122,138,,
4F5Y,equibind,scored,0.68535288501286,12.0,122,109,,
4F64,diffdock,scored,0.9236982455362902,12.0,91,90,G,
4F64,equibind,scored,0.07368282278563645,12.0,91,95,G,
4F7J,diffdock,scored,0.9531788847865108,12.0,107,106,,
4F7J,equibind,scored,0.8455423787468695,12.0,107,101,,
4F6S,diffdock,scored,0.9802665046403877,12.0,104,102,,
4F6S,equibind,scored,0.7739249609315012,12.0,104,101,,
4F6U,diffdock,scored,0.9512422279777386,12.0,123,121,,
4F6U,equibind,scored,0.8746084426551307,12.0,123,109,,
4F7L,diffdock,scored,0.9347787382085512,12.0,120,122,,
4F7L,equibind,scored,0.7851954623889369,12.0,120,119,C,
4F7N,diffdock,scored,0.9742167854149643,12.0,115,118,,
4F7N,equibind,scored,0.7907634935618035,12.0,115,112,,
4F49,diffdock,scored,0.0,12.0,95,92,H,
4F49,equibind,scored,0.0,12.0,95,123,H,
4F9G,diffdock,scored,0.7996173327350588,12.0,108,122,,
4F9G,equibind,scored,0.7700873187172862,12.0,108,98,,
4F9U,diffdock,scored,0.0,12.0,79,80,F,
4F9U,equibind,scored,0.21170419744494437,12.0,79,110,F,
4F9V,diffdock,scored,0.034599115691675,12.0,77,111,F,
4F9V,equibind,scored,0.46450374921391885,12.0,110,94,H,
4F9W,diffdock,scored,0.9569578456911569,12.0,93,93,,
4F9W,equibind,scored,0.7676115851260934,12.0,93,77,,
4FCF,diffdock,scored,0.9631997598751705,12.0,82,83,B,
4FCF,equibind,scored,0.6604707741388811,12.0,82,57,B,
4FCQ,diffdock,scored,0.9213836843614684,12.0,104,100,,
4FCQ,equibind,scored,0.9194975126239401,12.0,104,98,,
4FBE,diffdock,scored,1.0,12.0,80,80,C,
4FBE,equibind,scored,0.04401361540988666,12.0,78,81,G,
4FEM,diffdock,scored,0.9237318086063628,12.0,40,41,B:B,
4FEM,equibind,scored,0.8250355722064004,12.0,40,47,B:B,
4FAI,diffdock,scored,0.9748641477970827,12.0,81,79,G,
4FAI,equibind,scored,0.07296204542553869,12.0,80,54,D,
4FE9,diffdock,scored,0.9043037509360667,12.0,43,43,C:C,
4FE9,equibind,scored,0.7866879545851252,12.0,43,48,C:C,
4F8H,diffdock,scored,0.0,12.0,63,101,J,
4F8H,equibind,scored,0.0,12.0,63,97,J,
4FFS,diffdock,scored,0.9893798424956367,12.0,95,96,,
4FFS,equibind,scored,0.8974071179396574,12.0,95,86,,
4FGX,diffdock,scored,0.8812935549342436,12.0,133,128,B:B,
4FGX,equibind,scored,0.7572790343996634,12.0,133,111,B:B,
4FHH,diffdock,scored,0.969764444578862,12.0,134,132,,
4FHH,equibind,scored,0.9538106660616749,12.0,134,132,,
4FHI,diffdock,scored,0.9696970270467611,12.0,134,134,,
4FHI,equibind,scored,0.9534536804308452,12.0,134,132,,
4FI9,diffdock,scored,0.060812761599265984,12.0,73,66,B:B,
4FI9,equibind,scored,0.6672571508992318,12.0,73,68,B:B,
4FIV,diffdock,scored,0.8183210090283456,12.0,58,59,B,
4FIV,equibind,scored,0.5989574738141776,12.0,58,70,B,
4FHT,diffdock,scored,0.04207818254077991,12.0,79,80,C,
4FHT,equibind,scored,0.35739039855122556,12.0,79,78,C,
4FGZ,diffdock,scored,0.0,12.0,60,65,G,
4FGZ,equibind,scored,0.2246327488413176,12.0,86,75,H,
4FIC,diffdock,scored,0.9524300654851793,12.0,63,62,C,
4FIC,equibind,scored,0.20959579461995065,12.0,68,69,D,
4FL1,diffdock,scored,0.9299526139469741,12.0,87,85,,
4FL1,equibind,scored,0.8761915929786093,12.0,87,92,,
4FK6,diffdock,scored,0.0,12.0,80,83,D,
4FK6,equibind,scored,0.0,12.0,78,39,C,
4FKK,diffdock,scored,0.9537008335899038,12.0,109,108,,
4FKK,equibind,scored,0.7555226876480361,12.0,109,104,,
4FL3,diffdock,scored,0.9035823463321265,12.0,93,92,B,
4FL3,equibind,scored,0.8539149507976638,12.0,93,97,,
4FL2,diffdock,scored,0.8872519380283452,12.0,105,103,C,
4FL2,equibind,scored,0.8428982936601228,12.0,105,99,,
4FLI,diffdock,scored,0.9345663696607728,12.0,108,105,,
4FLI,equibind,scored,0.7885622523818012,12.0,108,105,,
4FLJ,diffdock,scored,0.9577856642687649,12.0,119,118,,
4FLJ,equibind,scored,0.8357126707844497,12.0,119,112,,
4FEV,diffdock,scored,0.0,12.0,78,81,K,
4FEV,equibind,scored,0.022938276804327373,12.0,86,70,H,
4FMU,diffdock,scored,0.9715901154701188,12.0,108,105,,
4FMU,equibind,scored,0.7397098350601142,12.0,108,85,E,
4FLK,diffdock,scored,0.955818318344482,12.0,115,112,,
4FLK,equibind,scored,0.8165678070419056,12.0,115,110,,
4FEW,diffdock,scored,0.0,12.0,88,82,Q,
4FEW,equibind,scored,0.0447434606007407,12.0,95,80,Z,
4FM7,diffdock,scored,0.9574967372790514,12.0,97,97,B,
4FM7,equibind,scored,0.7274408743039745,12.0,97,103,,
4FM8,diffdock,scored,0.9581917473300031,12.0,97,97,B,
4FM8,equibind,scored,0.8231249510111978,12.0,97,107,,
4FNY,diffdock,scored,0.9508667412690631,12.0,104,99,,
4FNY,equibind,scored,0.8111252423354489,12.0,104,95,,
4FNZ,diffdock,scored,0.9522624874094,12.0,106,105,,
4FNZ,equibind,scored,0.6238129491077453,12.0,106,90,,
4FOB,diffdock,scored,0.9474569135474901,12.0,96,95,,
4FOB,equibind,scored,0.8273781214108098,12.0,96,90,B,
4FNN,diffdock,scored,0.900767731801661,12.0,77,81,,
4FNN,equibind,scored,0.25515834998793435,12.0,77,105,,
4FRJ,diffdock,scored,0.9721359888401003,12.0,111,108,,
4FRJ,equibind,scored,0.8293479733389789,12.0,111,106,,
4FRK,diffdock,scored,0.9364190561432896,12.0,112,109,,
4FRK,equibind,scored,0.8696312394160283,12.0,112,104,F,
4FVQ,diffdock,scored,0.929823135931866,12.0,101,96,,
4FVQ,equibind,scored,0.8219854109164352,12.0,101,108,,
4FP1,diffdock,scored,0.0,12.0,92,94,F,
4FP1,equibind,scored,0.0,12.0,92,90,F,
4FVR,diffdock,scored,0.9098279773306087,12.0,99,98,,
4FVR,equibind,scored,0.8371062890407711,12.0,99,106,,
4FZ3,diffdock,scored,0.45198676319590647,12.0,76,109,B:B,
4FZ3,equibind,scored,0.5942802335363624,12.0,76,77,B:B,
4FXZ,diffdock,scored,0.3607648884301892,12.0,108,89,,
4FXZ,equibind,scored,0.822560935742788,12.0,108,101,,
4FXP,diffdock,scored,0.9588750378950079,12.0,97,99,H,
4FXP,equibind,scored,0.4098075070201869,12.0,97,90,H,
4FYH,diffdock,scored,0.15614953358253017,12.0,90,90,I,
4FYH,equibind,scored,0.27008847643832623,12.0,95,93,K,
4FXQ,diffdock,scored,0.0,12.0,78,80,C,
4FXQ,equibind,scored,0.04828296277455514,12.0,81,58,G,
4FZJ,diffdock,scored,0.9499174524437858,12.0,79,79,L,
4FZJ,equibind,scored,0.016379989314363522,12.0,79,97,L,
4G0K,diffdock,scored,0.9481687131233881,12.0,116,116,M,
4G0K,equibind,scored,0.07520490074418973,12.0,114,107,W,
4FNS,diffdock,scored,0.0,12.0,93,92,E,
4FNS,equibind,scored,0.0,12.0,93,92,H,
4G0P,diffdock,scored,0.9489912641660412,12.0,58,59,,
4G0P,equibind,scored,0.7996457209035498,12.0,58,60,,
4G0L,diffdock,scored,0.0,12.0,109,107,C,
4G0L,equibind,scored,0.024276617822692498,12.0,109,88,C,
4G0Q,diffdock,scored,0.8991357246425953,12.0,61,55,,
4G0Q,equibind,scored,0.8064344367058647,12.0,61,61,,
4G0Y,diffdock,scored,0.9482552747763954,12.0,58,57,,
4G0Y,equibind,scored,0.877832003830946,12.0,58,55,,
4FXJ,diffdock,scored,0.0,12.0,91,99,I,
4FXJ,equibind,scored,0.0,12.0,91,84,I,
4FXF,diffdock,scored,0.0,12.0,77,79,R,
4FXF,equibind,scored,0.0,12.0,76,71,H,
4G0Z,diffdock,scored,0.965818432393053,12.0,58,60,,
4G0Z,equibind,scored,0.8705410606599981,12.0,58,53,,
4G2F,diffdock,scored,0.9574888284792822,12.0,94,94,,
4G2F,equibind,scored,0.9128901139472484,12.0,94,90,,
4G2Y,diffdock,scored,0.9342224062469736,12.0,91,89,,
4G2Y,equibind,scored,0.9556714591770928,12.0,91,91,,
4G2L,diffdock,scored,0.9303659473802334,12.0,99,100,E,
4G2L,equibind,scored,0.06557988612507375,12.0,99,90,H,
4G3G,diffdock,scored,0.970287639128702,12.0,99,102,,
4G3G,equibind,scored,0.7357124367560329,12.0,99,98,,
4G11,diffdock,scored,0.9677475961037822,12.0,94,93,,
4G11,equibind,scored,0.8910731606960096,12.0,94,94,,
4G4P,diffdock,scored,0.9012240687480032,12.0,87,94,,
4G4P,equibind,scored,0.655355892368713,12.0,87,91,,
4G19,diffdock,scored,0.0,12.0,100,104,R,
4G19,equibind,scored,0.0,12.0,100,91,F,
4G5F,diffdock,scored,0.9778163886697926,12.0,89,91,D,
4G5F,equibind,scored,0.18405413635597678,12.0,89,93,D,
4G5Y,diffdock,scored,0.0,12.0,87,80,E,
4G5Y,equibind,scored,0.36580854735684204,12.0,87,96,E,
4G8N,diffdock,scored,0.969247771002258,12.0,98,99,,
4G8N,equibind,scored,0.6211767337280919,12.0,98,99,,
4G8M,diffdock,scored,0.0,12.0,98,98,C,
4G8M,equibind,scored,0.1453190327451773,12.0,98,84,C,
4G68,diffdock,scored,0.9535276162895988,12.0,132,130,E:E,
4G68,equibind,scored,0.020539103084489495,12.0,132,96,E:E,
4G8V,diffdock,scored,0.9594430192806918,12.0,74,75,,
4G8V,equibind,scored,0.1822944048186099,12.0,74,89,,
4G8Y,diffdock,scored,0.0,12.0,73,72,,
4G8Y,equibind,scored,0.24345020020498898,12.0,73,87,,
4G8L,diffdock,scored,0.0,12.0,121,116,H,
4G8L,equibind,scored,0.19348626934534408,12.0,125,68,F,
4G8R,diffdock,scored,0.0,12.0,78,71,E,
4G8R,equibind,scored,0.44693491885723263,12.0,77,56,D,
4G90,diffdock,scored,0.0,12.0,73,73,,
4G90,equibind,scored,0.20204810169150716,12.0,73,92,,
4GD6,diffdock,scored,0.9546618628737719,12.0,86,90,,
4GBY,diffdock,scored,0.9311721191312268,12.0,73,72,C,
4GBY,equibind,scored,0.7829924330870779,12.0,73,79,C,
4GBZ,diffdock,scored,0.9708947340169178,12.0,71,69,F,
4GBZ,equibind,scored,0.672316706231238,12.0,24,27,C,
4G8O,diffdock,scored,0.0,12.0,85,68,,
4G8O,equibind,scored,0.008446550294832768,12.0,85,144,,
4GEE,diffdock,scored,0.96315838303787,12.0,82,83,,
4GEE,equibind,scored,0.8751329416729895,12.0,82,84,,
4GE2,diffdock,scored,0.967952988133894,12.0,94,95,,
4GE2,equibind,scored,0.15568849286760106,12.0,94,123,C,
4GE1,diffdock,scored,0.9889194853941081,12.0,91,90,E,
4GE1,equibind,scored,0.012767199863893016,12.0,88,56,H,
4GFD,diffdock,scored,0.9603584401713392,12.0,99,103,C,
4GFD,equibind,scored,0.03752656311680744,12.0,103,91,D,
4GFN,diffdock,scored,0.9748915322173684,12.0,81,81,,
4GFN,equibind,scored,0.8050795801060334,12.0,81,87,,
4GFM,diffdock,scored,0.9387147483472414,12.0,82,81,,
4GFM,equibind,scored,0.8270400573706196,12.0,82,80,,
4FZC,equibind,scored,0.00799714103651686,12.0,121,5,d:DA,
4GE4,diffdock,scored,0.9429643701877444,12.0,138,140,C,
4GE4,equibind,scored,0.07077388313384265,12.0,138,148,D,
4GFO,diffdock,scored,0.9492893069225128,12.0,79,79,,
4GFO,equibind,scored,0.9620420071138638,12.0,79,82,,
4FZG,equibind,scored,0.006575945557336777,12.0,120,5,d:DA,
4GHT,diffdock,scored,0.9127421544570726,12.0,80,79,D,
4GHT,equibind,scored,0.12044463107872341,12.0,80,105,C,
4GGZ,diffdock,scored,0.0,12.0,71,71,H,
4GGZ,equibind,scored,0.07424577245197718,12.0,71,96,F,
4GIH,diffdock,scored,0.9382334744331199,12.0,81,80,,
4GIH,equibind,scored,0.7870139532103883,12.0,81,87,,
4GII,diffdock,scored,0.9877019637349698,12.0,83,82,,
4GII,equibind,scored,0.9379112799888428,12.0,83,82,,
4GJ2,diffdock,scored,0.987603828263544,12.0,82,83,B,
4GJ2,equibind,scored,0.731907234838626,12.0,82,91,B,
4GJ3,diffdock,scored,0.9628241784796172,12.0,83,80,B,
4GJ3,equibind,scored,0.7866820631881372,12.0,83,85,B,
4GJ7,diffdock,scored,0.9662516600752814,12.0,119,121,G,
4GJ7,equibind,scored,0.10084056963633406,12.0,119,124,G,
4GKC,diffdock,scored,0.9446979346866022,12.0,111,107,D,
4GKC,equibind,scored,0.2762596397799016,12.0,109,102,C,
4GLY,diffdock,scored,0.030345292432528728,12.0,121,61,B:B,
4GLY,equibind,scored,0.8259340418533083,12.0,121,141,B:B,
4GJB,diffdock,scored,0.9509518209427956,12.0,102,101,D,
4GJB,equibind,scored,0.17906226314678297,12.0,102,86,D,
4GJ8,diffdock,scored,0.025393350197210535,12.0,109,102,D,
4GJ8,equibind,scored,0.4352953561007315,12.0,82,90,E,
4GNY,diffdock,scored,0.9804726255826974,12.0,104,104,,
4GNY,equibind,scored,0.775192287631307,12.0,104,90,,
4GMY,diffdock,scored,0.9496354021358244,12.0,78,80,,
4GMY,equibind,scored,0.7315993604837246,12.0,78,84,,
4GID,diffdock,scored,0.0,12.0,140,142,E,
4GID,equibind,scored,0.0,12.0,138,75,G,
4GMC,diffdock,scored,0.9022975888435363,12.0,72,69,,
4GMC,equibind,scored,0.0,12.0,72,134,,
4GM8,diffdock,scored,0.0,12.0,108,100,E:E,
4GM8,equibind,scored,0.07965908180593964,12.0,109,128,F:F,
4GQ4,diffdock,scored,0.9736555935863229,12.0,114,115,,
4GQ4,equibind,scored,0.8701877345355601,12.0,114,115,,
4GQL,diffdock,scored,0.9883819329249302,12.0,90,89,G,
4GQL,equibind,scored,0.8464870642826061,12.0,90,83,G,
4GR0,diffdock,scored,0.9883560316035159,12.0,88,89,G,
4GR0,equibind,scored,0.8486368621450706,12.0,88,98,,
4GR3,diffdock,scored,0.9759097934613529,12.0,86,84,,
4GR3,equibind,scored,0.8721267429666013,12.0,86,93,G,
4GQQ,diffdock,scored,0.9384173216099637,12.0,49,48,C,
4GQQ,equibind,scored,0.06984416958538048,12.0,49,86,C,
4GR8,diffdock,scored,0.9517800146650858,12.0,85,83,,
4GR8,equibind,scored,0.8547747677349955,12.0,85,81,,
4GSY,diffdock,scored,0.9408273535215059,12.0,103,99,C,
4GSY,equibind,scored,0.05672271676378698,12.0,102,97,D,
4GVD,diffdock,scored,0.18362258604049397,12.0,62,86,D:D,
4GVD,equibind,scored,0.15645786633090963,12.0,62,55,D:D,
4GVM,diffdock,scored,0.9701339224509131,12.0,35,34,,
4GVM,equibind,scored,0.21548544647574738,12.0,35,86,,
4GUJ,diffdock,scored,0.9253592422077301,12.0,94,91,C,
4GUJ,equibind,scored,0.09510600122194438,12.0,89,105,G,
4GW6,diffdock,scored,0.9710455784483192,12.0,35,36,,
4GW6,equibind,scored,0.30393797732022804,12.0,35,83,,
4GWI,diffdock,scored,0.9759087789409641,12.0,42,43,B:B,
4GWI,equibind,scored,0.7381188368554383,12.0,42,48,B:B,
4GW8,diffdock,scored,0.9638937175202649,12.0,85,82,,
4GW8,equibind,scored,0.8297376542268736,12.0,85,88,,
4GV8,diffdock,scored,0.0,12.0,94,92,Q,
4GV8,equibind,scored,0.05795014453632156,12.0,108,91,J,
4GWK,diffdock,scored,1.0,12.0,33,33,B,
4GWK,equibind,scored,0.8208124418488152,12.0,33,37,B,
4GXS,diffdock,scored,0.9397451260193822,12.0,100,102,C,
4GXS,equibind,scored,0.6399605049424828,12.0,100,109,C,
4GZP,diffdock,scored,0.944683154460297,12.0,108,106,,
4GZP,equibind,scored,0.9426605495848358,12.0,108,106,H,
4GS8,diffdock,scored,0.0,12.0,89,87,C,
4GS8,equibind,scored,0.0,12.0,89,116,C,
4H1J,diffdock,scored,0.9547782452343941,12.0,112,113,,
4H1J,equibind,scored,0.7865767636395093,12.0,112,107,,
4GPK,equibind,scored,0.0,12.0,161,29,W:W,
4H1M,diffdock,scored,0.9806158228312025,12.0,105,105,,
4H1M,equibind,scored,0.7140316740528115,12.0,105,121,,
4GZT,diffdock,scored,0.0,12.0,109,108,Q,
4GZT,equibind,scored,0.0,12.0,109,126,V,
4H2M,diffdock,scored,0.8650859412216882,12.0,80,83,D,
4H2M,equibind,scored,0.1338211357947378,12.0,80,135,D,
4H38,diffdock,scored,0.9867949862452978,12.0,77,78,,
4H38,equibind,scored,0.03154164061752145,12.0,77,125,C,
4GZ3,diffdock,scored,0.983750349217518,12.0,124,126,I,
4GZ3,equibind,scored,0.041727954075062884,12.0,124,100,I,
4H3A,diffdock,scored,0.9416849160993729,12.0,67,69,C,
4H3A,equibind,scored,0.047805430093937465,12.0,67,106,C,
4H42,diffdock,scored,0.9276989777429193,12.0,93,100,,
4H42,equibind,scored,0.8594437101046466,12.0,93,90,,
4GZW,diffdock,scored,0.0,12.0,113,110,E:E,
4GZW,equibind,scored,0.0,12.0,113,158,E:E,
4GZX,diffdock,scored,0.0,12.0,110,106,G:G,
4GZX,equibind,scored,0.0,12.0,112,121,E:E,
4GK7,equibind,scored,0.007601885063305715,12.0,122,9,2:DA,
4H3C,diffdock,scored,0.9444070063516566,12.0,73,71,E,
4H3C,equibind,scored,0.11462880542712817,12.0,84,101,D,
4H75,diffdock,scored,0.19146224328436523,12.0,82,60,B:B,
4H75,equibind,scored,0.6631121726171095,12.0,82,60,B:B,
4H4D,diffdock,scored,0.0,12.0,102,100,D,
4H4D,equibind,scored,0.0993291301929508,12.0,101,91,F,
4H5E,diffdock,scored,0.9077404690860423,12.0,106,106,,
4H5E,equibind,scored,0.797771413644286,12.0,106,106,,
4H71,diffdock,scored,0.0,12.0,57,53,,
4H71,equibind,scored,0.0311352873963107,12.0,57,81,,
4H4E,diffdock,scored,0.0,12.0,103,100,D,
4H4E,equibind,scored,0.17625410656869864,12.0,103,87,D,
4H7Q,diffdock,scored,0.9479855222014271,12.0,76,76,,
4H7Q,equibind,scored,0.895486627727796,12.0,76,76,,
4H81,diffdock,scored,0.9399175114894975,12.0,82,83,,
4H81,equibind,scored,0.7153187090807462,12.0,82,80,,
4H4M,diffdock,scored,0.9550047010912127,12.0,90,90,,
4H4M,equibind,scored,0.7702395999671194,12.0,90,82,,
4HBV,diffdock,scored,0.9663051710756729,12.0,60,58,,
4HBV,equibind,scored,0.9298779410334059,12.0,60,58,,
4HBN,diffdock,scored,0.960604087699031,12.0,77,78,,
4HBN,equibind,scored,0.973769045993554,12.0,77,77,,
4HBW,diffdock,scored,0.9516459154719357,12.0,62,61,,
4HBW,equibind,scored,0.9168473457743357,12.0,62,61,,
4H85,diffdock,scored,0.9341739928022896,12.0,77,72,,
4H85,equibind,scored,0.9071136230206838,12.0,77,76,,
4HBY,diffdock,scored,0.9511834146706095,12.0,60,63,,
4HBY,equibind,scored,0.8973582646994469,12.0,60,58,,
4HBM,diffdock,scored,0.9097555068939962,12.0,70,64,M,
4HBM,equibind,scored,0.07883347373606574,12.0,100,108,J,
4HCO,diffdock,scored,0.22855855122144833,12.0,53,41,,
4HCO,equibind,scored,0.02830317091204913,12.0,53,78,,
4HCU,diffdock,scored,0.9335556929804154,12.0,106,107,,
4HCU,equibind,scored,0.6594655390495017,12.0,106,95,,
4HCV,diffdock,scored,0.9716264459901282,12.0,108,107,,
4HCV,equibind,scored,0.6929914328113733,12.0,108,92,,
4HG7,diffdock,scored,0.8610915925325497,12.0,64,65,,
4HG7,equibind,scored,0.8534350127402676,12.0,64,63,,
4HEJ,diffdock,scored,0.9495601283641506,12.0,100,97,,
4HEJ,equibind,scored,0.7666738290088724,12.0,100,86,,
4HDC,diffdock,scored,0.9701663773134477,12.0,101,102,C,
4HDC,equibind,scored,0.054408669053303736,12.0,103,98,D,
4HGL,diffdock,scored,0.9691325716765636,12.0,96,97,,
4HGL,equibind,scored,0.8979898463834687,12.0,96,94,B,
4HGS,diffdock,scored,0.9596218106604504,12.0,101,97,,
4HGS,equibind,scored,0.8959975729961649,12.0,101,95,,
4HBP,diffdock,scored,0.0,12.0,133,132,C,
4HBP,equibind,scored,0.04207530229832566,12.0,135,105,D,
4HGT,diffdock,scored,0.8951027498937447,12.0,102,103,D,
4HGT,equibind,scored,0.216811791208608,12.0,102,99,D,
4HLC,diffdock,scored,0.04608415971530803,12.0,103,102,D,
4HLC,equibind,scored,0.0461894462340691,12.0,103,97,D,
4HEV,diffdock,scored,0.9635553739084257,12.0,82,81,D,
4HEV,equibind,scored,0.00995290410627243,12.0,84,88,F,
4HLG,diffdock,scored,0.0,12.0,87,92,L,
4HLG,equibind,scored,0.05900487139973291,12.0,87,101,L,
4HLD,diffdock,scored,0.04702771690184608,12.0,103,100,D,
4HLD,equibind,scored,0.03333153569274329,12.0,103,95,D,
4HLM,diffdock,scored,0.0,12.0,86,92,M,
4HLM,equibind,scored,0.0965789734743364,12.0,86,99,M,
4HP0,diffdock,scored,0.8979172536642922,12.0,77,79,B:B,
4HP0,equibind,scored,0.8626699845354456,12.0,77,71,B:B,
4HNI,diffdock,scored,0.0,12.0,87,87,C,
4HNI,equibind,scored,0.17188509124585197,12.0,86,92,I,
4HHZ,diffdock,scored,0.0,12.0,115,123,J,
4HHZ,equibind,scored,0.05116553813690455,12.0,123,107,G,
4HHY,diffdock,scored,0.0,12.0,128,126,H,
4HHY,equibind,scored,0.007893435351558184,12.0,121,100,K,
4HOD,diffdock,scored,0.33447865899438667,12.0,108,88,,
4HOD,equibind,scored,0.8487960669825602,12.0,108,98,B,
4HMK,diffdock,scored,0.3731725222743225,12.0,105,86,C,
4HMK,equibind,scored,0.042866688463541115,12.0,105,78,C,
4HPI,diffdock,scored,0.946385512009201,12.0,78,76,B:B,
4HPI,equibind,scored,0.8286219535604592,12.0,78,66,B:B,
4HRA,diffdock,scored,0.9634612848441614,12.0,110,112,B,
4HRA,equibind,scored,0.8151124621396434,12.0,110,99,B,
4HT0,diffdock,scored,0.9664758810511205,12.0,89,92,,
4HT0,equibind,scored,0.8612248159808066,12.0,89,100,,
4HT6,diffdock,scored,0.41434837675244507,12.0,73,45,F:F,
4HT6,equibind,scored,0.0612839320519669,12.0,73,139,F:F,
4HT2,diffdock,scored,0.9893686937202115,12.0,94,95,W,
4HT2,equibind,scored,0.13167202295228556,12.0,93,75,L,
4HU1,diffdock,scored,0.0,12.0,99,96,D,
4HU1,equibind,scored,0.0441099630226601,12.0,97,106,H,
4HNN,diffdock,scored,0.005379853997959932,12.0,97,84,N,
4HNN,equibind,scored,0.00934349156839291,12.0,97,87,N,
4HSO,diffdock,scored,0.0,12.0,97,90,N,
4HSO,equibind,scored,0.13912563650596405,12.0,93,93,E,
4HVD,diffdock,scored,0.9752899380040401,12.0,80,82,,
4HVD,equibind,scored,0.9246737044875339,12.0,80,80,,
4HVH,diffdock,scored,0.9750343676179142,12.0,81,81,,
4HVH,equibind,scored,0.8556097669907327,12.0,81,81,B,
4HVA,diffdock,scored,0.0,12.0,80,79,F,
4HVA,equibind,scored,0.03156983296439608,12.0,80,53,F,
4HTX,diffdock,scored,0.9732295666729779,12.0,113,114,J,
4HTX,equibind,scored,0.0,12.0,116,81,P,
4HVB,diffdock,scored,0.9563997765387324,12.0,94,92,,
4HVB,equibind,scored,0.9115335242662352,12.0,94,90,,
4HVI,diffdock,scored,0.9521409033983335,12.0,85,83,,
4HVI,equibind,scored,0.8276428014761823,12.0,85,79,,
4HVS,diffdock,scored,0.9493092314311814,12.0,117,119,,
4HVS,equibind,scored,0.8463211649354407,12.0,117,121,,
4HW7,diffdock,scored,0.9907840705979802,12.0,110,111,,
4HW7,equibind,scored,0.8109898901000979,12.0,110,100,,
4HXJ,diffdock,scored,0.4191787230652617,12.0,41,65,C:C,
4HXJ,equibind,scored,0.5013100854395168,12.0,41,51,C:C,
4HXL,diffdock,scored,0.9517433909627456,12.0,62,63,,
4HXL,equibind,scored,0.9309061579127414,12.0,62,60,,
4HXM,diffdock,scored,0.9672979796236113,12.0,62,60,,
4HXM,equibind,scored,0.9161724673179636,12.0,62,59,,
4HXS,diffdock,scored,0.9838251205836808,12.0,63,62,,
4HXS,equibind,scored,0.8415005479423094,12.0,63,67,,
4HXW,diffdock,scored,0.961427128589096,12.0,80,77,,
4HXW,equibind,scored,0.9121142627833879,12.0,80,83,,
4HWR,diffdock,scored,0.9426084307364333,12.0,123,120,F,
4HWR,equibind,scored,0.27999145467712916,12.0,116,123,D,
4HWT,diffdock,scored,0.0,12.0,119,112,F,
4HWT,equibind,scored,0.15105332362746735,12.0,119,127,F,
4HXZ,diffdock,scored,1.0,12.0,83,83,C,
4HXZ,equibind,scored,0.016302272647193985,12.0,83,76,D,
4HY5,diffdock,scored,0.9795072214505874,12.0,50,49,F,
4HY5,equibind,scored,0.042882701481332205,12.0,50,76,F,
4HY1,diffdock,scored,0.0,12.0,92,89,C,
4HY1,equibind,scored,0.04579471544288027,12.0,92,75,C,
4HY9,diffdock,scored,0.012127177885402888,12.0,114,103,D:D,
4HY9,equibind,scored,0.36435015021672607,12.0,114,155,D:D,
4HNP,equibind,scored,0.0,12.0,112,8,FA,
4HYB,diffdock,scored,0.0809780221589621,12.0,101,61,D:D,
4HYB,equibind,scored,0.1735458378841804,12.0,95,121,C:C,
4HYS,diffdock,scored,0.9582167563717189,12.0,70,73,,
4HYS,equibind,scored,0.8614595772889182,12.0,70,74,,
4HZZ,diffdock,scored,0.9720298930811361,12.0,109,106,,
4HZZ,equibind,scored,0.8346039167250536,12.0,109,105,F,
4HRC,equibind,scored,0.0,12.0,122,8,GA,
4HYF,diffdock,scored,0.9288503206530486,12.0,86,84,L,
4HYF,equibind,scored,0.0,12.0,86,112,L,
4HRD,equibind,scored,0.0,12.0,121,1,DA,
4I0D,diffdock,scored,0.9080265350006428,12.0,100,95,,
4I0D,equibind,scored,0.8513370787327966,12.0,100,92,,
4HZM,diffdock,scored,0.0,12.0,97,95,D,
4HZM,equibind,scored,0.23826862910830762,12.0,97,76,D,
4I0F,diffdock,scored,0.9399443234991127,12.0,98,104,,
4I0F,equibind,scored,0.8294303632098574,12.0,98,105,,
4I0R,diffdock,scored,0.9742129047824465,12.0,79,77,,
4I0R,equibind,scored,0.9123571574462265,12.0,79,78,,
4I0T,diffdock,scored,0.9502505328401191,12.0,81,79,,
4I0T,equibind,scored,0.9255347777722596,12.0,81,81,,
4I11,diffdock,scored,0.9478298343176506,12.0,99,94,,
4I11,equibind,scored,0.8798837706025858,12.0,99,90,E,
4I0Z,diffdock,scored,0.9529311147488307,12.0,108,105,,
4I0Z,equibind,scored,0.8936182633546249,12.0,108,107,,
4I1C,diffdock,scored,0.9899204622918952,12.0,101,100,,
4I1C,equibind,scored,0.7572731964207804,12.0,101,106,,
4I12,diffdock,scored,0.9808900748906753,12.0,106,106,,
4I12,equibind,scored,0.8544770086357028,12.0,106,103,,
4I1R,diffdock,scored,0.9527306975020953,12.0,86,82,,
4I1R,equibind,scored,0.7501310806627318,12.0,86,74,B,
4HZ5,diffdock,scored,1.0,12.0,86,86,K,
4HZ5,equibind,scored,0.1904879378836923,12.0,106,60,L,
4I47,diffdock,scored,1.0,12.0,81,81,,
4I47,equibind,scored,0.8549194907289154,12.0,81,81,,
4I5M,diffdock,scored,0.9096287425913544,12.0,77,76,,
4I5M,equibind,scored,0.8180272070403831,12.0,77,88,,
4I5P,diffdock,scored,0.9483888922199046,12.0,77,79,,
4I5P,equibind,scored,0.923456477475571,12.0,77,81,,
4I2W,diffdock,scored,0.0,12.0,88,137,B:B,
4I2W,equibind,scored,0.0,12.0,88,118,B:B,
4I5C,diffdock,scored,0.9532571107964696,12.0,84,86,C,
4I5C,equibind,scored,0.05278431729295896,12.0,84,46,H,
4I6B,diffdock,scored,0.9469844598587046,12.0,75,77,,
4I6B,equibind,scored,0.8759610915860994,12.0,75,72,,
4I6H,diffdock,scored,0.9748257878655219,12.0,80,82,,
4I6H,equibind,scored,0.9484868247571032,12.0,80,78,,
4I2Z,diffdock,scored,0.44853703508895476,12.0,92,67,B:B,
4I2Z,equibind,scored,0.06647535282174008,12.0,92,115,B:B,
4I6Q,diffdock,scored,0.9505074279213928,12.0,81,81,,
4I6Q,equibind,scored,0.9874396158269385,12.0,81,82,,
4I74,diffdock,scored,0.9219990323325629,12.0,102,102,,
4I74,equibind,scored,0.8888687244774441,12.0,102,101,,
4I7J,diffdock,scored,1.0,12.0,69,69,D,
4I7J,equibind,scored,0.22340269554706846,12.0,73,66,N,
4I7L,diffdock,scored,0.0,12.0,76,79,D,
4I7L,equibind,scored,0.3790508594601969,12.0,80,65,N,
4I3Z,diffdock,scored,0.0,12.0,88,85,E,
4I3Z,equibind,scored,0.01284670682618353,12.0,88,54,E,
4I7K,diffdock,scored,1.0,12.0,79,79,N,
4I7K,equibind,scored,0.0848707011920743,12.0,79,78,N,
4I7M,diffdock,scored,1.0,12.0,77,77,D,
4I7M,equibind,scored,0.1852049381880247,12.0,82,69,J,
4I7P,diffdock,scored,1.0,12.0,74,74,D,
4I7P,equibind,scored,0.1337778498723466,12.0,74,68,D,
4I9O,diffdock,scored,0.9779542253796596,12.0,47,46,,
4I9O,equibind,scored,0.6300074187161098,12.0,47,61,,
4I8W,diffdock,scored,0.9713932028714989,12.0,105,108,,
4I8W,equibind,scored,0.9402012723407195,12.0,105,107,,
4I9R,diffdock,scored,0.6421883319436011,12.0,104,80,,
4I9R,equibind,scored,0.4835313483606652,12.0,104,75,,
4I80,diffdock,scored,0.3820979966442669,12.0,134,88,B:B,
4I80,equibind,scored,0.3205351541607268,12.0,134,161,B:B,
4I9S,diffdock,scored,0.6445018387029811,12.0,104,79,,
4I9S,equibind,scored,0.47659617020904466,12.0,104,67,,
4I73,diffdock,scored,0.8688802570797962,12.0,96,97,R,
4I73,equibind,scored,0.004958090333998596,12.0,105,80,F,
4I9C,diffdock,scored,0.6258671553717697,12.0,160,164,C:B,
4I9C,equibind,scored,0.6472634415802312,12.0,160,134,C:B,
4IAX,diffdock,scored,0.9619756488403512,12.0,105,107,,
4IAX,equibind,scored,0.47121219732116126,12.0,105,72,B,
4IBD,diffdock,scored,0.08429557145026431,12.0,81,82,C,
4IBD,equibind,scored,0.35260967315165076,12.0,81,84,C,
4IBE,diffdock,scored,0.9028790177652694,12.0,81,83,E,
4IBE,equibind,scored,0.2700774631814753,12.0,81,92,C,
4IAW,diffdock,scored,0.9084343391607976,12.0,106,108,D,
4IAW,equibind,scored,0.0,12.0,106,87,D,
4IBJ,diffdock,scored,0.9311221517810344,12.0,85,89,C,
4IBJ,equibind,scored,0.29687963845479887,12.0,85,101,C,
4IBI,diffdock,scored,0.9881436075008291,12.0,86,85,C,
4IBI,equibind,scored,0.30197178770585076,12.0,86,94,C,
4IBK,diffdock,scored,0.8833906400614447,12.0,83,87,C,
4IBK,equibind,scored,0.43504217485919594,12.0,83,77,C,
4IE0,diffdock,scored,0.9899622311289886,12.0,101,100,,
4IE0,equibind,scored,0.15782150538238907,12.0,101,83,,
4IDZ,diffdock,scored,0.9691232245879319,12.0,98,97,,
4IDZ,equibind,scored,0.7996641111629048,12.0,98,96,,
4IE5,diffdock,scored,0.9516498384447838,12.0,101,104,,
4IE5,equibind,scored,0.7836091047722279,12.0,101,106,,
4IDT,diffdock,scored,0.005283809863355363,12.0,89,86,D,
4IDT,equibind,scored,0.8194676587899078,12.0,87,85,C,
4IDO,diffdock,scored,0.8919073177584794,12.0,121,120,F,
4IDO,equibind,scored,0.18389292910160857,12.0,122,138,C,
4IDN,diffdock,scored,0.9500866920044876,12.0,122,122,C,
4IDN,equibind,scored,0.26243509772960366,12.0,122,137,C,
4I9H,diffdock,scored,0.0,12.0,132,77,O,
4I9H,equibind,scored,0.0,12.0,132,92,O,
4IE6,diffdock,scored,0.9101396112244555,12.0,110,108,,
4IE6,equibind,scored,0.7742792676456314,12.0,110,105,,
4I9U,diffdock,scored,0.9537594312952742,12.0,65,64,I,
4I9U,equibind,scored,0.0,12.0,72,95,L,
4IHO,diffdock,scored,0.7405427029573486,12.0,128,111,C:C,
4IHO,equibind,scored,0.06417360117338577,12.0,134,78,F:F,
4IH7,diffdock,scored,0.0,12.0,98,95,D,
4IH7,equibind,scored,0.03825614471235278,12.0,97,69,F,
4IH6,diffdock,scored,0.0,12.0,105,103,D,
4IH6,equibind,scored,0.05060670686699934,12.0,106,78,C,
4IJH,diffdock,scored,0.9769959580024373,12.0,44,45,B,
4IJH,equibind,scored,0.8007900628898798,12.0,44,47,B,
4IIC,diffdock,scored,0.9788678883464319,12.0,96,94,EA,
4IIC,equibind,scored,0.052830343476358475,12.0,97,80,W,
4IJL,diffdock,scored,0.9358700678910524,12.0,47,46,B,
4IJL,equibind,scored,0.7220280707360482,12.0,47,52,B,
4IH3,diffdock,scored,0.0,12.0,91,86,H,
4IH3,equibind,scored,0.0,12.0,92,48,R,
4IIE,diffdock,scored,0.9392660869309272,12.0,99,97,EA,
4IIE,equibind,scored,0.0,12.0,99,82,EA,
4IKN,diffdock,scored,0.11415867206874464,12.0,60,45,B:B,
4IKN,equibind,scored,0.21313403875050627,12.0,60,51,B:B,
4IJP,diffdock,scored,0.825473332668218,12.0,87,95,C,
4IJP,equibind,scored,0.1860973310632897,12.0,83,86,H,
4IKU,diffdock,scored,0.979210072886225,12.0,97,97,,
4IKU,equibind,scored,0.7391067713052246,12.0,97,113,,
4IMQ,diffdock,scored,0.8744621164801545,12.0,72,73,B:B,
4IMQ,equibind,scored,0.7804735054602925,12.0,72,58,B:B,
4IMZ,diffdock,scored,0.731000622529698,12.0,77,67,B:B,
4IMZ,equibind,scored,0.6083565559586106,12.0,77,52,B:B,
4IID,diffdock,scored,0.0,12.0,97,100,U,
4IID,equibind,scored,0.0,12.0,97,87,U,
4IN9,diffdock,scored,0.22605752608801724,12.0,72,22,B:B,
4IN9,equibind,scored,0.6291239390184847,12.0,72,86,B:B,
4IJQ,diffdock,scored,0.0,12.0,86,85,M,
4IJQ,equibind,scored,0.0,12.0,86,130,M,
4INB,diffdock,scored,0.9715820306172661,12.0,72,72,,
4INB,equibind,scored,0.6869965574451605,12.0,72,59,,
4IIF,diffdock,scored,0.0,12.0,102,97,V,
4IIF,equibind,scored,0.0,12.0,102,81,V,
4IPJ,diffdock,scored,0.9650824717094102,12.0,86,87,,
4IPJ,equibind,scored,0.8844220523714464,12.0,86,90,,
4IPI,diffdock,scored,0.9430115391465453,12.0,89,88,C,
4IPI,equibind,scored,0.8211358748713528,12.0,89,87,C,
4IO3,diffdock,scored,0.0,12.0,88,87,F,
4IO3,equibind,scored,0.0,12.0,88,83,F,
4IO5,diffdock,scored,0.5962498198378008,12.0,83,83,C,
4IO5,equibind,scored,0.0,12.0,83,82,G,
4IO2,diffdock,scored,0.8579210756225807,12.0,91,92,E,
4IO2,equibind,scored,0.013450307807666956,12.0,90,86,H,
4IO4,diffdock,scored,0.6486854596736426,12.0,87,87,C,
4IO4,equibind,scored,0.7796668531720269,12.0,87,79,C,
4IO7,diffdock,scored,0.4831571324389686,12.0,99,82,F,
4IO7,equibind,scored,0.5641269610075851,12.0,93,85,C,
4IO6,diffdock,scored,0.11534410673677181,12.0,95,75,C,
4IO6,equibind,scored,0.0,12.0,95,81,H,
4IR5,diffdock,scored,0.9825306228519971,12.0,59,58,,
4IR5,equibind,scored,0.9639854957734085,12.0,59,61,,
4IR6,diffdock,scored,0.9482937262515349,12.0,56,59,,
4IR6,equibind,scored,0.9297538110305276,12.0,56,60,,
4ITP,diffdock,scored,0.9457272667531108,12.0,93,90,,
4ITP,equibind,scored,0.8716078191751959,12.0,93,93,,
4IRX,diffdock,scored,0.0,12.0,93,97,C,
4IRX,equibind,scored,0.03239533992578232,12.0,93,63,C,
4IU1,diffdock,scored,0.9759764263447362,12.0,84,84,,
4IU1,equibind,scored,0.92871840184248,12.0,84,86,,
4ITH,diffdock,scored,0.9178385032298874,12.0,96,98,P,
4ITH,equibind,scored,0.31143416780644356,12.0,95,97,I,
4IVA,diffdock,scored,0.974643791936914,12.0,80,78,,
4IVA,equibind,scored,0.9746219788146755,12.0,80,80,,
4IPN,diffdock,scored,0.9158260657735622,12.0,107,106,A:C,
4IPN,equibind,scored,0.014864815008615074,12.0,107,129,A:C,
4ITI,diffdock,scored,0.0,12.0,111,108,C,
4ITI,equibind,scored,0.14601527898580674,12.0,111,83,C,
4ISU,diffdock,scored,0.9676625806544339,12.0,95,94,P,
4ISU,equibind,scored,0.015080735990782808,12.0,96,71,E,
4IWZ,diffdock,scored,0.8705690173269728,12.0,94,90,,
4IWZ,equibind,scored,0.8241073667147388,12.0,94,93,,
4IWD,diffdock,scored,0.8853509376853411,12.0,97,94,,
4IWD,equibind,scored,0.8767791673111073,12.0,97,99,,
4IVK,diffdock,scored,0.9480272955796343,12.0,96,97,,
4IVK,equibind,scored,0.7546258757547947,12.0,96,92,B,
4IVB,diffdock,scored,0.9747717984369209,12.0,81,79,D,
4IVB,equibind,scored,0.007792166265199656,12.0,81,46,D,
4IVD,diffdock,scored,0.9876211317351693,12.0,82,83,C,
4IVD,equibind,scored,0.013040403276544887,12.0,82,50,D,
4IVC,diffdock,scored,0.0,12.0,84,85,D,
4IVC,equibind,scored,0.04527626779932978,12.0,83,48,C,
4IZ0,diffdock,scored,0.9864070103982913,12.0,74,75,C,
4IZ0,equibind,scored,0.2228396748033579,12.0,100,100,D,
4J0R,diffdock,scored,0.983840649547004,12.0,63,62,,
4J0R,equibind,scored,0.9515244353826526,12.0,63,66,,
4J0S,diffdock,scored,1.0,12.0,63,63,,
4J0S,equibind,scored,0.9359705588080028,12.0,63,63,,
4J03,diffdock,scored,0.9434657163371756,12.0,141,145,,
4J03,equibind,scored,0.6452846620539016,12.0,141,109,D,
4J0P,diffdock,scored,0.9547056643901645,12.0,112,111,,
4J0P,equibind,scored,0.688669143285532,12.0,112,104,,
4J0Y,diffdock,scored,0.9383822280476372,12.0,117,110,,
4J0Y,equibind,scored,0.7313493410551665,12.0,117,110,,
4J04,diffdock,scored,0.960343447452712,12.0,77,76,C,
4J04,equibind,scored,0.0,12.0,62,120,G,
4IZM,diffdock,scored,0.0,12.0,87,63,J,
4IZM,equibind,scored,0.0,12.0,87,40,J,
4J06,diffdock,scored,0.933003341311734,12.0,75,74,D,
4J06,equibind,scored,0.0,12.0,76,44,C,
4J0A,diffdock,scored,0.9762352686567545,12.0,87,85,,
4J0A,equibind,scored,0.0,12.0,87,96,,
4J0Z,diffdock,scored,0.8618821085151722,12.0,115,111,,
4J0Z,equibind,scored,0.6147759698731734,12.0,115,105,,
4J1E,diffdock,scored,0.9395234880034663,12.0,118,115,,
4J1E,equibind,scored,0.7658910289770777,12.0,118,111,,
4J17,diffdock,scored,0.9401045040953704,12.0,116,115,,
4J17,equibind,scored,0.7903792102054459,12.0,116,105,,
4J3I,diffdock,scored,0.9348500723566378,12.0,62,60,,
4J3I,equibind,scored,0.9165328355658238,12.0,62,59,,
4J44,diffdock,scored,0.1108494741415652,12.0,46,56,B:B,
4J44,equibind,scored,0.06198581731851572,12.0,46,72,B:B,
4J46,diffdock,scored,0.1309007061763563,12.0,50,58,B:B,
4J46,equibind,scored,0.09350959269810248,12.0,50,67,B:B,
4J1H,diffdock,scored,0.938988855271059,12.0,117,112,,
4J1H,equibind,scored,0.7181185558278927,12.0,117,114,,
4J45,diffdock,scored,0.09087447402424328,12.0,46,55,B:B,
4J45,equibind,scored,0.059966763366897005,12.0,46,56,B:B,
4J47,diffdock,scored,0.13520655291786368,12.0,47,61,B:B,
4J47,equibind,scored,0.06583740463823731,12.0,47,73,B:B,
4J5D,diffdock,scored,0.9623144748759584,12.0,82,79,B,
4J5D,equibind,scored,0.7689937155748781,12.0,82,69,,
4J52,diffdock,scored,0.8934026424961233,12.0,86,81,,
4J52,equibind,scored,0.8492182715840083,12.0,86,87,,
4J74,diffdock,scored,0.9824660354908199,12.0,58,59,B,
4J74,equibind,scored,0.746430754465839,12.0,58,48,B,
4J73,diffdock,scored,0.7726991913740731,12.0,82,76,B:B,
4J73,equibind,scored,0.6204956273374115,12.0,82,97,B:B,
4J5E,diffdock,scored,0.9506106149050929,12.0,82,80,,
4J5E,equibind,scored,0.7897276913939978,12.0,82,70,,
4J2T,diffdock,scored,0.9240484159708152,12.0,109,105,B,
4J2T,equibind,scored,0.7081860160586213,12.0,109,96,B,
4J7D,diffdock,scored,0.9496285515735275,12.0,61,62,,
4J7D,equibind,scored,0.7945419642798414,12.0,61,66,,
4J79,diffdock,scored,0.5439458407805399,12.0,82,52,B:B,
4J79,equibind,scored,0.7696458711677063,12.0,82,65,B:B,
4J78,diffdock,scored,0.5953719930480124,12.0,84,54,B:B,
4J78,equibind,scored,0.7118241415835722,12.0,84,83,B:B,
4J3J,diffdock,scored,0.0,12.0,128,123,D,
4J3J,equibind,scored,0.07314402241410314,12.0,128,129,D,
4J8B,diffdock,scored,0.6220433291609989,12.0,85,58,B:B,
4J8B,equibind,scored,0.7836286785338005,12.0,85,72,B:B,
4J77,diffdock,scored,0.0,12.0,83,53,C:A,
4J77,equibind,scored,0.0,12.0,83,104,C:A,
4J84,diffdock,scored,0.0,12.0,81,48,C:C,
4J84,equibind,scored,0.13396374448840503,12.0,81,124,C:C,
4J82,diffdock,scored,0.5082633474097592,12.0,82,51,C:C,
4J82,equibind,scored,0.1516373245322783,12.0,83,111,D:D,
4J86,diffdock,scored,0.0,12.0,82,100,D:D,
4J86,equibind,scored,0.7010187974098697,12.0,118,91,C:C,
4J8T,diffdock,scored,0.951171926748148,12.0,104,103,E,
4J8T,equibind,scored,0.025295316025467758,12.0,97,95,F,
4J93,diffdock,scored,0.8828200599247618,12.0,65,67,,
4J93,equibind,scored,0.736994253606501,12.0,65,68,,
4J8G,diffdock,scored,0.0,12.0,84,149,C:C,
4J8G,equibind,scored,0.11945260323154552,12.0,84,165,C:C,
4J3U,diffdock,scored,0.6921324222670865,12.0,113,129,C:C,
4J3U,equibind,scored,0.007879296174638731,12.0,123,196,D:D,
4JAZ,diffdock,scored,0.9540535433323558,12.0,87,89,,
4JAZ,equibind,scored,0.03540784156670042,12.0,87,69,,
4JC1,diffdock,scored,0.9558679307823275,12.0,46,46,C:B,
4JC1,equibind,scored,0.8681014443418589,12.0,46,48,C:B,
4JBP,diffdock,scored,1.0,12.0,106,106,,
4JBP,equibind,scored,0.7424649443041341,12.0,106,94,,
4JBL,diffdock,scored,0.0,12.0,107,86,,
4JBL,equibind,scored,0.7207481287816384,12.0,107,99,,
4JCK,diffdock,scored,0.9776410070820606,12.0,45,46,C:B,
4JCK,equibind,scored,0.8725493890538326,12.0,45,51,C:B,
4J9A,diffdock,scored,0.0,12.0,107,110,Q,
4J9A,equibind,scored,0.05635424037005091,12.0,116,54,K,
4JDF,diffdock,scored,0.9653669267555257,12.0,87,86,,
4JDF,equibind,scored,0.7608557166014851,12.0,87,81,,
4JE7,diffdock,scored,0.009524056783436085,12.0,110,108,E,
4JE7,equibind,scored,0.09531483225208233,12.0,110,88,E,
4JFI,diffdock,scored,0.9423398117673578,12.0,72,70,B,
4JFI,equibind,scored,0.8761157037792865,12.0,72,79,B,
4JDA,diffdock,scored,0.0,12.0,102,100,H,
4JDA,equibind,scored,0.0,12.0,102,65,H,
4JBS,diffdock,scored,0.8711037776410541,12.0,132,142,K,
4JBS,equibind,scored,0.02821221315725141,12.0,132,108,K,
4JFK,diffdock,scored,0.9566656765458913,12.0,70,71,,
4JFK,equibind,scored,0.8749642796461455,12.0,70,79,B,
4JFJ,diffdock,scored,0.9854183197804927,12.0,70,71,,
4JFJ,equibind,scored,0.8595049832811192,12.0,70,76,,
4JFD,diffdock,scored,0.7194022834034874,12.0,190,180,C:C,
4JFD,equibind,scored,0.6250722325270214,12.0,190,162,C:C,
4JFL,diffdock,scored,0.971224203714255,12.0,70,72,,
4JFL,equibind,scored,0.8141377136198373,12.0,70,82,B,
4JFM,diffdock,scored,0.9284681884813849,12.0,71,74,,
4JFM,equibind,scored,0.9001890018408693,12.0,71,78,,
4JFE,diffdock,scored,0.699460370463011,12.0,188,198,C:C,
4JFE,equibind,scored,0.6214183733595728,12.0,188,145,C:C,
4JFF,diffdock,scored,0.6170822461352616,12.0,190,204,C:C,
4JFF,equibind,scored,0.6190452449788961,12.0,190,154,C:C,
4JG6,diffdock,scored,0.9860792826226931,12.0,73,72,B,
4JG6,equibind,scored,0.8791437005759853,12.0,73,74,B,
4JGV,diffdock,scored,0.9288693330861435,12.0,86,84,,
4JGV,equibind,scored,0.11740822117771103,12.0,86,88,,
4JG8,diffdock,scored,0.8834213504864896,12.0,92,93,B,
4JG8,equibind,scored,0.8371350056886994,12.0,92,91,B,
4JG1,diffdock,scored,0.05378137447481643,12.0,70,141,P:C,
4JG1,equibind,scored,0.6496731798319852,12.0,70,89,P:C,
4JFX,diffdock,scored,0.0,12.0,70,68,P:E,
4JFX,equibind,scored,0.0,12.0,70,87,P:E,
4JIN,diffdock,scored,0.9655938007648919,12.0,88,89,,
4JIN,equibind,scored,0.8248499185993352,12.0,88,83,,
4JJQ,diffdock,scored,0.42208942176630254,12.0,54,33,B:B,
4JJQ,equibind,scored,0.18385355583793195,12.0,54,47,B:B,
4JJ8,diffdock,scored,0.9201015113644564,12.0,88,93,C:C,
4JJ8,equibind,scored,0.005238308603959608,12.0,88,98,D:D,
4JJE,diffdock,scored,0.9075707616482077,12.0,90,88,B:B,
4JJE,equibind,scored,0.6999349172838797,12.0,90,75,B:B,
4JIB,diffdock,scored,0.0,12.0,103,120,J,
4JIB,equibind,scored,0.00822834834994164,12.0,127,104,M,
4JIT,diffdock,scored,0.882544415775854,12.0,86,82,F,
4JIT,equibind,scored,0.0,12.0,86,81,F,
4JH0,diffdock,scored,0.892743644146985,12.0,111,107,C,
4JH0,equibind,scored,0.09959819575175449,12.0,111,132,C,
4JHZ,diffdock,scored,0.0,12.0,85,82,C,
4JHZ,equibind,scored,0.0,12.0,84,119,D,
4JKW,diffdock,scored,0.8883695147285416,12.0,52,56,,
4JKW,equibind,scored,0.7736195026326884,12.0,52,41,,
4JLJ,diffdock,scored,0.9694415339782743,12.0,100,99,C,
4JLJ,equibind,scored,0.24642566589647555,12.0,100,109,F,
4JLG,diffdock,scored,0.0,12.0,85,86,W,
4JLG,equibind,scored,0.2150348665608924,12.0,85,84,W,
4JLM,diffdock,scored,0.0,12.0,100,100,C,
4JLM,equibind,scored,0.4286015856095896,12.0,100,109,C,
4JMX,diffdock,scored,0.9601456844695632,12.0,74,77,,
4JMX,equibind,scored,0.8861527508603718,12.0,74,72,,
4JJS,diffdock,scored,0.0,12.0,86,80,,
4JJS,equibind,scored,0.0,12.0,86,67,,
4JLN,diffdock,scored,0.9904252433682372,12.0,106,107,E,
4JLN,equibind,scored,0.16889728715462907,12.0,106,118,E,
4JOG,diffdock,scored,0.46952245060185704,12.0,98,59,C:C,
4JOG,equibind,scored,0.3571399264064509,12.0,71,38,D:D,
4JNJ,diffdock,scored,0.9708298356288632,12.0,70,68,I,
4JNJ,equibind,scored,0.04161235573704045,12.0,69,55,M,
4JOH,diffdock,scored,0.3916848907047451,12.0,71,33,D:D,
4JOH,equibind,scored,0.3698379564511788,12.0,71,32,D:D,
4JLS,diffdock,scored,0.0,12.0,69,71,O,
4JLS,equibind,scored,0.0,12.0,72,98,P,
4JKT,diffdock,scored,0.9457911419385004,12.0,90,93,E,
4JKT,equibind,scored,0.1529669239143808,12.0,93,93,F,
4JPA,diffdock,scored,0.967151175572733,12.0,94,93,N,
4JPA,equibind,scored,0.0,12.0,94,84,N,
4JPY,diffdock,scored,0.0710931060091915,12.0,68,71,,
4JPY,equibind,scored,0.911493485836267,12.0,68,72,,
4JQL,diffdock,scored,0.9056327817896548,12.0,107,107,,
4JQL,equibind,scored,0.8812391963359977,12.0,107,116,,
4JSA,diffdock,scored,0.9762584783752568,12.0,85,83,D,
4JSA,equibind,scored,0.8732853248432345,12.0,85,86,D,
4JSC,diffdock,scored,0.0,12.0,61,63,C,
4JSC,equibind,scored,0.1888441230266231,12.0,61,116,D,
4JR0,diffdock,scored,0.0,12.0,87,76,C:C,
4JR0,equibind,scored,0.17297253468675827,12.0,88,97,D:D,
4JNE,diffdock,scored,0.010387147954586326,12.0,132,133,M,
4JNE,equibind,scored,0.4576014676545626,12.0,132,124,D,
4JN4,diffdock,scored,0.013847496995784877,12.0,132,132,M,
4JN4,equibind,scored,0.06563769295755491,12.0,132,124,M,
4JSR,diffdock,scored,0.9493113287553887,12.0,98,99,,
4JSR,equibind,scored,0.768385085797183,12.0,98,92,,
4JSS,diffdock,scored,0.8891752133826539,12.0,78,83,,
4JSS,equibind,scored,0.9479877707533784,12.0,78,78,,
4JT8,diffdock,scored,0.9582218521848197,12.0,95,97,,
4JT8,equibind,scored,0.7396467935715905,12.0,95,92,,
4JT9,diffdock,scored,1.0,12.0,90,90,,
4JT9,equibind,scored,0.7815374800620181,12.0,90,104,,
4JV7,diffdock,scored,0.8603735699379164,12.0,62,67,,
4JV7,equibind,scored,0.9009311567542923,12.0,62,64,,
4JR5,diffdock,scored,0.9383170016375398,12.0,128,130,G,
4JR5,equibind,scored,0.8585245671445744,12.0,128,124,C,
4JPS,diffdock,scored,0.9777544286556457,12.0,91,91,,
4JPS,equibind,scored,0.8513151286096389,12.0,91,84,,
4JV8,diffdock,scored,0.9896600731433336,12.0,98,97,B,
4JV8,equibind,scored,0.9375762865756759,12.0,98,98,B,
4JVE,diffdock,scored,0.9679424345033859,12.0,64,66,,
4JVE,equibind,scored,0.7979195254108378,12.0,64,64,,
4JVI,diffdock,scored,0.9898376883859261,12.0,101,100,,
4JVI,equibind,scored,0.7081719620490885,12.0,101,83,,
4JWR,diffdock,scored,0.07645373665628988,12.0,66,76,E,
4JWR,equibind,scored,0.15844944691997626,12.0,75,102,D,
4JX9,diffdock,scored,0.8256789822567959,12.0,54,60,,
4JX9,equibind,scored,0.8275368748153759,12.0,54,60,B,
4JU3,diffdock,scored,0.0,12.0,84,84,C,
4JU3,equibind,scored,0.0,12.0,82,95,E,
4JU7,diffdock,scored,0.0,12.0,84,79,,
4JU7,equibind,scored,0.0,12.0,84,79,,
4JU6,diffdock,scored,0.9390511894809017,12.0,84,79,,
4JU6,equibind,scored,0.0,12.0,84,79,,
4JXS,diffdock,scored,0.9786390668374163,12.0,93,95,,
4JXS,equibind,scored,0.09556475773434156,12.0,93,121,,
4K0O,diffdock,scored,0.9811473413708339,12.0,54,55,B:B,
4K0O,equibind,scored,0.5569216391149301,12.0,54,42,B:B,
4JYV,diffdock,scored,0.8535439324468459,12.0,106,121,,
4JYV,equibind,scored,0.9007635177527802,12.0,106,102,,
4JXW,diffdock,scored,0.9568523734629188,12.0,93,91,C,
4JXW,equibind,scored,0.0,12.0,88,119,E,
4JXV,diffdock,scored,0.9326732404770707,12.0,92,88,C,
4JXV,equibind,scored,0.20102611995583508,12.0,92,131,C,
4JYM,diffdock,scored,0.9882959570868215,12.0,86,87,C,
4JYM,equibind,scored,0.07775397814735797,12.0,86,84,C,
4JYB,diffdock,scored,0.9874958593098669,12.0,81,82,C,
4JYB,equibind,scored,0.10772084720530244,12.0,81,105,C,
4K0Y,diffdock,scored,0.9656722860117429,12.0,87,88,,
4K0Y,equibind,scored,0.8546717664393807,12.0,87,92,,
4K18,diffdock,scored,0.9662338756494754,12.0,88,91,,
4K18,equibind,scored,0.8596040698866715,12.0,88,82,,
4K1E,diffdock,scored,0.15190623607480258,12.0,112,58,B:B,
4K1E,equibind,scored,0.6483198282338805,12.0,112,134,B:B,
4K2Y,diffdock,scored,0.9609469961780955,12.0,78,75,,
4K2Y,equibind,scored,0.8601303770173127,12.0,78,77,,
4K19,diffdock,scored,0.0,12.0,88,99,K,
4K19,equibind,scored,0.0,12.0,88,88,K,
4K2F,diffdock,scored,0.9331748187432494,12.0,118,120,,
4K2F,equibind,scored,0.714930520413623,12.0,118,108,,
4K2G,diffdock,scored,0.9671440120077129,12.0,123,121,,
4K2G,equibind,scored,0.6944129028174798,12.0,123,115,,
4K4J,diffdock,scored,1.0,12.0,106,106,,
4K4J,equibind,scored,0.9421357550282744,12.0,106,108,,
4K3R,diffdock,scored,0.0,12.0,73,73,E:C,
4K3R,equibind,scored,0.0,12.0,73,18,E:C,
4K3O,diffdock,scored,0.0,12.0,79,71,E:C,
4K3O,equibind,scored,0.0,12.0,79,61,E:C,
4K55,diffdock,scored,0.9821533738611362,12.0,56,57,,
4K55,equibind,scored,0.7874973605915685,12.0,56,45,,
4JYC,diffdock,scored,0.0,12.0,70,64,E,
4JYC,equibind,scored,0.0,12.0,70,98,E,
4K4E,diffdock,scored,0.9384932050086278,12.0,80,81,F,
4K4E,equibind,scored,0.03535119046730283,12.0,81,96,D,
4K5Z,diffdock,scored,0.9751655755760511,12.0,81,81,,
4K5Z,equibind,scored,0.7908600234746817,12.0,81,74,,
4K60,diffdock,scored,0.9485441091276274,12.0,75,79,,
4K60,equibind,scored,0.8419237673097091,12.0,75,75,,
4K5L,diffdock,scored,0.9726890434323137,12.0,109,112,,
4K5L,equibind,scored,0.8096641967577662,12.0,109,115,,
4K5Y,diffdock,scored,0.9802859060354875,12.0,103,101,D,
4K5Y,equibind,scored,0.09776653243573039,12.0,103,75,D,
4K5O,diffdock,scored,0.9026378029680907,12.0,112,109,,
4K5O,equibind,scored,0.738446406635553,12.0,112,111,,
4K72,diffdock,scored,0.3586780318237663,12.0,63,29,C:C,
4K72,equibind,scored,0.7560546945428166,12.0,63,73,C:C,
4K6Y,diffdock,scored,0.06635620696395583,12.0,100,42,C:C,
4K6Y,equibind,scored,0.03700051946069637,12.0,100,63,C:C,
4K78,diffdock,scored,0.728655059761062,12.0,66,54,B:B,
4K78,equibind,scored,0.7872223089372525,12.0,66,54,B:B,
4K76,diffdock,scored,0.5021423492269982,12.0,66,49,E:E,
4K76,equibind,scored,0.03828674408614459,12.0,66,125,E:E,
4K42,diffdock,scored,0.0,12.0,77,77,P,
4K42,equibind,scored,0.021129824948481202,12.0,77,84,P,
4K77,diffdock,scored,0.9628718599591151,12.0,81,80,D,
4K77,equibind,scored,0.04594501649054342,12.0,81,31,D,
4K7I,diffdock,scored,1.0,12.0,61,61,F,
4K7I,equibind,scored,0.007016183306120985,12.0,68,69,D,
4K7N,diffdock,scored,0.0,12.0,62,62,F,
4K7N,equibind,scored,0.0,12.0,69,96,D,
4K63,diffdock,scored,0.0,12.0,68,68,I:I,
4K63,equibind,scored,0.0,12.0,69,67,L:L,
4K7O,diffdock,scored,0.006364155908557771,12.0,65,65,J,
4K7O,equibind,scored,0.09616126454842316,12.0,64,97,F,
4K8O,diffdock,scored,0.9846193268084106,12.0,66,67,,
4K8O,equibind,scored,0.7691760204402673,12.0,66,74,,
4K67,diffdock,scored,0.0,12.0,71,73,I:I,
4K67,equibind,scored,0.0,12.0,79,24,J:J,
4K66,diffdock,scored,0.0,12.0,73,62,I:I,
4K66,equibind,scored,0.0,12.0,70,72,J:J,
4K64,diffdock,scored,0.0,12.0,72,68,I:I,
4K64,equibind,scored,0.0,12.0,72,103,J:J,
4K8A,diffdock,scored,0.9850478191183845,12.0,68,67,C,
4K8A,equibind,scored,0.015366785862539228,12.0,69,81,D,
4K9G,diffdock,scored,0.04529860519803469,12.0,71,73,J,
4K9G,equibind,scored,0.23262247635342356,12.0,71,99,J,
4K9Y,diffdock,scored,0.9557372514929239,12.0,113,114,,
4K9Y,equibind,scored,0.8993726988129571,12.0,113,110,,
4KAX,diffdock,scored,1.0,12.0,91,91,,
4KAX,equibind,scored,0.8163897589687061,12.0,91,96,,
4KBC,diffdock,scored,0.96399952249765,12.0,83,84,C,
4KBC,equibind,scored,0.07615473395821973,12.0,85,101,G,
4KAB,diffdock,scored,0.9538515560486601,12.0,67,64,C,
4KAB,equibind,scored,0.022998682605814905,12.0,67,73,C,
4K8S,diffdock,scored,0.0,12.0,117,115,D,
4K8S,equibind,scored,0.016545397456462774,12.0,116,132,F,
4K9H,diffdock,scored,0.0,12.0,123,123,D,
4K9H,equibind,scored,0.0,12.0,123,126,D,
4KBY,diffdock,scored,0.7136454239246662,12.0,131,150,,
4KBY,equibind,scored,0.8937538402543379,12.0,131,137,,
4KEQ,diffdock,scored,1.0,12.0,81,81,D,
4KEQ,equibind,scored,0.8193571428994133,12.0,81,80,D,
4KC1,diffdock,scored,0.937280051415641,12.0,80,79,D,
4KC1,equibind,scored,0.8475827789388961,12.0,80,80,D,
4KC2,diffdock,scored,0.881349983410404,12.0,82,82,,
4KC2,equibind,scored,0.8385181409936205,12.0,82,79,D,
4KCG,diffdock,scored,0.0,12.0,105,107,C,
4KCG,equibind,scored,0.2286337322926377,12.0,105,118,C,
4KBA,diffdock,scored,0.0,12.0,86,89,K,
4KBA,equibind,scored,0.0,12.0,83,79,N,
4KBK,diffdock,scored,0.0,12.0,88,84,J,
4KBK,equibind,scored,0.0,12.0,80,85,R,
4KIL,diffdock,scored,0.9644111220252276,12.0,86,83,,
4KIL,equibind,scored,0.7308064984440146,12.0,86,69,,
4KIF,diffdock,scored,1.0,12.0,89,89,C,
4KIF,equibind,scored,0.8581842975920991,12.0,89,94,C,
4KIP,diffdock,scored,0.9803673506406041,12.0,104,102,C,
4KIP,equibind,scored,0.02538323317332208,12.0,104,121,D,
4KFP,diffdock,scored,0.0,12.0,131,130,K,
4KFP,equibind,scored,0.7505083046752301,12.0,131,120,C,
4KJV,diffdock,scored,0.9790810824944554,12.0,48,49,,
4KJV,equibind,scored,0.5466539744922367,12.0,48,63,D,
4KM2,diffdock,scored,0.9651124713329982,12.0,87,88,F,
4KM2,equibind,scored,0.16038391236988064,12.0,87,77,F,
4KIN,diffdock,scored,0.0,12.0,108,103,G,
4KIN,equibind,scored,0.0,12.0,107,95,H,
4KIQ,diffdock,scored,0.0,12.0,108,108,E,
4KIQ,equibind,scored,0.0,12.0,107,78,F,
4KLB,diffdock,scored,0.0,12.0,66,76,F,
4KLB,equibind,scored,0.07001595331410088,12.0,77,78,G,
4KN2,diffdock,scored,0.0,12.0,100,102,G,
4KN2,equibind,scored,0.04588624057885733,12.0,102,110,O,
4KNI,diffdock,scored,0.9261581594539057,12.0,97,94,,
4KNI,equibind,scored,0.8460286252818733,12.0,97,96,,
4KNM,diffdock,scored,0.0,12.0,96,93,D,
4KNM,equibind,scored,0.011056324225997997,12.0,95,108,G,
4KNR,diffdock,scored,0.9737112986056278,12.0,114,117,,
4KNR,equibind,scored,0.7876629361647608,12.0,114,119,,
4KNB,diffdock,scored,0.0,12.0,96,93,E,
4KNB,equibind,scored,0.13974817011521432,12.0,96,100,E,
4KO8,diffdock,scored,0.0,12.0,89,118,E,
4KO8,equibind,scored,0.8161396412379541,12.0,116,109,C,
4KNZ,diffdock,scored,0.9312516125480329,12.0,100,103,C,
4KNZ,equibind,scored,0.09285222218262194,12.0,100,113,C,
4KIW,equibind,scored,0.0,12.0,104,73,EA,
4KOM,diffdock,scored,0.9851943322763336,12.0,69,70,C:C,
4KOM,equibind,scored,0.6320130455633479,12.0,69,95,C:C,
4KOT,diffdock,scored,0.9781634857655992,12.0,91,93,F,
4KOT,equibind,scored,0.911590992192557,12.0,91,89,,
4KOW,diffdock,scored,0.9656649486917346,12.0,89,90,E,
4KOW,equibind,scored,0.9066611560015315,12.0,89,85,E,
4KON,diffdock,scored,0.914781593930584,12.0,70,68,C:C,
4KON,equibind,scored,0.437838801007103,12.0,70,83,C:C,
4KOX,diffdock,scored,0.9666026595986079,12.0,92,91,F,
4KOX,equibind,scored,0.80518228319315,12.0,92,77,,
4KP0,diffdock,scored,0.9894025640058602,12.0,96,95,,
4KP0,equibind,scored,0.946461722801033,12.0,96,97,,
4KLN,diffdock,scored,0.0,12.0,117,115,Q,
4KLN,equibind,scored,0.009526928000252866,12.0,117,59,G,
4KP4,diffdock,scored,0.9518613166005181,12.0,102,107,,
4KP4,equibind,scored,0.7142466599959463,12.0,102,90,C,
4KRS,diffdock,scored,0.0,12.0,85,89,H,
4KRS,equibind,scored,0.11843495234136513,12.0,86,87,K,
4KQL,diffdock,scored,0.9501095054108862,12.0,121,121,,
4KQL,equibind,scored,0.6134202761556579,12.0,121,129,,
4KQP,diffdock,scored,0.8998731941540642,12.0,86,95,B,
4KQP,equibind,scored,0.7293828451497892,12.0,86,97,B,
4KS1,diffdock,scored,0.9172971370262895,12.0,108,109,,
4KS1,equibind,scored,0.8364452918465771,12.0,108,95,,
4KS2,diffdock,scored,0.9467594925898765,12.0,114,110,C,
4KS2,equibind,scored,0.8484303626149201,12.0,114,109,,
4KP8,diffdock,scored,0.9129088845257356,12.0,92,88,I,
4KP8,equibind,scored,0.12483193372628475,12.0,92,83,I,
4KS3,diffdock,scored,0.8771092896349327,12.0,120,125,,
4KS3,equibind,scored,0.8367507443959944,12.0,120,113,B,
4KS5,diffdock,scored,0.9391239611388326,12.0,117,114,,
4KS5,equibind,scored,0.8547563428175093,12.0,117,101,C,
4KS4,diffdock,scored,0.9314818201744312,12.0,121,113,,
4KS4,equibind,scored,0.6878246566049411,12.0,121,114,,
4KSY,diffdock,scored,0.7264952506501963,12.0,72,77,B,
4KSY,equibind,scored,0.80904931979658,12.0,72,74,,
4KSP,diffdock,scored,0.9394229966427358,12.0,116,113,C,
4KSP,equibind,scored,0.0354731984301446,12.0,115,119,D,
4KSQ,diffdock,scored,0.9480885419934224,12.0,117,117,C,
4KSQ,equibind,scored,0.8459678659472017,12.0,117,117,C,
4KTC,diffdock,scored,0.9648682721781799,12.0,88,85,H,
4KTC,equibind,scored,0.32544921842934377,12.0,130,115,F,
4KV9,diffdock,scored,0.8891049727594768,12.0,108,106,C,
4KV9,equibind,scored,0.3057770824302197,12.0,110,107,D,
4KVA,diffdock,scored,0.1294367080343928,12.0,115,117,E,
4KVA,equibind,scored,0.33393544121256347,12.0,112,129,C,
4KN4,equibind,scored,0.0,12.0,108,126,M,
4KWP,diffdock,scored,0.9708287261110293,12.0,68,70,,
4KWP,equibind,scored,0.9410554227169327,12.0,68,72,,
4KXB,diffdock,scored,0.9332796508598782,12.0,119,117,,
4KXB,equibind,scored,0.7258405945760533,12.0,119,119,,
4KXL,diffdock,scored,0.14448999800737874,12.0,88,106,F,
4KXL,equibind,scored,0.0,12.0,88,101,F,
4KOD,equibind,scored,0.0,12.0,105,67,P,
4KX8,diffdock,scored,0.7703875554114161,12.0,137,133,C:B,
4KX8,equibind,scored,0.7202614713953431,12.0,137,138,C:B,
4KYH,diffdock,scored,0.938778652752819,12.0,81,80,,
4KYH,equibind,scored,0.6703290813919826,12.0,81,97,,
4KXM,diffdock,scored,0.004586895625633467,12.0,110,107,E,
4KXM,equibind,scored,0.21512859624185512,12.0,110,101,E,
4KXN,diffdock,scored,0.0,12.0,109,109,E,
4KXN,equibind,scored,0.10279015596692623,12.0,88,107,F,
4KZ0,diffdock,scored,0.976938512459414,12.0,89,87,,
4KZ0,equibind,scored,0.8597922116867135,12.0,89,85,,
4KZ3,diffdock,scored,0.9863696259522008,12.0,74,73,E,
4KZ3,equibind,scored,0.028058779987071382,12.0,74,108,C,
4KZ6,diffdock,scored,0.9627945562745921,12.0,81,82,,
4KZ6,equibind,scored,0.029470973294636243,12.0,81,96,,
4KZ8,diffdock,scored,0.9734634839126803,12.0,75,77,C,
4KZ8,equibind,scored,0.21847482572713686,12.0,97,77,D,
4KZ7,diffdock,scored,0.0,12.0,78,78,C,
4KZ7,equibind,scored,0.0,12.0,78,89,C,
4L1A,diffdock,scored,0.9599371693129516,12.0,102,104,,
4L1A,equibind,scored,0.9061715270503564,12.0,102,99,C,
4L10,diffdock,scored,0.0,12.0,85,95,M,
4L10,equibind,scored,0.2716080108216241,12.0,92,94,H,
4KZA,diffdock,scored,0.9404383024190504,12.0,84,85,I,
4KZA,equibind,scored,0.8243762814229064,12.0,99,105,C,
4L2K,diffdock,scored,0.0,12.0,86,92,M,
4L2K,equibind,scored,0.062163112172054794,12.0,86,105,M,
4L32,diffdock,scored,0.0,12.0,87,96,M,
4L32,equibind,scored,0.26702825564753596,12.0,94,126,H,
4KWF,equibind,scored,0.0,12.0,107,100,I,
4L3P,diffdock,scored,0.9550888196231817,12.0,87,91,,
4L3P,equibind,scored,0.9658378144807676,12.0,87,90,B,
4KWG,equibind,scored,0.0,12.0,99,82,I,
4L4Z,diffdock,scored,0.0,12.0,95,93,C,
4L4Z,equibind,scored,0.07619446206666357,12.0,95,95,D,
4L51,diffdock,scored,0.0,12.0,98,99,C,
4L51,equibind,scored,0.1145079438863231,12.0,98,103,D,
4L50,diffdock,scored,0.9706692413256808,12.0,103,102,C,
4L50,equibind,scored,0.06476862472716238,12.0,103,104,C,
4L52,diffdock,scored,0.9562147713658564,12.0,91,93,,
4L52,equibind,scored,0.879734472409236,12.0,91,90,,
4L53,diffdock,scored,0.9335957528672866,12.0,89,91,,
4L53,equibind,scored,0.9221310285068787,12.0,89,90,,
4L70,diffdock,scored,0.9638106963551191,12.0,112,110,,
4L70,equibind,scored,0.8222482482551018,12.0,112,99,,
4L7B,diffdock,scored,0.909798397630808,12.0,121,124,,
4L7B,equibind,scored,0.8543728689951378,12.0,121,118,,
4L7F,diffdock,scored,0.9111956518195508,12.0,103,98,B,
4L7F,equibind,scored,0.813173346859896,12.0,103,98,B,
4L6Q,diffdock,scored,0.0,12.0,100,96,D,
4L6Q,equibind,scored,0.11172580574799033,12.0,100,106,D,
4L6T,diffdock,scored,0.8863502520460481,12.0,63,60,H:H,
4L6T,equibind,scored,0.0,12.0,63,106,H:H,
4L7C,diffdock,scored,0.953290794835244,12.0,108,109,D,
4L7C,equibind,scored,0.04053728577152078,12.0,105,100,I,
4L5J,diffdock,scored,0.0,12.0,99,97,H,
4L5J,equibind,scored,0.05512329218716401,12.0,96,35,G,
4L7D,diffdock,scored,0.013045851957652715,12.0,104,107,K,
4L7D,equibind,scored,0.28680967257357814,12.0,107,80,D,
4L7G,diffdock,scored,0.9603114776622435,12.0,101,101,,
4L7G,equibind,scored,0.7606807979700247,12.0,101,97,,
4L7H,diffdock,scored,0.9082477556563688,12.0,98,99,,
4L7H,equibind,scored,0.8008089985483969,12.0,98,102,,
4LAR,diffdock,scored,0.9863429195376066,12.0,73,74,,
4LAR,equibind,scored,0.8915940524785211,12.0,73,75,,
4L7R,diffdock,scored,0.9347075596002862,12.0,106,107,,
4L7R,equibind,scored,0.9043184925305505,12.0,106,102,,
4L8M,diffdock,scored,0.9239783278341261,12.0,120,119,,
4L8M,equibind,scored,0.8597530432234455,12.0,120,127,D,
4LBL,diffdock,scored,0.9040244195325952,12.0,52,53,B:B,
4LBL,equibind,scored,0.8090272290809323,12.0,52,54,B:B,
4LBO,diffdock,scored,0.9243278004939068,12.0,52,54,B:B,
4LBO,equibind,scored,0.9399759616048091,12.0,52,53,B:B,
4LBP,diffdock,scored,0.9838032307548708,12.0,62,63,,
4LBP,equibind,scored,0.4794814711565895,12.0,62,42,,
4LA7,diffdock,scored,0.9432276741464399,12.0,109,105,,
4LA7,equibind,scored,0.7506060529458254,12.0,109,113,,
4LG6,diffdock,scored,0.4373281718722162,12.0,96,71,B:B,
4LG6,equibind,scored,0.7775789970002573,12.0,96,101,B:B,
4LC7,diffdock,scored,0.9799176869984545,12.0,102,100,,
4LC7,equibind,scored,0.7785085083379449,12.0,102,96,,
4LEN,diffdock,scored,0.9650847878186415,12.0,86,85,C,
4LEN,equibind,scored,0.0,12.0,86,49,C,
4LGE,diffdock,scored,0.9634852471794787,12.0,54,56,F,
4LGE,equibind,scored,0.008028337037824506,12.0,52,73,D,
4LBU,diffdock,scored,0.9103642832020554,12.0,122,121,,
4LBU,equibind,scored,0.8139262004005379,12.0,122,123,,
4LED,diffdock,scored,0.03393376557229384,12.0,42,40,D,
4LED,equibind,scored,0.4924188561549017,12.0,51,61,G,
4LH5,diffdock,scored,0.0,12.0,25,35,,
4L9I,diffdock,scored,0.0,12.0,97,90,C,
4L9I,equibind,scored,0.0,12.0,97,84,C,
4LGU,diffdock,scored,1.0,12.0,51,51,D,
4LGU,equibind,scored,0.2078323184065458,12.0,51,55,D,
4LGH,diffdock,scored,0.0,12.0,80,87,C,
4LGH,equibind,scored,0.008883785815525312,12.0,80,104,C,
4LGG,diffdock,scored,0.0,12.0,79,83,D,
4LGG,equibind,scored,0.08803201032486249,12.0,79,107,D,
4LH7,diffdock,scored,0.9683456846775105,12.0,93,96,,
4LH7,equibind,scored,0.8333268811234061,12.0,93,88,,
4LI7,diffdock,scored,0.9713454574475354,12.0,105,106,G,
4LI7,equibind,scored,0.1425223753228529,12.0,105,117,G,
4LIL,diffdock,scored,0.9419183595048672,12.0,66,70,,
4LIL,equibind,scored,0.7609033556169308,12.0,66,78,,
4LI0,diffdock,scored,0.0,12.0,76,78,G,
4LI0,equibind,scored,0.09850410839160548,12.0,81,60,H,
4LJ5,diffdock,scored,0.9553721859621862,12.0,91,89,B,
4LJ5,equibind,scored,0.710327586107131,12.0,91,86,,
4LH2,diffdock,scored,0.0,12.0,95,97,F,
4LH2,equibind,scored,0.0,12.0,95,94,F,
4LHV,diffdock,scored,0.9389946810892271,12.0,99,97,J,
4LHV,equibind,scored,0.151691771180005,12.0,101,95,F,
4LH3,diffdock,scored,0.9612018014798857,12.0,103,101,D,
4LH3,equibind,scored,0.670818969834183,12.0,103,107,D,
4LJH,diffdock,scored,0.0,12.0,52,45,D:MHD:202+D:GAL:203,
4LJH,equibind,scored,0.13952081184833434,12.0,43,47,C:MHD:202+C:GAL:203,
4LK7,diffdock,scored,0.9573239220844456,12.0,46,48,A:04G:202+A:GAL:203,
4LK7,equibind,scored,0.8208893645140405,12.0,46,53,A:04G:202+A:GAL:203,
4LKH,diffdock,scored,0.9703470637901808,12.0,68,70,,
4LKH,equibind,scored,0.6951659295110311,12.0,68,69,,
4LKJ,diffdock,scored,0.9568258420981547,12.0,72,71,C:C,
4LKJ,equibind,scored,0.8112976024343117,12.0,72,73,C:C,
4LKM,diffdock,scored,0.9071048770269509,12.0,83,76,B:B,
4LKM,equibind,scored,0.07132022460543055,12.0,83,136,B:B,
4LKK,diffdock,scored,1.0,12.0,70,70,C:C,
4LKK,equibind,scored,0.0,12.0,70,81,C:C,
4LKT,diffdock,scored,0.9562672925355272,12.0,116,115,E,
4LKT,equibind,scored,0.2755082333481977,12.0,116,84,E,
4LLJ,diffdock,scored,0.9753596927872591,12.0,81,81,,
4LLJ,equibind,scored,0.36530506155901615,12.0,81,75,,
4LKO,diffdock,scored,0.0,12.0,108,108,D,
4LKO,equibind,scored,0.08130240461754898,12.0,107,125,C,
4LLP,diffdock,scored,0.9748329304842871,12.0,81,79,C,
4LLP,equibind,scored,0.287925522238753,12.0,79,74,D,
4LLX,diffdock,scored,1.0,12.0,82,82,,
4LLX,equibind,scored,0.16974202837103394,12.0,82,73,,
4LM2,diffdock,scored,0.965033901981408,12.0,87,84,,
4LM2,equibind,scored,0.16390130945419823,12.0,87,73,,
4LM5,diffdock,scored,0.9225887383365137,12.0,92,87,,
4LM5,equibind,scored,0.8889997185451467,12.0,92,86,,
4LKG,diffdock,scored,0.8733735370397814,12.0,95,99,G:G,
4LKG,equibind,scored,0.0,12.0,95,40,G:G,
4LN2,diffdock,scored,0.5190718815255895,12.0,39,26,B:B,
4LN2,equibind,scored,0.532370843399152,12.0,39,42,B:B,
4LM3,diffdock,scored,0.9756711535598457,12.0,83,81,,
4LM3,equibind,scored,0.35822003167925326,12.0,83,85,,
4LM4,diffdock,scored,0.963254127200025,12.0,81,82,,
4LM4,equibind,scored,0.1806624279254951,12.0,81,68,,
4LMU,diffdock,scored,0.9457336113589725,12.0,91,92,,
4LMU,equibind,scored,0.9339673694866825,12.0,91,91,,
4LN7,diffdock,scored,0.9674172895463732,12.0,93,92,,
4LN7,equibind,scored,0.7649484475404947,12.0,93,82,,
4LOV,diffdock,scored,0.9570469634717984,12.0,47,47,,
4LOV,equibind,scored,0.8799863645103533,12.0,47,42,B,
4LOH,diffdock,scored,0.8465034691332164,12.0,143,156,,
4LOH,equibind,scored,0.788876128994591,12.0,143,142,,
4LOO,diffdock,scored,0.9673002927785455,12.0,94,93,,
4LOO,equibind,scored,0.7621324273988237,12.0,94,93,,
4LP0,diffdock,scored,0.9648277669414101,12.0,85,86,,
4LP0,equibind,scored,0.766664326902868,12.0,85,92,,
4LOY,diffdock,scored,0.9806026955697532,12.0,106,104,,
4LOY,equibind,scored,0.8955092770548753,12.0,106,109,G,
4LNB,diffdock,scored,0.8590545576699199,12.0,127,123,,
4LNB,equibind,scored,0.6268242385030417,12.0,127,144,H,
4LPB,diffdock,scored,0.9768731881171052,12.0,87,87,,
4LPB,equibind,scored,0.8441678345585479,12.0,87,89,,
4LNG,diffdock,scored,0.9184527460464947,12.0,107,112,,
4LNG,equibind,scored,0.7925529501882306,12.0,107,110,F,
4LP9,diffdock,scored,0.7685027672901465,12.0,136,117,I:B,
4LP9,equibind,scored,0.6504895607744752,12.0,136,113,I:B,
4LPF,diffdock,scored,0.9662700481136781,12.0,29,30,,
4LPF,equibind,scored,0.8088421603606509,12.0,29,31,,
4LSJ,diffdock,scored,0.9536861089263265,12.0,109,108,C,
4LSJ,equibind,scored,0.9332538342472533,12.0,109,108,C,
4LQY,diffdock,scored,0.8711317495849495,12.0,97,98,,
4LQY,equibind,scored,0.7525055576508025,12.0,97,84,,
4LUO,diffdock,scored,0.9555220986302361,12.0,45,45,B,
4LUO,equibind,scored,0.7300061625731546,12.0,45,50,B,
4LQG,diffdock,scored,0.9310445372782902,12.0,158,159,,
4LQG,equibind,scored,0.8079267500661689,12.0,158,143,M,
4LPS,diffdock,scored,0.9272338890246661,12.0,110,108,D,
4LPS,equibind,scored,0.46615621538697716,12.0,110,138,N,
4LWT,diffdock,scored,0.965329338484802,12.0,60,58,,
4LWT,equibind,scored,0.861414135857993,12.0,60,58,,
4LWC,diffdock,scored,0.9461690726818663,12.0,57,56,,
4LWC,equibind,scored,0.9451101616198887,12.0,57,54,,
4LV4,diffdock,scored,0.9383485207090312,12.0,64,64,D,
4LV4,equibind,scored,0.5600160298543135,12.0,64,65,D,
4LVT,diffdock,scored,1.0,12.0,81,81,D,
4LVT,equibind,scored,0.14046926558636075,12.0,81,92,D,
4LWU,diffdock,scored,0.8848045680942399,12.0,62,61,,
4LWU,equibind,scored,0.7432108242431812,12.0,62,49,B,
4LV1,diffdock,scored,0.0,12.0,87,88,G,
4LV1,equibind,scored,0.6656952613696125,12.0,112,99,D,
4LWV,diffdock,scored,0.379737615851863,12.0,87,92,I,
4LWV,equibind,scored,0.6481110679083664,12.0,88,93,D,
4LNO,diffdock,scored,0.0,12.0,96,93,U,
4LNO,equibind,scored,0.0,12.0,96,11,U,
4LV3,diffdock,scored,0.9766801851867645,12.0,87,85,C,
4LV3,equibind,scored,0.0,12.0,87,108,C,
4LXB,diffdock,scored,0.9273576633550504,12.0,107,113,G,
4LXB,equibind,scored,0.7979626233803231,12.0,107,89,G,
4LYN,diffdock,scored,0.9758574257592711,12.0,84,84,,
4LYN,equibind,scored,0.8583182030644031,12.0,84,84,B,
4LYS,diffdock,scored,0.8688726636023276,12.0,60,62,,
4LYS,equibind,scored,0.8649669536229979,12.0,60,58,,
4LZR,diffdock,scored,0.9178545066193986,12.0,62,59,,
4LZR,equibind,scored,0.9162639991361956,12.0,62,59,,
4LXA,diffdock,scored,0.0,12.0,117,121,G,
4LXA,equibind,scored,0.0,12.0,117,76,G,
4LXK,diffdock,scored,0.0,12.0,116,118,G,
4LXK,equibind,scored,0.11059169832860288,12.0,121,81,D,
4LXM,diffdock,scored,0.004008681930758269,12.0,121,115,D,
4LXM,equibind,scored,0.0,12.0,116,87,E,
4LY9,diffdock,scored,0.0,12.0,117,122,P,
4LY9,equibind,scored,0.10944359800923456,12.0,117,81,P,
4LXZ,diffdock,scored,0.0,12.0,88,89,J,
4LXZ,equibind,scored,0.019520488829757383,12.0,87,87,R,
4M0Y,diffdock,scored,1.0,12.0,81,81,C,
4M0Y,equibind,scored,0.9150111506390614,12.0,70,74,B,
4LNF,equibind,scored,0.0,12.0,98,3,,
4M0Z,diffdock,scored,1.0,12.0,83,83,B,
4M0Z,equibind,scored,0.7589050690167993,12.0,83,76,B,
4M12,diffdock,scored,0.9880691952537648,12.0,84,85,B,
4M12,equibind,scored,0.7638243468956777,12.0,84,75,B,
4M0F,diffdock,scored,0.8537756229527813,12.0,120,118,E,
4M0F,equibind,scored,0.37786715196694365,12.0,120,131,I,
4M13,diffdock,scored,1.0,12.0,87,87,B,
4M13,equibind,scored,0.7679543754455529,12.0,87,71,B,
4M14,diffdock,scored,1.0,12.0,84,84,C,
4M14,equibind,scored,0.7378946752868193,12.0,69,84,B,
4M0E,diffdock,scored,0.0,12.0,92,89,E,
4M0E,equibind,scored,0.06918850008329304,12.0,92,90,E,
4M3E,diffdock,scored,0.9806412995545084,12.0,104,106,,
4M3E,equibind,scored,0.8479519999059282,12.0,104,110,,
4M2W,diffdock,scored,0.9675491999366503,12.0,95,92,,
4M2W,equibind,scored,0.8930692507583904,12.0,95,93,,
4M2U,diffdock,scored,0.9787248933008555,12.0,96,94,,
4M2U,equibind,scored,0.9352797508876617,12.0,96,92,,
4M2V,diffdock,scored,0.9394035136321216,12.0,97,99,,
4M2V,equibind,scored,0.8850484827152152,12.0,97,94,,
4M2R,diffdock,scored,0.9468006028259361,12.0,97,94,,
4M2R,equibind,scored,0.893391108681338,12.0,97,93,C,
4M1J,diffdock,scored,0.08534372741612228,12.0,126,96,,
4M1J,equibind,scored,0.784395687635628,12.0,126,115,,
4M3M,diffdock,scored,0.8041304242015329,12.0,91,105,,
4M3M,equibind,scored,0.7725698554209148,12.0,91,93,,
4M4Q,diffdock,scored,0.9157060547030154,12.0,96,92,,
4M4Q,equibind,scored,0.7073203852771958,12.0,96,80,,
4M5K,diffdock,scored,0.9579145559512331,12.0,71,72,,
4M5K,equibind,scored,0.8440676477597633,12.0,71,70,,
4M5G,diffdock,scored,0.9719154710273465,12.0,71,71,,
4M5G,equibind,scored,0.9422843153144078,12.0,71,71,,
4M5L,diffdock,scored,0.9434988514041781,12.0,71,69,,
4M5L,equibind,scored,0.9013211445988163,12.0,71,70,,
4M5U,diffdock,scored,0.9684652552168872,12.0,95,96,,
4M5U,equibind,scored,0.7924286372149597,12.0,95,90,,
4M5N,diffdock,scored,1.0,12.0,67,67,J,
4M5N,equibind,scored,0.04829888345984766,12.0,67,93,J,
4M5R,diffdock,scored,0.963121932399288,12.0,53,55,E,
4M5R,equibind,scored,0.57898367811583,12.0,61,61,G,
4M7X,diffdock,scored,0.5030035365325571,12.0,69,106,,
4M7X,equibind,scored,0.3050559124460749,12.0,69,76,P,
4M8E,diffdock,scored,0.9713315487171698,12.0,106,105,,
4M8E,equibind,scored,0.9150510340646317,12.0,106,109,,
4M7J,diffdock,scored,0.9527323849849973,12.0,65,64,A:C,
4M7J,equibind,scored,0.799380404305958,12.0,65,77,A:C,
4M6U,diffdock,scored,0.0,12.0,90,91,F,
4M6U,equibind,scored,0.2038454149739973,12.0,89,81,D,
4M84,diffdock,scored,0.9569765339075432,12.0,91,93,,
4M84,equibind,scored,0.8881470233501508,12.0,91,87,,
4M8T,diffdock,scored,0.8909878558880264,12.0,83,78,B,
4M8T,equibind,scored,0.8540309493316589,12.0,83,79,B,
4M7Y,diffdock,scored,0.9772413617453738,12.0,133,132,Q,
4M7Y,equibind,scored,0.5873585717513841,12.0,132,141,C,
4MBI,diffdock,scored,0.9628154307830232,12.0,79,82,,
4MBI,equibind,scored,0.9350279679442292,12.0,79,76,,
4MAO,diffdock,scored,0.9295144700424196,12.0,82,88,B,
4MAO,equibind,scored,0.8248008237115463,12.0,82,85,B,
4MC1,diffdock,scored,0.9609785774851712,12.0,104,104,D,
4MC1,equibind,scored,0.8313299485262974,12.0,104,99,F,
4MC2,diffdock,scored,0.9608842202856519,12.0,103,105,C,
4MC2,equibind,scored,0.8615371483668965,12.0,103,105,C,
4MC6,diffdock,scored,0.9508738116392766,12.0,104,103,,
4MC6,equibind,scored,0.9181507249768023,12.0,104,98,,
4MBP,diffdock,scored,0.9238280493064182,12.0,108,104,B:B,
4MBP,equibind,scored,0.8202224921694038,12.0,108,103,B:B,
4MBL,diffdock,scored,0.9435785403522806,12.0,89,86,,
4MBL,equibind,scored,0.9302664194631037,12.0,89,83,,
4MC9,diffdock,scored,0.9698792801695024,12.0,104,103,F,
4MC9,equibind,scored,0.8884528875216798,12.0,104,99,C,
4MDQ,diffdock,scored,0.8834559669137176,12.0,58,61,B,
4MDQ,equibind,scored,0.9077072310433434,12.0,58,63,B,
4M3P,diffdock,scored,0.9889975550062435,12.0,92,91,G,
4M3P,equibind,scored,0.1279468850470359,12.0,92,77,G,
4MEN,diffdock,scored,0.9841037313945327,12.0,64,63,,
4MEN,equibind,scored,0.821775855968987,12.0,64,57,,
4MD6,diffdock,scored,0.9897251200846828,12.0,99,98,,
4MD6,equibind,scored,0.8332330990339054,12.0,99,95,,
4MCB,diffdock,scored,0.9490297678517068,12.0,118,116,E,
4MCB,equibind,scored,0.08472204294022487,12.0,92,116,H,
4MCC,diffdock,scored,0.9126372345029204,12.0,103,98,C,
4MCC,equibind,scored,0.8168982369266183,12.0,103,100,C,
4MEO,diffdock,scored,1.0,12.0,66,66,,
4MEO,equibind,scored,0.8554690135984261,12.0,66,59,,
4MEP,diffdock,scored,0.9182651723124342,12.0,61,60,,
4MEP,equibind,scored,0.9312426919075651,12.0,61,61,,
4MGV,diffdock,scored,0.8852654388022615,12.0,63,64,,
4MGV,equibind,scored,0.7969340201148701,12.0,63,75,,
4MG6,diffdock,scored,0.0,12.0,108,106,F,
4MG6,equibind,scored,0.12455158472154618,12.0,108,94,F,
4MG8,diffdock,scored,0.0,12.0,112,111,H,
4MG8,equibind,scored,0.22393365854290784,12.0,111,108,E,
4MGA,diffdock,scored,0.0,12.0,104,102,E,
4MGA,equibind,scored,0.12798707417430072,12.0,104,96,F,
4MDT,diffdock,scored,0.8144486231124775,12.0,125,120,I,
4MDT,equibind,scored,0.0,12.0,117,107,F,
4MHA,diffdock,scored,0.0,12.0,80,93,F,
4MHA,equibind,scored,0.0,12.0,80,91,F,
4MHZ,diffdock,scored,0.9600113545589318,12.0,76,75,,
4MHZ,equibind,scored,0.8025826036732167,12.0,76,64,,
4MHY,diffdock,scored,1.0,12.0,76,76,,
4MHY,equibind,scored,0.8646982170114803,12.0,76,72,,
4MI6,diffdock,scored,0.9426444142888198,12.0,140,138,,
4MI6,equibind,scored,0.5567817374856823,12.0,140,106,B,
4MI3,diffdock,scored,0.9327304298716684,12.0,135,132,,
4MI3,equibind,scored,0.7748798966824615,12.0,135,134,,
4MI9,diffdock,scored,0.8964358489815321,12.0,135,129,,
4MI9,equibind,scored,0.8376093342317861,12.0,135,126,,
4MIC,diffdock,scored,0.914093469653425,12.0,137,135,,
4MIC,equibind,scored,0.7548167005631816,12.0,137,131,,
4MK1,diffdock,scored,0.8863361415354413,12.0,80,75,H,
4MK1,equibind,scored,0.5175544092191753,12.0,62,64,I,
4MK2,diffdock,scored,1.0,12.0,91,91,,
4MK2,equibind,scored,0.6591656341752786,12.0,91,69,,
4MIB,diffdock,scored,0.9782633474881388,12.0,137,140,D,
4MIB,equibind,scored,0.10884343555173509,12.0,136,101,E,
4MK5,diffdock,scored,0.965439971189462,12.0,87,86,,
4MK5,equibind,scored,0.7425275109535995,12.0,87,79,,
4MFE,diffdock,scored,0.6639608025939073,12.0,90,100,F,
4MFE,equibind,scored,0.0,12.0,90,13,F,
4MK0,diffdock,scored,0.9899939465881216,12.0,102,101,,
4MK0,equibind,scored,0.4960174719558749,12.0,102,111,,
4MLT,diffdock,scored,0.9639422999574717,12.0,82,83,,
4MLT,equibind,scored,0.880861655424225,12.0,82,84,,
4MLX,diffdock,scored,0.9767262531148976,12.0,85,87,,
4MLX,equibind,scored,0.8688215384747342,12.0,85,80,,
4MJI,diffdock,scored,0.0,12.0,178,185,C:C,
4MJI,equibind,scored,0.09701947775695857,12.0,178,120,C:C,
4MK7,diffdock,scored,0.0,12.0,100,99,G,
4MK7,equibind,scored,0.08675780288549015,12.0,98,68,E,
4MK8,diffdock,scored,0.9776603367802865,12.0,136,133,H,
4MK8,equibind,scored,0.04042955241379541,12.0,135,112,D,
4MK9,diffdock,scored,0.0,12.0,133,132,E,
4MK9,equibind,scored,0.05798546993488081,12.0,133,100,C,
4MM5,diffdock,scored,0.9349712020035563,12.0,122,124,,
4MM5,equibind,scored,0.769091624862966,12.0,122,119,,
4MM8,diffdock,scored,0.9243684406119625,12.0,129,131,,
4MM8,equibind,scored,0.7849486963162067,12.0,129,125,,
4MM9,diffdock,scored,0.9312043404359132,12.0,128,131,,
4MM9,equibind,scored,0.8145367701382908,12.0,128,124,D,
4MMA,diffdock,scored,0.8041388175434425,12.0,121,124,,
4MMA,equibind,scored,0.7784140807768655,12.0,121,123,D,
4MM4,diffdock,scored,0.9919213409378209,12.0,126,127,H,
4MM4,equibind,scored,0.08309189164582163,12.0,127,105,E,
4MN3,diffdock,scored,0.7095980058880176,12.0,45,43,B:B,
4MN3,equibind,scored,0.6569783179078185,12.0,45,32,B:B,
4MMP,diffdock,scored,0.9737839292647225,12.0,116,115,B,
4MMP,equibind,scored,0.9044007599301472,12.0,116,117,,
4MNP,diffdock,scored,0.9735727807978991,12.0,116,113,,
4MNP,equibind,scored,0.855681224837666,12.0,116,119,,
4MNVB,diffdock,scored,0.18161328479970257,12.0,32,88,C:C,
4MNVB,equibind,scored,0.1832871983630824,12.0,32,93,C:C,
4MMM,diffdock,scored,0.9713510299907419,12.0,70,70,E,
4MMM,equibind,scored,0.32672069967275263,12.0,70,75,E,
4MME,diffdock,scored,0.0,12.0,121,119,E,
4MME,equibind,scored,0.1020485375331819,12.0,121,101,E,
4MMF,diffdock,scored,0.9497419603396693,12.0,121,117,E,
4MMF,equibind,scored,0.050351153001249295,12.0,117,93,J,
4MNX,diffdock,scored,0.33872027131963106,12.0,125,65,B:B,
4MNX,equibind,scored,0.6579176287312273,12.0,125,103,B:B,
4MNW,diffdock,scored,0.6966119535059017,12.0,122,104,B:B,
4MNW,equibind,scored,0.8155142589278116,12.0,122,113,B:B,
4MOT,diffdock,scored,0.9654034536925853,12.0,86,87,,
4MOT,equibind,scored,0.8796980460499694,12.0,86,84,,
4MNQ,diffdock,scored,0.8686611208638758,12.0,197,198,C:C,
4MNQ,equibind,scored,0.6728765718773161,12.0,197,157,C:C,
4MNY,diffdock,scored,0.04953162491932274,12.0,100,113,C:C,
4MNY,equibind,scored,0.30510655165095957,12.0,100,111,C:C,
4MPE,diffdock,scored,0.9614408152425646,12.0,79,78,,
4MPE,equibind,scored,0.6722998833622231,12.0,79,70,,
4MP2,diffdock,scored,1.0,12.0,75,75,,
4MP2,equibind,scored,0.5779697991295945,12.0,75,74,,
4MR4,diffdock,scored,0.9512365441161903,12.0,61,64,,
4MR4,equibind,scored,0.8957252614354523,12.0,61,61,,
4MR5,diffdock,scored,0.9829181093922561,12.0,59,58,,
4MR5,equibind,scored,0.9134980291061874,12.0,59,60,,
4MEX,equibind,scored,0.0,12.0,127,155,M:M,
4MRD,diffdock,scored,1.0,12.0,51,51,B:B,
4MRD,equibind,scored,0.5694985547214639,12.0,51,49,B:B,
4MR6,diffdock,scored,0.9317404257999626,12.0,59,59,,
4MR6,equibind,scored,0.8998380443069358,12.0,59,63,,
4MRF,diffdock,scored,1.0,12.0,53,53,,
4MRF,equibind,scored,0.5447406483784505,12.0,53,51,,
4MRG,diffdock,scored,0.9268816061880945,12.0,54,54,,
4MRG,equibind,scored,0.6927786791685128,12.0,54,55,,
4MRH,diffdock,scored,0.9147542299385819,12.0,61,56,,
4MRH,equibind,scored,0.2684335986036311,12.0,61,54,,
4MQ1,diffdock,scored,0.8058953431395763,12.0,113,111,J,
4MQ1,equibind,scored,0.0,12.0,113,90,J,
4MQ2,diffdock,scored,0.0,12.0,86,98,E,
4MQ2,equibind,scored,0.0,12.0,86,66,E,
4MRW,diffdock,scored,0.9173873777980386,12.0,84,85,,
4MRW,equibind,scored,0.1966692062296276,12.0,84,74,,
4MSS,diffdock,scored,0.9277732395763598,12.0,97,94,E,
4MSS,equibind,scored,0.14457476816787568,12.0,97,113,E,
4MVW,diffdock,scored,0.90053632620562,12.0,115,112,,
4MW2,diffdock,scored,0.8833057572066978,12.0,117,110,,
4MVY,diffdock,scored,0.851044908480114,12.0,116,111,,
4MW4,diffdock,scored,0.8758067155215985,12.0,116,114,,
4MWQ,diffdock,scored,0.9717658400410644,12.0,108,105,,
4MWQ,equibind,scored,0.9239165386646074,12.0,108,102,,
4MW7,diffdock,scored,0.8796146672201316,12.0,112,109,,
4MWW,diffdock,scored,0.9240148604324437,12.0,105,105,,
4MWW,equibind,scored,0.9299566579338993,12.0,105,100,,
4MW6,diffdock,scored,0.7316404589713658,12.0,122,110,,
4MX5,diffdock,scored,0.9207751731607839,12.0,83,90,,
4MX5,equibind,scored,0.918083551139201,12.0,83,86,,
4MW9,diffdock,scored,0.8021646116051458,12.0,115,103,,
4MW9,equibind,scored,0.0,12.0,115,82,,
4MX9,diffdock,scored,0.9717610675242342,12.0,106,107,,
4MX9,equibind,scored,0.8464688261466896,12.0,106,100,,
4MY6,diffdock,scored,0.9007486822203833,12.0,79,83,C,
4MY6,equibind,scored,0.7234313146470671,12.0,79,63,C,
4MXA,diffdock,scored,0.9272971020804506,12.0,110,110,,
4MXA,equibind,scored,0.7566519023788162,12.0,110,96,,
4MXC,diffdock,scored,0.9766912414864574,12.0,129,130,,
4MXC,equibind,scored,0.78483696994509,12.0,129,120,,
4MWB,diffdock,scored,0.8637272719439283,12.0,113,110,,
4MWE,diffdock,scored,0.8714385469793345,12.0,122,111,,
4MYQ,diffdock,scored,0.9912022803250502,12.0,114,115,,
4MYQ,equibind,scored,0.972912788951837,12.0,114,115,,
4MZS,diffdock,scored,1.0,12.0,89,89,D,
4MZS,equibind,scored,0.17884480186037083,12.0,107,108,C,
4N1T,diffdock,scored,1.0,12.0,93,93,,
4N1T,equibind,scored,0.9242403727634885,12.0,93,92,,
4N07,diffdock,scored,0.0,12.0,51,93,D,
4N07,equibind,scored,0.3110996231085552,12.0,98,89,DA,
4N1B,diffdock,scored,0.0,12.0,105,102,E,
4N1B,equibind,scored,0.06595107089906495,12.0,105,87,E,
4MZ4,diffdock,scored,0.9286545732817312,12.0,125,124,G,
4MZ4,equibind,scored,0.00727584831863209,12.0,125,106,G,
4MYD,diffdock,scored,0.0,12.0,104,103,D,
4MYD,equibind,scored,0.0,12.0,104,99,E,
4N5T,diffdock,scored,0.610506320000402,12.0,64,46,B:B,
4N5T,equibind,scored,0.6990776562897506,12.0,64,75,B:B,
4N5D,diffdock,scored,0.9297474820278928,12.0,55,57,,
4N5D,equibind,scored,0.6863189993942952,12.0,55,46,,
4MYH,diffdock,scored,0.0,12.0,75,58,,
4MYH,equibind,scored,0.0,12.0,75,60,D,
4N7U,diffdock,scored,0.9451179239933591,12.0,56,53,,
4N7U,equibind,scored,0.7796123985968793,12.0,56,61,,
4MZO,diffdock,scored,0.0,12.0,87,109,I,
4MZO,equibind,scored,0.039437944972120866,12.0,123,106,K,
4N6Y,diffdock,scored,0.9318691341966694,12.0,90,88,B,
4N6Y,equibind,scored,0.8682151197574066,12.0,90,88,B,
4N6G,diffdock,scored,0.8519470209992823,12.0,51,53,,
4N6G,equibind,scored,0.813449668105707,12.0,51,53,,
4N6H,diffdock,scored,0.9359686727933417,12.0,109,108,,
4N6H,equibind,scored,0.7918395744896383,12.0,109,106,,
4N5G,diffdock,scored,0.0,12.0,99,96,E,
4N5G,equibind,scored,0.12469317646655327,12.0,99,88,E,
4N7J,diffdock,scored,0.9389664111061933,12.0,66,64,,
4N7J,equibind,scored,0.7508093464171687,12.0,66,77,,
4NAK,diffdock,scored,0.9550133207818268,12.0,90,86,,
4NAK,equibind,scored,0.5113852079194852,12.0,90,74,,
4N98,diffdock,scored,0.9839379275646539,12.0,63,62,,
4N98,equibind,scored,0.0,12.0,63,0,,
4NAL,diffdock,scored,0.9886840491263301,12.0,89,90,,
4NAL,equibind,scored,0.5797694073249355,12.0,89,85,,
4NAT,diffdock,scored,0.9522640478735476,12.0,86,84,D,
4NAT,equibind,scored,0.37009118400801233,12.0,86,71,D,
4NAH,diffdock,scored,0.0,12.0,99,101,H,
4NAH,equibind,scored,0.04919842196194671,12.0,99,107,H,
4N9E,diffdock,scored,0.0,12.0,140,140,S,
4N9E,equibind,scored,0.0,12.0,140,133,S,
4NDU,diffdock,scored,0.14018608572239427,12.0,51,49,C,
4NDU,equibind,scored,0.4785689831735139,12.0,51,58,C,
4N8D,diffdock,scored,0.0,12.0,110,102,M,
4N8D,equibind,scored,0.07067311455389653,12.0,110,123,M,
4NGM,diffdock,scored,0.928045552636744,12.0,150,157,,
4NGM,equibind,scored,0.7325879099944274,12.0,150,129,M,
4NCN,diffdock,scored,0.0,12.0,95,110,C,
4NCN,equibind,scored,0.3283146778045452,12.0,107,106,I,
4NCG,diffdock,scored,0.9308077476921481,12.0,87,85,,
4NCG,equibind,scored,0.8809577844236135,12.0,87,85,C,
4N8E,diffdock,scored,0.8923595102340851,12.0,103,98,M,
4N8E,equibind,scored,0.06498255471980614,12.0,102,124,W,
4NA4,diffdock,scored,0.9496961295506098,12.0,118,120,D,
4NA4,equibind,scored,0.0,12.0,111,100,G,
4NGN,diffdock,scored,0.9629296438370022,12.0,135,136,,
4NGN,equibind,scored,0.8567326475446595,12.0,135,130,M,
4NGP,diffdock,scored,0.8641380151033687,12.0,160,162,,
4NGP,equibind,scored,0.7336831263765574,12.0,160,137,I,
4NH8,diffdock,scored,0.9352297820906506,12.0,109,106,,
4NH8,equibind,scored,0.9103915904744954,12.0,109,113,,
4NGQ,diffdock,scored,0.9862489561893087,12.0,147,147,,
4NGQ,equibind,scored,0.7477349426194413,12.0,147,136,M,
4NGT,diffdock,scored,0.888036957009991,12.0,148,153,,
4NGT,equibind,scored,0.760027577644443,12.0,148,137,M,
4NGR,diffdock,scored,0.9282219741394435,12.0,151,156,,
4NGR,equibind,scored,0.747972411413359,12.0,151,132,,
4NHC,diffdock,scored,0.30024067385285474,12.0,90,50,P:C,
4NHC,equibind,scored,0.7740210057616141,12.0,90,106,P:C,
4NJ3,diffdock,scored,0.9128070535568259,12.0,102,105,,
4NJ3,equibind,scored,0.708207174583062,12.0,102,103,,
4NHX,diffdock,scored,0.8725645827168398,12.0,85,84,,
4NHX,equibind,scored,0.7879813670928473,12.0,85,90,,
4NIE,diffdock,scored,0.047455135674841914,12.0,135,132,E,
4NIE,equibind,scored,0.22684072833932098,12.0,133,131,G,
4NLD,diffdock,scored,0.8950569125422463,12.0,68,67,B,
4NLD,equibind,scored,0.29599241792922015,12.0,68,106,B,
4NKA,diffdock,scored,0.9085438608837196,12.0,96,101,J,
4NKA,equibind,scored,0.027709164513298513,12.0,96,102,J,
4NMO,diffdock,scored,0.09682757190726993,12.0,105,71,C:C,
4NMO,equibind,scored,0.05791842250478674,12.0,105,55,C:C,
4NMP,diffdock,scored,0.07753116042837896,12.0,100,68,C:C,
4NMP,equibind,scored,0.11922817188263145,12.0,100,92,C:C,
4NL1,diffdock,scored,0.0,12.0,34,32,C,
4NL1,equibind,scored,0.0,12.0,34,50,H,
4NKT,diffdock,scored,0.9072957250477944,12.0,108,106,G,
4NKT,equibind,scored,0.14437586480419132,12.0,112,74,C,
4NMR,diffdock,scored,0.5564261104916249,12.0,104,72,C:C,
4NMR,equibind,scored,0.006659332260110733,12.0,104,37,C:C,
4NMS,diffdock,scored,0.11239814239199968,12.0,109,53,C:C,
4NMS,equibind,scored,0.1350679293629163,12.0,109,79,C:C,
4NMV,diffdock,scored,0.1448803038856834,12.0,110,65,C:C,
4NMV,equibind,scored,0.16240983759381838,12.0,110,76,C:C,
4NNI,diffdock,scored,0.9405715465841075,12.0,33,33,C,
4NNI,equibind,scored,0.11547999551843063,12.0,38,57,D,
4NNR,diffdock,scored,0.9692157124069929,12.0,68,70,D,
4NNR,equibind,scored,0.1773831993354214,12.0,81,57,C,
4NHY,diffdock,scored,0.0,12.0,85,88,J,
4NHY,equibind,scored,0.006238937139454654,12.0,88,72,O,
4NON,diffdock,scored,0.0,12.0,61,60,C,
4NON,equibind,scored,0.11925482892557382,12.0,60,103,D,
4NP2,diffdock,scored,0.9445674367053197,12.0,55,52,,
4NP2,equibind,scored,0.7774057026203506,12.0,55,55,,
4NP3,diffdock,scored,0.9290561865745819,12.0,56,56,,
4NP3,equibind,scored,0.8694596831974856,12.0,56,53,B,
4NP9,diffdock,scored,0.9788427817160726,12.0,48,49,,
4NP9,equibind,scored,0.7729729594510268,12.0,48,54,B,
4NPV,diffdock,scored,0.9801147639974643,12.0,101,101,,
4NPV,equibind,scored,0.8473207763817032,12.0,101,96,,
4NQ6,diffdock,scored,0.9455209512482922,12.0,72,74,,
4NQ6,equibind,scored,0.9153831828962138,12.0,72,72,,
4NRA,diffdock,scored,0.9644289115408942,12.0,56,58,,
4NRA,equibind,scored,0.9462781230624463,12.0,56,57,,
4NRO,diffdock,scored,0.9580962348672167,12.0,94,96,,
4NRO,equibind,scored,0.7555547143478796,12.0,94,94,,
4NRP,diffdock,scored,0.9892683398525745,12.0,93,94,,
4NRP,equibind,scored,0.8910121892986252,12.0,93,91,,
4NRK,diffdock,scored,0.0,12.0,69,54,K,
4NRK,equibind,scored,0.0,12.0,69,103,K,
4NRQ,diffdock,scored,0.9470245386441113,12.0,97,92,,
4NRQ,equibind,scored,0.5641942348482953,12.0,97,90,,
4NRT,diffdock,scored,0.8220223631801651,12.0,84,77,,
4NRT,equibind,scored,0.14363985106803273,12.0,84,99,,
4NUD,diffdock,scored,0.9187936012945999,12.0,59,64,,
4NUD,equibind,scored,0.947278295201839,12.0,59,60,,
4NUE,diffdock,scored,0.9837069092859234,12.0,63,62,,
4NUE,equibind,scored,0.9338134537569686,12.0,63,63,,
4NNN,equibind,scored,0.0,12.0,120,1,GA,
4NUS,diffdock,scored,0.9507245127537239,12.0,82,82,,
4NUS,equibind,scored,0.7699110787834338,12.0,82,88,,
4NVQ,diffdock,scored,0.9238266537560185,12.0,78,78,C,
4NVQ,equibind,scored,0.0939031294385826,12.0,76,74,J,
4NW5,diffdock,scored,0.9021791868940258,12.0,79,83,B,
4NW5,equibind,scored,0.7528785368372839,12.0,79,83,,
4NW7,diffdock,scored,0.9551532565340409,12.0,112,111,,
4NW7,equibind,scored,0.8291698599370478,12.0,112,117,,
4NNW,equibind,scored,0.0,12.0,123,0,GA,
4NO6,equibind,scored,0.0,12.0,126,1,FA,
4NO8,equibind,scored,0.0,12.0,131,1,FA,
4NO1,equibind,scored,0.0,12.0,118,2,FA,
4NXR,diffdock,scored,0.6733670276729268,12.0,73,58,B:B,
4NXR,equibind,scored,0.6975137011067035,12.0,73,82,B:B,
4NO9,equibind,scored,0.0,12.0,125,1,GA,
4NWK,diffdock,scored,0.9081308301259436,12.0,85,89,,
4NWK,equibind,scored,0.7619100633024635,12.0,85,79,B,
4NWD,diffdock,scored,0.9621727456618913,12.0,105,107,,
4NWD,equibind,scored,0.7212536764818994,12.0,105,97,B,
4NYF,diffdock,scored,0.9831263290129841,12.0,60,61,,
4NYF,equibind,scored,0.1547703754038756,12.0,60,122,,
4NY3,diffdock,scored,0.0,12.0,56,112,D:D,
4NY3,equibind,scored,0.0051608418602016376,12.0,56,129,D:D,
4NYT,diffdock,scored,0.0,12.0,44,46,,
4NYT,equibind,scored,0.0,12.0,44,37,,
4NXS,diffdock,scored,0.9878693463880331,12.0,84,83,J,
4NXS,equibind,scored,0.0,12.0,83,83,O,
4O04,diffdock,scored,0.9531321175072008,12.0,106,107,,
4O04,equibind,scored,0.9049666906933247,12.0,106,106,,
4NYI,diffdock,scored,0.9260901851503384,12.0,68,65,,
4NYI,equibind,scored,0.8123166501696875,12.0,68,80,F,
4NYJ,diffdock,scored,0.9846307897305474,12.0,65,66,,
4NYJ,equibind,scored,0.8487561030516736,12.0,65,69,F,
4O05,diffdock,scored,0.9636773125227159,12.0,109,113,,
4O05,equibind,scored,0.9443320374404204,12.0,109,109,,
4O07,diffdock,scored,0.962551685602176,12.0,108,108,,
4O07,equibind,scored,0.9263113581177697,12.0,108,110,,
4O09,diffdock,scored,0.934674750715553,12.0,110,107,,
4O09,equibind,scored,0.8809954883437917,12.0,110,109,B,
4O0B,diffdock,scored,0.9455102176174678,12.0,107,113,,
4O0B,equibind,scored,0.8478862272501235,12.0,107,114,,
4O0R,diffdock,scored,0.9505318151565516,12.0,100,101,,
4O0R,equibind,scored,0.1512684557741533,12.0,100,74,,
4O1L,diffdock,scored,0.9744008626210289,12.0,119,118,I,
4O1L,equibind,scored,0.12350590245212657,12.0,119,107,I,
4O2C,diffdock,scored,0.7584002984622173,12.0,136,114,C:C,
4O2C,equibind,scored,0.6944405955341847,12.0,136,110,C:C,
4O0Z,diffdock,scored,0.9768478953738393,12.0,130,131,C,
4O0Z,equibind,scored,0.0,12.0,130,132,F,
4NXU,diffdock,scored,0.025714163254699805,12.0,101,88,E,
4NXU,equibind,scored,0.0,12.0,102,95,I,
4NXV,diffdock,scored,0.029358511998564103,12.0,99,87,E,
4NXV,equibind,scored,0.0,12.0,101,92,M,
4O1D,diffdock,scored,0.9918483937322026,12.0,125,124,C,
4O1D,equibind,scored,0.0,12.0,127,124,M,
4O36,diffdock,scored,0.5084144129633144,12.0,77,66,A:A,
4O36,equibind,scored,0.6687061120520447,12.0,77,88,A:A,
4O2P,diffdock,scored,0.9586075923723507,12.0,95,99,C,
4O2P,equibind,scored,0.0,12.0,101,112,D,
4O2E,diffdock,scored,0.687991276503702,12.0,138,103,C:C,
4O2E,equibind,scored,0.08441462169131808,12.0,139,97,F:F,
4O3C,diffdock,scored,0.7985940953480004,12.0,94,91,,
4O3C,equibind,scored,0.727970905695504,12.0,94,89,,
4O2F,diffdock,scored,0.7724185784004142,12.0,130,113,C:C,
4O2F,equibind,scored,0.006896231781775472,12.0,126,124,F:F,
4O3B,diffdock,scored,0.0,12.0,98,89,,
4O3B,equibind,scored,0.6172516723428983,12.0,98,90,,
4O5B,diffdock,scored,0.9166654315385852,12.0,34,37,,
4O4Y,diffdock,scored,0.025174219567374215,12.0,80,114,A:C,
4O4Y,equibind,scored,0.7549591229743219,12.0,80,80,A:C,
4O3A,diffdock,scored,0.0,12.0,94,80,E,
4O3A,equibind,scored,0.013712969161814158,12.0,94,46,E,
4O61,diffdock,scored,0.9679696331152736,12.0,94,93,D,
4O61,equibind,scored,0.05920687405016394,12.0,94,92,D,
4O72,diffdock,scored,0.9522948265696132,12.0,62,63,B,
4O72,equibind,scored,0.7395009464832502,12.0,62,55,B,
4O71,diffdock,scored,0.31239785676972864,12.0,86,82,C,
4O71,equibind,scored,0.5673523125679368,12.0,86,92,C,
4O75,diffdock,scored,0.9184583707487743,12.0,62,61,B,
4O75,equibind,scored,0.8818973578852756,12.0,62,63,B,
4O78,diffdock,scored,0.9673806982159053,12.0,62,62,B,
4O78,equibind,scored,0.9354356873646107,12.0,62,64,B,
4O74,diffdock,scored,0.9662889688634426,12.0,62,60,F,
4O74,equibind,scored,0.33011285162503456,12.0,62,63,F,
4O44,diffdock,scored,0.9662079773789632,12.0,91,90,,
4O44,equibind,scored,0.6818787073479589,12.0,91,105,,
4O2B,diffdock,scored,0.0,12.0,125,130,O,
4O2B,equibind,scored,0.0,12.0,125,124,O,
4O7A,diffdock,scored,0.9499862909778467,12.0,61,60,B,
4O7A,equibind,scored,0.8355297434992639,12.0,61,63,B,
4O9W,diffdock,scored,0.6729815440550355,12.0,73,52,B:B,
4O9W,equibind,scored,0.77511151912465,12.0,73,64,B:B,
4O91,diffdock,scored,0.9654216678505091,12.0,117,115,,
4O91,equibind,scored,0.7668041397212395,12.0,117,111,,
4O7D,diffdock,scored,0.948369922319611,12.0,98,95,,
4O7D,equibind,scored,0.743494211120436,12.0,98,84,,
4OAK,diffdock,scored,0.968994549454777,12.0,98,97,A:DAL:202+A:DAL:203,
4OAK,equibind,scored,0.06797978174486681,12.0,98,84,A:DAL:202+A:DAL:203,
4OBA,diffdock,scored,0.0,12.0,65,74,F,
4OBA,equibind,scored,0.14711598310594787,12.0,82,69,D,
4OB0,diffdock,scored,0.8424375381479139,12.0,91,85,,
4OB0,equibind,scored,0.8447852311984059,12.0,91,89,,
4OAG,diffdock,scored,0.0,12.0,105,53,C,
4OAG,equibind,scored,0.08820447500758503,12.0,105,102,C,
4OB1,diffdock,scored,0.7803632906657346,12.0,89,87,,
4OB1,equibind,scored,0.7283607745569992,12.0,89,89,,
4OB2,diffdock,scored,0.7349072682214483,12.0,88,93,,
4OB2,equibind,scored,0.8133207479215291,12.0,88,91,,
4OBP,diffdock,scored,0.916113500788775,12.0,94,94,,
4OBP,equibind,scored,0.6012889917780053,12.0,94,82,,
4OBQ,diffdock,scored,0.9702223547230205,12.0,102,101,,
4OBQ,equibind,scored,0.8184833042724692,12.0,102,105,,
4OC2,diffdock,scored,0.9658414662548045,12.0,147,146,,
4OC2,equibind,scored,0.8234350535190315,12.0,147,141,,
4OC1,diffdock,scored,0.9145692209974245,12.0,152,147,,
4OC1,equibind,scored,0.6794992225861914,12.0,152,123,M,
4OC0,diffdock,scored,0.9348515786681953,12.0,139,136,,
4OC0,equibind,scored,0.8283690885258371,12.0,139,128,M,
4OC4,diffdock,scored,0.9187391001517765,12.0,144,148,,
4OC4,equibind,scored,0.6482328253108816,12.0,144,146,M,
4OC3,diffdock,scored,0.9280394640443829,12.0,147,156,,
4OC3,equibind,scored,0.761134084065139,12.0,147,140,,
4OCC,diffdock,scored,0.9308977768289914,12.0,88,88,D,
4OCC,equibind,scored,0.1339301425860417,12.0,88,76,D,
4OC5,diffdock,scored,0.9162082962785559,12.0,153,156,,
4OC5,equibind,scored,0.7177111705613736,12.0,153,138,,
4OCK,diffdock,scored,0.92370294361148,12.0,104,106,,
4OCK,equibind,scored,0.8614323168861592,12.0,104,104,,
4ODE,diffdock,scored,0.9733088252405094,12.0,78,76,,
4ODE,equibind,scored,0.854022842553292,12.0,78,81,,
4ODF,diffdock,scored,0.9432152854076701,12.0,72,74,,
4ODF,equibind,scored,0.8749767330665883,12.0,72,75,,
4ODK,diffdock,scored,0.19432631038411272,12.0,46,75,B:B,
4ODK,equibind,scored,0.5448444438254368,12.0,46,71,B:B,
4OCV,diffdock,scored,0.9713358198261691,12.0,106,107,C,
4OCV,equibind,scored,0.7785444945924183,12.0,106,97,,
4OCQ,diffdock,scored,0.9184457533019084,12.0,97,97,,
4OCQ,equibind,scored,0.6509288205530819,12.0,97,96,,
4OCP,diffdock,scored,0.9004288397412858,12.0,96,104,,
4OCP,equibind,scored,0.81994860532542,12.0,96,100,,
4OCT,diffdock,scored,0.0,12.0,94,95,D,
4OCT,equibind,scored,0.06605855803731209,12.0,94,91,O,
4OEE,diffdock,scored,0.922552169899079,12.0,39,38,B:B,
4OEE,equibind,scored,0.8566417904052122,12.0,39,34,B:B,
4OEG,diffdock,scored,0.9735812972575387,12.0,39,38,B:B,
4OEG,equibind,scored,0.8321369111278789,12.0,39,44,B:B,
4OFB,diffdock,scored,0.34651994608525283,12.0,93,54,B:B,
4OFB,equibind,scored,0.5697357841458522,12.0,93,105,B:B,
4ODL,diffdock,scored,0.6034620011808098,12.0,102,84,F:F,
4ODL,equibind,scored,0.0,12.0,102,16,F:F,
4OEW,diffdock,scored,0.9884174301431206,12.0,87,88,,
4OEW,equibind,scored,0.8357341296952068,12.0,87,94,,
4OD7,diffdock,scored,0.39818851288118934,12.0,71,38,E:E,
4OD7,equibind,scored,0.07913243281777523,12.0,71,90,E:E,
4OG3,diffdock,scored,0.9527483973849473,12.0,129,127,,
4OG3,equibind,scored,0.565967579393274,12.0,129,104,,
4OG4,diffdock,scored,0.9612058841740869,12.0,130,129,,
4OG4,equibind,scored,0.6232079195154379,12.0,130,114,,
4OGI,diffdock,scored,0.8814744847092405,12.0,95,88,F,
4OGI,equibind,scored,0.47390758680992595,12.0,92,64,D,
4OG7,diffdock,scored,0.9388439426514963,12.0,129,133,,
4OG7,equibind,scored,0.709625885281551,12.0,129,128,,
4OG5,diffdock,scored,0.9532690951685521,12.0,130,128,,
4OG5,equibind,scored,0.7046619094971474,12.0,130,122,B,
4OG8,diffdock,scored,0.9687495936983442,12.0,128,130,,
4OG8,equibind,scored,0.6179184147179948,12.0,128,101,C,
4OGT,diffdock,scored,0.9569911770703395,12.0,71,70,,
4OGT,equibind,scored,0.7853081020072473,12.0,71,75,,
4OGN,diffdock,scored,1.0,12.0,72,72,,
4OGN,equibind,scored,0.9073424791507205,12.0,72,68,,
4OEU,diffdock,scored,0.0,12.0,82,94,D,
4OEU,equibind,scored,0.1508433213906934,12.0,82,81,D,
4OFL,diffdock,scored,0.21170949161806846,12.0,73,85,H,
4OFL,equibind,scored,0.0490710704103747,12.0,67,76,D,
4OI6,diffdock,scored,0.9775927348942673,12.0,44,45,,
4OI6,equibind,scored,0.7647761949751485,12.0,44,38,,
4OGV,diffdock,scored,0.9502994241581265,12.0,64,61,E,
4OGV,equibind,scored,0.11342155548300308,12.0,77,74,D,
4OK3,diffdock,scored,0.9519636419463534,12.0,81,85,,
4OK3,equibind,scored,0.1269491515303624,12.0,81,99,,
4OLD,diffdock,scored,0.0,12.0,76,103,F,
4OLD,equibind,scored,0.0,12.0,76,106,F,
4OKP,diffdock,scored,0.09775259115504617,12.0,60,83,,
4OKP,equibind,scored,0.12153962622362563,12.0,60,107,,
4ONO,diffdock,scored,0.9609736895345695,12.0,132,131,C,
4ONO,equibind,scored,0.7450751146005468,12.0,132,126,C,
4OO9,diffdock,scored,0.9647785960581108,12.0,116,114,,
4OO9,equibind,scored,0.7642197319457573,12.0,116,117,,
4OMK,diffdock,scored,0.02206138271446467,12.0,134,133,G,
4OMK,equibind,scored,0.21708593061289103,12.0,134,82,G,
4OMJ,diffdock,scored,0.9462283769270511,12.0,129,132,T,
4OMJ,equibind,scored,0.20364382248157445,12.0,129,92,T,
4OLC,diffdock,scored,0.0,12.0,40,81,F,
4OLC,equibind,scored,0.0,12.0,40,24,F,
4OQ3,diffdock,scored,0.984630567598105,12.0,67,66,E,
4OQ3,equibind,scored,0.34269510813880444,12.0,96,81,G,
4OOL,diffdock,scored,0.962606020043251,12.0,108,108,,
4OOL,equibind,scored,0.8560368785860913,12.0,108,103,B,
4OQ6,diffdock,scored,0.3227288414750121,12.0,90,95,C,
4OQ6,equibind,scored,0.4975829027932199,12.0,90,81,C,
4OON,diffdock,scored,0.9670333587806125,12.0,90,93,,
4OON,equibind,scored,0.8008531342720279,12.0,90,90,B,
4OR6,diffdock,scored,0.07553798018691033,12.0,77,75,C,
4OR6,equibind,scored,0.05644714925094056,12.0,77,80,C,
4ORU,diffdock,scored,0.7676820983090191,12.0,203,209,C,
4ORU,equibind,scored,0.3840796255383987,12.0,203,102,C,
4OQ5,diffdock,scored,0.0,12.0,90,126,K,
4OQ5,equibind,scored,0.04646526182181366,12.0,119,96,G,
4ORX,diffdock,scored,0.7998550767430134,12.0,197,176,,
4ORX,equibind,scored,0.4610965615224324,12.0,197,117,,
4OS1,diffdock,scored,0.7694605804753906,12.0,122,101,B:B,
4OS1,equibind,scored,0.6685337859524709,12.0,122,105,B:B,
4OS2,diffdock,scored,0.6754026963218637,12.0,122,95,B:B,
4OS2,equibind,scored,0.5828242804242361,12.0,122,131,B:B,
4OS4,diffdock,scored,0.13868768977561327,12.0,122,54,B:B,
4OS4,equibind,scored,0.6508119454057286,12.0,122,102,B:B,
4OS5,diffdock,scored,0.6228808295684137,12.0,122,87,B:B,
4OS5,equibind,scored,0.781456007480229,12.0,122,117,B:B,
4OOW,diffdock,scored,0.9711662694670071,12.0,69,69,,
4OOW,equibind,scored,0.0,12.0,69,93,,
4OS6,diffdock,scored,0.7517090935825702,12.0,122,103,B:B,
4OS6,equibind,scored,0.630616512418302,12.0,122,127,B:B,
4OS7,diffdock,scored,0.7612302734548908,12.0,122,101,B:B,
4OS7,equibind,scored,0.7352489786413573,12.0,122,110,B:B,
4OTW,diffdock,scored,0.8982799856005697,12.0,98,100,,
4OTW,equibind,scored,0.7769520303261634,12.0,98,94,,
4OSF,diffdock,scored,0.03019095870091102,12.0,73,73,M,
4OSF,equibind,scored,0.17904723594326324,12.0,76,83,D,
4ORY,diffdock,scored,0.0,12.0,206,200,J,
4ORY,equibind,scored,0.08185868276032626,12.0,206,167,J,
4OYA,diffdock,scored,0.942788829049715,12.0,122,121,B,
4OYA,equibind,scored,0.6545854430794877,12.0,122,113,B,
4OVF,diffdock,scored,0.9341405791461573,12.0,61,59,I,
4OVF,equibind,scored,0.0,12.0,56,16,O,
4OUE,diffdock,scored,0.0,12.0,81,79,D,
4OUE,equibind,scored,0.0,12.0,79,100,F,
4OYB,diffdock,scored,0.9742679871627367,12.0,116,117,C,
4OYB,equibind,scored,0.7921276974985642,12.0,116,110,C,
4OUJ,diffdock,scored,0.9125130270031858,12.0,45,45,D:D,
4OUJ,equibind,scored,0.0,12.0,45,27,D:D,
4OW0,diffdock,scored,0.9607508696969181,12.0,103,101,I,
4OW0,equibind,scored,0.5649060844103126,12.0,102,99,D,
4OU3,diffdock,scored,0.36781175771809255,12.0,122,105,B:B,
4OU3,equibind,scored,0.602904351912433,12.0,122,111,B:B,
4OZJ,diffdock,scored,0.9518757728382298,12.0,42,44,,
4OZJ,equibind,scored,0.42033377118176296,12.0,42,72,,
4OYI,diffdock,scored,0.9901246795269426,12.0,101,102,B,
4OYI,equibind,scored,0.823313007832806,12.0,101,97,B,
4OYM,diffdock,scored,0.9418425941026651,12.0,103,101,B,
4OYM,equibind,scored,0.8406460199555917,12.0,103,95,B,
4OYS,diffdock,scored,0.9413483268873408,12.0,89,84,,
4OYS,equibind,scored,0.906903902216361,12.0,89,85,,
4OYO,diffdock,scored,0.9425172409842489,12.0,87,84,B,
4OYO,equibind,scored,0.6828563214480635,12.0,87,93,B,
4OZL,diffdock,scored,0.9506289410557216,12.0,40,42,,
4OZL,equibind,scored,0.6206013620680977,12.0,40,47,,
4OZ2,diffdock,scored,0.954345413951937,12.0,86,88,,
4OZ2,equibind,scored,0.653231042884019,12.0,86,95,,
4OZ3,diffdock,scored,0.9316275673089117,12.0,99,102,B,
4OZ3,equibind,scored,0.6932772470285764,12.0,99,98,B,
4P0A,diffdock,scored,0.0,12.0,56,52,D:D,
4P0A,equibind,scored,0.10359882459343363,12.0,56,76,D:D,
4OZN,diffdock,scored,0.03524395490378867,12.0,101,97,I,
4OZN,equibind,scored,0.271171927345209,12.0,97,126,H,
4P0V,diffdock,scored,0.9276270200597864,12.0,108,110,,
4P0V,equibind,scored,0.6879424660534027,12.0,108,112,,
4P0W,diffdock,scored,0.9172400380452846,12.0,111,106,,
4P0W,equibind,scored,0.7526891786845584,12.0,111,98,,
4P0X,diffdock,scored,0.5149665405965828,12.0,91,84,B,
4P0X,equibind,scored,0.643006723962709,12.0,91,93,B,
4OYT,diffdock,scored,0.8797930453987086,12.0,114,116,E,
4OYT,equibind,scored,0.7656312641228556,12.0,114,118,E,
4P10,diffdock,scored,0.9583353393930392,12.0,123,120,,
4P10,equibind,scored,0.733488267311463,12.0,123,108,B,
4P3H,diffdock,scored,0.9551004918495066,12.0,68,65,C,
4P3H,equibind,scored,0.6372623742713206,12.0,68,86,C,
4P4D,diffdock,scored,0.9473519341272044,12.0,132,133,,
4P4D,equibind,scored,0.8236765571958208,12.0,132,134,,
4P4E,diffdock,scored,0.8821491204943155,12.0,139,131,,
4P4E,equibind,scored,0.8355507946297472,12.0,139,138,,
4P4J,diffdock,scored,0.9772763689149281,12.0,135,132,,
4P4J,equibind,scored,0.8329216714658009,12.0,135,136,,
4P45,diffdock,scored,0.8351911762129434,12.0,144,149,,
4P45,equibind,scored,0.8072691635432016,12.0,144,151,,
4P58,diffdock,scored,1.0,12.0,58,58,,
4P58,equibind,scored,0.8477126780574985,12.0,58,61,,
4P4T,diffdock,scored,0.9662498624295788,12.0,89,90,,
4P4T,equibind,scored,0.5993509354686505,12.0,89,89,,
4P6C,diffdock,scored,0.9532650356824348,12.0,106,107,C,
4P6C,equibind,scored,0.05096721172947509,12.0,106,94,D,
4P6W,diffdock,scored,0.946666182607017,12.0,116,114,,
4P6W,equibind,scored,0.8605882186476388,12.0,116,118,,
4PAX,diffdock,scored,1.0,12.0,91,91,,
4PAX,equibind,scored,0.8251547150909397,12.0,91,89,,
4P90,diffdock,scored,0.0,12.0,93,77,C,
4P90,equibind,scored,0.2277102499394367,12.0,93,63,C,
4PB1,diffdock,scored,0.9430812969414177,12.0,105,105,,
4PB1,equibind,scored,0.6248429791109609,12.0,105,95,,
4P6G,diffdock,scored,0.9503921722494888,12.0,82,82,E,
4P6G,equibind,scored,0.0834220025151517,12.0,114,96,G,
4PB2,diffdock,scored,0.8579647979265385,12.0,104,99,,
4PB2,equibind,scored,0.804012092152348,12.0,104,100,,
4PCE,diffdock,scored,0.9656851612853395,12.0,57,59,,
4PCE,equibind,scored,0.7978086351033149,12.0,57,61,,
4PCI,diffdock,scored,0.8988899792036619,12.0,57,59,,
4PCI,equibind,scored,0.9112484780140466,12.0,57,58,,
4P74,diffdock,scored,0.8672192742329411,12.0,127,124,F,
4P74,equibind,scored,0.011783394911253344,12.0,127,121,F,
4P73,diffdock,scored,0.9310739094181599,12.0,130,127,F,
4P73,equibind,scored,0.1368598570817942,12.0,130,113,E,
4P75,diffdock,scored,0.9812537909857515,12.0,107,107,F,
4P75,equibind,scored,0.12443787138846449,12.0,105,101,E,
4P6X,diffdock,scored,0.0,12.0,115,112,M,
4P6X,equibind,scored,0.0,12.0,112,85,R,
4PD5,diffdock,scored,0.9415720000332116,12.0,102,102,,
4PD5,equibind,scored,0.672976191907776,12.0,102,98,,
4PD6,diffdock,scored,0.92245713810085,12.0,103,101,,
4PD6,equibind,scored,0.7742515073207998,12.0,103,98,,
4PD7,diffdock,scored,0.9187398833508557,12.0,99,95,,
4PD7,equibind,scored,0.7388786215330916,12.0,99,92,,
4PD8,diffdock,scored,0.9241926505476474,12.0,109,103,,
4PD8,equibind,scored,0.7779565903402154,12.0,109,109,,
4PDA,diffdock,scored,0.9234857569460508,12.0,103,105,,
4PDA,equibind,scored,0.817987750756767,12.0,103,99,,
4PDK,diffdock,scored,0.8890949835949749,12.0,146,142,C,
4PDK,equibind,scored,0.2660815615962612,12.0,157,117,E,
4PF5,diffdock,scored,0.0,12.0,62,88,G,
4PF5,equibind,scored,0.0,12.0,62,74,G,
4PG9,diffdock,scored,0.6230882226653951,12.0,134,90,C:C,
4PG9,equibind,scored,0.7503824948565355,12.0,134,113,C:C,
4PCT,diffdock,scored,0.0,12.0,81,79,K,
4PCT,equibind,scored,0.0,12.0,82,57,R,
4PCS,diffdock,scored,0.9623065069058607,12.0,82,79,Q,
4PCS,equibind,scored,0.01212336458386067,12.0,82,77,Q,
4PGE,diffdock,scored,0.8298467642364312,12.0,137,120,C:C,
4PGE,equibind,scored,0.7698802076937461,12.0,137,118,C:C,
4PGB,diffdock,scored,0.0,12.0,130,115,F:F,
4PGB,equibind,scored,0.07919932846817877,12.0,131,69,C:C,
4PFT,diffdock,scored,0.0,12.0,111,113,C:C,
4PFT,equibind,scored,0.14660523257504104,12.0,112,93,D:D,
4PGC,diffdock,scored,0.0,12.0,129,134,C:C,
4PGC,equibind,scored,0.041014006066339065,12.0,133,72,F:F,
4PFU,diffdock,scored,0.9099340496923303,12.0,110,110,C:C,
4PFU,equibind,scored,0.031201963846407978,12.0,110,93,C:C,
4PEE,diffdock,scored,0.0,12.0,85,81,H,
4PEE,equibind,scored,0.0,12.0,82,84,T,
4PH4,diffdock,scored,0.9522762319532795,12.0,85,83,,
4PH4,equibind,scored,0.9136849317195361,12.0,85,80,,
4PHV,diffdock,scored,1.0,12.0,106,106,C,
4PHV,equibind,scored,0.8907731603782382,12.0,106,109,C,
4PID,diffdock,scored,0.9852102880564337,12.0,69,68,,
4PID,equibind,scored,0.5159294597933423,12.0,69,73,,
4PHU,diffdock,scored,0.9211978703056334,12.0,103,99,,
4PHU,equibind,scored,0.6599064615379273,12.0,103,128,,
4PHW,diffdock,scored,0.0,12.0,101,100,N,
4PHW,equibind,scored,0.018172706048122444,12.0,101,77,N,
4PIQ,diffdock,scored,0.9408936893214542,12.0,86,83,,
4PIQ,equibind,scored,0.7643494173622678,12.0,86,90,C,
4PGH,diffdock,scored,0.0,12.0,96,91,E,
4PGH,equibind,scored,0.0,12.0,96,86,E,
4PKR,diffdock,scored,0.957794119414798,12.0,95,95,,
4PKR,equibind,scored,0.6728318642930331,12.0,95,91,,
4PKS,diffdock,scored,0.9671368999059724,12.0,93,90,,
4PKS,equibind,scored,0.7993673542484008,12.0,93,85,,
4PIO,diffdock,scored,0.0,12.0,103,101,K,
4PIO,equibind,scored,0.04541462156542348,12.0,101,74,D,
4PMM,diffdock,scored,0.9305515701895878,12.0,115,115,,
4PMM,equibind,scored,0.8528050745901731,12.0,115,109,,
4PNC,diffdock,scored,0.972863407369824,12.0,75,73,,
4PNC,equibind,scored,0.7964467216408155,12.0,75,79,,
4PIN,diffdock,scored,0.0,12.0,93,97,G,
4PIN,equibind,scored,0.27231092007704555,12.0,97,96,C,
4PL0,diffdock,scored,0.0379660101745168,12.0,123,120,C,
4PL0,equibind,scored,0.7239419881412402,12.0,123,128,C,
4PNI,diffdock,scored,0.93400101707784,12.0,88,92,,
4PNI,equibind,scored,0.7416710908488644,12.0,88,108,,
4PNM,diffdock,scored,0.0,12.0,83,81,I,
4PNM,equibind,scored,0.0,12.0,80,83,H,
4PL3,diffdock,scored,0.0,12.0,50,79,F,
4PL3,equibind,scored,0.10407315032012389,12.0,49,59,C,
4PNL,diffdock,scored,0.9742219284354872,12.0,78,78,M,
4PNL,equibind,scored,0.0,12.0,80,81,I,
4PNQ,diffdock,scored,0.0,12.0,81,83,G,
4PNQ,equibind,scored,0.0,12.0,81,79,G,
4PNN,diffdock,scored,0.9872563362848256,12.0,78,79,I,
4PNN,equibind,scored,0.0,12.0,77,82,H,
4POH,diffdock,scored,0.9616178410595825,12.0,106,104,,
4POH,equibind,scored,0.9513604110821042,12.0,106,107,,
4PP5,diffdock,scored,0.9716722353370367,12.0,107,106,,
4PP5,equibind,scored,0.9613025443729548,12.0,107,107,,
4PNR,diffdock,scored,0.0,12.0,81,77,F,
4PNR,equibind,scored,0.0,12.0,79,83,I,
4POP,diffdock,scored,0.0,12.0,94,92,AA,
4POP,equibind,scored,0.19843678345545404,12.0,94,90,AA,
4PNT,diffdock,scored,0.0,12.0,78,84,H,
4PNT,equibind,scored,0.0,12.0,78,77,H,
4PNS,diffdock,scored,0.0,12.0,81,84,H,
4PNS,equibind,scored,0.0,12.0,81,83,H,
4PQN,diffdock,scored,0.9625243799968591,12.0,79,82,,
4PQN,equibind,scored,0.9248948084135673,12.0,79,81,,
4PQA,diffdock,scored,0.8525846230502091,12.0,80,78,,
4PQA,equibind,scored,0.6289403970174476,12.0,80,75,,
4PRD,diffdock,scored,0.8304455558434546,12.0,136,134,C:C,
4PRD,equibind,scored,0.7522234460178737,12.0,136,116,C:C,
4PP9,diffdock,scored,0.005401119558131986,12.0,78,79,F,
4PP9,equibind,scored,0.19531113262511754,12.0,78,85,F,
4PRB,diffdock,scored,0.7788692827776285,12.0,136,122,C:C,
4PRB,equibind,scored,0.7826019211315676,12.0,136,125,C:C,
4PRE,diffdock,scored,0.678999073877641,12.0,135,97,C:C,
4PRE,equibind,scored,0.6727474363759036,12.0,135,109,C:C,
4PRN,diffdock,scored,0.781501217666659,12.0,138,113,C:C,
4PRN,equibind,scored,0.7157710279669919,12.0,138,116,C:C,
4PSB,diffdock,scored,0.9798863075657119,12.0,103,101,,
4PSB,equibind,scored,0.920582086101891,12.0,103,103,,
4PS0,diffdock,scored,0.8370065984039526,12.0,93,79,D:D,
4PS0,equibind,scored,0.11307882322799491,12.0,93,119,D:D,
4PSH,diffdock,scored,0.8948494348273807,12.0,95,95,C,
4PSH,equibind,scored,0.01145157710744984,12.0,95,49,D,
4PSQ,diffdock,scored,0.9431605986006814,12.0,87,90,M,
4PSQ,equibind,scored,0.07327956195493673,12.0,86,62,C,
4PRI,diffdock,scored,0.7768479102197774,12.0,203,202,C:C,
4PRI,equibind,scored,0.5934380667444035,12.0,203,151,C:C,
4PRH,diffdock,scored,0.7735956085779869,12.0,200,183,C:C,
4PRH,equibind,scored,0.7139606510723535,12.0,200,183,C:C,
4PV5,diffdock,scored,0.9588851603335112,12.0,74,73,,
4PV5,equibind,scored,0.7403305743644234,12.0,74,90,,
4PX6,diffdock,scored,0.9765138149069699,12.0,86,86,,
4PX6,equibind,scored,0.8421286388326015,12.0,86,90,,
4PS1,diffdock,scored,0.0,12.0,96,42,F:F,
4PS1,equibind,scored,0.011064213421931191,12.0,96,27,G:G,
4PTE,diffdock,scored,0.9278177497791849,12.0,83,81,D,
4PTE,equibind,scored,0.0,12.0,83,66,D,
4PVT,diffdock,scored,1.0,12.0,86,86,N,
4PVT,equibind,scored,0.17132502293762658,12.0,86,76,N,
4PTC,diffdock,scored,0.9644643286583785,12.0,84,85,C,
4PTC,equibind,scored,0.0,12.0,82,80,D,
4PVO,diffdock,scored,0.15445642823562622,12.0,85,95,,
4PVO,equibind,scored,0.46701310203765795,12.0,85,78,,
4PXM,diffdock,scored,0.0,12.0,105,106,F,
4PXM,equibind,scored,0.15540035639225772,12.0,105,92,F,
4PY1,diffdock,scored,0.7982429299687043,12.0,92,80,,
4PY1,equibind,scored,0.8339090757709308,12.0,92,85,,
4PY4,diffdock,scored,0.9723139608810182,12.0,72,74,C,
4PY4,equibind,scored,0.6685608272651662,12.0,72,78,C,
4PYX,diffdock,scored,0.9334220366309652,12.0,108,105,,
4PYX,equibind,scored,0.8437927464014756,12.0,108,105,,
4PYY,diffdock,scored,0.9500482268289463,12.0,102,99,,
4PYY,equibind,scored,0.8204855383523847,12.0,102,109,,
4PYO,diffdock,scored,0.003338708859559769,12.0,103,106,C,
4PYO,equibind,scored,0.16885034606154078,12.0,103,114,C,
4PZH,diffdock,scored,0.8960210572708924,12.0,95,95,,
4PZH,equibind,scored,0.8856161797509053,12.0,95,96,,
4PYV,diffdock,scored,0.963115674319509,12.0,112,108,G,
4PYV,equibind,scored,0.023400774831416934,12.0,112,119,G,
4Q06,diffdock,scored,0.9709755803555569,12.0,105,102,,
4Q06,equibind,scored,0.8743251901943367,12.0,105,100,,
4Q0K,diffdock,scored,0.9428413022277101,12.0,105,105,,
4Q0K,equibind,scored,0.8706730724824896,12.0,105,100,,
4Q08,diffdock,scored,0.9428433481460781,12.0,107,103,F,
4Q08,equibind,scored,0.8682691507498503,12.0,107,105,,
4Q09,diffdock,scored,0.9801866939140659,12.0,104,102,,
4Q09,equibind,scored,0.9048065016577476,12.0,104,108,,
4Q07,diffdock,scored,0.9613043911764494,12.0,103,103,,
4Q07,equibind,scored,0.864544038126938,12.0,103,101,,
4Q0A,diffdock,scored,0.9007319069905751,12.0,121,121,C,
4Q0A,equibind,scored,0.7949461014827105,12.0,121,124,C,
4Q1A,diffdock,scored,0.0035274552329376875,12.0,102,105,C,
4Q1A,equibind,scored,0.2869400791249362,12.0,102,112,C,
4Q1B,diffdock,scored,0.9337556342725297,12.0,104,107,C,
4Q1B,equibind,scored,0.32339007489137,12.0,103,129,E,
4Q1F,diffdock,scored,1.0,12.0,103,103,D,
4Q1F,equibind,scored,0.008207203006746842,12.0,103,113,D,
4Q18,diffdock,scored,0.003854123463993181,12.0,100,100,C,
4Q18,equibind,scored,0.08242751998455282,12.0,100,115,C,
4PY2,diffdock,scored,0.0,12.0,103,108,D,
4PY2,equibind,scored,0.0,12.0,103,27,D,
4Q15,diffdock,scored,0.962022442417519,12.0,106,104,H,
4Q15,equibind,scored,0.19204865100488575,12.0,106,112,H,
4Q0L,diffdock,scored,0.0,12.0,105,104,L,
4Q0L,equibind,scored,0.008679612326433748,12.0,107,107,J,
4Q1N,diffdock,scored,0.0,12.0,117,111,F,
4Q1N,equibind,scored,0.054578378410617565,12.0,114,129,J,
4Q46,diffdock,scored,0.8498319463133966,12.0,105,111,D,
4Q46,equibind,scored,0.14154061942425464,12.0,77,99,C,
4Q4P,diffdock,scored,0.9421070298315962,12.0,104,100,,
4Q4P,equibind,scored,0.765525746529759,12.0,104,100,,
4Q4O,diffdock,scored,0.9007443163715045,12.0,109,110,,
4Q4O,equibind,scored,0.8289004114987363,12.0,109,103,,
4Q4Q,diffdock,scored,0.9688567521226992,12.0,96,97,,
4Q4Q,equibind,scored,0.7842233179480333,12.0,96,97,,
4Q4R,diffdock,scored,0.9704846350580518,12.0,102,101,,
4Q4R,equibind,scored,0.8165979673047424,12.0,102,92,,
4Q4E,diffdock,scored,0.8194940688062259,12.0,126,132,,
4Q4E,equibind,scored,0.6064728869493049,12.0,126,127,,
4Q6D,diffdock,scored,1.0,12.0,89,89,,
4Q6D,equibind,scored,0.9433290521654348,12.0,89,88,,
4Q7S,diffdock,scored,1.0,12.0,87,87,,
4Q7S,equibind,scored,0.8619559187348554,12.0,87,83,,
4Q7P,diffdock,scored,0.9883897710864978,12.0,87,86,,
4Q7P,equibind,scored,0.798975917202755,12.0,87,83,,
4Q4I,diffdock,scored,0.7542134419663423,12.0,140,140,C:B,
4Q4I,equibind,scored,0.7073154261484735,12.0,140,122,C:B,
4Q7V,diffdock,scored,0.9882832264254613,12.0,86,85,,
4Q7V,equibind,scored,0.8956621298197984,12.0,86,85,,
4Q7W,diffdock,scored,0.9647136942092547,12.0,85,84,,
4Q7W,equibind,scored,0.9081737875132655,12.0,85,85,,
4Q81,diffdock,scored,0.9766371050852616,12.0,87,85,,
4Q81,equibind,scored,0.8617849519408564,12.0,87,87,,
4Q8X,diffdock,scored,0.9309188501279829,12.0,85,89,,
4Q8X,equibind,scored,0.8953196319090704,12.0,85,84,,
4Q83,diffdock,scored,1.0,12.0,93,93,,
4Q83,equibind,scored,0.8656799031533957,12.0,93,83,,
4Q87,diffdock,scored,1.0,12.0,88,88,,
4Q87,equibind,scored,0.8969251438859244,12.0,88,85,,
4Q8Y,diffdock,scored,1.0,12.0,89,89,,
4Q8Y,equibind,scored,0.8880357209133042,12.0,89,87,,
4Q90,diffdock,scored,0.9644773667641551,12.0,83,84,,
4Q90,equibind,scored,0.9066574398364284,12.0,83,87,,
4Q9S,diffdock,scored,0.9414773800206078,12.0,69,67,B,
4Q9S,equibind,scored,0.8175284921849214,12.0,69,68,B,
4Q93,diffdock,scored,0.9574436201989788,12.0,92,96,,
4Q93,equibind,scored,0.4107387866090386,12.0,92,98,,
4Q99,diffdock,scored,0.9881763606329961,12.0,85,84,,
4Q99,equibind,scored,0.8861529886765993,12.0,85,89,,
4Q9Y,diffdock,scored,0.9643269146878499,12.0,83,84,,
4Q9Y,equibind,scored,0.7594851603933136,12.0,83,75,,
4Q9M,diffdock,scored,0.9612818721447318,12.0,101,105,N,
4Q9M,equibind,scored,0.062193458313543504,12.0,100,110,C,
4Q9O,diffdock,scored,1.0,12.0,105,105,C,
4Q9O,equibind,scored,0.038927088203830486,12.0,105,109,C,
4QB3,diffdock,scored,0.9684292861487072,12.0,64,62,,
4QB3,equibind,scored,0.8347320069761899,12.0,64,56,,
4QBM,diffdock,scored,0.5202084176601819,12.0,97,71,C:C,
4QBM,equibind,scored,0.3462889317585148,12.0,97,45,C:C,
4QAG,diffdock,scored,0.9433956018057019,12.0,69,71,E,
4QAG,equibind,scored,0.4631267591359851,12.0,69,52,E,
4QEM,diffdock,scored,0.9714665700259925,12.0,70,70,,
4QEM,equibind,scored,0.8334974747373252,12.0,70,74,,
4QER,diffdock,scored,0.9462259976371165,12.0,74,74,,
4QER,equibind,scored,0.8375578936520878,12.0,74,74,,
4QF8,diffdock,scored,0.9728377017714375,12.0,73,75,,
4QF8,equibind,scored,0.789366661055324,12.0,73,72,,
4Q9Z,diffdock,scored,0.891662729530513,12.0,92,88,E,
4Q9Z,equibind,scored,0.2586836171966605,12.0,92,92,E,
4QFG,diffdock,scored,0.9242565769571067,12.0,78,78,,
4QGD,diffdock,scored,0.9703315048306328,12.0,68,68,,
4QGD,equibind,scored,0.780889504521419,12.0,68,58,B,
4QGG,diffdock,scored,0.04239789041368457,12.0,103,100,D,
4QGG,equibind,scored,0.03350823018270938,12.0,103,90,D,
4QGH,diffdock,scored,0.9539717064144019,12.0,109,110,C,
4QGH,equibind,scored,0.025969803125680754,12.0,91,118,D,
4QFN,diffdock,scored,0.0,12.0,118,98,B:GLY:601+B:GLU:602,
4QFN,equibind,scored,0.0,12.0,118,107,B:GLY:601+B:GLU:602,
4QFS,diffdock,scored,0.16112901277658648,12.0,77,76,,
4QFS,equibind,scored,0.7192320394826761,12.0,77,84,,
4QFO,diffdock,scored,0.0,12.0,126,45,B:MET:601+B:LEU:602,
4QFO,equibind,scored,0.11667868333561286,12.0,126,107,B:MET:601+B:LEU:602,
4QFP,diffdock,scored,0.5516609501448217,12.0,117,103,A:VAL:601+A:THR:602,
4QFP,equibind,scored,0.18321494061206584,12.0,116,102,B:VAL:601+B:THR:602,
4QGI,diffdock,scored,0.9900326591022842,12.0,102,103,C,
4QGI,equibind,scored,0.855906148770532,12.0,102,117,C,
4QAA,diffdock,scored,0.0,12.0,93,94,K,
4QAA,equibind,scored,0.0,12.0,115,28,X,
4QH7,diffdock,scored,0.12808686506377712,12.0,89,97,C:C,
4QH7,equibind,scored,0.09311089831193474,12.0,89,100,C:C,
4QH8,diffdock,scored,0.0,12.0,91,104,C:C,
4QH8,equibind,scored,0.0,12.0,91,132,C:C,
4QIP,diffdock,scored,0.9833845438656956,12.0,62,61,B,
4QIP,equibind,scored,0.6762768511453519,12.0,62,71,B,
4QHC,diffdock,scored,0.8620982895757041,12.0,79,80,B,
4QHC,equibind,scored,0.8822522270517538,12.0,79,82,B,
4QJM,diffdock,scored,0.8940610743150249,12.0,106,101,,
4QJM,equibind,scored,0.8395834207879916,12.0,106,101,,
4Q1S,equibind,scored,0.0,12.0,86,20,DA,
4QIZ,diffdock,scored,0.9066110981690407,12.0,107,103,F,
4QIZ,equibind,scored,0.10165243284312218,12.0,109,127,I,
4QJR,diffdock,scored,0.9457149111601474,12.0,115,115,,
4QJR,equibind,scored,0.6095710116950838,12.0,115,111,C,
4QIY,diffdock,scored,0.008002994679049033,12.0,108,121,R,
4QIY,equibind,scored,0.0,12.0,121,103,F,
4QJ0,diffdock,scored,0.0,12.0,108,111,R,
4QJ0,equibind,scored,0.015601193419977233,12.0,108,61,J,
4QIR,diffdock,scored,0.9518379856715028,12.0,127,123,B,
4QIR,equibind,scored,0.8297139999008372,12.0,127,118,B,
4QHT,diffdock,scored,0.0,12.0,105,101,H,
4QHT,equibind,scored,0.0,12.0,105,28,H,
4QIJ,equibind,scored,0.0,12.0,147,109,P,
4QJX,diffdock,scored,0.9221823465647615,12.0,104,100,,
4QJX,equibind,scored,0.8590778408307287,12.0,104,105,,
4QK4,diffdock,scored,0.9250368601281528,12.0,114,108,C,
4QK4,equibind,scored,0.7881745026457884,12.0,114,104,C,
4QJO,diffdock,scored,0.0,12.0,105,104,G,
4QJO,equibind,scored,0.10272479840968991,12.0,105,86,M,
4QJW,diffdock,scored,0.0,12.0,107,104,M,
4QJW,equibind,scored,0.004665058297344463,12.0,106,97,P,
4QL8,diffdock,scored,0.9647766683567748,12.0,117,113,,
4QL8,equibind,scored,0.9139608890093252,12.0,117,117,,
4QKX,diffdock,scored,0.9427823313108399,12.0,123,126,,
4QKX,equibind,scored,0.1328080622791927,12.0,123,115,,
4QKD,diffdock,scored,0.010356373841237585,12.0,93,97,L,
4QKD,equibind,scored,0.14646362303144603,12.0,93,62,E,
4QMM,diffdock,scored,0.9303185529815158,12.0,85,87,,
4QMM,equibind,scored,0.8691815573972813,12.0,85,82,,
4QLK,diffdock,scored,0.9295097707719954,12.0,147,139,D:D,
4QLK,equibind,scored,0.08523600951632808,12.0,147,151,D:D,
4QLL,diffdock,scored,0.8660819746286006,12.0,147,132,E:E,
4QLL,equibind,scored,0.037525052269779736,12.0,147,136,E:E,
4QMN,diffdock,scored,0.932449402303495,12.0,103,104,,
4QMN,equibind,scored,0.8290314371612454,12.0,103,100,,
4QMS,diffdock,scored,0.9153188127302984,12.0,108,105,,
4QMS,equibind,scored,0.7957988416492078,12.0,108,97,B,
4QMQ,diffdock,scored,0.9497915921888659,12.0,100,101,,
4QMQ,equibind,scored,0.8902492259200122,12.0,100,99,,
4QMZ,diffdock,scored,0.989237905783075,12.0,96,95,,
4QMZ,equibind,scored,0.8257837227216982,12.0,96,84,,
4QMX,diffdock,scored,0.9143682088127211,12.0,108,103,,
4QMX,equibind,scored,0.8612574233612469,12.0,108,100,,
4QME,diffdock,scored,0.9764376387585764,12.0,130,127,B,
4QME,equibind,scored,0.7327895962713323,12.0,130,110,B,
4QN7,diffdock,scored,0.9515926888936223,12.0,106,101,I,
4QN7,equibind,scored,0.0898780115104307,12.0,106,118,I,
4QNB,diffdock,scored,0.9513628125245761,12.0,63,62,B,
4QNB,equibind,scored,0.7109898897585644,12.0,63,77,B,
4QO4,diffdock,scored,0.7853536742951812,12.0,66,62,,
4QO4,equibind,scored,0.894525006504511,12.0,66,71,,
4QN9,diffdock,scored,0.060088636615391974,12.0,50,50,G,
4QN9,equibind,scored,0.2858926623042976,12.0,59,98,R,
4QOK,diffdock,scored,0.8702277293701485,12.0,184,192,C:C,
4QOK,equibind,scored,0.6582184762681437,12.0,184,142,C:C,
4QPD,diffdock,scored,0.9412493703652413,12.0,85,86,G,
4QPD,equibind,scored,0.25415256085345417,12.0,105,65,D,
4QP1,diffdock,scored,0.9564815134405453,12.0,70,69,E,
4QP1,equibind,scored,0.03247089597182078,12.0,68,85,C,
4QQ4,diffdock,scored,0.5730147196619692,12.0,42,32,D:D,
4QQ4,equibind,scored,0.25315469555009584,12.0,42,79,C:C,
4QQ5,diffdock,scored,0.9607275947279067,12.0,105,103,,
4QQ5,equibind,scored,0.9424345262303838,12.0,105,109,,
4QQC,diffdock,scored,0.9710112600789642,12.0,106,107,,
4QQC,equibind,scored,0.824676005139061,12.0,106,104,,
4QPL,diffdock,scored,0.0,12.0,80,80,E,
4QPL,equibind,scored,0.0,12.0,83,112,H,
4QR3,diffdock,scored,0.9500836381319786,12.0,60,61,,
4QR3,equibind,scored,0.797872880321351,12.0,60,58,B,
4QR4,diffdock,scored,0.9661282966891811,12.0,60,60,,
4QR4,equibind,scored,0.8967620423182564,12.0,60,60,,
4QR5,diffdock,scored,1.0,12.0,62,62,,
4QR5,equibind,scored,0.8474915523954781,12.0,62,55,B,
4QNU,diffdock,scored,0.0,12.0,115,109,W,
4QNU,equibind,scored,0.0,12.0,118,57,P,
4QLT,equibind,scored,0.0,12.0,120,2,GA,
4QRC,diffdock,scored,0.9447703234966316,12.0,129,124,,
4QRC,equibind,scored,0.593134367924417,12.0,129,148,,
4QSU,diffdock,scored,0.9648349230784086,12.0,57,57,,
4QSU,equibind,scored,0.9090605304274992,12.0,57,54,,
4QLQ,equibind,scored,0.008152752048805705,12.0,113,7,QA,
4QSV,diffdock,scored,1.0,12.0,58,58,,
4QSV,equibind,scored,1.0,12.0,58,58,,
4QLU,equibind,scored,0.0,12.0,123,6,MA,
4QSW,diffdock,scored,1.0,12.0,58,58,H,
4QSW,equibind,scored,1.0,12.0,58,58,,
4QSX,diffdock,scored,1.0,12.0,58,58,,
4QSX,equibind,scored,1.0,12.0,58,58,,
4QLV,equibind,scored,0.0,12.0,118,2,GA,
4QT2,diffdock,scored,0.9441302362067777,12.0,75,75,,
4QT2,equibind,scored,0.8353694703754923,12.0,75,79,,
4QRH,diffdock,scored,0.0,12.0,97,95,L,
4QRH,equibind,scored,0.11563869010423451,12.0,96,96,H,
4QTL,diffdock,scored,0.853026148507255,12.0,106,110,,
4QTL,equibind,scored,0.9047317007901904,12.0,106,106,,
4QTN,diffdock,scored,0.0,12.0,114,111,D,
4QTN,equibind,scored,0.15303106436491073,12.0,114,90,D,
4QT0,diffdock,scored,0.0,12.0,66,66,K,
4QT0,equibind,scored,0.06424158700742613,12.0,74,119,J,
4QVN,equibind,scored,0.0,12.0,106,2,OA,
4QVQ,equibind,scored,0.0,12.0,106,3,OA,
4QVV,equibind,scored,0.0,12.0,105,2,EA,
4QVL,equibind,scored,0.0,12.0,107,1,EA,
4QVW,equibind,scored,0.0,12.0,107,2,EA,
4QVM,equibind,scored,0.0,12.0,107,2,EA,
4QVP,equibind,scored,0.0,12.0,104,3,OA,
4QVY,equibind,scored,0.0,12.0,106,2,EA,
4QW0,equibind,scored,0.0,12.0,104,2,EA,
4QW4,equibind,scored,0.0,12.0,139,3,HA,
4QW1,equibind,scored,0.0,12.0,105,2,OA,
4QW6,equibind,scored,0.0,12.0,140,2,RA,
4QW3,equibind,scored,0.0,12.0,105,3,EA,
4QW5,equibind,scored,0.0063461023794119335,12.0,143,5,PA,
4QW7,equibind,scored,0.0,12.0,141,3,RA,
4QWF,equibind,scored,0.0,12.0,143,1,HA,
4QWG,equibind,scored,0.006409767999588494,12.0,143,3,EA,
4QWI,equibind,scored,0.006501195802341646,12.0,145,3,EA,
4QWK,equibind,scored,0.0,12.0,143,2,NA,
4QWJ,equibind,scored,0.0,12.0,143,2,NA,
4QWS,equibind,scored,0.0,12.0,139,3,PA,
4QWR,equibind,scored,0.006683358193703112,12.0,146,3,EA,
4QWL,equibind,scored,0.0,12.0,140,2,GA,
4QYH,diffdock,scored,0.0,12.0,82,83,C,
4QYH,equibind,scored,0.029483717753638006,12.0,82,40,C,
4QWU,equibind,scored,0.0,12.0,107,4,MA,
4QWX,equibind,scored,0.0,12.0,116,4,SA,
4QXJ,equibind,scored,0.0,12.0,114,8,QA,
4QZ1,equibind,scored,0.0,12.0,116,3,OA,
4QZ2,equibind,scored,0.0,12.0,114,7,HA,
4QZ0,equibind,scored,0.0,12.0,115,3,GA,
4QZ3,equibind,scored,0.0,12.0,116,2,OA,
4QZS,diffdock,scored,0.9490283968622862,12.0,61,58,,
4QZS,equibind,scored,0.7770945874754484,12.0,61,63,,
4QZ4,equibind,scored,0.0,12.0,118,3,PA,
4R06,diffdock,scored,0.9393806299888651,12.0,119,114,,
4R06,equibind,scored,0.09059819332120059,12.0,119,90,,
4R0A,diffdock,scored,1.0,12.0,45,45,,
4R0A,equibind,scored,0.05232692270528737,12.0,45,69,,
4QZ5,equibind,scored,0.0,12.0,126,2,MA,
4R1Y,diffdock,scored,0.9579726297587937,12.0,96,96,,
4R1Y,equibind,scored,0.8149303004056272,12.0,96,102,B,
4R3B,diffdock,scored,0.7823840677819768,12.0,73,80,,
4R3B,equibind,scored,0.8080167000294667,12.0,73,80,,
4R3C,diffdock,scored,0.9789942894989,12.0,96,96,C,
4R3C,equibind,scored,0.7566256333253499,12.0,96,82,C,
4R4Q,diffdock,scored,0.9821810759539351,12.0,57,56,B,
4R4Q,equibind,scored,0.909086019939725,12.0,57,56,B,
4QZ6,equibind,scored,0.0,12.0,115,4,PA,
4QZ7,equibind,scored,0.0,12.0,115,4,OA,
4R4T,diffdock,scored,0.9481531686038351,12.0,58,57,,
4R4T,equibind,scored,0.8691040977677889,12.0,58,51,,
4R59,diffdock,scored,0.8963164555753665,12.0,95,95,,
4R59,equibind,scored,0.8287311456829707,12.0,95,91,,
4R5B,diffdock,scored,0.8468592891635521,12.0,100,93,,
4R5B,equibind,scored,0.8992574078679753,12.0,100,98,,
4R5A,diffdock,scored,0.724935985344969,12.0,103,96,,
4R5A,equibind,scored,0.8253367821185512,12.0,103,101,,
4R5W,diffdock,scored,0.0,12.0,105,105,K,
4R5W,equibind,scored,0.08521165689904597,12.0,105,79,K,
4QZX,equibind,scored,0.0,12.0,112,6,RA,
4R5Y,diffdock,scored,0.9737060945079786,12.0,115,118,D,
4R5Y,equibind,scored,0.28697174476979453,12.0,115,121,D,
4QZW,equibind,scored,0.0,12.0,114,1,EA,
4R02,equibind,scored,0.0,12.0,131,3,GA,
4R6V,diffdock,scored,0.95140778717681,12.0,105,102,,
4R6V,equibind,scored,0.9088488364050379,12.0,105,98,,
4R5X,diffdock,scored,0.881287342956961,12.0,125,122,,
4R5X,equibind,scored,0.7431658058755971,12.0,125,124,,
4R75,diffdock,scored,0.952419344166924,12.0,103,108,,
4R75,equibind,scored,0.8073176824136314,12.0,103,103,B,
4R73,diffdock,scored,0.0,12.0,109,103,C,
4R73,equibind,scored,0.009097378039270595,12.0,101,88,I,
4R18,equibind,scored,0.0,12.0,82,0,MA,
4R17,equibind,scored,0.0,12.0,77,0,HA,
4R74,diffdock,scored,0.0,12.0,110,110,R,
4R74,equibind,scored,0.0,12.0,110,34,R,
4RA1,diffdock,scored,0.9500148829382405,12.0,101,100,B,
4RA1,equibind,scored,0.7831551395618621,12.0,101,95,B,
4R6E,diffdock,scored,0.0,12.0,111,106,K,
4R6E,equibind,scored,0.0,12.0,112,90,H,
4RA5,diffdock,scored,0.879875246235011,12.0,100,100,C,
4RA5,equibind,scored,0.5535863101797024,12.0,100,100,C,
4RAB,diffdock,scored,0.0,12.0,90,95,H,
4RAB,equibind,scored,0.37368665121137473,12.0,93,129,E,
4RAC,diffdock,scored,0.9504759819896941,12.0,102,99,H,
4RAC,equibind,scored,0.0,12.0,98,123,E,
4RCE,diffdock,scored,0.9635986430490184,12.0,110,110,,
4RCE,equibind,scored,0.7616807568207319,12.0,110,101,B,
4RCG,diffdock,scored,0.8824998701758517,12.0,100,100,,
4RCG,equibind,scored,0.6064835015612501,12.0,100,119,,
4RAN,diffdock,scored,0.0,12.0,85,83,K,
4RAN,equibind,scored,0.053860289058017,12.0,84,113,I,
4RAO,diffdock,scored,0.0,12.0,100,97,N,
4RAO,equibind,scored,0.0,12.0,100,99,N,
4RCP,diffdock,scored,0.9219452399569505,12.0,83,79,B:B,
4RCP,equibind,scored,0.7186899125016432,12.0,83,63,B:B,
4RAQ,diffdock,scored,0.9577962569351122,12.0,95,93,E,
4RAQ,equibind,scored,0.0,12.0,93,122,N,
4RD0,diffdock,scored,0.9750412890254258,12.0,82,82,B,
4RD0,equibind,scored,0.8100400614125994,12.0,82,77,B,
4RD6,diffdock,scored,0.9859594758809731,12.0,72,73,,
4RD6,equibind,scored,0.8009808062675162,12.0,72,74,,
4RD3,diffdock,scored,0.9395241965732739,12.0,82,83,C,
4RD3,equibind,scored,0.7753265944997202,12.0,82,73,C,
4RE2,diffdock,scored,0.8877761415190398,12.0,98,95,,
4RE2,equibind,scored,0.9094396707265743,12.0,98,97,,
4RE3,diffdock,scored,0.900807423872812,12.0,98,98,,
4RE3,equibind,scored,0.9392503387012265,12.0,98,98,,
4RE4,diffdock,scored,0.943576800602311,12.0,89,86,,
4RE4,equibind,scored,0.9327993923299356,12.0,89,89,,
4RFM,diffdock,scored,0.963729833262414,12.0,83,84,,
4RFM,equibind,scored,0.8899845764231196,12.0,83,82,,
4RFD,diffdock,scored,0.9653319419853457,12.0,88,87,C,
4RFD,equibind,scored,0.8389629211155756,12.0,88,86,C,
4RG0,diffdock,scored,0.8812892898213665,12.0,109,110,,
4RG0,equibind,scored,0.9261629445823437,12.0,109,107,,
4RGD,diffdock,scored,0.96201746237708,12.0,26,27,,
4RGD,equibind,scored,0.8241376182115967,12.0,26,31,,
4RAD,diffdock,scored,0.0,12.0,100,96,N,
4RAD,equibind,scored,0.0,12.0,96,67,R,
4RIO,diffdock,scored,0.9516190008152907,12.0,81,83,,
4RIO,equibind,scored,0.9031673399770828,12.0,81,81,,
4RE9,diffdock,scored,0.0,12.0,117,118,D,
4RE9,equibind,scored,0.0,12.0,116,111,N,
4RHX,diffdock,scored,0.9505283801306412,12.0,105,100,N,
4RHX,equibind,scored,0.14787969709565676,12.0,105,100,N,
4RHY,diffdock,scored,0.9709591182674264,12.0,104,105,J,
4RHY,equibind,scored,0.11614811502394382,12.0,104,97,M,
4RHU,diffdock,scored,0.0,12.0,95,108,I,
4RHU,equibind,scored,0.2179328380816153,12.0,100,83,G,
4R76,equibind,scored,0.0,12.0,115,59,CC,
4RIU,diffdock,scored,0.9001490802817858,12.0,105,95,,
4RIU,equibind,scored,0.8597235068606974,12.0,105,93,,
4RIV,diffdock,scored,0.9573055568940868,12.0,93,93,C,
4RIV,equibind,scored,0.9008589525346417,12.0,93,90,C,
4RJ3,diffdock,scored,0.9525130140462682,12.0,86,82,,
4RJ3,equibind,scored,0.8513714786515656,12.0,86,85,,
4RJ8,diffdock,scored,0.8069545113952229,12.0,91,80,,
4RJ8,equibind,scored,0.9320481099914111,12.0,91,89,,
4RKX,diffdock,scored,0.9618827460226058,12.0,78,79,,
4RKX,equibind,scored,0.7453992180301335,12.0,78,74,,
4RLK,diffdock,scored,0.9412954947426696,12.0,84,85,,
4RLK,equibind,scored,0.8757924196245271,12.0,84,91,,
4RLW,diffdock,scored,0.9711729238850308,12.0,108,105,,
4RLW,equibind,scored,0.537946646416206,12.0,108,102,,
4RLU,diffdock,scored,0.9521488245912373,12.0,104,105,,
4RLU,equibind,scored,0.6802082465779652,12.0,104,105,,
4RLT,diffdock,scored,0.8922131560794982,12.0,112,106,,
4RLT,equibind,scored,0.6457016616684683,12.0,112,107,,
4RES,diffdock,scored,0.9210258934752686,12.0,116,113,J,
4RES,equibind,scored,0.008942560032388754,12.0,116,98,J,
4RET,diffdock,scored,0.0,12.0,128,144,X,
4RET,equibind,scored,0.0029989224692404987,12.0,128,139,N,
4RN1,diffdock,scored,0.5671626671791994,12.0,131,116,F,
4RN1,equibind,scored,0.5272588301483918,12.0,131,124,F,
4RN4,diffdock,scored,0.951295470223761,12.0,103,102,,
4RN4,equibind,scored,0.8948612441844811,12.0,103,108,,
4RPV,diffdock,scored,0.8764435962135306,12.0,89,86,,
4RPV,equibind,scored,0.9102200844776664,12.0,89,89,,
4RN0,diffdock,scored,0.36765915023672685,12.0,135,122,C,
4RN0,equibind,scored,0.49022616670553937,12.0,131,125,I,
4RN2,diffdock,scored,0.6094334232267375,12.0,128,109,J,
4RN2,equibind,scored,0.5330905783821952,12.0,128,117,J,
4RR6,diffdock,scored,0.9727812201689133,12.0,75,77,B,
4RR6,equibind,scored,0.8234913979734558,12.0,75,76,,
4RPO,diffdock,scored,0.019787153171577566,12.0,88,89,E,
4RPO,equibind,scored,0.10115336241688135,12.0,88,92,E,
4RPN,diffdock,scored,0.0,12.0,87,89,I,
4RPN,equibind,scored,0.02171474720714159,12.0,80,71,J,
4RRQ,diffdock,scored,0.01533989541102054,12.0,91,91,D,
4RRQ,equibind,scored,0.88871502023588,12.0,90,96,C,
4RQK,diffdock,scored,0.22069120614104687,12.0,54,90,,
4RQK,equibind,scored,0.9051888004834778,12.0,54,57,,
4RRG,diffdock,scored,0.0,12.0,95,94,G,
4RRG,equibind,scored,0.07992334262748549,12.0,96,92,F,
4RSK,diffdock,scored,0.9221061489679553,12.0,65,64,,
4RSK,equibind,scored,0.8266676436293172,12.0,65,62,,
4RS0,diffdock,scored,0.9897715760018979,12.0,99,98,,
4RS0,equibind,scored,0.5043320643677329,12.0,99,107,,
4RT0,diffdock,scored,0.7887807913315708,12.0,58,70,I,
4RT0,equibind,scored,0.13637874130379016,12.0,42,99,D,
4RSP,diffdock,scored,0.760631131303799,12.0,86,79,B:B,
4RSP,equibind,scored,0.8313525271655084,12.0,86,101,B:B,
4RUU,diffdock,scored,0.9433040999772017,12.0,109,105,,
4RUU,equibind,scored,0.28022755874562344,12.0,109,101,,
4RT1,diffdock,scored,0.7189930626585113,12.0,63,51,D,
4RT1,equibind,scored,0.022150056434436814,12.0,61,98,H,
4RUY,diffdock,scored,0.977205036790242,12.0,87,89,C,
4RUY,equibind,scored,0.8644001533921553,12.0,87,87,C,
4RUX,diffdock,scored,1.0,12.0,87,87,C,
4RUX,equibind,scored,0.897344282499954,12.0,87,88,C,
4RSE,diffdock,scored,0.0,12.0,116,115,E,
4RSE,equibind,scored,0.014929724906328549,12.0,116,113,E,
4RUZ,diffdock,scored,0.9771163536393744,12.0,86,88,C,
4RUZ,equibind,scored,0.907815557066108,12.0,86,88,C,
4RVR,diffdock,scored,0.9465138884675462,12.0,56,57,,
4RVR,equibind,scored,0.8941995002677323,12.0,56,60,,
4RWW,diffdock,scored,0.8589659420811167,12.0,96,102,F,
4RWW,equibind,scored,0.16415261540980408,12.0,92,123,G,
4RX5,diffdock,scored,0.95845399221128,12.0,97,97,G,
4RX5,equibind,scored,0.8246919712935724,12.0,97,105,G,
4RVT,diffdock,scored,0.9339092566881162,12.0,87,93,,
4RVT,equibind,scored,0.878715756004859,12.0,87,94,,
4RWJ,diffdock,scored,0.0,12.0,115,108,C,
4RWJ,equibind,scored,0.14071994511974364,12.0,115,83,C,
4RWL,diffdock,scored,0.9544231184254739,12.0,110,109,,
4RWL,equibind,scored,0.004417559546235125,12.0,110,105,C,
4RWK,diffdock,scored,0.9426230920165332,12.0,104,106,E,
4RWK,equibind,scored,0.393300123808263,12.0,100,85,C,
4SGA,diffdock,scored,0.6850954575177588,12.0,84,80,P:B,
4SGA,equibind,scored,0.6840370311176659,12.0,84,66,P:B,
4RYL,diffdock,scored,0.9839515821642176,12.0,62,63,,
4RYL,equibind,scored,0.04997560924395356,12.0,62,79,,
4RXC,diffdock,scored,0.0,12.0,89,97,I,
4RXC,equibind,scored,0.2120119305652228,12.0,92,111,C,
4RZ1,diffdock,scored,0.0,12.0,123,117,G,
4RZ1,equibind,scored,0.06736453667369223,12.0,125,118,D,
4S3E,diffdock,scored,0.0,12.0,23,96,,
4S3E,equibind,scored,0.0,12.0,23,70,,
4STD,diffdock,scored,0.01502926841591979,12.0,107,108,D,
4STD,equibind,scored,0.22903663622720505,12.0,107,123,D,
4S3F,diffdock,scored,0.0,12.0,87,44,,
4S3F,equibind,scored,0.6321357707205988,12.0,87,70,C,
4RXD,diffdock,scored,0.0,12.0,105,103,G,
4RXD,equibind,scored,0.14772025334891092,12.0,106,106,L,
4TIM,diffdock,scored,0.9648140169785208,12.0,85,84,,
4TIM,equibind,scored,0.8807152347626804,12.0,85,83,,
4TJZ,diffdock,scored,0.9884289217005141,12.0,88,87,,
4TJZ,equibind,scored,0.929342210211376,12.0,88,86,,
4TK0,diffdock,scored,0.0,12.0,90,88,F,
4TK0,equibind,scored,0.0964270975582762,12.0,90,96,J,
4TJW,diffdock,scored,0.0,12.0,94,89,F,
4TJW,equibind,scored,0.0,12.0,94,87,F,
4TJU,diffdock,scored,0.0,12.0,88,84,F,
4TJU,equibind,scored,0.005691216443141702,12.0,85,91,H,
4TKF,diffdock,scored,0.9551891076477799,12.0,89,89,N,
4TKF,equibind,scored,0.12719283661018266,12.0,90,114,K,
4TJY,diffdock,scored,0.0,12.0,87,87,H,
4TJY,equibind,scored,0.07049038035725545,12.0,88,89,J,
4TK5,diffdock,scored,0.0,12.0,108,110,K,
4TK5,equibind,scored,0.023950496937670727,12.0,108,124,F,
4TKG,diffdock,scored,0.0,12.0,107,104,N,
4TKG,equibind,scored,0.19638977892626502,12.0,107,124,Q,
4TKH,diffdock,scored,0.9662572639986815,12.0,89,90,,
4TKH,equibind,scored,0.8525603327615586,12.0,89,94,,
4TKJ,diffdock,scored,0.9541649913500824,12.0,89,85,,
4TKJ,equibind,scored,0.9275596273844363,12.0,89,89,,
4TMK,diffdock,scored,0.9538756217192376,12.0,131,131,,
4TMK,equibind,scored,0.8027078216359217,12.0,131,124,,
4TLN,diffdock,scored,0.9877468180123952,12.0,82,83,,
4TLN,equibind,scored,0.7816129758855141,12.0,82,80,G,
4TMP,diffdock,scored,0.0,12.0,59,58,D:D,
4TMP,equibind,scored,0.20915357296101697,12.0,59,70,D:D,
4TLR,diffdock,scored,0.9389760499497107,12.0,84,81,,
4TLR,equibind,scored,0.8234583194184095,12.0,84,74,,
4TMF,diffdock,scored,0.9803270348049259,12.0,103,103,D,
4TMF,equibind,scored,0.1341102122819474,12.0,103,94,D,
4TN2,diffdock,scored,0.9513675943269382,12.0,84,80,,
4TN2,equibind,scored,0.848598547470252,12.0,84,78,,
4TQN,diffdock,scored,0.9838205507835889,12.0,62,63,,
4TQN,equibind,scored,0.9482883339880503,12.0,62,59,B,
4TPM,diffdock,scored,0.0,12.0,97,98,U,
4TPM,equibind,scored,0.023683457001668247,12.0,100,80,K,
4TMR,diffdock,scored,0.0,12.0,92,117,J,
4TMR,equibind,scored,0.18582372147316498,12.0,120,148,G,
4TPK,diffdock,scored,0.0,12.0,123,131,L,
4TPK,equibind,scored,0.17728569832852412,12.0,130,104,V,
4TSX,diffdock,scored,0.971426774815035,12.0,35,36,,
4TN4,diffdock,scored,0.9570482981688962,12.0,119,116,F,
4TN4,equibind,scored,0.0,12.0,119,134,F,
4TQ3,diffdock,scored,0.9744584709310954,12.0,118,119,E,
4TQ3,equibind,scored,0.0,12.0,119,68,H,
4TS1,diffdock,scored,0.4424346709158664,12.0,98,87,D,
4TS1,equibind,scored,0.7809083559146699,12.0,100,101,C,
4TTE,diffdock,scored,1.0,12.0,60,60,,
4TTE,equibind,scored,0.9143792898383326,12.0,60,61,,
4TRZ,diffdock,scored,0.0,12.0,137,125,D:D,
4TRZ,equibind,scored,0.1883181300066144,12.0,137,118,D:D,
4TU4,diffdock,scored,0.9837183702456174,12.0,62,61,,
4TU4,equibind,scored,0.9321564146370638,12.0,62,64,,
4TRW,diffdock,scored,0.8602352062442921,12.0,129,131,D:D,
4TRW,equibind,scored,0.0,12.0,126,133,F:F,
4TUN,diffdock,scored,0.014977312472728,12.0,79,77,D,
4TUN,equibind,scored,0.22941852075622707,12.0,82,79,C,
4TW7,diffdock,scored,0.9614060251607842,12.0,80,77,,
4TW7,equibind,scored,0.8538777052183546,12.0,80,75,B,
4TW8,diffdock,scored,0.10964091862322284,12.0,87,86,C,
4TW8,equibind,scored,0.34887518646470983,12.0,84,105,D,
4TWT,diffdock,scored,0.3302155860396947,12.0,119,122,E:C,
4TWT,equibind,scored,0.4432702991493111,12.0,119,98,E:C,
4TX6,diffdock,scored,0.0,12.0,84,101,L,
4TX6,equibind,scored,0.11590635704719775,12.0,101,101,C,
4TWW,diffdock,scored,0.0,12.0,96,94,C,
4TWW,equibind,scored,0.0,12.0,96,98,D,
4TW9,diffdock,scored,0.9014722430038059,12.0,115,125,L,
4TW9,equibind,scored,0.4196484800397982,12.0,115,82,L,
4TXC,diffdock,scored,0.9058993951974972,12.0,92,99,,
4TXC,equibind,scored,0.8901125691686005,12.0,92,90,B,
4TXE,diffdock,scored,0.9512464941800082,12.0,106,101,,
4TXE,equibind,scored,0.7212024506581277,12.0,106,87,,
4TYL,diffdock,scored,1.0,12.0,58,58,,
4TYL,equibind,scored,0.9288470833559759,12.0,58,58,,
4TYT,diffdock,scored,0.9710379849458056,12.0,69,69,,
4TYT,equibind,scored,0.8029467742905448,12.0,69,71,,
4TTV,diffdock,scored,0.8695377102895597,12.0,106,104,K,
4TTV,equibind,scored,0.13879533167970332,12.0,108,98,E,
4TZ8,diffdock,scored,0.9835247260914213,12.0,61,62,,
4TZ8,equibind,scored,0.8923701466185882,12.0,61,55,,
4TZ2,diffdock,scored,0.9025118752523232,12.0,66,62,,
4TZ2,equibind,scored,0.7680511780815024,12.0,66,58,,
4U0W,diffdock,scored,0.006693645685260346,12.0,101,104,C,
4U0W,equibind,scored,0.05182225494931564,12.0,101,99,K,
4U0U,diffdock,scored,0.8399562029740163,12.0,99,99,E,
4U0U,equibind,scored,0.11900914187613411,12.0,99,115,E,
4U03,diffdock,scored,0.0,12.0,109,93,G,
4U03,equibind,scored,0.5427625236906138,12.0,109,93,G,
4U0M,diffdock,scored,0.9450053788743878,12.0,110,112,F,
4U0M,equibind,scored,0.3570830511629489,12.0,110,104,F,
4TXS,diffdock,scored,0.0,12.0,83,76,F,
4TXS,equibind,scored,0.0,12.0,82,42,G,
4U1B,diffdock,scored,0.9494857427418671,12.0,101,96,,
4U1B,equibind,scored,0.8799685108666148,12.0,101,101,,
4TYB,diffdock,scored,0.0,12.0,89,92,E,
4TYB,equibind,scored,0.0,12.0,89,42,H,
4TWD,equibind,scored,0.0,12.0,76,72,O,
4U54,diffdock,scored,0.9663267355385428,12.0,60,58,,
4U54,equibind,scored,0.1274374186671519,12.0,60,62,,
4U44,diffdock,scored,0.9278067898949591,12.0,93,98,,
4U44,equibind,scored,0.5838309080102017,12.0,93,95,,
4U4S,diffdock,scored,0.43563423231802234,12.0,96,96,C,
4U4S,equibind,scored,0.5605808985675004,12.0,96,91,C,
4U69,diffdock,scored,0.9593124900377923,12.0,99,97,,
4U69,equibind,scored,0.8667633777305884,12.0,99,94,,
4U4X,diffdock,scored,0.9359766662223806,12.0,94,92,M,
4U4X,equibind,scored,0.7003499063039648,12.0,93,87,C,
4U2Y,diffdock,scored,0.0,12.0,110,107,D,
4U2Y,equibind,scored,0.8213399148471124,12.0,110,105,C,
4U5J,diffdock,scored,0.0,12.0,79,85,C,
4U5J,equibind,scored,0.08110150183257675,12.0,79,105,C,
4U6E,diffdock,scored,0.9482020776743467,12.0,97,94,,
4U6E,equibind,scored,0.866068228848102,12.0,97,96,,
4U6W,diffdock,scored,0.9903432610744799,12.0,105,104,,
4U6W,equibind,scored,0.8469956134978326,12.0,105,103,,
4U6Z,diffdock,scored,0.9190010518355635,12.0,100,94,,
4U6Z,equibind,scored,0.8409999309354746,12.0,100,96,,
4U70,diffdock,scored,0.979696099101675,12.0,99,99,,
4U70,equibind,scored,0.802762128991372,12.0,99,90,E,
4U71,diffdock,scored,0.9596123825429252,12.0,101,97,,
4U71,equibind,scored,0.8056692090019789,12.0,101,92,,
4TNW,equibind,scored,0.0,12.0,97,9,,
4U73,diffdock,scored,0.9180437196943181,12.0,98,94,,
4U73,equibind,scored,0.7381733519609697,12.0,98,99,,
4U7V,diffdock,scored,0.959951525821016,12.0,100,104,,
4U7V,equibind,scored,0.8666270597907374,12.0,100,103,D,
4U82,diffdock,scored,0.9451625176751001,12.0,110,112,,
4U82,equibind,scored,0.7806172950674188,12.0,110,105,,
4U7O,diffdock,scored,0.010626027134293,12.0,89,99,C,
4U7O,equibind,scored,0.4536734484034107,12.0,96,91,D,
4U90,diffdock,scored,0.398714107860397,12.0,87,42,D:B,
4U90,equibind,scored,0.15640588227165947,12.0,87,98,D:B,
4U91,diffdock,scored,0.2758760172663892,12.0,87,53,B:B,
4U91,equibind,scored,0.2734700094338413,12.0,87,65,B:B,
4UA8,diffdock,scored,0.9733546481873533,12.0,116,115,B:B,
4UA8,equibind,scored,0.9012024705352321,12.0,116,115,B:B,
4UAC,diffdock,scored,0.9573272046878614,12.0,121,118,B:B,
4UAC,equibind,scored,0.8830986500808345,12.0,121,123,B:B,
4UAU,diffdock,scored,0.9656709559684128,12.0,115,117,F,
4UAU,equibind,scored,0.08048335825821218,12.0,115,82,C,
4UAT,diffdock,scored,0.0,12.0,117,117,F,
4UAT,equibind,scored,0.2424759053582461,12.0,117,102,F,
4UCC,diffdock,scored,0.0,12.0,59,57,C,
4UCC,equibind,scored,0.04312939949604315,12.0,58,73,D,
4UCO,diffdock,scored,0.9311236007526063,12.0,87,87,,
4UCO,equibind,scored,0.747005040143151,12.0,87,99,,
4UCD,diffdock,scored,0.9811556570744311,12.0,54,53,C,
4UCD,equibind,scored,0.198883802468244,12.0,54,81,C,
4UCS,diffdock,scored,1.0,12.0,77,77,,
4UCS,equibind,scored,0.7809519720567859,12.0,77,83,,
4UCR,diffdock,scored,0.9870172776434111,12.0,78,77,,
4UCR,equibind,scored,0.5344107554309294,12.0,78,90,,
4UCE,diffdock,scored,0.9274546596062647,12.0,55,55,C,
4UCE,equibind,scored,0.15662751193500968,12.0,55,76,C,
4UCT,diffdock,scored,0.006355674091473562,12.0,81,59,,
4UCT,equibind,scored,0.6476427029946783,12.0,81,86,,
4UCU,diffdock,scored,0.9076035789951336,12.0,75,76,,
4UCU,equibind,scored,0.5484051524069083,12.0,75,81,,
4UDA,diffdock,scored,0.9910332049652967,12.0,115,114,,
4UDA,equibind,scored,0.8835757562508842,12.0,115,114,,
4UCV,diffdock,scored,0.9740834332705628,12.0,77,77,,
4UCV,equibind,scored,0.6337803111448171,12.0,77,86,,
4UDB,diffdock,scored,0.8841622498968715,12.0,117,112,,
4UDB,equibind,scored,0.9057024792893281,12.0,117,116,,
4UC5,diffdock,scored,0.06825735547766305,12.0,91,59,N,
4UC5,equibind,scored,0.053115444814778784,12.0,91,78,N,
4UFH,diffdock,scored,0.9623045836809301,12.0,79,80,,
4UFH,equibind,scored,0.8669033208173283,12.0,79,82,,
4UFI,diffdock,scored,0.9740354652515892,12.0,78,78,,
4UFI,equibind,scored,0.8978405204920658,12.0,78,78,,
4UFJ,diffdock,scored,0.8583443989977511,12.0,81,83,,
4UFJ,equibind,scored,0.8696477727412938,12.0,81,84,,
4UFK,diffdock,scored,0.9495239963884148,12.0,78,80,,
4UFK,equibind,scored,0.8848763017650686,12.0,78,77,,
4UFM,diffdock,scored,0.9498299674392879,12.0,81,79,,
4UFM,equibind,scored,0.8922545245048844,12.0,81,82,,
4UFL,diffdock,scored,0.9383805256544122,12.0,78,83,,
4UFL,equibind,scored,0.8663606503211823,12.0,78,81,,
4UI5,diffdock,scored,0.0,12.0,86,98,M,
4UI5,equibind,scored,0.06423686298645756,12.0,86,98,M,
4UIA,diffdock,scored,0.9429654151725059,12.0,105,105,,
4UIA,equibind,scored,0.8522372873156024,12.0,105,100,,
4UIB,diffdock,scored,0.9430134749735357,12.0,107,105,,
4UIB,equibind,scored,0.870053141437194,12.0,107,100,,
4UI6,diffdock,scored,0.0,12.0,87,98,J,
4UI6,equibind,scored,0.34870069381964286,12.0,97,102,E,
4UIT,diffdock,scored,0.9651300796336736,12.0,58,58,,
4UIT,equibind,scored,0.9641249149499189,12.0,58,56,,
4UIU,diffdock,scored,0.983004473036437,12.0,60,59,,
4UIU,equibind,scored,0.8900638920222959,12.0,60,54,B,
4UIW,diffdock,scored,0.9829857619805317,12.0,60,59,,
4UIW,equibind,scored,0.8929348292408269,12.0,60,56,,
4UIZ,diffdock,scored,1.0,12.0,61,61,,
4UIZ,equibind,scored,0.9319205352481943,12.0,61,63,,
4UIL,diffdock,scored,1.0,12.0,75,75,C,
4UIL,equibind,scored,0.7855987717937846,12.0,75,64,C,
4UJ1,diffdock,scored,0.970845578529056,12.0,107,108,,
4UJ1,equibind,scored,0.9336069932610249,12.0,107,110,,
4UIX,diffdock,scored,0.9829247530815206,12.0,60,59,F,
4UIX,equibind,scored,0.16556790148002248,12.0,65,75,I,
4UIN,diffdock,scored,1.0,12.0,73,73,C,
4UIN,equibind,scored,0.9018087125894308,12.0,73,72,C,
4UJB,diffdock,scored,0.9358963508194086,12.0,110,109,C,
4UJB,equibind,scored,0.8505674774973939,12.0,110,100,C,
4UMN,diffdock,scored,0.549964016914999,12.0,109,119,D:D,
4UMN,equibind,scored,0.7934894099685151,12.0,106,114,C:C,
4UNP,diffdock,scored,0.9775763152423838,12.0,90,88,,
4UNP,equibind,scored,0.8639199807532121,12.0,90,82,,
4UNN,diffdock,scored,0.022602619749803963,12.0,103,102,C,
4UNN,equibind,scored,0.11938057445041877,12.0,103,114,C,
4UNQ,diffdock,scored,0.9323533472302644,12.0,101,104,C,
4UNQ,equibind,scored,0.10758076038990996,12.0,101,110,C,
4UNS,diffdock,scored,0.9901815395044669,12.0,102,103,C,
4UNS,equibind,scored,0.1568269774024942,12.0,102,107,C,
4UOF,diffdock,scored,0.0,12.0,76,76,H,
4UOF,equibind,scored,0.3823118716249226,12.0,75,83,D,
4UP5,diffdock,scored,0.42112013558562006,12.0,47,53,,
4UP5,equibind,scored,0.5289466607016616,12.0,47,73,,
4UOH,diffdock,scored,0.9379306932562805,12.0,78,83,F,
4UOH,equibind,scored,0.125182221783251,12.0,74,82,D,
4UMA,diffdock,scored,0.02736959746163456,12.0,96,97,F,
4UMA,equibind,scored,0.0,12.0,98,77,H,
4UMC,diffdock,scored,0.9108563964146454,12.0,97,98,G,
4UMC,equibind,scored,0.0,12.0,97,78,G,
4UMB,diffdock,scored,0.0,12.0,100,98,G,
4UMB,equibind,scored,0.0,12.0,99,78,I,
4URA,diffdock,scored,0.9802613304976666,12.0,102,102,K,
4URA,equibind,scored,0.05453707920830061,12.0,102,73,K,
4URL,diffdock,scored,0.008662739058783892,12.0,106,104,C,
4URL,equibind,scored,0.09947242146792633,12.0,106,88,C,
4URK,diffdock,scored,0.900498373714746,12.0,101,97,,
4URK,equibind,scored,0.788584634361739,12.0,101,94,,
4URW,diffdock,scored,0.9574935467908364,12.0,71,70,,
4URW,equibind,scored,0.3040446151995724,12.0,71,101,,
4US3,diffdock,scored,0.36689676410841715,12.0,121,106,,
4US3,equibind,scored,0.6989445765780521,12.0,121,111,B,
4URM,diffdock,scored,0.0,12.0,97,127,E,
4URM,equibind,scored,0.22536699489097192,12.0,128,129,F,
4UM9,diffdock,scored,0.0,12.0,117,121,F:F,
4UM9,equibind,scored,0.03071504623082237,12.0,117,109,F:F,
4URX,diffdock,scored,0.9184021898550023,12.0,72,74,,
4URX,equibind,scored,0.8177657344752822,12.0,72,69,,
4UU5,diffdock,scored,0.4540232274112078,12.0,73,40,B:B,
4UU5,equibind,scored,0.7716828225319585,12.0,73,67,B:B,
4US4,diffdock,scored,0.31995605862939636,12.0,122,104,,
4US4,equibind,scored,0.6348992258317518,12.0,122,109,,
4USI,diffdock,scored,0.5758990145840384,12.0,52,78,I,
4USI,equibind,scored,0.07114973240786385,12.0,56,88,F,
4USW,diffdock,scored,0.944504230505501,12.0,110,108,,
4USW,equibind,scored,0.757815045487444,12.0,110,109,,
4UUQ,diffdock,scored,0.9816300761874189,12.0,110,110,C,
4UUQ,equibind,scored,0.0,12.0,108,99,D,
4UWG,diffdock,scored,0.976622555638048,12.0,88,86,,
4UWG,equibind,scored,0.8928739312082049,12.0,88,83,,
4UV9,diffdock,scored,0.9396237880029045,12.0,201,199,,
4UV9,equibind,scored,0.811860989356375,12.0,201,194,C,
4UWK,diffdock,scored,0.9224980758607688,12.0,90,89,,
4UWK,equibind,scored,0.8701130734835478,12.0,90,85,,
4USJ,diffdock,scored,0.039789880810396416,12.0,73,92,I,
4USJ,equibind,scored,0.15190344268422715,12.0,73,117,I,
4UX4,diffdock,scored,0.0,12.0,92,86,C,
4UX4,equibind,scored,0.03717491744521049,12.0,86,90,H,
4UWL,diffdock,scored,0.8997247961723737,12.0,89,88,,
4UWL,equibind,scored,0.884693828264293,12.0,89,87,,
4UY1,diffdock,scored,0.0,12.0,81,76,S,
4UY1,equibind,scored,0.09866950195698668,12.0,78,63,J,
4UYE,diffdock,scored,0.9485786998684061,12.0,60,57,E,
4UYE,equibind,scored,0.25277684796515487,12.0,60,75,E,
4UZH,diffdock,scored,0.9582153587818217,12.0,72,71,,
4UZH,equibind,scored,0.8627903144614752,12.0,72,74,,
4UXB,diffdock,scored,0.938888050984397,12.0,98,96,C,
4UXB,equibind,scored,0.08526171436552718,12.0,102,82,E,
4V11,diffdock,scored,0.28312471108679144,12.0,50,59,B:B,
4V11,equibind,scored,0.2749733453376379,12.0,50,117,B:B,
4UZD,diffdock,scored,0.9125935629120475,12.0,94,90,C,
4UZD,equibind,scored,0.0,12.0,93,94,D,
4V05,diffdock,scored,0.0,12.0,111,106,F,
4V05,equibind,scored,0.0,12.0,111,113,F,
4V1F,diffdock,scored,0.2526504480904139,12.0,39,49,J,
4V1F,equibind,scored,0.27492720510956536,12.0,35,84,D,
4VGC,diffdock,scored,0.8567758066824472,12.0,83,81,,
4VGC,equibind,scored,0.8921733606259091,12.0,83,86,,
4V27,diffdock,scored,0.966172626292402,12.0,89,90,A:MAN:500+A:IFM:501,
4V27,equibind,scored,0.8543924190473436,12.0,89,88,A:MAN:500+A:IFM:501,
4W4V,diffdock,scored,0.977175186285067,12.0,89,87,,
4W4V,equibind,scored,0.9061295882592227,12.0,89,89,,
4V24,diffdock,scored,0.9611492137320203,12.0,128,131,E,
4V24,equibind,scored,0.08632133936348935,12.0,128,112,E,
4UXJ,diffdock,scored,0.0,12.0,91,93,P,
4UXJ,equibind,scored,0.0,12.0,79,107,BA,
4W4W,diffdock,scored,0.9101746670763957,12.0,89,89,,
4W4W,equibind,scored,0.7583506540705365,12.0,89,89,,
4W4Y,diffdock,scored,0.9552255078976427,12.0,87,91,,
4W4Y,equibind,scored,0.7906212784097092,12.0,87,99,,
4W52,diffdock,scored,0.9716135955657182,12.0,71,69,,
4W52,equibind,scored,0.889691962421059,12.0,71,73,,
4V0I,diffdock,scored,0.0,12.0,98,96,C,
4V0I,equibind,scored,0.0,12.0,99,85,D,
4W53,diffdock,scored,1.0,12.0,76,76,,
4W53,equibind,scored,0.9466334641507949,12.0,76,76,,
4W54,diffdock,scored,0.9870265545419987,12.0,78,77,,
4W54,equibind,scored,0.8555546814977949,12.0,78,77,,
4W55,diffdock,scored,0.9499920079598856,12.0,79,79,,
4W55,equibind,scored,0.84312283784526,12.0,79,81,,
4W57,diffdock,scored,1.0,12.0,78,78,,
4W57,equibind,scored,0.8837912964447145,12.0,78,79,,
4W50,diffdock,scored,0.4772973876936385,12.0,79,55,H:H,
4W50,equibind,scored,0.07128431263628839,12.0,117,152,F:F,
4W4Z,diffdock,scored,0.02164697438802575,12.0,118,89,F:F,
4W4Z,equibind,scored,0.04422126993099808,12.0,118,137,F:F,
4W7T,diffdock,scored,0.9686685327411826,12.0,96,97,,
4W7T,equibind,scored,0.8478673098528142,12.0,96,99,,
4W9P,diffdock,scored,0.401214547494044,12.0,104,107,C,
4W9P,equibind,scored,0.5726248074328254,12.0,104,117,C,
4W9O,diffdock,scored,0.41559461895674593,12.0,105,105,D,
4W9O,equibind,scored,0.7040743234863931,12.0,106,114,C,
4W9Q,diffdock,scored,0.957765090852032,12.0,72,73,,
4W9Q,equibind,scored,0.9163715290843317,12.0,72,76,,
4W9G,diffdock,scored,0.0,12.0,61,76,P,
4W5J,diffdock,scored,0.005244225211662247,12.0,144,144,H,
4W5J,equibind,scored,0.0032549344673277027,12.0,143,112,J,
4W9S,diffdock,scored,0.9462348981270033,12.0,94,91,E,
4W9S,equibind,scored,0.7776732828838673,12.0,94,84,E,
4W9H,diffdock,scored,0.96790230652399,12.0,64,64,O,
4W9K,diffdock,scored,0.9469561550074594,12.0,75,77,N,
4W9L,diffdock,scored,0.0,12.0,63,80,O,
4W9W,diffdock,scored,0.962914739703075,12.0,81,82,B,
4W9W,equibind,scored,0.8555646181256668,12.0,81,87,B,
4WBG,diffdock,scored,0.979067526424317,12.0,95,97,,
4WBG,equibind,scored,0.7533524973621477,12.0,95,82,B,
4WA9,diffdock,scored,0.7163406807609426,12.0,74,81,D,
4WA9,equibind,scored,0.01254529341101196,12.0,74,91,D,
4WF2,diffdock,scored,0.9594108230777769,12.0,100,102,B,
4WF2,equibind,scored,0.7091578991713698,12.0,100,77,B,
4WEF,diffdock,scored,0.0,12.0,114,113,U,
4WEF,equibind,scored,0.1633317365395228,12.0,114,107,H,
4WF6,diffdock,scored,0.9489750062965827,12.0,96,97,,
4WF6,equibind,scored,0.8539548779601538,12.0,96,94,,
4WCU,diffdock,scored,0.9580370703643009,12.0,122,119,H,
4WCU,equibind,scored,0.0,12.0,119,66,N,
4WH7,diffdock,scored,0.9363135645307451,12.0,62,64,,
4WH7,equibind,scored,0.7319782919058261,12.0,62,57,,
4W9N,diffdock,scored,0.9481050079786869,12.0,98,95,L,
4W9N,equibind,scored,0.04420501162444726,12.0,98,83,S,
4WGI,diffdock,scored,0.9874475806055457,12.0,82,81,C,
4WGI,equibind,scored,0.807060006931451,12.0,82,88,C,
4WK1,diffdock,scored,0.09601560351850981,12.0,40,49,B,
4WK1,equibind,scored,0.808412215723427,12.0,40,48,,
4WI1,diffdock,scored,0.9495716583055536,12.0,98,99,C,
4WI1,equibind,scored,0.16268715996626884,12.0,98,99,C,
4WK7,diffdock,scored,0.9753950760513908,12.0,83,85,,
4WK7,equibind,scored,0.8726195686555687,12.0,83,77,,
4WKE,diffdock,scored,0.9643576722403343,12.0,85,86,,
4WKE,equibind,scored,0.7433759549529115,12.0,85,85,,
4WKB,diffdock,scored,0.008691555491227613,12.0,108,108,D,
4WKB,equibind,scored,0.008720985543614489,12.0,108,110,D,
4WKC,diffdock,scored,1.0,12.0,92,92,,
4WKC,equibind,scored,0.7217792113745148,12.0,92,95,B,
4WJ5,diffdock,scored,0.0,12.0,133,129,F:F,
4WJ5,equibind,scored,0.04488405745737056,12.0,135,81,C:C,
4WHQ,diffdock,scored,0.0,12.0,44,43,J,
4WHQ,equibind,scored,0.34336093814262986,12.0,62,63,BA,
4WKN,diffdock,scored,0.9891873501593487,12.0,94,93,,
4WKN,equibind,scored,0.8513719257732669,12.0,94,81,,
4WKO,diffdock,scored,0.9368852143674742,12.0,94,96,,
4WKO,equibind,scored,0.8784771120343636,12.0,94,95,,
4WHR,diffdock,scored,0.0,12.0,61,77,N,
4WHR,equibind,scored,0.12951533622574862,12.0,60,55,R,
4WHS,diffdock,scored,0.0,12.0,80,81,Z,
4WHS,equibind,scored,0.46205401200735935,12.0,64,59,W,
4WK2,diffdock,scored,0.5719049638638593,12.0,91,89,C:C,
4WK2,equibind,scored,0.5556602338879985,12.0,91,104,C:C,
4WKP,diffdock,scored,0.0,12.0,111,110,G,
4WKP,equibind,scored,0.18087453056210553,12.0,110,113,E,
4WN0,diffdock,scored,1.0,12.0,47,47,,
4WN0,equibind,scored,0.7844232125648032,12.0,47,43,,
4WKU,diffdock,scored,0.9689300026056427,12.0,96,97,,
4WKU,equibind,scored,0.7180348127289898,12.0,96,90,,
4WMV,diffdock,scored,0.9839800559525733,12.0,62,63,,
4WMV,equibind,scored,0.8449494801913807,12.0,62,66,,
4WKV,diffdock,scored,0.45761100927960113,12.0,105,111,,
4WKV,equibind,scored,0.7513345022836143,12.0,105,88,,
4WMX,diffdock,scored,0.807805544490113,12.0,74,63,,
4WMX,equibind,scored,0.005719358519763673,12.0,74,91,,
4WMY,diffdock,scored,0.9788396467121713,12.0,47,48,F,
4WMY,equibind,scored,0.03214931009284767,12.0,47,97,F,
4WN1,diffdock,scored,0.9286724701221418,12.0,111,111,,
4WN1,equibind,scored,0.18551161799754526,12.0,111,94,,
4WNM,diffdock,scored,0.9403129812257295,12.0,86,81,,
4WNM,equibind,scored,0.7829235675803164,12.0,86,90,B,
4WN5,diffdock,scored,0.07176034847343024,12.0,106,104,D,
4WN5,equibind,scored,0.22481491796911837,12.0,106,83,D,
4WNO,diffdock,scored,0.9358716003130336,12.0,81,76,B,
4WNO,equibind,scored,0.9487720343538442,12.0,81,77,B,
4WOV,diffdock,scored,0.9719490516191385,12.0,73,71,F,
4WOV,equibind,scored,0.01878550364096643,12.0,74,91,C,
4WPF,diffdock,scored,0.0,12.0,123,116,E,
4WPF,equibind,scored,0.15186642576258422,12.0,118,129,F,
4WRI,diffdock,scored,0.9476602327880721,12.0,138,135,B,
4WRI,equibind,scored,0.6149759682468686,12.0,138,111,B,
4WQ2,diffdock,scored,0.0,12.0,58,58,C,
4WQ2,equibind,scored,0.124315845331184,12.0,58,97,C,
4WR7,diffdock,scored,0.0,12.0,92,89,D,
4WR7,equibind,scored,0.12235013257485744,12.0,92,49,D,
4WOP,diffdock,scored,0.0,12.0,97,104,K,
4WOP,equibind,scored,0.764062020003246,12.0,102,87,E,
4WVU,diffdock,scored,0.6480113448796662,12.0,48,33,B:B,
4WVU,equibind,scored,0.7869334661501219,12.0,48,50,B:B,
4WTU,diffdock,scored,0.9378698097332859,12.0,111,112,,
4WTU,equibind,scored,0.9065544309485711,12.0,111,109,,
4WNP,diffdock,scored,0.0,12.0,90,86,G,
4WNP,equibind,scored,0.005610566791346176,12.0,90,58,G,
4WW6,diffdock,scored,0.9894604716648361,12.0,95,96,G,
4WW6,equibind,scored,0.9782312273763154,12.0,95,95,G,
4WUP,diffdock,scored,0.0,12.0,86,86,D,
4WUP,equibind,scored,0.08402738222999522,12.0,86,45,D,
4WXI,diffdock,scored,0.9721073215667162,12.0,108,109,,
4WXI,equibind,scored,0.885611445041928,12.0,108,104,,
4WX4,diffdock,scored,0.9640618269285185,12.0,85,82,,
4WX4,equibind,scored,0.7774175222578162,12.0,85,70,,
4WX6,diffdock,scored,0.003976370364288036,12.0,96,95,F,
4WX6,equibind,scored,0.21907837984559375,12.0,96,109,F,
4WY6,diffdock,scored,0.8615344545601203,12.0,96,89,B,
4WY6,equibind,scored,0.7930309290322964,12.0,96,92,B,
4WY1,diffdock,scored,0.8585888120895477,12.0,99,93,,
4WY1,equibind,scored,0.8681758354514173,12.0,99,94,,
4WW8,diffdock,scored,0.0,12.0,89,86,Q,
4WW8,equibind,scored,0.011783510734097438,12.0,89,54,I,
4WYP,diffdock,scored,0.9512802938133518,12.0,60,63,C,
4WYP,equibind,scored,0.09149802346325092,12.0,53,79,D,
4WYY,diffdock,scored,0.9893499981494002,12.0,95,96,G,
4WYY,equibind,scored,0.9362972050356754,12.0,95,97,,
4WSJ,diffdock,scored,0.0,12.0,86,84,J,
4WSJ,equibind,scored,0.0,12.0,86,72,G,
4WSK,diffdock,scored,0.0,12.0,87,83,,
4WSK,equibind,scored,0.0,12.0,87,76,,
4WYZ,diffdock,scored,0.93033797538124,12.0,72,71,D,
4WYZ,equibind,scored,0.28471255854960537,12.0,72,86,D,
4WZ6,diffdock,scored,0.936168455756769,12.0,79,76,,
4WZ6,equibind,scored,0.7733759286514625,12.0,79,81,,
4WZ4,diffdock,scored,0.9577662219985447,12.0,94,96,C,
4WZ4,equibind,scored,0.8744784665818379,12.0,94,98,,
4X1F,diffdock,scored,0.9790427103820605,12.0,96,98,,
4X1F,equibind,scored,0.8043417908694863,12.0,96,106,,
4X24,diffdock,scored,0.008595773440981162,12.0,110,110,C,
4X24,equibind,scored,0.013660443615304064,12.0,109,107,E,
4WZ5,diffdock,scored,0.0,12.0,90,84,G,
4WZ5,equibind,scored,0.0,12.0,86,87,K,
4X2I,diffdock,scored,0.9835041029994763,12.0,62,61,,
4X2I,equibind,scored,0.8076523554858785,12.0,62,64,,
4X0F,diffdock,scored,0.9293003367273067,12.0,110,116,F,
4X0F,equibind,scored,0.0,12.0,110,93,J,
4X2L,diffdock,scored,0.9229755897116066,12.0,92,89,B,
4X2L,equibind,scored,0.8440836388034115,12.0,92,88,B,
4X3T,diffdock,scored,0.5281095001715792,12.0,83,75,G,
4X3T,equibind,scored,0.21010831479463488,12.0,79,71,L,
4X11,diffdock,scored,0.9555888461402319,12.0,69,66,R,
4X11,equibind,scored,0.12035497059990673,12.0,70,72,K,
4X0Z,diffdock,scored,0.09685437249106953,12.0,84,73,H:H,
4X0Z,equibind,scored,0.057150983650747826,12.0,84,93,H:H,
4X13,diffdock,scored,0.03637366086698187,12.0,73,69,G:G,
4X13,equibind,scored,0.14896390301782006,12.0,73,95,F:F,
4X47,diffdock,scored,0.9008807522212067,12.0,111,110,,
4X47,equibind,scored,0.8557366434138618,12.0,111,107,,
4X14,diffdock,scored,0.9138229755738451,12.0,83,80,G:G,
4X14,equibind,scored,0.15267497515222153,12.0,85,102,H:H,
4X48,diffdock,scored,0.0,12.0,58,121,I,
4X48,equibind,scored,0.3194324453358714,12.0,121,110,M,
4X5P,diffdock,scored,0.913542000150569,12.0,47,45,B,
4X5P,equibind,scored,0.9106895221347724,12.0,47,43,B,
4X49,diffdock,scored,0.9353120574214384,12.0,107,106,,
4X49,equibind,scored,0.8617541449389148,12.0,107,108,B,
4X50,diffdock,scored,0.957173159251331,12.0,48,46,C,
4X50,equibind,scored,0.2647304383261673,12.0,48,45,C,
4X5Z,diffdock,scored,0.9174756415340225,12.0,133,130,,
4X5Z,equibind,scored,0.7237838158080778,12.0,133,134,,
4X2S,diffdock,scored,0.8018555172347253,12.0,95,94,D,
4X2S,equibind,scored,0.0,12.0,90,94,J,
4X5Y,diffdock,scored,0.9559619480049322,12.0,135,137,,
4X5Y,equibind,scored,0.831326040854083,12.0,135,136,B,
4X6J,diffdock,scored,0.9726487356287699,12.0,74,74,,
4X6J,equibind,scored,0.887548561024561,12.0,74,68,,
4X6M,diffdock,scored,0.9405421256934009,12.0,117,118,B,
4X6M,equibind,scored,0.7847447192505307,12.0,117,110,B,
4X5R,diffdock,scored,0.0,12.0,47,47,D,
4X5R,equibind,scored,0.005892457021080343,12.0,46,120,F,
4X6K,diffdock,scored,0.9414381881472152,12.0,104,98,,
4X6K,equibind,scored,0.9112173648367774,12.0,104,99,,
4X6N,diffdock,scored,0.9396701366727156,12.0,117,114,C,
4X6N,equibind,scored,0.8427340562525092,12.0,117,111,C,
4X60,diffdock,scored,0.9104034763699782,12.0,101,96,D,
4X60,equibind,scored,0.0,12.0,101,122,D,
4X6P,diffdock,scored,0.9437786850015472,12.0,125,124,D,
4X6P,equibind,scored,0.22043085007416738,12.0,115,128,H,
4X8S,diffdock,scored,0.9556637668206024,12.0,90,90,C,
4X8S,equibind,scored,0.8019791688734743,12.0,90,86,C,
4X6X,diffdock,scored,0.0,12.0,137,131,D,
4X6X,equibind,scored,0.0568276686173053,12.0,136,153,C,
4X7Q,diffdock,scored,0.0,12.0,86,86,C,
4X7Q,equibind,scored,0.10671486310335118,12.0,93,89,D,
4X8T,diffdock,scored,0.9757870316654149,12.0,84,84,C,
4X8T,equibind,scored,0.9170322359988393,12.0,84,85,C,
4X8O,diffdock,scored,0.0,12.0,149,147,F,
4X8O,equibind,scored,0.26824421273230775,12.0,149,131,F,
4X8G,diffdock,scored,0.9004839513925447,12.0,106,111,,
4X8G,equibind,scored,0.6101963733348771,12.0,106,115,,
4X8U,diffdock,scored,0.9886808900497881,12.0,88,89,C,
4X8U,equibind,scored,0.9198203801036026,12.0,88,87,C,
4X6Y,diffdock,scored,0.9525055757697934,12.0,124,128,C,
4X6Y,equibind,scored,0.0,12.0,124,122,C,
4XBB,diffdock,scored,0.9726911437234776,12.0,74,74,,
4XBB,equibind,scored,0.9435684241222638,12.0,74,72,,
4XBD,diffdock,scored,0.943243124333541,12.0,71,69,,
4XBD,equibind,scored,0.011692651160513528,12.0,71,83,C,
4XG4,diffdock,scored,0.9326090906456245,12.0,89,89,,
4XG4,equibind,scored,0.7970979974566781,12.0,89,94,,
4XG7,diffdock,scored,0.9536347592838518,12.0,85,87,B,
4XG7,equibind,scored,0.9265401091239072,12.0,85,79,B,
4XG6,diffdock,scored,0.9438081402826113,12.0,90,87,B,
4XG6,equibind,scored,0.8451286872120316,12.0,90,92,B,
4XG3,diffdock,scored,0.0,12.0,82,101,C,
4XG3,equibind,scored,0.0,12.0,82,114,C,
4XDO,diffdock,scored,0.9896183212428548,12.0,96,97,E,
4XDO,equibind,scored,0.045163330546587235,12.0,95,60,K,
4XG9,diffdock,scored,0.9484835049493776,12.0,98,95,C,
4XG9,equibind,scored,0.05088390992685539,12.0,87,121,D,
4XHV,diffdock,scored,0.4756195030261203,12.0,73,40,B:B,
4XHV,equibind,scored,0.7284468335061276,12.0,73,61,B:B,
4XIP,diffdock,scored,0.9712930529355422,12.0,106,105,,
4XIP,equibind,scored,0.9144073076665894,12.0,106,107,,
4XHK,diffdock,scored,0.9543232923749349,12.0,86,90,,
4XHK,equibind,scored,0.9427859138429164,12.0,86,89,,
4XIR,diffdock,scored,0.9350348242675471,12.0,109,106,,
4XIR,equibind,scored,0.9261638856270594,12.0,109,107,,
4XHL,diffdock,scored,0.986853099139505,12.0,76,77,,
4XHL,equibind,scored,0.858305397261688,12.0,76,77,,
4XCB,diffdock,scored,0.8893777880513976,12.0,107,107,G,
4XCB,equibind,scored,0.0,12.0,105,146,P,
4XIT,diffdock,scored,0.888612383141395,12.0,108,106,,
4XIT,equibind,scored,0.9366736437087937,12.0,108,115,,
4XMB,diffdock,scored,0.9652715760765564,12.0,117,115,B,
4XMB,equibind,scored,0.8220855232000311,12.0,117,113,B,
4XM6,diffdock,scored,0.9163848270067277,12.0,95,95,,
4XM6,equibind,scored,0.8087604550919849,12.0,95,87,B,
4XJR,diffdock,scored,0.9297533605118865,12.0,115,111,H,
4XJR,equibind,scored,0.04279999707872129,12.0,113,115,K,
4XM7,diffdock,scored,0.9199732261664688,12.0,96,100,,
4XM7,equibind,scored,0.8035165253277295,12.0,96,89,,
4XM8,diffdock,scored,1.0,12.0,92,92,,
4XM8,equibind,scored,0.7765214599381928,12.0,92,89,B,
4XNV,diffdock,scored,0.9664269112736316,12.0,60,60,,
4XNV,equibind,scored,0.3719961307343968,12.0,60,95,,
4XMR,diffdock,scored,0.6073769237729097,12.0,65,46,C,
4XMR,equibind,scored,0.006428584787663834,12.0,67,82,E,
4XPJ,diffdock,scored,0.899308372862496,12.0,67,70,,
4XPJ,equibind,scored,0.7995808279782468,12.0,67,62,C,
4XOE,diffdock,scored,0.9355719908313048,12.0,47,46,C,
4XOE,equibind,scored,0.9075633400439839,12.0,47,43,C,
4XNW,diffdock,scored,0.7630212602272533,12.0,100,109,E,
4XNW,equibind,scored,0.09348086335287342,12.0,100,117,E,
4XO8,diffdock,scored,0.030500459592070407,12.0,49,47,D,
4XO8,equibind,scored,0.2617686496851367,12.0,47,48,C,
4XOC,diffdock,scored,0.9341974936896199,12.0,46,45,C,
4XOC,equibind,scored,0.05584329428200804,12.0,46,32,D,
4XQA,diffdock,scored,0.8475207510549723,12.0,117,102,,
4XQA,equibind,scored,0.6494574179897383,12.0,117,100,G,
4XQB,diffdock,scored,0.8712234141432559,12.0,111,103,,
4XQB,equibind,scored,0.693118598423548,12.0,111,105,D,
4XT9,diffdock,scored,0.9581093978685699,12.0,119,120,,
4XT9,equibind,scored,0.8273922051033006,12.0,119,117,,
4XS2,diffdock,scored,0.0,12.0,110,105,F,
4XS2,equibind,scored,0.0,12.0,110,114,F,
4XT2,diffdock,scored,0.0,12.0,96,102,F,
4XT2,equibind,scored,0.06274103883103802,12.0,96,69,F,
4XK9,diffdock,scored,0.0,12.0,104,103,Q,
4XK9,equibind,scored,0.0,12.0,104,97,R,
4XQU,diffdock,scored,0.0,12.0,74,79,G:G,
4XQU,equibind,scored,0.19783419961204834,12.0,73,120,I:I,
4XTM,diffdock,scored,0.9626313725599647,12.0,54,54,,
4XTM,equibind,scored,0.8487205362097261,12.0,54,63,,
4XTT,diffdock,scored,0.755844617436796,12.0,89,83,,
4XTT,equibind,scored,0.615796945737623,12.0,89,120,,
4XTP,diffdock,scored,0.9819688001270238,12.0,56,57,A:SER:311+A:A2G:312,
4XTP,equibind,scored,0.8797793344877949,12.0,56,61,A:SER:311+A:A2G:312,
4XTA,diffdock,scored,0.9655982215387479,12.0,86,89,C,
4XTA,equibind,scored,0.08608360927260268,12.0,86,71,C,
4XTV,diffdock,scored,0.0,12.0,117,113,D,
4XTV,equibind,scored,0.046832202486488665,12.0,117,86,D,
4XTZ,diffdock,scored,0.9730839171697413,12.0,112,113,C,
4XTZ,equibind,scored,0.04551640526337384,12.0,112,94,C,
4XTY,diffdock,scored,0.9468292717068312,12.0,113,113,C,
4XTY,equibind,scored,0.04853025980500585,12.0,113,96,C,
4XU0,diffdock,scored,0.0,12.0,116,117,D,
4XU0,equibind,scored,0.040390175513595174,12.0,114,93,C,
4XU2,diffdock,scored,0.9553753656179269,12.0,113,112,C,
4XU2,equibind,scored,0.05366348093739047,12.0,114,97,D,
4XUB,diffdock,scored,1.0,12.0,60,60,,
4XUB,equibind,scored,0.965153684621513,12.0,60,62,,
4XU3,diffdock,scored,0.0,12.0,112,113,C,
4XU3,equibind,scored,0.04196494976261627,12.0,114,93,E,
4XUZ,diffdock,scored,0.9458581079065548,12.0,90,93,,
4XUZ,equibind,scored,0.9052576034805291,12.0,90,82,,
4XUE,diffdock,scored,0.7718761956823638,12.0,105,93,F,
4XUE,equibind,scored,0.21220376150606524,12.0,105,87,F,
4XUM,diffdock,scored,0.9799360698762766,12.0,101,103,C,
4XUM,equibind,scored,0.2943743054878499,12.0,101,85,C,
4XY8,diffdock,scored,0.982770653236159,12.0,58,59,,
4XY8,equibind,scored,0.8517207280170728,12.0,58,54,,
4XX9,diffdock,scored,0.2053646104796071,12.0,57,89,,
4XX9,equibind,scored,0.6641564929524616,12.0,57,71,,
4XXS,diffdock,scored,0.9396740701798563,12.0,100,100,,
4XXS,equibind,scored,0.8513367865355397,12.0,100,99,,
4XXH,diffdock,scored,0.03987188241075524,12.0,118,110,D:D,
4XXH,equibind,scored,0.24786880463363312,12.0,118,96,D:D,
4XWK,equibind,scored,0.7106558505759618,12.0,100,97,,
4Y0A,diffdock,scored,0.9415959492403756,12.0,86,85,B,
4Y0A,equibind,scored,0.8371542460092999,12.0,86,84,B,
4Y29,diffdock,scored,0.9362596884383501,12.0,110,107,,
4Y29,equibind,scored,0.6734322184903119,12.0,110,111,,
4Y24,diffdock,scored,0.0,12.0,66,62,C,
4Y24,equibind,scored,0.08567237418979305,12.0,65,121,D,
4Y2J,diffdock,scored,0.9818093210296077,12.0,111,109,,
4Y2J,equibind,scored,0.8425705908403462,12.0,111,113,,
4Y2U,diffdock,scored,0.9629715080889552,12.0,109,107,,
4Y2U,equibind,scored,0.70365510638275,12.0,109,106,,
4Y2P,diffdock,scored,0.9793381548806518,12.0,98,96,,
4Y2P,equibind,scored,0.7686825009975721,12.0,98,97,,
4Y2S,diffdock,scored,0.9682630780000919,12.0,95,94,,
4Y2S,equibind,scored,0.7001264884333064,12.0,95,104,,
4Y2Q,diffdock,scored,0.9791592042686881,12.0,96,96,,
4Y2Q,equibind,scored,0.9154761425449554,12.0,96,96,,
4Y2V,diffdock,scored,1.0,12.0,89,89,,
4Y2V,equibind,scored,0.825556605330131,12.0,89,91,,
4XSX,equibind,scored,0.0,12.0,89,73,Q,
4XSY,equibind,scored,0.0,12.0,102,122,Q,
4XSZ,equibind,scored,0.0,12.0,104,111,Q,
4Y2Y,diffdock,scored,0.9657600110322864,12.0,117,117,,
4Y2Y,equibind,scored,0.7778638410056662,12.0,117,109,,
4Y2X,diffdock,scored,0.9734272091603771,12.0,111,114,,
4Y2X,equibind,scored,0.6614346799529127,12.0,111,106,,
4Y3J,diffdock,scored,0.7522243889614308,12.0,91,86,,
4Y3J,equibind,scored,0.6344620586022238,12.0,91,86,,
4Y38,diffdock,scored,0.9422956466236572,12.0,87,86,,
4Y38,equibind,scored,0.7346736545304726,12.0,87,94,,
4Y4G,diffdock,scored,0.8956684249765975,12.0,84,89,,
4Y4G,equibind,scored,0.706605370914373,12.0,84,82,,
4Y3Y,diffdock,scored,0.9591701048176622,12.0,74,73,,
4Y3Y,equibind,scored,0.7862635296356114,12.0,74,72,,
4Y4J,diffdock,scored,0.926078406859415,12.0,81,79,,
4Y4J,equibind,scored,0.7228598205238996,12.0,81,89,,
4Y4V,diffdock,scored,0.6113001790631878,12.0,48,53,D,
4Y4V,equibind,scored,0.0,12.0,48,55,D,
4Y59,diffdock,scored,0.9650723280355648,12.0,85,86,E,
4Y59,equibind,scored,0.1510495487533595,12.0,86,118,F,
4Y5S,diffdock,scored,0.0,12.0,93,85,C,
4Y5S,equibind,scored,0.07625953461804126,12.0,93,93,C,
4Y5D,diffdock,scored,0.9546399835893526,12.0,91,87,E,
4Y5D,equibind,scored,0.07197974548058789,12.0,85,86,K,
4Y5H,diffdock,scored,0.9715291290658826,12.0,71,71,B,
4Y5H,equibind,scored,0.8395824836491774,12.0,71,77,B,
4Y62,diffdock,scored,0.8307775761379136,12.0,85,75,C,
4Y62,equibind,scored,0.7640535545441436,12.0,85,85,,
4Y64,diffdock,scored,0.9257795351660296,12.0,80,80,,
4Y64,equibind,scored,0.6993531228798918,12.0,80,73,,
4Y79,diffdock,scored,0.9794833514956579,12.0,97,99,,
4Y79,equibind,scored,0.8710391049168237,12.0,97,93,,
4Y8X,diffdock,scored,0.9825560176083894,12.0,117,117,B,
4Y8X,equibind,scored,0.8071078651528794,12.0,117,109,B,
4Y7R,diffdock,scored,0.0,12.0,57,96,B:B,
4Y7R,equibind,scored,0.0,12.0,57,92,B:B,
4Y6R,diffdock,scored,0.9513406174327405,12.0,102,101,F,
4Y6R,equibind,scored,0.09546215477015257,12.0,102,110,F,
4Y6S,diffdock,scored,0.9808898409411426,12.0,104,106,F,
4Y6S,equibind,scored,0.14189698269302423,12.0,100,115,D,
4Y6P,diffdock,scored,0.0,12.0,102,102,C,
4Y6P,equibind,scored,0.45023045092339675,12.0,102,106,C,
4Y8Z,diffdock,scored,0.9219957100146062,12.0,116,113,B,
4Y8Z,equibind,scored,0.6708491415942937,12.0,116,123,B,
4Y73,diffdock,scored,0.8153162633975215,12.0,105,101,E,
4Y73,equibind,scored,0.015160062636840891,12.0,105,113,E,
4Y6M,diffdock,scored,0.8979027882432373,12.0,121,132,J,
4Y6M,equibind,scored,0.20512978278961827,12.0,131,121,G,
4YAB,diffdock,scored,0.9816011513762865,12.0,54,55,E,
4YAB,equibind,scored,0.03145110311598376,12.0,54,56,E,
4YAS,diffdock,scored,1.0,12.0,93,93,,
4YAS,equibind,scored,0.7926092862307583,12.0,93,88,,
4YAD,diffdock,scored,0.9516962548507635,12.0,61,62,E,
4YAD,equibind,scored,0.05490702314986578,12.0,66,71,J,
4YAY,diffdock,scored,0.9837050019605191,12.0,125,127,,
4YAY,equibind,scored,0.8994598148708278,12.0,125,125,,
4YBS,diffdock,scored,1.0,12.0,61,61,,
4YBS,equibind,scored,0.9283230278827299,12.0,61,61,D,
4YBK,diffdock,scored,0.9035057965755955,12.0,117,106,B,
4YBK,equibind,scored,0.9118679668501188,12.0,117,109,B,
4YBT,diffdock,scored,0.9658346572201738,12.0,61,59,,
4YBT,equibind,scored,0.8984850177119963,12.0,61,65,,
4YBJ,diffdock,scored,0.0,12.0,113,121,C,
4YBJ,equibind,scored,0.17916638502186957,12.0,113,150,C,
4YBI,diffdock,scored,0.948019972182363,12.0,98,95,C,
4YBI,equibind,scored,0.12765714560948166,12.0,98,80,F,
4YA8,diffdock,scored,0.0,12.0,114,110,E,
4YA8,equibind,scored,0.0,12.0,109,137,K,
4YC0,diffdock,scored,0.9659113952993249,12.0,86,89,,
4YC0,equibind,scored,0.8481092683952743,12.0,86,83,,
4YB5,diffdock,scored,0.0,12.0,80,75,R,
4YB5,equibind,scored,0.0,12.0,80,26,R,
4YEC,diffdock,scored,0.7163473308246537,12.0,94,94,C:C,
4YEC,equibind,scored,0.7332055635411431,12.0,94,105,C:C,
4YB6,diffdock,scored,0.9382255663558158,12.0,94,100,G,
4YB6,equibind,scored,0.01454571459575267,12.0,94,29,G,
4YCL,diffdock,scored,0.9571747834713006,12.0,93,93,,
4YCL,equibind,scored,0.8419890592112561,12.0,93,98,,
4YCM,diffdock,scored,0.8849103248486967,12.0,121,123,E,
4YCM,equibind,scored,0.7692969845123531,12.0,121,116,E,
4YES,diffdock,scored,0.9510755027631212,12.0,103,100,,
4YES,equibind,scored,0.7244042343597786,12.0,103,93,G,
4YCN,diffdock,scored,0.8774868080470432,12.0,115,111,E,
4YCN,equibind,scored,0.8104339781722227,12.0,115,112,E,
4YDQ,diffdock,scored,0.9646348745858155,12.0,113,113,D,
4YDQ,equibind,scored,0.7886852395689583,12.0,113,106,D,
4YEF,diffdock,scored,0.0,12.0,57,39,I:I,
4YEF,equibind,scored,0.09121470194857713,12.0,74,100,J:J,
4YH4,diffdock,scored,1.0,12.0,58,58,,
4YH4,equibind,scored,0.9308442593095578,12.0,58,60,,
4YIK,diffdock,scored,0.94537318032008,12.0,93,92,,
4YIK,equibind,scored,0.8022207065525344,12.0,93,78,,
4YIH,diffdock,scored,0.9191925855458343,12.0,95,103,E,
4YIH,equibind,scored,0.018032980267790426,12.0,94,101,I,
4YK0,diffdock,scored,0.0,12.0,77,56,E,
4YK0,equibind,scored,0.09227623377939158,12.0,77,64,E,
4YJN,diffdock,scored,0.9620455061933039,12.0,103,107,,
4YJN,equibind,scored,0.8964237190912107,12.0,103,106,,
4YFF,diffdock,scored,1.0,12.0,95,95,E,
4YFF,equibind,scored,0.0,12.0,93,0,G,
4YKJ,diffdock,scored,0.11752176448446754,12.0,87,83,C,
4YKJ,equibind,scored,0.07784535809843783,12.0,87,67,C,
4YM2,diffdock,scored,0.0,12.0,49,68,F:F,
4YM2,equibind,scored,0.022009313452337823,12.0,49,76,F:F,
4YKK,diffdock,scored,0.955150256546023,12.0,88,90,D,
4YKK,equibind,scored,0.10094488056303258,12.0,88,65,F,
4YGF,diffdock,scored,0.0,12.0,79,82,O,
4YGF,equibind,scored,0.0,12.0,79,85,CA,
4YML,diffdock,scored,0.9662425682236094,12.0,92,89,,
4YML,equibind,scored,0.8339368694968584,12.0,92,100,,
4YHA,diffdock,scored,0.9760586329556836,12.0,84,84,K,
4YHA,equibind,scored,0.0,12.0,82,99,AA,
4YMB,diffdock,scored,0.9533962716087626,12.0,109,104,C,
4YMB,equibind,scored,0.17561218834021874,12.0,109,107,C,
4YNK,diffdock,scored,0.9775073839297201,12.0,136,133,,
4YNK,equibind,scored,0.7736540659839846,12.0,136,138,,
4YND,diffdock,scored,0.8996542568675209,12.0,126,129,,
4YND,equibind,scored,0.5168555734886878,12.0,126,103,E,
4YMX,diffdock,scored,0.0,12.0,96,98,D,
4YMX,equibind,scored,0.07620644786661962,12.0,96,58,C,
4YMH,diffdock,scored,0.9802932756892934,12.0,103,103,K,
4YMH,equibind,scored,0.004965809791459208,12.0,105,88,G,
4YOG,diffdock,scored,0.0,12.0,96,94,G,
4YOG,equibind,scored,0.0,12.0,93,105,K,
4YLU,diffdock,scored,0.0,12.0,93,93,M,
4YLU,equibind,scored,0.0,12.0,94,91,E,
4YOI,diffdock,scored,0.0,12.0,96,93,I,
4YOI,equibind,scored,0.9038534226444577,12.0,96,93,C,
4YP1,diffdock,scored,0.7863095891776688,12.0,132,155,,
4YP1,equibind,scored,0.7536733125633513,12.0,132,131,C,
4YOJ,diffdock,scored,0.9793954979719687,12.0,98,98,F,
4YOJ,equibind,scored,0.8683075820605141,12.0,96,90,C,
4YPF,diffdock,scored,0.9544083293320966,12.0,64,67,,
4YPF,equibind,scored,0.244107724723552,12.0,64,87,,
4YRC,diffdock,scored,1.0,12.0,67,67,C,
4YRC,equibind,scored,0.324967382009153,12.0,67,91,C,
4YQU,diffdock,scored,0.0,12.0,85,85,E,
4YQU,equibind,scored,0.1158751632569229,12.0,85,63,E,
4YRG,diffdock,scored,1.0,12.0,66,66,,
4YRG,equibind,scored,0.29262587227274667,12.0,66,92,,
4YQM,diffdock,scored,0.9514126368695597,12.0,83,81,D,
4YQM,equibind,scored,0.0,12.0,85,55,H,
4YP8,diffdock,scored,0.011725509376337909,12.0,119,121,E,
4YP8,equibind,scored,0.26817632992750723,12.0,128,133,H,
4YQV,diffdock,scored,0.0,12.0,89,91,D,
4YQV,equibind,scored,0.0,12.0,90,43,F,
4YRD,diffdock,scored,0.0,12.0,78,80,D,
4YRD,equibind,scored,0.15296338876917176,12.0,78,97,D,
4YRS,diffdock,scored,0.9288166892470872,12.0,71,72,,
4YRS,equibind,scored,0.31317625701870383,12.0,71,96,,
4YRT,diffdock,scored,0.9586856788404803,12.0,74,71,,
4YRT,equibind,scored,0.24399413316673546,12.0,74,102,,
4YRR,diffdock,scored,0.8957052523083878,12.0,66,65,L,
4YRR,equibind,scored,0.0,12.0,66,6,L,
4YSL,diffdock,scored,0.9660457507121902,12.0,89,90,F,
4YSL,equibind,scored,0.02635419335890615,12.0,89,87,F,
4YUW,diffdock,scored,0.7198049993113681,12.0,96,92,F,
4YUW,equibind,scored,0.44978443193078343,12.0,96,73,F,
4YUX,diffdock,scored,0.9691297582946073,12.0,95,98,D,
4YUX,equibind,scored,0.8454201689630616,12.0,95,98,D,
4YV2,diffdock,scored,0.9879266248346293,12.0,83,84,E,
4YV2,equibind,scored,0.3414680970028366,12.0,83,85,F,
4YV0,diffdock,scored,0.0,12.0,96,98,G,
4YV0,equibind,scored,0.0,12.0,101,82,J,
4YW6,diffdock,scored,0.009062143670530758,12.0,43,45,H,
4YW6,equibind,scored,0.0,12.0,43,101,J,
4YV1,diffdock,scored,0.9786522764238278,12.0,94,94,J,
4YV1,equibind,scored,0.0,12.0,94,86,G,
4YVZ,diffdock,scored,0.9720421193017506,12.0,109,110,E,
4YVZ,equibind,scored,0.7317842165073821,12.0,109,106,E,
4YVE,diffdock,scored,0.9616846322784925,12.0,106,102,C,
4YVE,equibind,scored,0.0,12.0,106,116,C,
4YX4,diffdock,scored,0.9645759685294533,12.0,85,84,,
4YX4,equibind,scored,0.8808353489575454,12.0,85,83,,
4YWA,diffdock,scored,0.05101624690641876,12.0,97,98,H,
4YWA,equibind,scored,0.15715363514154804,12.0,97,145,H,
4YV9,diffdock,scored,0.0,12.0,125,128,E:E,
4YV9,equibind,scored,0.0,12.0,138,136,F:F,
4YXU,diffdock,scored,1.0,12.0,30,30,E,
4YXU,equibind,scored,0.9312453918126513,12.0,85,89,F,
4YYT,diffdock,scored,0.96538310865286,12.0,89,86,,
4YYT,equibind,scored,0.9226109422848818,12.0,89,90,,
4YW2,diffdock,scored,0.0061112393366458346,12.0,56,107,C:C,
4YW2,equibind,scored,0.029904300428062563,12.0,56,53,D:D,
4YW7,diffdock,scored,0.5371415770101167,12.0,79,103,U,
4YW7,equibind,scored,0.0,12.0,91,200,HA,
4YXD,diffdock,scored,0.9308317444595727,12.0,86,86,J,
4YXD,equibind,scored,0.0,12.0,86,131,,
4Z1S,diffdock,scored,0.8649044409160247,12.0,61,57,C,
4Z1S,equibind,scored,0.08271152386948266,12.0,61,84,C,
4Z6H,diffdock,scored,1.0,12.0,56,56,C,
4Z6H,equibind,scored,0.007842628215592583,12.0,56,42,C,
4Z07,diffdock,scored,0.9561036092462084,12.0,69,70,K,
4Z07,equibind,scored,0.00698876163126465,12.0,92,99,F,
4YX9,diffdock,scored,0.1007850636271367,12.0,97,88,E,
4YX9,equibind,scored,0.1478135445299212,12.0,96,100,G,
4Z0K,diffdock,scored,0.9423352187130186,12.0,88,89,C,
4Z0K,equibind,scored,0.921011679761775,12.0,88,89,,
4YZ5,diffdock,scored,0.005569540326724686,12.0,57,114,C:C,
4YZ5,equibind,scored,0.0,12.0,57,66,C:C,
4Z8A,diffdock,scored,0.7658325262083985,12.0,54,45,B:B,
4Z8A,equibind,scored,0.4666568084026074,12.0,54,42,B:B,
4YZ9,diffdock,scored,0.9516398948087542,12.0,104,107,D,
4YZ9,equibind,scored,0.0,12.0,104,110,D,
4Z8D,diffdock,scored,0.0,12.0,97,98,C,
4Z8D,equibind,scored,0.025601209237832535,12.0,99,118,E,
4Z7F,diffdock,scored,0.9258986800591973,12.0,97,94,G,
4Z7F,equibind,scored,0.013171455534887895,12.0,90,50,H,
4Z9L,diffdock,scored,0.9673129581633292,12.0,92,93,C,
4Z9L,equibind,scored,0.7970337551995121,12.0,92,84,C,
4ZAM,diffdock,scored,0.9405349314288288,12.0,83,86,,
4ZAM,equibind,scored,0.6470951520766149,12.0,83,57,B,
4Z7I,diffdock,scored,0.0,12.0,187,197,C:C,
4Z7I,equibind,scored,0.07898620486351578,12.0,187,181,C:C,
4ZB8,diffdock,scored,0.9885684015661946,12.0,90,91,,
4ZB8,equibind,scored,0.7758760609342057,12.0,90,81,B,
4ZA0,diffdock,scored,0.0,12.0,101,100,E,
4ZA0,equibind,scored,0.16449100804178934,12.0,101,102,E,
4ZCS,diffdock,scored,0.0,12.0,106,106,L,
4ZCS,equibind,scored,0.0,12.0,100,100,N,
4ZCW,diffdock,scored,0.9600612978916515,12.0,102,100,C,
4ZCW,equibind,scored,0.13482742426391378,12.0,104,100,F,
4ZE6,diffdock,scored,0.9883786227178523,12.0,87,86,,
4ZE6,equibind,scored,0.6893254196115585,12.0,87,76,,
4ZBA,diffdock,scored,0.0,12.0,123,123,H,
4ZBA,equibind,scored,0.0,12.0,123,120,H,
4Z90,equibind,scored,0.5935378183614802,12.0,91,93,S,
4ZEC,diffdock,scored,0.8971768005470917,12.0,130,123,,
4ZEC,equibind,scored,0.8308805268488266,12.0,130,139,B,
4ZED,diffdock,scored,0.9276969568429098,12.0,124,127,B,
4ZED,equibind,scored,0.7463973580872921,12.0,124,125,,
4ZEI,diffdock,scored,0.9787061421604596,12.0,96,94,,
4ZEI,equibind,scored,0.8003111215143669,12.0,96,91,,
4ZFI,diffdock,scored,0.0,12.0,64,70,E,
4ZFI,equibind,scored,0.1025684068749513,12.0,64,95,E,
4ZEK,diffdock,scored,0.9403426820107221,12.0,101,99,,
4ZEK,equibind,scored,0.7541597047264839,12.0,101,94,,
4ZIJ,diffdock,scored,0.9875922865850177,12.0,82,81,,
4ZIJ,equibind,scored,0.5075419748498375,12.0,82,81,,
4ZG6,diffdock,scored,0.9582279146673488,12.0,125,120,K,
4ZG6,equibind,scored,0.01773644452714554,12.0,125,114,K,
4ZIP,diffdock,scored,0.9627210107625456,12.0,108,110,,
4ZIP,equibind,scored,0.8386625279674157,12.0,108,100,,
4Z7N,diffdock,scored,0.03463774590716299,12.0,94,101,J:J,
4Z7N,equibind,scored,0.19901228117292175,12.0,94,82,J:J,
4ZJC,diffdock,scored,0.974280278192079,12.0,118,121,,
4ZJC,equibind,scored,0.7498788739451181,12.0,118,118,B,
4Z7O,diffdock,scored,0.0,12.0,99,65,G:I,
4Z7O,equibind,scored,0.11885129358204173,12.0,93,89,I:J,
4Z7Q,diffdock,scored,0.0,12.0,91,64,I:J,
4Z7Q,equibind,scored,0.04984615928518235,12.0,91,83,I:J,
4ZJW,diffdock,scored,0.9271637103465441,12.0,98,99,,
4ZJW,equibind,scored,0.22698404626478583,12.0,98,91,,
4ZKI,diffdock,scored,0.9682882164635193,12.0,97,96,,
4ZKI,equibind,scored,0.33022831008610426,12.0,97,87,,
4ZJR,diffdock,scored,0.0,12.0,99,92,G,
4ZJR,equibind,scored,0.010966674521584712,12.0,96,62,F,
4ZK5,diffdock,scored,0.8861790957224963,12.0,104,102,E,
4ZK5,equibind,scored,0.7977284208226921,12.0,104,110,,
4ZJJ,diffdock,scored,0.959198477582091,12.0,101,99,E,
4ZJJ,equibind,scored,0.004303958894842322,12.0,96,126,I,
4ZLZ,diffdock,scored,0.962909655349633,12.0,81,80,,
4ZLZ,equibind,scored,0.9253633631988866,12.0,81,83,,
4ZLY,diffdock,scored,1.0,12.0,65,65,,
4ZLY,equibind,scored,0.897186418621571,12.0,65,68,,
4ZME,diffdock,scored,0.9514280071095127,12.0,62,63,H,
4ZME,equibind,scored,0.0,12.0,62,85,H,
4ZMF,diffdock,scored,0.0,12.0,72,71,F,
4ZMF,equibind,scored,0.01671146625884196,12.0,70,86,C,
4ZOM,diffdock,scored,0.9896856836472828,12.0,97,98,G,
4ZOM,equibind,scored,0.0235687282957455,12.0,94,64,H,
4ZO5,diffdock,scored,0.9188043993157525,12.0,96,98,,
4ZO5,equibind,scored,0.20217670750688432,12.0,96,83,,
4ZOW,diffdock,scored,0.9759624188747762,12.0,126,125,,
4ZOW,equibind,scored,0.5839360376860981,12.0,126,114,,
4ZPE,diffdock,scored,0.9606857801615521,12.0,106,102,B,
4ZPE,equibind,scored,0.7686550270667264,12.0,106,106,,
4ZPF,diffdock,scored,0.9808601000256054,12.0,108,108,,
4ZPF,equibind,scored,0.7420058697382237,12.0,108,110,B,
4ZPG,diffdock,scored,0.9595120133771928,12.0,100,102,,
4ZPG,equibind,scored,0.792615244146555,12.0,100,103,,
4ZS3,diffdock,scored,0.974887542533943,12.0,81,81,,
4ZS3,equibind,scored,0.6253361391773725,12.0,81,110,,
4ZS2,diffdock,scored,0.9020529441256726,12.0,83,81,,
4ZS2,equibind,scored,0.5096314899385981,12.0,83,111,,
4ZH2,equibind,scored,0.0,12.0,89,83,M,
4ZH3,equibind,scored,0.0,12.0,93,87,T,
4ZH4,equibind,scored,0.0,12.0,90,57,Q,
4ZPH,diffdock,scored,0.0,12.0,53,54,,
4ZPH,equibind,scored,0.033362316659666276,12.0,53,43,,
4ZLA,diffdock,scored,0.0,12.0,119,118,EA,
4ZLA,equibind,scored,0.10861148429863918,12.0,120,57,K,
4ZRO,diffdock,scored,0.0,12.0,99,109,E:E,
4ZRO,equibind,scored,0.0,12.0,89,133,G:G,
4ZSG,diffdock,scored,0.9534598477324244,12.0,85,85,G,
4ZSG,equibind,scored,0.4782241088570986,12.0,85,87,G,
4ZSH,diffdock,scored,0.9902892722069031,12.0,105,104,,
4ZSH,equibind,scored,0.8584165584826514,12.0,105,103,,
4ZSJ,diffdock,scored,0.9885678571956977,12.0,89,88,F,
4ZSJ,equibind,scored,0.6529760113918023,12.0,89,96,F,
4ZSM,diffdock,scored,0.9515130959500799,12.0,82,84,C,
4ZSM,equibind,scored,0.0,12.0,82,42,C,
4ZSQ,diffdock,scored,0.97108451812529,12.0,104,105,D,
4ZSQ,equibind,scored,0.07254059734545892,12.0,106,76,C,
4ZSP,diffdock,scored,0.0,12.0,105,99,C,
4ZSP,equibind,scored,0.03676276562756821,12.0,105,82,E,
4ZS9,diffdock,scored,0.0,12.0,118,120,C:C,
4ZS9,equibind,scored,0.039049247042137955,12.0,120,110,D:D,
4ZT8,diffdock,scored,0.7723690601305949,12.0,74,73,,
4ZT8,equibind,scored,0.7448908645230282,12.0,74,74,,
4ZSR,diffdock,scored,0.0,12.0,109,104,C,
4ZSR,equibind,scored,0.06000651485986297,12.0,109,89,D,
4ZTS,diffdock,scored,0.9786322154202365,12.0,94,96,,
4ZTS,equibind,scored,0.7900712354542051,12.0,94,94,,
4ZTR,diffdock,scored,0.9466832556260087,12.0,94,95,,
4ZTR,equibind,scored,0.7377731761434878,12.0,94,88,,
4ZT3,diffdock,scored,0.8334182293928047,12.0,113,112,,
4ZT4,diffdock,scored,0.8349400631085169,12.0,108,108,,
4ZT5,diffdock,scored,0.8922400772907914,12.0,110,112,,
4ZV1,diffdock,scored,0.8467217297215024,12.0,97,94,,
4ZV1,equibind,scored,0.809182199512303,12.0,97,95,,
4ZUM,diffdock,scored,0.008389812061065342,12.0,126,129,F,
4ZUM,equibind,scored,0.4716171254172057,12.0,127,125,M,
4ZUN,diffdock,scored,0.8870639075991215,12.0,111,116,M,
4ZUN,equibind,scored,0.1352584834773791,12.0,111,103,C,
4ZV2,diffdock,scored,0.8375155692038889,12.0,90,91,,
4ZV2,equibind,scored,0.713697348186487,12.0,90,93,,
4ZUO,diffdock,scored,0.012989697612001168,12.0,113,124,F,
4ZUO,equibind,scored,0.08662736439042815,12.0,113,120,F,
4ZUQ,diffdock,scored,0.01664001044810375,12.0,108,111,L,
4ZUQ,equibind,scored,0.004777854213786396,12.0,108,102,L,
4ZUP,diffdock,scored,0.9706242243503885,12.0,104,101,P,
4ZUP,equibind,scored,0.013453553740566154,12.0,104,99,P,
4ZWX,diffdock,scored,0.9097193541914075,12.0,101,98,,
4ZWX,equibind,scored,0.687851947000229,12.0,101,83,E,
4ZX1,diffdock,scored,0.8495561907760472,12.0,100,95,,
4ZX1,equibind,scored,0.8595422102959868,12.0,100,94,E,
4ZX0,diffdock,scored,0.9616981903941072,12.0,104,108,,
4ZX0,equibind,scored,0.7751369270498795,12.0,104,110,,
4ZUR,diffdock,scored,0.02718514080190553,12.0,116,115,F,
4ZUR,equibind,scored,0.021466477274559175,12.0,115,109,K,
4ZW3,diffdock,scored,0.9400265389719831,12.0,112,119,,
4ZW3,equibind,scored,0.8709662315406995,12.0,112,115,,
4ZW5,diffdock,scored,0.9577345537526691,12.0,121,118,,
4ZW5,equibind,scored,0.7984424496666938,12.0,121,118,C,
4ZW6,diffdock,scored,0.9427681537309711,12.0,122,123,,
4ZW6,equibind,scored,0.8108087287799328,12.0,122,122,,
4ZW7,diffdock,scored,0.9448625190931987,12.0,126,127,,
4ZW7,equibind,scored,0.7385691962389807,12.0,126,134,C,
4ZYC,diffdock,scored,0.9425948732549473,12.0,91,86,E,
4ZYC,equibind,scored,0.45155057042631536,12.0,105,88,D,
4ZYT,diffdock,scored,0.9267326393827117,12.0,84,82,,
4ZYT,equibind,scored,0.8043194703986098,12.0,84,78,C,
4ZX3,diffdock,scored,0.9219059638123774,12.0,114,115,,
4ZX3,equibind,scored,0.672149517340693,12.0,114,112,,
4ZY4,diffdock,scored,0.9668147675577135,12.0,91,90,C,
4ZY4,equibind,scored,0.20379183999226544,12.0,83,70,E,
4ZY5,diffdock,scored,0.9624806635545601,12.0,81,80,F,
4ZY5,equibind,scored,0.09468132805419029,12.0,89,68,C,
4ZYU,diffdock,scored,0.9273623964049914,12.0,79,85,,
4ZYU,equibind,scored,0.7716915838104446,12.0,79,79,C,
4ZYV,diffdock,scored,0.952193808945392,12.0,82,86,,
4ZYV,equibind,scored,0.9041662259149216,12.0,82,90,,
4ZYW,diffdock,scored,0.9383705466277574,12.0,82,81,,
4ZYW,equibind,scored,0.8080223645851262,12.0,82,84,,
4ZYY,diffdock,scored,0.9638039227719882,12.0,85,82,,
4ZYY,equibind,scored,0.8590392702670914,12.0,85,85,,
4ZYX,diffdock,scored,0.9642215863614471,12.0,85,84,,
4ZYX,equibind,scored,0.8559124773811299,12.0,85,83,,
4ZYZ,diffdock,scored,0.9751672668494009,12.0,83,81,,
4ZYZ,equibind,scored,0.8115814960266676,12.0,83,74,C,
4ZZ0,diffdock,scored,0.9375669632776521,12.0,78,83,,
4ZZ0,equibind,scored,0.7884005892519474,12.0,78,70,C,
4ZZD,diffdock,scored,0.3242634767556288,12.0,43,52,,
4ZZD,equibind,scored,0.26453398231666303,12.0,43,73,,
4ZZ1,diffdock,scored,0.9148505969518839,12.0,82,83,,
4ZZ1,equibind,scored,0.8522282072748661,12.0,82,80,,
4ZZX,diffdock,scored,0.0,12.0,102,103,D,
5A0A,diffdock,scored,0.8925322359376934,12.0,91,95,D,
5A0A,equibind,scored,0.7993494697879708,12.0,91,91,,
5A00,diffdock,scored,0.9653818451937664,12.0,116,116,,
5A00,equibind,scored,0.8147560350820098,12.0,116,113,,
5A0B,diffdock,scored,0.8622299200693501,12.0,87,85,,
5A0B,equibind,scored,0.771927170107066,12.0,87,89,,
5A0C,diffdock,scored,0.8753978829768472,12.0,125,129,G,
5A0C,equibind,scored,0.4694946464898879,12.0,125,133,G,
4ZZZ,diffdock,scored,0.0,12.0,100,106,K,
4ZZZ,equibind,scored,0.1014036349237255,12.0,100,92,K,
5A3H,diffdock,scored,0.9163928601726855,12.0,85,82,B:B,
5A3H,equibind,scored,0.835371573724379,12.0,85,83,B:B,
5A0E,diffdock,scored,0.7821316771493744,12.0,98,89,C:C,
5A0E,equibind,scored,0.07495707013915318,12.0,98,162,C:C,
5A1F,diffdock,scored,0.9897271704524296,12.0,97,98,,
5A1F,equibind,scored,0.8842318418929097,12.0,97,92,,
5A3N,diffdock,scored,0.965964811224409,12.0,118,118,,
5A3N,equibind,scored,0.8372606118751759,12.0,118,115,G,
5A3T,diffdock,scored,0.9749185130682299,12.0,120,121,,
5A3T,equibind,scored,0.7444993823968653,12.0,120,108,,
5A3W,diffdock,scored,0.9707454379783272,12.0,101,104,,
5A3W,equibind,scored,0.7319367592431055,12.0,101,97,,
5A46,diffdock,scored,0.8869496303491301,12.0,78,83,F,
5A46,equibind,scored,0.06165120694393795,12.0,78,106,F,
5A4C,diffdock,scored,0.0,12.0,112,105,T,
5A4C,equibind,scored,0.03678308688540518,12.0,112,127,T,
5A3X,diffdock,scored,0.0,12.0,83,74,G,
5A3X,equibind,scored,0.048221402497773,12.0,82,60,H,
5A5D,diffdock,scored,0.9845512797263404,12.0,65,66,,
5A5D,equibind,scored,0.8180133522724575,12.0,65,74,,
5A5P,diffdock,scored,0.9827206069411131,12.0,58,59,,
5A5P,equibind,scored,1.0,12.0,58,58,,
5A5R,diffdock,scored,1.0,12.0,58,58,,
5A5R,equibind,scored,0.928666549624989,12.0,58,60,,
5A5Q,diffdock,scored,1.0,12.0,59,59,,
5A5Q,equibind,scored,0.9110143749791635,12.0,59,54,,
5A5S,diffdock,scored,0.9495291014344696,12.0,61,58,,
5A5S,equibind,scored,0.9824376713033522,12.0,61,62,,
5A54,diffdock,scored,0.0,12.0,82,77,G,
5A54,equibind,scored,0.02021325959142812,12.0,82,78,G,
4ZX8,equibind,scored,0.0,12.0,108,75,LA,
4ZX9,equibind,scored,0.0,12.0,106,112,RC,
5A5V,diffdock,scored,0.9712540922405468,12.0,70,70,,
5A5V,equibind,scored,0.5701102568283142,12.0,70,104,,
4ZY2,equibind,scored,0.0,12.0,121,61,HC,
5A6H,diffdock,scored,0.9272741421860727,12.0,95,96,D,
5A6H,equibind,scored,0.8289795429020068,12.0,95,91,D,
5A69,diffdock,scored,0.9242949783977615,12.0,91,92,,
5A69,equibind,scored,0.7641286083104393,12.0,91,91,,
5A6N,diffdock,scored,0.9869074758336133,12.0,78,77,,
5A6N,equibind,scored,0.1270517748699629,12.0,78,85,,
5A6X,diffdock,scored,0.0,12.0,45,45,G,
5A6X,equibind,scored,0.0,12.0,44,86,M,
5A7C,diffdock,scored,0.0,12.0,62,62,E,
5A7C,equibind,scored,0.2589130873596897,12.0,81,91,H,
5A81,diffdock,scored,0.9826316104164229,12.0,60,59,,
5A81,equibind,scored,0.907196010050719,12.0,60,55,,
5A82,diffdock,scored,0.9830993368637106,12.0,61,60,,
5A82,equibind,scored,0.8371528149822053,12.0,61,52,,
5A6A,diffdock,scored,0.0,12.0,95,90,D,
5A6A,equibind,scored,0.0,12.0,89,94,E,
5A83,diffdock,scored,0.9831949040514787,12.0,61,60,,
5A83,equibind,scored,0.8419820273339809,12.0,61,56,E,
5A7Y,diffdock,scored,0.021443430846065818,12.0,78,88,C,
5A7Y,equibind,scored,0.43718029779377043,12.0,86,75,E,
5A6K,diffdock,scored,0.9368962621193005,12.0,93,95,C,
5A6K,equibind,scored,0.7873863050086068,12.0,93,89,C,
5A85,diffdock,scored,0.9832816766378811,12.0,60,61,C,
5A85,equibind,scored,0.8388901815139268,12.0,60,55,,
5A8Z,diffdock,scored,0.954212526603587,12.0,89,87,,
5A8Z,equibind,scored,0.8043313937302599,12.0,89,89,,
5A8Y,diffdock,scored,0.9777150243268926,12.0,92,90,,
5A8Y,equibind,scored,0.8311415092126018,12.0,92,89,,
5AA8,diffdock,scored,0.8907186172063707,12.0,84,81,,
5AA8,equibind,scored,0.9142508228497226,12.0,84,83,,
5A9U,diffdock,scored,0.8830213780391977,12.0,84,84,,
5A9U,equibind,scored,0.9135935291200763,12.0,84,81,,
5AAE,diffdock,scored,0.9630173045619587,12.0,82,79,,
5AAE,equibind,scored,0.7866232363204939,12.0,82,84,,
5AAB,diffdock,scored,0.965521234106273,12.0,88,89,,
5AAB,equibind,scored,0.8851880951316081,12.0,88,86,,
5AA9,diffdock,scored,0.8710116152853936,12.0,84,83,,
5AA9,equibind,scored,0.9023786778288075,12.0,84,82,,
5AAA,diffdock,scored,0.9429900608298958,12.0,87,90,,
5AAA,equibind,scored,0.8643753302771705,12.0,87,89,,
5AAC,diffdock,scored,0.8959789328333029,12.0,86,83,,
5AAC,equibind,scored,0.8920098375590936,12.0,86,83,,
5AAG,diffdock,scored,0.9340142788273801,12.0,75,76,B,
5AAG,equibind,scored,0.8544543587550176,12.0,75,78,B,
5AB9,diffdock,scored,0.9813556942737474,12.0,54,55,E,
5AB9,equibind,scored,0.11531497170034144,12.0,55,37,H,
5ABA,diffdock,scored,0.0,12.0,49,49,F,
5ABA,equibind,scored,0.11207109658038181,12.0,50,26,D,
5A6B,diffdock,scored,0.0,12.0,96,93,G,
5A6B,equibind,scored,0.0,12.0,95,83,I,
5ABP,diffdock,scored,0.9788680787747176,12.0,95,97,B,
5ABP,equibind,scored,0.8071115441967048,12.0,95,100,B,
5ABW,diffdock,scored,0.9639515645780059,12.0,84,85,,
5ABW,equibind,scored,0.7710888111503007,12.0,84,83,,
5AD1,diffdock,scored,0.9431299033133809,12.0,68,72,,
5AD1,equibind,scored,0.7342206230699023,12.0,68,76,,
5ADQ,diffdock,scored,0.9001646729102446,12.0,79,77,,
5ADQ,equibind,scored,0.7822648866408229,12.0,79,85,,
5ACW,diffdock,scored,0.05785817219568761,12.0,81,79,N,
5ACW,equibind,scored,0.2334021908174262,12.0,81,69,N,
5ACX,diffdock,scored,0.9209111579849227,12.0,87,88,M,
5ACX,equibind,scored,0.40886313358791665,12.0,87,89,M,
5ABE,diffdock,scored,0.9248305188996838,12.0,93,92,C,
5ABE,equibind,scored,0.0,12.0,94,30,E,
5ABH,diffdock,scored,0.0,12.0,91,93,D,
5ABH,equibind,scored,0.0,12.0,91,28,D,
5AFK,diffdock,scored,0.0,12.0,79,78,M,
5AFK,equibind,scored,0.07731863992516777,12.0,88,33,Y,
5ABF,diffdock,scored,0.9569703928416095,12.0,94,92,D,
5ABF,equibind,scored,0.014586967950508923,12.0,94,41,D,
5ABG,diffdock,scored,0.9781896401899665,12.0,93,93,D,
5ABG,equibind,scored,0.0435844796657504,12.0,93,49,D,
5AES,diffdock,scored,0.0,12.0,105,102,D,
5AES,equibind,scored,0.28447432533291545,12.0,105,91,D,
5AFL,diffdock,scored,0.8981755179265184,12.0,76,78,,
5AFL,equibind,scored,0.49147016112740066,12.0,76,49,,
5AFJ,diffdock,scored,0.02827912387267387,12.0,61,63,H,
5AFJ,equibind,scored,0.008041979702701567,12.0,62,45,M,
5AFM,diffdock,scored,0.9769045001478337,12.0,87,87,J,
5AFM,equibind,scored,0.03321335826197662,12.0,88,31,N,
5AFN,diffdock,scored,0.044374014876947504,12.0,91,88,K,
5AFN,equibind,scored,0.06529877918389478,12.0,86,22,X,
5AFX,diffdock,scored,0.9232414409364135,12.0,140,143,F,
5AFX,equibind,scored,0.7183779290139556,12.0,140,138,F,
5AGU,diffdock,scored,0.0,12.0,77,67,D:D,
5AGU,equibind,scored,0.0,12.0,77,17,D:D,
5AGV,diffdock,scored,0.5273146533703603,12.0,86,58,C:C,
5AGV,equibind,scored,0.0,12.0,86,145,C:C,
5AHU,diffdock,scored,0.08217212583814058,12.0,135,140,E,
5AHU,equibind,scored,0.521204406373245,12.0,135,133,E,
5AI5,diffdock,scored,0.9346704162076178,12.0,107,104,,
5AI5,equibind,scored,0.7425945767700242,12.0,107,100,,
5AI6,diffdock,scored,0.9539420093599802,12.0,85,87,,
5AI6,equibind,scored,0.7222517528582486,12.0,85,90,,
5AI9,diffdock,scored,0.9917792232736705,12.0,124,123,,
5AI9,equibind,scored,0.8359264647588782,12.0,124,107,F,
5AHW,diffdock,scored,0.0,12.0,95,88,N,
5AHW,equibind,scored,0.0,12.0,84,79,T,
5AIA,diffdock,scored,0.9054601467646567,12.0,95,94,,
5AIA,equibind,scored,0.8756757000327847,12.0,95,93,,
5AIB,diffdock,scored,0.9656305844648564,12.0,88,87,,
5AIB,equibind,scored,0.8165518428545013,12.0,88,93,,
5AH2,diffdock,scored,0.5753873896641245,12.0,119,116,E:E,
5AH2,equibind,scored,0.006613844412068403,12.0,120,16,H:H,
5AIP,diffdock,scored,1.0,12.0,74,74,,
5AIP,equibind,scored,0.8146596818745616,12.0,74,85,,
5AIC,diffdock,scored,0.9766443446896876,12.0,85,87,,
5AIC,equibind,scored,0.8520569656195334,12.0,85,86,,
5AJC,diffdock,scored,0.9296773152336848,12.0,59,57,F:F,
5AJC,equibind,scored,0.8135383941888344,12.0,59,62,F:F,
5AIS,diffdock,scored,0.0,12.0,83,82,L,
5AIS,equibind,scored,0.0,12.0,81,99,G,
5AK3,diffdock,scored,0.9858919903032162,12.0,72,71,,
5AK3,equibind,scored,0.3221405485888511,12.0,72,89,,
5AIV,diffdock,scored,0.0,12.0,82,83,E,
5AIV,equibind,scored,0.06518333053921102,12.0,82,103,H,
5AJP,diffdock,scored,0.2276840048566849,12.0,139,95,B:B,
5AJP,equibind,scored,0.45668042012245086,12.0,139,121,B:B,
5AK6,diffdock,scored,0.7318797707280733,12.0,87,90,H,
5AK6,equibind,scored,0.6543271566417216,12.0,95,94,G,
5AJO,diffdock,scored,0.26501982902451793,12.0,166,107,B:B,
5AJO,equibind,scored,0.33522326387731116,12.0,166,87,B:B,
5AKE,diffdock,scored,0.9336717580335745,12.0,122,116,,
5AKE,equibind,scored,0.7062358550447762,12.0,122,122,,
5AKG,diffdock,scored,0.9609312191518026,12.0,75,78,,
5AKG,equibind,scored,0.8174234612818565,12.0,75,79,,
5AKI,diffdock,scored,0.9734975664900357,12.0,113,114,,
5AKI,equibind,scored,0.6818570644816588,12.0,113,97,K,
5AKH,diffdock,scored,0.9418057370051348,12.0,105,99,,
5AKH,equibind,scored,0.6604580686391419,12.0,105,102,,
5AKL,diffdock,scored,0.9651023033914733,12.0,116,112,,
5AKL,equibind,scored,0.6382130387709255,12.0,116,108,,
5AKK,diffdock,scored,0.14902053291704115,12.0,72,81,E,
5AKK,equibind,scored,0.19789027810867865,12.0,72,88,E,
5AKJ,diffdock,scored,0.9487634619828325,12.0,96,97,,
5AKJ,equibind,scored,0.6899105022150239,12.0,96,93,,
5AKU,diffdock,scored,0.0,12.0,94,86,J,
5AKU,equibind,scored,0.27765870976518003,12.0,94,108,J,
5AL2,diffdock,scored,0.9431898727453093,12.0,88,87,E,
5AL2,equibind,scored,0.2624678326483217,12.0,95,104,I,
5AKW,diffdock,scored,0.0,12.0,85,92,I,
5AKW,equibind,scored,0.09879263509848112,12.0,85,101,I,
5ALB,diffdock,scored,0.9240674267596528,12.0,102,108,,
5ALB,equibind,scored,0.8949748103749813,12.0,102,96,C,
5AL3,diffdock,scored,0.0,12.0,94,89,I,
5AL3,equibind,scored,0.5397191910566748,12.0,94,96,I,
5AKZ,diffdock,scored,0.9792815870223679,12.0,97,97,,
5AKZ,equibind,scored,0.7956480105061344,12.0,97,95,,
5ALC,diffdock,scored,0.9288166924939804,12.0,99,96,,
5ALC,equibind,scored,0.8198456908772219,12.0,99,88,C,
5ALD,diffdock,scored,0.9473869902388495,12.0,96,93,,
5ALD,equibind,scored,0.737908131089922,12.0,96,100,,
5ALE,diffdock,scored,0.9332290453314782,12.0,88,90,,
5ALE,equibind,scored,0.7206800805457373,12.0,88,83,,
5ALG,diffdock,scored,0.9184023803364778,12.0,132,137,,
5ALG,equibind,scored,0.7204348916191978,12.0,132,122,,
5ALL,diffdock,scored,0.9783820300430753,12.0,93,93,,
5ALL,equibind,scored,0.6804640350283099,12.0,93,88,,
5ALM,diffdock,scored,0.6783515890210287,12.0,113,115,,
5ALM,equibind,scored,0.7468305460011051,12.0,113,106,,
5ALH,diffdock,scored,0.8946235382586555,12.0,134,132,,
5ALH,equibind,scored,0.8370283604755394,12.0,134,138,,
5ALN,diffdock,scored,0.9603788114018651,12.0,101,101,,
5ALN,equibind,scored,0.6068214359463464,12.0,101,103,,
5AHJ,equibind,scored,0.0,12.0,129,10,RA,
5ALO,diffdock,scored,0.9324828376017366,12.0,88,90,,
5ALO,equibind,scored,0.6969696101189676,12.0,88,108,,
5ALR,diffdock,scored,0.9546192306335918,12.0,110,109,,
5ALR,equibind,scored,0.6536167263059031,12.0,110,117,,
5ALS,diffdock,scored,0.9219969560104055,12.0,114,113,,
5ALS,equibind,scored,0.811306214572232,12.0,114,116,,
5ALX,diffdock,scored,0.968331922289657,12.0,94,97,,
5ALX,equibind,scored,0.8211651581187883,12.0,94,95,,
5ALY,diffdock,scored,0.9430835756393788,12.0,107,105,,
5ALY,equibind,scored,0.8123454053445991,12.0,107,107,,
5ALZ,diffdock,scored,0.9351613730874128,12.0,124,120,,
5ALZ,equibind,scored,0.6082783654774931,12.0,124,117,,
5ALU,diffdock,scored,0.9196261495059344,12.0,98,100,B,
5ALU,equibind,scored,0.037373405218235435,12.0,124,92,H,
5AM0,diffdock,scored,0.9794439247497042,12.0,98,98,,
5AM0,equibind,scored,0.5673339504477077,12.0,98,106,,
5AM1,diffdock,scored,0.9033034485780376,12.0,131,130,,
5AM1,equibind,scored,0.8370465700593988,12.0,131,135,,
5AMN,diffdock,scored,0.9430021488265581,12.0,89,86,B,
5AMN,equibind,scored,0.7881252060718397,12.0,89,84,B,
5AM3,diffdock,scored,0.9450345263607485,12.0,126,127,,
5AM3,equibind,scored,0.6134403859587411,12.0,126,117,,
5AM2,diffdock,scored,0.9646309663417091,12.0,85,84,F,
5AM2,equibind,scored,0.8211398527649592,12.0,78,76,G,
5AM5,diffdock,scored,0.9887471041814089,12.0,89,90,E,
5AM5,equibind,scored,0.8074838197037745,12.0,89,97,E,
5AM4,diffdock,scored,0.9511947238795387,12.0,103,100,,
5AM4,equibind,scored,0.8128584332660227,12.0,103,102,,
5ANU,diffdock,scored,0.9717523444955464,12.0,106,107,,
5ANU,equibind,scored,0.8285054003361587,12.0,106,100,,
5ANT,diffdock,scored,0.0,12.0,105,103,D,
5ANT,equibind,scored,0.04330106070906789,12.0,105,83,D,
5ANQ,diffdock,scored,0.0,12.0,115,116,C,
5ANQ,equibind,scored,0.011873862022875074,12.0,115,92,C,
5ANV,diffdock,scored,0.9717146499762147,12.0,105,108,,
5ANV,equibind,scored,0.9303843138931804,12.0,105,104,,
5AOI,diffdock,scored,0.9809755168500525,12.0,53,52,,
5AOI,equibind,scored,0.08715499446550622,12.0,53,32,,
5AOM,diffdock,scored,0.9061414424235853,12.0,53,52,G,
5AOM,equibind,scored,0.13828467410646808,12.0,53,30,G,
5AOK,diffdock,scored,0.9481926307535905,12.0,59,56,E,
5AOK,equibind,scored,0.15909082391140933,12.0,59,50,E,
5AP3,diffdock,scored,0.8977624706265871,12.0,77,79,,
5AP3,equibind,scored,0.8486463766601993,12.0,77,81,,
5APH,diffdock,scored,0.9518689859861087,12.0,105,106,,
5APH,equibind,scored,0.8521308555801701,12.0,105,106,,
5AP0,diffdock,scored,0.9351186754679078,12.0,78,77,,
5AP0,equibind,scored,0.8750433480385568,12.0,78,82,,
5AOL,diffdock,scored,0.9549791820623936,12.0,67,66,,
5AOL,equibind,scored,0.04720646409708927,12.0,67,53,,
5APJ,diffdock,scored,0.9000720088964735,12.0,105,110,,
5APJ,equibind,scored,0.8503780860113473,12.0,105,104,C,
5AQK,diffdock,scored,0.9424632806042099,12.0,106,102,C,
5AQK,equibind,scored,0.8383310591012357,12.0,106,101,C,
5AQZ,diffdock,scored,0.9284268099170534,12.0,83,83,,
5AQZ,equibind,scored,0.7436857411368394,12.0,83,83,,
5AR4,diffdock,scored,0.0,12.0,101,101,C,
5AR4,equibind,scored,0.03207588005747997,12.0,97,109,D,
5AR5,diffdock,scored,0.9894446736859209,12.0,97,96,D,
5AR5,equibind,scored,0.0049039781877026,12.0,96,101,E,
5AV0,diffdock,scored,0.9470852241812039,12.0,78,78,,
5AV0,equibind,scored,0.7143991343375397,12.0,78,91,,
5AVE,diffdock,scored,0.9313853440727735,12.0,62,60,,
5AVE,equibind,scored,0.8728739830109872,12.0,62,64,,
5AWJ,diffdock,scored,0.953313962349117,12.0,129,127,,
5AWJ,equibind,scored,0.8633142306135518,12.0,129,128,C,
5AVI,diffdock,scored,0.8685111227729067,12.0,110,113,E,
5AVI,equibind,scored,0.13973894440034607,12.0,110,105,E,
5AX3,diffdock,scored,0.9092477507007991,12.0,79,74,,
5AX3,equibind,scored,0.7964749604648066,12.0,79,79,,
5AQP,diffdock,scored,0.0,12.0,60,62,M,
5AQP,equibind,scored,0.0,12.0,61,61,Y,
5AQN,diffdock,scored,0.0,12.0,62,64,G,
5AQN,equibind,scored,0.0,12.0,62,72,U,
5AQO,diffdock,scored,1.0,12.0,62,62,I,
5AQO,equibind,scored,0.0,12.0,62,70,Z,
5AQR,diffdock,scored,1.0,12.0,67,67,Y,
5AQR,equibind,scored,0.0,12.0,66,76,H,
5AZF,diffdock,scored,0.14444494027397545,12.0,78,123,C:C,
5AZF,equibind,scored,0.06605018534966678,12.0,78,74,C:C,
5AXP,diffdock,scored,0.007968402070695726,12.0,105,111,H,
5AXP,equibind,scored,0.21662729315265591,12.0,106,87,E,
5AXQ,diffdock,scored,0.9729118991566078,12.0,111,112,,
5AXQ,equibind,scored,0.1679225676823075,12.0,111,94,,
5AZG,diffdock,scored,0.5073520647611381,12.0,91,81,C:C,
5AZG,equibind,scored,0.4332999958230261,12.0,91,77,C:C,
5B0X,diffdock,scored,0.9877987889243887,12.0,84,83,,
5B0X,equibind,scored,0.8948242523455628,12.0,84,91,,
5B4K,diffdock,scored,0.026831547360595998,12.0,105,93,E,
5B4K,equibind,scored,0.17235660549202791,12.0,105,99,E,
5B2D,diffdock,scored,0.9236587555159582,12.0,120,115,C:C,
5B2D,equibind,scored,0.12213425829965842,12.0,120,121,C:C,
5B5B,diffdock,scored,0.0,12.0,135,135,E,
5B5B,equibind,scored,0.1706711772954307,12.0,135,112,E,
5B4L,diffdock,scored,0.9329554128793603,12.0,119,119,E,
5B4L,equibind,scored,0.18631647173312968,12.0,119,98,E,
5B5F,diffdock,scored,0.9662302757472679,12.0,88,89,E,
5B5F,equibind,scored,0.7714030835667874,12.0,88,89,E,
5B1S,diffdock,scored,0.0,12.0,98,98,J,
5B1S,equibind,scored,0.03423014365497138,12.0,97,77,F,
5B5O,diffdock,scored,0.9357789649134596,12.0,78,79,I,
5B5O,equibind,scored,0.0,12.0,82,74,O,
5B5P,diffdock,scored,0.9881887423246599,12.0,86,85,N,
5B5P,equibind,scored,0.698177908912698,12.0,81,96,H,
5B5G,diffdock,scored,0.053390325238638736,12.0,86,91,K,
5B5G,equibind,scored,0.010210688783766722,12.0,82,83,M,
5BNJ,diffdock,scored,0.9328736409483457,12.0,89,91,,
5BNJ,equibind,scored,0.7725228561778721,12.0,89,99,,
5AYY,diffdock,scored,0.0,12.0,90,90,J,
5AYY,equibind,scored,0.0,12.0,88,89,N,
5BOY,diffdock,scored,1.0,12.0,67,67,H,
5BOY,equibind,scored,0.0,12.0,71,71,N,
5B56,diffdock,scored,0.6623372415991615,12.0,139,126,F:F,
5B56,equibind,scored,0.0,12.0,139,100,F:F,
5BOJ,diffdock,scored,0.09414675314887357,12.0,55,53,E,
5BOJ,equibind,scored,0.27449405128528603,12.0,56,63,C,
5BOT,diffdock,scored,0.9450124669494152,12.0,72,72,C,
5BOT,equibind,scored,0.0,12.0,71,92,I,
5BML,diffdock,scored,0.0,12.0,111,114,D,
5BML,equibind,scored,0.02329548832712557,12.0,111,120,D,
5BPE,diffdock,scored,0.9744599460577646,12.0,81,79,B,
5BPE,equibind,scored,0.921625805502585,12.0,81,77,,
5BNM,diffdock,scored,0.9431383985567456,12.0,103,109,,
5BNM,equibind,scored,0.09284570382085014,12.0,103,101,,
5BQG,diffdock,scored,0.6157909912766453,12.0,27,29,,
5BQG,equibind,scored,0.2853856274941695,12.0,27,71,,
5BQH,diffdock,scored,0.8827473606238253,12.0,28,25,,
5BQH,equibind,scored,0.3459884273484911,12.0,28,65,,
5BPP,diffdock,scored,0.9577823523011811,12.0,118,119,,
5BPP,equibind,scored,0.7558267439817581,12.0,118,109,,
5BTX,diffdock,scored,0.9445165143768578,12.0,56,55,C,
5BTX,equibind,scored,0.030091298832721974,12.0,56,83,C,
5BUE,diffdock,scored,0.9257095369021944,12.0,90,95,,
5BUE,equibind,scored,0.7439642370671782,12.0,90,92,,
5BUJ,diffdock,scored,0.9637279381396615,12.0,82,83,,
5BUJ,equibind,scored,0.8070088793801039,12.0,82,82,,
5BVF,diffdock,scored,0.8904705415085736,12.0,99,98,,
5BVF,equibind,scored,0.8761607842162336,12.0,99,93,,
5BSK,diffdock,scored,0.0,12.0,82,83,E,
5BSK,equibind,scored,0.06717144127768532,12.0,78,118,K,
5BRN,diffdock,scored,0.0,12.0,76,83,F,
5BRN,equibind,scored,0.03461713778093464,12.0,84,112,J,
5BRZ,diffdock,scored,0.7461371670781703,12.0,181,186,C:C,
5BRZ,equibind,scored,0.43200483102302967,12.0,181,106,C:C,
5BVN,diffdock,scored,0.9638172369496483,12.0,112,110,C,
5BVN,equibind,scored,0.8174670779269042,12.0,112,106,C,
5BS0,diffdock,scored,0.8356937706259687,12.0,183,182,C:C,
5BS0,equibind,scored,0.31947262838227586,12.0,183,91,C:C,
5BVW,diffdock,scored,0.9375576289241248,12.0,96,96,,
5BVW,equibind,scored,0.8467982234375886,12.0,96,94,,
5C0K,diffdock,scored,1.0,12.0,49,49,E,
5C0K,equibind,scored,0.8112298121518661,12.0,49,42,E,
5BYY,diffdock,scored,0.952732349765706,12.0,85,85,,
5BYY,equibind,scored,0.8285751410681441,12.0,85,90,,
5C0M,diffdock,scored,0.7692293713657692,12.0,77,61,D:D,
5C0M,equibind,scored,0.14906984363060552,12.0,77,91,D:D,
5C1X,diffdock,scored,1.0,12.0,77,77,C,
5C1X,equibind,scored,0.1707089443154953,12.0,77,86,D,
5C1Y,diffdock,scored,0.9732058917597929,12.0,76,76,B,
5C1Y,equibind,scored,0.8091705574662882,12.0,76,72,,
5BWB,diffdock,scored,0.9809238084959896,12.0,107,105,,
5BWB,equibind,scored,0.7602936519305963,12.0,107,100,E,
5BWC,diffdock,scored,0.9057821969956148,12.0,115,116,,
5BWC,equibind,scored,0.7722174552791158,12.0,115,119,,
5C1W,diffdock,scored,0.9015219680755185,12.0,88,89,,
5C1W,equibind,scored,0.3837458173135254,12.0,88,77,,
5C20,diffdock,scored,0.9608769420865831,12.0,78,77,,
5C20,equibind,scored,0.9161553151179666,12.0,78,72,,
5C26,diffdock,scored,0.9518943775462175,12.0,85,83,,
5C26,equibind,scored,0.7552595680847939,12.0,85,94,,
5C2O,diffdock,scored,0.9346320181755222,12.0,76,77,J,
5C2O,equibind,scored,0.22836316994543324,12.0,76,94,J,
5C4O,diffdock,scored,0.9421697552615339,12.0,86,87,,
5C4O,equibind,scored,0.6439925130853241,12.0,86,99,,
5C2H,diffdock,scored,0.9566309397677477,12.0,115,114,,
5C2H,equibind,scored,0.14803545769826848,12.0,115,102,,
5C2E,diffdock,scored,0.9301391406856654,12.0,101,98,,
5C2E,equibind,scored,0.19764944890129896,12.0,101,74,,
5C4S,diffdock,scored,0.9527551579095536,12.0,86,86,B,
5C4S,equibind,scored,0.7022863655494853,12.0,86,97,,
5C4T,diffdock,scored,0.9426923742308644,12.0,85,90,,
5C4T,equibind,scored,0.7576050587097266,12.0,85,100,,
5C4K,diffdock,scored,0.22714167648238034,12.0,90,86,,
5C4K,equibind,scored,0.06024594859740414,12.0,90,69,C,
5C4L,diffdock,scored,0.7719856542643612,12.0,85,92,,
5C4L,equibind,scored,0.17107832057161887,12.0,85,90,,
5C5T,diffdock,scored,0.9402607896909457,12.0,85,82,C,
5C5T,equibind,scored,0.16379921928915359,12.0,85,69,C,
5C7A,diffdock,scored,0.9410866246050674,12.0,51,50,C,
5C7A,equibind,scored,0.8029085549240931,12.0,51,47,C,
5C7B,diffdock,scored,0.9796884976420224,12.0,49,50,C,
5C7B,equibind,scored,0.7524384465104004,12.0,49,38,C,
5C6O,diffdock,scored,0.9343122508530627,12.0,135,140,,
5C6O,equibind,scored,0.7061395295804199,12.0,135,124,B,
5C7C,diffdock,scored,0.92899378535581,12.0,55,57,C,
5C7C,equibind,scored,0.8126741504821124,12.0,55,51,C,
5C7D,diffdock,scored,0.961216960441211,12.0,53,51,C,
5C7D,equibind,scored,0.8213992331921661,12.0,53,46,C,
5C83,diffdock,scored,0.9298748115385445,12.0,57,57,C,
5C83,equibind,scored,0.8467112613259984,12.0,57,62,C,
5C6P,diffdock,scored,0.8855061768048005,12.0,84,88,,
5C6P,equibind,scored,0.3330649043503267,12.0,84,102,C,
5C85,diffdock,scored,0.9259421568497304,12.0,53,53,,
5C85,equibind,scored,0.9198485068337018,12.0,53,51,,
5C84,diffdock,scored,0.9625463523185455,12.0,55,53,C,
5C84,equibind,scored,0.8156382334797725,12.0,55,53,C,
5C87,diffdock,scored,0.9310274093726829,12.0,59,55,,
5C87,equibind,scored,0.8496851158949014,12.0,59,51,,
5C8K,diffdock,scored,0.8255882612682315,12.0,89,80,,
5C8K,equibind,scored,0.872524117788688,12.0,89,84,,
5CBR,diffdock,scored,0.9722840424375581,12.0,109,110,,
5CBR,equibind,scored,0.7365010470006327,12.0,109,103,,
5C3P,diffdock,scored,0.7884850360679745,12.0,97,89,F,
5C3P,equibind,scored,0.026154291209312126,12.0,94,68,R,
5CAS,diffdock,scored,0.9666992957344754,12.0,91,92,,
5CAS,equibind,scored,0.9096312604704505,12.0,91,89,,
5CC2,diffdock,scored,0.934244124557854,12.0,92,90,B,
5CC2,equibind,scored,0.8183498749879324,12.0,92,95,B,
5CEP,diffdock,scored,0.960411360739248,12.0,77,74,,
5CEP,equibind,scored,0.9209656798019782,12.0,77,75,,
5CCM,diffdock,scored,0.9095218295442706,12.0,154,152,,
5CCM,equibind,scored,0.6629075402809709,12.0,154,146,,
5CEQ,diffdock,scored,0.9862507533003316,12.0,74,73,B,
5CEQ,equibind,scored,0.8391872979817779,12.0,74,74,,
5CEH,diffdock,scored,0.9715929655005989,12.0,106,105,,
5CEH,equibind,scored,0.7536575119154098,12.0,106,104,,
5CEI,diffdock,scored,0.9779810749777784,12.0,90,92,,
5CEI,equibind,scored,0.7962884890320243,12.0,90,98,,
5CF4,diffdock,scored,0.0,12.0,84,84,C,
5CF4,equibind,scored,0.031161966726804918,12.0,85,111,D,
5CBS,diffdock,scored,0.006806814280303543,12.0,101,101,V,
5CBS,equibind,scored,0.052035029474531765,12.0,98,78,E,
5CJ6,diffdock,scored,0.9642216399709985,12.0,113,113,,
5CJ6,equibind,scored,0.8872795371668583,12.0,113,103,,
5CF5,diffdock,scored,0.0,12.0,84,85,D,
5CF5,equibind,scored,0.060717821196614875,12.0,84,120,D,
5CF6,diffdock,scored,0.9521210503321259,12.0,84,84,C,
5CF6,equibind,scored,0.03213442642990248,12.0,84,105,C,
5CF8,diffdock,scored,0.0,12.0,82,86,D,
5CF8,equibind,scored,0.03614393252721329,12.0,82,112,D,
5CP5,diffdock,scored,0.9842230532612244,12.0,63,64,,
5CP5,equibind,scored,0.9010361137132263,12.0,63,61,,
5CLM,diffdock,scored,0.9910236472950541,12.0,112,113,,
5CLM,equibind,scored,0.674821517193588,12.0,112,105,,
5CNM,diffdock,scored,0.9341689200241858,12.0,90,92,,
5CNM,equibind,scored,0.8709243403078618,12.0,90,94,,
5CPR,diffdock,scored,0.9269304933229421,12.0,83,81,,
5CPR,equibind,scored,0.6598131359915476,12.0,83,101,,
5CP9,diffdock,scored,1.0,12.0,43,43,,
5CP9,equibind,scored,0.2090447742609986,12.0,43,74,,
5CQT,diffdock,scored,0.9682978317724695,12.0,62,64,,
5CQT,equibind,scored,0.8545649331468954,12.0,62,61,,
5CS2,diffdock,scored,0.5657977806322392,12.0,43,59,B:B,
5CS2,equibind,scored,0.41612933882019587,12.0,43,85,B:B,
5CNJ,diffdock,scored,0.0,12.0,112,113,D,
5CNJ,equibind,scored,0.22403111498709202,12.0,113,101,E,
5CS5,diffdock,scored,0.9814020301057861,12.0,55,54,,
5CS5,equibind,scored,0.046934316383275304,12.0,55,82,,
5CKS,diffdock,scored,0.0,12.0,103,98,G,
5CKS,equibind,scored,0.0,12.0,101,118,I,
5CSO,diffdock,scored,0.98864667176739,12.0,89,88,,
5CSO,equibind,scored,0.8821821637889076,12.0,89,83,,
5CST,diffdock,scored,0.9459803004897892,12.0,91,94,,
5CST,equibind,scored,0.7448129971428479,12.0,91,96,,
5CR7,diffdock,scored,0.0,12.0,73,73,,
5CR7,equibind,scored,0.0,12.0,73,108,,
5CS6,diffdock,scored,0.8251508793179043,12.0,39,36,F,
5CS6,equibind,scored,0.06600572887709746,12.0,42,79,H,
5CSX,diffdock,scored,0.917408764185572,12.0,108,109,B,
5CSX,equibind,scored,0.8687358133242832,12.0,108,110,B,
5CSD,diffdock,scored,0.027654946659085758,12.0,133,127,E,
5CSD,equibind,scored,0.2695693129555154,12.0,133,106,E,
5CSH,diffdock,scored,0.9342889669370347,12.0,75,76,H,
5CSH,equibind,scored,0.12756924985293205,12.0,65,90,D,
5CY3,diffdock,scored,0.9413798335944585,12.0,84,85,,
5CY3,equibind,scored,0.907558716987832,12.0,84,88,,
5CU4,diffdock,scored,0.9608016084817246,12.0,129,128,,
5CU4,equibind,scored,0.5202185213847635,12.0,129,99,,
5CW8,diffdock,scored,0.064386353929148,12.0,116,114,D,
5CW8,equibind,scored,0.49520957761240214,12.0,116,144,C,
5CXI,diffdock,scored,0.9820262500342495,12.0,113,113,,
5CXI,equibind,scored,0.6398034877490545,12.0,113,101,,
5CUQ,diffdock,scored,0.9431095550691807,12.0,71,69,C,
5CUQ,equibind,scored,0.0,12.0,71,55,C,
5CY9,diffdock,scored,0.9685620997452209,12.0,62,64,,
5CY9,equibind,scored,0.8822284941267503,12.0,62,57,,
5CYV,diffdock,scored,0.8820407313078427,12.0,110,122,I,
5CYV,equibind,scored,0.41748896118033535,12.0,110,98,I,
5CZM,diffdock,scored,0.9227492729500767,12.0,89,94,,
5CZM,equibind,scored,0.8652804070380391,12.0,89,91,,
5D0C,diffdock,scored,1.0,12.0,64,64,,
5D0C,equibind,scored,0.9183307794551258,12.0,64,61,,
5D1J,diffdock,scored,0.9215027062336024,12.0,74,76,,
5D1J,equibind,scored,0.9297224861844204,12.0,74,71,B,
5CTE,diffdock,scored,0.0,12.0,111,107,D,
5CTE,equibind,scored,0.7577421870631766,12.0,108,117,C,
5D10,diffdock,scored,0.0,12.0,78,79,C,
5D10,equibind,scored,0.0,12.0,78,109,C,
5D12,diffdock,scored,0.9730253800222515,12.0,75,73,C,
5D12,equibind,scored,0.0,12.0,75,89,C,
5CTB,diffdock,scored,0.0,12.0,104,103,G,
5CTB,equibind,scored,0.0,12.0,63,102,D,
5D1R,diffdock,scored,0.9317538102452201,12.0,102,101,G,
5D1R,equibind,scored,0.5591221750508779,12.0,102,117,G,
5CTC,diffdock,scored,0.0,12.0,102,103,F,
5CTC,equibind,scored,0.06793435391279128,12.0,102,122,F,
5D1U,diffdock,scored,0.9536563471080403,12.0,88,84,,
5D1U,equibind,scored,0.7200912089972678,12.0,88,83,,
5CZB,diffdock,scored,0.9545556588822863,12.0,91,87,U,
5CZB,equibind,scored,0.0,12.0,91,89,U,
5D1S,diffdock,scored,0.9890903293309433,12.0,93,92,,
5D1S,equibind,scored,0.8381752176953293,12.0,93,90,,
5D21,diffdock,scored,0.0,12.0,43,44,F,
5D21,equibind,scored,0.0,12.0,43,79,J,
5D3C,diffdock,scored,0.916723946929024,12.0,86,87,,
5D3C,equibind,scored,0.8387848113162745,12.0,86,77,G,
5D3X,diffdock,scored,0.9087089503106702,12.0,55,52,C,
5D3X,equibind,scored,0.1049476023320616,12.0,55,65,D,
5D1W,diffdock,scored,0.0,12.0,134,132,J,
5D1W,equibind,scored,0.09538713140980402,12.0,134,33,J,
5D6F,diffdock,scored,0.8961133130714197,12.0,111,104,,
5D6F,equibind,scored,0.8247358717361234,12.0,111,117,,
5D6E,diffdock,scored,0.7953494098446684,12.0,112,109,,
5D6E,equibind,scored,0.8514302476490122,12.0,112,117,,
5D75,diffdock,scored,0.8854619761872655,12.0,73,71,,
5D75,equibind,scored,0.9009121453871556,12.0,73,74,,
5D29,diffdock,scored,0.9501796623006984,12.0,120,120,,
5D29,equibind,scored,0.6505155280226707,12.0,120,124,,
5D2R,diffdock,scored,0.9145648756102444,12.0,106,103,X,
5D2R,equibind,scored,0.6053154969419701,12.0,106,85,X,
5D6P,diffdock,scored,0.0,12.0,75,76,C,
5D6P,equibind,scored,0.09636544348308652,12.0,77,61,F,
5D6Q,diffdock,scored,0.9606356001691808,12.0,76,75,,
5D6Q,equibind,scored,0.10717819485952515,12.0,76,62,,
5DA3,diffdock,scored,0.9867839199222751,12.0,76,77,,
5DA3,equibind,scored,0.8644123985580929,12.0,76,87,,
5DB0,diffdock,scored,0.9847905637924281,12.0,133,133,K,
5DB0,equibind,scored,0.7884149682174733,12.0,133,134,K,
5DB3,diffdock,scored,0.8770000388660988,12.0,135,138,,
5DB3,equibind,scored,0.8091887660364439,12.0,135,140,,
5DB2,diffdock,scored,0.9777819531264784,12.0,134,137,,
5DB2,equibind,scored,0.7254242073473096,12.0,134,142,,
5D7A,diffdock,scored,0.9415419401674936,12.0,83,88,D,
5D7A,equibind,scored,0.34473426752551406,12.0,84,89,F,
5DDA,diffdock,scored,0.9061562675613405,12.0,117,112,,
5DDA,equibind,scored,0.8794178110286532,12.0,117,111,,
5DD0,diffdock,scored,0.005153464231583938,12.0,54,135,P:C,
5DD0,equibind,scored,0.6277287288167732,12.0,54,62,P:C,
5DDC,diffdock,scored,0.9591723271716182,12.0,122,121,,
5DDC,equibind,scored,0.8927823858742818,12.0,122,117,,
5DDD,diffdock,scored,0.9540771517409685,12.0,108,109,,
5DDD,equibind,scored,0.8742373197302215,12.0,108,114,,
5DFP,diffdock,scored,0.927913965293788,12.0,112,114,,
5DFP,equibind,scored,0.7796343028539854,12.0,112,99,,
5DG6,diffdock,scored,0.8937986259520433,12.0,75,77,,
5DG6,equibind,scored,0.2348594997767218,12.0,75,102,E,
5DGJ,diffdock,scored,0.9575643937736737,12.0,73,70,,
5DGJ,equibind,scored,0.8229261024156281,12.0,73,61,B,
5DDE,diffdock,scored,0.9308245966912251,12.0,114,114,B,
5DDE,equibind,scored,0.9032514505818151,12.0,114,115,B,
5DEX,diffdock,scored,0.8862621376177836,12.0,104,104,,
5DEX,equibind,scored,0.7987897773072777,12.0,104,112,,
5DGM,diffdock,scored,0.9391334155389781,12.0,81,84,,
5DGM,equibind,scored,0.8159541445229109,12.0,81,89,,
5DIT,diffdock,scored,0.8867918823298879,12.0,79,78,,
5DIT,equibind,scored,0.8664853255895548,12.0,79,73,,
5DHJ,diffdock,scored,0.9641599986565617,12.0,83,84,,
5DHJ,equibind,scored,0.8787556732998001,12.0,83,81,,
5DH4,diffdock,scored,0.0,12.0,109,100,E,
5DH4,equibind,scored,0.11419727117178965,12.0,99,72,I,
5DIV,diffdock,scored,0.9865926416704137,12.0,75,76,,
5DIV,equibind,scored,0.8735000904876021,12.0,75,72,B,
5DIQ,diffdock,scored,0.9553419933466789,12.0,92,88,,
5DIQ,equibind,scored,0.8299999525527181,12.0,92,90,,
5DHG,diffdock,scored,0.9091199289297447,12.0,119,124,G,
5DHG,equibind,scored,0.10874764735763955,12.0,119,105,G,
5DLS,diffdock,scored,0.9886882531592249,12.0,89,90,,
5DLS,equibind,scored,0.8860679980301,12.0,89,93,B,
5DJ5,diffdock,scored,0.9324721029627967,12.0,104,101,,
5DJ5,equibind,scored,0.6197438508465963,12.0,104,106,,
5DJV,diffdock,scored,1.0,12.0,95,95,,
5DJV,equibind,scored,0.8694620508943046,12.0,95,91,,
5DLX,diffdock,scored,0.9524560042261088,12.0,62,65,,
5DLX,equibind,scored,0.8302921047742088,12.0,62,62,,
5DK4,diffdock,scored,1.0,12.0,112,112,E,
5DK4,equibind,scored,0.5670337801696276,12.0,112,112,E,
5DNU,diffdock,scored,0.9777210577599642,12.0,90,90,,
5DNU,equibind,scored,0.9229533506522715,12.0,90,93,,
5DHQ,diffdock,scored,0.0,12.0,105,104,F,
5DHQ,equibind,scored,0.14387512669535152,12.0,107,160,I,
5DP7,diffdock,scored,1.0,12.0,77,77,,
5DP7,equibind,scored,0.8889030385800357,12.0,77,73,B,
5DP8,diffdock,scored,0.9620315317070119,12.0,81,78,,
5DP8,equibind,scored,0.777575055297876,12.0,81,70,B,
5DPA,diffdock,scored,0.9232420803826279,12.0,81,75,,
5DPA,equibind,scored,0.8699129422700712,12.0,81,75,B,
5DOH,diffdock,scored,0.9362937370288498,12.0,109,110,J,
5DOH,equibind,scored,0.07663483272698077,12.0,109,82,J,
5DP6,diffdock,scored,0.0026091869441861064,12.0,121,130,E,
5DP6,equibind,scored,0.2532887023811791,12.0,119,123,F,
5DLV,diffdock,scored,0.964114941936176,12.0,87,84,Y,
5DLV,equibind,scored,0.04122840903008099,12.0,97,133,AB,
5DP4,diffdock,scored,0.9595549077314893,12.0,74,75,F,
5DP4,equibind,scored,0.21410153322970074,12.0,74,79,G,
5DPX,diffdock,scored,0.9750614353335244,12.0,80,80,E,
5DPX,equibind,scored,0.2637039680449887,12.0,80,78,E,
5DRC,diffdock,scored,1.0,12.0,111,111,F,
5DRC,equibind,scored,0.8550077299677193,12.0,111,107,F,
5DRQ,diffdock,scored,0.9425570966573824,12.0,104,106,,
5DRQ,equibind,scored,0.8565931192406444,12.0,104,107,,
5DQC,diffdock,scored,0.002675318305443798,12.0,140,139,F,
5DQC,equibind,scored,0.5283011915500636,12.0,142,143,E,
5DRI,diffdock,scored,0.9639079129382767,12.0,109,111,,
5DRI,equibind,scored,0.8744565789058849,12.0,109,109,,
5DRT,diffdock,scored,0.9561459117905993,12.0,113,114,C,
5DRT,equibind,scored,0.12149815147951715,12.0,113,98,C,
5DRY,diffdock,scored,0.9512447058908421,12.0,123,123,F,
5DRY,equibind,scored,0.18122574521010584,12.0,122,110,D,
5DSX,diffdock,scored,0.0,12.0,116,112,D,
5DSX,equibind,scored,0.1610199199688124,12.0,116,111,D,
5DUS,diffdock,scored,0.9899879954593225,12.0,102,101,,
5DUS,equibind,scored,0.8775943278575425,12.0,102,96,,
5DTQ,diffdock,scored,0.9582076848748436,12.0,97,95,C,
5DTQ,equibind,scored,0.25619410343986604,12.0,97,95,C,
5DV2,diffdock,scored,0.8649704302021652,12.0,87,89,,
5DV2,equibind,scored,0.6504181078062877,12.0,87,100,,
5DTR,diffdock,scored,0.0,12.0,95,99,C,
5DTR,equibind,scored,0.3504102894846384,12.0,95,98,C,
5DV4,diffdock,scored,0.890740367161016,12.0,101,100,B,
5DV4,equibind,scored,0.8294255610493116,12.0,101,100,,
5DW1,diffdock,scored,0.0,12.0,62,62,F,
5DW1,equibind,scored,0.0728882921498243,12.0,63,131,G,
5DTJ,diffdock,scored,0.9907101587034829,12.0,110,109,D,
5DTJ,equibind,scored,0.0,12.0,111,104,E,
5DWR,diffdock,scored,0.8942339902537418,12.0,94,90,B,
5DWR,equibind,scored,0.8579321356538423,12.0,94,85,B,
5DX4,diffdock,scored,0.9687996584301068,12.0,63,65,,
5DX4,equibind,scored,0.9339158603751164,12.0,63,63,,
5DY7,diffdock,scored,0.9088863313185358,12.0,54,53,,
5DY7,equibind,scored,0.9407353241497068,12.0,54,55,,
5DYA,diffdock,scored,0.9456260666916163,12.0,57,56,,
5DYA,equibind,scored,0.8472624828743559,12.0,57,51,,
5DX3,diffdock,scored,0.06901680834626713,12.0,51,83,C:C,
5DX3,equibind,scored,0.22408130341419266,12.0,51,146,C:C,
5DXB,diffdock,scored,0.37070475062928765,12.0,52,45,D:C,
5DXB,equibind,scored,0.06431062924180166,12.0,52,198,D:C,
5DYO,diffdock,scored,0.9136820664475858,12.0,91,91,E,
5DYO,equibind,scored,0.388657988681335,12.0,92,95,H,
5E0G,diffdock,scored,0.9413581205966352,12.0,70,68,,
5E0G,equibind,scored,0.9382438781622315,12.0,70,66,,
5DTS,diffdock,scored,0.9086543210085551,12.0,64,64,I,
5DTS,equibind,scored,0.0,12.0,63,33,G,
5E0H,diffdock,scored,0.0,12.0,73,66,,
5E0H,equibind,scored,0.8122297981733546,12.0,73,79,,
5E0A,diffdock,scored,0.9506845766044245,12.0,81,81,,
5E0A,equibind,scored,0.07121005090884036,12.0,81,80,,
5E0L,diffdock,scored,0.5661477914346923,12.0,48,45,C:B,
5E0L,equibind,scored,0.6663048727165938,12.0,48,52,C:B,
5DYW,diffdock,scored,0.0,12.0,127,128,L,
5DYW,equibind,scored,0.4298711309261406,12.0,131,110,AA,
5E0J,diffdock,scored,0.9106364148701139,12.0,82,77,,
5E0J,equibind,scored,0.8546069413738684,12.0,82,75,,
5E13,diffdock,scored,0.9494022026929899,12.0,59,60,,
5E13,equibind,scored,0.8105423734399857,12.0,59,69,,
5DYY,diffdock,scored,0.0,12.0,119,118,U,
5DYY,equibind,scored,0.0,12.0,120,79,M,
5E2O,diffdock,scored,0.9469934713306298,12.0,113,115,B,
5E2O,equibind,scored,0.7311253828994788,12.0,113,96,B,
5E1S,diffdock,scored,0.955787301401595,12.0,91,91,,
5E1S,equibind,scored,0.89952152143613,12.0,91,90,,
5E1B,diffdock,scored,0.17855204197596736,12.0,90,83,D:C,
5E1B,equibind,scored,0.24806259512931944,12.0,90,87,D:C,
5E1D,diffdock,scored,0.28085578584025894,12.0,91,93,D:C,
5E1D,equibind,scored,0.40362256510206057,12.0,91,99,D:C,
5E2M,diffdock,scored,0.9208230239982793,12.0,98,102,D,
5E2M,equibind,scored,0.0,12.0,102,71,G,
5E1M,diffdock,scored,0.5629431991642223,12.0,97,90,E:D,
5E1M,equibind,scored,0.19198686659278352,12.0,97,73,E:D,
5E2N,diffdock,scored,0.0,12.0,109,108,I,
5E2N,equibind,scored,0.004369080883184623,12.0,108,119,O,
5E3G,diffdock,scored,0.9806491454981251,12.0,52,51,,
5E3G,equibind,scored,0.9382280729303009,12.0,52,49,,
5E2P,diffdock,scored,0.9392339989055554,12.0,113,116,B,
5E2P,equibind,scored,0.735532224956766,12.0,113,100,B,
5E73,diffdock,scored,0.9827544107625639,12.0,58,59,,
5E73,equibind,scored,0.9461765405021807,12.0,58,59,,
5E74,diffdock,scored,0.9822969840047926,12.0,57,58,,
5E74,equibind,scored,0.8795356440089916,12.0,57,62,,
5E7N,diffdock,scored,0.9800218914685506,12.0,51,50,,
5E7N,equibind,scored,0.7369436136725304,12.0,51,57,,
5E88,diffdock,scored,0.8865792687073333,12.0,63,58,,
5E88,equibind,scored,0.8293870055658178,12.0,63,68,,
5DXH,diffdock,scored,0.0,12.0,93,91,E,
5DXH,equibind,scored,0.0,12.0,93,48,E,
5E8A,diffdock,scored,0.860948877300867,12.0,66,59,,
5E8A,equibind,scored,0.8306641432127749,12.0,66,63,,
5E3A,diffdock,scored,0.5459201113066096,12.0,170,167,B:B,
5E3A,equibind,scored,0.69965074227174,12.0,170,148,B:B,
5E6O,diffdock,scored,0.509887031893101,12.0,113,84,F:F,
5E6O,equibind,scored,0.25783918142080603,12.0,113,109,F:F,
5E8F,diffdock,scored,0.0,12.0,75,113,E:D,
5E8F,equibind,scored,0.21112455048021228,12.0,75,73,E:D,
5E8R,diffdock,scored,0.0,12.0,89,87,H,
5E8R,equibind,scored,0.5602443577809963,12.0,91,107,D,
5EB2,diffdock,scored,0.8707268641975461,12.0,40,41,,
5EB2,equibind,scored,0.44916082178948,12.0,40,73,,
5ECT,diffdock,scored,0.20080460615308207,12.0,53,46,,
5ECT,equibind,scored,0.39643672141955694,12.0,53,86,,
5EA4,diffdock,scored,1.0,12.0,50,50,,
5EA4,equibind,scored,0.6260376465972407,12.0,50,43,H,
5EA5,diffdock,scored,0.8481782857595394,12.0,44,45,,
5EA5,equibind,scored,0.6886661128964994,12.0,44,45,C,
5EB3,diffdock,scored,0.9738704860538967,12.0,38,39,,
5EB3,equibind,scored,0.0,12.0,38,77,,
5EA7,diffdock,scored,1.0,12.0,34,34,,
5EA7,equibind,scored,0.7746663068277315,12.0,34,43,,
5EDB,diffdock,scored,0.9886499807933001,12.0,88,89,,
5EDB,equibind,scored,0.9423653955081344,12.0,88,89,,
5EDD,diffdock,scored,0.19066794804215212,12.0,53,46,,
5EDD,equibind,scored,0.5993190664179497,12.0,53,73,,
5EDL,diffdock,scored,0.9800167433730639,12.0,103,101,,
5EDL,equibind,scored,0.8872915604376911,12.0,103,94,,
5ECE,diffdock,scored,0.0,12.0,86,93,J,
5ECE,equibind,scored,0.013677293667005827,12.0,89,92,N,
5EE8,diffdock,scored,0.886594927404904,12.0,85,87,,
5EE8,equibind,scored,0.7693405021495493,12.0,85,81,,
5ECV,diffdock,scored,0.9821159427759258,12.0,113,113,,
5ECV,equibind,scored,0.8990954790016101,12.0,113,110,,
5EE7,diffdock,scored,0.836770959083639,12.0,71,82,,
5EE7,equibind,scored,0.5441899469695377,12.0,71,112,B,
5EEC,diffdock,scored,0.9107538027105294,12.0,91,85,C,
5EEC,equibind,scored,0.0919559112213897,12.0,91,89,G,
5EEQ,diffdock,scored,0.0,12.0,60,49,M:D,
5EEQ,equibind,scored,0.1355638586533543,12.0,60,111,M:D,
5EFC,diffdock,scored,0.8033049550205883,12.0,68,74,,
5EFC,equibind,scored,0.09098886732693516,12.0,68,72,,
5EDS,diffdock,scored,0.9390117195675589,12.0,98,98,,
5EDS,equibind,scored,0.7197346566206989,12.0,98,98,,
5EFB,diffdock,scored,0.9780558306749855,12.0,93,91,,
5EFB,equibind,scored,0.8894649328015082,12.0,93,91,,
5EDI,diffdock,scored,0.0,12.0,97,94,G,
5EDI,equibind,scored,0.0,12.0,97,100,G,
5EH5,diffdock,scored,0.9658758267878844,12.0,86,89,,
5EH5,equibind,scored,0.8477227915972095,12.0,86,92,,
5EH8,diffdock,scored,0.9618206205787875,12.0,80,77,,
5EH8,equibind,scored,0.7576430444407053,12.0,80,93,,
5EH7,diffdock,scored,0.9680904758391715,12.0,93,94,,
5EH7,equibind,scored,0.8478472990851881,12.0,93,93,,
5EFJ,diffdock,scored,0.8639070428226682,12.0,98,89,F:B,
5EFJ,equibind,scored,0.6764118616695493,12.0,98,78,F:B,
5EFH,diffdock,scored,0.0,12.0,95,90,F,
5EFH,equibind,scored,0.0,12.0,95,60,F,
5EEI,diffdock,scored,0.9439610279347121,12.0,87,90,N,
5EEI,equibind,scored,0.0947813492847142,12.0,87,83,N,
5EHV,diffdock,scored,0.858032844379405,12.0,89,92,,
5EHV,equibind,scored,0.8913970971252124,12.0,89,99,,
5EHW,diffdock,scored,1.0,12.0,87,87,,
5EHW,equibind,scored,0.8332639633801585,12.0,87,90,,
5EI6,diffdock,scored,0.9539621709313576,12.0,87,85,,
5EI6,equibind,scored,0.8731211431196084,12.0,87,82,,
5EI2,diffdock,scored,0.9873329002806039,12.0,79,80,,
5EI2,equibind,scored,0.8972203045039706,12.0,79,79,,
5EI8,diffdock,scored,0.9758374906299317,12.0,83,83,,
5EI8,equibind,scored,0.9266980054005156,12.0,83,85,,
5EHP,diffdock,scored,0.0,12.0,89,82,C,
5EHP,equibind,scored,0.0,12.0,84,93,I,
5EJL,diffdock,scored,0.8894156092741818,12.0,91,93,B,
5EJL,equibind,scored,0.8387210383517606,12.0,91,83,B,
5EKH,diffdock,scored,0.9771289306352733,12.0,86,88,,
5EKH,equibind,scored,0.9190838221226919,12.0,86,85,,
5EIF,diffdock,scored,0.0,12.0,26,25,,
5EIF,equibind,scored,0.0,12.0,26,83,,
5EIW,diffdock,scored,1.0,12.0,18,18,,
5EIW,equibind,scored,0.01066220352548128,12.0,18,73,,
5EJE,diffdock,scored,0.9861912917332836,12.0,148,150,E,
5EJE,equibind,scored,0.18173333800794808,12.0,148,130,E,
5EGS,diffdock,scored,0.951258202358229,12.0,81,83,N,
5EGS,equibind,scored,0.0,12.0,81,66,N,
5EKJ,diffdock,scored,0.9238204099279973,12.0,89,92,,
5EKJ,equibind,scored,0.8901583198452012,12.0,89,91,,
5EKM,diffdock,scored,0.8237833503917761,12.0,98,89,,
5EKM,equibind,scored,0.8251257457688495,12.0,98,93,,
5EKN,diffdock,scored,0.981722397058902,12.0,111,109,,
5EKN,equibind,scored,0.7602221332189542,12.0,111,111,,
5EL9,diffdock,scored,0.0,12.0,30,31,,
5EL9,equibind,scored,0.022582175213580302,12.0,30,56,,
5EL2,diffdock,scored,0.9883314397708145,12.0,87,86,D,
5EL2,equibind,scored,0.3407823881383703,12.0,85,82,F,
5EKX,diffdock,scored,0.9462132572345696,12.0,18,19,,
5EKX,equibind,scored,0.0,12.0,18,81,,
5ELQ,diffdock,scored,0.0,12.0,71,49,C:D,
5ELQ,equibind,scored,0.12030025495206852,12.0,72,115,P:B,
5ELW,diffdock,scored,0.0,12.0,30,36,,
5ELW,equibind,scored,0.09914220235325275,12.0,30,81,,
5ELD,diffdock,scored,0.0,12.0,56,59,I:I,
5ELD,equibind,scored,0.03436892834044902,12.0,56,128,I:I,
5ELV,diffdock,scored,0.9160208568984048,12.0,94,94,AA,
5ELV,equibind,scored,0.5875045814720959,12.0,94,95,AA,
5EMA,diffdock,scored,0.3388714838409263,12.0,73,41,B:B,
5EMA,equibind,scored,0.39648825523357656,12.0,73,34,B:B,
5EM9,diffdock,scored,0.3472728143375952,12.0,67,45,B:B,
5EM9,equibind,scored,0.692297652465991,12.0,67,49,B:B,
5EMB,diffdock,scored,0.5536000271140742,12.0,72,44,B:B,
5EMB,equibind,scored,0.3238089233111458,12.0,72,35,B:B,
5ELZ,diffdock,scored,0.572790667243043,12.0,71,95,,
5ELZ,equibind,scored,0.42360880864632383,12.0,71,95,D,
5ELE,diffdock,scored,0.0,12.0,55,52,K:K,
5ELE,equibind,scored,0.00548493243405957,12.0,54,122,M:M,
5ELY,diffdock,scored,0.8711483461793091,12.0,117,108,,
5ELY,equibind,scored,0.5939337738153716,12.0,117,120,,
5ELF,diffdock,scored,0.0,12.0,50,51,N:N,
5ELF,equibind,scored,0.005641242653063642,12.0,50,127,N:N,
5ENC,diffdock,scored,0.9814711435638332,12.0,55,54,,
5ENC,equibind,scored,0.9229670711643256,12.0,55,51,,
5ENB,diffdock,scored,0.9305530761465849,12.0,56,58,,
5ENB,equibind,scored,0.8275839650208111,12.0,56,51,,
5ENE,diffdock,scored,0.9646421861503586,12.0,55,57,,
5ENE,equibind,scored,0.9214367743231525,12.0,55,51,B,
5ENF,diffdock,scored,1.0,12.0,50,50,,
5ENF,equibind,scored,0.9161186816933972,12.0,50,46,,
5ENH,diffdock,scored,0.9644166915988724,12.0,56,56,,
5ENH,equibind,scored,0.8923897916838528,12.0,56,56,,
5ENI,diffdock,scored,0.9807612281749718,12.0,53,52,,
5ENI,equibind,scored,0.960294601955561,12.0,53,51,,
5EN3,diffdock,scored,0.12519287034950669,12.0,56,56,E,
5EN3,equibind,scored,0.44538328791383625,12.0,57,75,C,
5ENJ,diffdock,scored,1.0,12.0,55,55,,
5ENJ,equibind,scored,0.9431032554051803,12.0,55,52,,
5EMJ,diffdock,scored,0.9174006324166867,12.0,100,94,,
5EMJ,equibind,scored,0.0,12.0,100,122,D,
5EPK,diffdock,scored,0.9779893536416586,12.0,49,48,B:B,
5EPK,equibind,scored,0.7105049789969267,12.0,49,38,B:B,
5ENM,diffdock,scored,0.9373893872551554,12.0,100,94,D,
5ENM,equibind,scored,0.8386271821897501,12.0,100,102,,
5ENK,diffdock,scored,0.9587007491215966,12.0,99,99,,
5ENK,equibind,scored,0.9072526390506412,12.0,99,102,,
5EP7,diffdock,scored,0.9835128812641588,12.0,62,61,,
5EP7,equibind,scored,0.9835150207363085,12.0,62,61,,
5EPL,diffdock,scored,0.4042397251377549,12.0,69,65,C:C,
5EPL,equibind,scored,0.5697172682048399,12.0,69,69,C:C,
5EQ0,diffdock,scored,0.6705925416258919,12.0,49,38,B:B,
5EQ0,equibind,scored,0.7795530255127522,12.0,49,40,B:B,
5EPS,diffdock,scored,1.0,12.0,52,52,,
5EPS,equibind,scored,0.8998827386901955,12.0,52,49,,
5EPR,diffdock,scored,0.8567198636835637,12.0,52,54,,
5EPR,equibind,scored,0.8402031707697588,12.0,52,48,,
5EPN,diffdock,scored,0.9308542746369093,12.0,88,90,D,
5EPN,equibind,scored,0.8420774907427833,12.0,88,75,D,
5ER1,diffdock,scored,0.7228346459269022,12.0,105,124,,
5ER1,equibind,scored,0.7301582318048417,12.0,105,111,B,
5EOU,diffdock,scored,0.9730190577655594,12.0,113,112,,
5EOU,equibind,scored,0.0,12.0,113,104,,
5EST,diffdock,scored,0.8836373390072331,12.0,94,91,,
5ETB,diffdock,scored,0.9298571902849895,12.0,57,55,,
5ETB,equibind,scored,0.8729093862887588,12.0,57,52,,
5ER2,diffdock,scored,0.9705937511394068,12.0,136,140,,
5ER2,equibind,scored,0.805585599831714,12.0,136,125,B,
5ES1,diffdock,scored,0.9552031310280217,12.0,89,89,,
5ES1,equibind,scored,0.8986500954201193,12.0,89,90,,
5EQP,diffdock,scored,0.9562408626001395,12.0,91,91,D,
5EQP,equibind,scored,0.08791371306828487,12.0,92,70,C,
5ETH,diffdock,scored,0.0,12.0,105,103,C,
5ETH,equibind,scored,0.10315976172830324,12.0,105,113,C,
5EU1,diffdock,scored,0.0,12.0,60,57,C,
5EU1,equibind,scored,0.007898815445380682,12.0,59,46,D,
5ETL,diffdock,scored,0.9200577393158477,12.0,89,84,W,
5ETL,equibind,scored,0.03592887276485857,12.0,83,62,S,
5ETU,diffdock,scored,0.019114762143730722,12.0,148,75,E:E,
5ETU,equibind,scored,0.10491827845941448,12.0,148,171,E:E,
5EVB,diffdock,scored,0.8887441026896367,12.0,72,72,,
5EVB,equibind,scored,0.8315785105951682,12.0,72,68,,
5EUE,diffdock,scored,0.0,12.0,125,127,F,
5EUE,equibind,scored,0.0027876681499236907,12.0,125,124,F,
5EUD,diffdock,scored,0.0,12.0,143,139,D,
5EUD,equibind,scored,0.6160760016745034,12.0,143,115,D,
5ETX,diffdock,scored,0.90820659867294,12.0,86,90,H,
5ETX,equibind,scored,0.15452034540098333,12.0,127,117,F,
5EUK,diffdock,scored,0.30087379526223107,12.0,149,98,E:E,
5EUK,equibind,scored,0.0971150710059025,12.0,149,158,E:E,
5EWD,diffdock,scored,0.959336790055684,12.0,49,49,,
5EWD,equibind,scored,0.8419827199544904,12.0,49,55,,
5EWH,diffdock,scored,0.9623032891685948,12.0,53,53,,
5EWH,equibind,scored,0.8636864423113799,12.0,53,50,,
5EV8,diffdock,scored,0.9271316129459988,12.0,81,83,G,
5EV8,equibind,scored,0.07188886270262261,12.0,84,91,R,
5EWY,diffdock,scored,0.9406092739105854,12.0,84,83,B,
5EWY,equibind,scored,0.5724454320803463,12.0,84,92,B,
5EVZ,diffdock,scored,0.0,12.0,112,112,H,
5EVZ,equibind,scored,0.024330753494911966,12.0,112,99,H,
5EXL,diffdock,scored,0.9530621619303878,12.0,107,108,,
5EXL,equibind,scored,0.8545493332990289,12.0,107,100,,
5EOM,equibind,scored,0.0,12.0,84,35,AA,
5EWM,diffdock,scored,0.9385693095265378,12.0,114,111,L,
5EWM,equibind,scored,0.03917302345505181,12.0,114,93,L,
5EWA,diffdock,scored,0.0,12.0,70,84,K,
5EWA,equibind,scored,0.318113347173283,12.0,87,91,G,
5EY0,diffdock,scored,0.8825432470395643,12.0,75,76,F,
5EY0,equibind,scored,0.19349219592785685,12.0,75,71,F,
5EXW,diffdock,scored,0.0,12.0,124,122,C,
5EXW,equibind,scored,0.052462551986428546,12.0,124,105,C,
5EYR,diffdock,scored,0.9694390556908044,12.0,100,97,,
5EYR,equibind,scored,0.7649125039836061,12.0,100,90,B,
5EYZ,diffdock,scored,0.1107846952393348,12.0,72,105,E:E,
5EYZ,equibind,scored,0.2066657135921456,12.0,96,81,F:F,
5EY4,diffdock,scored,0.0,12.0,80,124,D,
5EY4,equibind,scored,0.06871064045770432,12.0,82,125,C,
5EZX,diffdock,scored,0.8783382849121301,12.0,112,112,,
5EZX,equibind,scored,0.7884482815557415,12.0,112,101,,
5EZ0,diffdock,scored,0.0,12.0,79,50,F:F,
5EZ0,equibind,scored,0.1491959145859437,12.0,101,100,E:E,
5EZZ,diffdock,scored,0.9655533572495972,12.0,118,116,,
5EZZ,equibind,scored,0.8662685342137231,12.0,118,109,,
5F00,diffdock,scored,0.9554050458871851,12.0,112,111,,
5F00,equibind,scored,0.865672918979459,12.0,112,109,,
5F08,diffdock,scored,0.9695273928251456,12.0,98,99,,
5F08,equibind,scored,0.7787984089856392,12.0,98,102,,
5F1H,diffdock,scored,0.9827708232741702,12.0,58,59,C,
5F1H,equibind,scored,0.027314212966515407,12.0,56,44,D,
5F01,diffdock,scored,0.963926640110804,12.0,111,113,,
5F01,equibind,scored,0.852649041721144,12.0,111,105,,
5EY9,diffdock,scored,0.0,12.0,160,160,H,
5EY9,equibind,scored,0.0,12.0,160,20,H,
5F1J,diffdock,scored,0.9677437416130402,12.0,93,92,B,
5F1J,equibind,scored,0.8182801604384212,12.0,93,85,B,
5F2F,diffdock,scored,0.9129896093175589,12.0,48,44,B,
5F2F,equibind,scored,0.956907191306345,12.0,48,50,B,
5F25,diffdock,scored,1.0,12.0,60,60,C,
5F25,equibind,scored,0.0,12.0,59,43,D,
5F1C,diffdock,scored,0.0,12.0,104,101,L,
5F1C,equibind,scored,0.028403230997766097,12.0,107,111,T,
5F2K,diffdock,scored,0.00708239217056462,12.0,123,126,C,
5F2K,equibind,scored,0.37457093146377557,12.0,123,115,C,
5F1X,diffdock,scored,0.0,12.0,123,125,C,
5F1X,equibind,scored,0.030554802653621923,12.0,124,113,D,
5F1U,diffdock,scored,0.0,12.0,123,122,E,
5F1U,equibind,scored,0.27152212442273843,12.0,121,114,Q,
5F1V,diffdock,scored,0.0,12.0,124,121,H,
5F1V,equibind,scored,0.07277951135242125,12.0,124,80,H,
5F2R,diffdock,scored,0.0,12.0,126,125,C,
5F2R,equibind,scored,0.05462497870082351,12.0,126,107,C,
5EY8,equibind,scored,0.0,12.0,161,79,M,
5F2S,diffdock,scored,0.9817710924822984,12.0,109,111,GA,
5F2S,equibind,scored,0.0,12.0,109,26,TA,
5F2W,diffdock,scored,0.0,12.0,106,110,G,
5F2W,equibind,scored,0.0,12.0,110,23,LA,
5F39,diffdock,scored,0.9513877548166547,12.0,104,101,AA,
5F39,equibind,scored,0.0,12.0,104,23,G,
5F32,diffdock,scored,0.0,12.0,109,114,G,
5F32,equibind,scored,0.0,12.0,112,27,X,
5F67,diffdock,scored,0.35631744748757566,12.0,62,95,C:B,
5F67,equibind,scored,0.5116740222273799,12.0,88,129,D:D,
5F4N,diffdock,scored,0.9524599610729592,12.0,85,83,,
5F4N,equibind,scored,0.8614801051411978,12.0,85,87,,
5F6D,diffdock,scored,0.9794681735988113,12.0,48,49,,
5F6D,equibind,scored,0.9196201497445927,12.0,48,52,,
5F6U,diffdock,scored,0.9620132895245241,12.0,53,53,,
5F6U,equibind,scored,0.7647280423375092,12.0,53,45,,
5F3E,diffdock,scored,0.0,12.0,107,107,,
5F3E,equibind,scored,0.10241056241120042,12.0,107,58,,
5F3C,diffdock,scored,0.9468405470099276,12.0,112,116,O,
5F3C,equibind,scored,0.0,12.0,111,30,Z,
5F74,diffdock,scored,0.9717711918274589,12.0,107,106,C,
5F74,equibind,scored,0.7583089468691168,12.0,107,105,C,
5F3G,diffdock,scored,0.9550399247081189,12.0,112,111,,
5F3G,equibind,scored,0.0,12.0,112,60,,
5F8Y,diffdock,scored,0.0,12.0,42,43,C,
5F8Y,equibind,scored,0.0,12.0,43,75,I,
5FAH,diffdock,scored,0.9791252246445126,12.0,98,96,,
5FAH,equibind,scored,0.7316769427006063,12.0,98,83,C,
5F9B,diffdock,scored,0.9516714972522691,12.0,104,105,C,
5F9B,equibind,scored,0.160737853009615,12.0,104,81,,
5FBE,diffdock,scored,0.9048965559516536,12.0,105,101,,
5FBE,equibind,scored,0.7103291656500156,12.0,105,86,C,
5F3I,diffdock,scored,0.0,12.0,108,104,,
5F3I,equibind,scored,0.08067712077301578,12.0,108,50,,
5F94,diffdock,scored,0.9513278830330885,12.0,83,81,D,
5F94,equibind,scored,0.16686022371144427,12.0,83,72,D,
5FBI,diffdock,scored,0.94077639960379,12.0,84,85,,
5FBI,equibind,scored,0.7028535606849633,12.0,84,93,,
5F95,diffdock,scored,0.9632501229914974,12.0,83,82,D,
5F95,equibind,scored,0.3396125558399422,12.0,83,68,C,
5FB7,diffdock,scored,0.962545315773257,12.0,134,135,G,
5FB7,equibind,scored,0.006799121866755057,12.0,128,95,K,
5FCK,diffdock,scored,0.9405334349042901,12.0,102,100,,
5FCK,equibind,scored,0.8840472266343996,12.0,102,91,,
5FBO,diffdock,scored,0.8159396688691113,12.0,110,108,,
5FBO,equibind,scored,0.8432397414857717,12.0,110,109,,
5FDC,diffdock,scored,0.9660516906407414,12.0,88,87,,
5FDC,equibind,scored,0.8196486784914404,12.0,88,86,,
5FDI,diffdock,scored,0.9344608887304485,12.0,92,90,,
5FDI,equibind,scored,0.8496571343530008,12.0,92,92,C,
5FDZ,diffdock,scored,0.968106407396641,12.0,62,64,C,
5FDZ,equibind,scored,0.20127586924960203,12.0,62,104,C,
5FE6,diffdock,scored,0.0,12.0,61,59,,
5FE6,equibind,scored,0.2437510865177776,12.0,61,83,,
5FCZ,diffdock,scored,0.9464948173214808,12.0,94,93,B,
5FCZ,equibind,scored,0.8274039379224858,12.0,94,88,B,
5F91,diffdock,scored,0.07541192095609961,12.0,97,166,K,
5F91,equibind,scored,0.0,12.0,97,153,K,
5FDO,diffdock,scored,0.0,12.0,86,108,H,
5FDO,equibind,scored,0.12504828855697242,12.0,115,56,E,
5FE7,diffdock,scored,0.9468671538111557,12.0,56,55,,
5FE7,equibind,scored,0.5194158955215324,12.0,56,79,,
5FDR,diffdock,scored,0.9593406454407483,12.0,125,122,E,
5FDR,equibind,scored,0.5222268015477477,12.0,125,108,E,
5FH8,diffdock,scored,0.9532005207385886,12.0,63,64,G,
5FH8,equibind,scored,0.23315105523645657,12.0,89,83,H,
5FH6,diffdock,scored,0.0,12.0,63,88,E,
5FH6,equibind,scored,0.20242172808283837,12.0,87,63,G,
5FIV,diffdock,scored,0.910496527166744,12.0,54,59,,
5FIV,equibind,scored,0.6844542703523786,12.0,54,69,B,
5FHN,diffdock,scored,0.9572921402515704,12.0,118,117,F,
5FHN,equibind,scored,0.8489331629886716,12.0,118,109,F,
5FHM,diffdock,scored,0.1265285030349141,12.0,118,119,F,
5FHM,equibind,scored,0.6655822939734342,12.0,118,119,F,
5FJX,diffdock,scored,0.0,12.0,82,94,E:E,
5FJX,equibind,scored,0.02031105468333261,12.0,82,119,E:E,
5FHO,diffdock,scored,0.0,12.0,117,117,OA,
5FHO,equibind,scored,0.06456083413425487,12.0,118,77,EA,
5FI2,diffdock,scored,0.0,12.0,51,54,F,
5FI2,equibind,scored,0.3243813796709169,12.0,49,26,E,
5FI6,diffdock,scored,0.19950832393629514,12.0,104,103,F,
5FI6,equibind,scored,0.20080393606436087,12.0,104,79,F,
5FLP,diffdock,scored,0.9643696453097935,12.0,84,85,D,
5FLP,equibind,scored,0.8322018432004151,12.0,84,91,D,
5FLO,diffdock,scored,0.9776140101087913,12.0,90,90,,
5FLO,equibind,scored,0.7930877122771135,12.0,90,89,,
5FKY,diffdock,scored,0.0,12.0,90,92,E,
5FKY,equibind,scored,0.07634633908837671,12.0,90,74,E,
5FI7,diffdock,scored,0.9003618662341826,12.0,48,51,E,
5FI7,equibind,scored,0.1621098684229169,12.0,51,39,F,
5FLS,diffdock,scored,0.9499199830196469,12.0,78,80,,
5FLS,equibind,scored,0.8228593408224718,12.0,78,89,,
5FND,diffdock,scored,0.974332784984073,12.0,78,80,,
5FND,equibind,scored,0.8465075175547209,12.0,78,80,,
5FJW,diffdock,scored,0.0,12.0,69,61,L:I,
5FJW,equibind,scored,0.0571238334035258,12.0,107,33,M:J,
5FNJ,diffdock,scored,0.9290197148682638,12.0,89,85,G,
5FNJ,equibind,scored,0.8760369158118957,12.0,89,90,G,
5FNI,diffdock,scored,0.9567131134252946,12.0,92,92,,
5FNI,equibind,scored,0.9116283494895261,12.0,92,92,,
5FNQ,diffdock,scored,0.9581744083599635,12.0,95,97,B,
5FNQ,equibind,scored,0.8451030687034637,12.0,95,98,B,
5FNR,diffdock,scored,0.979783300911374,12.0,100,98,B,
5FNR,equibind,scored,0.8515437133173109,12.0,100,109,B,
5FNS,diffdock,scored,0.9733659344780575,12.0,115,112,B,
5FNS,equibind,scored,0.8845826122727658,12.0,115,124,B,
5FNT,diffdock,scored,0.9731949589595814,12.0,115,112,C,
5FNT,equibind,scored,0.8609251455050664,12.0,115,121,C,
5FOU,diffdock,scored,0.4181590818081256,12.0,72,40,C:B,
5FOU,equibind,scored,0.5750371280403783,12.0,72,60,C:B,
5FOT,diffdock,scored,0.4345843135317226,12.0,74,41,C:B,
5FOT,equibind,scored,0.4844745368521934,12.0,74,48,C:B,
5FOV,diffdock,scored,0.40317150015338005,12.0,73,41,F:D,
5FOV,equibind,scored,0.3346185876178676,12.0,73,47,F:D,
5FL0,diffdock,scored,0.9223573715281409,12.0,100,102,E,
5FL0,equibind,scored,0.09022638670229575,12.0,100,44,E,
5FOX,diffdock,scored,0.4643723896199954,12.0,73,46,C:B,
5FOX,equibind,scored,0.6134257190276989,12.0,73,55,C:B,
5FPK,diffdock,scored,0.4398787045865999,12.0,72,47,C:B,
5FPK,equibind,scored,0.5391711297486184,12.0,72,50,C:B,
5FL1,diffdock,scored,0.9383393003262602,12.0,98,96,C,
5FL1,equibind,scored,0.1440316520938565,12.0,98,59,C,
5FP0,diffdock,scored,0.8983253948154534,12.0,115,115,,
5FP0,equibind,scored,0.7659046955942483,12.0,115,121,,
5FS5,diffdock,scored,0.9568006842219173,12.0,47,47,B,
5FS5,equibind,scored,0.8613744608566554,12.0,47,41,B,
5FPU,diffdock,scored,0.9284218937583943,12.0,126,125,,
5FPU,equibind,scored,0.7342861822498489,12.0,126,119,,
5FQ9,diffdock,scored,0.9391845318814374,12.0,82,83,I,
5FQ9,equibind,scored,0.037380032250185796,12.0,82,79,I,
5FSL,diffdock,scored,0.9881392213284369,12.0,84,85,,
5FSL,equibind,scored,0.9024605824625459,12.0,84,84,,
5FSB,diffdock,scored,0.9395740288331265,12.0,49,50,O,
5FSB,equibind,scored,0.48893154772801056,12.0,49,39,O,
5FSC,diffdock,scored,0.9014846100976998,12.0,49,52,D,
5FSC,equibind,scored,0.1715070940819884,12.0,49,41,J,
5FOO,diffdock,scored,0.0,12.0,94,95,G,
5FOO,equibind,scored,0.3483138683824966,12.0,94,94,G,
