id,pose rmsd,qs score,lddt-pli,confidence,rescore_confidence
10gs,1.029537320137024,0.09110548571270077,0.8793919086456299,-0.71,0.74232
11gs,4.696710586547852,0.9110276830767456,0.626142144203186,-0.38,0.27171
16pk,3.9311294555664062,0.785134891848281,0.5757211446762085,-1.27,0.21914
184l,0.17749272286891937,0.9742048380829967,1.0,0.50,0.89067
185l,0.5397889614105225,0.9597356155802361,0.962579607963562,0.58,0.23987
186l,0.298050194978714,0.987176763268796,0.9977341294288635,0.23,0.70069
187l,0.35120952129364014,1.0,1.0,0.26,0.68912
188l,0.25370797514915466,1.0,1.0,0.03,0.87681
1a07,6.704807758331299,0.526077032867466,0.06801007688045502,-2.55,0.26095
1a0q,3.7490248680114746,0.8674345071108396,0.5110158920288086,-1.79,0.01586
1a28,0.644695520401001,0.0,0.9295454621315002,0.77,0.95413
1a30,5.57699728012085,0.6256251721399972,0.3950939476490021,-0.94,0.67316
1a42,0.9519435167312622,1.0,0.9027001857757568,0.03,0.88256
1a4g,0.8432372808456421,0.0,0.8964067101478577,0.39,0.84568
1a4h,2.305324077606201,0.8715668858675651,0.6060693860054016,-3.48,0.53949
1a4k,8.375306129455566,0.7976411281028425,0.2860746681690216,-0.91,0.07455
1a4m,0.9602155685424805,0.0,0.8729689717292786,0.46,0.86401
1a4q,1.2877529859542847,0.919071789827194,0.8240259885787964,-0.46,0.68027
1a4r,0.9897262454032898,0.8962566704176316,0.9170026779174805,0.21,0.65088
1a50,0.4854627549648285,0.9721660247904974,0.9662162065505981,0.49,0.95969
1a52,1.078238606452942,0.0,0.8499112129211426,-0.00,0.71407
1a7c,22.48726463317871,0.17554929565667843,0.023876404389739037,-2.11,0.06468
1a7x,5.829248428344727,0.6618085242578244,0.22938737273216248,-3.61,0.02742
1a85,1.5465974807739258,0.9634730381448371,0.7978959083557129,-0.23,0.41993
1a86,1.4727773666381836,0.963361898542032,0.8612110018730164,-0.19,0.63717
1a8i,0.9873923063278198,0.940541498657593,0.8558178544044495,0.42,0.25162
1a99,0.15211787819862366,0.9872628259542992,1.0,0.55,0.8147
1a9q,0.4018225073814392,0.9604169623515074,1.0,0.59,0.55578
1a9u,1.1845651865005493,0.9555128563991458,0.804724395275116,-0.45,0.3225
1aaq,1.9603363275527954,0.9701797051382304,0.8071160912513733,-0.90,0.6601
1abf,1.1023921966552734,0.9578749616297968,0.8485022783279419,-0.27,0.87022
1abt,,,,-2.90,0.16658
1ad8,31.779958724975586,0.02791342518947294,0.0,-2.27,0.00018
1add,0.44906893372535706,1.0,0.978537380695343,0.55,0.9311
1adl,1.909705638885498,0.945325057181406,0.6713483333587646,-0.89,0.16533
1ado,1.6523090600967407,0.0,0.7779411673545837,-0.15,0.23875
1af2,1.206075668334961,0.9408113073742848,0.8171506524085999,-0.12,0.55785
1af6,4.919317245483398,0.0,0.40283140540122986,-1.75,0.27848
1afk,2.2631423473358154,0.9843654591676928,0.7042360305786133,-1.20,0.24437
1afl,1.2739156484603882,0.0,0.7978723645210266,-1.01,0.02595
1agm,3.21844744682312,0.9210840065645536,0.6417078971862793,-1.17,0.4884
1ahx,0.2555990219116211,0.0,1.0,-0.29,0.90502
1ahy,0.854454755783081,0.946742498099965,0.9243772029876709,-0.36,0.51518
1ai4,0.48011454939842224,0.9887895861456418,0.9643765687942505,0.58,0.5973
1ai5,0.5812058448791504,1.0,0.9529411792755127,0.66,0.61664
1ai7,0.22519688308238983,0.9881190624365457,1.0,0.40,0.48482
1ajp,0.5237276554107666,1.0,0.9605942964553833,0.36,0.80781
1ajq,0.17155548930168152,0.9890542085500902,1.0,1.15,0.97742
1akq,0.5908114314079285,1.0,0.9662036895751953,0.67,0.96795
1akr,0.4734607934951782,1.0,0.9767216444015503,0.93,0.99474
1akt,0.8502015471458435,1.0,0.9231982231140137,0.68,0.84993
1aku,0.3017384111881256,1.0,1.0,1.17,0.64882
1akv,1.0328928232192993,1.0,0.8784140944480896,0.19,0.67983
1akw,0.5248435139656067,0.9850362398171514,0.9798933863639832,0.95,0.98597
1al7,0.8838716149330139,0.931905202020149,0.9053347110748291,-0.25,0.79221
1al8,0.687837541103363,0.9560777725693984,0.9461153149604797,-0.49,0.22754
1alw,,,,-0.92,0.53203
1amk,0.35049599409103394,0.9605900907278385,1.0,0.26,0.95259
1amn,0.41721153259277344,0.9910897188744501,0.9862831830978394,0.36,0.85889
1anf,1.1245214939117432,0.9397023622161421,0.8446038365364075,-0.72,0.68502
1ao0,11.780841827392578,0.0,0.07045277208089828,-1.14,0.01099
1apb,0.8416591286659241,0.9680922668575568,0.8902581930160522,-0.38,0.78084
1apv,10.807635307312012,0.5236005904911029,0.08000797778367996,-1.63,0.36893
1apw,9.332084655761719,0.5156731471561866,0.16247795522212982,-1.62,0.6598
1aq1,1.5123614072799683,0.9165912061580525,0.754643976688385,0.32,0.34748
1at5,3.6780004501342773,0.8986869297619742,0.4618055522441864,-2.85,0.45018
1at6,3.3826892375946045,0.9566699393525852,0.5668919086456299,-3.00,0.12431
1atl,1.0585676431655884,0.9874897648612511,0.8327538371086121,-0.30,0.75626
1au0,3.5214016437530518,0.920233206274733,0.6574150919914246,-0.74,0.39368
1au2,5.476499080657959,0.8329925522768252,0.4638602137565613,-0.81,0.18982
1auj,2.0335183143615723,0.8900889546530332,0.7621384263038635,-0.55,0.30129
1avd,1.1966807842254639,0.9845281152021704,0.8359497785568237,-0.10,0.90387
1avn,0.3487129509449005,1.0,1.0,-2.35,0.19373
1aw1,0.22747217118740082,0.0,1.0,0.08,0.86616
1awf,4.6340556144714355,0.8813162029425428,0.5568091869354248,-3.52,0.0558
1awh,0.8016541600227356,0.029446041755964963,0.9272836446762085,-1.29,0.29536
1awi,11.675639152526855,0.4941253248114936,0.0651877149939537,-3.03,0.02526
1ax0,0.6347141861915588,1.0,0.9696030020713806,-0.25,0.61245
1ax1,2.4076592922210693,0.9818077694430476,0.822429895401001,-1.15,0.72173
1ax2,1.4833221435546875,0.9630875459907844,0.8290646076202393,-1.22,0.12948
1axr,1.2691090106964111,0.8828301165664517,0.8320895433425903,0.02,0.61274
1axz,0.8713730573654175,0.9302353365673053,0.8989675641059875,-0.63,0.79525
1ayu,1.9718822240829468,0.9562064941331613,0.7328821420669556,-0.78,0.27495
1ayv,14.420859336853027,0.9440061494668561,0.1234293207526207,-0.63,0.18833
1aze,9.132832527160645,0.7940898313038903,0.12704358994960785,-2.57,0.0083
1azl,0.852088987827301,0.9695855971968999,0.9052995443344116,0.59,0.77623
1azm,1.2681022882461548,0.9178189241031134,0.8740208745002747,0.32,0.79534
1b05,6.115851402282715,0.791135531789184,0.3674033284187317,-2.56,0.67068
1b0f,1.4415849447250366,0.9684149705342873,0.8565656542778015,-0.83,0.30189
1b0h,1.790345311164856,0.9179757679541035,0.7107329964637756,-3.09,0.55123
1b2h,6.406618595123291,0.8305446709883982,0.3678489625453949,-2.03,0.45677
1b2i,0.9521223306655884,0.9744674665913196,0.8898176550865173,0.62,0.49913
1b32,1.7401278018951416,0.9059514817995931,0.7446550130844116,-3.39,0.54281
1b39,0.9033573269844055,0.9492270750250501,0.8873196840286255,-0.56,0.76614
1b3f,1.5157605409622192,0.9077159015623306,0.7634883522987366,-3.45,0.73396
1b3g,1.433885931968689,0.9056076412243609,0.7876884341239929,-3.65,0.6061
1b3h,1.6902492046356201,0.9157692404155956,0.7347958087921143,-2.73,0.6508
1b3l,1.970940351486206,0.0,0.7003311514854431,-3.50,0.38169
1b40,,,,-4.13,0.28118
1b46,2.0014119148254395,0.9144661516200862,0.6924757361412048,-3.55,0.57091
1b4d,1.078890085220337,0.9505636916333129,0.878912091255188,0.58,0.79032
1b4h,5.514545440673828,0.7768086295365002,0.4835890829563141,-2.26,0.57823
1b4z,4.51572322845459,0.7344645774504489,0.41611841320991516,-3.58,0.19976
1b51,6.432836532592773,0.689310602869908,0.2634785771369934,-3.03,0.0784
1b52,2.2627315521240234,0.8283949137497565,0.6559191346168518,-3.38,0.60675
1b55,1.9264686107635498,0.0,0.6673678159713745,-1.51,0.05297
1b56,2.2116541862487793,0.9437374586057382,0.6620036363601685,-0.16,0.84649
1b57,0.20523935556411743,0.0,1.0,0.24,0.91418
1b58,3.154738187789917,0.8369188483735871,0.586738646030426,-3.72,0.30137
1b5g,8.931625366210938,0.7255068072662616,0.25858670473098755,-1.89,0.24223
1b5h,5.817922592163086,0.6914388631243729,0.3662227690219879,-1.69,0.64668
1b5i,1.4892841577529907,0.9303829146765876,0.7565855979919434,-3.25,0.64146
1b5j,1.403024673461914,0.9004132357603993,0.7709739804267883,-3.55,0.675
1b6h,1.0066155195236206,0.9320867826260045,0.8886138796806335,-2.33,0.60812
1b6j,8.398120880126953,0.7684978079325591,0.2741708755493164,-2.48,0.00421
1b74,0.5991193056106567,1.0,0.9564777612686157,-0.91,0.68947
1b7h,1.2241941690444946,0.926455160708999,0.8329015374183655,-2.81,0.85856
1b8n,1.2247283458709717,0.9076133410235355,0.8261474370956421,0.12,0.30277
1b8o,1.005661129951477,0.9892965299877722,0.8899224996566772,0.19,0.64194
1b9j,3.085432767868042,0.8491979598154634,0.6032068729400635,-2.93,0.6593
1b9s,0.5501151084899902,0.9440644362062077,0.9639959335327148,0.21,0.83412
1b9t,0.6394333839416504,0.981564744161435,0.9405360221862793,0.57,0.60048
1b9v,1.3481847047805786,0.9286322246937708,0.7748618721961975,-0.21,0.60981
1ba8,0.8364907503128052,0.9318052312130374,0.9030070900917053,-0.57,0.67973
1bap,0.694489061832428,0.978022144029366,0.933552622795105,-0.28,0.85967
1bbz,8.436457633972168,0.33584933397490385,0.08361203968524933,-2.72,0.01213
1bcd,0.39839768409729004,0.988227616501198,0.9903509020805359,0.55,0.97502
1bcj,0.9771201014518738,0.0,0.8809880018234253,-0.97,0.68861
1bcu,4.535203456878662,0.6508958445648612,0.41437801718711853,0.17,0.09984
1bdl,,,,-0.66,0.31236
1bdq,,,,-0.29,0.3224
1bdr,0.6748670935630798,1.0,0.9355828166007996,-0.32,0.58156
1bgq,1.7246003150939941,0.915163303026175,0.6964017748832703,-0.42,0.68931
1bhx,3.9458260536193848,0.7286227057527892,0.4887295067310333,-1.41,0.02633
1bil,1.2264851331710815,0.9435646271870445,0.8122299313545227,-0.58,0.0803
1bim,,,,-0.75,0.59517
1bio,0.29932278394699097,0.9718548356190945,0.9992514848709106,-1.42,0.64737
1biw,4.766752243041992,0.0,0.5520588159561157,-1.06,0.85484
1bji,0.8595950603485107,0.9551987153609299,0.8880323171615601,0.09,0.63838
1bjr,10.130115509033203,0.6120649479476339,0.06729459762573242,-3.26,0.14877
1bkj,0.6844369769096375,0.07877620355532577,0.9623799324035645,-0.13,0.87735
1bky,0.14057643711566925,0.9810488366713093,1.0,0.70,0.89948
1bl6,0.7567630410194397,0.9325307898696276,0.9324596524238586,-0.50,0.65838
1bl7,1.1138242483139038,0.9007604034955199,0.8337339758872986,0.30,0.68294
1bmk,1.9801652431488037,0.8937032651202693,0.7232730388641357,-0.83,0.14589
1bmq,3.094277858734131,0.8522290566588556,0.575042188167572,-1.07,0.21686
1bn3,0.694577157497406,0.9778857713054953,0.9572301506996155,0.80,0.96349
1bnm,3.1189351081848145,0.9074075456208535,0.7191666960716248,-0.57,0.47609
1bnn,1.068839192390442,0.9141254242665905,0.8829681277275085,0.45,0.8196
1bnq,0.6223896741867065,0.9586960260202858,0.9510869383811951,0.65,0.92147
1bnt,1.6019295454025269,0.946176712853949,0.8049242496490479,-0.52,0.74023
1bnu,0.9693785905838013,0.9459613139690484,0.9131736755371094,0.84,0.7844
1bnv,1.3223892450332642,0.9676479581550524,0.7877442240715027,-0.18,0.29101
1bnw,0.5777701735496521,0.9666343455307052,0.970308780670166,1.05,0.84414
1bo5,35.29859161376953,0.0,0.0,-1.01,0.13957
1bp0,0.8305591940879822,0.9172628160971495,0.905024528503418,-0.08,0.87262
1bq3,,,,-2.64,0.54813
1bq4,3.589343786239624,0.7883742915931596,0.45659971237182617,-0.92,0.53806
1bqn,1.467657208442688,0.8926994566401232,0.7927740812301636,-0.24,0.80544
1br8,41.103843688964844,0.0328359050349644,0.0,-3.51,0.04436
1bt6,,,,-3.39,0.13488
1btn,1.2232059240341187,1.0,0.819252073764801,-0.66,0.65643
1bux,2.464026927947998,0.0,0.7496093511581421,-0.97,0.35841
1bv7,3.2126784324645996,0.9899931265937243,0.6026379466056824,-0.62,0.42148
1bwb,2.9688429832458496,0.9623239860112601,0.6389680504798889,-1.01,0.8017
1bwn,0.907251238822937,0.0,0.886199414730072,-1.03,0.36253
1bxo,1.8565492630004883,0.9368559901847218,0.6621507406234741,-1.49,0.44491
1bxq,0.6513766646385193,0.9543045242954108,0.9435721039772034,-0.09,0.7514
1bzc,1.2499818801879883,0.9503080625671492,0.8287914395332336,-1.03,0.27055
1bzj,1.6630135774612427,0.9615373347183974,0.8416058421134949,0.17,0.9322
1c12,0.52642422914505,0.9350085059291738,0.9410211443901062,-0.14,0.323
1c29,0.35226550698280334,0.9906206000204865,0.9921602606773376,0.13,0.68841
1c3b,0.2400866001844406,0.9876640264724584,1.0,0.53,0.52384
1c3e,0.8489890098571777,0.9656193390416983,0.901168704032898,-0.62,0.37194
1c3x,0.18594244122505188,0.9890484941104103,1.0,0.36,0.57809
1c4y,1.207213282585144,0.9343985424012782,0.8202764987945557,0.13,0.0818
1c5f,6.468214988708496,0.0,0.3059588670730591,-3.55,0.00887
1c5z,0.27728068828582764,1.0,1.0,0.79,0.94659
1c7e,0.8143385648727417,1.0,0.9244387149810791,0.60,0.91418
1c7f,0.6501782536506653,0.0,0.9644474387168884,1.09,0.95823
1c84,0.3067890703678131,0.9862998528351484,0.9917491674423218,0.67,0.90995
1c85,0.3058864176273346,0.9726364259499252,0.9976325631141663,0.61,0.86928
1c86,0.3542388677597046,1.0,0.991782009601593,0.89,0.91512
1c87,0.39950457215309143,1.0,0.9818339347839355,0.58,0.93984
1c88,0.351600706577301,0.9730167243310534,0.9937499761581421,0.99,0.89796
1c8l,4.87553596496582,0.7965891225663009,0.3520806133747101,-2.42,0.09276
1c8v,0.6429198980331421,0.9809817261258413,0.9368420839309692,0.11,0.82694
1c9d,0.5089976191520691,0.9809972911052459,0.963567852973938,0.23,0.84038
1cbr,0.46351122856140137,0.9896689188922855,0.967575192451477,0.23,0.85774
1cbx,0.2295682281255722,0.9793936763976119,1.0,0.41,0.6721
1cea,0.6218885779380798,0.984624633235942,0.9528985619544983,1.09,0.77537
1ceb,0.8468877673149109,0.9461301645650757,0.8995097875595093,1.03,0.96698
1cet,0.839542031288147,0.9683161880990659,0.9890410900115967,-1.16,0.90196
1cgl,2.1909220218658447,0.33348412980266107,0.7713983058929443,-0.77,0.63062
1ch8,1.0542105436325073,0.9669253385796643,0.8992842435836792,-0.06,0.78105
1ci7,1.316343903541565,0.9463931663474151,0.8538107872009277,-1.09,0.46145
1cil,0.5080219507217407,0.9686002465583411,0.98549884557724,0.64,0.96136
1cim,0.8337602019309998,0.9569532202411221,0.9220489859580994,0.98,0.51503
1cin,1.3982380628585815,0.9672949314252586,0.8144490718841553,-0.31,0.59033
1ciz,2.2669551372528076,0.9573443114798084,0.7595198750495911,0.10,0.8263
1cj1,1.5848963260650635,0.0,0.7607060074806213,-0.79,0.62222
1cka,14.439493179321289,0.6481209600006946,0.08007600158452988,-2.62,0.00171
1ckb,9.554945945739746,0.7600352882865307,0.23509015142917633,-2.57,0.01279
1clu,1.2832427024841309,1.0,0.8507194519042969,0.39,0.30475
1cnw,1.617313027381897,0.9027601995985295,0.8102803826332092,0.24,0.77484
1cny,2.0045735836029053,0.944886909664594,0.8779296875,-1.05,0.45386
1cp6,0.3786696791648865,0.9705820640600024,0.9938650131225586,-0.53,0.60424
1cpi,9.579291343688965,0.694119133260777,0.20043352246284485,-2.64,0.14435
1cps,0.6926442980766296,0.9789232814460217,0.9366883039474487,0.11,0.76718
1cqp,5.396022319793701,0.9510252330330606,0.3512345552444458,-1.02,0.46362
1cr6,8.705244064331055,0.0,0.25705644488334656,-0.23,0.82231
1cs4,53.154747009277344,0.0,0.0,0.25,0.38603
1ctr,0.6694207787513733,0.9609185169374044,0.9292635917663574,-1.17,0.06477
1ctt,1.0317413806915283,0.9713122773081663,0.8847305178642273,-0.21,0.90963
1ctu,0.7632627487182617,0.9865455798799942,0.9344795346260071,-0.21,0.64939
1cw2,0.7215721607208252,0.9718625311660265,0.9400656819343567,0.23,0.76857
1cwb,5.479610919952393,0.9466621155153124,0.3584154546260834,-3.71,0.00022
1cwc,3.593768835067749,0.9224196051142537,0.4881742596626282,-2.90,0.00067
1cx9,0.9655551314353943,0.9526165590600115,0.8745915293693542,0.15,0.75037
1cyn,4.536882400512695,0.8826673877510091,0.4107282757759094,-3.51,0.0005
1czc,0.8998611569404602,0.9615407334648226,0.8976833820343018,-0.45,0.83968
1cze,0.6262177228927612,0.9738290185627375,0.9497863054275513,-0.65,0.82012
1czk,0.7952853441238403,0.9481374410396491,0.9550949931144714,0.95,0.97941
1czl,0.587967574596405,0.9741198010871883,0.9563318490982056,0.99,0.9409
1czo,0.6047977805137634,1.0,0.9642542004585266,0.95,0.95429
1czr,0.28746291995048523,0.9743470648339425,0.9939352869987488,1.07,0.99356
1d04,0.5410683155059814,0.987242349327784,0.9711707830429077,1.04,0.97015
1d09,0.7417982816696167,0.0,0.9270650148391724,0.13,0.95297
1d1p,1.948153018951416,0.0,0.8483772873878479,0.10,0.89546
1d2e,0.6890524625778198,0.0,0.96882563829422,0.28,0.83301
1d2s,1.2696079015731812,0.9319945802147455,0.8174114227294922,-0.08,0.78414
1d3q,1.625556230545044,0.94838407417573,0.9013009071350098,-0.75,0.6053
1d4h,0.8643324375152588,0.9724744006519833,0.8890817761421204,-0.35,0.45422
1d4i,1.773155927658081,0.9433981690587465,0.769335150718689,-0.44,0.49037
1d4j,1.7054015398025513,0.934842106298916,0.7469177842140198,-0.68,0.49771
1d4t,11.944133758544922,0.5425054706195869,0.045846644788980484,-2.96,0.04242
1d4y,2.96305251121521,0.951318469653785,0.7195318937301636,-0.05,0.7546
1d6n,0.22056645154953003,1.0,1.0,0.24,0.86253
1d6s,1.5357383489608765,0.8985190282974184,0.7660398483276367,-2.25,0.20471
1d6w,1.0480395555496216,0.9405408199912243,0.8382206559181213,-0.56,0.34548
1d7i,0.1899101436138153,0.0,1.0,0.23,0.32572
1d7j,0.5593679547309875,0.0,0.9617347121238708,0.27,0.91777
1d8e,8.29426383972168,0.4143373827819783,0.10406922549009323,-3.08,0.29267
1d9i,1.0295661687850952,0.9473652913500694,0.8770883083343506,-0.40,0.83661
1dar,0.9986415505409241,0.9718905664663219,0.9250326156616211,-0.01,0.23954
1db1,0.8297221064567566,0.9453612020437125,0.90220046043396,-0.15,0.40036
1db5,0.5202621817588806,0.9878904424544513,0.9723719954490662,-0.15,0.80407
1dbb,2.930189847946167,0.91463927478378,0.5866851806640625,-0.90,0.59593
1dbj,5.405098915100098,0.7705621677468785,0.2828125059604645,-0.73,0.45582
1dbk,2.686715602874756,0.8464978560120893,0.5904411673545837,-0.55,0.55433
1ddm,18.191181182861328,0.4195350477748386,0.007856341078877449,-3.29,0.00089
1det,4.716221332550049,0.9000046011061804,0.35981011390686035,-1.02,0.01865
1df8,0.9766353964805603,0.02827950897887549,0.8772242069244385,-0.02,0.95717
1dg9,0.5688884258270264,1.0,0.9779236316680908,-0.09,0.88387
1dmb,8.02098560333252,0.8618481291190214,0.20917896926403046,-3.39,0.20646
1dmp,3.287846088409424,0.9898122739042982,0.613967776298523,-0.46,0.86269
1dmt,3.7079250812530518,0.8551343472178745,0.6180490255355835,-1.40,0.28136
1dqx,0.847436785697937,0.0,0.8967983722686768,-0.23,0.48757
1drj,0.586615800857544,0.9476378835074657,0.9582366347312927,0.02,0.98951
1drk,1.0224404335021973,0.9684865695953999,0.866304337978363,-0.05,0.84465
1dth,3.0299623012542725,0.9268021219361908,0.5321888327598572,-0.67,0.58593
1dub,1.1481108665466309,0.0,0.899350643157959,-0.92,0.49937
1dud,22.749284744262695,0.17152806561372796,0.001607717014849186,-0.81,0.39186
1duv,1.2576380968093872,0.9565941623617187,0.8239436745643616,0.16,0.80599
1dx6,1.599311113357544,0.8662985980662277,0.7081618905067444,0.41,0.7633
1dxp,,,,-2.24,0.17633
1dy4,3.6289761066436768,0.8161936185018351,0.6416666507720947,0.14,0.35455
1dzj,,,,-0.29,0.24838
1dzk,0.5903977155685425,0.9558556149063967,0.9545454382896423,-0.50,0.37572
1dzm,0.2878796458244324,0.9797902510658587,0.9951716661453247,0.23,0.16123
1dzp,1.9788435697555542,0.9570712993038113,0.6887755393981934,0.29,0.51323
1e00,0.9071156978607178,0.9237800836192501,0.8742470145225525,-0.18,0.23897
1e02,1.7467937469482422,0.005057331656331656,0.6916859149932861,-0.27,0.19209
1e06,0.757470965385437,0.9657371591186109,0.9185855388641357,-0.26,0.69543
1e1y,1.116322636604309,0.9281448993460784,0.9413996338844299,-0.64,0.65518
1e2k,1.4549238681793213,0.9155933855549231,0.7952044010162354,0.11,0.91392
1e2l,0.3839337229728699,0.9810548037384185,0.9938162565231323,0.09,0.95783
1e34,1.3039270639419556,0.9357262787102166,0.8481996655464172,-1.37,0.68161
1e3g,0.6799566149711609,0.9823562288471973,0.9346330165863037,0.57,0.97914
1e3v,2.035154104232788,0.004691954906867811,0.6930969953536987,-0.93,0.67986
1e4h,0.9108285903930664,0.9034488701297977,0.9094488024711609,-0.59,0.49327
1e5j,1.2907623052597046,0.921250563403559,0.7944862246513367,-1.91,0.45075
1e66,0.4934921860694885,0.9261925111292474,0.9816446304321289,0.21,0.91628
1e6s,0.3737625181674957,0.9788115701405996,0.9830415844917297,0.03,0.63785
1e72,0.30124279856681824,0.9690670763275213,0.9967461824417114,0.30,0.88846
1eas,0.4977276027202606,0.9694337468976091,0.955719530582428,-0.26,0.55741
1eb1,39.48221206665039,0.013690032487023418,0.0,-3.12,0.16305
1ebg,1.3244256973266602,0.9286438412764705,0.8210290670394897,0.98,0.6935
1ebw,0.9655345678329468,0.9804250459274807,0.8948559761047363,-0.36,0.9046
1eby,0.9076144099235535,0.95249905174687,0.8842592835426331,-0.47,0.62251
1ecv,0.6711094975471497,0.9593370838947829,0.9671762585639954,0.28,0.66035
1eed,3.3185198307037354,0.922121783833771,0.7594995498657227,-0.62,0.57352
1egh,0.27889183163642883,0.011263490826807061,1.0,-0.03,0.9595
1ek1,7.5821428298950195,0.0,0.3125704526901245,0.46,0.75026
1ek2,1.242903470993042,0.9190372636116075,0.8061563968658447,-0.35,0.83938
1ekb,,,,-2.62,0.00136
1ela,0.7396262288093567,0.9666973143242239,0.9297573566436768,-0.44,0.90641
1elr,8.935916900634766,0.39569230208053063,0.08060288429260254,-2.91,0.1017
1els,0.48392683267593384,0.9669216463380014,0.9711538553237915,0.40,0.60008
1em6,1.2352045774459839,0.9396125258028644,0.8701388835906982,-0.48,0.78844
1ent,0.9467698931694031,0.954023355421363,0.8878968358039856,-0.23,0.62707
1eoj,,,,-3.82,0.03807
1eol,,,,-3.50,0.00337
1eou,2.3187503814697266,0.8866140624099786,0.6436651349067688,-0.73,0.68608
1epo,0.8200558423995972,0.9455404081529979,0.9169642925262451,-0.18,0.59694
1epp,6.538557052612305,0.8972594390890037,0.41939985752105713,-1.13,0.58728
1epq,,,,-0.27,0.68033
1erq,0.49765458703041077,0.9888651993061618,0.9733777046203613,0.04,0.79187
1eve,2.1547226905822754,0.9130068212927969,0.7378934621810913,-0.62,0.77105
1evh,,,,-2.71,0.01212
1ew8,0.2677684426307678,0.0,0.9900000095367432,0.12,0.86959
1ew9,0.19261299073696136,0.9870977775443555,1.0,-0.25,0.85676
1exv,1.3816574811935425,0.8662133442559514,0.8305452466011047,-0.76,0.66437
1exw,,,,-0.77,0.71709
1ez9,2.291179895401001,0.0,0.6846234202384949,-1.80,0.53466
1ezf,2.4532344341278076,0.8531159448053438,0.5690298676490784,-2.02,0.29863
1f1j,7.623115539550781,0.0,0.29543665051460266,-1.85,0.16185
1f2o,4.466483116149902,0.5527573080053791,0.43481847643852234,-1.78,0.09165
1f2p,5.138603687286377,0.5057306286946425,0.350632905960083,-1.26,0.07221
1f3j,24.132463455200195,0.0,0.007469926495105028,-3.38,0.29035
1f40,2.0542843341827393,0.9211467663807877,0.6975587606430054,-0.28,0.72565
1f47,20.406126022338867,0.31496073302031724,0.0005973715451546013,-3.20,0.00057
1f4e,0.8039368391036987,0.9517092702690269,0.8849502205848694,-0.60,0.42173
1f4x,27.910629272460938,0.05520591193376921,0.0,-2.13,0.57396
1f57,0.27634501457214355,0.9750348872572295,1.0,0.73,0.92484
1f73,0.7933878898620605,0.0,0.9249100685119629,-0.49,0.73174
1f74,1.2587133646011353,0.9333957660692374,0.8449033498764038,-0.24,0.83755
1f7b,0.9086813926696777,0.9611882155950381,0.9357394576072693,-0.69,0.57326
1f8a,,,,-3.04,0.09276
1f8b,1.0126605033874512,0.9439782560249808,0.9128788113594055,0.39,0.9356
1f8c,0.7719075083732605,0.9532024652388521,0.9284313917160034,0.58,0.91784
1f8d,1.1233028173446655,0.9440655442985398,0.8700750470161438,0.29,0.71651
1f8e,0.762690007686615,0.9536858684396651,0.9507797360420227,0.68,0.68951
1f90,26.96830940246582,0.15942374422350727,0.0,-3.22,0.05831
1f9e,10.765216827392578,0.12246170647386348,0.0,-2.39,0.34244
1f9g,0.7182822823524475,0.972666095724201,0.8875545859336853,-0.17,0.3957
1fao,1.2587963342666626,0.9761943779333611,0.8258564472198486,-1.08,0.52401
1fax,0.8490592837333679,0.9586659024302907,0.9544931054115295,-0.14,0.79323
1fbm,0.7471200823783875,0.8767361187127666,0.837436318397522,-0.73,0.55997
1fcx,0.4122690260410309,0.982914693405405,0.9761350154876709,0.29,0.91714
1fcy,0.273859441280365,0.9747216109208615,0.9967911243438721,0.41,0.97278
1fcz,0.5606921315193176,0.9745693760599153,0.9653667211532593,0.52,0.6974
1fdq,1.323732852935791,0.9683987876122687,0.7942989468574524,-0.47,0.05679
1fe3,1.129530668258667,0.953924807941541,0.8279467821121216,-0.30,0.14271
1ff1,23.81285285949707,0.29165815937872563,0.021607806906104088,-2.51,0.49
1fh7,1.8698594570159912,0.9148327900091896,0.7197193503379822,-0.57,0.40945
1fh8,1.0167021751403809,0.9500871242052202,0.8717047572135925,-0.03,0.69975
1fh9,0.42056259512901306,0.9879602425566562,0.9831768274307251,0.03,0.98072
1fhd,1.1129735708236694,0.9759142915337797,0.8846433758735657,-0.08,0.76024
1fig,4.7658514976501465,0.8016237112535438,0.3412483036518097,-1.68,0.16015
1fiv,15.037566184997559,0.8955280506216655,0.13102158904075623,-2.99,0.02738
1fj4,0.29272398352622986,0.0,1.0,-0.06,0.80108
1fkb,7.979127883911133,0.928905075068345,0.2239776998758316,-4.58,0.14119
1fkf,2.9924230575561523,0.9145577356229492,0.49281609058380127,-3.27,0.31383
1fki,2.300469160079956,0.9123772602615876,0.5851134657859802,-1.66,0.08042
1fkn,12.298199653625488,0.3588422653128649,0.10084856301546097,-3.93,0.00553
1fkw,0.8251299262046814,0.9903601355230004,0.9247491359710693,0.30,0.88808
1flm,0.582748293876648,0.9806224380418785,0.9694163799285889,0.27,0.96247
1fmb,3.2477240562438965,0.9204286415565344,0.7566137313842773,-2.29,0.74213
1fo0,30.98242950439453,0.10187421848207157,0.0,-2.30,0.33108
1fo2,1.5710172653198242,0.9434390339421674,0.78287672996521,-1.02,0.24211
1fo3,1.0122435092926025,0.9377913756562387,0.8668224215507507,-0.79,0.73143
1fpc,9.380865097045898,0.6801392058137793,0.23168006539344788,-1.95,0.3378
1fpi,0.8120413422584534,0.0,0.9334442615509033,0.30,0.61521
1fpp,14.955171585083008,0.25812184597193194,0.008646245114505291,-3.09,0.06119
1fq4,1.3832581043243408,0.9235895871330358,0.798975944519043,-0.46,0.49904
1fq5,2.2265737056732178,0.92557289823348,0.6651937365531921,-1.67,0.28636
1fq6,1.8127168416976929,0.8917083680106584,0.7714496850967407,-0.92,0.58039
1fq7,2.192932367324829,0.8997705672591806,0.7292886972427368,-0.38,0.43012
1fq8,0.7454042434692383,0.9832522573993489,0.9126865863800049,0.42,0.53181
1fsg,0.13423259556293488,1.0,1.0,0.63,0.87524
1fsw,2.375453233718872,0.9754832036947867,0.7804054021835327,0.42,0.40263
1fsy,0.4674069583415985,0.9538178278839575,0.9836065769195557,0.57,0.23586
1ft7,0.3443869352340698,0.9758477132961617,0.9948680400848389,0.50,0.60412
1ftj,0.3425016701221466,0.0,1.0,-4.36,0.97913
1ftk,0.9510804414749146,0.9579257526325091,0.869918704032898,0.78,0.69984
1ftm,0.468368798494339,0.0,0.9797029495239258,0.67,0.82139
1fv0,4.395529270172119,0.9426808882536919,0.4623507857322693,-0.37,0.56564
1fv9,0.1508634388446808,0.976031849488288,1.0,0.47,0.76728
1fvt,0.673830509185791,0.9757390381992017,0.9366196990013123,0.51,0.85176
1fw0,0.8552285432815552,0.9482393813695634,0.9054999947547913,0.76,0.8688
1fwe,0.143479123711586,1.0,0.9128440618515015,0.45,0.47263
1fwv,2.789412498474121,0.9741216477493473,0.788583517074585,-2.52,0.57299
1fyr,7.343856334686279,0.0,0.39905062317848206,-2.35,0.06748
1fzk,5.542543411254883,0.7021738508667111,0.30877482891082764,-3.00,0.07051
1fzo,7.1293792724609375,0.6569677997417925,0.26030027866363525,-3.19,0.0844
1fzq,1.0756984949111938,0.9134466777485383,0.9137709140777588,0.13,0.95593
1g1d,0.3978296220302582,1.0,0.9952038526535034,0.63,0.95594
1g27,0.8310962915420532,0.0,0.9182344675064087,0.11,0.64334
1g2a,4.13139533996582,0.8477087615681386,0.7566244006156921,0.05,0.89225
1g2o,0.7399641871452332,0.9811381291310483,0.9360380172729492,0.40,0.84808
1g37,2.001513957977295,0.9006667459742563,0.7324486374855042,-0.22,0.33319
1g3f,7.593240261077881,0.43409104689197026,0.10676156729459763,-2.69,0.06392
1g3m,0.9421935081481934,0.0,0.8991769552230835,0.10,0.96771
1g42_a,1.7876063585281372,0.8458033151708293,0.7640306353569031,-0.10,0.40561
1g42_b,2.874066114425659,0.8927557330071891,0.5351239442825317,-0.17,0.45424
1g45,0.7268956899642944,0.9564790719646806,0.9285714030265808,0.25,0.83257
1g46,1.5312120914459229,0.9444406904510481,0.8450323939323425,0.22,0.36704
1g48,0.8921815752983093,0.9352135328892898,0.8810344934463501,0.10,0.30682
1g4j,1.0144716501235962,0.978108706490474,0.896195650100708,-0.17,0.69336
1g4o,0.9897715449333191,0.9773084940421674,0.936855673789978,0.54,0.92106
1g50,1.320443868637085,0.0,0.8201376795768738,0.03,0.72036
1g52,1.617900013923645,0.966840091712415,0.8893616795539856,0.59,0.93566
1g53,0.7185060381889343,0.9568783683066098,0.9227467775344849,0.38,0.84199
1g54,0.6515952348709106,0.9781853493898326,0.9469387531280518,0.49,0.95511
1g5f,0.09713850170373917,1.0,1.0,-0.08,0.62151
1g5s,0.5857853889465332,0.9404962027401301,0.9605262875556946,0.71,0.87645
1g6g,,,,-3.01,0.01836
1g6s,0.8124825358390808,0.9468191183164528,0.9334951639175415,-0.22,0.7309
1g74,6.788437843322754,0.9885071494600757,0.17685475945472717,-0.56,0.07327
1g7g,0.9648497104644775,0.9540413474391087,0.8947368264198303,-1.06,0.83141
1g7p,5.987072944641113,0.8602539177808348,0.30259594321250916,-3.18,0.00204
1g7q,4.577671527862549,0.7504363977692291,0.44033873081207275,-3.84,0.05088
1g7v,1.4997315406799316,0.9659103669996675,0.8129770755767822,-1.00,0.68421
1g85,1.7392578125,0.8968625657399275,0.7615273594856262,-0.16,0.29255
1g9r,1.35952889919281,0.9573622239756671,0.7911911606788635,-0.26,0.22673
1g9s,1.2210474014282227,0.9111922013328096,0.8682659864425659,-0.19,0.75498
1g9t,0.983838677406311,0.9446014043059584,0.8838087320327759,-0.54,0.41537
1ga8,3.6912648677825928,0.9591583602856739,0.46674680709838867,-0.77,0.30274
1ga9,0.4489178955554962,0.9663665668224805,0.9649532437324524,-0.03,0.22204
1gag,20.279041290283203,0.3070583137035388,0.0006265664123930037,-3.02,0.0089
1gah,3.0849924087524414,0.9294973841357608,0.7288024425506592,-1.17,0.74301
1gai,3.134413003921509,0.9189478037748071,0.6814063787460327,-1.26,0.7017
1gar,2.203838348388672,0.9195791636841072,0.7766166925430298,-0.74,0.63598
1gbt,0.6105361580848694,0.9557990621403584,0.9674757122993469,0.12,0.8171
1gca,0.7632479667663574,0.9493727789424697,0.9050279259681702,-0.28,0.77975
1gcz,0.6112987399101257,0.9741543641313245,0.9628099203109741,0.54,0.93884
1gfw,2.5943119525909424,0.9356659635271046,0.699525773525238,-1.07,0.138
1gfy,0.5030001997947693,0.9732276843071731,0.9762895107269287,0.96,0.8508
1ggd,1.3243184089660645,0.9319712126272159,0.8620154857635498,-0.16,0.30383
1ggn,9.686776161193848,0.36505423188518543,0.1378394365310669,-0.56,0.25783
1gmy,,,,0.09,0.23311
1gni,0.9457739591598511,0.9656665333003682,0.8877049088478088,-0.18,0.22394
1gnj,1.0314137935638428,0.9646641495059008,0.8390070796012878,-0.12,0.22205
1gny,1.6843714714050293,0.9351263346951503,0.7920138835906982,-1.57,0.11503
1gpk,0.2807799279689789,0.9718307632738056,0.9956217408180237,0.84,0.95681
1gpn,0.36101484298706055,0.9811919954763975,0.9957627058029175,0.27,0.89637
1gpy,31.580989837646484,0.0,0.0,-0.52,0.36606
1grp,0.9053772687911987,0.9863887693974069,0.9198841452598572,-0.71,0.81518
1gsz,0.6490330100059509,0.955958010434509,0.9329865574836731,-0.03,0.8222
1gt1,2.50578236579895,0.9434895235217208,0.5826709270477295,-0.02,0.48696
1gt3,1.2706443071365356,0.9329608722429693,0.8580562472343445,-0.07,0.68475
1gt4,1.0085563659667969,0.9769066532234982,0.8571428656578064,-0.47,0.36392
1gt5,0.48251044750213623,0.966870993353862,0.9718614816665649,0.08,0.78298
1gu1,1.8404169082641602,0.009967732167568497,0.7720306515693665,0.46,0.75903
1gu3,3.1938281059265137,0.8552502257444801,0.5507699847221375,-2.68,0.15788
1gui,3.411034107208252,0.9518371900623851,0.6600836515426636,-2.61,0.31024
1guw,22.773496627807617,0.8686746263487451,0.09599693864583969,-3.57,0.08873
1gux,29.868497848510742,0.10579469727362635,0.0,-3.14,0.1928
1gvk,7.460134506225586,0.5637848864552004,0.18474669754505157,-3.33,0.01837
1gvw,1.0736218690872192,0.975912770503558,0.8666347861289978,-0.06,0.47194
1gwm,3.1827192306518555,0.9494583996794032,0.5197916626930237,-2.31,0.20504
1gwq,13.805112838745117,0.0,0.10911425203084946,-3.17,0.17949
1gwr,29.050251007080078,0.10587372698200372,0.0,-2.99,0.20691
1gwv,2.6586215496063232,0.9378786372384942,0.700764000415802,-1.11,0.11467
1gww,1.00858473777771,0.0,0.8737531304359436,0.20,0.49195
1gx0,1.130949854850769,0.9683264194338144,0.8381295204162598,0.15,0.62597
1gx4,0.8939785957336426,0.9470068941190182,0.8860718607902527,0.18,0.54258
1gx8,1.295816421508789,0.9583189288673658,0.8574610352516174,0.13,0.59836
1gym,1.3452939987182617,0.8914220440631899,0.816067636013031,-1.60,0.12915
1gyx,0.31229090690612793,0.016689362292766283,0.9697231650352478,0.02,0.67479
1gz9,2.1359832286834717,0.9499703139242942,0.7325851321220398,-1.57,0.26909
1gzc,1.280984878540039,0.9818776806738795,0.8225274682044983,-1.24,0.17495
1gzg,5.775473117828369,0.0,0.3013308048248291,-0.15,0.75955
1h00,1.0578299760818481,0.9265203052625047,0.8900273442268372,-0.50,0.73135
1h01,2.141263008117676,0.9056683461004638,0.7089914679527283,-0.73,0.57805
1h08,1.505195140838623,0.9379176656787404,0.7897350788116455,-0.60,0.70943
1h0a,1.558234691619873,0.981348000798132,0.8316993713378906,-0.97,0.32286
1h0r,0.41626957058906555,0.9846823806372285,0.9759953022003174,0.59,0.88829
1h0w,0.4077126681804657,0.9861407710139144,0.9858078360557556,0.29,0.21648
1h1b,1.2280747890472412,0.00884095585459084,0.8189922571182251,-0.99,0.64644
1h1h,,,,-2.22,0.15295
1h1p,0.38615232706069946,0.9860745326920807,0.9838383793830872,0.82,0.46002
1h1q,1.087214469909668,0.9118951900339541,0.8776077628135681,0.86,0.23835
1h1r,1.1340224742889404,0.0,0.8519999980926514,0.88,0.37719
1h1s,0.44031766057014465,0.9380472452092536,0.9887140989303589,0.64,0.78238
1h22,1.055946946144104,0.9553057624285055,0.8611111044883728,-0.36,0.20067
1h23,1.0188273191452026,0.9325095976021963,0.860116183757782,-0.36,0.36443
1h24,3.9563167095184326,0.0,0.46746158599853516,-2.32,0.28771
1h27,4.602081298828125,0.0,0.5304733514785767,-2.10,0.1745
1h2k,0.21422885358333588,1.0,1.0,0.61,0.91989
1h2t,1.3787071704864502,0.9049300777754117,0.8026971220970154,-2.16,0.15245
1h35,1.3842954635620117,0.0,0.8062652349472046,-0.40,0.66002
1h37,2.3984029293060303,0.0,0.6393401026725769,-0.00,0.69311
1h39,0.6997975707054138,0.0,0.9222813248634338,-0.04,0.80444
1h3a,0.7828832864761353,0.0,0.9071609377861023,-0.38,0.75408
1h3c,0.8964855074882507,0.0,0.8754480481147766,-0.27,0.65924
1h3h,9.307624816894531,0.6237573210626803,0.14699570834636688,-3.15,0.06513
1h46,1.616745114326477,0.924945193830549,0.789826512336731,-0.42,0.70616
1h4n,0.5994152426719666,0.9275067691588069,0.9766790866851807,-0.15,0.57562
1h5u,7.870968818664551,0.6046442153198012,0.2961236536502838,-1.61,0.63931
1h5v,1.424372673034668,0.9093934173136444,0.7854969501495361,-1.76,0.26932
1h60,1.5510560274124146,0.948798793694557,0.8282520174980164,-0.49,0.67127
1h61,1.4838796854019165,0.9787361714420456,0.832442045211792,-0.52,0.62386
1h62,0.7875974178314209,0.9465889391222617,0.9163066744804382,-0.13,0.75087
1h6h,3.0130434036254883,0.9364485644477051,0.7630252242088318,-2.90,0.07323
1h79,3.7590129375457764,0.8550327827424316,0.3946785032749176,-0.64,0.12077
1h8y,1.3739981651306152,0.962421449349448,0.842292070388794,-1.10,0.20446
1h9l,10.384892463684082,0.489228634038054,0.15285110473632812,-3.19,0.13196
1hbj,1.8054966926574707,0.951504158444969,0.7271028161048889,-1.24,0.60493
1hbv,3.0015761852264404,0.9797474605813006,0.5944170951843262,-1.08,0.77415
1hc9,24.936267852783203,0.0,0.0009526401991024613,-3.44,0.00096
1hee,0.5351675152778625,0.0,0.9623430967330933,0.45,0.78725
1hef,11.251463890075684,0.8075746875630319,0.11465517431497574,-3.20,0.25431
1heg,11.887913703918457,0.8626615551497172,0.13826999068260193,-2.85,0.58303
1hge,0.9772518873214722,0.9854047314760598,0.8830274939537048,-0.18,0.62854
1hgi,1.5542854070663452,0.0,0.7777246832847595,-0.07,0.27258
1hgj,27.131866455078125,0.05805397333342221,0.0,-1.88,0.30474
1hgt,,,,-3.52,0.00196
1hi3,,,,-2.28,0.19181
1hi4,0.929717481136322,0.9318357446630662,0.9192370176315308,-0.64,0.31418
1hi5,10.169615745544434,0.6030922471524384,0.17550790309906006,-1.48,0.074
1hih,4.855849742889404,0.9702953425218152,0.41295763850212097,-0.86,0.61083
1hiv,1.5704673528671265,0.9622843948358432,0.7730903029441833,-1.19,0.33329
1hk3,0.6582349538803101,0.9504523732873463,0.9357671141624451,-0.25,0.49581
1hk5,9.85980224609375,0.7115042068863349,0.2772952914237976,-0.54,0.47193
1hkj,,,,-1.47,0.5656
1hkk,,,,-1.49,0.40348
1hkm,,,,-1.39,0.39756
1hlf,1.8123754262924194,0.889508699579645,0.774218738079071,-0.22,0.71916
1hlk,0.8651100397109985,0.0,0.850649356842041,0.58,0.3313
1hmr,0.9924576878547668,0.9764284160601886,0.8656250238418579,-0.13,0.13429
1hms,0.7326056361198425,0.9880585260689443,0.9219924807548523,0.04,0.28572
1hmt,0.6834060549736023,0.964813470031921,0.9287054538726807,0.03,0.35181
1hn2,0.5424830913543701,0.9443274703297259,0.9556623697280884,0.01,0.66956
1hn4,1.0801737308502197,0.9163587892445382,0.8369191288948059,-0.13,0.13762
1hnn,0.6605309247970581,0.003944069628286283,0.9298336505889893,0.29,0.86722
1hos,1.345165491104126,0.9899601023315971,0.8087121248245239,-1.01,0.62916
1hp5,0.7261167168617249,0.9786814589451902,0.9292792677879333,0.45,0.90573
1hpx,1.4678494930267334,0.9698585080140363,0.7511180639266968,-1.05,0.55842
1hqf,1.1537270545959473,0.8949453883595642,0.8354368805885315,0.28,0.62712
1hqg,0.33313804864883423,0.9493256829822043,1.0,0.48,0.79807
1hqh,0.4720718562602997,0.9660267145903902,0.9750000238418579,0.42,0.87451
1hrn,4.916806221008301,0.929923368724828,0.5969626307487488,-0.64,0.5942
1hsh,0.9474586844444275,0.9800298967625848,0.8619109988212585,-0.72,0.50313
1hte,1.0231150388717651,0.9476833694314952,0.8797945380210876,-0.79,0.76162
1htf,1.8882652521133423,0.769497538976114,0.8124315738677979,-1.04,0.66643
1hti,0.2788662910461426,0.9642258890520284,1.0,-0.10,0.86272
1hty,15.514019966125488,0.11389798169057322,0.002217294881120324,-0.20,0.15546
1hv5,4.063532829284668,0.9211944173982063,0.6829361915588379,-0.89,0.36083
1hvj,1.2817362546920776,0.9708646549661121,0.796875,-0.82,0.64541
1hvk,2.5013394355773926,0.9703070183875551,0.6791525483131409,-0.93,0.47242
1hwr,2.9076309204101562,0.9361639097537685,0.6074134111404419,-0.95,0.41493
1hww,0.6797438859939575,0.9672085512724461,0.9379084706306458,-0.22,0.81833
1hxb,3.5652849674224854,0.9603245652657979,0.5387396812438965,-1.08,0.55842
1hxk,0.7293695211410522,0.940804512165366,0.9258177280426025,-0.19,0.75576
1hxw,1.4066112041473389,0.9441692307036863,0.8729787468910217,-0.76,0.28359
1hyo,0.28675025701522827,0.9710540785912728,0.9975489974021912,0.26,0.71092
1i2s,0.4972938001155853,0.0,0.9666193127632141,-0.44,0.75571
1i37,0.9816805124282837,0.9652427185715406,0.821739137172699,0.59,0.93994
1i5h,26.029890060424805,0.4296410352674957,0.005733944941312075,-3.34,0.22045
1i5r,1.1035195589065552,0.9686142002408753,0.859415590763092,-0.32,0.70603
1i7i,1.057382583618164,0.9744852152803479,0.8707115650177002,-0.25,0.79229
1i7z,1.3327003717422485,0.0,0.772506058216095,-0.11,0.60799
1i80,0.22804918885231018,0.0,1.0,0.59,0.61579
1i8i,13.470382690429688,0.4712519043602147,0.02551855891942978,-2.90,0.00148
1i8j,1.1393702030181885,0.0,0.8367508053779602,-0.39,0.2031
1i8z,3.8862531185150146,0.9106262656846509,0.6388130784034729,0.23,0.62665
1i90,1.054102897644043,0.9356042929951942,0.8318965435028076,0.09,0.63832
1i91,1.4428869485855103,0.9265583173465675,0.8263651728630066,0.06,0.34545
1i9l,0.3335060179233551,0.9886216173456936,0.9987244606018066,0.33,0.91524
1i9n,1.8719931840896606,0.9443687219003076,0.873576283454895,0.17,0.79557
1i9o,1.824182391166687,0.9442939640787963,0.8961625099182129,0.25,0.93166
1i9p,1.9189866781234741,0.9556061880740578,0.8550724387168884,0.14,0.92928
1i9q,0.3767777383327484,0.9461026805509387,0.9939024448394775,0.15,0.90632
1iau,11.187454223632812,0.7156875867721842,0.3012096881866455,-2.81,0.00438
1ibc,5.024679183959961,0.8800710311887939,0.4670858085155487,-2.75,0.04337
1ibg,8.563922882080078,0.7624453210092232,0.32618510723114014,-2.24,0.01706
1icj,2.456042528152466,0.0,0.6760075688362122,-1.49,0.25339
1ida,1.1534700393676758,0.9900258231211738,0.8702290058135986,-0.84,0.73047
1idb,1.097168207168579,0.9899762074639386,0.8424831032752991,-1.02,0.65433
1ie9,0.5847529768943787,0.9391030555658422,0.944345235824585,0.04,0.64439
1iem,1.505827784538269,0.0,0.8891258239746094,-0.04,0.28261
1iep,0.7185897827148438,0.9260612809221852,0.9286059737205505,-0.04,0.79013
1iew,0.6335015296936035,0.9416355907168997,0.9473350048065186,-0.02,0.72021
1if7,1.7301430702209473,0.9667569630904878,0.876185953617096,0.36,0.92569
1igb,0.7125459313392639,0.9768509128809488,0.9082809090614319,0.58,0.90561
1igj,1.7242144346237183,0.935996981590743,0.8032467365264893,-1.08,0.76933
1iht,28.871992111206055,0.12254264322964781,0.0,-3.70,0.11769
1ii5,2.9534995555877686,0.7997334916978474,0.5613207817077637,-3.58,0.30277
1iig,0.19276252388954163,0.9750917803375893,1.0,0.15,0.96383
1iih,1.211248755455017,0.9395130705590351,0.8500000238418579,0.00,0.95843
1iiq,1.28798246383667,0.9626788379272035,0.7989208698272705,-0.88,0.70069
1ijr,2.557563543319702,0.9343084801881977,0.6321808695793152,-1.31,0.28526
1ik4,0.2636192739009857,0.953580814942777,1.0,0.24,0.81167
1ikt,1.008504033088684,1.0,0.9076867699623108,0.04,0.78371
1ikx,0.5521587133407593,0.9881502535539664,0.9613323211669922,-0.15,0.71132
1iky,1.6075292825698853,0.975866656651486,0.7497438788414001,-0.26,0.63857
1il3,0.33363088965415955,0.961611888306307,0.9976019263267517,0.34,0.97914
1il4,0.2588479816913605,0.9753677358737602,1.0,0.11,0.97748
1il9,3.9591784477233887,0.8691896770234973,0.4293893277645111,-0.02,0.08322
1ilh,2.7185096740722656,0.9444444688716808,0.6046651005744934,-1.74,0.14983
1ilq,11.603379249572754,0.0983659579106237,0.262736976146698,-3.24,0.00751
1imx,4.4063825607299805,0.9179111861737017,0.658071756362915,-2.60,0.81089
1ing,1.1133310794830322,0.0,0.8614649772644043,0.36,0.77787
1inh,1.0974851846694946,0.0,0.8694933652877808,0.58,0.81214
1inq,5.061285495758057,0.8090641034792397,0.36417683959007263,-3.57,0.05501
1iq1,,,,-1.84,0.03682
1is0,,,,-2.20,0.00011
1it6,2.3706440925598145,0.0,0.6431623697280884,-1.73,0.55818
1iup,0.2922684848308563,0.952914220123634,1.0,0.02,0.77483
1ivp,1.3933212757110596,0.9712474931943149,0.8055756688117981,-0.94,0.63469
1iwq,,,,-3.29,0.00037
1iy7,0.38043278455734253,0.9498210517253366,0.9837728142738342,0.30,0.92385
1j01,0.7599710822105408,0.9625494361460321,0.8946078419685364,-0.24,0.50914
1j17,0.7871370911598206,0.9584377694987766,0.8919624090194702,-0.80,0.65853
1j19,19.324296951293945,0.2968401417378492,0.021213073283433914,-3.38,0.03523
1j4p,10.415898323059082,0.7735679857273268,0.1720000058412552,-3.59,0.03524
1j4q,,,,-3.51,0.14335
1j5i,0.8098305463790894,0.9852890241194712,0.9619205594062805,-0.98,0.61352
1jak,0.841422975063324,0.957191668806726,0.892793595790863,0.31,0.9246
1jao,0.8985968828201294,0.9613947262585115,0.9159513711929321,-0.46,0.77592
1jaq,1.099576473236084,0.9147986652137425,0.8873121738433838,0.04,0.41188
1jcx,0.8193475604057312,0.05336004511938033,0.9021892547607422,-0.76,0.55087
1jd0,1.111158847808838,0.9654710094150875,0.9164383411407471,0.65,0.93867
1jet,6.28406286239624,0.7024129207667832,0.34616968035697937,-2.28,0.67508
1jeu,2.3091723918914795,0.8577270895534271,0.623161792755127,-3.42,0.4995
1jev,2.8874852657318115,0.8479362803021705,0.6159682273864746,-3.84,0.46143
1jfh,8.809404373168945,0.5359937060695245,0.09780438989400864,-1.22,0.2519
1jgl,2.7196168899536133,0.9439002279052496,0.5586228370666504,-0.50,0.67727
1jh1,1.2448045015335083,0.9564628006789342,0.8436692357063293,0.12,0.55045
1jii,1.92580246925354,0.9349690374869168,0.7342639565467834,-0.91,0.70357
1jij,1.1165626049041748,0.9754526856145894,0.9141176342964172,-1.17,0.52276
1jik,1.371738076210022,0.9454094965541311,0.8250249028205872,-1.06,0.70907
1jil,1.358640432357788,0.9423272168522489,0.8685628771781921,-1.15,0.80808
1jj9,1.2758697271347046,0.8574195409416668,0.8383487462997437,-0.28,0.63467
1jjt,1.2726129293441772,0.0,0.8606707453727722,0.08,0.98582
1jk7,1.7042555809020996,0.9622253325894967,0.7446879148483276,-1.43,0.71223
1jld,0.7316756844520569,0.9902352691046273,0.9239621162414551,-0.65,0.8295
1jlr,1.7148447036743164,0.027270882251667496,0.7407660484313965,-0.76,0.22888
1jmf,0.943936288356781,0.9419508763090539,0.8798637986183167,-0.03,0.85518
1jmg,1.2805651426315308,0.8846221867747126,0.8104288578033447,-0.13,0.31598
1jmi,0.9695819020271301,0.9424374451394646,0.8725910186767578,-0.07,0.45134
1jmq,14.5298490524292,0.46239138780371286,0.026214128360152245,-2.37,0.00434
1jn2,1.4672915935516357,0.9577632891084841,0.7931309938430786,-2.19,0.22736
1joc,1.3008116483688354,0.04741886604113983,0.795187771320343,-0.95,0.60006
1joj,19.53690528869629,0.0,0.004884547088295221,-2.41,0.03786
1jp5,6.26550817489624,0.0,0.30919116735458374,-2.75,0.15496
1jpl,17.5935115814209,0.0,0.0,-2.85,0.00872
1jq8,11.786542892456055,0.11168920556788661,0.5671669244766235,-3.12,0.02058
1jq9,17.175687789916992,0.1918669852536585,0.13609714806079865,-2.66,0.36232
1jr1,8.853715896606445,0.6515790949011034,0.1749497950077057,-0.71,0.57644
1jrs,5.432982921600342,0.7788443227071791,0.5723837018013,-1.53,0.04677
1jt1,1.8336632251739502,0.8803851905038402,0.7545045018196106,-0.73,0.49016
1juf,5.714738368988037,0.7154549430018291,0.2869444489479065,-3.63,0.00935
1juj,1.2353923320770264,0.9499532363483701,0.8084615468978882,-1.07,0.56392
1juq,27.50950813293457,0.0,0.0,-1.67,0.15897
1jut,0.5347446799278259,0.979431037386077,0.963322103023529,-0.67,0.51712
1juy,1.2904818058013916,0.9005594231795508,0.8073592782020569,-0.42,0.72736
1jvp,1.2009165287017822,0.9248784010244155,0.7923588156700134,0.30,0.30141
1jvu,0.6627035737037659,0.985671173491318,0.963850200176239,0.25,0.80915
1jwm,6.731722354888916,0.6672533421015829,0.2198508083820343,-3.12,0.05439
1jyi,17.85932159423828,0.0,0.06023242697119713,-3.09,0.0471
1jzs,1.5903350114822388,0.9198704869585259,0.8190559148788452,-1.75,0.63581
1k1o,1.1534661054611206,0.9360009939302264,0.8252518773078918,-0.32,0.54952
1k1y,2.471418857574463,0.8864581862013307,0.6444196701049805,-1.92,0.19043
1k2i,0.38238975405693054,0.9874367507473181,0.9894209504127502,-0.17,0.62341
1k3n,10.823169708251953,0.7428145406802918,0.18301434814929962,-3.45,0.03876
1k3q,11.40895938873291,0.7595147810639208,0.17448857426643372,-2.68,0.13881
1k3t,0.8579254150390625,0.9347448954923528,0.909970223903656,-0.87,0.432
1k4g,1.2600719928741455,0.8957468248861014,0.825042188167572,0.31,0.83226
1k4h,0.756958544254303,0.9175687987710788,0.9126908183097839,0.14,0.85415
1k9q,,,,-2.61,0.00154
1k9r,15.239996910095215,0.8409661018674875,0.0944940447807312,-2.34,0.10177
1kc5,,,,-2.91,0.03009
1kc7,0.5310025215148926,0.9198264946380158,0.9703264236450195,-0.33,0.91656
1kcs,,,,-1.87,0.11642
1kdk,0.5520027279853821,0.9890034098391146,0.969462513923645,0.19,0.98363
1kdw,0.4152962565422058,0.0,0.9854369163513184,0.47,0.21524
1kf0,1.8336938619613647,0.9231647368659396,0.7398316860198975,-1.09,0.4981
1kjr,,,,-1.71,0.31893
1kl3,9.776175498962402,0.0,0.1175282746553421,-2.84,0.00174
1klg,18.50550079345703,0.22679738145363731,0.03349931910634041,-3.13,0.01858
1klu,7.376081943511963,0.484547942392009,0.15656700730323792,-3.14,0.28721
1km3,0.9939118027687073,0.9434269372400563,0.8959821462631226,-0.14,0.42193
1kmv,0.47307366132736206,0.9779158273671897,0.9861111044883728,-0.31,0.51528
1kmy,0.5122090578079224,0.9674491031766277,0.9620853066444397,0.43,0.84438
1kna,10.586028099060059,0.6524071140257357,0.2611308991909027,-2.90,0.15027
1kne,11.243886947631836,0.7717009988952548,0.23594674468040466,-3.27,0.06909
1koj,0.3576311469078064,0.0,0.9856630563735962,0.17,0.79163
1kpm,2.116440534591675,0.9272265833917132,0.7327154278755188,-1.16,0.42917
1kqb,0.13970734179019928,0.0,1.0,-0.32,0.82102
1kr3,0.6178540587425232,0.9732478508711885,0.9478383660316467,0.43,0.47135
1kti,1.0939555168151855,0.9425977683535838,0.8877952694892883,0.38,0.58464
1kug,4.3497138023376465,0.8624013536310436,0.44952133297920227,-3.33,0.34926
1kui,3.9291093349456787,0.8305513933685877,0.5194363594055176,-3.10,0.01626
1kuk,3.3050577640533447,0.8650425690101837,0.4705267548561096,-2.79,0.00886
1kv1,0.48664987087249756,0.9812689630464301,0.9737762212753296,0.68,0.86033
1kv2,0.4926241636276245,0.9601980598092179,0.9732308983802795,0.31,0.71437
1kv5,0.22711819410324097,0.0,1.0,0.05,0.97334
1kyv,0.34082797169685364,0.0,0.9967319965362549,0.13,0.95195
1kz8,1.2145190238952637,0.004736587184306766,0.9306282997131348,-1.58,0.31352
1kzk,0.9955129623413086,0.9611999761499653,0.8816013336181641,-0.09,0.81493
1l0a,23.818071365356445,0.318998033033127,0.008101371116936207,-3.38,0.25287
1l2s,0.44913533329963684,0.0,0.9792531132698059,0.77,0.43032
1l5r,1.220453143119812,0.0,0.873900294303894,-0.76,0.3907
1l5s,0.16883668303489685,0.9670218131693356,1.0,-0.00,0.76301
1l6s,0.7504472136497498,0.0,0.9242549538612366,-0.47,0.11635
1l83,0.639227569103241,0.9855598378174769,0.9480088353157043,-0.38,0.86654
1l8g,0.4415389895439148,0.98931122930197,0.9842398166656494,-0.16,0.8607
1laf,1.2829300165176392,0.9281284719722185,0.7967371940612793,-4.03,0.45533
1lah,0.21172170341014862,0.9787754679857195,1.0,1.39,0.96345
1lan,28.436344146728516,0.006939704497037832,0.0,-0.76,0.69719
1lb6,18.077781677246094,0.36615521820092084,0.009354365058243275,-3.73,0.02171
1lbf,1.2906140089035034,0.9599359999442935,0.8347293734550476,-0.52,0.45819
1lbk,0.7622142434120178,0.937251730947,0.9468938112258911,0.00,0.86319
1lcj,,,,-3.38,0.00267
1lcp,0.9452453255653381,0.019758834934655495,0.8664688467979431,-0.18,0.67951
1ld7,1.891364574432373,0.8935083509747302,0.660649836063385,-2.21,0.32005
1ld8,2.2407612800598145,0.8671104843888346,0.5762439966201782,-2.15,0.16799
1lee,0.5220543146133423,0.9578540505044205,0.977543294429779,-0.31,0.88236
1leg,6.00267219543457,0.7852998487934137,0.24007417261600494,-3.56,7e-05
1lek,5.748981952667236,0.8834810353243204,0.3578808307647705,-3.38,0.00119
1lf8,8.962553977966309,0.0,0.12377777695655823,-3.05,0.00483
1lf9,2.5560123920440674,0.8771368649623434,0.7579185366630554,-1.34,0.2635
1lfo,1.3007926940917969,0.9013822999255918,0.8404058814048767,-0.01,0.5578
1lgt,1.8750730752944946,0.9780457452188197,0.8271484375,0.41,0.95933
1lgw,0.3632638156414032,0.9865073213049012,0.9916356801986694,-0.02,0.50747
1lhd,4.787618637084961,0.9170460364877212,0.6496084928512573,-1.09,0.16001
1lhf,4.629567623138428,0.7976368188628883,0.5447936058044434,-1.18,0.212
1lhg,4.248110294342041,0.7572046200769104,0.4546146094799042,-2.82,0.02145
1lhu,1.3019309043884277,0.9478726654192109,0.8133187890052795,-0.17,0.78983
1lhv,1.3948023319244385,0.9664528600325535,0.8111110925674438,-0.53,0.50017
1lhw,1.05587637424469,0.9782670849976678,0.8464391827583313,-0.45,0.70439
1li2,0.20312970876693726,0.9862096248421068,1.0,-0.02,0.89307
1li3,0.6674312949180603,0.9720600167736738,0.9365808963775635,0.02,0.74997
1li6,0.08101679384708405,1.0,1.0,0.67,0.72503
1ljt,0.6091863512992859,0.04534886087353152,0.9619565010070801,0.32,0.92277
1lke,1.5858184099197388,1.0,0.7369338274002075,-0.28,0.61815
1ll4,,,,-2.15,0.4703
1llb,0.42808637022972107,0.9688477516435855,0.9918524622917175,-0.14,0.34319
1lnm,1.813062310218811,0.9341606558517155,0.6836158037185669,-0.18,0.66345
1lol,0.8000316023826599,0.953200721399412,0.933783769607544,-0.33,0.29302
1loq,0.7916687726974487,0.9541949221586133,0.9286971688270569,-0.15,0.84957
1lor,1.015510082244873,0.9321252980840811,0.8829787373542786,-0.11,0.45271
1los,0.38202300667762756,0.0,0.9883928298950195,-0.36,0.60511
1lox,0.5384445786476135,0.9453715685185848,0.962579607963562,0.26,0.39014
1lq2,0.6273834109306335,0.951805000484382,0.9493769407272339,0.43,0.89893
1lst,1.9830687046051025,0.8930773679847523,0.6760780215263367,-2.86,0.31329
1lt5,1.8510810136795044,0.0,0.7603754997253418,-1.32,0.56075
1lvc,1.9590907096862793,0.0,0.7094420790672302,-0.82,0.32574
1lxf,1.6316511631011963,0.9872618187612713,0.7521676421165466,-0.79,0.71893
1lxh,,,,-3.37,0.27922
1lyb,3.6846070289611816,0.9123925163706241,0.5104895234107971,-2.22,0.46166
1lyx,0.3734995424747467,1.0,0.9992997050285339,0.15,0.90829
1lzo,0.5359036326408386,0.0,0.9357143044471741,-0.19,0.7941
1lzq,1.2499475479125977,0.9410389318637402,0.8074557781219482,-1.10,0.49657
1m0b,1.2611321210861206,0.9213038359440602,0.8013059496879578,-1.44,0.48511
1m0n,0.6086990237236023,0.9711632428132771,0.9533715844154358,-0.25,0.69901
1m0o,0.7420250773429871,0.9801199026607607,0.9472476840019226,-0.39,0.69799
1m0q,0.49646124243736267,0.9806296043068817,0.9709752202033997,-0.22,0.8776
1m13,1.0334213972091675,0.9230349452384656,0.8515348434448242,-0.21,0.19922
1m2r,0.21208810806274414,1.0,1.0,-0.24,0.83081
1m2x,0.2983015179634094,0.0,1.0,-0.12,0.91373
1m4h,4.5552978515625,0.0,0.4313802123069763,-2.80,0.22868
1m5c,0.5148242712020874,0.979992464041528,0.9700393080711365,1.09,0.55368
1m5d,0.23226778209209442,0.9800078408980383,1.0,1.03,0.95778
1m5e,0.396117240190506,0.0,0.9883620738983154,0.82,0.9204
1m5f,0.34207046031951904,0.0,0.9912434220314026,0.81,0.96675
1m5w,3.6271514892578125,0.0,0.36666667461395264,-0.19,0.81536
1m6p,0.8716895580291748,0.9597033719815805,0.8935483694076538,-0.38,0.49154
1m7d,1.7546404600143433,0.9211185370501854,0.7415668964385986,-1.51,0.20085
1m7i,2.7854018211364746,0.9272446169286825,0.5927448272705078,-1.77,0.25254
1m7y,0.46497106552124023,0.9910826350227266,0.9810126423835754,0.39,0.99658
1m9n,0.9871984720230103,0.9289704326416152,0.8742544651031494,0.25,0.75081
1mai,1.2602629661560059,0.8976777245162687,0.8123655915260315,-1.16,0.11414
1mdl,0.1946306973695755,1.0,1.0,-0.62,0.37468
1me3,0.9727657437324524,0.9877413434241737,0.9105330109596252,0.54,0.61108
1me4,1.462518334388733,0.9621054235707154,0.8104745149612427,0.31,0.75739
1me7,0.8595418930053711,0.980976968462235,0.9315336346626282,0.02,0.36102
1me8,0.5745400190353394,0.9810735147827526,0.9243999719619751,0.14,0.88779
1mem,1.2008447647094727,0.9520626702871473,0.8508918881416321,-0.20,0.78477
1meu,1.116602897644043,0.94212778549187,0.8541852235794067,-0.28,0.70288
1mf4,6.408454895019531,0.7423096806246907,0.29645636677742004,-3.30,0.03075
1mfa,3.063228130340576,0.9139204651138454,0.6092736721038818,-1.63,0.47187
1mfd,6.806756973266602,0.8823276123110761,0.36513158679008484,-1.93,0.0186
1mfg,10.859132766723633,0.45025423678230114,0.07537375390529633,-3.29,0.01226
1mh5,1.7245548963546753,0.0,0.7316062450408936,-1.08,0.08715
1mik,3.4657559394836426,0.9352514897008207,0.5012376308441162,-3.92,0.00166
1mj7,23.615598678588867,0.16342487182125595,0.0,-2.82,0.00017
1ml1,0.16846495866775513,0.0,1.0,0.27,0.95772
1mm6,0.23311398923397064,0.0,1.0,1.11,0.96271
1mm7,0.45092684030532837,0.0,0.9793269038200378,1.03,0.64222
1mmp,3.0280866622924805,0.876470126801838,0.6317135691642761,-1.20,0.37737
1mmq,1.3047254085540771,0.9731904050151247,0.8240988254547119,-1.22,0.56843
1mmr,1.5288515090942383,0.9598376242801563,0.7288861870765686,-1.34,0.28491
1mn9,1.3998584747314453,0.9429092503026009,0.816318929195404,-0.83,0.56767
1mns,1.3255730867385864,0.953061249508553,0.8410256505012512,-1.00,0.76576
1moq,1.132798671722412,0.9275430807280866,0.8644400835037231,-0.72,0.75484
1mpl,,,,-1.91,0.15868
1mq1,15.165616035461426,0.3818267567933272,0.019665949046611786,-3.55,0.04404
1mqd,0.41745465993881226,1.0,0.9825581312179565,0.83,0.6914
1mqg,0.25724586844444275,1.0,1.0,1.04,0.98657
1mqh,0.2137923389673233,0.9902091342095029,1.0,1.02,0.98685
1mqi,0.1511971652507782,0.9901238666748732,1.0,0.98,0.99495
1mqj,0.4180459678173065,0.9899661490783365,0.983146071434021,1.02,0.97896
1mrn,3.4838099479675293,0.9503188179279648,0.605537474155426,-1.50,0.18328
1mrs,0.6853819489479065,0.9908819397124845,0.9394347071647644,-0.30,0.94299
1mrw,1.1124869585037231,0.961714843925974,0.8743119239807129,-0.24,0.62229
1ms0,1.947503685951233,0.0,0.7039356231689453,-0.32,0.24295
1ms6,0.6703305840492249,0.9776189916333958,0.9387437701225281,0.92,0.76823
1ms7,0.24570778012275696,1.0,1.0,0.94,0.92464
1msn,1.000298261642456,0.9538676752346802,0.8664297461509705,-0.46,0.37799
1mto,1.517430305480957,0.0,0.7569001913070679,-0.16,0.85746
1mu6,1.263718843460083,0.9576861331260669,0.8293042182922363,0.59,0.94238
1mu8,1.632638931274414,0.9579710013012852,0.7573451995849609,0.28,0.70896
1mui,1.070663571357727,0.9900809468692531,0.8469089269638062,-0.79,0.49369
1mv0,,,,-3.15,0.20101
1mwn,19.182971954345703,0.013711802007510173,0.03696136549115181,-2.99,0.00947
1mwt,0.9522073268890381,0.0,0.8725637197494507,0.04,0.68474
1mxo,1.15510892868042,0.0,0.8747591376304626,0.06,0.12877
1mxu,0.3937121033668518,0.0,0.98283451795578,0.92,0.92654
1my2,0.22559064626693726,1.0,1.0,0.81,0.96697
1my3,0.409492164850235,0.0,0.9841609597206116,0.87,0.9404
1my4,0.22206613421440125,0.971414357314399,1.0,1.02,0.98182
1my8,1.0601813793182373,0.0,0.8352156281471252,0.28,0.10726
1mzc,1.9481267929077148,0.8878872545539077,0.7407407164573669,-1.89,0.37904
1n1m,0.7807546854019165,0.0,0.8951612710952759,0.41,0.94422
1n1t,1.4517245292663574,0.8886385922070639,0.7671957612037659,-0.11,0.76789
1n1v,1.2563562393188477,0.917476399787992,0.8279467821121216,0.32,0.84913
1n2v,0.2505382299423218,0.9697302919874476,1.0,0.37,0.75441
1n3i,0.7040114402770996,0.0,0.9503787755966187,0.37,0.78275
1n3w,1.3679701089859009,0.9611497626927249,0.7826899290084839,-0.80,0.70947
1n3z,1.950829267501831,0.8683662623673393,0.6626393795013428,-1.45,0.09622
1n43,0.8119943141937256,0.028426413240064875,0.8958966732025146,0.02,0.95728
1n4h,1.7273114919662476,0.9548819280311464,0.810675859451294,-0.10,0.49055
1n4k,3.841648578643799,0.9310474670287772,0.3880484104156494,-1.16,0.24323
1n51,7.680403709411621,0.5736272830423609,0.23933102190494537,-2.04,0.0341
1n5z,,,,-2.96,0.12657
1n7i,0.6699740886688232,0.004202425568170146,0.9301310181617737,0.23,0.7285
1n7j,0.717475414276123,0.004174245763207078,0.9127604365348816,0.37,0.89017
1n7t,8.296867370605469,0.5542257283014576,0.1942034661769867,-3.52,0.00978
1n8u,0.7561243772506714,0.9875164599034804,0.9050801992416382,0.58,0.73669
1n8v,0.9152080416679382,1.0,0.9018567800521851,0.53,0.43988
1n94,2.679795503616333,0.8205299042098082,0.6310975551605225,-2.48,0.27055
1n95,1.5597573518753052,0.8843978218439573,0.7492636442184448,-1.98,0.50454
1n9a,1.2804285287857056,0.9026290789893827,0.8096804618835449,-2.53,0.6335
1n9m,1.007989525794983,0.010172000096272595,0.8731092214584351,-0.04,0.96545
1nc3,0.9394136071205139,0.00874968197225662,0.8828996419906616,-0.10,0.76743
1nc6,2.3776402473449707,0.911269797971648,0.7825361490249634,-0.40,0.55998
1ndj,1.0204256772994995,0.028482304473809113,0.8542921543121338,-0.01,0.97566
1ndy,0.5143383741378784,0.9637041685865579,0.9713804721832275,0.12,0.94166
1nf8,0.7414571046829224,0.9884008562004885,0.9500839114189148,0.23,0.92554
1nfs,,,,-0.05,0.34558
1nfw,0.5789220929145813,0.9795942206806565,0.9628501534461975,0.31,0.93656
1nh0,1.444554090499878,0.9815489998624679,0.8211829662322998,-2.64,0.34905
1nhg,0.5859957337379456,0.9480059416026215,0.9487179517745972,-0.26,0.73186
1nhv,6.762989044189453,0.8958874313821666,0.4958159029483795,-0.95,0.11021
1nhw,0.8108710646629333,0.0,0.8970237970352173,-0.71,0.21122
1nhx,1.2319220304489136,0.9600508777549226,0.9297046065330505,-0.19,0.23145
1ni1,5.594756126403809,0.8652799267476134,0.3352832496166229,-1.64,0.17778
1nj5,1.0103371143341064,0.8935079437548676,0.8654026389122009,0.15,0.702
1nja,1.075616717338562,0.9302987057103789,0.857594907283783,-0.19,0.57853
1njb,1.1052603721618652,0.9526288324759139,0.8438818454742432,-0.10,0.25387
1njc,0.8833978772163391,0.9534773927730401,0.8989690542221069,-0.25,0.88836
1njd,0.9338305592536926,0.9422948366102492,0.8960040807723999,-0.02,0.71445
1nje,0.996537983417511,0.9766445804358828,0.8869935870170593,-0.19,0.11118
1njj,26.8883056640625,0.0497793604876311,0.0,-1.49,0.07122
1njt,,,,-1.70,0.06368
1nju,1.928628921508789,0.021990124803613512,0.7336726188659668,-2.21,0.18049
1nki,0.3040776252746582,0.0,1.0,-0.18,0.82363
1nkm,4.0021562576293945,0.9269656213744217,0.6657848358154297,-1.75,0.15107
1nl6,1.2543251514434814,0.0,0.8114068508148193,-0.46,0.6748
1nlj,1.1247049570083618,0.0,0.8444393277168274,0.27,0.54969
1nlp,13.418564796447754,0.6494857249892119,0.15951219201087952,-3.11,0.00402
1nlt,46.56407165527344,0.0,0.0,-2.86,0.17239
1nm6,1.9635343551635742,0.8629002848828587,0.6479831337928772,-1.59,0.01699
1nmk,9.067322731018066,0.6717055862596316,0.2670774757862091,-0.94,0.5605
1nnb,0.9298126101493835,0.9519527896905151,0.893069326877594,0.35,0.73163
1nnk,0.24208183586597443,0.9719633497763766,1.0,0.89,0.94504
1nnu,1.9988526105880737,0.0,0.7091221809387207,-0.31,0.57603
1no6,0.40771040320396423,0.9735990250666721,0.987364649772644,0.02,0.81779
1no9,32.48264694213867,0.0,0.0,-2.12,0.68049
1noj,0.6963980793952942,0.9267772581716909,0.929513156414032,0.41,0.72423
1nok,0.42930325865745544,0.9733862525065116,0.9777657389640808,0.60,0.77374
1nox,1.100135087966919,0.9578180958839323,0.8813838362693787,-0.31,0.77423
1np0,0.8764973878860474,0.0,0.9004149436950684,0.12,0.69714
1npa,1.3703398704528809,0.9710136744610072,0.784674346446991,-0.63,0.12594
1npw,1.333712100982666,0.9609922220478979,0.7659056782722473,-0.85,0.34484
1npz,0.6833439469337463,0.9887933066790379,0.9477196931838989,0.05,0.88932
1nq0,0.42508918046951294,0.9592722338903467,0.9868637323379517,0.61,0.96653
1nq7,0.6656869053840637,0.9577138049792849,0.9469339847564697,-0.03,0.91713
1ntk,1.7527246475219727,0.9409984686881852,0.7761744856834412,-1.70,0.25561
1nu3,0.7815593481063843,0.04658567634743219,0.9131832718849182,-0.17,0.87704
1nu8,1.3888036012649536,0.0,0.8012629747390747,-0.35,0.15901
1nvq,1.5963289737701416,0.9427493778331583,0.7535282373428345,-0.13,0.48971
1nvr,1.0982942581176758,0.9305918322045202,0.9169719219207764,0.39,0.66981
1nvs,1.612004041671753,0.8902663792525922,0.7137290239334106,-0.91,0.6236
1nw4,1.1667817831039429,0.0,0.8462936282157898,-0.17,0.72141
1nxy,2.22092342376709,0.8474703777221694,0.75,-0.55,0.28868
1ny0,0.38314151763916016,0.9526084493630881,0.9813519716262817,-0.40,0.13208
1ny2,,,,-2.53,0.06383
1nym,0.5150068998336792,0.9640894206812776,0.975806474685669,-0.31,0.13109
1nyx,0.7035011053085327,0.9570665873324677,0.9344073534011841,-0.51,0.76064
1nyy,0.37547436356544495,0.9632757653363039,0.9894444346427917,-0.95,0.2893
1nz7,1.7287720441818237,0.9597575757368477,0.7989949584007263,-1.08,0.61595
1o0f,1.0861809253692627,0.0,0.9313627481460571,-0.92,0.36792
1o0h,1.123022437095642,0.0,0.8205128312110901,-0.68,0.6018
1o0m,0.6564487814903259,0.0,0.9706422090530396,0.12,0.91384
1o0n,1.3709794282913208,0.0,0.772251307964325,-0.94,0.15026
1o0o,,,,-1.92,0.56905
1o1s,0.8569055795669556,0.9471503083929976,0.8876768946647644,-0.80,0.85792
1o41,0.42549243569374084,0.9576281798671381,0.9826302528381348,-1.01,0.61316
1o42,1.0218905210494995,0.9848365059363472,0.8927657008171082,-1.03,0.37583
1o47,1.3966083526611328,0.955017615112029,0.7895220518112183,-1.14,0.23451
1o49,2.3993349075317383,0.9108697271559099,0.6497368216514587,-1.54,0.5939
1o4b,2.017258644104004,0.98446825628243,0.6648879647254944,-1.18,0.48481
1o4d,0.5368172526359558,0.9350388311079634,0.9635294079780579,-0.52,0.41959
1o4e,2.085376024246216,0.9376125430756319,0.7383966445922852,-1.13,0.35105
1o4f,3.3455963134765625,0.8703693681344272,0.5939153432846069,-0.48,0.30295
1o4g,2.66528582572937,0.9033342832988349,0.6582568883895874,-1.24,0.4641
1o4l,0.41903558373451233,1.0,0.9960191249847412,-0.35,0.51657
1o4m,0.14154711365699768,1.0,1.0,-0.35,0.79815
1o4n,0.2826411724090576,0.9727855349644949,1.0,-0.15,0.91439
1o4o,0.6852146983146667,0.9680409414978273,0.9267516136169434,-0.94,0.28714
1o4p,0.9514856934547424,0.9300130630586911,0.8846153616905212,-0.34,0.67467
1o4q,1.1419497728347778,1.0,0.8327586054801941,-0.39,0.34949
1o5m,1.4787627458572388,0.9268517104421314,0.7528943419456482,-1.49,0.19175
1o6h,0.8834359049797058,0.0,0.8883293867111206,-0.06,0.76594
1o6i,,,,0.81,0.54905
1o79,1.084900140762329,0.909898122889924,0.8478747010231018,-0.10,0.45856
1o7o,0.9917783141136169,0.9793531362815568,0.8684371113777161,0.16,0.50831
1o8b,0.6479982733726501,0.0,0.9466874003410339,-0.03,0.64778
1o9e,2.706850528717041,0.9118524342860236,0.6354292631149292,-1.65,0.59106
1oay,0.6229888796806335,0.0,0.9661885499954224,0.19,0.16417
1oba,39.25374221801758,0.0,0.0,-3.76,0.00326
1obx,6.234115123748779,0.6845209961978634,0.16796322166919708,-1.98,0.05245
1ocn,1.0119037628173828,0.9200905872391486,0.8427966237068176,-0.31,0.46574
1ocq,1.0665920972824097,0.9625776006157005,0.8795833587646484,-0.16,0.87663
1od8,0.7043363451957703,0.9636622411369549,0.9353982210159302,0.00,0.95325
1odj,0.7428587079048157,0.0,0.9419378638267517,-0.33,0.76033
1ody,2.9027445316314697,0.961139438725978,0.5830792784690857,-1.58,0.6449
1oe0,0.6959514021873474,0.9673861797961016,0.9469161033630371,0.38,0.97669
1oe7,0.875208854675293,0.08015109777779769,0.9130434989929199,-0.13,0.5859
1oe8,0.668593168258667,0.9562892127269567,0.9520089030265808,-0.33,0.69694
1oeb,24.281984329223633,0.2650789819047879,0.0011914217611774802,-3.29,0.00176
1ofz,1.1595453023910522,1.0,0.8129496574401855,-0.38,0.9255
1ogd,0.8628262281417847,0.0,0.8949999809265137,-0.32,0.82155
1ogg,,,,-1.90,0.63487
1ogx,0.7663477063179016,1.0,0.914383590221405,-0.21,0.59605
1ogz,2.697861433029175,0.9504737987904683,0.5441696047782898,-0.31,0.59649
1oh4,,,,-3.05,0.33816
1oif,0.6149688959121704,0.0,0.96875,0.74,0.88769
1oim,0.5621680617332458,0.0,0.9620181322097778,0.45,0.94627
1oiu,1.0889484882354736,0.0,0.8536736965179443,0.34,0.58424
1oj5,,,,-3.61,0.00304
1okl,2.8344411849975586,0.9453766089833839,0.6659049391746521,0.29,0.72183
1oko,0.7589529156684875,0.0,0.8961318135261536,-0.81,0.58772
1okx,,,,-2.27,0.01092
1okz,0.8773985505104065,0.9441931448932577,0.9314946532249451,0.41,0.90577
1ol1,,,,-2.41,3e-05
1olx,2.870880365371704,0.9107570612983453,0.7157394886016846,-1.02,0.23977
1om9,,,,-3.46,0.28533
1ong,1.887393832206726,0.8922220539061665,0.7201492786407471,-0.77,0.35346
1onh,28.79534339904785,0.04220911091345577,0.0,-1.55,0.17179
1onp,0.22834785282611847,0.0,1.0,0.23,0.78628
1opi,15.562137603759766,0.5081215067027715,0.042480114847421646,-3.23,0.00994
1oq5,0.4894724190235138,0.9411086561083015,0.9803473353385925,-0.26,0.39448
1ork,1.9411104917526245,0.9529377630076724,0.7001173496246338,-1.08,0.51706
1orw,1.3263540267944336,0.0,0.7981975078582764,0.05,0.29054
1os0,1.6841124296188354,0.9608681646347933,0.8190751671791077,-0.56,0.63249
1osg,,,,-3.52,0.00016
1oth,0.293705016374588,0.9663167568235876,0.9956369996070862,0.40,0.92769
1ouy,1.348048210144043,0.908965581613243,0.7783251404762268,0.03,0.56363
1ov3,17.865577697753906,0.42164834117496036,0.011889250949025154,-2.72,0.00761
1ove,0.9585675001144409,0.9026392000412237,0.8922261595726013,0.33,0.64841
1ow4,0.6017817258834839,0.05736465314188604,0.9591221809387207,0.20,0.80699
1ow6,5.004501819610596,0.0,0.13989169895648956,-3.20,0.32744
1ow7,7.242689609527588,0.0,0.24239543080329895,-3.33,0.00487
1ow8,6.06348180770874,0.0,0.248113214969635,-3.18,0.0001
1ox9,13.417134284973145,0.0,0.04564083367586136,-3.08,0.27463
1oxg,,,,-3.43,0.0018
1oxn,,,,-2.26,0.2359
1oxq,,,,-1.51,0.15876
1oy7,,,,-2.34,0.24895
1oyn,0.8746410608291626,0.0,0.890057384967804,0.46,0.51313
1ozv,47.155738830566406,0.0,0.0,-1.46,0.55705
1p01,1.0181846618652344,0.9467028952380151,0.8817126154899597,0.80,0.07429
1p02,4.117847442626953,0.8655293277817279,0.4847266972064972,-1.29,0.02981
1p03,4.680429458618164,0.8438471385959881,0.5275194048881531,-0.78,0.05359
1p04,3.8618853092193604,0.8918151341757469,0.5111788511276245,-1.26,0.02376
1p05,4.012228012084961,0.845622974656538,0.5129870176315308,-0.78,0.01572
1p06,4.213759899139404,0.8444586684413179,0.4630606770515442,-1.21,0.25242
1p0y,0.7712050676345825,0.8888906920611414,0.9218376874923706,0.59,0.97275
1p10,4.310262680053711,0.8554001621724208,0.5399698615074158,-0.78,0.21187
1p17,0.596084475517273,0.0,0.9568815231323242,0.13,0.97928
1p19,0.7595100998878479,0.9659111749242075,0.9100528955459595,0.37,0.66683
1p1n,1.8230493068695068,0.9677707233180756,0.7370242476463318,-0.12,0.4447
1p1o,0.2537832260131836,0.9899834038861396,1.0,1.15,0.95717
1p1q,0.2134697139263153,0.9801904129674838,1.0,0.75,0.90393
1p28,0.6543330550193787,0.9393756133892552,0.9522293210029602,-0.30,0.77472
1p2g,60.27250289916992,0.0,0.0,-3.47,0.0071
1p4u,,,,-2.88,0.00135
1p6d,3.780925750732422,0.9651314341718005,0.6240681409835815,-0.73,0.75245
1p6e,3.5789177417755127,0.8893478570119854,0.6317873597145081,-0.89,0.76301
1p93,1.6512783765792847,0.9531513922892935,0.7336158156394958,-0.47,0.65458
1pau,6.370713710784912,0.808551299533021,0.34143969416618347,-2.99,0.27408
1pb8,0.22644078731536865,0.9884254901109382,1.0,1.20,0.98413
1pbk,3.2601077556610107,0.928752651032265,0.4615885317325592,-3.77,0.00093
1pbq,0.3071780204772949,0.9680397282972938,1.0,1.00,0.88793
1pcg,32.51106643676758,0.0,0.0,-3.38,0.12684
1pdq,,,,-3.20,0.00086
1pdz,0.3639102876186371,0.9665430756899257,0.9936363697052002,0.37,0.21987
1pf7,0.998535692691803,0.9360167290070296,0.879807710647583,0.30,0.70987
1pfu,,,,0.57,0.40954
1pg2,1.6842081546783447,0.9056706333619026,0.7260928750038147,-3.92,0.55069
1pgp,1.8397351503372192,0.9642168939977495,0.7357630729675293,-0.98,0.69482
1phw,1.3758130073547363,0.9611324095384789,0.7889610528945923,-0.61,0.40704
1pi5,1.181136131286621,0.9762979042243132,0.9203540086746216,-0.08,0.2268
1pig,,,,-1.39,0.35867
1pk0,0.9120177626609802,0.0,0.8884271383285522,-0.70,0.08759
1pkx,0.8040407299995422,0.9196098904937839,0.9090198278427124,0.38,0.89152
1pme,1.0322585105895996,0.9370115165554865,0.9054462909698486,0.15,0.04779
1pmn,0.6300583481788635,0.9397883301771507,0.9369189739227295,0.38,0.79335
1pmu,0.45557069778442383,1.0,0.9772727489471436,0.76,0.96721
1pmv,0.15536202490329742,1.0,1.0,1.02,0.93534
1pop,5.0510640144348145,0.7563515375426232,0.41630277037620544,-2.02,0.30617
1pot,0.9171429872512817,0.945570055158353,0.8684486150741577,0.55,0.18496
1ppi,,,,-1.66,0.36882
1ppk,1.391586184501648,0.8979160734012542,0.851873517036438,-0.03,0.43924
1ppl,2.7617135047912598,0.9298185644561886,0.7221485376358032,-0.66,0.6566
1ppw,1.2996244430541992,0.9476399841388939,0.7932862043380737,-0.03,0.69608
1ppx,4.055269241333008,0.799825700898248,0.540680468082428,-2.02,0.03852
1pr1,1.1096704006195068,0.0,0.8635246157646179,-0.43,0.39376
1pr5,1.1203248500823975,0.0,0.8438538312911987,-0.52,0.05747
1prl,13.011581420898438,0.7519793319217717,0.09532760828733444,-2.94,0.00945
1prm,17.584867477416992,0.6436024990147782,0.004249291960150003,-2.95,0.0272
1ps3,1.1008284091949463,0.9134985952481585,0.8410714268684387,-0.27,0.48441
1pum,1.5113756656646729,0.9745894265670518,0.73591548204422,-0.69,0.79661
1pun,1.621872067451477,0.935742010880609,0.7583954930305481,-1.19,0.11181
1puq,3.074127674102783,0.8537136020176658,0.49444442987442017,-0.82,0.01716
1pus,3.016300678253174,0.8827576593027334,0.5833333134651184,-1.34,0.03297
1pvn,0.7265756726264954,0.0,0.9244471788406372,0.27,0.9163
1pw6,0.9804346561431885,0.3106748521443763,0.851089596748352,-0.71,0.04996
1pwp,1.1509625911712646,0.0,0.8239095211029053,-1.12,0.55595
1pwq,2.9402363300323486,0.8787670886362237,0.6481379866600037,-1.02,0.67044
1pwy,0.5794376730918884,0.9542045275264079,0.9750445485115051,0.19,0.65138
1pxh,4.135260581970215,0.9208969512889035,0.7523190975189209,-1.56,0.20958
1pxi,0.35841211676597595,0.9485440714460928,0.9885444641113281,0.54,0.84063
1pxj,0.3036784827709198,1.0,0.9889034032821655,-0.05,0.79467
1pxk,0.6214126348495483,0.9378360925633297,0.953592836856842,0.16,0.4115
1py1,,,,-3.21,0.57323
1pyw,,,,-2.78,0.00344
1pz5,7.263420581817627,0.7849252162346863,0.22795496881008148,-3.33,6e-05
1q0b,0.9177078008651733,0.9195064561634234,0.8893312215805054,-0.22,0.87812
1q1g,0.8596072196960449,0.0,0.9070512652397156,-0.05,0.7675
1q1y,,,,-0.29,0.74085
1q3d,0.5887407064437866,0.0,0.9761512875556946,0.68,0.93896
1q41,0.23913970589637756,0.0,1.0,0.73,0.96228
1q4k,,,,-2.35,0.04329
1q4l,2.095838785171509,0.9232695422370543,0.7286115288734436,-0.31,0.72915
1q4w,0.35273271799087524,0.978386524376918,0.994705855846405,0.82,0.97224
1q54,1.046349048614502,1.0,0.8735902309417725,0.18,0.46873
1q5l,20.57192039489746,0.28418074938151194,0.014328486286103725,-2.72,0.48558
1q63,1.562870979309082,0.9004893808047626,0.8159258961677551,0.08,0.94476
1q65,1.3188673257827759,0.9344669970572951,0.8954128623008728,0.17,0.98615
1q6k,1.2309819459915161,0.9859345547545239,0.8531187176704407,0.61,0.71676
1q6m,0.9762939810752869,0.9466286530360682,0.8692271709442139,-0.94,0.57557
1q72,1.166256070137024,0.9709875818884519,0.8675496578216553,-0.47,0.5165
1q7a,5.4312286376953125,0.7605232133939825,0.3294813930988312,-0.46,0.3467
1q8t,1.3584864139556885,0.9464437731185682,0.8130930066108704,-0.06,0.4148
1q8u,1.1841533184051514,0.9653226506699888,0.8666950464248657,-0.02,0.80125
1q8w,1.3393911123275757,0.977306448920027,0.8643761277198792,0.05,0.95106
1q91,1.6414991617202759,0.9637700608995383,0.7816537618637085,-0.74,0.13831
1q95,0.34312883019447327,0.0,0.9953547120094299,0.44,0.9151
1q9m,0.7150895595550537,0.0,0.92138671875,0.39,0.83322
1qaw,12.39926815032959,0.0,0.06485506892204285,-1.65,0.59044
1qbq,0.7369673252105713,0.952093339827213,0.9218146800994873,-0.30,0.5129
1qca,0.9408491253852844,0.9733899313477722,0.8714717626571655,-1.36,0.08966
1qf0,1.103763461112976,0.9214355233054129,0.8364130258560181,-0.18,0.90933
1qf1,1.2290199995040894,0.9214925067507984,0.8661417365074158,-0.07,0.95395
1qf5,1.6832306385040283,0.9125242273585031,0.7354347705841064,-0.17,0.84055
1qfs,0.7749789953231812,0.9562505821903845,0.941082775592804,0.59,0.87753
1qft,0.17422032356262207,0.9873989245485085,1.0,0.84,0.48688
1qi0,1.4631298780441284,0.8448319720337305,0.7630331516265869,-1.25,0.52162
1qin,0.653570294380188,0.990255431143877,0.9542682766914368,0.06,0.54748
1qiw,0.7691039443016052,0.97046258525619,0.9043696522712708,-0.49,0.34866
1qji,,,,-1.01,0.41078
1qk3,0.8213867545127869,0.0,0.9147018194198608,0.56,0.99107
1qk4,1.3920793533325195,0.0,0.8056653738021851,-0.08,0.77957
1qka,1.9634761810302734,0.8681801011749111,0.665145218372345,-3.34,0.65584
1qkb,1.2545428276062012,0.9171350748502267,0.8315273523330688,-3.53,0.51796
1qkn,0.5100213885307312,0.941197411289185,0.9664131999015808,0.20,0.48305
1qkt,1.0813595056533813,0.9440213518625717,0.8800926208496094,-0.08,0.89698
1qku,1.096874475479126,0.9624951152201234,0.8674377202987671,0.04,0.8429
1ql7,1.011564016342163,0.9700002527998223,0.9147597551345825,-0.56,0.60222
1ql9,1.0601750612258911,0.9580303936750676,0.8701629042625427,-0.44,0.57665
1qm4,0.3214145004749298,0.0,0.964062511920929,-0.27,0.68762
1qm5,,,,-1.58,0.44242
1qng,,,,-4.03,0.0
1qnh,,,,-3.92,0.0
1qon,0.8805874586105347,0.8979033135325961,0.881118893623352,-0.14,0.4655
1qpb,0.6487400531768799,0.0,0.7908805012702942,-2.29,0.04917
1qpe,0.3813042938709259,0.9445442501863682,0.9800000190734863,0.84,0.98376
1qpf,3.0614521503448486,0.0,0.5276356339454651,-3.43,0.39816
1qpl,3.5140931606292725,0.9139925372622816,0.49734556674957275,-3.06,0.38332
1qq9,4.546797275543213,0.5853848730305806,0.41206395626068115,-1.90,0.15803
1qr3,8.852677345275879,0.5484054657596725,0.12918660044670105,-2.34,0.0179
1qs4,27.476465225219727,0.017190066861500198,0.0,0.07,0.74107
1qsc,,,,-2.39,0.45129
1qti,0.9441977739334106,0.9110638711717,0.9093098044395447,0.09,0.70294
1qtn,,,,-3.41,0.13313
1qvt,0.6675323247909546,0.9210495959969266,0.9330357313156128,-0.62,0.46658
1qvu,0.6380606293678284,0.9507042319710566,0.959876537322998,-0.30,0.55519
1qw7,1.038994550704956,0.9797223198170498,0.9876543283462524,-3.23,0.69228
1qwe,10.107086181640625,0.8911454850010994,0.10386879742145538,-2.94,0.00597
1qwf,12.030856132507324,0.5637481834346196,0.05762852355837822,-3.29,0.10529
1qwu,0.92739337682724,0.9432007772269089,0.8916828036308289,-0.07,0.95385
1qx1,0.7462024688720703,0.9317578375702102,0.9107142686843872,-0.23,0.75205
1qxl,0.6279712319374084,0.9659636433074712,0.9522274136543274,0.16,0.90301
1qxw,0.6347190737724304,0.9490116839360138,0.9421241283416748,0.21,0.71213
1qxy,1.5218987464904785,0.9281461862381902,0.8245614171028137,-0.12,0.88083
1qxz,1.3621870279312134,0.9568452378971765,0.8237113356590271,0.15,0.9481
1qy1,0.17555901408195496,0.9783227776458371,1.0,0.14,0.6337
1qy2,0.2397623360157013,0.9775747086376808,1.0,0.17,0.65322
1qyg,1.409964919090271,0.9419371313462183,0.8068965673446655,-0.09,0.84856
1r17,,,,-2.45,0.01919
1r1h,1.4907783269882202,0.8881228694577015,0.8276119232177734,-0.06,0.60576
1r1j,1.0853530168533325,0.9637127137483363,0.8960674405097961,-0.44,0.7936
1r2b,17.484420776367188,0.10308045773064199,0.016568316146731377,-3.65,0.02812
1r4w,1.0116527080535889,0.9825297806208674,0.8924216032028198,0.00,0.29003
1r58,2.377317190170288,0.8894935865157664,0.7611111402511597,-0.03,0.7743
1r5g,0.8728068470954895,0.962301763169449,0.8898496031761169,0.09,0.93735
1r5n,1.0522613525390625,0.9175605243415939,0.8824214339256287,0.01,0.6095
1r5v,19.059219360351562,0.19390378401931824,0.015015015378594398,-3.28,0.0338
1r5w,8.136734008789062,0.6768207431272352,0.21860790252685547,-3.74,0.01956
1r5y,0.3772623836994171,0.9682184255584138,0.9872221946716309,0.55,0.93347
1r6g,0.8869940638542175,0.9745030263606353,0.9111570119857788,0.05,0.6483
1r6z,1.2583460807800293,0.0,0.8353253602981567,-0.81,0.71244
1r78,1.0194528102874756,0.9750826883770649,0.8474106192588806,0.03,0.68229
1r9l,0.19013762474060059,0.9882871636223824,1.0,0.79,0.99366
1rbo,2.151808261871338,0.0,0.6926847696304321,-0.25,0.37912
1rbp,0.616814136505127,0.9698291512875687,0.9430031180381775,0.14,0.79997
1rdi,0.9791744947433472,0.950104957025901,0.9098984599113464,-1.38,0.89236
1rdj,20.330215454101562,0.0,0.0,-1.19,0.71271
1rdl,0.994779109954834,0.9485449754688412,0.8763157725334167,-1.87,0.75388
1rdn,19.652090072631836,0.0,0.000620347389485687,-0.84,0.3985
1rdt,0.603966474533081,0.9719694139349042,0.9596773982048035,0.61,0.93471
1re1,0.43955284357070923,1.0,0.9796819686889648,0.33,0.38705
1rek,11.339737892150879,0.8829693097837349,0.1599423587322235,-1.56,0.62527
1rgk,1.1855095624923706,0.9814283400999392,0.8293269276618958,-1.43,0.34909
1rgl,2.5614521503448486,0.9630797808429004,0.5982944369316101,-1.44,0.10223
1rhj,1.5331979990005493,0.956337491375658,0.7580285668373108,-0.70,0.49078
1rhk,6.4052019119262695,0.7332019244136636,0.3575510084629059,-2.15,0.11864
1rhm,2.326368808746338,0.0,0.6409574747085571,-0.28,0.43349
1rhq,,,,0.16,0.62995
1rhr,1.4499192237854004,0.9686735122313437,0.8139144778251648,-0.86,0.45465
1rhu,1.5908305644989014,0.9233732836199965,0.7790697813034058,-1.05,0.51418
1rin,0.8504685163497925,1.0,0.9066358208656311,-0.54,0.93782
1rjk,0.8681920170783997,0.9618168371346897,0.8950228691101074,0.00,0.73462
1rlp,14.5166597366333,0.2181987011958108,0.002518891589716077,-2.79,0.16222
1rm8,4.9770402908325195,0.8844418311558966,0.5645240545272827,-0.09,0.896
1rmz,0.5132704973220825,0.9870726236723252,0.9772727489471436,0.60,0.89717
1rne,1.132092833518982,0.9324929110108201,0.8274319171905518,-0.66,0.60411
1rnm,0.8770854473114014,0.9114334405110722,0.9366952776908875,-0.82,0.15429
1rnt,1.4805245399475098,1.0,0.8877952694892883,-0.78,0.08111
1ro6,1.3919284343719482,0.8083754150501857,0.8346630930900574,0.45,0.75445
1ro7,1.5301381349563599,0.8444850049962457,0.7995207905769348,-0.74,0.24715
1rpf,1.872000813484192,0.8421430136346986,0.7584670186042786,-0.49,0.1497
1rpj,0.8743162155151367,0.9500957378459146,0.8934502005577087,-0.29,0.78956
1rq2,0.20131324231624603,1.0,1.0,-0.64,0.71592
1rr6,1.5770273208618164,0.9219194935682425,0.7787539958953857,0.09,0.81704
1rri,2.548126697540283,0.9532504328824353,0.654411792755127,-0.92,0.04269
1rrw,2.1782124042510986,0.9129185860419231,0.6641509532928467,-0.15,0.32894
1rry,35.35704040527344,0.0,0.0,0.35,0.46876
1rs4,34.50227737426758,0.026804122483241377,0.0,-1.66,0.0208
1rsi,36.61695098876953,0.0,0.0,0.22,0.06032
1rt9,0.9134280681610107,0.9774756979464897,0.9031456708908081,0.35,0.93103
1rti,0.9063709378242493,0.9870256365805508,0.9038461446762085,0.02,0.80904
1rtl,2.7539892196655273,0.9594368371277388,0.709766149520874,0.53,0.16664
1rv1,1.4872045516967773,0.8950786478960647,0.7297377586364746,-0.61,0.01399
1rw8,0.4279491901397705,0.9787873267713904,0.9822555184364319,0.72,0.92061
1rwx,1.9402092695236206,0.9418143133977253,0.6984200477600098,-0.85,0.50369
1ryf,1.054258942604065,0.010722899582898746,0.8905594348907471,-0.04,0.81693
1ryh,0.9118106961250305,0.010314997221046765,0.9285714030265808,0.23,0.44376
1rzx,14.109550476074219,0.25850786103876605,0.04128440469503403,-2.83,0.15207
1s17,0.6249388456344604,0.9644217348299114,0.945367157459259,0.73,0.88854
1s19,0.5980446934700012,0.9449749013937024,0.9441624283790588,0.19,0.95803
1s39,0.48113545775413513,0.9249407479718412,0.96875,0.13,0.96488
1s3k,6.904158115386963,0.9058702938744648,0.22350230813026428,-3.39,0.01121
1s50,3.465177536010742,0.7054918713136138,0.44576719403266907,-4.23,0.2616
1s5z,1.386754035949707,0.9126366155509132,0.7770061492919922,-0.66,0.50238
1s63,1.059181571006775,0.9284588905219462,0.9003759622573853,-2.01,0.55488
1s89,0.26775193214416504,0.0,1.0,-0.05,0.94104
1s9t,0.37964168190956116,0.9441041195745244,0.9920477271080017,0.96,0.91802
1s9v,21.620222091674805,0.5946770418737023,0.028751369565725327,-2.39,0.00862
1sb1,30.75545310974121,0.02122829410867805,0.0,-3.53,0.00616
1sdu,1.0530880689620972,1.0,0.8649094104766846,-0.70,0.5557
1sdv,1.1197986602783203,0.9902782469391308,0.8479838967323303,-0.50,0.54834
1sgu,2.036299228668213,0.9324075521709101,0.757557213306427,-1.15,0.57791
1sh9,1.531189203262329,0.9617256355580525,0.7633786201477051,-1.13,0.59824
1shd,,,,-2.26,0.00047
1siv,0.9288530349731445,0.980510806598099,0.8941314816474915,-1.02,0.78556
1sj0,1.0512731075286865,0.9521499775655135,0.8394179940223694,0.25,0.64082
1sje,,,,-3.59,0.00019
1sjh,9.233049392700195,0.5751231914275834,0.17804621160030365,-3.60,0.13457
1sl3,0.6679548621177673,0.8779470149884864,0.9333333373069763,-0.16,0.69532
1sld,8.41103458404541,0.6753474516696915,0.17105263471603394,-3.00,0.04791
1sle,11.30643081665039,0.02802005634650379,0.07608695328235626,-2.78,0.06038
1slg,12.250527381896973,0.012400621294748669,0.06882669031620026,-2.02,0.03081
1sln,1.5267585515975952,0.9517491795154508,0.8551106452941895,-1.15,0.47764
1sm3,31.75306510925293,0.04769220826186281,0.0,-2.31,0.05416
1sme,4.3373260498046875,0.0,0.478667676448822,-2.77,0.17904
1snk,1.1160613298416138,0.9481623812388553,0.8795931935310364,0.40,0.21805
1sps,,,,-3.33,0.00128
1sqb,10.066286087036133,0.54543295119646,0.3449767231941223,-2.00,0.2538
1sqc,1.8789302110671997,0.8761782689860044,0.7072192430496216,-0.01,0.75491
1sqn,1.1964441537857056,0.9544563272900888,0.838302731513977,0.48,0.53581
1sqp,26.476572036743164,0.06878054894583929,0.0,-1.03,0.43283
1sr7,4.034217834472656,0.007618590791808008,0.5257999897003174,-1.60,0.11556
1sre,0.6172517538070679,1.0,0.9464012384414673,-0.42,0.79806
1srg,1.5903420448303223,0.9711358203646829,0.8631876111030579,-0.25,0.88914
1sri,0.6775949597358704,0.9601302079595414,0.932692289352417,-0.46,0.66968
1ssq,28.744321823120117,0.022416174727444723,0.0,0.44,0.55268
1std,0.5096288323402405,0.9802245588138476,0.962897539138794,-0.15,0.86182
1stp,0.7414128184318542,1.0,0.9365941882133484,0.19,0.99004
1str,7.889902114868164,0.027768568184498726,0.13364055752754211,-2.83,0.16291
1sts,10.452108383178711,0.02356747046730303,0.072727270424366,-2.57,0.01451
1sv3,0.6770305633544922,0.9544075264397539,0.9147058725357056,-0.35,0.63734
1sw1,0.5419231057167053,0.9442492400723963,0.961581289768219,-0.15,0.22794
1sw2,0.10957244783639908,0.9888417430111415,1.0,-0.08,0.91317
1swg,0.7170777916908264,0.010421115373514344,0.9225961565971375,-0.07,0.93246
1swi,0.70317542552948,0.9811134556252508,0.9405242204666138,-0.49,0.36839
1swk,0.6653974056243896,0.010142006695871323,0.9308775067329407,0.01,0.95386
1swn,0.43787631392478943,0.9876139763541616,0.9750000238418579,-0.00,0.9869
1swp,0.8348379135131836,0.01021088214643878,0.899055004119873,-0.00,0.96552
1swr,0.6448023915290833,0.9649400606978977,0.9377118349075317,0.04,0.98099
1syh,0.29855281114578247,0.9901889222405024,0.9945651888847351,1.28,0.90773
1syi,0.27204596996307373,0.9812557077272709,1.0,1.10,0.97835
1syo,1.0634797811508179,0.9289730552520606,0.8309659361839294,-1.12,0.12772
1sz0,0.8430209755897522,0.971351112432316,0.9043909311294556,-1.05,0.24697
1t08,22.66927146911621,0.3612398641959202,0.0017820773646235466,-2.87,0.06373
1t29,,,,-2.59,0.00324
1t31,2.290987014770508,0.9301592045524396,0.7767618298530579,-1.23,0.30538
1t37,6.847373008728027,0.5954605345268048,0.23722627758979797,-2.56,0.28644
1t46,0.6257501244544983,0.9769224027875293,0.9534721970558167,-0.03,0.43287
1t48,0.7851627469062805,0.9686104492512502,0.932634711265564,0.12,0.78464
1t4s,4.8157572746276855,0.0,0.39923954010009766,-1.10,0.53538
1t4v,6.915444850921631,0.7125328539508005,0.21983161568641663,-2.08,0.00217
1t5a,0.3634338080883026,0.0,0.9987804889678955,-0.09,0.75276
1t5f,1.0150303840637207,0.9330901147406445,0.8759036064147949,0.35,0.87817
1t69,1.3460817337036133,0.9755222841535954,0.8807947039604187,-0.24,0.48967
1t79,,,,-2.92,0.00669
1t7d,,,,-2.93,0.18103
1t7f,,,,-3.43,0.04945
1t7r,,,,-3.35,0.12879
1ta2,0.7732652425765991,0.9397128806621939,0.9340753555297852,0.45,0.72062
1ta6,1.0073732137680054,0.930252254985419,0.8853305578231812,0.39,0.75383
1tbz,4.612700939178467,0.8263318330324123,0.47661730647087097,-2.82,0.10692
1tc1,0.09958650916814804,1.0,1.0,0.29,0.50367
1tcw,11.03684139251709,0.6957913035779051,0.29307568073272705,-1.87,0.24292
1td7,0.5867080688476562,0.9854050780361854,0.9632675647735596,-0.73,0.29386
1tet,10.799053192138672,0.4769787700960203,0.13809910416603088,-2.99,0.00046
1tfq,2.550156354904175,0.9077772448901906,0.6934880018234253,-1.40,0.49584
1tft,2.287635564804077,1.0,0.6479654908180237,-0.80,0.49173
1tfz,1.1485657691955566,0.9809231857858387,0.8653846383094788,-0.43,0.53072
1thr,44.93226623535156,0.0,0.0,-3.61,0.01603
1ths,,,,-3.00,0.01468
1thz,1.5659576654434204,0.9121603992300552,0.8510971665382385,-0.46,0.54982
1tka,0.5240976214408875,0.02146942958978187,0.9544653296470642,0.01,0.61746
1tkt,0.755905270576477,0.9394148109118846,0.9238826632499695,0.26,0.08066
1tkx,0.8501881957054138,0.9872409687007958,0.9163265228271484,0.55,0.56053
1tl1,0.8208482265472412,0.9642884245383186,0.907543420791626,0.08,0.3046
1tl3,0.757721483707428,0.9630645854235378,0.9244604110717773,0.36,0.76178
1tl7,,,,-0.99,0.22169
1tl9,5.759250164031982,0.7896318801559719,0.44357743859291077,-2.43,0.26185
1tlp,1.8236345052719116,0.9389924198608386,0.77601158618927,-0.56,0.90578
1tmm,1.0271656513214111,0.9393354338696566,0.9041487574577332,-0.73,0.13353
1tng,0.8441118001937866,0.937989509941766,0.9052795171737671,0.23,0.94745
1tni,3.58758544921875,0.8167893433443859,0.5244791507720947,0.06,0.73393
1tnj,0.5364922881126404,0.9871062477899455,0.976222813129425,0.36,0.42635
1tnk,1.8001058101654053,0.9752515322206896,0.7200704216957092,0.37,0.90196
1tnl,0.4766843318939209,0.9752561823248259,0.9877150058746338,0.37,0.85687
1tog,0.29933491349220276,0.9801747889748328,1.0,-0.27,0.92508
1toi,0.20732976496219635,0.9635322334208499,0.7371601462364197,-0.38,0.94674
1toj,0.23284617066383362,1.0,0.759530782699585,-0.54,0.94775
1tok,0.23378083109855652,0.0,1.0,-0.36,0.60386
1tom,1.8532898426055908,0.9330882964652993,0.7400990128517151,-0.94,0.44202
1tou,0.3490791916847229,0.9891136731323424,0.9765795469284058,0.02,0.52878
1tpw,0.31062981486320496,0.0,0.9828680157661438,0.32,0.91112
1tpz,0.5032204985618591,0.9536525510222947,0.96757572889328,0.61,0.94134
1tq4,1.3121777772903442,0.9871202143338036,0.8263646960258484,0.31,0.30423
1tqf,1.6612509489059448,0.8870224495786869,0.8117547035217285,-1.17,0.38668
1tr7,1.736501932144165,0.9135117276168327,0.7551440596580505,0.19,0.74369
1trd,0.19151534140110016,0.9872550765906117,1.0,0.27,0.88002
1tsi,0.23956505954265594,1.0,1.0,-0.13,0.91034
1tsv,0.5655530691146851,0.9766436915915143,0.9660751819610596,-0.00,0.98778
1tsy,0.5748339891433716,0.9640693408376224,0.9581567645072937,0.04,0.92765
1tt1,1.47581148147583,0.0,0.7793295979499817,0.47,0.70072
1ttm,0.6824767589569092,0.9773922793294496,0.9632866978645325,0.44,0.32133
1tu6,0.7595390677452087,0.9398210538238151,0.9118704795837402,0.88,0.64563
1tuf,7.375053882598877,0.41761475464488107,0.1768973171710968,-0.14,0.00186
1tv6,2.220520496368408,0.9310341622796318,0.7267720103263855,-0.11,0.47325
1tve,14.5293550491333,0.18293055791161325,0.09050772339105606,-1.99,0.14051
1tvo,0.3956485092639923,0.9580982556153278,0.9929519295692444,-0.36,0.93784
1tvr,0.8790463805198669,0.9274002514568869,0.8992000222206116,0.36,0.95001
1txr,0.7737118601799011,0.9560804701621608,0.9283004403114319,0.50,0.9463
1tyn,3.4441096782684326,0.9233468396487937,0.5963114500045776,-2.05,0.17249
1tyr,1.3068885803222656,0.9340136944218973,0.8346273303031921,-1.00,0.34049
1tys,0.6503798365592957,0.9449958882928303,0.9424493312835693,0.14,0.77886
1u0g,0.23631030321121216,0.9697106731637802,1.0,-0.15,0.75385
1u2r,0.6733280420303345,0.9864100422942651,0.9624824523925781,0.21,0.94562
1u2y,5.794438362121582,0.6515695044813762,0.26003822684288025,-0.65,0.52551
1u32,1.1644115447998047,0.9504255688792734,0.8488211035728455,-1.31,0.7743
1u33,1.5838721990585327,0.8861520624791098,0.7744082808494568,-1.37,0.5183
1u3r,0.2853688895702362,1.0,0.9915540814399719,0.38,0.87338
1u59,1.5409188270568848,0.9215545312347349,0.7672972679138184,0.55,0.60186
1u65,1.7990726232528687,0.9063701797205759,0.7522686123847961,-0.96,0.39956
1u8t,14.376724243164062,0.09311692815030391,0.03292682766914368,-3.25,0.0061
1u9l,24.105960845947266,0.24247466521694222,0.00295663601718843,-3.17,0.03299
1ua4,1.2585787773132324,0.950660309278251,0.8124186992645264,-0.30,0.2356
1ucn,1.1073769330978394,0.0,0.8580441474914551,-0.74,0.20868
1udt,1.308991551399231,0.9512767012115414,0.7638248801231384,-0.56,0.60344
1uef,,,,-3.08,0.00613
1ugp,3.5291907787323,0.6011578329986528,0.3442906439304352,-0.39,0.33966
1ugw,1.1338067054748535,0.0,0.8333333134651184,-0.79,0.64524
1ugx,1.1392700672149658,1.0,0.855182945728302,-0.95,0.39562
1ugy,1.7523455619812012,0.0,0.7553667426109314,-1.39,0.61665
1uh1,1.2739577293395996,0.0,0.8825364112854004,-1.03,0.84509
1uho,0.7193853855133057,0.960307503666142,0.9541160464286804,-0.09,0.7016
1ui0,2.8078055381774902,0.9308389596552783,0.625,-0.07,0.1552
1uj0,,,,-3.39,0.05222
1uj5,1.415305733680725,0.9592622744904253,0.8103161454200745,0.14,0.82879
1uj6,0.631596565246582,0.9688516354041585,0.8757009506225586,-0.19,0.80072
1ujj,2.442519426345825,0.0,0.6160609722137451,-2.83,0.01863
1ujk,,,,-2.91,0.00812
1uk1,1.0313255786895752,0.0,0.8436224460601807,-0.20,0.52363
1ukh,26.276897430419922,0.13203949078955984,0.0,-3.02,0.03607
1ukt,,,,-2.24,0.78082
1ule,1.1362448930740356,0.0,0.8677386045455933,-2.01,0.24717
1ulg,1.3363667726516724,0.0,0.8377071619033813,-2.21,0.42917
1uml,0.5006008148193359,0.9740347329979092,0.9713930487632751,0.04,0.82527
1umw,,,,-1.81,0.0078
1ung,0.640931248664856,0.9706171194065467,0.9328793883323669,0.04,0.18185
1unl,0.6082521080970764,0.9623315713332503,0.9595096707344055,0.04,0.76565
1uod,1.0271211862564087,0.9085629297077935,0.8483145833015442,0.18,0.56971
1uom,1.0279687643051147,0.9601438854643207,0.8565242290496826,0.12,0.69413
1uou,1.6030939817428589,0.9907506475902681,0.813209056854248,0.28,0.96533
1upf,0.10709509253501892,1.0,1.0,0.16,0.92482
1upk,11.202095031738281,0.6118160540663055,0.1295572966337204,-3.43,0.06341
1ur9,,,,-0.84,0.21428
1urc,12.01643180847168,0.0,0.09378596395254135,-1.99,0.2354
1urg,1.502648115158081,0.9018020890377347,0.7759541869163513,-0.97,0.63555
1usi,16.398958206176758,0.12535735110538088,0.005047106184065342,-0.16,0.45768
1usk,6.690574645996094,0.0,0.26445579528808594,-0.74,0.30055
1utc,,,,-2.67,0.01456
1utj,0.33541491627693176,0.9863129107212742,0.9968253970146179,0.45,0.97652
1utl,1.2619976997375488,0.9477767943720148,0.8179824352264404,0.21,0.88301
1utm,0.40726640820503235,0.9859233722914448,0.9892026782035828,0.40,0.94792
1uto,0.4672738015651703,0.9874685646045207,0.9811912178993225,0.39,0.85739
1utp,1.0239136219024658,0.9510832703285533,0.877464771270752,0.13,0.8577
1utr,1.2508399486541748,0.9518413960544435,0.8230215907096863,-0.62,0.2864
1utt,2.391969680786133,0.9373401020134972,0.6177172660827637,-0.46,0.41891
1uv5,0.318137526512146,0.9632870941985165,0.996982753276825,0.92,0.94231
1uv6,1.1251178979873657,0.9740998534026925,0.858031690120697,0.52,0.7037
1uvs,5.483035564422607,0.8424325690708769,0.5057442784309387,-1.53,0.5189
1uvt,8.691305160522461,0.706284080793646,0.13517698645591736,-2.24,0.2365
1uwb,0.6847259402275085,0.9384554881947967,0.9493243098258972,0.48,0.32993
1uwf,0.814382016658783,0.978542252045155,0.896934449672699,0.37,0.764
1uwt,0.6882177591323853,0.9446341044882125,0.9366405010223389,0.33,0.56842
1uwu,0.556722104549408,0.0,0.9701565504074097,0.50,0.92507
1ux7,1.76132071018219,0.9712582271786498,0.7430379986763,-1.06,0.62075
1uxa,3.7965915203094482,0.8990080133226372,0.6180202960968018,-2.52,0.46526
1uxb,3.9877068996429443,0.18062681297191074,0.4758230447769165,-2.54,0.30816
1uy7,0.5902443528175354,0.9335544156659272,0.9432692527770996,-0.02,0.78931
1uy9,1.4618301391601562,0.9802802054297041,0.8286885023117065,0.12,0.7024
1uyc,0.8495674133300781,0.9236068140002873,0.916809618473053,-0.32,0.67555
1uyd,0.7822836637496948,0.9444837973601069,0.8958646655082703,-0.61,0.64829
1uyf,0.6415834426879883,0.9554838937769278,0.9487463235855103,-0.30,0.89107
1uyg,0.8082172274589539,0.9360210199955084,0.8941637873649597,-0.00,0.65737
1uyk,0.45687583088874817,0.9721614108298119,0.9754385948181152,-0.22,0.88702
1uym,0.6751565933227539,0.9905953008406512,0.9356814622879028,-0.53,0.71393
1uys,0.884678304195404,0.0,0.8781838417053223,-0.03,0.83167
1uz1,0.7021980881690979,0.8903339251517466,0.9268559217453003,0.95,0.93662
1uz4,0.7298754453659058,0.9570027434860067,0.9402552247047424,0.32,0.58041
1uz8,3.1498239040374756,0.1836612848673735,0.5152581930160522,-2.47,0.05157
1v0k,1.1203267574310303,0.950299255559003,0.8339160680770874,-0.72,0.43054
1v0l,0.9144362211227417,0.9620717053315618,0.8779816627502441,-0.04,0.18303
1v0m,1.0318924188613892,0.9872111667230506,0.8577512502670288,-0.70,0.75308
1v0n,0.7104954719543457,0.9492066824519778,0.9400785565376282,0.06,0.61363
1v0p,0.6154452562332153,0.0,0.9382801651954651,-0.39,0.9003
1v11,4.674493312835693,0.8273503751754556,0.4459896385669708,-1.32,0.36148
1v16,5.134607315063477,0.7902923400113353,0.37355658411979675,-1.10,0.15187
1v1j,1.25473153591156,0.0,0.8247180581092834,0.49,0.25003
1v1k,1.9047473669052124,0.9112162663815742,0.7420440912246704,-0.84,0.70713
1v1m,3.6017611026763916,0.8257653543956242,0.6465649008750916,-0.67,0.18078
1v2k,0.8523544073104858,0.8986678188878312,0.8808016777038574,-0.59,0.55474
1v3x,1.6897042989730835,0.9305088944049372,0.8242263197898865,-0.16,0.45497
1v48,0.35581377148628235,0.9891173144668829,1.0,-0.09,0.86577
1v79,1.1989284753799438,0.9132322496722564,0.8754138946533203,-0.12,0.87582
1v7a,0.5710017085075378,0.955168081201493,0.9467766284942627,0.14,0.93475
1vcj,1.4085369110107422,0.8467317838719186,0.7786388397216797,-0.02,0.49281
1vcu,1.195052981376648,0.0,0.8247330784797668,-0.39,0.54031
1vea,3.154168128967285,0.913007068341995,0.790436863899231,-0.29,0.39
1veb,2.8769123554229736,0.8620117904796677,0.6470833420753479,-1.02,0.56387
1vgc,0.4554173946380615,0.9883429856489457,0.9737093448638916,0.29,0.54044
1vik,,,,-1.94,0.59023
1vj5,0.624640703201294,0.9821196847713215,0.9484200477600098,0.49,0.91711
1vjc,2.0574944019317627,0.8896840965165111,0.6729828715324402,-1.05,0.13811
1vkj,0.8580662608146667,0.9594021258563336,0.8825405836105347,-0.18,0.5791
1vot,0.6002286076545715,0.9810503407787994,0.9530988335609436,0.67,0.38184
1vwf,8.1807279586792,0.7944099865603936,0.27532678842544556,-2.66,0.02723
1vyf,0.966554582118988,0.9786459467777151,0.8765305876731873,0.12,0.63975
1vyg,1.886694073677063,0.9487073403903775,0.7584683299064636,-0.15,0.57636
1vyj,20.09081268310547,0.0,0.05298556387424469,-3.77,0.00346
1vyw,1.6330742835998535,0.9348091212063628,0.8253424763679504,0.51,0.82103
1vyz,0.3228694796562195,0.9733865703179623,0.9940000176429749,1.01,0.97949
1w10,1.0278761386871338,0.9783355425911058,0.8926435112953186,-0.71,0.48929
1w13,0.65220707654953,0.9364557377378241,0.9240196347236633,-0.38,0.89664
1w14,0.8674253225326538,0.9893525267376773,0.9220705628395081,-1.29,0.50331
1w1d,1.3290834426879883,0.9519514719224819,0.8153477311134338,-1.81,0.3484
1w1g,1.5540894269943237,0.8676363524415346,0.7844626307487488,-2.24,0.44932
1w1p,0.5563898682594299,0.9162298144724346,0.9607142806053162,0.21,0.91867
1w1t,2.5921287536621094,0.8054260433792888,0.7593416571617126,-0.05,0.32167
1w1v,0.9581310749053955,0.0,0.8837548494338989,-0.24,0.4818
1w1y,0.720241129398346,0.0,0.9247359037399292,0.25,0.86723
1w25,,,,-0.59,0.74483
1w2g,0.8545287847518921,0.0,0.9306507110595703,-0.10,0.97286
1w2h,1.1257717609405518,0.9714300469732579,0.851123571395874,-0.26,0.73718
1w2x,1.2035881280899048,0.0,0.8243464231491089,-0.55,0.33397
1w31,0.4741646945476532,0.9788545158604677,0.9918879270553589,-0.01,0.45274
1w3j,0.6309868693351746,0.9218585140313679,0.9629854559898376,0.80,0.96579
1w3k,0.8549340963363647,0.9873467027516688,0.9139554500579834,-0.55,0.80341
1w3l,,,,-0.94,0.69016
1w4o,1.1273856163024902,0.0,0.8462199568748474,-0.24,0.93146
1w4p,1.3489774465560913,0.9017112593817667,0.8345141410827637,-0.29,0.35721
1w4q,1.1393882036209106,0.0,0.8300812840461731,-0.21,0.87353
1w51,1.0383057594299316,0.9417014686130276,0.8729433417320251,-0.25,0.63511
1w5v,0.8550179600715637,0.9351281981191282,0.8949826955795288,-0.37,0.69998
1w5w,1.2516109943389893,0.972056287127794,0.8182989954948425,-0.40,0.95393
1w5x,1.5303339958190918,0.9720059674895473,0.7584563493728638,-0.65,0.74051
1w5y,2.194833993911743,0.9713435455107354,0.6939523816108704,-0.49,0.78838
1w6j,0.7317987084388733,0.9347721243766627,0.9206621050834656,-0.36,0.85146
1w6y,1.0220037698745728,0.9881655343522917,0.9045566320419312,-0.08,0.8023
1w70,0.19018465280532837,0.8957668197780803,1.0,-0.29,0.71915
1w76,1.3674416542053223,0.9418988842014292,0.7817700505256653,0.39,0.70625
1w7h,0.40324729681015015,0.9866236586870403,0.9870689511299133,0.15,0.43884
1w80,,,,-2.93,0.05661
1w83,0.6557066440582275,0.966827051488952,0.9491666555404663,0.47,0.82822
1w84,0.4562377333641052,0.9516186169463,0.9712837934494019,0.00,0.10284
1w8l,0.4323268532752991,0.9839118717105216,0.9869999885559082,0.55,0.54858
1w8m,0.49581000208854675,1.0,0.9575163125991821,0.63,0.67671
1way,0.7880265116691589,0.9423910981978892,0.9552023410797119,0.20,0.65246
1wbg,1.250105857849121,0.9167418856893684,0.8393223881721497,-0.22,0.34967
1wbo,0.6025456190109253,0.9853860744579345,0.9576612710952759,0.17,0.86431
1wbs,0.7130042314529419,0.9748476597925353,0.9282477498054504,0.29,0.31271
1wbt,0.7152015566825867,0.9832258470802959,0.9301210641860962,0.35,0.4036
1wbv,0.7530420422554016,0.9644872751586407,0.9144562482833862,0.25,0.50272
1wbw,0.3522196412086487,0.9430922681269928,0.9946714043617249,0.43,0.89702
1wcc,0.3792586922645569,0.9576870353325363,0.9824903011322021,0.02,0.53068
1wcq,0.4265212118625641,0.9805074593596345,0.9823809266090393,0.66,0.95776
1wdn,,,,-3.43,0.01952
1wdq,1.2618180513381958,0.9521656872764389,0.8060088753700256,-0.55,0.10926
1wdr,1.143373966217041,0.9619856856674193,0.8321256041526794,-0.69,0.64476
1wdy,2.016650438308716,0.951020994451046,0.6732625365257263,-2.09,0.14538
1we2,0.6153231263160706,0.987595844793455,0.9546089172363281,-0.07,0.65166
1wkm,6.375555992126465,0.5375505435204723,0.2571614682674408,-2.01,0.5605
1wm1,0.8943173885345459,0.9455453803054819,0.899021327495575,0.03,0.72012
1ws1,,,,-0.05,0.69652
1ws4,0.7786214351654053,0.9333232177509445,0.8861842155456543,-0.75,0.83431
1ws5,1.0313271284103394,0.0,0.8574270606040955,-0.35,0.95786
1wug,0.3636946678161621,0.9784663027398108,0.9972375631332397,-1.23,0.72502
1wvc,4.061225891113281,0.8293513789260935,0.6565138697624207,-0.97,0.04257
1wvj,0.7282754182815552,0.9711042848142245,0.9173228144645691,1.35,0.95481
1wzy,,,,-0.23,0.78227
1x07,0.443603515625,0.9619491986030829,0.9814004302024841,-0.27,0.92428
1x1z,0.8439168334007263,0.026102790369200296,0.9157534241676331,-0.14,0.47785
1x38,0.7038753032684326,0.9611767280226706,0.9269621968269348,0.55,0.85552
1x39,0.7353181838989258,0.981473334804322,0.9106411933898926,0.40,0.56086
1x6u,0.7943931221961975,0.9244065990181292,0.9187710285186768,-0.91,0.53685
1x70,0.7554877996444702,0.9414917516571829,0.9298469424247742,-0.14,0.74785
1x78,0.830674409866333,0.9812160359547382,0.9147254824638367,0.31,0.68903
1x7b,0.4622519910335541,0.0,0.972178041934967,0.63,0.85169
1x7e,0.7569543123245239,0.0,0.8960066437721252,0.40,0.86657
1x7q,5.710280418395996,0.80196061524054,0.3249724507331848,-3.61,0.08836
1x81,1.0312178134918213,0.930436665703285,0.8373180627822876,-1.42,0.55362
1x8d,0.8466137051582336,0.0,0.8889706134796143,-0.20,0.74923
1x8j,1.6551320552825928,0.0,0.7416666746139526,-0.17,0.75429
1x8r,0.7154507040977478,0.954618999564091,0.9262485504150391,-0.04,0.7138
1x8t,1.9303401708602905,0.9473371598655853,0.7754189968109131,-0.37,0.79826
1x9d,3.513580799102783,0.8218111996049525,0.5806564092636108,-1.99,0.16696
1xa5,2.210350751876831,0.9232415360921541,0.6309261322021484,-1.56,0.0327
1xb7,,,,-3.21,0.11619
1xbb,0.8013176918029785,0.9320862183923297,0.9650706648826599,-0.61,0.69473
1xbc,0.6713030934333801,0.9663741788722522,0.9308968186378479,0.66,0.49179
1xd0,1.5591204166412354,0.8980927055727301,0.7766228914260864,-1.02,0.68919
1xdd,2.839303731918335,0.8583257286962843,0.5650277733802795,-1.16,0.6211
1xdg,3.9640159606933594,0.8880558893297119,0.6195244193077087,-1.24,0.58827
1xff,7.355040073394775,0.0,0.19566993415355682,-1.01,0.28268
1xge,2.712085723876953,0.0,0.4594474136829376,-0.17,0.55633
1xh3,5.6648454666137695,0.8488033346871896,0.3387487828731537,-3.10,0.055
1xh4,2.2366058826446533,0.8804042734216356,0.6379245519638062,-1.45,0.6435
1xh5,1.386949896812439,0.9070588412451297,0.7772161960601807,-1.07,0.71084
1xh7,2.1153743267059326,0.9125845408564789,0.7311769127845764,-0.54,0.70067
1xhm,,,,-3.09,0.00231
1xhy,0.7479541897773743,0.9592999555338078,0.9323122501373291,0.67,0.83522
1xjd,1.3681578636169434,0.9545941153681619,0.800159215927124,0.48,0.94659
1xk9,1.6332818269729614,0.0,0.8167495727539062,-1.03,0.30433
1xlz,1.2324076890945435,0.9801614689247407,0.8254629373550415,0.27,0.65434
1xm6,1.111790418624878,0.0,0.8730088472366333,0.38,0.88253
1xmy,0.9757879376411438,0.0,0.8720400929450989,0.41,0.97161
1xn0,0.7505768537521362,0.0,0.9294392466545105,0.66,0.94084
1xn2,11.850860595703125,0.0,0.06463462859392166,-3.80,0.02483
1xn3,11.458980560302734,0.0,0.4568788409233093,-3.65,0.39444
1xnx,0.6465309262275696,0.9887612681472154,0.9401623010635376,-0.03,0.43873
1xnz,0.31397727131843567,0.9878037783056818,0.9858276844024658,0.71,0.94218
1xo2,0.5290374159812927,0.9317017675311158,0.961693525314331,0.02,0.79003
1xoe,1.087458848953247,0.9547211201232322,0.8532702326774597,0.25,0.7371
1xog,1.0178637504577637,0.9731372358943214,0.8795971870422363,0.53,0.89472
1xom,0.8923164010047913,0.9526407828946869,0.9135472178459167,0.19,0.59978
1xon,0.5452834963798523,0.0,0.9620717763900757,0.09,0.79953
1xoq,0.6872358322143555,0.9647256196809895,0.9497063159942627,-0.23,0.76831
1xor,1.2603724002838135,0.0,0.8523688912391663,0.14,0.28585
1xos,0.9615820050239563,0.9298942262105591,0.867625892162323,-0.39,0.08813
1xow,1.3259189128875732,0.9471864081390667,0.8249630928039551,0.50,0.69686
1xoz,1.2899222373962402,0.94063839044772,0.7962185144424438,-0.02,0.56366
1xr8,6.065260410308838,0.7557618593106477,0.3135944604873657,-3.18,0.0339
1xr9,6.159981727600098,0.7130918421789764,0.28186023235321045,-3.67,0.00754
1xs7,2.6137516498565674,0.9269608029550687,0.5870806574821472,-0.91,0.43853
1xsc,3.075814723968506,0.7956648155428714,0.7042586803436279,-1.67,0.12272
1xt8,1.7135016918182373,0.0,0.7293333411216736,-2.45,0.43797
1xud,0.5303454995155334,0.0,0.9656188488006592,-0.11,0.85809
1xxe,1.5246622562408447,0.9446666365834052,0.7492146492004395,-0.16,0.91432
1xz8,1.2910012006759644,0.03386636450766888,0.7938368320465088,-0.67,0.14889
1y0l,0.7546175718307495,0.0,0.9040540456771851,-0.32,0.80347
1y0x,1.0805977582931519,0.9677849436071277,0.8417402505874634,0.23,0.82776
1y19,,,,-2.71,0.00519
1y20,0.13010263442993164,0.988705549693988,1.0,1.38,0.98105
1y2a,41.68486022949219,0.020150292680708955,0.0,-2.45,0.01332
1y2b,0.13493183255195618,0.0,1.0,0.30,0.89062
1y2c,0.24974793195724487,1.0,0.9993932247161865,0.32,0.92488
1y2f,0.9472272396087646,1.0,0.9441260695457458,-0.29,0.51331
1y2h,0.15559576451778412,0.9706993487303082,1.0,-0.00,0.92108
1y3a,,,,-3.49,0.16039
1y3g,,,,-1.63,0.14835
1y3n,2.6273434162139893,0.9433878993075748,0.6759724020957947,-1.11,0.32716
1y3p,2.6135382652282715,0.9236327451363924,0.6832020282745361,-1.49,0.43558
1y6q,0.8521058559417725,0.9720272972998308,0.9147727489471436,-0.10,0.96887
1y8o,1.5350145101547241,0.8850856179792548,0.7661169171333313,-0.71,0.6717
1y8p,1.2654211521148682,0.9358010018817929,0.8244456052780151,-0.02,0.59412
1y91,0.5744831562042236,0.9485076601937555,0.9587182402610779,0.36,0.81891
1ybg,8.67860221862793,0.0,0.22030049562454224,-1.08,0.41812
1yc1,1.7183645963668823,0.8931839653695606,0.7503293752670288,-0.23,0.62501
1yc4,1.3310869932174683,0.9184221713091487,0.8136070966720581,-0.08,0.36154
1yc5,0.5085023045539856,0.9868167316746284,0.9516128897666931,0.79,0.97453
1yci,0.3132249414920807,0.9696196067854793,0.9931507110595703,0.17,0.87946
1ycm,1.2868777513504028,0.9047955039904763,0.7976827025413513,0.13,0.75494
1yda,0.5640193819999695,0.964663345678118,0.9530830979347229,0.72,0.80349
1ydb,0.3754679560661316,0.9770140267889507,0.9960629940032959,0.93,0.95005
1ydd,1.2320551872253418,0.9654208440523615,0.8876543045043945,0.26,0.4936
1ydk,0.731161892414093,0.0717788680181095,0.9301994442939758,-0.32,0.82936
1ydr,0.8077095746994019,0.9669773540716732,0.9198028445243835,-0.03,0.92935
1yet,2.608104705810547,0.8734103170715749,0.5425300002098083,-5.59,0.07652
1yfz,5.110886573791504,0.7683166138186093,0.47620904445648193,-0.32,0.38721
1yi3,1.3346583843231201,0.8734285032898004,0.7877118587493896,0.41,0.82016
1ykp,2.0022904872894287,0.0,0.7365145087242126,0.19,0.68408
1ylv,0.23958274722099304,0.9775444942921458,1.0,-0.21,0.30657
1yly,0.33799901604652405,0.9300566723566626,0.9947034120559692,-0.03,0.13906
1ym1,0.9871886968612671,0.0,0.875,0.02,0.26601
1ym2,9.264913558959961,0.0,0.20107191801071167,-2.94,0.24194
1ym4,12.987311363220215,0.4221513869080438,0.13569024205207825,-3.21,0.49351
1yms,0.38581788539886475,0.0,0.9907767176628113,0.19,0.38969
1ymx,2.1961987018585205,0.0,0.6653746962547302,-0.55,0.29478
1ynd,9.269954681396484,0.6932542871910083,0.22444508969783783,-2.27,0.55379
1yon,4.234421253204346,0.8484266693352174,0.5731552243232727,-0.81,0.1627
1you,0.8774226307868958,0.0,0.921545684337616,0.07,0.62108
1yq7,0.3450070917606354,0.9900656412232458,0.9982598423957825,-0.78,0.71721
1yqj,0.7848461270332336,0.9898043840642193,0.9206703901290894,-0.15,0.44698
1yqy,1.0268577337265015,0.9601490437750309,0.8669934868812561,0.16,0.62806
1yrs,1.705529808998108,0.0,0.6958438158035278,0.03,0.60265
1ysg,0.5965470671653748,0.9132482538953482,0.9555000066757202,-0.06,0.90219
1yt9,1.3165580034255981,0.9720703766702087,0.8187976479530334,-0.51,0.58783
1yvf,0.3938690721988678,0.9667166410920208,0.9824159145355225,0.28,0.32165
1yvm,0.21060246229171753,1.0,1.0,0.63,0.86152
1yvz,0.5984047055244446,0.9868991472829811,0.9306358098983765,0.32,0.57956
1yw7,0.9265122413635254,0.933693744153882,0.8863216042518616,-0.17,0.27408
1yw8,0.9845992922782898,0.9189619121905401,0.8650075197219849,-0.20,0.45941
1ywh,11.761183738708496,0.09282067273740943,0.029406946152448654,-3.70,4e-05
1ywi,19.087160110473633,0.5967699451005066,0.0026666666381061077,-2.93,0.10348
1yxd,3.453890323638916,0.3053240847517708,0.5980046987533569,-2.56,0.55445
1yy4,0.42926862835884094,0.0,0.9770761132240295,0.12,0.67254
1yy6,,,,-3.20,0.04239
1yye,0.746479868888855,0.9716487308750772,0.9116989374160767,0.74,0.77948
1yyr,0.919521689414978,0.8861560916732045,0.8765496015548706,-0.04,0.38608
1yys,0.8680282831192017,0.0,0.8722084164619446,-0.26,0.8049
1yz3,0.508711576461792,0.9789890728484449,0.960997462272644,0.13,0.91736
1z2b,11.01457691192627,0.0,0.0,-2.43,0.04102
1z3j,1.2558445930480957,0.9193857175913289,0.8192471861839294,-0.59,0.50921
1z3t,6.2415971755981445,0.8893510295090377,0.3530351519584656,-1.00,0.32246
1z3v,2.9679791927337646,0.8903658835720453,0.5986005067825317,-0.81,0.55256
1z4n,0.9056548476219177,0.0,0.8812893033027649,-0.71,0.83294
1z4o,0.6788838505744934,0.9680892585503745,0.9304662346839905,-0.54,0.69349
1z4u,0.6161124110221863,0.9592863864918701,0.9553191661834717,-0.19,0.93683
1z6d,1.9189947843551636,0.0,0.6901408433914185,-1.16,0.25221
1z6e,2.0315873622894287,0.9491217114650639,0.8169464468955994,-0.23,0.51842
1z6f,1.7545461654663086,0.9756060789810341,0.7891137599945068,-1.31,0.49892
1z6s,1.0674673318862915,0.9668407321519673,0.8856858611106873,-0.69,0.69377
1z95,1.5854324102401733,0.983496966673047,0.7661042809486389,-0.49,0.68596
1z9h,0.868598997592926,0.9625459667840893,0.9146730303764343,-0.50,0.18368
1z9y,0.4759092330932617,1.0,0.9851816296577454,0.84,0.93497
1zaf,0.4581764042377472,0.0,0.9838998317718506,0.50,0.94053
1zaj,0.761354386806488,0.0,0.9192495942115784,-0.76,0.65631
1zc9,0.5802143216133118,0.9884256212755274,0.9617834687232971,-0.39,0.69964
1zd2,0.7239621877670288,0.9708552560276962,0.9308080673217773,-0.21,0.41361
1zd3,1.255297064781189,0.903587452905159,0.8734233975410461,-0.05,0.8194
1zd4,0.7585258483886719,0.9375323283215673,0.9125000238418579,-0.12,0.78434
1zd5,9.460405349731445,0.8014262890441375,0.3007945418357849,-0.16,0.47354
1ze8,3.10961651802063,0.8934737008038395,0.6979362368583679,-0.22,0.24488
1zfq,0.6765339374542236,0.9214694937989264,0.9514435529708862,0.84,0.81975
1zgb,3.4110963344573975,0.8448560938991272,0.6428571343421936,-0.44,0.35139
1zgi,1.2205326557159424,0.9574712512708369,0.841796875,0.62,0.33257
1zgv,0.9229400753974915,0.8604380679210561,0.883989155292511,0.64,0.05303
1zh7,15.71538257598877,0.0,0.037249282002449036,-2.96,0.08646
1zhk,7.235873222351074,0.8361423226833108,0.297075480222702,-3.38,0.0087
1zhl,6.868993759155273,0.662510389688737,0.16189339756965637,-3.47,0.00024
1zhy,1.2052674293518066,0.8966962889013352,0.8341514468193054,-0.39,0.25504
1zkk,,,,-2.78,0.06095
1zkl,0.6961662769317627,0.9134315069326955,0.9679665565490723,0.29,0.93936
1zkn,0.4661191999912262,0.0,0.9792358875274658,0.17,0.75803
1zky,1.5049378871917725,0.9166787009642385,0.7912772297859192,-0.01,0.9422
1zm6,7.9783244132995605,0.4511819741080111,0.16039541363716125,-2.61,0.11051
1zm7,0.921425461769104,0.9428046301330676,0.9010721445083618,0.14,0.8804
1zoe,0.16414333879947662,0.9853837036610327,1.0,-0.32,0.82498
1zog,0.14098253846168518,1.0,1.0,-0.38,0.8241
1zoh,0.4704669713973999,0.9713652590226999,0.964640200138092,-0.18,0.48021
1zom,2.814688205718994,0.8875051205830168,0.7158710360527039,-1.18,0.305
1zpb,0.9266947507858276,0.961558266312806,0.9281914830207825,-0.26,0.51692
1zpc,0.7515074014663696,0.9531379283270406,0.9344432950019836,-0.30,0.52677
1zsb,0.3766535222530365,0.9770221580198654,0.9907143115997314,0.80,0.94656
1zsh,,,,-3.28,0.29734
1zsr,1.4813936948776245,0.9610508525509659,0.8074250221252441,-0.55,0.60723
1ztq,1.0684865713119507,0.0,0.8549671769142151,-0.46,0.72615
1zub,7.864383220672607,0.49692764471561285,0.1527027040719986,-2.78,0.05253
1zuc,1.136185646057129,0.8825622029312418,0.8383620977401733,0.23,0.60779
1zxv,1.4336237907409668,0.0,0.9482182860374451,-1.38,0.55547
1zyj,0.4496600925922394,0.9423175040133098,0.9799145460128784,0.25,0.38161
1zz1,0.623420000076294,0.9326241160675457,0.95556640625,0.00,0.69394
1zz2,0.7540748715400696,0.9174540393556635,0.9152199029922485,-1.21,0.29259
1zz3,0.39058351516723633,0.9898851902783801,0.9988479018211365,0.78,0.56223
1zzl,0.4675808250904083,0.947535271846047,0.9852112531661987,0.92,0.73093
220l,0.3617018759250641,1.0,1.0,-0.04,0.90294
223l,0.31373131275177,1.0,1.0,-0.69,0.6922
2a0t,14.287731170654297,0.6594927090850781,0.05540896952152252,-3.62,0.09325
2a25,,,,-2.62,0.55082
2a2g,1.236370325088501,0.9775828705272667,0.8150887489318848,-0.00,0.21993
2a3i,14.435175895690918,0.33640055505876343,0.11014211922883987,-3.43,0.00049
2a3x,0.8921805024147034,0.0,0.9053696990013123,-1.38,0.79343
2a4g,1.3328592777252197,0.0,0.8309099674224854,-0.73,0.36507
2a4l,0.6985905170440674,0.9633295145740876,0.9486803412437439,0.26,0.94021
2a4m,1.875611662864685,0.0,0.6952662467956543,-0.44,0.34376
2a4q,4.549919605255127,0.8577683721775787,0.53724604845047,-0.58,0.11947
2a4z,0.4829820692539215,0.9880878895029213,0.9622641801834106,1.03,0.87823
2a58,0.6372115015983582,0.8981585323755288,0.9332833290100098,-0.42,0.73142
2a5b,0.932706892490387,0.03721518283861209,0.8233855366706848,-0.75,0.04717
2a5c,5.423765182495117,0.040075120262837716,0.31293463706970215,-0.77,0.01637
2a5s,3.542778253555298,0.7098780129203668,0.44514238834381104,-5.33,0.08914
2a5u,2.381467819213867,0.988074204082442,0.6474258899688721,0.87,0.73154
2a8g,1.3076354265213013,0.9711990355273078,0.8168550133705139,-0.80,0.20584
2a8h,1.7589168548583984,0.0,0.7854141592979431,-0.63,0.49028
2aa6,0.9943414330482483,0.9909431858156531,0.9077423810958862,0.45,0.75267
2aa9,0.6361669301986694,0.9612587178195067,0.9498587846755981,-0.22,0.75803
2aac,0.7537018656730652,0.0,0.932762861251831,-0.63,0.577
2aay,0.8029367923736572,0.9331252092163513,0.9260563254356384,-0.34,0.70174
2ad5,6.5665764808654785,0.6624940782910282,0.4101654887199402,-0.89,0.01911
2ada,0.7408831119537354,0.9546295463374671,0.9176602363586426,0.57,0.91975
2adu,0.2913782596588135,0.9889121659377413,0.9947229623794556,0.73,0.9317
2aeb,,,,0.23,0.80515
2ael,4.30380916595459,0.8324380767482684,0.38600629568099976,-0.48,0.31684
2aez,2.7833802700042725,0.9499432652899135,0.520906925201416,-1.43,0.34977
2afw,1.797101378440857,0.0,0.7899729013442993,0.58,0.7836
2afx,0.3588520288467407,0.9859360886445588,0.9973261952400208,0.75,0.91429
2agv,0.6865611672401428,0.9246331649670957,0.941142201423645,0.24,0.82727
2ai7,0.4765773415565491,0.9673255786396868,0.9730769395828247,0.56,0.65716
2ai8,0.3785912096500397,0.0,0.9693251252174377,0.47,0.88323
2aia,0.5441241264343262,0.9796611078388446,0.9636850357055664,0.48,0.76645
2aie,0.279957115650177,0.9887347568863639,0.9973958134651184,0.23,0.88621
2aig,0.4812004864215851,0.9877176155817935,0.9785627722740173,0.40,0.77428
2aj8,0.6762350797653198,0.916220033945704,0.9185039401054382,0.17,0.47684
2ajb,1.6678413152694702,0.0,0.7945442199707031,-0.23,0.34789
2ajd,0.4153091013431549,0.0,0.9819532632827759,0.67,0.66317
2al5,0.1489977091550827,0.9903212962092389,1.0,0.99,0.99406
2alv,0.8463971614837646,0.9671043333485464,0.9120579957962036,-0.52,0.77658
2am1,0.4849493205547333,0.9690830649270515,0.9734891653060913,-0.24,0.84899
2am2,1.0549806356430054,0.9090301706201734,0.8495055437088013,-0.62,0.08039
2am4,2.286970853805542,0.9261583632743883,0.7034671306610107,-1.02,0.11639
2am9,0.9581745266914368,0.9737209915501622,0.8709936141967773,0.09,0.83536
2ama,1.4057106971740723,0.9135840433926067,0.8144916296005249,-0.17,0.54573
2amt,1.3751423358917236,0.03965845424865107,0.6910256147384644,-1.17,0.4817
2amv,1.7574574947357178,0.9602822945443612,0.7671451568603516,-1.36,0.38697
2an5,0.5514747500419617,1.0,0.9653652310371399,0.15,0.6819
2ao6,1.2956945896148682,0.9731422230576587,0.8678247928619385,0.67,0.89032
2aoc,,,,-2.13,0.64043
2aod,,,,-1.43,0.60454
2aoe,2.1317851543426514,0.9714920178883669,0.771015465259552,-1.62,0.50392
2aof,6.2782816886901855,0.8759600545909693,0.3783462941646576,-3.93,0.2863
2aog,1.5100504159927368,0.9710841221516886,0.7639898061752319,-1.34,0.66147
2aoh,,,,-3.48,0.0
2aoi,4.356724739074707,0.9348556285930661,0.548399031162262,-3.59,0.27645
2aoj,5.353061676025391,0.8057316452462144,0.399522066116333,-3.89,0.03017
2aow,0.3567160367965698,0.0,0.9876847267150879,0.04,0.38738
2aox,0.395016610622406,0.0,0.9820573925971985,-0.20,0.27143
2aq7,0.29154375195503235,0.0,0.9935770630836487,-0.16,0.66513
2aq9,13.747539520263672,0.468170995333768,0.04383116960525513,-2.78,0.03386
2aqb,0.3860042095184326,0.0,0.9807268977165222,-0.01,0.83143
2arm,,,,-1.31,0.61329
2asu,,,,-1.82,0.68855
2ath,1.755541205406189,0.9769884061844737,0.7385700345039368,-0.23,0.86213
2auc,16.723066329956055,0.013955263749781645,0.028244027867913246,-3.27,0.09836
2aux,1.0080634355545044,0.9448511921957949,0.8993344306945801,0.41,0.52944
2auz,0.6489970088005066,0.9455371912820061,0.9533678889274597,0.76,0.67841
2avi,1.0726680755615234,0.9849091626343003,0.8767064809799194,-0.10,0.96107
2avm,1.5199570655822754,0.9708496711694612,0.7854344844818115,-0.96,0.62064
2avo,0.8576961755752563,0.9900430968606657,0.9041595458984375,-0.55,0.67781
2ax6,0.62116539478302,0.9911379944555564,0.9527736306190491,0.55,0.78004
2ay1,0.42349550127983093,0.9897446835332443,0.9803149700164795,-0.20,0.90561
2ay2,0.31899261474609375,1.0,0.9880596995353699,0.05,0.87344
2ay3,0.44497278332710266,1.0,0.977319598197937,-0.29,0.84435
2ay4,0.36494725942611694,0.9898342964919953,0.9904336929321289,-0.16,0.91632
2ay6,0.4616183340549469,0.9899828002221166,0.9719873070716858,-0.20,0.81284
2ay7,,,,-0.17,0.8958
2ay8,0.6205271482467651,0.0,0.8876329660415649,0.03,0.90792
2az5,4.377439498901367,0.8148341594824129,0.41613781452178955,-0.95,0.29945
2az8,3.951634168624878,0.9172700518019026,0.7033678889274597,-1.79,0.57309
2az9,1.5622369050979614,1.0,0.8166058659553528,-1.56,0.65477
2azc,2.4329869747161865,0.9707686637142148,0.7158505320549011,-1.19,0.59647
2azm,10.64637565612793,0.0,0.12181712687015533,-1.93,0.14842
2azr,0.5264190435409546,0.9858543187308538,0.9654545187950134,0.20,0.25506
2b17,1.3913087844848633,0.9720469246001673,0.8260204195976257,-0.67,0.48114
2b1g,0.847230076789856,0.0,0.8863916397094727,0.13,0.88235
2b1i,0.8371753096580505,0.12216125043677117,0.8965919613838196,0.43,0.92493
2b1p,1.1741141080856323,0.9104323847757102,0.9001736044883728,-0.25,0.62087
2b1q,3.7927465438842773,0.842014306681731,0.5218408703804016,-1.34,0.53783
2b1r,4.407957077026367,0.7769377376980019,0.4573002755641937,-2.20,0.27717
2b1v,1.127172827720642,0.9172373998606669,0.8415178656578064,0.22,0.92097
2b2v,,,,-2.97,0.41084
2b4l,0.16398441791534424,0.9884323576986487,1.0,0.92,0.98525
2b4m,0.2817767560482025,0.9765414257382602,1.0,0.90,0.94694
2b54,0.4355747103691101,0.9542088051323687,0.9814944267272949,0.35,0.98555
2b5j,0.5683045387268066,1.0,0.9571942687034607,-0.33,0.87446
2b7a,0.40595048666000366,0.9622743716811131,0.9890244007110596,0.97,0.98012
2b7f,24.124019622802734,0.0,0.00039619652670808136,-3.40,0.30533
2b8l,0.7184840440750122,0.9602932932028528,0.922950804233551,0.25,0.91017
2b8v,0.9909226298332214,0.9497742502974169,0.8939189314842224,0.30,0.92326
2b9a,4.275607109069824,0.8134220051521753,0.3564285635948181,-0.38,0.58573
2baj,0.34622693061828613,0.9831614169528283,0.9943467378616333,0.50,0.62655
2bal,0.7668551802635193,0.9778404260202527,0.9247311949729919,0.34,0.98816
2ban,0.787456750869751,0.9438274682542064,0.9453015327453613,-0.29,0.76639
2bba,32.03862380981445,0.10942790363464053,0.0,-3.21,0.0
2bcd,4.9944963455200195,0.860313390094628,0.3566502332687378,-2.49,0.21262
2bdl,5.207923889160156,0.8905702782155278,0.3608614206314087,-0.96,0.39113
2be2,0.40568819642066956,0.9766737325949243,0.9839015007019043,-0.17,0.88905
2bes,0.5833054780960083,0.06997063079764375,0.9632196426391602,-0.10,0.55055
2bet,0.7550431489944458,0.0,0.9382086396217346,-0.11,0.78821
2bgd,0.4168727993965149,0.9739841398038245,0.9833815097808838,0.62,0.97081
2bgr,5.558706760406494,0.0,0.36912983655929565,-2.44,0.21757
2bjm,0.18082168698310852,0.9731301002508402,1.0,-0.34,0.79514
2bkt,1.0499566793441772,0.9154042798923161,0.8884168267250061,-0.17,0.58884
2bkz,0.9147365689277649,0.942036214197668,0.9456169009208679,1.01,0.98944
2bmk,0.7111776471138,0.9734317663240787,0.9494818449020386,-0.02,0.78482
2bmz,2.3673248291015625,0.9174921447214003,0.762499988079071,-1.42,0.74175
2bo4,,,,0.04,0.75948
2boh,0.6794561743736267,0.989999066541405,0.9398437738418579,0.03,0.21541
2boi,3.147225856781006,0.0,0.6055155992507935,-0.79,0.54101
2boj,0.8183085322380066,0.0,0.9043026566505432,-0.55,0.40069
2bpv,1.0618059635162354,0.9900367736482815,0.8735875487327576,-0.16,0.74997
2bpy,1.3017756938934326,1.0,0.8358209133148193,-0.71,0.54661
2bq6,0.5721445679664612,0.9603426998487417,0.9419999718666077,-0.08,0.67514
2bqv,1.7686259746551514,0.9704883886605076,0.8264679908752441,-0.47,0.46548
2bqw,1.6153993606567383,0.8924461102313769,0.7591807842254639,0.06,0.28533
2br6,0.40061473846435547,0.9739901491981305,0.9857456088066101,0.78,0.86261
2brb,1.5599524974822998,0.8953267970043691,0.75,-0.78,0.39981
2brm,0.7329267263412476,0.9731419965671383,0.9211864471435547,0.72,0.4826
2brp,12.858932495117188,0.5628012940987179,0.1808556616306305,-2.05,0.10922
2bt9,1.0236847400665283,1.0,0.8557692170143127,-0.41,0.41473
2btr,1.2042765617370605,0.9486162126068448,0.894961953163147,0.72,0.89705
2bts,0.6931734085083008,0.9731254298847829,0.9275291562080383,0.46,0.26269
2buv,0.4991894066333771,0.9514889354151733,0.9666230082511902,0.42,0.67861
2bv4,0.9394999146461487,0.9778737464043366,0.8848238587379456,-1.38,0.38346
2bvd,0.8115168213844299,0.974599160732685,0.9305317401885986,-0.97,0.65872
2bvx,0.4617217481136322,0.9623741182781236,0.9828687310218811,0.49,0.77514
2bw7,1.3279504776000977,0.5764200516226824,0.818306028842926,-0.69,0.72308
2bxt,1.0959876775741577,0.9253496811066226,0.8694385886192322,0.53,0.93402
2byr,3.0523338317871094,0.0,0.5444663763046265,-1.18,0.27403
2bys,0.5187051296234131,0.020443129521024037,0.9623180627822876,0.38,0.73374
2bz8,6.117520809173584,0.8638143483484577,0.2538759708404541,-3.34,0.02486
2bza,0.25703418254852295,0.987049836749472,1.0,0.51,0.96105
2bzz,3.3046083450317383,0.9178205450659707,0.5355917811393738,-2.40,0.05523
2c1a,1.0140634775161743,0.9214956322228461,0.8703358173370361,-0.76,0.72398
2c1b,1.5185506343841553,0.8705701112185693,0.767957329750061,-0.74,0.6969
2c1p,0.955568790435791,0.9569885429121765,0.9100486040115356,0.07,0.55235
2c1q,1.011569619178772,0.969258848269427,0.8831385374069214,0.18,0.97594
2c2l,15.237895011901855,0.23768120483146077,0.032430730760097504,-3.51,0.25919
2c3l,0.33850234746932983,0.9729512945689289,0.9912909865379333,0.48,0.64927
2c4v,0.2825818955898285,0.9867214355932543,0.9979591965675354,0.32,0.73254
2c57,0.7884379029273987,0.026410432974081296,0.9156553149223328,0.31,0.51222
2c5o,0.6528869271278381,0.0,0.9285714030265808,0.12,0.51797
2c68,0.5244570374488831,0.9408069350893962,0.9678932428359985,0.50,0.953
2c69,0.7042036652565002,0.940811213101929,0.9413716793060303,0.13,0.69408
2c6g,1.1884605884552002,0.8745359516276964,0.8465228080749512,-5.42,0.25722
2c6i,0.41610535979270935,0.9894650383412732,0.9865556955337524,0.48,0.78363
2c6k,0.5011416077613831,0.9757954098945225,0.9729452133178711,0.71,0.64281
2c6l,0.608773946762085,0.956982055304023,0.9463087320327759,0.42,0.25843
2c6o,0.8211037516593933,0.9437927841777465,0.9119138121604919,0.23,0.84201
2c80,0.7029335498809814,0.08413531623539608,0.9338129758834839,-0.23,0.81873
2c90,0.635563850402832,0.9531397977059322,0.9335294365882874,0.76,0.54042
2c92,0.583579957485199,0.9916574717573862,0.9580761194229126,0.03,0.96943
2c94,0.9220672249794006,0.08823346234164238,0.9169960618019104,-0.05,0.95863
2c97,2.1276237964630127,0.10534102033665399,0.7327855825424194,-0.10,0.42471
2c9b,0.43456733226776123,0.0,0.9542483687400818,0.04,0.87668
2c9d,0.7758229970932007,0.0,0.8994505405426025,-0.19,0.91068
2ca8,0.6214515566825867,0.9669367840523955,0.9443855881690979,0.19,0.49764
2cbj,0.9042314291000366,0.0,0.8787967562675476,0.27,0.80623
2cbs,0.9594826102256775,0.9532402721176448,0.8661859035491943,-0.44,0.24295
2cbu,0.6132223606109619,0.0,0.9512670636177063,0.36,0.94992
2cbv,0.5339615941047668,0.9358528139330344,0.9636929631233215,0.37,0.91731
2cbz,1.7782975435256958,0.9433382154287406,0.8312000036239624,-0.68,0.30847
2ccs,0.6853017807006836,0.9060124453067356,0.9484127163887024,0.28,0.67376
2cct,0.3149721026420593,0.9798386726284548,0.9896142482757568,0.85,0.86505
2ccu,3.4956679344177246,0.8544122461775004,0.6696022748947144,-0.65,0.68174
2ce9,2.4822375774383545,0.0,0.7102712988853455,-2.20,0.2779
2ceq,0.8893200755119324,0.967107439907207,0.8916967511177063,0.38,0.67657
2cer,0.6086560487747192,0.0,0.9611436724662781,0.06,0.97721
2ces,0.6083332896232605,0.0,0.9484732747077942,0.86,0.92033
2cet,2.702882766723633,0.7885437687910684,0.7699750065803528,0.20,0.75006
2cex,1.293972134590149,0.96312243997561,0.7825443744659424,-1.65,0.69449
2cgw,0.24725741147994995,0.9873700659866668,1.0,0.53,0.88154
2cgx,0.29463332891464233,0.9866699159063652,1.0,-0.22,0.8022
2cht,1.589792013168335,0.0,0.7191201448440552,-0.49,0.40519
2chz,0.6705024838447571,0.9778712165029907,0.9437298774719238,0.35,0.89923
2cia,9.19140338897705,0.5838996396954876,0.27887463569641113,-2.40,0.02139
2cji,0.769904375076294,0.949493618600361,0.9148471355438232,0.34,0.81958
2ckm,2.377880334854126,0.845478653556684,0.7787547707557678,-1.58,0.72027
2clf,0.6045519113540649,0.9722164547394561,0.9371980428695679,-0.04,0.62561
2clh,0.31812989711761475,0.9563905272259257,0.9956140518188477,0.33,0.88069
2cli,0.3565431535243988,0.9583813286598419,0.9982876777648926,0.27,0.78483
2clk,0.2006577104330063,0.9785675001009649,1.0,0.30,0.7568
2cll,0.649013340473175,0.9830696008371875,0.9546079635620117,0.29,0.86751
2clm,1.4751520156860352,0.962768055629494,0.7920863032341003,-0.01,0.57189
2clo,0.35827305912971497,0.9911312579160315,0.9914050698280334,0.43,0.92307
2cm8,1.6672303676605225,0.9480416370613811,0.8585690259933472,0.33,0.97354
2cma,1.453099012374878,0.92731976003753,0.8247340321540833,-1.51,0.47593
2cmb,1.9995884895324707,0.9643199042335224,0.8011682033538818,-1.71,0.41177
2cmc,3.701366901397705,0.9015547855029202,0.7508351802825928,-1.34,0.11985
2cmf,0.7480975389480591,0.9191222959847213,0.901576578617096,-0.50,0.80347
2cmo,2.0921874046325684,0.8574387726335905,0.7167070508003235,-1.48,0.36993
2cn8,0.3294842541217804,0.9864363118270452,0.9925447106361389,0.67,0.53299
2cne,1.6343903541564941,0.9170287781980604,0.7829641103744507,-2.22,0.04547
2cnf,0.9710478186607361,0.9135733193791248,0.9246487617492676,-0.76,0.91979
2csm,15.21411418914795,0.4749207886287121,0.004385964944958687,-1.20,0.57116
2csn,0.450202614068985,0.9632981281534373,0.9752941131591797,-0.00,0.7929
2ctc,0.5058187246322632,0.9889425038086351,0.9764397740364075,0.24,0.50512
2cv3,33.80239486694336,0.03147961974932338,0.0,-2.93,0.0082
2d06,2.6920058727264404,0.8325459879509033,0.597470223903656,-0.36,0.4359
2d0k,1.0920641422271729,0.0,0.8917456269264221,-0.27,0.16261
2d1x,,,,-3.49,3e-05
2d2v,4.400145530700684,0.7900035541371401,0.4581604301929474,-2.47,0.0333
2d3u,0.5187569856643677,0.9630521400226454,0.9651845693588257,0.14,0.66501
2d3z,0.7069291472434998,0.0,0.9184397459030151,0.37,0.46187
2dbl,9.491779327392578,0.7350306181289501,0.18618881702423096,-1.59,0.28047
2ddf,2.6241939067840576,0.0,0.7376803159713745,-1.16,0.7183
2dri,0.6587927341461182,0.9153509817232204,0.9264367818832397,0.18,0.96222
2ds1,1.4300631284713745,0.901700652412254,0.8150237798690796,0.23,0.68951
2dua,0.13172230124473572,0.9856369306584727,1.0,-0.13,0.80516
2duv,1.883133888244629,0.9653711804446183,0.7469879388809204,-0.80,0.1738
2dwx,1.9912135601043701,0.0,0.6898467540740967,-0.52,0.62999
2dxs,1.160032868385315,0.9298119704122082,0.8304821252822876,-0.92,0.14963
2e1w,0.9034063816070557,0.9378732812773983,0.9111635088920593,0.33,0.2722
2e27,6.933454990386963,0.6780172374908822,0.25205159187316895,-2.11,0.02779
2e2r,0.5006182789802551,0.980556798819219,0.9593572616577148,0.26,0.88748
2e5y,2.249008893966675,0.9093214356971799,0.658214271068573,-0.89,0.34467
2e7f,1.0673644542694092,0.9700009791490787,0.9410480260848999,-0.75,0.47461
2e7l,,,,-3.89,0.00045
2e91,0.4072628319263458,0.0,0.9838709831237793,-0.77,0.87433
2e92,0.21495088934898376,0.008949424634746109,0.9962038993835449,-0.79,0.77885
2e94,2.567521810531616,0.0,0.6200466156005859,-1.05,0.51507
2e95,1.135299563407898,0.0,0.8316075205802917,-1.22,0.54319
2e99,3.6014838218688965,0.0,0.7096070051193237,-1.04,0.23706
2e9d,1.4713214635849,0.9726655467318701,0.759968101978302,-1.66,0.56568
2e9o,0.8277130722999573,0.9300168755813272,0.9274537563323975,0.19,0.92167
2ea2,0.7726883888244629,0.9117576145650301,0.9025765061378479,-0.21,0.49401
2eep,0.7724798917770386,0.9591488563256181,0.9237523078918457,0.38,0.73683
2eg8,1.2421494722366333,0.0,0.8067376017570496,-0.12,0.34393
2ei6,1.2893446683883667,0.9207533761551541,0.9233333468437195,-0.11,0.57355
2epn,0.6347594857215881,0.9376712973935031,0.9530332684516907,0.09,0.98567
2er0,7.1448540687561035,0.7675702472773034,0.26521238684654236,-2.68,0.01987
2er6,9.615731239318848,0.7901961835274526,0.22877921164035797,-2.06,0.00474
2er9,4.923483848571777,0.8470498497115846,0.49874213337898254,-3.76,0.0113
2esm,2.08701753616333,0.0,0.7898613810539246,0.06,0.90573
2etk,0.3703705966472626,0.9789497210132186,0.9884210228919983,0.40,0.98797
2etm,0.7913256883621216,0.016251161553410203,0.9105263352394104,-0.25,0.77029
2etr,0.8506026864051819,0.9450469999770589,0.9373562932014465,0.10,0.15188
2eum,,,,-1.70,0.38813
2evc,0.2301037758588791,1.0,0.991651177406311,0.64,0.96556
2evl,,,,-1.11,0.69094
2evm,0.41438040137290955,0.9527284432601387,0.9834401607513428,0.40,0.93034
2evo,1.792433500289917,0.9516498156655631,0.7169913649559021,0.78,0.16458
2ew5,2.801928997039795,0.9038046081821816,0.6751968264579773,-0.62,0.69608
2ew6,0.6161714792251587,0.962187292060314,0.9445667862892151,0.24,0.41004
2ewa,0.9953376650810242,0.9661738613680406,0.9193323850631714,-0.12,0.51947
2ewb,9.331439971923828,0.68833307920958,0.374794065952301,-0.95,0.39834
2ews,1.2406766414642334,0.0,0.8278564214706421,-0.31,0.7623
2ewy,1.173117756843567,0.0,0.8239091634750366,-0.16,0.53475
2exg,1.2622319459915161,0.971736636064772,0.8454935550689697,0.24,0.62353
2exm,0.2651567757129669,0.961075554632304,1.0,0.70,0.8553
2ez5,,,,-3.04,0.00696
2ez7,6.924677848815918,0.5567113264502197,0.24542683362960815,-0.28,0.53977
2f01,0.37015604972839355,0.9726381611367542,0.9972627758979797,0.09,0.98447
2f18,1.5711379051208496,0.9033803901210125,0.7555350661277771,-0.80,0.65493
2f1a,1.902700662612915,0.8706384376602342,0.6924428939819336,-0.75,0.69987
2f1b,1.0951594114303589,0.860472361184078,0.8159340620040894,-1.02,0.67503
2f3e,1.4451028108596802,0.002634781180592799,0.8011826872825623,-0.86,0.59874
2f3f,1.8866413831710815,0.0,0.7019944190979004,-0.49,0.56601
2f3r,4.351525783538818,0.9004417006723475,0.6337385773658752,-0.88,0.22615
2f5t,4.397243022918701,0.8574881983503178,0.3894665539264679,-1.03,0.07228
2f6j,,,,-2.04,0.03769
2f7o,0.8632099628448486,0.9422943188850686,0.8973922729492188,0.20,0.82577
2f7p,1.8705929517745972,0.8678701645827862,0.7923588156700134,-0.47,0.86834
2f8i,0.3851323425769806,1.0,0.9948347210884094,-0.25,0.62684
2f9k,0.44457393884658813,0.9501451924603567,0.9906716346740723,-0.58,0.79186
2fah,0.20744076371192932,0.0,1.0,0.23,0.83079
2fai,1.8803765773773193,0.9185593815177792,0.7053846120834351,0.26,0.83837
2fb8,1.2638176679611206,0.008954841038774567,0.8410828113555908,-0.45,0.45765
2fda,1.2235814332962036,0.9613672668199513,0.8516556024551392,-0.58,0.28964
2fdd,1.0460063219070435,0.9235483226906928,0.866217315196991,-0.94,0.6869
2fde,1.072170376777649,0.9802265578797673,0.8636924624443054,-0.55,0.51675
2fdp,0.9411274790763855,0.0,0.9170984625816345,-0.01,0.44003
2ff1,1.0693929195404053,0.010195895854677726,0.832647442817688,-0.00,0.19331
2ff2,2.2306480407714844,0.823024505884581,0.7309630513191223,0.07,0.2899
2fgh,2.4201552867889404,0.9494712426072861,0.6186006665229797,-0.92,0.0724
2fgu,,,,-1.03,0.57949
2fgv,,,,-1.08,0.71507
2fhy,0.49026596546173096,0.0,0.9745935201644897,0.09,0.89495
2fj0,0.571043848991394,0.944526512750618,0.9691901206970215,-0.01,0.7391
2fkf,7.637838363647461,0.5108882560057276,0.10536159574985504,-2.51,0.00106
2fl2,1.1282477378845215,0.9529695722215105,0.8302354216575623,-0.13,0.39853
2fl5,0.6207112073898315,0.0,0.970325231552124,-0.29,0.95399
2fle,1.7782679796218872,0.9901161224515171,0.7019230723381042,-0.96,0.53605
2flh,0.5464015603065491,0.0,0.9469696879386902,0.22,0.16281
2flr,10.806840896606445,0.5480254626286122,0.12417994439601898,-1.58,0.2443
2flu,18.88500213623047,0.46128878263903655,0.041433654725551605,-3.47,0.00333
2fm2,3.3430285453796387,0.0,0.6923728585243225,-0.83,0.13007
2fmb,12.95372486114502,0.8533082457350745,0.1193232387304306,-2.82,0.62605
2fme,0.7555785179138184,0.0,0.931392252445221,0.07,0.89888
2fo4,6.124885559082031,0.6775842749307581,0.3240275979042053,-3.77,0.00195
2fpz,0.6208338737487793,0.0,0.9377853870391846,0.58,0.95545
2fq6,2.253909111022949,0.8820039047228738,0.7612144351005554,-0.81,0.46909
2fqt,1.8352102041244507,0.9468889091249084,0.7854166626930237,-0.89,0.85341
2fqw,1.12473726272583,0.9257937164988721,0.8591654300689697,-0.24,0.63487
2fqx,1.0091161727905273,0.9631676146970253,0.8668360114097595,-0.19,0.70313
2fqy,1.144913673400879,0.9361566578512771,0.8555629849433899,-0.18,0.58883
2fr3,1.9758079051971436,0.9880240465067927,0.7898613810539246,0.11,0.67666
2fsv,19.114294052124023,0.0,0.02002640813589096,-0.88,0.55745
2ftd,2.4805314540863037,0.8895620282616372,0.720474123954773,-0.14,0.76057
2fv5,1.4912569522857666,0.9212150062634351,0.8361836075782776,0.06,0.80288
2fv9,2.6081745624542236,0.0,0.7072233557701111,-0.51,0.81816
2fw3,0.7659005522727966,0.9476626253287693,0.9035966992378235,-0.13,0.87915
2fw6,0.47454726696014404,0.9531521934111726,0.976344108581543,0.42,0.60894
2fwp,0.3918928802013397,0.968839043289449,0.9923912882804871,0.57,0.64336
2fwy,1.0824310779571533,0.9711404427314875,0.9066068530082703,-0.46,0.58318
2fwz,1.1234772205352783,0.9805066250744775,0.8896210789680481,-0.36,0.38033
2fx7,13.846290588378906,0.38822997087848304,0.05928923189640045,-3.36,0.0021
2fx9,20.149152755737305,0.0,0.0,-3.65,0.0
2fxr,0.868893563747406,0.9620820987373601,0.9128788113594055,-0.01,0.48204
2fxu,1.7353529930114746,0.893671510318906,0.7683417201042175,-0.88,0.31258
2fyv,1.5562195777893066,0.9258241649878287,0.8242574334144592,-0.77,0.54489
2fzc,1.8788660764694214,0.9614828716098448,0.7207854390144348,-1.25,0.39251
2fzk,2.0095207691192627,0.9135760122833734,0.7312138676643372,-0.71,0.19526
2g0h,0.6001525521278381,0.9591442126532413,0.952194333076477,0.19,0.90984
2g19,0.5106868743896484,0.989069035246036,0.9740325808525085,0.36,0.88334
2g1q,3.089022159576416,0.905518129920263,0.6179039478302002,-0.23,0.57089
2g1r,0.903253972530365,0.0,0.8844586610794067,-0.00,0.67489
2g1y,1.1231123208999634,0.8567859137738342,0.8722891807556152,0.10,0.72536
2g24,1.1079515218734741,0.8809943840944505,0.8709677457809448,-0.69,0.1349
2g5p,0.6723114252090454,0.0,0.9423945546150208,-0.32,0.701
2g5t,0.740236759185791,0.0,0.957619845867157,-0.31,0.36871
2g63,1.4276877641677856,0.0,0.8958333134651184,-0.51,0.65268
2g6p,0.4657415449619293,0.9679285243278871,0.9820296168327332,-0.40,0.76077
2g6q,,,,-2.88,0.05489
2g71,0.576053261756897,0.0,0.956204354763031,-0.09,0.76492
2g72,0.7622292041778564,0.9639409116509537,0.915742039680481,0.06,0.87527
2g78,0.664988100528717,0.9877956166737374,0.9382352828979492,0.06,0.811
2g79,0.7493543028831482,0.9255260740391532,0.931382954120636,0.20,0.20154
2g83,0.8918238878250122,0.971731026912709,0.9007176756858826,0.45,0.72837
2g8n,0.6165152788162231,1.0,0.9415223002433777,0.31,0.96161
2g8r,7.37846040725708,0.7869979813854631,0.18912063539028168,-0.38,0.31664
2g94,1.7286416292190552,0.0,0.8144310712814331,-0.20,0.35815
2g9q,1.113288402557373,0.9241354072765807,0.8204023241996765,-0.16,0.78882
2g9r,3.4069697856903076,0.7807291866039392,0.6509804129600525,-0.40,0.7266
2g9u,2.998753786087036,0.8077246317630801,0.6475037932395935,-0.22,0.60323
2g9v,1.0607537031173706,0.916640924139044,0.8570442199707031,-0.07,0.7754
2gbf,0.44247686862945557,0.92517771963238,0.9729872941970825,0.06,0.14823
2gbg,0.6915972828865051,0.9471743612534858,0.942375898361206,0.28,0.14048
2gbi,1.8532917499542236,0.8915254043444149,0.7538119554519653,0.37,0.33357
2gd8,2.6525278091430664,0.9245798454695957,0.6896964907646179,-0.14,0.26716
2gej,2.2425239086151123,0.838448679368973,0.662151038646698,-1.08,0.41693
2gek,1.4189567565917969,0.9277205219209528,0.800494372844696,-1.32,0.65444
2gfa,,,,-2.41,0.0573
2gfk,0.8134787678718567,0.0,0.9402276873588562,-0.12,0.36387
2gfs,0.7686634659767151,0.9652172864667358,0.9001426696777344,-0.19,0.35546
2gg0,2.8352644443511963,0.872349675126241,0.7004608511924744,0.06,0.64623
2gg3,0.47465935349464417,0.9880584280167641,0.977078914642334,0.11,0.81187
2gg5,0.7472444772720337,0.9642602024557777,0.9455284476280212,0.63,0.47601
2gg7,0.3560299277305603,1.0,0.9913294911384583,-0.09,0.40344
2ggb,1.0502386093139648,0.924882842172523,0.8712948560714722,-0.31,0.51251
2ggu,2.984553337097168,0.8804677531242112,0.5849593281745911,-1.82,0.27339
2gh6,0.9510830640792847,0.0,0.9121338725090027,0.01,0.54489
2gh7,0.4581427574157715,0.03184314319993237,0.9832123517990112,0.11,0.96679
2gh9,1.1054902076721191,0.9823353151205455,0.8204501271247864,-1.03,0.65859
2gj4,33.364994049072266,0.0,0.0,-1.35,0.42405
2gj5,2.4290640354156494,0.9109938308932738,0.6678498983383179,-0.32,0.29549
2gkl,2.467177629470825,0.9166073951721767,0.7123287916183472,0.39,0.19056
2gl0,1.2098102569580078,0.955593101047192,0.8423728942871094,-0.23,0.6047
2glp,2.2375433444976807,0.9333439715723287,0.8035006523132324,-0.46,0.69313
2gm1,0.6436721086502075,0.0,0.9361172318458557,-0.31,0.61947
2gm9,40.330970764160156,0.0,0.0,-1.15,0.45444
2gmx,1.2280604839324951,0.8822155829745294,0.8566460609436035,-1.08,0.70698
2gnf,1.4201005697250366,0.8978687643232623,0.8473118543624878,-0.36,0.5759
2gni,0.7887484431266785,0.9674981370165404,0.9177852272987366,0.57,0.90199
2gnj,1.154573678970337,0.9293066281855027,0.8634488582611084,0.35,0.77035
2go4,12.948338508605957,0.73512853038014,0.11404833942651749,-0.26,0.2343
2gtk,0.5972129106521606,0.9572286521385315,0.9331651926040649,-0.21,0.73061
2gtv,0.9295077323913574,0.985168264097482,0.8824278712272644,-0.86,0.64559
2gvv,0.7376776337623596,0.9583276233045798,0.9214628338813782,-0.06,0.49488
2gyi,1.4370757341384888,0.944340049657013,0.7939560413360596,-0.22,0.66295
2gz2,,,,-0.35,0.83376
2gz7,1.8477948904037476,0.9317848916878295,0.7929226756095886,-0.71,0.30452
2gzl,11.174063682556152,0.8818385044111985,0.11602700501680374,-1.71,0.04208
2h13,,,,-3.14,7e-05
2h15,1.8243614435195923,0.9310705192052621,0.7345132827758789,-0.19,0.62036
2h2d,18.451919555664062,0.3080159761447131,0.08567232638597488,-3.52,0.0049
2h2g,,,,-2.63,0.02248
2h3e,0.4576657712459564,0.9772588645004349,0.963447630405426,0.33,0.68047
2h42,2.219586133956909,0.0,0.6577324271202087,-0.64,0.19964
2h4g,0.3613004684448242,1.0,0.9964850544929504,0.47,0.86505
2h4k,0.5503778457641602,0.9860661787330424,0.9805956482887268,0.34,0.16212
2h4n,0.598505973815918,0.9539140977833951,0.9594395160675049,0.56,0.84677
2h5a,5.318454265594482,0.6415571738076378,0.2880348563194275,-1.18,0.17415
2h5d,4.860123157501221,0.8451026130567677,0.42767295241355896,-1.32,0.06158
2h5e,1.076573371887207,0.0,0.8919270634651184,-0.19,0.83627
2h5i,6.183285236358643,0.7973348208367952,0.37964776158332825,-1.92,0.20354
2h5j,6.318885326385498,0.0,0.3371739089488983,-1.25,0.14211
2h65,7.393948078155518,0.0,0.3364427983760834,-3.13,0.26209
2h6b,0.17773431539535522,0.9678596623564985,1.0,0.58,0.95371
2h6k,7.981331825256348,0.7655649579807781,0.26299694180488586,-3.02,0.36784
2h6t,2.862147569656372,0.8577841044420949,0.673434853553772,-2.39,0.28572
2h96,0.9471152424812317,0.9399230448523089,0.9343003630638123,0.11,0.65452
2h9m,,,,-2.46,0.05034
2h9n,,,,-2.65,0.00315
2h9p,,,,-3.66,0.00055
2h9t,,,,-3.96,0.21614
2ha0,0.36867275834083557,0.9719601343891947,0.9846368432044983,-0.14,0.81403
2ha2,1.0744692087173462,0.8892731788150452,0.8798977732658386,-0.65,0.78026
2ha3,2.79193377494812,0.7693865498046009,0.59375,-0.09,0.88426
2ha4,0.3740129768848419,0.0,1.0,-0.43,0.93811
2ha5,0.18593449890613556,1.0,1.0,0.12,0.91103
2ha6,0.8636953830718994,0.8894363568921989,0.8904638886451721,-0.45,0.95699
2ha7,10.659165382385254,0.0,0.23466257750988007,-0.33,0.76465
2hah,4.663761615753174,0.8742696727790865,0.5544096827507019,-1.51,0.33023
2hai,1.9669594764709473,0.9275586990984068,0.6733687520027161,0.07,0.54442
2haw,0.7614469528198242,0.0,0.9319620132446289,-0.14,0.87944
2hb1,0.2136567085981369,1.0,1.0,0.74,0.88995
2hd1,0.27770623564720154,0.9788897295363864,1.0,0.54,0.65229
2hdq,0.14253979921340942,0.9738731523260477,1.0,0.02,0.83363
2hds,16.05898666381836,0.18632002856682953,0.0,-0.03,0.31745
2hf8,0.6310549378395081,0.1665367527646298,0.9526627063751221,-0.15,0.90161
2hh5,1.570613980293274,0.9008612005388545,0.77459317445755,0.19,0.58423
2hha,0.6034656763076782,0.9911591232895357,0.950652539730072,0.18,0.28099
2hiw,1.0036232471466064,0.0,0.8748832941055298,-0.04,0.80717
2hjb,10.406072616577148,0.2386904126421525,0.09645328670740128,-0.17,0.50459
2hkf,31.016658782958984,0.09333240182604616,0.0,-2.22,0.04041
2hm1,4.675849437713623,0.9590039362812928,0.6073876619338989,-0.86,0.65262
2hmb,1.087522029876709,0.9754548805322111,0.8504902124404907,-0.07,0.56892
2hmu,1.5808074474334717,0.13883897636118223,0.7872582674026489,-0.77,0.66137
2hmv,1.9042762517929077,0.9006051410819974,0.7644787430763245,-0.82,0.61202
2hmw,1.2184313535690308,0.10442080045153493,0.8290572762489319,-0.94,0.43947
2hnc,0.2158726155757904,0.9651449534601116,1.0,0.95,0.68716
2hnx,0.7369397878646851,0.9779969886210005,0.925543487071991,-0.42,0.8126
2hny,1.3843023777008057,0.9371382039441134,0.7692307829856873,-0.17,0.60759
2hob,4.450586795806885,0.8810936972199257,0.5245276093482971,-2.34,0.18695
2hoc,2.248539686203003,0.9460578603136242,0.7944015264511108,0.28,0.61931
2hog,1.675482153892517,0.9089079639743575,0.8357874751091003,0.41,0.60363
2hqu,0.988338828086853,0.9806043764940098,0.8823529481887817,-0.61,0.43505
2hr6,22.296497344970703,0.17610732646686994,0.0,-0.43,0.18487
2hrm,24.01744842529297,0.1476294549011302,0.0,-0.81,0.03125
2hvx,2.703146457672119,0.8897362106676373,0.6185468435287476,-0.91,0.64679
2hw2,4.043803691864014,0.9263376990280746,0.3842030167579651,-2.59,0.29765
2hwg,0.27064940333366394,0.9591529374874658,1.0,-0.00,0.80478
2hwp,2.086421251296997,0.8923191430513499,0.7221577763557434,-0.28,0.15417
2hyy,0.5597610473632812,0.0,0.945222020149231,0.00,0.79639
2hz0,0.8204717040061951,0.9355515574994654,0.904631495475769,0.47,0.88303
2hz4,1.2857577800750732,0.8811877689018823,0.7744054794311523,-0.80,0.04079
2hzi,0.5386967658996582,0.9892313339193815,0.9680268168449402,0.18,0.73204
2hzl,0.13193783164024353,0.0,1.0,0.66,0.97349
2hzn,0.7869254946708679,0.9720717540363341,0.9064294099807739,0.68,0.82976
2hzy,0.391415536403656,0.9735446285470007,0.9903684854507446,0.41,0.95832
2i0g,1.1706222295761108,0.9573520586885021,0.816615641117096,-0.01,0.83338
2i0h,0.8586047291755676,0.9384721771138491,0.9198564887046814,-0.27,0.78263
2i0v,1.788250207901001,0.8808749645451032,0.6898542046546936,-1.53,0.66909
2i0y,0.8286125063896179,0.9764691114128676,0.9225759506225586,0.49,0.47433
2i1m,0.9644951820373535,0.9650809010151717,0.9026580452919006,0.45,0.76437
2i2c,6.692595958709717,0.5618271466682144,0.34125587344169617,-2.19,0.42545
2i3h,10.015116691589355,0.01393321271375697,0.11750272661447525,-3.51,0.04319
2i3i,0.7877393960952759,0.9806164719553105,0.9146183729171753,0.61,0.58487
2i3v,8.67038631439209,0.011659915888948533,0.17786885797977448,-1.71,0.33013
2i3z,0.7019772529602051,0.0,0.922281801700592,0.26,0.73541
2i40,1.4140156507492065,0.0,0.8042168617248535,-0.12,0.14333
2i4t,1.413122534751892,0.08300670746955924,0.8011126518249512,-0.36,0.52205
2i4w,0.9881490468978882,0.981257443516036,0.876153826713562,-0.46,0.63253
2i5f,,,,-1.43,0.35657
2i5j,9.623398780822754,0.6408937908162281,0.13124999403953552,-1.00,0.50173
2i6b,1.0588610172271729,0.0,0.8352712988853455,-0.42,0.0278
2i72,0.481942743062973,0.0,0.9576059579849243,0.24,0.46297
2idk,0.9846014380455017,0.9357999617742986,0.8636080026626587,-1.08,0.55754
2ie4,1.0700751543045044,0.9277803614817521,0.8330479264259338,-1.48,0.72994
2ig0,3.6684632301330566,0.9147648182882235,0.5599021911621094,-1.10,0.10796
2igv,8.627730369567871,0.4348791825883468,0.13971880078315735,-0.25,0.199
2igw,8.52873420715332,0.4257498600487265,0.13317307829856873,-0.30,0.10618
2igx,1.4102778434753418,0.9690191043221393,0.8045927286148071,-0.38,0.44722
2ihj,2.879985809326172,0.8776855177857282,0.5711497664451599,-1.31,0.17483
2ihq,0.8703517317771912,0.9647999384022424,0.902999997138977,0.60,0.89458
2iit,1.233901858329773,0.0,0.8525910377502441,-0.70,0.65867
2iiv,0.8107073307037354,0.0,0.9262232184410095,-0.26,0.8908
2ima,0.8695200085639954,0.0,0.9413333535194397,0.66,0.69968
2imd,,,,-0.41,0.81515
2io6,0.5867262482643127,0.9884234673939605,0.9548919796943665,0.34,0.63432
2ioa,1.5655276775360107,0.0,0.7748404741287231,-0.50,0.67431
2iok,0.3644302785396576,0.9575714230348119,0.9910596013069153,0.54,0.55236
2ipo,0.9417321085929871,0.0,0.9106239676475525,0.20,0.60405
2irz,1.298536777496338,0.9353498808090879,0.8140172362327576,0.09,0.75993
2isc,0.49140310287475586,0.0,0.9622793197631836,-0.20,0.86729
2isv,0.25734299421310425,0.0,0.9822198152542114,0.28,0.94994
2isw,0.21181230247020721,1.0,1.0,0.26,0.95527
2it4,0.8713802695274353,0.0,0.8909774422645569,0.60,0.81481
2ito,0.8000736832618713,0.9517575652927687,0.9383803009986877,-0.36,0.48545
2ity,1.204556941986084,0.9590191567853362,0.8938506841659546,-0.34,0.64979
2itz,0.7234047055244446,0.9700697869173661,0.9728915691375732,-0.19,0.68961
2iu0,8.189078330993652,0.027525581782822883,0.1137184128165245,-0.36,0.05135
2iv9,,,,-2.64,0.01134
2ivu,1.3799935579299927,0.9357306808114035,0.7760844230651855,0.02,0.52849
2ivz,,,,-2.48,0.0255
2iw6,2.3241825103759766,0.0,0.6929723620414734,-0.51,0.80684
2iyf,3.1871631145477295,0.776525824380372,0.5265108346939087,-3.98,0.52826
2izl,0.9716431498527527,0.03215326124796506,0.8830071091651917,-0.10,0.48491
2izx,0.9485640525817871,0.9460746346148211,0.8824257254600525,0.08,0.85749
2j27,1.071120262145996,0.8649473566373943,0.8912466764450073,-0.01,0.95508
2j2u,0.9097330570220947,0.9369791083543321,0.8899354338645935,-0.06,0.67875
2j34,1.0230767726898193,0.9687426999256797,0.892123281955719,0.06,0.80504
2j47,1.37041437625885,0.912430401633878,0.7686136364936829,-0.28,0.49998
2j4a,1.1187809705734253,0.9528035633391243,0.8600000143051147,-0.29,0.52318
2j4g,0.8809837698936462,0.0,0.8850931525230408,0.32,0.87027
2j4i,1.5094571113586426,0.9506973984614855,0.807692289352417,-1.20,0.63795
2j4k,1.3062410354614258,0.0,0.8082047700881958,-0.73,0.71022
2j4q,1.9154211282730103,0.9277076052433254,0.7469512224197388,-1.49,0.07275
2j4z,0.7954742908477783,0.0,0.9338926076889038,0.55,0.81802
2j50,2.1195077896118164,0.0,0.7068155407905579,0.25,0.52223
2j62,0.7746227383613586,0.9500583005946015,0.9081172347068787,0.34,0.84236
2j75,0.6007977724075317,0.0,0.9433333277702332,0.69,0.97136
2j77,0.9105432033538818,0.9115378130445966,0.8854602575302124,0.18,0.7078
2j78,0.30417078733444214,0.0,0.991983950138092,0.91,0.95791
2j79,0.29004719853401184,0.9793992110687723,0.9984756112098694,0.80,0.97604
2j7b,0.9126901030540466,0.9264824364800733,0.9135160446166992,0.36,0.52065
2j7d,1.1217687129974365,0.9528671024439287,0.8787764310836792,0.83,0.94393
2j7e,0.7036406993865967,0.0,0.948924720287323,0.33,0.93759
2j7f,0.5614372491836548,0.0,0.951200008392334,0.65,0.75748
2j7g,0.8877716064453125,0.9449982365488254,0.8759286999702454,0.19,0.41683
2j7h,0.998314380645752,0.9082636923368653,0.8914319276809692,0.81,0.85943
2j7w,0.9173484444618225,0.9352768214766568,0.9177350401878357,-1.47,0.67896
2j7x,1.2080669403076172,0.9240658542380864,0.8389544486999512,0.11,0.65215
2j83,0.9216238260269165,0.09954188484895012,0.8859890103340149,-0.01,0.80119
2j87,1.4796955585479736,0.9385254030495485,0.7971652150154114,-0.24,0.65011
2j94,1.2887648344039917,0.9284371143250755,0.8121019005775452,0.09,0.58971
2j95,1.0610206127166748,0.9690195769534062,0.9013840556144714,-0.14,0.41532
2j9a,,,,-3.10,0.00277
2j9h,0.4858608543872833,0.9896756391987133,0.9705169796943665,-0.00,0.97035
2j9l,0.863068163394928,0.0,0.9036312699317932,-0.53,0.58744
2ja3,1.4615737199783325,0.0,0.7846715450286865,-0.45,0.58888
2jal,0.7988221049308777,0.0,0.9147489666938782,-0.25,0.75223
2jbk,1.523512840270996,0.9160589400278629,0.8073843121528625,0.64,0.26434
2jbl,1.0384323596954346,0.9466285934591929,0.855586588382721,-1.19,0.70682
2jbo,0.9485025405883789,0.9500586252746241,0.8596368432044983,-0.05,0.32514
2jbu,,,,-2.35,0.36298
2jc0,2.8225438594818115,0.8947821429459575,0.5559610724449158,-0.82,0.83585
2jdh,,,,-1.55,0.06609
2jdl,25.58405303955078,0.24346359242007298,0.0,-3.20,0.01258
2jdm,3.262025833129883,0.0,0.6036585569381714,-0.53,0.5812
2jdn,1.5096863508224487,0.0,0.7588607668876648,-0.70,0.53925
2jdo,3.994816303253174,0.7991617495173088,0.5252960324287415,-0.58,0.61578
2jdp,0.7178465127944946,0.0,0.9137681126594543,-0.53,0.3899
2jdt,0.809847891330719,0.9825020346231153,0.9367549419403076,-0.75,0.95442
2jdu,0.8457688689231873,0.0,0.8978779911994934,-0.61,0.55952
2jdy,1.105021595954895,0.9339903078131371,0.8520408272743225,-1.22,0.35997
2jew,0.4893052577972412,0.9802300694109047,0.9740465879440308,0.49,0.89606
2jf4,1.000300407409668,0.8993514982374299,0.857758641242981,-0.46,0.69
2jfh,1.6618244647979736,0.9444830502941015,0.8330618739128113,-0.70,0.89783
2jg0,1.0181862115859985,0.9467146161264445,0.8697394728660583,-0.49,0.76374
2jg8,2.923750162124634,0.0,0.5773137807846069,-1.30,0.1422
2jgs,0.8808111548423767,0.9494134932066609,0.8860543966293335,0.06,0.91458
2jh0,0.5321627259254456,0.9809615419941093,0.9723307490348816,-0.01,0.76459
2jh5,0.6764428615570068,0.9902138934171941,0.9373342394828796,-0.07,0.29232
2jh6,3.1696043014526367,0.9210701752177907,0.6776390671730042,-0.21,0.21012
2jiw,2.1220498085021973,0.0,0.7048872113227844,-0.58,0.17425
2jj3,0.5364580750465393,0.9508131699903941,0.9602941274642944,0.48,0.8188
2jjb,1.7396180629730225,0.0,0.7257096171379089,-0.86,0.50835
2jjk,1.4521942138671875,0.0,0.797996997833252,-0.06,0.85344
2jjr,0.20898200571537018,0.9508433300953337,1.0,-0.83,0.57664
2jk9,,,,-3.41,0.00927
2jke,0.8425736427307129,0.0,0.912109375,-0.24,0.81379
2jkh,1.390115737915039,0.9601660507353881,0.779608964920044,-0.40,0.21395
2jko,0.6889327764511108,0.9154724276272991,0.9324712753295898,-0.01,0.90105
2jkp,0.9472519159317017,0.9780342914562025,0.8934240341186523,-0.41,0.5023
2jkq,1.5020188093185425,0.9437730810624306,0.8743154406547546,-0.52,0.67191
2jnp,1.1311081647872925,0.9623289092729904,0.87129145860672,0.23,0.49649
2jo9,7.912548065185547,0.7666074353453363,0.19162435829639435,-2.65,0.00211
2joa,12.852511405944824,0.5814334654953638,0.04707278311252594,-2.79,0.00852
2jq9,23.480453491210938,0.5127050110141289,0.008857395499944687,-3.38,1e-05
2jqi,7.0947136878967285,0.8259064333430252,0.24766355752944946,-2.92,0.03315
2jqk,24.735240936279297,0.5114982132618171,0.004021447617560625,-3.16,0.00925
2jql,13.455910682678223,0.5003552749246635,0.04673423245549202,-3.54,0.07314
2jsd,0.8819075226783752,0.9501662383814578,0.9142335653305054,0.36,0.42364
2jst,0.9497653245925903,1.0,0.8667218685150146,0.07,0.66518
2jup,26.631328582763672,0.4428495278894519,0.0274555291980505,-2.00,0.00143
2jxr,0.7306275963783264,0.975393787598608,0.923902690410614,0.24,0.67924
2k00,19.41343116760254,0.4893060860249993,0.0533667616546154,-3.01,0.04318
2k0g,2.2120983600616455,0.9712637902074658,0.6924321055412292,-0.31,0.26393
2k0x,,,,-3.34,0.18443
2k1q,7.551703453063965,0.7338205490206221,0.28479281067848206,-2.43,0.52491
2k2g,0.9596378803253174,0.972085030623428,0.9019607901573181,-0.58,0.48174
2k2r,17.089298248291016,0.5921736218550236,0.05731523409485817,-3.23,0.23458
2k3w,,,,-3.18,0.1958
2k46,1.6201549768447876,0.9766179142166213,0.7197265625,-2.80,0.27705
2k4i,3.275700092315674,0.8663962853675267,0.44870129227638245,-1.99,0.24275
2kbr,,,,-3.26,0.0
2kbs,9.893356323242188,0.5480929804027641,0.08930373191833496,-2.92,0.03593
2kdh,4.701658725738525,0.9434143550387113,0.37279292941093445,-1.43,0.6537
2ke1,9.430854797363281,0.7583264547174835,0.07082324475049973,-2.62,0.28528
2kgi,6.785330295562744,0.7134686825117196,0.15791815519332886,-2.94,0.48587
2khh,15.499160766601562,0.4996693259798747,0.013872135430574417,-3.26,0.23979
2knh,,,,-3.63,0.00012
2ko7,2.496535301208496,0.9019581411708315,0.6485587358474731,-2.10,0.48004
2koh,16.39556312561035,0.2802433244848685,0.043523676693439484,-3.56,0.02843
2kp8,2.614243268966675,0.964130367219919,0.6548763513565063,-1.31,0.09166
2ks9,12.90953254699707,0.593783587555729,0.027605459094047546,-3.51,0.04173
2ksp,13.677530288696289,0.6323181983402659,0.09331651777029037,-3.12,0.00026
2kup,,,,-3.11,0.00022
2kvm,17.578542709350586,0.6702404310093938,0.03459756821393967,-3.20,0.18264
2l0i,7.737138271331787,0.6971857204046515,0.08835341036319733,-2.31,0.13957
2l12,15.691920280456543,0.6764578020180326,0.09421548992395401,-3.48,0.0016
2l1b,17.493730545043945,0.6654761663230961,0.03448275849223137,-3.19,0.11128
2l3r,10.76378345489502,0.6905389160779473,0.09429824352264404,-3.34,0.1878
2l6e,13.488183975219727,0.398946212690646,0.1196296289563179,-3.32,0.00058
2l6j,10.205190658569336,0.5421172724484044,0.0466887429356575,-3.66,0.26819
2l7u,,,,-3.04,0.00206
2l8j,,,,-2.83,0.00418
2l98,0.5811783075332642,0.9686379988388724,0.9570895433425903,-0.79,0.45853
2las,15.452102661132812,0.5166935402698588,0.02323330193758011,-3.30,0.04695
2lbm,15.085745811462402,0.5339247275541363,0.0603393092751503,-3.33,0.00218
2lbv,1.2546041011810303,0.9469736336681043,0.8069381713867188,-1.22,0.37111
2lcs,,,,-2.93,0.00558
2lct,,,,-3.21,0.00224
2lha,,,,-1.71,0.21037
2liq,1.2813327312469482,0.9622011400034951,0.8442408442497253,-1.30,0.11229
2lkk,0.921431303024292,0.954266300317754,0.9105648398399353,-0.17,0.47616
2lko,1.5880756378173828,0.9206495995195957,0.7908878326416016,-1.51,0.12736
2ll6,20.646312713623047,0.39922493012823357,0.038645897060632706,-3.52,0.04527
2ll7,12.65800952911377,0.5215234860890645,0.06167763099074364,-3.13,0.00495
2lpr,3.772721767425537,0.9007605480060733,0.5550974607467651,-0.67,0.17718
2lsr,,,,-3.68,0.04197
2lsv,9.980941772460938,0.7394297631639877,0.258294939994812,-3.20,0.05798
2ltv,14.675691604614258,0.8397491866271971,0.03611111268401146,-2.94,0.08491
2ltw,15.151561737060547,0.6696465247853268,0.04911699891090393,-2.97,0.00304
2ltx,20.064245223999023,0.7654392250448123,0.03097587637603283,-3.13,0.20302
2lty,19.57696533203125,0.9621418904898368,0.021041369065642357,-3.30,0.01059
2ly0,0.8929112553596497,0.9757150724718999,0.859375,-0.53,0.41333
2lya,7.097140789031982,1.0,0.7034883499145508,-3.61,0.35116
2lyb,3.56605863571167,0.8950769329536418,0.6708015203475952,-3.37,0.33398
2m0o,13.821412086486816,0.674204521771904,0.15547378361225128,-3.06,0.004
2m0v,8.6388578414917,0.416776301055733,0.15108564496040344,-2.15,0.21728
2m3o,,,,-2.78,0.01337
2m41,12.564790725708008,0.5205936799734115,0.03583802655339241,-3.28,0.0004
2mas,1.3546903133392334,0.0,0.7950310707092285,-0.70,0.66307
2mc1,9.50637435913086,0.6120855079181912,0.1582898199558258,-3.25,0.00801
2mg5,15.728168487548828,0.3916305450701673,0.05972490459680557,-3.36,0.0
2mip,12.673233985900879,0.4183590503199149,0.05239933729171753,-3.38,0.0003
2mji,1.3781191110610962,0.9135154130821291,0.84560227394104,-0.66,0.67284
2mkr,,,,-2.94,1e-05
2mlm,0.49036091566085815,1.0,0.9835293889045715,-0.60,0.52691
2mnz,15.063864707946777,0.731217473120685,0.1369694024324417,-3.22,0.09546
2mow,,,,-2.41,0.00136
2mps,24.14383888244629,0.3122561628046708,0.006542316172271967,-3.15,0.00302
2ms4,8.652138710021973,0.49355144296669834,0.11546499282121658,-2.93,0.24583
2mwy,,,,-3.30,0.00093
2n0u,1.5777009725570679,0.8531666069472452,0.7137904763221741,-1.68,0.041
2n27,1.4358934164047241,0.9405540837310317,0.8095238208770752,-1.46,0.51269
2n3k,,,,-3.40,0.01501
2n8t,14.57895278930664,0.8145987021913957,0.04374999925494194,-3.42,6e-05
2n9e,,,,-2.93,0.02865
2n9x,,,,-3.38,2e-05
2ncz,25.535131454467773,0.3313822677146317,0.008098380640149117,-3.23,0.00713
2nd0,19.691707611083984,0.46380380017144046,0.025544388219714165,-3.19,0.00179
2ndf,10.799595832824707,0.8018429382489287,0.31529849767684937,-3.11,0.06187
2ndg,7.621925354003906,0.6990878682124523,0.30882352590560913,-2.77,0.15533
2ndo,0.45643532276153564,0.9770529466273442,0.9752907156944275,-0.70,0.35052
2nm1,27.46576499938965,0.22200623415979298,0.0,-3.30,0.01702
2nn8,1.236392617225647,0.9356953433234333,0.8179945349693298,-2.61,0.23005
2nnd,0.19843465089797974,0.9678683983647581,1.0,0.15,0.73309
2nng,0.5203678011894226,0.9661828373662328,0.988095223903656,0.83,0.93513
2nnk,1.450068473815918,0.9416626477581497,0.7707192897796631,-0.79,0.72117
2nnp,0.9738746285438538,0.9900599713201474,0.8689154386520386,-0.56,0.5605
2nns,1.0360710620880127,0.9660379585243063,0.9371827244758606,0.59,0.76793
2np9,1.3469958305358887,0.0,0.7914651036262512,-1.15,0.24637
2nq6,0.4155970513820648,1.0,0.9900793433189392,-0.19,0.65139
2nq7,0.48449990153312683,0.9785771012801996,0.9751521348953247,-0.16,0.16633
2nsj,0.8309533596038818,0.9396477969934279,0.8853846192359924,0.66,0.7209
2nsl,0.8920603394508362,0.9386616392929141,0.9058333039283752,0.39,0.61172
2nsx,1.1979444026947021,0.0,0.7016509175300598,0.05,0.75029
2nt7,0.9765703678131104,0.9587116281543591,0.9038265347480774,0.13,0.62425
2nta,0.5471288561820984,0.9592262791406513,0.9571999907493591,0.37,0.93517
2ntf,1.0845750570297241,0.9503775624510956,0.891686201095581,-0.05,0.87546
2nv7,0.550256073474884,0.9624339356309235,0.9704116582870483,0.80,0.68639
2nw4,0.8913366794586182,0.9910884738551973,0.8753571510314941,0.48,0.76421
2nwl,1.6867222785949707,0.8678032280131615,0.7248995900154114,-3.92,0.32464
2nwn,9.073091506958008,0.764273029599559,0.24589602649211884,-3.56,0.00026
2nww,1.0666066408157349,0.0,0.8965295553207397,0.00,0.53622
2nxd,,,,-3.52,0.01072
2nyr,,,,-2.21,0.33207
2o1c,0.31885379552841187,0.945375559247181,1.0,-0.19,0.56118
2o1v,1.8830742835998535,0.0,0.7517544031143188,-1.54,0.67244
2o2u,0.3783355951309204,0.9756194332890867,0.9834494590759277,0.27,0.95716
2o3p,1.4964488744735718,0.9221177825700518,0.8655115365982056,0.52,0.50158
2o3z,0.6679244637489319,0.9629132310528141,0.9277899265289307,0.43,0.51195
2o4h,5.383227825164795,0.028837620610517267,0.3404321074485779,-0.30,0.31885
2o4j,0.7139778733253479,0.9696249088362037,0.926764726638794,0.00,0.94986
2o4r,1.0007195472717285,0.937869706323862,0.8871809840202332,-0.06,0.63139
2o4s,1.188759684562683,0.9806171404801268,0.8084897994995117,-0.86,0.50566
2o4z,0.28806647658348083,0.9872397812940047,0.9966063499450684,0.72,0.7713
2o63,0.5790098309516907,0.9012090206209821,0.9675043225288391,-0.02,0.59905
2o65,6.9086809158325195,0.9082662396407627,0.24133948981761932,0.00,0.6765
2o7v,,,,-0.03,0.23162
2o9a,2.596798896789551,0.9314606523329491,0.6115269660949707,-0.23,0.80272
2o9i,0.8950740694999695,0.9504231526948577,0.8822537064552307,-0.21,0.70757
2o9j,1.0994677543640137,0.9672703129109259,0.8527607321739197,0.04,0.57857
2o9r,1.2357338666915894,0.9294467335239721,0.8305687308311462,-0.87,0.09282
2o9v,,,,-2.36,0.03542
2oa0,0.4270823895931244,0.9458772152372437,0.9851046800613403,0.33,0.6727
2oax,1.5422207117080688,0.956983686415097,0.77703458070755,0.36,0.83163
2obf,1.7195079326629639,0.9569759784507007,0.7784988880157471,0.21,0.87309
2obo,1.245099425315857,0.0,0.7659642696380615,0.26,0.57749
2oc0,3.981130361557007,0.0,0.6206803321838379,0.16,0.27523
2oc1,0.7829362750053406,0.9410165407346116,0.9256476759910583,-0.02,0.11932
2oc4,1.0539910793304443,0.9529528477176025,0.8854166865348816,0.14,0.8304
2oc7,1.063111662864685,0.0,0.7620305418968201,0.27,0.59897
2oc9,2.4164724349975586,0.9098120630032672,0.7681543231010437,0.00,0.93593
2odd,,,,-3.20,0.12462
2oei,,,,-2.49,0.00195
2of2,0.5696634650230408,0.9634152080731803,0.9566831588745117,-0.10,0.50293
2off,34.589576721191406,0.0,0.0,-1.26,0.10941
2ogy,0.7281705737113953,0.9408513054145149,0.9286821484565735,-0.66,0.65292
2ohk,3.096451759338379,0.9348595682228953,0.5842013955116272,-0.09,0.81346
2ohm,0.39301520586013794,0.9772002542869183,0.9904761910438538,0.68,0.52191
2ohp,0.43504810333251953,0.9893230294364296,0.9765012860298157,0.29,0.24231
2ohq,0.7707483172416687,0.9716293944075653,0.9369245171546936,0.40,0.17648
2oht,0.3862963616847992,1.0,0.9949209690093994,0.54,0.72787
2ohu,0.9721860289573669,0.9737101927668779,0.878830075263977,0.16,0.44539
2ohv,0.8643121123313904,0.9890401395252352,0.8866544961929321,0.03,0.43884
2oi0,1.3265389204025269,0.9652308506689198,0.7755934596061707,-0.07,0.29049
2oi2,1.0587825775146484,0.9363563455916597,0.8733396530151367,-0.03,0.5915
2oi3,9.069711685180664,0.6929174045962814,0.1506558656692505,-3.01,0.00236
2oi9,,,,-3.58,0.12606
2oiq,1.5682796239852905,0.9302885724462789,0.7820150852203369,0.20,0.49397
2oj9,0.8599047064781189,0.9524243535074176,0.9061210751533508,0.49,0.78235
2ojg,0.1959923803806305,0.9873846704104388,1.0,0.72,0.99127
2oji,0.47121745347976685,0.9769310267230248,0.9782794117927551,0.56,0.76169
2ojj,0.6069689989089966,0.9450804706315552,0.9628880023956299,0.15,0.9127
2olb,5.892986297607422,0.9025967036210683,0.43906131386756897,-3.83,0.47034
2ole,4.067362308502197,0.8693428605089779,0.6179808974266052,-0.87,0.34968
2on3,0.700398325920105,0.0,0.9166666865348816,0.03,0.24236
2on6,2.7093114852905273,0.8557281360452431,0.6641167998313904,0.05,0.61367
2onb,2.1466214656829834,0.8868366168713498,0.752212405204773,-1.07,0.82338
2ooz,0.33693110942840576,0.986324837349792,0.9931761622428894,0.66,0.8282
2op3,0.780961811542511,0.039297758700856174,0.8917710185050964,0.13,0.40033
2op9,0.8106969594955444,0.957487776949391,0.8999221324920654,-0.92,0.37129
2opb,1.1841527223587036,0.0,0.8148630857467651,-0.08,0.65898
2oph,1.0669872760772705,0.9239603900692487,0.8622685074806213,0.06,0.96307
2oq6,0.2556625306606293,0.9805621797808728,1.0,0.59,0.49712
2oqi,1.142926573753357,0.8742241612014868,0.8249686360359192,-0.15,0.38196
2or4,0.7045886516571045,0.9730664911283685,0.9462890625,0.76,0.79461
2or9,15.93124771118164,0.44168204267034605,0.012947618030011654,-3.23,0.00024
2ork,0.8492673635482788,0.0,0.9372509717941284,-1.96,0.62105
2os9,0.6777651309967041,0.0,0.9438325762748718,-1.40,0.877
2osm,2.339385509490967,0.9050858189644388,0.6901639103889465,0.55,0.91667
2ot1,1.873402714729309,0.9055382814973615,0.8205274939537048,-1.59,0.61854
2ov4,1.8855156898498535,0.94051596264851,0.7397798895835876,-0.67,0.03921
2ovq,,,,-3.26,0.04293
2ovv,0.48726847767829895,0.9575584771846818,0.9737569093704224,-0.31,0.85002
2ovy,0.7697789072990417,0.9567798860975998,0.9276785850524902,-0.48,0.55908
2ow2,1.1303938627243042,0.0,0.841819703578949,-0.15,0.64866
2ow6,1.1189810037612915,0.9119433447303784,0.8625792860984802,-0.31,0.8001
2ow7,0.7352422475814819,0.930879504820077,0.9124423861503601,0.01,0.77877
2ow9,0.7575767636299133,1.0,0.9198552370071411,-0.03,0.92311
2oxd,0.7614221572875977,0.9560581833198303,0.8930445909500122,-0.55,0.25084
2oxn,0.573079526424408,0.9519755192813626,0.9569408893585205,-0.16,0.69984
2oxx,0.23873473703861237,0.9702621124850728,1.0,-0.36,0.31336
2oxy,0.10424161702394485,1.0,1.0,-0.44,0.71868
2oyk,0.9282383322715759,0.9585154737351255,0.8869426846504211,-0.73,0.1652
2oyl,2.4103314876556396,0.9689222631018031,0.7239766120910645,-0.64,0.50058
2oz2,0.9624470472335815,0.4187768393780772,0.8931261897087097,-0.05,0.34734
2oz7,2.2151379585266113,0.9646569091644176,0.6696904897689819,-0.33,0.70918
2p09,2.346863031387329,0.9549625554509189,0.7996503710746765,-1.83,0.48594
2p0d,1.2937136888504028,0.9410590336057747,0.8224381804466248,-1.67,0.15563
2p0x,,,,-0.77,0.28468
2p15,0.6454182267189026,0.9728500237547516,0.9383803009986877,0.41,0.77299
2p1c,1.113675832748413,0.9425298708138793,0.8590534925460815,-0.77,0.87799
2p2a,0.5925291776657104,0.949518575138468,0.9429547786712646,0.29,0.77723
2p3a,1.4082118272781372,0.9905261102354224,0.7985888123512268,-1.74,0.29291
2p3c,2.9152019023895264,0.9708040827907631,0.6565887331962585,-1.59,0.06219
2p3g,1.483296275138855,0.9426944359288603,0.8432267904281616,0.54,0.19622
2p3i,1.4262783527374268,0.9600411541545368,0.8339080214500427,-1.53,0.89211
2p4j,1.114751935005188,0.941812222495192,0.8502017259597778,-0.40,0.75163
2p4s,0.5944376587867737,0.9464577426593187,0.959713876247406,0.25,0.78079
2p4y,0.7144614458084106,0.0,0.9319085478782654,-0.05,0.696
2p53,1.3051764965057373,0.9195590098262104,0.8152482509613037,-0.20,0.34669
2p7a,0.4961208701133728,0.9570080200197824,0.977419376373291,-0.10,0.79062
2p7g,0.49127447605133057,0.9615716532375099,0.966946005821228,0.28,0.93027
2p93,1.1918163299560547,0.9105975124557381,0.8411967754364014,0.83,0.67217
2p94,1.0528662204742432,0.9505521598191219,0.9026235938072205,0.35,0.6865
2p99,0.6182462573051453,0.9643132047539401,0.9375,0.39,0.38461
2p9a,3.946579694747925,0.7823979914883816,0.4440406858921051,0.52,0.82772
2pax,0.2254534512758255,0.9785572622915842,1.0,0.16,0.9887
2pbw,5.576100826263428,0.8051413520886207,0.5972396731376648,0.38,0.70602
2peh,11.694522857666016,0.4836585194357941,0.05921052768826485,-3.06,0.00577
2pem,3.507995843887329,0.0,0.5432098507881165,-2.62,0.59709
2pfy,0.36044666171073914,0.9893317829462464,0.9926470518112183,1.05,0.96479
2pg2,,,,0.29,0.66986
2ph6,0.8850758671760559,0.9350213404934713,0.910179615020752,0.12,0.86201
2ph8,1.635092854499817,0.9161276942279373,0.7294589281082153,-0.33,0.55258
2ph9,4.214666366577148,0.0,0.3665577471256256,-0.57,0.55227
2phb,1.641470193862915,0.9605090658680174,0.826106607913971,0.63,0.99015
2piy,1.246972918510437,0.0,0.8239710927009583,-0.93,0.46163
2piz,0.506399393081665,0.0,0.952180027961731,-0.30,0.63018
2pj0,0.9625279903411865,0.0,0.9142376780509949,-0.46,0.77921
2pj1,4.6710734367370605,0.9063844813769593,0.6811996102333069,-0.68,0.69725
2pj2,1.516953945159912,0.927659587688204,0.834269642829895,-0.61,0.76043
2pj3,0.5634050965309143,0.9750484327564384,0.968358039855957,-0.34,0.80905
2pj4,0.6044636368751526,1.0,0.9389743804931641,-0.27,0.70121
2pj5,1.1862305402755737,0.9433185870593892,0.8890937566757202,-0.65,0.63117
2pj6,0.7778030037879944,0.9720752710548408,0.9498806595802307,-0.76,0.72886
2pj7,0.7156426906585693,0.0,0.9221556782722473,-0.60,0.54707
2pj8,1.4231010675430298,0.0,0.8725669384002686,-0.98,0.27763
2pj9,0.7973310947418213,0.9807406378687281,0.9097906351089478,-0.55,0.44049
2pja,1.0066149234771729,0.9916944615907848,0.8924857974052429,-1.12,0.42303
2pjc,1.1376303434371948,0.0,0.8672752976417542,-1.09,0.63176
2pjl,0.5392530560493469,0.9785175928614955,0.9695945978164673,0.54,0.90344
2pmc,6.710755825042725,0.0,0.13897892832756042,-3.01,0.08986
2pmk,1.3317276239395142,0.9368753934716155,0.8149150013923645,-1.46,0.04243
2pnx,20.550676345825195,0.3579521761749187,0.009822804480791092,-3.45,0.06333
2poq,0.9573151469230652,0.9585960937671472,0.8779863715171814,-0.31,0.75704
2pou,1.012040138244629,1.0,0.9383910298347473,0.80,0.93365
2pq9,0.8870341777801514,0.93269560360381,0.9045553207397461,-0.07,0.66595
2pqb,2.340240001678467,0.933149424863272,0.676097571849823,-0.20,0.76569
2pqc,2.108668565750122,0.8884378040644916,0.6725543737411499,-0.35,0.46049
2pqj,0.17836837470531464,0.9757270100721931,1.0,0.50,0.9327
2pql,0.16267751157283783,0.9881456845436951,1.0,0.45,0.98362
2pr9,41.28139877319336,0.018736328035399735,0.0,-2.92,0.31863
2pri,31.91578483581543,0.0,0.0,-0.55,0.24648
2prj,0.5261744856834412,0.9825487122709446,0.9595000147819519,0.48,0.90508
2psv,0.9423361420631409,0.9797585821661053,0.8926600217819214,-0.55,0.675
2psx,,,,-0.78,0.00819
2ptz,0.562955379486084,0.9412522193130476,0.9610705375671387,0.80,0.76557
2pu0,0.21998119354248047,0.9798582038453295,1.0,0.88,0.73807
2pu1,1.1507972478866577,0.9899308424649833,0.8826530575752258,0.51,0.84494
2pu2,0.8071333169937134,0.0,0.9223684072494507,-0.24,0.40102
2puy,5.273446559906006,0.01959534183965654,0.44260531663894653,-2.64,0.28643
2pv1,10.17524242401123,0.5999155852396053,0.07030567526817322,-2.85,0.15308
2pv2,16.20455551147461,0.13057576229366885,0.0050119333900511265,-2.84,0.00075
2pv3,,,,-3.06,0.16699
2pvh,0.55933678150177,0.9719217024120512,0.9504910111427307,0.06,0.8742
2pvj,1.4896079301834106,0.9464550633549015,0.8561508059501648,-0.16,0.80706
2pvk,2.5550410747528076,0.8708249577753736,0.7243958711624146,-0.67,0.71267
2pvl,1.0265038013458252,0.8971676524650075,0.9254636168479919,0.30,0.81133
2pvm,1.5220985412597656,0.971844700478927,0.8363970518112183,-0.25,0.89189
2pvn,7.1761860847473145,0.8043860455615723,0.3050670027732849,-0.83,0.67299
2pvu,1.7977951765060425,0.8858745404884325,0.7021780014038086,-3.34,0.39797
2pvv,0.3691396415233612,0.9725801206123332,0.9912382960319519,0.73,0.57232
2pwd,0.8172124624252319,0.0,0.9143192768096924,-0.63,0.5803
2pwg,0.8749855160713196,0.0,0.9059251546859741,-0.75,0.48752
2pwr,3.7538955211639404,0.9448210522157344,0.6761126518249512,-0.65,0.08448
2py4,26.87166976928711,0.1541432761660675,0.0,-1.78,0.4207
2pyi,1.4779081344604492,0.8960770003405623,0.7559847831726074,-0.46,0.69615
2pyn,6.013830661773682,0.989856923838241,0.3859945833683014,-0.48,0.49711
2pyy,14.100079536437988,0.06621195766391316,0.007800891529768705,-0.33,0.68526
2pze,1.300220012664795,0.029783691797903956,0.8223415017127991,-0.45,0.88842
2pzi,0.3772473633289337,0.0,0.9865269660949707,0.91,0.97213
2q1l,0.7428819537162781,0.007578465634307914,0.9217391014099121,-0.16,0.86139
2q2a,5.772103309631348,0.0,0.2961922585964203,-4.76,0.00101
2q2c,13.768237113952637,0.0,0.02857142873108387,-0.23,0.45058
2q2y,1.3428552150726318,0.0,0.8519900441169739,-0.99,0.09954
2q2z,0.910918653011322,0.0,0.9727393388748169,-1.02,0.47473
2q38,0.3486960530281067,0.9673135791227238,0.9967448115348816,0.65,0.92414
2q3z,,,,-2.20,0.05455
2q54,1.323438286781311,0.9798377319411965,0.8086603879928589,-0.84,0.53116
2q5k,0.9401382803916931,0.9902050264330013,0.8916389346122742,-0.61,0.60805
2q63,1.5310876369476318,0.9601472488721042,0.8089430928230286,-0.53,0.82202
2q64,0.7959791421890259,0.9800307846463405,0.9100580215454102,-0.29,0.76171
2q6f,5.608577251434326,0.7975838020647207,0.4797084331512451,-1.86,0.30484
2q6h,1.216695785522461,0.9249978021382886,0.8568301200866699,-0.40,0.12508
2q72,1.477306842803955,0.9320739763441063,0.828044593334198,-0.04,0.72758
2q7o,1.5641685724258423,0.9310620667337494,0.7943548560142517,-0.05,0.74742
2q7q,0.267535924911499,0.9900650773541212,0.9965659379959106,0.08,0.72662
2q7y,1.3175053596496582,0.9725348458336556,0.8596754670143127,-0.80,0.31874
2q80,2.155897378921509,0.0,0.7073298692703247,-0.48,0.43507
2q88,0.47674429416656494,0.9891022018211274,0.9737149477005005,1.16,0.99226
2q89,1.13178288936615,0.957125550247736,0.8477182388305664,0.55,0.89272
2q8h,0.5129526257514954,1.0,0.9699074029922485,0.04,0.41584
2q8i,2.0407495498657227,0.9350518142383928,0.6238872408866882,-2.42,0.50457
2q8s,0.7169033885002136,0.9826253348196157,0.9428143501281738,0.03,0.94827
2q8z,0.32662609219551086,0.02137051046942756,0.9862518310546875,-0.04,0.87403
2q93,0.32599031925201416,0.9758617876611445,0.9912382960319519,0.48,0.94531
2q94,0.9251365661621094,0.96417046644396,0.8607438206672668,0.18,0.35282
2q96,1.4805328845977783,0.9769768435715295,0.7899436354637146,0.47,0.34159
2q9m,,,,-0.60,0.53991
2q9n,4.320197582244873,0.8072969168137782,0.593047022819519,-1.47,0.25771
2q9y,0.3696422874927521,0.9718508914748436,0.9938356280326843,-0.42,0.92566
2qaf,0.8721097111701965,0.02676057318173774,0.9135020971298218,-0.38,0.54578
2qbq,0.8740568161010742,0.9663526450688851,0.9325451850891113,0.04,0.68722
2qbs,0.5179110765457153,0.965691066031297,0.9742753505706787,0.50,0.93771
2qbw,13.662511825561523,0.3763086101822086,0.047557469457387924,-3.07,0.10294
2qbx,10.300553321838379,0.0,0.09507042169570923,-3.02,0.00071
2qc6,1.3788814544677734,0.9732613589535625,0.8251096606254578,-0.03,0.87487
2qcd,0.9226531982421875,0.9475485366868696,0.8928571343421936,-0.15,0.95697
2qcf,1.060448408126831,0.9792360692693065,0.8832312226295471,-0.17,0.79673
2qcg,1.0108860731124878,0.9496350486107572,0.8855298757553101,-0.23,0.94142
2qci,0.8912653923034668,0.9801793881222602,0.8846328258514404,-0.30,0.46761
2qcm,0.7317258715629578,0.9477621959512227,0.9412479996681213,-0.57,0.85804
2qcn,1.1290138959884644,0.9569307983983869,0.8565188050270081,-0.37,0.54944
2qd6,0.8707602620124817,0.9804116353526987,0.8896788954734802,-0.30,0.3682
2qd9,0.9011374115943909,0.9582366080758121,0.9514925479888916,-0.36,0.97739
2qdt,0.8673806190490723,0.9440019177477567,0.8976868391036987,-0.08,0.93309
2qe2,0.6537450551986694,0.9197405055904335,0.9470304846763611,-0.05,0.70386
2qf6,0.6201914548873901,0.0,0.936284065246582,0.23,0.76552
2qfo,0.37678787112236023,0.9672162740324899,0.9850000143051147,-0.11,0.82323
2qg0,1.8802343606948853,0.05222648123225448,0.7439801692962646,-1.10,0.65262
2qg2,0.30926066637039185,0.9818998152467021,0.9976635575294495,0.22,0.58699
2qh6,1.6638580560684204,0.946737999780007,0.7432291507720947,0.15,0.68116
2qhc,2.560673236846924,0.9505851397892143,0.627761960029602,-1.19,0.52788
2qhn,0.3614705801010132,0.9697123627209964,0.997802197933197,1.06,0.49118
2qhy,1.0569908618927002,0.9706355134364479,0.8602050542831421,-0.30,0.68042
2qhz,0.4108595848083496,0.9905498613364281,0.9803677797317505,0.14,0.70505
2qi0,1.4482355117797852,0.9512988293018554,0.8212489485740662,-0.36,0.5521
2qi1,1.525928258895874,0.9612542688575301,0.7856255173683167,-0.16,0.47473
2qi3,1.3851252794265747,0.9798718767004024,0.8121801614761353,-0.45,0.52403
2qi5,0.8558284640312195,0.99027610738458,0.8991897106170654,-0.26,0.4727
2qic,,,,-3.04,0.07904
2qiq,0.8918494582176208,0.945792813657205,0.9095454812049866,-0.67,0.77328
2qju,0.8657979369163513,0.9519206832199166,0.9023297429084778,-0.18,0.34507
2qk5,0.7102372646331787,0.9655315387264659,0.9455607533454895,-0.02,0.9329
2qky,0.9974050521850586,0.0,0.8682975769042969,-0.30,0.37231
2ql5,,,,-1.74,0.00299
2ql7,,,,-1.67,0.00244
2ql9,,,,-1.63,0.10279
2qlb,,,,-1.49,0.00455
2qlf,,,,-1.71,0.00245
2qlj,,,,-2.39,0.00186
2qlm,1.1646544933319092,0.9027140125849422,0.8209677338600159,-0.39,0.70101
2qln,0.9294382333755493,0.9514230271871269,0.8556673526763916,-0.50,0.73434
2qm7,1.0425409078598022,0.9702619508658541,0.8935574293136597,-0.12,0.87406
2qmd,0.7823538780212402,0.0,0.9105113744735718,-0.20,0.86582
2qmf,0.936147153377533,0.0,0.8666394948959351,-0.03,0.46105
2qmj,2.6579816341400146,0.8945864621663666,0.7041616439819336,-2.49,0.17161
2qn1,3.7323126792907715,0.8632162143633902,0.45124804973602295,-2.22,0.06454
2qn2,4.280630111694336,0.7784922743811665,0.33680057525634766,-1.71,0.31618
2qn3,1.5336488485336304,0.8806908402266204,0.763224184513092,-0.60,0.65297
2qnb,1.7553642988204956,0.8930447998004934,0.7626459002494812,-0.25,0.57472
2qnn,,,,-0.65,0.1492
2qnx,1.1071840524673462,0.960718571992261,0.866706132888794,-0.32,0.82753
2qnz,0.6887747645378113,0.06680652634897472,0.9142300486564636,-0.32,0.22376
2qo1,4.054679870605469,0.7820284406824695,0.44191521406173706,-0.48,0.35716
2qo8,1.9585334062576294,0.9465604031114973,0.8870614171028137,-0.01,0.92681
2qoa,0.42487749457359314,0.9771651227231649,0.9872754216194153,0.70,0.9186
2qoe,1.6276367902755737,0.0,0.8585526347160339,-0.69,0.63368
2qoh,1.9919368028640747,0.0,0.7439091801643372,-0.51,0.45583
2qp8,0.7581375241279602,0.9364011197859369,0.9153525233268738,-0.48,0.89862
2qpj,0.935238778591156,0.9514185517619802,0.8645526170730591,-0.91,0.60667
2qpq,0.3276905119419098,0.952715018593416,0.9974358677864075,-0.33,0.2131
2qpu,33.624210357666016,0.0,0.0,-2.11,0.55716
2qrh,1.4405771493911743,0.9267762654906445,0.789910614490509,-0.01,0.69076
2qrk,0.6543049216270447,0.9566303928143605,0.9363468885421753,0.08,0.80412
2qrl,0.1722598820924759,0.9734998766360023,1.0,-0.13,0.58995
2qrm,1.0585328340530396,0.9618749454118478,0.8702152967453003,-0.05,0.61948
2qrp,1.2653553485870361,0.9457906625852028,0.831556499004364,-0.13,0.75143
2qrq,1.0852285623550415,0.8830540768197435,0.8445558547973633,0.34,0.85881
2qt5,24.829442977905273,0.17374524825752602,0.0,-3.55,0.65395
2qt9,0.909123420715332,0.9570324336622089,0.9183480739593506,-0.19,0.83181
2qtb,0.7846241593360901,0.9350210768021749,0.9103489518165588,-0.03,0.81046
2qtg,1.0297051668167114,0.013097723159395388,0.8799083828926086,-0.01,0.70503
2qtt,0.9160140156745911,0.9908163558929729,0.8932968378067017,-0.04,0.71755
2qu6,0.8479840159416199,0.9370884640177645,0.9024038314819336,0.19,0.64056
2qv7,3.676525115966797,0.7900831573163561,0.4843243360519409,-1.16,0.50272
2qve,0.7109948396682739,0.9791460558177493,0.9691919088363647,0.25,0.58498
2qw1,4.149073600769043,0.8849504367081346,0.45028409361839294,-1.14,0.47644
2qwb,0.703618049621582,0.9627117533761209,0.9496821761131287,0.20,0.78453
2qwc,1.3906445503234863,0.9715393787409234,0.83740234375,0.02,0.79103
2qwd,0.8111523389816284,0.9811977338207395,0.9189913868904114,0.51,0.86285
2qwe,1.4785469770431519,0.9012031971898177,0.756619930267334,-0.24,0.61214
2qwf,1.1917712688446045,0.8775707180007217,0.8189922571182251,0.02,0.69962
2qwg,1.5609612464904785,0.8908164515948126,0.7546641826629639,-0.01,0.65368
2qx0,0.6725462675094604,0.9261032132524305,0.9441805481910706,-0.37,0.90917
2qzk,2.422281503677368,0.8602813995763363,0.6329491138458252,-0.86,0.35975
2qzl,0.8344373106956482,0.9567406750386899,0.9149895906448364,-0.11,0.87527
2qzr,2.225188732147217,0.9468395000615372,0.8130000233650208,-0.03,0.88991
2qzx,8.28491497039795,0.5351454594724845,0.18431735038757324,-3.17,0.47346
2r03,,,,-2.76,0.02484
2r0h,3.700350522994995,0.0,0.45783531665802,-2.80,0.01851
2r0u,1.665553092956543,0.9179440786676273,0.741990864276886,0.05,0.3891
2r0y,,,,-1.31,0.0002
2r1w,,,,-0.54,0.64322
2r1x,2.533353090286255,0.9322008573979919,0.6758872866630554,-2.46,0.52865
2r1y,3.1370644569396973,0.9491099003018885,0.7158470153808594,-2.05,0.10402
2r23,4.172879695892334,0.9342744807599005,0.5776515007019043,-2.57,0.10225
2r2b,4.966458797454834,0.9656194763827826,0.59375,-2.40,0.07249
2r3c,,,,-3.14,0.04362
2r3f,0.5180938839912415,0.9637372228013906,0.9619728922843933,0.47,0.8306
2r3g,5.86667013168335,0.9385273862523594,0.2899082601070404,0.28,0.73039
2r3h,0.35985833406448364,0.9867521240888836,0.9846311211585999,0.48,0.9295
2r3j,1.0748341083526611,0.9517236074321859,0.9087733030319214,0.57,0.94488
2r3k,0.5141568779945374,0.9873154190395874,0.9781249761581421,0.64,0.51219
2r3m,0.7114839553833008,0.9301906863406109,0.9498730897903442,0.44,0.66623
2r3n,0.9607239365577698,0.9875562117985739,0.9147058725357056,0.78,0.97874
2r3o,1.023232102394104,0.9649448446320639,0.913385808467865,0.87,0.90304
2r3p,0.6417384147644043,0.934795495518737,0.9666203260421753,0.59,0.95102
2r3t,1.0480161905288696,0.9357876138375302,0.8591402173042297,-0.19,0.19324
2r3y,24.01561164855957,0.08265104159895777,0.0,-2.37,0.13369
2r4b,0.5875058174133301,0.0,0.9439066052436829,0.20,0.67707
2r4f,1.090345025062561,0.00706124822774783,0.8736903667449951,-0.30,0.85795
2r58,0.4936041533946991,0.9504838938951837,0.9617021083831787,1.17,0.57886
2r5a,0.32473328709602356,1.0,1.0,1.06,0.87376
2r5q,0.9387540221214294,0.0,0.8844892382621765,-0.59,0.63714
2r6f,1.127504825592041,0.0,0.8598901033401489,-0.57,0.60033
2r6n,1.618822693824768,0.8715180620718627,0.7284023761749268,0.33,0.33562
2r6w,0.7304402589797974,0.9715837001688193,0.9256453514099121,0.29,0.52467
2r75,1.121525526046753,0.9571946004538852,0.862610399723053,-0.62,0.27948
2r7g,,,,-2.86,0.01165
2r8q,0.13983330130577087,0.0,0.9954545497894287,0.20,0.92361
2r9b,15.465898513793945,0.06141432906273034,0.02147669903934002,-3.34,0.18818
2r9m,0.7597711682319641,0.13299050446204194,0.918367326259613,1.09,0.85823
2ra6,0.7549278140068054,0.0,0.9408682584762573,0.07,0.36381
2rc8,0.5595400929450989,0.9886176577591665,0.968654453754425,0.84,0.97868
2rc9,0.129416823387146,1.0,1.0,0.91,0.9839
2rcb,0.5071446299552917,0.0,0.9742424488067627,0.87,0.96224
2rcn,1.2467055320739746,0.9684247497157751,0.8887381553649902,0.19,0.84596
2rcu,0.7084854245185852,0.0,0.9242937564849854,-0.04,0.82708
2rcw,0.4483626186847687,0.9718158970216865,0.9836409687995911,0.46,0.95338
2rcx,0.4198054075241089,0.9669814822810636,0.9869888424873352,0.29,0.09883
2reg,0.32139524817466736,1.0,0.9929022192955017,0.82,0.67873
2rf2,0.9140059947967529,0.9376687032694552,0.873229444026947,0.21,0.28217
2rfy,1.0420212745666504,0.0,0.7978351712226868,-0.57,0.24927
2rg5,0.5275673270225525,0.9806452483884617,0.962193489074707,0.20,0.68518
2rg6,1.627679705619812,0.9300536761336868,0.8122837543487549,0.15,0.55023
2rgu,2.0371503829956055,0.0,0.7568208575248718,-0.72,0.03042
2ri9,,,,-0.62,0.7065
2ria,1.4932398796081543,0.0,0.8182692527770996,-1.76,0.77006
2rib,3.9819576740264893,0.0,0.416424423456192,-1.71,0.58751
2rin,0.4849596619606018,0.9889561054557903,0.972482442855835,-0.30,0.67795
2rio,1.4126522541046143,0.0,0.8185538649559021,-0.33,0.77408
2rip,0.6267943382263184,0.9809708720708853,0.9319213032722473,0.02,0.79481
2rjp,1.3040015697479248,0.0,0.8508211970329285,-0.06,0.89092
2rjr,1.6660692691802979,0.8974824211122735,0.7504990100860596,-0.43,0.47005
2rjs,1.3057962656021118,0.0,0.820270299911499,0.03,0.64317
2rk7,0.15212248265743256,0.9731583609419083,1.0,0.27,0.82461
2rk8,0.3024784028530121,0.9764839573712698,1.0,0.37,0.73176
2rka,0.3305785655975342,0.0,0.9971482753753662,0.18,0.56271
2rkd,0.6117041707038879,0.9458558397150878,0.9466192126274109,0.24,0.63504
2rkf,1.25026535987854,0.9804701264143743,0.8352223038673401,-0.84,0.50396
2rkg,0.8383467197418213,0.9605535318834165,0.8855777978897095,-0.67,0.51057
2rkm,9.11718463897705,0.5287638774408246,0.15876777470111847,-1.90,0.18101
2rkn,2.25102162361145,1.0,0.7575757503509521,-1.34,0.22834
2rku,1.2093812227249146,0.9374470512447336,0.829865038394928,-0.57,0.64911
2rly,17.52775764465332,0.4801525198338023,0.031553398817777634,-2.42,0.00754
2rm0,18.677600860595703,0.504580439585601,0.0011655011912807822,-2.91,0.04807
2rnw,11.34219741821289,0.5412325504705356,0.12771739065647125,-3.55,0.35375
2rnx,14.735759735107422,0.6625066594185055,0.0616002231836319,-3.64,1e-05
2rol,19.27488136291504,0.33419408777715104,0.03913835063576698,-3.07,0.13259
2rox,1.8997920751571655,0.10214197306964233,0.7283549904823303,-0.60,0.65118
2rqu,14.400554656982422,0.687206749511713,0.08308099955320358,-3.19,0.01793
2rvn,,,,-3.57,0.0006
2sfp,1.6303702592849731,0.9086015458913689,0.7964823842048645,0.17,0.39998
2sim,1.4733837842941284,0.8897996823713327,0.7962297797203064,0.16,0.7322
2srt,1.4229156970977783,0.9375407548374779,0.7721909880638123,-1.36,0.40095
2std,0.23994548618793488,0.9709404151506125,1.0,-0.12,0.93733
2tpi,27.390113830566406,0.044628807676686616,0.0,-1.76,0.18637
2tsr,0.7781344056129456,0.9359773290970455,0.9355670213699341,-1.19,0.85579
2upj,4.741604328155518,0.8916172700456058,0.4379611015319824,-0.98,0.33428
2usn,6.48817253112793,0.9318218539137225,0.5176281929016113,-0.95,0.1526
2uuo,1.9253101348876953,0.9008623061896038,0.7853773832321167,-0.76,0.66618
2uup,1.1673578023910522,0.9542950584144009,0.833116888999939,-0.67,0.68298
2uvm,0.5220426917076111,0.9364870407184075,0.9871794581413269,-0.45,0.44312
2uw8,6.418940544128418,0.6237906272597828,0.3465058207511902,-1.34,0.61965
2uwd,0.6496226787567139,0.9127713598939754,0.9430758953094482,0.70,0.85449
2uwl,0.460428386926651,0.9694947722707843,0.9719387888908386,0.60,0.93704
2uwo,0.6237796545028687,0.9591276918979323,0.9468896985054016,0.28,0.86844
2uwp,0.5706541538238525,0.9793985106764207,0.9558638334274292,0.22,0.32022
2uxi,0.7400871515274048,0.934932302839965,0.9125874042510986,-0.79,0.60568
2uxu,1.3321810960769653,0.8619796960781139,0.7817460298538208,-1.23,0.3211
2uy3,0.16135120391845703,1.0,1.0,0.71,0.94634
2uy5,2.4415128231048584,0.9176371871365387,0.642961859703064,0.29,0.85938
2uyi,0.4403161406517029,0.09159376630025248,0.9733606576919556,0.45,0.94507
2uym,0.4541625678539276,0.9790074505450425,0.9860917925834656,0.35,0.89122
2uyn,0.6494560241699219,0.044392033960739125,0.9488449096679688,0.34,0.84193
2uyw,0.47824978828430176,0.04057338233589451,0.9781085848808289,0.04,0.97715
2uz6,14.769109725952148,0.0,0.05044776201248169,-2.59,0.00538
2uz9,0.25838544964790344,0.9903114747253426,0.9941314458847046,0.73,0.83517
2uzb,0.82738196849823,0.9084355528135928,0.8959311246871948,0.21,0.26034
2uzd,0.8001008629798889,0.9515913232558145,0.8740279674530029,-0.13,0.37602
2uzj,1.661832332611084,0.9263057402624437,0.7341325879096985,-0.64,0.7215
2uzl,2.3163702487945557,0.9538397071382747,0.7753485441207886,-0.89,0.09308
2v00,0.3482065200805664,0.9672765185102954,0.9911556839942932,0.18,0.57358
2v0z,1.4089301824569702,0.952636567873268,0.805655300617218,-0.21,0.65613
2v10,0.8121994137763977,0.9513078066401166,0.9015726447105408,0.30,0.96643
2v11,1.0511412620544434,0.9508470269727245,0.8423245549201965,-0.01,0.64479
2v12,0.9076566696166992,0.0,0.8695651888847351,-0.09,0.59537
2v13,1.1609821319580078,0.9502189705062931,0.8336693644523621,-0.11,0.24558
2v16,4.119616508483887,0.0,0.6169844269752502,-0.15,0.13452
2v22,1.539888858795166,0.0,0.7568104267120361,-1.74,0.11863
2v25,2.8672285079956055,0.8068976998482659,0.5277777910232544,-4.51,0.01677
2v2c,0.28530269861221313,1.0,1.0,0.16,0.94985
2v2h,0.19189010560512543,0.0,1.0,0.26,0.98166
2v2q,0.562508761882782,0.966311957283472,0.9704433679580688,-0.77,0.31225
2v2v,0.757240355014801,0.0,0.9123222827911377,-0.46,0.1782
2v3d,0.7544717788696289,0.9335471545129024,0.9145256876945496,-0.84,0.18584
2v3e,1.0699681043624878,0.9036077254349107,0.8448963165283203,-0.91,0.16182
2v3u,0.7379871606826782,0.9660133169656038,0.9360294342041016,0.85,0.94528
2v54,1.3977160453796387,0.00764154306586535,0.807851254940033,-0.51,0.41694
2v57,0.4342174232006073,0.0,0.9709543585777283,-0.45,0.51462
2v58,0.5064741373062134,0.0,0.9656955003738403,-0.05,0.9356
2v59,0.886958658695221,0.0,0.8905990123748779,-0.33,0.81912
2v5a,0.630667507648468,0.9886994281038952,0.9328829050064087,-0.12,0.8015
2v7d,7.050222873687744,0.0,0.21675711870193481,-2.75,0.10212
2v83,10.744417190551758,0.1860806870840914,0.3242824971675873,-3.19,0.1063
2v95,6.700801372528076,0.9574597738199262,0.34609755873680115,0.17,0.69756
2va5,0.7745943665504456,0.9471858796154492,0.9413506984710693,0.21,0.36179
2vb8,0.32318180799484253,0.0,0.9951508641242981,-0.09,0.87993
2vba,0.9341702461242676,0.9501397366103222,0.9391509294509888,-0.26,0.54707
2vc7,4.710892200469971,0.0,0.5758647918701172,-0.74,0.5304
2vc9,0.9592517018318176,0.9104325239173153,0.8808793425559998,-0.66,0.70939
2vcg,1.1930580139160156,0.943426206632789,0.8634116053581238,-0.24,0.22624
2vd1,1.535370945930481,0.0,0.8799999952316284,-0.33,0.86458
2veu,2.334782600402832,0.9243349012066235,0.8303179740905762,-1.78,0.62552
2vew,3.94150447845459,0.8453119258505388,0.7262658476829529,-1.87,0.65762
2vey,1.156276822090149,0.966291269235586,0.848024308681488,-1.57,0.54171
2vf6,0.2172365039587021,0.9906675138628451,1.0,-0.45,0.8629
2vfk,1.3368663787841797,0.9716833072933411,0.7954071164131165,-0.46,0.73686
2vfz,2.028210163116455,0.9018101737939758,0.7012144327163696,-0.50,0.64673
2vgc,0.5568127632141113,0.9643136641694007,0.9576271176338196,-0.39,0.39257
2vh0,1.939092755317688,0.9797101286275423,0.8036750555038452,-0.03,0.73446
2vh6,0.9637104272842407,0.9599839373209937,0.8945783376693726,0.25,0.74976
2vi5,1.1331690549850464,0.0,0.8801460862159729,-0.37,0.76338
2vin,0.7642176151275635,0.9535842301486425,0.9012141227722168,-0.53,0.78298
2vio,0.4772825539112091,0.9547544785661201,0.9811828136444092,-0.06,0.64477
2vip,0.8025360107421875,0.9613881605953619,0.8866231441497803,-0.39,0.37396
2viq,1.0425382852554321,0.9706356863181069,0.8455555438995361,-0.80,0.34218
2viw,4.225831508636475,0.864171912442473,0.6154494285583496,-0.89,0.21657
2viz,0.7988013029098511,0.9452766532874035,0.9178187251091003,0.52,0.63824
2vj6,0.9564699530601501,0.9516829986119694,0.886188268661499,0.40,0.73263
2vj8,5.594409942626953,0.7884837765433754,0.30020371079444885,0.02,0.36988
2vjx,0.7302916049957275,0.0,0.9180942177772522,0.96,0.66553
2vk2,0.38345521688461304,0.990118508043619,0.988095223903656,0.53,0.97379
2vk6,1.3824247121810913,0.851348878172042,0.7950160503387451,-0.05,0.21565
2vl1,13.114885330200195,0.0,0.02302631549537182,-0.27,0.77319
2vl4,0.5888088941574097,0.9578556300152548,0.9624723792076111,0.58,0.85144
2vl8,1.0679574012756348,0.0,0.8545241951942444,-0.64,0.55035
2vmc,85.89159393310547,0.0,0.0,-1.23,0.471
2vmd,85.4944076538086,0.0,0.0,-1.60,0.22743
2vmf,0.8269060254096985,0.9596183654128447,0.9248220920562744,0.54,0.91891
2vnf,,,,-3.03,0.3911
2vnp,1.3451038599014282,0.0,0.7786738276481628,-0.10,0.39094
2vo5,1.8932890892028809,0.8950928894042691,0.6781495809555054,-0.62,0.61869
2vo7,1.6444025039672852,0.8762083724121449,0.8237265348434448,0.30,0.98163
2vpe,,,,-2.63,3e-05
2vpn,0.5038369297981262,0.9761332119665491,0.9577546119689941,1.00,0.98102
2vpo,0.1553686112165451,1.0,1.0,1.03,0.9781
2vpp,0.9449470043182373,0.9383389991578129,0.8841145634651184,0.48,0.83642
2vqj,0.7189387083053589,0.961667206741655,0.9581005573272705,-0.78,0.25525
2vqm,2.695101022720337,0.9202165402874086,0.9044871926307678,-0.83,0.24696
2vqt,0.4786112308502197,0.0,0.9712897539138794,-0.16,0.81877
2vr3,27.34165382385254,0.28527561578836885,0.0005847953143529594,-2.91,0.13254
2vr4,0.8094221353530884,0.0,0.9065457582473755,-0.24,0.65647
2vrj,1.1623926162719727,0.8838020425268832,0.8489782810211182,-1.09,0.41317
2vsl,,,,-2.53,0.0002
2vt3,1.1576522588729858,0.9725602328082859,0.821980357170105,-1.08,0.14368
2vth,0.45476338267326355,0.9458258967017665,0.9692874550819397,-0.24,0.53799
2vti,0.873440146446228,0.9275513975697042,0.9056316614151001,-0.15,0.79116
2vtl,0.28025341033935547,1.0,0.9965517520904541,0.74,0.91834
2vtn,0.2867686152458191,0.9747625262659979,0.9925438761711121,0.80,0.44432
2vto,0.5790824294090271,0.9762541797717182,0.9547756910324097,0.59,0.30839
2vtp,0.5511252880096436,0.9645175925347709,0.9663394093513489,0.25,0.56015
2vtq,0.642870306968689,0.9754196127465415,0.945195198059082,0.63,0.47059
2vtr,0.1908736526966095,0.9761897728099092,1.0,0.79,0.45006
2vts,0.620588481426239,0.9300614575303151,0.9448249340057373,0.64,0.67889
2vtt,0.44468235969543457,0.9632576767641092,0.9755747318267822,0.69,0.5962
2vu3,0.700016975402832,0.9413783783212092,0.9364598989486694,0.69,0.53798
2vur,0.5378948450088501,0.9345070848324983,0.9661409854888916,0.44,0.84884
2vv9,1.085553526878357,0.9743798928552636,0.9059571623802185,-0.31,0.44763
2vvc,0.9601446986198425,0.0,0.9263059496879578,0.31,0.62676
2vvn,0.4812573492527008,0.0,0.982899010181427,0.74,0.98869
2vvo,0.8643532395362854,0.0,0.9108108282089233,-0.22,0.7599
2vvt,3.6517245769500732,0.8052317684199274,0.557361364364624,-0.30,0.58138
2vvu,0.9921603798866272,0.9702386135718744,0.919549286365509,0.79,0.54098
2vvv,1.2857444286346436,0.9402178466241666,0.8895055651664734,0.92,0.92638
2vw1,1.366430401802063,0.9244278675217298,0.881465494632721,0.12,0.93988
2vw5,2.275031805038452,0.043281860941373505,0.6100123524665833,-1.99,0.64089
2vwc,2.146967649459839,0.9108717366748468,0.5958475470542908,-2.50,0.62791
2vwl,1.6138765811920166,0.9796468644199332,0.816494345664978,0.15,0.55339
2vwm,0.7774272561073303,0.9652744782806354,0.9331797361373901,0.25,0.71968
2vwn,1.3675583600997925,0.9599796982159329,0.8488151431083679,0.68,0.78875
2vwo,1.5157321691513062,0.9602433002758162,0.8344465494155884,0.36,0.89035
2vwu,0.6118239760398865,0.9891614164075814,0.9700910449028015,-0.26,0.95339
2vwv,0.855720043182373,0.9721873808870065,0.8962810039520264,-1.03,0.7869
2vx9,6.5798563957214355,0.4880293316732812,0.375,-1.63,0.2112
2vxa,1.2589948177337646,0.0,0.8910362124443054,-0.20,0.36805
2vxj,3.418041229248047,0.0,0.7460552453994751,-2.32,0.67868
2vxn,0.273218035697937,0.9747226518694045,1.0,0.35,0.74942
2vyt,0.7171533703804016,0.0,0.9520202279090881,0.98,0.64672
2vzr,0.8195617198944092,0.9446232654789295,0.9200680255889893,-0.53,0.48474
2w06,2.0091288089752197,0.9524361905574683,0.7919730544090271,0.04,0.7796
2w08,4.055229187011719,0.0,0.4879385828971863,-0.51,0.35329
2w0p,,,,-3.53,0.00776
2w0s,0.8970291614532471,0.9158884945306771,0.8918750286102295,-0.58,0.33594
2w0x,0.5008783340454102,0.9679112181281142,0.9704670310020447,0.30,0.96348
2w0z,6.018438816070557,0.7903390544983655,0.20336787402629852,-3.07,0.0284
2w10,6.389631748199463,0.0,0.1587739735841751,-3.00,0.00288
2w12,2.097986936569214,0.92402029695355,0.7989904880523682,-0.38,0.90475
2w1g,1.743855595588684,0.9480349497564994,0.7610085010528564,0.53,0.94394
2w1h,0.2217576801776886,1.0,0.9981002807617188,0.84,0.95089
2w1i,1.0303153991699219,0.0,0.9095588326454163,0.53,0.83003
2w26,0.9858806133270264,0.9689632784036135,0.8918322324752808,0.36,0.81459
2w2u,21.39702033996582,0.1699316455520849,0.005347593687474728,-3.28,0.0088
2w3k,1.0423767566680908,0.9591959907230182,0.902211606502533,-0.06,0.61558
2w3o,9.275161743164062,0.45033384953044536,0.12369687110185623,-2.17,0.06145
2w47,4.856560707092285,0.9426758650119924,0.28325510025024414,-1.45,0.02158
2w4i,0.9318299889564514,0.0,0.847953200340271,-0.75,0.09532
2w4x,0.7288432121276855,0.9346998800780574,0.9370155334472656,0.16,0.77716
2w5i,3.4785983562469482,0.0,0.5209720134735107,-1.31,0.7523
2w66,1.3516360521316528,0.8933632815185153,0.8256198167800903,0.20,0.44631
2w67,1.0633476972579956,0.9128973842627323,0.8495613932609558,0.38,0.60745
2w68,3.312371015548706,0.0,0.6061278581619263,-3.12,0.61495
2w6c,1.8390127420425415,0.8384180139969932,0.7045735716819763,-0.56,0.71457
2w6m,0.14910593628883362,1.0,1.0,0.19,0.95835
2w6o,0.7933210730552673,0.0,0.9207921028137207,-0.27,0.67646
2w6t,6.192039489746094,0.0,0.21129260957241058,-3.01,0.13702
2w6u,3.987150192260742,0.7639141207015433,0.5322222113609314,-2.20,0.1804
2w70,0.20702171325683594,1.0,1.0,0.60,0.9094
2w76,6.787110328674316,0.5962113318464651,0.3329814076423645,-2.98,0.05646
2w77,6.390692234039307,0.5514549362755743,0.3629089593887329,-2.08,0.1806
2w7y,1.2295774221420288,0.8884443818095814,0.824411153793335,-0.77,0.44498
2w85,14.364190101623535,0.4968214553953056,0.0248190276324749,-3.23,0.0003
2w87,1.0286166667938232,0.0,0.8810679316520691,-0.35,0.78056
2w8f,1.7343600988388062,0.0,0.6993433237075806,-0.72,0.49747
2w8j,0.47336965799331665,0.9353251893465391,0.9731183052062988,-0.40,0.79535
2w8w,0.5856831073760986,0.9573583648702003,0.9473947882652283,-0.28,0.86429
2w92,0.825599193572998,0.9554177575046936,0.9126074314117432,-1.64,0.33334
2w97,,,,-0.23,0.67313
2w9h,0.6313567757606506,0.9773272057443062,0.9601727724075317,-0.24,0.9588
2w9r,15.627972602844238,0.4665426571847784,0.07598371803760529,-3.15,0.03521
2wa3,0.27683156728744507,0.9334268677243749,1.0,0.51,0.82759
2wa4,0.9289594292640686,0.8890336867512278,0.8797376155853271,0.57,0.33627
2wa8,14.448055267333984,0.0,0.09904153645038605,-3.08,0.014
2wb5,1.2199560403823853,0.9070799793395738,0.8216245770454407,-0.25,0.65594
2wbb,0.7747012972831726,0.9751375157184953,0.9189602732658386,0.17,0.7301
2wbd,0.3865278959274292,0.42909928561853683,0.9806782603263855,0.41,0.94333
2wbg,0.7455801367759705,0.9642453452064915,0.9420123100280762,-0.41,0.88177
2wc3,0.9145475029945374,0.0,0.8922610282897949,-0.65,0.46176
2wc4,0.42103928327560425,0.0,0.9846938848495483,0.20,0.98537
2wca,0.6554921269416809,0.9463830964880768,0.9403553009033203,-0.44,0.61427
2wcg,2.844031572341919,0.9509777807511234,0.5786061882972717,-0.59,0.96207
2wd3,2.621661901473999,0.8741312894160486,0.7083333134651184,-0.56,0.80093
2wd7,1.931476354598999,0.9155117132004796,0.7062289714813232,-0.26,0.65276
2we3,1.352080225944519,0.9752400070396872,0.8100719451904297,-0.80,0.03775
2weg,0.49369922280311584,0.9538518163517358,0.9798507690429688,0.74,0.81413
2weh,0.4634536802768707,0.9662157322665549,0.9630681872367859,0.94,0.92063
2wej,0.2958886921405792,0.9878315007733983,1.0,0.97,0.91339
2weo,0.46353697776794434,0.9772510573680335,0.971969723701477,0.97,0.92347
2weq,2.1681759357452393,0.9510048124811773,0.6690835356712341,-2.27,0.67213
2wey,0.6858580112457275,0.9499942724328558,0.9230072498321533,-0.16,0.65386
2wf1,0.9119060039520264,0.953007788748867,0.8802904486656189,-0.15,0.55589
2wf2,1.3223903179168701,0.935662944739729,0.8172926306724548,-0.24,0.73625
2wf3,1.0508558750152588,0.9598093910418926,0.8805418610572815,-0.13,0.47673
2wf4,0.7240052819252014,0.9677412466884426,0.9535590410232544,0.26,0.82535
2wf5,0.8077404499053955,0.9472293605618394,0.9214285612106323,-0.74,0.76624
2wfj,4.440246105194092,0.8989587118503841,0.4347345232963562,-4.56,0.00021
2wgi,0.6145911812782288,0.9727789671673313,0.9642126560211182,-0.35,0.43367
2wgj,1.1187965869903564,0.9268592374080616,0.8556510806083679,-0.35,0.67592
2who,0.45945948362350464,0.9717231004003276,0.9775104522705078,0.86,0.72014
2wi1,1.1782573461532593,0.9515770361155627,0.860497236251831,-0.21,0.72153
2wi4,0.8314864039421082,0.9500377380092133,0.8941571116447449,-0.41,0.72516
2wi7,0.9823617935180664,0.940909929242934,0.8911719918251038,-0.77,0.64919
2wib,1.2007454633712769,0.9359229387421669,0.8557088971138,0.04,0.75715
2wic,1.2172216176986694,0.9850239085075004,0.8501838445663452,0.10,0.44674
2wig,,,,-0.08,0.14872
2wij,,,,-0.02,0.09905
2wik,,,,0.32,0.16795
2wj2,0.6343869566917419,0.9795052426102407,0.9621801972389221,0.21,0.48412
2wjg,1.2742369174957275,0.12902087377062102,0.8778446912765503,-0.12,0.70906
2wji,0.8627673983573914,0.9182017534839408,0.9417506456375122,-0.01,0.22253
2wk2,,,,-1.48,0.51665
2wk6,0.4741956293582916,0.9695395266551501,0.9785714149475098,0.63,0.63691
2wkt,1.5216221809387207,0.0,0.8321678042411804,-1.32,0.4994
2wky,0.4934588372707367,0.0,0.9798598885536194,1.06,0.97612
2wl5,2.41990327835083,0.9567555247692237,0.7671821117401123,-1.63,0.75376
2wly,1.189725637435913,0.8741937938910732,0.8040355443954468,-1.50,0.59563
2wlz,2.7023916244506836,0.9016407556964913,0.5671067237854004,-0.87,0.09353
2wm0,,,,-1.23,0.5883
2wmr,0.3631488084793091,0.986140344886815,0.9801912307739258,0.97,0.68401
2wmw,0.5693385601043701,1.0,0.9747596383094788,0.86,0.96861
2wn9,0.5833343267440796,0.9772968424086171,0.9484962224960327,0.10,0.86267
2wnj,1.1440590620040894,0.9561655063826331,0.8652777671813965,0.14,0.61211
2wnl,6.189536094665527,0.0,0.2785714268684387,0.01,0.26629
2wo8,0.4959636628627777,0.9881782121407383,0.9698085188865662,0.26,0.87725
2won,0.31506451964378357,0.9661329605289375,0.9936327338218689,-0.05,0.89194
2woq,0.6743268966674805,0.990193139565413,0.9373649954795837,-0.17,0.75759
2wp1,10.153366088867188,0.9499441019970783,0.3173076808452606,-2.89,0.07529
2wpa,1.0318807363510132,0.8982784132065184,0.8727647662162781,1.21,0.959
2wpb,1.9067507982254028,0.0,0.7070815563201904,-0.97,0.27057
2wq4,0.9813724756240845,0.05178207752141721,0.8542435169219971,-0.76,0.44937
2wqp,0.6482678651809692,0.9555290468402878,0.9199867248535156,-0.72,0.74198
2wr8,30.2812557220459,0.008064032849916716,0.0,-1.56,0.03253
2wsx,0.48947873711586,0.9204487836344853,0.9686411023139954,0.44,0.68947
2wtc,0.9074450135231018,0.9272628465928774,0.9034369587898254,-0.45,0.63687
2wtj,0.6314657330513,0.9730050681764345,0.9293388724327087,-0.23,0.8394
2wtx,1.5377062559127808,0.0,0.7471561431884766,-0.49,0.66151
2wuf,1.636057734489441,0.0,0.7385550737380981,-0.49,0.69496
2wuu,2.4320478439331055,0.9277305529132845,0.6339195966720581,-1.46,0.08218
2wvt,0.8202285170555115,0.9638168581429777,0.9021276831626892,-0.60,0.86839
2wvz,0.7817046046257019,0.0,0.9077908992767334,-0.38,0.77774
2ww2,0.8628131747245789,0.959572078618472,0.9096572995185852,-0.17,0.85593
2wwj,1.979245901107788,0.0,0.75,-0.07,0.18624
2wxj,0.977141797542572,0.9152755482435638,0.8672707676887512,0.03,0.61707
2wxk,0.7715543508529663,0.9711459067014585,0.9319018125534058,0.27,0.63265
2wxn,1.5139715671539307,0.9431756967356013,0.8129058480262756,0.41,0.45316
2wxv,0.6789643168449402,0.9772897146280298,0.9342465996742249,0.48,0.81765
2wyf,2.4905545711517334,0.0,0.7676659822463989,-1.27,0.36423
2wyg,1.6236315965652466,0.9408357167778078,0.8096280097961426,0.25,0.69249
2wyi,0.5761386752128601,0.0,0.9359410405158997,-0.31,0.92
2wyj,0.7504656314849854,0.9304635401712098,0.9353396892547607,0.46,0.68638
2wyn,2.0858426094055176,0.0,0.6956745386123657,-0.79,0.29541
2wzf,0.7435895800590515,0.9403765781277339,0.9292993545532227,-0.06,0.47564
2wzm,2.1962690353393555,0.06394374315562842,0.6619521975517273,-0.71,0.65282
2wzy,2.5999596118927,0.0,0.5413222908973694,-3.09,0.05392
2x00,1.8482986688613892,0.8639455208495312,0.6921921968460083,-1.38,0.2423
2x09,0.9741396903991699,0.910647918702713,0.8830897808074951,0.63,0.71536
2x2c,4.023464202880859,0.8199426643901643,0.4238660931587219,-3.90,5e-05
2x2k,0.5799292325973511,0.9609592114250988,0.9535573124885559,0.35,0.73133
2x2l,0.9716045260429382,0.9474116448233966,0.8914048075675964,-0.17,0.41227
2x2r,0.4773390293121338,1.0,0.9708850979804993,-0.60,0.92523
2x39,1.3070800304412842,0.9106733916674549,0.8380408883094788,0.08,0.51106
2x3t,1.3602455854415894,0.0,0.8075539469718933,-2.03,0.45312
2x4o,4.238393783569336,0.0,0.48143813014030457,-3.62,0.11937
2x4r,5.330179691314697,0.0,0.3259868323802948,-3.51,0.01907
2x4s,5.148331165313721,0.0,0.3825259506702423,-3.20,0.07241
2x4t,3.7731540203094482,0.0,0.5084667205810547,-3.42,0.11697
2x4u,4.746143817901611,0.0,0.41732802987098694,-3.76,0.00072
2x4z,0.6785789728164673,0.9282800057419842,0.9381281137466431,-0.17,0.65637
2x52,3.4195120334625244,0.02257517297573901,0.5740313529968262,-3.25,0.49665
2x6e,0.7852422595024109,0.9876733213258384,0.9431547522544861,0.11,0.74271
2x6f,0.44973281025886536,0.0,0.8847184777259827,0.01,0.51683
2x6i,0.34106454253196716,0.9886406386488271,0.9926778078079224,0.40,0.7084
2x6j,0.5516393780708313,0.977381508926363,0.9526813626289368,0.10,0.48386
2x6w,,,,-2.25,0.11255
2x6x,5.527641773223877,0.8700090402587435,0.33264651894569397,-2.56,0.01828
2x6y,1.9390974044799805,0.8861437386762117,0.7186885476112366,-2.33,0.04655
2x7c,1.554998517036438,0.0,0.7366864085197449,-0.12,0.77583
2x7d,1.7262877225875854,0.9176573893717621,0.687841534614563,-0.54,0.65802
2x7s,2.915125608444214,0.9231560713863532,0.6290716528892517,-0.31,0.71584
2x7t,1.4731031656265259,0.9166619371160144,0.8108108043670654,-0.26,0.71468
2x7x,3.4693570137023926,0.9090722117494198,0.5305980443954468,-0.11,0.7314
2x81,0.7504253387451172,0.907326526597347,0.912216305732727,0.16,0.33356
2x85,2.2302966117858887,0.9214098664545506,0.7360594868659973,-2.37,0.04582
2x8d,0.27708983421325684,0.9861675103952389,0.9981435537338257,0.55,0.9552
2x8e,0.3718269169330597,1.0,0.9881404042243958,0.71,0.60902
2x8i,0.621748685836792,0.9238449555008513,0.936956524848938,0.18,0.79871
2x8z,0.9915939569473267,0.9699035819555673,0.8662790656089783,0.59,0.83686
2x97,0.8105699419975281,0.9658148031336226,0.9262632131576538,-0.27,0.30957
2x9e,0.8178921937942505,0.9442992180275201,0.9448732137680054,-0.24,0.58856
2xab,1.1513251066207886,0.9484288057720667,0.8874198794364929,-0.28,0.71264
2xae,0.6781375408172607,0.0,0.9172437787055969,-0.28,0.83234
2xaf,1.6376677751541138,0.9272978117936171,0.7524541020393372,-0.40,0.49223
2xag,1.967402696609497,0.9282979042141808,0.7163621187210083,-0.88,0.40611
2xah,2.0067222118377686,0.9202955661361715,0.7217122316360474,-0.25,0.74504
2xaj,1.4775302410125732,0.9182155882571463,0.7788503766059875,-0.50,0.60498
2xaq,1.0591113567352295,0.9597785411978388,0.8907702565193176,-0.62,0.69764
2xas,3.0347111225128174,0.8543713731786703,0.655701756477356,-1.16,0.4484
2xb7,0.7610906958580017,0.9765956833302013,0.973042368888855,-0.39,0.92315
2xb8,1.20657479763031,0.9727811000460127,0.8271918892860413,0.25,0.78023
2xb9,1.0987234115600586,0.967941787051354,0.8484176993370056,0.25,0.83558
2xbj,1.649750828742981,0.9509882352654897,0.8285123705863953,-0.27,0.44905
2xbx,0.8264240622520447,0.95082763653483,0.9172727465629578,0.45,0.76323
2xc0,0.4990009665489197,0.9805260074587238,0.9647519588470459,0.68,0.79684
2xc4,0.5383167862892151,0.9707712332458502,0.9712148904800415,0.67,0.94641
2xch,1.0719685554504395,0.9404065077781819,0.8382740616798401,0.22,0.178
2xcn,1.8915975093841553,0.8896222421134748,0.7859228849411011,0.80,0.82576
2xcs,11.346386909484863,0.8017944702619059,0.02963194064795971,-2.41,0.13309
2xd6,1.5655895471572876,0.8849176946334231,0.7287999987602234,-1.28,0.60021
2xd9,0.214864581823349,0.989375768611017,1.0,1.50,0.96012
2xda,1.1042996644973755,0.9865497613460936,0.8727830648422241,0.90,0.88368
2xdk,0.5772563219070435,0.977000616656896,0.9480712413787842,0.11,0.70566
2xdl,0.7417988181114197,0.9346862491207771,0.921842634677887,-0.35,0.63248
2xdm,1.3989136219024658,0.0,0.8087406158447266,0.07,0.53021
2xdw,6.880020618438721,0.5214228643908697,0.18266171216964722,-1.30,0.23899
2xej,3.317941188812256,0.8171765925835777,0.806921660900116,-1.24,0.55238
2xel,0.7885708808898926,0.9040641748447467,0.9276315569877625,-0.90,0.07949
2xez,0.5884467959403992,0.9573842702249824,0.9358407258987427,0.35,0.26405
2xf0,0.4047810137271881,1.0,0.9664328694343567,0.64,0.25273
2xfi,0.8588094115257263,0.9837105496052871,0.8882259130477905,0.11,0.72967
2xfj,0.7923186421394348,0.9761844073088131,0.9060062170028687,0.40,0.77943
2xg5,11.441743850708008,0.3135628950870214,0.12531250715255737,-2.57,0.01451
2xg9,2.548038959503174,0.9335396990937278,0.6815008521080017,-0.69,0.53015
2xgm,0.2457902878522873,0.9685005693596543,1.0,-0.01,0.83678
2xgo,2.001551628112793,0.9125989041605846,0.7904320955276489,-1.44,0.33767
2xgs,0.48072877526283264,0.0167582507346419,0.9534510374069214,-0.05,0.89836
2xh5,1.4352880716323853,0.9220512040687725,0.7660760879516602,-0.14,0.57734
2xhm,0.9547219276428223,0.9570316226461284,0.8837988972663879,-0.69,0.55275
2xhr,1.2259129285812378,0.9218663455916956,0.8439626097679138,-0.67,0.61707
2xhs,,,,-3.32,0.27107
2xht,0.5789980888366699,0.9792425954229886,0.9407767057418823,-0.16,0.48222
2xhx,1.2289299964904785,0.9455746594096943,0.8133012652397156,-0.08,0.54578
2xi7,0.6998577117919922,0.01663097022799093,0.9663461446762085,0.38,0.69317
2xib,0.716635525226593,0.0,0.945569634437561,0.07,0.98151
2xii,0.7598025798797607,0.0,0.9083557724952698,-0.83,0.8684
2xix,3.784714698791504,0.7628013904648157,0.4618181884288788,0.11,0.79776
2xiz,0.3311328887939453,0.9879461442757949,0.9975247383117676,0.78,0.80403
2xj1,0.9842347502708435,0.9563516160093285,0.8683643937110901,0.32,0.89152
2xj2,1.8626456260681152,0.9221189432957316,0.7807080745697021,-0.20,0.64423
2xj7,0.9296714067459106,0.0,0.8861019611358643,0.49,0.81929
2xjg,0.6216773986816406,0.9381033917917542,0.9251618385314941,0.03,0.81925
2xjj,0.9384424090385437,0.0,0.8852847814559937,-0.05,0.22976
2xk1,0.7677863836288452,0.9456179470901659,0.9093511700630188,-0.26,0.16764
2xk3,0.9291824102401733,0.9598370230222039,0.8705287575721741,-0.16,0.73664
2xk4,0.7219208478927612,0.9509193261839238,0.9417197704315186,-0.25,0.76648
2xk7,0.9627772569656372,0.9596235319323928,0.9175295829772949,-0.15,0.91038
2xk8,0.8031695485115051,0.9486654238778742,0.9148010015487671,-0.41,0.92741
2xkc,0.6608089804649353,0.9611914631695312,0.9649999737739563,0.07,0.98423
2xl2,37.39752197265625,0.0,0.0,-3.23,0.19243
2xl3,19.502321243286133,0.0,0.04229990020394325,-3.03,0.07266
2xlc,,,,0.04,0.16179
2xln,0.8951364755630493,0.0,0.906050980091095,-0.55,0.56341
2xm1,0.7635220289230347,0.0,0.9232625365257263,0.26,0.87019
2xm2,0.9927187561988831,0.0,0.8902116417884827,0.38,0.84604
2xml,0.1966370791196823,1.0,1.0,0.49,0.73704
2xn3,0.9567427635192871,0.9311484402247155,0.8702290058135986,0.46,0.70016
2xnb,0.7303668856620789,0.9878833343202804,0.921595573425293,0.43,0.85411
2xne,0.9257107377052307,0.9579604896080088,0.9667721390724182,0.19,0.72797
2xni,1.5724456310272217,0.9459194686320253,0.7545180916786194,-0.40,0.13053
2xnm,1.8426883220672607,0.8974583142818578,0.7822234034538269,-0.48,0.43309
2xno,0.8678988218307495,0.9391031193827744,0.9313077926635742,-0.30,0.62957
2xnp,0.7579637169837952,0.9275629049139936,0.9245714545249939,-0.35,0.78138
2xo8,,,,-0.50,0.06903
2xow,0.5993562340736389,0.9883203439313378,0.9501915574073792,-0.45,0.63373
2xp2,1.3171335458755493,0.9305418403291886,0.8218978047370911,-0.92,0.36043
2xp3,0.33681806921958923,0.9855368563141792,0.9950494766235352,0.41,0.68729
2xp4,0.7841212153434753,0.955762287867276,0.9007537961006165,0.33,0.57608
2xp5,0.22138652205467224,0.9860123560904109,0.999315083026886,0.51,0.57399
2xp6,0.3908315896987915,0.9722200196952772,0.982375979423523,0.71,0.74506
2xp8,0.5756966471672058,1.0,0.9502164721488953,0.06,0.44012
2xpa,0.5126603245735168,0.9574824500189619,0.9675052165985107,0.04,0.38081
2xpb,0.3600785732269287,0.9725633978752605,0.9937388300895691,0.05,0.87054
2xpc,1.5173474550247192,0.93092675069664,0.7871951460838318,-1.05,0.50017
2xqq,10.618897438049316,0.06717338335787491,0.2461969554424286,-1.88,0.25054
2xrw,49.97198486328125,0.0,0.0,-3.30,0.0944
2xsb,0.8875164985656738,0.9514595664403225,0.9150110483169556,0.44,0.88261
2xtn,1.7446948289871216,0.9739753276002189,0.7897561192512512,-0.12,0.67347
2xto,1.3346015214920044,0.9607362138498062,0.8396674394607544,-0.01,0.5023
2xu1,0.7776960730552673,0.9674548055925216,0.8930602669715881,0.96,0.61084
2xu3,1.186719298362732,0.9887636294479178,0.8483371734619141,0.89,0.62318
2xu4,0.8732162714004517,0.9654409052278641,0.8910800814628601,0.76,0.40384
2xu5,0.9146422147750854,0.9662569751483387,0.8911339044570923,0.84,0.20879
2xup,2.478807210922241,0.8526234727174047,0.6519476175308228,-1.40,0.19509
2xuz,1.2438805103302002,0.9686186162631467,0.8948412537574768,-1.22,0.07267
2xv1,0.6205700635910034,0.9787287174624439,0.9265850782394409,-1.29,0.12241
2xwd,0.5167562365531921,0.9423425886835864,0.9659961462020874,0.06,0.93638
2xwe,1.2531055212020874,0.9077516867769134,0.8090766668319702,-0.95,0.81073
2xx2,1.7193379402160645,0.0,0.6814194321632385,-0.56,0.3923
2xx4,1.4319735765457153,0.9134628689951525,0.7928870320320129,0.00,0.58486
2xxn,,,,-3.39,0.30341
2xxr,6.650388717651367,0.46289239202486554,0.24142156541347504,-4.64,0.25554
2xxt,0.7101225256919861,0.951346630222563,0.9409368634223938,0.87,0.9447
2xxw,15.114460945129395,0.1688395507370661,0.01246334332972765,-0.38,0.39555
2xxx,14.36463737487793,0.17741681186122574,0.013532763347029686,-0.24,0.70525
2xxy,0.6172469258308411,0.0,0.9554794430732727,0.71,0.85443
2xy9,0.7757586240768433,0.9521984725262983,0.9296744465827942,-0.62,0.43334
2xyd,1.0753408670425415,0.916736973790688,0.8643973469734192,-0.65,0.68407
2xyt,6.132342338562012,0.0,0.5286716222763062,-1.19,0.54725
2xyu,0.7450493574142456,0.9656055457760722,0.931775689125061,0.52,0.39672
2xz5,0.35024580359458923,0.0,1.0,0.21,0.9437
2xzc,,,,-1.60,0.37848
2xzw,7.253769874572754,0.0,0.17701049149036407,-0.43,0.21033
2y06,9.584648132324219,0.7280657247077367,0.08568824082612991,-2.63,0.03567
2y07,,,,-2.94,0.00123
2y1x,0.958767831325531,0.9556660542100816,0.8579027652740479,-0.32,0.51352
2y2h,0.3819620907306671,0.0,0.9897849559783936,-0.02,0.49648
2y2j,1.8331708908081055,0.9233088381559134,0.798113226890564,0.07,0.65941
2y2k,0.3891879618167877,0.9774668816001416,0.9958419799804688,-0.29,0.49488
2y2p,0.7597400546073914,0.9337595910001951,0.9218472242355347,-0.42,0.2609
2y36,14.062675476074219,0.6185078759119793,0.18772509694099426,-3.07,0.05872
2y4k,1.8886380195617676,0.028390570678916694,0.8009036183357239,-0.71,0.22798
2y4l,1.1112565994262695,0.9215298804388949,0.8801887035369873,-0.62,0.45334
2y4m,1.2752562761306763,0.9473687802517627,0.8251634240150452,-0.71,0.6099
2y4s,2.810244560241699,0.8622171639453944,0.5922523736953735,-3.06,0.01127
2y54,0.9238453507423401,0.0,0.8629912734031677,0.47,0.69287
2y55,,,,-0.37,0.6032
2y56,0.9301005005836487,0.0,0.8727959990501404,0.07,0.71195
2y57,0.8749969005584717,0.0,0.9116102457046509,0.10,0.73445
2y5f,2.0595128536224365,0.9004262390228007,0.730088472366333,-0.63,0.49981
2y5g,1.153156042098999,0.9412622698815247,0.9490172266960144,-0.50,0.95467
2y5h,1.288539171218872,0.9324011026226937,0.8637173175811768,-0.15,0.91319
2y5k,1.951351284980774,0.3883902286331305,0.8229166865348816,-0.80,0.61034
2y5l,0.5598182678222656,0.9406354034721899,0.962598443031311,0.26,0.76982
2y6d,1.9113168716430664,0.9031678364297482,0.7211538553237915,-0.72,0.63171
2y6o,1.810255527496338,0.9355552593251346,0.7589605450630188,-0.15,0.4691
2y6s,,,,-3.59,0.06409
2y76,1.573251485824585,0.9703638964413622,0.8346100449562073,-0.19,0.44104
2y7i,1.4659415483474731,0.0,0.7854201197624207,-3.39,0.72559
2y7k,0.31825754046440125,0.010863754068146743,1.0,-0.43,0.6816
2y7p,0.15835919976234436,0.9742176205527536,1.0,-0.17,0.80265
2y7w,0.8307870626449585,0.9597577514432825,0.8976648449897766,-0.47,0.6852
2y7x,1.710599660873413,0.9394424730730895,0.7910194396972656,0.34,0.82155
2y7z,0.6549668908119202,0.9289129498260842,0.9380208253860474,0.18,0.61039
2y80,1.370073914527893,0.8990841857043383,0.8102766871452332,0.18,0.57747
2y82,0.8490197062492371,0.9498660295501938,0.906408965587616,0.22,0.67808
2y8c,0.7291840314865112,0.060435329549062694,0.9355280995368958,-1.37,0.15279
2y8i,14.964069366455078,0.43621761900317446,0.16927480697631836,-1.43,0.07988
2y8l,12.726123809814453,0.36841967893876437,0.07701914757490158,-1.02,0.21044
2y8o,,,,-2.57,0.62592
2y8q,15.589896202087402,0.19745762177857654,0.05534825846552849,-0.50,0.81753
2y9g,2.988304853439331,0.8705987014419101,0.5962671637535095,-2.03,0.70682
2ya6,0.9135236144065857,0.9307059666114786,0.8971843123435974,0.65,0.87628
2ya8,1.4059733152389526,0.0,0.8192090392112732,0.76,0.58853
2yac,0.7791257500648499,0.942889916653864,0.9339080452919006,0.37,0.56853
2yay,1.8742071390151978,0.9390531226609277,0.7678571343421936,-1.16,0.0412
2yaz,0.5655490159988403,0.0,0.9564120769500732,0.04,0.92725
2yb0,0.38994672894477844,0.9786988409630035,0.9819859266281128,0.21,0.98757
2yb9,0.7801902294158936,0.9572793310385779,0.9170792102813721,0.17,0.58231
2ybp,1.9047167301177979,0.9131010760592737,0.7722222208976746,0.37,0.85649
2ybs,0.18292249739170074,0.0,0.9972144961357117,0.55,0.90876
2yc0,0.3514878749847412,0.9777828897321224,0.9917218685150146,0.47,0.95071
2yc3,0.36476320028305054,0.9888367951040425,0.9934006333351135,-0.12,0.80563
2yc5,0.8844876289367676,0.9242809999211948,0.8827404379844666,-0.24,0.67402
2ych,0.7843817472457886,0.9656386931287885,0.9039818644523621,-0.23,0.60903
2yde,0.4677598476409912,0.989026580182679,0.9741379022598267,0.59,0.96543
2ydi,0.5007510185241699,0.9866596846490315,0.9889847040176392,0.05,0.52851
2ydj,1.0522356033325195,0.0,0.8589466214179993,0.55,0.77951
2ydk,0.4877494275569916,0.9873267574284431,0.9827044010162354,0.87,0.97195
2ydm,0.925652265548706,0.9693411567126707,0.8853427767753601,0.22,0.57617
2ydo,2.0914344787597656,0.9438870606123928,0.698113203048706,0.68,0.75826
2ydt,0.5215489864349365,0.9440077607977756,0.9641560912132263,0.04,0.58879
2ydv,1.1834708452224731,0.9567816083469288,0.8425644636154175,0.53,0.77069
2ydw,0.8281977772712708,0.9834162485126567,0.9068708419799805,-0.71,0.25017
2yem,1.290145754814148,0.9223772970344336,0.7829968929290771,-0.94,0.20528
2yer,0.30410870909690857,1.0,0.9991438388824463,0.86,0.79668
2yex,0.5334409475326538,0.9579924670355028,0.9546247720718384,0.90,0.40883
2yfa,0.2619997262954712,0.9849715212484805,0.9939024448394775,-0.03,0.74141
2yfx,1.3820720911026,0.9191824314402768,0.8414368629455566,-0.61,0.59653
2yg2,,,,-0.60,0.54939
2yga,2.2968978881835938,0.9018588479196178,0.6260234117507935,-1.77,0.6822
2yge,1.8682169914245605,0.9287328503063622,0.6805225610733032,-1.99,0.62737
2ygf,2.451355218887329,0.8848725713943839,0.5873362421989441,-2.39,0.66228
2ygu,2.0939204692840576,0.0,0.6320754885673523,-0.45,0.48073
2yhd,19.150808334350586,0.14009327691068355,0.0016685206210240722,-0.86,0.25749
2yhw,1.2150850296020508,0.9584488721334536,0.8531818389892578,-0.58,0.59295
2yhy,1.0562719106674194,0.9584924994856484,0.8782528042793274,-0.67,0.63209
2yi5,0.8936868906021118,0.9039978552148022,0.9295709133148193,-0.27,0.87426
2yig,2.321310520172119,0.9057442600805219,0.7325158715248108,-0.39,0.61137
2yiq,0.7410554885864258,0.9879342315310431,0.9113429188728333,-0.59,0.77364
2yiv,17.817758560180664,0.11192230467378698,0.0,-1.12,0.3053
2yj9,0.9473407864570618,0.9663489729964201,0.8672360181808472,0.70,0.68569
2yjb,1.088747262954712,0.9668866804575929,0.8596757650375366,0.70,0.11431
2yjc,1.1380417346954346,0.9340045579418734,0.8600109815597534,0.77,0.02777
2yjq,,,,-1.64,0.13416
2yjw,0.22959303855895996,0.966295927469074,1.0,0.75,0.95733
2yjx,0.787781834602356,0.9142328272047707,0.9054232835769653,0.14,0.45232
2yk1,1.4956603050231934,0.9762470495912304,0.7617481350898743,0.49,0.54434
2yk9,0.7330722212791443,0.9469933445440347,0.9040470123291016,-0.23,0.76305
2ykb,1.378245234489441,0.9196521443887226,0.7868731617927551,0.22,0.75749
2yke,2.0442869663238525,0.9730184353295449,0.7269357442855835,0.29,0.8215
2yki,1.7115620374679565,0.9732772306118679,0.8200808763504028,0.27,0.62663
2ykj,1.3362689018249512,0.9474123377750499,0.7917827367782593,-0.13,0.48852
2ylc,,,,-1.64,0.08017
2yln,3.5289058685302734,0.7488616094586079,0.51474529504776,-0.16,0.70303
2ylo,1.2366491556167603,0.9806690432084963,0.8748142719268799,-0.88,0.23148
2ylp,1.7416647672653198,0.9436943446542482,0.7818021178245544,-0.99,0.65871
2ym4,0.9557141661643982,0.9070364365367272,0.9159544110298157,0.45,0.97544
2ym6,0.6182565093040466,0.9505416611735208,0.9461538195610046,0.38,0.76528
2ym8,0.7206926941871643,0.9738048205999483,0.9273415803909302,-0.28,0.57682
2ymd,0.12102729082107544,0.0,1.0,0.82,0.8935
2ymt,7.325555801391602,0.6081777878686219,0.3029075264930725,-1.87,0.0539
2ynd,0.5708763003349304,0.0,0.9462401270866394,-0.63,0.69631
2ynn,9.473221778869629,0.8174278069265691,0.1376221477985382,-2.77,0.15275
2ynr,,,,-2.57,0.00057
2yns,,,,-2.97,0.00208
2yof,0.9433993697166443,0.0,0.8829522728919983,-0.86,0.27058
2yog,0.9520714282989502,0.9355359759542806,0.9239726066589355,-0.76,0.17943
2yoj,0.4171571731567383,0.0,0.982119619846344,0.68,0.83287
2yol,6.952493190765381,0.9242728739820992,0.3080786168575287,-1.92,0.28393
2ypi,0.35436466336250305,0.0,0.9727653861045837,0.15,0.98063
2ypo,29.926542282104492,0.0,0.0,-0.24,0.58095
2ypp,5.795840263366699,0.0,0.30559757351875305,-0.11,0.68874
2yq6,25.60224151611328,0.3579889776155287,0.0,-3.35,0.20939
2yz3,0.7923417687416077,0.9738214487551995,0.9233766198158264,0.11,0.88686
2z1w,0.3368059992790222,0.9786621168067636,0.9954648613929749,0.32,0.94737
2z3z,1.5492795705795288,0.9275917175209725,0.7834821343421936,-0.81,0.5415
2z4r,1.141444206237793,0.0,0.8571811318397522,-0.09,0.80188
2z4w,0.9161133766174316,0.948168745437038,0.9288294911384583,-0.80,0.3084
2z4y,0.3733656108379364,0.9912684186193785,0.9888059496879578,-1.06,0.62938
2z4z,0.608047604560852,0.9779434134694331,0.9401125311851501,-0.67,0.80632
2z50,0.7163295745849609,0.009195584308909432,0.8953313231468201,-1.19,0.55721
2z52,0.7093223333358765,0.9390591096362054,0.9136960506439209,-1.17,0.77271
2z5o,4.1906280517578125,0.8253936388248496,0.35678210854530334,-3.06,0.20535
2z5t,,,,-3.10,0.19081
2z60,0.9075257182121277,0.9764945508482407,0.9198520183563232,-0.28,0.73285
2z6w,3.8736021518707275,0.8849170578798871,0.5293866991996765,-3.38,0.00104
2z7h,6.0404253005981445,0.6496409710355443,0.4095127582550049,-0.92,0.70148
2z7i,0.878472089767456,0.9167692072885015,0.8817991614341736,-0.78,0.51573
2z8e,,,,-1.01,0.13588
2z92,1.2611576318740845,0.9294551669279842,0.8602856993675232,-0.45,0.27805
2z94,0.16553723812103271,1.0,1.0,-1.63,0.89582
2z9g,0.46783021092414856,1.0,0.989130437374115,-0.17,0.68755
2za3,1.0611786842346191,0.9343568143000979,0.8592592477798462,-0.12,0.72291
2za5,0.9991737604141235,0.9249915111231458,0.8978040814399719,-0.63,0.41422
2zas,0.49884748458862305,0.970853409006484,0.9693675637245178,0.08,0.85331
2zaz,1.9093424081802368,0.9524914263353519,0.9030701518058777,-0.22,0.58651
2zc9,7.78633975982666,0.820866025311993,0.19620980322360992,-1.37,0.04778
2zcq,0.9888391494750977,0.9357376198476706,0.8784194588661194,-1.33,0.50896
2zdt,0.49013572931289673,0.9628596185668599,0.9713438749313354,0.35,0.98432
2zdx,0.3885992467403412,1.0,0.9868972897529602,0.66,0.93535
2zfp,3.0422353744506836,0.8875329632892266,0.7023141384124756,-0.77,0.65772
2zg1,1.1030032634735107,0.9511319423834338,0.8464095592498779,-1.04,0.35819
2zg3,,,,-0.97,0.4256
2zga,4.308579921722412,0.8304380351773074,0.650696873664856,-1.16,0.74053
2zgm,2.360135555267334,0.0,0.7671459913253784,-1.89,0.55075
2zjw,4.486294746398926,0.795561524808713,0.3841632008552551,-0.63,0.54922
2zkj,1.3008917570114136,0.007603684099734046,0.804651141166687,0.04,0.40242
2zlf,32.61735916137695,0.025825071160392735,0.0,-2.75,0.28292
2zmj,0.5605135560035706,0.9848898698318509,0.9567757248878479,0.05,0.95023
2zmm,0.8213062286376953,0.9413099033392591,0.9131016135215759,0.11,0.85209
2zn7,1.487306833267212,0.9414640096388018,0.899935245513916,-0.11,0.37237
2zns,0.7738057971000671,0.9497596160792542,0.9099525809288025,-3.80,0.6996
2znt,0.6642730236053467,0.9631514441347381,0.9464524984359741,0.65,0.96637
2zof,0.7445254921913147,0.9605170961946043,0.938707709312439,-0.10,0.97347
2zq0,2.411742687225342,0.9321206471924317,0.6459349393844604,-1.40,0.50676
2zsc,0.7594785094261169,0.05530115619182211,0.9173553586006165,-0.10,0.93351
2zu3,2.0365898609161377,0.9452866021799022,0.7244376540184021,-0.33,0.30327
2zu4,4.714372158050537,0.9138626797554931,0.6699010729789734,-0.91,0.85985
2zu5,1.0457762479782104,0.9447527054773321,0.89673912525177,-0.79,0.72507
2zva,0.8588460087776184,0.9495176826404086,0.9412955641746521,0.17,0.30611
2zvj,0.4586058259010315,0.9849151126238025,0.9952493906021118,0.57,0.91372
2zwz,0.7803940773010254,0.9049320198507944,0.9090436697006226,-0.30,0.91461
2zx7,1.4535462856292725,0.883436166958254,0.8111110925674438,-0.39,0.86222
2zx9,3.51198148727417,0.9128924421401026,0.6379013657569885,-0.10,0.87934
2zxa,0.8130905032157898,0.0,0.8997201323509216,-0.12,0.95518
2zxb,1.2396653890609741,0.9601125133731422,0.812841534614563,0.16,0.87642
2zxd,0.7784903645515442,0.9470376887742817,0.9144444465637207,-0.30,0.95225
2zxg,1.1087359189987183,0.958988998215445,0.8558052182197571,-0.61,0.4971
2zy1,0.7666568160057068,0.9517019242539903,0.9104938507080078,-1.05,0.57411
2zym,7.212862014770508,0.9093423142043574,0.2776542603969574,-2.10,0.14136
2zyn,8.034706115722656,0.9203691770549938,0.21081621944904327,-2.50,0.4593
2zz1,0.7064676284790039,0.9467335507656139,0.9427909851074219,-0.16,0.95294
2zz2,1.5153677463531494,0.04501275097772035,0.7569781541824341,-0.63,0.65881
2zz6,1.11431884765625,0.028594141105181627,0.8721088171005249,-0.34,0.56643
3a1c,1.1190236806869507,0.01029482347348371,0.8117154836654663,-0.70,0.87221
3a1d,1.3297715187072754,0.9201805985285233,0.7690504193305969,-0.66,0.43761
3a1e,1.1206514835357666,0.9441704530196187,0.8363636136054993,-0.72,0.27415
3a1s,1.1038858890533447,0.8844772766830561,0.8755943179130554,-0.34,0.68959
3a1t,0.808358907699585,0.9694590585288272,0.9648829698562622,-0.14,0.85155
3a29,0.20026162266731262,0.9861885042586394,1.0,0.43,0.62234
3a2o,0.9201175570487976,1.0,0.8842203617095947,-0.65,0.14293
3a3y,1.711315393447876,0.8620876677669713,0.6775956153869629,-1.70,0.56726
3a4p,0.8056564331054688,0.9451205315080351,0.9162198305130005,0.04,0.17398
3a6t,0.6638495326042175,0.9879295527438383,0.9636363387107849,0.18,0.92584
3a9i,6.910067558288574,0.48196749872460476,0.26216214895248413,-1.24,0.62659
3abt,1.3684784173965454,0.9288362417559449,0.8128370046615601,-0.06,0.68166
3abu,2.6655733585357666,0.9350967831427249,0.6443613171577454,-0.90,0.1037
3adv,3.977814197540283,0.9019674691553288,0.481376975774765,-0.20,0.09913
3afk,,,,-1.60,0.19511
3ah8,9.569171905517578,0.5793489307377452,0.11880630999803543,-3.74,0.08146
3ahn,4.705686569213867,0.0,0.4819102883338928,-0.52,0.31347
3aho,1.7541136741638184,0.8454227471826273,0.815129816532135,-0.74,0.26106
3aid,1.7307348251342773,0.9272936246845165,0.7223451137542725,-0.89,0.56944
3aig,1.5302129983901978,0.9262882152274912,0.7622573971748352,-0.07,0.61858
3aje,0.835416853427887,0.8805571135531688,0.9178370833396912,-3.85,0.87768
3alt,36.408935546875,0.0,0.0,-2.24,0.78583
3amb,1.6571910381317139,0.8487385595166783,0.8194282650947571,-0.19,0.59368
3amv,0.912555992603302,0.9597456937236669,0.9043321013450623,-1.01,0.21616
3anq,1.9417054653167725,0.0,0.7014315128326416,0.06,0.37317
3anr,0.9050817489624023,0.9264750393525603,0.8973799347877502,0.56,0.67998
3ans,0.6701306700706482,0.9159220307664642,0.9244094491004944,-0.06,0.88445
3ant,1.2523149251937866,0.0,0.8308538198471069,-0.59,0.52433
3ao1,0.43665170669555664,0.20234379469831854,0.9616833925247192,-0.09,0.898
3ao2,1.3924890756607056,0.24433773502328843,0.7999160885810852,-0.28,0.1732
3ao4,0.18238279223442078,0.19705334312965636,1.0,0.00,0.87258
3ao5,1.9528824090957642,0.25379730913904386,0.7910216450691223,-0.29,0.19796
3aox,1.573813796043396,0.8530425768021126,0.8422496318817139,-0.73,0.60757
3ap4,2.7055869102478027,0.0,0.6150881052017212,-2.12,0.5321
3ap7,5.51328706741333,0.7676398146753417,0.3301596939563751,-2.95,0.011
3aqt,0.21182473003864288,1.0,1.0,-0.16,0.83743
3ara,1.67946457862854,0.9023648934002896,0.8050239086151123,-1.42,0.66339
3arb,1.483405590057373,0.9057536449389229,0.7883424758911133,-0.15,0.66406
3ard,1.2300567626953125,0.9573868673718221,0.8053769469261169,-0.13,0.51443
3are,1.2108107805252075,0.9673419707712537,0.8094892501831055,-0.30,0.19487
3arf,11.442112922668457,0.8817906233401502,0.29546502232551575,-0.58,0.34348
3arg,1.3252073526382446,0.9426381020944808,0.7940102219581604,-0.65,0.38789
3arn,0.6145505309104919,0.9721293348051462,0.970588207244873,-0.89,0.55606
3arx,0.7467877864837646,0.9690589762030214,0.9256386756896973,0.29,0.83717
3ary,2.4734816551208496,0.7614670366315252,0.7371951341629028,-0.47,0.72249
3ask,,,,-3.28,0.00028
3asl,,,,-2.73,0.20223
3at1,0.2879696190357208,1.0,1.0,0.23,0.93969
3at4,0.7588895559310913,0.976072990389773,0.9560906291007996,0.29,0.93962
3ati,0.16264444589614868,0.9874083843044389,1.0,0.12,0.96088
3atk,0.59434574842453,0.9743626547398649,0.9407467246055603,0.33,0.93676
3atm,0.21300727128982544,1.0,1.0,0.61,0.91467
3atp,8.642224311828613,0.20061294467135554,0.19183672964572906,-1.00,0.36323
3atu,1.0000174045562744,0.929753587070903,0.8510584831237793,0.04,0.59104
3atv,0.9937821626663208,0.9389168242568275,0.8658906817436218,0.32,0.79654
3atw,,,,-0.98,2e-05
3au6,3.1529157161712646,0.8401990811245571,0.4963199198246002,-1.52,0.1098
3av9,26.120264053344727,0.0,0.0004908376722596586,-2.57,0.0011
3ava,27.73816680908203,0.0,0.0,-2.69,0.00666
3avb,10.799051284790039,0.35538279284210755,0.2201438844203949,-2.95,0.02906
3avf,25.807294845581055,0.0,0.0,-2.91,0.00109
3avg,11.85130786895752,0.4924597882932956,0.16313868761062622,-2.76,0.01764
3avh,29.399343490600586,0.11883750062611201,0.0002092050272040069,-2.86,0.00528
3avi,30.217397689819336,0.017452261167770634,0.0,-3.27,0.00866
3avj,27.849063873291016,0.0,0.0,-2.94,0.00654
3avk,33.08421325683594,0.0,0.0,-3.07,0.00231
3avl,11.573173522949219,0.31606580553045566,0.18292683362960815,-3.19,0.06452
3avm,12.48873519897461,0.49371224750584847,0.10050071775913239,-3.00,0.01109
3avn,12.773998260498047,0.514327329894568,0.11185133457183838,-3.03,0.01176
3avz,5.161897659301758,0.9029196506990248,0.42140287160873413,-1.21,0.19963
3aw0,,,,-2.20,0.00025
3axk,14.898615837097168,0.4826202801279895,0.1341012567281723,-2.53,0.03291
3ay9,1.0070431232452393,0.9155973733378037,0.8643724918365479,0.27,0.75762
3aya,,,,-2.58,0.45225
3ayc,8.895297050476074,0.8810593651830685,0.07541321963071823,-3.20,0.59196
3b0w,2.5465087890625,0.9387505282540114,0.5844370722770691,-1.59,0.68544
3b1m,3.4165241718292236,0.9342154133450654,0.5746394991874695,-0.89,0.55569
3b1t,2.3727993965148926,0.9337211506942327,0.8324427604675293,0.30,0.30851
3b1u,0.9682602286338806,0.9230264561910411,0.8897415399551392,-0.05,0.19632
3b26,0.4411919414997101,0.979860836115011,0.9702268242835999,-0.17,0.7792
3b2t,2.2314538955688477,0.06177817687853514,0.7654798626899719,-0.61,0.74922
3b3c,0.5894045233726501,0.9639867685159382,0.949999988079071,0.51,0.72574
3b3s,3.015016794204712,0.7978559155066637,0.5196759104728699,-1.67,0.02814
3b3w,5.896162033081055,0.6082054293403717,0.36007463932037354,-1.06,0.1598
3b3x,0.6387465000152588,0.961276337754408,0.9479434490203857,-0.25,0.65842
3b50,1.2741329669952393,0.955757469822044,0.8233387470245361,-0.50,0.61452
3b65,1.168205976486206,0.9839809154544062,0.8519052863121033,0.40,0.86657
3b66,0.6580719351768494,0.9761549226711169,0.9356256723403931,0.44,0.70744
3b67,1.08444344997406,0.9837451478607536,0.8624260425567627,0.06,0.42622
3b7i,0.8964364528656006,0.9759176096831872,0.9164285659790039,0.47,0.78178
3b7r,1.1611491441726685,0.9081053134737869,0.875582754611969,-0.66,0.64269
3b7u,5.780957221984863,0.7081661274170068,0.5082237124443054,-0.49,0.64377
3b8q,0.6602302193641663,0.9549646306236479,0.9447527527809143,0.34,0.75402
3b8z,0.7532383799552917,0.0,0.8985148668289185,0.26,0.97838
3b92,1.600433349609375,0.929706129658463,0.7599264979362488,-0.21,0.81574
3b95,,,,-2.63,0.03305
3b9g,2.090653419494629,0.8782064166412297,0.7256795167922974,-0.04,0.16789
3b9s,1.456605076789856,0.9076777429759256,0.7413461804389954,0.36,0.15119
3bar,0.6707457304000854,0.027356781239449766,0.9422253966331482,-0.15,0.84224
3bb1,1.578270435333252,0.0,0.7618948221206665,0.14,0.40922
3bbf,0.9611226916313171,0.9619121127263278,0.8711755275726318,-0.89,0.50471
3bc4,18.483993530273438,0.2294443783734564,0.011419249698519707,-1.80,0.11507
3bc5,0.7867646813392639,0.9757284839242122,0.9146788716316223,-0.03,0.81762
3bcn,3.3885011672973633,0.9376906922014399,0.7067371010780334,-0.65,0.34979
3bcs,0.6949477195739746,0.941134513620593,0.9329172968864441,0.38,0.69439
3be9,0.6304413080215454,0.9874232929352807,0.938866138458252,0.67,0.93789
3bet,1.1181280612945557,0.9484192162191107,0.8966480493545532,0.23,0.29246
3bex,0.5301658511161804,0.003917579308261205,0.9602649211883545,-0.07,0.77265
3bf1,8.979653358459473,0.41129922114633366,0.18703855574131012,-0.56,0.38467
3bft,0.16077986359596252,0.0,1.0,0.97,0.96662
3bfu,0.24765431880950928,0.0,0.99947589635849,0.90,0.96836
3bg8,0.16745325922966003,1.0,1.0,0.00,0.60755
3bgq,1.0383013486862183,0.9201463549382235,0.8771056532859802,0.19,0.72012
3bgs,0.6183561682701111,0.9648656064814155,0.9580258131027222,0.10,0.8481
3bh3,0.19465526938438416,0.9882832553792776,1.0,-0.13,0.15686
3bhb,7.382899761199951,0.6645245234641597,0.20973625779151917,-3.39,0.01593
3bhx,0.5228231549263,0.9686591212639668,0.9787065982818604,0.35,0.77324
3bi0,0.7532652616500854,0.9844160169809897,0.9213768243789673,0.14,0.92575
3bim,27.64783477783203,0.0,0.028368083760142326,-3.30,0.00042
3biz,0.7949009537696838,0.9540550168537903,0.9398379325866699,-0.02,0.76002
3bjc,0.3859997093677521,0.9480820005318612,0.9923599362373352,-0.02,0.64043
3bjm,0.41527533531188965,0.0,0.9805699586868286,-0.40,0.64339
3bkk,1.1248258352279663,0.9603662049304986,0.8540164828300476,-0.01,0.67315
3bl0,0.2970737814903259,0.9886571165495461,0.9939576983451843,-0.02,0.4843
3bl2,13.808954238891602,0.37719713544364686,0.03135738894343376,-3.57,0.0001
3bla,0.45548102259635925,0.9896227186448003,0.981289803981781,0.22,0.95933
3bls,5.438950538635254,0.0,0.40893664956092834,0.01,0.2347
3blt,0.8759246468544006,0.9876236493656192,0.8962963223457336,0.13,0.74959
3blu,0.19527991116046906,0.9747519082068737,1.0,-0.04,0.77747
3bm6,1.0053900480270386,0.9669037299267342,0.86714768409729,-0.38,0.16222
3bm8,0.4427367150783539,0.945678094964298,0.9796037077903748,-0.00,0.73922
3bm9,0.5357303619384766,0.9347912421439207,0.9653699994087219,0.06,0.71876
3bmo,2.2796249389648438,0.0,0.7044444680213928,-0.62,0.70748
3bmq,0.6416487097740173,0.9417513656831964,0.9547872543334961,-0.48,0.39333
3bmy,2.032468318939209,0.9384169291369423,0.7845080494880676,-0.12,0.72364
3bpc,0.7746124863624573,0.9501232815149611,0.9049145579338074,-1.69,0.69713
3br9,1.1469601392745972,0.0,0.8170546293258667,-0.04,0.43976
3bra,0.33750981092453003,1.0,0.996052622795105,0.01,0.88532
3brn,0.4765438139438629,0.9591003789718094,0.9734848737716675,0.26,0.52081
3bti,0.558249831199646,0.9228708237110683,0.9774143099784851,-0.45,0.58852
3btr,,,,-3.48,0.00358
3bu1,0.29774007201194763,1.0,1.0,0.28,0.24644
3buf,1.2083451747894287,0.9486027326806662,0.8670886158943176,-0.19,0.57686
3bug,0.5299153327941895,0.9880635737625262,0.9712643623352051,0.21,0.94117
3buh,0.6374601125717163,1.0,0.9339762330055237,0.19,0.80106
3bum,,,,-2.92,0.02343
3bun,,,,-2.69,0.0022
3buw,,,,-4.16,0.00044
3bva,1.2848811149597168,0.9524855296373875,0.8631933927536011,-1.03,0.86122
3bx5,0.7323781847953796,0.9226712728349717,0.9298975467681885,0.67,0.61539
3bxe,0.13226903975009918,0.968562951954834,1.0,0.31,0.6287
3bxf,1.6288710832595825,0.0,0.6568287014961243,0.08,0.69667
3bxg,1.1602312326431274,0.9216520591244172,0.8420839905738831,-0.23,0.73638
3bxh,1.0250627994537354,0.0,0.8756117224693298,0.07,0.92201
3bxs,1.7523003816604614,0.9442080097128256,0.6828025579452515,-0.93,0.67276
3bym,3.681267499923706,0.7962714557137328,0.5977500081062317,-0.66,0.63837
3bys,1.266890525817871,0.9476742580128728,0.8109375238418579,0.13,0.5949
3byu,1.2315917015075684,0.9395286142795176,0.8529977202415466,0.12,0.81466
3bz3,1.9307711124420166,0.9423718671736038,0.7194741368293762,-0.84,0.66933
3bzf,20.26433563232422,0.0,0.0031464530620723963,-2.90,0.01663
3bzi,,,,-1.31,0.05482
3c0z,0.40817153453826904,0.0,0.9667266011238098,0.82,0.73958
3c14,48.969722747802734,0.0,0.0,0.27,0.37785
3c1k,1.5435527563095093,0.9453747970912885,0.806598961353302,-0.69,0.49692
3c1n,11.112707138061523,0.09339019124398186,0.0751088559627533,-0.74,0.39286
3c1x,0.6970252394676208,0.9811532021473991,0.9388677477836609,0.40,0.76148
3c2f,4.756197452545166,0.8601798088027666,0.5186915993690491,-0.73,0.75649
3c2o,0.51483553647995,0.983555984935668,0.9779829382896423,-0.45,0.76404
3c2u,1.516785979270935,0.0,0.8228862881660461,-0.82,0.27695
3c39,0.22743695974349976,0.9567408578824518,1.0,-0.01,0.95883
3c3o,11.411980628967285,0.5503258092055427,0.045324426144361496,-3.62,0.01328
3c3q,29.784624099731445,0.27626018019982107,0.006822612136602402,-3.32,0.00707
3c3r,26.668413162231445,0.31575494512972163,0.0,-3.48,0.02103
3c43,1.7665278911590576,0.9053934079523909,0.8378634452819824,-0.30,0.59308
3c45,0.858106255531311,0.9359494218828459,0.928019642829895,-0.08,0.80249
3c4f,0.34481263160705566,0.9693354479550194,0.9891892075538635,0.67,0.97589
3c4h,0.4543602168560028,0.9767041093302264,0.9744318127632141,0.61,0.53856
3c52,0.32386791706085205,0.9684430503009325,0.9972587823867798,0.35,0.969
3c56,0.5915324687957764,0.0,0.9736024737358093,-0.09,0.92704
3c5u,0.9391224384307861,0.965882088136781,0.8760683536529541,0.12,0.74826
3c6w,,,,-3.33,0.26993
3c79,0.46365493535995483,0.0,0.9750402569770813,0.30,0.55926
3c7p,1.4754642248153687,0.9569379283683341,0.8662884831428528,-0.01,0.84642
3c84,0.4570681154727936,0.9343547854863175,0.9699312448501587,0.50,0.86419
3c8e,0.18226204812526703,0.10534018908690841,1.0,0.26,0.98629
3c9e,0.9525660276412964,1.0,0.8921302556991577,0.42,0.6393
3cbs,,,,-0.01,0.82594
3ccb,0.2812121510505676,0.0,1.0,-0.25,0.8659
3cct,0.6610117554664612,0.0,0.9424189925193787,-0.28,0.84134
3ccw,0.9579764604568481,0.0,0.8691052198410034,-0.31,0.70702
3ccz,0.740039587020874,0.9762750745267987,0.9296578168869019,-0.68,0.92801
3cd0,1.3430356979370117,0.9539716526276113,0.787446141242981,-1.01,0.46442
3cd5,1.03802490234375,0.007029946819459055,0.8889447450637817,0.01,0.45107
3cd7,0.704728901386261,0.9616429770782698,0.9282150864601135,-0.07,0.79727
3ce0,0.7674881815910339,0.9407307564644829,0.9633105993270874,-0.23,0.93741
3cfn,4.081668376922607,0.08113794866636441,0.41950756311416626,-0.56,0.27623
3cft,1.672197699546814,0.9055015326062519,0.7373046875,-0.59,0.16208
3cfv,,,,-2.92,0.01333
3cgy,1.9888908863067627,0.0,0.7535087466239929,-0.68,0.40144
3chp,1.078131079673767,0.9198888603918162,0.8727924823760986,0.18,0.53618
3cib,0.8344194889068604,0.9742984080645047,0.9024288058280945,-0.41,0.63259
3cic,1.262305498123169,0.94979734851574,0.8269667029380798,-0.59,0.49277
3cid,0.9184628129005432,0.9326975152474859,0.9117646813392639,-0.40,0.86133
3cii,5.538208484649658,0.8131411710351412,0.30277019739151,-3.59,0.00414
3cj2,0.705163300037384,0.0,0.925000011920929,1.01,0.89852
3cj3,1.936295747756958,0.9172206648487511,0.673305094242096,-0.03,0.10299
3cj5,0.7690871953964233,0.9344337451906759,0.9588785171508789,0.45,0.84672
3cjo,3.4482574462890625,0.0,0.6515474915504456,-0.66,0.8241
3ck7,2.5957908630371094,0.9520975524773634,0.6451298594474792,-1.79,0.25332
3ck8,2.533799409866333,0.0,0.7175090312957764,-3.11,0.02719
3ckb,2.374117612838745,0.9260787250816327,0.706119179725647,-1.76,0.10745
3cke,1.4540654420852661,0.9447463739167314,0.8068181872367859,-0.86,0.04169
3ckp,1.1349058151245117,0.9240245400834272,0.8500000238418579,-0.69,0.59808
3ckt,1.0940200090408325,0.9533041880776456,0.8241919875144958,-0.08,0.37682
3cl0,0.6661795377731323,0.9717972231735685,0.9264150857925415,0.29,0.84275
3clp,1.7498202323913574,0.9393668874997778,0.7329910397529602,-0.08,0.42604
3cm2,1.503062129020691,0.09628423156095543,0.8027499914169312,-0.82,0.67132
3cm7,1.956538438796997,0.0,0.7132176756858826,-0.63,0.67941
3coj,,,,-1.42,0.01453
3cow,0.7907726168632507,0.0,0.9343434572219849,0.29,0.92417
3coy,0.753214955329895,0.9307872500765316,0.9288265109062195,0.14,0.74772
3cpc,0.34106209874153137,0.0,0.9799291491508484,0.41,0.99041
3cph,12.967632293701172,0.3964131180844002,0.09847383946180344,-2.93,0.01998
3cpj,38.5953254699707,0.012747136889362524,0.0,-2.25,0.09454
3cqu,1.1331250667572021,0.8951900933518974,0.914383590221405,0.80,0.97888
3cqw,1.4271196126937866,0.9047892284458346,0.8217905163764954,0.46,0.80297
3cs8,13.743606567382812,0.2941932460525026,0.006935270968824625,-3.64,0.02897
3cth,0.7355871200561523,0.9616728485590579,0.9161324501037598,0.19,0.75705
3ctj,1.7641760110855103,0.9422907611159249,0.8012208342552185,0.06,0.25902
3ctt,1.5489223003387451,0.9314785700696655,0.7522603869438171,-0.24,0.74311
3cwe,2.5674896240234375,0.9594454107599809,0.9296428561210632,-0.81,0.86715
3cwk,0.6582346558570862,0.9879588810643528,0.9295709133148193,-0.01,0.79527
3cx9,23.714181900024414,0.11291881694148981,0.0,-0.70,0.49379
3cy2,0.5289667844772339,0.9657530812168302,0.9461382031440735,0.25,0.19203
3cyz,0.36628270149230957,0.9603227825520485,0.9978813529014587,0.06,0.58557
3czv,0.3317331373691559,0.08695251955288179,0.9921466112136841,0.70,0.85042
3d0e,1.2845505475997925,0.9002547690925239,0.8574134111404419,0.29,0.86288
3d14,0.5141159296035767,0.9703093992025484,0.9591108560562134,0.29,0.93634
3d1e,4.659509658813477,0.0,0.38688454031944275,-1.45,0.23715
3d1f,10.702574729919434,0.0,0.07025089859962463,-3.63,0.08223
3d1g,2.650519371032715,0.9678862005796622,0.5786163806915283,-1.45,0.57305
3d1x,1.087056279182434,1.0,0.8530518412590027,-0.50,0.20393
3d1y,3.547548294067383,0.9705923737012101,0.5885125994682312,-1.02,0.81439
3d25,5.4518022537231445,0.7782164672030314,0.32950130105018616,-3.39,0.01225
3d27,0.63154536485672,0.9520525547988035,0.9470720887184143,0.41,0.52118
3d2e,0.9689787030220032,0.9322525322707075,0.8836287260055542,-0.27,0.39707
3d2t,6.205313682556152,0.15974509916496535,0.27941176295280457,-0.16,0.36207
3d32,,,,-3.09,0.03341
3d3x,,,,-1.90,0.52243
3d4fa,2.2716805934906006,0.9631223557952184,0.6862139701843262,-1.19,0.2586
3d4fb,6.0739898681640625,0.5599859406410124,0.3299120366573334,0.44,0.61883
3d4y,0.4909023344516754,0.9348557837703366,0.9629629850387573,0.46,0.81543
3d4z,0.8397945165634155,0.9342586645028744,0.8976833820343018,0.17,0.79723
3d50,1.4759024381637573,0.9380877574205809,0.8900862336158752,-0.76,0.93055
3d51,1.0650718212127686,0.9665331668017788,0.8659999966621399,-0.57,0.41689
3d5m,0.8437846302986145,0.0,0.9259554147720337,0.40,0.986
3d62,0.47530603408813477,0.9867741399675933,0.9788828492164612,-0.89,0.3994
3d6o,1.4276820421218872,0.8836423923093399,0.810520350933075,-0.74,0.72451
3d6p,1.2607346773147583,0.8984400399147504,0.8392045497894287,-0.67,0.81766
3d6q,0.9939243793487549,0.8582094368471923,0.9285714030265808,-0.55,0.66811
3d78,0.3160545527935028,0.9591089635404939,0.9949748516082764,0.03,0.63654
3d7b,0.7597496509552002,0.9262722005944701,0.9535176157951355,-0.47,0.83172
3d7d,1.0544893741607666,0.9709264143995641,0.8684486150741577,-0.51,0.81014
3d7f,2.6914520263671875,0.865411684542912,0.6435643434524536,-1.33,0.6083
3d7g,0.8866949081420898,0.9923283824404608,0.9002071619033813,-0.04,0.8137
3d7h,1.199845790863037,0.9203932303088004,0.8586660623550415,-0.29,0.92758
3d7m,1.142518401145935,0.9624025712320874,0.852928102016449,0.45,0.26711
3d83,1.5350208282470703,0.9171112014793025,0.8080057501792908,0.06,0.3992
3d8w,0.7273474931716919,0.9777886649473827,0.9225663542747498,0.71,0.63078
3d8y,0.840827226638794,0.907525498409435,0.9554020166397095,-0.61,0.80188
3d8z,1.054990530014038,0.8779222759073191,0.8797538876533508,-0.26,0.74952
3d9v,0.5505118370056152,0.0,0.9631901979446411,-0.12,0.96916
3d9z,0.36060038208961487,0.9772056336699906,0.9933686852455139,0.90,0.95512
3da9,1.0007908344268799,0.9447549745829741,0.8611111044883728,0.22,0.13399
3dab,,,,-3.35,0.02367
3daj,2.540769100189209,0.9008164599772691,0.695873498916626,-0.62,0.5302
3db6,2.54738450050354,0.959166123311137,0.6495766639709473,-0.49,0.32556
3db8,2.194117784500122,0.9616215695951512,0.7984567880630493,0.06,0.80032
3dbs,0.8012139797210693,1.0,0.9183804392814636,0.35,0.7558
3dbu,0.7488609552383423,0.9777827129605762,0.9288840293884277,0.57,0.42292
3dc3,0.36415213346481323,0.9770758402324238,0.9956395626068115,0.85,0.93987
3dcc,0.22872067987918854,0.9883736701947333,1.0,0.95,0.94745
3dcq,3.8236289024353027,0.9579090774370427,0.5991947054862976,-1.89,0.53505
3dcr,2.1099979877471924,0.9448818030479949,0.6831080913543701,-1.75,0.53089
3dcs,0.9095343947410583,0.9771703357371547,0.9572368264198303,0.93,0.97273
3dct,1.3213286399841309,0.9604502321730842,0.8317916393280029,-0.09,0.95539
3dcw,0.3024170398712158,0.9882325362884169,0.995512843132019,1.03,0.95489
3dd0,0.18857379257678986,0.9882660854339613,1.0,0.96,0.93855
3dd8,2.0706517696380615,0.9565902459635713,0.697098970413208,0.56,0.26734
3dda,6.454037189483643,0.714351868552192,0.18640939891338348,-2.89,0.21369
3ddf,1.749245524406433,0.9368116342569773,0.7280775904655457,-0.80,0.6859
3ddg,0.786712646484375,0.9386767835917371,0.9012711644172668,-0.84,0.40107
3ddu,0.4450249969959259,0.9578976700805776,0.9794022440910339,0.58,0.96289
3deh,1.2887256145477295,0.8860282587715257,0.8008981943130493,-0.65,0.74955
3dei,6.17988395690918,0.7570001407322329,0.34882280230522156,-1.59,0.24388
3dej,4.665221214294434,0.7243768184300952,0.3892517685890198,-1.00,0.52755
3dek,8.199301719665527,0.4872222261235475,0.16762013733386993,-1.44,0.66223
3dgl,3.811180353164673,0.9321619250607144,0.7196969985961914,-1.21,0.53533
3dgn,2.140418291091919,0.9314507665196188,0.7675840854644775,-1.87,0.6457
3dgo,3.9553017616271973,0.9053712493223534,0.7700757384300232,-2.00,0.57608
3dgq,6.736921787261963,0.7443206173359671,0.2552681863307953,-0.23,0.62424
3dhk,5.995384693145752,0.7731067877288645,0.40559157729148865,-2.14,0.26483
3di6,0.7637721300125122,0.963181956671626,0.9158228039741516,-0.52,0.38736
3diw,12.187894821166992,0.45555268361459184,0.07686567306518555,-3.24,0.14084
3djo,3.880178451538086,0.0,0.6285081505775452,-0.59,0.58731
3djp,0.8424631357192993,0.0,0.9248046875,-0.28,0.80859
3djq,1.5570443868637085,0.0,0.853965163230896,-1.17,0.20964
3djv,0.77073734998703,0.0,0.9175874590873718,-0.30,0.41808
3djx,1.2300370931625366,0.9265042692966484,0.8049549460411072,-0.39,0.31674
3dk1,0.9298499822616577,0.9806045851784211,0.8921343088150024,-0.30,0.60865
3dkf,0.5242889523506165,0.9880046822141062,0.9644808769226074,0.63,0.8629
3dkg,1.0171972513198853,0.9595967651003039,0.9197635054588318,0.42,0.32702
3dkj,5.786819934844971,0.016080163535085606,0.30535054206848145,-0.66,0.10351
3dla,2.7262768745422363,0.0,0.5673595070838928,-1.43,0.11488
3dln,0.7652407884597778,0.95815275913885,0.916265070438385,-3.95,0.72854
3dm6,1.4752260446548462,0.02821984525554849,0.8051656484603882,-1.08,0.56647
3dnd,1.1450989246368408,0.9419451791019965,0.853672981262207,0.21,0.38753
3dng,0.4554733633995056,0.9562631870827057,0.9760406613349915,0.19,0.88548
3dog,1.598973035812378,0.9280311220155142,0.7817408442497253,-0.14,0.48337
3dow,12.490457534790039,0.5734640447168852,0.08130563795566559,-3.25,0.11758
3doy,2.49127459526062,0.9358211684489449,0.7131979465484619,-0.45,0.13386
3doz,1.455762505531311,0.9002796373520312,0.8166090250015259,-0.69,0.3247
3dp0,2.1488096714019775,0.961537049966662,0.7440972328186035,-0.32,0.12773
3dp2,2.3194758892059326,0.9610426817990341,0.6782915592193604,-0.55,0.26366
3dp4,0.20030620694160461,0.9899186688405629,1.0,0.83,0.96123
3dp9,0.673082172870636,0.9628271789439211,0.9441776871681213,-0.10,0.97822
3dpc,54.248313903808594,0.0,0.0,-3.08,0.03606
3dpd,0.4370756447315216,0.9771452173520647,0.9706196784973145,1.01,0.87264
3dpe,0.940741777420044,0.9886925038858978,0.9229466319084167,-0.04,0.81977
3dpf,1.933746099472046,0.0,0.7794471383094788,-0.10,0.81741
3dpo,32.942626953125,0.0,0.0,-3.07,0.00474
3drf,,,,-2.64,6e-05
3drg,,,,-3.01,0.01132
3dri,,,,-3.01,0.09202
3ds0,17.49367904663086,0.30876381840767325,0.03385616093873978,-3.25,0.01614
3ds1,13.162948608398438,0.5246018002157266,0.09228971600532532,-3.49,0.0704
3ds3,23.333467483520508,0.26834953120036215,0.002151694381609559,-2.99,0.0735
3ds4,5.64493465423584,0.032161897432565555,0.3744744658470154,-3.12,0.07658
3ds6,0.5891850590705872,0.9521257189745131,0.9560731053352356,0.87,0.51285
3dst,1.9544506072998047,0.9180741382976807,0.7209529876708984,-0.77,0.65161
3dsu,0.7830546498298645,0.9541410996305157,0.9271019697189331,-0.79,0.27038
3dt1,0.7927834391593933,0.9903938654093611,0.9488932490348816,0.44,0.92226
3dux,4.511781215667725,0.8760381073919717,0.6215277910232544,-1.40,0.20729
3duy,0.8789380192756653,0.003509965720309747,0.9022925496101379,-0.02,0.15859
3dv1,1.5093085765838623,0.9652123051592558,0.7605740427970886,-0.11,0.559
3dv5,1.5958541631698608,0.00368747622073288,0.7286585569381714,-0.46,0.57274
3dvp,11.62289047241211,0.14198816041835602,0.06156156212091446,-2.88,0.25672
3dwb,2.066814661026001,0.8687813192966678,0.7553072571754456,-1.25,0.66077
3dx0,1.1449871063232422,0.9191738472758199,0.83152174949646,0.54,0.95757
3dx1,0.7575689554214478,0.9520063654501688,0.921999990940094,0.24,0.9083
3dx2,1.5481033325195312,0.9115117068198312,0.7864271402359009,-0.35,0.82898
3dx3,0.5306175351142883,0.9435494596089339,0.9691358208656311,0.43,0.97471
3dx4,0.46317097544670105,0.9888265452575832,0.9761072397232056,0.28,0.98849
3dxg,3.9350337982177734,0.0,0.6296610236167908,-0.14,0.77749
3dxh,1.5832043886184692,0.941487634500489,0.8987730145454407,-1.19,0.25212
3dxm,2.1049747467041016,0.9104309549609726,0.6783167123794556,-0.29,0.52821
3dy6,0.6681303977966309,0.9580281583282655,0.920285701751709,-0.24,0.37678
3dz4,29.137800216674805,0.010978049495995354,0.0,-2.81,0.00947
3dzt,0.9235029816627502,0.9566305405050919,0.8762755393981934,-0.28,0.40646
3e0q,3.0454306602478027,0.0,0.5703592896461487,-0.06,0.18473
3e12,2.7278716564178467,0.04266666824727656,0.5684604644775391,-0.38,0.68021
3e1r,6.837876796722412,0.8122645985650511,0.3947681188583374,-2.42,0.00213
3e3b,1.1944434642791748,0.975271814139903,0.8346104621887207,-0.36,0.66138
3e3c,0.547272264957428,0.017253906767201503,0.9677914381027222,-0.16,0.76373
3e3u,2.6128458976745605,0.890289922629367,0.7159367203712463,0.41,0.8444
3e5u,0.24441328644752502,0.9896965556449961,1.0,0.52,0.94191
3e6y,2.357598304748535,0.9205862544250903,0.6846216917037964,-1.51,0.17507
3e73,1.671042561531067,0.0,0.7155688405036926,-0.61,0.42162
3e7a,3.7768871784210205,0.0,0.5704290866851807,-2.21,0.0
3e7b,1.434111475944519,0.0,0.8047831058502197,-1.59,0.65126
3e7o,0.5872392654418945,0.9727980648596731,0.957812488079071,0.49,0.77338
3e81,1.2822681665420532,0.0,0.8464912176132202,-0.94,0.37844
3e8n,0.615289032459259,0.9904350009277203,0.9530051350593567,0.17,0.79798
3e8u,9.739185333251953,0.49137348451572793,0.1267019659280777,-2.96,0.0312
3e92,8.855700492858887,0.9153744315456167,0.1881386935710907,0.17,0.6421
3e93,0.7747400403022766,0.9575925370205888,0.8893129825592041,0.25,0.49987
3e9i,0.9010506272315979,0.0,0.898172914981842,-0.76,0.45903
3eax,8.32889175415039,0.7457681649222968,0.18588469922542572,-1.98,0.1608
3eb1,2.5024924278259277,0.9420308663786452,0.7403640151023865,-2.31,0.51461
3ebh,1.1262586116790771,0.9661561456499428,0.8606340885162354,0.46,0.77534
3ebi,1.3554550409317017,0.9304059582410373,0.8373702168464661,0.10,0.90451
3ebl,1.1412948369979858,0.0,0.791201114654541,-0.45,0.08638
3ebp,1.2861636877059937,0.9716358310816147,0.9323999881744385,-0.69,0.44292
3ecn,0.20159736275672913,0.9760717651283467,1.0,0.16,0.87095
3eeb,,,,-1.21,0.38857
3efr,1.1416854858398438,0.0,0.8746212124824524,0.71,0.74603
3eft,1.4245253801345825,0.9892362084565259,0.8554455637931824,-0.09,0.45424
3eg6,,,,-2.18,0.09522
3egk,3.7184314727783203,0.8143198214582087,0.5175691246986389,-2.22,0.23311
3egt,1.3324037790298462,0.0956368651308654,0.8252583742141724,-0.62,0.34483
3ehn,1.957561731338501,0.9366332847856143,0.7525510191917419,-1.28,0.62268
3eht,44.80464172363281,0.0,0.0,-3.31,0.02039
3ehw,0.8800656199455261,0.95293029854268,0.8895927667617798,-0.53,0.41546
3ehy,0.733280599117279,0.9625755900121982,0.9178571701049805,0.36,0.58211
3eid,1.1818299293518066,0.964971155140169,0.9076776504516602,0.05,0.89879
3eio,1.1197305917739868,0.0,0.8306772708892822,-1.06,0.45988
3ej1,0.4790233373641968,0.9875064363540224,0.9674528241157532,1.08,0.93807
3ejp,0.46814247965812683,0.9506507877351218,0.9644531011581421,-0.20,0.8551
3ejs,1.4342442750930786,0.9179936166571736,0.7666184902191162,-1.20,0.61751
3ejt,1.1893385648727417,0.8649172889214735,0.8374233245849609,-1.09,0.65947
3eju,0.935623049736023,0.9114985987051006,0.8823953866958618,-0.69,0.23032
3eka,37.8728141784668,0.0,0.0,-1.64,0.51456
3eko,0.8752749562263489,0.0,0.8677455186843872,0.33,0.74795
3ekq,1.4034837484359741,0.9704002620665604,0.7839116454124451,-0.90,0.6747
3eks,1.0726360082626343,0.9632873345009237,0.8253588676452637,0.18,0.24859
3ekx,1.0299289226531982,0.9702200042175011,0.852031409740448,-0.09,0.44993
3el0,1.0919097661972046,0.9702059714194834,0.8574134111404419,-0.98,0.57292
3el1,1.4078102111816406,0.9705348132564589,0.8046042323112488,-0.56,0.54412
3el4,1.1158097982406616,0.9803066257589999,0.8592801094055176,-0.79,0.62598
3el7,0.6540214419364929,0.9813496907540338,0.9308406710624695,0.73,0.96885
3el8,0.5547589063644409,0.9816996700496063,0.9664391279220581,0.43,0.90434
3elc,0.774178683757782,0.005664069187180115,0.9439461827278137,0.30,0.76489
3elj,1.048507571220398,0.9283108860589828,0.8832573890686035,-0.37,0.78096
3elm,0.8619436025619507,0.9105820548285888,0.9131467938423157,-0.10,0.60458
3emg,0.8411078453063965,0.9558034090110531,0.923274576663971,0.01,0.296
3emh,,,,-2.98,0.00133
3eml,0.718764066696167,0.9796129927591906,0.9320470094680786,0.25,0.81979
3eor,1.2452545166015625,0.9575499058382059,0.9205729365348816,-0.59,0.34932
3eou,0.30224284529685974,0.938977070262963,0.9923986196517944,0.83,0.98837
3eov,9.39927864074707,0.0,0.18931034207344055,-3.35,0.00061
3eq7,1.3117822408676147,0.9343749783803834,0.8054421544075012,0.08,0.49968
3eq9,0.7720997929573059,0.9614232411083854,0.9169719219207764,0.33,0.34801
3eqb,1.009598731994629,0.8781355382845673,0.8494245409965515,0.39,0.12429
3eqs,13.411674499511719,0.5061858582657796,0.08693808317184448,-3.15,0.03607
3er3,,,,-0.69,0.14755
3erd,0.8144100904464722,0.0,0.9153911471366882,0.05,0.81803
3ern,0.5657125115394592,0.0,0.9660852551460266,-0.03,0.44215
3ery,4.3863396644592285,0.7974548028406739,0.39850664138793945,-3.29,0.17778
3esj,1.7507885694503784,0.9031441333464356,0.835287868976593,0.23,0.11576
3ess,0.2584141492843628,0.9579397536735211,1.0,0.43,0.95625
3eu5,0.8443239331245422,0.9130188401705489,0.9081500768661499,-0.87,0.77926
3eu7,28.397172927856445,0.1357865232087483,0.0036788228899240494,-3.47,0.01573
3evc,1.4112355709075928,0.9376519684912298,0.820270299911499,-0.67,0.45106
3evd,1.7240999937057495,0.9014210311076658,0.7131924033164978,-0.94,0.03785
3ew2,0.639863133430481,0.0,0.9463682174682617,0.19,0.9731
3ewj,1.913110375404358,0.9402015725993973,0.7999153733253479,-0.10,0.86116
3ewu,0.8190404772758484,0.03152582998727812,0.9195623993873596,-0.41,0.37808
3ex2,0.8562716841697693,0.03800142305375078,0.9020752310752869,-0.29,0.87213
3ex3,0.6230045557022095,0.9476780635059046,0.946329653263092,-0.23,0.83054
3eyd,1.2334926128387451,0.9360530984725066,0.8596105575561523,0.12,0.0487
3eyf,15.189059257507324,0.0,0.06869158893823624,-3.22,0.00183
3eyg,0.8211953043937683,0.9528498110518536,0.9203910827636719,0.49,0.82911
3eyl,1.5849510431289673,0.0,0.8184974789619446,-0.70,0.64488
3eys,,,,-2.50,0.27241
3ezr,0.9685328602790833,0.9670329173900288,0.8902631402015686,0.08,0.71429
3f07,0.709372341632843,0.0,0.8874773383140564,-0.11,0.3211
3f15,1.1435046195983887,0.9360899174250413,0.8374645709991455,-0.47,0.90428
3f33,3.7946414947509766,0.9314173786953748,0.49124205112457275,-1.35,0.33799
3f34,0.9024937748908997,0.9776979861539259,0.8923766613006592,-1.34,0.58744
3f35,1.3285950422286987,0.9325584120050667,0.8061674237251282,-1.05,0.55001
3f36,3.6411547660827637,0.8031442570962954,0.4350329041481018,-1.43,0.25748
3f37,1.1089214086532593,0.8880706139237656,0.8605769276618958,-1.02,0.41405
3f38,0.9588744044303894,0.9299585296574989,0.8852040767669678,-1.12,0.41019
3f39,2.6194591522216797,0.8370182513789999,0.5864361524581909,-0.21,0.6806
3f3a,8.080764770507812,0.446203413804108,0.2228017896413803,0.05,0.60515
3f3c,0.6933844685554504,0.9247499666754861,0.9426087141036987,0.53,0.89089
3f3d,9.514588356018066,0.3673885013050379,0.1909722238779068,-0.47,0.52665
3f3e,11.42944622039795,0.2823733040683682,0.06884057819843292,-0.08,0.6433
3f3u,0.5086202621459961,0.9802335652758265,0.9676308631896973,0.48,0.70781
3f3v,1.3380858898162842,0.9810205267019368,0.8548850417137146,0.44,0.96603
3f3w,0.5910657644271851,0.0,0.9583333134651184,0.08,0.42704
3f48,3.3367321491241455,0.6887833197060111,0.48259052634239197,-4.68,0.46587
3f5j,3.042510509490967,0.9003307050678924,0.5524842739105225,-1.47,0.31301
3f5k,2.7868247032165527,0.0,0.657616138458252,-1.61,0.11798
3f5l,1.2643109560012817,0.0,0.8080625534057617,-0.81,0.58874
3f68,1.234792947769165,0.9218760642242451,0.8338305354118347,-0.62,0.63404
3f6g,10.809906005859375,0.16508900073376193,0.13819876313209534,-0.90,0.38806
3f6h,9.457334518432617,0.0,0.05524344742298126,-1.67,0.53242
3f70,,,,0.68,0.84463
3f78,0.8330923914909363,0.058676447447075744,0.8959423899650574,0.19,0.94448
3f7g,2.425483226776123,0.9247356518278249,0.6614888906478882,-0.95,0.55458
3f7h,1.7262307405471802,0.0,0.7236841917037964,-0.77,0.46304
3f7i,0.7840871810913086,1.0,0.9106451869010925,0.09,0.40795
3f7u,0.6549833416938782,0.9494788742684364,0.9265649914741516,-0.38,0.81076
3f7z,1.1300592422485352,0.9318101571403031,0.8865355253219604,-0.27,0.79379
3f82,0.7681283950805664,0.9739843570220336,0.9173497557640076,0.39,0.84216
3f8c,13.283529281616211,0.6597931213300176,0.04722921922802925,-1.20,0.2714
3f8e,0.6423379182815552,0.925290558604054,0.9554687738418579,-3.15,0.23621
3f8f,1.4757763147354126,0.9238618822584995,0.7852563858032227,-1.15,0.4703
3f8w,1.0982561111450195,0.9606837286045941,0.8544303774833679,-0.01,0.1845
3f9w,14.508745193481445,0.0,0.02577989548444748,-2.69,0.05396
3fas,13.838709831237793,0.19128170689271984,0.022727273404598236,-1.29,0.36581
3fat,0.40567710995674133,0.0,0.985264241695404,0.78,0.83476
3fbr,42.57106018066406,0.0,0.0,-3.42,0.48331
3fc1,1.5177158117294312,0.8775212738461745,0.7617684602737427,0.06,0.09261
3fc8,4.81484842300415,0.8392132482731687,0.5331125855445862,-0.48,0.56535
3fci,1.5212384462356567,0.9758516607215679,0.8908882141113281,-0.20,0.44041
3fck,7.8617987632751465,0.852245252246403,0.4704446792602539,-0.25,0.36358
3fcl,2.1675686836242676,0.009400334312656447,0.7079310417175293,-0.24,0.41438
3fcq,0.35473981499671936,0.9667113546270906,0.983208954334259,0.35,0.81625
3fdn,0.9910983443260193,0.9303700240916764,0.8614245653152466,-0.62,0.3682
3fdt,,,,-3.74,0.00834
3fed,1.016096830368042,0.9460666226906409,0.9089958071708679,0.33,0.70524
3fee,0.2431635707616806,0.9908945538795745,1.0,0.53,0.54221
3fei,0.34551113843917847,0.9832667915779517,0.9971264600753784,-0.03,0.88256
3fej,1.3809740543365479,0.9664143920844359,0.8445639610290527,0.13,0.92139
3ff3,1.1562072038650513,0.8972760030653815,0.8477011322975159,-5.61,0.7416
3ff6,1.2200226783752441,0.0,0.814389705657959,-0.84,0.57524
3ffp,0.9870580434799194,0.9560587066168663,0.939793586730957,0.23,0.93196
3fgc,0.6801339387893677,0.9120205169340477,0.9407181739807129,-0.41,0.63027
3fh5,0.8135302662849426,0.9394113386583961,0.9164465069770813,0.21,0.78973
3fh7,0.665233850479126,0.9644059781255491,0.9324191808700562,0.41,0.75883
3fh8,0.5872020721435547,0.9663673369802801,0.9513981342315674,0.35,0.87671
3fhr,1.6041686534881592,0.9233058913258471,0.8305960893630981,0.24,0.34376
3fi3,0.4900270402431488,0.9771751451085942,0.9811703562736511,-0.64,0.88208
3fj7,0.7906598448753357,0.9639389060171649,0.9185048937797546,0.17,0.57548
3fjg,0.4680272042751312,0.9637917253994379,0.9577205777168274,0.04,0.792
3fjz,0.2562295198440552,0.9907268601788937,1.0,0.87,0.68626
3fk1,0.28599128127098083,0.9906379353287712,1.0,0.75,0.5703
3fkt,2.076681137084961,0.8909596013885999,0.7218950986862183,-1.26,0.32165
3fl5,0.5795683860778809,0.9741595747970091,0.9638975262641907,0.11,0.83598
3fl9,0.7074036002159119,0.0,0.9085160493850708,-0.01,0.93462
3fmq,0.43038293719291687,0.9712926145600828,0.988095223903656,-0.78,0.28229
3fmr,1.4997706413269043,0.9437902319796876,0.8159777522087097,-1.37,0.27673
3fn0,29.90410614013672,0.09364385047215712,0.0,-3.12,0.00146
3fnm,0.7781058549880981,0.9800346826809269,0.913755476474762,0.73,0.7081
3fpd,1.4650849103927612,0.0,0.7816295623779297,-0.55,0.53556
3fpm,0.43507692217826843,0.9745611972131013,0.9789950847625732,0.45,0.35441
3fq7,0.4823667109012604,0.07360507103936631,0.9654054045677185,-0.20,0.89836
3fqa,0.204657644033432,0.9908311509703428,1.0,-0.04,0.67734
3fr4,0.4862266778945923,0.9882704273021191,0.9736445546150208,0.24,0.88635
3fr5,0.8861397504806519,0.9571555563713935,0.8762446641921997,0.27,0.34038
3frg,0.7303711175918579,0.9449077766851246,0.9170939922332764,0.18,0.73546
3frz,0.7900828123092651,0.9536996844771702,0.8993197083473206,-0.20,0.44383
3ft2,5.247636795043945,0.8868355599628188,0.4206896424293518,-3.10,0.17897
3ft3,5.6178412437438965,0.682560381996043,0.33586370944976807,-3.58,0.14622
3ft4,4.653880596160889,0.7414064837910683,0.3348267674446106,-3.37,0.02808
3ftq,1.2975726127624512,0.9229681011007594,0.8098557591438293,-0.28,0.90319
3fts,0.373653769493103,0.9533507735319864,0.9878526926040649,0.26,0.77639
3ftv,1.316412091255188,0.9696956236745053,0.8211130499839783,0.40,0.1716
3ftw,0.4114212393760681,0.9699424431160503,0.9808070659637451,0.41,0.19739
3fu0,0.39306843280792236,0.9899771276316335,0.989676833152771,0.53,0.21035
3fu3,3.2200236320495605,0.6416463866371347,0.5293053388595581,0.24,0.50524
3fu5,1.1935291290283203,0.943939451073521,0.8719879388809204,0.67,0.82366
3fue,0.27641934156417847,1.0,0.9963017702102661,-0.06,0.32106
3fuf,0.2592015862464905,0.9747831511443019,1.0,0.09,0.23597
3fuh,0.49658799171447754,0.9490192401344467,0.9736841917037964,0.09,0.52452
3fuj,0.6834016442298889,0.9442278215254087,0.9603365659713745,0.25,0.72739
3fuk,1.4980155229568481,0.9671848308545036,0.7564898133277893,0.23,0.44287
3ful,1.0877375602722168,0.9439853522663508,0.8443995118141174,0.35,0.61841
3fum,1.2014336585998535,0.9267568774203223,0.8401360511779785,0.10,0.63209
3fup,0.9243646264076233,0.0,0.9133561849594116,0.18,0.90533
3fuz,16.24688148498535,0.14738036818787603,0.006810897495597601,-1.18,0.50213
3fv1,1.4970664978027344,0.0,0.7677514553070068,-0.10,0.55895
3fv3,25.987462997436523,0.0,0.0,-2.93,0.38251
3fv8,0.901922345161438,0.9605713819089421,0.931277871131897,0.11,0.6516
3fvg,0.5461567044258118,0.0,0.9675273895263672,0.72,0.96036
3fvh,7.39539098739624,0.7389462642518037,0.17831753194332123,-1.46,0.18294
3fvk,1.0333508253097534,0.9280549951427096,0.8926553726196289,0.94,0.90063
3fvl,1.3418495655059814,0.0,0.762499988079071,-0.35,0.55458
3fvn,1.8389428853988647,0.0,0.7728758454322815,0.51,0.88493
3fw3,0.8282825350761414,0.0,0.920121967792511,0.05,0.96162
3fw4,0.7292763590812683,0.0,0.9025735259056091,-0.51,0.84398
3fwv,9.83553409576416,0.6059831306915556,0.1563679277896881,-3.00,0.1185
3fxv,1.867401361465454,0.9659480639798861,0.7976519465446472,-0.78,0.55603
3fxw,1.6891297101974487,0.9546902030327635,0.7755235433578491,-0.12,0.39444
3fyj,0.8098442554473877,0.9641896974712544,0.902466356754303,0.48,0.70391
3fyk,1.1596862077713013,0.9516054415732937,0.8323063254356384,0.65,0.32383
3fz1,0.778303861618042,0.9154737587455402,0.9347609281539917,0.63,0.7429
3fzs,0.664797842502594,0.9717077454319433,0.9667539000511169,0.16,0.92021
3fzy,,,,-1.11,0.36309
3g08,1.884589433670044,0.8977708447193975,0.7345753312110901,-0.49,0.2618
3g0b,0.6300197243690491,0.0,0.9661290049552917,0.36,0.96565
3g0e,0.9079551696777344,0.9423170627421009,0.9109697937965393,0.11,0.63625
3g0f,0.7299528121948242,0.0,0.9040066599845886,0.00,0.59434
3g0i,0.18075402081012726,1.0,1.0,-0.01,0.59178
3g0w,0.6281654834747314,0.9914011810528081,0.9475228190422058,0.47,0.89291
3g19,11.201680183410645,0.4877325364843671,0.12080291658639908,-2.40,0.4603
3g1d,0.8026334047317505,0.03471424521252196,0.9173850417137146,-0.07,0.93947
3g1m,0.9512035846710205,0.9795795016679449,0.9077480435371399,-0.31,0.69548
3g1v,0.87607741355896,0.9721299897725905,0.9234769940376282,-0.08,0.90516
3g2h,0.8871063590049744,0.9296154069494493,0.8971893787384033,0.36,0.6403
3g2i,0.5910654067993164,0.9918531900350598,0.9519684910774231,0.51,0.59909
3g2j,0.7639821171760559,0.9586996200331324,0.8922559022903442,0.23,0.7022
3g2k,1.0362536907196045,0.917478486443247,0.8462353944778442,0.04,0.54952
3g2n,0.9406833648681641,0.9590737962308336,0.8890489935874939,0.34,0.82508
3g2s,14.124049186706543,0.40960275988896055,0.08908046036958694,-3.19,0.02707
3g2t,8.155128479003906,0.13157249326719547,0.10053037852048874,-2.92,0.03772
3g2u,8.996979713439941,0.39523884667138964,0.1266375482082367,-2.60,0.03997
3g2v,23.985593795776367,0.0,0.0,-2.87,0.05564
3g2w,8.794838905334473,0.18994718139802882,0.1297939270734787,-3.21,0.03443
3g2y,1.4884252548217773,0.0,0.8350144028663635,-0.08,0.18155
3g2z,0.25419071316719055,0.0,1.0,-0.15,0.30513
3g30,2.1912198066711426,0.9246376952097494,0.7604166865348816,0.02,0.72068
3g31,0.4524167478084564,1.0,0.9758453965187073,-1.31,0.66582
3g32,0.388372004032135,0.0,0.9843304753303528,-0.71,0.18008
3g34,0.4551265239715576,0.0,0.9887323975563049,-0.79,0.25864
3g3d,0.9669216275215149,0.965890833642162,0.890625,-0.38,0.64781
3g3m,0.7495913505554199,0.9581233940158179,0.9264000058174133,-0.37,0.63831
3g3r,0.492016077041626,0.9880420036688419,0.9780821800231934,-0.77,0.55913
3g42,0.7579571008682251,0.9464031104978357,0.943617045879364,0.12,0.92533
3g4f,0.862702488899231,0.9698467998454399,0.9045698642730713,-1.97,0.214
3g4k,1.0840803384780884,0.0,0.9159212708473206,0.80,0.97806
3g4l,0.573432445526123,0.0,0.9470149278640747,0.05,0.90525
3g5k,1.202809453010559,0.0,0.8248106241226196,-0.09,0.59543
3g5v,10.280680656433105,0.5867748183128232,0.17136725783348083,-3.60,3e-05
3g5y,8.441229820251465,0.5901147736674736,0.1979086697101593,-3.51,5e-05
3g7l,,,,-2.90,0.00256
3g8e,1.1327985525131226,0.9611997381045847,0.8719795346260071,-0.67,0.90736
3g8o,0.7197064757347107,0.0,0.9225634336471558,0.33,0.8733
3g9l,1.5528353452682495,0.9134072963739444,0.7781440019607544,-0.50,0.6264
3ga5,0.9174630045890808,0.9188044561225419,0.8922818899154663,-0.31,0.87709
3gba,1.1355290412902832,0.0,0.8684210777282715,0.41,0.75975
3gbb,1.5348317623138428,0.0,0.8044871687889099,0.60,0.92977
3gbe,0.7000026702880859,0.9502939045946929,0.9235782027244568,-0.39,0.49711
3gc4,0.47858408093452454,0.9905755430878549,0.9729064106941223,0.40,0.98331
3gc5,0.37844011187553406,0.9614078996847819,0.9833585619926453,0.89,0.99665
3gc7,1.5405690670013428,0.9011949432632885,0.725907027721405,-0.35,0.61676
3gcp,0.5790966153144836,0.9195388823780785,0.9525446891784668,0.22,0.76632
3gcs,1.4465574026107788,0.9719194240763888,0.8323076963424683,0.36,0.88231
3gcv,0.8495240807533264,0.9403828161018403,0.9104265570640564,0.35,0.4046
3gds,17.674314498901367,0.24849088625665633,0.0205078125,-2.29,0.03853
3gdt,0.8006055951118469,0.0,0.9136740565299988,-1.06,0.13427
3gen,0.4865909516811371,1.0,0.9764516353607178,0.55,0.90533
3gep,0.6606047749519348,0.0,0.9522653818130493,0.41,0.96679
3gf2,1.347917079925537,0.9460058559248049,0.7745398879051208,-1.12,0.24789
3ggc,0.6866944432258606,0.9540223881550578,0.9336832165718079,0.17,0.96504
3ggj,0.9935258030891418,0.8928590510447988,0.8999051451683044,-0.09,0.89818
3ggu,0.8383369445800781,0.9809787605876034,0.8977384567260742,-0.63,0.19202
3gi5,1.2620902061462402,0.9298201612760243,0.8552278876304626,-0.82,0.79379
3gjd,9.895560264587402,0.3535993843129167,0.12757731974124908,0.54,0.45568
3gjq,11.623884201049805,0.40495511294500736,0.06161060929298401,-2.25,0.00685
3gjs,5.795476913452148,0.8285939638462861,0.38649705052375793,-1.55,0.15678
3gjt,11.984583854675293,0.3659441078888842,0.06530781835317612,-1.67,0.11811
3gjw,0.2837355136871338,1.0,0.9986085295677185,0.55,0.88675
3gk1,0.5893352031707764,1.0,0.9673295617103577,-0.38,0.69841
3gk2,1.1517428159713745,0.8900439726732561,0.8547903895378113,-1.83,0.56322
3gl6,7.811614990234375,0.6573824308716278,0.20938967168331146,-3.01,0.20164
3gm0,0.41192805767059326,0.9866823564481212,0.9733059406280518,0.68,0.64173
3gn7,1.3506790399551392,1.0,0.885169506072998,0.78,0.98001
3gnv,0.5688719153404236,0.9756292249497575,0.9676985144615173,0.20,0.94847
3gnw,3.4409472942352295,0.9072989616522952,0.5020610094070435,-0.50,0.2827
3gol,26.305316925048828,0.0,0.0,-0.40,0.37411
3gpe,1.6815814971923828,0.9380076894272469,0.7871972322463989,-1.90,0.69735
3gr2,0.5046334862709045,0.0,0.9210097789764404,0.35,0.45572
3gs6,0.44573506712913513,0.9898566947353205,0.9685828685760498,-0.32,0.82453
3gs7,2.6628119945526123,0.11820226316967662,0.5549362897872925,-0.24,0.66724
3gsg,1.4163398742675781,0.9293219327350597,0.7870575189590454,-0.26,0.21854
3gsm,0.912768542766571,0.8998254244118191,0.8898176550865173,0.19,0.59633
3gt9,3.262472629547119,0.9788029926038996,0.5835874080657959,-0.61,0.47905
3gtc,1.2548280954360962,0.0,0.8033333420753479,0.41,0.45123
3gus,2.400733709335327,0.8970936163033568,0.7406250238418579,-0.13,0.21284
3guz,0.25024810433387756,0.9873714402768465,1.0,-0.33,0.89739
3gv6,,,,-2.69,0.00059
3gv9,0.46919992566108704,0.0,0.9574132561683655,0.68,0.91205
3gvb,6.604048728942871,0.0,0.2400568127632141,0.42,0.68333
3gw5,0.9220309853553772,0.9383392029446241,0.8817114233970642,0.07,0.9567
3gws,0.356253445148468,0.9756490355070618,0.9858900308609009,0.33,0.98649
3gwt,0.6085421442985535,0.9489845615334814,0.9503649473190308,-0.54,0.76032
3gwu,1.7333401441574097,0.9239345005464328,0.7159926295280457,-0.84,0.5163
3gwv,0.8594954609870911,0.9647471194176994,0.8978300094604492,-0.32,0.58303
3gww,0.37806013226509094,0.9824015034279803,0.9890710115432739,0.15,0.92583
3gwx,1.707048773765564,0.0,0.7122302055358887,-0.26,0.35908
3gx0,4.328064918518066,0.8854521137571828,0.6608594655990601,-1.66,0.54614
3gxt,0.610021710395813,0.9360547696051019,0.9490740895271301,-0.60,0.71854
3gxy,2.639822244644165,1.0,0.682788074016571,-2.65,0.45614
3gxz,9.212876319885254,0.0,0.04769114404916763,-3.58,0.02297
3h03,0.5323363542556763,0.0,0.9641608595848083,0.02,0.9494
3h06,1.3008395433425903,0.0,0.813703715801239,-0.22,0.83076
3h0b,1.0308157205581665,0.0,0.8852459192276001,-0.46,0.04619
3h0v,29.54411506652832,0.01138448584847666,0.0,-3.02,0.00037
3h0z,1.8618741035461426,0.0,0.756827712059021,-1.23,0.46646
3h1z,24.226104736328125,0.2745881226228569,0.0007344300975091755,-2.96,0.02362
3h21,0.24204866588115692,0.0,0.9994588494300842,0.12,0.86162
3h2c,0.12323503941297531,0.9878911870877429,1.0,0.33,0.94473
3h2n,0.29248058795928955,0.0,0.995945930480957,0.83,0.86704
3h3c,1.229380488395691,0.9511166458776598,0.8917018175125122,-0.54,0.84479
3h59,0.8930524587631226,0.9715035696492618,0.9286105036735535,0.24,0.94225
3h5s,0.8913736939430237,0.0,0.889452338218689,0.25,0.87896
3h6z,32.88642120361328,0.08768696490779594,0.0,-2.12,0.10956
3h78,0.26608461141586304,0.990390839144846,1.0,-0.13,0.83722
3h85,22.768573760986328,0.18611474238336778,0.017468353733420372,-3.13,0.06569
3h91,,,,-2.10,0.01077
3h9k,0.9999176859855652,0.0,0.8466469645500183,0.02,0.80593
3hau,4.568305969238281,0.8668590995440576,0.5852059721946716,-1.55,0.62937
3haw,2.105452537536621,0.9423845487811986,0.7246351838111877,-1.14,0.41085
3hb4,0.8825978636741638,0.9253260590377498,0.8900119066238403,-0.58,0.5975
3hb8,0.9947662949562073,0.9155327575140905,0.8830897808074951,0.17,0.82966
3hbo,1.3459333181381226,0.9526269573702375,0.832909107208252,-0.96,0.45531
3hcm,1.1854225397109985,0.04928754259873812,0.8263274431228638,-0.90,0.72876
3hd3,0.9262505173683167,0.9518285826224739,0.8698949813842773,0.50,0.5048
3hdk,2.1338858604431152,0.9438421190152585,0.75239497423172,-1.42,0.55759
3hdz,0.6890920400619507,0.929255987843289,0.9213043451309204,-0.00,0.50399
3hfj,8.546340942382812,0.4675177591411298,0.21350806951522827,-0.27,0.6547
3hfz,0.28988948464393616,0.9595162316906617,0.991900622844696,0.30,0.89106
3hg1,5.561001777648926,0.7683626636996957,0.34983882308006287,-3.33,0.00409
3hha,1.2507678270339966,0.0,0.8545331358909607,0.86,0.72905
3hik,11.376531600952148,0.604395959162249,0.15221579372882843,-1.47,0.03089
3hiv,8.561382293701172,0.0,0.25660234689712524,-2.40,0.03201
3hj0,2.3839025497436523,0.11902043637468963,0.7797203063964844,-0.53,0.62201
3hjo,1.169498085975647,0.9567838755694574,0.8655015230178833,-0.51,0.56391
3hk1,1.0884367227554321,0.9570536514947552,0.9011628031730652,0.08,0.31307
3hkn,5.263386249542236,0.9340493268727593,0.3447580635547638,-2.46,0.10017
3hkq,1.4052690267562866,0.9463978256557649,0.8178732991218567,-0.47,0.4905
3hkt,2.3108885288238525,0.9584127138075644,0.7750880122184753,-1.10,0.12767
3hku,1.047664761543274,0.9622284829887571,0.8890600800514221,-0.29,0.29356
3hl5,4.0800461769104,0.8046754349075906,0.766094446182251,0.30,0.34789
3hl7,1.3309710025787354,0.9451797307469519,0.8858936429023743,-0.10,0.21498
3hl8,0.4697290360927582,0.9809399880647727,0.987864077091217,-0.27,0.38361
3hll,0.5030328035354614,0.9393595111067367,0.9727272987365723,0.02,0.71688
3hlo,,,,-1.43,0.50906
3hng,0.267333447933197,0.9651147529907292,1.0,0.77,0.9873
3hp2,0.4655607342720032,0.9664144745999439,0.9800918698310852,0.04,0.94769
3hp5,1.535907506942749,0.8731783322089658,0.7575210332870483,0.67,0.61568
3hq5,0.9395496249198914,0.939126609088705,0.8914706110954285,0.23,0.41387
3hqh,20.287654876708984,0.2891058066034461,0.03684661537408829,-2.06,0.11492
3hqr,0.2043260782957077,0.9812930380030742,1.0,0.63,0.73598
3hr1,0.7932750582695007,0.9505601137091527,0.9225195050239563,-0.07,0.65603
3hrb,0.8848950266838074,0.9297878212094958,0.8953220844268799,0.18,0.85719
3hrf,18.173748016357422,0.23684848301029032,0.005549389403313398,-0.47,0.13349
3hs4,0.2720387876033783,0.9886853814338412,1.0,0.61,0.90554
3hu1,1.5291578769683838,0.0,0.7584787011146545,-0.44,0.80288
3hu2,1.0765297412872314,0.0,0.8377367854118347,-0.40,0.62101
3hu3,1.0119260549545288,0.0,0.8664241433143616,-0.63,0.57542
3huc,7.063149452209473,0.8880960206289804,0.46191513538360596,-0.26,0.83944
3hv6,0.6397960186004639,0.9825626594770464,0.949945867061615,0.30,0.63774
3hv7,0.45219796895980835,0.982170904920192,0.9900841116905212,0.10,0.84987
3hvh,0.9774221777915955,0.9795381394181764,0.8926136493682861,0.30,0.72399
3hvj,0.8855577111244202,0.9301163823161848,0.9073373675346375,0.19,0.94054
3hvk,0.6691998839378357,1.0,0.9358679056167603,0.56,0.75422
3hww,10.753265380859375,0.0,0.0467914454638958,-0.51,0.53333
3hx3,0.5222002863883972,0.9810057727168554,0.8588342666625977,0.45,0.51181
3hxb,5.5125885009765625,0.8470541738749415,0.28999999165534973,-1.76,0.61118
3hxd,6.237747669219971,0.8550762566413277,0.3495004177093506,-1.96,0.25378
3hxf,8.479700088500977,0.8083129429735663,0.15518257021903992,-2.06,0.50477
3hy5,1.0791293382644653,0.9713943529452729,0.8466386795043945,-0.44,0.32554
3hy7,0.6379076838493347,1.0,0.9695122241973877,0.11,0.98213
3hzk,5.276297092437744,0.9518687136720386,0.4111271798610687,-2.10,0.23347
3hzm,0.5934550166130066,0.9523873500394464,0.9766082167625427,-0.56,0.85134
3hzv,3.342721939086914,0.9513198255483439,0.6791516542434692,-2.12,0.15733
3hzy,,,,-2.76,0.07296
3i02,,,,-2.93,0.1676
3i0r,0.9995436668395996,0.9426700134402063,0.8702805042266846,-0.37,0.46699
3i0s,1.166597843170166,0.9764115285164824,0.8655462265014648,-0.34,0.34633
3i1y,0.3290465772151947,0.9744669231291405,0.9958620667457581,-0.33,0.95186
3i25,2.9244186878204346,0.0,0.7340450882911682,-0.52,0.5599
3i4a,0.5434343814849854,0.9693263673710757,0.9616477489471436,0.50,0.82762
3i4y,0.5927924513816833,0.9648678389059541,0.9620822668075562,0.20,0.79455
3i51,0.5024492740631104,0.9496159699539645,0.9651898741722107,0.40,0.82571
3i5r,,,,-3.06,0.00321
3i6m,1.2587385177612305,0.8738056005921025,0.8190559148788452,0.02,0.70163
3i6o,0.8063977956771851,0.9620271746958236,0.906120777130127,0.21,0.68757
3i6z,1.3486385345458984,0.9382710785117951,0.7863677740097046,-0.78,0.5542
3i73,22.321453094482422,0.09766270705359478,0.0,-1.27,0.14426
3i7g,2.789243698120117,0.0,0.7863984704017639,-0.58,0.66796
3i8t,1.4162397384643555,0.9583713329428017,0.7681818008422852,-3.11,0.40671
3i90,,,,-3.72,0.01178
3i91,,,,-2.38,0.05406
3i97,2.2372124195098877,0.0,0.6546762585639954,-1.17,0.3951
3i9g,1.3446784019470215,0.9565861681071081,0.8311648368835449,-0.30,0.1887
3ia6,0.4984896183013916,0.9654986333459608,0.9675480723381042,0.00,0.92349
3ibc,5.701932907104492,0.0,0.2507225573062897,-2.10,0.53547
3ibi,0.6356337070465088,0.9882404322064362,0.9583333134651184,0.50,0.92972
3ibl,0.6697842478752136,0.9449460837728051,0.9444444179534912,0.22,0.61094
3ibn,0.9898959994316101,0.966523854207518,0.9212018251419067,0.10,0.79472
3ibu,0.9394013285636902,0.9650904691830913,0.9066416025161743,0.49,0.9392
3ie3,0.9612146019935608,0.035897823279422994,0.8876923322677612,-0.22,0.36437
3ieo,2.864690065383911,0.8808781237802115,0.5857843160629272,-1.65,0.07152
3iet,,,,-3.20,0.00095
3if7,0.7390322685241699,0.9680981104571874,0.9413854479789734,-1.02,0.08227
3ig1,0.45073235034942627,1.0,0.9969135522842407,-0.17,0.89437
3ig6,1.1535956859588623,0.9314820631860834,0.8536121845245361,-0.45,0.77248
3ig7,1.13535475730896,0.9057450771780887,0.8958333134651184,0.40,0.53034
3igg,0.45168375968933105,0.9502747884987534,0.9798850417137146,0.73,0.97605
3igp,1.3199843168258667,0.9676348541995061,0.9068080186843872,0.27,0.2704
3ihz,1.8605464696884155,0.917148713014404,0.7132952809333801,-1.55,0.39462
3iit,1.4260677099227905,0.9696429701931913,0.9086589217185974,0.36,0.95112
3iiw,,,,-2.15,0.00414
3ijg,6.798628807067871,0.0,0.24394463002681732,-1.66,0.20009
3ijh,1.1909047365188599,0.0,0.831384003162384,-0.80,0.66845
3ijy,2.4343440532684326,0.0,0.7723132967948914,-1.33,0.20581
3ikc,1.379001259803772,0.0,0.9306083917617798,-1.68,0.45273
3ikd,0.971480667591095,0.9596563520748864,0.8910362124443054,-0.65,0.34875
3il5,1.015358328819275,0.8906175184528226,0.8885185122489929,-0.84,0.51526
3il6,0.7091841697692871,0.950458075376011,0.8977407813072205,-0.18,0.65034
3ilq,12.0203275680542,0.8918715074962152,0.17990654706954956,-0.71,0.53899
3imc,0.2169085443019867,0.9555658347754797,0.9993638396263123,0.45,0.90918
3img,0.28221768140792847,0.9546549003243685,0.9974358677864075,0.57,0.78311
3imy,0.17659510672092438,0.9679458313309695,1.0,0.19,0.97512
3iof,0.2170991450548172,1.0,1.0,-0.53,0.8113
3iog,2.615408182144165,0.8938446626324981,0.6082352995872498,-0.08,0.54833
3ioi,1.3997722864151,0.9157701517507529,0.8274685144424438,-1.19,0.51696
3ip5,1.4264442920684814,0.8885317648317383,0.7575757503509521,-2.47,0.1642
3ip6,2.0259909629821777,0.8612170198964564,0.6313186883926392,-4.53,0.57462
3ip8,0.2259903848171234,0.9897060713039583,1.0,0.31,0.82021
3ip9,0.5928699374198914,0.9483783407878882,0.9575757384300232,1.32,0.32654
3ipa,1.4373204708099365,0.899445195747672,0.755384624004364,-2.79,0.07271
3iph,0.9546461701393127,0.9439221265704167,0.897020697593689,0.66,0.76144
3ips,1.1466546058654785,0.9545809816483644,0.8214285969734192,-0.03,0.87606
3ipx,0.6046505570411682,0.9692410501119351,0.9564831256866455,0.52,0.84141
3iqg,12.50610637664795,0.3737742060816639,0.07096289098262787,-2.16,0.45692
3iqi,14.9398775100708,0.33138987424322086,0.037352554500103,-2.67,0.38934
3iqj,7.807046413421631,0.6022427431278085,0.16548630595207214,-2.52,0.09112
3iqq,,,,-3.43,0.28778
3iqu,4.685234546661377,0.7185413603489937,0.28545233607292175,-2.70,0.12367
3irx,2.5616226196289062,0.9657293175934253,0.6813725233078003,-0.32,0.26406
3isw,,,,-3.12,0.0034
3itc,0.3527243435382843,0.9767330872441377,0.9955089688301086,-0.95,0.87998
3ith,0.6925837397575378,0.938993915595702,0.9288135766983032,-1.20,0.72348
3itu,0.15821613371372223,1.0,1.0,0.65,0.95984
3iu7,0.17195284366607666,0.9778373134234926,1.0,0.93,0.96163
3iu9,0.2529425621032715,0.9710570485859626,1.0,-0.07,0.6769
3iuc,1.7436397075653076,0.0,0.7631446123123169,-0.02,0.52038
3iut,0.5969715714454651,0.9612553434361072,0.9560906291007996,0.15,0.80203
3ivc,1.1273057460784912,0.9360347913153353,0.855088472366333,0.00,0.96093
3ivg,1.4106080532073975,0.9425917082595522,0.7990296483039856,-0.17,0.74809
3ivh,0.7555534243583679,0.973316328939619,0.9199561476707458,-0.03,0.98188
3ivq,,,,-1.85,0.72026
3ivx,0.8594954013824463,0.0,0.9074292182922363,0.00,0.82065
3iw4,2.2518675327301025,0.8830334412689891,0.7116976976394653,0.22,0.51564
3iw5,0.9902482628822327,0.9672869063584513,0.884861946105957,-0.24,0.6136
3iw7,0.6144102215766907,0.9881539196685607,0.9616013169288635,0.46,0.71041
3iw8,0.6101527810096741,1.0,0.960422158241272,0.01,0.93146
3iww,1.0357418060302734,0.937720369919016,0.8925372958183289,-0.57,0.90533
3jdw,0.33387476205825806,0.9558943418762073,1.0,0.97,0.91214
3jq7,0.6081892251968384,0.9331059600600983,0.9440789222717285,-0.39,0.57438
3jq9,1.5598753690719604,0.9598590942330697,0.7428209185600281,-0.78,0.69378
3jqa,0.4163588285446167,0.0,0.9823788404464722,-0.28,0.5448
3jqb,0.4569151699542999,0.9888694405087752,0.9684466123580933,-0.34,0.87405
3jqg,0.48934173583984375,0.955184634674857,0.9778324961662292,-0.60,0.499
3jrs,0.6043838858604431,0.9700262273263084,0.9522532224655151,0.51,0.77023
3jrx,1.749941110610962,0.9431499854098003,0.7835078239440918,0.21,0.2349
3jsi,0.4864145517349243,0.0,0.9625668525695801,0.50,0.92415
3jsw,0.846442699432373,0.0,0.882377028465271,-0.04,0.77157
3juk,0.9879130125045776,0.0,0.8614077568054199,-0.64,0.55592
3jvk,,,,-2.24,0.01204
3jwq,2.5245912075042725,0.047774656723217214,0.6442494988441467,-0.25,0.37897
3jy0,0.7972108721733093,0.9550184420403799,0.9416835904121399,0.88,0.47481
3jyj,0.24931856989860535,0.0,0.9860074520111084,0.26,0.93037
3jyr,1.3219413757324219,0.9333290872136952,0.7938963174819946,-1.39,0.65538
3jzb,1.023952841758728,0.9425007612673015,0.8529411554336548,0.14,0.49347
3jzc,0.7538882493972778,0.9395589304287527,0.9157348275184631,0.64,0.93431
3jzf,0.7855798006057739,0.9731316271780026,0.9276463985443115,0.06,0.80537
3jzg,,,,-2.27,0.00439
3jzh,,,,-2.77,0.00185
3jzj,1.6992528438568115,0.9436039265127364,0.7411360144615173,-1.10,0.48311
3jzk,1.5342639684677124,0.939720250839346,0.7446191906929016,-0.02,0.03453
3jzo,24.729591369628906,0.30013832910838184,0.007389162667095661,-3.05,0.0128
3jzp,22.474828720092773,0.3919966955509943,0.018439441919326782,-3.53,0.01627
3jzq,14.861593246459961,0.0,0.013096624054014683,-3.82,0.02873
3jzr,23.25845718383789,0.2766188063329077,0.0033045976888388395,-3.58,0.02043
3jzs,16.346662521362305,0.31474308994694855,0.08794046193361282,-3.57,0.00119
3k00,2.5106801986694336,0.8953963991886768,0.6283659934997559,-1.28,0.33902
3k02,2.786971092224121,0.9349292085909581,0.5804804563522339,-1.81,0.61827
3k22,0.8913504481315613,0.9771775134889453,0.8962554931640625,-0.03,0.86839
3k23,1.8317219018936157,0.0,0.7072733044624329,-1.17,0.50696
3k26,,,,-1.31,0.00185
3k27,,,,-2.37,0.00066
3k37,0.875309407711029,0.9322803878546285,0.9046310782432556,0.26,0.96958
3k3b,2.0052146911621094,0.0,0.6182505488395691,-0.12,0.60011
3k3e,,,,0.27,0.47267
3k3g,5.597086429595947,0.5597295718770989,0.3628808856010437,-0.96,0.82826
3k3h,,,,0.31,0.45121
3k3i,0.42735597491264343,0.9088555951856021,0.97420334815979,0.52,0.62931
3k41,0.9376250505447388,0.9468846220591767,0.9087759852409363,-0.39,0.43794
3k4d,0.8193783760070801,0.9672573214237679,0.9232364892959595,-0.41,0.71167
3k4q,,,,-1.76,0.23132
3k54,1.8838976621627808,0.9474346304717234,0.7508640289306641,-0.54,0.11773
3k5d,1.0632753372192383,0.0,0.8712944388389587,-0.17,0.07182
3k5f,2.4419500827789307,0.9252518569533936,0.7817641496658325,-0.08,0.75806
3k5g,0.7780213356018066,0.0,0.9175874590873718,-0.15,0.9349
3k5i,0.8327571749687195,0.948264062176391,0.9043874144554138,-0.12,0.76075
3k5k,1.3658314943313599,0.9610904155529386,0.874451756477356,0.08,0.64235
3k5u,0.7276613116264343,0.9475237820883005,0.910287082195282,0.14,0.83682
3k5x,0.7603700160980225,0.9789646795019642,0.9159836173057556,-0.07,0.97123
3k7f,0.6942548751831055,0.0,0.9527953863143921,0.17,0.2692
3k83,0.4355235993862152,0.96719807926962,0.9729102253913879,0.24,0.41614
3k84,1.455628752708435,0.0,0.7831003069877625,-0.67,0.33249
3k8c,0.5954080820083618,0.02536642380992459,0.9476386308670044,-0.03,0.74222
3k8d,0.8099315166473389,0.0,0.9060439467430115,-0.66,0.37321
3k8o,2.1717476844787598,0.0,0.7124010324478149,-0.19,0.66433
3k99,0.40150782465934753,0.9548968784975796,0.9876977205276489,0.39,0.75981
3ka2,,,,-1.37,0.57435
3kac,0.6282329559326172,0.9582411057363927,0.9551281929016113,0.60,0.87214
3kad,1.1015818119049072,0.9572603866053754,0.8815789222717285,-0.22,0.11105
3kag,0.4389747083187103,0.9855366746811872,0.9890804886817932,-0.11,0.83891
3kb3,1.0813640356063843,0.9510932139231031,0.8690476417541504,0.03,0.7055
3kb7,1.0949629545211792,0.9288647963224625,0.8336021304130554,-0.21,0.65365
3kbz,0.42700567841529846,0.945702859117761,0.9808061122894287,0.76,0.86327
3kd7,5.661630153656006,0.06776415260328623,0.13446548581123352,-2.26,0.00995
3kdc,1.0891398191452026,0.981197701351347,0.8767550587654114,-0.43,0.72215
3kdm,2.572150945663452,0.0,0.6001472473144531,-0.47,0.45459
3kdt,1.0975075960159302,0.0,0.8703599572181702,0.03,0.78919
3kec,0.5330507755279541,0.9294046383967747,0.963452935218811,-0.31,0.72189
3ked,2.2965216636657715,0.8703757043785182,0.7146596908569336,0.54,0.49735
3kej,0.9005610942840576,0.9362048078607234,0.8844612836837769,-0.17,0.63735
3kek,0.5440853238105774,0.0,0.9590780735015869,-0.08,0.89276
3kf7,0.8286510109901428,0.96729339542102,0.9073834419250488,0.06,0.06843
3kfc,0.6716929078102112,1.0,0.9467592835426331,-0.03,0.70152
3kga,0.8137180209159851,0.9242696781715126,0.888920783996582,0.55,0.76602
3kgq,0.18879126012325287,0.9891672572453518,1.0,0.61,0.87555
3khj,0.6104239225387573,0.0,0.9138692617416382,-0.42,0.44352
3khv,0.4285620152950287,0.9755833813825969,0.9979451894760132,-0.14,0.82702
3kig,0.5167385339736938,0.9657795140386555,0.9882698059082031,0.77,0.78279
3kiv,0.763117253780365,0.97839719813649,0.9309338331222534,0.64,0.58846
3kjd,1.4362678527832031,0.0,0.9005101919174194,0.85,0.97434
3kjf,1.0869799852371216,0.945178388302319,0.8740941882133484,-0.02,0.35544
3kjn,4.980037689208984,0.9094898044252963,0.515544056892395,-1.57,0.26963
3kjq,1.1005120277404785,0.9657269609611482,0.8625954389572144,-0.51,0.57413
3kku,3.8777129650115967,0.8324227724325484,0.6304794549942017,-0.28,0.21047
3kl6,1.1250832080841064,0.9897062657796354,0.89453125,-0.00,0.89705
3kmc,0.5071277618408203,0.0,0.9649493098258972,0.00,0.88459
3kme,1.0108555555343628,0.9683271402424031,0.8826836347579956,-0.62,0.79882
3kmy,2.0454018115997314,0.8892913675348834,0.7407002449035645,0.05,0.80967
3kpu,0.19021539390087128,0.9889199919581625,1.0,-0.42,0.74133
3kpv,0.41119372844696045,0.9774723495802051,0.9769230484962463,0.24,0.65686
3kpw,0.14174774289131165,0.0,0.9936440587043762,-0.15,0.64146
3kqa,0.6211907267570496,0.0,0.9583333134651184,-0.73,0.58024
3kqb,1.3907467126846313,0.9796897039471922,0.857597291469574,0.16,0.56197
3kqc,1.1489849090576172,0.9596558735377952,0.8684815764427185,-0.06,0.51654
3kqd,2.616330862045288,0.9695242089479857,0.7666906118392944,0.16,0.44364
3kqe,1.599290370941162,0.9101315947632259,0.7733827233314514,0.15,0.59051
3kqm,0.12543579936027527,0.9774174168438141,1.0,0.65,0.67181
3kqp,0.13948005437850952,0.9893092516840402,1.0,0.19,0.67576
3kqr,0.6532363295555115,0.0,0.9371921420097351,0.79,0.85017
3kqy,0.27593502402305603,0.9779872353375841,0.9992897510528564,0.02,0.2543
3kr0,0.747498631477356,0.9666979416968515,0.9259999990463257,0.16,0.67239
3kr1,0.7627708911895752,0.9463350532292644,0.9248633980751038,0.41,0.79412
3kr2,1.0145124197006226,0.0,0.8515625,0.19,0.6556
3kr8,0.7397429347038269,0.0,0.9343112111091614,0.70,0.87993
3krl,0.7801445126533508,0.9761936199106437,0.9432953000068665,0.43,0.22729
3krw,0.7131816744804382,0.9538307289263969,0.9349696636199951,-0.58,0.89786
3ksl,1.671826720237732,0.9429797141448998,0.7858479022979736,-0.57,0.7249
3ksq,3.7771215438842773,0.8868223927694406,0.48006534576416016,-1.55,0.02305
3kv2,1.200314998626709,0.9521156602985681,0.8300220966339111,0.64,0.81525
3kw9,0.5929182767868042,0.9857726247427717,0.952404797077179,-0.10,0.09969
3kwa,5.027697563171387,0.8071721657718901,0.4414460361003876,0.02,0.52031
3kwb,0.9403954148292542,0.9219994473052632,0.8629143834114075,-0.66,0.65827
3kwf,0.8123990297317505,0.0,0.8890577554702759,-0.00,0.46793
3kwj,1.975892186164856,0.8492264215046783,0.6664482355117798,-1.13,0.63896
3kwz,1.9820767641067505,0.8904815615372432,0.7105091214179993,-0.28,0.52164
3kx1,5.682593822479248,0.8516050741974446,0.6095545887947083,-0.52,0.56029
3kyf,,,,-0.81,0.59844
3kyg,,,,-1.11,0.2685
3kyq,0.8331031203269958,0.9873987598934416,0.8880331516265869,-1.12,0.37218
3l0e,1.001049280166626,0.9672398400617883,0.8762008547782898,-0.59,0.33042
3l0k,1.072448492050171,0.941477302462411,0.8720449209213257,-0.36,0.84002
3l0n,0.652685284614563,0.9153189613992312,0.9533153176307678,-0.19,0.80234
3l13,0.8855762481689453,0.9610335591146857,0.9129213690757751,0.18,0.97448
3l17,1.4284727573394775,0.930371636324408,0.7979452013969421,0.00,0.82037
3l1n,1.8180710077285767,0.9854093793741218,0.7416666746139526,-0.95,0.51413
3l1s,0.48116305470466614,0.9553125111025594,0.9775280952453613,0.42,0.98638
3l38,1.175938367843628,0.9386712188766264,0.8198621273040771,-0.15,0.5289
3l3a,1.1924208402633667,0.9505874007440851,0.8175926208496094,0.12,0.69878
3l3l,0.49542587995529175,0.9788489841481534,0.981448769569397,0.51,0.94012
3l3m,1.0947619676589966,0.9437801132629487,0.8803050518035889,0.29,0.75526
3l3x,,,,-3.37,0.04734
3l4u,3.007554054260254,0.9227210857381308,0.7397875785827637,-0.84,0.29865
3l4w,0.7214269638061523,0.9107862484336531,0.9262948036193848,-0.05,0.65998
3l4z,1.423630952835083,0.9447804311920316,0.7730891704559326,-0.81,0.65668
3l58,0.8143536448478699,0.9658880818486838,0.8934800624847412,-0.96,0.75634
3l5r,1.3637744188308716,0.038933159995079354,0.7658102512359619,-0.32,0.70162
3l6f,33.51987075805664,0.10095747940570277,0.0005666364450007677,-2.99,0.04376
3l6h,0.21312597393989563,0.9652490542623514,1.0,0.96,0.97192
3l6x,,,,-3.94,0.04891
3l79,0.9415397644042969,0.9241175806776211,0.8925269842147827,0.45,0.48908
3l7a,1.0108691453933716,0.9477810460037062,0.9022634029388428,0.16,0.38927
3l7b,0.5117602944374084,0.9412212992772365,0.9542880058288574,0.48,0.6318
3l7c,0.7779842019081116,0.9417210916449652,0.9085366129875183,0.33,0.44924
3l7d,2.0797667503356934,0.891878123153594,0.6970081329345703,-0.45,0.17343
3l7g,1.0111727714538574,0.0,0.8601449131965637,-0.17,0.83696
3l8x,0.7743579745292664,0.957128222430691,0.9128590226173401,0.61,0.74746
3l9l,1.2307605743408203,0.0,0.8093891143798828,-1.17,0.59384
3l9m,2.7000632286071777,0.0,0.753627598285675,-0.31,0.39798
3l9n,3.8673932552337646,0.8522792268819794,0.45961347222328186,-2.47,0.05717
3lbl,0.9808461666107178,0.06530863464557049,0.8726190328598022,0.39,0.87444
3lbz,4.438429355621338,0.03502670226943037,0.44762569665908813,-1.41,0.15721
3lco,1.7885240316390991,0.9414564400806829,0.808809757232666,0.21,0.50152
3ldq,0.9086022973060608,0.8689448517585765,0.9248533844947815,-0.70,0.44631
3ldw,0.9651974439620972,0.0,0.8891509175300598,-0.61,0.74488
3le8,0.6993590593338013,0.0,0.8479803204536438,-0.19,0.82193
3lf0,0.8355746865272522,0.9558776810311397,0.9104846715927124,-0.36,0.74954
3lfn,0.8758794069290161,0.94738823782006,0.9049510955810547,0.77,0.94127
3lfs,0.7363052368164062,0.9546582080654114,0.9282786846160889,1.24,0.49313
3lgl,,,,-1.02,0.00069
3lgp,1.6283918619155884,0.0,0.9031932353973389,-0.28,0.37701
3lgs,0.7047780156135559,0.0,0.9263322949409485,0.01,0.67147
3lhj,0.4573381543159485,0.9704531764740347,0.9799883961677551,0.59,0.94217
3li2,1.5024371147155762,0.0,0.8676136136054993,-1.26,0.60934
3lir,1.0445995330810547,0.9871957547958894,0.9338235259056091,-0.85,0.57796
3lj7,0.5178860425949097,0.9526802421864162,0.967391312122345,0.61,0.45135
3ljt,2.160238265991211,0.9293695106048266,0.7312113046646118,-0.01,0.23276
3ljz,1.4653359651565552,0.9522791974954768,0.7608881592750549,-0.20,0.77777
3lk0,0.6081827282905579,0.9682451171737986,0.9770408272743225,-1.23,0.29381
3lk1,0.3759017288684845,1.0,0.9930070042610168,-0.72,0.79345
3ll8,13.912495613098145,0.0,0.13616938889026642,-3.49,0.05432
3lle,0.9494423270225525,0.9758692607698093,0.8744493126869202,-0.61,0.02223
3llm,4.541035175323486,0.9254960672307395,0.6130136847496033,-0.90,0.52106
3lmk,6.908057689666748,0.46936606893147015,0.24379844963550568,-2.64,0.01428
3lmp,1.1190288066864014,0.9539102010148348,0.8698412775993347,-0.98,0.56256
3lnz,,,,-2.99,0.02942
3lok,0.5984699726104736,0.9276065855082104,0.9614955186843872,-0.62,0.04178
3loo,1.4531817436218262,0.0,0.7753807306289673,-0.96,0.32572
3lox,1.2354460954666138,0.9382253382657468,0.8410757780075073,0.46,0.15627
3lp0,63.47024154663086,0.0,0.0,-0.46,0.75245
3lp4,6.326670169830322,0.0,0.3103448152542114,-1.24,0.07988
3lp7,1.1995164155960083,0.9107096911332776,0.8175531625747681,0.55,0.89312
3lpf,0.6278310418128967,0.917542606101444,0.9461973905563354,-0.94,0.59201
3lpg,0.6644397974014282,0.943121835487824,0.9172566533088684,-1.42,0.49507
3lpl,0.35630500316619873,0.0,1.0,-0.06,0.72995
3lpr,4.5701823234558105,0.9152838997966989,0.5437853336334229,-0.53,0.27397
3lq5,2.158151149749756,0.8891930576849763,0.7703333497047424,-0.39,0.60672
3lqj,,,,-2.49,6e-05
3lrh,14.058845520019531,0.005908148296945597,0.02120535634458065,-3.17,0.0275
3ls4,12.636276245117188,0.3037318955618841,0.0870818942785263,-1.20,0.4823
3lvp,0.3557397127151489,0.0,0.9611693024635315,0.59,0.96705
3lvw,1.0986778736114502,0.9828452252131469,0.8608617782592773,0.12,0.65036
3lw0,1.8942433595657349,0.0,0.7626538872718811,-0.94,0.40838
3lxe,0.5924389958381653,0.9702613923703066,0.9510135054588318,-0.12,0.24602
3lxg,0.5574522018432617,0.9483249415052367,0.9904494285583496,0.43,0.88326
3lxk,0.7004517912864685,0.9284881406151486,0.9433895945549011,0.39,0.92764
3lxo,0.9393109679222107,0.926241522426081,0.8963302969932556,0.02,0.33949
3lzz,9.660568237304688,0.5979953996291448,0.21220657229423523,-1.52,0.00849
3m11,0.7122572064399719,0.9800210973253294,0.9325787425041199,0.36,0.85429
3m3r,,,,-3.11,0.06251
3m53,,,,-3.09,0.00012
3m54,,,,-2.57,0.00169
3m55,,,,-2.27,3e-05
3m57,,,,-3.00,0.28735
3m58,,,,-2.28,4e-05
3m59,,,,-2.28,4e-05
3m5a,,,,-2.15,0.0
3m6p,1.8294010162353516,0.9556514800567323,0.8144299387931824,0.12,0.78279
3m6q,1.9065427780151367,0.9544046158657253,0.8058574795722961,-0.20,0.19098
3m6r,1.86808443069458,0.0,0.8333333134651184,0.25,0.87176
3m89,2.2654805183410645,0.8523021165114685,0.6293436288833618,-0.93,0.04011
3m8q,1.1811082363128662,0.9193971101906543,0.8625812530517578,-0.33,0.73791
3m8u,1.9304828643798828,0.9134085548575822,0.7199090123176575,-1.28,0.24922
3m96,0.8346775770187378,0.9897386208804966,0.904599666595459,0.01,0.53641
3ma3,7.042616367340088,0.9411667757886644,0.29229798913002014,0.13,0.67589
3mam,0.5667533278465271,0.9705025998019877,0.9570610523223877,-0.38,0.34095
3mb6,7.141885280609131,0.8909725420267748,0.25992780923843384,-0.30,0.16448
3mb7,0.7234556674957275,0.9253103530346265,0.9329372048377991,0.13,0.54169
3mbp,1.119101643562317,0.9422494530179436,0.8592648506164551,-0.95,0.53542
3mbz,3.531139373779297,0.891785050253481,0.4963276982307434,-0.87,0.19678
3mct,0.12916724383831024,0.9810845275233266,1.0,0.18,0.81729
3me9,,,,-1.72,0.00519
3mea,,,,-1.72,0.0026
3mfv,0.5446742177009583,0.0,0.9681318402290344,0.54,0.60797
3mfw,0.5066750645637512,0.9745937219222622,0.9814814925193787,0.38,0.14537
3mhc,2.9399750232696533,0.9035469287873203,0.7431694269180298,-0.05,0.07324
3mhw,0.5382248163223267,0.962819356291048,0.9740259647369385,0.69,0.96229
3mi2,1.5335370302200317,0.03269915754429031,0.7951174378395081,-0.06,0.88862
3mi3,22.974607467651367,0.04968346385437229,0.0,-2.14,0.06216
3mj1,0.364414781332016,0.9584078759267456,0.9936661720275879,0.57,0.96155
3mj5,0.8027913570404053,0.9703843827349408,0.9160346984863281,-0.49,0.86568
3mjl,0.11842309683561325,0.0,0.9955089688301086,0.62,0.07671
3mkf,0.5890306830406189,0.9617136596871053,0.9754672646522522,-1.06,0.27398
3mkn,2.0308542251586914,0.0,0.7114678621292114,-0.85,0.38111
3mks,0.48778265714645386,1.0,0.9600591659545898,-0.17,0.33918
3ml2,0.41071876883506775,0.9891037257069456,0.9934476017951965,0.20,0.85007
3ml5,0.6525255441665649,0.9885788899976512,0.9516752362251282,0.80,0.85324
3mlb,0.575353741645813,0.9545483516304796,0.9523612260818481,-0.17,0.65021
3mle,1.3771631717681885,0.00995558388761084,0.8231440782546997,-0.60,0.45658
3mmf,3.3948018550872803,0.8543967550828314,0.6632922291755676,0.04,0.57668
3mna,2.2711305618286133,0.8831533439887574,0.8842975497245789,-0.27,0.63382
3moe,1.4579659700393677,0.9075283438504826,0.8551136255264282,0.26,0.81912
3mof,0.13511759042739868,0.9888094393622557,1.0,0.28,0.79042
3moh,0.2135344296693802,0.0,0.9640411138534546,0.30,0.31553
3mp1,,,,-2.40,0.00166
3mp6,,,,-1.72,0.01376
3mpt,0.5531375408172607,0.9464827043841946,0.950507640838623,-0.04,0.45152
3mqf,0.8517857789993286,0.9138934082144416,0.9059606194496155,-0.42,0.66803
3mrt,2.231293201446533,0.8930282563574871,0.7368282675743103,-0.03,0.7689
3mrv,1.510970115661621,0.9048739570280739,0.8181072473526001,-0.00,0.70606
3ms7,1.9118329286575317,0.8967763036657597,0.7530927658081055,-0.36,0.76772
3ms9,0.12249705940485,0.0,1.0,-0.19,0.93286
3msj,0.6337080001831055,0.9542786882570806,0.9464285969734192,0.19,0.90122
3mt7,0.778022289276123,0.9354441010724642,0.9272363185882568,-0.21,0.80045
3mt8,0.3413737714290619,0.9927609070605214,0.9876237511634827,-0.20,0.82281
3mta,0.8387334942817688,0.9266520332312168,0.9242874383926392,-0.23,0.73229
3mtb,0.6498351693153381,0.9411186300407762,0.9432223439216614,-0.10,0.7587
3mtd,0.8402827382087708,0.9625266827335032,0.9124857187271118,0.01,0.91606
3muf,0.7195659279823303,0.9558852381758727,0.9298418760299683,0.36,0.82503
3muk,,,,-3.34,0.0089
3mv5,0.9237039685249329,0.9130377403371732,0.923160195350647,0.59,0.85219
3mvl,0.6041775941848755,0.9719867967824125,0.9472610950469971,0.31,0.62457
3mvm,0.5341609120368958,0.0,0.9547960162162781,0.43,0.30687
3mww,25.00724220275879,0.0,0.0,-0.46,0.56437
3mxc,9.554210662841797,0.5173986060991596,0.22420147061347961,-2.24,0.22857
3mxd,1.3501672744750977,0.9514205155597071,0.8188816905021667,-0.63,0.6535
3mxf,0.6412032246589661,1.0,0.9634581208229065,0.41,0.92058
3mxr,2.127394676208496,0.9386531063829014,0.7028301954269409,-0.95,0.24099
3mxs,1.9597132205963135,0.9629285306905901,0.7423245906829834,-0.65,0.18738
3myq,1.212307095527649,0.9897435161101753,0.8564162850379944,-0.54,0.75187
3mz6,3.408996343612671,0.961392034219628,0.8947688341140747,-0.93,0.44248
3mzc,0.6315110921859741,0.9556911597165926,0.9626225233078003,0.97,0.78956
3n0h,0.5252267122268677,0.958436711273966,0.9563636183738708,-0.30,0.45202
3n0n,0.8578300476074219,0.9890844882304868,0.8915478587150574,0.43,0.84113
3n1c,1.07901930809021,0.0031601545505298067,0.8651185631752014,-0.25,0.76608
3n1v,0.3431509733200073,0.9533547675207495,0.9885057210922241,0.11,0.93918
3n1w,0.48224541544914246,0.9492182917837264,0.9592326283454895,0.04,0.87219
3n23,9.367510795593262,0.0,0.20004625618457794,-1.62,0.36454
3n35,0.8010411262512207,1.0,0.9042288661003113,-0.22,0.82816
3n3g,23.79823112487793,0.09699778229873675,0.0,0.08,0.2568
3n3l,0.978492259979248,0.901675659917445,0.9178571701049805,-0.14,0.82394
3n45,6.146872520446777,0.9017524246660669,0.3086380958557129,-0.89,0.58388
3n46,0.6665419340133667,0.9660820645202842,0.9578853249549866,-0.17,0.69951
3n49,0.46239063143730164,0.9474487782876582,0.9755681753158569,-0.04,0.95497
3n4c,0.7543296217918396,0.40570694727282747,0.9133928418159485,0.43,0.49426
3n4l,1.0148811340332031,0.964078906124589,0.8477723002433777,-0.09,0.88528
3n5k,5.132035255432129,0.8145787645783906,0.4983333349227905,-1.28,0.47276
3n5u,,,,-2.57,0.33901
3n76,0.7053334712982178,0.9591758458544458,0.9348371028900146,0.75,0.93478
3n7h,0.308458536863327,0.9880939596020244,0.998481810092926,-0.01,0.54375
3n7s,3.539217710494995,0.9310057832018285,0.6281577348709106,-1.40,0.40167
3n9r,1.8123520612716675,0.0,0.8997504115104675,-0.08,0.97989
3n9s,0.5536837577819824,0.9906233691091787,0.9808593988418579,-0.22,0.97631
3nal,0.9031333923339844,0.9665784024957976,0.895061731338501,0.01,0.55738
3nam,1.2347276210784912,0.9469381904567836,0.7898465394973755,0.19,0.80027
3nan,1.2964982986450195,0.8834838974549456,0.7986196279525757,-0.69,0.66711
3nb5,2.860044479370117,0.9030902847350699,0.8058882355690002,0.26,0.86706
3nba,1.0698822736740112,0.0,0.875724196434021,-0.78,0.65482
3nc9,0.8544121980667114,0.0,0.9281437397003174,-0.31,0.51787
3ncq,0.9292449355125427,0.9687494912887205,0.8826581239700317,-0.50,0.68504
3ncr,1.09360671043396,0.035313077318323484,0.8740201592445374,-0.38,0.61009
3ncz,0.599906325340271,0.0,0.9535316228866577,0.49,0.91892
3neo,1.2548271417617798,0.9024636342840965,0.7653743028640747,-0.70,0.46483
3nex,2.0299458503723145,0.9480739144222198,0.8688405752182007,-0.78,0.34061
3nf6,0.7547939419746399,0.014625402944339953,0.9259582161903381,0.01,0.80166
3nf7,25.98287010192871,0.012282041639921151,0.0,-0.16,0.83172
3nf9,27.51692008972168,0.006924188083909062,0.0,-0.06,0.85399
3nfk,13.424692153930664,0.42786899305624165,0.008070570416748524,-3.14,0.35813
3nfl,7.5926079750061035,0.0,0.205391526222229,-2.82,0.44934
3ng4,4.512155055999756,0.27874895088976853,0.3978395164012909,-1.35,0.11398
3nga,0.7233985066413879,0.9627397454818377,0.9543412923812866,0.24,0.92727
3nhi,0.915962815284729,0.9301719400036627,0.871515154838562,-0.06,0.53273
3nht,,,,-0.05,0.3136
3ni5,1.94268000125885,0.9484641268348415,0.8615664839744568,-1.00,0.30084
3nif,0.44889163970947266,0.9451018894260146,0.9799311757087708,-0.16,0.90357
3nii,,,,-2.60,0.26033
3nij,,,,-2.04,0.08817
3nik,12.606513023376465,0.0,0.5736024975776672,-2.13,0.03378
3nil,,,,-0.99,0.22461
3nim,11.242963790893555,0.006220522107584366,0.6455269455909729,-0.95,0.70795
3nin,,,,-2.71,0.03917
3njq,0.9630921483039856,0.9691284106787469,0.8578042387962341,-0.77,0.47772
3nk8,0.2868203818798065,0.9880831552246662,0.9965618848800659,-0.20,0.56922
3nlb,0.9109156131744385,0.9222542207161292,0.8894878625869751,-0.06,0.7316
3nm6,0.2076227068901062,0.9760075211031961,1.0,-0.13,0.84695
3nmq,0.79802405834198,0.9721555039220895,0.9071100950241089,-0.74,0.60264
3nnu,1.3443989753723145,0.9512054822746182,0.8323671221733093,0.26,0.5287
3nnw,0.5442504286766052,0.9834373530609818,0.9635650515556335,0.72,0.46389
3nok,0.8302039504051208,0.49893694008780914,0.8612224459648132,0.06,0.30868
3np7,0.7377126812934875,0.9596481190455521,0.9297752976417542,0.10,0.45665
3np9,0.8582391142845154,0.969059531915163,0.8743671178817749,0.18,0.5241
3npa,1.1634135246276855,0.9046281649776897,0.8497229814529419,0.22,0.37828
3nq3,1.0263209342956543,0.9794119184316031,0.8469899892807007,0.21,0.66294
3nq9,5.7766876220703125,0.6371651875355628,0.3078571557998657,0.14,0.43754
3ns9,0.8397430181503296,0.945727096915485,0.9253450632095337,0.37,0.67151
3nsh,0.3917882740497589,0.0,0.986061692237854,0.11,0.98783
3nsn,2.099344491958618,0.959971589171315,0.7709090709686279,-2.37,0.40758
3ntp,1.2408487796783447,0.9461404445542264,0.8063910007476807,-0.67,0.27476
3nuy,2.9392929077148438,0.9117982915737954,0.5952072739601135,-0.22,0.69392
3nw3,,,,-1.14,0.17684
3nwb,0.9926756620407104,0.9492727348006695,0.8957854509353638,0.33,0.83198
3nwe,0.7275287508964539,0.9691260963127762,0.9386904835700989,0.44,0.92953
3nww,0.8507970571517944,0.9453452063024983,0.8967446684837341,-0.16,0.59574
3nxq,1.3632209300994873,0.9104114192085264,0.8135638236999512,-0.96,0.37149
3ny3,,,,-2.79,0.01851
3nyd,0.2202027589082718,0.9896148139716381,1.0,0.53,0.93049
3nyx,0.43490415811538696,0.989521395545006,0.984274685382843,0.64,0.77573
3nzi,13.094155311584473,0.5929805794997108,0.32707181572914124,-2.84,0.0662
3nzu,0.5687171220779419,0.9684063968050012,0.9423374533653259,0.12,0.82118
3o0e,,,,-2.59,0.01531
3o0j,1.035744309425354,0.9255222529026478,0.8493071794509888,-0.40,0.61418
3o0u,1.2274601459503174,0.910929242796624,0.8042126893997192,0.60,0.66646
3o1d,,,,-3.27,0.20605
3o1e,,,,-3.42,0.00662
3o4k,9.555313110351562,0.534916983577235,0.09949362277984619,-1.72,0.10894
3o4l,4.765768051147461,0.8012308824504283,0.36860138177871704,-3.45,0.0481
3o64,2.1765050888061523,0.9793992567243291,0.8132586479187012,-0.86,0.40719
3o6l,,,,-3.02,0.00306
3o6m,,,,-2.97,0.00164
3o6t,1.3129035234451294,0.9608907137689144,0.8226163983345032,-0.28,0.53816
3o75,1.162207841873169,0.9614511425182065,0.8585141897201538,-0.21,0.93528
3o7u,0.15657667815685272,0.9890545779158169,1.0,0.33,0.96013
3o84,0.5859853029251099,0.9550378636240354,0.9296875,-0.87,0.16028
3o86,2.6531033515930176,0.0,0.7059164643287659,0.18,0.41095
3o8h,1.9798282384872437,0.9346008033346418,0.6754822731018066,-0.88,0.22574
3o8p,0.5318010449409485,0.98141661980396,0.9651360511779785,0.49,0.56918
3o9b,1.2691570520401,0.9616613815708143,0.8270964622497559,-0.20,0.87602
3o9c,1.0197633504867554,0.9519424483125722,0.8721340298652649,-0.09,0.6985
3o9h,0.9338597059249878,0.9901252329951777,0.9058614373207092,-0.14,0.64079
3oay,47.29942321777344,0.0,0.0,-1.36,0.92266
3ob0,36.87881851196289,0.006168605025726359,0.0,-1.89,0.03919
3obq,26.716041564941406,0.15401837585498435,0.0,-2.62,0.09386
3obu,19.709896087646484,0.2842170913946525,0.00035310734529048204,-2.62,0.07321
3obx,26.70547103881836,0.12512170235328382,0.0,-3.19,0.17492
3oc0,2.0475659370422363,0.0,0.6973243951797485,-0.70,0.70761
3ocb,1.7483769655227661,0.9064315829588087,0.8038605451583862,0.02,0.41337
3ocp,1.7051405906677246,0.8176710696476617,0.7179245352745056,-0.52,0.04799
3oct,0.9765716791152954,0.9689579091909217,0.8624442219734192,-0.16,0.45124
3ocz,1.3766368627548218,0.9453573206064212,0.8320530652999878,-0.60,0.43655
3odi,5.830332279205322,0.0,0.2185642421245575,-3.35,9e-05
3odl,3.963136672973633,0.034025711172086394,0.4811899662017822,-3.77,0.00019
3odu,0.7411859631538391,0.0,0.9174440503120422,-0.62,0.90211
3oe6,0.5469419360160828,0.9580550529785754,0.9610894918441772,-0.98,0.65162
3oe8,1.2083163261413574,0.9087880762858582,0.8125,-0.81,0.73108
3oe9,0.6965179443359375,0.9673671252351267,0.910780668258667,-0.72,0.8213
3og7,0.6358669400215149,0.9812486036548135,0.9578744769096375,0.09,0.49406
3ogp,1.315484881401062,0.9442844777545605,0.7915878891944885,-0.56,0.51027
3ogq,1.0058836936950684,0.9265666194046722,0.8625919222831726,-0.69,0.81389
3ohf,0.7721561193466187,0.9241102215327135,0.9058848023414612,-0.42,0.80879
3ohh,0.9036988019943237,0.0,0.8886554837226868,-0.03,0.69835
3ohi,0.43763571977615356,0.0,0.9643361568450928,-0.23,0.82281
3oik,8.904655456542969,0.8845242514303844,0.21298342943191528,-0.50,0.39483
3oil,4.670042991638184,0.8453634486104287,0.5038461685180664,0.02,0.33807
3oim,1.203768014907837,0.9560523006050434,0.8334932923316956,-0.02,0.66695
3oka,1.3455759286880493,0.0,0.8134920597076416,-0.38,0.22674
3okc,1.1509227752685547,0.9084138292981275,0.8351393342018127,-0.31,0.68454
3okh,0.8198035955429077,0.9555711447937498,0.9036954045295715,-0.01,0.4713
3oki,0.6395065784454346,0.9821011047912258,0.9327152967453003,0.77,0.95729
3okp,,,,-0.19,0.80023
3oku,0.9737486243247986,0.9677389029683127,0.9219626188278198,-0.08,0.72297
3okv,5.482858180999756,0.8479352040037507,0.395476758480072,-0.52,0.22496
3old,,,,-1.37,0.31365
3ole,,,,-1.74,0.60714
3olf,0.44416120648384094,0.9914039796329245,0.9839285612106323,0.85,0.99685
3olg,,,,-1.76,0.62938
3oli,,,,-1.50,0.60105
3omm,0.7269341349601746,0.9494318680969888,0.9370192289352417,0.61,0.97433
3oob,8.129316329956055,0.5639212362190936,0.259569376707077,-1.47,0.05789
3oq5,,,,0.45,0.00675
3oqf,0.40770748257637024,0.9903632965543316,0.9868228435516357,0.08,0.867
3orn,0.9120573401451111,0.9717263962766625,0.8661719560623169,-0.12,0.28813
3ot3,5.45879602432251,0.8988807330400055,0.42753201723098755,0.51,0.91571
3ot8,0.8013589978218079,0.9635805153151521,0.9331316947937012,0.93,0.47475
3otf,0.677379846572876,0.9733038485713577,0.9322396516799927,0.22,0.8347
3otq,0.39082974195480347,0.9548388778011564,0.9979627728462219,0.24,0.87609
3otx,1.7455157041549683,0.9440522054495328,0.7469461560249329,-0.92,0.43096
3ouj,0.25330406427383423,0.9891223421457563,1.0,0.99,0.92993
3ove,6.6486358642578125,0.6417775393502979,0.3457317054271698,-2.36,0.07066
3ovn,0.3552972674369812,0.9864500478053774,0.9987980723381042,0.10,0.67622
3ovx,1.5463919639587402,0.9003960312031977,0.7562015652656555,-0.43,0.60126
3ow3,2.7154059410095215,0.8271833376829277,0.5826427340507507,-0.81,0.72805
3ow4,1.679138422012329,0.9351252655304216,0.7425997257232666,-0.53,0.44528
3owd,0.7659009695053101,0.9374864945201203,0.9091559648513794,-0.78,0.63408
3owl,0.6445329785346985,0.9196128742839479,0.9296375513076782,0.08,0.11815
3oxc,0.9150777459144592,0.9901523441454699,0.885464608669281,-0.36,0.71401
3oxi,0.31155887246131897,1.0,0.9972283840179443,0.78,0.94227
3oy0,2.5901389122009277,0.9353298416898757,0.7524703741073608,-0.05,0.59986
3oy8,1.9765782356262207,0.9789575669569054,0.7847825884819031,-1.72,0.3636
3oyp,2.1155316829681396,0.0,0.7706552743911743,0.08,0.49606
3oyq,1.329945683479309,0.9219002610853366,0.8402777910232544,0.56,0.34516
3oyw,1.4684727191925049,0.0,0.8141025900840759,-1.90,0.52169
3oz1,2.220705509185791,0.020489436190101608,0.7448506951332092,-0.66,0.16724
3ozg,1.0973875522613525,0.0,0.8552631735801697,0.02,0.6706
3ozj,1.3220515251159668,0.9588442549233414,0.7888985872268677,-0.75,0.50254
3ozp,1.023822546005249,0.9489436328735174,0.9335442781448364,0.18,0.92448
3p0g,1.4495856761932373,0.9333043497610506,0.8083333373069763,-0.04,0.46798
3p17,6.966104984283447,0.7454419763113662,0.28104305267333984,-1.44,0.43767
3p1d,0.3961220383644104,1.0,0.9847221970558167,0.30,0.87758
3p23,1.186294436454773,0.0,0.8379970788955688,-0.44,0.64321
3p2h,0.40162667632102966,0.9692795901410736,0.9840067625045776,-0.12,0.91733
3p3t,0.8631671071052551,0.9640454457909007,0.9043321013450623,-0.31,0.21209
3p3u,1.0266104936599731,0.11631936661730981,0.8787375688552856,-0.49,0.32099
3p4f,19.065719604492188,0.2308430452948126,0.0019665684085339308,-2.91,0.10126
3p4r,0.9187280535697937,0.9595037508898109,0.8906752467155457,0.32,0.08399
3p4v,1.5791913270950317,0.9345954313514292,0.8514150977134705,-0.53,0.3463
3p4w,22.674837112426758,0.0498906494150323,0.0,-1.00,0.88919
3p50,24.522869110107422,0.0287868441004233,0.0,-1.13,0.58597
3p5k,1.911163330078125,0.9301927159091228,0.8594398498535156,0.27,0.44362
3p78,0.8251797556877136,0.9563799330777225,0.9323882460594177,0.36,0.74551
3p79,0.6819285154342651,0.9569662931055117,0.9409385323524475,0.11,0.25935
3p7a,0.5534975528717041,0.9908345810941529,0.9709302186965942,0.04,0.92299
3p7b,0.6562464237213135,0.9654696352449749,0.9454697966575623,0.07,0.91214
3p7c,0.8627061247825623,0.9915862345449372,0.9314956068992615,-0.06,0.56523
3p7i,0.23027873039245605,0.9667775539575948,1.0,0.87,0.93219
3p8e,1.1501601934432983,0.004743389835179493,0.8293343782424927,0.10,0.82662
3p8h,0.8186615109443665,0.8982186023604056,0.9400544762611389,0.48,0.87172
3p9h,22.19321632385254,0.3848671809959651,0.0,-2.72,0.00375
3p9l,6.471530914306641,0.0,0.2810344696044922,-2.54,0.03622
3p9m,6.384589195251465,0.0,0.3611898124217987,-3.08,0.10646
3pa8,1.554716944694519,0.0,0.7565789222717285,-0.33,0.38004
3pab,8.014927864074707,0.0,0.24047619104385376,-3.09,0.08201
3pax,0.32275253534317017,0.9651680080312278,0.9962871074676514,0.41,0.97064
3pb3,0.818886399269104,0.1007869990509731,0.9075028896331787,0.38,0.87266
3pb7,1.4690194129943848,0.9612126184520929,0.8455249667167664,-0.24,0.40167
3pb8,1.6735219955444336,0.8920068916318726,0.7247267961502075,0.41,0.8753
3pb9,0.24884916841983795,0.9859632030119426,1.0,0.83,0.89923
3pbb,0.501983642578125,0.9747190801873957,0.9833641648292542,0.31,0.55248
3pcb,1.192977786064148,0.0,0.8337469100952148,-0.23,0.53943
3pcc,0.7187549471855164,0.0,0.9244791865348816,0.06,0.71021
3pce,2.324699640274048,0.0,0.6722772121429443,-0.27,0.7433
3pcf,0.45041781663894653,0.0,0.9936489462852478,0.42,0.61452
3pch,0.9195094108581543,0.8830894970130677,0.8926211595535278,-0.03,0.63417
3pcj,0.45021140575408936,0.0,0.9821428656578064,0.66,0.88485
3pck,0.4516265094280243,0.0,0.9804878234863281,0.69,0.93227
3pcn,0.5620507001876831,0.0,0.9758620858192444,0.30,0.82908
3pcu,1.2950286865234375,0.9697897148799347,0.7881593704223633,0.01,0.69019
3pd2,1.2567108869552612,0.9561367557522327,0.8267138004302979,-0.93,0.57374
3pd4,0.8874368667602539,0.9559777687486313,0.9183608889579773,-0.49,0.77048
3pd9,0.6879653930664062,0.9799706007825616,0.9402777552604675,0.42,0.70578
3pdh,,,,-3.52,0.0
3pdq,0.4852323830127716,0.9734607014204589,0.9773175716400146,-0.09,0.86754
3pe1,0.37484365701675415,0.9874529362218164,0.9862174391746521,0.35,0.98514
3pfp,0.9065123200416565,0.0,0.9028213024139404,0.33,0.92214
3pgu,0.26102200150489807,0.9900010673902274,1.0,0.22,0.32613
3pi5,0.8020774722099304,0.0037375581058741365,0.8919540047645569,-0.16,0.74077
3pix,0.36550095677375793,1.0,0.9960595369338989,0.44,0.93804
3piz,1.1366251707077026,0.966242423133968,0.9547545909881592,-0.81,0.676
3pj2,1.126796007156372,0.9569095122162824,0.8730158805847168,-0.88,0.78129
3pj8,1.3652732372283936,0.9627151783036866,0.8462050557136536,0.52,0.85137
3pjg,2.5169544219970703,0.9592960493643048,0.6976251006126404,-1.20,0.28264
3pka,0.7131549119949341,0.938750862321629,0.9387633800506592,-0.44,0.70398
3pkb,0.4341745674610138,0.9901119044377923,0.9872372150421143,0.25,0.95908
3pkc,1.5230454206466675,0.9820213443083112,0.8464325666427612,-0.23,0.91009
3pkd,1.9556652307510376,0.9276554740843362,0.8138360977172852,-0.29,0.63098
3pke,1.6756991147994995,0.9635912183564062,0.8504592180252075,0.07,0.96429
3pkn,,,,-2.99,0.00015
3pm1,5.767184734344482,0.7781529234623523,0.27960172295570374,-1.38,0.59486
3pn1,1.3694489002227783,0.9697677104018938,0.8744460940361023,-0.21,0.8898
3pn3,19.192806243896484,0.21340795192773035,0.0,-1.63,0.41068
3pn4,0.44286438822746277,0.9774486705245682,0.9858179688453674,0.61,0.86586
3po6,1.8042519092559814,0.9161016457079695,0.7911821603775024,-0.01,0.2229
3poa,,,,-2.89,0.1012
3poz,0.8214159607887268,0.9833519875709573,0.8958521485328674,-0.47,0.5815
3pp1,0.7083424925804138,0.959180635321145,0.9359056353569031,0.18,0.81101
3ppk,0.7815990447998047,0.008687791733022159,0.9062896966934204,-0.13,0.30704
3ppm,2.111149787902832,0.0,0.7018163204193115,-0.00,0.69839
3ppo,0.40489277243614197,0.9781856910127729,0.99556964635849,0.29,0.91171
3ppp,0.19795392453670502,0.9771091711479102,1.0,0.23,0.96582
3ppq,0.8002078533172607,0.0,0.9232081770896912,0.47,0.77817
3ppr,0.4251757562160492,0.9767697386321906,0.9857142567634583,0.34,0.89841
3pqz,,,,-3.24,0.01863
3pr0,0.9986159205436707,0.0,0.8785325884819031,0.08,0.29122
3prz,0.16990409791469574,1.0,1.0,0.65,0.9797
3ps6,0.5715371370315552,0.9797601517292541,0.9524922370910645,-0.01,0.83113
3psd,0.7393263578414917,0.008501298076929857,0.9327427744865417,0.61,0.58527
3psl,,,,-3.84,0.00195
3ptg,0.4109160602092743,0.9479687782858517,0.9911016821861267,-0.10,0.76106
3pty,18.131399154663086,0.16245197119119956,0.0,-1.23,0.13465
3puk,,,,-3.68,0.19197
3pwh,0.7502545118331909,0.9713666886690285,0.9363484382629395,0.03,0.74362
3pww,1.3575788736343384,0.9264177472596099,0.8437219858169556,-0.13,0.83757
3py0,0.7270694375038147,0.9378329114709433,0.9308978915214539,0.57,0.81048
3pyy,0.5681851506233215,0.8813636841781203,0.962893545627594,0.20,0.57486
3pz3,3.506054401397705,0.7786259737711896,0.4885011911392212,-3.00,0.04214
3q1x,28.696067810058594,0.022407239487553604,0.0,0.14,0.6656
3q2a,0.5019450187683105,0.9531915034481186,0.9651810526847839,0.81,0.24167
3q2h,1.3547186851501465,0.0,0.7675026059150696,-0.31,0.55325
3q2j,0.1837681382894516,1.0,1.0,-0.31,0.83414
3q2m,0.6773560047149658,0.9423145262589483,0.9399092793464661,-0.15,0.26373
3q3k,0.8582584857940674,0.9392395012458975,0.8882499933242798,0.57,0.72091
3q3t,3.4485068321228027,0.05206247395202764,0.6528795957565308,-0.02,0.65861
3q4b,0.5756706595420837,0.05058955323463669,0.944473385810852,0.01,0.75453
3q4j,2.1087393760681152,0.0,0.5911588668823242,-1.09,0.46048
3q4k,14.081494331359863,0.3954561232891402,0.0865863785147667,-3.09,0.08129
3q4l,12.5414400100708,0.0,0.052371542900800705,-2.90,0.08077
3q5h,1.3904612064361572,0.04254069616049601,0.7718539834022522,-0.74,0.62883
3q5u,,,,-1.65,0.18308
3q6k,0.3520120084285736,0.0,0.9858786463737488,0.77,0.10997
3q6s,,,,-3.15,0.02007
3q6w,1.536465048789978,0.9564033129897158,0.8397737741470337,-0.31,0.75978
3q72,1.3022969961166382,0.9202880741835858,0.84935063123703,0.44,0.22634
3q7j,2.6156232357025146,0.8446047009361795,0.6179385781288147,-0.53,0.32318
3q7p,1.2452549934387207,0.0,0.8581514954566956,0.40,0.39413
3q7q,1.1216293573379517,0.9830654380363166,0.9021739363670349,0.53,0.30861
3q8d,22.608016967773438,0.0057868196488659925,0.0,-3.15,0.33764
3q8h,1.647817611694336,0.9483227751870409,0.7994332313537598,0.59,0.79416
3q92,0.4639257490634918,0.9785601671548927,0.9773049354553223,-0.77,0.30105
3qa2,1.041214108467102,0.986018511300809,0.9466966986656189,-0.70,0.77121
3qai,0.467960923910141,0.9571241734304354,0.9718706011772156,-0.49,0.77973
3qbh,0.7670240998268127,0.9834247125940622,0.9208371043205261,-0.47,0.77084
3qc4,1.5607413053512573,0.9393562526543241,0.7559322118759155,-0.86,0.82865
3qc9,1.4875738620758057,0.9023121269116945,0.7582807540893555,-0.69,0.64549
3qce,0.9178444743156433,0.9315353734394404,0.9141458868980408,0.54,0.52002
3qcf,1.7035000324249268,0.9431829581134195,0.7503822445869446,0.70,0.86786
3qch,0.40702739357948303,0.9590230764897578,0.9796466827392578,0.71,0.91264
3qci,1.3377110958099365,0.9611324784567601,0.9095208048820496,0.39,0.21734
3qcl,0.8703936338424683,0.9689510791273936,0.9077922105789185,-0.15,0.58207
3qd0,1.0103373527526855,0.9587157308747055,0.8841317296028137,0.29,0.81567
3qem,0.8078285455703735,0.0,0.9012914896011353,-0.59,0.63197
3qfd,6.408145904541016,0.0,0.3084872364997864,-3.71,0.07524
3qfv,0.8447026610374451,0.0,0.9180244207382202,0.60,0.72086
3qfy,0.6899070739746094,0.9802047889651629,0.9273504018783569,-0.83,0.51903
3qfz,0.7452203631401062,0.0,0.931010901927948,-0.77,0.44784
3qg6,18.921144485473633,0.0,0.0,-2.74,0.27446
3qgw,0.7436222434043884,0.903274005675725,0.9372977614402771,0.79,0.92196
3qgy,2.163248062133789,0.0,0.7755720019340515,0.13,0.29798
3qi1,1.1573591232299805,0.9393485013773654,0.8550689220428467,-0.35,0.57634
3qi3,,,,0.13,0.59852
3qi4,0.19686049222946167,0.0,0.9822443127632141,0.24,0.41972
3qin,0.9547651410102844,0.9630350714691479,0.908682644367218,-0.20,0.73692
3qio,0.6130036115646362,0.9824540275017873,0.970099687576294,0.30,0.83359
3qip,62.87760543823242,0.0,0.0,-0.45,0.09233
3qiy,0.6208395957946777,0.9790456977280733,0.942392885684967,-0.06,0.78998
3qj0,1.0374470949172974,0.9390401115948875,0.8809160590171814,-0.17,0.51175
3qkk,4.42198371887207,0.8497621535090978,0.4556737542152405,-1.40,0.50662
3qkl,4.659839630126953,0.862279735639899,0.43165886402130127,-1.09,0.73785
3qkm,4.306402683258057,0.8493683243631472,0.5074059367179871,-1.59,0.15844
3ql9,,,,-3.19,0.00022
3qlc,,,,-2.86,0.24667
3qlm,7.3619890213012695,0.7793289093238897,0.2629654109477997,-1.45,0.32737
3qmk,,,,-3.08,0.04183
3qnd,1.2531877756118774,0.0,0.8424068689346313,-1.29,0.83757
3qnj,,,,-2.92,0.05769
3qo2,,,,-3.27,0.00604
3qo3,16.702829360961914,0.0451423791917645,0.0,-2.27,0.53496
3qo9,1.3723081350326538,0.934601473429558,0.8110706806182861,-0.44,0.33564
3qox,0.6623828411102295,0.9792994146121926,0.9306122660636902,0.36,0.81679
3qpn,0.23131561279296875,0.967773736487659,1.0,0.20,0.88868
3qpo,0.8095398545265198,0.9468288963533367,0.9016335010528564,-0.54,0.26091
3qpp,0.5146451592445374,0.9782800844284734,0.9635167717933655,-0.11,0.59941
3qqk,0.30921486020088196,0.974729540059934,0.9943181872367859,0.87,0.57858
3qri,0.6710757613182068,0.974971011158235,0.9275147914886475,0.31,0.46698
3qrj,1.122326135635376,0.014369376527948906,0.8780224323272705,0.16,0.54123
3qs4,7.878149032592773,0.4683164487383217,0.21845793724060059,-0.03,0.23095
3qs5,10.750879287719727,0.3640475117121334,0.14603960514068604,0.07,0.25753
3qs6,11.684101104736328,0.3119952708909662,0.06291209161281586,-0.06,0.67416
3qsd,0.8909459114074707,0.9804342631527965,0.8975866436958313,0.33,0.43023
3qt6,0.5910760164260864,0.9637060387822091,0.9511218070983887,0.06,0.82139
3qtf,1.057544231414795,0.9721219286821579,0.8379999995231628,0.59,0.73395
3qto,4.342914581298828,0.7424815420785503,0.4229494631290436,-2.41,0.29055
3qtv,7.418463230133057,0.7101027773097013,0.2471395879983902,-1.67,0.23837
3que,2.2424163818359375,0.9367320699374343,0.6399798393249512,-1.08,0.26173
3qup,6.552181243896484,0.878439305053529,0.3165137469768524,0.34,0.28384
3qw6,8.079800605773926,0.5465964705276793,0.16612377762794495,-2.06,0.80111
3qw8,8.404502868652344,0.5163576037167085,0.136869877576828,-1.49,0.2594
3qwc,9.940452575683594,0.5788858131569111,0.20010845363140106,-1.62,0.23332
3qx5,7.8575663566589355,0.86353307795384,0.23154489696025848,-2.02,0.62234
3qx9,1.692960500717163,0.8752092968236362,0.7574218511581421,-0.38,0.42063
3qzq,0.8756754398345947,0.01024393156040896,0.9122051000595093,0.40,0.87889
3qzt,,,,-1.93,0.00203
3qzv,,,,-2.00,0.33006
3r00,0.20612673461437225,1.0,1.0,0.85,0.88903
3r01,0.18393798172473907,1.0,1.0,0.80,0.65712
3r0h,26.381799697875977,0.0,0.011864813044667244,-3.20,0.03437
3r0i,0.46600106358528137,0.9671943469773124,0.9873595237731934,0.24,0.79233
3r17,1.2057586908340454,0.9667837002169947,0.8846982717514038,0.82,0.84434
3r1v,0.6283606886863708,0.9803484071638899,0.9525108933448792,0.28,0.33191
3r2y,1.6079083681106567,0.9874794636326092,0.8312586545944214,0.57,0.51423
3r42,,,,-2.65,0.00033
3r4m,2.4364893436431885,0.9672219460223315,0.8024096488952637,0.12,0.87504
3r4n,0.9492031335830688,0.9477544062075892,0.8850092887878418,-0.96,0.63944
3r4p,0.6406235098838806,0.940965377374616,0.9414893388748169,-0.35,0.82498
3r5j,,,,-3.07,0.00222
3r5m,0.544846773147583,0.9524297969127331,0.9673174619674683,0.11,0.47006
3r5n,0.5372762680053711,0.9570800257388923,0.9577319622039795,-0.38,0.43994
3r5t,3.319288492202759,0.9491672654979404,0.62451171875,-1.56,0.41359
3r6g,,,,-2.42,0.00542
3r6u,0.9493548274040222,0.9283563251288085,0.8686006665229797,0.40,0.96767
3r7b,,,,-0.42,0.76397
3r7n,,,,-1.64,0.0074
3r8u,1.8252394199371338,0.9535313635173075,0.759393036365509,0.32,0.22979
3r8z,0.4652882218360901,0.9504470440912828,0.9786282181739807,0.76,0.78123
3r92,1.3189470767974854,0.9440072707188575,0.7832914590835571,-0.00,0.67203
3r93,,,,-2.76,0.00057
3rbq,,,,-2.52,0.05318
3rbu,0.4605620801448822,0.9503624747452845,0.9857010841369629,0.63,0.8388
3rcd,0.8728899955749512,0.9818818999940901,0.8930336236953735,-0.83,0.36944
3rcj,1.1251158714294434,0.9626937933534425,0.8837962746620178,-0.10,0.82688
3rdh,0.6505992412567139,0.0,0.9459459185600281,-1.37,0.06603
3rdo,0.4704021215438843,1.0,0.9779260754585266,0.25,0.93385
3rdq,0.8643828630447388,1.0,0.8917682766914368,0.10,0.90909
3rdv,8.833372116088867,0.051498070131733145,0.07186482101678848,-3.32,0.00029
3rey,0.6431967616081238,0.989937582884628,0.9171923995018005,-0.48,0.14814
3rhk,0.9475903511047363,0.94207330001477,0.8796895146369934,-0.48,0.65168
3ri1,0.8043864369392395,0.0,0.9011741876602173,0.21,0.76047
3rik,1.0071529150009155,0.0,0.8666974306106567,-0.22,0.42271
3ril,0.738852858543396,0.0,0.9121286869049072,-0.26,0.5312
3rin,0.5789046883583069,0.9809523706839085,0.9626604318618774,0.79,0.95026
3rjm,7.628899574279785,0.0,0.2763252258300781,-1.88,0.08714
3rjw,1.0207130908966064,0.9512088057521988,0.8805405497550964,-0.00,0.76812
3rkb,0.6204341053962708,0.9876994084304477,0.9452614188194275,1.22,0.38258
3rl3,7.138848781585693,0.7859976341721395,0.35202085971832275,-1.20,0.35469
3rlp,0.46073225140571594,0.9684120281520002,0.9628297090530396,-0.29,0.72224
3rlq,0.6925913095474243,0.0,0.9204545617103577,0.60,0.73016
3rm9,0.7126924395561218,0.016169924849233692,0.9140625,0.23,0.69714
3ro4,0.556144654750824,0.9770503318897794,0.9650493264198303,-0.10,0.44267
3roc,0.7492772936820984,0.9267387992738451,0.9329590201377869,-0.27,0.43086
3rq7,5.288559436798096,0.8299942953475415,0.4647619128227234,-1.65,0.16431
3rqe,,,,-3.06,0.26502
3rr4,0.3624381422996521,0.9610135633436019,0.9832427501678467,0.75,0.97699
3rsb,3.00028395652771,0.0,0.5430009365081787,-0.67,0.06627
3rse,39.790706634521484,0.0,0.0,-0.82,0.37457
3rsx,1.0158568620681763,0.9757198901116049,0.8596882224082947,0.91,0.89236
3rt4,2.9975697994232178,0.7930799094499411,0.6092603206634521,-1.11,0.33904
3rt6,0.4161106050014496,0.9901335933102173,0.9840989112854004,0.94,0.91317
3rt8,0.2652532160282135,0.9703257933782922,1.0,1.02,0.97327
3rtf,0.1417357623577118,0.9903177271582815,1.0,1.01,0.99184
3rth,1.260798454284668,0.9562988378391765,0.8251366019248962,-0.04,0.39622
3rtm,4.072075366973877,0.8941011230925574,0.45627209544181824,-0.51,0.11237
3rtp,0.5438646078109741,0.9598630382076679,0.9703733921051025,-0.04,0.41197
3rtx,,,,-2.62,0.00057
3ru1,0.8881340026855469,0.9451918595939224,0.8913043737411499,-0.09,0.3842
3rup,2.197962760925293,0.9091366082476067,0.6494312286376953,-0.29,0.60607
3rv3,2.0637166500091553,0.0,0.6745385527610779,-0.35,0.40686
3rv4,2.0342965126037598,0.9247155779877372,0.675000011920929,-0.35,0.2746
3rv6,0.4110044538974762,0.9456586807248181,0.9850000143051147,0.04,0.95829
3rvg,1.0752522945404053,0.9381511108181405,0.9092888236045837,0.47,0.93121
3rvi,1.391440749168396,0.9096364614969429,0.8275761008262634,-0.54,0.64682
3rwc,4.847951412200928,0.0,0.435668408870697,-3.80,0.11381
3rwe,4.657575607299805,0.9221210686052679,0.5068480372428894,-3.93,0.01255
3rwf,5.788074016571045,0.8469384266412161,0.35962721705436707,-3.17,0.00035
3rwg,5.526403427124023,0.8875161701030381,0.4117647111415863,-3.51,0.02423
3rwh,3.3728504180908203,0.910423359881261,0.5180388689041138,-3.89,0.02568
3rwi,5.906874179840088,0.7392708860502835,0.3660292625427246,-2.82,0.00658
3rwj,5.131587028503418,0.8689287393685724,0.37811142206192017,-3.20,0.12407
3rwp,2.936575412750244,0.9232861742281553,0.6862637400627136,-0.24,0.73803
3rx5,11.033940315246582,0.6112029450021458,0.21511627733707428,-1.38,0.72606
3rx7,2.9103169441223145,0.9258388350807746,0.6183282732963562,-1.43,0.2645
3rx8,1.6175228357315063,0.9553866048198864,0.769569456577301,-1.19,0.41345
3rxa,0.7117277383804321,0.9484678802161124,0.8987138271331787,0.46,0.8752
3rxd,0.35490337014198303,0.9875225358802231,0.9933510422706604,0.16,0.94881
3rxf,0.3292793929576874,1.0,1.0,0.55,0.84085
3rxg,0.7042460441589355,0.888895672424809,0.9146706461906433,0.05,0.79817
3rxh,0.15454736351966858,0.987733490096209,1.0,0.67,0.89061
3rxi,0.25432252883911133,0.987690738120378,1.0,0.58,0.89924
3rxk,0.4349948465824127,0.9633109175724993,0.9733073115348816,0.10,0.81465
3rxl,0.15506292879581451,0.962268111922094,1.0,-0.04,0.84428
3rxm,0.22146004438400269,0.9753850134066598,1.0,0.80,0.68375
3rxo,0.49336618185043335,0.9262250080923989,0.9643705487251282,0.68,0.88293
3rxp,0.23617790639400482,0.9753227701418121,1.0,0.32,0.91357
3ry8,,,,-0.94,0.7008
3ryy,0.5884032249450684,0.9445875170713953,0.9582278728485107,0.72,0.54596
3rz3,1.726651668548584,0.0,0.7899214625358582,-1.31,0.59323
3rz9,,,,-2.40,0.17429
3rzb,0.32825466990470886,1.0,0.9969512224197388,1.28,0.85051
3rzi,13.42047119140625,0.17506865094233076,0.029205607250332832,-1.15,0.58249
3s0b,0.17002902925014496,1.0,1.0,0.29,0.82628
3s0d,0.7777655720710754,0.9647193145396855,0.9133738875389099,0.09,0.63006
3s0e,0.25942179560661316,0.9881349290761796,1.0,0.27,0.58487
3s0j,0.7210046052932739,0.951449252520746,0.9244755506515503,0.26,0.34416
3s1g,0.20763732492923737,0.9666970086269324,1.0,0.91,0.93132
3s1y,0.9040480256080627,0.9732251484455197,0.8640235662460327,0.05,0.14034
3s3i,0.6683300733566284,0.9714262297605092,0.9363442659378052,0.30,0.92225
3s3q,0.8496629595756531,0.9501090960480533,0.8987206816673279,0.19,0.7419
3s3v,0.9869766235351562,0.9166550267657662,0.8648086786270142,-0.28,0.4316
3s56,1.284875512123108,0.9801007734325222,0.8202614188194275,-0.76,0.44417
3s5y,0.692908763885498,0.9610986666439697,0.9325494766235352,-0.45,0.92306
3s6t,1.5436692237854004,0.9376172085718475,0.8717105388641357,-0.32,0.57464
3s71,0.3729042410850525,0.9765340369329873,0.9937673211097717,1.05,0.92439
3s72,0.3444981575012207,0.9882171117653545,0.9972299337387085,1.14,0.95264
3s73,0.2961345613002777,0.9426034647394635,0.99643874168396,1.11,0.96587
3s74,1.702829360961914,0.9647042311922128,0.7397025227546692,1.01,0.96262
3s75,1.3223844766616821,0.96371937260546,0.8374233245849609,1.19,0.94122
3s76,0.12842540442943573,1.0,1.0,1.20,0.86806
3s77,0.3043327033519745,0.9634572017132262,1.0,1.12,0.95621
3s78,0.19581858813762665,0.9881306045282156,1.0,1.24,0.96842
3s7f,,,,-3.15,0.47404
3s8x,1.8677021265029907,0.9564014122019314,0.7999049425125122,0.01,0.2126
3s9e,12.65208911895752,0.20635164822520083,0.03770197555422783,-2.13,0.60131
3s9i,0.35401999950408936,0.943765360740874,0.990406334400177,0.32,0.749
3s9t,0.6879151463508606,0.9897188939489705,0.9205202460289001,-0.68,0.80621
3s9y,0.5964004993438721,0.0,0.9513422846794128,-0.05,0.86323
3sad,0.17701929807662964,0.990758871808333,1.0,0.61,0.88441
3sap,1.8094732761383057,0.9359980879243611,0.8408679962158203,-0.07,0.1879
3sax,1.7319375276565552,0.9469263809009658,0.7984429001808167,-0.26,0.37764
3sb0,0.3237803876399994,0.9726531832728257,0.9957386255264282,0.34,0.71162
3sbh,0.8959183692932129,0.9562003818913413,0.9344978332519531,0.16,0.92769
3sbi,0.21922829747200012,0.9776361469715223,1.0,0.56,0.89677
3sc1,1.9735349416732788,0.9306848863530298,0.8042596578598022,0.01,0.75938
3sdg,0.4496832489967346,0.9685484374761292,0.9805458784103394,-0.21,0.86993
3sfc,0.4851049482822418,0.9907337981982467,0.9628859758377075,-0.19,0.82402
3sff,1.326826572418213,0.9355655799157774,0.8225057721138,-0.40,0.2735
3sfg,8.95666790008545,0.27024835619446497,0.13345521688461304,-0.71,0.07622
3sfh,0.6037323474884033,0.9685727006251236,0.9495614171028137,0.04,0.59824
3sfi,1.4285774230957031,0.9803437784857482,0.8028414845466614,-0.27,0.32821
3sh1,2.9424681663513184,0.0,0.5121904015541077,-1.05,0.16047
3sha,3.153754234313965,0.8803633933434833,0.5296092629432678,-2.20,0.17497
3shb,,,,-2.47,0.23764
3shc,4.688507556915283,0.8687838606916496,0.3686586320400238,-1.34,0.43549
3shy,0.7815905809402466,0.9770725645256544,0.9094203114509583,-0.55,0.14157
3shz,0.9652870893478394,0.965473618430782,0.9215016961097717,0.08,0.36537
3si3,7.04715633392334,0.8108773552742484,0.23641304671764374,-0.77,0.22447
3si4,8.346529960632324,0.6376480175315757,0.20806793868541718,-2.22,0.18041
3sie,0.8237591981887817,0.95712955898606,0.9251432418823242,-0.20,0.59972
3sio,2.734691858291626,0.0,0.553459107875824,-1.21,0.31675
3sji,1.3846487998962402,0.9493572568707264,0.8197157979011536,0.04,0.56103
3sjo,1.4429664611816406,0.031068467173383338,0.7841101884841919,0.01,0.67016
3ska,0.5894207954406738,0.9652052121965058,0.9478346705436707,0.65,0.95631
3ske,0.8650969862937927,0.9430419243466484,0.8806098699569702,0.35,0.5485
3skf,2.200026273727417,0.9282056423002667,0.7980093955993652,-0.30,0.7962
3sl0,1.7025971412658691,0.9763105906164102,0.8494094610214233,0.07,0.32261
3sl1,1.0301852226257324,0.9653269278325949,0.9329954981803894,0.22,0.87246
3sl4,1.0994149446487427,0.9408894154008336,0.8927503824234009,-0.67,0.53269
3sl5,1.063115119934082,0.0,0.8988269567489624,0.17,0.74373
3sl8,2.352769374847412,0.0,0.8090327382087708,-0.16,0.27875
3slz,1.4993317127227783,0.9746136479194468,0.7831411957740784,-1.24,0.65435
3sm0,0.6346887946128845,0.9037744676282586,0.9460719227790833,0.43,0.83192
3sm1,9.966164588928223,0.20942425773535972,0.10583941638469696,-2.09,0.64235
3smq,0.742448091506958,0.9368423299411806,0.9335629940032959,-0.62,0.72705
3snb,6.404354095458984,0.8587954204066679,0.39124295115470886,-2.95,0.08582
3snc,11.074478149414062,0.8110590626415529,0.2419413924217224,-2.30,0.21993
3snd,3.5119354724884033,0.9056197982356731,0.5867263674736023,-0.83,0.52505
3sni,0.9486375451087952,0.8858884050890954,0.884543776512146,0.24,0.39334
3so6,,,,-3.18,0.06706
3soq,9.612847328186035,0.72705656596205,0.044675927609205246,-2.69,0.00531
3sou,,,,-3.07,0.11355
3sov,,,,-2.51,0.00501
3sow,,,,-3.07,0.01527
3spf,2.063931703567505,0.9079849562191176,0.732032835483551,-0.91,0.19942
3srb,0.483297735452652,0.9550700184612235,0.9801660776138306,0.52,0.60413
3src,0.37772849202156067,0.933734137537591,0.9890438318252563,0.68,0.60273
3str,1.2549593448638916,0.971679879691918,0.8536472916603088,0.03,0.26385
3su0,1.5660041570663452,0.95243274327453,0.7745535969734192,0.36,0.06663
3su1,1.573359727859497,0.9185773955457973,0.8066335916519165,0.59,0.13485
3su2,1.3256670236587524,0.9303801698315154,0.8436669707298279,0.18,0.1646
3su3,1.691375494003296,0.9534235987001144,0.7715053558349609,-0.36,0.10024
3su4,5.0799665451049805,0.8501941191635632,0.4069620370864868,-1.52,0.10485
3su5,1.6865814924240112,0.9098958460603915,0.7900815010070801,-0.54,0.24715
3su6,1.7066028118133545,0.9317647032540818,0.7466722130775452,-0.35,0.18773
3sur,1.0582516193389893,0.9555368607132376,0.8595152497291565,0.27,0.82754
3sus,1.030542016029358,0.9443739712033371,0.8654181361198425,0.57,0.87987
3sut,1.1331629753112793,0.9335517533061668,0.8196078538894653,-0.77,0.67389
3suu,0.6222783327102661,0.9888235192262028,0.9474431872367859,-0.16,0.92926
3suv,1.2579418420791626,0.9639183494681542,0.8151183724403381,-0.19,0.61359
3suw,0.6518757343292236,0.9768036233670078,0.9563339948654175,0.29,0.89292
3sv2,7.568955421447754,0.7446872156354786,0.25517383217811584,-1.86,0.42186
3sv6,1.3617653846740723,0.9376134906796855,0.8195159435272217,0.10,0.21808
3sv7,1.4343730211257935,0.9245496131687009,0.7998897433280945,-0.11,0.05936
3sv8,1.574744462966919,0.9870880358437262,0.774948000907898,-0.07,0.39397
3sv9,1.2513866424560547,0.9209865379942374,0.860660195350647,-0.36,0.2492
3sw2,2.0809853076934814,0.9898277121254964,0.7768181562423706,-0.61,0.61973
3sw8,0.5120717287063599,0.9678812848297471,0.967293918132782,0.76,0.73389
3sw9,,,,-2.80,0.10359
3sww,0.6754921078681946,0.9215601664183534,0.9213197827339172,-0.21,0.55063
3sx4,0.6064063310623169,0.0,0.9367138147354126,-0.52,0.05043
3sxu,36.43708419799805,0.0,0.0,-3.34,0.39316
3sym,1.2405023574829102,0.9136801222380496,0.845903754234314,0.23,0.42655
3syr,0.8195250630378723,0.9261381967005093,0.9186789989471436,0.39,0.55362
3szb,0.26131683588027954,0.977599210090825,1.0,-0.40,0.68127
3szm,9.708792686462402,0.0,0.09702932089567184,-2.45,0.00174
3t01,0.24071988463401794,0.9767965828668788,1.0,0.56,0.59385
3t03,0.8281515836715698,0.973319361981018,0.9165446758270264,-0.59,0.76517
3t07,1.8129029273986816,0.852562312477841,0.6816996932029724,-1.22,0.13077
3t0t,0.48562899231910706,0.0,0.9713836312294006,-0.26,0.81462
3t1n,10.645275115966797,0.0,0.19592198729515076,-1.38,0.20565
3t2c,,,,0.02,0.78075
3t2v,5.335123062133789,0.09945330621745453,0.00932320486754179,-1.20,0.34851
3t2w,0.8136038780212402,0.9850053045157001,0.9196096658706665,-0.03,0.97635
3t3d,0.7162922024726868,0.9668118773808179,0.9285714030265808,0.59,0.65036
3t3e,0.2072121948003769,1.0,0.9893292784690857,0.54,0.95353
3t3g,0.6228408813476562,0.9592634730017537,0.932692289352417,0.52,0.89878
3t3h,1.0611943006515503,0.9516763117294229,0.8776671290397644,0.50,0.64977
3t3i,0.44313812255859375,0.975953879199095,0.9720744490623474,0.45,0.88412
3t3y,0.29571250081062317,0.9799598367917244,1.0,0.23,0.81579
3t4n,1.7187998294830322,0.8384106123216063,0.7012448310852051,-0.58,0.705
3t4p,6.563274383544922,0.6412968852038291,0.24306759238243103,-2.44,0.04832
3t5i,3.8830971717834473,0.0,0.32692307233810425,-1.16,0.71226
3t5u,0.29581430554389954,1.0,0.9942029118537903,0.88,0.85392
3t64,1.1433742046356201,0.9616886145665887,0.8734025359153748,-0.61,0.06517
3t6b,8.911514282226562,0.4751721876224674,0.10313001275062561,-2.57,0.0361
3t6j,9.04964828491211,0.4975179008823209,0.11421052366495132,-1.86,0.07583
3t6r,,,,-2.06,0.15578
3t70,1.0665476322174072,0.9501297380188931,0.8575353026390076,-0.48,0.20298
3t7g,,,,-2.92,0.35401
3t82,1.152794361114502,0.979925770083282,0.8464163541793823,-0.71,0.68201
3t83,2.0107908248901367,0.9717925183792323,0.7085427045822144,-1.55,0.43218
3t84,1.0079314708709717,0.9801811798904553,0.8934859037399292,-0.06,0.57261
3t85,1.239859938621521,0.9607723403291099,0.8344594836235046,-1.40,0.51047
3t8s,1.2171143293380737,0.9812741477001397,0.8404255509376526,-2.87,0.18687
3ta0,1.803248643875122,0.04781034081214452,0.7504432797431946,-0.24,0.72362
3tao,0.21363630890846252,0.9759562434561244,1.0,0.25,0.91768
3tay,1.8234570026397705,0.9602717572705527,0.7043172717094421,-2.02,0.2336
3tb6,1.150721549987793,0.9461189575550916,0.8292682766914368,-0.46,0.74007
3tc5,1.711320400238037,1.0,0.7304572463035583,-0.53,0.58098
3tcp,0.7410010695457458,0.9286585795557221,0.9406446814537048,0.22,0.93401
3tcy,18.63446617126465,0.1501617165950213,0.0,-1.39,0.14068
3td4,0.9483163356781006,0.0,0.8898876309394836,-0.22,0.80454
3tdh,1.4655890464782715,0.8922551513987786,0.784820020198822,-0.25,0.43138
3tdj,0.5871133208274841,0.9487295736075797,0.9455645084381104,-0.36,0.73765
3tdu,,,,-3.36,0.0
3tdz,,,,-3.29,5e-05
3tf6,,,,-0.26,0.86252
3tf7,,,,-1.94,0.11701
3tfk,5.9557366371154785,0.7753075405630168,0.27239567041397095,-3.51,0.00729
3tg5,,,,-2.71,0.01149
3tgs,0.7376653552055359,0.0,0.9432650208473206,-0.24,0.74183
3th0,5.046535491943359,0.8362938851628589,0.3224199414253235,-3.33,0.00248
3thd,1.0197322368621826,0.9360772370293767,0.8975972533226013,-0.21,0.55299
3ti6,0.812972366809845,0.9448529716322001,0.9029411673545837,0.18,0.72676
3tif,1.0438337326049805,0.9794370686392042,0.8702312111854553,-0.40,0.35096
3tiz,0.3728947043418884,0.9873803362260952,0.9862270355224609,0.18,0.8389
3tjh,10.34697437286377,0.4825126547064234,0.14207243919372559,-3.04,0.01265
3tjm,,,,-1.12,0.22343
3tk2,25.06890296936035,0.05100224777035529,0.0,0.21,0.76005
3tki,0.6558276414871216,0.9433329328908688,0.9473167657852173,0.36,0.18352
3tku,0.6046762466430664,0.9215052150223453,0.9564393758773804,0.34,0.83584
3tkw,1.409420371055603,0.9806731336530315,0.8630841374397278,-0.48,0.89947
3tlh,3.9505248069763184,0.9378992790014964,0.6186507940292358,-2.08,0.67901
3tmk,1.322859525680542,0.955748357576637,0.8160138726234436,-1.15,0.04135
3tne,2.470898389816284,0.8893747059173492,0.7419742941856384,-0.77,0.79324
3tpp,0.7789501547813416,0.9682830927575797,0.9225663542747498,0.38,0.9195
3tpr,0.8773935437202454,0.9530959133832105,0.9057672619819641,0.14,0.62592
3tpx,5.571847438812256,0.2227181681769657,0.3510668873786926,-3.31,0.00136
3ts4,4.539808750152588,0.932333883845963,0.5286219120025635,-0.52,0.72561
3tsd,1.1432747840881348,0.8882221106970437,0.8138889074325562,-0.26,0.40342
3tsk,4.713819980621338,0.8528466717345883,0.5006635785102844,-0.53,0.37405
3tsz,13.552242279052734,0.3336376984075404,0.05193387344479561,-3.52,0.11525
3tt0,,,,-0.58,0.85368
3tt4,0.6493563652038574,0.9641494770412773,0.9688303470611572,-0.05,0.70127
3ttm,0.17129802703857422,1.0,1.0,0.63,0.80508
3ttn,0.24312390387058258,0.0,0.9988505840301514,0.46,0.8579
3ttz,1.3747410774230957,0.0,0.8490427136421204,0.26,0.89841
3tu1,1.0207488536834717,0.9572304851540256,0.8862928152084351,-0.28,0.49822
3tu9,6.916496753692627,0.0,0.2186284065246582,-1.05,0.25128
3tv4,0.8792832493782043,0.9808911482518207,0.8979779481887817,-0.10,0.56876
3tv5,0.8275667428970337,0.0,0.8948220014572144,-0.59,0.44792
3tv7,0.6868543028831482,0.9812165941842014,0.9430146813392639,-0.08,0.35332
3tv8,0.9397476315498352,0.0,0.8928571343421936,-0.62,0.51923
3tvc,0.5635631680488586,0.9328847989505624,0.9829989075660706,0.19,0.87058
3tvl,0.7929717302322388,0.0,0.883952260017395,-0.56,0.71955
3twd,3.9364752769470215,0.8606273449358797,0.7828947305679321,-3.01,0.28725
3twj,0.7153488397598267,0.9735368941248823,0.9369403123855591,-0.44,0.12764
3twp,3.2194595336914062,0.9128283162290823,0.6358107924461365,-0.52,0.70626
3twr,8.616177558898926,0.597851331826121,0.09393531084060669,-3.20,0.00403
3tws,13.896467208862305,0.48048289874773875,0.02585560828447342,-3.40,0.002
3twu,7.781363487243652,0.719951157504044,0.2319193333387375,-3.05,0.03253
3twv,9.640884399414062,0.3577230212369014,0.04104338213801384,-3.21,0.19707
3twx,10.126509666442871,0.4646937206474479,0.11126681417226791,-3.06,0.01947
3txo,4.94071626663208,0.8797814204072918,0.3629220128059387,-0.04,0.72549
3ty0,1.163819432258606,0.9549641108007433,0.8378631472587585,-0.40,0.62201
3tz0,0.3552192747592926,0.959889396829283,1.0,0.59,0.89805
3tz4,0.5102805495262146,0.9340689259744632,0.9689306616783142,0.62,0.91039
3tza,0.7142910957336426,0.9813613607104238,0.9361454844474792,0.17,0.91271
3tzd,,,,-3.20,0.00621
3tzm,1.4306645393371582,0.970415535581512,0.8238372206687927,-0.06,0.19483
3u0d,1.3421586751937866,0.8895044277690851,0.8257352709770203,-0.24,0.86537
3u0p,3.4507529735565186,0.04927075429035397,0.565559446811676,-0.63,0.12431
3u0t,16.730501174926758,0.0547530343535936,0.0,-3.03,0.08607
3u10,1.7693455219268799,0.9363798006284494,0.7132688164710999,-0.02,0.68886
3u15,2.6649346351623535,0.0,0.5025168061256409,-0.96,0.73809
3u1y,1.1319836378097534,0.0,0.8860898017883301,-0.38,0.52952
3u3f,,,,-3.42,0.08932
3u3u,1.16557776927948,0.9244157115735401,0.8415805101394653,-0.59,0.6262
3u3z,11.75468635559082,0.5271632867847125,0.04897218942642212,-2.13,0.07648
3u4h,5.793844699859619,0.8131250246786159,0.37691423296928406,-0.52,0.15161
3u4o,0.5643914937973022,0.9547368779459696,0.9525076150894165,0.49,0.54826
3u4r,0.8354475498199463,0.9775138541119488,0.9018858075141907,0.84,0.31456
3u51,2.0489749908447266,0.0,0.6611647009849548,-2.01,0.14196
3u5l,1.9744105339050293,0.8737480273456953,0.6894599199295044,-0.75,0.56267
3u6a,0.9108625054359436,0.0,0.8190045356750488,0.85,0.47756
3u78,6.1970648765563965,0.8537428168844261,0.2506393790245056,-2.49,0.05049
3u7k,4.144676685333252,0.8713544002527102,0.5696465969085693,0.17,0.5933
3u7l,1.2784689664840698,0.923376020703541,0.7569360733032227,0.17,0.66723
3u7m,0.9333493709564209,0.9510677099168462,0.8311320543289185,-0.10,0.74126
3u7n,2.0635263919830322,0.9008172642036208,0.7058823704719543,-0.14,0.49791
3u81,0.8694576025009155,0.9257272715279024,0.9349641799926758,-0.13,0.39142
3u8d,0.8057049512863159,0.16497542585190164,0.9256311655044556,0.09,0.87969
3u8h,1.4061305522918701,0.9070789485574814,0.81695157289505,-0.65,0.4592
3u8l,0.46190503239631653,0.0,0.9688019752502441,0.48,0.68763
3u90,0.6257438659667969,0.9778398605860265,0.9375,-2.03,0.21505
3u92,0.6580935716629028,0.0,0.945219099521637,1.02,0.81163
3u93,17.06904411315918,0.024294605742525132,0.0012594457948580384,-2.76,0.84993
3u9c,0.0877431333065033,1.0,1.0,0.30,0.89117
3u9n,7.0951056480407715,0.8657506448800264,0.27254265546798706,0.21,0.20555
3u9q,0.4362598955631256,1.0,0.9915865659713745,0.16,0.88681
3ubx,1.28046452999115,0.9248373440567045,0.7925400733947754,-0.54,0.40541
3ucj,3.8832199573516846,0.8171186743313177,0.44904690980911255,-0.87,0.20887
3ud7,1.7972137928009033,0.9484539267682338,0.7706812620162964,-2.08,0.7672
3uda,2.7178049087524414,0.0,0.6213732957839966,-2.00,0.32462
3uda_2,2.2484161853790283,0.0,0.6239451766014099,-2.12,0.04115
3udh,1.1201810836791992,0.9766140932070062,0.8669833540916443,0.17,0.33171
3udj,1.3508961200714111,0.9557191223774938,0.8452380895614624,0.19,0.60993
3udk,1.8125910758972168,0.9474428171351612,0.6803746223449707,-0.29,0.54706
3udm,3.1091480255126953,0.8490216017314824,0.6123456954956055,-0.84,0.23473
3udn,4.55295467376709,0.7494093423225342,0.5872969627380371,-0.46,0.7803
3udp,1.707702875137329,0.9409620816032935,0.7074592113494873,-0.56,0.49818
3udq,1.6735198497772217,0.8948770624766819,0.7526564598083496,-0.49,0.48976
3udr,0.8633675575256348,0.9480910033137098,0.8762589693069458,-0.15,0.8272
3udy,2.055135726928711,0.9008500391578931,0.6702637672424316,-0.63,0.38647
3ue4,0.930404007434845,0.9380158734426541,0.889072835445404,-0.54,0.36832
3ued,,,,-2.16,0.21199
3uef,,,,-2.52,0.13332
3ueo,,,,-2.31,0.01737
3uev,1.0930609703063965,0.970919217302303,0.8205645084381104,0.48,0.44726
3uew,1.2061439752578735,0.9711932971056517,0.8670212626457214,0.28,0.6286
3uex,1.2637114524841309,0.9807991362907977,0.857308566570282,0.36,0.55489
3uf9,6.288180828094482,0.0,0.31500646471977234,-1.45,0.31658
3ufl,1.982106328010559,0.9015957703274439,0.7705088257789612,-0.67,0.52625
3ug2,0.9854579567909241,0.9559094100696862,0.9366554021835327,-0.61,0.33909
3uh4,0.5830512642860413,0.954716639924794,0.9539918899536133,0.50,0.82888
3uhm,2.039717435836792,0.9717465760064187,0.6664626598358154,0.18,0.7695
3uib,1.0283328294754028,0.9090757884358664,0.8607644438743591,-0.16,0.39806
3uig,,,,-2.05,0.00736
3uih,,,,-2.49,0.13777
3uii,,,,-2.35,0.03747
3uij,,,,-1.93,0.17562
3uik,,,,-2.06,0.0045
3uj9,0.21249234676361084,0.9901075546659298,1.0,-0.10,0.9825
3ujc,0.5157199501991272,0.9801631542344171,0.9594430923461914,-0.09,0.97586
3ujd,0.16399776935577393,1.0,1.0,0.02,0.98408
3umo,1.3493914604187012,0.0,0.804358959197998,-0.60,0.15746
3ump,1.0379841327667236,0.0,0.8649017214775085,-0.61,0.25022
3umq,10.566804885864258,0.020754340436299278,0.004716981202363968,-1.04,0.329
3umx,0.8721680641174316,0.9438724032232821,0.9103084206581116,0.46,0.78299
3unn,7.49601936340332,0.7165768973803335,0.3439393937587738,-3.34,0.08407
3uo4,0.6159428358078003,0.9622507073613452,0.9260274171829224,0.32,0.80631
3uo9,1.4038127660751343,0.9880610674856939,0.9087340235710144,-1.89,0.27464
3uod,0.5385704636573792,0.9604531874129358,0.9583920836448669,0.20,0.98152
3uok,0.7295446991920471,0.9623804701256764,0.9257866144180298,0.16,0.80781
3up2,0.5005428791046143,0.9742780629392831,0.9690054655075073,0.17,0.98353
3upi,0.75516277551651,0.9673525558924124,0.9252976179122925,0.79,0.973
3upk,1.4475916624069214,0.9131600731543681,0.7686893343925476,-1.55,0.47668
3upv,8.951573371887207,0.5138082782260159,0.14119496941566467,-3.26,0.24641
3upz,0.7153682112693787,0.9497287612812754,0.9189976453781128,0.47,0.74428
3uqg,0.8713158965110779,0.9259431019960598,0.9122340679168701,0.33,0.78057
3uqp,3.717585563659668,0.8818607422261349,0.5409291982650757,-2.85,0.04214
3ur0,0.35190388560295105,0.9789721882563115,0.9948453903198242,-1.44,0.46937
3ur9,1.2931389808654785,0.0,0.8759600520133972,0.48,0.28805
3uri,5.423641204833984,0.7424773001500521,0.39316609501838684,-2.50,0.00864
3usn,1.2080918550491333,0.9421051752541537,0.8252840638160706,-0.27,0.53952
3usx,2.605130195617676,0.9098988632212283,0.6343167424201965,-1.08,0.39922
3uug,0.46677401661872864,0.0,0.9698354601860046,0.18,0.94439
3uuo,0.4352480173110962,0.010001527360997155,0.9796574115753174,0.53,0.95164
3uvk,,,,-2.67,0.00238
3uvl,,,,-3.37,0.00046
3uvm,,,,-3.01,0.00273
3uvn,,,,-3.21,0.00051
3uvo,,,,-2.69,0.03987
3uvp,0.7655397653579712,0.9607742597375534,0.9091726541519165,0.42,0.49763
3uvq,0.8800526261329651,0.972062175273009,0.8877601623535156,-0.30,0.69713
3uvu,,,,-3.55,0.13068
3uvw,10.800558090209961,0.8578679651270418,0.31705427169799805,-3.02,0.1118
3uvx,,,,-3.34,0.00528
3uw9,,,,-1.18,0.0127
3uxd,0.10988260805606842,0.9892020048376989,1.0,0.83,0.8668
3uxk,0.3500721752643585,0.0,0.9952830076217651,0.01,0.95102
3uxl,0.3925217092037201,0.988841663632105,0.9902108311653137,-0.04,0.93593
3uxm,0.9406571984291077,0.0,0.8986697793006897,0.28,0.97491
3uyr,,,,-3.43,0.01918
3uyt,0.7341210842132568,0.0,0.9361454844474792,0.38,0.7113
3uz5,0.14691506326198578,0.9897291220950802,1.0,0.65,0.73906
3uzd,,,,-2.56,0.05317
3v0l,1.3125932216644287,0.9288311469670009,0.8160418272018433,-0.90,0.50067
3v0p,0.7997678518295288,0.9278054770727201,0.9243531823158264,-0.25,0.43768
3v1r,0.8842121958732605,0.9333421881326611,0.9287709593772888,-1.09,0.74602
3v2n,0.6032518148422241,0.9769633534145097,0.9425926208496094,0.30,0.4196
3v2o,22.45241928100586,0.41669627721176133,0.0,-2.51,0.00824
3v2p,0.7935492396354675,0.965378646222562,0.9122889041900635,0.11,0.31269
3v2q,0.8592570424079895,0.9632571467937818,0.9118942618370056,0.15,0.43914
3v2w,1.0091426372528076,0.9679811263625108,0.8773792386054993,0.43,0.84792
3v2x,17.275606155395508,0.5513028219909117,0.024850893765687943,-3.27,0.01094
3v30,10.541051864624023,0.6568826288081265,0.10342063009738922,-3.57,0.05944
3v3b,,,,-3.44,0.00017
3v3q,0.5815907716751099,0.988287989538308,0.9677777886390686,-1.33,0.61493
3v43,,,,-2.90,0.00236
3v4j,1.2914313077926636,0.9360622432224038,0.891566276550293,-0.28,0.70487
3v4x,1.0953377485275269,0.9677681084516551,0.8573446273803711,-0.84,0.20716
3v51,0.6691688299179077,0.9642520375321146,0.937901496887207,0.53,0.73238
3v5g,0.4837179481983185,0.9777199469045621,0.9772727489471436,0.52,0.81323
3v5j,0.9906946420669556,0.948414571532549,0.9499309659004211,0.25,0.8332
3v5l,0.5787830352783203,0.9610228088180555,0.9591029286384583,-0.15,0.7056
3v5t,0.5632334351539612,0.9713669512974681,0.9561952352523804,0.24,0.72229
3v66,5.224967002868652,0.7461602332801398,0.33999142050743103,-1.30,0.05385
3v6s,7.627967357635498,0.6460651193297201,0.5417570471763611,-0.94,0.35439
3v78,1.1488432884216309,0.1499495334987263,0.8224790096282959,-0.83,0.47598
3v7s,0.9379468560218811,0.9552844495190144,0.8558639287948608,-0.43,0.29051
3v7t,0.7354720830917358,0.0,0.9045329689979553,-1.17,0.32734
3v7x,2.0730249881744385,0.9366652243633957,0.8509708642959595,0.11,0.82655
3v8w,0.943304717540741,0.9422085394296924,0.854938268661499,-0.26,0.37322
3vap,0.6877585649490356,0.9689065961872277,0.9695562720298767,-0.15,0.61562
3vb4,6.62786865234375,0.8236063365168764,0.4102438986301422,-2.46,0.19201
3vb5,6.413278579711914,0.0,0.38063064217567444,-3.01,0.11966
3vb6,4.96152925491333,0.8516488699365015,0.4815789461135864,-1.63,0.40632
3vb7,5.254645824432373,0.8302186010838667,0.44956615567207336,-1.85,0.1681
3vbd,3.3803188800811768,0.8584016867023643,0.6600840091705322,-0.01,0.86904
3vbg,1.632510781288147,0.9476409844694986,0.7029569745063782,0.05,0.86797
3vbq,0.6350792050361633,0.9889389466349024,0.9459654092788696,0.35,0.70183
3vbt,0.3395354151725769,1.0,0.9909470677375793,0.58,0.83102
3vbv,0.5304815173149109,0.9643519807554555,0.9616883397102356,-0.22,0.68064
3vbw,1.1236398220062256,0.9069447914391243,0.8191340565681458,-0.51,0.78435
3vbx,0.7789596915245056,0.9382541724779428,0.9235127568244934,-0.23,0.57146
3vby,0.4921616017818451,0.9646195929573519,0.9756380319595337,0.18,0.6556
3vc4,0.2682681381702423,0.977787885856244,0.997171938419342,0.30,0.80946
3veh,5.581831932067871,0.0,0.25701531767845154,-0.24,0.38135
3veu,1.275248646736145,0.9745141274905101,0.8892201781272888,-0.08,0.72946
3vf3,1.0811200141906738,0.9535920179252598,0.8381876945495605,-0.74,0.8882
3vf5,1.2308872938156128,0.9616865447564611,0.8216049671173096,-0.16,0.67758
3vg1,0.6304625868797302,0.9653824991452725,0.9535306096076965,0.19,0.88944
3vgc,0.9148246049880981,0.9239021009412866,0.8993212580680847,0.11,0.23485
3vh9,0.15589578449726105,1.0,1.0,0.26,0.9767
3vha,1.6539138555526733,0.9057447326750554,0.6704713106155396,-1.16,0.63494
3vhc,1.3176178932189941,0.9112482826914672,0.7804511189460754,-1.75,0.67415
3vhk,0.3240835964679718,0.9912837372287288,0.9971819519996643,0.24,0.82046
3vhu,2.013793706893921,0.9485894775606082,0.6715059280395508,-0.66,0.16481
3vjk,0.7513078451156616,0.0,0.9319119453430176,-0.03,0.41152
3vjl,2.3883135318756104,0.0,0.8091577291488647,-0.55,0.38006
3vjm,1.2396615743637085,0.9110526140329354,0.826133131980896,-0.66,0.44364
3vo3,0.4945577383041382,0.9913257560214603,0.9701417088508606,0.58,0.87919
3voz,1.9398223161697388,0.9472426039191275,0.7062084078788757,-0.83,0.7463
3vp1,1.1472322940826416,0.9475504323972318,0.8321596384048462,-0.71,0.72768
3vp2,19.42540740966797,0.108668822030021,0.0,-0.20,0.60053
3vp3,20.18482208251953,0.05830407580342984,0.0,-0.60,0.70996
3vp4,0.7387633323669434,0.9094188164019356,0.9233871102333069,0.06,0.87961
3vrt,1.155461072921753,0.958351968854122,0.8668224215507507,0.05,0.75532
3vru,0.7284948825836182,0.9690073042936129,0.9189785718917847,-0.08,0.65119
3vrv,0.6963514089584351,0.9690371216782244,0.928367555141449,-0.05,0.66452
3vrw,0.7403537034988403,0.9693577679766252,0.9051339030265808,-0.15,0.86852
3vry,0.5735560059547424,0.0,0.9507575631141663,0.79,0.95613
3vsw,1.4110676050186157,0.9248332640403509,0.7900696992874146,-0.17,0.26445
3vsx,1.3296912908554077,0.9822265292641937,0.7864906787872314,-0.43,0.86022
3vtb,0.6969390511512756,0.9701401834417418,0.9288899898529053,0.22,0.66403
3vtc,0.5067664384841919,0.992511603666433,0.9622877240180969,0.09,0.93154
3vtd,0.6027323603630066,0.9548232848835401,0.9441649913787842,-0.01,0.53622
3vtr,2.242936372756958,0.9106556176923885,0.7951962947845459,-2.36,0.29151
3vv7,1.7666890621185303,0.9598376463641344,0.7522287964820862,-0.35,0.10115
3vv8,1.7393444776535034,0.8806486366582342,0.7603270411491394,-0.30,0.14147
3vva,0.7435044646263123,0.0,0.8843490481376648,-0.29,0.67944
3vvy,1.2956873178482056,0.027036210399857315,0.7988805770874023,-1.02,0.54774
3vvz,0.8656757473945618,0.9673621860406639,0.899128258228302,-0.22,0.42396
3vw7,1.2210464477539062,0.951319797099974,0.800559401512146,-0.24,0.4047
3vws,14.670502662658691,0.0838808730666756,0.03795116767287254,-0.99,0.22407
3vx3,0.9717739224433899,0.9575404281887366,0.8714370727539062,0.27,0.88243
3vyd,0.8634947538375854,0.9629961702461427,0.9051724076271057,-0.61,0.91228
3vye,0.9264847636222839,0.0,0.8623822331428528,-0.16,0.93274
3vyf,1.095126986503601,0.9815725919727832,0.8458693027496338,-0.54,0.81309
3vzg,3.674339532852173,0.8970188593486985,0.7035061120986938,-1.52,0.76017
3w07,0.9489151835441589,0.9538831097236822,0.897826075553894,-0.19,0.54245
3w0l,1.1108444929122925,0.0,0.839122474193573,-0.19,0.5324
3w2o,1.1034975051879883,0.9499657007634151,0.8534161448478699,-0.54,0.39372
3w2p,2.076624631881714,0.8990996431357752,0.819562554359436,-0.42,0.08795
3w2q,0.7572721838951111,0.9385415214781596,0.907192587852478,-0.64,0.30604
3w2r,0.6306531429290771,0.9843317847519003,0.941136360168457,-0.07,0.9025
3w2s,0.8361775279045105,0.9592045701183292,0.9056332111358643,0.42,0.85799
3w2t,0.4388503134250641,0.9487612991614796,0.9754025340080261,-0.00,0.58962
3w37,1.5773191452026367,0.9510294342308887,0.802423894405365,-2.15,0.46427
3w55,1.1833146810531616,0.9005142855966459,0.8579215407371521,-0.37,0.7806
3w5t,1.1049318313598633,0.97602282404178,0.8367231488227844,-0.05,0.75013
3w69,1.7291123867034912,0.022305120340183827,0.7915452122688293,-0.28,0.58521
3w9k,0.896091878414154,0.9701983050599238,0.9142066240310669,-0.04,0.87053
3w9r,0.5584394931793213,0.9771213172743755,0.9596962332725525,0.33,0.84839
3wab,0.541578471660614,0.9789781489237562,0.9611529111862183,0.72,0.92535
3wav,1.5723603963851929,0.9151145063001328,0.8015503883361816,-0.21,0.6167
3waw,1.7959425449371338,0.8601658600758723,0.7459319233894348,-0.04,0.82689
3wax,1.081395149230957,0.9021497384982167,0.8681350350379944,-0.27,0.117
3way,0.7082329392433167,0.9234354856612204,0.9143518805503845,-0.15,0.64361
3wd9,0.9082114100456238,0.9741533818316865,0.8947368264198303,0.04,0.73859
3wdz,,,,-3.44,0.00016
3we4,0.7688394784927368,0.9890264589121589,0.9559999704360962,0.14,0.87148
3wf7,0.9183751344680786,0.9343243136239359,0.8809523582458496,-0.03,0.87772
3wff,1.3800188302993774,0.9541651575967299,0.842391312122345,0.74,0.86279
3wfg,1.0304162502288818,0.9510357229785622,0.8550257682800293,0.13,0.50612
3wgw,1.0267903804779053,0.951642986100189,0.8832720518112183,-0.27,0.4308
3wha,0.5375322103500366,0.0,0.9477003216743469,-0.21,0.74066
3wi2,1.5289918184280396,0.025913675779305607,0.7956100106239319,-0.24,0.45692
3wix,0.7152408957481384,0.9537748575759948,0.9333620071411133,0.48,0.97633
3wjw,0.8980296850204468,0.9129017213846385,0.9170812368392944,-0.24,0.77011
3wk4,0.601969301700592,0.9230337745747491,0.9576771855354309,0.13,0.8516
3wk5,6.469954490661621,0.9028796416399725,0.37295082211494446,0.38,0.802
3wk6,0.6833296418190002,0.9096819757230228,0.9320436716079712,0.04,0.62081
3wk7,0.5806059241294861,0.9583280085379405,0.9562118053436279,-0.09,0.76357
3wk8,1.9387407302856445,0.9150752692796502,0.7470179200172424,0.05,0.80807
3wk9,0.3920646011829376,0.9805428706939041,0.991134762763977,0.02,0.3796
3wka,0.48800933361053467,0.9662494268423606,0.973347544670105,0.28,0.7465
3wkb,0.44216224551200867,0.9661689977852204,0.9799771308898926,-0.31,0.33312
3wkc,1.0461785793304443,0.937647684771012,0.8388429880142212,-0.56,0.1551
3wkd,0.46171116828918457,0.9533393317859814,0.9753717184066772,0.17,0.51273
3wke,1.459232211112976,0.9442183377678575,0.8103271722793579,-0.45,0.82931
3wmb,0.6784932613372803,0.9882831154269772,0.9607942700386047,-0.53,0.52387
3wmc,0.8465586304664612,0.9246742546165463,0.9481382966041565,-0.66,0.63907
3wnr,0.39498525857925415,0.019023101000630364,0.9942810535430908,-0.63,0.71736
3wns,3.739835262298584,0.9023813089147591,0.5386996865272522,0.27,0.35321
3wnt,0.21100573241710663,0.032241567678525554,0.9967191815376282,0.60,0.7918
3wqh,1.800347089767456,0.0,0.8731002807617188,-0.34,0.30075
3wqv,17.614484786987305,0.5337866738694961,0.0,-1.94,0.44843
3wqw,2.388216257095337,0.8979697341076419,0.676358699798584,-3.01,0.45696
3ws8,0.5948074460029602,0.9509213591092393,0.9554698467254639,-0.14,0.2291
3ws9,0.6188823580741882,0.9391415903585784,0.9374090433120728,-0.22,0.29422
3wsy,,,,-3.70,0.04781
3wt5,3.4301705360412598,0.9294885969735693,0.6694095134735107,-0.11,0.71575
3wt7,0.7729896903038025,0.9621663867344044,0.922095537185669,-0.04,0.81372
3wtj,0.893115222454071,0.0,0.8902343511581421,0.79,0.50567
3wtk,0.5971397161483765,0.9194728229702677,0.9570578336715698,0.68,0.73897
3wtn,0.38433390855789185,0.9770192733340665,0.9859601259231567,0.65,0.95338
3wto,0.44663146138191223,0.0,0.9789762496948242,0.55,0.89413
3wut,,,,-2.92,0.21603
3wuu,,,,-2.62,0.04064
3wuv,,,,-2.94,0.00663
3wv1,0.6358500719070435,0.9752747006823622,0.9425531625747681,-0.28,0.84718
3wv2,0.47251394391059875,0.9587468278084846,0.9786184430122375,-0.05,0.78395
3wv3,0.35391709208488464,0.9725633015139594,0.9932143092155457,0.14,0.89522
3wvm,0.8422467112541199,0.9773634885809083,0.8982300758361816,0.02,0.29351
3wyj,,,,-2.77,0.36971
3wyk,2.0955615043640137,0.009493620966632216,0.8152542114257812,-0.57,0.81235
3wyl,0.5782790184020996,0.9416007236918505,0.9633151888847351,0.02,0.88935
3wym,1.5210394859313965,0.8977266633802319,0.8489736318588257,0.04,0.17757
3wz6,5.664339065551758,0.8329651518520789,0.31060606241226196,-0.55,0.79246
3wzn,0.8165640234947205,0.9864211663109801,0.9163498282432556,-0.08,0.95449
3wzp,1.899785041809082,0.011524272337028916,0.7420178651809692,-0.47,0.2772
3x1k,0.8969613313674927,0.02214502472224203,0.8784648180007935,-0.53,0.45417
3zbf,0.8857348561286926,0.9175244591903376,0.8893312215805054,-0.65,0.66476
3zc6,1.344090461730957,0.0,0.8171957731246948,-0.24,0.38536
3zdh,0.17832636833190918,0.0,1.0,0.53,0.98604
3zh8,6.683122634887695,0.8909521790582382,0.34110787510871887,-0.74,0.52188
3zhf,6.102386474609375,0.665823729063715,0.2885487675666809,-2.98,0.01922
3zhx,0.9787453413009644,0.926081105660824,0.8682851195335388,-0.53,0.62392
3zi0,3.447563409805298,0.0,0.5579216480255127,-0.87,0.67619
3zi8,17.076173782348633,0.2535474927475486,0.0005787037080153823,-0.21,0.91449
3zj6,1.0943889617919922,0.9101868564072026,0.8404423594474792,0.09,0.82661
3zj8,0.6341051459312439,0.9349110728585345,0.9486182928085327,-0.41,0.8006
3zjc,1.0308971405029297,0.95459850491057,0.8594582676887512,-0.11,0.19405
3zk6,3.5599019527435303,0.8183205150023184,0.5835168957710266,-1.23,0.46832
3zke,,,,-2.78,0.12747
3zkf,,,,-2.68,0.26721
3zki,0.5344566702842712,0.0,0.9641008973121643,0.54,0.97711
3zll,0.30232056975364685,1.0,0.9970149397850037,-0.65,0.52026
3zls,1.1143475770950317,0.9258913482201535,0.9202806353569031,0.58,0.8383
3zlv,0.13085885345935822,0.9880322903908271,1.0,0.40,0.86719
3zlw,3.736815929412842,0.9740280273153974,0.47647058963775635,-0.48,0.29082
3zlx,1.9580782651901245,0.8914804973589323,0.7940000295639038,0.28,0.76299
3zly,3.1500084400177,0.9183281871691998,0.5739583373069763,0.37,0.89818
3zm4,0.9384825229644775,0.9483794738791068,0.8662477731704712,0.21,0.74634
3zm5,0.7722092270851135,0.9432432446416864,0.9107298254966736,-0.41,0.44026
3zmg,0.6555337905883789,0.9737656654921432,0.9739819169044495,0.74,0.91227
3zmh,0.4246397316455841,0.9755364158086399,0.9818952083587646,0.48,0.80727
3zmi,0.915174663066864,0.9606385668514145,0.887499988079071,0.05,0.70673
3zmj,0.22301085293293,1.0,1.0,0.06,0.79184
3zmm,0.9276531934738159,0.9482260760787982,0.8730867505073547,-0.30,0.82213
3zmp,,,,-1.03,0.001
3zmq,,,,-2.68,0.00027
3zmt,,,,-3.09,0.12127
3zmv,,,,-3.04,0.18303
3zmz,,,,-3.19,0.00735
3znc,1.7409920692443848,0.9762757911704025,0.8208661675453186,-0.31,0.91703
3zo1,1.2581202983856201,0.9766673004069785,0.8166666626930237,0.39,0.85459
3zo2,0.6516649127006531,0.9666969222673619,0.9368000030517578,0.42,0.89786
3zo4,3.018620252609253,0.7624043814987344,0.638359785079956,-0.48,0.5086
3zot,0.3883897364139557,1.0,0.9956555962562561,0.11,0.80021
3zpq,0.5199076533317566,0.9694942374619032,0.9618736505508423,0.68,0.6535
3zps,1.3061676025390625,0.990162504916563,0.8125,-0.80,0.41182
3zpu,1.2475159168243408,0.9902635918593011,0.828088104724884,-0.54,0.368
3zq9,0.9342190027236938,0.9427861001531872,0.8717948794364929,-1.26,0.17598
3zqe,2.6720314025878906,0.7922630478985259,0.5284482836723328,-1.67,0.72459
3zqt,4.771366119384766,0.8462518335190048,0.35516178607940674,-1.23,0.40927
3zrc,1.2350709438323975,0.0,0.782330334186554,0.01,0.09065
3zrk,0.38090962171554565,0.9739138318682768,0.981217622756958,1.11,0.21618
3zrl,5.802150249481201,0.8622154719054003,0.23849692940711975,0.51,0.94175
3zrm,6.105707168579102,0.9346825731981683,0.23024830222129822,1.01,0.9656
3zsq,0.7551376819610596,0.013158498868373995,0.923154354095459,-1.11,0.6909
3zst,3.0556857585906982,0.8387792811883563,0.5735294222831726,-3.50,0.01047
3zsw,0.9894424676895142,0.04105120924831072,0.8699262142181396,-1.10,0.55717
3zsx,3.0204405784606934,0.007178640222222145,0.6545287370681763,-1.16,0.59818
3zsy,0.8867157101631165,0.020572810790772,0.9114503860473633,-0.87,0.68682
3zsz,0.8418993949890137,0.019977326019951683,0.9100318551063538,-1.27,0.18311
3zt1,0.9996071457862854,0.9512123294901593,0.8715181350708008,-1.04,0.31236
3zt2,0.9525495767593384,0.014601095835221544,0.8835453391075134,-0.26,0.79475
3zt3,0.6299880146980286,0.014732664191920044,0.9263937473297119,-0.25,0.88771
3zt4,0.9177106618881226,0.9500715436656599,0.882520318031311,-0.69,0.68719
3ztc,0.8217112421989441,0.9445663417175225,0.9042699933052063,0.22,0.32577
3ztd,0.726450502872467,0.0,0.8927083611488342,0.21,0.27855
3ztx,1.4391155242919922,0.8690713468595848,0.8168352842330933,-0.45,0.50437
3zuk,1.9267033338546753,0.0,0.7843930721282959,-0.98,0.84014
3zv7,0.6645628213882446,0.9787972781245619,0.9309523701667786,0.25,0.82928
3zvt,,,,-0.39,0.09921
3zvv,0.16419261693954468,0.963115692082338,1.0,0.26,0.94814
3zvw,,,,-0.42,0.55218
3zvy,,,,-2.92,0.00116
3zw3,0.5289635062217712,0.9888083055477297,0.9753344655036926,0.95,0.93306
3zxe,7.518673419952393,0.9442192585527462,0.46118950843811035,-2.43,0.46359
3zxh,1.6477049589157104,0.8990778073532926,0.698762059211731,-0.17,0.2668
3zxr,0.5771265625953674,0.0,0.9628528952598572,0.09,0.12964
3zxz,0.6901127099990845,0.9680263356826836,0.9336734414100647,0.33,0.94356
3zya,0.900400698184967,0.9556452053218703,0.8700274229049683,-0.05,0.4616
3zyb,3.7063095569610596,0.22947034617785164,0.09266409277915955,-1.61,0.60248
3zyh,0.8869553804397583,0.9765421985635607,0.9141483306884766,-0.94,0.81151
3zyr,,,,-3.04,0.30585
3zyu,0.45691582560539246,0.9688328959764456,0.9837057590484619,0.23,0.95481
3zze,0.8674248456954956,0.9260697534788735,0.8917218446731567,-0.13,0.46922
3zzf,0.274530827999115,0.9683916558313433,1.0,0.12,0.88239
3zzh,3.416945695877075,0.0,0.35178571939468384,-0.47,0.381
4a0j,,,,-2.66,0.00733
4a22,0.5732498168945312,0.9720330180251698,0.9739583134651184,-0.32,0.79249
4a2a,,,,-3.40,0.00016
4a4e,1.0212209224700928,0.9671198323488035,0.9589905142784119,-0.13,0.89269
4a4f,0.8339765667915344,0.9660721962274976,0.97775799036026,-0.92,0.93283
4a4g,5.01993465423584,0.9330860417203787,0.6530343294143677,-0.19,0.88161
4a4l,0.6135679483413696,0.9540113934102322,0.9584282636642456,0.42,0.72908
4a4o,0.7986039519309998,0.9317591496723817,0.9491353034973145,0.30,0.76413
4a4v,0.5489723086357117,1.0,0.963652491569519,0.02,0.8344
4a4x,0.7891542911529541,0.9388137653266028,0.9244521260261536,-0.37,0.74866
4a50,0.5904619693756104,0.9643291178121104,0.953438401222229,-0.13,0.7468
4a51,0.8135292530059814,0.0,0.8540655374526978,-0.34,0.75336
4a6b,1.22610604763031,0.9904371787392856,0.8078528046607971,-1.04,0.5955
4a6c,1.7276909351348877,0.9423643177439085,0.7839391827583313,-0.92,0.43083
4a6l,0.9262533187866211,0.06875883355692143,0.9164841175079346,-0.60,0.62551
4a6s,2.1145331859588623,0.9540854332759449,0.765072762966156,-1.00,0.2301
4a6w,0.14527320861816406,1.0,1.0,0.71,0.71486
4a7b,3.697479486465454,0.0,0.5063009858131409,-0.54,0.73462
4a7c,1.301332950592041,0.8948139678190209,0.8202781677246094,-0.18,0.73264
4a7i,0.9827674031257629,0.9390729707233741,0.8983585834503174,0.12,0.62345
4a95,0.34645965695381165,0.0,0.9914772510528564,-0.17,0.96819
4a9c,,,,-2.33,0.66286
4a9m,0.8602722883224487,0.0,0.8494898080825806,0.05,0.7557
4a9n,0.6144553422927856,0.0,0.8075787425041199,-0.10,0.74964
4a9r,1.591856837272644,0.9378101795203506,0.8337191343307495,-0.25,0.19691
4a9s,0.3282145857810974,0.9737706872574224,1.0,-0.46,0.54446
4a9u,0.6070138216018677,0.9504416888418424,0.9829136729240417,-0.13,0.57689
4aa0,0.8898842334747314,0.9638804205155986,0.8898809552192688,-0.26,0.17509
4aa1,11.32225513458252,0.35883311091235964,0.04916025325655937,-2.95,0.35674
4aa5,1.0848667621612549,0.9612778528456105,0.8813349604606628,0.18,0.16556
4aa7,25.609983444213867,0.08704951354332102,0.0,-2.37,0.05656
4aac,0.7428615093231201,0.937790955545114,0.9466975927352905,0.39,0.46758
4ab8,0.5159760117530823,0.9633393023440644,0.9812231659889221,-0.14,0.56698
4ab9,0.19705745577812195,0.9879663387366782,1.0,-0.32,0.75881
4aba,0.188600555062294,0.9877115016588904,1.0,0.69,0.54789
4abb,0.1971762627363205,1.0,1.0,0.52,0.71519
4abd,0.25517988204956055,0.9753153299659474,0.9993946552276611,0.53,0.67272
4abe,1.0160958766937256,0.9261135910081357,0.9208144545555115,0.41,0.73802
4abf,0.14987872540950775,1.0,1.0,0.48,0.77328
4abh,0.34729334712028503,0.9511339193774362,0.9893617033958435,0.61,0.91224
4abi,,,,-3.19,3e-05
4abk,1.0613988637924194,0.9627426914849814,0.8799728751182556,-0.15,0.61921
4abu,1.5737817287445068,0.7886433299751386,0.8072034120559692,-0.44,0.36519
4abv,2.7339582443237305,0.11582045479940235,0.6981292366981506,-0.60,0.18659
4aci,0.20574307441711426,0.9849346713617938,1.0,-0.01,0.55469
4acu,3.6523449420928955,0.928463253153437,0.6519189476966858,0.33,0.81204
4ad2,0.8132119178771973,0.0,0.9001572132110596,-0.74,0.61446
4ad3,1.2050483226776123,0.0,0.826347291469574,-1.16,0.24791
4ael,0.8702568411827087,0.0,0.8849502205848694,-0.43,0.43356
4afe,1.3179230690002441,0.9254641215060453,0.8672875165939331,-0.21,0.69808
4afg,0.2017003297805786,0.0,1.0,0.63,0.96037
4afh,0.9318751096725464,0.0,0.8777089715003967,0.11,0.441
4afj,6.777589797973633,0.8879559799505958,0.2632450461387634,0.13,0.10703
4ag8,0.5791261792182922,0.9350682730224825,0.9529339671134949,0.54,0.96054
4agd,0.9122569561004639,0.9527355625172184,0.9684542417526245,-0.75,0.95712
4agl,0.5805681943893433,0.9355579824477289,0.9202127456665039,0.11,0.51769
4agm,1.1670479774475098,0.0,0.9262114763259888,-0.66,0.67406
4agn,1.0718826055526733,0.9239247548202201,0.9260203838348389,-0.49,0.84356
4ago,1.028720736503601,0.0,0.8779554963111877,-0.77,0.55206
4agq,0.5871055722236633,0.0,0.9694403409957886,-0.68,0.56001
4ahr,0.45365002751350403,0.18395973346519176,0.9799196720123291,-0.36,0.91149
4ahs,2.8069889545440674,0.9737313590118094,0.6166380643844604,-0.19,0.93042
4ahv,0.7875999808311462,0.9611083617338279,0.9089999794960022,-0.22,0.68644
4ai8,0.35927119851112366,0.9784263980280326,0.9943365454673767,0.41,0.67488
4aif,12.5772066116333,0.4283514252867652,0.01696065068244934,-3.17,0.0238
4aig,1.893834114074707,0.9877927709753107,0.6746231317520142,-0.24,0.6749
4aj2,0.7327231764793396,0.8680083852375222,0.9323708415031433,-0.39,0.47815
4aj4,0.4307803511619568,0.03807786888701021,0.9553571343421936,-0.07,0.80684
4aje,0.8966444730758667,0.0,0.8899336457252502,-0.44,0.84997
4aji,0.5238076448440552,0.991100541606534,0.96484375,-0.73,0.74475
4ajk,0.3944884240627289,0.0,0.9809523820877075,0.27,0.83846
4ajl,0.6864738464355469,0.0,0.9215447306632996,0.28,0.44963
4ajn,0.6831678748130798,0.013199139327803843,0.9198065400123596,-0.26,0.74483
4ajo,0.8216553926467896,0.013241863036710842,0.9052953124046326,-0.28,0.73818
4ajw,0.347075492143631,0.0,0.9781713485717773,0.87,0.93117
4akn,2.0876619815826416,0.026844557977551406,0.7388429641723633,-0.33,0.60483
4al4,1.090220332145691,0.015393078306670131,0.8512454032897949,-0.38,0.74032
4alg,0.26596781611442566,0.9673683093089027,1.0,0.41,0.95074
4alx,0.6372451782226562,0.0,0.9344077706336975,0.03,0.33511
4aml,2.081681966781616,0.016123866535009784,0.8002232313156128,-1.07,0.70831
4amy,0.7949560284614563,0.9662743899790147,0.9287652373313904,0.05,0.18383
4amz,0.4349578022956848,0.9492262800820991,0.9764795303344727,0.37,0.37309
4an0,1.266523003578186,0.9222924043266595,0.8534732460975647,0.52,0.71041
4an1,1.0836384296417236,0.9570361680384316,0.8293433785438538,-0.04,0.49147
4an9,0.47827303409576416,0.9713371759393984,0.9640234708786011,0.53,0.83739
4anb,0.9617499113082886,0.9511391856223496,0.8739237189292908,0.37,0.65066
4anq,1.6887400150299072,0.9529116890483763,0.7734922766685486,-0.36,0.63749
4aoc,1.3164557218551636,0.0,0.817554235458374,-0.90,0.73329
4aom,,,,-3.16,0.0002
4aph,,,,-3.31,0.18848
4apo,25.72728157043457,0.1655323627807312,0.0074734813533723354,-3.42,0.01553
4app,2.6546831130981445,0.9405821664567242,0.7888067364692688,-0.09,0.82473
4aq3,2.0017998218536377,0.25275583450141503,0.6945701241493225,-1.10,0.24343
4aq4,0.5405935049057007,0.9610372933464423,0.9633182883262634,0.91,0.94364
4ark,1.1632637977600098,0.9325909250699527,0.8350383639335632,-0.03,0.51854
4aro,,,,-1.25,0.62188
4as9,2.693817138671875,0.8799989616060366,0.5390271544456482,-3.28,0.5383
4asd,0.7229317426681519,0.9326148860281673,0.9277663826942444,0.52,0.66261
4at3,2.5124359130859375,0.9411050375244115,0.682519257068634,-0.07,0.84685
4att,0.9828765392303467,0.977595901634135,0.8633027672767639,-0.53,0.79796
4au8,0.23158715665340424,0.9733593323685654,1.0,-0.28,0.81202
4auj,1.491166114807129,0.956718371641292,0.7195616960525513,-0.30,0.33129
4auy,0.7430651783943176,0.0,0.9211576581001282,0.22,0.80535
4av0,1.7137539386749268,0.9354942866305865,0.7951388955116272,-0.64,0.49482
4avh,0.9761388301849365,0.0,0.8858998417854309,-0.11,0.74711
4avi,0.9104636907577515,0.0,0.9156414866447449,-0.74,0.32833
4avj,1.1347187757492065,0.9560014885520828,0.8474178314208984,-0.42,0.66287
4avt,0.8760478496551514,0.0,0.956250011920929,-0.43,0.93549
4avu,0.2550604045391083,0.0,1.0,0.63,0.94637
4avw,0.16604268550872803,1.0,1.0,1.12,0.95951
4awj,1.1393951177597046,0.0,0.8350383639335632,-0.04,0.35375
4awk,4.106891632080078,0.9321072251240625,0.5561290383338928,-0.67,0.66443
4awm,2.358074903488159,0.9153897018271434,0.639397919178009,-0.69,0.36684
4axd,1.5038901567459106,0.9489301200699612,0.7735326886177063,-0.54,0.63192
4axm,0.5400288701057434,0.0,0.9610492587089539,0.81,0.59365
4ay5,0.9614979028701782,0.0,0.8850641846656799,0.12,0.64308
4ay6,1.0588874816894531,0.0,0.865275502204895,0.01,0.82965
4ayp,4.85391092300415,0.7976665387315166,0.3207395374774933,-1.77,0.47518
4ayq,0.9945699572563171,0.9364795058226231,0.8918918967247009,-1.10,0.46466
4ayr,1.4853464365005493,0.9223003325557791,0.7697010636329651,-1.07,0.47582
4ayt,1.3449128866195679,0.9416614848181034,0.8292227387428284,-0.14,0.6361
4ayu,2.0851261615753174,0.0,0.7518315315246582,0.23,0.39987
4ayv,1.1277986764907837,0.9588118341553263,0.8419483304023743,-0.85,0.72174
4ayw,1.4243040084838867,0.967483609364301,0.8146630525588989,-0.22,0.21527
4ayx,0.8412476778030396,0.97091194287158,0.930084764957428,-0.31,0.82776
4az0,0.6376289129257202,0.9615317642398823,0.9553333520889282,0.40,0.4711
4az3,0.9362273216247559,0.9656518343430237,0.9014806151390076,-0.31,0.31568
4az5,0.8972378969192505,0.9779019065256617,0.9130648374557495,0.44,0.93522
4azc,0.9347074627876282,0.9779019182617563,0.8841719031333923,0.24,0.92322
4aze,6.04778528213501,0.0,0.26126953959465027,0.33,0.88222
4azf,1.8980751037597656,0.9060700489727312,0.6813793182373047,0.33,0.89216
4azg,0.8142135143280029,0.0,0.9143884778022766,-0.46,0.79454
4azi,0.6363152265548706,0.0,0.936909556388855,0.32,0.7439
4azp,2.240758180618286,1.0,0.6688627004623413,-0.59,0.47847
4azt,0.6186265349388123,0.9549786834488775,0.9474169611930847,0.70,0.92485
4b00,1.930495023727417,0.9257537644862498,0.7277887463569641,0.24,0.6499
4b05,1.8823109865188599,0.956988089904065,0.7472314238548279,-0.57,0.40562
4b11,0.5126258730888367,0.9714343748978175,0.9716199040412903,-0.26,0.65827
4b12,0.3728316128253937,0.0,0.9880159497261047,-0.03,0.94166
4b13,,,,-0.24,0.33024
4b14,0.5255892872810364,0.0,0.9586309790611267,-0.13,0.71167
4b1c,0.2871466279029846,0.9815006990708232,0.994991660118103,0.75,0.811
4b1d,1.3018430471420288,0.9648900129796797,0.8319149017333984,-0.10,0.48204
4b2d,23.174602508544922,0.0,0.0,-0.01,0.58332
4b2i,0.21790924668312073,1.0,1.0,0.47,0.85173
4b2l,0.12175349146127701,0.9826618255951889,1.0,-0.07,0.46626
4b32,0.21811608970165253,0.9816947407589225,1.0,0.38,0.88091
4b34,0.5426269173622131,0.96434765893768,0.9676375389099121,0.27,0.8343
4b35,0.21622057259082794,1.0,1.0,0.12,0.59236
4b3c,0.25502321124076843,0.9815965673493589,1.0,-0.14,0.49443
4b3d,3.579162359237671,0.0,0.5897260308265686,0.41,0.86994
4b3u,0.5087357759475708,0.0,0.9605597853660583,-0.29,0.38463
4b4g,1.0720363855361938,0.0,0.8474919199943542,-0.63,0.2703
4b4q,20.779064178466797,0.01534506628229573,0.0,-3.37,0.01316
4b5d,0.45374158024787903,0.9883481592491674,0.9838569164276123,0.64,0.92063
4b5s,0.19625216722488403,1.0,1.0,0.08,0.93441
4b5t,0.27933961153030396,0.0,1.0,-0.08,0.86876
4b5w,0.3472644090652466,0.0,0.9942660331726074,0.04,0.71453
4b60,,,,-3.22,0.06396
4b6e,0.09965509176254272,0.9619274037324155,1.0,-0.19,0.42417
4b6o,1.6765328645706177,0.9314233082654483,0.7247899174690247,0.26,0.90393
4b6p,1.4233781099319458,0.9867852884229263,0.7949892282485962,-0.00,0.51909
4b6r,1.4533565044403076,0.01881509642828566,0.7875757813453674,0.27,0.97332
4b6s,1.3499025106430054,0.9482583072153921,0.8013918399810791,0.23,0.38288
4b6u,4.516477584838867,0.7815258430539881,0.343478262424469,-1.49,0.05215
4b71,0.6056102514266968,0.0,0.945485532283783,0.03,0.53504
4b73,0.5366250276565552,0.0,0.9559412598609924,-0.05,0.69666
4b74,0.5253642797470093,0.9277517294182912,0.9638193845748901,0.23,0.2432
4b76,1.0286264419555664,0.9635148394579841,0.8504983186721802,0.00,0.72636
4b77,0.9306707978248596,0.9730070873554805,0.8844444155693054,0.51,0.75234
4b7j,0.7450599670410156,0.9530869702809417,0.9383628964424133,0.30,0.90922
4b7r,0.7829165458679199,0.0,0.9102433919906616,0.25,0.93826
4b7z,0.5502145290374756,0.9709894182149769,0.957456111907959,-0.73,0.86869
4b80,0.9596039056777954,0.0,0.8756454586982727,-0.72,0.92335
4b81,0.6275166869163513,0.9220109044599372,0.952098548412323,-0.87,0.83485
4b82,1.5436915159225464,0.8749902349435131,0.7684075236320496,-0.57,0.86321
4b83,0.7318574786186218,0.0,0.9264972805976868,-0.77,0.83708
4b84,0.5680901408195496,0.953855764089069,0.9578025341033936,-0.73,0.74201
4b8o,,,,-1.89,0.00217
4b8p,,,,-1.67,0.06571
4b8y,5.812809944152832,0.7995165921130372,0.3636806309223175,-2.27,0.11698
4b9h,4.026602745056152,0.9398049045676149,0.42678478360176086,-1.93,0.02788
4b9k,1.891835331916809,0.0,0.7318452596664429,0.02,0.17213
4b9z,1.8881452083587646,0.9592871047674756,0.7535211443901062,-1.34,0.56729
4bae,0.514546811580658,0.9888985871497047,0.9645892381668091,-0.45,0.84486
4bb2,1.6774561405181885,0.9552479536762362,0.7437315583229065,-0.33,0.43752
4bb9,2.0900826454162598,0.934460912890018,0.6931993961334229,-0.45,0.48254
4bbg,3.7183215618133545,0.9515320742039047,0.5519828796386719,-0.41,0.8604
4bc5,0.6758825182914734,0.0,0.9383753538131714,-0.23,0.92174
4bcb,1.098564863204956,0.9407128801698785,0.9325109124183655,0.58,0.45708
4bcc,3.727112054824829,0.7492158411481712,0.8519948720932007,0.18,0.33586
4bcd,1.6397310495376587,0.8977859694427311,0.7830123901367188,-0.16,0.07617
4bcf,1.1311315298080444,0.9885198645351461,0.8389668464660645,-0.19,0.70609
4bcg,1.7902321815490723,0.88442844977363,0.8153846263885498,0.38,0.79267
4bch,2.583557367324829,0.8647040177633298,0.6769663095474243,-1.04,0.60331
4bci,2.754045248031616,0.9280465677115608,0.7386666536331177,-0.27,0.25362
4bcj,1.095141887664795,0.9050254553765945,0.849768877029419,0.00,0.05937
4bck,2.342355489730835,0.0,0.7239663004875183,-0.05,0.91769
4bcm,0.9962434768676758,0.0,0.8616625070571899,-0.87,0.16541
4bcn,0.7068091034889221,0.9767355634965487,0.9339478015899658,0.66,0.89596
4bcp,0.7907049655914307,0.9415876230232618,0.9070881009101868,0.36,0.66116
4bcq,0.8247917890548706,0.9427695169124144,0.8976868391036987,-0.40,0.52669
4bcs,0.7871838212013245,1.0,0.9191564321517944,-0.02,0.97606
4bcw,0.8832101225852966,0.977487479387632,0.8657289147377014,0.32,0.63073
4bd3,16.714065551757812,0.5554381251466746,0.04472013935446739,-2.35,0.00302
4bda,0.6093382835388184,0.9690249176998101,0.9414169192314148,0.37,0.93435
4bdc,0.27982935309410095,1.0,1.0,0.39,0.51106
4bdd,0.44730013608932495,0.940984355302987,0.9855072498321533,0.29,0.64278
4bde,0.27402567863464355,0.9849110766264811,1.0,-0.24,0.74163
4bdf,0.37766918540000916,0.9696585154747883,0.9885057210922241,0.74,0.79474
4bdg,0.2390650510787964,0.970369132996577,1.0,0.83,0.84329
4bdh,0.21337153017520905,1.0,1.0,0.10,0.42766
4bdi,0.9020239114761353,0.9699881587086852,0.9486873745918274,-0.43,0.71132
4bds,0.25615280866622925,0.9569920700209555,0.9957317113876343,0.40,0.92093
4bdt,2.883021116256714,0.7486513394102723,0.7071773409843445,0.20,0.88851
4bea,27.21990394592285,0.13733408631203106,0.0,-3.64,0.00104
4bek,1.472852110862732,0.9143365385531745,0.8507042527198792,0.29,0.40298
4bf1,0.3221953213214874,0.946161664926612,1.0,0.51,0.71586
4bf6,3.2489218711853027,0.8911258370202753,0.7403100728988647,0.59,0.81195
4bfd,1.4606633186340332,0.9464601260621817,0.83851158618927,0.80,0.87094
4bfr,0.8636322617530823,0.9894892499361728,0.9295774698257446,0.48,0.72788
4bg1,0.39622214436531067,0.9777386390773989,0.9892776608467102,-0.23,0.54741
4bg6,9.818758010864258,0.0,0.09518518298864365,-2.67,0.27249
4bgg,0.9893133640289307,0.0,0.9136075973510742,-0.27,0.29746
4bgk,,,,-0.63,0.83407
4bgm,0.7701566219329834,0.9778792257500781,0.9203056693077087,-0.69,0.56872
4bgx,2.231893301010132,0.9709907687024305,0.7031759023666382,-1.60,0.59781
4bgy,65.06764221191406,0.0,0.0,-2.53,0.02021
4bh3,78.02804565429688,0.0,0.0,-3.06,0.41023
4bh4,60.38930892944336,0.0,0.0,-3.01,0.2116
4bhf,0.7275512218475342,0.9884249529729259,0.9291871786117554,-0.72,0.54033
4bhi,1.0657987594604492,0.977012183352955,0.8767361044883728,-0.55,0.24707
4bhz,0.33177459239959717,0.9688826333807953,1.0,0.85,0.8736
4bi1,0.16006813943386078,1.0,1.0,0.91,0.85359
4bi2,0.1823999434709549,0.9851807285434125,1.0,0.80,0.72829
4bi6,0.27895376086235046,1.0,1.0,0.22,0.97409
4bi7,0.7723008394241333,0.9737025468464447,0.9390581846237183,0.16,0.8876
4bib,0.520708441734314,0.9754865404596172,0.9751406908035278,0.78,0.93361
4bic,0.46607479453086853,0.9754864017320162,0.9757922291755676,0.63,0.88603
4bj8,0.34512099623680115,0.0,0.9868852496147156,-0.05,0.99618
4bj9,1.7745076417922974,0.9337451256432168,0.7568875551223755,-0.22,0.24885
4bjx,1.5467251539230347,0.9348785276094653,0.7186098694801331,-1.50,0.55325
4bkt,0.5318032503128052,0.0,0.9319148659706116,0.61,0.88333
4blb,,,,-3.07,0.00328
4bnt,0.3572964072227478,0.9876450986582483,0.9957002401351929,-0.72,0.62589
4bnz,0.41771405935287476,0.0,0.9806201457977295,-0.51,0.74756
4bo3,0.41450706124305725,0.9476506386509267,0.9776334762573242,-0.35,0.95057
4bo4,2.423887014389038,0.9778256874359862,0.6189824938774109,-0.37,0.4164
4bo5,0.5302625894546509,0.0,0.9632243514060974,-0.17,0.51207
4bo9,0.4066609740257263,0.9890714887092371,0.98893803358078,-0.34,0.27587
4bpi,,,,-3.96,8e-05
4bqg,0.5736417174339294,0.9428358370524538,0.9587852358818054,0.13,0.6918
4bqh,1.3835124969482422,0.9457219289480777,0.8361959457397461,-0.50,0.73816
4bqt,2.419786214828491,0.0,0.6038102507591248,0.14,0.33492
4bqy,0.6087233424186707,0.9573939157745144,0.9418181777000427,0.14,0.93472
4bs4,0.7926052212715149,0.0,0.9168797731399536,0.42,0.88346
4bs5,0.6620044112205505,0.9886465271034751,0.939453125,0.49,0.59771
4bsq,0.7422683238983154,0.954146328293889,0.9165596961975098,0.79,0.67208
4bt3,2.064293146133423,0.9320013798565201,0.7176828980445862,0.55,0.74075
4bt4,0.583103358745575,0.9611525169146118,0.9681302905082703,0.57,0.67686
4bt5,2.0199999809265137,0.9508400949269561,0.7432432174682617,0.47,0.49429
4bt9,4.931217193603516,0.0,0.3269049823284149,-2.46,0.47502
4btb,11.123529434204102,0.561003011322879,0.19225779175758362,-2.27,0.11541
4bti,3.554226875305176,0.9144496677372237,0.6290132999420166,-0.70,0.46367
4btk,0.5306880474090576,0.9434045487342517,0.9466845989227295,0.35,0.85361
4btm,3.379263162612915,0.8728863535847511,0.5804843306541443,-0.40,0.25972
4btt,2.9497647285461426,0.0,0.6338797807693481,-1.33,0.22483
4btu,2.2356655597686768,0.9397918890769257,0.7776119112968445,-1.06,0.22765
4btw,0.8966979384422302,0.0,0.8809903860092163,0.24,0.67026
4buq,0.5177509188652039,0.9797232359934116,0.97921222448349,-0.32,0.88653
4bv2,,,,-3.59,9e-05
4bvb,0.6886998414993286,0.9789006033749028,0.9369286894798279,0.41,0.85852
4bw1,1.6874711513519287,1.0,0.7356660962104797,-1.25,0.39382
4bw2,0.6721806526184082,0.9837990541820565,0.9137254953384399,-0.60,0.7582
4bw3,0.23380397260189056,0.9842093603812969,1.0,-0.47,0.93756
4bw4,0.48326995968818665,1.0,0.9846292734146118,0.04,0.98193
4bxn,2.376204490661621,0.9460977403772681,0.6620151400566101,-1.96,0.5123
4bxu,,,,-3.01,0.01744
4byi,2.815899610519409,0.9202204152669111,0.754755437374115,0.52,0.87754
4byj,1.5823665857315063,0.9732614114599331,0.8298022747039795,0.82,0.98205
4bzn,1.500296950340271,0.9547442592907136,0.8011958003044128,0.30,0.59565
4bzo,1.4288862943649292,0.9218485735454548,0.8421391844749451,0.15,0.40046
4c0r,2.1900510787963867,0.8534615993338641,0.6965195536613464,-0.75,0.35307
4c16,,,,-1.87,0.09892
4c1d,2.626282215118408,0.8567753421021651,0.773097813129425,-0.03,0.90427
4c1e,0.8586052656173706,0.12582933030931245,0.9151375889778137,0.43,0.88558
4c1f,0.7672268748283386,0.9522561339378354,0.9183804392814636,0.23,0.38753
4c1g,0.8549308180809021,0.918967163228755,0.9013647437095642,0.15,0.71518
4c1h,2.0182652473449707,0.971375699939474,0.735049843788147,-0.11,0.74431
4c1t,1.86121666431427,0.9537834943599834,0.7415845394134521,-1.05,0.33033
4c1u,8.46585464477539,0.8783573524867913,0.19143082201480865,-0.81,0.23281
4c1w,3.1777212619781494,0.9498054677048993,0.8195946216583252,-3.19,0.53534
4c1y,0.9843610525131226,0.0,0.8785714507102966,-0.75,0.94034
4c36,0.5751389861106873,0.9785309259771496,0.9514237642288208,0.56,0.94684
4c37,5.546108245849609,0.8275285098753209,0.29754960536956787,-0.80,0.41978
4c38,0.5177116990089417,0.9407765456769647,0.966277003288269,0.57,0.92699
4c3k,1.1678731441497803,0.0,0.799476683139801,-0.31,0.75203
4c4f,0.565979540348053,0.9434321219666673,0.9468267560005188,0.70,0.69129
4c4g,0.5697993040084839,0.9341283505157221,0.9605262875556946,0.54,0.98761
4c4n,,,,-3.55,0.00084
4c5w,0.22901082038879395,0.9770286282087394,1.0,-0.52,0.92704
4c66,1.5380576848983765,0.8707093637499534,0.7464285492897034,-0.69,0.19284
4c68,6.192886829376221,0.0,0.3358711004257202,-1.98,0.48176
4c6u,1.2452311515808105,0.8878556054706059,0.8515100479125977,-0.03,0.66299
4c6v,1.2076817750930786,0.8991168895663568,0.860973596572876,-0.04,0.78317
4c6x,0.17799809575080872,0.0,1.0,0.14,0.91438
4c6z,0.37196359038352966,0.0,0.992514967918396,0.04,0.94049
4c70,0.25236356258392334,0.9912056332132511,1.0,0.22,0.93992
4c72,0.40661174058914185,0.9382513820612882,0.980663001537323,0.10,0.93989
4c73,0.18817852437496185,0.0,0.9987941980361938,0.27,0.95732
4c94,7.225038528442383,0.08068309948233438,0.22935102880001068,-0.44,0.33145
4c9x,2.2256054878234863,0.9034071056754687,0.7226744294166565,0.12,0.75631
4ca4,1.1968928575515747,0.0,0.8526375889778137,-0.57,0.72707
4ca6,0.9768203496932983,0.0,0.9002285003662109,-0.32,0.55172
4ca7,1.1965351104736328,0.9488948843727406,0.8434004187583923,-0.64,0.50879
4cae,0.5725991129875183,0.0,0.9536516666412354,-0.10,0.57953
4cby,1.2408781051635742,0.9388331308558766,0.8403201103210449,0.62,0.29918
4cc2,9.391176223754883,0.32219649627092617,0.039168551564216614,-2.46,0.01205
4cc3,13.67308235168457,0.01979551442635144,0.10411471128463745,-2.77,0.00384
4cc5,0.49315011501312256,0.9660925390539752,0.9717261791229248,-0.07,0.76854
4cc7,10.463815689086914,0.0,0.04387602582573891,-2.54,0.10959
4ccd,1.0891367197036743,0.912217304518839,0.8820638656616211,-0.83,0.71081
4cd4,0.9345701932907104,0.9677234019069195,0.8884228467941284,-0.50,0.78088
4cd5,2.233985662460327,0.9168875345202965,0.7302631735801697,-0.27,0.93541
4cd6,2.3939878940582275,0.9140723566943474,0.6502177119255066,-0.82,0.16757
4cd8,1.6084810495376587,0.9062482009244442,0.7484296560287476,-0.85,0.08581
4cdr,20.086952209472656,0.0,0.02788461558520794,-3.03,0.03502
4ce2,1.7088775634765625,0.8838720887318754,0.6688790321350098,-1.04,0.35054
4ceb,1.0754740238189697,0.03350686760549217,0.8495575189590454,-1.44,0.61025
4cff,15.615230560302734,0.17104347469189957,0.006071118637919426,-0.41,0.6619
4cft,1.377974510192871,0.0,0.8165722489356995,-1.37,0.94625
4cgi,0.800049364566803,0.02041853723657122,0.9152777791023254,-1.20,0.7144
4cgj,6.860076904296875,0.9520296969833728,0.34285715222358704,-0.86,0.07352
4cig,0.7695854306221008,1.0,0.9244579672813416,-0.83,0.77539
4cik,0.6986516118049622,1.0,0.9350489974021912,0.28,0.69561
4civ,0.8422119617462158,0.9840064351052501,0.9126983880996704,0.19,0.81845
4ciw,1.3399995565414429,0.9721513903569321,0.8209876418113708,0.12,0.65042
4cix,0.6187365651130676,0.9849851284559334,0.9453924894332886,0.22,0.82483
4ciy,0.7994934916496277,0.9853326466525464,0.9286723136901855,0.18,0.96562
4ciz,0.5583931803703308,1.0,0.9614197611808777,0.05,0.22642
4cj4,0.9826506972312927,0.00764478026332654,0.9053738117218018,-0.72,0.88689
4cjp,0.9330735802650452,0.9827510970453802,0.9033613204956055,-0.51,0.78289
4cjq,1.510923147201538,0.9659808025272341,0.836776852607727,-0.87,0.76083
4cjr,0.7343627214431763,0.020249916535759797,0.9254703521728516,-0.91,0.74998
4cki,1.2999675273895264,0.9722061320544205,0.8115310072898865,-0.57,0.3759
4ckr,0.6499295830726624,0.9506778778673229,0.9379929900169373,0.15,0.79166
4cku,1.9031742811203003,0.0,0.7901833653450012,-1.03,0.5442
4cl6,0.44616058468818665,0.9830925190917681,0.9846368432044983,0.09,0.7403
4cli,0.8670626878738403,0.8968948965344479,0.910639762878418,-0.72,0.97433
4clj,2.0946574211120605,0.8718903230501494,0.6934889554977417,-1.00,0.32895
4cmo,0.817233145236969,0.9164119890183936,0.8982334733009338,-0.96,0.67929
4cnh,2.181171178817749,0.9511627036958191,0.7039275169372559,-0.12,0.97852
4cp7,1.0718131065368652,0.9902913985950268,0.8582589030265808,-1.05,0.48573
4cpr,1.3459913730621338,0.9608873361892917,0.804670512676239,-1.32,0.30763
4cpt,1.1595187187194824,1.0,0.8498134613037109,-0.74,0.24425
4cpw,1.3061443567276,0.9704514751591466,0.8074427247047424,-1.31,0.19174
4cpx,1.321851372718811,1.0,0.8033359050750732,-0.77,0.48343
4cpy,0.698306143283844,0.9333724956881757,0.9368884563446045,0.34,0.77317
4cqe,1.4773657321929932,0.03925342260334343,0.8123376369476318,-0.19,0.32028
4cqf,0.7204915285110474,0.9278471645572929,0.9272908568382263,-0.38,0.75186
4cqg,0.7391600608825684,0.9144148538665544,0.9427409172058105,0.05,0.85092
4cr9,0.21763876080513,0.9759163478682804,1.0,0.36,0.97445
4cra,0.7709755897521973,0.9718541738647973,0.9397181868553162,0.05,0.83963
4crd,0.49597835540771484,0.9456650142188854,0.9649168252944946,0.15,0.72266
4crf,1.7615989446640015,0.9645828424513158,0.7867581844329834,0.07,0.61152
4crl,1.9093503952026367,0.9130154234019412,0.7691571116447449,-1.09,0.14809
4csd,3.245049476623535,0.06574662930244668,0.5487204790115356,-0.29,0.95443
4css,1.5135914087295532,0.9131587906469062,0.7526881694793701,-0.76,0.62464
4cst,1.1823047399520874,0.9134894082721821,0.8267716765403748,-0.78,0.6036
4csy,32.703086853027344,0.05785370448378903,0.0,-3.54,0.0249
4ctj,0.377154141664505,1.0,0.9921259880065918,0.12,0.90169
4cu7,0.8572166562080383,0.9774541664895919,0.9185750484466553,-0.40,0.74941
4cu8,0.8125028014183044,0.9461564986017442,0.9211764931678772,-0.60,0.575
4cwf,6.261754035949707,0.6280335694820365,0.22934472560882568,-0.03,0.08891
4cwr,0.8102884888648987,0.942739295859588,0.9052132964134216,-0.45,0.71187
4cws,0.6600021719932556,0.9902529412266852,0.9537750482559204,0.14,0.59027
4cxw,0.4440280497074127,0.9736728957915081,0.9839609265327454,0.29,0.87457
4cxx,0.7146008014678955,0.9661176736399996,0.9305555820465088,-0.00,0.42587
4cxy,0.5428943037986755,0.9811437077451655,0.9750445485115051,0.44,0.83307
4cy1,7.8520097732543945,0.6734148288689927,0.15328152477741241,-3.19,0.05351
4d08,1.280689001083374,0.8895762352627662,0.8410740494728088,0.11,0.51754
4d09,0.9807685613632202,0.0,0.8221231698989868,-0.05,0.35139
4d0w,3.1987662315368652,0.8496462966526467,0.5137665271759033,-0.02,0.50934
4d1b,0.47018861770629883,0.9818350986900668,0.978215754032135,0.77,0.96491
4d1c,0.6868176460266113,0.9387825707929712,0.9440433382987976,0.36,0.9219
4d1d,1.7139756679534912,0.895326658157474,0.7773826718330383,0.36,0.89448
4d1s,1.1766023635864258,0.9080523768065292,0.8683273792266846,0.29,0.73099
4d1y,1.334462285041809,0.8804193340480063,0.8410518169403076,-0.60,0.53613
4d2d,8.343557357788086,0.49285282853468104,0.15341812372207642,-0.70,0.36112
4d2r,0.7091001868247986,0.9868760644045573,0.9455177783966064,-0.24,0.62198
4d2s,0.8567898273468018,0.9469191422307872,0.9154518842697144,0.21,0.77154
4d2t,1.3855441808700562,0.13132775655620513,0.8177244663238525,0.27,0.47058
4d4d,2.571388006210327,0.8210022377989352,0.6952269077301025,-0.72,0.21857
4d52,0.559795618057251,0.0,0.9512362480163574,-0.70,0.95498
4d62,36.907108306884766,0.0,0.0,-1.55,0.37834
4d63,37.45240783691406,0.0,0.0,-1.45,0.37877
4d83,0.7114169597625732,0.9740920275481638,0.9386597871780396,0.14,0.98369
4d88,0.9897881746292114,0.9912201046222017,0.8681902289390564,-0.13,0.71113
4d89,1.1145380735397339,0.9490129639195409,0.8748862743377686,-0.58,0.76695
4d8c,0.8952872157096863,0.9834771515777542,0.8958143591880798,-0.35,0.6557
4d8i,7.605458736419678,0.655437552523126,0.22816349565982819,-2.35,0.11714
4d8s,0.6878640055656433,0.9722263091587905,0.929896891117096,0.10,0.93705
4d8z,0.7835226058959961,0.9541506158349518,0.9577922224998474,0.17,0.78442
4d9p,0.2654644250869751,0.9673918859843198,0.998913049697876,-0.17,0.67125
4da5,0.4934273660182953,0.9891761748804755,0.9529126286506653,-0.47,0.23247
4daf,0.22233326733112335,0.0,0.9965986609458923,0.30,0.76968
4dai,0.242244154214859,0.9879776985416815,1.0,0.50,0.95645
4db7,0.2180260866880417,0.9884334233031435,1.0,0.58,0.94682
4dbn,1.1299018859863281,0.024972184269051307,0.8326124548912048,-0.31,0.39611
4dcd,1.293962836265564,0.9078362091064613,0.7975917458534241,0.14,0.49921
4dce,0.765398383140564,0.9803481723894769,0.9216055870056152,-0.15,0.79665
4dcs,0.9792850613594055,0.9581321272706647,0.8989431858062744,0.31,0.58676
4dcv,1.2544634342193604,0.9245556241002616,0.849711000919342,0.01,0.69568
4ddk,0.3702790141105652,0.9465380902996899,0.9838169813156128,0.19,0.62387
4ddy,0.2893097996711731,0.0,1.0,0.42,0.61094
4de0,0.6696528792381287,0.0,0.9513201117515564,0.26,0.2432
4de3,0.3231517970561981,0.0,0.9938596487045288,0.49,0.74176
4de5,0.8709762096405029,0.0,0.8891891837120056,0.42,0.75458
4de7,0.831233024597168,0.9171817053734159,0.8941532373428345,-0.26,0.34405
4deh,0.3951369524002075,0.9666173162313731,0.9791666865348816,0.68,0.9745
4dei,0.8456135988235474,0.9378050611344572,0.9577814340591431,0.18,0.92881
4del,0.22103790938854218,0.9675169419621904,1.0,0.33,0.96057
4deu,1.072094202041626,0.9149345526696545,0.8639705777168274,-0.49,0.39135
4dfb,2.3908238410949707,0.0,0.6564416885375977,-2.10,0.42963
4dff,0.8158093690872192,0.9481893491578666,0.9223130941390991,-0.21,0.1292
4dfu,0.33824142813682556,0.9486450945119167,0.9936479330062866,0.27,0.31021
4dfw,5.256346702575684,0.7681412043713971,0.3572009801864624,-1.65,0.01854
4dgb,9.208650588989258,0.540971968791607,0.08087248355150223,-1.39,0.06237
4dgg,1.4233888387680054,0.9502992640777249,0.8245382308959961,-0.04,0.75656
4dgr,1.346512794494629,0.9637053056829833,0.7711409330368042,-0.31,0.75913
4dhl,0.5717875361442566,0.9864996998233823,0.9867256879806519,0.43,0.33573
4dhm,0.8451197147369385,0.9604341084974165,0.8985329866409302,-0.87,0.752
4dho,2.047290325164795,0.9740087806153582,0.7752347588539124,-0.83,0.69999
4dhp,3.2419228553771973,0.8788813504160659,0.6245192289352417,-0.86,0.63249
4dhq,1.5003970861434937,0.9735766352709316,0.8404392600059509,-1.07,0.60014
4dhr,0.8179659843444824,0.9340628416495083,0.8832873106002808,-0.84,0.62176
4dhs,0.6349279880523682,0.9742410778571029,0.9493243098258972,-0.77,0.22609
4dhu,1.7602137327194214,0.9601600052035936,0.7810026407241821,-0.76,0.35787
4dij,0.844415009021759,0.35840372751614763,0.9241130352020264,-0.01,0.15338
4dj7,5.721775531768799,0.0,0.49570199847221375,-2.51,0.38877
4djh,1.3150750398635864,0.9353546254069033,0.8452250361442566,-0.34,0.65326
4djr,1.0120054483413696,0.9800741885875389,0.8861031532287598,-0.30,0.41655
4djs,,,,-3.20,0.001
4dko,2.014202117919922,0.9489115869002375,0.651602566242218,-0.97,0.42871
4dkp,1.5369343757629395,0.9189539296640779,0.9146825671195984,-0.33,0.47047
4dkt,3.9086711406707764,0.8504924766370183,0.608359158039093,-0.79,0.49462
4dld,0.44442272186279297,0.990828150534727,0.9790748953819275,0.47,0.96306
4dli,0.4390084743499756,0.9667270428680316,0.967900276184082,0.59,0.51451
4dmw,0.7886710166931152,0.9506288383803329,0.9108833074569702,-0.54,0.50461
4dn0,2.9604992866516113,0.8203129683184753,0.5343673825263977,-2.78,0.02916
4do4,0.6207298040390015,0.0,0.9536659717559814,0.10,0.8375
4do5,0.8017414808273315,0.0,0.9058441519737244,-0.24,0.71787
4dow,,,,-3.35,0.01213
4dpy,0.501339852809906,0.0,0.9721350073814392,0.39,0.69944
4dq2,1.2065492868423462,0.9035070289819491,0.8119941353797913,-0.22,0.80932
4dr9,1.6424593925476074,0.0,0.7794960141181946,0.32,0.75101
4drm,2.2211718559265137,0.9323231997350014,0.7173017263412476,-1.33,0.18768
4drn,2.152167797088623,0.9194481090969292,0.7352309226989746,-1.24,0.66621
4dro,1.1740984916687012,0.9862570781810822,0.8278495669364929,-0.85,0.41097
4drp,2.7876548767089844,0.9328893622855778,0.6826332211494446,-1.12,0.2499
4ds1,19.45487403869629,0.18011582802832854,0.04520295187830925,-3.09,0.01542
4dst,0.20549826323986053,1.0,1.0,-0.32,0.71832
4dsy,0.7990754246711731,0.0,0.8646095991134644,0.04,0.56668
4dt2,0.6524628400802612,0.9350820336949455,0.9509408473968506,-0.79,0.47931
4dtk,0.5457963943481445,0.946413349591092,0.9639303684234619,0.55,0.87733
4dtt,1.9942353963851929,0.0,0.712164044380188,-0.86,0.55481
4du8,0.41589775681495667,0.9634637570604001,0.9821428656578064,0.04,0.87248
4dv9,5.0290141105651855,0.8534251344018237,0.5052399635314941,-2.25,0.33751
4dve,0.4280174672603607,0.0,0.9779661297798157,0.56,0.81558
4dvi,0.6004666090011597,0.9456224474335374,0.9477756023406982,0.37,0.9546
4dwb,0.9405861496925354,0.9175458636412043,0.8999999761581421,-0.88,0.63365
4dwk,27.75524139404297,0.004733199644441672,0.0,-0.68,0.02945
4dxg,3.1759543418884277,0.7940924728757345,0.5946276187896729,-2.52,0.06091
4dy6,3.4411115646362305,0.7886858082399044,0.5766475796699524,-1.89,0.02388
4dzy,0.1705596148967743,0.9640609920174856,1.0,0.72,0.96678
4e0w,1.1065120697021484,0.9291835934498645,0.8425233364105225,0.96,0.64667
4e0x,0.7141132354736328,0.0,0.9365234375,0.76,0.81941
4e1m,31.855928421020508,0.0,0.0,-0.21,0.50397
4e1n,31.515308380126953,0.0,0.0,-0.35,0.16757
4e1z,0.6682745218276978,0.9686365651482124,0.9285714030265808,0.01,0.89172
4e34,9.57132625579834,0.12628507453444698,0.17749758064746857,-3.22,0.09618
4e35,9.60483169555664,0.35506634790150204,0.11668228358030319,-2.90,0.25977
4e3f,0.5167263746261597,0.9627216962895745,0.978383481502533,0.05,0.27232
4e3g,0.3091930150985718,0.9743846339083891,1.0,0.62,0.41826
4e3i,0.7894080877304077,0.0,0.9166666865348816,0.31,0.34015
4e3j,0.9161319136619568,0.9780722638280438,0.9054325819015503,0.31,0.52978
4e3k,0.7251001000404358,0.9891090578108203,0.9378787875175476,0.40,0.26679
4e3l,0.6057968735694885,0.9364065686791211,0.9606854915618896,0.28,0.52506
4e3o,0.8267941474914551,0.0,0.9158496856689453,0.29,0.59242
4e49,0.34901362657546997,1.0,0.982723593711853,-0.05,0.79594
4e4a,0.19202527403831482,1.0,1.0,-0.08,0.58206
4e4l,1.0012460947036743,0.9266336380941909,0.8934993147850037,0.07,0.59997
4e4n,0.6129279136657715,0.0,0.9626811742782593,0.19,0.99435
4e5d,0.44916751980781555,0.9704226745411884,0.9734789133071899,-0.19,0.90072
4e5f,3.157632350921631,0.0,0.5632529854774475,-0.07,0.77783
4e5g,0.33038273453712463,0.0,0.9950494766235352,0.09,0.89243
4e5h,1.4426020383834839,0.0,0.7864933013916016,-0.51,0.58259
4e5j,0.985646665096283,0.0,0.9228395223617554,0.13,0.53354
4e5w,1.918194055557251,0.9217599674086349,0.811438262462616,-0.37,0.6412
4e67,5.773599624633789,0.7204336609067679,0.2355637103319168,-1.24,0.04177
4e6c,1.274628758430481,0.9826937941915114,0.8467513918876648,0.05,0.44565
4e6d,0.6598418951034546,0.9308776864701058,0.949018120765686,0.76,0.8423
4e6q,2.5252792835235596,0.9525597483623127,0.6903508901596069,0.56,0.71304
4e70,0.2649802565574646,0.0,1.0,-0.01,0.87805
4e81,29.71505355834961,0.08775206227778067,0.0,-3.02,0.12773
4e8w,0.8700436353683472,0.8899220664706643,0.9026063084602356,-0.71,0.34822
4e90,1.5203405618667603,0.0,0.7772276997566223,-0.53,0.15239
4e96,1.2986220121383667,0.9520007753458155,0.8569214940071106,-0.65,0.73613
4e9c,9.631795883178711,0.7092827293929763,0.1747635453939438,-2.44,0.04205
4e9d,,,,-2.35,0.01375
4e9u,0.8840110898017883,0.9329582235448637,0.8996789455413818,-0.59,0.30097
4ea1,0.8583683371543884,0.959285598897479,0.9140233993530273,-1.09,0.79468
4ea2,1.1798242330551147,0.9341974903027408,0.8186274766921997,-0.43,0.45935
4ea3,1.0516518354415894,0.9663967315706843,0.8451188802719116,-0.09,0.62279
4eb9,7.602746963500977,0.3452677557117357,0.5372825860977173,-1.53,0.07524
4ec0,2.764465093612671,0.8881108419043496,0.8207908272743225,-0.59,0.2463
4ec4,5.490051746368408,0.0,0.5045774579048157,-2.19,0.00857
4ede,1.6551703214645386,0.8793232006856517,0.7379094958305359,-1.04,0.33857
4edz,0.8908172249794006,0.0,0.8907480239868164,-0.55,0.78892
4eeh,0.38869601488113403,0.9640206687211029,0.9851379990577698,0.71,0.8949
4eej,1.0022159814834595,0.9440320518824168,0.8799999952316284,-0.33,0.36126
4eev,0.9535894393920898,0.9270257558810867,0.8811812996864319,0.07,0.63213
4ef6,0.5133393406867981,0.9637355916267307,0.96435546875,0.09,0.87075
4efg,1.2919267416000366,0.012573881227469136,0.8045286536216736,-0.36,0.14205
4efk,0.2925646901130676,0.9383412431620772,1.0,0.22,0.69559
4efs,0.7178072929382324,0.9536944202711306,0.9457083940505981,0.31,0.94843
4eft,0.9940087795257568,0.9437900067094444,0.869966447353363,-0.02,0.45025
4efu,0.6797914505004883,0.9436548339158068,0.9344380497932434,-0.41,0.50827
4egh,0.5453913807868958,0.9538802586965811,0.954081654548645,0.58,0.53533
4egi,0.22347505390644073,1.0,1.0,0.17,0.41766
4egk,2.0353503227233887,0.8580455434665446,0.662466824054718,-1.19,0.49905
4eh3,0.6917870044708252,0.952722989581687,0.9412915706634521,0.54,0.83711
4eh4,0.5496057868003845,1.0,0.9589372277259827,0.15,0.34899
4eh6,34.066287994384766,0.0,0.0,0.42,0.26773
4eh7,0.37808504700660706,0.9876385169291664,0.9931250214576721,-0.34,0.60676
4eh8,25.826988220214844,0.051795635713598964,0.0,-0.17,0.53771
4ehe,0.7669585347175598,0.037731776189757225,0.9090361595153809,0.37,0.37304
4ehm,3.0290825366973877,0.7679178977743472,0.5520304441452026,-1.20,0.54607
4ehr,1.0907329320907593,0.9452285091650061,0.8776721954345703,-0.44,0.14114
4ehv,1.3660765886306763,0.8428384944769393,0.801659107208252,-1.14,0.65973
4ehz,0.4508970081806183,0.0,0.9867700934410095,0.95,0.9871
4ei4,0.974256157875061,0.0,0.9291808605194092,0.93,0.99004
4ej2,2.1767656803131104,0.8308940590854227,0.7123059630393982,-0.38,0.24799
4ej8,0.5804214477539062,1.0,0.9380165338516235,-0.93,0.51628
4ejf,,,,-2.84,0.12827
4eke,0.9963991641998291,0.9082230158830876,0.8743780851364136,-0.14,0.4959
4eki,0.9770424365997314,0.9652225591347148,0.857569694519043,-0.07,0.64651
4eky,0.7227771282196045,0.9322626682468994,0.9287014603614807,0.42,0.7757
4el0,0.589836061000824,0.9923300208800288,0.9520235061645508,0.52,0.83242
4el5,0.6837706565856934,0.9678038070375644,0.9220733642578125,0.38,0.68744
4el9,0.9551005363464355,0.9777957961252981,0.8971801996231079,-0.01,0.77681
4elb,1.3274149894714355,0.0,0.7879981398582458,-0.95,0.75728
4ele,0.8260027766227722,0.980739982236295,0.9150052666664124,-0.91,0.78909
4elf,1.2015354633331299,0.032868531312955356,0.8024605512619019,-1.37,0.68588
4elg,0.98236483335495,0.0,0.8614696860313416,-1.27,0.7842
4elh,0.6450947523117065,0.023082649973337706,0.8978004455566406,-0.74,0.71721
4em7,0.6605399250984192,0.9307292418871864,0.9460470080375671,0.53,0.78886
4emt,3.7643380165100098,0.8177919929938542,0.46727657318115234,-2.38,0.02863
4en4,0.5395495891571045,0.9752294168419169,0.974397599697113,-0.61,0.37343
4eny,0.4256983697414398,1.0,0.9718137383460999,0.35,0.45954
4eo4,1.4140121936798096,0.0,0.7902097702026367,-0.13,0.4921
4eo6,0.4283800423145294,0.0,0.969111979007721,0.50,0.84362
4eo8,0.41278547048568726,0.9764041154464604,0.9885686039924622,0.64,0.86955
4eoi,1.7749223709106445,0.0,0.7771084308624268,1.12,0.92353
4eol,1.6661005020141602,0.9056496475706607,0.8067901134490967,1.05,0.67087
4eon,1.4920953512191772,0.9061341673560931,0.8579920530319214,0.75,0.39444
4eop,1.7171475887298584,0.0,0.7994505763053894,0.92,0.37344
4eos,1.6986132860183716,0.8952097619382465,0.8091939687728882,1.04,0.76
4eox,1.3726799488067627,0.9802340017329867,0.8543425798416138,-0.35,0.57109
4epy,0.8242856860160828,1.0,0.9231464862823486,-0.72,0.25161
4eqj,,,,-3.17,0.03201
4er2,3.292755365371704,0.843677703262656,0.6232718825340271,-2.37,0.66192
4er4,8.612542152404785,0.7236584515905388,0.21462376415729523,-2.53,0.00278
4ere,1.5956356525421143,0.8983504327303968,0.7170782089233398,-0.31,0.54997
4erk,1.0812337398529053,0.9048276283003468,0.9260042309761047,0.41,0.81799
4erq,,,,-3.08,0.0059
4ery,,,,-3.24,0.00281
4erz,,,,-2.69,0.01099
4es0,,,,-3.07,0.00343
4esg,,,,-3.45,0.06733
4est,5.985646724700928,0.712818232163689,0.2991803288459778,-1.42,0.0527
4etz,4.512363433837891,0.8632938216797502,0.37185296416282654,-3.07,0.00986
4eu0,3.961233377456665,0.8314942193870173,0.41756758093833923,-3.81,0.0016
4eu3,0.2557637393474579,0.9747227372586769,1.0,-0.20,0.78196
4euc,1.0304163694381714,0.005390006454602407,0.8694592118263245,-1.20,0.67375
4euo,0.2306910902261734,0.9885244228639954,1.0,1.34,0.93604
4euv,3.193255662918091,0.8668387132944081,0.5382462739944458,-2.79,0.03526
4ew3,0.9372760057449341,0.9250485108591211,0.9363884925842285,-0.41,0.93055
4ewn,0.48210057616233826,0.9790651245514185,0.9718379378318787,-0.18,0.8813
4ewr,,,,-3.04,0.00028
4exg,0.778795599937439,0.9910076355997076,0.9315642714500427,0.29,0.89771
4exh,9.643692016601562,0.15148790398061054,0.12445095181465149,-3.67,0.02545
4exs,1.7476609945297241,0.0,0.8217821717262268,-0.15,0.85514
4exz,1.3761873245239258,0.009264098662321082,0.7146422863006592,-0.27,0.21309
4eyj,0.6207537055015564,0.972783356867757,0.9498714804649353,0.53,0.36538
4eym,0.6555748581886292,0.9510513984979735,0.9344745874404907,0.38,0.85072
4eyr,3.9129178524017334,0.9197514948102733,0.5005030035972595,-2.03,0.52919
4ezj,1.1186190843582153,0.9603712483266766,0.8804086446762085,0.12,0.9386
4ezo,,,,-2.97,0.01156
4ezq,,,,-2.22,0.01789
4ezr,32.10481262207031,0.09862559367962992,0.0,-3.06,0.0067
4ezw,26.550199508666992,0.005406173458442004,0.0,-2.58,0.41376
4ezx,32.53756332397461,0.06452994819963181,0.0,-3.21,0.10369
4ezy,,,,-2.52,0.41882
4ezz,33.151363372802734,0.09640679627248999,0.0,-3.02,0.09375
4f08,0.6409384608268738,0.9476925195243475,0.942270040512085,1.36,0.98652
4f09,0.69130939245224,0.9726008377010242,0.9402485489845276,1.22,0.9889
4f0c,4.759861946105957,0.9561411890031273,0.5611578226089478,-0.91,0.43735
4f14,,,,-2.95,0.00563
4f1q,0.4019266664981842,0.9440303747301492,0.9799794554710388,-0.50,0.66248
4f20,,,,-2.79,0.17083
4f2w,0.954588770866394,0.9628792070999855,0.898742139339447,-0.09,0.98288
4f39,0.7412407994270325,0.9261289138028576,0.9390756487846375,1.03,0.97314
4f3i,0.3662234842777252,0.9677518715089699,0.9843453764915466,0.63,0.96269
4f49,2.634343385696411,0.0,0.7537974715232849,-0.58,0.25792
4f4p,0.8284693956375122,0.9662691075920214,0.898084819316864,0.35,0.81048
4f5y,2.976736545562744,0.8456433353955533,0.5506706237792969,-2.32,0.00414
4f64,0.7574536204338074,0.9236982455362902,0.9261550903320312,-0.10,0.81902
4f6s,0.6845937967300415,0.9802665046403877,0.9446721076965332,0.44,0.60211
4f6u,0.4391692280769348,0.9512422279777386,0.978857159614563,0.66,0.79364
4f7j,0.5694831013679504,0.9531788847865108,0.9634670615196228,0.84,0.7562
4f7l,0.5322700142860413,0.9347787382085512,0.964606761932373,0.57,0.84525
4f7n,0.4450453519821167,0.9742167854149643,0.9789473414421082,0.54,0.83467
4f8h,44.027679443359375,0.0,0.0,-0.71,0.79938
4f9g,2.589534044265747,0.7996173327350588,0.6284037828445435,-2.49,0.01077
4f9u,0.5956611037254333,0.0,0.9665697813034058,-0.09,0.71922
4f9v,0.49983009696006775,0.034599115691675,0.7678041458129883,-0.07,0.42655
4f9w,0.49991101026535034,0.9569578456911569,0.9500805139541626,-0.10,0.28066
4fai,0.5450789928436279,0.9748641477970827,0.9773985147476196,0.18,0.6258
4fbe,0.6192892789840698,1.0,0.9616788029670715,0.12,0.67918
4fbx,,,,-0.11,0.28415
4fcf,1.2491425275802612,0.9631997598751705,0.8323397636413574,-1.29,0.13036
4fcm,,,,-1.24,0.63842
4fcq,1.3442940711975098,0.9213836843614684,0.8378176093101501,0.10,0.55627
4fe9,3.0745320320129395,0.9043037509360667,0.5913729071617126,-2.68,0.25206
4fem,6.8152360916137695,0.9237318086063628,0.2918781638145447,-3.39,0.03942
4fev,0.585978627204895,0.0,0.9455252885818481,0.44,0.91843
4few,0.541553258895874,0.0,0.942307710647583,0.31,0.56465
4ffs,0.8378241062164307,0.9893798424956367,0.9419127106666565,0.09,0.91591
4fgt,,,,-1.48,0.53656
4fgx,5.118008613586426,0.8812935549342436,0.3891329765319824,-2.41,0.00875
4fgz,0.2306184470653534,0.0,1.0,-0.95,0.82357
4fhh,0.48821818828582764,0.969764444578862,0.9758155345916748,0.02,0.62256
4fhi,0.6539420485496521,0.9696970270467611,0.9368715286254883,-0.07,0.77087
4fht,0.6740654706954956,0.04207818254077991,0.9258691072463989,0.19,0.74758
4fi9,40.81391906738281,0.060812761599265984,0.0,-3.79,0.00079
4fic,0.3287903070449829,0.9524300654851793,0.9913793206214905,0.45,0.88783
4fiv,4.558499336242676,0.8183210090283456,0.436477392911911,-2.45,0.55345
4fk6,1.770121693611145,0.0,0.7822376489639282,0.18,0.82559
4fkk,0.9319484829902649,0.9537008335899038,0.9051302671432495,-0.33,0.66406
4fl1,1.8014860153198242,0.9299526139469741,0.734544038772583,-2.11,0.50644
4fl2,2.027437448501587,0.8872519380283452,0.6933771371841431,-0.76,0.19679
4fl3,2.0149290561676025,0.9035823463321265,0.7208192944526672,-0.69,0.11502
4fli,1.4368863105773926,0.9345663696607728,0.8247663378715515,0.06,0.73739
4flj,1.5392587184906006,0.9577856642687649,0.8769554495811462,-0.47,0.94437
4flk,0.6236550807952881,0.955818318344482,0.9490678906440735,-0.05,0.94231
4fm7,1.819807767868042,0.9574967372790514,0.7223572134971619,-1.41,0.42231
4fm8,1.559976577758789,0.9581917473300031,0.7917754650115967,-1.04,0.57236
4fmn,,,,-2.80,0.01073
4fmo,,,,-2.29,0.12009
4fmq,,,,-3.22,0.02064
4fmu,0.9798823595046997,0.9715901154701188,0.8767211437225342,0.09,0.87632
4fnn,1.3290899991989136,0.900767731801661,0.8191609978675842,-1.00,0.10581
4fns,0.7268111109733582,0.0,0.9270601272583008,-0.35,0.8836
4fny,0.6679710745811462,0.9508667412690631,0.9322404265403748,0.21,0.93169
4fnz,1.0300941467285156,0.9522624874094,0.8676199316978455,-0.83,0.7876
4fob,0.8955583572387695,0.9474569135474901,0.8932960629463196,-0.79,0.48383
4fp1,0.32765740156173706,0.0,0.9738292098045349,-0.36,0.88899
4frj,0.8960475921630859,0.9721359888401003,0.8519917726516724,0.51,0.16323
4frk,1.0138535499572754,0.9364190561432896,0.851488471031189,0.11,0.55823
4ft2,,,,-2.92,0.19344
4fvq,0.7053547501564026,0.929823135931866,0.9205127954483032,-0.49,0.60523
4fvr,1.1447432041168213,0.9098279773306087,0.8296459913253784,-0.58,0.70373
4fxf,1.4874749183654785,0.0,0.8212515711784363,-0.06,0.71548
4fxj,18.768938064575195,0.0,0.0,-1.63,0.60511
4fxp,0.8202900886535645,0.9588750378950079,0.9240170121192932,0.05,0.70044
4fxq,0.4236009120941162,0.0,0.9841772317886353,0.04,0.68905
4fxz,9.930032730102539,0.3607648884301892,0.07644230872392654,0.40,0.6998
4fyh,1.2811304330825806,0.15614953358253017,0.8075248599052429,-0.33,0.59697
4fz3,13.373600959777832,0.45198676319590647,0.04131534695625305,-2.33,0.35775
4fzj,0.37379467487335205,0.9499174524437858,0.9970518946647644,-0.14,0.95285
4g0a,,,,-2.00,0.0
4g0k,2.138096570968628,0.9481687131233881,0.7861445546150208,-0.59,0.62499
4g0l,0.5996428728103638,0.0,0.9472076892852783,0.54,0.9923
4g0p,0.8799989819526672,0.9489912641660412,0.9085510969161987,-0.12,0.77037
4g0q,0.8516122698783875,0.8991357246425953,0.9154676198959351,0.03,0.93174
4g0y,0.6698981523513794,0.9482552747763954,0.9553990364074707,-0.14,0.92204
4g0z,1.1564544439315796,0.965818432393053,0.8877440094947815,-0.05,0.78966
4g11,0.8093786835670471,0.9677475961037822,0.9282820224761963,0.25,0.12823
4g19,0.29877158999443054,0.0,0.9973730444908142,0.45,0.78673
4g2f,0.5288535952568054,0.9574888284792822,0.9705105423927307,0.28,0.92034
4g2l,0.8236138224601746,0.9303659473802334,0.9287499785423279,-0.22,0.80965
4g2y,0.633082926273346,0.9342224062469736,0.9496830701828003,0.10,0.48715
4g3g,0.3115914762020111,0.970287639128702,0.9931087493896484,0.38,0.6503
4g4p,1.384869933128357,0.9012240687480032,0.7666308879852295,-5.10,0.12467
4g5f,0.27447888255119324,0.9778163886697926,1.0,0.61,0.91654
4g5y,1.2706940174102783,0.0,0.7905759215354919,-0.01,0.6945
4g68,1.1213871240615845,0.9535276162895988,0.8377686738967896,-0.11,0.63509
4g8l,2.168680429458618,0.0,0.6342030167579651,-2.12,0.17294
4g8m,1.1771678924560547,0.0,0.8182271122932434,0.82,0.52639
4g8n,0.6851489543914795,0.969247771002258,0.938524603843689,1.10,0.8573
4g8o,7.455401420593262,0.0,0.21758508682250977,-2.38,0.23983
4g8r,33.49440002441406,0.0,0.0,-1.66,0.07286
4g8v,1.2141972780227661,0.9594430192806918,0.8580870628356934,-0.21,0.12207
4g8y,1.500283122062683,0.0,0.8224191069602966,-0.15,0.59637
4g90,1.6207796335220337,0.0,0.8146616816520691,-0.20,0.40653
4gao,,,,-3.38,0.12196
4gby,1.0041937828063965,0.9311721191312268,0.8745704293251038,-0.48,0.31769
4gbz,1.0655663013458252,0.9708947340169178,0.8440678119659424,-0.74,0.16065
4gd6,0.618381679058075,0.9546618628737719,0.9449999928474426,-1.21,0.58447
4ge1,0.2155236154794693,0.9889194853941081,1.0,0.22,0.64974
4ge2,1.1711786985397339,0.967952988133894,0.8371794819831848,-1.10,0.32334
4ge4,0.655176043510437,0.9429643701877444,0.9521621465682983,0.24,0.9295
4gee,0.9412712454795837,0.96315838303787,0.8804794549942017,0.28,0.63828
4gfd,0.7659702897071838,0.9603584401713392,0.9595237970352173,0.04,0.9643
4gfm,1.1848257780075073,0.9387147483472414,0.8665094375610352,-0.09,0.64414
4gfn,0.7499468922615051,0.9748915322173684,0.9456360936164856,0.34,0.56276
4gfo,2.017564296722412,0.9492893069225128,0.74303138256073,0.25,0.65196
4ggz,0.7594996690750122,0.0,0.9197530746459961,0.69,0.91846
4ght,1.3704310655593872,0.9127421544570726,0.8103674650192261,-0.10,0.30912
4gid,0.5844085216522217,0.0,0.9492703080177307,0.27,0.91916
4gih,0.6264218688011169,0.9382334744331199,0.9566450715065002,0.23,0.64103
4gii,0.4359224736690521,0.9877019637349698,0.982339084148407,0.29,0.70575
4gj2,1.0483938455581665,0.987603828263544,0.8738738894462585,-0.04,0.77776
4gj3,0.7427080869674683,0.9628241784796172,0.9352940917015076,-0.05,0.69704
4gj7,0.8581368327140808,0.9662516600752814,0.8893939256668091,-0.22,0.42657
4gj8,4.264780521392822,0.025393350197210535,0.5566225051879883,0.09,0.80604
4gjb,0.5117063522338867,0.9509518209427956,0.971848726272583,0.32,0.74977
4gkc,0.8655613660812378,0.9446979346866022,0.8985389471054077,-0.28,0.43805
4gly,36.4229850769043,0.030345292432528728,0.0,-3.14,0.00109
4gm8,3.9940807819366455,0.0,0.5117675065994263,-2.37,0.66937
4gmc,1.064513087272644,0.9022975888435363,0.8711001873016357,-1.16,0.0754
4gmy,0.7867171168327332,0.9496354021358244,0.9495238065719604,0.02,0.63042
4gne,,,,-3.07,0.11943
4gnf,,,,-3.17,0.00724
4gng,,,,-3.57,0.05513
4gny,0.8189433217048645,0.9804726255826974,0.883289098739624,0.44,0.73742
4gq4,0.4635098874568939,0.9736555935863229,0.9742472171783447,0.91,0.84819
4gql,4.193392276763916,0.9883819329249302,0.7782174944877625,-1.11,0.55559
4gqq,0.6916413307189941,0.9384173216099637,0.9228141903877258,-0.68,0.7721
4gr0,1.2905515432357788,0.9883560316035159,0.8477074503898621,-0.61,0.37838
4gr3,1.2742857933044434,0.9759097934613529,0.8297784924507141,-1.09,0.49743
4gr8,2.9969451427459717,0.9517800146650858,0.845553457736969,-0.68,0.41958
4gs8,1.038716435432434,0.0,0.8984198570251465,-0.61,0.4083
4gsy,0.8140990734100342,0.9408273535215059,0.9200968742370605,0.02,0.29306
4guj,0.7333273887634277,0.9253592422077301,0.9386904835700989,0.12,0.95679
4gv8,0.963147759437561,0.0,0.8851351141929626,-1.06,0.06554
4gvd,12.403420448303223,0.18362258604049397,0.015020821243524551,-2.49,0.34051
4gvm,0.895992636680603,0.9701339224509131,0.8729050159454346,-0.86,0.24549
4gw1,,,,-3.05,8e-05
4gw5,,,,-3.33,0.00016
4gw6,2.4410459995269775,0.9710455784483192,0.6212607026100159,-0.54,0.09231
4gw8,0.5750432014465332,0.9638937175202649,0.9600326418876648,0.27,0.63177
4gwi,5.122784614562988,0.9759087789409641,0.23400366306304932,-3.92,0.03113
4gwk,0.7767228484153748,1.0,0.9348341226577759,-0.54,0.69073
4gxl,,,,-3.07,0.00048
4gxs,2.10143780708313,0.9397451260193822,0.7012711763381958,-0.94,0.57688
4gy5,,,,-3.43,0.04133
4gz3,0.7029631733894348,0.983750349217518,0.935140073299408,0.23,0.91193
4gzp,0.6897978186607361,0.944683154460297,0.9300000071525574,0.42,0.84235
4gzt,0.8039390444755554,0.0,0.8958773612976074,0.38,0.8984
4gzw,5.10648250579834,0.0,0.5129746794700623,-1.44,0.03744
4gzx,1.3005459308624268,0.0,0.8055555820465088,-1.07,0.51401
4h1j,1.2603158950805664,0.9547782452343941,0.8250969052314758,0.14,0.13944
4h1m,0.6501566171646118,0.9806158228312025,0.9312098622322083,0.18,0.23399
4h2m,2.393665313720703,0.8650859412216882,0.7006138563156128,-1.64,0.55834
4h36,,,,-3.32,0.04031
4h38,0.8598149418830872,0.9867949862452978,0.8980644941329956,-1.24,0.60177
4h39,,,,-2.52,0.55386
4h3a,1.1586037874221802,0.9416849160993729,0.8775137066841125,-0.74,0.36549
4h3b,,,,-2.91,0.00317
4h3c,1.5926704406738281,0.9444070063516566,0.8225677609443665,-0.65,0.76565
4h3q,,,,-3.03,0.01312
4h42,1.1281673908233643,0.9276989777429193,0.8545871376991272,0.30,0.66268
4h4d,0.33331310749053955,0.0,0.9933962225914001,-0.08,0.92485
4h4e,0.6725751161575317,0.0,0.9403460621833801,-0.20,0.74664
4h4m,1.1972475051879883,0.9550047010912127,0.824367105960846,-0.17,0.56611
4h5e,1.1956393718719482,0.9077404690860423,0.8575649857521057,-0.13,0.40324
4h71,9.536539077758789,0.0,0.2513698637485504,-1.25,0.57003
4h75,27.045351028442383,0.19146224328436523,0.000876168196555227,-2.82,0.00017
4h7q,0.46516039967536926,0.9479855222014271,0.9742857217788696,0.47,0.87311
4h81,0.6189835071563721,0.9399175114894975,0.9548457860946655,0.74,0.94254
4h85,0.4380080997943878,0.9341739928022896,0.9794721603393555,0.52,0.93435
4hbm,1.8152729272842407,0.9097555068939962,0.7288873791694641,-0.24,0.14733
4hbn,1.316929578781128,0.960604087699031,0.7893432378768921,0.15,0.71221
4hbp,0.49698686599731445,0.0,0.9583333134651184,-0.04,0.61751
4hbv,0.47251829504966736,0.9663051710756729,0.9863636493682861,0.44,0.88761
4hbw,0.6387277245521545,0.9516459154719357,0.9405370950698853,0.47,0.88712
4hby,0.622165858745575,0.9511834146706095,0.9258177280426025,-0.19,0.74672
4hco,15.88089656829834,0.22855855122144833,0.009305210784077644,-1.12,0.21056
4hcu,0.9962107539176941,0.9335556929804154,0.8871058821678162,-0.15,0.13034
4hcv,0.8499183654785156,0.9716264459901282,0.9125993251800537,0.04,0.07491
4hcz,,,,-2.71,0.01038
4hdc,0.8678308725357056,0.9701663773134477,0.9443734288215637,-0.13,0.42771
4hej,0.5173094868659973,0.9495601283641506,0.9560155272483826,0.29,0.84665
4hev,0.30158334970474243,0.9635553739084257,1.0,0.49,0.94364
4hfz,,,,-3.14,0.17543
4hg7,1.913134217262268,0.8610915925325497,0.6707227230072021,-1.33,0.25824
4hgc,,,,-3.08,6e-05
4hgl,0.23886415362358093,0.9691325716765636,1.0,0.39,0.38247
4hgs,1.3407719135284424,0.9596218106604504,0.8487085103988647,0.35,0.79338
4hgt,1.423119068145752,0.8951027498937447,0.8392857313156128,0.39,0.41336
4hhy,1.795922040939331,0.0,0.7667347192764282,-0.49,0.4029
4hhz,1.108707070350647,0.0,0.8410560488700867,-0.97,0.58714
4hkp,,,,-0.08,0.82209
4hlc,0.8814001679420471,0.04608415971530803,0.9034620523452759,-0.44,0.11804
4hld,0.5454667806625366,0.04702771690184608,0.9777227640151978,0.13,0.90856
4hlg,0.4460524618625641,0.0,0.9688888788223267,0.72,0.94576
4hlm,0.7440339922904968,0.0,0.9112446904182434,0.36,0.86513
4hmk,9.53738021850586,0.3731725222743225,0.13851352035999298,0.45,0.36935
4hn2,,,,-2.31,0.11633
4hni,0.38787779211997986,0.0,0.971182644367218,0.89,0.96548
4hnn,10.999414443969727,0.005379853997959932,0.0,-0.49,0.58873
4hod,10.027582168579102,0.33447865899438667,0.12086956202983856,0.53,0.8236
4hp0,3.250898599624634,0.8979172536642922,0.5562347173690796,-3.02,0.22623
4hpi,3.2443079948425293,0.946385512009201,0.6006030440330505,-1.80,0.60462
4hpy,,,,-3.40,0.01727
4hra,1.1453955173492432,0.9634612848441614,0.8246586918830872,-0.46,0.57835
4hs6,,,,-3.14,0.0718
4hs8,,,,-3.04,0.00122
4hso,24.480907440185547,0.0,0.0,-0.78,0.2156
4ht0,0.950565755367279,0.9664758810511205,0.9028013348579407,-0.08,0.373
4ht2,0.34535226225852966,0.9893686937202115,0.997563362121582,0.15,0.9193
4ht6,11.23171615600586,0.41434837675244507,0.1857730746269226,-2.94,0.21541
4htp,,,,-3.40,0.04794
4htx,1.8598252534866333,0.9732295666729779,0.7918015122413635,-0.03,0.87682
4hu1,0.5307316780090332,0.0,0.9757751822471619,0.34,0.92339
4hva,1.9567259550094604,0.0,0.7015590071678162,-0.82,0.65877
4hvb,1.1388306617736816,0.9563997765387324,0.8842530250549316,0.09,0.41903
4hvd,0.40848636627197266,0.9752899380040401,0.9820075631141663,0.24,0.79771
4hvh,1.5571329593658447,0.9750343676179142,0.8119800090789795,0.50,0.8825
4hvi,1.1570258140563965,0.9521409033983335,0.8600562810897827,0.48,0.82498
4hvs,0.6342419981956482,0.9493092314311814,0.9475469589233398,0.46,0.83661
4hw7,0.7064049243927002,0.9907840705979802,0.9278742074966431,0.44,0.76096
4hwr,0.8018935322761536,0.9426084307364333,0.8963636159896851,-0.49,0.88173
4hwt,0.6980202198028564,0.0,0.9147287011146545,0.11,0.62808
4hxj,11.31112003326416,0.4191787230652617,0.07935483753681183,-1.99,0.33327
4hxl,1.537077784538269,0.9517433909627456,0.8020186424255371,-0.56,0.39677
4hxm,0.5866617560386658,0.9672979796236113,0.9667007923126221,-0.18,0.61948
4hxs,0.8320693969726562,0.9838251205836808,0.8919693827629089,-0.74,0.3312
4hxw,1.5836395025253296,0.961427128589096,0.8514492511749268,0.43,0.58364
4hxz,0.3058795928955078,1.0,0.9935455918312073,0.60,0.86041
4hy1,0.8206632137298584,0.0,0.9079999923706055,0.54,0.69755
4hy5,0.8814773559570312,0.9795072214505874,0.9134860038757324,0.21,0.4418
4hy9,13.788090705871582,0.012127177885402888,0.19252601265907288,-2.82,0.3402
4hyb,28.921619415283203,0.0809780221589621,0.0,-3.07,0.03274
4hyf,1.479407548904419,0.9288503206530486,0.8075717091560364,-0.96,0.30508
4hys,0.485420286655426,0.9582167563717189,0.9657173156738281,0.32,0.88924
4hz5,0.33199238777160645,1.0,0.9929166436195374,0.33,0.82439
4hzm,0.6860634684562683,0.0,0.9330882430076599,0.40,0.91181
4hzz,0.4365939199924469,0.9720298930811361,0.9866737723350525,0.64,0.96029
4i0d,1.2232131958007812,0.9080265350006428,0.8680659532546997,0.38,0.74525
4i0f,2.732903242111206,0.9399443234991127,0.6416566371917725,0.30,0.33429
4i0r,0.6088622212409973,0.9742129047824465,0.9577235579490662,-0.31,0.82893
4i0t,0.4122408330440521,0.9502505328401191,0.9800156950950623,0.59,0.89634
4i0z,0.6895632147789001,0.9529311147488307,0.9402756690979004,0.12,0.71612
4i11,2.752073287963867,0.9478298343176506,0.6733576655387878,0.39,0.69275
4i12,0.7185133099555969,0.9808900748906753,0.9295343160629272,0.80,0.23937
4i1c,0.492583304643631,0.9899204622918952,0.9692202210426331,0.77,0.62929
4i1r,0.4768501818180084,0.9527306975020953,0.9704049825668335,-0.48,0.62614
4i2w,54.73515701293945,0.0,0.0,-3.10,0.11053
4i2z,10.74795150756836,0.44853703508895476,0.12516960501670837,-3.09,0.16261
4i31,,,,-2.32,0.09976
4i32,,,,-1.95,0.04206
4i33,,,,-1.92,0.07761
4i3z,1.3007198572158813,0.0,0.7865761518478394,-1.14,0.6877
4i47,0.1829966902732849,1.0,1.0,0.14,0.902
4i5c,0.5145719647407532,0.9532571107964696,0.9599708914756775,0.66,0.99413
4i5m,1.042969822883606,0.9096287425913544,0.8914201259613037,-0.54,0.16071
4i5p,0.7974637746810913,0.9483888922199046,0.9007601141929626,0.32,0.23232
4i6b,1.450289249420166,0.9469844598587046,0.8373430967330933,-0.55,0.05285
4i6h,1.458315372467041,0.9748257878655219,0.8246505856513977,-0.58,0.06781
4i6q,1.5401556491851807,0.9505074279213928,0.804841160774231,0.42,0.89546
4i73,2.275942087173462,0.8688802570797962,0.6896348595619202,-0.12,0.26487
4i74,1.2335801124572754,0.9219990323325629,0.8097015023231506,-0.10,0.47665
4i7b,,,,-2.75,0.00344
4i7d,,,,-3.05,0.0056
4i7j,0.43429848551750183,1.0,1.0,-0.16,0.90784
4i7k,0.11032653599977493,1.0,1.0,0.13,0.89637
4i7l,0.30976998805999756,0.0,1.0,-0.00,0.8325
4i7m,0.2681300640106201,1.0,1.0,-0.13,0.82065
4i7p,0.10145445168018341,1.0,1.0,0.90,0.79039
4i80,11.162054061889648,0.3820979966442669,0.07329169660806656,-2.64,0.09502
4i8w,0.9957166314125061,0.9713932028714989,0.8785387873649597,-0.47,0.74914
4i9c,7.584105491638184,0.6258671553717697,0.18603351712226868,-3.87,0.00164
4i9h,12.824260711669922,0.0,0.1339285671710968,-1.99,0.0244
4i9o,1.5510798692703247,0.9779542253796596,0.7829086780548096,-1.19,0.23088
4i9r,6.563063144683838,0.6421883319436011,0.22678843140602112,-3.89,0.01465
4i9s,6.90618371963501,0.6445018387029811,0.20028409361839294,-0.75,0.21657
4i9u,0.5974318385124207,0.9537594312952742,0.954081654548645,-0.30,0.64106
4iaw,0.8278673887252808,0.9084343391607976,0.9011628031730652,-0.68,0.32868
4iax,1.018636703491211,0.9619756488403512,0.9074504971504211,-0.87,0.7608
4ibd,0.9064347147941589,0.08429557145026431,0.8890449404716492,0.33,0.78604
4ibe,2.307742118835449,0.9028790177652694,0.6069730520248413,0.20,0.3057
4ibi,0.48934102058410645,0.9881436075008291,0.9765625,0.42,0.79428
4ibj,1.8118103742599487,0.9311221517810344,0.7452350854873657,-0.04,0.19892
4ibk,1.916908860206604,0.8833906400614447,0.7160266041755676,0.06,0.55447
4idn,1.6914191246032715,0.9500866920044876,0.7463263869285583,-0.24,0.50168
4ido,2.181105375289917,0.8919073177584794,0.713874101638794,-0.68,0.68505
4idt,0.9757351875305176,0.005283809863355363,0.8321197628974915,0.08,0.79898
4idz,0.5248863101005554,0.9691232245879319,0.9676656126976013,0.38,0.90883
4ie0,0.49588972330093384,0.9899622311289886,0.965782105922699,0.61,0.85028
4ie5,0.4681464731693268,0.9516498384447838,0.9721564054489136,0.47,0.91034
4ie6,0.7466992735862732,0.9101396112244555,0.9047825932502747,-0.31,0.67282
4igk,,,,-1.29,0.00804
4igq,,,,-1.52,0.2788
4ih3,0.6679331064224243,0.0,0.8869710564613342,-0.16,0.57322
4ih6,0.7862588167190552,0.0,0.9394250512123108,0.06,0.90611
4ih7,0.4596635103225708,0.0,0.9818075299263,0.42,0.77881
4iho,8.06083869934082,0.7405427029573486,0.25020790100097656,-3.43,0.00101
4iic,0.6634809970855713,0.9788678883464319,0.937336802482605,0.15,0.91165
4iid,1.1524015665054321,0.0,0.8295711278915405,-0.16,0.95645
4iie,1.2943217754364014,0.9392660869309272,0.7942655682563782,0.06,0.88384
4iif,0.6902257800102234,0.0,0.9279661178588867,0.09,0.60381
4ijh,0.8810608386993408,0.9769959580024373,0.8864522576332092,0.19,0.48506
4ijl,0.7940481901168823,0.9358700678910524,0.9342507719993591,-0.22,0.55301
4ijp,8.894197463989258,0.825473332668218,0.19345718622207642,-0.69,0.08656
4ijq,0.9897339940071106,0.0,0.9165232181549072,-0.79,0.3289
4ikn,29.496288299560547,0.11415867206874464,0.0,-2.84,0.0383
4iku,0.633419930934906,0.979210072886225,0.9694767594337463,-0.85,0.12935
4imq,3.5702126026153564,0.8744621164801545,0.5859155058860779,-2.26,0.04025
4imz,6.823126792907715,0.731000622529698,0.4535941779613495,-2.12,0.06809
4in9,12.23256778717041,0.22605752608801724,0.1213483139872551,-3.30,0.02233
4inb,0.9167365431785583,0.9715820306172661,0.8961377739906311,-0.00,0.69295
4inh,,,,-1.96,0.00028
4io2,2.1176998615264893,0.8579210756225807,0.7347826361656189,-3.08,0.24717
4io3,4.6281208992004395,0.0,0.3752310574054718,-3.17,0.26716
4io4,4.9986252784729,0.6486854596736426,0.33169934153556824,-2.44,0.07153
4io5,5.309624671936035,0.5962498198378008,0.31783920526504517,-0.22,0.10426
4io6,16.522869110107422,0.11534410673677181,0.003027681726962328,-1.80,0.5744
4io7,7.790436267852783,0.4831571324389686,0.17398647964000702,-3.79,0.18134
4ipi,1.4752269983291626,0.9430115391465453,0.7840277552604675,-0.02,0.51833
4ipj,0.7689310312271118,0.9650824717094102,0.9525723457336426,-0.05,0.26572
4ipn,1.281826138496399,0.9158260657735622,0.8329817056655884,-1.43,0.16458
4ir5,1.0560665130615234,0.9825306228519971,0.9100441336631775,0.51,0.66025
4ir6,0.5423391461372375,0.9482937262515349,0.973437488079071,-0.11,0.76392
4irx,0.36202678084373474,0.0,0.9888349771499634,-0.64,0.97585
4is6,,,,-3.21,0.0023
4isu,1.0914829969406128,0.9676625806544339,0.8635880947113037,0.29,0.94612
4ith,1.6843693256378174,0.9178385032298874,0.7921810746192932,0.40,0.92327
4iti,0.7721657156944275,0.0,0.9047861695289612,0.62,0.79073
4itp,0.6234336495399475,0.9457272667531108,0.9546979665756226,0.56,0.62391
4iu1,0.4537895917892456,0.9759764263447362,0.9781553149223328,0.63,0.87636
4iur,,,,-3.26,0.0034
4iut,,,,-2.34,0.2234
4iuu,,,,-2.96,0.2631
4iuv,,,,-2.95,0.00765
4iva,0.5266034007072449,0.974643791936914,0.9751683473587036,1.01,0.99649
4ivb,0.6178776025772095,0.9747717984369209,0.9647887349128723,0.80,0.99244
4ivc,0.5461758971214294,0.0,0.9787464141845703,0.80,0.99491
4ivd,0.8874220848083496,0.9876211317351693,0.9193083643913269,0.44,0.98391
4ivk,0.9130063652992249,0.9480272955796343,0.8877708911895752,-0.50,0.51515
4iwd,2.828572988510132,0.8853509376853411,0.6710633039474487,-0.83,0.12182
4iwz,3.467951774597168,0.8705690173269728,0.7264243364334106,0.61,0.58529
4iz0,0.4505227506160736,0.9864070103982913,0.9767002463340759,0.34,0.89432
4izm,10.907480239868164,0.0,0.125,-2.43,0.78157
4j03,1.5745676755905151,0.9434657163371756,0.7335382103919983,-0.96,0.77404
4j04,0.7480856776237488,0.960343447452712,0.9089958071708679,-0.38,0.78755
4j06,0.7745257616043091,0.933003341311734,0.9412144422531128,0.39,0.29369
4j09,,,,-3.29,0.18513
4j0a,0.730267345905304,0.9762352686567545,0.9250457286834717,0.34,0.6147
4j0p,1.4363183975219727,0.9547056643901645,0.8291366696357727,0.99,0.69955
4j0r,0.5240259170532227,0.983840649547004,0.9636563658714294,-0.03,0.92312
4j0s,0.4779551923274994,1.0,0.9817478060722351,0.29,0.94857
4j0y,1.1970632076263428,0.9383822280476372,0.8816713690757751,0.72,0.83219
4j0z,2.1296348571777344,0.8618821085151722,0.7312661409378052,-0.42,0.20044
4j17,0.3910398781299591,0.9401045040953704,0.9888167381286621,0.96,0.53163
4j1e,0.7764049172401428,0.9395234880034663,0.9374176263809204,0.60,0.74543
4j1h,0.6728721261024475,0.938988855271059,0.9379240274429321,0.60,0.74252
4j26,,,,-3.49,0.01183
4j2c,,,,-3.22,0.00465
4j2t,1.872164011001587,0.9240484159708152,0.6904255151748657,-1.54,0.42184
4j3i,1.2757441997528076,0.9348500723566378,0.9166666865348816,-0.48,0.92811
4j3j,0.9189340472221375,0.0,0.9026354551315308,-0.83,0.14692
4j3u,7.046717166900635,0.6921324222670865,0.2859210669994354,-3.11,0.30713
4j44,8.888521194458008,0.1108494741415652,0.16457100212574005,-1.71,0.04984
4j45,7.11222505569458,0.09087447402424328,0.23085936903953552,-1.76,0.50739
4j46,7.960275650024414,0.1309007061763563,0.20142662525177002,-1.72,0.41619
4j47,8.906454086303711,0.13520655291786368,0.13224181532859802,-2.13,0.33699
4j48,,,,-2.24,0.10956
4j52,1.335064172744751,0.8934026424961233,0.8309294581413269,-0.17,0.52017
4j5d,1.651859164237976,0.9623144748759584,0.8063983917236328,0.25,0.46809
4j5e,0.9763107895851135,0.9506106149050929,0.8904793858528137,0.58,0.91991
4j73,7.062252521514893,0.7726991913740731,0.2298850566148758,-2.36,0.24249
4j74,0.8444194197654724,0.9824660354908199,0.8964460492134094,0.42,0.1577
4j77,38.53206253051758,0.0,0.0,-3.16,0.27697
4j78,8.011157035827637,0.5953719930480124,0.16880342364311218,-3.48,0.12573
4j79,7.808716297149658,0.5439458407805399,0.18138042092323303,-3.10,0.05298
4j7d,3.335792303085327,0.9496285515735275,0.5307080745697021,-0.98,0.19835
4j7i,,,,-3.21,0.67396
4j82,8.446041107177734,0.5082633474097592,0.09204545617103577,-3.78,0.02214
4j84,10.059826850891113,0.0,0.050653595477342606,-3.21,0.49121
4j86,8.402024269104004,0.0,0.1311563104391098,-2.81,0.05336
4j8b,9.335479736328125,0.6220433291609989,0.10774648189544678,-3.88,0.08769
4j8g,9.046723365783691,0.0,0.08329670131206512,-3.08,0.00021
4j8r,,,,-2.66,0.07837
4j8t,1.8119776248931885,0.951171926748148,0.6896306872367859,-0.85,0.69119
4j93,1.131840467453003,0.8828200599247618,0.8522099256515503,-0.25,0.21454
4j9a,2.4894587993621826,0.0,0.6184782385826111,-1.40,0.44624
4jaz,0.7231644988059998,0.9540535433323558,0.9227871894836426,-0.29,0.7312
4jbl,1.9217376708984375,0.0,0.564039409160614,-0.29,0.49893
4jbp,0.9008917212486267,1.0,0.8849614262580872,-0.43,0.34362
4jbs,1.6043676137924194,0.8711037776410541,0.7819097638130188,-0.75,0.04215
4jc1,2.1796913146972656,0.9558679307823275,0.7548209428787231,-2.71,0.67938
4jck,1.0938185453414917,0.9776410070820606,0.87657231092453,-2.48,0.80745
4jda,0.4482109546661377,0.0,0.9738219976425171,0.48,0.60701
4jdf,0.47464752197265625,0.9653669267555257,0.9839572310447693,0.41,0.9556
4je7,1.8199869394302368,0.009524056783436085,0.7825086116790771,-0.40,0.88656
4je8,,,,-2.52,0.43721
4jfd,5.858640193939209,0.7194022834034874,0.2862745225429535,-3.73,0.00428
4jfe,6.086884498596191,0.699460370463011,0.27376222610473633,-3.64,0.00027
4jff,12.898279190063477,0.6170822461352616,0.06701863557100296,-3.75,0.00011
4jfi,5.097072601318359,0.9423398117673578,0.34753695130348206,-1.65,0.05976
4jfj,0.9677283763885498,0.9854183197804927,0.8796928524971008,-0.50,0.63132
4jfk,2.0358242988586426,0.9566656765458913,0.6730219125747681,-0.63,0.48064
4jfl,1.9562608003616333,0.971224203714255,0.6845298409461975,-1.06,0.55665
4jfm,6.299272060394287,0.9284681884813849,0.5707217454910278,-0.60,0.04794
4jfx,4.032334804534912,0.0,0.48232322931289673,-2.03,0.33097
4jg0,,,,-2.39,0.15436
4jg1,34.615631103515625,0.05378137447481643,0.0,-3.17,0.00033
4jg6,0.40113773941993713,0.9860792826226931,0.9960212111473083,-0.66,0.41686
4jg8,1.250599980354309,0.8834213504864896,0.8183006644248962,-0.65,0.70485
4jgv,1.298845887184143,0.9288693330861435,0.793181836605072,-0.69,0.41553
4jh0,0.8389763236045837,0.892743644146985,0.8765270709991455,-0.61,0.31857
4jhz,1.4878991842269897,0.0,0.7436203956604004,-1.24,0.65915
4jib,1.4385133981704712,0.0,0.7575757503509521,0.18,0.49013
4jin,0.9424010515213013,0.9655938007648919,0.875,0.10,0.22512
4jit,1.6208751201629639,0.882544415775854,0.8091999888420105,0.14,0.9036
4jiz,,,,-3.40,0.00017
4jj8,4.958021640777588,0.9201015113644564,0.5955284833908081,-1.27,0.56936
4jje,4.233254432678223,0.9075707616482077,0.5887829065322876,-1.57,0.14656
4jjq,8.68863296508789,0.42208942176630254,0.1440868228673935,-1.42,0.26365
4jjs,1.1644294261932373,0.0,0.8175241351127625,-0.22,0.4503
4jk5,,,,-3.58,7e-05
4jk6,,,,-3.61,0.0
4jkt,1.4018446207046509,0.9457911419385004,0.7833775281906128,-0.43,0.42049
4jkw,2.820852518081665,0.8883695147285416,0.5787139534950256,-0.20,0.67333
4jlg,1.8905158042907715,0.0,0.7541342377662659,-0.57,0.10468
4jlj,0.7324005365371704,0.9694415339782743,0.9208199381828308,-0.01,0.8665
4jlm,0.8835574388504028,0.0,0.8430463671684265,0.02,0.6501
4jln,0.7406264543533325,0.9904252433682372,0.9059311151504517,0.14,0.93647
4jls,0.958345890045166,0.0,0.9461165070533752,-0.20,0.91897
4jmx,0.8145073056221008,0.9601456844695632,0.893362820148468,0.81,0.83552
4jn4,0.7786335349082947,0.013847496995784877,0.9039396643638611,-0.10,0.84473
4jne,0.8282361030578613,0.010387147954586326,0.9210398197174072,-0.20,0.81111
4jnj,0.9248284697532654,0.9708298356288632,0.8968855142593384,0.18,0.93485
4jog,9.674274444580078,0.46952245060185704,0.09592711925506592,-3.10,0.0061
4joh,9.578350067138672,0.3916848907047451,0.1448439657688141,-2.20,0.2098
4jpa,1.2792130708694458,0.967151175572733,0.843151330947876,-0.23,0.23419
4jps,0.7311384677886963,0.9777544286556457,0.9335781335830688,0.18,0.69749
4jpy,24.17628288269043,0.0710931060091915,0.0,0.04,0.74857
4jql,2.2307040691375732,0.9056327817896548,0.6672932505607605,-2.43,0.51425
4jr0,8.671307563781738,0.0,0.2711363732814789,-3.17,0.2792
4jr5,1.3512470722198486,0.9383170016375398,0.8191633224487305,-0.22,0.74125
4jsa,0.24244679510593414,0.9762584783752568,1.0,0.70,0.88863
4jsc,0.8864190578460693,0.0,0.8837876319885254,-0.14,0.66045
4jsr,0.659639835357666,0.9493113287553887,0.9356921315193176,0.47,0.78806
4jss,1.3182424306869507,0.8891752133826539,0.7884615659713745,0.32,0.7997
4jt8,0.8116499185562134,0.9582218521848197,0.9142335653305054,0.34,0.74563
4jt9,0.9414107203483582,1.0,0.9128590226173401,0.30,0.80424
4ju3,0.8686540722846985,0.0,0.8733183741569519,-0.33,0.63126
4ju6,0.974758505821228,0.9390511894809017,0.8931818008422852,0.06,0.93326
4ju7,0.7552456259727478,0.0,0.8671454191207886,0.15,0.84155
4jv7,5.477065563201904,0.8603735699379164,0.3119906783103943,-0.40,0.08039
4jv8,0.308381587266922,0.9896600731433336,0.9958100318908691,0.72,0.84989
4jve,4.786900043487549,0.9679424345033859,0.42727771401405334,-0.53,0.42657
4jvi,0.8291645050048828,0.9898376883859261,0.9034515023231506,-0.74,0.57385
4jwr,1.831058382987976,0.07645373665628988,0.7364636063575745,-0.23,0.63947
4jx9,3.331049919128418,0.8256789822567959,0.4908088147640228,-0.75,0.13345
4jxs,0.7635473012924194,0.9786390668374163,0.9306536912918091,0.40,0.89533
4jxv,2.0911054611206055,0.9326732404770707,0.7652801275253296,0.32,0.68667
4jxw,0.48008713126182556,0.9568523734629188,0.9743390083312988,0.16,0.67043
4jyb,0.8983165621757507,0.9874958593098669,0.8887559771537781,-0.24,0.7349
4jyc,1.1215944290161133,0.0,0.7409396171569824,0.15,0.65662
4jym,0.3760867416858673,0.9882959570868215,0.9930981397628784,0.00,0.57266
4jyv,3.599783182144165,0.8535439324468459,0.748275876045227,-0.66,0.36786
4k0o,2.011411428451538,0.9811473413708339,0.7931985259056091,-1.42,0.1731
4k0y,0.4989035129547119,0.9656722860117429,0.9543229937553406,0.47,0.5667
4k18,0.6262323260307312,0.9662338756494754,0.9593750238418579,0.45,0.58254
4k19,1.3638285398483276,0.0,0.8409090638160706,-1.14,0.65373
4k1e,31.20488739013672,0.15190623607480258,0.0,-3.34,0.00313
4k2f,0.7365420460700989,0.9331748187432494,0.9232418537139893,0.70,0.80183
4k2g,0.4280984401702881,0.9671440120077129,0.9770709872245789,0.84,0.97633
4k2y,0.37838515639305115,0.9609469961780955,0.9888059496879578,0.12,0.51605
4k3o,3.9631285667419434,0.0,0.5633333325386047,-1.39,0.47305
4k3r,1.1893205642700195,0.0,0.710629940032959,-1.10,0.6436
4k42,0.8148554563522339,0.0,0.9509075880050659,-1.62,0.83149
4k4e,0.6683083772659302,0.9384932050086278,0.941992461681366,0.09,0.85173
4k4j,0.40341347455978394,1.0,0.9800307154655457,0.27,0.80476
4k55,1.1546469926834106,0.9821533738611362,0.9463768005371094,-0.52,0.69022
4k5l,0.5606486797332764,0.9726890434323137,0.9536637663841248,0.52,0.95072
4k5o,0.9987927079200745,0.9026378029680907,0.8591492772102356,0.81,0.87056
4k5y,0.4760238230228424,0.9802859060354875,0.9798091053962708,-0.20,0.47113
4k5z,0.44146525859832764,0.9751655755760511,0.9758453965187073,0.02,0.77372
4k60,0.5343696475028992,0.9485441091276274,0.9793233275413513,0.13,0.6656
4k63,9.1007661819458,0.0,0.23628826439380646,-2.56,0.00565
4k64,2.4565188884735107,0.0,0.7552264928817749,-1.14,0.23738
4k66,2.2866060733795166,0.0,0.6317391395568848,-2.78,0.00685
4k67,2.706969976425171,0.0,0.7060143351554871,-1.39,0.82694
4k6u,,,,-3.76,0.01865
4k6v,,,,-3.42,0.01173
4k6y,17.570947647094727,0.06635620696395583,0.0967230424284935,-3.54,0.00158
4k72,13.957317352294922,0.3586780318237663,0.012075717560946941,-2.63,0.34987
4k76,9.4185152053833,0.5021423492269982,0.16960148513317108,-3.11,0.05031
4k77,0.7120664715766907,0.9628718599591151,0.9202127456665039,0.64,0.97456
4k78,6.235766887664795,0.728655059761062,0.19760338962078094,-3.12,0.06981
4k7i,0.2478189617395401,1.0,1.0,-0.00,0.72635
4k7n,0.7561110258102417,0.0,0.9144486784934998,-0.09,0.56547
4k7o,1.644271969795227,0.006364155908557771,0.7412790656089783,-0.06,0.50932
4k8a,0.36725538969039917,0.9850478191183845,0.9909090995788574,0.02,0.66063
4k8o,2.318068742752075,0.9846193268084106,0.7105262875556946,-0.48,0.43262
4k8s,0.9222793579101562,0.0,0.8884767293930054,0.32,0.79474
4k9g,0.8067852258682251,0.04529860519803469,0.8886218070983887,0.35,0.88576
4k9h,0.6320788860321045,0.0,0.9220110774040222,0.35,0.91834
4k9y,0.5426545739173889,0.9557372514929239,0.9495074152946472,0.51,0.85919
4kab,2.5856683254241943,0.9538515560486601,0.6285489201545715,0.44,0.91627
4kax,0.7680310606956482,1.0,0.930526852607727,0.30,0.87489
4kba,0.659307599067688,0.0,0.9465981125831604,0.37,0.50367
4kbc,0.4188551604747772,0.96399952249765,0.9800186157226562,0.59,0.79654
4kbk,1.2006504535675049,0.0,0.8221574425697327,0.07,0.73411
4kby,5.573071002960205,0.7136454239246662,0.30683666467666626,-3.03,0.00027
4kc1,1.0413748025894165,0.937280051415641,0.8527972102165222,-0.67,0.48977
4kc2,1.2068753242492676,0.881349983410404,0.8350067138671875,-0.52,0.43038
4kc4,,,,-0.44,0.68604
4kcg,1.0942699909210205,0.0,0.8107423782348633,0.02,0.69175
4keq,0.1803196519613266,1.0,1.0,0.36,0.81628
4kfp,1.2079452276229858,0.0,0.8247252702713013,-0.57,0.65405
4kif,0.34824034571647644,1.0,0.9972899556159973,0.29,0.66784
4kil,0.5203340649604797,0.9644111220252276,0.9619565010070801,0.15,0.86021
4kin,1.209518551826477,0.0,0.8590755462646484,0.40,0.67094
4kip,0.5297050476074219,0.9803673506406041,0.9663944840431213,0.72,0.77934
4kiq,0.4274756610393524,0.0,0.9815573692321777,0.04,0.79868
4kjv,1.4600244760513306,0.9790810824944554,0.8595700263977051,-0.17,0.09243
4klb,5.289846420288086,0.0,0.36469265818595886,0.49,0.60289
4kln,1.0659128427505493,0.0,0.8596673607826233,-0.70,0.67546
4km2,1.5719751119613647,0.9651124713329982,0.7295373678207397,-0.52,0.79815
4kmd,,,,-2.84,0.14116
4kn2,0.805059552192688,0.0,0.9379639625549316,-0.57,0.55001
4knb,0.7940877676010132,0.0,0.897697389125824,0.03,0.63027
4kni,3.744249105453491,0.9261581594539057,0.6669408082962036,0.27,0.93026
4knm,0.34937596321105957,0.0,0.9754183888435364,0.42,0.93549
4knr,0.7353106141090393,0.9737112986056278,0.9349619150161743,0.07,0.59782
4knz,1.107560634613037,0.9312516125480329,0.8351607918739319,-0.02,0.85711
4ko8,1.1303300857543945,0.0,0.8368368148803711,-0.55,0.91289
4kom,3.058915138244629,0.9851943322763336,0.695348858833313,-2.49,0.59727
4kon,1.8236480951309204,0.914781593930584,0.8411885499954224,-1.24,0.72058
4kot,0.5268974304199219,0.9781634857655992,0.9676113128662109,0.14,0.96232
4kow,1.5691405534744263,0.9656649486917346,0.7996183037757874,-0.34,0.46184
4kox,1.2830923795700073,0.9666026595986079,0.824360728263855,-0.06,0.45446
4kp0,0.5788844227790833,0.9894025640058602,0.9682080745697021,-0.29,0.82238
4kp4,1.2422720193862915,0.9518613166005181,0.8295348882675171,-0.14,0.63297
4kp8,1.1483221054077148,0.9129088845257356,0.877440333366394,0.08,0.66154
4kql,1.346496343612671,0.9501095054108862,0.8183984756469727,0.27,0.50857
4kqp,1.3533021211624146,0.8998731941540642,0.794800877571106,-5.25,0.59101
4krs,0.5312145948410034,0.0,0.9723419547080994,0.74,0.91006
4ks1,1.3905810117721558,0.9172971370262895,0.8146701455116272,-0.30,0.63372
4ks2,0.6838794946670532,0.9467594925898765,0.9324644804000854,0.26,0.95476
4ks3,1.9952025413513184,0.8771092896349327,0.7257019281387329,-1.22,0.33854
4ks4,1.9114675521850586,0.9314818201744312,0.6948767900466919,-1.44,0.6089
4ks5,1.629802942276001,0.9391239611388326,0.7413073778152466,-0.47,0.60154
4ksp,0.907051682472229,0.9394229966427358,0.8805195093154907,-0.22,0.92454
4ksq,1.3208189010620117,0.9480885419934224,0.8065040707588196,-0.35,0.74471
4ksy,10.659369468688965,0.7264952506501963,0.26671892404556274,-2.09,0.01687
4ktc,1.418847918510437,0.9648682721781799,0.8085197806358337,0.35,0.6062
4ktu,,,,-3.30,1e-05
4kv9,1.545615553855896,0.8891049727594768,0.7679955959320068,-0.18,0.58672
4kva,1.1243854761123657,0.1294367080343928,0.8493589758872986,-0.13,0.77572
4kwp,0.8886979222297668,0.9708287261110293,0.9551886916160583,-0.22,0.47727
4kx8,4.693179130554199,0.7703875554114161,0.4169750213623047,-2.06,0.02567
4kxb,0.5466578602790833,0.9332796508598782,0.958395779132843,0.23,0.75205
4kxl,1.6605943441390991,0.14448999800737874,0.7955020666122437,-0.15,0.69342
4kxm,1.1155116558074951,0.004586895625633467,0.831360936164856,-0.48,0.60603
4kxn,1.1542234420776367,0.0,0.8261094093322754,-0.42,0.56189
4kyh,0.5174104571342468,0.938778652752819,0.9788732528686523,-1.08,0.7427
4kz0,0.6590854525566101,0.976938512459414,0.9326003789901733,0.30,0.79822
4kz3,0.24058014154434204,0.9863696259522008,1.0,0.13,0.77902
4kz6,0.917435348033905,0.9627945562745921,0.883631706237793,0.18,0.65357
4kz7,0.18272002041339874,0.0,1.0,-0.16,0.78651
4kz8,0.6287523508071899,0.9734634839126803,0.9563196897506714,-0.11,0.64969
4kza,1.499277114868164,0.9404383024190504,0.8874695897102356,0.94,0.82947
4l10,0.7828072905540466,0.0,0.9010066986083984,0.50,0.80362
4l1a,2.168515920639038,0.9599371693129516,0.6932432651519775,-1.49,0.62314
4l1u,,,,-2.79,0.14607
4l2k,0.27350711822509766,0.0,0.9996547102928162,0.70,0.91458
4l32,0.785405158996582,0.0,0.9166666865348816,0.35,0.88611
4l3p,0.6257146000862122,0.9550888196231817,0.9491356611251831,0.48,0.94502
4l4z,0.8772050738334656,0.0,0.9443888068199158,-0.04,0.74031
4l50,0.8404495120048523,0.9706692413256808,0.9382255673408508,-0.02,0.89621
4l51,0.9620993137359619,0.0,0.8640109896659851,-0.09,0.84585
4l52,0.6843204498291016,0.9562147713658564,0.965775728225708,-0.42,0.57899
4l53,0.8868558406829834,0.9335957528672866,0.927897572517395,0.42,0.76079
4l58,,,,-2.35,0.00012
4l5j,0.7739526629447937,0.0,0.9146226644515991,-0.01,0.91826
4l6q,1.791804552078247,0.0,0.7054973840713501,-0.25,0.95078
4l6t,2.8205361366271973,0.8863502520460481,0.570107102394104,-2.87,0.04678
4l70,0.6101076006889343,0.9638106963551191,0.9551020264625549,-0.19,0.8572
4l7b,1.8416976928710938,0.909798397630808,0.6830024719238281,-1.57,0.61553
4l7c,1.6461334228515625,0.953290794835244,0.7878676652908325,-1.58,0.43762
4l7d,1.3550355434417725,0.013045851957652715,0.7757660150527954,-1.45,0.54819
4l7f,1.090179681777954,0.9111956518195508,0.8490152955055237,0.47,0.92715
4l7g,1.287160038948059,0.9603114776622435,0.8526951670646667,0.57,0.30093
4l7h,1.906814694404602,0.9082477556563688,0.7459806799888611,-0.53,0.66931
4l7r,1.5610296726226807,0.9347075596002862,0.891406238079071,-0.42,0.95217
4l8m,2.144904613494873,0.9239783278341261,0.6912891864776611,-0.38,0.46248
4l9i,0.9480540752410889,0.0,0.8944153785705566,-0.38,0.54385
4la7,2.7518258094787598,0.9432276741464399,0.6128048896789551,0.23,0.58473
4lar,0.31264737248420715,0.9863429195376066,1.0,0.70,0.71424
4lbl,3.2880327701568604,0.9040244195325952,0.5129533410072327,-3.06,0.04124
4lbo,1.4713504314422607,0.9243278004939068,0.8052516579627991,-3.17,0.18964
4lbp,0.49588704109191895,0.9838032307548708,0.9564515948295593,-0.12,0.75022
4lbu,1.1921051740646362,0.9103642832020554,0.858562707901001,-0.51,0.77456
4lc7,0.6227663159370422,0.9799176869984545,0.9642857313156128,0.34,0.07701
4led,0.9296024441719055,0.03393376557229384,0.8743523359298706,-0.99,0.81122
4len,0.2468753457069397,0.9650847878186415,0.9975000023841858,0.07,0.23595
4lg6,17.224775314331055,0.4373281718722162,0.00021872266370337456,-2.96,0.07146
4lge,1.121376872062683,0.9634852471794787,0.8821598887443542,0.53,0.82502
4lgg,0.49744731187820435,0.0,0.9613970518112183,0.07,0.79066
4lgh,0.26105380058288574,0.0,0.9984399080276489,0.42,0.85711
4lgu,2.127551794052124,1.0,0.6976163983345032,0.00,0.51712
4lh2,0.9814910888671875,0.0,0.932659924030304,-0.09,0.58489
4lh3,0.21291662752628326,0.9612018014798857,1.0,-0.05,0.58792
4lh5,32.12089157104492,0.0,0.0,-1.03,0.35736
4lh7,0.3391974866390228,0.9683456846775105,0.99472576379776,0.07,0.69876
4lhv,1.2365168333053589,0.9389946810892271,0.8615642786026001,-0.08,0.88149
4li0,1.0474389791488647,0.0,0.8704985976219177,-0.30,0.62357
4li7,0.7373510599136353,0.9713454574475354,0.9488692283630371,0.29,0.82472
4lil,0.42824307084083557,0.9419183595048672,0.9813916087150574,-0.48,0.7108
4lj5,1.0284661054611206,0.9553721859621862,0.8635097742080688,-0.66,0.90449
4ljh,1.769710898399353,0.0,0.811965823173523,-1.11,0.39146
4lk7,0.6139624118804932,0.9573239220844456,0.9360587000846863,-0.89,0.9181
4lke,,,,-1.98,0.63596
4lkg,4.911465167999268,0.8733735370397814,0.47232142090797424,-2.11,0.0148
4lkh,1.44462251663208,0.9703470637901808,0.769271969795227,-0.68,0.20006
4lkj,4.55109167098999,0.9568258420981547,0.5481343269348145,-1.84,0.19429
4lkk,1.0441710948944092,1.0,0.8789719343185425,-0.85,0.26046
4lkl,,,,-3.32,0.00496
4lkm,5.2561469078063965,0.9071048770269509,0.2781749367713928,-1.57,0.31476
4lko,0.9467852711677551,0.0,0.887005627155304,-0.32,0.41872
4lkt,1.1258736848831177,0.9562672925355272,0.8391866683959961,-0.08,0.19069
4llj,0.2198837697505951,0.9753596927872591,1.0,0.13,0.72326
4llp,0.5529180765151978,0.9748329304842871,0.9617347121238708,-0.27,0.50611
4llx,0.28711551427841187,1.0,0.9963942170143127,-0.16,0.87642
4lm2,0.33221256732940674,0.965033901981408,0.9848484992980957,0.17,0.74624
4lm3,0.3158344626426697,0.9756711535598457,0.9954819083213806,0.03,0.88418
4lm4,0.5585592985153198,0.963254127200025,0.9560931921005249,-0.01,0.86842
4lm5,1.6538175344467163,0.9225887383365137,0.7930194735527039,0.14,0.43462
4lmu,1.5868337154388428,0.9457336113589725,0.7962538003921509,0.54,0.64778
4ln2,10.641786575317383,0.5190718815255895,0.16922563314437866,-3.20,0.039
4ln7,0.7518805861473083,0.9674172895463732,0.9128329157829285,0.15,0.75065
4lnb,1.7409685850143433,0.8590545576699199,0.7441016435623169,-2.33,0.76445
4lng,1.0287622213363647,0.9184527460464947,0.8494898080825806,-2.03,0.34804
4lno,6.014932155609131,0.0,0.2688758373260498,-1.39,0.51617
4lnp,,,,-3.00,4e-05
4loh,2.600393533706665,0.8465034691332164,0.6140574812889099,-1.69,0.00276
4loo,0.867323100566864,0.9673002927785455,0.9098297357559204,0.27,0.75351
4lov,0.8198904395103455,0.9570469634717984,0.9033530354499817,-0.04,0.87228
4loy,2.5325284004211426,0.9806026955697532,0.7210379838943481,-0.66,0.62248
4lp0,1.758607029914856,0.9648277669414101,0.8720501661300659,-0.19,0.87552
4lp9,6.534215450286865,0.7685027672901465,0.3553561866283417,-3.57,0.00641
4lpb,0.5666697025299072,0.9768731881171052,0.9492656588554382,0.21,0.4543
4lpf,0.37992995977401733,0.9662700481136781,1.0,1.00,0.29603
4lps,0.9307775497436523,0.9272338890246661,0.8947065472602844,-0.10,0.87505
4lqg,1.28256094455719,0.9310445372782902,0.8443649411201477,-1.18,0.70687
4lqy,1.901381254196167,0.8711317495849495,0.7299319505691528,-0.57,0.82963
4lsj,1.1335173845291138,0.9536861089263265,0.864154040813446,0.38,0.80659
4luo,0.8693346977233887,0.9555220986302361,0.9248737096786499,0.19,0.80969
4lv1,0.6471191644668579,0.0,0.9544270634651184,0.30,0.07207
4lv3,0.5420737266540527,0.9766801851867645,0.9701219797134399,-0.12,0.43214
4lv4,0.5132973790168762,0.9383485207090312,0.966317355632782,-0.36,0.78272
4lvt,1.6237752437591553,1.0,0.749245285987854,-1.27,0.62022
4lwc,1.1012624502182007,0.9461690726818663,0.8378839492797852,0.02,0.11078
4lwt,2.0668411254882812,0.965329338484802,0.650340735912323,-0.88,0.62333
4lwu,2.2109997272491455,0.8848045680942399,0.591549277305603,-1.88,0.07172
4lwv,0.956963062286377,0.379737615851863,0.8505882620811462,0.39,0.93297
4lxa,0.9670078754425049,0.0,0.8877788186073303,-0.10,0.78623
4lxb,1.4079806804656982,0.9273576633550504,0.8028932809829712,-0.88,0.14505
4lxk,0.9582304954528809,0.0,0.8760543465614319,-0.28,0.82034
4lxm,0.8887307047843933,0.004008681930758269,0.8950764536857605,-0.19,0.61417
4lxz,0.4649023115634918,0.0,0.97607421875,0.26,0.59651
4ly9,1.517703652381897,0.0,0.7924164533615112,0.11,0.23795
4lyn,0.5981119871139526,0.9758574257592711,0.9642857313156128,0.30,0.19678
4lys,2.408521890640259,0.8688726636023276,0.5891265869140625,-2.40,0.29161
4lzr,1.0756497383117676,0.9178545066193986,0.8825364112854004,-0.98,0.57478
4m0e,0.7976912260055542,0.0,0.928925633430481,-0.05,0.53659
4m0f,1.3384366035461426,0.8537756229527813,0.8236151337623596,-1.05,0.65577
4m0y,0.24477553367614746,1.0,1.0,0.78,0.98692
4m0z,0.26833629608154297,1.0,0.9959926009178162,0.69,0.98066
4m12,0.29817497730255127,0.9880691952537648,0.9982699155807495,0.79,0.99715
4m13,0.24655205011367798,1.0,0.9983370304107666,0.76,0.99329
4m14,0.2979138195514679,1.0,0.9945961236953735,0.81,0.99475
4m1j,23.546756744384766,0.08534372741612228,0.0,-1.92,0.54951
4m2r,1.3426883220672607,0.9468006028259361,0.7883620858192444,-0.48,0.57449
4m2u,0.6875221729278564,0.9787248933008555,0.9164859056472778,0.23,0.90497
4m2v,0.5410546064376831,0.9394035136321216,0.9654471278190613,0.63,0.92549
4m2w,1.3290255069732666,0.9675491999366503,0.7881355881690979,-0.25,0.79469
4m3e,0.7709900140762329,0.9806412995545084,0.9202755689620972,-0.39,0.74442
4m3m,3.043215036392212,0.8041304242015329,0.7181318402290344,0.10,0.86895
4m3p,0.5754508972167969,0.9889975550062435,0.9725130796432495,-0.64,0.37576
4m4q,1.0511701107025146,0.9157060547030154,0.8666338324546814,0.13,0.63512
4m5g,0.38416266441345215,0.9719154710273465,0.9950381517410278,0.57,0.71619
4m5k,0.6344224810600281,0.9579145559512331,0.9517730474472046,0.37,0.88051
4m5l,0.47322919964790344,0.9434988514041781,0.9810956716537476,0.65,0.73163
4m5n,0.17887166142463684,1.0,1.0,0.22,0.76451
4m5r,0.4067305624485016,0.963121932399288,0.9937655925750732,0.32,0.90296
4m5u,0.5381937623023987,0.9684652552168872,0.9579107761383057,0.28,0.82027
4m6u,0.6510483622550964,0.0,0.944656491279602,-0.69,0.58076
4m7j,2.042006254196167,0.9527323849849973,0.7291418313980103,-2.12,0.04737
4m7x,16.43817710876465,0.5030035365325571,0.1484607756137848,-0.81,0.38588
4m7y,0.5338272452354431,0.9772413617453738,0.9672185182571411,-0.33,0.9704
4m84,0.3583417236804962,0.9569765339075432,0.9889525175094604,0.34,0.98139
4m8e,0.6665782928466797,0.9713315487171698,0.9552669525146484,0.34,0.9173
4m8t,1.8757177591323853,0.8909878558880264,0.7567567825317383,-0.60,0.86299
4mao,1.1280386447906494,0.9295144700424196,0.8357575535774231,-0.84,0.49987
4mbi,0.7144717574119568,0.9628154307830232,0.9597249627113342,0.50,0.89886
4mbl,0.9991352558135986,0.9435785403522806,0.9071316719055176,0.80,0.94788
4mbp,1.665061116218567,0.9238280493064182,0.743938148021698,-1.71,0.45198
4mc1,0.9931111931800842,0.9609785774851712,0.8631554841995239,-0.46,0.64931
4mc2,1.2061268091201782,0.9608842202856519,0.8282110095024109,-0.60,0.68944
4mc6,1.1737533807754517,0.9508738116392766,0.7942160367965698,-0.48,0.71539
4mc9,1.3271584510803223,0.9698792801695024,0.7911169528961182,-0.30,0.66204
4mcb,0.808767557144165,0.9490297678517068,0.9243499040603638,-0.33,0.80339
4mcc,0.8058590292930603,0.9126372345029204,0.9531468749046326,-0.13,0.94529
4md6,0.5532882809638977,0.9897251200846828,0.9577625393867493,0.09,0.50477
4mdq,3.800903081893921,0.8834559669137176,0.44553449749946594,-0.84,0.14414
4mdt,3.543433666229248,0.8144486231124775,0.4991687536239624,-1.46,0.59358
4men,0.9992806315422058,0.9841037313945327,0.9055793881416321,-0.05,0.40209
4meo,0.698477566242218,1.0,0.9200000166893005,-0.42,0.73382
4mep,0.846571147441864,0.9182651723124342,0.8966292142868042,0.15,0.68287
4mfe,4.187977313995361,0.6639608025939073,0.39483627676963806,-0.08,0.01901
4mg6,3.986556053161621,0.0,0.4148291051387787,-0.21,0.27323
4mg8,1.594765305519104,0.0,0.7198629975318909,-0.43,0.41713
4mga,1.0709768533706665,0.0,0.8703930974006653,-0.02,0.92212
4mgv,5.696417808532715,0.8852654388022615,0.37863704562187195,-0.91,0.52796
4mha,9.48318099975586,0.0,0.3269045352935791,-0.80,0.52471
4mhy,0.476102739572525,1.0,0.9790528416633606,0.25,0.69843
4mhz,1.2688990831375122,0.9600113545589318,0.8458844423294067,-0.38,0.60598
4mi3,1.2396882772445679,0.9327304298716684,0.8301205039024353,-0.34,0.74338
4mi6,1.0377951860427856,0.9426444142888198,0.8475991487503052,-0.35,0.76014
4mi9,1.0724133253097534,0.8964358489815321,0.8468858003616333,-0.18,0.74223
4mib,0.4512743055820465,0.9782633474881388,0.9740484356880188,0.90,0.97125
4mic,0.5126577019691467,0.914093469653425,0.9548192620277405,-0.22,0.83735
4mji,4.4490885734558105,0.0,0.3851456344127655,-3.71,0.00171
4mk0,0.9057704210281372,0.9899939465881216,0.8787001371383667,0.06,0.83026
4mk1,1.2184771299362183,0.8863361415354413,0.8316831588745117,-0.15,0.21856
4mk2,0.28513363003730774,1.0,1.0,0.04,0.85658
4mk5,0.4074237644672394,0.965439971189462,0.9955621361732483,0.24,0.75307
4mk7,0.43863993883132935,0.0,0.9823399782180786,0.22,0.59122
4mk8,0.5194159150123596,0.9776603367802865,0.9641943573951721,0.49,0.97762
4mk9,0.9406072497367859,0.0,0.9339115023612976,0.69,0.64832
4mlt,0.29402512311935425,0.9639422999574717,1.0,0.34,0.79065
4mlx,0.28978779911994934,0.9767262531148976,0.9962121248245239,0.61,0.78801
4mm4,0.8989871144294739,0.9919213409378209,0.8836883306503296,0.01,0.26456
4mm5,1.8699394464492798,0.9349712020035563,0.6811728477478027,0.12,0.45356
4mm8,0.8411456942558289,0.9243684406119625,0.903329074382782,0.11,0.6322
4mm9,0.8297104239463806,0.9312043404359132,0.913965106010437,0.18,0.26303
4mma,2.1647820472717285,0.8041388175434425,0.6424278616905212,-1.19,0.46186
4mme,0.5886048078536987,0.0,0.9399707317352295,0.03,0.24147
4mmf,0.5559602379798889,0.9497419603396693,0.9595310091972351,0.20,0.3205
4mmm,0.4689820110797882,0.9713510299907419,0.9779411554336548,0.48,0.94652
4mmp,1.230453610420227,0.9737839292647225,0.8722410798072815,-0.80,0.79709
4mn3,13.102075576782227,0.7095980058880176,0.04704216495156288,-1.48,0.14165
4mnp,0.7208279967308044,0.9735727807978991,0.9378478527069092,-0.58,0.86392
4mnq,5.951427459716797,0.8686611208638758,0.348188191652298,-4.08,0.00251
4mnva,,,,-3.37,0.01576
4mnvb,17.555702209472656,0.18161328479970257,0.00048449612222611904,-2.47,0.06562
4mnw,11.385126113891602,0.6966119535059017,0.08765631914138794,-3.70,0.00425
4mnx,19.086793899536133,0.33872027131963106,0.003559870645403862,-3.67,0.27243
4mny,31.524816513061523,0.04953162491932274,0.00026638252893462777,-3.32,0.03251
4mot,0.41815078258514404,0.9654034536925853,0.993353009223938,0.41,0.79878
4mp2,1.0588734149932861,1.0,0.8366972208023071,-0.17,0.63546
4mpe,0.6150100231170654,0.9614408152425646,0.9387568831443787,0.07,0.68555
4mq1,9.999533653259277,0.8058953431395763,0.1577620953321457,-0.97,0.17767
4mq2,9.039965629577637,0.0,0.214252769947052,-0.48,0.12996
4mr4,1.3097444772720337,0.9512365441161903,0.878923773765564,-0.81,0.74367
4mr5,0.12764857709407806,0.9829181093922561,1.0,0.56,0.94008
4mr6,1.1401516199111938,0.9317404257999626,0.871996283531189,-0.81,0.64987
4mrd,1.692654013633728,1.0,0.7720025777816772,-2.40,0.02216
4mrf,2.089827299118042,1.0,0.7228434681892395,-0.19,0.551
4mrg,0.5682329535484314,0.9268816061880945,0.9433333277702332,0.10,0.70583
4mrh,1.0137754678726196,0.9147542299385819,0.9102316498756409,-0.28,0.17926
4mrw,2.4922757148742676,0.9173873777980386,0.6885592937469482,-0.08,0.73866
4mss,0.6674619913101196,0.9277732395763598,0.9370370507240295,0.35,0.84455
4mvn,,,,-0.67,0.26679
4mvw,2.51336932182312,0.90053632620562,0.6341772079467773,-0.72,0.38046
4mvy,2.609261989593506,0.851044908480114,0.6235923171043396,-0.70,0.23447
4mw2,3.4551239013671875,0.8833057572066978,0.4549461305141449,-1.05,0.37277
4mw4,3.0656609535217285,0.8758067155215985,0.5130533576011658,-0.56,0.3446
4mw6,3.4436306953430176,0.7316404589713658,0.47396811842918396,-2.42,0.48818
4mw7,2.4084999561309814,0.8796146672201316,0.6102941036224365,-0.93,0.18939
4mw9,3.1895289421081543,0.8021646116051458,0.5091637969017029,-1.10,0.15583
4mwb,2.5531527996063232,0.8637272719439283,0.6192411780357361,-0.66,0.22219
4mwe,2.176072835922241,0.8714385469793345,0.6520787477493286,-1.16,0.28611
4mwq,0.5638322234153748,0.9717658400410644,0.9672130942344666,0.57,0.9548
4mww,1.1513375043869019,0.9240148604324437,0.8842592835426331,0.07,0.75864
4mx5,0.6069483160972595,0.9207751731607839,0.9445793032646179,-0.57,0.75229
4mx9,0.39491379261016846,0.9717610675242342,0.9855595827102661,0.62,0.9534
4mxa,0.990842878818512,0.9272971020804506,0.8678696155548096,0.15,0.87366
4mxc,0.7480303645133972,0.9766912414864574,0.9502016305923462,-0.20,0.81225
4my6,2.070733070373535,0.9007486822203833,0.6685696840286255,-1.52,0.32104
4myd,1.3509926795959473,0.0,0.8551037907600403,0.20,0.63023
4myh,1.619677186012268,0.0,0.652402400970459,-1.96,0.42962
4myq,0.33663249015808105,0.9912022803250502,0.9902548789978027,0.42,0.88195
4mz4,0.700861930847168,0.9286545732817312,0.9251572489738464,-0.17,0.72294
4mz5,,,,-2.56,0.00392
4mz6,,,,-2.52,0.0323
4mzh,,,,-2.47,0.00146
4mzj,,,,-3.48,0.00354
4mzk,,,,-3.35,4e-05
4mzl,,,,-3.24,0.04249
4mzo,0.7887082099914551,0.0,0.9106699824333191,0.76,0.27494
4mzs,0.6002534031867981,1.0,0.9550599455833435,0.89,0.08688
4n07,3.848870277404785,0.0,0.5408617854118347,-0.88,0.53916
4n1b,1.3793312311172485,0.0,0.7868911027908325,-0.95,0.63644
4n1t,0.28169432282447815,1.0,0.9995164275169373,0.72,0.99315
4n5d,0.4949672520160675,0.9297474820278928,0.9856060743331909,-0.26,0.94557
4n5g,0.5247301459312439,0.0,0.952974259853363,0.37,0.34738
4n5t,14.258623123168945,0.610506320000402,0.03566775098443031,-2.98,0.00138
4n6g,0.592193067073822,0.8519470209992823,0.9509090781211853,-0.55,0.72224
4n6h,0.6626946926116943,0.9359686727933417,0.9351708292961121,0.48,0.50561
4n6y,6.359638214111328,0.9318691341966694,0.3247535526752472,0.36,0.75345
4n7g,,,,-2.61,0.00374
4n7h,,,,-2.87,0.00134
4n7j,4.643035888671875,0.9389664111061933,0.4134103059768677,-0.24,0.61528
4n7u,0.7269201278686523,0.9451179239933591,0.949999988079071,-1.33,0.225
4n7y,,,,-2.85,0.00684
4n84,,,,-2.46,0.01687
4n8d,0.9853367209434509,0.0,0.9118497371673584,-0.45,0.37108
4n8e,1.058067798614502,0.8923595102340851,0.8561905026435852,-0.01,0.36796
4n98,0.34738191962242126,0.9839379275646539,0.9942601919174194,0.64,0.81753
4n9e,0.9271432757377625,0.0,0.8924508690834045,-0.45,0.62039
4na4,1.0097564458847046,0.9496961295506098,0.8655757904052734,-0.31,0.39314
4nah,1.3451902866363525,0.0,0.848901093006134,-0.50,0.4445
4nak,0.31305909156799316,0.9550133207818268,0.9896593689918518,-0.22,0.8614
4nal,0.41559016704559326,0.9886840491263301,0.9709715843200684,-0.36,0.89646
4nat,1.0845258235931396,0.9522640478735476,0.8331071734428406,-0.56,0.57659
4ncg,0.7881699800491333,0.9308077476921481,0.9186102747917175,-0.08,0.77962
4ncn,1.0235196352005005,0.0,0.8950299620628357,0.40,0.71273
4ndu,0.9890864491462708,0.14018608572239427,0.8516623973846436,-0.80,0.67957
4ngm,3.2682955265045166,0.928045552636744,0.6780458092689514,-0.94,0.75913
4ngn,0.9260613918304443,0.9629296438370022,0.8833333253860474,-0.52,0.85226
4ngp,2.6593973636627197,0.8641380151033687,0.674069881439209,-1.19,0.72097
4ngq,0.6332933902740479,0.9862489561893087,0.9576530456542969,-0.94,0.92259
4ngr,1.3450052738189697,0.9282219741394435,0.8419051766395569,-1.24,0.32129
4ngt,3.881368637084961,0.888036957009991,0.5799689292907715,-1.51,0.35276
4nh8,0.9693618416786194,0.9352297820906506,0.9082568883895874,0.87,0.95658
4nhc,14.016585350036621,0.30024067385285474,0.03397027775645256,-3.58,0.0
4nhx,1.140990972518921,0.8725645827168398,0.8447986841201782,0.31,0.76194
4nhy,2.3138978481292725,0.0,0.6797263622283936,0.54,0.5935
4nie,0.9012428522109985,0.047455135674841914,0.8910810947418213,-0.32,0.33474
4nj3,2.539105176925659,0.9128070535568259,0.6925080418586731,-0.18,0.5826
4nka,1.6409095525741577,0.9085438608837196,0.809449315071106,0.07,0.6594
4nkt,1.9235918521881104,0.9072957250477944,0.7325581312179565,-0.92,0.08045
4nl1,1.7997041940689087,0.0,0.7732558250427246,-0.33,0.84924
4nld,4.290492534637451,0.8950569125422463,0.5846949815750122,-1.30,0.00875
4nmo,20.34861183166504,0.09682757190726993,0.1449742317199707,-3.50,0.00167
4nmp,15.619551658630371,0.07753116042837896,0.17928388714790344,-3.10,0.0021
4nmq,,,,-3.23,0.00348
4nmr,10.015318870544434,0.5564261104916249,0.1780852973461151,-3.16,0.03241
4nms,20.57183837890625,0.11239814239199968,0.08559782803058624,-3.05,9e-05
4nmv,21.24968147277832,0.1448803038856834,0.11933298408985138,-2.76,0.00037
4nni,0.2897354066371918,0.9405715465841075,1.0,-1.09,0.54691
4nnr,2.9167158603668213,0.9692157124069929,0.5486257672309875,-3.67,0.10903
4non,1.2545487880706787,0.0,0.91679447889328,0.41,0.93473
4np2,0.4886145293712616,0.9445674367053197,0.9595375657081604,0.20,0.43459
4np3,0.8841032385826111,0.9290561865745819,0.8728606104850769,0.12,0.20223
4np9,1.1305811405181885,0.9788427817160726,0.8204057216644287,-2.05,0.33699
4npv,0.4720897674560547,0.9801147639974643,0.9744681119918823,0.37,0.94293
4nq6,1.0532640218734741,0.9455209512482922,0.8397790193557739,0.30,0.36955
4nra,0.6054978966712952,0.9644289115408942,0.9239482283592224,0.58,0.73857
4nrk,28.878772735595703,0.0,0.0,-2.10,0.71585
4nrl,,,,-2.44,0.42522
4nrm,,,,0.28,0.27405
4nro,0.41838404536247253,0.9580962348672167,0.9920494556427002,0.38,0.93404
4nrp,0.1790391504764557,0.9892683398525745,1.0,0.51,0.92942
4nrq,2.231673002243042,0.9470245386441113,0.7081185579299927,-0.56,0.44263
4nrt,6.480078220367432,0.8220223631801651,0.37784090638160706,-0.49,0.4465
4nud,3.786649227142334,0.9187936012945999,0.7139376401901245,-1.01,0.60709
4nue,2.269456386566162,0.9837069092859234,0.7068106532096863,-0.46,0.54584
4nuf,,,,-3.22,0.07317
4nus,1.0178802013397217,0.9507245127537239,0.8416411280632019,-0.03,0.65772
4nvq,0.5967082977294922,0.9238266537560185,0.9444444179534912,0.57,0.89877
4nw5,2.0034592151641846,0.9021791868940258,0.7168338894844055,-0.67,0.52285
4nw7,0.7392352819442749,0.9551532565340409,0.9399421215057373,0.01,0.83532
4nwd,0.700709342956543,0.9621727456618913,0.9390547275543213,0.69,0.94706
4nwk,1.147848129272461,0.9081308301259436,0.8395522236824036,0.13,0.47051
4nxr,9.304884910583496,0.6733670276729268,0.07744681090116501,-3.16,0.18423
4nxs,0.5392103791236877,0.9878693463880331,0.9593425393104553,-0.98,0.62901
4nxu,22.0831356048584,0.025714163254699805,0.0,-1.73,0.05455
4nxv,23.718975067138672,0.029358511998564103,0.0,-1.94,0.45863
4ny3,25.96622657775879,0.0,0.0008778090123087168,-2.95,0.00706
4nyf,0.965347170829773,0.9831263290129841,0.8721441030502319,-0.30,0.46722
4nyi,1.7310351133346558,0.9260901851503384,0.8138801455497742,-1.12,0.11961
4nyj,0.7753990292549133,0.9846307897305474,0.9619422554969788,-0.56,0.60601
4nyt,0.9661322832107544,0.0,0.9195205569267273,-0.82,0.55316
4nzm,,,,-1.68,0.07872
4nzn,,,,-2.98,0.06915
4nzo,,,,-3.02,0.09257
4o04,0.8345925807952881,0.9531321175072008,0.9230769276618958,0.88,0.95931
4o05,0.7984673380851746,0.9636773125227159,0.9014970064163208,0.48,0.84161
4o07,1.0198924541473389,0.962551685602176,0.8603526949882507,0.64,0.80887
4o09,1.1801838874816895,0.934674750715553,0.8152173757553101,-0.08,0.62646
4o0b,0.8099789023399353,0.9455102176174678,0.892988920211792,0.58,0.74773
4o0r,0.6109012365341187,0.9505318151565516,0.9685362577438354,-0.05,0.94268
4o0z,0.6143392324447632,0.9768478953738393,0.9484265446662903,-0.79,0.84894
4o1d,0.7563842535018921,0.9918483937322026,0.9323204159736633,-0.37,0.63953
4o1l,0.6828265190124512,0.9744008626210289,0.9417266249656677,0.21,0.80112
4o2b,1.3450136184692383,0.0,0.8129290342330933,0.07,0.65492
4o2c,6.009639263153076,0.7584002984622173,0.3086574673652649,-2.26,0.216
4o2e,5.261493682861328,0.687991276503702,0.32362356781959534,-3.24,0.12787
4o2f,4.7491021156311035,0.7724185784004142,0.3624149560928345,-3.28,0.03369
4o2p,0.807307243347168,0.9586075923723507,0.9175127148628235,-0.29,0.76293
4o36,15.427011489868164,0.5084144129633144,0.0893760547041893,-2.91,0.01008
4o3a,3.974777936935425,0.0,0.3984794318675995,-4.25,0.13529
4o3b,1.7268283367156982,0.0,0.6935679316520691,-0.45,0.56666
4o3c,2.644420623779297,0.7985940953480004,0.5640369057655334,-5.11,0.43077
4o3t,,,,-3.17,0.06166
4o44,0.8790318965911865,0.9662079773789632,0.900243878364563,-0.45,0.54319
4o45,,,,-3.40,0.01575
4o4y,35.31527328491211,0.025174219567374215,0.0,-1.78,0.45121
4o5b,0.9734711050987244,0.9166654315385852,0.9195945858955383,-1.02,0.09175
4o61,0.36247217655181885,0.9679696331152736,1.0,-0.01,0.24969
4o62,,,,-2.63,0.16766
4o71,0.8131065368652344,0.31239785676972864,0.9199438095092773,0.01,0.60261
4o72,0.501858651638031,0.9522948265696132,0.9654502868652344,0.14,0.87341
4o74,1.3058415651321411,0.9662889688634426,0.7858422994613647,-2.03,0.33366
4o75,6.067302227020264,0.9184583707487743,0.28015783429145813,-1.14,0.08667
4o78,0.691330075263977,0.9673806982159053,0.932692289352417,-0.68,0.08626
4o7a,0.7482779026031494,0.9499862909778467,0.9238241314888,-0.66,0.50465
4o7d,0.8037371635437012,0.948369922319611,0.9171923995018005,-0.27,0.50061
4o91,0.6698353886604309,0.9654216678505091,0.9369092583656311,0.15,0.97911
4o9w,4.871278285980225,0.6729815440550355,0.24314025044441223,-2.64,0.06375
4oag,24.48127555847168,0.0,0.0013601741520687938,-1.45,0.07621
4oak,1.5136717557907104,0.968994549454777,0.7786885499954224,-0.00,0.69825
4ob0,2.1667354106903076,0.8424375381479139,0.6085271239280701,-0.42,0.10161
4ob1,2.6466801166534424,0.7803632906657346,0.5618728995323181,-0.11,0.15087
4ob2,3.1756110191345215,0.7349072682214483,0.5053353905677795,-0.03,0.31366
4oba,4.078468322753906,0.0,0.5264565944671631,-1.21,0.57484
4obp,1.578898310661316,0.916113500788775,0.8447154760360718,0.27,0.78564
4obq,0.5997284650802612,0.9702223547230205,0.960392415523529,0.23,0.95181
4oc0,0.9057114124298096,0.9348515786681953,0.8927083611488342,-0.37,0.72777
4oc1,0.9256664514541626,0.9145692209974245,0.9037356376647949,-0.75,0.78494
4oc2,0.48661020398139954,0.9658414662548045,0.980134129524231,-0.25,0.90886
4oc3,1.2803493738174438,0.9280394640443829,0.8478354811668396,-0.21,0.89658
4oc4,0.8490933179855347,0.9187391001517765,0.8963684439659119,-0.67,0.44208
4oc5,1.360877513885498,0.9162082962785559,0.8067434430122375,-0.49,0.72385
4occ,1.2513337135314941,0.9308977768289914,0.8052940964698792,-0.51,0.56473
4ock,1.5061894655227661,0.92370294361148,0.7978098392486572,-0.70,0.63788
4ocp,1.6555193662643433,0.9004288397412858,0.7171945571899414,-0.63,0.70593
4ocq,1.0011999607086182,0.9184457533019084,0.8676160573959351,-0.36,0.58662
4oct,0.516549289226532,0.0,0.9620689749717712,0.54,0.87736
4ocv,1.023121953010559,0.9713358198261691,0.8647686839103699,-0.69,0.50828
4od7,14.353202819824219,0.39818851288118934,0.15019568800926208,-2.66,0.11043
4ode,1.866529941558838,0.9733088252405094,0.6916243433952332,-0.10,0.0917
4odf,2.259676218032837,0.9432152854076701,0.6492842435836792,-0.85,0.46999
4odk,19.918426513671875,0.19432631038411272,0.014929150231182575,-3.20,0.15606
4odl,19.429428100585938,0.6034620011808098,0.009369144216179848,-3.43,0.0002
4odp,,,,-2.58,0.02779
4odq,,,,-2.88,0.34009
4oee,1.5544438362121582,0.922552169899079,0.7989864945411682,-2.18,0.4669
4oeg,5.406617164611816,0.9735812972575387,0.29113924503326416,-2.34,0.47962
4oel,,,,-2.87,0.12792
4oem,,,,-2.49,0.69529
4oeu,14.367425918579102,0.0,0.0091210613027215,-0.70,0.2682
4oew,0.49933770298957825,0.9884174301431206,0.9797297120094299,0.18,0.79784
4ofb,14.557292938232422,0.34651994608525283,0.057997118681669235,-2.85,0.03444
4ofl,13.236281394958496,0.21170949161806846,0.024025974795222282,-0.86,0.64957
4og3,1.2080119848251343,0.9527483973849473,0.8730828166007996,-0.15,0.34279
4og4,2.7434475421905518,0.9612058841740869,0.6110751032829285,0.05,0.22652
4og5,3.1117873191833496,0.9532690951685521,0.5538366436958313,-0.15,0.22125
4og7,2.891961097717285,0.9388439426514963,0.5466439127922058,-0.11,0.69915
4og8,1.3930689096450806,0.9687495936983442,0.8525640964508057,-0.37,0.36793
4ogi,1.322428822517395,0.8814744847092405,0.7864583134651184,-1.37,0.35486
4ogn,0.9277670383453369,1.0,0.885869562625885,0.18,0.71003
4ogt,0.9449175596237183,0.9569911770703395,0.8524436354637146,-0.32,0.46041
4ogv,1.8310376405715942,0.9502994241581265,0.7379032373428345,-1.29,0.21749
4oi6,0.2171241044998169,0.9775927348942673,1.0,-2.95,0.26489
4ok3,0.6174683570861816,0.9519636419463534,0.9490654468536377,0.08,0.43937
4okp,21.803232192993164,0.09775259115504617,0.0,-0.15,0.84261
4olc,35.764404296875,0.0,0.0,-1.16,0.77631
4old,32.850948333740234,0.0,0.0,-0.07,0.07547
4omj,1.2647486925125122,0.9462283769270511,0.8360242247581482,0.02,0.29732
4omk,1.050016164779663,0.02206138271446467,0.8248193860054016,-0.22,0.15919
4onf,,,,-2.47,0.01131
4ono,1.600327968597412,0.9609736895345695,0.7549999952316284,-0.50,0.24113
4oo9,1.7330265045166016,0.9647785960581108,0.7483642101287842,-0.08,0.64081
4ool,0.7679710984230042,0.962606020043251,0.9331658482551575,-0.43,0.68734
4oon,0.8104913234710693,0.9670333587806125,0.9370689392089844,-0.71,0.45306
4oow,0.29653653502464294,0.9711662694670071,0.9963592290878296,0.16,0.73429
4oq3,0.8152090311050415,0.984630567598105,0.9027072787284851,0.18,0.21581
4oq5,2.9746689796447754,0.0,0.6242272257804871,-1.20,0.08857
4oq6,0.8301977515220642,0.3227288414750121,0.9126505851745605,0.10,0.46711
4or6,25.070697784423828,0.07553798018691033,0.0,-1.68,0.06393
4oru,8.136281967163086,0.7676820983090191,0.18743890523910522,-2.21,0.00639
4orx,12.107666969299316,0.7998550767430134,0.11285240203142166,-1.86,0.00799
4ory,4.835172653198242,0.0,0.4408590793609619,-2.19,0.01144
4os1,8.11064624786377,0.7694605804753906,0.27265769243240356,-3.40,0.0017
4os2,8.260210990905762,0.6754026963218637,0.25186461210250854,-3.06,0.02096
4os4,24.2244873046875,0.13868768977561327,0.0,-3.52,0.00049
4os5,12.188643455505371,0.6228808295684137,0.17749731242656708,-3.22,0.00728
4os6,9.861958503723145,0.7517090935825702,0.23834197223186493,-3.67,0.00072
4os7,6.290823459625244,0.7612302734548908,0.3316410481929779,-3.54,0.00028
4osf,0.5717683434486389,0.03019095870091102,0.9543918967247009,0.54,0.73654
4otw,1.9182543754577637,0.8982799856005697,0.6419624090194702,-0.95,0.44105
4ou3,9.420768737792969,0.36781175771809255,0.14208073914051056,-3.08,0.49713
4oue,0.5385339260101318,0.0,0.9626505970954895,-1.01,0.88887
4ouj,1.0800364017486572,0.9125130270031858,0.8699238300323486,-2.03,0.75207
4ov5,,,,-2.99,0.01358
4ovf,0.7553583979606628,0.9341405791461573,0.9454419612884521,0.88,0.86855
4ow0,0.7307745814323425,0.9607508696969181,0.9259049892425537,-0.20,0.745
4oya,0.6827353835105896,0.942788829049715,0.9334269762039185,0.24,0.96994
4oyb,0.31933218240737915,0.9742679871627367,0.9958449006080627,0.25,0.96904
4oyi,0.2656611502170563,0.9901246795269426,0.9949355721473694,0.46,0.96472
4oym,0.5971476435661316,0.9418425941026651,0.9545813798904419,0.31,0.67878
4oyo,0.32425832748413086,0.9425172409842489,1.0,-0.12,0.60112
4oys,2.0596749782562256,0.9413483268873408,0.6998094320297241,-0.16,0.21155
4oyt,1.6922775506973267,0.8797930453987086,0.7747559547424316,-1.49,0.15135
4oz2,0.4537312090396881,0.954345413951937,0.9821958541870117,0.15,0.92661
4oz3,0.42641475796699524,0.9316275673089117,0.985061526298523,0.35,0.87719
4ozj,2.301694393157959,0.9518757728382298,0.659866452217102,-0.71,0.22714
4ozl,1.7353074550628662,0.9506289410557216,0.7807262539863586,-0.68,0.60629
4ozn,1.6524441242218018,0.03524395490378867,0.78669273853302,-0.42,0.23159
4p0a,10.529865264892578,0.0,0.11286594718694687,-1.85,0.08062
4p0b,,,,-1.55,0.63267
4p0v,0.8824138045310974,0.9276270200597864,0.9411357045173645,-1.63,0.60239
4p0w,2.0490946769714355,0.9172400380452846,0.6727527976036072,-2.03,0.30919
4p0x,6.743525981903076,0.5149665405965828,0.270860493183136,-1.29,0.48819
4p10,2.0869076251983643,0.9583353393930392,0.7189516425132751,0.25,0.75221
4p3h,0.6976041793823242,0.9551004918495066,0.9407008290290833,-0.57,0.16947
4p45,3.3117260932922363,0.8351911762129434,0.7360764741897583,-0.66,0.60996
4p4d,0.8177282214164734,0.9473519341272044,0.898329496383667,-0.29,0.7759
4p4e,2.451204299926758,0.8821491204943155,0.7018442749977112,-0.34,0.65067
4p4j,0.932848334312439,0.9772763689149281,0.9429976940155029,-0.72,0.83668
4p4t,1.0395575761795044,0.9662498624295788,0.9144431352615356,0.29,0.93133
4p58,0.1296195238828659,1.0,1.0,0.72,0.97382
4p6c,1.470369815826416,0.9532650356824348,0.8391813039779663,0.26,0.80769
4p6g,1.437092661857605,0.9503921722494888,0.8135294318199158,0.00,0.03554
4p6w,1.6383291482925415,0.946666182607017,0.7541102766990662,-0.10,0.47574
4p6x,1.2601419687271118,0.0,0.8217675089836121,-0.03,0.89432
4p73,0.8614841103553772,0.9310739094181599,0.9220328330993652,-0.49,0.76595
4p74,9.25898551940918,0.8672192742329411,0.25629723072052,0.08,0.26481
4p75,0.3603520691394806,0.9812537909857515,0.9917898178100586,0.15,0.97649
4p90,1.2094188928604126,0.0,0.7840909361839294,-0.15,0.04414
4pax,0.1630515605211258,1.0,1.0,0.41,0.98228
4pb1,1.2821862697601318,0.9430812969414177,0.8228744864463806,-0.15,0.46442
4pb2,1.0845445394515991,0.8579647979265385,0.8567864298820496,-0.37,0.48542
4pce,0.35754063725471497,0.9656851612853395,0.9819999933242798,0.44,0.93619
4pci,0.8790360689163208,0.8988899792036619,0.8585608005523682,-0.28,0.67116
4pcs,1.050697922706604,0.9623065069058607,0.8989130258560181,-0.57,0.87419
4pct,0.7590926289558411,0.0,0.938829779624939,-0.44,0.93185
4pd5,1.0964925289154053,0.9415720000332116,0.8635902404785156,-0.42,0.36635
4pd6,0.9916166067123413,0.92245713810085,0.8887130618095398,-0.52,0.30069
4pd7,0.9955729246139526,0.9187398833508557,0.884782612323761,-0.55,0.19395
4pd8,1.2679980993270874,0.9241926505476474,0.8086472749710083,-0.73,0.53363
4pda,1.0492141246795654,0.9234857569460508,0.8628364205360413,-0.41,0.31732
4pdk,2.325324296951294,0.8890949835949749,0.6975524425506592,-1.79,0.56123
4pee,0.6886292099952698,0.0,0.9420432448387146,-0.40,0.97131
4pf5,36.40496826171875,0.0,0.0,-0.24,0.3528
4pft,0.8889391422271729,0.0,0.8990800976753235,-0.23,0.87407
4pfu,1.148175835609436,0.9099340496923303,0.8328025341033936,-0.50,0.53963
4pg9,5.90984582901001,0.6230882226653951,0.2683989703655243,-3.20,0.01801
4pgb,7.181423187255859,0.0,0.2788175940513611,-3.60,0.00078
4pgc,4.144952297210693,0.0,0.4535256326198578,-3.41,0.03101
4pge,5.844404220581055,0.8298467642364312,0.36789852380752563,-3.41,0.03487
4pgh,0.8552883863449097,0.0,0.877811074256897,-0.26,0.43055
4ph4,0.8860450983047485,0.9522762319532795,0.8913872241973877,0.52,0.92581
4phu,1.094411849975586,0.9211978703056334,0.9110915660858154,-0.81,0.62344
4phv,0.6333523988723755,1.0,0.932034969329834,-0.30,0.89034
4phw,0.4970288872718811,0.0,0.97826087474823,0.23,0.85243
4pid,0.48097464442253113,0.9852102880564337,0.9743055701255798,-0.07,0.70227
4pin,0.3908120095729828,0.0,0.9841176271438599,0.60,0.89304
4pio,0.42359277606010437,0.0,0.9864066243171692,0.32,0.86096
4piq,0.7724485397338867,0.9408936893214542,0.9259694218635559,-0.13,0.35083
4pkb,,,,-0.54,0.44054
4pkr,0.657503068447113,0.957794119414798,0.9435725212097168,-0.15,0.64127
4pks,1.091403603553772,0.9671368999059724,0.8989999890327454,-0.26,0.74827
4pl0,0.9695296883583069,0.0379660101745168,0.878858745098114,-0.55,0.76158
4pl3,46.97610855102539,0.0,0.0,-1.15,0.60769
4pl6,,,,-0.09,0.00061
4pli,,,,-0.14,0.00229
4pmm,0.7605898380279541,0.9305515701895878,0.9230009913444519,0.08,0.30773
4pn1,,,,-2.44,0.03379
4pnc,0.5266931056976318,0.972863407369824,0.9740802645683289,-0.04,0.50854
4pni,0.6844618916511536,0.93400101707784,0.9405913949012756,0.05,0.60109
4pnl,0.47815191745758057,0.9742219284354872,0.965831458568573,0.89,0.68655
4pnm,0.47970330715179443,0.0,0.959979236125946,-0.06,0.87982
4pnn,0.16147209703922272,0.9872563362848256,1.0,0.75,0.9816
4pnq,0.14302082359790802,0.0,1.0,0.47,0.98022
4pnr,0.24061274528503418,0.0,1.0,1.09,0.92782
4pns,0.21734391152858734,0.0,1.0,-0.02,0.93229
4pnt,0.12971697747707367,0.0,1.0,0.30,0.96081
4poh,0.8200154900550842,0.9616178410595825,0.9221901893615723,0.16,0.80495
4pop,0.7515190243721008,0.0,0.9233383536338806,-0.04,0.76576
4pp5,0.5767653584480286,0.9716722353370367,0.9570086598396301,0.20,0.92185
4pp9,2.2020771503448486,0.005401119558131986,0.7749643325805664,-0.39,0.30061
4pqa,2.3439719676971436,0.8525846230502091,0.6824712753295898,-0.68,0.65481
4pqn,0.7134469747543335,0.9625243799968591,0.9457259178161621,-0.33,0.2273
4prb,5.4649176597595215,0.7788692827776285,0.30355462431907654,-2.98,0.00109
4prd,6.240295886993408,0.8304455558434546,0.2878296673297882,-2.87,0.02845
4pre,7.610761642456055,0.678999073877641,0.2518840432167053,-3.11,0.22552
4prh,6.251944541931152,0.7735956085779869,0.25509151816368103,-3.85,0.00461
4pri,6.297336101531982,0.7768479102197774,0.37489739060401917,-3.64,0.01027
4prn,8.44515323638916,0.781501217666659,0.24202001094818115,-3.15,0.08485
4pry,,,,-1.44,0.01422
4ps0,5.511999607086182,0.8370065984039526,0.42010557651519775,-1.89,0.05572
4ps1,11.350253105163574,0.0,0.11869436502456665,-2.18,0.18274
4psb,1.9484511613845825,0.9798863075657119,0.6693548560142517,-0.43,0.2141
4psh,1.4789155721664429,0.8948494348273807,0.7858890891075134,-4.19,0.14628
4psq,1.3021386861801147,0.9431605986006814,0.8225911259651184,-0.49,0.18084
4ptc,1.5400886535644531,0.9644643286583785,0.8548387289047241,0.64,0.44772
4pte,0.5392249226570129,0.9278177497791849,0.9608963131904602,0.56,0.68279
4pv5,1.8468170166015625,0.9588851603335112,0.6866739988327026,-1.09,0.21086
4pvo,3.5853054523468018,0.15445642823562622,0.4308072626590729,-1.00,0.41921
4pvt,0.4373655617237091,1.0,0.9815914630889893,-0.51,0.68863
4px6,0.7449144721031189,0.9765138149069699,0.9325293302536011,0.42,0.96771
4pxf,,,,-3.10,0.02387
4pxm,0.9021544456481934,0.0,0.8871251940727234,0.25,0.91749
4py1,3.8391897678375244,0.7982429299687043,0.5285326242446899,0.28,0.9369
4py2,0.3735310733318329,0.0,0.9916267991065979,-0.00,0.97963
4py4,0.9272542595863342,0.9723139608810182,0.9676966071128845,-1.02,0.18933
4pyo,0.7555439472198486,0.003338708859559769,0.9140019416809082,0.14,0.75322
4pyv,0.9442809224128723,0.963115674319509,0.8717851638793945,-0.54,0.50085
4pyx,2.0490286350250244,0.9334220366309652,0.7141566276550293,-0.47,0.22237
4pyy,1.7037817239761353,0.9500482268289463,0.777057945728302,-0.35,0.42031
4pz5,,,,-3.35,0.05208
4pz8,,,,-1.60,2e-05
4pzh,2.051421880722046,0.8960210572708924,0.7368651628494263,0.36,0.96045
4q06,0.6142603754997253,0.9709755803555569,0.9609872698783875,-0.09,0.71556
4q07,0.4100484848022461,0.9613043911764494,0.9766462445259094,0.25,0.36631
4q08,1.1991382837295532,0.9428433481460781,0.8642454147338867,-0.67,0.72603
4q09,1.098179578781128,0.9801866939140659,0.9004629850387573,0.07,0.84993
4q0a,8.069954872131348,0.9007319069905751,0.20250895619392395,-0.65,0.55598
4q0k,1.4027690887451172,0.9428413022277101,0.775928795337677,-0.09,0.28348
4q0l,0.532729983329773,0.0,0.9735022783279419,-0.19,0.93402
4q15,0.5125173926353455,0.962022442417519,0.9647390842437744,0.04,0.91801
4q18,0.8252109289169312,0.003854123463993181,0.8600398898124695,-0.58,0.84835
4q1a,0.8805261254310608,0.0035274552329376875,0.8740694522857666,0.03,0.36405
4q1b,0.9401041865348816,0.9337556342725297,0.888688325881958,-0.34,0.66162
4q1f,0.8407750725746155,1.0,0.9100558757781982,0.06,0.73407
4q1n,2.989359140396118,0.0,0.6662644743919373,-0.32,0.5249
4q46,3.329091787338257,0.8498319463133966,0.47348859906196594,-0.55,0.64615
4q4e,4.198511600494385,0.8194940688062259,0.5914419889450073,-0.67,0.34838
4q4i,3.879096269607544,0.7542134419663423,0.5072745084762573,-2.12,0.02342
4q4o,0.9512244462966919,0.9007443163715045,0.8534964919090271,0.09,0.66803
4q4p,0.3428947627544403,0.9421070298315962,0.9934554696083069,0.51,0.92316
4q4q,0.4319922626018524,0.9688567521226992,0.9923518300056458,0.02,0.89185
4q4r,0.47028636932373047,0.9704846350580518,0.9816513657569885,0.44,0.84958
4q6d,0.4761640727519989,1.0,0.9847931861877441,0.67,0.90932
4q6f,,,,-2.27,0.36176
4q7p,0.25351861119270325,0.9883897710864978,1.0,0.91,0.89605
4q7s,0.18125826120376587,1.0,1.0,0.79,0.72758
4q7v,0.1604786366224289,0.9882832264254613,1.0,0.82,0.84969
4q7w,0.26770123839378357,0.9647136942092547,1.0,0.63,0.59994
4q81,0.36534836888313293,0.9766371050852616,0.980240523815155,0.06,0.89151
4q83,0.18530888855457306,1.0,1.0,0.88,0.96406
4q87,0.16883262991905212,1.0,1.0,0.67,0.9717
4q8x,1.1187551021575928,0.9309188501279829,0.8278443217277527,0.42,0.80672
4q8y,0.18631845712661743,1.0,1.0,0.72,0.97415
4q90,0.14517062902450562,0.9644773667641551,1.0,0.43,0.76558
4q93,0.6258358955383301,0.9574436201989788,0.9514462947845459,-0.58,0.79673
4q99,0.14510609209537506,0.9881763606329961,1.0,0.36,0.74091
4q9m,0.5602334141731262,0.9612818721447318,0.9572591781616211,-0.05,0.72506
4q9o,0.38466134667396545,1.0,0.9873633980751038,0.05,0.57981
4q9s,0.5373481512069702,0.9414773800206078,0.9572599530220032,0.31,0.89991
4q9y,0.3210621178150177,0.9643269146878499,1.0,0.21,0.85466
4q9z,0.9578263163566589,0.891662729530513,0.8867449760437012,0.47,0.8632
4qaa,0.8399914503097534,0.0,0.864098846912384,-0.55,0.70314
4qag,0.42165881395339966,0.9433956018057019,0.9939024448394775,-0.62,0.73467
4qb3,0.24912665784358978,0.9684292861487072,1.0,-0.38,0.90466
4qbm,14.231468200683594,0.5202084176601819,0.05512016639113426,-2.92,0.00046
4qc1,,,,-2.13,0.01538
4qem,0.41386333107948303,0.9714665700259925,0.9768258333206177,0.06,0.80792
4qer,0.665271520614624,0.9462259976371165,0.9407484531402588,-0.13,0.81105
4qf7,,,,-1.15,0.13599
4qf8,0.92583829164505,0.9728377017714375,0.9190751314163208,0.00,0.75418
4qfg,0.9519343376159668,0.9242565769571067,0.9077328443527222,-0.15,0.81308
4qfn,7.8426194190979,0.0,0.26783478260040283,-1.33,0.28503
4qfo,29.3227481842041,0.0,0.0,-1.25,0.74106
4qfp,5.502861022949219,0.5516609501448217,0.3379289209842682,-1.95,0.48003
4qfs,17.210468292236328,0.16112901277658648,0.0015120967291295528,0.11,0.48357
4qgd,0.8707382678985596,0.9703315048306328,0.9060364365577698,-0.29,0.25288
4qgg,0.9192529320716858,0.04239789041368457,0.908912181854248,-0.26,0.23172
4qgh,0.8006810545921326,0.9539717064144019,0.9296973347663879,-0.19,0.78606
4qgi,1.36037015914917,0.9900326591022842,0.8219852447509766,-0.63,0.41114
4qh7,14.911764144897461,0.12808686506377712,0.020437536761164665,-2.92,0.03603
4qh8,3.8809256553649902,0.0,0.5408667922019958,-1.71,0.47063
4qhc,2.1321396827697754,0.8620982895757041,0.6686747074127197,-1.71,0.06782
4qht,1.1086549758911133,0.0,0.8187633156776428,-0.45,0.94513
4qip,0.9201564788818359,0.9833845438656956,0.8935439586639404,-1.01,0.78501
4qir,1.2666734457015991,0.9518379856715028,0.8660388588905334,-0.12,0.52678
4qiy,0.6520816683769226,0.008002994679049033,0.970822274684906,-0.40,0.80678
4qiz,1.1415594816207886,0.9066110981690407,0.8938709497451782,-0.47,0.67173
4qj0,1.6282548904418945,0.0,0.8077548742294312,-0.73,0.37196
4qjm,5.055278301239014,0.8940610743150249,0.38577982783317566,-0.28,0.59643
4qjo,0.4105423390865326,0.0,0.9855182766914368,-0.05,0.89406
4qjr,3.2105119228363037,0.9457149111601474,0.5272494554519653,-2.84,0.16068
4qjw,0.4108085334300995,0.0,0.989130437374115,-0.09,0.96185
4qjx,1.800047516822815,0.9221823465647615,0.7811203598976135,-0.05,0.5207
4qk4,3.477381944656372,0.9250368601281528,0.5291821360588074,-2.72,0.20333
4qkd,0.9254843592643738,0.010356373841237585,0.8932836055755615,0.77,0.32998
4qkx,2.1200551986694336,0.9427823313108399,0.7171491980552673,-0.18,0.74832
4ql8,0.7865283489227295,0.9647766683567748,0.8936949968338013,0.24,0.83695
4qlk,2.7070424556732178,0.9295097707719954,0.6690512299537659,-1.45,0.39379
4qll,3.0047690868377686,0.8660819746286006,0.6025874614715576,-1.42,0.64556
4qme,0.8354944586753845,0.9764376387585764,0.9208973050117493,-0.00,0.70163
4qmm,1.3460001945495605,0.9303185529815158,0.8603047728538513,-0.28,0.7017
4qmn,1.0823163986206055,0.932449402303495,0.8682119250297546,-0.57,0.14286
4qmq,0.9377313852310181,0.9497915921888659,0.9059171676635742,0.38,0.8989
4qms,1.887336254119873,0.9153188127302984,0.7048938870429993,-0.61,0.43615
4qmx,1.2768011093139648,0.9143682088127211,0.8377028703689575,-0.53,0.63747
4qmz,1.5033948421478271,0.989237905783075,0.8931518197059631,-0.33,0.87936
4qn7,0.7752124071121216,0.9515926888936223,0.9070000052452087,0.19,0.90882
4qn9,2.612161159515381,0.060088636615391974,0.5501968264579773,-1.66,0.43457
4qnb,2.0435197353363037,0.9513628125245761,0.760769248008728,-2.15,0.5228
4qnu,1.4073121547698975,0.0,0.8090550899505615,-0.64,0.24106
4qo4,2.7827396392822266,0.7853536742951812,0.5259179472923279,-3.11,0.00227
4qok,4.528006553649902,0.8702277293701485,0.3911721408367157,-3.56,0.00931
4qp1,0.7042941451072693,0.9564815134405453,0.9179012179374695,0.45,0.80776
4qpd,2.2090697288513184,0.9412493703652413,0.8702531456947327,-0.49,0.81898
4qpl,1.444534182548523,0.0,0.7750272154808044,-0.77,0.47866
4qq4,6.655478000640869,0.5730147196619692,0.20481927692890167,-2.78,0.05946
4qq5,0.9044535160064697,0.9607275947279067,0.8595022559165955,-0.43,0.32839
4qqc,1.2435048818588257,0.9710112600789642,0.8383771777153015,-0.72,0.64475
4qqi,,,,-3.23,0.03655
4qr3,3.0416972637176514,0.9500836381319786,0.7017353773117065,0.09,0.76372
4qr4,3.131211280822754,0.9661282966891811,0.6410526037216187,-0.39,0.20674
4qr5,0.56887286901474,1.0,0.9710424542427063,0.13,0.6927
4qrc,0.838151752948761,0.9447703234966316,0.9210628271102905,0.23,0.73561
4qrh,2.507780075073242,0.0,0.7175664901733398,-1.38,0.16606
4qsu,0.3706636428833008,0.9648349230784086,0.980861246585846,0.22,0.83921
4qsv,1.219557285308838,1.0,0.8512396812438965,0.14,0.91152
4qsw,1.6072750091552734,1.0,0.7861445546150208,-0.32,0.1645
4qsx,0.9601094126701355,1.0,0.9090909361839294,0.17,0.88222
4qt0,1.807848334312439,0.0,0.7904599905014038,-0.86,0.21529
4qt2,3.4446849822998047,0.9441302362067777,0.5486363768577576,-2.28,0.17566
4qtl,3.200702428817749,0.853026148507255,0.6608204245567322,-1.04,0.44611
4qtn,0.752622663974762,0.0,0.9338358640670776,-0.04,0.88761
4qyh,0.9409860372543335,0.0,0.8627958297729492,0.15,0.28462
4qzs,1.618970274925232,0.9490283968622862,0.739533007144928,-0.19,0.38286
4r06,1.096589207649231,0.9393806299888651,0.8177965879440308,-1.11,0.66509
4r0a,0.8955956101417542,1.0,0.902046799659729,-0.95,0.3565
4r1e,,,,-3.51,0.0
4r1y,1.183886170387268,0.9579726297587937,0.8823845386505127,-0.45,0.85616
4r3b,5.505300521850586,0.7823840677819768,0.4084070920944214,-0.77,0.49015
4r3c,0.5958491563796997,0.9789942894989,0.9701727032661438,0.31,0.71228
4r3w,,,,-1.18,0.0706
4r4q,0.6470896005630493,0.9821810759539351,0.9603421688079834,0.13,0.84175
4r4t,0.8027107119560242,0.9481531686038351,0.9202380776405334,0.60,0.68239
4r59,2.568986654281616,0.8963164555753665,0.7570621371269226,-0.28,0.80641
4r5a,5.426387786865234,0.724935985344969,0.45805811882019043,-0.48,0.9312
4r5b,3.45629620552063,0.8468592891635521,0.625,-0.78,0.76025
4r5w,0.9370059370994568,0.0,0.8847328424453735,0.28,0.62061
4r5x,1.571271538734436,0.881287342956961,0.8156911730766296,0.37,0.69651
4r5y,0.7880818843841553,0.9737060945079786,0.9137687683105469,0.03,0.81975
4r6e,0.9192842841148376,0.0,0.8931108117103577,0.18,0.7511
4r6v,0.9372537136077881,0.95140778717681,0.9156548380851746,-0.39,0.6982
4r73,0.6210507750511169,0.0,0.9471228718757629,0.20,0.92604
4r74,0.5429983735084534,0.0,0.9674267172813416,0.23,0.87675
4r75,1.0878733396530151,0.952419344166924,0.8797070980072021,0.21,0.81756
4ra1,1.3085750341415405,0.9500148829382405,0.8153619170188904,-0.65,0.74157
4ra5,2.3542087078094482,0.879875246235011,0.6357308626174927,-0.77,0.65798
4rab,6.103944301605225,0.0,0.4220588207244873,-0.79,0.32076
4rac,0.5309884548187256,0.9504759819896941,0.9761549830436707,-0.61,0.91682
4rad,0.9474464058876038,0.0,0.8656437397003174,-0.83,0.50084
4ran,1.2436809539794922,0.0,0.927314817905426,-0.76,0.61516
4rao,0.7289044260978699,0.0,0.928684651851654,-0.84,0.58098
4raq,0.4723145365715027,0.9577962569351122,0.9799679517745972,-0.55,0.3242
4rce,0.6301680207252502,0.9635986430490184,0.9523161053657532,0.52,0.79219
4rcg,1.309890866279602,0.8824998701758517,0.8102648854255676,-0.47,0.6856
4rcp,3.3581156730651855,0.9219452399569505,0.5617897510528564,-1.26,0.04971
4rd0,1.6592485904693604,0.9750412890254258,0.7936046719551086,-0.16,0.49823
4rd3,1.1766234636306763,0.9395241965732739,0.87147057056427,-0.20,0.6964
4rd6,1.0978515148162842,0.9859594758809731,0.8849306702613831,0.14,0.81791
4re2,1.3430970907211304,0.8877761415190398,0.810251772403717,-0.44,0.14641
4re3,0.6781576871871948,0.900807423872812,0.9383494853973389,0.25,0.7414
4re4,0.5347749590873718,0.943576800602311,0.9709762334823608,0.58,0.96428
4re9,0.9556372165679932,0.0,0.8948655128479004,0.03,0.81762
4res,1.8618342876434326,0.9210258934752686,0.6920811533927917,-0.84,0.69621
4ret,6.458610534667969,0.0,0.26251456141471863,-2.16,0.33241
4rfd,0.8563052415847778,0.9653319419853457,0.9262195229530334,0.58,0.24521
4rfm,1.323713779449463,0.963729833262414,0.8855005502700806,-0.65,0.25696
4rg0,1.4689280986785889,0.8812892898213665,0.7749793529510498,-1.17,0.19396
4rgd,1.5860899686813354,0.96201746237708,0.8022598624229431,-1.60,0.48263
4rhu,0.9262775182723999,0.0,0.8924689292907715,-1.23,0.34492
4rhx,1.2795953750610352,0.9505283801306412,0.8704426884651184,-0.93,0.4086
4rhy,0.8408367037773132,0.9709591182674264,0.9170579314231873,-1.62,0.27462
4rio,0.6688780188560486,0.9516190008152907,0.9577603340148926,0.68,0.98378
4ris,,,,-2.60,0.00432
4riu,3.9500300884246826,0.9001490802817858,0.7230215668678284,-0.37,0.906
4riv,0.5539102554321289,0.9573055568940868,0.9515503644943237,0.62,0.78969
4rj3,0.6235710382461548,0.9525130140462682,0.9062913656234741,0.19,0.7585
4rj8,6.229440689086914,0.8069545113952229,0.32295817136764526,-0.69,0.38236
4rkx,0.5943834185600281,0.9618827460226058,0.9558139443397522,0.69,0.23468
4rlk,0.5735589265823364,0.9412954947426696,0.953125,-0.32,0.78842
4rlt,1.5710294246673584,0.8922131560794982,0.8322740197181702,0.09,0.65301
4rlu,0.617435097694397,0.9521488245912373,0.9311352372169495,-0.26,0.37529
4rlw,1.6902005672454834,0.9711729238850308,0.7591911554336548,-0.29,0.56943
4rn0,5.377938270568848,0.36765915023672685,0.4279874265193939,-1.59,0.69467
4rn1,6.308697700500488,0.5671626671791994,0.24729730188846588,-1.57,0.12608
4rn2,5.881015300750732,0.6094334232267375,0.2854141592979431,-2.17,0.28104
4rn4,1.564972996711731,0.951295470223761,0.8502824902534485,-0.95,0.3511
4rpn,1.1245837211608887,0.0,0.8582352995872498,-1.11,0.25707
4rpo,0.7188165783882141,0.019787153171577566,0.9442090392112732,-0.20,0.60946
4rpv,5.855540752410889,0.8764435962135306,0.3156818151473999,0.27,0.54645
4rqi,,,,-2.91,0.00128
4rqk,18.269775390625,0.22069120614104687,0.0002585315378382802,-0.43,0.20295
4rr6,1.591559648513794,0.9727812201689133,0.8059247136116028,-0.27,0.31611
4rrg,1.3935190439224243,0.0,0.8281433582305908,-0.71,0.85252
4rrq,1.1736595630645752,0.01533989541102054,0.8232954740524292,-0.76,0.56353
4rs0,0.4310143291950226,0.9897715760018979,0.9656750559806824,0.14,0.77808
4rse,2.00683331489563,0.0,0.774796187877655,-0.05,0.79637
4rsk,1.356672763824463,0.9221061489679553,0.7679533362388611,-0.45,0.8788
4rsp,6.0704498291015625,0.760631131303799,0.36545389890670776,-2.03,0.02234
4rt0,5.504648685455322,0.7887807913315708,0.46419328451156616,-2.94,0.0192
4rt1,5.6233062744140625,0.7189930626585113,0.3245173692703247,-2.75,0.02236
4ruu,1.696458101272583,0.9433040999772017,0.7316849827766418,-0.24,0.41969
4rux,0.17020796239376068,1.0,1.0,0.82,0.97053
4ruy,0.5323367118835449,0.977205036790242,0.9825419187545776,0.84,0.89893
4ruz,0.17495596408843994,0.9771163536393744,1.0,0.87,0.95993
4rvr,1.9167135953903198,0.9465138884675462,0.7451076507568359,-0.70,0.18539
4rvt,0.5642116665840149,0.9339092566881162,0.9624999761581421,0.51,0.89856
4rwj,0.6317765116691589,0.0,0.9524082541465759,0.07,0.59102
4rwk,0.9242333173751831,0.9426230920165332,0.8841607570648193,-0.16,0.44139
4rwl,0.5805460810661316,0.9544231184254739,0.9582338929176331,0.60,0.94603
4rww,3.715745210647583,0.8589659420811167,0.442552387714386,-1.29,0.16551
4rx5,0.831871509552002,0.95845399221128,0.9132096171379089,0.18,0.67503
4rxc,0.735949695110321,0.0,0.8815789222717285,-1.23,0.92562
4rxd,0.39461660385131836,0.0,0.988068163394928,-0.72,0.96873
4rxz,,,,-3.32,0.00069
4ryl,0.4701264798641205,0.9839515821642176,0.992514967918396,-0.01,0.39244
4rz1,2.3811421394348145,0.0,0.7490421533584595,-0.39,0.21315
4s3e,37.73475646972656,0.0,0.0,-1.60,0.01593
4s3f,41.392208099365234,0.0,0.0,-1.53,0.51916
4sga,7.526265621185303,0.6850954575177588,0.25259876251220703,-1.38,0.06722
4std,0.7634719610214233,0.01502926841591979,0.9199346303939819,-0.06,0.71734
4tim,0.2684229910373688,0.9648140169785208,1.0,-0.05,0.94713
4tju,0.4930141568183899,0.0,0.9796819686889648,0.45,0.68065
4tjw,0.7243523597717285,0.0,0.966438353061676,0.54,0.92295
4tjy,0.9612815976142883,0.0,0.9395306706428528,0.90,0.98386
4tjz,0.6611265540122986,0.9884289217005141,0.9473684430122375,0.32,0.37022
4tk0,2.1637444496154785,0.0,0.7507061958312988,-0.10,0.09377
4tk2,,,,-2.88,0.23103
4tk3,,,,-2.50,0.37123
4tk4,,,,-3.45,0.02351
4tk5,2.4093985557556152,0.0,0.6415533423423767,-0.35,0.34569
4tkf,0.8734131455421448,0.9551891076477799,0.9255373477935791,0.19,0.8015
4tkg,0.685987114906311,0.0,0.9442250728607178,0.09,0.96075
4tkh,0.9969529509544373,0.9662572639986815,0.8579545617103577,0.14,0.64286
4tkj,0.8892541527748108,0.9541649913500824,0.8732876777648926,0.02,0.46799
4tkn,,,,-3.33,0.02712
4tky,,,,-1.72,0.41634
4tln,0.6185957789421082,0.9877468180123952,0.9685583114624023,0.55,0.64661
4tlr,1.742709755897522,0.9389760499497107,0.818498432636261,-0.10,0.88979
4tmf,0.7890689969062805,0.9803270348049259,0.9229098558425903,-0.59,0.46283
4tmk,1.4675443172454834,0.9538756217192376,0.796655535697937,-0.74,0.39426
4tmp,10.464749336242676,0.0,0.22052913904190063,-2.99,0.05223
4tmr,2.9003190994262695,0.0,0.5949855446815491,-0.20,0.34507
4tn2,0.7003968358039856,0.9513675943269382,0.9028998017311096,0.41,0.86355
4tn4,2.993196964263916,0.9570482981688962,0.5650720000267029,-0.37,0.5149
4to8,,,,-0.34,0.37645
4tpk,1.0050342082977295,0.0,0.8850993514060974,-0.54,0.51585
4tpm,0.9007882475852966,0.0,0.8823529481887817,0.10,0.57638
4tq3,0.5551963448524475,0.9744584709310954,0.9685114622116089,-0.04,0.32892
4tqn,0.7702006101608276,0.9838205507835889,0.9479798078536987,-0.54,0.64777
4trw,5.194124221801758,0.8602352062442921,0.3895833194255829,-1.43,0.31663
4trz,6.29286527633667,0.0,0.35456326603889465,-1.43,0.28188
4ts1,6.8333306312561035,0.4424346709158664,0.21946564316749573,-1.07,0.0966
4tsx,0.9554347395896912,0.971426774815035,0.8971630930900574,-0.45,0.27222
4tt2,,,,-1.11,0.00043
4tte,0.5094950199127197,1.0,0.9661246538162231,-0.29,0.74026
4ttv,2.2706103324890137,0.8695377102895597,0.600237250328064,-1.22,0.56783
4tu4,0.35149505734443665,0.9837183702456174,0.9959595799446106,0.32,0.80611
4tun,1.3345907926559448,0.014977312472728,0.8229166865348816,-0.49,0.76479
4tw7,1.8982805013656616,0.9614060251607842,0.7780748605728149,-1.36,0.68269
4tw8,4.128733158111572,0.10964091862322284,0.614061176776886,-2.66,0.47315
4tw9,0.8673527836799622,0.9014722430038059,0.8807077407836914,-0.51,0.75145
4twt,9.048452377319336,0.3302155860396947,0.04859301820397377,-2.15,0.0175
4tww,1.1571896076202393,0.0,0.8175504803657532,-0.21,0.17278
4tx6,0.8474193811416626,0.0,0.8207395672798157,-0.46,0.29787
4txc,1.8463953733444214,0.9058993951974972,0.7465351819992065,-1.00,0.74255
4txe,1.122145414352417,0.9512464941800082,0.8629842400550842,-0.58,0.54914
4txs,1.115054726600647,0.0,0.855867326259613,-0.97,0.35296
4tyb,1.0812606811523438,0.0,0.7927350401878357,0.08,0.26675
4tyl,0.14362217485904694,1.0,1.0,-0.20,0.92043
4tyt,0.3735233247280121,0.9710379849458056,0.9911764860153198,0.18,0.64257
4tz2,2.1229865550994873,0.9025118752523232,0.6591760516166687,-0.69,0.13082
4tz8,0.5652053356170654,0.9835247260914213,0.9568965435028076,0.07,0.26945
4tzm,,,,-3.25,0.133
4tzn,,,,-3.38,0.00036
4tzq,,,,-2.99,0.12955
4u03,2.1569464206695557,0.0,0.7572662830352783,-1.09,0.05602
4u0a,,,,-3.41,0.00069
4u0b,,,,-2.69,0.22449
4u0c,,,,-3.19,0.02228
4u0d,,,,-2.53,0.01233
4u0m,1.3496026992797852,0.9450053788743878,0.805627167224884,-1.13,0.32456
4u0u,2.8108863830566406,0.8399562029740163,0.5712766051292419,-0.90,0.10201
4u0w,0.8021514415740967,0.006693645685260346,0.9158815741539001,-0.49,0.96339
4u1b,0.5659557580947876,0.9494857427418671,0.9611368775367737,0.18,0.90816
4u2w,,,,-3.25,2e-05
4u2y,1.1751735210418701,0.0,0.8217418789863586,-0.50,0.8271
4u44,0.4935701787471771,0.9278067898949591,0.9682410359382629,0.26,0.61964
4u4s,0.8867307305335999,0.43563423231802234,0.8783783912658691,-0.74,0.64794
4u4x,1.0290089845657349,0.9359766662223806,0.818371593952179,-0.48,0.5837
4u54,0.47786790132522583,0.9663267355385428,0.9912587404251099,-0.28,0.7521
4u5j,1.0481473207473755,0.0,0.8874296545982361,-0.15,0.9186
4u68,,,,-2.90,0.07342
4u69,0.5412766933441162,0.9593124900377923,0.9517195820808411,0.54,0.89095
4u6e,0.47382527589797974,0.9482020776743467,0.9747058749198914,0.39,0.9604
4u6w,0.5201088786125183,0.9903432610744799,0.9643691778182983,0.14,0.47775
4u6z,0.8708938360214233,0.9190010518355635,0.9228231906890869,0.46,0.88337
4u70,0.6038414239883423,0.979696099101675,0.95168536901474,0.47,0.67974
4u71,1.0186997652053833,0.9596123825429252,0.8859338164329529,0.28,0.89978
4u73,0.5789723992347717,0.9180437196943181,0.9582278728485107,0.76,0.99009
4u7o,1.068950891494751,0.010626027134293,0.8344594836235046,0.40,0.34611
4u7t,,,,-3.10,0.00546
4u7v,1.2894824743270874,0.959951525821016,0.8057500123977661,-0.35,0.2252
4u82,1.2814311981201172,0.9451625176751001,0.8325387239456177,-0.57,0.68027
4u90,11.484281539916992,0.398714107860397,0.06423034518957138,-2.51,0.30484
4u91,13.396799087524414,0.2758760172663892,0.053135886788368225,-2.80,0.05087
4ua8,1.3479623794555664,0.9733546481873533,0.7838740348815918,-0.98,0.7576
4uac,1.474561095237732,0.9573272046878614,0.7588709592819214,-1.17,0.62136
4uat,0.5046272277832031,0.0,0.9643361568450928,-0.10,0.96906
4uau,0.5469511151313782,0.9656709559684128,0.9622905254364014,-0.13,0.97013
4uc5,14.74575424194336,0.06825735547766305,0.0,-1.48,0.21505
4ucc,0.5242643356323242,0.0,0.9477434754371643,-0.16,0.46699
4ucd,0.3469180762767792,0.9811556570744311,0.9905914068222046,-0.33,0.81348
4uce,2.9504432678222656,0.9274546596062647,0.7892045378684998,-0.43,0.78449
4uco,0.8872061371803284,0.9311236007526063,0.9063962697982788,-0.17,0.78801
4ucr,0.2985948920249939,0.9870172776434111,1.0,-0.19,0.86533
4ucs,0.28788068890571594,1.0,1.0,-0.08,0.97921
4uct,28.860666275024414,0.006355674091473562,0.0,-0.19,0.41646
4ucu,4.540591239929199,0.9076035789951336,0.492324560880661,-0.88,0.34528
4ucv,0.24408139288425446,0.9740834332705628,1.0,-0.25,0.91179
4uda,1.1702146530151367,0.9910332049652967,0.8436768054962158,0.09,0.91716
4udb,3.1968228816986084,0.8841622498968715,0.5504351258277893,-3.23,0.13096
4ue1,,,,-3.20,0.0072
4ufh,0.6074396371841431,0.9623045836809301,0.9684343338012695,0.08,0.89759
4ufi,0.69013911485672,0.9740354652515892,0.9308642148971558,0.57,0.49338
4ufj,1.1620784997940063,0.8583443989977511,0.8667035102844238,0.13,0.73071
4ufk,0.7439528703689575,0.9495239963884148,0.9375,-0.14,0.81234
4ufl,1.2966713905334473,0.9383805256544122,0.8653061389923096,-0.41,0.77195
4ufm,0.9088230729103088,0.9498299674392879,0.9041479825973511,-0.24,0.42216
4ui5,0.4401528835296631,0.0,0.967391312122345,0.62,0.9437
4ui6,0.1515568345785141,0.0,1.0,0.53,0.99179
4uia,0.8390931487083435,0.9429654151725059,0.8994728922843933,-0.39,0.67017
4uib,4.6663055419921875,0.9430134749735357,0.516331672668457,-1.11,0.61058
4uil,1.9722481966018677,1.0,0.7997032403945923,-0.42,0.31372
4uin,1.4207836389541626,1.0,0.8329678177833557,-0.48,0.89706
4uit,1.076952576637268,0.9651300796336736,0.8547207713127136,-0.92,0.26252
4uiu,0.8359795808792114,0.983004473036437,0.9303797483444214,-0.23,0.94966
4uiw,0.6031273007392883,0.9829857619805317,0.9553695917129517,-0.54,0.93068
4uix,0.9543917775154114,0.9829247530815206,0.8828369975090027,-0.53,0.1204
4uiz,0.8599346876144409,1.0,0.9290322661399841,-1.20,0.19735
4uj1,7.10468864440918,0.970845578529056,0.2533906102180481,-0.87,0.172
4ujb,2.0871570110321045,0.9358963508194086,0.6757900714874268,-0.19,0.69392
4um9,10.946955680847168,0.0,0.06749580800533295,-3.05,0.08653
4uma,0.24967582523822784,0.02736959746163456,1.0,0.02,0.72879
4umb,0.2506644129753113,0.0,1.0,-0.06,0.85419
4umc,0.4380214512348175,0.9108563964146454,0.9869632124900818,-0.03,0.90947
4umn,13.504743576049805,0.549964016914999,0.0492742545902729,-3.09,0.00165
4unn,1.0457955598831177,0.022602619749803963,0.8254936337471008,-0.37,0.4997
4unp,0.18729659914970398,0.9775763152423838,1.0,0.16,0.88453
4unq,0.8374369740486145,0.9323533472302644,0.9361360669136047,0.22,0.94294
4uns,0.6959671974182129,0.9901815395044669,0.9721165895462036,0.25,0.83064
4uof,0.6157917380332947,0.0,0.9279963970184326,-0.81,0.43308
4uoh,1.1823232173919678,0.9379306932562805,0.8003906011581421,-1.00,0.36138
4up5,15.612245559692383,0.42112013558562006,0.012704918161034584,-0.42,0.55093
4ura,0.45091235637664795,0.9802613304976666,0.9727979302406311,0.83,0.86177
4urk,2.36527943611145,0.900498373714746,0.7114472389221191,0.61,0.97522
4url,2.013633966445923,0.008662739058783892,0.7054738402366638,-1.36,0.26618
4urm,1.3260658979415894,0.0,0.784637451171875,-1.54,0.69336
4urw,0.7330808043479919,0.9574935467908364,0.9360576868057251,-0.09,0.74983
4urx,1.8034048080444336,0.9184021898550023,0.8702290058135986,0.24,0.85773
4us3,10.861350059509277,0.36689676410841715,0.06641913950443268,-2.62,0.37885
4us4,11.898689270019531,0.31995605862939636,0.04607371613383293,-2.89,0.42017
4usi,7.061179161071777,0.5758990145840384,0.19606003165245056,-0.51,0.52987
4usj,25.842491149902344,0.039789880810396416,0.0,-0.51,0.14184
4usw,1.610229730606079,0.944504230505501,0.7862179279327393,-1.44,0.09847
4utn,,,,-2.28,0.08858
4uu5,22.59514617919922,0.4540232274112078,0.004341864492744207,-4.01,0.00886
4uuq,0.6501581072807312,0.9816300761874189,0.9524714946746826,-0.09,0.05287
4uv9,1.37289297580719,0.9396237880029045,0.8591487407684326,-0.20,0.80929
4uwg,1.1821919679641724,0.976622555638048,0.8685015439987183,0.17,0.85215
4uwk,1.2567075490951538,0.9224980758607688,0.8689285516738892,0.21,0.93891
4uwl,1.4321515560150146,0.8997247961723737,0.8102493286132812,0.20,0.55182
4ux4,0.2424493134021759,0.0,0.9982369542121887,0.82,0.98015
4ux9,,,,-3.06,0.01656
4uxb,0.5521574020385742,0.938888050984397,0.9659664034843445,-0.08,0.92664
4uxj,1.7351515293121338,0.0,0.7677339911460876,-0.16,0.2935
4uy1,0.3951408863067627,0.0,0.9819004535675049,0.53,0.85165
4uye,2.1278388500213623,0.9485786998684061,0.8511326909065247,-0.52,0.62049
4uzd,1.8528085947036743,0.9125935629120475,0.7317517995834351,-1.73,0.31458
4uzh,0.5986179113388062,0.9582153587818217,0.9521158337593079,0.43,0.57164
4v05,0.7378935813903809,0.0,0.9155480861663818,0.07,0.66801
4v0i,0.6029461622238159,0.0,0.9477665424346924,0.70,0.48006
4v11,16.562410354614258,0.28312471108679144,0.09664694219827652,-3.26,0.00425
4v1c,,,,-3.36,0.29247
4v1f,0.2714902460575104,0.2526504480904139,0.8761467933654785,-0.37,0.81912
4v24,0.7804943919181824,0.9611492137320203,0.9084362387657166,-0.34,0.57855
4v27,0.8719561696052551,0.966172626292402,0.9025349617004395,-0.72,0.82502
4vgc,2.868248224258423,0.8567758066824472,0.6081081032752991,-0.50,0.17295
4w4v,0.6324416399002075,0.977175186285067,0.9616666436195374,0.17,0.90721
4w4w,10.262106895446777,0.9101746670763957,0.20213964581489563,-0.42,0.14866
4w4y,0.48547759652137756,0.9552255078976427,0.9780284762382507,-0.04,0.5803
4w4z,10.859238624572754,0.02164697438802575,0.025516055524349213,-3.02,0.0015
4w50,14.975171089172363,0.4772973876936385,0.057512734085321426,-2.90,0.03463
4w52,0.7123487591743469,0.9716135955657182,0.9166666865348816,-0.18,0.90892
4w53,0.2041027992963791,1.0,1.0,0.23,0.95524
4w54,0.3253183960914612,0.9870265545419987,0.9919642806053162,0.14,0.86485
4w55,0.34317144751548767,0.9499920079598856,0.9855182766914368,0.21,0.83832
4w57,0.3664454519748688,1.0,0.9887048006057739,0.16,0.46653
4w5j,1.2032238245010376,0.005244225211662247,0.8213387131690979,-0.69,0.30713
4w7t,0.6699343323707581,0.9686685327411826,0.942187488079071,-0.17,0.71344
4w9g,0.5833834409713745,0.0,0.932898759841919,0.42,0.57889
4w9h,2.436574935913086,0.96790230652399,0.7422434091567993,0.38,0.19187
4w9k,1.1316192150115967,0.9469561550074594,0.8555316925048828,-0.24,0.23572
4w9l,2.9810707569122314,0.0,0.6757773160934448,-0.58,0.07683
4w9n,0.9473046660423279,0.9481050079786869,0.884159505367279,0.26,0.28475
4w9o,0.8310458660125732,0.41559461895674593,0.924803614616394,-0.39,0.99208
4w9p,0.8887856006622314,0.401214547494044,0.8930167555809021,-0.52,0.96664
4w9q,2.1421916484832764,0.957765090852032,0.7338129281997681,-1.18,0.32659
4w9s,0.8113943934440613,0.9462348981270033,0.905927836894989,0.24,0.4593
4w9w,1.0356016159057617,0.962914739703075,0.8600746393203735,0.14,0.88917
4wa9,6.257032871246338,0.7163406807609426,0.29892322421073914,-1.31,0.34745
4wbg,0.4581241011619568,0.979067526424317,0.990015983581543,0.10,0.6412
4wci,,,,-3.03,0.00273
4wcu,1.0284432172775269,0.9580370703643009,0.8909677267074585,-0.37,0.56364
4wef,1.44465970993042,0.0,0.8017417788505554,-0.42,0.84108
4wf2,1.0744870901107788,0.9594108230777769,0.8466535210609436,-0.24,0.9474
4wf6,0.3864842653274536,0.9489750062965827,0.9778688549995422,0.48,0.76872
4wgi,0.7872951030731201,0.9874475806055457,0.9261565804481506,-0.65,0.29799
4wh7,2.1444973945617676,0.9363135645307451,0.7202380895614624,0.48,0.68603
4whq,0.3474133014678955,0.0,0.9878318309783936,0.15,0.60645
4whr,8.784051895141602,0.0,0.006298449821770191,0.11,0.53126
4whs,2.5442471504211426,0.0,0.6022471785545349,0.20,0.49986
4wi1,0.48961353302001953,0.9495716583055536,0.9749348759651184,0.06,0.94354
4wj5,4.5707831382751465,0.0,0.4797632098197937,-2.66,0.03408
4wj7,,,,-3.05,0.00059
4wk1,28.25129508972168,0.09601560351850981,0.0,-2.35,0.0949
4wk2,7.844639301300049,0.5719049638638593,0.165543794631958,-2.39,0.20459
4wk7,1.5169934034347534,0.9753950760513908,0.7912198305130005,0.05,0.61535
4wkb,0.8078807592391968,0.008691555491227613,0.9169835448265076,-0.07,0.98099
4wkc,0.9549643397331238,1.0,0.9086055159568787,-0.18,0.93605
4wke,0.7356876134872437,0.9643576722403343,0.935161292552948,0.16,0.6758
4wkn,0.756572961807251,0.9891873501593487,0.9296149015426636,0.01,0.99359
4wko,1.1564706563949585,0.9368852143674742,0.8743811845779419,-0.03,0.36607
4wkp,1.0043089389801025,0.0,0.9036996960639954,0.07,0.84687
4wks,,,,-1.30,0.46129
4wkt,,,,-0.79,0.13457
4wku,0.3959916830062866,0.9689300026056427,0.9927113652229309,1.05,0.12166
4wkv,11.446702003479004,0.45761100927960113,0.16867469251155853,-0.95,0.69195
4wmv,0.21129335463047028,0.9839800559525733,1.0,0.04,0.88034
4wmx,4.677414894104004,0.807805544490113,0.37975648045539856,-1.27,0.19087
4wmy,1.1687873601913452,0.9788396467121713,0.9117100238800049,-0.73,0.21935
4wn0,0.5733590722084045,1.0,0.9948979616165161,0.03,0.55982
4wn1,1.3610563278198242,0.9286724701221418,0.8292214870452881,-0.23,0.57912
4wn5,0.8106071949005127,0.07176034847343024,0.8989145159721375,-0.10,0.45229
4wnm,1.0314120054244995,0.9403129812257295,0.9147058725357056,0.40,0.71614
4wno,1.0169353485107422,0.9358716003130336,0.9071100950241089,0.71,0.40346
4wnp,0.48155227303504944,0.0,0.9635922312736511,0.32,0.8992
4wop,1.002108097076416,0.0,0.8765690326690674,-0.27,0.60361
4wov,0.9636029005050659,0.9719490516191385,0.9029235243797302,-0.59,0.19754
4wpf,0.5670284032821655,0.0,0.9288874864578247,0.18,0.81885
4wq2,0.6089169979095459,0.0,0.9692623019218445,-0.25,0.69933
4wr7,0.4485047459602356,0.0,0.9804928302764893,0.53,0.83123
4wri,1.733964204788208,0.9476602327880721,0.7335572838783264,-0.95,0.69135
4wrq,,,,-1.79,0.00226
4wsj,1.0833630561828613,0.0,0.8548728823661804,-0.29,0.79004
4wsk,1.311336874961853,0.0,0.8055555820465088,-0.64,0.43552
4wtu,0.9693188667297363,0.9378698097332859,0.9049080014228821,0.72,0.84772
4wup,0.4525803029537201,0.0,0.9791666865348816,0.34,0.75021
4wv6,,,,-1.91,0.05106
4wvu,11.349625587463379,0.6480113448796662,0.26171427965164185,-2.55,0.05193
4ww6,0.3920299708843231,0.9894604716648361,0.9906250238418579,0.51,0.83201
4ww8,1.7558979988098145,0.0,0.8894472122192383,0.62,0.90299
4wx4,0.4668421447277069,0.9640618269285185,0.9730464816093445,0.12,0.75739
4wx6,1.250635027885437,0.003976370364288036,0.824697732925415,-0.66,0.57829
4wxi,0.6505282521247864,0.9721073215667162,0.9445727467536926,0.16,0.30337
4wy1,4.496592044830322,0.8585888120895477,0.5679065585136414,0.19,0.85061
4wy6,2.8445160388946533,0.8615344545601203,0.678903341293335,-0.28,0.05799
4wym,,,,-3.31,0.07229
4wyp,1.883207082748413,0.9512802938133518,0.8383084535598755,-0.96,0.15644
4wyy,0.5936620235443115,0.9893499981494002,0.9497508406639099,0.50,0.17268
4wyz,0.8391224145889282,0.93033797538124,0.9205297827720642,0.11,0.48458
4wz4,0.5386002659797668,0.9577662219985447,0.9672977328300476,0.39,0.25397
4wz5,2.6506197452545166,0.0,0.6614583134651184,-0.87,0.00539
4wz6,1.2343400716781616,0.936168455756769,0.8814756870269775,-0.55,0.70719
4x0f,1.4501335620880127,0.9293003367273067,0.8216535449028015,0.63,0.86608
4x0z,7.759512424468994,0.09685437249106953,0.3861355185508728,-3.37,0.37628
4x11,0.8740553855895996,0.9555888461402319,0.8982712626457214,-1.25,0.65488
4x13,6.292484760284424,0.03637366086698187,0.5933493375778198,-3.44,0.49416
4x14,3.359591007232666,0.9138229755738451,0.6039854884147644,-3.31,0.54142
4x1f,0.9005593657493591,0.9790427103820605,0.8926056623458862,-0.05,0.34498
4x1n,,,,-3.27,0.01185
4x1p,,,,-2.31,0.00119
4x1r,,,,-2.85,0.00922
4x1s,,,,-3.25,0.00052
4x24,0.7608192563056946,0.008595773440981162,0.9352678656578064,-0.10,0.98834
4x2i,0.6001254320144653,0.9835041029994763,0.9376310110092163,0.43,0.92732
4x2l,1.7972149848937988,0.9229755897116066,0.7833333611488342,0.47,0.34466
4x2s,2.4119620323181152,0.8018555172347253,0.6054389476776123,-4.58,0.33439
4x3i,,,,-2.99,0.41282
4x3k,,,,-2.82,0.00096
4x3t,6.304416656494141,0.5281095001715792,0.19707706570625305,-1.32,0.14029
4x47,1.5494180917739868,0.9008807522212067,0.7794871926307678,-0.67,0.19308
4x48,2.5667102336883545,0.0,0.6980487704277039,-0.73,0.68783
4x49,0.41603782773017883,0.9353120574214384,0.9814453125,0.39,0.94808
4x50,0.8981776237487793,0.957173159251331,0.8833634853363037,-0.17,0.61266
4x5p,1.4333850145339966,0.913542000150569,0.7674591541290283,-0.72,0.60665
4x5r,1.22910475730896,0.0,0.8153961300849915,-0.63,0.42471
4x5y,0.7028229236602783,0.9559619480049322,0.9328621625900269,0.32,0.06258
4x5z,1.2380563020706177,0.9174756415340225,0.8358355164527893,0.51,0.28413
4x60,0.8336664438247681,0.9104034763699782,0.9120750427246094,-0.34,0.37042
4x6j,0.6486495733261108,0.9726487356287699,0.9548611044883728,0.94,0.62778
4x6k,0.44462820887565613,0.9414381881472152,0.9714452028274536,0.58,0.98611
4x6m,0.9108442068099976,0.9405421256934009,0.8893482685089111,-0.25,0.36566
4x6n,0.6529057025909424,0.9396701366727156,0.9436389207839966,0.25,0.54823
4x6p,0.8556485772132874,0.9437786850015472,0.8908711671829224,0.45,0.36851
4x6x,1.1037095785140991,0.0,0.837042510509491,-0.96,0.90581
4x6y,0.8657389879226685,0.9525055757697934,0.8910256624221802,-0.66,0.45872
4x7q,8.052769660949707,0.0,0.20606695115566254,-0.39,0.04568
4x8g,0.8524509072303772,0.9004839513925447,0.8954599499702454,-0.06,0.11539
4x8o,1.6072579622268677,0.0,0.7364341020584106,-0.77,0.0801
4x8s,0.4304826557636261,0.9556637668206024,0.9783105254173279,-0.14,0.73696
4x8t,0.5931649804115295,0.9757870316654149,0.9531590342521667,-0.38,0.81764
4x8u,0.14846155047416687,0.9886808900497881,1.0,0.95,0.81386
4xbb,1.4254788160324097,0.9726911437234776,0.8196067810058594,0.18,0.73758
4xbd,0.903626024723053,0.943243124333541,0.8815274238586426,0.44,0.68483
4xc2,,,,-2.67,0.0675
4xcb,1.5012366771697998,0.8893777880513976,0.7493788599967957,-1.73,0.55214
4xdo,0.17108869552612305,0.9896183212428548,1.0,0.43,0.58735
4xek,,,,-3.28,0.0
4xg3,0.9536300897598267,0.0,0.9056788682937622,-0.58,0.93225
4xg4,1.0957623720169067,0.9326090906456245,0.8932361006736755,-0.96,0.7722
4xg6,0.6840925216674805,0.9438081402826113,0.9303097128868103,-0.02,0.86545
4xg7,0.5400819182395935,0.9536347592838518,0.9622302055358887,0.05,0.6446
4xg9,0.7172017693519592,0.9484835049493776,0.9309298992156982,-0.29,0.62086
4xhk,0.6883422136306763,0.9543232923749349,0.9343575239181519,0.01,0.79827
4xhl,0.4191233813762665,0.986853099139505,0.9838501214981079,0.10,0.76378
4xhv,7.9415178298950195,0.4756195030261203,0.13769634068012238,-2.59,0.01673
4xip,1.2189741134643555,0.9712930529355422,0.8064388036727905,0.58,0.73421
4xir,0.9299272298812866,0.9350348242675471,0.8844273686408997,0.87,0.95294
4xit,1.1509078741073608,0.888612383141395,0.8051470518112183,-0.53,0.63267
4xjr,1.3156158924102783,0.9297533605118865,0.7938368320465088,-0.87,0.65865
4xk9,3.1878881454467773,0.0,0.48948219418525696,-2.79,0.09725
4xm6,1.7292827367782593,0.9163848270067277,0.7302036285400391,-0.27,0.83607
4xm7,0.6152587532997131,0.9199732261664688,0.9549808502197266,-0.27,0.38445
4xm8,0.784760594367981,1.0,0.9375,-0.47,0.92073
4xmb,1.0436795949935913,0.9652715760765564,0.9065533876419067,-0.34,0.43494
4xmr,7.071034908294678,0.6073769237729097,0.25815850496292114,-2.62,0.60953
4xnv,0.8581981658935547,0.9664269112736316,0.9271186590194702,-0.24,0.31582
4xnw,4.972133159637451,0.7630212602272533,0.30927181243896484,-1.29,0.1219
4xo8,1.326188564300537,0.030500459592070407,0.7963821887969971,-0.60,0.5673
4xoc,0.993190586566925,0.9341974936896199,0.8904715180397034,-0.12,0.8444
4xoe,0.8805215954780579,0.9355719908313048,0.8891423344612122,-0.32,0.82041
4xpj,1.3239843845367432,0.899308372862496,0.8328431248664856,-1.47,0.27764
4xqa,2.8952014446258545,0.8475207510549723,0.6013266444206238,-3.39,0.06659
4xqb,3.244819164276123,0.8712234141432559,0.6261574029922485,-3.43,0.02746
4xqu,3.797963857650757,0.0,0.6412150859832764,-1.87,0.2539
4xs2,2.3188869953155518,0.0,0.7072580456733704,-1.03,0.59952
4xt2,6.654616832733154,0.0,0.2543138861656189,-2.06,0.51436
4xt9,0.7196090221405029,0.9581093978685699,0.9403190612792969,-0.11,0.75353
4xta,0.7005561590194702,0.9655982215387479,0.9438657164573669,-0.53,0.5528
4xtm,0.9934015870094299,0.9626313725599647,0.8591223955154419,-0.28,0.71905
4xtp,2.3434841632843018,0.9819688001270238,0.8794549107551575,-0.81,0.92296
4xtt,7.4010491371154785,0.755844617436796,0.2755298614501953,-2.34,0.03785
4xtv,1.0052484273910522,0.0,0.914517343044281,0.31,0.94516
4xty,0.8298583030700684,0.9468292717068312,0.9118794202804565,0.34,0.9514
4xtz,0.8174342513084412,0.9730839171697413,0.9198834896087646,0.32,0.84356
4xu0,0.9466629028320312,0.0,0.8929794430732727,0.27,0.82618
4xu2,0.8712485432624817,0.9553753656179269,0.893713653087616,0.39,0.75056
4xu3,0.9546564221382141,0.0,0.8692392110824585,0.30,0.57847
4xub,0.4610031247138977,1.0,0.9789377450942993,0.40,0.25615
4xue,4.803698539733887,0.7718761956823638,0.5881994962692261,0.21,0.30044
4xum,0.69098299741745,0.9799360698762766,0.9471279382705688,0.53,0.91638
4xuz,0.5332815051078796,0.9458581079065548,0.965179979801178,0.44,0.56563
4xx9,19.632923126220703,0.2053646104796071,0.00023992321803234518,-1.22,0.23827
4xxh,2.341747999191284,0.03987188241075524,0.6488611698150635,-1.10,0.45687
4xxs,1.9030073881149292,0.9396740701798563,0.6925871968269348,-0.82,0.42729
4xy8,0.36014965176582336,0.982770653236159,0.9922928810119629,-0.37,0.91678
4y0a,1.0942062139511108,0.9415959492403756,0.8695122003555298,0.45,0.81879
4y24,2.3257086277008057,0.0,0.6657641530036926,-1.84,0.32921
4y29,0.49314093589782715,0.9362596884383501,0.9760432839393616,-0.48,0.24982
4y2j,0.3319937288761139,0.9818093210296077,0.9886810779571533,-0.35,0.41033
4y2p,0.4511520266532898,0.9793381548806518,0.9864864945411682,0.15,0.34766
4y2q,0.32849374413490295,0.9791592042686881,0.9983940124511719,-0.28,0.87118
4y2s,0.5453251004219055,0.9682630780000919,0.9693775177001953,0.11,0.48643
4y2u,0.5941581130027771,0.9629715080889552,0.956970751285553,-0.09,0.88843
4y2v,0.2711573541164398,1.0,0.9933155179023743,-0.23,0.73539
4y2x,0.36949703097343445,0.9734272091603771,0.9906198978424072,-0.31,0.87999
4y2y,0.48842543363571167,0.9657600110322864,0.9707964658737183,-0.08,0.56688
4y32,,,,-2.38,0.00039
4y38,1.327561855316162,0.9422956466236572,0.9245635867118835,0.21,0.31576
4y3b,,,,-1.66,0.00123
4y3j,4.137493133544922,0.7522243889614308,0.5020790100097656,-0.13,0.1593
4y3y,0.972172200679779,0.9591701048176622,0.9074468016624451,-0.45,0.31961
4y4g,2.029200315475464,0.8956684249765975,0.7256857752799988,0.40,0.424
4y4j,0.7816084623336792,0.926078406859415,0.878917396068573,-0.14,0.56697
4y4v,6.2968292236328125,0.6113001790631878,0.22192029654979706,-1.01,0.77783
4y59,0.40298259258270264,0.9650723280355648,0.984375,-0.14,0.56983
4y5d,0.8506584167480469,0.9546399835893526,0.8951398134231567,-0.25,0.90109
4y5h,1.1056599617004395,0.9715291290658826,0.8792335391044617,-0.43,0.3764
4y5s,2.613233804702759,0.0,0.6223564743995667,-0.24,0.41582
4y62,1.848789930343628,0.8307775761379136,0.7242555618286133,-1.04,0.16117
4y64,1.1246742010116577,0.9257795351660296,0.8610692620277405,-0.09,0.6892
4y6m,2.704521894454956,0.8979027882432373,0.6564344763755798,-0.74,0.07337
4y6p,0.6387773752212524,0.0,0.9403453469276428,0.19,0.87368
4y6r,0.35028743743896484,0.9513406174327405,0.9882113933563232,0.49,0.82395
4y6s,0.5402133464813232,0.9808898409411426,0.9634052515029907,0.53,0.93618
4y73,2.2003653049468994,0.8153162633975215,0.6468871831893921,-0.77,0.37624
4y79,0.4647171199321747,0.9794833514956579,0.9627329111099243,0.43,0.90178
4y7r,37.037288665771484,0.0,0.0,-2.75,0.48012
4y8x,0.6906601190567017,0.9825560176083894,0.9362024068832397,0.56,0.3225
4y8z,0.7804092168807983,0.9219957100146062,0.8934693932533264,-0.09,0.05632
4y94,,,,-2.90,0.06772
4ya8,1.1337642669677734,0.0,0.8497158885002136,-0.60,0.29308
4yab,1.403658151626587,0.9816011513762865,0.9702970385551453,-0.19,0.91724
4yad,0.6413664221763611,0.9516962548507635,0.9620481729507446,-0.99,0.82209
4yas,0.22579272091388702,1.0,1.0,-0.20,0.44259
4yay,0.9980227947235107,0.9837050019605191,0.8693390488624573,-0.03,0.57543
4yb5,9.802912712097168,0.0,0.0,-0.50,0.26539
4yb6,0.8172392249107361,0.9382255663558158,0.904411792755127,-0.54,0.69661
4ybi,1.6832998991012573,0.948019972182363,0.8321738839149475,0.27,0.53579
4ybj,1.4411424398422241,0.0,0.8879815936088562,0.49,0.67744
4ybk,1.3063700199127197,0.9035057965755955,0.938126266002655,0.48,0.51671
4ybs,2.5163779258728027,1.0,0.879294753074646,-1.12,0.54046
4ybt,2.2948687076568604,0.9658346572201738,0.7757575511932373,-1.33,0.59104
4yc0,0.2991921007633209,0.9659113952993249,0.9922928810119629,0.90,0.97822
4ycl,0.5258922576904297,0.9571747834713006,0.9534510374069214,0.49,0.7895
4ycm,4.211807727813721,0.8849103248486967,0.5147309899330139,-2.16,0.26472
4ycn,1.8502388000488281,0.8774868080470432,0.6821338534355164,-0.97,0.44955
4ydq,0.4734174311161041,0.9646348745858155,0.9676846861839294,0.04,0.74794
4yec,6.541810035705566,0.7163473308246537,0.42904040217399597,-1.85,0.17224
4yee,,,,-2.90,0.27935
4yef,8.567665100097656,0.0,0.275490939617157,-2.92,0.35807
4yes,0.6952407956123352,0.9510755027631212,0.923397421836853,0.55,0.73896
4yff,0.42636215686798096,1.0,0.9764957427978516,0.27,0.33406
4ygf,0.3249693214893341,0.0,0.9652777910232544,0.36,0.32176
4yh4,0.6577795147895813,1.0,0.9329150319099426,-0.39,0.73713
4yha,0.6222944259643555,0.9760586329556836,0.9717630743980408,0.35,0.6842
4yhp,,,,-3.00,0.38495
4yhz,,,,-2.85,0.00026
4yih,1.5431705713272095,0.9191925855458343,0.7764706015586853,-1.44,0.06408
4yik,1.330062747001648,0.94537318032008,0.7911290526390076,-1.13,0.0044
4yje,,,,-2.52,0.00778
4yjn,0.5386713147163391,0.9620455061933039,0.9720416069030762,0.73,0.97554
4yk0,0.6189810037612915,0.0,0.9440789222717285,0.90,0.63026
4ykj,14.801190376281738,0.11752176448446754,0.0056603774428367615,-0.87,0.7745
4ykk,0.8022165298461914,0.955150256546023,0.9215278029441833,0.43,0.87233
4ylu,0.5853011012077332,0.0,0.9562750458717346,-0.40,0.79861
4ym2,4.787805080413818,0.0,0.34074732661247253,-1.92,0.25976
4ym4,,,,-2.84,0.05095
4ymb,0.4473019540309906,0.9533962716087626,0.976883590221405,0.74,0.95269
4ymh,0.6279708743095398,0.9802932756892934,0.9500528573989868,0.05,0.8775
4yml,1.1731306314468384,0.9662425682236094,0.8587641716003418,-0.34,0.80008
4ymx,1.4941920042037964,0.0,0.7836700081825256,-4.14,0.33775
4ynd,1.4286861419677734,0.8996542568675209,0.7929223775863647,-1.02,0.73909
4ynk,0.5290879011154175,0.9775073839297201,0.9646596908569336,0.20,0.90185
4ynl,,,,-3.55,0.05824
4yog,1.1873317956924438,0.0,0.8190751671791077,-0.23,0.90238
4yoi,1.3811522722244263,0.0,0.8011363744735718,0.10,0.55091
4yoj,0.9588914513587952,0.9793954979719687,0.8827224969863892,0.16,0.68175
4yoz,,,,-2.98,0.54182
4yp1,4.006083011627197,0.7863095891776688,0.42384982109069824,-1.88,0.0003
4yp8,1.3336988687515259,0.011725509376337909,0.8207046389579773,-0.05,0.32547
4ypf,0.5000309944152832,0.9544083293320966,0.9604105353355408,-0.43,0.65442
4yqm,0.5517538189888,0.9514126368695597,0.9478155374526978,-0.69,0.14864
4yqu,0.7827954292297363,0.0,0.9028089642524719,-1.14,0.53176
4yqv,0.2845546305179596,0.0,0.9875283241271973,-0.10,0.12901
4yrc,0.22314859926700592,1.0,1.0,-0.21,0.93432
4yrd,0.47207510471343994,0.0,0.9770408272743225,0.06,0.36125
4yrg,0.21599678695201874,1.0,1.0,-0.10,0.95017
4yrr,1.2281357049942017,0.8957052523083878,0.8384901285171509,-0.14,0.80237
4yrs,2.3906683921813965,0.9288166892470872,0.6128884553909302,-0.70,0.63572
4yrt,0.5434470176696777,0.9586856788404803,0.9556354880332947,-0.83,0.57235
4ysi,,,,-2.95,0.00077
4ysl,1.568314790725708,0.9660457507121902,0.8265873193740845,-0.95,0.73926
4yuw,3.71332049369812,0.7198049993113681,0.49818840622901917,-5.08,0.0358
4yux,0.32772162556648254,0.9691297582946073,0.9896103739738464,0.29,0.67904
4yv0,1.626906156539917,0.0,0.7386642098426819,-0.17,0.72279
4yv1,0.4798428416252136,0.9786522764238278,0.9619155526161194,-0.13,0.72193
4yv2,0.59457927942276,0.9879266248346293,0.9411357045173645,-0.33,0.55261
4yv5,,,,-3.16,0.24018
4yv9,6.576763153076172,0.0,0.1436525583267212,-3.19,0.04343
4yve,0.5257776975631714,0.9616846322784925,0.972308874130249,0.04,0.27724
4yvz,0.9960973858833313,0.9720421193017506,0.8933030366897583,-0.73,0.89179
4yw2,34.361473083496094,0.0061112393366458346,0.0,-2.06,0.07858
4yw6,1.5977489948272705,0.009062143670530758,0.7554455399513245,-2.11,0.40796
4yw7,9.445812225341797,0.5371415770101167,0.5982142686843872,-2.73,0.15082
4ywa,1.5694122314453125,0.05101624690641876,0.7884615659713745,-2.68,0.25867
4yx4,0.528307318687439,0.9645759685294533,0.9661716222763062,0.86,0.7802
4yx9,1.8824663162231445,0.1007850636271367,0.6910802125930786,-0.38,0.48483
4yxd,0.7237614393234253,0.9308317444595727,0.93543541431427,0.16,0.26323
4yxu,0.6694959402084351,1.0,0.9239130616188049,0.63,0.27525
4yy6,,,,-3.17,0.00021
4yyi,,,,-1.04,0.00124
4yym,,,,-2.01,0.00084
4yyn,,,,-2.61,0.00047
4yyt,0.9258238077163696,0.96538310865286,0.9554597735404968,0.70,0.78458
4yz5,35.20585250854492,0.005569540326724686,0.0,-1.39,0.03368
4yz9,2.291249990463257,0.9516398948087542,0.6005128026008606,-1.44,0.66648
4z07,1.466807246208191,0.9561036092462084,0.7646428346633911,-0.56,0.31733
4z0d,,,,-3.21,4e-05
4z0e,,,,-3.00,0.04003
4z0k,1.266985535621643,0.9423352187130186,0.8478881120681763,-0.27,0.17901
4z1s,1.4367380142211914,0.8649044409160247,0.7583752274513245,-1.49,0.14017
4z2o,,,,-3.12,0.08023
4z2p,,,,-2.98,0.00086
4z46,,,,-1.31,0.30962
4z6h,0.49053213000297546,1.0,0.9630314111709595,-0.22,0.37996
4z7f,1.6286216974258423,0.9258986800591973,0.7620000243186951,-0.62,0.77663
4z7i,7.734678268432617,0.0,0.24874308705329895,-2.59,5e-05
4z7n,8.791610717773438,0.03463774590716299,0.0917682945728302,-1.41,0.13498
4z7o,52.72753143310547,0.0,0.0,-1.65,0.28504
4z7q,53.34157943725586,0.0,0.0,-2.10,0.52749
4z89,,,,-3.12,0.00053
4z8a,11.11052131652832,0.7658325262083985,0.04179389402270317,-3.16,0.15386
4z8d,0.7912694811820984,0.0,0.9107999801635742,-1.11,0.60587
4z8m,,,,-3.25,0.02131
4z9l,1.0138442516326904,0.9673129581633292,0.892938494682312,0.39,0.82719
4za0,0.2488628625869751,0.0,1.0,0.97,0.81429
4zam,1.4938322305679321,0.9405349314288288,0.8403846025466919,-1.35,0.27513
4zb8,4.7901763916015625,0.9885684015661946,0.6175373196601868,-1.44,0.59336
4zba,5.483893394470215,0.0,0.5682819485664368,-0.78,0.65696
4zcs,0.8677409887313843,0.0,0.9129294157028198,-0.16,0.74093
4zcw,0.9742792844772339,0.9600612978916515,0.8714689016342163,0.72,0.56205
4ze6,0.2491961568593979,0.9883786227178523,1.0,0.55,0.30099
4zeb,,,,-1.30,0.18459
4zec,2.0215439796447754,0.8971768005470917,0.7572603821754456,-2.26,0.12394
4zed,1.685567021369934,0.9276969568429098,0.8015301823616028,-1.99,0.30145
4zei,0.8042430877685547,0.9787061421604596,0.9457116723060608,-0.40,0.72301
4zek,0.8828552961349487,0.9403426820107221,0.8891065716743469,-0.45,0.19924
4zfi,5.077115535736084,0.0,0.42552492022514343,-0.69,0.23552
4zg6,0.9623214602470398,0.9582279146673488,0.8902838230133057,-0.32,0.75135
4zhl,,,,-3.15,0.00343
4zij,0.7371343970298767,0.9875922865850177,0.9380530714988708,-0.34,0.4444
4zip,0.7423830628395081,0.9627210107625456,0.9218479990959167,-0.82,0.49414
4zjc,0.9351227283477783,0.974280278192079,0.8879950642585754,-0.61,0.56047
4zjj,1.277150273323059,0.959198477582091,0.8130655884742737,-0.25,0.28269
4zjr,0.6756265163421631,0.0,0.9167690277099609,-0.26,0.79546
4zjw,1.6300909519195557,0.9271637103465441,0.794175386428833,-0.53,0.70657
4zk5,1.3688112497329712,0.8861790957224963,0.8975796699523926,-0.64,0.70213
4zki,1.141326665878296,0.9682882164635193,0.8345627188682556,0.29,0.40041
4zla,0.5145172476768494,0.0,0.9650349617004395,-0.27,0.98019
4zly,0.14606276154518127,1.0,1.0,0.25,0.98511
4zlz,0.3863607347011566,0.962909655349633,0.9901785850524902,-0.08,0.8934
4zme,1.0622700452804565,0.9514280071095127,0.8665987849235535,-0.33,0.82016
4zmf,1.012498140335083,0.0,0.8567370176315308,0.04,0.75114
4znx,,,,-2.24,0.00189
4zo5,0.6763368844985962,0.9188043993157525,0.9348989129066467,-0.19,0.62437
4zom,0.31578850746154785,0.9896856836472828,0.9942977428436279,0.20,0.9827
4zow,0.5925114750862122,0.9759624188747762,0.949999988079071,-0.02,0.76669
4zpe,1.4857889413833618,0.9606857801615521,0.7663043737411499,-0.49,0.35747
4zpf,1.1560440063476562,0.9808601000256054,0.8302778005599976,-1.10,0.66306
4zpg,1.587517261505127,0.9595120133771928,0.7777777910232544,-1.16,0.59555
4zph,1.8665130138397217,0.0,0.8182565569877625,-0.51,0.20026
4zro,7.744320392608643,0.0,0.38152173161506653,-1.77,0.54082
4zs2,1.2685402631759644,0.9020529441256726,0.7966549396514893,-0.09,0.45516
4zs3,0.7168565988540649,0.974887542533943,0.9004807472229004,0.40,0.40351
4zs9,2.3030917644500732,0.0,0.7850738167762756,-1.38,0.46407
4zsg,0.28495898842811584,0.9534598477324244,0.9972923994064331,0.57,0.70718
4zsh,0.4566960632801056,0.9902892722069031,0.9899380803108215,0.40,0.46969
4zsj,0.37608087062835693,0.9885678571956977,0.9827433824539185,0.57,0.83424
4zsm,0.8882642984390259,0.9515130959500799,0.8667883276939392,0.68,0.65488
4zsp,1.252297282218933,0.0,0.801047146320343,-0.30,0.54654
4zsq,0.5999069809913635,0.97108451812529,0.9609375,0.45,0.59826
4zsr,1.7397384643554688,0.0,0.774877667427063,-0.43,0.48607
4zt3,2.1827375888824463,0.8334182293928047,0.6669653654098511,-0.41,0.03696
4zt4,2.641986608505249,0.8349400631085169,0.6174418330192566,-0.64,0.0741
4zt5,1.5093637704849243,0.8922400772907914,0.7639925479888916,-0.76,0.77764
4zt8,4.1298394203186035,0.7723690601305949,0.43633177876472473,0.18,0.47595
4ztr,1.1047054529190063,0.9466832556260087,0.8530318737030029,0.12,0.83638
4zts,0.983083188533783,0.9786322154202365,0.852989137172699,-0.20,0.73003
4zum,1.4100688695907593,0.008389812061065342,0.9047954678535461,-0.02,0.86967
4zun,7.427337169647217,0.8870639075991215,0.2942880690097809,-0.12,0.57191
4zuo,1.7846672534942627,0.012989697612001168,0.8255813717842102,-0.06,0.83804
4zup,0.6239230632781982,0.9706242243503885,0.9494302272796631,0.15,0.76241
4zuq,0.4565051198005676,0.01664001044810375,0.9694805145263672,0.15,0.80554
4zur,0.43276146054267883,0.02718514080190553,0.9871794581413269,-0.02,0.59816
4zv1,1.4646766185760498,0.8467217297215024,0.7905872464179993,-4.13,0.46901
4zv2,1.674660325050354,0.8375155692038889,0.727861762046814,-4.67,0.25015
4zw3,0.44799065589904785,0.9400265389719831,0.9834710955619812,0.55,0.76618
4zw5,0.8084036111831665,0.9577345537526691,0.9105839133262634,0.41,0.6864
4zw6,0.9956938028335571,0.9427681537309711,0.8980911374092102,0.75,0.9098
4zw7,0.8475539684295654,0.9448625190931987,0.9113513231277466,0.29,0.71368
4zwx,2.6455276012420654,0.9097193541914075,0.6681523323059082,-2.75,0.5747
4zwy,,,,-1.24,0.70322
4zwz,,,,-0.75,0.17465
4zx0,3.9038755893707275,0.9616981903941072,0.5729499459266663,-0.91,0.39748
4zx1,2.786529541015625,0.8495561907760472,0.6526479721069336,-0.44,0.59432
4zx3,1.2628068923950195,0.9219059638123774,0.8518224954605103,0.52,0.50493
4zy4,0.4288257956504822,0.9668147675577135,0.9804832935333252,0.82,0.44451
4zy5,0.9124241471290588,0.9624806635545601,0.9256889820098877,0.41,0.66164
4zyc,1.1790056228637695,0.9425948732549473,0.8247470259666443,0.13,0.89581
4zyt,3.411308526992798,0.9267326393827117,0.776976466178894,-0.71,0.7
4zyu,1.8936221599578857,0.9273623964049914,0.8098434209823608,-0.68,0.62655
4zyv,0.8793017268180847,0.952193808945392,0.9162843823432922,-0.50,0.93722
4zyw,1.1715151071548462,0.9383705466277574,0.894152045249939,-0.59,0.89348
4zyx,0.6811994314193726,0.9642215863614471,0.9486961364746094,-0.33,0.97105
4zyy,0.6297689080238342,0.9638039227719882,0.951295018196106,-0.31,0.87603
4zyz,1.3026973009109497,0.9751672668494009,0.8569347262382507,-0.56,0.68665
4zz0,2.6016311645507812,0.9375669632776521,0.8394182920455933,-0.95,0.87183
4zz1,1.4071128368377686,0.9148505969518839,0.8270053267478943,-0.49,0.83207
4zzd,12.335956573486328,0.3242634767556288,0.03193146362900734,-1.02,0.09095
4zzx,0.579395055770874,0.0,0.9677137732505798,0.55,0.34817
4zzz,1.6539175510406494,0.0,0.8935264348983765,0.41,0.87925
5a00,1.0149389505386353,0.9653818451937664,0.9122023582458496,0.45,0.96146
5a0a,1.5196486711502075,0.8925322359376934,0.7365648150444031,-0.18,0.64175
5a0b,1.4862439632415771,0.8622299200693501,0.753410279750824,-0.99,0.37201
5a0c,2.5887386798858643,0.8753978829768472,0.6563566327095032,-1.06,0.52721
5a0e,4.7040205001831055,0.7821316771493744,0.4830946624279022,-3.32,0.00108
5a1f,0.15877921879291534,0.9897271704524296,1.0,0.48,0.57413
5a2i,,,,-2.76,0.00467
5a2j,,,,-3.45,0.00134
5a3h,1.356218934059143,0.9163928601726855,0.7892749309539795,-1.02,0.6845
5a3n,0.6606041193008423,0.965964811224409,0.9515873193740845,-0.31,0.80317
5a3t,0.5873488783836365,0.9749185130682299,0.9618902206420898,-0.12,0.88971
5a3w,0.3643951416015625,0.9707454379783272,0.9986072182655334,0.60,0.94761
5a3x,5.944581985473633,0.0,0.345993310213089,0.18,0.5764
5a46,2.6069130897521973,0.8869496303491301,0.6278833150863647,-0.71,0.68248
5a4c,0.5008803606033325,0.0,0.9746207594871521,-0.47,0.63953
5a54,0.6336129903793335,0.0,0.9096916317939758,0.55,0.55969
5a5d,0.6896253228187561,0.9845512797263404,0.9588091373443604,0.04,0.67281
5a5p,0.9627074003219604,0.9827206069411131,0.8824362754821777,-0.18,0.58124
5a5q,0.6252777576446533,1.0,0.9601955413818359,0.92,0.85869
5a5r,1.6375384330749512,1.0,0.7864842414855957,0.65,0.43523
5a5s,1.677382469177246,0.9495291014344696,0.8336380124092102,0.08,0.80867
5a5v,0.6744389533996582,0.9712540922405468,0.9310618042945862,-0.26,0.38971
5a69,0.7598862051963806,0.9242949783977615,0.926287055015564,-0.79,0.50018
5a6a,0.7502955794334412,0.0,0.9090375304222107,0.02,0.80132
5a6b,0.8308237791061401,0.0,0.89682537317276,-0.81,0.60889
5a6h,1.4638071060180664,0.9272741421860727,0.8293478488922119,-0.09,0.54385
5a6k,0.7945132851600647,0.9368962621193005,0.9184160232543945,-0.03,0.93025
5a6n,0.7323341369628906,0.9869074758336133,0.9515384435653687,-1.06,0.36368
5a6x,0.7932712435722351,0.0,0.9120111465454102,-0.49,0.71261
5a7c,0.9468685388565063,0.0,0.9723404049873352,-0.26,0.66684
5a7i,,,,-2.02,0.00907
5a7j,,,,-0.44,0.54492
5a7y,1.3954737186431885,0.021443430846065818,0.8536866307258606,-0.70,0.41025
5a81,1.2189085483551025,0.9826316104164229,0.8171992301940918,-0.28,0.09634
5a82,0.9722787737846375,0.9830993368637106,0.8584745526313782,-0.15,0.15683
5a83,1.4243347644805908,0.9831949040514787,0.8015191555023193,0.32,0.14471
5a85,0.8999099731445312,0.9832816766378811,0.8942105174064636,-0.41,0.89871
5a8y,0.8748837113380432,0.9777150243268926,0.89883953332901,0.20,0.65203
5a8z,2.649348735809326,0.954212526603587,0.8090958595275879,0.52,0.73547
5a9u,1.1515629291534424,0.8830213780391977,0.8248031735420227,-0.44,0.64696
5aa8,1.714033842086792,0.8907186172063707,0.7398022413253784,-1.01,0.33962
5aa9,1.666351556777954,0.8710116152853936,0.7470741271972656,-1.17,0.399
5aaa,1.7588847875595093,0.9429900608298958,0.7970229983329773,-0.49,0.55023
5aab,0.9517759084701538,0.965521234106273,0.903761088848114,-0.93,0.55548
5aac,0.9616390466690063,0.8959789328333029,0.8845864534378052,-0.73,0.66826
5aae,0.2923380434513092,0.9630173045619587,1.0,0.38,0.97558
5aag,1.8641133308410645,0.9340142788273801,0.7887041568756104,0.00,0.67171
5ab1,,,,-3.06,0.04617
5ab9,1.0670897960662842,0.9813556942737474,0.8947368264198303,0.30,0.49617
5aba,0.6377428770065308,0.0,0.9434065818786621,-0.88,0.64673
5abe,0.8933743834495544,0.9248305188996838,0.8791540861129761,-0.02,0.807
5abf,0.710838794708252,0.9569703928416095,0.932443380355835,0.25,0.9371
5abg,0.8244450688362122,0.9781896401899665,0.9007407426834106,-0.31,0.90551
5abh,0.8900981545448303,0.0,0.8703846335411072,-0.18,0.80987
5abp,0.779204785823822,0.9788680787747176,0.9143319129943848,-0.23,0.90131
5abw,0.9044968485832214,0.9639515645780059,0.8848897814750671,-0.75,0.17431
5acw,0.3687230050563812,0.05785817219568761,0.9983659982681274,-0.01,0.4466
5acx,0.8796060681343079,0.9209111579849227,0.8889789581298828,0.39,0.37203
5ad1,0.8236036896705627,0.9431299033133809,0.9592675566673279,-0.49,0.47149
5adq,0.5950031280517578,0.9001646729102446,0.9513677954673767,0.46,0.92048
5aes,0.6552378535270691,0.0,0.9321955442428589,-0.85,0.33046
5afj,0.7066189646720886,0.02827912387267387,0.8977035284042358,-0.23,0.79028
5afk,1.9450899362564087,0.0,0.7227685451507568,0.24,0.38123
5afl,1.991201639175415,0.8981755179265184,0.7044354677200317,0.38,0.3367
5afm,0.37425994873046875,0.9769045001478337,0.9884428381919861,0.53,0.8863
5afn,0.8757860064506531,0.044374014876947504,0.9030748605728149,-0.01,0.49141
5afx,0.7662818431854248,0.9232414409364135,0.9142857193946838,-0.78,0.26578
5agu,13.218119621276855,0.0,0.16703124344348907,-3.13,0.00033
5agv,14.825037002563477,0.5273146533703603,0.07816006243228912,-3.45,0.01267
5ah2,8.648052215576172,0.5753873896641245,0.10725459456443787,-3.53,0.00011
5ahu,0.7071451544761658,0.08217212583814058,0.9182412624359131,-0.64,0.5398
5ahw,1.5262590646743774,0.0,0.7786549925804138,-0.44,0.43373
5ai1,,,,-0.34,0.80429
5ai5,0.5514499545097351,0.9346704162076178,0.9748061895370483,0.40,0.46734
5ai6,0.41275307536125183,0.9539420093599802,0.9728096723556519,-0.02,0.71183
5ai9,0.6717398166656494,0.9917792232736705,0.952654242515564,-0.43,0.64351
5aia,1.3752590417861938,0.9054601467646567,0.7949907183647156,-0.20,0.73436
5aib,0.5261083841323853,0.9656305844648564,0.9815068244934082,-0.20,0.70409
5aic,0.5170664191246033,0.9766443446896876,0.958984375,0.15,0.66935
5aip,0.12254772335290909,1.0,0.9145728349685669,0.14,0.90248
5ais,2.0650508403778076,0.0,0.6934974789619446,-0.70,0.6026
5aiv,0.5331521034240723,0.0,0.9500818252563477,-0.58,0.59556
5ajc,5.75492000579834,0.9296773152336848,0.262596070766449,-2.57,0.05085
5ajo,16.392641067504883,0.26501982902451793,0.04702157527208328,-2.80,0.0102
5ajp,17.921981811523438,0.2276840048566849,0.03355039656162262,-3.32,0.02296
5ak3,0.4698013365268707,0.9858919903032162,0.9834558963775635,-0.27,0.75092
5ak6,4.773560523986816,0.7318797707280733,0.47074466943740845,-0.53,0.4594
5ake,0.663367509841919,0.9336717580335745,0.9411027431488037,0.28,0.80587
5akg,1.8156770467758179,0.9609312191518026,0.7278571724891663,0.11,0.60405
5akh,0.6186582446098328,0.9418057370051348,0.946601927280426,0.21,0.86835
5aki,0.4854978322982788,0.9734975664900357,0.9735738039016724,-0.15,0.10598
5akj,0.3041989207267761,0.9487634619828325,0.9927007555961609,-0.06,0.81882
5akk,16.6332950592041,0.14902053291704115,0.005064456723630428,-0.19,0.25746
5akl,0.46318313479423523,0.9651023033914733,0.9741735458374023,-0.12,0.92233
5aku,0.525595486164093,0.0,0.9597293734550476,0.29,0.84958
5akw,0.44874483346939087,0.0,0.9795486330986023,0.49,0.92541
5akz,0.5211837291717529,0.9792815870223679,0.9719178080558777,0.11,0.48318
5al2,0.46829187870025635,0.9431898727453093,0.9750000238418579,0.52,0.83114
5al3,0.3271479904651642,0.0,0.9946808218955994,0.55,0.99312
5alb,1.1802221536636353,0.9240674267596528,0.859570324420929,-0.04,0.57562
5alc,1.7960212230682373,0.9288166924939804,0.7743738889694214,0.01,0.87667
5ald,0.7303858399391174,0.9473869902388495,0.9286447763442993,0.16,0.46805
5ale,1.152962565422058,0.9332290453314782,0.8436806797981262,-0.56,0.49408
5alg,1.7121304273605347,0.9184023803364778,0.7158878445625305,-0.57,0.87626
5alh,1.534958839416504,0.8946235382586555,0.8039264678955078,-1.38,0.60755
5all,0.57783442735672,0.9783820300430753,0.9505987763404846,-0.08,0.38826
5alm,8.759395599365234,0.6783515890210287,0.3310023248195648,-0.09,0.51612
5aln,0.5707365274429321,0.9603788114018651,0.9500916004180908,-0.04,0.64504
5alo,1.7794665098190308,0.9324828376017366,0.7342105507850647,-0.72,0.38528
5alr,0.47307470440864563,0.9546192306335918,0.9866071343421936,0.26,0.95943
5als,0.7907706499099731,0.9219969560104055,0.9318459630012512,0.12,0.81206
5alu,1.732706904411316,0.9196261495059344,0.7195281982421875,-0.73,0.33689
5alx,0.7248445153236389,0.968331922289657,0.9333623647689819,-0.24,0.70164
5aly,0.8029127717018127,0.9430835756393788,0.8979820609092712,0.04,0.47481
5alz,0.9404647350311279,0.9351613730874128,0.9273743033409119,-0.33,0.90346
5am0,0.523845374584198,0.9794439247497042,0.9620307087898254,0.14,0.80348
5am1,0.6223534941673279,0.9033034485780376,0.9435995221138,0.04,0.88827
5am2,0.42999136447906494,0.9646309663417091,0.9910394549369812,-0.67,0.26123
5am3,0.6580967307090759,0.9450345263607485,0.9395857453346252,-0.41,0.53768
5am4,0.5600733757019043,0.9511947238795387,0.9674796462059021,0.40,0.76728
5am5,0.45978444814682007,0.9887471041814089,0.9734513163566589,0.68,0.82499
5amn,0.6578505039215088,0.9430021488265581,0.9462025165557861,0.32,0.93929
5anq,0.7187806367874146,0.0,0.9255070090293884,0.10,0.65736
5ant,1.090732455253601,0.0,0.8379814028739929,-0.60,0.31367
5anu,0.492889404296875,0.9717523444955464,0.9720534682273865,0.65,0.87622
5anv,1.2912952899932861,0.9717146499762147,0.8882794380187988,0.82,0.95571
5aoi,0.21453306078910828,0.9809755168500525,1.0,0.36,0.90005
5aok,0.5279302000999451,0.9481926307535905,0.9685373902320862,0.93,0.6045
5aol,0.6916355490684509,0.9549791820623936,0.9386304616928101,0.02,0.39305
5aom,1.3956189155578613,0.9061414424235853,0.7965116500854492,0.23,0.31521
5ap0,1.2134361267089844,0.9351186754679078,0.8892086148262024,0.31,0.78441
5ap3,1.562887191772461,0.8977624706265871,0.8704481720924377,0.38,0.81235
5aph,1.8516112565994263,0.9518689859861087,0.6712328791618347,-0.97,0.12961
5apj,1.120011806488037,0.9000720088964735,0.8537787795066833,-0.73,0.40274
5aqk,0.9699848890304565,0.9424632806042099,0.8802548050880432,-0.17,0.31
5aqn,0.11087597161531448,0.0,0.9913793206214905,0.51,0.95541
5aqo,0.12952306866645813,1.0,1.0,0.13,0.81165
5aqp,0.30724820494651794,0.0,0.9832361340522766,0.18,0.84022
5aqr,0.15406686067581177,1.0,1.0,0.07,0.90662
5aqz,0.6550665497779846,0.9284268099170534,0.9423664212226868,-0.23,0.76326
5ar4,0.5944571495056152,0.0,0.948699414730072,-0.34,0.51134
5ar5,0.5452880263328552,0.9894446736859209,0.9624999761581421,-0.93,0.77138
5av0,1.8635690212249756,0.9470852241812039,0.6881762146949768,-1.21,0.56046
5ave,2.327100992202759,0.9313853440727735,0.610837459564209,-3.46,0.14664
5avi,4.689784049987793,0.8685111227729067,0.4230925440788269,-0.10,0.51626
5awj,0.5224342346191406,0.953313962349117,0.9507042169570923,0.10,0.94141
5ax3,1.4076985120773315,0.9092477507007991,0.7881355881690979,-0.09,0.29282
5axp,0.9938091039657593,0.007968402070695726,0.8751896619796753,-0.30,0.09388
5axq,0.6966392993927002,0.9729118991566078,0.947629988193512,0.07,0.39396
5ayy,0.3191748559474945,0.0,0.9901574850082397,-0.11,0.94236
5azf,24.157093048095703,0.14444494027397545,0.0014662756584584713,-1.56,0.6188
5azg,11.006950378417969,0.5073520647611381,0.04239877685904503,-2.32,0.31698
5b0x,0.6157837510108948,0.9877987889243887,0.9721373915672302,0.38,0.43811
5b1s,1.4992763996124268,0.0,0.7845982313156128,-0.63,0.36638
5b2d,2.052306652069092,0.9236587555159582,0.7270804047584534,-1.44,0.48211
5b4k,1.9895761013031006,0.026831547360595998,0.8095667958259583,-0.12,0.4343
5b4l,0.8422234058380127,0.9329554128793603,0.9083508253097534,-0.20,0.40012
5b56,11.799468994140625,0.6623372415991615,0.08280922472476959,-3.22,0.14561
5b5b,1.0685089826583862,0.0,0.8452280163764954,-0.24,0.62117
5b5f,0.30304789543151855,0.9662302757472679,0.9961267709732056,-0.18,0.87349
5b5g,0.8088880777359009,0.053390325238638736,0.685006856918335,-0.35,0.8446
5b5o,1.6822835206985474,0.9357789649134596,0.7669199109077454,0.16,0.71798
5b5p,0.6237568259239197,0.9881887423246599,0.9552071690559387,-0.19,0.88357
5bjt,,,,-3.45,0.0
5bml,0.7471062541007996,0.0,0.9245283007621765,0.37,0.70766
5bnj,1.393433928489685,0.9328736409483457,0.7740054726600647,-0.08,0.15424
5bnm,1.462577223777771,0.9431383985567456,0.8132737278938293,-0.75,0.28389
5boj,2.6392130851745605,0.09414675314887357,0.5155279636383057,-0.30,0.34214
5bot,0.46428072452545166,0.9450124669494152,0.9711382389068604,0.36,0.70723
5boy,0.2804144024848938,1.0,1.0,0.42,0.92136
5bpe,1.2294689416885376,0.9744599460577646,0.8536324501037598,0.27,0.36394
5bpp,1.322816252708435,0.9577823523011811,0.8187689781188965,0.34,0.79291
5bqg,4.292870044708252,0.6157909912766453,0.5171874761581421,-1.34,0.5491
5bqh,7.924112796783447,0.8827473606238253,0.399367094039917,-1.90,0.5967
5brn,0.5877766609191895,0.0,0.9257143139839172,-0.35,0.24021
5brz,5.373795986175537,0.7461371670781703,0.31660839915275574,-3.52,0.00998
5bs0,3.872560739517212,0.8356937706259687,0.4256272315979004,-3.71,0.01658
5bsk,0.22030828893184662,0.0,0.9964430928230286,-0.09,0.9896
5btr,,,,-2.23,4e-05
5btv,,,,-1.27,0.00118
5btx,1.5996384620666504,0.9445165143768578,0.7747572660446167,-1.00,0.13664
5bue,0.5651089549064636,0.9257095369021944,0.9546648859977722,0.33,0.89041
5buj,0.5251762270927429,0.9637279381396615,0.9683206081390381,0.75,0.79881
5bvf,1.4486706256866455,0.8904705415085736,0.7983871102333069,-0.17,0.75359
5bvn,0.5218126177787781,0.9638172369496483,0.9585062265396118,0.36,0.88147
5bvw,0.9530069828033447,0.9375576289241248,0.9361567497253418,0.09,0.80859
5bwb,0.5814499855041504,0.9809238084959896,0.9548611044883728,-0.33,0.14414
5bwc,1.6352118253707886,0.9057821969956148,0.780961811542511,-0.79,0.64142
5byy,0.9775101542472839,0.952732349765706,0.9139893054962158,-0.05,0.94331
5c0k,2.032796859741211,1.0,0.758274257183075,-0.03,0.53908
5c0m,4.317886829376221,0.7692293713657692,0.4318181872367859,-1.44,0.45319
5c11,,,,-3.28,0.17708
5c13,,,,-3.27,0.27636
5c1w,0.4231950640678406,0.9015219680755185,0.9828178882598877,0.04,0.76282
5c1x,1.351529836654663,1.0,0.8350656628608704,0.42,0.56019
5c1y,1.2078015804290771,0.9732058917597929,0.8324742317199707,0.31,0.49946
5c20,1.0765131711959839,0.9608769420865831,0.8756250143051147,0.44,0.54863
5c26,1.0298525094985962,0.9518943775462175,0.9216772317886353,-0.18,0.68271
5c2e,1.264453411102295,0.9301391406856654,0.8541666865348816,-0.62,0.59979
5c2h,0.45839011669158936,0.9566309397677477,0.9730148911476135,-0.22,0.62452
5c2o,1.3033692836761475,0.9346320181755222,0.8685691356658936,-1.42,0.1638
5c3p,3.616004467010498,0.7884850360679745,0.4370415508747101,0.55,0.457
5c4k,16.774227142333984,0.22714167648238034,0.01253481861203909,-1.33,0.13308
5c4l,4.71530818939209,0.7719856542643612,0.503367006778717,-1.92,0.63044
5c4o,0.6889214515686035,0.9421697552615339,0.9238693714141846,0.29,0.57479
5c4s,0.9832051396369934,0.9527551579095536,0.8665616512298584,-0.21,0.41644
5c4t,1.2924648523330688,0.9426923742308644,0.8215555548667908,0.34,0.45336
5c5t,0.5949889421463013,0.9402607896909457,0.9659420251846313,0.78,0.80121
5c6o,1.852113962173462,0.9343122508530627,0.7744107842445374,-1.82,0.0549
5c6p,2.1468687057495117,0.8855061768048005,0.6288598775863647,-1.41,0.32796
5c6v,,,,-2.92,0.12335
5c7a,0.643157422542572,0.9410866246050674,0.9366471767425537,0.16,0.7879
5c7b,0.7018351554870605,0.9796884976420224,0.9322323203086853,0.50,0.97444
5c7c,0.7213588953018188,0.92899378535581,0.9349736571311951,0.17,0.26023
5c7d,0.6672384738922119,0.961216960441211,0.9244840741157532,0.51,0.80983
5c7e,,,,-3.16,0.03565
5c7f,,,,-3.16,0.42837
5c83,1.1250683069229126,0.9298748115385445,0.8344414830207825,-0.24,0.2935
5c84,1.2677072286605835,0.9625463523185455,0.8862179517745972,0.45,0.9781
5c85,0.5729096531867981,0.9259421568497304,0.9670417904853821,-0.26,0.79232
5c87,0.450684517621994,0.9310274093726829,0.9691176414489746,-0.28,0.80218
5c8k,6.158653736114502,0.8255882612682315,0.32515183091163635,-0.22,0.68854
5cas,1.3092236518859863,0.9666992957344754,0.8428738117218018,-0.22,0.87627
5cbr,1.067285180091858,0.9722840424375581,0.8829337358474731,0.23,0.53653
5cbs,0.46140459179878235,0.006806814280303543,0.9702925086021423,-0.45,0.93591
5cc2,0.6156873106956482,0.934244124557854,0.9570393562316895,0.63,0.67539
5ccm,1.3672409057617188,0.9095218295442706,0.8294460773468018,-0.69,0.51407
5ceh,0.6487398743629456,0.9715929655005989,0.9625850319862366,0.50,0.95614
5cei,0.336683988571167,0.9779810749777784,0.9914934039115906,0.73,0.72694
5cep,0.6387042999267578,0.960411360739248,0.9689952731132507,0.70,0.90652
5ceq,0.6804226636886597,0.9862507533003316,0.9762090444564819,0.81,0.68353
5cf4,1.15464448928833,0.0,0.8841843008995056,0.40,0.95431
5cf5,0.44941896200180054,0.0,0.9810744524002075,0.38,0.99064
5cf6,0.9465348124504089,0.9521210503321259,0.9190283417701721,0.31,0.86182
5cf8,0.6567265391349792,0.0,0.9412615895271301,0.40,0.95499
5cfa,,,,-2.45,0.0605
5cil,,,,-3.54,6e-05
5cin,,,,-3.51,0.00048
5cj6,1.274329423904419,0.9642216399709985,0.8091269731521606,0.83,0.82663
5cks,0.3638885021209717,0.0,0.9938330054283142,-0.26,0.84191
5clm,0.3641934096813202,0.9910236472950541,0.9947826266288757,1.06,0.91139
5cnj,1.2130072116851807,0.0,0.7942875623703003,0.48,0.35383
5cnm,1.0760639905929565,0.9341689200241858,0.8590308427810669,-0.58,0.87643
5cp5,0.36073416471481323,0.9842230532612244,0.9963541626930237,0.50,0.91687
5cp9,0.24854931235313416,1.0,1.0,1.17,0.50254
5cpr,6.25457239151001,0.9269304933229421,0.3638392984867096,0.45,0.69461
5cqt,0.7618674039840698,0.9682978317724695,0.9501096606254578,0.46,0.94209
5cqx,,,,-3.11,0.01518
5cr7,1.9744844436645508,0.0,0.8589588403701782,-1.38,0.03901
5cs2,11.41872787475586,0.5657977806322392,0.19373072683811188,-2.74,0.06762
5cs5,0.9003282189369202,0.9814020301057861,0.8852459192276001,0.23,0.19929
5cs6,1.1033353805541992,0.8251508793179043,0.8432692289352417,-0.18,0.60654
5csd,0.9049499034881592,0.027654946659085758,0.8869912624359131,-0.22,0.44828
5csh,0.7628661394119263,0.9342889669370347,0.9031690359115601,0.04,0.6956
5cso,0.32091468572616577,0.98864667176739,0.9944547414779663,0.26,0.66943
5cst,0.8104913830757141,0.9459803004897892,0.9254874587059021,-0.26,0.56495
5csx,1.1127599477767944,0.917408764185572,0.8598178029060364,-0.32,0.91844
5csz,,,,-3.20,0.01967
5ctb,0.7045562863349915,0.0,0.9207317233085632,-0.27,0.63766
5ctc,1.9500305652618408,0.0,0.7673860788345337,-0.31,0.92612
5cte,1.219917893409729,0.0,0.8601590991020203,-0.44,0.90638
5cu4,1.4778878688812256,0.9608016084817246,0.8124385476112366,-0.59,0.73568
5cuq,0.9108104705810547,0.9431095550691807,0.8882508873939514,-0.93,0.10432
5cvd,,,,-2.61,0.0016
5cw8,1.8721535205841064,0.064386353929148,0.7431544065475464,-0.75,0.36786
5cxi,0.6305962204933167,0.9820262500342495,0.9306265711784363,-0.24,0.92535
5cy3,1.0625386238098145,0.9413798335944585,0.8781296014785767,0.83,0.97914
5cy9,0.18329806625843048,0.9685620997452209,1.0,0.42,0.95903
5cyv,1.7971718311309814,0.8820407313078427,0.7959523797035217,-2.53,0.1769
5czb,2.0328824520111084,0.9545556588822863,0.6777302026748657,0.19,0.57523
5czm,1.8390846252441406,0.9227492729500767,0.8379026651382446,-1.39,0.43107
5d0c,1.4666577577590942,1.0,0.8953033089637756,-0.42,0.79995
5d0j,,,,-2.21,0.0901
5d10,3.2187681198120117,0.0,0.740934431552887,-0.25,0.72764
5d12,0.3752107620239258,0.9730253800222515,0.9925650358200073,0.28,0.13596
5d1j,0.7640397548675537,0.9215027062336024,0.9147180318832397,0.66,0.65543
5d1r,1.0468997955322266,0.9317538102452201,0.8986742496490479,-0.15,0.57725
5d1s,0.4316609501838684,0.9890903293309433,0.9803600907325745,0.70,0.93405
5d1u,0.5744363069534302,0.9536563471080403,0.9620953798294067,-0.21,0.73675
5d1w,1.2264492511749268,0.0,0.7850241661071777,-0.48,0.6472
5d21,0.9770247340202332,0.0,0.8810975551605225,-0.87,0.65737
5d29,0.7299105525016785,0.9501796623006984,0.9489150047302246,-0.59,0.84977
5d2a,,,,-3.05,0.00203
5d2r,1.1024507284164429,0.9145648756102444,0.8678266406059265,-0.16,0.36254
5d3c,1.9438910484313965,0.916723946929024,0.767346203327179,-1.06,0.1783
5d3x,1.529595136642456,0.9087089503106702,0.773784339427948,-1.39,0.50254
5d6e,6.500613212585449,0.7953494098446684,0.26936936378479004,-0.98,0.02235
5d6f,2.7492053508758545,0.8961133130714197,0.5995813608169556,-0.55,0.42454
5d6p,0.628714919090271,0.0,0.965533971786499,0.33,0.81559
5d6q,0.3363618552684784,0.9606356001691808,0.9981343150138855,0.33,0.72834
5d6y,,,,-2.44,0.02189
5d75,3.4479708671569824,0.8854619761872655,0.45148515701293945,-3.60,0.0251
5d7a,1.1862554550170898,0.9415419401674936,0.8852242827415466,0.49,0.90717
5d7e,,,,-2.45,0.00148
5d9p,,,,-0.46,0.36529
5da3,0.8556174039840698,0.9867839199222751,0.932572603225708,0.30,0.52499
5dah,,,,-2.90,0.00587
5db0,0.6122627854347229,0.9847905637924281,0.9614197611808777,0.39,0.3357
5db2,0.4790230989456177,0.9777819531264784,0.9801536202430725,0.48,0.2868
5db3,1.650265097618103,0.8770000388660988,0.7434210777282715,-0.44,0.33501
5dd0,37.985408782958984,0.005153464231583938,0.0,-3.29,0.4251
5dda,0.6091932058334351,0.9061562675613405,0.9522515535354614,0.82,0.68868
5ddc,0.372199684381485,0.9591723271716182,0.9873919486999512,0.68,0.90159
5ddd,0.5441159605979919,0.9540771517409685,0.9665254354476929,0.64,0.56148
5dde,0.5177699327468872,0.9308245966912251,0.9700819849967957,0.71,0.68076
5dex,1.246934175491333,0.8862621376177836,0.8190743327140808,0.08,0.14257
5dfp,1.8844748735427856,0.927913965293788,0.8136871457099915,-0.16,0.71449
5dg6,2.0848684310913086,0.8937986259520433,0.7052206993103027,-0.48,0.16358
5dgj,1.2459229230880737,0.9575643937736737,0.8507556915283203,-0.54,0.12076
5dgm,1.1320992708206177,0.9391334155389781,0.8311744332313538,-0.89,0.48352
5dh4,0.22284868359565735,0.0,1.0,-0.15,0.93428
5dhf,,,,-3.28,0.00043
5dhg,1.8694239854812622,0.9091199289297447,0.7229892015457153,-0.38,0.76463
5dhj,0.3613603115081787,0.9641599986565617,0.9965674877166748,0.87,0.89338
5dhq,1.1491725444793701,0.0,0.8585069179534912,-0.44,0.11019
5diq,0.7595673203468323,0.9553419933466789,0.9395084977149963,-1.04,0.77885
5dit,3.835322141647339,0.8867918823298879,0.6257022619247437,-1.48,0.38513
5div,0.7866435050964355,0.9865926416704137,0.9492847919464111,-0.52,0.73197
5dj5,0.6630391478538513,0.9324721029627967,0.93359375,-0.13,0.40549
5djv,0.2878413200378418,1.0,0.9911110997200012,0.25,0.91747
5dk4,0.3125986158847809,1.0,0.9961005449295044,-0.04,0.68332
5dls,1.040435552597046,0.9886882531592249,0.9566091895103455,-0.50,0.89156
5dlv,1.2962886095046997,0.964114941936176,0.75,-1.29,0.70042
5dlx,1.9752449989318848,0.9524560042261088,0.7362045645713806,-0.46,0.38868
5dms,,,,-1.93,0.0074
5dnu,0.31650298833847046,0.9777210577599642,0.9863387942314148,0.42,0.80413
5doh,0.9788497090339661,0.9362937370288498,0.8668511509895325,-0.42,0.20759
5dp4,0.8958209156990051,0.9595549077314893,0.9153342843055725,0.15,0.70806
5dp6,3.8592257499694824,0.0026091869441861064,0.6357996463775635,-0.08,0.20782
5dp7,0.841363787651062,1.0,0.9360047578811646,0.50,0.63612
5dp8,1.2591067552566528,0.9620315317070119,0.842828094959259,0.53,0.73585
5dpa,1.464065670967102,0.9232420803826279,0.8065476417541504,-0.37,0.32747
5dpw,,,,-3.40,0.04643
5dpx,0.24683836102485657,0.9750614353335244,1.0,0.26,0.92398
5dqc,1.0321931838989258,0.002675318305443798,0.8496503233909607,-0.15,0.82245
5drc,0.30932262539863586,1.0,0.9995519518852234,0.33,0.90477
5dri,0.251886248588562,0.9639079129382767,1.0,0.53,0.84952
5drq,1.7716312408447266,0.9425570966573824,0.7506858706474304,0.01,0.63739
5drt,0.4715803265571594,0.9561459117905993,0.9706851243972778,-0.19,0.79696
5dry,1.3636363744735718,0.9512447058908421,0.8526570200920105,0.11,0.09845
5dsx,0.9364858269691467,0.0,0.8960826992988586,-0.53,0.43728
5dtj,0.46503618359565735,0.9907101587034829,0.981249988079071,0.25,0.62475
5dtq,0.6874439716339111,0.9582076848748436,0.9491869807243347,-0.32,0.61414
5dtr,0.33985209465026855,0.0,0.9919224381446838,-0.39,0.85248
5dts,0.7296271920204163,0.9086543210085551,0.9553846120834351,0.31,0.72639
5dus,0.853427529335022,0.9899879954593225,0.9410664439201355,-0.23,0.89949
5dv2,2.5821340084075928,0.8649704302021652,0.6499277353286743,-0.58,0.33102
5dv4,2.0610272884368896,0.890740367161016,0.6760355234146118,-1.84,0.28455
5dw1,1.0277537107467651,0.0,0.9025844931602478,-0.77,0.63062
5dwr,0.786613404750824,0.8942339902537418,0.9142312407493591,0.06,0.71553
5dx3,32.193260192871094,0.06901680834626713,0.0,-3.12,0.00019
5dx4,0.6126205921173096,0.9687996584301068,0.9877907037734985,-0.55,0.94917
5dxb,11.775758743286133,0.37070475062928765,0.08980263024568558,-3.36,8e-05
5dxh,0.730072557926178,0.0,0.9395717978477478,0.69,0.96299
5dy7,0.44925540685653687,0.9088863313185358,0.9580000042915344,-0.02,0.75753
5dya,1.0959105491638184,0.9456260666916163,0.8618119359016418,-0.04,0.73579
5dyo,0.7831452488899231,0.9136820664475858,0.902255654335022,0.34,0.40289
5dyw,1.1194368600845337,0.0,0.8500608205795288,-1.07,0.69304
5dyy,1.5670968294143677,0.0,0.7697616219520569,-0.69,0.68202
5e0a,0.6697084903717041,0.9506845766044245,0.9319307208061218,-0.91,0.26406
5e0g,1.810646891593933,0.9413581205966352,0.7046195864677429,-0.13,0.53529
5e0h,1.5823999643325806,0.0,0.6225319504737854,-0.68,0.49666
5e0j,1.7091861963272095,0.9106364148701139,0.713992714881897,-0.97,0.07413
5e0l,10.98908805847168,0.5661477914346923,0.21468400955200195,-2.27,0.42575
5e13,0.5669754147529602,0.9494022026929899,0.9535783529281616,-1.01,0.13256
5e1b,9.954998016357422,0.17855204197596736,0.08083067089319229,-2.17,0.00031
5e1d,12.49660587310791,0.28085578584025894,0.08569364249706268,-3.26,0.02063
5e1m,7.718242645263672,0.5629431991642223,0.16867689788341522,-2.86,0.00602
5e1s,0.6489704251289368,0.955787301401595,0.946052610874176,-0.22,0.7038
5e2m,1.7593610286712646,0.9208230239982793,0.7520920634269714,-0.61,0.32411
5e2n,1.2878587245941162,0.0,0.8334386944770813,-0.31,0.13017
5e2o,1.2105436325073242,0.9469934713306298,0.8576520681381226,0.16,0.45801
5e2p,0.6839933395385742,0.9392339989055554,0.9343457818031311,0.19,0.70238
5e3a,6.296274185180664,0.5459201113066096,0.2497018426656723,-3.19,0.00614
5e3g,0.17028836905956268,0.9806491454981251,1.0,-0.09,0.56262
5e6o,8.655360221862793,0.509887031893101,0.22720728814601898,-3.17,0.07293
5e73,2.0713095664978027,0.9827544107625639,0.7651654481887817,0.47,0.95714
5e74,2.065502166748047,0.9822969840047926,0.7847341299057007,-0.12,0.69822
5e7n,0.9585411548614502,0.9800218914685506,0.9143356680870056,-0.23,0.48146
5e88,1.2031402587890625,0.8865792687073333,0.8238095045089722,-1.39,0.13127
5e8a,1.3910759687423706,0.860948877300867,0.8456973433494568,-1.57,0.8739
5e8f,11.369590759277344,0.0,0.1164693608880043,-1.82,0.23268
5e8r,1.083359956741333,0.0,0.8502516746520996,-0.04,0.55306
5ea4,0.5530468225479126,1.0,0.9884428381919861,-1.16,0.29715
5ea5,3.9059576988220215,0.8481782857595394,0.44207316637039185,-1.67,0.15554
5ea7,0.7333315014839172,1.0,0.996688723564148,-3.05,0.88356
5eay,,,,-3.38,0.00092
5eb2,6.112939357757568,0.8707268641975461,0.43409740924835205,-3.13,0.51225
5eb3,0.398359090089798,0.9738704860538967,0.9801762104034424,-0.63,0.47536
5ece,1.0007840394973755,0.0,0.8417366743087769,-0.03,0.85776
5ect,23.871662139892578,0.20080460615308207,0.0027434842195361853,-0.95,0.0655
5ecv,0.44188299775123596,0.9821159427759258,0.9820234179496765,0.50,0.69842
5edb,0.2697402536869049,0.9886499807933001,0.9978991746902466,0.11,0.9728
5edd,23.915597915649414,0.19066794804215212,0.002057613106444478,-0.89,0.03159
5edi,0.27115267515182495,0.0,1.0,0.22,0.93845
5edl,0.6814141869544983,0.9800167433730639,0.931034505367279,-0.07,0.92201
5eds,1.8416794538497925,0.9390117195675589,0.7623279690742493,0.43,0.81588
5ee7,3.4131898880004883,0.836770959083639,0.7875165939331055,-1.14,0.35042
5ee8,1.3523662090301514,0.886594927404904,0.8260086178779602,0.16,0.42128
5eec,1.0459723472595215,0.9107538027105294,0.8831169009208679,0.38,0.66251
5eei,0.577603280544281,0.9439610279347121,0.957716703414917,0.45,0.48101
5eeq,11.821270942687988,0.0,0.2296748012304306,-3.06,0.00088
5efb,0.8844516277313232,0.9780558306749855,0.9285010099411011,-0.40,0.39353
5efc,6.46379280090332,0.8033049550205883,0.30181199312210083,-1.04,0.06245
5efh,0.77536940574646,0.0,0.9372837543487549,0.15,0.85008
5efj,2.2271902561187744,0.8639070428226682,0.7652722597122192,-0.83,0.31442
5egs,0.6991864442825317,0.951258202358229,0.9399538040161133,-0.04,0.52098
5eh5,0.28582337498664856,0.9658758267878844,0.9937304258346558,1.07,0.89535
5eh7,0.3644479811191559,0.9680904758391715,0.9947552680969238,0.10,0.50373
5eh8,0.3383922278881073,0.9618206205787875,1.0,0.67,0.58486
5ehp,0.8027277588844299,0.0,0.9423641562461853,-0.10,0.5344
5ehv,9.38380241394043,0.858032844379405,0.1855783313512802,-0.17,0.08074
5ehw,0.44998279213905334,1.0,0.9838709831237793,0.67,0.72388
5ei2,0.36413443088531494,0.9873329002806039,0.9919847249984741,0.56,0.9382
5ei6,0.3718423843383789,0.9539621709313576,0.991525411605835,0.80,0.97801
5ei8,0.6062203049659729,0.9758374906299317,0.9434640407562256,0.43,0.6304
5eif,0.6859992146492004,0.0,0.9386792182922363,-1.51,0.75685
5eiw,0.4227961003780365,1.0,0.9970760345458984,-0.86,0.86894
5eje,1.1166919469833374,0.9861912917332836,0.8461139798164368,-0.68,0.66665
5ejl,1.774448037147522,0.8894156092741818,0.7380849123001099,-1.48,0.00397
5ekh,0.2145451456308365,0.9771289306352733,1.0,0.69,0.95625
5ekj,1.4746627807617188,0.9238204099279973,0.9034598469734192,0.40,0.86538
5ekm,4.134561538696289,0.8237833503917761,0.7146365642547607,0.66,0.75383
5ekn,0.6671009659767151,0.981722397058902,0.9460382461547852,0.48,0.50191
5ekx,2.185476779937744,0.9462132572345696,0.7255154848098755,-0.94,0.77811
5el2,0.6247915029525757,0.9883314397708145,0.9450652003288269,-0.10,0.67603
5el9,32.046504974365234,0.0,0.0,-2.26,0.44797
5eld,20.60807228088379,0.0,0.0,-2.69,0.11186
5ele,8.89958381652832,0.0,0.11091072857379913,-2.43,0.02022
5elf,2.8454465866088867,0.0,0.6755697727203369,-2.94,0.06166
5elq,11.84168529510498,0.0,0.0793333351612091,-2.96,0.01425
5elv,0.7543509006500244,0.9160208568984048,0.8859223127365112,-0.39,0.67686
5elw,39.826393127441406,0.0,0.0,-0.98,0.20754
5ely,1.1821304559707642,0.8711483461793091,0.8551255464553833,-1.67,0.63767
5elz,15.992890357971191,0.572790667243043,0.1431000977754593,-0.37,0.25494
5em9,12.252559661865234,0.3472728143375952,0.08434882014989853,-1.94,0.14099
5ema,12.683184623718262,0.3388714838409263,0.043386492878198624,-2.70,0.20501
5emb,7.6626386642456055,0.5536000271140742,0.12214136868715286,-3.53,0.16265
5emj,1.8496737480163574,0.9174006324166867,0.7641562819480896,-0.72,0.34487
5en3,1.5299012660980225,0.12519287034950669,0.8724662065505981,-0.20,0.09386
5enb,0.8618484735488892,0.9305530761465849,0.8923948407173157,0.05,0.62399
5enc,0.7296538352966309,0.9814711435638332,0.9719626307487488,-0.83,0.72876
5ene,0.2525387704372406,0.9646421861503586,1.0,-0.17,0.29334
5enf,0.2108992636203766,1.0,1.0,-0.17,0.44628
5enh,0.5785117745399475,0.9644166915988724,0.9659532904624939,-0.73,0.81253
5eni,1.0784852504730225,0.9807612281749718,0.9008097052574158,-1.38,0.72804
5enj,0.380130797624588,1.0,0.9945887327194214,-0.56,0.70715
5enk,1.3172862529754639,0.9587007491215966,0.8253323435783386,-0.55,0.1261
5enm,2.0824108123779297,0.9373893872551554,0.7646129727363586,-1.11,0.15429
5eoc,,,,-3.30,0.00174
5eok,,,,-2.99,0.08526
5eou,0.8755812644958496,0.9730190577655594,0.8961840867996216,-0.26,0.16757
5ep7,1.2464158535003662,0.9835128812641588,0.9250629544258118,-0.42,0.82958
5epk,3.1251537799835205,0.9779893536416586,0.5861496925354004,-2.96,0.16553
5epl,7.732436656951904,0.4042397251377549,0.3564198315143585,-3.33,0.00492
5epn,3.40401029586792,0.9308542746369093,0.6071692705154419,-0.46,0.20292
5epr,0.5568814277648926,0.8567198636835637,0.9504870176315308,-0.23,0.89622
5eps,0.5575852990150452,1.0,0.9471726417541504,-0.31,0.77737
5eq0,12.447962760925293,0.6705925416258919,0.10846724361181259,-3.00,0.1679
5eqp,0.46696263551712036,0.9562408626001395,0.955050528049469,0.05,0.59585
5eqq,,,,0.34,0.13021
5er1,11.550921440124512,0.7228346459269022,0.20683856308460236,-0.72,0.72257
5er2,1.0548368692398071,0.9705937511394068,0.8842729926109314,-0.82,0.58924
5es1,0.8671976327896118,0.9552031310280217,0.9337121248245239,0.24,0.97017
5esq,,,,-3.03,0.03047
5est,0.9725877642631531,0.8836373390072331,0.8707864880561829,-0.66,0.60443
5eta,,,,-3.81,0.13956
5etb,0.3726418912410736,0.9298571902849895,0.99842768907547,0.06,0.87254
5etf,,,,-2.74,0.42192
5eth,1.619928002357483,0.0,0.8084522485733032,-0.57,0.22388
5etl,2.1120877265930176,0.9200577393158477,0.7910122275352478,0.11,0.62436
5etu,14.973365783691406,0.019114762143730722,0.0066964286379516125,-3.09,4e-05
5etx,3.345254421234131,0.90820659867294,0.6898077130317688,-0.40,0.17375
5eu1,1.1147279739379883,0.0,0.8330733180046082,-0.62,0.67161
5eud,0.964556872844696,0.0,0.8766546249389648,-0.43,0.50656
5eue,1.9785947799682617,0.0,0.7076219320297241,-0.36,0.61979
5euk,11.888937950134277,0.30087379526223107,0.02283821441233158,-3.00,0.02459
5ev8,0.8678913116455078,0.9271316129459988,0.8930288553237915,0.64,0.75642
5evb,3.4543282985687256,0.8887441026896367,0.5618811845779419,-0.31,0.94995
5evz,0.8801374435424805,0.0,0.9007551074028015,-0.21,0.81261
5ewa,0.9775522947311401,0.0,0.824228048324585,-0.05,0.31354
5ewd,0.3975071907043457,0.959336790055684,0.987500011920929,-0.17,0.22061
5ewh,2.551726818084717,0.9623032891685948,0.6737056970596313,-0.35,0.80806
5ewm,0.4628990888595581,0.9385693095265378,0.9766891598701477,-0.06,0.8988
5ewy,0.6022053956985474,0.9406092739105854,0.9607765674591064,0.40,0.96047
5exl,1.0589691400527954,0.9530621619303878,0.8432203531265259,0.16,0.2667
5exw,1.6444032192230225,0.0,0.8015397787094116,-0.12,0.60938
5ey0,2.481618642807007,0.8825432470395643,0.6402581930160522,-0.63,0.38326
5ey4,11.805916786193848,0.0,0.24544735252857208,-0.22,0.57595
5ey9,1.0066719055175781,0.0,0.8657293915748596,-0.01,0.79615
5eyr,0.7885121703147888,0.9694390556908044,0.939769983291626,-0.42,0.54183
5eyz,7.303693771362305,0.1107846952393348,0.18525180220603943,-2.13,0.65453
5ez0,8.479841232299805,0.0,0.06930693238973618,-1.99,0.1714
5ezx,1.1283280849456787,0.8783382849121301,0.8679856061935425,0.12,0.68213
5ezz,1.4602923393249512,0.9655533572495972,0.8145624399185181,0.30,0.47579
5f00,0.4905451834201813,0.9554050458871851,0.9834410548210144,1.08,0.79415
5f01,1.4510866403579712,0.963926640110804,0.8413461446762085,0.89,0.88753
5f08,0.4175316393375397,0.9695273928251456,0.985753059387207,-0.21,0.84427
5f1c,0.7722752094268799,0.0,0.9325801730155945,-0.64,0.49337
5f1h,0.5378980040550232,0.9827708232741702,0.9838449358940125,-0.24,0.98225
5f1j,0.3416058123111725,0.9677437416130402,0.9890000224113464,-0.25,0.91071
5f1u,0.35603761672973633,0.0,0.9801300764083862,-0.06,0.18603
5f1v,0.347776859998703,0.0,0.9835007190704346,-0.29,0.33536
5f1x,0.726579487323761,0.0,0.9361854791641235,-0.01,0.89862
5f25,0.11892206221818924,1.0,1.0,0.00,0.93779
5f2f,1.31936514377594,0.9129896093175589,0.7827635407447815,-0.81,0.58207
5f2k,0.6587867736816406,0.00708239217056462,0.9331761002540588,0.32,0.85275
5f2r,0.8705124258995056,0.0,0.8977272510528564,0.06,0.84199
5f2s,0.26584821939468384,0.9817710924822984,0.9987980723381042,0.92,0.41365
5f2u,,,,-2.71,0.02489
5f2w,0.9926929473876953,0.0,0.9075342416763306,0.78,0.10825
5f32,0.6718540787696838,0.0,0.9453608393669128,0.46,0.53568
5f39,0.47652149200439453,0.9513877548166547,0.9739229083061218,0.63,0.96834
5f3c,1.5121958255767822,0.9468405470099276,0.847777783870697,-0.28,0.10509
5f3e,0.49898281693458557,0.0,0.9592592716217041,0.47,0.62253
5f3g,1.3924115896224976,0.9550399247081189,0.8792974352836609,-0.44,0.33147
5f3i,0.610785186290741,0.0,0.9365741014480591,0.33,0.69386
5f4n,0.6567563414573669,0.9524599610729592,0.9521498084068298,0.54,0.70009
5f5b,,,,-2.50,0.5901
5f67,19.615385055541992,0.35631744748757566,0.017391303554177284,-3.26,0.3461
5f6d,0.21650362014770508,0.9794681735988113,1.0,-0.16,0.52349
5f6u,1.1439807415008545,0.9620132895245241,0.9213414788246155,-1.04,0.45767
5f74,0.45573464035987854,0.9717711918274589,0.989234447479248,-0.81,0.2142
5f8y,0.9920938014984131,0.0,0.8557692170143127,-0.53,0.8696
5f90,,,,-2.62,0.65602
5f91,17.8049373626709,0.07541192095609961,0.0007322788587771356,-2.43,0.01319
5f94,0.6997256278991699,0.9513278830330885,0.9433497786521912,0.58,0.7112
5f95,0.9075911641120911,0.9632501229914974,0.9004665613174438,0.52,0.77525
5f9b,1.9802042245864868,0.9516714972522691,0.7086777091026306,-0.77,0.68278
5fah,1.049111008644104,0.9791252246445126,0.8866040110588074,-0.50,0.81647
5fb0,,,,-3.28,0.01639
5fb1,,,,-3.24,0.18422
5fb7,0.9850674867630005,0.962545315773257,0.8629032373428345,-0.12,0.19632
5fbe,1.021552324295044,0.9048965559516536,0.8751173615455627,0.20,0.65965
5fbi,1.1964207887649536,0.94077639960379,0.9709051847457886,-1.21,0.38504
5fbo,3.378415107727051,0.8159396688691113,0.5606741309165955,-0.87,0.1238
5fck,1.1001564264297485,0.9405334349042901,0.880885124206543,-0.17,0.594
5fcz,0.8950939178466797,0.9464948173214808,0.9056776762008667,0.39,0.81399
5fdc,0.23365004360675812,0.9660516906407414,1.0,0.44,0.92443
5fdi,2.8482587337493896,0.9344608887304485,0.6402320861816406,0.67,0.50204
5fdo,0.8864367008209229,0.0,0.8878306746482849,-0.70,0.16936
5fdr,0.7525650262832642,0.9593406454407483,0.9126163125038147,-0.42,0.38193
5fdz,0.6177670359611511,0.968106407396641,0.9477172493934631,-0.49,0.34441
5fe6,0.8851202726364136,0.0,0.9330110549926758,0.07,0.45443
5fe7,0.20475012063980103,0.9468671538111557,1.0,0.08,0.86805
5fh6,0.9944360256195068,0.0,0.9085257649421692,0.32,0.72371
5fh8,0.34239330887794495,0.9532005207385886,0.9881628751754761,0.12,0.89078
5fhm,16.376985549926758,0.1265285030349141,0.007271669805049896,-0.98,0.10224
5fhn,1.4370691776275635,0.9572921402515704,0.8510536551475525,0.37,0.80871
5fho,0.34688395261764526,0.0,0.9913972616195679,0.57,0.97192
5fi2,2.1487114429473877,0.0,0.7160235047340393,-1.41,0.03661
5fi6,0.9615980386734009,0.19950832393629514,0.8262443542480469,-0.12,0.5602
5fi7,2.0380361080169678,0.9003618662341826,0.8289215564727783,-1.78,0.4489
5fiv,4.081206798553467,0.910496527166744,0.6487101912498474,-1.43,0.46165
5fjw,24.315217971801758,0.0,0.002218934940174222,-3.32,0.02423
5fjx,8.930828094482422,0.0,0.1335732489824295,-2.89,0.08179
5fky,0.9208275079727173,0.0,0.8790909051895142,0.48,0.85539
5fl0,0.6053822636604309,0.9223573715281409,0.9516715407371521,0.57,0.87391
5fl1,1.387463927268982,0.9383393003262602,0.8213783502578735,0.50,0.88233
5flo,1.000077724456787,0.9776140101087913,0.8951421976089478,0.23,0.15979
5flp,0.9369134306907654,0.9643696453097935,0.8929521441459656,0.59,0.6552
5fls,0.4988528788089752,0.9499199830196469,0.9915730357170105,0.57,0.44702
5fnd,0.8841255307197571,0.974332784984073,0.9381067752838135,0.35,0.62636
5fni,0.5099254250526428,0.9567131134252946,0.9767726063728333,0.53,0.71603
5fnj,2.901540517807007,0.9290197148682638,0.6209273338317871,0.04,0.6031
5fnq,0.7782614827156067,0.9581744083599635,0.9123931527137756,-0.08,0.78726
5fnr,0.43042367696762085,0.979783300911374,0.9841121435165405,-0.02,0.79639
5fns,0.7034446001052856,0.9733659344780575,0.9265119433403015,-0.51,0.74939
5fnt,0.8679178357124329,0.9731949589595814,0.887499988079071,-1.21,0.50289
5foo,1.0229679346084595,0.0,0.8631484508514404,-0.72,0.62927
5fot,9.594212532043457,0.4345843135317226,0.13648124039173126,-1.89,0.56873
5fou,9.712027549743652,0.4181590818081256,0.11464088410139084,-1.39,0.12397
5fov,9.750337600708008,0.40317150015338005,0.11082474142313004,-2.51,0.18746
5fow,,,,-2.29,0.11141
5fox,7.701608180999756,0.4643723896199954,0.18210749328136444,-3.00,0.04816
5fp0,0.8933680057525635,0.8983253948154534,0.8952184319496155,-0.04,0.8235
5fpi,,,,-2.71,0.05975
5fpk,9.293378829956055,0.4398787045865999,0.1164340078830719,-2.08,0.33181
5fpu,1.3566081523895264,0.9284218937583943,0.7914052605628967,-0.67,0.59393
5fq9,0.87676602602005,0.9391845318814374,0.8752065896987915,-0.21,0.7125
5fs5,1.1181676387786865,0.9568006842219173,0.8505154848098755,-0.29,0.77172
5fsb,1.1744353771209717,0.9395740288331265,0.8482490181922913,-0.55,0.59401
5fsc,3.9405243396759033,0.9014846100976998,0.4281401038169861,-1.99,0.56228
5fsl,0.2114371508359909,0.9881392213284369,1.0,0.56,0.83692
