target_id,reference_residue,prediction_identity_disposition,diffdock_bisy_rmsd_angstrom,equibind_bisy_rmsd_angstrom,diffdock_direct_rmsd_angstrom_provisional,equibind_direct_rmsd_angstrom_provisional,diffdock_formal_minus_direct_angstrom,equibind_formal_minus_direct_angstrom,diffdock_lddt_pli,equibind_lddt_pli,diffdock_status,equibind_status
16PK,A:BIS:499,eligible_stereochemistry_review,3.9311294555664062,,3.9311,5.4846,2.945556640643332e-05,,0.5757211446762085,,scored_both,partial_or_no_metrics
184L,A:I4B:401,eligible_exact_graph,0.17749272286891937,2.0410823822021484,0.1775,2.0411,-7.27713108061856e-06,-1.7617797851698924e-05,1.0,0.6373762488365173,scored_both,scored_both
185L,A:IND:400,eligible_stereochemistry_review,0.5397889614105225,5.793076515197754,0.5398,5.7931,-1.1038589477485594e-05,-2.3484802246009906e-05,0.962579607963562,0.24730215966701508,scored_both,scored_both
186L,A:N4B:400,eligible_exact_graph,0.298050194978714,0.8271895051002502,0.2981,0.8272,-4.980502128598685e-05,-1.0494899749802222e-05,0.9977341294288635,0.8994565010070801,scored_both,scored_both
187L,A:PXY:400,eligible_stereochemistry_review,0.35120952129364014,2.8287363052368164,0.3512,2.8287,9.52129364012455e-06,3.6305236816414066e-05,1.0,0.5705307126045227,scored_both,scored_both
188L,A:OXE:400,eligible_exact_graph,0.25370797514915466,1.4409849643707275,0.2537,1.441,7.975149154682004e-06,-1.5035629272519557e-05,1.0,0.73549485206604,scored_both,scored_both
1A0Q,H:HEP:214,eligible_representation_review,3.7490248680114746,4.108304977416992,3.749,4.1083,2.486801147449924e-05,4.9774169923466616e-06,0.5110158920288086,0.4565373659133911,scored_both,scored_both
1A42,A:BZU:555,eligible_stereochemistry_review,0.9519435167312622,2.237783670425415,0.9519,2.2378,4.351673126223865e-05,-1.6329574584972306e-05,0.9027001857757568,0.7344992160797119,scored_both,scored_both
1A4H,A:GDM:300,eligible_exact_graph,2.305324077606201,1.789916753768921,2.3053,1.7899,2.4077606201267088e-05,1.6753768920851897e-05,0.6060693860054016,0.6799501776695251,scored_both,scored_both
1A4R,B:GNH:400,eligible_stereochemistry_review,0.9897262454032898,18.619274139404297,0.9897,18.6193,2.6245403289770763e-05,-2.5860595702198452e-05,0.9170026779174805,0.0345614030957222,scored_both,scored_both
1A50,A:FIP:270,eligible_exact_graph,0.4854627549648285,2.722066640853882,0.4855,2.7221,-3.724503517149591e-05,-3.3359146118350225e-05,0.9662162065505981,0.5618311762809753,scored_both,scored_both
1A7X,B:FKA:201,eligible_exact_graph,,,11.5327,8.6905,,,,,partial_or_no_metrics,partial_or_no_metrics
1A85,A:0DY:1,eligible_stereochemistry_review,,,1.5466,2.4531,,,,,partial_or_no_metrics,partial_or_no_metrics
1A86,A:0ZB:1,eligible_exact_graph,,,1.4728,2.788,,,,,partial_or_no_metrics,partial_or_no_metrics
1A8I,A:GLS:998,eligible_stereochemistry_review,0.9873923063278198,1.2449918985366821,0.9874,1.245,-7.693672180231204e-06,-8.101463317977675e-06,0.8558178544044495,0.768562376499176,scored_both,scored_both
1A9Q,A:HPA:290,eligible_exact_graph,0.4018225073814392,5.783487319946289,0.4018,5.7835,2.2507381439218488e-05,-1.2680053711022765e-05,1.0,0.28057199716567993,scored_both,scored_both
1A9U,A:SB2:800,eligible_stereochemistry_review,1.1845651865005493,8.217476844787598,1.1846,8.2175,-3.481349945078094e-05,-2.315521240170426e-05,0.804724395275116,0.1362484097480774,scored_both,scored_both
1AAQ,B:PSI:100,eligible_stereochemistry_review,1.9603363275527954,,1.9603,7.7191,3.6327552795478724e-05,,0.8071160912513733,,scored_both,partial_or_no_metrics
1AD8,H:MDL:250,eligible_stereochemistry_review,31.779958724975586,2.790210008621216,31.78,2.7902,-4.127502441519937e-05,1.0008621215806812e-05,0.0,0.5745877027511597,scored_both,scored_both
1ADD,A:1DA:353,eligible_stereochemistry_review,0.44906893372535706,2.662432909011841,0.4491,2.6624,-3.1066274642943537e-05,3.2909011840942526e-05,0.978537380695343,0.5600845217704773,scored_both,scored_both
1ADL,A:ACD:135,eligible_exact_graph,1.909705638885498,,1.9097,3.9826,5.638885498093771e-06,,0.6713483333587646,,scored_both,partial_or_no_metrics
1AF2,A:U5P:295,eligible_stereochemistry_review,,20.005508422851562,1.2061,20.0055,,8.422851561107336e-06,,0.0,partial_or_no_metrics,scored_both
1AI4,B:DHY:559,eligible_stereochemistry_review,0.48011454939842224,5.936252117156982,0.4801,5.9363,1.4549398422214477e-05,-4.7882843017710286e-05,0.9643765687942505,0.2390151470899582,scored_both,scored_both
1AI5,B:MNP:559,eligible_stereochemistry_review,0.5812058448791504,6.202001094818115,0.5812,6.202,5.844879150340709e-06,1.0948181152770076e-06,0.9529411792755127,0.2545219659805298,scored_both,scored_both
1AI7,B:IPH:559,eligible_exact_graph,0.22519688308238983,5.006893634796143,0.2252,5.0069,-3.116917610179737e-06,-6.365203857328083e-06,1.0,0.3276869058609009,scored_both,scored_both
1AJP,A:OMD:210,eligible_stereochemistry_review,0.5237276554107666,6.575437068939209,0.5237,6.5754,2.7655410766547206e-05,3.706893920885079e-05,0.9605942964553833,0.21740637719631195,scored_both,scored_both
1AJQ,B:SPA:559,eligible_exact_graph,0.17155548930168152,1.9780302047729492,0.1716,1.978,-4.451069831848398e-05,3.020477294923829e-05,1.0,0.6543750166893005,scored_both,scored_both
1AKQ,A:FMN:149,eligible_stereochemistry_review,0.5908114314079285,,0.5908,5.5299,1.1431407928474968e-05,,0.9662036895751953,,scored_both,partial_or_no_metrics
1AKR,A:FMN:149,eligible_stereochemistry_review,0.4734607934951782,2.5824599266052246,0.4735,2.5825,-3.920650482175381e-05,-4.007339477540839e-05,0.9767216444015503,0.6174623370170593,scored_both,scored_both
1AKT,A:FMN:149,eligible_stereochemistry_review,0.8502015471458435,2.977358341217041,0.8502,2.9774,1.5471458435500907e-06,-4.165878295880887e-05,0.9231982231140137,0.5526315569877625,scored_both,scored_both
1AKU,A:FMN:150,eligible_exact_graph,0.3017384111881256,2.426164150238037,0.3017,2.4262,3.841118812558664e-05,-3.584976196302492e-05,1.0,0.6045694351196289,scored_both,scored_both
1AKV,A:FMN:152,eligible_stereochemistry_review,1.0328928232192993,3.1906189918518066,1.0329,3.1906,-7.176780700612895e-06,1.8991851806759996e-05,0.8784140944480896,0.5383184552192688,scored_both,scored_both
1AKW,A:FMN:149,eligible_stereochemistry_review,0.5248435139656067,2.9172024726867676,0.5248,2.9172,4.351396560664522e-05,2.472686767784893e-06,0.9798933863639832,0.6040650606155396,scored_both,scored_both
1AL7,A:HST:361,eligible_exact_graph,0.8838716149330139,6.5836639404296875,0.8839,6.5837,-2.838506698610299e-05,-3.605957031282969e-05,0.9053347110748291,0.25881683826446533,scored_both,scored_both
1AL8,A:DHP:361,eligible_exact_graph,0.687837541103363,2.9398725032806396,0.6878,2.9399,3.754110336307015e-05,-2.749671936053133e-05,0.9461153149604797,0.5813131332397461,scored_both,scored_both
1AMK,A:PGA:600,eligible_exact_graph,0.35049599409103394,3.1503121852874756,0.3505,3.1503,-4.005908966042693e-06,1.2185287475485751e-05,1.0,0.525627613067627,scored_both,scored_both
1AMN,A:NAF:594,eligible_stereochemistry_review,0.41721153259277344,3.185206890106201,0.4172,3.1852,1.1532592773422223e-05,6.890106201140611e-06,0.9862831830978394,0.5019329786300659,scored_both,scored_both
1AQ1,A:STU:299,eligible_stereochemistry_review,,1.1000213623046875,1.5124,1.1,,2.1362304687411182e-05,,0.8264508843421936,partial_or_no_metrics,scored_both
1AU0,A:SDK:300,eligible_stereochemistry_review,3.5214016437530518,,3.5214,6.1522,1.6437530518942367e-06,,0.6574150919914246,,scored_both,partial_or_no_metrics
1AU2,A:POS:300,eligible_stereochemistry_review,5.476499080657959,4.852266788482666,5.4765,4.8523,-9.19342040717197e-07,-3.321151733359784e-05,0.4638602137565613,0.3266574442386627,scored_both,scored_both
1AUJ,A:PPB:247,eligible_stereochemistry_review,2.0335183143615723,,2.0335,3.5922,1.831436157218036e-05,,0.7621384263038635,,scored_both,partial_or_no_metrics
1AVN,A:HSM:264,eligible_exact_graph,0.3487129509449005,3.5561540126800537,0.3487,3.5562,1.2950944900502748e-05,-4.5987319946316774e-05,1.0,0.4193989038467407,scored_both,scored_both
1AWF,H:GR4:1,eligible_exact_graph,4.6340556144714355,6.936342239379883,4.6341,6.9363,-4.438552856456113e-05,4.223937988268034e-05,0.5568091869354248,0.2714715600013733,scored_both,scored_both
1AX0,A:A2G:401,eligible_stereochemistry_review,0.6347141861915588,1.6240304708480835,0.6347,1.624,1.4186191558795969e-05,3.047084808338596e-05,0.9696030020713806,0.7386363744735718,scored_both,scored_both
1AXR,A:HTP:998,eligible_stereochemistry_review,1.2691090106964111,1.1118950843811035,1.2691,1.1119,9.010696411237973e-06,-4.915618896594864e-06,0.8320895433425903,0.846666693687439,scored_both,scored_both
1AYU,A:INA:300,eligible_stereochemistry_review,1.9718822240829468,,1.9719,6.1684,-1.77759170532088e-05,,0.7328821420669556,,scored_both,partial_or_no_metrics
1AYV,A:IN6:300,eligible_stereochemistry_review,14.420859336853027,,14.4209,5.1656,-4.066314697226403e-05,,0.1234293207526207,,scored_both,partial_or_no_metrics
1AZL,A:FMN:149,eligible_stereochemistry_review,0.852088987827301,,0.8521,2.5241,-1.1012172698943168e-05,,0.9052995443344116,,scored_both,partial_or_no_metrics
1AZM,A:AZM:262,eligible_exact_graph,1.2681022882461548,2.248948574066162,1.2681,2.2489,2.2882461547801825e-06,4.857406616221027e-05,0.8740208745002747,0.5908119678497314,scored_both,scored_both
1B0F,A:SEI:300,eligible_stereochemistry_review,1.4415849447250366,2.924241542816162,1.4416,2.9242,-1.5055274963371446e-05,4.15428161621989e-05,0.8565656542778015,0.572102427482605,scored_both,scored_both
1B2I,A:AMH:84,eligible_exact_graph,,,0.9521,5.3402,,,,,partial_or_no_metrics,partial_or_no_metrics
1B39,A:ATP:381,eligible_stereochemistry_review,0.9033573269844055,,0.9034,3.5694,-4.267301559446324e-05,,0.8873196840286255,,scored_both,partial_or_no_metrics
1B4D,A:CRA:998,eligible_stereochemistry_review,1.078890085220337,2.2219436168670654,1.0789,2.2219,-9.914779663056095e-06,4.36168670652215e-05,0.878912091255188,0.6452321410179138,scored_both,scored_both
1B56,A:PLM:136,eligible_exact_graph,2.2116541862487793,4.238051414489746,2.2117,4.2381,-4.5813751220702414e-05,-4.858551025410662e-05,0.6620036363601685,0.46397942304611206,scored_both,scored_both
1B5G,H:0ZE:372,eligible_stereochemistry_review,8.931625366210938,,8.9316,5.6041,2.536621093796043e-05,,0.25858670473098755,,scored_both,partial_or_no_metrics
1B74,A:DGN:538,eligible_exact_graph,0.5991193056106567,,0.5991,6.2399,1.9305610656772387e-05,,0.9564777612686157,,scored_both,partial_or_no_metrics
1B8N,A:IMG:600,eligible_stereochemistry_review,1.2247283458709717,1.593995213508606,1.2247,1.594,2.8345870971779874e-05,-4.7864913941264575e-06,0.8261474370956421,0.7229817509651184,scored_both,scored_both
1B8O,A:IMH:600,eligible_stereochemistry_review,1.005661129951477,3.465691566467285,1.0057,3.4657,-3.887004852298759e-05,-8.433532714846592e-06,0.8899224996566772,0.4425448477268219,scored_both,scored_both
1B9S,A:FDI:468,eligible_stereochemistry_review,0.5501151084899902,2.9917054176330566,0.5501,2.9917,1.510848999020098e-05,5.417633056836735e-06,0.9639959335327148,0.5161845684051514,scored_both,scored_both
1B9T,A:RAI:468,eligible_stereochemistry_review,0.6394333839416504,4.404410362243652,0.6394,4.4044,3.3383941650422244e-05,1.0362243652473069e-05,0.9405360221862793,0.3424731194972992,scored_both,scored_both
1B9V,A:RA2:468,eligible_stereochemistry_review,1.3481847047805786,4.891164302825928,1.3482,4.8912,-1.5295219421451733e-05,-3.56971740727019e-05,0.7748618721961975,0.2945402264595032,scored_both,scored_both
1BA8,B:0IT:1,eligible_stereochemistry_review,,4.106746196746826,0.8365,4.1067,,4.619674682615482e-05,,0.4092920422554016,partial_or_no_metrics,scored_both
1BCD,A:FMS:500,eligible_exact_graph,0.39839768409729004,2.8073229789733887,0.3984,2.8073,-2.315902709937312e-06,2.2978973388543267e-05,0.9903509020805359,0.5774559378623962,scored_both,scored_both
1BCU,H:PRL:280,eligible_stereochemistry_review,4.535203456878662,3.9633469581604004,4.5352,3.9633,3.4568786624333825e-06,4.695816040056755e-05,0.41437801718711853,0.512499988079071,scored_both,scored_both
1BDR,B:IM1:400,eligible_stereochemistry_review,0.6748670935630798,,0.6749,5.1148,-3.290643692022144e-05,,0.9355828166007996,,scored_both,partial_or_no_metrics
1BGQ,A:RDC:300,eligible_exact_graph,1.7246003150939941,1.6026880741119385,1.7246,1.6027,3.150939942297981e-07,-1.1925888061536938e-05,0.6964017748832703,0.7167448997497559,scored_both,scored_both
1BHX,F:R56:1,eligible_stereochemistry_review,3.9458260536193848,,3.9458,3.4889,2.6053619384569515e-05,,0.4887295067310333,,scored_both,partial_or_no_metrics
1BIO,A:SOA:244,eligible_stereochemistry_review,0.29932278394699097,3.1512200832366943,0.2993,3.1512,2.2783946990956316e-05,2.0083236694556916e-05,0.9992514848709106,0.5441810488700867,scored_both,scored_both
1BIW,B:S80:401,eligible_stereochemistry_review,4.766752243041992,12.011549949645996,41.2572,29.4965,-36.490447756958005,-17.484950050354005,0.5520588159561157,0.0648864209651947,scored_both,scored_both
1BJI,A:DPC:479G,eligible_stereochemistry_review,0.8595950603485107,2.399345874786377,0.8596,2.3993,-4.9396514892885435e-06,4.5874786376742804e-05,0.8880323171615601,0.5988943576812744,scored_both,scored_both
1BKY,A:1MC:600,eligible_exact_graph,0.14057643711566925,3.4884750843048096,0.1406,3.4885,-2.3562884330752265e-05,-2.4915695190586007e-05,1.0,0.4790268540382385,scored_both,scored_both
1BL6,A:SB6:800,eligible_stereochemistry_review,0.7567630410194397,,0.7568,4.5947,-3.695898056033098e-05,,0.9324596524238586,,scored_both,partial_or_no_metrics
1BL7,A:SB4:800,eligible_stereochemistry_review,1.1138242483139038,2.215672016143799,1.1138,2.2157,2.424831390390736e-05,-2.7983856201174717e-05,0.8337339758872986,0.6128906011581421,scored_both,scored_both
1BMK,A:SB5:800,eligible_stereochemistry_review,1.9801652431488037,3.947578191757202,1.9802,3.9476,-3.475685119624927e-05,-2.180824279784943e-05,0.7232730388641357,0.3937408924102783,scored_both,scored_both
1BMQ,A:MNO:601,eligible_stereochemistry_review,3.094277858734131,,3.0943,5.2269,-2.2141265869191074e-05,,0.575042188167572,,scored_both,partial_or_no_metrics
1BN3,A:AL6:555,eligible_stereochemistry_review,0.694577157497406,1.1328701972961426,0.6946,1.1329,-2.2842502593989344e-05,-2.9802703857439994e-05,0.9572301506996155,0.8603773713111877,scored_both,scored_both
1BNM,A:AL8:555,eligible_stereochemistry_review,3.1189351081848145,,3.1189,2.0919,3.510818481444744e-05,,0.7191666960716248,,scored_both,partial_or_no_metrics
1BNN,A:AL1:555,eligible_stereochemistry_review,1.068839192390442,1.5081464052200317,1.0688,1.5081,3.919239044192224e-05,4.640522003174219e-05,0.8829681277275085,0.7841506004333496,scored_both,scored_both
1BNQ,A:AL4:555,eligible_stereochemistry_review,0.6223896741867065,1.97482168674469,0.6224,1.9748,-1.0325813293410313e-05,2.168674468983056e-05,0.9510869383811951,0.7180033922195435,scored_both,scored_both
1BNT,A:AL2:555,eligible_stereochemistry_review,1.6019295454025269,0.573637068271637,1.6019,0.5736,2.954540252675386e-05,3.7068271636964134e-05,0.8049242496490479,0.9867346882820129,scored_both,scored_both
1BNU,A:AL3:555,eligible_stereochemistry_review,0.9693785905838013,1.0510179996490479,0.9694,1.051,-2.1409416198769904e-05,1.7999649047917288e-05,0.9131736755371094,0.8394454121589661,scored_both,scored_both
1BNV,A:AL7:555,eligible_stereochemistry_review,1.3223892450332642,,1.3224,1.7725,-1.0754966735859739e-05,,0.7877442240715027,,scored_both,partial_or_no_metrics
1BNW,A:TPD:555,eligible_exact_graph,0.5777701735496521,,0.5778,3.0977,-2.9826450347880673e-05,,0.970308780670166,,scored_both,partial_or_no_metrics
1BO5,O:FBP:502,eligible_stereochemistry_review,35.29859161376953,39.42011642456055,80.3703,81.2166,-45.07170838623047,-41.79648357543945,0.0,0.0,scored_both,scored_both
1BP0,A:UMP:317,eligible_stereochemistry_review,0.8305591940879822,11.806777000427246,0.8306,11.8068,-4.080591201782724e-05,-2.299957275475606e-05,0.905024528503418,0.06357388198375702,scored_both,scored_both
1BQ4,A:BHC:302,eligible_stereochemistry_review,3.589343786239624,30.431520462036133,3.5893,30.4315,4.378623962386641e-05,2.0462036133039874e-05,0.45659971237182617,0.0,scored_both,scored_both
1BQN,A:HBY:559,eligible_exact_graph,,2.572777032852173,1.4677,2.5728,,-2.296714782712428e-05,,0.5583916306495667,partial_or_no_metrics,scored_both
1BTN,A:I3P:107,eligible_stereochemistry_review,1.2232059240341187,3.2592008113861084,1.2232,3.2592,5.924034118587329e-06,8.11386108523493e-07,0.819252073764801,0.466292142868042,scored_both,scored_both
1BUX,A:PPS:160,eligible_exact_graph,2.464026927947998,,36.3001,17.1205,-33.836073072052,,0.7496093511581421,,scored_both,partial_or_no_metrics
1BV7,A:XV6:638,eligible_stereochemistry_review,,2.583259344100952,3.2127,2.6451,,-0.061840655899047636,,0.5676240921020508,partial_or_no_metrics,scored_both
1BWB,B:146:641,eligible_stereochemistry_review,2.9688429832458496,5.638682842254639,2.9688,5.6387,4.2983245849725904e-05,-1.71577453613736e-05,0.6389680504798889,0.34799420833587646,scored_both,scored_both
1BXO,A:PP7:324,eligible_stereochemistry_review,,,1.8565,2.6503,,,,,partial_or_no_metrics,partial_or_no_metrics
1BXQ,A:PP8:324,eligible_stereochemistry_review,0.6513766646385193,,0.6514,4.9863,-2.333536148069193e-05,,0.9435721039772034,,scored_both,partial_or_no_metrics
1BZC,A:TPI:902,eligible_stereochemistry_review,1.2499818801879883,,1.25,5.2364,-1.811981201171875e-05,,0.8287914395332336,,scored_both,partial_or_no_metrics
1BZJ,A:PIC:301,eligible_stereochemistry_review,1.6630135774612427,2.3494069576263428,1.663,2.3494,1.357746124264203e-05,6.957626342618539e-06,0.8416058421134949,0.6580419540405273,scored_both,scored_both
1C12,A:TRZ:215,eligible_stereochemistry_review,0.52642422914505,6.470105171203613,0.5264,6.4701,2.422914505006979e-05,5.1712036128748196e-06,0.9410211443901062,0.3120967745780945,scored_both,scored_both
1C29,A:HE1:270,eligible_stereochemistry_review,0.35226550698280334,2.096658945083618,0.3523,2.0967,-3.4493017196657316e-05,-4.1054916381622064e-05,0.9921602606773376,0.7002881765365601,scored_both,scored_both
1C4Y,2:IH3:370,eligible_stereochemistry_review,1.207213282585144,,1.2072,2.4209,1.3282585143992165e-05,,0.8202764987945557,,scored_both,partial_or_no_metrics
1C5Z,B:BEN:251,eligible_exact_graph,,,0.2773,1.1727,,,,,partial_or_no_metrics,partial_or_no_metrics
1C84,A:761:301,eligible_exact_graph,0.3067890703678131,1.6028251647949219,0.3068,1.6028,-1.092963218690679e-05,2.5164794921872513e-05,0.9917491674423218,0.7343096137046814,scored_both,scored_both
1C85,A:OBA:301,eligible_exact_graph,0.3058864176273346,1.2033411264419556,0.3059,1.2033,-1.3582372665410514e-05,4.112644195553017e-05,0.9976325631141663,0.8047263622283936,scored_both,scored_both
1C86,A:OPA:301,eligible_exact_graph,0.3542388677597046,2.7154648303985596,0.3542,2.7155,3.886775970457501e-05,-3.5169601440454556e-05,0.991782009601593,0.6187499761581421,scored_both,scored_both
1C87,A:OPA:301,eligible_exact_graph,0.39950457215309143,0.9118049144744873,0.3995,0.9118,4.572153091408904e-06,4.914474487249798e-06,0.9818339347839355,0.8816666603088379,scored_both,scored_both
1C88,A:OTA:301,eligible_exact_graph,0.351600706577301,2.4430174827575684,0.3516,2.443,7.065773010017651e-07,1.748275756829898e-05,0.9937499761581421,0.6427125334739685,scored_both,scored_both
1C8L,A:BIN:930,eligible_stereochemistry_review,4.87553596496582,,4.8755,13.3124,3.596496582058961e-05,,0.3520806133747101,,scored_both,partial_or_no_metrics
1C8V,A:HE1:270,eligible_stereochemistry_review,0.6429198980331421,2.474256753921509,0.6429,2.4743,1.9898033142062843e-05,-4.3246078491154805e-05,0.9368420839309692,0.6212011575698853,scored_both,scored_both
1C9D,A:HF1:270,eligible_stereochemistry_review,0.5089976191520691,3.0239319801330566,0.509,3.0239,-2.3808479309161967e-06,3.198013305683034e-05,0.963567852973938,0.5144171714782715,scored_both,scored_both
1CBX,A:BZS:500,eligible_exact_graph,0.2295682281255722,2.4293618202209473,0.2296,2.4294,-3.1771874427793945e-05,-3.817977905251624e-05,1.0,0.5891376733779907,scored_both,scored_both
1CET,A:CLQ:1001,eligible_exact_graph,0.839542031288147,4.336542129516602,0.8395,4.3365,4.2031288146948675e-05,4.2129516601541184e-05,0.9890410900115967,0.38566434383392334,scored_both,scored_both
1CH8,A:GPX:432,eligible_stereochemistry_review,1.0542105436325073,3.641810178756714,1.0542,3.6418,1.0543632507298284e-05,1.0178756713941084e-05,0.8992842435836792,0.46348533034324646,scored_both,scored_both
1CI7,A:CB3:768,eligible_stereochemistry_review,1.316343903541565,10.419899940490723,1.0358,10.4082,0.2805439035415649,0.011699940490721872,0.8538107872009277,0.0622020959854126,scored_both,scored_both
1CIL,A:ETS:263,eligible_stereochemistry_review,0.5080219507217407,1.5110057592391968,0.508,1.511,2.195072174071555e-05,5.759239196878596e-06,0.98549884557724,0.7795918583869934,scored_both,scored_both
1CIM,A:PTS:264,eligible_stereochemistry_review,0.8337602019309998,1.125765085220337,0.8338,1.1258,-3.979806900022975e-05,-3.491477966299783e-05,0.9220489859580994,0.819327712059021,scored_both,scored_both
1CIN,A:MTS:264,eligible_stereochemistry_review,1.3982380628585815,1.1531360149383545,1.3982,1.1531,3.8062858581433545e-05,3.601493835447833e-05,0.8144490718841553,0.8292553424835205,scored_both,scored_both
1CIZ,A:DPS:307,eligible_stereochemistry_review,2.2669551372528076,,2.267,2.8925,-4.486274719228689e-05,,0.7595198750495911,,scored_both,partial_or_no_metrics
1CLU,A:DBG:167,eligible_stereochemistry_review,1.2832427024841309,3.202303171157837,1.2832,3.2023,4.2702484130963114e-05,3.1711578367676907e-06,0.8507194519042969,0.4891902506351471,scored_both,scored_both
1CNW,A:EG1:555,eligible_exact_graph,1.617313027381897,,1.6173,2.7951,1.3027381897012802e-05,,0.8102803826332092,,scored_both,partial_or_no_metrics
1CNY,A:EG3:555,eligible_stereochemistry_review,2.0045735836029053,,2.0046,5.4652,-2.6416397094664035e-05,,0.8779296875,,scored_both,partial_or_no_metrics
1CP6,A:BUB:601,eligible_exact_graph,0.3786696791648865,3.15730619430542,0.3787,3.1573,-3.0320835113506472e-05,6.194305419704449e-06,0.9938650131225586,0.513671875,scored_both,scored_both
1CS4,B:101:1082,eligible_stereochemistry_review,53.154747009277344,48.171661376953125,53.1548,48.1717,-5.2990722657852984e-05,-3.862304687629603e-05,0.0,0.0,scored_both,scored_both
1CTR,A:TFP:153,eligible_stereochemistry_review,0.6694207787513733,5.581586837768555,0.6694,5.5816,2.077875137329599e-05,-1.316223144520734e-05,0.9292635917663574,0.32754629850387573,scored_both,scored_both
1CTT,A:DHZ:295,eligible_stereochemistry_review,1.0317413806915283,13.405713081359863,1.0317,13.4057,4.138069152825885e-05,1.3081359863775788e-05,0.8847305178642273,0.018634840846061707,scored_both,scored_both
1CTU,A:ZEB:295,eligible_stereochemistry_review,0.7632627487182617,10.323739051818848,0.7633,10.3237,-3.7251281738259756e-05,3.9051818847113395e-05,0.9344795346260071,0.08535598963499069,scored_both,scored_both
1CW2,A:HSP:270,eligible_representation_review,0.7215721607208252,2.394599676132202,0.7216,2.3946,-2.7839279174823872e-05,-3.238677979133797e-07,0.9400656819343567,0.6411290168762207,scored_both,scored_both
1CX9,A:NHP:270,eligible_stereochemistry_review,0.9655551314353943,2.8417747020721436,0.9656,2.8418,-4.4868564605726746e-05,-2.5297927856549052e-05,0.8745915293693542,0.5297062993049622,scored_both,scored_both
1CZC,A:GUA:414,eligible_exact_graph,0.8998611569404602,6.388504505157471,0.8999,6.3885,-3.884305953982814e-05,4.505157471079713e-06,0.8976833820343018,0.21792034804821014,scored_both,scored_both
1CZE,A:SIN:414,eligible_exact_graph,0.6262177228927612,5.416463851928711,0.6262,5.4165,1.7722892761251607e-05,-3.614807128915487e-05,0.9497863054275513,0.3150969445705414,scored_both,scored_both
1CZK,A:FMN:170,eligible_stereochemistry_review,0.7952853441238403,,0.7953,2.6493,-1.4655876159674897e-05,,0.9550949931144714,,scored_both,partial_or_no_metrics
1CZL,A:FMN:170,eligible_stereochemistry_review,0.587967574596405,,0.588,2.9603,-3.242540359493784e-05,,0.9563318490982056,,scored_both,partial_or_no_metrics
1CZO,A:FMN:170,eligible_stereochemistry_review,0.6047977805137634,2.590254306793213,0.6048,2.5903,-2.219486236576529e-06,-4.569320678715627e-05,0.9642542004585266,0.5981192588806152,scored_both,scored_both
1CZR,A:FMN:170,eligible_exact_graph,0.28746291995048523,,0.2875,2.4828,-3.70800495147483e-05,,0.9939352869987488,,scored_both,partial_or_no_metrics
1D04,A:FMN:170,eligible_stereochemistry_review,0.5410683155059814,,0.5411,2.7747,-3.168449401858009e-05,,0.9711707830429077,,scored_both,partial_or_no_metrics
1D2S,A:DHT:301,eligible_stereochemistry_review,1.2696079015731812,5.328202724456787,1.2696,5.3282,7.901573181090527e-06,2.7244567872841685e-06,0.8174114227294922,0.27944639325141907,scored_both,scored_both
1D3Q,B:BT2:400,eligible_stereochemistry_review,1.625556230545044,3.205221652984619,1.6256,3.2052,-4.376945495598861e-05,2.1652984619091598e-05,0.9013009071350098,0.6602813005447388,scored_both,scored_both
1D4H,B:BEH:501,eligible_stereochemistry_review,0.8643324375152588,2.3360331058502197,0.8643,10.9577,3.243751525883187e-05,-8.621666894149781,0.8890817761421204,0.6266708970069885,scored_both,scored_both
1D4I,A:BEG:501,eligible_stereochemistry_review,1.773155927658081,3.2455503940582275,10.9569,3.2456,-9.183744072341918,-4.960594177250144e-05,0.769335150718689,0.47679439187049866,scored_both,scored_both
1D4J,B:MSC:501,eligible_stereochemistry_review,,3.2071914672851562,10.6552,10.7832,,-7.5760085327148445,,0.49985843896865845,partial_or_no_metrics,scored_both
1D4Y,A:TPV:501,eligible_stereochemistry_review,2.96305251121521,,2.9631,5.4054,-4.7488784789884164e-05,,0.7195318937301636,,scored_both,partial_or_no_metrics
1D6W,A:00R:380,eligible_exact_graph,1.0480395555496216,,1.048,2.6174,3.95555496215394e-05,,0.8382206559181213,,scored_both,partial_or_no_metrics
1D9I,A:00P:380,eligible_stereochemistry_review,1.0295661687850952,2.716597557067871,1.0296,2.7166,-3.3831214904855855e-05,-2.442932129032016e-06,0.8770883083343506,0.5632352828979492,scored_both,scored_both
1DAR,A:GDP:692,eligible_stereochemistry_review,0.9986415505409241,,0.9986,2.4669,4.15505409240291e-05,,0.9250326156616211,,scored_both,partial_or_no_metrics
1DB1,A:VDX:428,eligible_exact_graph,0.8297221064567566,2.4581284523010254,0.8297,2.4581,2.2106456756598725e-05,2.8452301025438942e-05,0.90220046043396,0.5992891192436218,scored_both,scored_both
1DB5,A:6IN:200,eligible_stereochemistry_review,0.5202621817588806,2.67818021774292,0.5203,2.6782,-3.781824111936949e-05,-1.978225707999215e-05,0.9723719954490662,0.5605527758598328,scored_both,scored_both
1DBB,H:STR:229,eligible_stereochemistry_review,2.930189847946167,5.5893707275390625,2.9302,5.5894,-1.0152053833145658e-05,-2.927246093786806e-05,0.5866851806640625,0.3113463521003723,scored_both,scored_both
1DBJ,H:AE2:229,eligible_stereochemistry_review,5.405098915100098,4.102453231811523,5.4051,4.1025,-1.084899902359382e-06,-4.676818847659803e-05,0.2828125059604645,0.43081918358802795,scored_both,scored_both
1DBK,H:ANO:229,eligible_stereochemistry_review,2.686715602874756,3.2597060203552246,2.6867,3.2597,1.5602874755771268e-05,6.020355224567453e-06,0.5904411673545837,0.4787299633026123,scored_both,scored_both
1DET,A:2GP:105,eligible_stereochemistry_review,4.716221332550049,4.257184028625488,4.7162,4.2572,2.1332550049102394e-05,-1.5971374511813963e-05,0.35981011390686035,0.3125,scored_both,scored_both
1DG9,A:EPE:201,eligible_stereochemistry_review,0.5688884258270264,1.8468754291534424,0.5689,1.8469,-1.1574172973594088e-05,-2.4570846557603332e-05,0.9779236316680908,0.7412621378898621,scored_both,scored_both
1DMP,B:DMQ:450,eligible_stereochemistry_review,3.287846088409424,5.340851783752441,3.2878,5.403,4.608840942399439e-05,-0.062148216247558175,0.613967776298523,0.292086124420166,scored_both,scored_both
1DMT,A:RDF:750,eligible_stereochemistry_review,3.7079250812530518,,3.7079,6.1041,2.5081253051784103e-05,,0.6180490255355835,,scored_both,partial_or_no_metrics
1DRJ,A:RIP:272,eligible_stereochemistry_review,,,0.5866,3.71,,,,,partial_or_no_metrics,partial_or_no_metrics
1DRK,A:RIP:272,eligible_stereochemistry_review,,,1.0224,3.0508,,,,,partial_or_no_metrics,partial_or_no_metrics
1DUD,A:DUD:153,eligible_stereochemistry_review,22.749284744262695,9.271225929260254,22.7493,9.2712,-1.5255737306318906e-05,2.5929260253576558e-05,0.001607717014849186,0.16549648344516754,scored_both,scored_both
1DX6,A:GNT:602,eligible_stereochemistry_review,1.599311113357544,1.3983449935913086,1.5993,1.3983,1.1113357544001445e-05,4.499359130849534e-05,0.7081618905067444,0.7936217188835144,scored_both,scored_both
1DY4,A:SNP:437,eligible_stereochemistry_review,,,3.629,3.0743,,,,,partial_or_no_metrics,partial_or_no_metrics
1E1Y,A:CPB:940,eligible_stereochemistry_review,1.116322636604309,11.512954711914062,1.1163,11.513,2.2636604309012043e-05,-4.5288085937400524e-05,0.9413996338844299,0.0711633637547493,scored_both,scored_both
1E34,B:TPX:280,eligible_stereochemistry_review,1.3039270639419556,,1.3039,3.1655,2.706394195550743e-05,,0.8481996655464172,,scored_both,partial_or_no_metrics
1E3G,A:R18:1000,eligible_stereochemistry_review,0.6799566149711609,1.8966000080108643,0.68,1.8966,-4.338502883916018e-05,8.010864194218925e-09,0.9346330165863037,0.6579973697662354,scored_both,scored_both
1E66,A:HUX:803,eligible_stereochemistry_review,0.4934921860694885,4.60546875,0.4935,4.6055,-7.813930511468836e-06,-3.1250000000149214e-05,0.9816446304321289,0.3728029727935791,scored_both,scored_both
1E6S,M:GOX:921,eligible_exact_graph,0.3737625181674957,1.6542556285858154,0.3738,1.6543,-3.74818325042936e-05,-4.437141418467405e-05,0.9830415844917297,0.7250922322273254,scored_both,scored_both
1E72,M:GOX:999,eligible_exact_graph,0.30124279856681824,1.5781738758087158,0.3012,1.5782,4.2798566818214034e-05,-2.612419128422694e-05,0.9967461824417114,0.7354280352592468,scored_both,scored_both
1EAS,A:TFK:1,eligible_stereochemistry_review,0.4977276027202606,,0.4977,2.1892,2.7602720260644364e-05,,0.955719530582428,,scored_both,partial_or_no_metrics
1EBW,A:BEI:501,eligible_stereochemistry_review,0.9655345678329468,3.02276349067688,0.9655,3.0228,3.4567832946752475e-05,-3.6509323120270665e-05,0.8948559761047363,0.5070024132728577,scored_both,scored_both
1EBY,B:BEB:501,eligible_stereochemistry_review,0.9076144099235535,6.057334899902344,0.9076,6.0841,1.4409923553504456e-05,-0.026765100097656536,0.8842592835426331,0.2501051425933838,scored_both,scored_both
1ECV,A:878:301,eligible_stereochemistry_review,0.6711094975471497,0.9188804626464844,0.6711,0.9189,9.49754714962836e-06,-1.9537353515675093e-05,0.9671762585639954,0.8703858852386475,scored_both,scored_both
1EED,P:0EO:327,eligible_stereochemistry_review,3.3185198307037354,,3.3185,5.9145,1.9830703735568278e-05,,0.7594995498657227,,scored_both,partial_or_no_metrics
1ELA,A:0Z1:256,eligible_stereochemistry_review,0.7396262288093567,,0.7396,3.519,2.622880935665428e-05,,0.9297573566436768,,scored_both,partial_or_no_metrics
1ELS,A:PAH:439,eligible_representation_review,0.48392683267593384,2.1339635848999023,0.4839,2.134,2.6832675933841088e-05,-3.641510009755322e-05,0.9711538553237915,0.6355498433113098,scored_both,scored_both
1EM6,A:CP4:862,eligible_exact_graph,1.2352045774459839,8.40622329711914,1.2421,8.4062,-0.006895422554016095,2.329711914050847e-05,0.8701388835906982,0.14198143780231476,scored_both,scored_both
1ENT,E:0EM:822,eligible_stereochemistry_review,0.9467698931694031,,0.9468,6.5021,-3.010683059689878e-05,,0.8878968358039856,,scored_both,partial_or_no_metrics
1EOU,A:SMS:301,eligible_stereochemistry_review,2.3187503814697266,,2.3188,4.8269,-4.961853027340979e-05,,0.6436651349067688,,scored_both,partial_or_no_metrics
1EPO,E:2Z3:327,eligible_stereochemistry_review,0.8200558423995972,,0.8201,5.0646,-4.415760040288319e-05,,0.9169642925262451,,scored_both,partial_or_no_metrics
1EPP,E:1Z1:333,eligible_stereochemistry_review,6.538557052612305,,6.5386,6.4251,-4.2947387695058126e-05,,0.41939985752105713,,scored_both,partial_or_no_metrics
1ERQ,A:BJH:300,eligible_stereochemistry_review,0.49765458703041077,1.6993439197540283,0.4977,1.6993,-4.541296958920915e-05,4.391975402828763e-05,0.9733777046203613,0.7069219350814819,scored_both,scored_both
1EVE,A:E20:2001,eligible_stereochemistry_review,2.1547226905822754,3.9157183170318604,2.1547,3.9157,2.269058227533094e-05,1.8317031860171085e-05,0.7378934621810913,0.43879473209381104,scored_both,scored_both
1F2O,A:LEU:903,eligible_stereochemistry_review,4.466483116149902,2.728464365005493,4.4665,2.7285,-1.6883850097570985e-05,-3.563499450676133e-05,0.43481847643852234,0.5910326242446899,scored_both,scored_both
1F2P,A:PHE:903,eligible_stereochemistry_review,5.138603687286377,2.567176342010498,5.1386,2.5672,3.6872863766745922e-06,-2.365798950210163e-05,0.350632905960083,0.5915178656578064,scored_both,scored_both
1F40,A:GPI:108,eligible_stereochemistry_review,,,2.0543,6.0168,,,,,partial_or_no_metrics,partial_or_no_metrics
1F4X,H:MGS:301,eligible_stereochemistry_review,27.910629272460938,6.198454856872559,27.9106,6.1985,2.927246093875624e-05,-4.514312744152704e-05,0.0,0.2694968581199646,scored_both,scored_both
1F57,A:DCY:308,eligible_exact_graph,0.27634501457214355,2.3461954593658447,0.2763,2.3462,4.5014572143564635e-05,-4.540634155336676e-06,1.0,0.6573660969734192,scored_both,scored_both
1F7B,C:NAV:902,eligible_stereochemistry_review,0.9086813926696777,4.522495746612549,0.9087,4.5225,-1.860733032221784e-05,-4.253387451136348e-06,0.9357394576072693,0.3652200400829315,scored_both,scored_both
1F8B,A:DAN:0,eligible_stereochemistry_review,1.0126605033874512,3.236983060836792,1.0127,3.237,-3.949661254876169e-05,-1.693916320810729e-05,0.9128788113594055,0.4982541799545288,scored_both,scored_both
1F8C,A:4AM:4,eligible_stereochemistry_review,0.7719075083732605,2.2752251625061035,0.7719,2.2752,7.5083732604674935e-06,2.516250610362647e-05,0.9284313917160034,0.6740451455116272,scored_both,scored_both
1F8D,A:9AM:0,eligible_stereochemistry_review,,3.1592607498168945,1.1233,3.1593,,-3.925018310546591e-05,,0.503654956817627,partial_or_no_metrics,scored_both
1F8E,A:49A:0,eligible_stereochemistry_review,0.762690007686615,2.301065683364868,0.7627,2.3011,-9.992313385054352e-06,-3.43166351317592e-05,0.9507797360420227,0.6097152233123779,scored_both,scored_both
1F9G,A:ASC:950,eligible_stereochemistry_review,0.7182822823524475,4.086815357208252,0.7183,4.0868,-1.7717647552539795e-05,1.5357208251742804e-05,0.8875545859336853,0.44948631525039673,scored_both,scored_both
1FAO,A:4IP:274,eligible_stereochemistry_review,1.2587963342666626,,1.2588,5.3177,-3.665733337321342e-06,,0.8258564472198486,,scored_both,partial_or_no_metrics
1FAX,A:DX9:265,eligible_stereochemistry_review,,,0.8491,2.1755,,,,,partial_or_no_metrics,partial_or_no_metrics
1FBM,B:RTL:951,eligible_exact_graph,0.7471200823783875,2.087472915649414,2.513,2.2142,-1.7658799176216124,-0.12672708435058588,0.837436318397522,0.6503703594207764,scored_both,scored_both
1FCX,A:184:450,eligible_exact_graph,0.4122690260410309,3.1621174812316895,0.4123,3.1621,-3.097395896911603e-05,1.7481231689320254e-05,0.9761350154876709,0.5002047419548035,scored_both,scored_both
1FCY,A:564:450,eligible_exact_graph,0.273859441280365,3.6158595085144043,0.2739,3.6159,-4.0558719634986584e-05,-4.049148559559512e-05,0.9967911243438721,0.4519525170326233,scored_both,scored_both
1FCZ,A:156:450,eligible_stereochemistry_review,0.5606921315193176,2.6153879165649414,0.5607,2.6154,-7.868480682349244e-06,-1.208343505876286e-05,0.9653667211532593,0.5763133764266968,scored_both,scored_both
1FE3,A:OLA:133,eligible_exact_graph,1.129530668258667,3.7558021545410156,1.1295,3.7558,3.06682586670437e-05,2.1545410158196887e-06,0.8279467821121216,0.4176136255264282,scored_both,scored_both
1FIG,H:TSA:224,eligible_stereochemistry_review,4.7658514976501465,5.17175817489624,4.7659,5.1718,-4.8502349853762894e-05,-4.182510375994042e-05,0.3412483036518097,0.35739943385124207,scored_both,scored_both
1FKB,A:RAP:108,eligible_exact_graph,,,7.9791,4.479,,,,,partial_or_no_metrics,partial_or_no_metrics
1FKF,A:FK5:108,eligible_exact_graph,2.9924230575561523,6.790710926055908,2.9924,6.7907,2.305755615239491e-05,1.0926055908022647e-05,0.49281609058380127,0.20013995468616486,scored_both,scored_both
1FKW,A:PUR:353,eligible_stereochemistry_review,0.8251299262046814,1.0219359397888184,0.8251,1.0219,2.9926204681451907e-05,3.593978881832882e-05,0.9247491359710693,0.8624595403671265,scored_both,scored_both
1FMB,A:HYB:201,eligible_stereochemistry_review,3.2477240562438965,,3.2477,7.9713,2.405624389645311e-05,,0.7566137313842773,,scored_both,partial_or_no_metrics
1FO2,A:DMJ:704,eligible_stereochemistry_review,1.5710172653198242,3.6163463592529297,1.571,3.6163,1.726531982426671e-05,4.6359252929839556e-05,0.78287672996521,0.47330594062805176,scored_both,scored_both
1FO3,A:KIF:704,eligible_stereochemistry_review,1.0122435092926025,2.907830238342285,1.0122,2.9078,4.350929260255043e-05,3.0238342285215936e-05,0.8668224215507507,0.5209380388259888,scored_both,scored_both
1FPC,H:0ZI:371,eligible_stereochemistry_review,9.380865097045898,,9.3809,3.9289,-3.490295410202293e-05,,0.23168006539344788,,scored_both,partial_or_no_metrics
1FPP,B:FPP:440,eligible_exact_graph,14.955171585083008,4.895343780517578,14.9552,4.8953,-2.8414916991792438e-05,4.378051757836232e-05,0.008646245114505291,0.4093364179134369,scored_both,scored_both
1FQ4,A:2Y2:338,eligible_stereochemistry_review,1.3832581043243408,,1.3833,3.2267,-4.189567565915375e-05,,0.798975944519043,,scored_both,partial_or_no_metrics
1FQ5,A:0GM:338,eligible_stereochemistry_review,2.2265737056732178,1.8516343832015991,2.2266,1.8516,-2.6294326782139166e-05,3.438320159920849e-05,0.6651937365531921,0.6774247288703918,scored_both,scored_both
1FQ6,A:0QF:400,eligible_stereochemistry_review,1.8127168416976929,,1.8127,4.4465,1.684169769289312e-05,,0.7714496850967407,,scored_both,partial_or_no_metrics
1FQ7,A:2Y3:400,eligible_stereochemistry_review,2.192932367324829,,2.1929,3.9459,3.23673248292522e-05,,0.7292886972427368,,scored_both,partial_or_no_metrics
1FQ8,A:2Y4:400,eligible_stereochemistry_review,0.7454042434692383,,0.7454,3.3709,4.2434692383297445e-06,,0.9126865863800049,,scored_both,partial_or_no_metrics
1FT7,A:PLU:500,eligible_exact_graph,0.3443869352340698,,0.3444,1.994,-1.3064765930159705e-05,,0.9948680400848389,,scored_both,partial_or_no_metrics
1FTK,A:KAI:999,eligible_stereochemistry_review,0.9510804414749146,5.80896520614624,0.9511,5.809,-1.9558525085394685e-05,-3.479385375992905e-05,0.869918704032898,0.27251023054122925,scored_both,scored_both
1FV0,A:9AR:401,eligible_stereochemistry_review,,5.828115940093994,4.3955,12.8194,,-6.991284059906006,,0.11920434981584549,partial_or_no_metrics,scored_both
1FV9,A:172:246,eligible_exact_graph,0.1508634388446808,2.1750364303588867,0.1509,2.175,-3.656115531922022e-05,3.6430358886896386e-05,1.0,0.6449903845787048,scored_both,scored_both
1FVT,A:106:299,eligible_stereochemistry_review,0.673830509185791,2.446680784225464,0.6738,2.4467,3.05091857910611e-05,-1.9215774536007757e-05,0.9366196990013123,0.6885837912559509,scored_both,scored_both
1FW0,A:KAI:999,eligible_stereochemistry_review,0.8552285432815552,4.903656005859375,0.8552,4.9037,2.854328155521557e-05,-4.399414062472573e-05,0.9054999947547913,0.338156133890152,scored_both,scored_both
1FWE,C:HAE:989,eligible_exact_graph,0.143479123711586,2.1933741569519043,0.1435,2.1934,-2.087628841399014e-05,-2.5843048095719467e-05,0.9128440618515015,0.6241319179534912,scored_both,scored_both
1FZQ,A:GDP:301,eligible_stereochemistry_review,1.0756984949111938,1.8534687757492065,1.0757,1.8535,-1.5050888062528855e-06,-3.1224250793382424e-05,0.9137709140777588,0.7042253613471985,scored_both,scored_both
1G1D,A:FSB:555,eligible_stereochemistry_review,0.3978296220302582,,0.3978,1.2397,2.9622030258191767e-05,,0.9952038526535034,,scored_both,partial_or_no_metrics
1G37,A:110:900,eligible_stereochemistry_review,,,2.0015,4.8564,,,,,partial_or_no_metrics,partial_or_no_metrics
1G45,A:FSB:555,eligible_stereochemistry_review,0.7268956899642944,1.4403979778289795,0.7269,1.4404,-4.3100357055569916e-06,-2.022171020410468e-06,0.9285714030265808,0.75,scored_both,scored_both
1G46,A:F2B:555,eligible_stereochemistry_review,1.5312120914459229,1.5275932550430298,1.5312,1.5276,1.2091445922957078e-05,-6.744956970283766e-06,0.8450323939323425,0.7639186382293701,scored_both,scored_both
1G48,A:F6B:555,eligible_stereochemistry_review,0.8921815752983093,2.055689573287964,0.8922,2.0557,-1.84247016906669e-05,-1.0426712035993546e-05,0.8810344934463501,0.7074148058891296,scored_both,scored_both
1G4O,A:BSB:555,eligible_exact_graph,0.9897715449333191,0.9359074234962463,0.9898,0.9359,-2.8455066680921348e-05,7.423496246383721e-06,0.936855673789978,0.9145077466964722,scored_both,scored_both
1G52,A:F2B:555,eligible_stereochemistry_review,1.617900013923645,0.7112389206886292,1.6179,0.7112,1.3923645125757389e-08,3.8920688629096034e-05,0.8893616795539856,0.9312499761581421,scored_both,scored_both
1G53,A:F6B:555,eligible_stereochemistry_review,0.7185060381889343,1.5431772470474243,0.7185,1.5432,6.038188934298638e-06,-2.2752952575588736e-05,0.9227467775344849,0.7556818127632141,scored_both,scored_both
1G54,A:FFB:555,eligible_stereochemistry_review,0.6515952348709106,1.4614964723587036,0.6516,1.4615,-4.765129089312481e-06,-3.527641296408035e-06,0.9469387531280518,0.8144859671592712,scored_both,scored_both
1G5F,A:DCE:601,eligible_exact_graph,0.09713850170373917,1.8179974555969238,0.0971,1.818,3.850170373916051e-05,-2.544403076232271e-06,1.0,0.7298136353492737,scored_both,scored_both
1G5S,A:I17:400,eligible_stereochemistry_review,0.5857853889465332,1.5593855381011963,0.5858,1.5594,-1.4611053466784263e-05,-1.4461898803608264e-05,0.9605262875556946,0.7478474974632263,scored_both,scored_both
1G6S,A:S3P:601,eligible_stereochemistry_review,0.8124825358390808,3.033055543899536,0.8125,3.0331,-1.7464160919189453e-05,-4.4456100463996506e-05,0.9334951639175415,0.532099723815918,scored_both,scored_both
1G74,A:OLA:132,eligible_exact_graph,6.788437843322754,,6.7884,4.9299,3.784332275369451e-05,,0.17685475945472717,,scored_both,partial_or_no_metrics
1G7G,A:INX:600,eligible_stereochemistry_review,0.9648497104644775,,0.9648,4.4961,4.971046447754812e-05,,0.8947368264198303,,scored_both,partial_or_no_metrics
1G7V,A:PAI:300,eligible_stereochemistry_review,1.4997315406799316,,1.4997,4.7738,3.1540679931607585e-05,,0.8129770755767822,,scored_both,partial_or_no_metrics
1G9R,A:UPF:401,eligible_stereochemistry_review,1.35952889919281,,1.3595,5.8261,2.889919281012787e-05,,0.7911911606788635,,scored_both,partial_or_no_metrics
1G9S,A:IMP:190,eligible_stereochemistry_review,1.2210474014282227,7.0566325187683105,1.221,27.6076,4.7401428222570985e-05,-20.55096748123169,0.8682659864425659,0.1515679508447647,scored_both,scored_both
1G9T,A:5GP:190,eligible_stereochemistry_review,0.983838677406311,3.7887401580810547,0.9838,32.6381,3.867740631102734e-05,-28.849359841918947,0.8838087320327759,0.38649940490722656,scored_both,scored_both
1GBT,A:GBS:704,eligible_stereochemistry_review,0.6105361580848694,2.90710711479187,0.6105,2.9071,3.615808486934213e-05,7.114791870321824e-06,0.9674757122993469,0.5428109765052795,scored_both,scored_both
1GCA,A:GAL:350,eligible_stereochemistry_review,,,0.7632,3.3559,,,,,partial_or_no_metrics,partial_or_no_metrics
1GFW,A:MSI:1,eligible_stereochemistry_review,2.5943119525909424,2.7424018383026123,2.5943,2.7424,1.1952590942332364e-05,1.8383026123558466e-06,0.699525773525238,0.5492318272590637,scored_both,scored_both
1GFY,A:COL:301,eligible_exact_graph,0.5030001997947693,0.8038603663444519,0.503,0.8039,1.9979476928444484e-07,-3.9633655548043656e-05,0.9762895107269287,0.8837579488754272,scored_both,scored_both
1GGD,C:FAF:301,eligible_stereochemistry_review,1.3243184089660645,,1.3243,4.0876,1.840896606442044e-05,,0.8620154857635498,,scored_both,partial_or_no_metrics
1GGN,A:PLP:999,eligible_stereochemistry_review,9.686776161193848,8.308000564575195,9.6868,8.308,-2.38388061521988e-05,5.645751954830303e-07,0.1378394365310669,0.20363165438175201,scored_both,scored_both
1GPK,A:HUP:1540,eligible_exact_graph,0.2807799279689789,1.7263344526290894,0.2808,1.7263,-2.0072031021112213e-05,3.4452629089409825e-05,0.9956217408180237,0.6907796263694763,scored_both,scored_both
1GPN,A:HUB:1538,eligible_exact_graph,0.36101484298706055,2.196715831756592,0.361,2.1967,1.484298706055931e-05,1.583175659192193e-05,0.9957627058029175,0.6409825086593628,scored_both,scored_both
1GPY,A:G6P:998,eligible_stereochemistry_review,31.580989837646484,28.27566146850586,31.581,28.2757,-1.0162353515141831e-05,-3.853149414112522e-05,0.0,0.0,scored_both,scored_both
1GRP,A:ICT:418,eligible_stereochemistry_review,0.9053772687911987,8.44905948638916,0.9054,8.4491,-2.2731208801252123e-05,-4.051361083945437e-05,0.9198841452598572,0.0690854862332344,scored_both,scored_both
1GVW,A:0EM:401,eligible_stereochemistry_review,1.0736218690872192,,1.0736,7.1845,2.1869087219128502e-05,,0.8666347861289978,,scored_both,partial_or_no_metrics
1GX8,A:RTL:1163,eligible_exact_graph,1.295816421508789,4.9176435470581055,1.2958,4.9176,1.6421508788999617e-05,4.354705810527548e-05,0.8574610352516174,0.34001195430755615,scored_both,scored_both
1GYM,A:MYG:702,eligible_stereochemistry_review,1.3452939987182617,5.462350368499756,1.3453,5.4624,-6.001281738221564e-06,-4.9631500243840776e-05,0.816067636013031,0.35737180709838867,scored_both,scored_both
1GYX,A:BEZ:1077,eligible_exact_graph,0.31229090690612793,13.163056373596191,28.4078,13.1631,-28.095509093093874,-4.362640380861649e-05,0.9697231650352478,0.053402647376060486,scored_both,scored_both
1GZG,B:LAF:1338,eligible_exact_graph,5.775473117828369,17.022363662719727,34.6411,21.4979,-28.865626882171632,-4.475536337280275,0.3013308048248291,0.0008090615156106651,scored_both,scored_both
1H0A,A:I3P:1164,eligible_stereochemistry_review,,,1.5582,5.6283,,,,,partial_or_no_metrics,partial_or_no_metrics
1H0R,A:FA1:200,eligible_stereochemistry_review,0.41626957058906555,3.058267116546631,0.4163,3.0583,-3.0429410934451617e-05,-3.28834533691591e-05,0.9759953022003174,0.5093220472335815,scored_both,scored_both
1H0W,A:207:1299,eligible_stereochemistry_review,0.4077126681804657,,0.4077,2.5186,1.2668180465691403e-05,,0.9858078360557556,,scored_both,partial_or_no_metrics
1H1H,A:A2P:1134,eligible_stereochemistry_review,,,2.4524,3.1467,,,,,partial_or_no_metrics,partial_or_no_metrics
1H22,A:E10:1536,eligible_stereochemistry_review,1.055946946144104,7.430037498474121,1.0559,7.43,4.6946144103943155e-05,3.749847412137797e-05,0.8611111044883728,0.19254085421562195,scored_both,scored_both
1H23,A:E12:1536,eligible_exact_graph,1.0188273191452026,,1.0188,6.0403,2.731914520270884e-05,,0.860116183757782,,scored_both,partial_or_no_metrics
1H2K,A:OGA:1351,eligible_exact_graph,0.21422885358333588,2.0770394802093506,0.2142,2.077,2.8853583335874955e-05,3.948020935062857e-05,1.0,0.6503667235374451,scored_both,scored_both
1H46,X:RNP:1433,eligible_stereochemistry_review,1.616745114326477,,1.6167,5.8616,4.5114326477024846e-05,,0.789826512336731,,scored_both,partial_or_no_metrics
1H4N,A:TRS:263,eligible_exact_graph,0.5994152426719666,3.12807035446167,0.5994,3.1281,1.5242671966508858e-05,-2.9645538329958754e-05,0.9766790866851807,0.527429461479187,scored_both,scored_both
1H5U,A:CHI:920,eligible_stereochemistry_review,7.870968818664551,13.554443359375,7.871,13.5544,-3.1181335449659286e-05,4.3359375000662226e-05,0.2961236536502838,0.028733765706419945,scored_both,scored_both
1H60,A:STR:500,eligible_stereochemistry_review,1.5510560274124146,3.780656099319458,1.5511,3.7807,-4.397258758537248e-05,-4.390068054194174e-05,0.8282520174980164,0.4708879292011261,scored_both,scored_both
1H61,A:PDN:1366,eligible_stereochemistry_review,1.4838796854019165,3.7337472438812256,1.4839,3.7337,-2.0314598083492896e-05,4.724388122578915e-05,0.832442045211792,0.47740963101387024,scored_both,scored_both
1H62,A:ANB:501,eligible_stereochemistry_review,0.7875974178314209,2.593899965286255,0.7876,2.5939,-2.5821685790683446e-06,-3.4713745211689684e-08,0.9163066744804382,0.5692508816719055,scored_both,scored_both
1H6H,A:PIB:150,eligible_stereochemistry_review,3.0130434036254883,,3.013,4.9782,4.3403625488380726e-05,,0.7630252242088318,,scored_both,partial_or_no_metrics
1HBJ,A:FBQ:1539,eligible_stereochemistry_review,1.8054966926574707,8.478350639343262,1.8055,8.4783,-3.30734252940168e-06,5.063934326088315e-05,0.7271028161048889,0.15644067525863647,scored_both,scored_both
1HBV,A:GAN:600,eligible_stereochemistry_review,3.0015761852264404,4.164887428283691,3.0016,4.1649,-2.3814773559394098e-05,-1.2571716308862335e-05,0.5944170951843262,0.39827126264572144,scored_both,scored_both
1HEG,E:PSI:201,eligible_stereochemistry_review,,,11.8911,9.6507,,,,,partial_or_no_metrics,partial_or_no_metrics
1HI3,A:A2P:999,eligible_stereochemistry_review,,,1.1682,3.8993,,,,,partial_or_no_metrics,partial_or_no_metrics
1HI4,A:A3P:301,eligible_stereochemistry_review,0.929717481136322,3.933875799179077,0.9297,3.9339,1.7481136322050617e-05,-2.4200820922803956e-05,0.9192370176315308,0.38978829979896545,scored_both,scored_both
1HI5,A:ADP:999,eligible_stereochemistry_review,10.169615745544434,10.221969604492188,10.1696,10.222,1.5745544432732572e-05,-3.0395507812031042e-05,0.17550790309906006,0.12336504459381104,scored_both,scored_both
1HIH,B:C20:101,eligible_stereochemistry_review,4.855849742889404,,4.8558,3.9289,4.974288940395866e-05,,0.41295763850212097,,scored_both,partial_or_no_metrics
1HIV,A:1ZK:100,eligible_stereochemistry_review,,,1.5705,3.1373,,,,,partial_or_no_metrics,partial_or_no_metrics
1HK5,A:T44:1008,eligible_stereochemistry_review,9.85980224609375,13.190770149230957,9.8598,13.1908,2.246093750102318e-06,-2.9850769042383263e-05,0.2772952914237976,0.040447898209095,scored_both,scored_both
1HLF,A:GL4:998,eligible_stereochemistry_review,1.8123754262924194,6.513853073120117,1.8124,6.5139,-2.457370758057742e-05,-4.692687988239186e-05,0.774218738079071,0.18817445635795593,scored_both,scored_both
1HMR,A:ELA:133,eligible_exact_graph,0.9924576878547668,5.970743656158447,0.9925,5.9707,-4.231214523320315e-05,4.3656158447369364e-05,0.8656250238418579,0.24940617382526398,scored_both,scored_both
1HMS,A:OLA:133,eligible_exact_graph,0.7326056361198425,,0.7326,3.2522,5.636119842500342e-06,,0.9219924807548523,,scored_both,partial_or_no_metrics
1HMT,A:STE:133,eligible_exact_graph,0.6834060549736023,3.494764804840088,0.6834,3.4948,6.054973602287461e-06,-3.519515991223798e-05,0.9287054538726807,0.4510309398174286,scored_both,scored_both
1HN4,A:MJI:397,eligible_stereochemistry_review,1.0801737308502197,,1.0802,4.5041,-2.6269149780322465e-05,,0.8369191288948059,,scored_both,partial_or_no_metrics
1HOS,A:PHP:400,eligible_stereochemistry_review,,,1.3452,2.9068,,,,,partial_or_no_metrics,partial_or_no_metrics
1HP5,A:NGT:511,eligible_stereochemistry_review,0.7261167168617249,2.706822633743286,0.7261,2.7068,1.6716861724885845e-05,2.263374328626e-05,0.9292792677879333,0.6212000250816345,scored_both,scored_both
1HPX,B:KNI:900,eligible_stereochemistry_review,,,1.4678,10.4713,,,,,partial_or_no_metrics,partial_or_no_metrics
1HTE,A:G23:200,eligible_stereochemistry_review,1.0231150388717651,7.0466203689575195,1.0231,7.0466,1.5038871765238326e-05,2.036895751977852e-05,0.8797945380210876,0.28525933623313904,scored_both,scored_both
1HTI,B:PGA:549,eligible_exact_graph,0.2788662910461426,2.4019551277160645,0.2789,2.402,-3.3708953857403134e-05,-4.487228393568188e-05,1.0,0.5864055156707764,scored_both,scored_both
1HTY,A:MRD:1104,eligible_stereochemistry_review,15.514019966125488,8.261398315429688,15.514,8.2614,1.996612548893495e-05,-1.6845703125767386e-06,0.002217294881120324,0.22465035319328308,scored_both,scored_both
1HVJ,A:A78:800,eligible_stereochemistry_review,,,1.2817,12.1272,,,,,partial_or_no_metrics,partial_or_no_metrics
1HVK,A:A79:800,eligible_stereochemistry_review,,,2.5211,3.6823,,,,,partial_or_no_metrics,partial_or_no_metrics
1HWR,B:216:216,eligible_stereochemistry_review,2.9076309204101562,5.356165885925293,2.9617,5.3702,-0.05406907958984375,-0.014034114074706672,0.6074134111404419,0.3208566904067993,scored_both,scored_both
1HWW,A:SWA:1103,eligible_stereochemistry_review,0.6797438859939575,4.007437229156494,0.6797,4.0074,4.3885993957548664e-05,3.722915649451153e-05,0.9379084706306458,0.4069400727748871,scored_both,scored_both
1HXB,A:ROC:100,eligible_stereochemistry_review,3.5652849674224854,,3.5653,7.5499,-1.5032577514784151e-05,,0.5387396812438965,,scored_both,partial_or_no_metrics
1HXK,A:DMJ:1103,eligible_stereochemistry_review,0.7293695211410522,3.796562433242798,0.7294,3.7966,-3.0478858947802223e-05,-3.756675720234526e-05,0.9258177280426025,0.4703703820705414,scored_both,scored_both
1HXW,B:RIT:301,eligible_exact_graph,1.4066112041473389,,1.4066,4.2346,1.1204147338794712e-05,,0.8729787468910217,,scored_both,partial_or_no_metrics
1I37,A:DHT:201,eligible_stereochemistry_review,0.9816805124282837,1.5033224821090698,0.9817,1.5033,-1.9487571716325647e-05,2.2482109069743572e-05,0.821739137172699,0.7544581890106201,scored_both,scored_both
1I5R,A:HYC:328,eligible_stereochemistry_review,1.1035195589065552,,1.1035,8.3466,1.9558906555250388e-05,,0.859415590763092,,scored_both,partial_or_no_metrics
1I8Z,A:INL:555,eligible_stereochemistry_review,3.8862531185150146,3.238783597946167,3.8863,3.2388,-4.688148498521727e-05,-1.6402053832909047e-05,0.6388130784034729,0.5502976179122925,scored_both,scored_both
1I90,A:INM:555,eligible_stereochemistry_review,1.054102897644043,2.35062313079834,1.0541,2.3506,2.8976440429318018e-06,2.3130798339821013e-05,0.8318965435028076,0.5989747643470764,scored_both,scored_both
1I91,A:INQ:555,eligible_stereochemistry_review,1.4428869485855103,1.8040382862091064,1.4429,1.804,-1.3051414489817503e-05,3.828620910639735e-05,0.8263651728630066,0.7310892343521118,scored_both,scored_both
1I9N,A:IOA:555,eligible_stereochemistry_review,1.8719931840896606,1.2242074012756348,1.872,1.2242,-6.8159103394638265e-06,7.4012756348107445e-06,0.873576283454895,0.8719059228897095,scored_both,scored_both
1I9P,A:IOE:555,eligible_stereochemistry_review,1.9189866781234741,1.3998485803604126,1.919,1.3998,-1.3321876525917986e-05,4.858036041266445e-05,0.8550724387168884,0.8130208253860474,scored_both,scored_both
1IBG,H:OBN:1,eligible_stereochemistry_review,8.563922882080078,9.423662185668945,8.5639,9.4237,2.28820800778351e-05,-3.781433105487508e-05,0.32618510723114014,0.178507998585701,scored_both,scored_both
1IDA,B:0PO:100,eligible_stereochemistry_review,1.1534700393676758,8.574565887451172,1.1535,9.0765,-2.9960632324188552e-05,-0.5019341125488275,0.8702290058135986,0.15328611433506012,scored_both,scored_both
1IDB,B:0DO:100,eligible_stereochemistry_review,1.097168207168579,6.456841468811035,1.0972,6.4568,-3.179283142085154e-05,4.146881103483935e-05,0.8424831032752991,0.231745645403862,scored_both,scored_both
1IE9,A:VDX:500,eligible_exact_graph,0.5847529768943787,,0.5848,2.7895,-4.702310562132439e-05,,0.944345235824585,,scored_both,partial_or_no_metrics
1IEW,A:G2F:620,eligible_stereochemistry_review,0.6335015296936035,3.34721302986145,0.6335,3.3472,1.5296936035635866e-06,1.3029861450242208e-05,0.9473350048065186,0.5289373993873596,scored_both,scored_both
1IF7,A:SBR:555,eligible_stereochemistry_review,1.7301430702209473,,1.7301,4.7311,4.30702209472944e-05,,0.876185953617096,,scored_both,partial_or_no_metrics
1IGB,A:IPO:520,eligible_stereochemistry_review,,,0.7125,2.5695,,,,,partial_or_no_metrics,partial_or_no_metrics
1II5,A:GLU:999,eligible_exact_graph,2.9534995555877686,4.6964497566223145,2.9535,4.6964,-4.4441223145952335e-07,4.9756622314767185e-05,0.5613207817077637,0.33741259574890137,scored_both,scored_both
1IIG,B:3PP:600,eligible_exact_graph,0.19276252388954163,2.9426400661468506,0.1928,2.9426,-3.747611045837318e-05,4.006614685048149e-05,1.0,0.5033186078071594,scored_both,scored_both
1IIH,B:3PG:600,eligible_exact_graph,1.211248755455017,1.5975764989852905,1.2112,1.5976,4.875545501703549e-05,-2.3501014709381707e-05,0.8500000238418579,0.7372978925704956,scored_both,scored_both
1IIQ,A:0ZR:201,eligible_stereochemistry_review,1.28798246383667,,1.288,8.7845,-1.7536163330111876e-05,,0.7989208698272705,,scored_both,partial_or_no_metrics
1IJR,A:CC0:150,eligible_stereochemistry_review,2.557563543319702,4.326150894165039,2.5576,4.3262,-3.6456680297725086e-05,-4.9105834960982975e-05,0.6321808695793152,0.39017608761787415,scored_both,scored_both
1IKT,A:OXN:123,eligible_exact_graph,1.008504033088684,7.652514457702637,1.0085,7.6525,4.033088684129993e-06,1.4457702636860859e-05,0.9076867699623108,0.22154779732227325,scored_both,scored_both
1IKX,A:PNU:2000,eligible_stereochemistry_review,0.5521587133407593,1.408617377281189,0.5522,1.4086,-4.1286659240746815e-05,1.7377281188890592e-05,0.9613323211669922,0.7687841653823853,scored_both,scored_both
1IKY,A:MSD:2000,eligible_stereochemistry_review,1.6075292825698853,5.379343509674072,1.6075,5.3793,2.928256988532496e-05,4.350967407251716e-05,0.7497438788414001,0.30011093616485596,scored_both,scored_both
1IL3,A:7DG:301,eligible_stereochemistry_review,0.33363088965415955,2.5304391384124756,0.3336,2.5304,3.088965415953826e-05,3.91384124753813e-05,0.9976019263267517,0.6363179087638855,scored_both,scored_both
1IL4,A:9DG:301,eligible_exact_graph,0.2588479816913605,1.8478288650512695,0.2588,1.8478,4.7981691360499124e-05,2.886505126942218e-05,1.0,0.7190775871276855,scored_both,scored_both
1IL9,A:MOG:301,eligible_exact_graph,3.9591784477233887,,3.9592,4.083,-2.1552276611380705e-05,,0.4293893277645111,,scored_both,partial_or_no_metrics
1ILH,A:SRL:1,eligible_stereochemistry_review,2.7185096740722656,,2.7185,4.1189,9.674072265486444e-06,,0.6046651005744934,,scored_both,partial_or_no_metrics
1IMX,A:CPQ:101,eligible_stereochemistry_review,4.4063825607299805,7.3299150466918945,4.4064,7.3299,-1.7439270019181663e-05,1.5046691894227138e-05,0.658071756362915,0.355187326669693,scored_both,scored_both
1IVP,B:1ZK:100,eligible_stereochemistry_review,1.3933212757110596,,1.3933,7.7675,2.1275711059587366e-05,,0.8055756688117981,,scored_both,partial_or_no_metrics
1IY7,A:CXA:500,eligible_exact_graph,0.38043278455734253,3.5225942134857178,0.3804,3.5226,3.27845573425134e-05,-5.7865142824020666e-06,0.9837728142738342,0.4589707851409912,scored_both,scored_both
1J01,A:XIL:601,eligible_stereochemistry_review,0.7599710822105408,1.5934901237487793,0.76,1.5935,-2.8917789459237397e-05,-9.876251220619636e-06,0.8946078419685364,0.8211920261383057,scored_both,scored_both
1J17,T:ZEN:1,eligible_stereochemistry_review,0.7871370911598206,1.5737831592559814,0.7871,1.5738,3.709115982053479e-05,-1.684074401864244e-05,0.8919624090194702,0.7183350324630737,scored_both,scored_both
1J5I,A:NCZ:130,eligible_stereochemistry_review,,,0.8098,4.3926,,,,,partial_or_no_metrics,partial_or_no_metrics
1JAK,A:IFG:601,eligible_stereochemistry_review,0.841422975063324,2.2844462394714355,0.8414,2.2844,2.297506332393784e-05,4.6239471435338686e-05,0.892793595790863,0.6873003244400024,scored_both,scored_both
1JAO,A:0D3:1,eligible_stereochemistry_review,,,0.8986,2.9627,,,,,partial_or_no_metrics,partial_or_no_metrics
1JAQ,A:01S:1,eligible_stereochemistry_review,,,1.0996,3.4155,,,,,partial_or_no_metrics,partial_or_no_metrics
1JGL,L:EST:911,eligible_stereochemistry_review,2.7196168899536133,8.894498825073242,2.7196,8.8945,1.6889953613485886e-05,-1.1749267585514644e-06,0.5586228370666504,0.14641819894313812,scored_both,scored_both
1JH1,A:JST:1000,eligible_stereochemistry_review,1.2448045015335083,5.780203819274902,1.2448,5.7802,4.501533508394218e-06,3.819274902561176e-06,0.8436692357063293,0.3248865306377411,scored_both,scored_both
1JII,A:383:421,eligible_stereochemistry_review,1.92580246925354,,1.9258,4.063,2.469253540082761e-06,,0.7342639565467834,,scored_both,partial_or_no_metrics
1JIJ,A:629:421,eligible_stereochemistry_review,1.1165626049041748,2.742683172225952,1.1166,2.7427,-3.739509582523226e-05,-1.6827774047989408e-05,0.9141176342964172,0.5445754528045654,scored_both,scored_both
1JIK,A:545:421,eligible_stereochemistry_review,1.371738076210022,,1.3717,5.9088,3.80762100220533e-05,,0.8250249028205872,,scored_both,partial_or_no_metrics
1JIL,A:485:421,eligible_stereochemistry_review,1.358640432357788,,1.3586,4.4797,4.0432357788056095e-05,,0.8685628771781921,,scored_both,partial_or_no_metrics
1JJ9,A:BBT:1000,eligible_exact_graph,1.2758697271347046,4.265254974365234,1.2759,4.2653,-3.0272865295444262e-05,-4.502563476549426e-05,0.8383487462997437,0.45932304859161377,scored_both,scored_both
1JK7,A:OKA:501,eligible_exact_graph,,5.1844024658203125,1.7043,5.1844,,2.465820312380629e-06,,0.3192974030971527,partial_or_no_metrics,scored_both
1JLD,A:0PP:100,eligible_stereochemistry_review,0.7316756844520569,7.124511241912842,0.7317,7.1245,-2.4315547943132287e-05,1.1241912841519763e-05,0.9239621162414551,0.22422298789024353,scored_both,scored_both
1JMF,A:UMP:317,eligible_stereochemistry_review,0.943936288356781,6.2245259284973145,0.9439,6.2245,3.6288356781044584e-05,2.5928497314531285e-05,0.8798637986183167,0.21709677577018738,scored_both,scored_both
1JMG,A:UMP:317,eligible_stereochemistry_review,1.2805651426315308,6.450293064117432,1.2806,6.4503,-3.4857368469198846e-05,-6.935882568726015e-06,0.8104288578033447,0.2098408043384552,scored_both,scored_both
1JMI,A:UMP:317,eligible_stereochemistry_review,0.9695819020271301,5.454675197601318,0.9696,5.4547,-1.8097972869890455e-05,-2.4802398681522675e-05,0.8725910186767578,0.2895331382751465,scored_both,scored_both
1JN2,P:SFP:1001,eligible_stereochemistry_review,1.4672915935516357,8.392993927001953,1.4673,8.393,-8.406448364306485e-06,-6.072998047557121e-06,0.7931309938430786,0.1593637466430664,scored_both,scored_both
1JT1,A:MCO:700,eligible_stereochemistry_review,1.8336632251739502,5.162192344665527,1.8337,5.1622,-3.6774826049912335e-05,-7.655334473000153e-06,0.7545045018196106,0.2575593888759613,scored_both,scored_both
1JUY,A:H5P:433,eligible_stereochemistry_review,,,1.2905,8.7814,,,,,partial_or_no_metrics,partial_or_no_metrics
1JVP,P:89E:301,eligible_exact_graph,1.2009165287017822,6.303177833557129,1.2009,6.3032,1.6528701782148048e-05,-2.2166442871451864e-05,0.7923588156700134,0.27876630425453186,scored_both,scored_both
1JVU,A:C2P:130,eligible_exact_graph,0.6627035737037659,12.489167213439941,0.6627,12.4892,3.573703765913372e-06,-3.278656005889502e-05,0.963850200176239,0.05837484449148178,scored_both,scored_both
1JZS,A:MRC:1301,eligible_exact_graph,1.5903350114822388,9.53975772857666,1.5903,9.5398,3.5011482238722635e-05,-4.2271423339457215e-05,0.8190559148788452,0.10018797218799591,scored_both,scored_both
1K1O,A:IGN:999,eligible_stereochemistry_review,1.1534661054611206,,1.1535,6.0063,-3.389453887936433e-05,,0.8252518773078918,,scored_both,partial_or_no_metrics
1K2I,1:SN1:400,eligible_stereochemistry_review,0.38238975405693054,3.6169261932373047,0.3824,3.6169,-1.0245943069475683e-05,2.6193237304905637e-05,0.9894209504127502,0.47731316089630127,scored_both,scored_both
1K3T,C:BRZ:960,eligible_stereochemistry_review,0.8579254150390625,19.52776527404785,0.8579,21.0878,2.5415039062504086e-05,-1.5600347259521499,0.909970223903656,0.0,scored_both,scored_both
1K4G,A:AIQ:900,eligible_stereochemistry_review,1.2600719928741455,2.3326661586761475,1.2601,2.3327,-2.8007125854490056e-05,-3.38413238525348e-05,0.825042188167572,0.6265197396278381,scored_both,scored_both
1K4H,A:APQ:900,eligible_stereochemistry_review,0.756958544254303,2.570054531097412,0.757,2.5701,-4.14557456970277e-05,-4.5468902587941784e-05,0.9126908183097839,0.6188589334487915,scored_both,scored_both
1KC7,A:PPR:1000,eligible_exact_graph,0.5310025215148926,5.503083229064941,0.531,5.5031,2.5215148925505915e-06,-1.677093505847438e-05,0.9703264236450195,0.3348861336708069,scored_both,scored_both
1KDK,A:DHT:301,eligible_stereochemistry_review,0.5520027279853821,5.229372978210449,0.552,5.2294,2.727985382033893e-06,-2.7021789550829567e-05,0.969462513923645,0.26545894145965576,scored_both,scored_both
1KF0,A:ACP:418,eligible_stereochemistry_review,1.8336938619613647,3.706022262573242,1.8337,3.706,-6.1380386353615535e-06,2.226257324222658e-05,0.7398316860198975,0.50048828125,scored_both,scored_both
1KM3,A:UP6:2001,eligible_stereochemistry_review,0.9939118027687073,2.755063533782959,0.9939,2.7551,1.1802768707269706e-05,-3.6466217041120075e-05,0.8959821462631226,0.5359792113304138,scored_both,scored_both
1KMV,A:LII:201,eligible_stereochemistry_review,0.47307366132736206,2.575410842895508,0.4731,2.5754,-2.633867263795997e-05,1.0842895507678918e-05,0.9861111044883728,0.5840336084365845,scored_both,scored_both
1KMY,A:BPY:300,eligible_stereochemistry_review,0.5122090578079224,4.405645370483398,0.5122,4.4056,9.05780792237465e-06,4.537048339869898e-05,0.9620853066444397,0.37729549407958984,scored_both,scored_both
1KPM,A:VIT:401,eligible_stereochemistry_review,2.116440534591675,11.31160831451416,2.1164,16.7322,4.053459167474571e-05,-5.420591685485839,0.7327154278755188,0.077187180519104,scored_both,scored_both
1KTI,A:AZC:998,eligible_stereochemistry_review,1.0939555168151855,1.7604435682296753,1.094,1.7604,-4.4483184814536614e-05,4.356822967532814e-05,0.8877952694892883,0.7193295359611511,scored_both,scored_both
1KV1,A:BMU:391,eligible_stereochemistry_review,0.48664987087249756,1.3955333232879639,0.4867,1.3955,-5.01291275024629e-05,3.332328796390449e-05,0.9737762212753296,0.797897219657898,scored_both,scored_both
1KV2,A:B96:391,eligible_exact_graph,0.4926241636276245,2.8073878288269043,0.4926,2.8074,2.4163627624529394e-05,-1.2171173095598675e-05,0.9732308983802795,0.6288563013076782,scored_both,scored_both
1KZK,A:JE2:701,eligible_stereochemistry_review,0.9955129623413086,3.67983078956604,0.9955,3.6798,1.2962341308542236e-05,3.0789566039857164e-05,0.8816013336181641,0.43979987502098083,scored_both,scored_both
1L5R,A:RBF:859,eligible_stereochemistry_review,1.220453143119812,28.480289459228516,57.0747,38.8184,-55.85424685688019,-10.338110540771481,0.873900294303894,0.0,scored_both,scored_both
1L83,A:BNZ:400,eligible_exact_graph,0.639227569103241,9.97359848022461,0.6392,9.9736,2.756910324097639e-05,-1.5197753899798272e-06,0.9480088353157043,0.09798994660377502,scored_both,scored_both
1L8G,A:DBD:322,eligible_exact_graph,0.4415389895439148,1.3611481189727783,0.4415,1.3611,3.898954391479137e-05,4.811897277834376e-05,0.9842398166656494,0.7851382493972778,scored_both,scored_both
1LAF,E:ARG:240,eligible_exact_graph,1.2829300165176392,,1.2829,4.7089,3.0016517639230855e-05,,0.7967371940612793,,scored_both,partial_or_no_metrics
1LAH,E:ORN:240,eligible_exact_graph,0.21172170341014862,4.942379474639893,0.2117,4.9424,2.1703410148621316e-05,-2.052536010754835e-05,1.0,0.35154828429222107,scored_both,scored_both
1LAN,A:LEU:500,eligible_stereochemistry_review,28.436344146728516,,28.4363,5.2259,4.414672851638102e-05,,0.0,,scored_both,partial_or_no_metrics
1LBF,A:137:300,eligible_stereochemistry_review,1.2906140089035034,,1.2906,6.138,1.4008903503448522e-05,,0.8347293734550476,,scored_both,partial_or_no_metrics
1LD7,B:U66:1003,eligible_stereochemistry_review,1.891364574432373,2.357445478439331,1.8914,2.3575,-3.542556762692328e-05,-5.452156066887426e-05,0.660649836063385,0.6151260733604431,scored_both,scored_both
1LD8,B:U49:1003,eligible_stereochemistry_review,2.2407612800598145,2.262624979019165,2.2408,2.2626,-3.871994018567193e-05,2.4979019165094485e-05,0.5762439966201782,0.667391300201416,scored_both,scored_both
1LEE,A:R36:500,eligible_stereochemistry_review,0.5220543146133423,3.9695656299591064,0.5221,3.9696,-4.568538665772337e-05,-3.437004089335005e-05,0.977543294429779,0.4360294044017792,scored_both,scored_both
1LGW,A:1AN:401,eligible_stereochemistry_review,0.3632638156414032,4.923766613006592,0.3633,4.9238,-3.618435859681357e-05,-3.338699340815765e-05,0.9916356801986694,0.2934560179710388,scored_both,scored_both
1LHD,H:DI2:400,eligible_stereochemistry_review,4.787618637084961,,4.7876,2.5692,1.863708496063765e-05,,0.6496084928512573,,scored_both,partial_or_no_metrics
1LHF,H:DI4:400,eligible_stereochemistry_review,4.629567623138428,,4.6296,4.3304,-3.23768615722031e-05,,0.5447936058044434,,scored_both,partial_or_no_metrics
1LHG,H:DI5:400,eligible_stereochemistry_review,4.248110294342041,2.1378142833709717,4.2481,2.1378,1.0294342041028415e-05,1.4283370971757137e-05,0.4546146094799042,0.6780089735984802,scored_both,scored_both
1LHU,A:EST:301,eligible_stereochemistry_review,1.3019309043884277,6.969362735748291,1.3019,6.9694,3.0904388427677176e-05,-3.7264251709245855e-05,0.8133187890052795,0.1969328075647354,scored_both,scored_both
1LHV,A:NOG:301,eligible_stereochemistry_review,1.3948023319244385,4.74360990524292,1.3948,4.7436,2.331924438436772e-06,9.905242920105195e-06,0.8111110925674438,0.31563499569892883,scored_both,scored_both
1LHW,A:ESM:301,eligible_stereochemistry_review,1.05587637424469,7.209927082061768,1.0559,7.2099,-2.3625755310119345e-05,2.7082061767380594e-05,0.8464391827583313,0.18695993721485138,scored_both,scored_both
1LI2,A:IPH:400,eligible_exact_graph,0.20312970876693726,15.751420974731445,0.2031,15.7514,2.9708766937253106e-05,2.09747314450226e-05,1.0,0.0024937656708061695,scored_both,scored_both
1LI3,A:3CH:401,eligible_stereochemistry_review,0.6674312949180603,3.122349262237549,0.6674,3.1223,3.1294918060309485e-05,4.926223754875281e-05,0.9365808963775635,0.5120252966880798,scored_both,scored_both
1LI6,A:5MP:400,eligible_exact_graph,0.08101679384708405,3.033374309539795,0.081,3.0334,1.6793847084042857e-05,-2.569046020495236e-05,1.0,0.5123355388641357,scored_both,scored_both
1LKE,A:DOG:500,eligible_stereochemistry_review,1.5858184099197388,2.2547688484191895,1.5858,2.2548,1.840991973867112e-05,-3.115158081046232e-05,0.7369338274002075,0.6402702927589417,scored_both,scored_both
1LLB,B:PCN:964,eligible_exact_graph,0.42808637022972107,,0.4281,25.9579,-1.3629770278911213e-05,,0.9918524622917175,,scored_both,partial_or_no_metrics
1LNM,A:DTX:700,eligible_stereochemistry_review,1.813062310218811,4.782769203186035,1.8131,4.7828,-3.768978118889876e-05,-3.0796813964784064e-05,0.6836158037185669,0.31807228922843933,scored_both,scored_both
1LOQ,A:U5P:2001,eligible_representation_review,0.7916687726974487,2.9844748973846436,0.7917,2.9845,-3.122730255122885e-05,-2.510261535659808e-05,0.9286971688270569,0.45395633578300476,scored_both,scored_both
1LOR,A:BMP:2001,eligible_stereochemistry_review,,3.2991092205047607,1.0155,3.2991,,9.220504760598658e-06,,0.44044503569602966,partial_or_no_metrics,scored_both
1LOX,A:RS7:841,eligible_exact_graph,0.5384445786476135,4.7896833419799805,0.5384,4.7897,4.4578647613535693e-05,-1.6658020019377773e-05,0.962579607963562,0.329104483127594,scored_both,scored_both
1LQ2,A:IDD:621,eligible_stereochemistry_review,0.6273834109306335,3.210195779800415,0.6274,3.2102,-1.65890693664128e-05,-4.2201995849033835e-06,0.9493769407272339,0.5380755662918091,scored_both,scored_both
1LST,A:LYS:240,eligible_stereochemistry_review,1.9830687046051025,,1.9831,4.1779,-3.129539489754585e-05,,0.6760780215263367,,scored_both,partial_or_no_metrics
1LXF,C:BEP:92,eligible_exact_graph,,,1.6317,6.2033,,,,,partial_or_no_metrics,partial_or_no_metrics
1LYX,A:PGA:401,eligible_exact_graph,0.3734995424747467,1.9819262027740479,0.3735,1.9819,-4.5752525329456617e-07,2.6202774047856536e-05,0.9992997050285339,0.6938271522521973,scored_both,scored_both
1LZQ,A:0ZQ:201,eligible_stereochemistry_review,1.2499475479125977,,12.0614,4.7345,-10.811452452087403,,0.8074557781219482,,scored_both,partial_or_no_metrics
1M0B,B:0ZQ:201,eligible_stereochemistry_review,1.2611321210861206,,11.8469,7.6401,-10.58576787891388,,0.8013059496879578,,scored_both,partial_or_no_metrics
1M0N,A:HCP:434,eligible_exact_graph,0.6086990237236023,13.269692420959473,0.6087,13.2697,-9.762763977239075e-07,-7.579040527616598e-06,0.9533715844154358,0.028524409979581833,scored_both,scored_both
1M0O,A:MPM:434,eligible_stereochemistry_review,0.7420250773429871,7.959320068359375,0.742,7.9593,2.5077342987067652e-05,2.0068359375180478e-05,0.9472476840019226,0.1586107611656189,scored_both,scored_both
1M0Q,A:EPC:435,eligible_exact_graph,0.49646124243736267,10.107701301574707,0.4965,10.1077,-3.875756263732599e-05,1.3015747075684203e-06,0.9709752202033997,0.08775575459003448,scored_both,scored_both
1M13,A:HYF:435,eligible_exact_graph,1.0334213972091675,,1.0334,4.6693,2.139720916738419e-05,,0.8515348434448242,,scored_both,partial_or_no_metrics
1M2R,A:MNY:351,eligible_exact_graph,0.21208810806274414,1.727088451385498,0.2121,1.7271,-1.1891937255870122e-05,-1.1548614502032706e-05,1.0,0.664050817489624,scored_both,scored_both
1M5C,A:BRH:611,eligible_stereochemistry_review,0.5148242712020874,2.8776755332946777,0.5148,2.8777,2.4271202087366994e-05,-2.4466705322190307e-05,0.9700393080711365,0.5665658116340637,scored_both,scored_both
1M5D,A:BRH:611,eligible_exact_graph,0.23226778209209442,2.6478259563446045,0.2323,2.6478,-3.22179079055851e-05,2.595634460433871e-05,1.0,0.5911999940872192,scored_both,scored_both
1M7Y,A:PPG:600,eligible_stereochemistry_review,0.46497106552124023,5.531652927398682,0.465,5.5317,-2.893447875979005e-05,-4.707260131819879e-05,0.9810126423835754,0.28559088706970215,scored_both,scored_both
1MAI,A:I3P:200,eligible_stereochemistry_review,1.2602629661560059,,1.2603,6.7051,-3.7033843994116467e-05,,0.8123655915260315,,scored_both,partial_or_no_metrics
1ME3,A:P10:300,eligible_exact_graph,0.9727657437324524,3.687101364135742,0.9728,3.6871,-3.425626754760547e-05,1.3641357421434464e-06,0.9105330109596252,0.48937612771987915,scored_both,scored_both
1ME4,A:T10:300,eligible_stereochemistry_review,,,1.4625,2.2234,,,,,partial_or_no_metrics,partial_or_no_metrics
1ME7,A:RVP:602,eligible_stereochemistry_review,0.8595418930053711,8.402441024780273,0.8595,8.4024,4.1893005371052006e-05,4.102478027334655e-05,0.9315336346626282,0.08660314232110977,scored_both,scored_both
1ME8,A:RVP:602,eligible_stereochemistry_review,0.5745400190353394,7.48322057723999,0.5745,7.4832,4.001903533934481e-05,2.057723999016048e-05,0.9243999719619751,0.13935810327529907,scored_both,scored_both
1MEM,A:0D6:280,eligible_stereochemistry_review,,,1.2008,6.0269,,,,,partial_or_no_metrics,partial_or_no_metrics
1MEU,A:DMP:323,eligible_stereochemistry_review,1.116602897644043,4.300600051879883,1.1166,4.3006,2.8976440429318018e-06,5.187988261212695e-08,0.8541852235794067,0.34215065836906433,scored_both,scored_both
1MJ7,H:HAL:301,eligible_exact_graph,23.615598678588867,,23.6156,9.33,-1.3214111334036716e-06,,0.0,,scored_both,partial_or_no_metrics
1MMQ,A:RRS:269,eligible_stereochemistry_review,1.3047254085540771,,1.3047,3.5296,2.540855407717757e-05,,0.8240988254547119,,scored_both,partial_or_no_metrics
1MNS,A:APG:361,eligible_stereochemistry_review,1.3255730867385864,3.400550603866577,1.3256,3.4006,-2.691326141346373e-05,-4.9396133422696664e-05,0.8410256505012512,0.4910714328289032,scored_both,scored_both
1MOQ,A:GLP:609,eligible_stereochemistry_review,1.132798671722412,8.162775993347168,1.1328,8.1628,-1.3282775879197573e-06,-2.400665283275316e-05,0.8644400835037231,0.15649762749671936,scored_both,scored_both
1MQH,A:BWD:301,eligible_exact_graph,0.2137923389673233,1.9031808376312256,0.2138,1.9032,-7.66103267668683e-06,-1.9162368774416905e-05,1.0,0.7017937302589417,scored_both,scored_both
1MQI,A:FWD:401,eligible_exact_graph,0.1511971652507782,1.9429426193237305,0.1512,1.9429,-2.8347492218028236e-06,4.261932373039734e-05,1.0,0.6735209226608276,scored_both,scored_both
1MQJ,A:HWD:301,eligible_stereochemistry_review,0.4180459678173065,1.7253673076629639,0.418,1.7254,4.5967817306535874e-05,-3.269233703617758e-05,0.983146071434021,0.7288206219673157,scored_both,scored_both
1MRN,A:T5A:301,eligible_stereochemistry_review,3.4838099479675293,,3.4838,11.66,9.947967529289059e-06,,0.605537474155426,,scored_both,partial_or_no_metrics
1MRS,A:5HU:217,eligible_exact_graph,0.6853819489479065,4.134913921356201,0.6854,4.1349,-1.8051052093515096e-05,1.392135620115198e-05,0.9394347071647644,0.3906843960285187,scored_both,scored_both
1MRW,A:K57:1001,eligible_stereochemistry_review,1.1124869585037231,,1.1125,4.5595,-1.3041496276899878e-05,,0.8743119239807129,,scored_both,partial_or_no_metrics
1MS6,A:BLN:281,eligible_exact_graph,0.6703305840492249,,0.6703,5.0376,3.058404922484659e-05,,0.9387437701225281,,scored_both,partial_or_no_metrics
1MSN,B:JE2:1001,eligible_stereochemistry_review,,3.0707974433898926,1.0003,3.0708,,-2.556610107617985e-06,,0.5194239616394043,partial_or_no_metrics,scored_both
1MU6,B:CDA:248,eligible_exact_graph,1.263718843460083,,1.2637,2.6323,1.8843460082962338e-05,,0.8293042182922363,,scored_both,partial_or_no_metrics
1MU8,B:CDB:248,eligible_stereochemistry_review,1.632638931274414,2.150485038757324,1.6326,2.1505,3.893127441401134e-05,-1.496124267585941e-05,0.7573451995849609,0.6586345434188843,scored_both,scored_both
1MUI,B:AB1:100,eligible_stereochemistry_review,1.070663571357727,,1.0707,7.3038,-3.64286422729343e-05,,0.8469089269638062,,scored_both,partial_or_no_metrics
1MZC,B:BNE:1003,eligible_stereochemistry_review,,,1.9481,2.6147,,,,,partial_or_no_metrics,partial_or_no_metrics
1N1T,A:DAN:700,eligible_stereochemistry_review,1.4517245292663574,,1.4517,2.5535,2.4529266357431467e-05,,0.7671957612037659,,scored_both,partial_or_no_metrics
1N1V,A:DAN:670,eligible_stereochemistry_review,1.2563562393188477,2.2526233196258545,1.2564,2.2526,-4.3760681152305025e-05,2.3319625854334447e-05,0.8279467821121216,0.6304877996444702,scored_both,scored_both
1N2V,A:BDI:900,eligible_exact_graph,0.2505382299423218,2.585930109024048,0.2505,2.5859,3.82299423217769e-05,3.0109024047764166e-05,1.0,0.5841346383094788,scored_both,scored_both
1N3Z,A:U3P:125,eligible_stereochemistry_review,,3.323129415512085,1.9508,3.3231,,2.941551208479609e-05,,0.46569401025772095,partial_or_no_metrics,scored_both
1N4H,A:REA:500,eligible_exact_graph,1.7273114919662476,2.412064790725708,1.7273,2.4121,1.149196624750104e-05,-3.520927429212506e-05,0.810675859451294,0.6008541584014893,scored_both,scored_both
1N4K,A:I3P:1000,eligible_stereochemistry_review,,,3.8416,4.6039,,,,,partial_or_no_metrics,partial_or_no_metrics
1N94,A:TIN:1,eligible_stereochemistry_review,2.679795503616333,8.748973846435547,2.6798,8.749,-4.4963836671740864e-06,-2.6153564453679223e-05,0.6310975551605225,0.1315789520740509,scored_both,scored_both
1N95,B:FTH:1001,eligible_stereochemistry_review,1.5597573518753052,5.465261459350586,1.5598,5.4653,-4.2648124694899536e-05,-3.8540649414109396e-05,0.7492636442184448,0.29437869787216187,scored_both,scored_both
1N9A,B:FTI:1,eligible_stereochemistry_review,,,1.2804,5.2084,,,,,partial_or_no_metrics,partial_or_no_metrics
1NC6,A:ABB:300,eligible_stereochemistry_review,2.3776402473449707,5.244185447692871,2.3776,5.2442,4.0247344970545385e-05,-1.4552307129100939e-05,0.7825361490249634,0.4365384578704834,scored_both,scored_both
1NDY,A:FR3:1001,eligible_stereochemistry_review,0.5143383741378784,,0.5143,2.8956,3.8374137878438574e-05,,0.9713804721832275,,scored_both,partial_or_no_metrics
1NF8,A:ISC:220,eligible_stereochemistry_review,0.7414571046829224,5.275249481201172,0.7415,5.2752,-4.289531707768468e-05,4.9481201171985845e-05,0.9500839114189148,0.2895665466785431,scored_both,scored_both
1NFW,A:RRR:301,eligible_exact_graph,0.5789220929145813,1.4752767086029053,0.5789,1.4753,2.209291458132867e-05,-2.329139709478234e-05,0.9628501534461975,0.7924743294715881,scored_both,scored_both
1NHX,A:FTB:704,eligible_stereochemistry_review,1.2319220304489136,2.350769519805908,1.2319,2.3508,2.2030448913579193e-05,-3.0480194091797586e-05,0.9297046065330505,0.5908248424530029,scored_both,scored_both
1NI1,B:2C5:10,eligible_stereochemistry_review,5.594756126403809,,5.5948,6.2757,-4.3873596191623676e-05,,0.3352832496166229,,scored_both,partial_or_no_metrics
1NJ5,A:P5A:510,eligible_stereochemistry_review,1.0103371143341064,5.261663913726807,1.0103,5.2617,3.711433410646947e-05,-3.608627319362512e-05,0.8654026389122009,0.3037537634372711,scored_both,scored_both
1NJA,A:DCM:317,eligible_stereochemistry_review,1.075616717338562,8.230746269226074,1.0756,8.2307,1.6717338562122208e-05,4.6269226073647474e-05,0.857594907283783,0.17741116881370544,scored_both,scored_both
1NJB,A:UMP:317,eligible_stereochemistry_review,1.1052603721618652,9.71126937866211,1.1053,9.7113,-3.962783813471482e-05,-3.0621337890224254e-05,0.8438818454742432,0.11505682021379471,scored_both,scored_both
1NJC,A:DCM:317,eligible_stereochemistry_review,0.8833978772163391,8.236507415771484,0.8834,8.2365,-2.1227836608517237e-06,7.415771484886591e-06,0.8989690542221069,0.1401209682226181,scored_both,scored_both
1NJD,A:UMP:317,eligible_stereochemistry_review,0.9338305592536926,8.999807357788086,0.9338,8.9998,3.0559253692663546e-05,7.357788085471384e-06,0.8960040807723999,0.14043062925338745,scored_both,scored_both
1NJE,A:DCM:317,eligible_exact_graph,0.996537983417511,,0.9965,10.6558,3.7983417510933926e-05,,0.8869935870170593,,scored_both,partial_or_no_metrics
1NKM,A:0FP:260,eligible_stereochemistry_review,,,4.0022,8.2147,,,,,partial_or_no_metrics,partial_or_no_metrics
1NM6,A:L86:247,eligible_stereochemistry_review,1.9635343551635742,7.351611614227295,1.9635,7.3516,3.435516357419566e-05,1.1614227294565183e-05,0.6479831337928772,0.19584138691425323,scored_both,scored_both
1NNB,A:DAN:500,eligible_stereochemistry_review,,,0.9298,2.6078,,,,,partial_or_no_metrics,partial_or_no_metrics
1NNK,A:CE2:454,eligible_exact_graph,0.24208183586597443,1.439352035522461,0.2421,1.4394,-1.8164134025583367e-05,-4.796447753907529e-05,1.0,0.7966760993003845,scored_both,scored_both
1NO6,A:794:322,eligible_stereochemistry_review,0.40771040320396423,2.3721861839294434,0.4077,2.3722,1.040320396422656e-05,-1.3816070556504911e-05,0.987364649772644,0.5805255770683289,scored_both,scored_both
1NO9,H:4ND:250,eligible_exact_graph,32.48264694213867,2.697929859161377,32.4826,2.6979,4.694213867395547e-05,2.9859161376766252e-05,0.0,0.5970744490623474,scored_both,scored_both
1NOJ,A:NTZ:998,eligible_stereochemistry_review,0.6963980793952942,1.861907958984375,0.6964,1.8619,-1.920604705829554e-06,7.95898437488951e-06,0.929513156414032,0.6934782862663269,scored_both,scored_both
1NOK,A:NTZ:998,eligible_stereochemistry_review,0.42930325865745544,1.763477087020874,0.4293,1.7635,3.2586574554294145e-06,-2.2912979126044064e-05,0.9777657389640808,0.7066605687141418,scored_both,scored_both
1NOX,A:FMN:300,eligible_stereochemistry_review,1.100135087966919,15.116283416748047,1.1001,15.1163,3.508796691886751e-05,-1.6583251953861122e-05,0.8813838362693787,0.026790596544742584,scored_both,scored_both
1NPA,A:3NH:100,eligible_stereochemistry_review,1.3703398704528809,3.1497397422790527,1.3703,3.1497,3.9870452880785834e-05,3.974227905256811e-05,0.784674346446991,0.5420858263969421,scored_both,scored_both
1NPW,A:LGZ:479,eligible_stereochemistry_review,1.333712100982666,,1.3337,3.4708,1.2100982665907978e-05,,0.7659056782722473,,scored_both,partial_or_no_metrics
1NQ0,A:4HY:500,eligible_stereochemistry_review,0.42508918046951294,7.755399703979492,0.4251,7.7554,-1.0819530487038431e-05,-2.9602050766186494e-07,0.9868637323379517,0.17904804646968842,scored_both,scored_both
1NQ7,A:ARL:800,eligible_stereochemistry_review,0.6656869053840637,2.857529878616333,0.6657,2.8575,-1.309461593623773e-05,2.9878616333078867e-05,0.9469339847564697,0.5338827967643738,scored_both,scored_both
1NTK,C:AY1:383,eligible_stereochemistry_review,1.7527246475219727,,1.7527,42.1574,2.4647521972731568e-05,,0.7761744856834412,,scored_both,partial_or_no_metrics
1NVQ,A:UCN:400,eligible_stereochemistry_review,1.5963289737701416,0.9385746121406555,1.5963,0.9386,2.8973770141549338e-05,-2.5387859344472297e-05,0.7535282373428345,0.8634886145591736,scored_both,scored_both
1NVR,A:STU:400,eligible_stereochemistry_review,1.0982942581176758,1.0558017492294312,1.0983,1.0558,-5.741882324272751e-06,1.749229431080579e-06,0.9169719219207764,0.8471121191978455,scored_both,scored_both
1NVS,A:UCM:400,eligible_stereochemistry_review,1.612004041671753,2.536024808883667,1.612,2.536,4.0416717528302115e-06,2.4808883666960213e-05,0.7137290239334106,0.5551219582557678,scored_both,scored_both
1NY0,A:NBF:300,eligible_exact_graph,0.38314151763916016,,0.3831,1.8906,4.151763916016016e-05,,0.9813519716262817,,scored_both,partial_or_no_metrics
1NYM,A:CXB:300,eligible_exact_graph,0.5150068998336792,1.971036672592163,0.515,1.971,6.899833679185896e-06,3.667259216300067e-05,0.975806474685669,0.6647173762321472,scored_both,scored_both
1NYX,A:DRF:101,eligible_stereochemistry_review,0.7035011053085327,,0.7035,15.2954,1.105308532700633e-06,,0.9344073534011841,,scored_both,partial_or_no_metrics
1NYY,A:105:300,eligible_exact_graph,0.37547436356544495,2.005523204803467,0.3755,2.0055,-2.5636434555054155e-05,2.320480346673648e-05,0.9894444346427917,0.6954458951950073,scored_both,scored_both
1NZ7,A:901:322,eligible_stereochemistry_review,1.7287720441818237,,1.7288,5.2212,-2.7955818176161884e-05,,0.7989949584007263,,scored_both,partial_or_no_metrics
1O1S,B:1NH:2001,eligible_stereochemistry_review,0.8569055795669556,6.125718593597412,0.8569,6.1257,5.57956695557138e-06,1.8593597411964424e-05,0.8876768946647644,0.24170616269111633,scored_both,scored_both
1O41,A:300:300,eligible_exact_graph,0.42549243569374084,3.1285815238952637,0.4255,3.1286,-7.564306259144615e-06,-1.847610473637573e-05,0.9826302528381348,0.5045824646949768,scored_both,scored_both
1O42,A:843:300,eligible_stereochemistry_review,1.0218905210494995,,1.0219,5.2394,-9.478950500518835e-06,,0.8927657008171082,,scored_both,partial_or_no_metrics
1O47,A:822:300,eligible_stereochemistry_review,1.3966083526611328,2.6796326637268066,1.3966,2.6796,8.352661132748906e-06,3.26637268064367e-05,0.7895220518112183,0.5785714387893677,scored_both,scored_both
1O49,A:493:300,eligible_stereochemistry_review,2.3993349075317383,,2.3993,3.0385,3.490753173807093e-05,,0.6497368216514587,,scored_both,partial_or_no_metrics
1O4B,A:876:300,eligible_stereochemistry_review,2.017258644104004,,2.0173,3.0063,-4.135589599618683e-05,,0.6648879647254944,,scored_both,partial_or_no_metrics
1O4D,A:262:300,eligible_exact_graph,0.5368172526359558,3.4396469593048096,0.5368,3.4396,1.7252635955755657e-05,4.695930480957955e-05,0.9635294079780579,0.5118243098258972,scored_both,scored_both
1O4E,A:299:300,eligible_stereochemistry_review,2.085376024246216,4.639971733093262,2.0854,4.64,-2.3975753784100107e-05,-2.8266906737961506e-05,0.7383966445922852,0.33119267225265503,scored_both,scored_both
1O4F,A:790:300,eligible_stereochemistry_review,3.3455963134765625,5.032196044921875,3.3456,5.0322,-3.6865234376293188e-06,-3.955078124562306e-06,0.5939153432846069,0.2471395879983902,scored_both,scored_both
1O4G,A:I59:300,eligible_stereochemistry_review,2.66528582572937,2.74920392036438,2.6653,2.7492,-1.4174270629663255e-05,3.920364379794705e-06,0.6582568883895874,0.5228426456451416,scored_both,scored_both
1O4L,A:CIT:300,eligible_exact_graph,0.41903558373451233,2.869720935821533,0.419,2.8697,3.558373451234553e-05,2.0935821533285548e-05,0.9960191249847412,0.6246943473815918,scored_both,scored_both
1O4M,A:MLA:300,eligible_exact_graph,0.14154711365699768,1.8511593341827393,0.1415,1.8512,4.7113656997693765e-05,-4.0665817260698844e-05,1.0,0.6623931527137756,scored_both,scored_both
1O4N,A:OXD:109,eligible_exact_graph,0.2826411724090576,2.0864226818084717,0.2826,2.0864,4.1172409057599335e-05,2.2681808471869402e-05,1.0,0.6952054500579834,scored_both,scored_both
1O4P,A:791:300,eligible_exact_graph,0.9514856934547424,2.9346957206726074,0.9515,2.9347,-1.4306545257580794e-05,-4.279327392442411e-06,0.8846153616905212,0.5772151947021484,scored_both,scored_both
1O4Q,A:256:300,eligible_stereochemistry_review,1.1419497728347778,2.9387803077697754,1.1419,2.9388,4.977283477791694e-05,-1.9692230224688245e-05,0.8327586054801941,0.4903640151023865,scored_both,scored_both
1O5M,B:336:3001,eligible_stereochemistry_review,1.4787627458572388,4.957798957824707,1.4788,4.9578,-3.725414276112282e-05,-1.0421752927314287e-06,0.7528943419456482,0.41022247076034546,scored_both,scored_both
1O9E,A:FSC:1241,eligible_exact_graph,2.706850528717041,,2.7069,5.0571,-4.947128295906822e-05,,0.6354292631149292,,scored_both,partial_or_no_metrics
1ODY,A:LP1:201,eligible_stereochemistry_review,2.9027445316314697,6.84320068359375,13.412,6.8432,-10.509255468368531,6.835937496063593e-07,0.5830792784690857,0.2161206305027008,scored_both,scored_both
1OGZ,A:EQU:1126,eligible_stereochemistry_review,2.697861433029175,6.776821136474609,2.6979,6.7768,-3.8566970825382185e-05,2.113647460966206e-05,0.5441696047782898,0.19592198729515076,scored_both,scored_both
1OKL,A:MNS:862,eligible_stereochemistry_review,2.8344411849975586,2.0934314727783203,2.8344,2.0934,4.11849975585632e-05,3.1472778320384975e-05,0.6659049391746521,0.6526032090187073,scored_both,scored_both
1OKZ,A:UCN:1370,eligible_stereochemistry_review,0.8773985505104065,1.6932001113891602,0.8774,1.6932,-1.449489593463582e-06,1.1138916011788069e-07,0.9314946532249451,0.7370426654815674,scored_both,scored_both
1OLX,A:TPP:601,eligible_stereochemistry_review,2.870880365371704,,2.8709,11.1194,-1.9634628295683854e-05,,0.7157394886016846,,scored_both,partial_or_no_metrics
1ONG,A:WY4:400,eligible_stereochemistry_review,1.887393832206726,4.673648357391357,1.8874,4.6736,-6.167793273892386e-06,4.8357391357001234e-05,0.7201492786407471,0.3103448152542114,scored_both,scored_both
1ONH,A:WY4:400,eligible_exact_graph,28.79534339904785,3.994178056716919,28.7953,3.9942,4.339904785055637e-05,-2.1943283081249376e-05,0.0,0.39298245310783386,scored_both,scored_both
1OQ5,A:CEL:701,eligible_stereochemistry_review,0.4894724190235138,2.2338409423828125,0.4895,2.2338,-2.758097648619673e-05,4.0942382812492184e-05,0.9803473353385925,0.6809391975402832,scored_both,scored_both
1ORK,A:ATC:222,eligible_stereochemistry_review,1.9411104917526245,11.535604476928711,1.9411,11.5356,1.0491752624464112e-05,4.476928710417383e-06,0.7001173496246338,0.05741716921329498,scored_both,scored_both
1OS0,A:0PQ:605,eligible_stereochemistry_review,1.6841124296188354,4.793498992919922,1.6841,4.7935,1.2429618835518852e-05,-1.0070800779971023e-06,0.8190751671791077,0.4001201093196869,scored_both,scored_both
1OTH,A:PAO:355,eligible_exact_graph,0.293705016374588,7.398942947387695,0.2937,7.3989,5.016374587996086e-06,4.2947387695058126e-05,0.9956369996070862,0.18667344748973846,scored_both,scored_both
1OUY,A:094:501,eligible_stereochemistry_review,,7.893260478973389,1.348,7.8933,,-3.952102661131107e-05,,0.11522773653268814,partial_or_no_metrics,scored_both
1OVE,A:358:401,eligible_stereochemistry_review,0.9585675001144409,1.7537072896957397,0.9586,1.7537,-3.249988555908967e-05,7.289695739709501e-06,0.8922261595726013,0.7684471607208252,scored_both,scored_both
1P1N,A:KAI:999,eligible_stereochemistry_review,1.8230493068695068,5.161614418029785,1.823,5.1616,4.930686950688212e-05,1.4418029785190356e-05,0.7370242476463318,0.3265179693698883,scored_both,scored_both
1P1O,A:QUS:301,eligible_exact_graph,0.2537832260131836,2.648756980895996,0.2538,2.6488,-1.677398681643183e-05,-4.301910400394959e-05,1.0,0.5945945978164673,scored_both,scored_both
1P6D,A:3PC:601,eligible_stereochemistry_review,3.780925750732422,,3.7809,6.0971,2.5750732421947475e-05,,0.6240681409835815,,scored_both,partial_or_no_metrics
1P6E,A:PC5:601,eligible_stereochemistry_review,3.5789177417755127,6.038366794586182,3.5789,6.0384,1.7741775512725155e-05,-3.320541381857112e-05,0.6317873597145081,0.22688719630241394,scored_both,scored_both
1PB8,A:DSN:901,eligible_exact_graph,0.22644078731536865,5.2899250984191895,0.2264,5.2899,4.07873153686622e-05,2.509841918918454e-05,1.0,0.32894736528396606,scored_both,scored_both
1PBK,A:RAP:225,eligible_exact_graph,,,3.2601,7.1517,,,,,partial_or_no_metrics,partial_or_no_metrics
1PDZ,A:PGA:439,eligible_exact_graph,0.3639102876186371,1.712320327758789,0.3639,1.7123,1.0287618637083717e-05,2.032775878912929e-05,0.9936363697052002,0.7029850482940674,scored_both,scored_both
1PF7,E:IMH:290,eligible_stereochemistry_review,0.998535692691803,2.5995359420776367,0.9985,2.5995,3.569269180292434e-05,3.594207763679691e-05,0.879807710647583,0.572377622127533,scored_both,scored_both
1PG2,A:MET:553,eligible_stereochemistry_review,1.6842081546783447,4.72598934173584,1.6842,4.726,8.154678344807209e-06,-1.0658264160134934e-05,0.7260928750038147,0.41999998688697815,scored_both,scored_both
1PGP,A:6PG:502,eligible_stereochemistry_review,1.8397351503372192,,1.8397,7.68,3.515033721934735e-05,,0.7357630729675293,,scored_both,partial_or_no_metrics
1PHW,A:N:70,eligible_stereochemistry_review,1.3758130073547363,5.450882911682129,1.3758,5.4509,1.3007354736416232e-05,-1.708831787095022e-05,0.7889610528945923,0.21077586710453033,scored_both,scored_both
1PME,A:SB2:1001,eligible_stereochemistry_review,1.0322585105895996,7.35114049911499,1.0323,7.3511,-4.1489410400386006e-05,4.049911499048875e-05,0.9054462909698486,0.21583986282348633,scored_both,scored_both
1PMN,A:984:501,eligible_stereochemistry_review,0.6300583481788635,3.157055139541626,0.6301,3.1571,-4.165182113646804e-05,-4.48604583738188e-05,0.9369189739227295,0.4904336631298065,scored_both,scored_both
1PMU,A:9HP:501,eligible_stereochemistry_review,0.45557069778442383,6.933699607849121,0.4556,6.9337,-2.930221557617685e-05,-3.9215087888067046e-07,0.9772727489471436,0.28549107909202576,scored_both,scored_both
1PMV,A:537:501,eligible_exact_graph,0.15536202490329742,1.331039309501648,0.1554,1.331,-3.797509670258603e-05,3.93095016479883e-05,1.0,0.75,scored_both,scored_both
1POT,A:SPD:350,eligible_exact_graph,0.9171429872512817,3.4051527976989746,0.9171,3.4052,4.298725128171199e-05,-4.72023010251732e-05,0.8684486150741577,0.49500831961631775,scored_both,scored_both
1PPK,E:IVV:700,eligible_stereochemistry_review,1.391586184501648,,1.3916,3.7553,-1.3815498351998912e-05,,0.851873517036438,,scored_both,partial_or_no_metrics
1PPL,E:1Z7:324,eligible_stereochemistry_review,,,2.7617,4.3137,,,,,partial_or_no_metrics,partial_or_no_metrics
1PPX,A:8OG:131,eligible_exact_graph,,,4.0553,5.0684,,,,,partial_or_no_metrics,partial_or_no_metrics
1PS3,A:KIF:1501,eligible_stereochemistry_review,1.1008284091949463,3.9842722415924072,1.1008,3.9843,2.8409194946288352e-05,-2.775840759294823e-05,0.8410714268684387,0.41154971718788147,scored_both,scored_both
1PUN,A:8OG:131,eligible_representation_review,,,1.6219,4.687,,,,,partial_or_no_metrics,partial_or_no_metrics
1PUQ,A:8OG:131,eligible_representation_review,,,3.0741,5.7782,,,,,partial_or_no_metrics,partial_or_no_metrics
1PUS,A:8OG:131,eligible_representation_review,,,3.0163,5.1614,,,,,partial_or_no_metrics,partial_or_no_metrics
1PWY,E:AC2:290,eligible_exact_graph,0.5794376730918884,3.2710039615631104,0.5794,3.271,3.767309188840162e-05,3.961563110443933e-06,0.9750445485115051,0.48775774240493774,scored_both,scored_both
1PXH,A:SNA:401,eligible_stereochemistry_review,4.135260581970215,,4.1353,6.4555,-3.941802978513209e-05,,0.7523190975189209,,scored_both,partial_or_no_metrics
1PXI,A:CK1:500,eligible_stereochemistry_review,0.35841211676597595,2.5186362266540527,0.3584,2.5186,1.211676597595579e-05,3.6226654052562424e-05,0.9885444641113281,0.563715934753418,scored_both,scored_both
1PXJ,A:CK2:500,eligible_stereochemistry_review,0.3036784827709198,2.432319164276123,0.3037,2.4323,-2.1517229080225686e-05,1.9164276122918267e-05,0.9889034032821655,0.6132734417915344,scored_both,scored_both
1PXK,A:CK3:500,eligible_stereochemistry_review,0.6214126348495483,1.1160014867782593,0.6214,1.116,1.263484954838745e-05,1.486778259174315e-06,0.953592836856842,0.8545966148376465,scored_both,scored_both
1Q4W,A:DQU:900,eligible_stereochemistry_review,0.35273271799087524,2.020676374435425,0.3527,2.0207,3.271799087523064e-05,-2.3625564575358027e-05,0.994705855846405,0.6588645577430725,scored_both,scored_both
1Q63,A:AIQ:900,eligible_stereochemistry_review,1.562870979309082,3.6861677169799805,1.5629,3.6862,-2.9020690917924696e-05,-3.228302001945238e-05,0.8159258961677551,0.45895060896873474,scored_both,scored_both
1Q65,A:BHB:900,eligible_stereochemistry_review,1.3188673257827759,2.2209014892578125,1.3189,2.2209,-3.267421722408237e-05,1.489257812625766e-06,0.8954128623008728,0.6029411554336548,scored_both,scored_both
1Q6K,A:TCO:0,eligible_stereochemistry_review,,,1.231,4.7013,,,,,partial_or_no_metrics,partial_or_no_metrics
1Q6M,A:P27:301,eligible_stereochemistry_review,0.9762939810752869,,0.9763,2.8241,-6.018924713080409e-06,,0.8692271709442139,,scored_both,partial_or_no_metrics
1Q72,H:COC:401,eligible_stereochemistry_review,1.166256070137024,5.748089790344238,1.1663,5.7481,-4.392986297596657e-05,-1.020965576170596e-05,0.8675496578216553,0.25529801845550537,scored_both,scored_both
1Q7A,A:OPB:124,eligible_stereochemistry_review,5.4312286376953125,5.192181587219238,5.4312,5.1922,2.8637695312916378e-05,-1.8412780761423164e-05,0.3294813930988312,0.3543814420700073,scored_both,scored_both
1Q8T,A:Y27:930,eligible_stereochemistry_review,1.3584864139556885,2.281787872314453,1.3585,2.2818,-1.3586044311564294e-05,-1.2127685546925449e-05,0.8130930066108704,0.5886402726173401,scored_both,scored_both
1Q8W,A:M77:960,eligible_exact_graph,1.3393911123275757,1.6456725597381592,1.3394,1.6457,-8.887672424240378e-06,-2.7440261840760982e-05,0.8643761277198792,0.6981208920478821,scored_both,scored_both
1Q91,A:DPB:1,eligible_stereochemistry_review,1.6414991617202759,3.101466417312622,1.6415,3.1015,-8.382797240802375e-07,-3.358268737807535e-05,0.7816537618637085,0.47863247990608215,scored_both,scored_both
1QBQ,B:HFP:2001,eligible_exact_graph,0.7369673252105713,4.482818603515625,0.737,4.4828,-3.267478942869939e-05,1.860351562488205e-05,0.9218146800994873,0.3847222328186035,scored_both,scored_both
1QCA,A:FUA:221,eligible_exact_graph,0.9408491253852844,17.75593376159668,0.9408,17.7559,4.9125385284454204e-05,3.376159667922707e-05,0.8714717626571655,0.002682403428480029,scored_both,scored_both
1QF0,A:TI2:317,eligible_stereochemistry_review,1.103763461112976,,1.1038,3.073,-3.6538887023818134e-05,,0.8364130258560181,,scored_both,partial_or_no_metrics
1QF1,A:TI1:317,eligible_stereochemistry_review,1.2290199995040894,,1.229,3.9412,1.9999504089263098e-05,,0.8661417365074158,,scored_both,partial_or_no_metrics
1QF5,A:RPL:435,eligible_representation_review,,,1.6832,6.9119,,,,,partial_or_no_metrics,partial_or_no_metrics
1QFS,A:ZPR:791,eligible_stereochemistry_review,0.7749789953231812,,0.775,2.6042,-2.100467681886986e-05,,0.941082775592804,,scored_both,partial_or_no_metrics
1QKN,A:RAL:600,eligible_stereochemistry_review,0.5100213885307312,5.276870250701904,0.51,5.2769,2.138853073119229e-05,-2.9749298096071186e-05,0.9664131999015808,0.2606907784938812,scored_both,scored_both
1QKT,A:EST:600,eligible_stereochemistry_review,1.0813595056533813,6.420528888702393,1.0814,6.4205,-4.049434661856921e-05,2.888870239292629e-05,0.8800926208496094,0.23555956780910492,scored_both,scored_both
1QL7,A:ZEN:999,eligible_stereochemistry_review,1.011564016342163,8.321269035339355,1.0116,8.3213,-3.5983657836968774e-05,-3.0964660645338427e-05,0.9147597551345825,0.15011636912822723,scored_both,scored_both
1QL9,A:ZEN:999,eligible_stereochemistry_review,1.0601750612258911,2.2233684062957764,1.0602,2.2234,-2.4938774108917983e-05,-3.1593704223453756e-05,0.8701629042625427,0.6039325594902039,scored_both,scored_both
1QM4,A:AMB:401,eligible_exact_graph,0.3214145004749298,4.568436622619629,35.0165,4.5684,-34.69508549952507,3.6622619629334e-05,0.964062511920929,0.4608778655529022,scored_both,scored_both
1QON,A:I40:602,eligible_stereochemistry_review,0.8805874586105347,4.620846271514893,0.8806,4.6208,-1.2541389465381414e-05,4.627151489255965e-05,0.881118893623352,0.33210331201553345,scored_both,scored_both
1QPE,A:PP2:1904,eligible_exact_graph,,,0.3813,1.2976,,,,,partial_or_no_metrics,partial_or_no_metrics
1QQ9,A:MET:903,eligible_exact_graph,4.546797275543213,2.9960665702819824,4.5468,2.9961,-2.7244567872841685e-06,-3.3429718017785603e-05,0.41206395626068115,0.5583573579788208,scored_both,scored_both
1QS4,A:100:1004,eligible_stereochemistry_review,27.476465225219727,21.75425148010254,29.9779,31.2728,-2.501434774780275,-9.518548519897461,0.0,0.0,scored_both,scored_both
1QTI,A:GNT:600,eligible_stereochemistry_review,0.9441977739334106,1.08041250705719,0.9442,1.0804,-2.2260665893947262e-06,1.2507057189914406e-05,0.9093098044395447,0.8040030002593994,scored_both,scored_both
1QVT,A:PRL:311,eligible_stereochemistry_review,0.6675323247909546,17.864822387695312,0.6675,17.8648,3.232479095460761e-05,2.2387695313597078e-05,0.9330357313156128,0.009085212834179401,scored_both,scored_both
1QVU,A:PRL:196,eligible_stereochemistry_review,0.6380606293678284,14.720865249633789,0.6381,14.7209,-3.937063217163139e-05,-3.475036621125582e-05,0.959876537322998,0.05144777521491051,scored_both,scored_both
1QWU,A:GUL:2003,eligible_stereochemistry_review,0.92739337682724,3.9833264350891113,0.9274,3.9833,-6.623172760011897e-06,2.6435089111487287e-05,0.8916828036308289,0.4393564462661743,scored_both,scored_both
1QX1,A:FMF:2003,eligible_stereochemistry_review,0.7462024688720703,3.1656482219696045,0.7462,3.1656,2.4688720703380795e-06,4.822196960452274e-05,0.9107142686843872,0.519569456577301,scored_both,scored_both
1QXL,A:FR8:1001,eligible_exact_graph,0.6279712319374084,,0.628,7.0023,-2.87680625915554e-05,,0.9522274136543274,,scored_both,partial_or_no_metrics
1QXW,A:M1C:3001,eligible_stereochemistry_review,0.6347190737724304,,0.6347,3.3903,1.9073772430378e-05,,0.9421241283416748,,scored_both,partial_or_no_metrics
1QXY,A:M2C:3001,eligible_stereochemistry_review,1.5218987464904785,3.832324981689453,1.5219,3.8323,-1.2535095215149283e-06,2.498168945308521e-05,0.8245614171028137,0.42915308475494385,scored_both,scored_both
1QXZ,A:M3C:2001,eligible_stereochemistry_review,1.3621870279312134,2.176459550857544,1.3622,2.1765,-1.2972068786698543e-05,-4.0449142455933895e-05,0.8237113356590271,0.603481650352478,scored_both,scored_both
1QY1,A:PRZ:300,eligible_exact_graph,0.17555901408195496,4.666247367858887,0.1756,4.6662,-4.098591804505003e-05,4.7367858886815384e-05,1.0,0.346834272146225,scored_both,scored_both
1QY2,A:IPZ:300,eligible_stereochemistry_review,0.2397623360157013,4.138304710388184,0.2398,4.1383,-3.76639842987192e-05,4.710388183504222e-06,1.0,0.3937247097492218,scored_both,scored_both
1QYG,H:BCG:401,eligible_stereochemistry_review,1.409964919090271,3.1040637493133545,1.41,3.1041,-3.508090972892397e-05,-3.6250686645367125e-05,0.8068965673446655,0.5077937841415405,scored_both,scored_both
1R1H,A:BIR:2001,eligible_stereochemistry_review,1.4907783269882202,,1.4908,8.3708,-2.1673011779688167e-05,,0.8276119232177734,,scored_both,partial_or_no_metrics
1R1J,A:OIR:2001,eligible_stereochemistry_review,1.0853530168533325,2.280078649520874,1.0854,2.2801,-4.698314666740089e-05,-2.1350479125992194e-05,0.8960674405097961,0.6303219199180603,scored_both,scored_both
1R58,A:AO5:501,eligible_stereochemistry_review,2.377317190170288,,2.3773,6.1267,1.71901702881172e-05,,0.7611111402511597,,scored_both,partial_or_no_metrics
1R5G,A:AO1:501,eligible_stereochemistry_review,,,0.8728,4.6021,,,,,partial_or_no_metrics,partial_or_no_metrics
1R5N,A:GDP:663,eligible_stereochemistry_review,1.0522613525390625,3.794543981552124,1.0523,3.7945,-3.8647460937513145e-05,4.398155212381738e-05,0.8824214339256287,0.47361359000205994,scored_both,scored_both
1R5Y,A:DQU:900,eligible_stereochemistry_review,0.3772623836994171,2.5562005043029785,0.3773,2.5562,-3.761630058290999e-05,5.043029784879138e-07,0.9872221946716309,0.5692239999771118,scored_both,scored_both
1R6G,A:442:500,eligible_stereochemistry_review,,3.2009849548339844,0.887,3.201,,-1.5045166015692502e-05,,0.4619807004928589,partial_or_no_metrics,scored_both
1R78,A:FMD:299,eligible_stereochemistry_review,1.0194528102874756,1.607472538948059,1.0195,1.6075,-4.718971252448689e-05,-2.7461051940846914e-05,0.8474106192588806,0.723901093006134,scored_both,scored_both
1R9L,A:BET:1001,eligible_exact_graph,0.19013762474060059,3.0634639263153076,0.1901,3.0635,3.762474060059473e-05,-3.607368469227268e-05,1.0,0.5601464509963989,scored_both,scored_both
1RBP,A:RTL:183,eligible_exact_graph,0.616814136505127,9.24526596069336,0.6168,9.2453,1.4136505126938204e-05,-3.4039306640920586e-05,0.9430031180381775,0.15333637595176697,scored_both,scored_both
1RDL,1:MMA:1,eligible_stereochemistry_review,0.994779109954834,27.256874084472656,0.9948,27.2569,-2.089004516603321e-05,-2.5915527345432565e-05,0.8763157725334167,0.0,scored_both,scored_both
1RDT,A:L79:463,eligible_stereochemistry_review,0.603966474533081,26.0518741607666,0.604,26.0519,-3.352546691892666e-05,-2.5839233398272654e-05,0.9596773982048035,0.0,scored_both,scored_both
1RE1,A:NA3:501,eligible_stereochemistry_review,0.43955284357070923,2.9011313915252686,0.4396,2.9011,-4.715642929076225e-05,3.139152526854261e-05,0.9796819686889648,0.5859497785568237,scored_both,scored_both
1REK,A:B8L:351,eligible_stereochemistry_review,11.339737892150879,6.053391933441162,11.3397,6.0534,3.7892150878349184e-05,-8.066558837782623e-06,0.1599423587322235,0.27168816328048706,scored_both,scored_both
1RGK,A:2AM:105,eligible_stereochemistry_review,1.1855095624923706,2.566173553466797,1.1855,2.5662,9.562492370607245e-06,-2.644653320293955e-05,0.8293269276618958,0.5560253858566284,scored_both,scored_both
1RGL,A:2GP:105,eligible_stereochemistry_review,2.5614521503448486,2.0119996070861816,2.5615,2.012,-4.784965515147732e-05,-3.9291381837003314e-07,0.5982944369316101,0.6729678511619568,scored_both,scored_both
1RHR,A:CNE:501,eligible_stereochemistry_review,1.4499192237854004,,1.4499,5.7317,1.922378540042402e-05,,0.8139144778251648,,scored_both,partial_or_no_metrics
1RHU,A:3CY:501,eligible_stereochemistry_review,1.5908305644989014,,1.5908,5.6247,3.056449890137536e-05,,0.7790697813034058,,scored_both,partial_or_no_metrics
1RJK,A:VDZ:500,eligible_exact_graph,0.8681920170783997,2.3894174098968506,0.8682,2.3894,-7.982921600313553e-06,1.7409896850395512e-05,0.8950228691101074,0.6885830760002136,scored_both,scored_both
1RM8,A:BAT:800,eligible_stereochemistry_review,4.9770402908325195,,4.977,5.5434,4.029083251921861e-05,,0.5645240545272827,,scored_both,partial_or_no_metrics
1RMZ,A:NGH:269,eligible_exact_graph,0.5132704973220825,1.4533904790878296,0.5133,1.4534,-2.9502677917458975e-05,-9.52091217043538e-06,0.9772727489471436,0.7810107469558716,scored_both,scored_both
1RNE,A:C60:350,eligible_stereochemistry_review,1.132092833518982,,1.1321,4.4688,-7.166481018172632e-06,,0.8274319171905518,,scored_both,partial_or_no_metrics
1RNM,E:C5P:200,eligible_representation_review,0.8770854473114014,5.85294771194458,0.8771,5.8529,-1.4552688598623575e-05,4.771194458008665e-05,0.9366952776908875,0.36793893575668335,scored_both,scored_both
1RNT,A:2GP:105,eligible_stereochemistry_review,1.4805245399475098,1.8773574829101562,1.4805,1.8774,2.4539947509838456e-05,-4.251708984370772e-05,0.8877952694892883,0.6609792113304138,scored_both,scored_both
1RPF,A:C3P:125,eligible_exact_graph,1.872000813484192,4.131972789764404,1.872,4.132,8.134841917861735e-07,-2.7210235595376275e-05,0.7584670186042786,0.38192611932754517,scored_both,scored_both
1RPJ,A:ALL:291,eligible_stereochemistry_review,0.8743162155151367,3.0202698707580566,0.8743,3.0203,1.621551513675268e-05,-3.0129241943566143e-05,0.8934502005577087,0.5391790866851807,scored_both,scored_both
1RQ2,A:CIT:380,eligible_exact_graph,0.20131324231624603,1.8412455320358276,0.2013,23.0413,1.3242316246026009e-05,-21.200054467964172,1.0,0.41739895939826965,scored_both,scored_both
1RR6,A:IMH:300,eligible_stereochemistry_review,1.5770273208618164,2.617863416671753,1.577,2.6179,2.7320861816448883e-05,-3.658332824718613e-05,0.7787539958953857,0.5700704455375671,scored_both,scored_both
1RRI,A:A45:1001,eligible_stereochemistry_review,2.548126697540283,14.411690711975098,2.5481,14.4117,2.669754028339355e-05,-9.288024902076586e-06,0.654411792755127,0.0180608369410038,scored_both,scored_both
1RRW,A:9MG:1001,eligible_exact_graph,2.1782124042510986,14.346792221069336,2.1782,14.3468,1.2404251098718788e-05,-7.778930664059658e-06,0.6641509532928467,0.011819484643638134,scored_both,scored_both
1RRY,A:204:1001,eligible_exact_graph,35.35704040527344,15.934210777282715,35.357,15.9342,4.040527343818212e-05,1.0777282714258263e-05,0.0,0.013020833022892475,scored_both,scored_both
1RS4,A:45P:1001,eligible_stereochemistry_review,34.50227737426758,20.941726684570312,34.5023,20.9417,-2.262573242006738e-05,2.6684570311630296e-05,0.0,0.0068155452609062195,scored_both,scored_both
1RSI,A:977:1001,eligible_exact_graph,36.61695098876953,22.513370513916016,36.6169,22.5134,5.098876953013587e-05,-2.948608398511965e-05,0.0,0.0,scored_both,scored_both
1RT9,A:IMH:300,eligible_stereochemistry_review,0.9134280681610107,3.2445414066314697,0.9134,3.2445,2.806816101075249e-05,4.140663146978696e-05,0.9031456708908081,0.524104654788971,scored_both,scored_both
1RTI,A:HEF:999,eligible_exact_graph,0.9063709378242493,5.694878578186035,0.9064,5.6949,-2.9062175750715902e-05,-2.1421813964472847e-05,0.9038461446762085,0.2992251515388489,scored_both,scored_both
1RTL,A:CPX:201,eligible_stereochemistry_review,,,2.754,20.9277,,,,,partial_or_no_metrics,partial_or_no_metrics
1RW8,A:580:501,eligible_stereochemistry_review,0.4279491901397705,2.539320707321167,0.4279,2.5393,4.919013977050524e-05,2.070732116710161e-05,0.9822555184364319,0.6054216623306274,scored_both,scored_both
1RWX,A:YBH:501,eligible_stereochemistry_review,1.9402092695236206,4.734338283538818,1.9402,4.7343,9.269523620680786e-06,3.828353881818458e-05,0.6984200477600098,0.385519802570343,scored_both,scored_both
1S19,A:MC9:500,eligible_exact_graph,0.5980446934700012,2.329725742340088,0.598,2.3297,4.4693470001244684e-05,2.5742340088008575e-05,0.9441624283790588,0.5979981422424316,scored_both,scored_both
1S39,A:AQO:900,eligible_stereochemistry_review,0.48113545775413513,1.6693857908248901,0.4811,1.6694,3.5457754135104214e-05,-1.4209175109858307e-05,0.96875,0.7217090129852295,scored_both,scored_both
1S50,A:GLU:999,eligible_exact_graph,3.465177536010742,5.186328411102295,3.4652,5.1863,-2.2463989257648365e-05,2.8411102294789714e-05,0.44576719403266907,0.3123980462551117,scored_both,scored_both
1S5Z,A:SON:1160,eligible_stereochemistry_review,1.386754035949707,19.446697235107422,1.3868,34.6839,-4.5964050293001435e-05,-15.23720276489258,0.7770061492919922,0.0,scored_both,scored_both
1S63,B:778:3012,eligible_stereochemistry_review,,,1.0592,4.411,,,,,partial_or_no_metrics,partial_or_no_metrics
1SB1,H:165:1001,eligible_stereochemistry_review,30.75545310974121,4.025887489318848,30.7555,4.0259,-4.6890258790455164e-05,-1.2510681152377856e-05,0.0,0.441971093416214,scored_both,scored_both
1SDU,B:MK1:902,eligible_stereochemistry_review,1.0530880689620972,4.808932781219482,1.0531,4.8089,-1.1931037902757069e-05,3.278121948202539e-05,0.8649094104766846,0.3282414376735687,scored_both,scored_both
1SDV,B:MK1:902,eligible_stereochemistry_review,1.1197986602783203,2.851710557937622,1.1198,2.8517,-1.3397216795940636e-06,1.0557937621946678e-05,0.8479838967323303,0.5673137903213501,scored_both,scored_both
1SGU,B:MK1:2632,eligible_stereochemistry_review,2.036299228668213,2.9809350967407227,2.0363,2.9809,-7.713317873303538e-07,3.509674072255109e-05,0.757557213306427,0.5216975212097168,scored_both,scored_both
1SH9,B:RIT:301,eligible_stereochemistry_review,1.531189203262329,,1.5312,6.0872,-1.0796737670792922e-05,,0.7633786201477051,,scored_both,partial_or_no_metrics
1SIV,B:PSI:100,eligible_stereochemistry_review,0.9288530349731445,5.846752166748047,0.9289,5.8468,-4.69650268554167e-05,-4.783325195312216e-05,0.8941314816474915,0.2972494661808014,scored_both,scored_both
1SJ0,A:E4D:600,eligible_stereochemistry_review,1.0512731075286865,3.271860122680664,1.0513,3.2719,-2.6892471313377797e-05,-3.987731933596805e-05,0.8394179940223694,0.4953213930130005,scored_both,scored_both
1SL3,A:170:1001,eligible_stereochemistry_review,0.6679548621177673,,0.668,3.2146,-4.513788223270421e-05,,0.9333333373069763,,scored_both,partial_or_no_metrics
1SLN,A:8MI:256,eligible_stereochemistry_review,,,1.5268,4.0404,,,,,partial_or_no_metrics,partial_or_no_metrics
1SNK,A:MYE:1,eligible_stereochemistry_review,1.1160613298416138,,1.1161,5.7325,-3.8670158386322484e-05,,0.8795931935310364,,scored_both,partial_or_no_metrics
1SQB,C:AZO:383,eligible_exact_graph,10.066286087036133,41.57844543457031,10.0663,41.5784,-1.391296386721308e-05,4.5434570310476374e-05,0.3449767231941223,0.0,scored_both,scored_both
1SQC,A:LDA:667,eligible_exact_graph,1.8789302110671997,,1.8789,3.5398,3.0211067199692465e-05,,0.7072192430496216,,scored_both,partial_or_no_metrics
1SQP,C:MYX:383,eligible_exact_graph,26.476572036743164,22.87311363220215,26.4766,22.8731,-2.796325683718237e-05,1.3632202147562111e-05,0.0,0.0033638321328908205,scored_both,scored_both
1STD,A:BFS:175,eligible_stereochemistry_review,0.5096288323402405,3.854020357131958,0.5096,3.854,2.883234024042558e-05,2.0357131957915442e-05,0.962897539138794,0.38863107562065125,scored_both,scored_both
1STP,A:BTN:300,eligible_stereochemistry_review,0.7414128184318542,3.6493453979492188,0.7414,3.6493,1.2818431854300094e-05,4.539794921853968e-05,0.9365941882133484,0.45265424251556396,scored_both,scored_both
1SV3,A:ANN:347,eligible_stereochemistry_review,0.6770305633544922,4.060235023498535,0.677,4.0602,3.0563354492141315e-05,3.5023498535124986e-05,0.9147058725357056,0.4534261226654053,scored_both,scored_both
1SW2,A:BET:301,eligible_exact_graph,0.10957244783639908,2.221714735031128,0.1096,2.2217,-2.7552163600924606e-05,1.4735031128143561e-05,1.0,0.6835511922836304,scored_both,scored_both
1SWI,B:BNZ:100,eligible_exact_graph,0.70317542552948,6.376314640045166,0.7032,6.7719,-2.4574470520066782e-05,-0.39558535995483357,0.9405242204666138,0.21396397054195404,scored_both,scored_both
1SYH,A:CPW:501,eligible_exact_graph,0.29855281114578247,1.569843053817749,0.2986,1.5698,-4.718885421750585e-05,4.305381774893924e-05,0.9945651888847351,0.7399425506591797,scored_both,scored_both
1T31,A:OHH:901,eligible_stereochemistry_review,,,2.291,6.142,,,,,partial_or_no_metrics,partial_or_no_metrics
1T46,A:STI:3,eligible_stereochemistry_review,0.6257501244544983,12.749784469604492,0.6257,12.7498,5.012445449825709e-05,-1.5530395508278616e-05,0.9534721970558167,0.16999445855617523,scored_both,scored_both
1T48,A:BB3:299,eligible_stereochemistry_review,0.7851627469062805,3.0169458389282227,0.7852,3.0169,-3.725309371949148e-05,4.5838928222519115e-05,0.932634711265564,0.5057077407836914,scored_both,scored_both
1T4V,H:14A:1411,eligible_stereochemistry_review,6.915444850921631,5.037418365478516,6.9154,5.0374,4.48509216308679e-05,1.8365478515747213e-05,0.21983161568641663,0.3949579894542694,scored_both,scored_both
1T69,A:SHH:379,eligible_exact_graph,1.3460817337036133,,1.3461,4.2806,-1.8266296386793002e-05,,0.8807947039604187,,scored_both,partial_or_no_metrics
1TA2,A:176:401,eligible_stereochemistry_review,0.7732652425765991,,0.7733,3.3665,-3.4757423400866294e-05,,0.9340753555297852,,scored_both,partial_or_no_metrics
1TA6,A:177:401,eligible_stereochemistry_review,1.0073732137680054,,1.0074,6.9695,-2.6786231994702092e-05,,0.8853305578231812,,scored_both,partial_or_no_metrics
1TBZ,H:00Q:343,eligible_stereochemistry_review,4.612700939178467,,4.6127,3.4704,9.391784665524483e-07,,0.47661730647087097,,scored_both,partial_or_no_metrics
1TD7,A:NFL:2001,eligible_stereochemistry_review,0.5867080688476562,4.368991374969482,0.5867,4.369,8.06884765625071e-06,-8.625030517350751e-06,0.9632675647735596,0.34429529309272766,scored_both,scored_both
1TFQ,A:998:998,eligible_stereochemistry_review,,,2.5502,6.3367,,,,,partial_or_no_metrics,partial_or_no_metrics
1TFT,A:997:998,eligible_stereochemistry_review,,,2.2876,5.5078,,,,,partial_or_no_metrics,partial_or_no_metrics
1TFZ,A:869:551,eligible_stereochemistry_review,1.1485657691955566,8.17530345916748,1.1486,8.1753,-3.4230804443424745e-05,3.4591674804573813e-06,0.8653846383094788,0.2065584808588028,scored_both,scored_both
1TKT,A:H12:999,eligible_exact_graph,0.755905270576477,2.065452814102173,0.7559,2.0655,5.270576477034439e-06,-4.7185897827262124e-05,0.9238826632499695,0.6440828442573547,scored_both,scored_both
1TKX,A:GWB:999,eligible_exact_graph,0.8501881957054138,3.8656489849090576,0.8502,3.8656,-1.180429458613741e-05,4.8984909057470105e-05,0.9163265228271484,0.4569999873638153,scored_both,scored_both
1TL1,A:H18:999,eligible_stereochemistry_review,0.8208482265472412,2.550367832183838,0.8208,2.5504,4.822654724123687e-05,-3.2167816161887686e-05,0.907543420791626,0.5676567554473877,scored_both,scored_both
1TL3,A:H20:999,eligible_exact_graph,0.757721483707428,1.3352093696594238,0.7577,1.3352,2.148370742793837e-05,9.369659423885679e-06,0.9244604110717773,0.8165562748908997,scored_both,scored_both
1TLP,E:RDF:317,eligible_stereochemistry_review,1.8236345052719116,,1.8236,6.9877,3.4505271911511315e-05,,0.77601158618927,,scored_both,partial_or_no_metrics
1TNG,A:AMC:900,eligible_exact_graph,,,0.8441,2.4338,,,,,partial_or_no_metrics,partial_or_no_metrics
1TNI,A:PBN:900,eligible_exact_graph,,,3.5876,2.9052,,,,,partial_or_no_metrics,partial_or_no_metrics
1TNJ,A:PEA:900,eligible_exact_graph,,,0.5365,1.4918,,,,,partial_or_no_metrics,partial_or_no_metrics
1TNK,A:PRA:900,eligible_exact_graph,,,1.8001,2.0083,,,,,partial_or_no_metrics,partial_or_no_metrics
1TNL,A:TPA:900,eligible_exact_graph,,,0.4767,1.409,,,,,partial_or_no_metrics,partial_or_no_metrics
1TOI,A:HCI:410,eligible_exact_graph,0.20732976496219635,2.5899658203125,0.2073,2.59,2.9764962196338063e-05,-3.417968749985789e-05,0.7371601462364197,0.4829670190811157,scored_both,scored_both
1TOJ,A:HCI:410,eligible_exact_graph,0.23284617066383362,3.386760950088501,0.2328,3.3868,4.6170663833611236e-05,-3.904991149905612e-05,0.759530782699585,0.35742971301078796,scored_both,scored_both
1TOM,H:MIN:1,eligible_exact_graph,1.8532898426055908,2.953505516052246,1.8533,2.9535,-1.0157394409127107e-05,5.516052246079539e-06,0.7400990128517151,0.5116686224937439,scored_both,scored_both
1TOU,A:B1V:501,eligible_exact_graph,0.3490791916847229,,0.3491,3.3773,-2.0808315277121014e-05,,0.9765795469284058,,scored_both,partial_or_no_metrics
1TQ4,A:GDP:500,eligible_stereochemistry_review,1.3121777772903442,2.503556728363037,1.3122,2.5036,-2.222270965579476e-05,-4.327163696293823e-05,0.8263646960258484,0.5979105830192566,scored_both,scored_both
1TQF,A:32P:401,eligible_stereochemistry_review,1.6612509489059448,9.085033416748047,1.6613,9.085,-4.9051094055174715e-05,3.341674804602235e-05,0.8117547035217285,0.17007149755954742,scored_both,scored_both
1TRD,B:PGH:300,eligible_representation_review,0.19151534140110016,13.010713577270508,0.1915,13.0107,1.534140110015514e-05,1.3577270507880712e-05,1.0,0.05000000074505806,scored_both,scored_both
1TSI,A:4PB:600,eligible_exact_graph,0.23956505954265594,3.5393145084381104,0.2396,3.5393,-3.494045734406259e-05,1.4508438110460986e-05,1.0,0.40928271412849426,scored_both,scored_both
1TSV,A:UMP:317,eligible_stereochemistry_review,0.5655530691146851,9.128045082092285,0.5656,9.128,-4.693088531493306e-05,4.508209228504256e-05,0.9660751819610596,0.13110047578811646,scored_both,scored_both
1TSY,A:UMP:317,eligible_stereochemistry_review,0.5748339891433716,11.675106048583984,0.5748,11.6751,3.398914337160441e-05,6.048583983897515e-06,0.9581567645072937,0.06399177014827728,scored_both,scored_both
1TTM,A:667:264,eligible_stereochemistry_review,0.6824767589569092,2.952883243560791,0.6825,2.9529,-2.324104309081587e-05,-1.6756439209064666e-05,0.9632866978645325,0.5498338937759399,scored_both,scored_both
1TV6,A:CP9:561,eligible_stereochemistry_review,2.220520496368408,3.470571279525757,2.2205,3.4706,2.0496368408284837e-05,-2.872047424329338e-05,0.7267720103263855,0.5022897720336914,scored_both,scored_both
1TVO,A:FRZ:1001,eligible_exact_graph,0.3956485092639923,5.032754898071289,0.3956,5.0328,4.8509263992302376e-05,-4.5101928710877814e-05,0.9929519295692444,0.33088234066963196,scored_both,scored_both
1TVR,A:TB9:600,eligible_exact_graph,0.8790463805198669,,0.879,1.536,4.638051986693981e-05,,0.8992000222206116,,scored_both,partial_or_no_metrics
1TXR,A:BES:503,eligible_stereochemistry_review,0.7737118601799011,3.5633773803710938,0.7737,3.5634,1.186017990106869e-05,-2.2619628906372924e-05,0.9283004403114319,0.4342403709888458,scored_both,scored_both
1TYN,A:CTA:246,eligible_stereochemistry_review,,6.307409763336182,3.4441,6.3074,,9.763336181300986e-06,,0.3579021990299225,partial_or_no_metrics,scored_both
1TYS,A:TMP:565,eligible_stereochemistry_review,0.6503798365592957,7.195601463317871,0.6504,7.1956,-2.0163440704323854e-05,1.4633178713197026e-06,0.9424493312835693,0.19989877939224243,scored_both,scored_both
1U2R,A:GDP:1920,eligible_stereochemistry_review,0.6733280420303345,5.216087818145752,0.6733,5.2161,2.8042030334463064e-05,-1.2181854248005664e-05,0.9624824523925781,0.3399566411972046,scored_both,scored_both
1U2Y,A:GOX:499,eligible_exact_graph,5.794438362121582,3.4157540798187256,5.7944,3.4158,3.8362121581592135e-05,-4.592018127436148e-05,0.26003822684288025,0.46276596188545227,scored_both,scored_both
1U32,A:OKA:501,eligible_exact_graph,1.1644115447998047,5.425661563873291,1.1644,5.4257,1.1544799804585892e-05,-3.843612670895169e-05,0.8488211035728455,0.2694512605667114,scored_both,scored_both
1U33,A:LM2:500,eligible_exact_graph,1.5838721990585327,,1.5839,4.9948,-2.7800941467370777e-05,,0.7744082808494568,,scored_both,partial_or_no_metrics
1U59,A:STU:100,eligible_stereochemistry_review,1.5409188270568848,1.734924554824829,1.5409,1.7349,1.882705688482922e-05,2.455482482899285e-05,0.7672972679138184,0.711922287940979,scored_both,scored_both
1U65,A:CP0:603,eligible_stereochemistry_review,1.7990726232528687,13.10381031036377,1.7991,13.1038,-2.737674713126914e-05,1.0310363769860942e-05,0.7522686123847961,0.10252497345209122,scored_both,scored_both
1UA4,A:AMP:1456,eligible_stereochemistry_review,1.2585787773132324,3.5843000411987305,1.2586,3.5843,-2.122268676751915e-05,4.1198730649227855e-08,0.8124186992645264,0.4477832615375519,scored_both,scored_both
1UDT,A:VIA:1000,eligible_stereochemistry_review,1.308991551399231,2.7722630500793457,1.309,2.7723,-8.448600768984349e-06,-3.6949920654283375e-05,0.7638248801231384,0.5876451730728149,scored_both,scored_both
1UGP,A:BUA:1302,eligible_exact_graph,3.5291907787323,3.8381450176239014,4.044,3.1374,-0.5148092212676998,0.7007450176239014,0.3442906439304352,0.3804347813129425,scored_both,scored_both
1UHO,A:VDN:1000,eligible_exact_graph,0.7193853855133057,2.9987354278564453,0.7194,2.9987,-1.4614486694375373e-05,3.542785644539137e-05,0.9541160464286804,0.5939112305641174,scored_both,scored_both
1UJ5,A:5RP:302,eligible_stereochemistry_review,1.415305733680725,3.037632942199707,1.4153,3.0376,5.733680725095169e-06,3.294219970717549e-05,0.8103161454200745,0.5396341681480408,scored_both,scored_both
1UJ6,A:A5P:228,eligible_stereochemistry_review,0.631596565246582,4.195018768310547,0.6316,4.195,-3.434753418019021e-06,1.8768310546590783e-05,0.8757009506225586,0.42259085178375244,scored_both,scored_both
1UML,A:FR4:1001,eligible_stereochemistry_review,0.5006008148193359,,0.5006,2.7276,8.148193358925582e-07,,0.9713930487632751,,scored_both,partial_or_no_metrics
1UNL,A:RRC:1293,eligible_stereochemistry_review,0.6082521080970764,24.257781982421875,0.6083,24.2578,-4.7891902923535845e-05,-1.8017578124585043e-05,0.9595096707344055,0.0,scored_both,scored_both
1UOM,A:PTI:1547,eligible_stereochemistry_review,1.0279687643051147,3.767835855484009,1.028,3.7678,-3.1235694885278775e-05,3.585548400897309e-05,0.8565242290496826,0.46527180075645447,scored_both,scored_both
1UOU,A:CMU:1481,eligible_exact_graph,1.6030939817428589,2.5435075759887695,1.6031,2.5435,-6.018257141082728e-06,7.575988769659148e-06,0.813209056854248,0.6219857931137085,scored_both,scored_both
1UTJ,A:ABN:246,eligible_exact_graph,,,0.3354,2.3225,,,,,partial_or_no_metrics,partial_or_no_metrics
1UTL,M:PRA:246,eligible_exact_graph,1.2619976997375488,1.8709508180618286,1.262,1.871,-2.300262451182533e-06,-4.9181938171383166e-05,0.8179824352264404,0.680059552192688,scored_both,scored_both
1UTM,A:PEA:246,eligible_exact_graph,0.40726640820503235,3.0329761505126953,0.4073,3.033,-3.359179496764675e-05,-2.3849487304605788e-05,0.9892026782035828,0.4825129508972168,scored_both,scored_both
1UTO,A:PEA:1246,eligible_exact_graph,0.4672738015651703,1.7970705032348633,0.4673,1.7971,-2.6198434829705075e-05,-2.949676513663846e-05,0.9811912178993225,0.6871727705001831,scored_both,scored_both
1UTP,A:PBN:1246,eligible_exact_graph,1.0239136219024658,2.485490083694458,1.0239,2.4855,1.3621902465787983e-05,-9.91630554203482e-06,0.877464771270752,0.5926966071128845,scored_both,scored_both
1UTR,A:PCB:78,eligible_stereochemistry_review,,,1.2508,3.6998,,,,,partial_or_no_metrics,partial_or_no_metrics
1UTT,A:CP8:1266,eligible_exact_graph,2.391969680786133,3.9956436157226562,2.392,3.9956,-3.0319213867091577e-05,4.36157226562095e-05,0.6177172660827637,0.43744874000549316,scored_both,scored_both
1UV5,A:BRW:1383,eligible_exact_graph,0.318137526512146,0.8840438723564148,0.3181,0.884,3.752651214600222e-05,4.387235641478693e-05,0.996982753276825,0.9080267548561096,scored_both,scored_both
1UVS,H:I11:11,eligible_stereochemistry_review,,,5.483,3.4489,,,,,partial_or_no_metrics,partial_or_no_metrics
1UVT,H:I48:1,eligible_stereochemistry_review,,,8.6913,2.0724,,,,,partial_or_no_metrics,partial_or_no_metrics
1UWB,A:TBO:559,eligible_exact_graph,0.6847259402275085,1.6105122566223145,0.6847,1.6105,2.5940227508569613e-05,1.2256622314410492e-05,0.9493243098258972,0.7616192102432251,scored_both,scored_both
1UWF,A:DEG:1159,eligible_stereochemistry_review,0.814382016658783,1.8450889587402344,0.8144,1.8451,-1.7983341217053805e-05,-1.1041259765587341e-05,0.896934449672699,0.6858364939689636,scored_both,scored_both
1UY7,A:PU4:1224,eligible_stereochemistry_review,0.5902443528175354,,0.5902,1.2642,4.4352817535453504e-05,,0.9432692527770996,,scored_both,partial_or_no_metrics
1UY9,A:PU6:1224,eligible_stereochemistry_review,1.4618301391601562,1.7266215085983276,1.4618,1.7266,3.0139160156261724e-05,2.1508598327724116e-05,0.8286885023117065,0.6950240731239319,scored_both,scored_both
1UYC,A:PU7:1224,eligible_stereochemistry_review,0.8495674133300781,0.9499831199645996,0.8496,0.95,-3.258666992189685e-05,-1.6880035400346216e-05,0.916809618473053,0.872053861618042,scored_both,scored_both
1UYD,A:PU8:1224,eligible_stereochemistry_review,0.7822836637496948,1.4135122299194336,0.7823,1.4135,-1.6336250305171163e-05,1.2229919433615066e-05,0.8958646655082703,0.8097439408302307,scored_both,scored_both
1UYF,A:PU1:1224,eligible_exact_graph,0.6415834426879883,,0.6416,2.0098,-1.655731201166688e-05,,0.9487463235855103,,scored_both,partial_or_no_metrics
1UYG,A:PU2:1224,eligible_stereochemistry_review,0.8082172274589539,1.0454769134521484,0.8082,1.0455,1.7227458953827934e-05,-2.3086547851658423e-05,0.8941637873649597,0.8614457845687866,scored_both,scored_both
1UYK,A:PUX:1224,eligible_stereochemistry_review,0.45687583088874817,1.4109013080596924,0.4569,1.4109,-2.4169111251803876e-05,1.3080596923398247e-06,0.9754385948181152,0.7773752212524414,scored_both,scored_both
1UYM,A:PU3:1224,eligible_stereochemistry_review,0.6751565933227539,1.4321832656860352,0.6752,1.4322,-4.340667724611613e-05,-1.6734313964761327e-05,0.9356814622879028,0.8384100794792175,scored_both,scored_both
1UZ4,A:IFL:1432,eligible_stereochemistry_review,0.7298754453659058,1.8603795766830444,0.7299,1.8604,-2.455463409423153e-05,-2.0423316955620052e-05,0.9402552247047424,0.7147239446640015,scored_both,scored_both
1V11,A:TPP:601,eligible_stereochemistry_review,4.674493312835693,,4.6745,6.5592,-6.687164306740101e-06,,0.4459896385669708,,scored_both,partial_or_no_metrics
1V16,A:TPP:601,eligible_stereochemistry_review,5.134607315063477,8.362129211425781,5.1346,8.3621,7.315063476731609e-06,2.9211425781383582e-05,0.37355658411979675,0.1517457515001297,scored_both,scored_both
1V1K,A:3FP:299,eligible_stereochemistry_review,1.9047473669052124,,1.9047,2.5841,4.736690521234266e-05,,0.7420440912246704,,scored_both,partial_or_no_metrics
1V1M,A:TPP:1401,eligible_stereochemistry_review,3.6017611026763916,,3.6018,6.7038,-3.8897323608289014e-05,,0.6465649008750916,,scored_both,partial_or_no_metrics
1V2K,T:ZEN:1,eligible_stereochemistry_review,0.8523544073104858,8.170658111572266,0.8524,8.1707,-4.55926895142067e-05,-4.1888427734448896e-05,0.8808016777038574,0.16085271537303925,scored_both,scored_both
1V3X,A:D76:700,eligible_stereochemistry_review,1.6897042989730835,3.306353807449341,1.6897,3.3064,4.298973083516344e-06,-4.619255065918537e-05,0.8242263197898865,0.48762157559394836,scored_both,scored_both
1V48,A:HA1:290,eligible_exact_graph,0.35581377148628235,,0.3558,5.8002,1.3771486282343481e-05,,1.0,,scored_both,partial_or_no_metrics
1V79,A:FR7:1001,eligible_stereochemistry_review,1.1989284753799438,3.0701234340667725,1.1989,3.0701,2.8475379943770918e-05,2.343406677240978e-05,0.8754138946533203,0.5175644159317017,scored_both,scored_both
1V7A,A:FRC:1001,eligible_stereochemistry_review,0.5710017085075378,3.178680419921875,0.571,3.1787,1.7085075378897585e-06,-1.9580078125081002e-05,0.9467766284942627,0.4961498975753784,scored_both,scored_both
1VCJ,A:IBA:1,eligible_stereochemistry_review,1.4085369110107422,5.614993572235107,1.4085,5.615,3.6911010742102235e-05,-6.427764892791288e-06,0.7786388397216797,0.27543604373931885,scored_both,scored_both
1VEA,B:HBN:1001,eligible_stereochemistry_review,3.154168128967285,,3.1542,15.798,-3.187103271473646e-05,,0.790436863899231,,scored_both,partial_or_no_metrics
1VEB,A:I05:351,eligible_stereochemistry_review,2.8769123554229736,3.5459413528442383,2.8769,3.5459,1.2355422973620023e-05,4.135284423822938e-05,0.6470833420753479,0.4515323042869568,scored_both,scored_both
1VGC,C:V36:358,eligible_exact_graph,0.4554173946380615,5.4350128173828125,0.4554,5.435,1.7394638061496437e-05,1.2817382812890799e-05,0.9737093448638916,0.40041494369506836,scored_both,scored_both
1VJ5,A:CIU:781,eligible_exact_graph,0.624640703201294,3.0981712341308594,0.6246,3.0982,4.070320129390126e-05,-2.876586914046797e-05,0.9484200477600098,0.5417808294296265,scored_both,scored_both
1VJC,A:ATP:417,eligible_stereochemistry_review,2.0574944019317627,,2.0575,4.3018,-5.598068237411269e-06,,0.6729828715324402,,scored_both,partial_or_no_metrics
1VOT,A:HUP:999,eligible_exact_graph,0.6002286076545715,2.868255853652954,0.6002,2.8683,2.8607654571577434e-05,-4.41463470459702e-05,0.9530988335609436,0.5435656905174255,scored_both,scored_both
1VYF,A:OLA:1134,eligible_exact_graph,0.966554582118988,,0.9666,3.9169,-4.5417881011977634e-05,,0.8765305876731873,,scored_both,partial_or_no_metrics
1VYG,A:ACD:1134,eligible_exact_graph,1.886694073677063,4.000819206237793,1.8867,4.0008,-5.926322937055417e-06,1.9206237793056857e-05,0.7584683299064636,0.4232456088066101,scored_both,scored_both
1VYZ,A:N5B:300,eligible_exact_graph,0.3228694796562195,1.6579328775405884,0.3229,1.6579,-3.052034378053792e-05,3.2877540588449605e-05,0.9940000176429749,0.7705419659614563,scored_both,scored_both
1W10,U:SJ1:1245,eligible_stereochemistry_review,1.0278761386871338,,1.0279,3.9498,-2.386131286624682e-05,,0.8926435112953186,,scored_both,partial_or_no_metrics
1W13,U:SM1:1245,eligible_stereochemistry_review,0.65220707654953,4.167169570922852,0.6522,4.1672,7.076549530027343e-06,-3.042907714867482e-05,0.9240196347236633,0.47587916254997253,scored_both,scored_both
1W14,U:SH1:1300,eligible_stereochemistry_review,0.8674253225326538,3.186593532562256,0.8674,3.1866,2.5322532653859753e-05,-6.467437744017701e-06,0.9220705628395081,0.5164048075675964,scored_both,scored_both
1W1D,A:4IP:1552,eligible_stereochemistry_review,,,1.3291,4.8302,,,,,partial_or_no_metrics,partial_or_no_metrics
1W1G,A:4PT:1550,eligible_stereochemistry_review,1.5540894269943237,,1.5541,3.7003,-1.057300567630648e-05,,0.7844626307487488,,scored_both,partial_or_no_metrics
1W31,A:SHO:363,eligible_exact_graph,0.4741646945476532,6.624442100524902,0.4742,6.6244,-3.530545234681215e-05,4.210052490272176e-05,0.9918879270553589,0.20256167650222778,scored_both,scored_both
1W4O,A:UA3:1125,eligible_representation_review,1.1273856163024902,14.884316444396973,37.9506,14.8843,-36.82321438369751,1.6444396973014364e-05,0.8462199568748474,0.022187499329447746,scored_both,scored_both
1W51,A:L01:1506,eligible_stereochemistry_review,1.0383057594299316,4.139073371887207,1.0383,4.1391,5.7594299316399145e-06,-2.662811279297017e-05,0.8729433417320251,0.4029255211353302,scored_both,scored_both
1W5V,A:BE3:1100,eligible_stereochemistry_review,,3.933671236038208,0.855,3.9394,,-0.005728763961792005,,0.4196555018424988,partial_or_no_metrics,scored_both
1W5W,A:BE4:1100,eligible_stereochemistry_review,,4.1271538734436035,1.3838,4.1272,,-4.612655639668617e-05,,0.40807437896728516,partial_or_no_metrics,scored_both
1W5X,A:BE5:501,eligible_stereochemistry_review,1.5303339958190918,,1.6315,6.9006,-0.10116600418090815,,0.7584563493728638,,scored_both,partial_or_no_metrics
1W5Y,A:BE6:1100,eligible_stereochemistry_review,2.194833993911743,7.115774154663086,2.2447,7.1158,-0.049866006088256754,-2.5845336914187556e-05,0.6939523816108704,0.19901645183563232,scored_both,scored_both
1W6J,A:R71:1733,eligible_stereochemistry_review,0.7317987084388733,8.013103485107422,0.7318,8.0131,-1.291561126715024e-06,3.485107422207534e-06,0.9206621050834656,0.20333746075630188,scored_both,scored_both
1W6Y,A:EQU:201,eligible_stereochemistry_review,1.0220037698745728,9.304766654968262,1.022,9.3048,3.7698745727343663e-06,-3.334503173846315e-05,0.9045566320419312,0.1161593571305275,scored_both,scored_both
1W7H,A:3IP:1355,eligible_exact_graph,0.40324729681015015,4.191443920135498,0.4032,4.1914,4.729681015014364e-05,4.3920135498254353e-05,0.9870689511299133,0.36749571561813354,scored_both,scored_both
1W83,A:L11:1355,eligible_stereochemistry_review,0.6557066440582275,10.162034034729004,0.6557,10.162,6.644058227589511e-06,3.403472900309623e-05,0.9491666555404663,0.19355979561805725,scored_both,scored_both
1W84,A:L12:1356,eligible_stereochemistry_review,0.4562377333641052,3.8748602867126465,0.4562,3.8749,3.7733364105230205e-05,-3.9713287353304594e-05,0.9712837934494019,0.4234790802001953,scored_both,scored_both
1W8L,A:1P3:1166,eligible_stereochemistry_review,0.4323268532752991,2.447436809539795,0.4323,2.4474,2.685327529905468e-05,3.680953979490198e-05,0.9869999885559082,0.5578175783157349,scored_both,scored_both
1W8M,A:E1P:1166,eligible_exact_graph,0.49581000208854675,2.9870169162750244,0.4958,2.987,1.0002088546734456e-05,1.6916275024314587e-05,0.9575163125991821,0.5200276374816895,scored_both,scored_both
1WAY,B:L02:1248,eligible_stereochemistry_review,0.7880265116691589,6.116588115692139,0.788,6.1166,2.6511669158901796e-05,-1.1884307861365073e-05,0.9552023410797119,0.307124525308609,scored_both,scored_both
1WBG,B:L03:1248,eligible_stereochemistry_review,1.250105857849121,2.7257626056671143,1.2501,2.7258,5.857849121104763e-06,-3.73943328857429e-05,0.8393223881721497,0.6064029932022095,scored_both,scored_both
1WBO,A:2CH:1355,eligible_stereochemistry_review,0.6025456190109253,5.717074394226074,0.6025,5.7171,4.561901092525744e-05,-2.5605773926073994e-05,0.9576612710952759,0.26051780581474304,scored_both,scored_both
1WBS,A:LI2:1355,eligible_stereochemistry_review,0.7130042314529419,8.36910629272461,0.713,8.3691,4.231452941927394e-06,6.292724609835432e-06,0.9282477498054504,0.22138157486915588,scored_both,scored_both
1WBT,A:WBT:1355,eligible_stereochemistry_review,0.7152015566825867,,0.7152,8.9787,1.556682586723035e-06,,0.9301210641860962,,scored_both,partial_or_no_metrics
1WBV,A:LI3:1355,eligible_stereochemistry_review,0.7530420422554016,1.647861123085022,0.753,1.6479,4.2042255401608664e-05,-3.887691497794776e-05,0.9144562482833862,0.7245315909385681,scored_both,scored_both
1WBW,A:LI4:1355,eligible_stereochemistry_review,0.3522196412086487,1.8869637250900269,0.3522,1.887,1.9641208648668584e-05,-3.627490997315519e-05,0.9946714043617249,0.6870315074920654,scored_both,scored_both
1WCC,A:CIG:1299,eligible_stereochemistry_review,0.3792586922645569,3.5978124141693115,0.3793,3.5978,-4.130773544314126e-05,1.2414169311636414e-05,0.9824903011322021,0.44864049553871155,scored_both,scored_both
1WDY,A:25A:1001,eligible_stereochemistry_review,,,2.0167,5.4204,,,,,partial_or_no_metrics,partial_or_no_metrics
1WE2,A:DHK:181,eligible_stereochemistry_review,0.6153231263160706,3.626448392868042,0.6153,3.6264,2.3126316070598563e-05,4.8392868042146375e-05,0.9546089172363281,0.4366602599620819,scored_both,scored_both
1WM1,A:PTB:401,eligible_stereochemistry_review,0.8943173885345459,5.230179309844971,0.8943,5.2302,1.7388534545914602e-05,-2.0690155029257085e-05,0.899021327495575,0.26897090673446655,scored_both,scored_both
1WUG,A:NP1:201,eligible_stereochemistry_review,,,0.3637,3.7626,,,,,partial_or_no_metrics,partial_or_no_metrics
1WVC,A:CTP:401,eligible_stereochemistry_review,4.061225891113281,,4.0612,5.426,2.589111328088478e-05,,0.6565138697624207,,scored_both,partial_or_no_metrics
1WVJ,A:IBC:1001,eligible_stereochemistry_review,0.7282754182815552,2.0999667644500732,0.7283,2.1,-2.458171844477164e-05,-3.323554992684663e-05,0.9173228144645691,0.6269841194152832,scored_both,scored_both
1X07,A:IPE:901,eligible_exact_graph,0.443603515625,4.793901443481445,0.4436,4.7939,3.5156250000056843e-06,1.4434814454844513e-06,0.9814004302024841,0.3976910710334778,scored_both,scored_both
1X38,A:IDD:1001,eligible_stereochemistry_review,0.7038753032684326,2.9380733966827393,0.7039,2.9381,-2.469673156735297e-05,-2.6603317260676107e-05,0.9269621968269348,0.5524333715438843,scored_both,scored_both
1X39,A:IDE:1001,eligible_stereochemistry_review,0.7353181838989258,3.3821640014648438,0.7353,3.3822,1.8183898925827613e-05,-3.599853515634521e-05,0.9106411933898926,0.5423634052276611,scored_both,scored_both
1X6U,A:DO8:2634,eligible_exact_graph,0.7943931221961975,5.754421234130859,0.7944,5.7544,-6.8778038024852606e-06,2.1234130858971412e-05,0.9187710285186768,0.24423709511756897,scored_both,scored_both
1X81,B:JAN:1,eligible_stereochemistry_review,1.0312178134918213,6.1164751052856445,1.0312,6.1165,1.7813491821394578e-05,-2.4894714355738756e-05,0.8373180627822876,0.23452970385551453,scored_both,scored_both
1X8R,A:SC1:601,eligible_stereochemistry_review,0.7154507040977478,3.3571395874023438,0.7155,3.3571,-4.9295902252222135e-05,3.9587402343777e-05,0.9262485504150391,0.481967955827713,scored_both,scored_both
1X8T,A:RC1:501,eligible_stereochemistry_review,1.9303401708602905,3.8873562812805176,1.9303,3.8874,4.0170860290622556e-05,-4.371871948238848e-05,0.7754189968109131,0.41608238220214844,scored_both,scored_both
1XA5,A:KAR:153,eligible_stereochemistry_review,2.210350751876831,6.381775856018066,2.2104,6.3818,-4.924812316886573e-05,-2.4143981933733016e-05,0.6309261322021484,0.23723118007183075,scored_both,scored_both
1XBB,A:STI:1,eligible_stereochemistry_review,0.8013176918029785,7.288872718811035,0.8013,7.2889,1.7691802978503368e-05,-2.728118896477838e-05,0.9650706648826599,0.3130319118499756,scored_both,scored_both
1XBC,A:STU:1,eligible_stereochemistry_review,0.6713030934333801,2.0443027019500732,0.6713,2.0443,3.093433380119137e-06,2.7019500734581925e-06,0.9308968186378479,0.6736760139465332,scored_both,scored_both
1XD0,A:ARE:501,eligible_stereochemistry_review,,,1.5591,5.5492,,,,,partial_or_no_metrics,partial_or_no_metrics
1XGE,A:DOR:1410,eligible_stereochemistry_review,2.712085723876953,3.727452516555786,30.9456,3.7275,-28.233514276123046,-4.7483444213902715e-05,0.4594474136829376,0.45028141140937805,scored_both,scored_both
1XH4,A:R69:351,eligible_stereochemistry_review,2.2366058826446533,3.2895164489746094,2.2366,3.2895,5.882644653176783e-06,1.644897460950645e-05,0.6379245519638062,0.5019933581352234,scored_both,scored_both
1XH5,A:R68:1001,eligible_stereochemistry_review,1.386949896812439,3.268813371658325,1.387,3.2688,-5.0103187561045814e-05,1.3371658325045388e-05,0.7772161960601807,0.4740164279937744,scored_both,scored_both
1XH7,A:R96:351,eligible_stereochemistry_review,2.1153743267059326,4.075210094451904,2.1154,4.0752,-2.567329406755192e-05,1.0094451904585355e-05,0.7311769127845764,0.3835078477859497,scored_both,scored_both
1XHY,A:KAI:1001,eligible_exact_graph,0.7479541897773743,4.395159721374512,0.748,4.3952,-4.5810222625730646e-05,-4.027862548827699e-05,0.9323122501373291,0.39376676082611084,scored_both,scored_both
1XJD,A:STU:200,eligible_stereochemistry_review,,1.5388821363449097,1.3682,1.5389,,-1.786365509026666e-05,,0.7727760076522827,partial_or_no_metrics,scored_both
1XNZ,A:FCD:268,eligible_stereochemistry_review,0.31397727131843567,1.3111714124679565,0.314,1.3112,-2.2728681564332387e-05,-2.858753204337816e-05,0.9858276844024658,0.7942386865615845,scored_both,scored_both
1XO2,B:FSE:309,eligible_stereochemistry_review,0.5290374159812927,4.389145851135254,0.529,4.3891,3.741598129269885e-05,4.585113525390483e-05,0.961693525314331,0.3807574212551117,scored_both,scored_both
1XOE,A:ABX:500,eligible_stereochemistry_review,1.087458848953247,1.802587628364563,1.0875,1.8026,-4.115104675284087e-05,-1.2371635436991824e-05,0.8532702326774597,0.7042483687400818,scored_both,scored_both
1XOG,A:ABW:1000,eligible_stereochemistry_review,1.0178637504577637,,1.0179,2.235,-3.6249542236355126e-05,,0.8795971870422363,,scored_both,partial_or_no_metrics
1XOS,A:VIA:1,eligible_stereochemistry_review,0.9615820050239563,2.6562681198120117,0.9616,2.6563,-1.7994976043711475e-05,-3.188018798816472e-05,0.867625892162323,0.5243455767631531,scored_both,scored_both
1XOW,A:R18:1001,eligible_stereochemistry_review,1.3259189128875732,1.15096914768219,1.3259,1.151,1.8912887573163673e-05,-3.0852317810081686e-05,0.8249630928039551,0.8334532380104065,scored_both,scored_both
1XOZ,A:CIA:501,eligible_stereochemistry_review,1.2899222373962402,5.742188453674316,1.2899,5.7422,2.2237396240187834e-05,-1.1546325684008707e-05,0.7962185144424438,0.292391300201416,scored_both,scored_both
1XS7,D:MMI:386,eligible_stereochemistry_review,2.6137516498565674,,2.6138,6.0872,-4.835014343251842e-05,,0.5870806574821472,,scored_both,partial_or_no_metrics
1XSC,A:ATP:154,eligible_stereochemistry_review,,,3.0758,3.3062,,,,,partial_or_no_metrics,partial_or_no_metrics
1XXE,A:TUX:320,eligible_stereochemistry_review,,,1.5247,5.5451,,,,,partial_or_no_metrics,partial_or_no_metrics
1XZ8,B:U5P:400,eligible_stereochemistry_review,1.2910012006759644,14.484723091125488,31.8312,18.3713,-30.540198799324035,-3.8865769088745132,0.7938368320465088,0.05543633922934532,scored_both,scored_both
1Y0X,X:T44:500,eligible_stereochemistry_review,1.0805977582931519,6.730227947235107,1.0806,6.7302,-2.241706848149505e-06,2.7947235107461665e-05,0.8417402505874634,0.21196512877941132,scored_both,scored_both
1Y20,A:1AC:1001,eligible_exact_graph,0.13010263442993164,6.810469150543213,0.1301,6.8105,2.6344299316471975e-06,-3.084945678732964e-05,1.0,0.26207244396209717,scored_both,scored_both
1Y2F,A:WAI:300,eligible_stereochemistry_review,0.9472272396087646,,0.9472,4.9042,2.7239608764606515e-05,,0.9441260695457458,,scored_both,partial_or_no_metrics
1Y8O,A:ADP:504,eligible_stereochemistry_review,1.5350145101547241,17.684511184692383,1.535,17.6845,1.451015472420103e-05,1.1184692382926187e-05,0.7661169171333313,0.0005885814898647368,scored_both,scored_both
1Y8P,A:ATP:504,eligible_stereochemistry_review,1.2654211521148682,17.92518424987793,1.2654,17.9252,2.115211486808377e-05,-1.5750122070556927e-05,0.8244456052780151,0.0008135750540532172,scored_both,scored_both
1Y91,A:CT9:401,eligible_stereochemistry_review,0.5744831562042236,2.205540657043457,0.5745,2.2055,-1.6843795776377846e-05,4.065704345723731e-05,0.9587182402610779,0.6228771209716797,scored_both,scored_both
1YC1,A:4BC:401,eligible_stereochemistry_review,1.7183645963668823,5.381451606750488,1.7184,5.3815,-3.5403633117603306e-05,-4.839324951166901e-05,0.7503293752670288,0.29681816697120667,scored_both,scored_both
1YC4,A:43P:301,eligible_stereochemistry_review,1.3310869932174683,1.6481393575668335,1.3311,1.6481,-1.3006782531688188e-05,3.93575668335977e-05,0.8136070966720581,0.745954692363739,scored_both,scored_both
1YC5,A:NCA:2001,eligible_stereochemistry_review,0.5085023045539856,2.197770118713379,0.3754,2.1982,0.13310230455398558,-0.00042988128662102554,0.9516128897666931,0.5681818127632141,scored_both,scored_both
1YCM,A:NGH:269,eligible_stereochemistry_review,,,1.2869,2.0498,,,,,partial_or_no_metrics,partial_or_no_metrics
1YDA,A:AZM:264,eligible_exact_graph,0.5640193819999695,1.2441051006317139,0.564,1.2441,1.93819999695366e-05,5.10063171388353e-06,0.9530830979347229,0.7847877144813538,scored_both,scored_both
1YDB,A:AZM:264,eligible_exact_graph,0.3754679560661316,2.1009206771850586,0.3755,2.1009,-3.204393386840865e-05,2.0677185058382008e-05,0.9960629940032959,0.6499999761581421,scored_both,scored_both
1YDD,A:AZM:264,eligible_exact_graph,1.2320551872253418,1.6764740943908691,1.2321,1.6765,-4.4812774658176124e-05,-2.5905609130960627e-05,0.8876543045043945,0.7511086463928223,scored_both,scored_both
1YDR,E:IQP:351,eligible_stereochemistry_review,0.8077095746994019,,0.8077,3.2506,9.574699401881936e-06,,0.9198028445243835,,scored_both,partial_or_no_metrics
1YET,A:GDM:275,eligible_exact_graph,2.608104705810547,2.209710121154785,2.6081,2.2097,4.705810547012135e-06,1.0121154784936692e-05,0.5425300002098083,0.5677789449691772,scored_both,scored_both
1YI3,A:LY2:306,eligible_stereochemistry_review,1.3346583843231201,5.01462459564209,1.3347,5.0146,-4.1615676879880326e-05,2.459564209011944e-05,0.7877118587493896,0.3536509871482849,scored_both,scored_both
1YLV,A:SHF:363,eligible_exact_graph,0.23958274722099304,5.84893274307251,0.2396,5.8489,-1.7252779006965424e-05,3.2743072509333615e-05,1.0,0.34532374143600464,scored_both,scored_both
1YON,A:A2R:501,eligible_stereochemistry_review,4.234421253204346,1.8168177604675293,4.2344,1.8168,2.125320434576139e-05,1.7760467529326363e-05,0.5731552243232727,0.72611004114151,scored_both,scored_both
1YQ7,A:RIS:901,eligible_exact_graph,0.3450070917606354,,0.345,4.0011,7.091760635402622e-06,,0.9982598423957825,,scored_both,partial_or_no_metrics
1YQJ,A:6NP:362,eligible_stereochemistry_review,0.7848461270332336,5.205520153045654,0.7848,5.2055,4.6127033233589465e-05,2.0153045654502932e-05,0.9206703901290894,0.3657214343547821,scored_both,scored_both
1YQY,A:915:782,eligible_stereochemistry_review,1.0268577337265015,,1.0269,6.1044,-4.226627349845913e-05,,0.8669934868812561,,scored_both,partial_or_no_metrics
1YSG,A:4FC:1000,eligible_stereochemistry_review,,,0.5965,7.2737,,,,,partial_or_no_metrics,partial_or_no_metrics
1YT9,A:OIS:1000,eligible_stereochemistry_review,1.3165580034255981,,1.3166,8.0088,-4.199657440184801e-05,,0.8187976479530334,,scored_both,partial_or_no_metrics
1YVF,A:PH7:800,eligible_exact_graph,0.3938690721988678,4.826824188232422,0.3939,4.8268,-3.0927801132174526e-05,2.4188232421451517e-05,0.9824159145355225,0.35593682527542114,scored_both,scored_both
1YVM,A:TMG:501,eligible_exact_graph,0.21060246229171753,3.3149125576019287,0.2106,3.3149,2.462291717519882e-06,1.255760192853117e-05,1.0,0.5730616450309753,scored_both,scored_both
1YVZ,A:JPC:578,eligible_stereochemistry_review,0.5984047055244446,3.1571402549743652,0.5984,3.1571,4.70552444453709e-06,4.025497436543901e-05,0.9306358098983765,0.5678223967552185,scored_both,scored_both
1YW7,A:A41:482,eligible_stereochemistry_review,0.9265122413635254,2.6703646183013916,0.9265,2.6704,1.2241363525400395e-05,-3.538169860828333e-05,0.8863216042518616,0.5912256240844727,scored_both,scored_both
1YW8,A:A75:104,eligible_stereochemistry_review,0.9845992922782898,4.659509658813477,0.9846,4.6595,-7.077217102358091e-07,9.65881347614328e-06,0.8650075197219849,0.41816142201423645,scored_both,scored_both
1YYS,A:SAZ:709,eligible_exact_graph,0.8680282831192017,16.55263900756836,32.6961,16.5815,-31.8280717168808,-0.028860992431638977,0.8722084164619446,0.017921147868037224,scored_both,scored_both
1Z2B,C:VLB:800,eligible_stereochemistry_review,,,41.5785,34.8202,,,,,partial_or_no_metrics,partial_or_no_metrics
1Z3J,A:NGH:269,eligible_stereochemistry_review,,,1.2558,2.5808,,,,,partial_or_no_metrics,partial_or_no_metrics
1Z4U,A:PH9:600,eligible_stereochemistry_review,0.6161124110221863,10.761568069458008,0.6161,10.7616,1.2411022186298304e-05,-3.193054199179812e-05,0.9553191661834717,0.05147946998476982,scored_both,scored_both
1Z6E,A:IK8:711,eligible_stereochemistry_review,2.0315873622894287,2.07949161529541,2.0316,2.0795,-1.2637710571361538e-05,-8.384704589747827e-06,0.8169464468955994,0.7290061712265015,scored_both,scored_both
1Z6F,A:BO9:401,eligible_stereochemistry_review,1.7545461654663086,,1.7545,5.3878,4.6165466308645264e-05,,0.7891137599945068,,scored_both,partial_or_no_metrics
1Z95,A:198:501,eligible_stereochemistry_review,1.5854324102401733,2.901183605194092,1.5854,2.9012,3.2410240173419425e-05,-1.6394805907982146e-05,0.7661042809486389,0.5587982535362244,scored_both,scored_both
1Z9Y,A:FUN:500,eligible_exact_graph,0.4759092330932617,,0.4759,2.2432,9.233093261729053e-06,,0.9851816296577454,,scored_both,partial_or_no_metrics
1ZC9,A:PMP:502,eligible_stereochemistry_review,0.5802143216133118,,0.5802,11.2578,1.432161331171855e-05,,0.9617834687232971,,scored_both,partial_or_no_metrics
1ZD2,P:NC3:700,eligible_exact_graph,0.7239621877670288,5.98382043838501,0.724,5.9838,-3.7812232971168314e-05,2.0438385010201898e-05,0.9308080673217773,0.3403819799423218,scored_both,scored_both
1ZD3,A:NC4:790,eligible_exact_graph,1.255297064781189,2.065629005432129,1.2553,2.0656,-2.935218811117579e-06,2.900543212902562e-05,0.8734233975410461,0.6613029837608337,scored_both,scored_both
1ZD4,A:NC6:700,eligible_exact_graph,0.7585258483886719,2.4066812992095947,0.7585,2.4067,2.584838867192296e-05,-1.8700790405112855e-05,0.9125000238418579,0.6575919985771179,scored_both,scored_both
1ZD5,A:NC7:700,eligible_exact_graph,9.460405349731445,8.65291690826416,9.4604,8.6529,5.349731445392081e-06,1.6908264159454234e-05,0.3007945418357849,0.2760752737522125,scored_both,scored_both
1ZE8,A:PIU:1,eligible_stereochemistry_review,3.10961651802063,2.3408451080322266,3.1096,2.3408,1.6518020629963104e-05,4.510803222634863e-05,0.6979362368583679,0.6903409361839294,scored_both,scored_both
1ZGB,A:A1E:1001,eligible_exact_graph,3.4110963344573975,8.92414665222168,3.4111,8.9241,-3.665542602337979e-06,4.665222168043215e-05,0.6428571343421936,0.1551891416311264,scored_both,scored_both
1ZGI,A:382:1001,eligible_stereochemistry_review,1.2205326557159424,2.075763702392578,1.2205,2.0758,3.2655715942464525e-05,-3.629760742196453e-05,0.841796875,0.6576719284057617,scored_both,scored_both
1ZGV,A:501:1001,eligible_stereochemistry_review,,6.011795997619629,0.9229,6.0118,,-4.002380371126435e-06,,0.31110572814941406,partial_or_no_metrics,scored_both
1ZHY,A:CLR:1001,eligible_stereochemistry_review,1.2052674293518066,,1.2053,3.8518,-3.257064819339739e-05,,0.8341514468193054,,scored_both,partial_or_no_metrics
1ZKL,A:IBM:503,eligible_exact_graph,0.6961662769317627,1.1421452760696411,0.6962,1.1421,-3.372306823734572e-05,4.527606964122022e-05,0.9679665565490723,0.8126506209373474,scored_both,scored_both
1ZOE,A:K25:501,eligible_exact_graph,0.16414333879947662,2.7460057735443115,0.1641,2.746,4.3338799476627665e-05,5.77354431152699e-06,1.0,0.5460766553878784,scored_both,scored_both
1ZOH,A:K44:501,eligible_stereochemistry_review,0.4704669713973999,,0.4705,2.9289,-3.3028602600071455e-05,,0.964640200138092,,scored_both,partial_or_no_metrics
1ZOM,A:339:1001,eligible_stereochemistry_review,2.814688205718994,,2.8147,4.9027,-1.1794281006061169e-05,,0.7158710360527039,,scored_both,partial_or_no_metrics
1ZPB,A:995:301,eligible_stereochemistry_review,0.9266947507858276,2.1317477226257324,0.9267,2.1317,-5.2492141723314845e-06,4.772262573249364e-05,0.9281914830207825,0.6739704608917236,scored_both,scored_both
1ZPC,A:716:301,eligible_stereochemistry_review,0.7515074014663696,3.5350818634033203,0.7515,3.5351,7.401466369683085e-06,-1.813659667959655e-05,0.9344432950019836,0.5129533410072327,scored_both,scored_both
1ZSB,A:AZM:264,eligible_exact_graph,0.3766535222530365,1.35184907913208,0.3767,1.3518,-4.647774696348028e-05,4.907913208018755e-05,0.9907143115997314,0.8132754564285278,scored_both,scored_both
1ZSR,A:0ZT:201,eligible_stereochemistry_review,1.4813936948776245,,1.4814,5.6665,-6.3051223755383745e-06,,0.8074250221252441,,scored_both,partial_or_no_metrics
1ZYJ,A:BI5:362,eligible_stereochemistry_review,0.4496600925922394,2.994683027267456,0.4497,2.9947,-3.990740776060875e-05,-1.697273254386289e-05,0.9799145460128784,0.46240106225013733,scored_both,scored_both
1ZZ2,A:B11:362,eligible_stereochemistry_review,0.7540748715400696,11.614768981933594,0.7541,11.6148,-2.512845993041246e-05,-3.101806640692928e-05,0.9152199029922485,0.11607669293880463,scored_both,scored_both
1ZZL,A:TZY:999,eligible_stereochemistry_review,0.4675808250904083,2.193526268005371,0.4676,2.1935,-1.9174909591690437e-05,2.6268005371310466e-05,0.9852112531661987,0.6465102434158325,scored_both,scored_both
220L,A:BNZ:169,eligible_exact_graph,0.3617018759250641,3.3781676292419434,0.3617,3.3782,1.8759250640654201e-06,-3.2370758056732285e-05,1.0,0.5313588976860046,scored_both,scored_both
223L,A:BNZ:169,eligible_exact_graph,0.31373131275177,8.853717803955078,0.3137,8.8537,3.131275177004067e-05,1.7803955078221634e-05,1.0,0.13938619196414948,scored_both,scored_both
2A4G,A:UNH:401,eligible_stereochemistry_review,1.3328592777252197,,49.3559,7.5222,-48.02304072227478,,0.8309099674224854,,scored_both,partial_or_no_metrics
2A4L,A:RRC:300,eligible_stereochemistry_review,0.6985905170440674,1.5849735736846924,0.6986,1.585,-9.482955932615944e-06,-2.642631530758166e-05,0.9486803412437439,0.7740811109542847,scored_both,scored_both
2A4M,C:TRP:500,eligible_stereochemistry_review,1.875611662864685,16.6900634765625,33.2199,17.234,-31.344288337135318,-0.5439365234375018,0.6952662467956543,0.0010427528759464622,scored_both,scored_both
2A4Q,A:FNH:401,eligible_stereochemistry_review,4.549919605255127,16.8443603515625,4.5499,16.8444,1.9605255126897703e-05,-3.964843750026148e-05,0.53724604845047,0.01392233557999134,scored_both,scored_both
2A4Z,A:BYM:101,eligible_exact_graph,0.4829820692539215,0.9271529912948608,0.483,0.9272,-1.7930746078476112e-05,-4.7008705139184315e-05,0.9622641801834106,0.8784658312797546,scored_both,scored_both
2A5B,A:8HG:255,eligible_stereochemistry_review,0.932706892490387,10.50887680053711,27.0185,18.5384,-26.085793107509613,-8.02952319946289,0.8233855366706848,0.10298507660627365,scored_both,scored_both
2A5S,A:GLU:1001,eligible_exact_graph,3.542778253555298,6.827359676361084,3.5428,6.8274,-2.1746444702319678e-05,-4.032363891592894e-05,0.44514238834381104,0.2192913442850113,scored_both,scored_both
2A5U,A:QYT:101,eligible_exact_graph,2.381467819213867,3.042269706726074,2.3815,3.0423,-3.218078613276276e-05,-3.0293273925785513e-05,0.6474258899688721,0.5662460327148438,scored_both,scored_both
2A8G,B:GNG:201,eligible_stereochemistry_review,1.3076354265213013,4.583374500274658,1.3076,4.5834,3.542652130117396e-05,-2.5499725341937562e-05,0.8168550133705139,0.3490044176578522,scored_both,scored_both
2AA9,A:SKM:501,eligible_stereochemistry_review,0.6361669301986694,3.8266489505767822,0.6362,3.8266,-3.306980133055415e-05,4.895057678222514e-05,0.9498587846755981,0.4405737817287445,scored_both,scored_both
2AAY,A:SKM:701,eligible_stereochemistry_review,0.8029367923736572,2.8841042518615723,0.8029,2.8841,3.67923736572795e-05,4.2518615721576225e-06,0.9260563254356384,0.5595505833625793,scored_both,scored_both
2ADA,A:HPR:353,eligible_stereochemistry_review,0.7408831119537354,1.9623175859451294,0.7409,1.9623,-1.6888046264651457e-05,1.7585945129461322e-05,0.9176602363586426,0.6671994924545288,scored_both,scored_both
2ADU,A:R20:906,eligible_stereochemistry_review,0.2913782596588135,3.758406162261963,0.2914,3.7584,-2.17403411865158e-05,6.162261962927573e-06,0.9947229623794556,0.5043010711669922,scored_both,scored_both
2AEL,B:SAZ:704,eligible_exact_graph,4.30380916595459,16.092283248901367,4.3038,17.5923,9.165954589995806e-06,-1.5000167510986344,0.38600629568099976,0.006365740671753883,scored_both,scored_both
2AI7,A:SB7:300,eligible_stereochemistry_review,0.4765773415565491,2.421379566192627,0.4766,2.4214,-2.265844345095136e-05,-2.0433807373265722e-05,0.9730769395828247,0.5940909385681152,scored_both,scored_both
2AIA,A:SB8:501,eligible_stereochemistry_review,0.5441241264343262,,0.5441,2.9391,2.412643432614381e-05,,0.9636850357055664,,scored_both,partial_or_no_metrics
2AIE,P:SB9:501,eligible_stereochemistry_review,0.279957115650177,2.799913167953491,0.28,2.7999,-4.288434982302469e-05,1.3167953491155515e-05,0.9973958134651184,0.5752066373825073,scored_both,scored_both
2AIG,P:0GR:203,eligible_exact_graph,0.4812004864215851,,0.4812,4.3498,4.864215850663989e-07,,0.9785627722740173,,scored_both,partial_or_no_metrics
2ALV,A:CY6:1145,eligible_exact_graph,0.8463971614837646,3.774411678314209,0.8464,3.7744,-2.838516235392774e-06,1.1678314209007112e-05,0.9120579957962036,0.44355401396751404,scored_both,scored_both
2AM1,A:1LG:1000,eligible_exact_graph,0.4849493205547333,4.124077320098877,0.485,4.1241,-5.067944526671031e-05,-2.267990112336804e-05,0.9734891653060913,0.4595703184604645,scored_both,scored_both
2AM2,A:2LG:1000,eligible_stereochemistry_review,,4.068080902099609,1.055,4.0681,,-1.9097900390896427e-05,,0.4100719392299652,partial_or_no_metrics,scored_both
2AM4,A:U2F:449,eligible_stereochemistry_review,2.286970853805542,,2.287,3.5827,-2.9146194457929653e-05,,0.7034671306610107,,scored_both,partial_or_no_metrics
2AM9,A:TES:1000,eligible_stereochemistry_review,0.9581745266914368,2.7403812408447266,0.9582,2.7404,-2.5473308563284114e-05,-1.875915527360661e-05,0.8709936141967773,0.5451174378395081,scored_both,scored_both
2AMA,A:DHT:1001,eligible_stereochemistry_review,1.4057106971740723,1.613798975944519,1.4057,1.6138,1.0697174072316074e-05,-1.0240554808582658e-06,0.8144916296005249,0.7496454119682312,scored_both,scored_both
2AMV,A:BIN:930,eligible_stereochemistry_review,1.7574574947357178,4.703784465789795,1.7575,4.7038,-4.2505264282288735e-05,-1.553421020528134e-05,0.7671451568603516,0.35776278376579285,scored_both,scored_both
2AO6,A:R18:1001,eligible_stereochemistry_review,1.2956945896148682,1.2266086339950562,1.2957,1.2266,-5.410385131909834e-06,8.63399505623974e-06,0.8678247928619385,0.7787356376647949,scored_both,scored_both
2AOE,B:0Q4:301,eligible_stereochemistry_review,2.1317851543426514,,2.1318,5.4279,-1.4845657348772079e-05,,0.771015465259552,,scored_both,partial_or_no_metrics
2AOG,A:2NC:400,eligible_stereochemistry_review,,,1.5101,4.2991,,,,,partial_or_no_metrics,partial_or_no_metrics
2AUX,A:CT1:216,eligible_stereochemistry_review,1.0080634355545044,4.692895412445068,1.0081,4.6929,-3.656444549560156e-05,-4.58755493148999e-06,0.8993344306945801,0.3620488941669464,scored_both,scored_both
2AUZ,A:CT2:216,eligible_exact_graph,0.6489970088005066,2.8169054985046387,0.649,2.8169,-2.9911994934295194e-06,5.498504638712376e-06,0.9533678889274597,0.5812146663665771,scored_both,scored_both
2AVM,B:2NC:300,eligible_stereochemistry_review,1.5199570655822754,5.512508869171143,1.52,5.5125,-4.293441772462714e-05,8.86917114240049e-06,0.7854344844818115,0.31612148880958557,scored_both,scored_both
2AVO,B:MK1:902,eligible_stereochemistry_review,0.8576961755752563,3.3192598819732666,0.8577,3.3193,-3.824424743670285e-06,-4.0118026733537704e-05,0.9041595458984375,0.4820895493030548,scored_both,scored_both
2AX6,A:HFT:1,eligible_stereochemistry_review,0.62116539478302,4.752660274505615,0.6212,4.7527,-3.460521697995489e-05,-3.972549438469031e-05,0.9527736306190491,0.3561881184577942,scored_both,scored_both
2AY1,B:AHC:414,eligible_stereochemistry_review,0.42349550127983093,,0.4235,2.691,-4.498720169054948e-06,,0.9803149700164795,,scored_both,partial_or_no_metrics
2AY2,B:CXP:414,eligible_exact_graph,0.31899261474609375,1.9500330686569214,0.319,1.95,-7.385253906255773e-06,3.306865692143113e-05,0.9880596995353699,0.6942488551139832,scored_both,scored_both
2AY4,B:PPT:414,eligible_stereochemistry_review,0.36494725942611694,2.381444215774536,0.3649,2.3814,4.725942611694123e-05,4.421577453594949e-05,0.9904336929321289,0.6601239442825317,scored_both,scored_both
2AY6,B:3IB:414,eligible_stereochemistry_review,0.4616183340549469,5.7412214279174805,0.4616,5.7412,1.833405494688911e-05,2.1427917480387748e-05,0.9719873070716858,0.3342140018939972,scored_both,scored_both
2AZ8,A:3TL:200,eligible_stereochemistry_review,3.951634168624878,,3.9516,8.9157,3.4168624877928266e-05,,0.7033678889274597,,scored_both,partial_or_no_metrics
2AZ9,A:3TL:200,eligible_stereochemistry_review,1.5622369050979614,8.42418098449707,1.5622,8.4242,3.690509796139274e-05,-1.901550293048615e-05,0.8166058659553528,0.22130681574344635,scored_both,scored_both
2AZR,A:982:301,eligible_stereochemistry_review,0.5264190435409546,1.5181670188903809,0.5264,1.5182,1.9043540954610805e-05,-3.2981109619134585e-05,0.9654545187950134,0.7448412775993347,scored_both,scored_both
2B17,A:DIF:701,eligible_exact_graph,1.3913087844848633,2.605924367904663,1.3913,2.6059,8.78448486330008e-06,2.4367904662980777e-05,0.8260204195976257,0.5972973108291626,scored_both,scored_both
2B1P,A:AIZ:501,eligible_stereochemistry_review,1.1741141080856323,3.049536943435669,1.1741,3.0495,1.4108085632402734e-05,3.6943435668845837e-05,0.9001736044883728,0.5928446054458618,scored_both,scored_both
2B4L,A:BET:273,eligible_exact_graph,0.16398441791534424,3.3089096546173096,0.164,3.3089,-1.5582084655768602e-05,9.654617309617919e-06,1.0,0.5411255359649658,scored_both,scored_both
2B54,A:D05:300,eligible_stereochemistry_review,0.4355747103691101,6.763670444488525,0.4356,6.7637,-2.528963088987979e-05,-2.955551147465485e-05,0.9814944267272949,0.3332647979259491,scored_both,scored_both
2B5J,A:3AC:562,eligible_stereochemistry_review,0.5683045387268066,4.436065673828125,0.5683,4.4361,4.538726806613269e-06,-3.43261718747101e-05,0.9571942687034607,0.4283596873283386,scored_both,scored_both
2B8L,A:5HA:386,eligible_stereochemistry_review,0.7184840440750122,2.371251344680786,0.7185,2.3713,-1.5955924987820502e-05,-4.865531921405264e-05,0.922950804233551,0.6405923366546631,scored_both,scored_both
2B8V,A:3BN:1001,eligible_stereochemistry_review,0.9909226298332214,2.235942840576172,0.9909,2.2359,2.2629833221432527e-05,4.284057617187642e-05,0.8939189314842224,0.6424880623817444,scored_both,scored_both
2BAJ,A:1PP:401,eligible_exact_graph,0.34622693061828613,2.1138556003570557,0.3462,2.1139,2.6930618286125085e-05,-4.43996429444482e-05,0.9943467378616333,0.6859439611434937,scored_both,scored_both
2BAL,A:PQA:401,eligible_stereochemistry_review,0.7668551802635193,9.047728538513184,0.7669,9.0477,-4.4819736480739e-05,2.8538513182851943e-05,0.9247311949729919,0.16241039335727692,scored_both,scored_both
2BAN,A:357:562,eligible_stereochemistry_review,0.787456750869751,4.882769584655762,0.7875,4.8828,-4.324913024900123e-05,-3.0415344237866293e-05,0.9453015327453613,0.35109788179397583,scored_both,scored_both
2BDL,A:4PR:301,eligible_stereochemistry_review,5.207923889160156,,5.2079,4.3286,2.38891601558322e-05,,0.3608614206314087,,scored_both,partial_or_no_metrics
2BE2,A:R22:4002,eligible_stereochemistry_review,0.40568819642066956,1.663633108139038,0.4057,1.6636,-1.1803579330449399e-05,3.310813903811827e-05,0.9839015007019043,0.7399364113807678,scored_both,scored_both
2BGD,A:T1D:1298,eligible_stereochemistry_review,0.4168727993965149,1.5537117719650269,0.4169,1.5537,-2.7200603485100228e-05,1.1771965026774467e-05,0.9833815097808838,0.7818118929862976,scored_both,scored_both
2BJM,H:ANF:500,eligible_stereochemistry_review,0.18082168698310852,3.3734962940216064,0.1808,3.3735,2.168698310853201e-05,-3.705978393497844e-06,1.0,0.4686206877231598,scored_both,scored_both
2BOH,B:IIA:1,eligible_exact_graph,0.6794561743736267,2.0871663093566895,0.6795,2.0872,-4.382562637328391e-05,-3.369064331071314e-05,0.9398437738418579,0.6439066529273987,scored_both,scored_both
2BPV,B:1IN:902,eligible_stereochemistry_review,1.0618059635162354,5.408141613006592,1.0618,5.4081,5.963516235274469e-06,4.1613006591667556e-05,0.8735875487327576,0.26678764820098877,scored_both,scored_both
2BPY,B:3IN:902,eligible_stereochemistry_review,,,1.3018,3.6627,,,,,partial_or_no_metrics,partial_or_no_metrics
2BQ6,B:IIB:1246,eligible_stereochemistry_review,0.5721445679664612,2.445821523666382,0.5721,2.4458,4.4567966461128705e-05,2.1523666381639828e-05,0.9419999718666077,0.6034269332885742,scored_both,scored_both
2BQV,A:A1A:1100,eligible_stereochemistry_review,1.7686259746551514,2.5716066360473633,1.7686,2.5716,2.597465515141728e-05,6.6360473631732475e-06,0.8264679908752441,0.5332380533218384,scored_both,scored_both
2BQW,B:IIE:1246,eligible_stereochemistry_review,1.6153993606567383,6.001302242279053,1.6154,6.0013,-6.393432616658146e-07,2.242279053099594e-06,0.7591807842254639,0.38226979970932007,scored_both,scored_both
2BR6,A:HSL:1255,eligible_stereochemistry_review,0.40061473846435547,3.872429132461548,0.4006,3.8724,1.4738464355457115e-05,2.9132461548009303e-05,0.9857456088066101,0.4468664824962616,scored_both,scored_both
2BRB,A:PFQ:1277,eligible_stereochemistry_review,1.5599524974822998,1.9342612028121948,1.56,1.9343,-4.75025177002486e-05,-3.879718780508412e-05,0.75,0.6756569743156433,scored_both,scored_both
2BRM,A:DFZ:1275,eligible_stereochemistry_review,0.7329267263412476,1.2737202644348145,0.7329,1.2737,2.672634124756268e-05,2.026443481439877e-05,0.9211864471435547,0.7977828979492188,scored_both,scored_both
2BRP,A:SIE:1000,eligible_stereochemistry_review,12.858932495117188,,12.8589,8.4549,3.249511718728115e-05,,0.1808556616306305,,scored_both,partial_or_no_metrics
2BTR,A:U73:300,eligible_exact_graph,1.2042765617370605,1.6569852828979492,1.2043,1.657,-2.343826293937923e-05,-1.4717102050809672e-05,0.894961953163147,0.7571790814399719,scored_both,scored_both
2BTS,A:U32:1299,eligible_stereochemistry_review,0.6931734085083008,1.7954543828964233,0.6932,1.7955,-2.659149169925712e-05,-4.561710357675608e-05,0.9275291562080383,0.6608061790466309,scored_both,scored_both
2BUV,B:DHB:1542,eligible_stereochemistry_review,0.4991894066333771,4.693610191345215,0.4992,4.6936,-1.059336662290189e-05,1.0191345214849434e-05,0.9666230082511902,0.38968122005462646,scored_both,scored_both
2BVD,A:ISX:1284,eligible_stereochemistry_review,0.8115168213844299,4.990714073181152,0.8115,4.9907,1.682138442993253e-05,1.4073181151985636e-05,0.9305317401885986,0.380884051322937,scored_both,scored_both
2BVX,H:5CB:1246,eligible_stereochemistry_review,0.4617217481136322,2.0420045852661133,0.4617,2.042,2.174811363220286e-05,4.585266113465991e-06,0.9828687310218811,0.6732394099235535,scored_both,scored_both
2BXT,H:C2D:1246,eligible_stereochemistry_review,1.0959876775741577,3.7991557121276855,1.096,3.7992,-1.2322425842370421e-05,-4.42878723143636e-05,0.8694385886192322,0.47487330436706543,scored_both,scored_both
2BZA,A:ABN:703,eligible_exact_graph,0.25703418254852295,1.288988471031189,0.257,1.289,3.4182548522943e-05,-1.1528968810958773e-05,1.0,0.7772346138954163,scored_both,scored_both
2BZZ,A:AP5:2135,eligible_stereochemistry_review,3.3046083450317383,6.62984561920166,3.3046,6.6298,8.345031738077324e-06,4.5619201659796715e-05,0.5355917811393738,0.2101283222436905,scored_both,scored_both
2C1A,A:I5S:1351,eligible_stereochemistry_review,1.0140634775161743,,1.0141,2.7175,-3.6522483825685015e-05,,0.8703358173370361,,scored_both,partial_or_no_metrics
2C1B,A:CQP:1351,eligible_stereochemistry_review,1.5185506343841553,,1.5186,2.765,-4.936561584467647e-05,,0.767957329750061,,scored_both,partial_or_no_metrics
2C1Q,A:BTN:1126,eligible_stereochemistry_review,1.011569619178772,6.786625862121582,1.0116,6.7866,-3.0380821228082056e-05,2.5862121582065356e-05,0.8831385374069214,0.23380281031131744,scored_both,scored_both
2C3L,A:IDZ:1274,eligible_stereochemistry_review,0.33850234746932983,2.7308037281036377,0.3385,2.7308,2.3474693298108917e-06,3.7281036378011834e-06,0.9912909865379333,0.6166943311691284,scored_both,scored_both
2C4V,A:CIT:1159,eligible_exact_graph,0.2825818955898285,3.1481146812438965,0.2826,3.1481,-1.810441017152664e-05,1.4681243896585983e-05,0.9979591965675354,0.4945255517959595,scored_both,scored_both
2C68,A:CT6:1297,eligible_stereochemistry_review,0.5244570374488831,1.7566726207733154,0.5245,1.7567,-4.296255111690961e-05,-2.7379226684498548e-05,0.9678932428359985,0.7224264740943909,scored_both,scored_both
2C69,A:CT8:1299,eligible_stereochemistry_review,0.7042036652565002,1.4029805660247803,0.7042,1.403,3.6652565001960014e-06,-1.943397521975143e-05,0.9413716793060303,0.7613932490348816,scored_both,scored_both
2C6G,A:GLU:1766,eligible_exact_graph,1.1884605884552002,3.846620798110962,1.1885,3.8466,-3.941154479969455e-05,2.0798110961894878e-05,0.8465228080749512,0.48339319229125977,scored_both,scored_both
2C6I,A:DT1:1299,eligible_stereochemistry_review,0.41610535979270935,7.41799783706665,0.4161,7.418,5.359792709325184e-06,-2.162933349758589e-06,0.9865556955337524,0.29326531291007996,scored_both,scored_both
2C6K,A:DT2:1299,eligible_stereochemistry_review,0.5011416077613831,5.742006778717041,0.5011,5.742,4.1607761383066766e-05,6.7787170410227304e-06,0.9729452133178711,0.3468036651611328,scored_both,scored_both
2C6L,A:DT4:1299,eligible_exact_graph,0.608773946762085,6.529481410980225,0.6088,6.5295,-2.605323791504688e-05,-1.8589019775028248e-05,0.9463087320327759,0.3120659589767456,scored_both,scored_both
2C6O,A:4SP:1297,eligible_stereochemistry_review,0.8211037516593933,6.711207866668701,0.8211,6.7112,3.7516593932584996e-06,7.866668701339563e-06,0.9119138121604919,0.2914937734603882,scored_both,scored_both
2C90,B:C1M:1250,eligible_stereochemistry_review,,,0.6356,3.5324,,,,,partial_or_no_metrics,partial_or_no_metrics
2CA8,A:GSH:1212,eligible_exact_graph,0.6214515566825867,,0.6215,5.9523,-4.844331741338248e-05,,0.9443855881690979,,scored_both,partial_or_no_metrics
2CBS,A:R13:200,eligible_stereochemistry_review,0.9594826102256775,2.9550726413726807,0.9595,2.9551,-1.7389774322529306e-05,-2.7358627319173934e-05,0.8661859035491943,0.4986225962638855,scored_both,scored_both
2CBZ,A:ATP:1873,eligible_stereochemistry_review,1.7782975435256958,3.118053436279297,1.7783,3.1181,-2.4564743041910475e-06,-4.656372070321879e-05,0.8312000036239624,0.4813237190246582,scored_both,scored_both
2CCS,A:4BH:1224,eligible_stereochemistry_review,0.6853017807006836,1.136025309562683,0.6853,1.136,1.7807006835734995e-06,2.530956268320672e-05,0.9484127163887024,0.8570247888565063,scored_both,scored_both
2CCT,A:2E1:1224,eligible_exact_graph,0.3149721026420593,0.8329260349273682,0.315,0.8329,-2.789735794067605e-05,2.6034927368190353e-05,0.9896142482757568,0.9022634029388428,scored_both,scored_both
2CCU,A:2D9:1224,eligible_stereochemistry_review,3.4956679344177246,4.679953575134277,3.4957,4.68,-3.206558227519807e-05,-4.642486572237203e-05,0.6696022748947144,0.479467511177063,scored_both,scored_both
2CEX,B:DAN:1307,eligible_stereochemistry_review,1.293972134590149,18.469629287719727,1.294,22.0058,-2.78654098511133e-05,-3.536170712280274,0.7825443744659424,0.0,scored_both,scored_both
2CGW,A:3C3:1272,eligible_exact_graph,0.24725741147994995,2.9247934818267822,0.2473,2.9248,-4.258852005004088e-05,-6.518173217617829e-06,1.0,0.5383435487747192,scored_both,scored_both
2CGX,A:3D3:1274,eligible_stereochemistry_review,0.29463332891464233,3.120389461517334,0.2946,3.1204,3.3328914642360985e-05,-1.0538482666078153e-05,1.0,0.5328185558319092,scored_both,scored_both
2CHZ,A:093:2093,eligible_stereochemistry_review,0.6705024838447571,3.6644647121429443,0.6705,3.6645,2.483844757095177e-06,-3.528785705553261e-05,0.9437298774719238,0.47600242495536804,scored_both,scored_both
2CJI,A:GSK:1246,eligible_stereochemistry_review,0.769904375076294,3.591073751449585,0.7699,3.5911,4.3750762939165355e-06,-2.624855041499785e-05,0.9148471355438232,0.4317406117916107,scored_both,scored_both
2CKM,A:AA7:1536,eligible_stereochemistry_review,2.377880334854126,,2.3779,6.2798,-1.9665145873926093e-05,,0.7787547707557678,,scored_both,partial_or_no_metrics
2CLH,A:F19:1268,eligible_representation_review,0.31812989711761475,1.7591350078582764,0.3181,1.7591,2.9897117614752222e-05,3.5007858276259185e-05,0.9956140518188477,0.7025966048240662,scored_both,scored_both
2CLI,A:F9F:1269,eligible_exact_graph,0.3565431535243988,2.290381669998169,0.3565,2.2904,4.315352439882014e-05,-1.833000183104616e-05,0.9982876777648926,0.6236616969108582,scored_both,scored_both
2CLK,A:G3H:1268,eligible_representation_review,0.2006577104330063,2.8449511528015137,0.2007,2.845,-4.22895669937029e-05,-4.8847198486523524e-05,1.0,0.5578703880310059,scored_both,scored_both
2CLL,A:F9F:1268,eligible_exact_graph,0.649013340473175,4.204485893249512,0.649,4.2045,1.3340473175027512e-05,-1.4106750488629416e-05,0.9546079635620117,0.41515013575553894,scored_both,scored_both
2CLM,A:F6F:1268,eligible_stereochemistry_review,1.4751520156860352,2.120805501937866,1.4752,2.1208,-4.798431396491054e-05,5.501937866192463e-06,0.7920863032341003,0.6073216795921326,scored_both,scored_both
2CLO,A:F19:1268,eligible_representation_review,0.35827305912971497,2.8151957988739014,0.3583,2.8152,-2.694087028504155e-05,-4.201126098557495e-06,0.9914050698280334,0.5293489694595337,scored_both,scored_both
2CM8,A:F16:1299,eligible_stereochemistry_review,1.6672303676605225,3.383908271789551,1.6672,3.3839,3.036766052244566e-05,8.27178955065122e-06,0.8585690259933472,0.48533618450164795,scored_both,scored_both
2CMA,A:F20:1299,eligible_stereochemistry_review,1.453099012374878,6.502927303314209,1.4531,6.5029,-9.87625122128577e-07,2.730331420863763e-05,0.8247340321540833,0.3395230770111084,scored_both,scored_both
2CMB,A:F17:1282,eligible_stereochemistry_review,1.9995884895324707,,1.9996,11.416,-1.1510467529340929e-05,,0.8011682033538818,,scored_both,partial_or_no_metrics
2CMC,A:DFM:1281,eligible_representation_review,3.701366901397705,,3.7014,5.9446,-3.309860229494532e-05,,0.7508351802825928,,scored_both,partial_or_no_metrics
2CMF,A:F11:1536,eligible_stereochemistry_review,0.7480975389480591,,0.7481,4.3242,-2.461051940905179e-06,,0.901576578617096,,scored_both,partial_or_no_metrics
2CMO,A:M1L:1112,eligible_stereochemistry_review,2.0921874046325684,15.937091827392578,2.0922,25.2052,-1.259536743170031e-05,-9.268108172607423,0.7167070508003235,0.04907677322626114,scored_both,scored_both
2CN8,A:DBQ:1506,eligible_exact_graph,0.3294842541217804,,0.3295,1.327,-1.574587821961959e-05,,0.9925447106361389,,scored_both,partial_or_no_metrics
2CNE,A:DFJ:1281,eligible_stereochemistry_review,1.6343903541564941,,1.6344,8.2661,-9.645843505934337e-06,,0.7829641103744507,,scored_both,partial_or_no_metrics
2CNF,A:F32:1299,eligible_stereochemistry_review,0.9710478186607361,4.059450626373291,0.971,4.0595,4.781866073610974e-05,-4.937362670887069e-05,0.9246487617492676,0.4749999940395355,scored_both,scored_both
2CSM,A:TYR:300,eligible_stereochemistry_review,15.21411418914795,9.172738075256348,15.2141,9.1727,1.4189147949039693e-05,3.807525634691444e-05,0.004385964944958687,0.11172741651535034,scored_both,scored_both
2CSN,A:CKI:300,eligible_exact_graph,0.450202614068985,1.6823647022247314,0.4502,1.6824,2.614068984996276e-06,-3.529777526845024e-05,0.9752941131591797,0.7544204592704773,scored_both,scored_both
2CTC,A:HFA:309,eligible_stereochemistry_review,0.5058187246322632,3.201472759246826,0.5058,3.2015,1.8724632263156238e-05,-2.7240753173618515e-05,0.9764397740364075,0.48792487382888794,scored_both,scored_both
2DBL,L:S5H:212,eligible_stereochemistry_review,9.491779327392578,,9.4918,6.0009,-2.0672607421445832e-05,,0.18618881702423096,,scored_both,partial_or_no_metrics
2DRI,A:RIP:272,eligible_stereochemistry_review,,,0.6588,1.8733,,,,,partial_or_no_metrics,partial_or_no_metrics
2DS1,A:1CD:501,eligible_stereochemistry_review,1.4300631284713745,1.0015596151351929,1.4301,1.0016,-3.6871528625415095e-05,-4.0384864807174736e-05,0.8150237798690796,0.8911392688751221,scored_both,scored_both
2DUA,A:OXL:291,eligible_exact_graph,0.13172230124473572,2.1366279125213623,0.1317,2.1366,2.230124473570627e-05,2.7912521362249976e-05,1.0,0.625,scored_both,scored_both
2DUV,A:371:501,eligible_stereochemistry_review,1.883133888244629,4.3791985511779785,1.8831,4.3792,3.388824462891016e-05,-1.4488220214659009e-06,0.7469879388809204,0.3853488266468048,scored_both,scored_both
2E1W,A:FR6:1,eligible_stereochemistry_review,0.9034063816070557,3.9575915336608887,0.9034,3.9576,6.381607055683247e-06,-8.46633911111283e-06,0.9111635088920593,0.42842742800712585,scored_both,scored_both
2E27,H:AB0:6001,eligible_stereochemistry_review,6.933454990386963,,6.9335,3.6343,-4.500961303754991e-05,,0.25205159187316895,,scored_both,partial_or_no_metrics
2E2R,A:2OH:1401,eligible_stereochemistry_review,0.5006182789802551,2.9826183319091797,0.5006,2.9826,1.827898025508201e-05,1.8331909179547523e-05,0.9593572616577148,0.5438718795776367,scored_both,scored_both
2E95,B:B75:1002,eligible_exact_graph,1.135299563407898,,33.2371,14.2498,-32.1018004365921,,0.8316075205802917,,scored_both,partial_or_no_metrics
2E9O,A:A58:1001,eligible_stereochemistry_review,0.8277130722999573,2.4685676097869873,0.8277,2.4686,1.3072299957284095e-05,-3.239021301260081e-05,0.9274537563323975,0.6533181071281433,scored_both,scored_both
2EA2,A:F77:482,eligible_stereochemistry_review,0.7726883888244629,5.115017890930176,0.7727,5.115,-1.1611175537162843e-05,1.7890930175568087e-05,0.9025765061378479,0.3262448012828827,scored_both,scored_both
2EEP,A:AIO:801,eligible_stereochemistry_review,,4.488884449005127,0.7725,4.4889,,-1.555099487315914e-05,,0.3559711277484894,partial_or_no_metrics,scored_both
2EI6,A:D92:700,eligible_stereochemistry_review,1.2893446683883667,2.442429304122925,1.2893,2.4424,4.466838836680864e-05,2.930412292467821e-05,0.9233333468437195,0.5638157725334167,scored_both,scored_both
2EVC,A:FC3:999,eligible_exact_graph,0.2301037758588791,1.4000768661499023,0.2301,1.4001,3.775858879090377e-06,-2.313385009755642e-05,0.991651177406311,0.7811488509178162,scored_both,scored_both
2EVM,A:FC2:999,eligible_stereochemistry_review,0.41438040137290955,1.5406571626663208,0.4144,1.5407,-1.9598627090444687e-05,-4.283733367915765e-05,0.9834401607513428,0.7514619827270508,scored_both,scored_both
2EW5,A:Y12:200,eligible_stereochemistry_review,2.801928997039795,6.906971454620361,2.8019,6.907,2.899703979508672e-05,-2.8545379638700297e-05,0.6751968264579773,0.2501879632472992,scored_both,scored_both
2EW6,A:Y13:200,eligible_stereochemistry_review,0.6161714792251587,6.2631659507751465,0.6162,6.2632,-2.8520774841278573e-05,-3.404922485383821e-05,0.9445667862892151,0.25846701860427856,scored_both,scored_both
2EWA,A:SB2:361,eligible_stereochemistry_review,0.9953376650810242,5.9847612380981445,0.9953,5.9848,3.76650810242074e-05,-3.876190185536643e-05,0.9193323850631714,0.3575025200843811,scored_both,scored_both
2EWB,A:ZED:2000,eligible_stereochemistry_review,9.331439971923828,7.132212162017822,9.3314,7.1322,3.9971923827764044e-05,1.2162017822170412e-05,0.374794065952301,0.20304568111896515,scored_both,scored_both
2EXG,A:STF:102,eligible_stereochemistry_review,,,1.2622,3.8542,,,,,partial_or_no_metrics,partial_or_no_metrics
2EXM,A:ZIP:400,eligible_exact_graph,0.2651567757129669,1.156907320022583,0.2652,1.1569,-4.322428703307235e-05,7.320022582968377e-06,1.0,0.8301486372947693,scored_both,scored_both
2EZ7,A:DHI:301,eligible_stereochemistry_review,6.924677848815918,4.659457683563232,6.9247,4.6595,-2.215118408166461e-05,-4.2316436767997345e-05,0.24542683362960815,0.35497236251831055,scored_both,scored_both
2F18,A:GB1:1804,eligible_stereochemistry_review,1.5711379051208496,2.463934898376465,1.5711,2.4639,3.790512084966835e-05,3.4898376464642666e-05,0.7555350661277771,0.6280487775802612,scored_both,scored_both
2F1A,A:GB2:1804,eligible_stereochemistry_review,1.902700662612915,3.3317196369171143,1.9027,3.3317,6.626129149811533e-07,1.963691711415194e-05,0.6924428939819336,0.49045801162719727,scored_both,scored_both
2F1B,A:GB3:1803,eligible_stereochemistry_review,1.0951594114303589,1.6222552061080933,1.0952,1.6223,-4.058856964106461e-05,-4.47938919068136e-05,0.8159340620040894,0.753398060798645,scored_both,scored_both
2F7O,A:MSN:5002,eligible_stereochemistry_review,0.8632099628448486,0.8048759698867798,0.8632,0.8049,9.962844848665497e-06,-2.4030113220163685e-05,0.8973922729492188,0.9198564887046814,scored_both,scored_both
2F7P,A:2SK:5009,eligible_stereochemistry_review,1.8705929517745972,2.88716721534729,1.8706,2.8872,-7.048225402872532e-06,-3.278465270994957e-05,0.7923588156700134,0.5968364477157593,scored_both,scored_both
2F9K,F:ZOL:9001,eligible_exact_graph,0.44457393884658813,4.4558939933776855,0.4446,4.4559,-2.6061153411860438e-05,-6.006622314203014e-06,0.9906716346740723,0.38927942514419556,scored_both,scored_both
2FDA,A:682:1,eligible_stereochemistry_review,1.2235814332962036,,1.2236,2.5495,-1.856670379640768e-05,,0.8516556024551392,,scored_both,partial_or_no_metrics
2FDD,B:385:501,eligible_stereochemistry_review,1.0460063219070435,3.4182403087615967,11.9667,3.4182,-10.920693678092956,4.03087615965525e-05,0.866217315196991,0.46360382437705994,scored_both,scored_both
2FDE,A:385:101,eligible_stereochemistry_review,1.072170376777649,2.818936347961426,1.0722,2.8189,-2.962322235111614e-05,3.634796142559793e-05,0.8636924624443054,0.6138851046562195,scored_both,scored_both
2FJ0,A:TFC:600,eligible_exact_graph,0.571043848991394,5.404082775115967,0.571,5.4041,4.384899139409093e-05,-1.7224884032884802e-05,0.9691901206970215,0.3173491358757019,scored_both,scored_both
2FKF,A:G16:465,eligible_stereochemistry_review,7.637838363647461,,7.6378,4.7464,3.836364746057086e-05,,0.10536159574985504,,scored_both,partial_or_no_metrics
2FLE,B:AI:845,eligible_stereochemistry_review,,6.6980156898498535,1.7905,6.698,,1.568984985311772e-05,,0.21241766214370728,partial_or_no_metrics,scored_both
2FLR,H:7NH:258,eligible_stereochemistry_review,10.806840896606445,4.776240348815918,10.8068,4.7762,4.089660644446269e-05,4.034881591774564e-05,0.12417994439601898,0.3933955430984497,scored_both,scored_both
2FM2,A:3BC:900,eligible_stereochemistry_review,3.3430285453796387,,49.9558,15.0759,-46.612771454620365,,0.6923728585243225,,scored_both,partial_or_no_metrics
2FMB,A:LP1:201,eligible_stereochemistry_review,12.95372486114502,,12.9537,12.9812,2.4861145019983155e-05,,0.1193232387304306,,scored_both,partial_or_no_metrics
2FQT,A:H1D:4398,eligible_exact_graph,1.8352102041244507,16.21843719482422,1.8352,16.2184,1.0204124450741148e-05,3.7194824219710654e-05,0.7854166626930237,0.03630862385034561,scored_both,scored_both
2FQW,A:NOS:400,eligible_stereochemistry_review,1.12473726272583,2.681622266769409,1.1247,2.6816,3.7262725830045085e-05,2.226676940919603e-05,0.8591654300689697,0.5741205811500549,scored_both,scored_both
2FQX,A:GMP:400,eligible_stereochemistry_review,1.0091161727905273,2.641580581665039,1.0091,2.6416,1.6172790527235748e-05,-1.941833496088563e-05,0.8668360114097595,0.5787712931632996,scored_both,scored_both
2FQY,A:ADN:400,eligible_stereochemistry_review,,2.3249449729919434,1.1449,2.3249,,4.497299194339277e-05,,0.6168009042739868,partial_or_no_metrics,scored_both
2FR3,A:REA:300,eligible_exact_graph,1.9758079051971436,2.8663909435272217,1.9758,2.8664,7.905197143553977e-06,-9.056472778379288e-06,0.7898613810539246,0.5179504156112671,scored_both,scored_both
2FSV,A:NAD:600,eligible_stereochemistry_review,19.114294052124023,6.269583225250244,48.8814,6.2696,-29.767105947875976,-1.6774749755477103e-05,0.02002640813589096,0.2812022268772125,scored_both,scored_both
2FV9,B:002:2,eligible_stereochemistry_review,,,49.8139,3.5987,,,,,partial_or_no_metrics,partial_or_no_metrics
2FW3,A:BUI:900,eligible_exact_graph,0.7659005522727966,4.27018928527832,0.7659,4.2702,5.522727966056351e-07,-1.0714721679683237e-05,0.9035966992378235,0.3836206793785095,scored_both,scored_both
2FW6,B:CIT:1002,eligible_exact_graph,0.47454726696014404,16.11097526550293,0.4745,16.111,4.726696014406562e-05,-2.47344970709662e-05,0.976344108581543,0.004324324429035187,scored_both,scored_both
2FWP,B:CIT:1002,eligible_exact_graph,0.3918928802013397,16.208253860473633,0.3919,16.2082,-7.119798660304433e-06,5.386047363131752e-05,0.9923912882804871,0.0037499999161809683,scored_both,scored_both
2FWY,A:H64:1001,eligible_stereochemistry_review,1.0824310779571533,,1.0824,2.4713,3.1077957153291536e-05,,0.9066068530082703,,scored_both,partial_or_no_metrics
2FWZ,A:H71:1001,eligible_stereochemistry_review,1.1234772205352783,1.5365854501724243,1.1235,1.5366,-2.2779464721622844e-05,-1.4549827575649488e-05,0.8896210789680481,0.7472826242446899,scored_both,scored_both
2FXU,A:BID:402,eligible_exact_graph,1.7353529930114746,,1.7354,6.8085,-4.700698852544427e-05,,0.7683417201042175,,scored_both,partial_or_no_metrics
2FYV,A:W72:2000,eligible_stereochemistry_review,1.5562195777893066,4.754389762878418,1.5562,4.7544,1.9577789306612914e-05,-1.0237121582434838e-05,0.8242574334144592,0.3478260934352875,scored_both,scored_both
2G19,A:4HG:801,eligible_stereochemistry_review,0.5106868743896484,2.2260959148406982,0.5107,2.2261,-1.312561035160531e-05,-4.085159301947527e-06,0.9740325808525085,0.5982567071914673,scored_both,scored_both
2G24,A:7IG:334,eligible_stereochemistry_review,1.1079515218734741,25.63296890258789,1.108,25.633,-4.847812652597483e-05,-3.109741210849393e-05,0.8709677457809448,0.004065040498971939,scored_both,scored_both
2G5P,A:ADF:800,eligible_stereochemistry_review,0.6723114252090454,,48.9763,24.8498,-48.30398857479096,,0.9423945546150208,,scored_both,partial_or_no_metrics
2G5T,A:ACF:800,eligible_stereochemistry_review,0.740236759185791,22.885988235473633,45.807,22.886,-45.06676324081421,-1.1764526366420114e-05,0.957619845867157,0.0012812300119549036,scored_both,scored_both
2G63,B:AAF:800,eligible_stereochemistry_review,1.4276877641677856,,46.2841,58.3336,-44.85641223583222,,0.8958333134651184,,scored_both,partial_or_no_metrics
2G6P,A:HM2:410,eligible_exact_graph,0.4657415449619293,2.6170520782470703,0.4657,2.6171,4.154496192931845e-05,-4.7921752929891426e-05,0.9820296168327332,0.6069424748420715,scored_both,scored_both
2G78,A:REA:200,eligible_exact_graph,0.664988100528717,2.5577609539031982,0.665,2.5578,-1.1899471282994512e-05,-3.904609680160931e-05,0.9382352828979492,0.5347633361816406,scored_both,scored_both
2G79,A:RET:200,eligible_exact_graph,0.7493543028831482,3.084590196609497,0.7494,3.0846,-4.56971168517617e-05,-9.803390502938214e-06,0.931382954120636,0.5128205418586731,scored_both,scored_both
2G9Q,A:1AB:998,eligible_exact_graph,1.113288402557373,4.712146759033203,1.1133,4.7121,-1.1597442626909427e-05,4.6759033202725675e-05,0.8204023241996765,0.3544372320175171,scored_both,scored_both
2G9R,A:G27:998,eligible_stereochemistry_review,3.4069697856903076,3.8259167671203613,3.407,3.8259,-3.0214309692411234e-05,1.6767120361471655e-05,0.6509804129600525,0.4565085172653198,scored_both,scored_both
2G9U,A:G27:998,eligible_stereochemistry_review,2.998753786087036,3.0242671966552734,2.9988,3.0243,-4.621391296399935e-05,-3.280334472677282e-05,0.6475037932395935,0.5785006880760193,scored_both,scored_both
2G9V,A:IFM:998,eligible_stereochemistry_review,1.0607537031173706,1.8501877784729004,1.0608,1.8502,-4.6296882629359715e-05,-1.2221527099676166e-05,0.8570442199707031,0.6748071908950806,scored_both,scored_both
2GBF,A:AIA:768,eligible_exact_graph,0.44247686862945557,21.876800537109375,0.4425,21.8768,-2.3131370544438035e-05,5.371093756423306e-07,0.9729872941970825,0.0,scored_both,scored_both
2GBG,A:1AD:768,eligible_exact_graph,0.6915972828865051,21.72907066345215,0.6916,21.7291,-2.717113494865586e-06,-2.9336547850533634e-05,0.942375898361206,0.0,scored_both,scored_both
2GBI,A:XIH:901,eligible_stereochemistry_review,1.8532917499542236,22.04230499267578,1.8533,22.0423,-8.250045776314607e-06,4.992675780357558e-06,0.7538119554519653,0.00043277553049847484,scored_both,scored_both
2GEJ,A:GDD:2567,eligible_stereochemistry_review,2.2425239086151123,10.2098970413208,2.2425,10.2099,2.3908615112144815e-05,-2.9586791985281025e-06,0.662151038646698,0.17814892530441284,scored_both,scored_both
2GEK,A:GDP:2567,eligible_stereochemistry_review,1.4189567565917969,13.670146942138672,1.419,13.6701,-4.324340820316408e-05,4.694213867217911e-05,0.800494372844696,0.036020584404468536,scored_both,scored_both
2GFS,A:PQB:361,eligible_stereochemistry_review,0.7686634659767151,9.34217357635498,0.7687,9.3422,-3.6534023284962025e-05,-2.6423645019590936e-05,0.9001426696777344,0.19741378724575043,scored_both,scored_both
2GG0,A:U11:601,eligible_stereochemistry_review,2.8352644443511963,4.150832653045654,2.8353,4.1508,-3.5555648803864415e-05,3.265304565402971e-05,0.7004608511924744,0.3767465054988861,scored_both,scored_both
2GG3,A:U13:501,eligible_stereochemistry_review,0.47465935349464417,2.103024482727051,0.4747,2.103,-4.06465053558458e-05,2.4482727050578745e-05,0.977078914642334,0.639616072177887,scored_both,scored_both
2GG5,A:U19:501,eligible_stereochemistry_review,0.7472444772720337,1.6448938846588135,0.7472,1.6449,4.44772720337161e-05,-6.1153411865522145e-06,0.9455284476280212,0.7171828746795654,scored_both,scored_both
2GG7,A:U14:701,eligible_exact_graph,0.3560299277305603,6.6267991065979,0.356,6.6268,2.992773056031961e-05,-8.934020998552228e-07,0.9913294911384583,0.2153846174478531,scored_both,scored_both
2GGB,A:U17:304,eligible_stereochemistry_review,1.0502386093139648,3.7958121299743652,1.0502,3.7958,3.860931396482137e-05,1.2129974365393537e-05,0.8712948560714722,0.438043475151062,scored_both,scored_both
2GJ4,A:2TH:949,eligible_exact_graph,33.364994049072266,37.98979187011719,33.365,37.9898,-5.95092773636452e-06,-8.129882814955636e-06,0.0,0.0,scored_both,scored_both
2GKL,A:PD2:2,eligible_stereochemistry_review,2.467177629470825,2.7285866737365723,2.4672,2.7286,-2.2370529174864373e-05,-1.33262634278708e-05,0.7123287916183472,0.532489001750946,scored_both,scored_both
2GM9,A:3TH:1,eligible_stereochemistry_review,40.330970764160156,37.41065979003906,40.331,37.4107,-2.9235839846819545e-05,-4.02099609360107e-05,0.0,0.0,scored_both,scored_both
2GNF,A:Y27:501,eligible_stereochemistry_review,1.4201005697250366,3.2278215885162354,1.4201,3.2278,5.697250367031614e-07,2.158851623557112e-05,0.8473118543624878,0.4674831032752991,scored_both,scored_both
2GNI,A:M77:601,eligible_exact_graph,0.7887484431266785,1.0590736865997314,0.7887,1.0591,4.844312667851014e-05,-2.6313400268485054e-05,0.9177852272987366,0.827235758304596,scored_both,scored_both
2GNJ,A:Y27:501,eligible_stereochemistry_review,1.154573678970337,1.7949215173721313,1.1546,1.7949,-2.6321029663156637e-05,2.1517372131407697e-05,0.8634488582611084,0.7124808430671692,scored_both,scored_both
2GTK,A:208:1001,eligible_stereochemistry_review,0.5972129106521606,2.0943808555603027,0.5972,2.0944,1.2910652160691427e-05,-1.9144439697083016e-05,0.9331651926040649,0.6580957174301147,scored_both,scored_both
2GTV,X:TSA:501,eligible_stereochemistry_review,,,0.9295,5.3029,,,,,partial_or_no_metrics,partial_or_no_metrics
2GVV,A:DI9:502,eligible_exact_graph,0.7376776337623596,3.287965774536133,0.7377,3.288,-2.236623764040324e-05,-3.4225463866999206e-05,0.9214628338813782,0.5065261125564575,scored_both,scored_both
2GZ7,A:D3F:307,eligible_stereochemistry_review,,5.048254489898682,1.8478,5.0483,,-4.551010131859101e-05,,0.2950432598590851,partial_or_no_metrics,scored_both
2GZL,A:2AA:901,eligible_stereochemistry_review,,23.077810287475586,11.1741,23.0778,,1.028747558606824e-05,,0.0,partial_or_no_metrics,scored_both
2H15,A:B19:300,eligible_stereochemistry_review,1.8243614435195923,1.419722080230713,1.8244,1.4197,-3.8556480407736515e-05,2.208023071292864e-05,0.7345132827758789,0.730654776096344,scored_both,scored_both
2H4G,A:694:300,eligible_stereochemistry_review,0.3613004684448242,1.9837955236434937,0.3613,1.9838,4.684448242087136e-07,-4.476356506355472e-06,0.9964850544929504,0.6584124565124512,scored_both,scored_both
2H4K,A:509:300,eligible_stereochemistry_review,0.5503778457641602,,0.5504,1.915,-2.2154235839844105e-05,,0.9805956482887268,,scored_both,partial_or_no_metrics
2H4N,A:AZM:264,eligible_exact_graph,0.598505973815918,2.2220113277435303,0.5985,2.222,5.973815917936776e-06,1.1327743530298306e-05,0.9594395160675049,0.6068129539489746,scored_both,scored_both
2H5A,X:X1P:600,eligible_stereochemistry_review,5.318454265594482,2.8068466186523438,5.3185,2.8068,-4.57344055178055e-05,4.661865234378837e-05,0.2880348563194275,0.5164884328842163,scored_both,scored_both
2HAH,A:3TL:201,eligible_stereochemistry_review,4.663761615753174,,4.6638,7.062,-3.838424682633956e-05,,0.5544096827507019,,scored_both,partial_or_no_metrics
2HAI,A:PFI:601,eligible_stereochemistry_review,1.9669594764709473,3.9005160331726074,1.967,3.9005,-4.052352905281609e-05,1.6033172607343715e-05,0.6733687520027161,0.38088566064834595,scored_both,scored_both
2HB1,A:512:800,eligible_exact_graph,0.2136567085981369,2.2916150093078613,0.2137,2.2916,-4.329140186309921e-05,1.5009307861468812e-05,1.0,0.6225489974021912,scored_both,scored_both
2HM1,A:LIQ:801,eligible_stereochemistry_review,4.675849437713623,,4.6758,4.681,4.943771362331262e-05,,0.6073876619338989,,scored_both,partial_or_no_metrics
2HMB,A:PLM:133,eligible_exact_graph,1.087522029876709,3.374143600463867,1.0875,3.3741,2.2029876709073193e-05,4.3600463867310424e-05,0.8504902124404907,0.4964412748813629,scored_both,scored_both
2HNC,A:1SA:265,eligible_exact_graph,0.2158726155757904,2.2127552032470703,0.2159,2.2128,-2.7384424209603297e-05,-4.4796752929787687e-05,1.0,0.6391820311546326,scored_both,scored_both
2HNX,A:PLM:135,eligible_exact_graph,0.7369397878646851,4.8255743980407715,0.7369,4.8256,3.978786468505913e-05,-2.560195922818309e-05,0.925543487071991,0.36725351214408875,scored_both,scored_both
2HNY,A:NVP:999,eligible_stereochemistry_review,1.3843023777008057,2.8805153369903564,1.3843,2.8805,2.377700805578087e-06,1.5336990356384916e-05,0.7692307829856873,0.5788369178771973,scored_both,scored_both
2HOG,A:710:324,eligible_stereochemistry_review,1.675482153892517,1.836190938949585,1.6755,1.8362,-1.7846107482899498e-05,-9.061050415093419e-06,0.8357874751091003,0.7592262029647827,scored_both,scored_both
2HR6,A:DUD:777,eligible_stereochemistry_review,22.296497344970703,10.56098461151123,22.2965,10.561,-2.655029298637146e-06,-1.5388488769474407e-05,0.0,0.1351054459810257,scored_both,scored_both
2HRM,A:UC5:777,eligible_stereochemistry_review,24.01744842529297,10.44809627532959,24.0174,10.4481,4.8425292970222245e-05,-3.724670410321096e-06,0.0,0.2062615156173706,scored_both,scored_both
2HVX,A:DRX:500,eligible_stereochemistry_review,2.703146457672119,4.299154758453369,2.7031,4.2992,4.645767211908236e-05,-4.524154663076985e-05,0.6185468435287476,0.364824116230011,scored_both,scored_both
2HW2,A:RFP:1200,eligible_exact_graph,,8.08720874786377,4.0438,8.0872,,8.747863770253161e-06,,0.12862595915794373,partial_or_no_metrics,scored_both
2HZN,A:KIN:600,eligible_stereochemistry_review,0.7869254946708679,2.1077334880828857,0.7869,2.1077,2.5494670867876046e-05,3.348808288583527e-05,0.9064294099807739,0.6346153616905212,scored_both,scored_both
2I0V,A:6C3:1000,eligible_stereochemistry_review,1.788250207901001,5.494390487670898,1.7883,5.4944,-4.979209899902415e-05,-9.512329101291073e-06,0.6898542046546936,0.4383561611175537,scored_both,scored_both
2I0Y,A:5CN:1000,eligible_stereochemistry_review,0.8286125063896179,5.769761085510254,0.8286,5.7698,1.2506389617916724e-05,-3.891448974613354e-05,0.9225759506225586,0.3163129985332489,scored_both,scored_both
2I1M,A:5CN:1000,eligible_stereochemistry_review,0.9644951820373535,5.746517181396484,0.9645,5.7465,-4.817962646508356e-06,1.7181396484211575e-05,0.9026580452919006,0.32225993275642395,scored_both,scored_both
2I2C,A:DTA:273,eligible_stereochemistry_review,6.692595958709717,,6.6926,5.446,-4.0412902828634856e-06,,0.34125587344169617,,scored_both,partial_or_no_metrics
2I3Z,A:LIR:900,eligible_stereochemistry_review,0.7019772529602051,21.104827880859375,44.1451,21.1048,-43.443122747039794,2.788085937410756e-05,0.922281801700592,0.0006056934944353998,scored_both,scored_both
2I4W,B:KGQ:300,eligible_stereochemistry_review,0.9881490468978882,,0.9881,4.0076,4.9046897888205265e-05,,0.876153826713562,,scored_both,partial_or_no_metrics
2I5J,A:K05:4001,eligible_stereochemistry_review,9.623398780822754,5.696957588195801,9.6234,5.697,-1.2191772462699646e-06,-4.24118041992827e-05,0.13124999403953552,0.3400000035762787,scored_both,scored_both
2IE4,C:OKA:401,eligible_exact_graph,1.0700751543045044,26.31098175048828,1.0701,26.311,-2.4845695495656628e-05,-1.8249511718693157e-05,0.8330479264259338,0.0,scored_both,scored_both
2IGX,A:A1T:330,eligible_stereochemistry_review,1.4102778434753418,,1.4103,10.6778,-2.2156524658312193e-05,,0.8045927286148071,,scored_both,partial_or_no_metrics
2IHJ,A:CSF:1741,eligible_representation_review,,4.198240280151367,2.88,4.1982,,4.028015136725571e-05,,0.42959314584732056,partial_or_no_metrics,scored_both
2IHQ,A:LG7:90,eligible_stereochemistry_review,0.8703517317771912,1.0456622838974,0.8704,1.0457,-4.8268222808789396e-05,-3.771610260017155e-05,0.902999997138977,0.8367537260055542,scored_both,scored_both
2IO6,A:330:901,eligible_stereochemistry_review,0.5867262482643127,,0.5867,1.6182,2.624826431274485e-05,,0.9548919796943665,,scored_both,partial_or_no_metrics
2IRZ,A:I02:386,eligible_stereochemistry_review,1.298536777496338,,1.2985,5.0608,3.677749633790306e-05,,0.8140172362327576,,scored_both,partial_or_no_metrics
2ISW,A:PGH:325,eligible_representation_review,0.21181230247020721,2.237243890762329,0.2118,2.2372,1.230247020722608e-05,4.389076232902411e-05,1.0,0.6433823704719543,scored_both,scored_both
2IT4,A:PPF:500,eligible_representation_review,0.8713802695274353,14.526558876037598,52.5433,14.5266,-51.67191973047257,-4.112396240252281e-05,0.8909774422645569,0.01424870453774929,scored_both,scored_both
2ITO,A:IRE:2020,eligible_stereochemistry_review,0.8000736832618713,2.565182685852051,0.8001,2.5652,-2.6316738128695505e-05,-1.7314147949143432e-05,0.9383803009986877,0.6991421580314636,scored_both,scored_both
2ITY,A:IRE:2020,eligible_stereochemistry_review,1.204556941986084,2.1981966495513916,1.2046,2.1982,-4.305801391590869e-05,-3.3504486083302254e-06,0.8938506841659546,0.7787396311759949,scored_both,scored_both
2ITZ,A:IRE:2021,eligible_stereochemistry_review,0.7234047055244446,2.646064043045044,0.7234,2.6461,4.70552444453709e-06,-3.595695495617335e-05,0.9728915691375732,0.5658036470413208,scored_both,scored_both
2IU0,B:203:1595,eligible_exact_graph,8.189078330993652,,25.9931,27.1511,-17.804021669006346,,0.1137184128165245,,scored_both,partial_or_no_metrics
2IVU,A:ZD6:3015,eligible_stereochemistry_review,1.3799935579299927,,1.38,3.0861,-6.442070007217637e-06,,0.7760844230651855,,scored_both,partial_or_no_metrics
2J2U,A:GSQ:1244,eligible_stereochemistry_review,,1.7050056457519531,0.9097,1.705,,5.645751953053946e-06,,0.6890690326690674,partial_or_no_metrics,scored_both
2J34,A:GS6:1245,eligible_stereochemistry_review,1.0230767726898193,3.0671541690826416,1.0231,3.0672,-2.3227310180562455e-05,-4.583091735854694e-05,0.892123281955719,0.4913063943386078,scored_both,scored_both
2J47,A:GDV:1590,eligible_stereochemistry_review,1.37041437625885,3.8396623134613037,1.3704,3.8397,1.4376258850035128e-05,-3.768653869640204e-05,0.7686136364936829,0.4646511673927307,scored_both,scored_both
2J4A,A:OEF:1461,eligible_stereochemistry_review,1.1187809705734253,2.060065269470215,1.1188,2.0601,-1.902942657472373e-05,-3.473052978497648e-05,0.8600000143051147,0.6506410241127014,scored_both,scored_both
2J4I,A:GSJ:1245,eligible_stereochemistry_review,1.5094571113586426,,1.5095,3.8523,-4.2888641357485824e-05,,0.807692289352417,,scored_both,partial_or_no_metrics
2J4Q,B:TTP:194,eligible_stereochemistry_review,,19.77180290222168,1.9154,19.7718,,2.9022216807561563e-06,,0.00013616557407658547,partial_or_no_metrics,scored_both
2J7W,A:GTP:1886,eligible_exact_graph,0.9173484444618225,4.984291076660156,0.9173,4.9843,4.84444618225055e-05,-8.923339843924794e-06,0.9177350401878357,0.2888889014720917,scored_both,scored_both
2J7X,A:EST:1454,eligible_stereochemistry_review,1.2080669403076172,2.0592756271362305,1.2081,2.0593,-3.305969238276418e-05,-2.437286376943959e-05,0.8389544486999512,0.6564801335334778,scored_both,scored_both
2J94,A:G15:1245,eligible_stereochemistry_review,1.2887648344039917,2.945131301879883,1.2888,2.9451,-3.5165596008246425e-05,3.130187988276134e-05,0.8121019005775452,0.525770902633667,scored_both,scored_both
2J95,A:GSX:1245,eligible_stereochemistry_review,1.0610206127166748,1.8235477209091187,1.061,1.8235,2.061271667486153e-05,4.7720909118753596e-05,0.9013840556144714,0.711416482925415,scored_both,scored_both
2JBK,A:QUS:1764,eligible_exact_graph,1.523512840270996,2.9827840328216553,1.5235,2.9828,1.2840270996017367e-05,-1.5967178344844513e-05,0.8073843121528625,0.5697226524353027,scored_both,scored_both
2JBL,L:SMA:1277,eligible_stereochemistry_review,1.0384323596954346,,1.0384,9.7375,3.2359695434580615e-05,,0.855586588382721,,scored_both,partial_or_no_metrics
2JBO,A:P4O:1348,eligible_stereochemistry_review,0.9485025405883789,1.414084553718567,0.9485,1.4141,2.54058837889648e-06,-1.5446281433018072e-05,0.8596368432044983,0.810546875,scored_both,scored_both
2JDO,A:I5S:1480,eligible_stereochemistry_review,3.994816303253174,4.430404186248779,3.9948,4.4304,1.6303253173699517e-05,4.186248779625146e-06,0.5252960324287415,0.35041937232017517,scored_both,scored_both
2JDT,A:I5S:1351,eligible_stereochemistry_review,0.809847891330719,2.7249977588653564,0.8098,2.725,4.7891330719029845e-05,-2.2411346436435053e-06,0.9367549419403076,0.5750781893730164,scored_both,scored_both
2JEW,A:720:1310,eligible_exact_graph,0.4893052577972412,,0.4893,5.1521,5.2577972411982365e-06,,0.9740465879440308,,scored_both,partial_or_no_metrics
2JF4,A:VDM:1548,eligible_stereochemistry_review,1.000300407409668,,1.0003,4.6564,4.0740966800179024e-07,,0.857758641242981,,scored_both,partial_or_no_metrics
2JFH,A:LK1:1441,eligible_stereochemistry_review,1.6618244647979736,,1.6618,4.0192,2.4464797973688945e-05,,0.8330618739128113,,scored_both,partial_or_no_metrics
2JG0,A:TTZ:1548,eligible_stereochemistry_review,1.0181862115859985,2.830928087234497,1.0182,2.8309,-1.3788414001458804e-05,2.8087234496876334e-05,0.8697394728660583,0.547950804233551,scored_both,scored_both
2JG8,D:SEP:1223,eligible_stereochemistry_review,2.923750162124634,16.53495979309082,35.0551,28.8911,-32.13134983787537,-12.356140206909181,0.5773137807846069,0.0,scored_both,scored_both
2JH0,D:701:1247,eligible_exact_graph,0.5321627259254456,,0.5322,3.8616,-3.7274074554449754e-05,,0.9723307490348816,,scored_both,partial_or_no_metrics
2JH5,D:895:1249,eligible_exact_graph,0.6764428615570068,3.866624116897583,0.6764,3.8666,4.2861557006834694e-05,2.4116897582970864e-05,0.9373342394828796,0.46028971672058105,scored_both,scored_both
2JH6,D:894:1249,eligible_stereochemistry_review,3.1696043014526367,4.0191755294799805,3.1696,4.0192,4.301452636745751e-06,-2.447052001919303e-05,0.6776390671730042,0.4124879539012909,scored_both,scored_both
2JJR,A:TAM:1257,eligible_exact_graph,0.20898200571537018,6.842639446258545,0.209,6.8426,-1.7994284629813118e-05,3.944625854490624e-05,1.0,0.25784754753112793,scored_both,scored_both
2JKH,A:BI7:1244,eligible_stereochemistry_review,1.390115737915039,2.9661011695861816,1.3901,2.9661,1.5737915039171213e-05,1.1695861816818365e-06,0.779608964920044,0.4948979616165161,scored_both,scored_both
2JKO,A:BIJ:1687,eligible_stereochemistry_review,0.6889327764511108,1.7969025373458862,0.6889,1.7969,3.277645111088301e-05,2.5373458862887333e-06,0.9324712753295898,0.669242262840271,scored_both,scored_both
2JKQ,A:VG8:1687,eligible_stereochemistry_review,1.5020188093185425,6.6639323234558105,1.502,6.6639,1.8809318542478692e-05,3.2323455810612245e-05,0.8743154406547546,0.23322580754756927,scored_both,scored_both
2JNP,A:NGH:253,eligible_stereochemistry_review,,,1.1311,2.3491,,,,,partial_or_no_metrics,partial_or_no_metrics
2JSD,A:NGH:277,eligible_stereochemistry_review,,,0.8819,3.1612,,,,,partial_or_no_metrics,partial_or_no_metrics
2JST,A:HLT:101,eligible_stereochemistry_review,,,2.1401,2.023,,,,,partial_or_no_metrics,partial_or_no_metrics
2JXR,A:2Z3:327,eligible_exact_graph,0.7306275963783264,,0.7306,3.8009,2.7596378326388837e-05,,0.923902690410614,,scored_both,partial_or_no_metrics
2K0G,A:CMP:370,eligible_stereochemistry_review,,,2.2121,3.3247,,,,,partial_or_no_metrics,partial_or_no_metrics
2K2G,A:DSV:1,eligible_stereochemistry_review,,,0.9596,5.7776,,,,,partial_or_no_metrics,partial_or_no_metrics
2K4I,A:PBU:300,eligible_stereochemistry_review,,,3.2757,6.7986,,,,,partial_or_no_metrics,partial_or_no_metrics
2KDH,A:KDH:1,eligible_stereochemistry_review,,,4.7017,6.828,,,,,partial_or_no_metrics,partial_or_no_metrics
2KO7,A:JZF:130,eligible_stereochemistry_review,,,2.4965,3.6777,,,,,partial_or_no_metrics,partial_or_no_metrics
2KP8,B:XIG:999,eligible_stereochemistry_review,,,2.6142,24.4143,,,,,partial_or_no_metrics,partial_or_no_metrics
2L98,A:STL:162,eligible_stereochemistry_review,,,0.5812,6.8267,,,,,partial_or_no_metrics,partial_or_no_metrics
2LBV,A:ACD:300,eligible_exact_graph,,,1.2546,5.4352,,,,,partial_or_no_metrics,partial_or_no_metrics
2LKO,A:4IP:1228,eligible_stereochemistry_review,,,1.5881,7.1094,,,,,partial_or_no_metrics,partial_or_no_metrics
2LY0,A:A2Y:100,eligible_stereochemistry_review,,,0.8929,4.4855,,,,,partial_or_no_metrics,partial_or_no_metrics
2LYA,A:PC8:300,eligible_representation_review,,,7.0971,9.9983,,,,,partial_or_no_metrics,partial_or_no_metrics
2LYB,A:8SP:300,eligible_stereochemistry_review,,,3.5661,10.383,,,,,partial_or_no_metrics,partial_or_no_metrics
2MJI,A:KTR:201,eligible_stereochemistry_review,,,1.3781,6.0284,,,,,partial_or_no_metrics,partial_or_no_metrics
2MLM,A:2W7:201,eligible_stereochemistry_review,,,0.4904,3.8298,,,,,partial_or_no_metrics,partial_or_no_metrics
2N0U,A:48M:200,eligible_stereochemistry_review,,,1.5777,7.274,,,,,partial_or_no_metrics,partial_or_no_metrics
2N27,A:4DY:205,eligible_stereochemistry_review,,,1.4359,6.0216,,,,,partial_or_no_metrics,partial_or_no_metrics
2NDO,A:SFQ:201,eligible_stereochemistry_review,,,0.4564,6.4588,,,,,partial_or_no_metrics,partial_or_no_metrics
2NND,A:PRZ:300,eligible_exact_graph,0.19843465089797974,4.135640621185303,0.1984,4.1356,3.46508979797433e-05,4.062118530256953e-05,1.0,0.3977046012878418,scored_both,scored_both
2NNG,A:ZYX:301,eligible_stereochemistry_review,0.5203678011894226,1.3581956624984741,0.5204,1.3582,-3.219881057736629e-05,-4.337501525952803e-06,0.988095223903656,0.7715736031532288,scored_both,scored_both
2NNK,A:ROC:401,eligible_stereochemistry_review,1.450068473815918,5.994248867034912,1.4501,5.9942,-3.152618408197583e-05,4.8867034911914686e-05,0.7707192897796631,0.2367105334997177,scored_both,scored_both
2NNP,A:ROC:401,eligible_stereochemistry_review,0.9738746285438538,4.848135948181152,0.9739,4.8481,-2.5371456146228155e-05,3.594818115271181e-05,0.8689154386520386,0.4114583432674408,scored_both,scored_both
2NQ6,A:HM4:410,eligible_exact_graph,0.4155970513820648,2.3029325008392334,0.4156,2.3029,-2.948617935205622e-06,3.250083923322933e-05,0.9900793433189392,0.649227499961853,scored_both,scored_both
2NQ7,A:HM5:410,eligible_stereochemistry_review,0.48449990153312683,1.761704921722412,0.4845,1.7617,-9.846687315517855e-08,4.921722412065677e-06,0.9751521348953247,0.7141756415367126,scored_both,scored_both
2NSJ,A:C2R:242,eligible_stereochemistry_review,0.8309533596038818,3.753101348876953,0.831,3.7531,-4.664039611812498e-05,1.3488769532443712e-06,0.8853846192359924,0.4732142984867096,scored_both,scored_both
2NSL,A:C2R:300,eligible_stereochemistry_review,0.8920603394508362,4.3356099128723145,0.8921,4.3356,-3.9660549163822445e-05,9.912872314110643e-06,0.9058333039283752,0.37988996505737305,scored_both,scored_both
2NT7,A:902:800,eligible_stereochemistry_review,0.9765703678131104,4.291064739227295,0.9766,4.2911,-2.9632186889672063e-05,-3.526077270521455e-05,0.9038265347480774,0.3801843225955963,scored_both,scored_both
2NTA,A:521:301,eligible_stereochemistry_review,0.5471288561820984,1.6731644868850708,0.5471,1.6732,2.885618209835794e-05,-3.5513114929219824e-05,0.9571999907493591,0.7242957949638367,scored_both,scored_both
2NW4,A:8NH:1,eligible_stereochemistry_review,0.8913366794586182,1.8233048915863037,0.8913,1.8233,3.667945861818289e-05,4.891586303790163e-06,0.8753571510314941,0.7239776849746704,scored_both,scored_both
2O2U,A:738:403,eligible_stereochemistry_review,0.3783355951309204,4.031096458435059,0.3783,4.0311,3.559513092038502e-05,-3.541564941755837e-06,0.9834494590759277,0.4681818187236786,scored_both,scored_both
2O3P,A:QUE:501,eligible_exact_graph,1.4964488744735718,1.6503326892852783,1.4964,1.6503,4.887447357182495e-05,3.2689285278220126e-05,0.8655115365982056,0.7360031008720398,scored_both,scored_both
2O4J,A:VD4:500,eligible_exact_graph,0.7139778733253479,,0.714,1.9353,-2.2126674652067635e-05,,0.926764726638794,,scored_both,partial_or_no_metrics
2O4R,A:VD5:500,eligible_exact_graph,1.0007195472717285,1.378986120223999,1.0007,1.379,1.954727172859272e-05,-1.3879776000980115e-05,0.8871809840202332,0.7422839403152466,scored_both,scored_both
2O4S,A:AB1:400,eligible_stereochemistry_review,1.188759684562683,,1.1888,2.2512,-4.03154373169734e-05,,0.8084897994995117,,scored_both,partial_or_no_metrics
2O4Z,A:HSW:300,eligible_exact_graph,0.28806647658348083,2.183924913406372,0.2881,2.1839,-3.3523416519187776e-05,2.491340637211792e-05,0.9966063499450684,0.6785714030265808,scored_both,scored_both
2O63,A:MYC:501,eligible_stereochemistry_review,0.5790098309516907,7.191021919250488,0.579,7.191,9.830951690714684e-06,2.1919250488444675e-05,0.9675043225288391,0.2288622111082077,scored_both,scored_both
2O65,A:MYF:501,eligible_stereochemistry_review,6.9086809158325195,7.097863674163818,6.9087,7.0979,-1.90841674800879e-05,-3.632583618173868e-05,0.24133948981761932,0.19348327815532684,scored_both,scored_both
2O9J,A:CZA:1001,eligible_stereochemistry_review,1.0994677543640137,3.615616798400879,1.0995,3.6156,-3.2245635986249965e-05,1.6798400878759168e-05,0.8527607321739197,0.4545454680919647,scored_both,scored_both
2OA0,A:CZA:1001,eligible_exact_graph,0.4270823895931244,3.762228488922119,0.4271,3.7622,-1.7610406875590012e-05,2.8488922119151994e-05,0.9851046800613403,0.4698886573314667,scored_both,scored_both
2OBO,A:HUD:903,eligible_stereochemistry_review,1.245099425315857,,49.8788,7.3273,-48.63370057468414,,0.7659642696380615,,scored_both,partial_or_no_metrics
2OC0,A:HU1:999,eligible_stereochemistry_review,3.981130361557007,,50.1338,16.0517,-46.152669638442994,,0.6206803321838379,,scored_both,partial_or_no_metrics
2OC1,A:HU2:999,eligible_exact_graph,0.7829362750053406,,0.7829,12.6181,3.627500534053585e-05,,0.9256476759910583,,scored_both,partial_or_no_metrics
2OC4,A:IMH:300,eligible_stereochemistry_review,1.0539910793304443,3.1906516551971436,1.054,3.1907,-8.920669555712024e-06,-4.834480285653697e-05,0.8854166865348816,0.5208944082260132,scored_both,scored_both
2OC7,A:HU4:999,eligible_stereochemistry_review,,11.855549812316895,49.8799,11.8555,,4.9812316895270214e-05,,0.08083631843328476,partial_or_no_metrics,scored_both
2OC9,A:IMH:300,eligible_stereochemistry_review,2.4164724349975586,2.1121225357055664,2.4165,2.1121,-2.756500244149862e-05,2.2535705566539832e-05,0.7681543231010437,0.7081339955329895,scored_both,scored_both
2OF2,A:547:201,eligible_stereochemistry_review,0.5696634650230408,7.298884868621826,0.5697,7.2989,-3.6534976959212706e-05,-1.5131378173549592e-05,0.9566831588745117,0.28697749972343445,scored_both,scored_both
2OFF,A:OFF:930,eligible_stereochemistry_review,34.589576721191406,,34.5896,34.7341,-2.327880859098741e-05,,0.0,,scored_both,partial_or_no_metrics
2OHK,A:1SQ:390,eligible_stereochemistry_review,,,3.0965,3.4814,,,,,partial_or_no_metrics,partial_or_no_metrics
2OHM,A:8AP:389,eligible_stereochemistry_review,0.39301520586013794,1.2395272254943848,0.393,1.2395,1.5205860137923466e-05,2.722549438471944e-05,0.9904761910438538,0.8074712753295898,scored_both,scored_both
2OHP,A:6IP:389,eligible_stereochemistry_review,,,0.435,5.3936,,,,,partial_or_no_metrics,partial_or_no_metrics
2OHQ,A:7IP:404,eligible_stereochemistry_review,,,0.7707,7.6588,,,,,partial_or_no_metrics,partial_or_no_metrics
2OHT,A:IP6:601,eligible_stereochemistry_review,0.3862963616847992,3.097628355026245,0.3863,3.0976,-3.6383152007823938e-06,2.8355026245208137e-05,0.9949209690093994,0.4895833432674408,scored_both,scored_both
2OHU,A:IP7:390,eligible_stereochemistry_review,0.9721860289573669,5.0887131690979,0.9722,5.0887,-1.3971042633009745e-05,1.3169097900167515e-05,0.878830075263977,0.2997997999191284,scored_both,scored_both
2OHV,A:NHL:400,eligible_stereochemistry_review,0.8643121123313904,,0.8643,5.4452,1.211233139042367e-05,,0.8866544961929321,,scored_both,partial_or_no_metrics
2OI0,A:283:1,eligible_stereochemistry_review,1.3265389204025269,3.1930694580078125,1.3265,3.1931,3.8920402526843034e-05,-3.054199218732734e-05,0.7755934596061707,0.49865591526031494,scored_both,scored_both
2OI2,A:DP6:300,eligible_representation_review,1.0587825775146484,5.550755500793457,1.0588,5.5508,-1.7422485351525907e-05,-4.449920654270301e-05,0.8733396530151367,0.2743757367134094,scored_both,scored_both
2OIQ,A:STI:1001,eligible_stereochemistry_review,1.5682796239852905,28.294639587402344,1.5683,28.2946,-2.0376014709500012e-05,3.958740234466518e-05,0.7820150852203369,0.0,scored_both,scored_both
2OJ9,A:BMI:301,eligible_exact_graph,0.8599047064781189,2.267134189605713,0.8599,2.2671,4.706478118898794e-06,3.418960571277552e-05,0.9061210751533508,0.7153263688087463,scored_both,scored_both
2OJG,A:19A:360,eligible_exact_graph,0.1959923803806305,1.441186785697937,0.196,1.4412,-7.6196193695143855e-06,-1.3214302063024874e-05,1.0,0.7799422740936279,scored_both,scored_both
2OJI,A:33A:360,eligible_stereochemistry_review,0.47121745347976685,1.800938367843628,0.4712,1.8009,1.7453479766837976e-05,3.83678436279844e-05,0.9782794117927551,0.7485074400901794,scored_both,scored_both
2OJJ,A:82A:360,eligible_stereochemistry_review,0.6069689989089966,2.0286002159118652,0.607,2.0286,-3.100109100340198e-05,2.1591186527558648e-07,0.9628880023956299,0.7164135575294495,scored_both,scored_both
2ON6,A:IMH:300,eligible_stereochemistry_review,2.7093114852905273,2.6493403911590576,2.7093,2.6493,1.1485290527524228e-05,4.039115905740687e-05,0.6641167998313904,0.5823129415512085,scored_both,scored_both
2ONB,A:7PA:319,eligible_representation_review,2.1466214656829834,11.041423797607422,2.1466,11.0414,2.146568298355689e-05,2.379760742243775e-05,0.752212405204773,0.09779614210128784,scored_both,scored_both
2OOZ,A:OX5:200,eligible_stereochemistry_review,0.33693110942840576,9.459687232971191,0.3369,12.8722,3.1109428405784456e-05,-3.412512767028808,0.9931761622428894,0.050806451588869095,scored_both,scored_both
2OQI,B:GGO:901,eligible_stereochemistry_review,1.142926573753357,,1.1429,57.6681,2.6573753356906593e-05,,0.8249686360359192,0.0,scored_both,partial_or_no_metrics
2OR4,A:QUS:808,eligible_stereochemistry_review,0.7045886516571045,2.0088982582092285,0.7046,2.0089,-1.1348342895511898e-05,-1.7417907716144043e-06,0.9462890625,0.7079759836196899,scored_both,scored_both
2OSM,A:HTS:263,eligible_exact_graph,2.339385509490967,2.0121891498565674,2.3402,1.887,-0.000814490509033039,0.12518914985656737,0.6901639103889465,0.6333865523338318,scored_both,scored_both
2OV4,A:AQP:400,eligible_stereochemistry_review,1.8855156898498535,4.551708221435547,1.8855,4.5517,1.568984985356181e-05,8.22143554657373e-06,0.7397798895835876,0.3772277235984802,scored_both,scored_both
2OVV,A:PFH:999,eligible_stereochemistry_review,0.48726847767829895,3.0333948135375977,0.4873,3.0334,-3.152232170106073e-05,-5.186462402217984e-06,0.9737569093704224,0.5504617691040039,scored_both,scored_both
2OVY,A:PFJ:999,eligible_stereochemistry_review,0.7697789072990417,2.5028481483459473,0.7698,2.5028,-2.1092700958291744e-05,4.814834594712991e-05,0.9276785850524902,0.574999988079071,scored_both,scored_both
2OW6,A:NK1:4001,eligible_stereochemistry_review,1.1189810037612915,3.806882858276367,1.119,3.8069,-1.8996238708490765e-05,-1.7141723632985162e-05,0.8625792860984802,0.4517374634742737,scored_both,scored_both
2OW7,A:NK2:6001,eligible_exact_graph,0.7352422475814819,6.448564529418945,0.7352,6.4486,4.224758148196894e-05,-3.5470581054575234e-05,0.9124423861503601,0.21157167851924896,scored_both,scored_both
2OXD,A:K32:338,eligible_stereochemistry_review,0.7614221572875977,2.1789846420288086,0.7614,2.179,2.2157287597690534e-05,-1.5357971191232167e-05,0.8930445909500122,0.6115145087242126,scored_both,scored_both
2OXN,A:OAN:501,eligible_exact_graph,0.573079526424408,4.1833953857421875,0.5731,4.1834,-2.047357559209484e-05,-4.614257812285416e-06,0.9569408893585205,0.39168038964271545,scored_both,scored_both
2OXX,A:K22:501,eligible_stereochemistry_review,0.23873473703861237,2.5024216175079346,0.2387,2.5024,3.473703861237021e-05,2.1617507934390545e-05,1.0,0.5605263113975525,scored_both,scored_both
2OZ7,A:CA4:1,eligible_stereochemistry_review,2.2151379585266113,2.3502931594848633,2.2151,2.3503,3.79585266112592e-05,-6.840515136552483e-06,0.6696904897689819,0.6134953498840332,scored_both,scored_both
2P09,A:ATP:500,eligible_stereochemistry_review,2.346863031387329,6.289212703704834,2.3469,6.2892,-3.6968612671106627e-05,1.270370483386074e-05,0.7996503710746765,0.29481130838394165,scored_both,scored_both
2P0D,A:I3P:800,eligible_stereochemistry_review,1.2937136888504028,,1.2937,5.3313,1.3688850402759911e-05,,0.8224381804466248,,scored_both,partial_or_no_metrics
2P2A,B:MP9:802,eligible_stereochemistry_review,0.5925291776657104,12.412440299987793,0.5925,19.5438,2.9177665710422573e-05,-7.131359700012208,0.9429547786712646,0.04889768362045288,scored_both,scored_both
2P3A,A:3TL:201,eligible_stereochemistry_review,1.4082118272781372,,1.4082,7.8703,1.182727813731077e-05,,0.7985888123512268,,scored_both,partial_or_no_metrics
2P3C,A:3TL:201,eligible_stereochemistry_review,,,3.0111,4.2915,,,,,partial_or_no_metrics,partial_or_no_metrics
2P3G,X:F10:401,eligible_stereochemistry_review,1.483296275138855,5.357964038848877,1.4833,5.358,-3.7248611450824143e-06,-3.596115112269871e-05,0.8432267904281616,0.30602988600730896,scored_both,scored_both
2P3I,A:MNA:1000,eligible_stereochemistry_review,1.4262783527374268,7.785215377807617,1.4263,7.7852,-2.1647262573143422e-05,1.5377807617511507e-05,0.8339080214500427,0.21223261952400208,scored_both,scored_both
2P7A,A:43M:1,eligible_stereochemistry_review,0.4961208701133728,2.5158252716064453,0.4961,2.5158,2.08701133728173e-05,2.5271606445276262e-05,0.977419376373291,0.6156812310218811,scored_both,scored_both
2P7G,A:2OH:1,eligible_stereochemistry_review,0.49127447605133057,3.2942962646484375,0.4913,3.2943,-2.552394866944807e-05,-3.735351562283995e-06,0.966946005821228,0.5299999713897705,scored_both,scored_both
2P93,A:ME1:1,eligible_stereochemistry_review,1.1918163299560547,1.6602766513824463,1.1918,1.6603,1.6329956054716988e-05,-2.3348617553820006e-05,0.8411967754364014,0.6891891956329346,scored_both,scored_both
2P94,A:ME4:1,eligible_stereochemistry_review,1.0528662204742432,1.2293580770492554,1.0529,1.2294,-3.3779525756783e-05,-4.192295074467722e-05,0.9026235938072205,0.8316481113433838,scored_both,scored_both
2P99,A:YE6:265,eligible_stereochemistry_review,0.6182462573051453,1.275734305381775,0.6182,1.2757,4.6257305145291916e-05,3.430538177484621e-05,0.9375,0.78899085521698,scored_both,scored_both
2P9A,A:YE6:267,eligible_stereochemistry_review,3.946579694747925,3.328709602355957,3.9466,3.3287,-2.0305252075303315e-05,9.602355957039066e-06,0.4440406858921051,0.489633172750473,scored_both,scored_both
2PAX,A:4AN:1,eligible_stereochemistry_review,0.2254534512758255,4.4908270835876465,0.2255,4.4908,-4.654872417450551e-05,2.708358764635932e-05,1.0,0.42002686858177185,scored_both,scored_both
2PH6,A:712:401,eligible_stereochemistry_review,0.8850758671760559,,0.8851,5.5474,-2.4132823944089665e-05,,0.910179615020752,,scored_both,partial_or_no_metrics
2PH8,A:35A:388,eligible_stereochemistry_review,1.635092854499817,2.7745933532714844,1.6351,2.7746,-7.145500183103337e-06,-6.646728515580236e-06,0.7294589281082153,0.5655422806739807,scored_both,scored_both
2PHB,A:230:9001,eligible_stereochemistry_review,1.641470193862915,2.3430421352386475,1.6415,2.343,-2.980613708492008e-05,4.213523864748936e-05,0.826106607913971,0.6136178970336914,scored_both,scored_both
2PJ6,A:059:401,eligible_stereochemistry_review,0.7778030037879944,,0.7778,2.7465,3.00378799433787e-06,,0.9498806595802307,,scored_both,partial_or_no_metrics
2PJ9,A:281:401,eligible_stereochemistry_review,,3.5466341972351074,0.7973,3.5466,,3.4197235107225055e-05,,0.4944915175437927,partial_or_no_metrics,scored_both
2PMK,A:128:301,eligible_stereochemistry_review,1.3317276239395142,5.729764461517334,1.3317,5.7298,2.7623939514054285e-05,-3.553848266601989e-05,0.8149150013923645,0.26883116364479065,scored_both,scored_both
2POQ,X:ISD:500,eligible_stereochemistry_review,0.9573151469230652,4.087015151977539,0.9573,4.087,1.5146923065145756e-05,1.5151977539318295e-05,0.8779863715171814,0.39502426981925964,scored_both,scored_both
2POU,A:I7A:1000,eligible_stereochemistry_review,1.012040138244629,0.7220911383628845,1.012,0.7221,4.013824462889559e-05,-8.861637115442633e-06,0.9383910298347473,0.9442800879478455,scored_both,scored_both
2PQ9,A:GG9:501,eligible_stereochemistry_review,0.8870341777801514,2.7350845336914062,0.887,2.7351,3.417778015135653e-05,-1.5466308593836686e-05,0.9045553207397461,0.5669522285461426,scored_both,scored_both
2PQB,A:GG9:501,eligible_stereochemistry_review,,,2.3402,4.7974,,,,,partial_or_no_metrics,partial_or_no_metrics
2PQC,A:RC1:601,eligible_stereochemistry_review,2.108668565750122,2.873915433883667,2.1087,2.8739,-3.143424987772647e-05,1.5433883667093085e-05,0.6725543737411499,0.5502439141273499,scored_both,scored_both
2PQL,A:TSS:145,eligible_exact_graph,0.16267751157283783,3.738337755203247,0.1627,3.7383,-2.248842716218169e-05,3.7755203246891966e-05,1.0,0.4614197611808777,scored_both,scored_both
2PRI,A:D6G:930,eligible_stereochemistry_review,31.91578483581543,29.361175537109375,31.9158,29.3612,-1.5164184571148098e-05,-2.4462890625187583e-05,0.0,0.0,scored_both,scored_both
2PRJ,A:NBG:998,eligible_stereochemistry_review,0.5261744856834412,0.9575362205505371,0.5262,0.9575,-2.5514316558838956e-05,3.622055053709161e-05,0.9595000147819519,0.8458408713340759,scored_both,scored_both
2PSV,A:MUV:200,eligible_stereochemistry_review,0.9423361420631409,2.351321220397949,0.9423,2.3513,3.614206314084267e-05,2.1220397949051062e-05,0.8926600217819214,0.6278908252716064,scored_both,scored_both
2PTZ,A:PAH:600,eligible_representation_review,0.562955379486084,1.7861169576644897,0.563,1.7861,-4.462051391596056e-05,1.6957664489725133e-05,0.9610705375671387,0.6754201650619507,scored_both,scored_both
2PU0,A:PAH:600,eligible_representation_review,0.21998119354248047,2.9413163661956787,0.22,2.9413,-1.880645751953236e-05,1.6366195678685358e-05,1.0,0.5452508926391602,scored_both,scored_both
2PU1,A:FSG:600,eligible_representation_review,1.1507972478866577,2.0409109592437744,1.1508,2.0409,-2.7521133423302757e-06,1.0959243774255611e-05,0.8826530575752258,0.6868836283683777,scored_both,scored_both
2PVH,A:P19:501,eligible_stereochemistry_review,0.55933678150177,5.416388034820557,0.5593,5.4164,3.678150177000017e-05,-1.1965179443684804e-05,0.9504910111427307,0.3535598814487457,scored_both,scored_both
2PVJ,A:P44:501,eligible_stereochemistry_review,1.4896079301834106,5.4618072509765625,1.4896,5.4618,7.93018341060936e-06,7.250976562289679e-06,0.8561508059501648,0.36446359753608704,scored_both,scored_both
2PVK,A:P45:501,eligible_stereochemistry_review,2.5550410747528076,6.085737228393555,2.555,6.0857,4.1074752807457315e-05,3.7228393554578076e-05,0.7243958711624146,0.3143181800842285,scored_both,scored_both
2PVL,A:P55:501,eligible_stereochemistry_review,1.0265038013458252,2.169755458831787,1.0265,2.1698,3.801345825227287e-06,-4.45411682128416e-05,0.9254636168479919,0.6272348165512085,scored_both,scored_both
2PVM,A:P29:501,eligible_stereochemistry_review,1.5220985412597656,2.4727582931518555,1.5221,2.4728,-1.4587402343835265e-06,-4.1706848144418274e-05,0.8363970518112183,0.5851989984512329,scored_both,scored_both
2PVN,A:P63:501,eligible_stereochemistry_review,7.1761860847473145,4.001236438751221,7.1762,4.0012,-1.3915252685237078e-05,3.6438751220835286e-05,0.3050670027732849,0.40172696113586426,scored_both,scored_both
2PVU,A:LYS:301,eligible_exact_graph,1.7977951765060425,4.587366104125977,1.7978,4.5874,-4.823493957584191e-06,-3.389587402313765e-05,0.7021780014038086,0.3782467544078827,scored_both,scored_both
2PVV,A:OSE:1768,eligible_exact_graph,0.3691396415233612,4.099980354309082,0.3691,4.1,3.96415233612224e-05,-1.964569091761348e-05,0.9912382960319519,0.4173167049884796,scored_both,scored_both
2PWR,B:G4G:501,eligible_stereochemistry_review,,4.56300163269043,3.7539,4.563,,1.6326904299646117e-06,,0.36507073044776917,partial_or_no_metrics,scored_both
2PY4,A:DUP:777,eligible_stereochemistry_review,26.87166976928711,10.998817443847656,26.8717,10.9988,-3.0230712891210487e-05,1.7443847657006017e-05,0.0,0.1640511006116867,scored_both,scored_both
2PYI,A:DL8:998,eligible_stereochemistry_review,1.4779081344604492,2.9484944343566895,1.4779,2.9485,8.134460449227277e-06,-5.565643310667667e-06,0.7559847831726074,0.561170220375061,scored_both,scored_both
2PYN,A:1UN:1001,eligible_stereochemistry_review,6.013830661773682,,6.978,5.5806,-0.9641693382263181,,0.3859945833683014,,scored_both,partial_or_no_metrics
2Q54,B:MU1:200,eligible_stereochemistry_review,1.323438286781311,,1.3234,2.0301,3.8286781311125395e-05,,0.8086603879928589,,scored_both,partial_or_no_metrics
2Q5K,A:AB1:201,eligible_stereochemistry_review,0.9401382803916931,,0.9401,8.6852,3.8280391693068516e-05,,0.8916389346122742,,scored_both,partial_or_no_metrics
2Q63,A:1UN:1001,eligible_stereochemistry_review,,6.8308000564575195,1.5311,6.8308,,5.6457519548303026e-08,,0.21107864379882812,partial_or_no_metrics,scored_both
2Q64,B:1UN:1001,eligible_stereochemistry_review,0.7959791421890259,4.94436502456665,0.796,8.1498,-2.085781097416195e-05,-3.2054349754333504,0.9100580215454102,0.29725611209869385,scored_both,scored_both
2Q7O,E:IMH:291,eligible_stereochemistry_review,1.5641685724258423,3.4493839740753174,1.5642,3.4494,-3.142757415774966e-05,-1.6025924682416814e-05,0.7943548560142517,0.456094354391098,scored_both,scored_both
2Q7Y,A:IGC:601,eligible_stereochemistry_review,1.3175053596496582,,1.3175,19.3406,5.359649658309706e-06,,0.8596754670143127,,scored_both,partial_or_no_metrics
2Q88,A:4CS:501,eligible_exact_graph,0.47674429416656494,7.373277187347412,0.4767,7.3733,4.4294166564928794e-05,-2.2812652588299898e-05,0.9737149477005005,0.16718362271785736,scored_both,scored_both
2Q89,A:6CS:501,eligible_stereochemistry_review,1.13178288936615,7.171989917755127,1.1318,7.172,-1.7110633850014878e-05,-1.0082244872755552e-05,0.8477182388305664,0.2197432816028595,scored_both,scored_both
2Q8H,A:TF4:438,eligible_exact_graph,0.5129526257514954,3.9913413524627686,0.513,3.9913,-4.737424850465022e-05,4.1352462768706744e-05,0.9699074029922485,0.3814984858036041,scored_both,scored_both
2Q8I,A:RDC:408,eligible_exact_graph,2.0407495498657227,6.7578840255737305,2.0407,6.7579,4.954986572247577e-05,-1.5974426269771413e-05,0.6238872408866882,0.1896481215953827,scored_both,scored_both
2Q8S,A:L92:1001,eligible_stereochemistry_review,0.7169033885002136,,0.7169,18.9139,3.3885002136413434e-06,,0.9428143501281738,,scored_both,partial_or_no_metrics
2Q93,A:B21:400,eligible_stereochemistry_review,0.32599031925201416,1.5975983142852783,0.326,1.5976,-9.680747985851834e-06,-1.685714721588738e-06,0.9912382960319519,0.7563725709915161,scored_both,scored_both
2Q94,A:A04:400,eligible_stereochemistry_review,0.9251365661621094,2.4695725440979004,0.9251,2.4696,3.6566162109341604e-05,-2.745590209940474e-05,0.8607438206672668,0.5864285826683044,scored_both,scored_both
2Q96,A:A18:400,eligible_stereochemistry_review,1.4805328845977783,3.0193965435028076,1.4805,3.0194,3.288459777839314e-05,-3.4564971924666565e-06,0.7899436354637146,0.5031055808067322,scored_both,scored_both
2Q9N,A:LK5:0,eligible_stereochemistry_review,4.320197582244873,5.957374572753906,4.3202,5.9574,-2.417755126771226e-06,-2.5427246093556732e-05,0.593047022819519,0.2113526612520218,scored_both,scored_both
2Q9Y,B:BTM:704,eligible_exact_graph,0.3696422874927521,14.86221981048584,0.3696,14.8622,4.2287492752091094e-05,1.981048584021039e-05,0.9938356280326843,0.019059721380472183,scored_both,scored_both
2QBQ,A:4B3:800,eligible_stereochemistry_review,0.8740568161010742,3.2174479961395264,0.8741,3.2174,-4.318389892576935e-05,4.799613952632953e-05,0.9325451850891113,0.47854292392730713,scored_both,scored_both
2QBS,A:024:800,eligible_stereochemistry_review,0.5179110765457153,1.7593588829040527,0.5179,1.7594,1.107654571530503e-05,-4.111709594734059e-05,0.9742753505706787,0.6984829306602478,scored_both,scored_both
2QC6,A:G12:1,eligible_exact_graph,1.3788814544677734,2.8327441215515137,1.3789,2.8327,-1.8545532226577066e-05,4.412155151367614e-05,0.8251096606254578,0.5697773694992065,scored_both,scored_both
2QCF,A:5FU:501,eligible_stereochemistry_review,1.060448408126831,3.267787218093872,1.0604,3.2678,4.840812683104545e-05,-1.2781906127745657e-05,0.8832312226295471,0.5065963268280029,scored_both,scored_both
2QCI,B:065:404,eligible_stereochemistry_review,0.8912653923034668,,0.8913,1.5299,-3.4607696533184296e-05,,0.8846328258514404,,scored_both,partial_or_no_metrics
2QCM,A:JW5:482,eligible_stereochemistry_review,0.7317258715629578,,0.7317,6.391,2.587156295774662e-05,,0.9412479996681213,,scored_both,partial_or_no_metrics
2QD6,B:065:404,eligible_stereochemistry_review,,1.5944674015045166,0.8708,1.5945,,-3.259849548342686e-05,,0.7652885317802429,partial_or_no_metrics,scored_both
2QD9,A:LGF:361,eligible_stereochemistry_review,0.9011374115943909,3.666869640350342,0.9011,3.6669,3.741159439085706e-05,-3.0359649658251442e-05,0.9514925479888916,0.42606931924819946,scored_both,scored_both
2QDT,A:I38:501,eligible_stereochemistry_review,0.8673806190490723,2.0803141593933105,0.8674,2.0803,-1.9380950927683216e-05,1.4159393310730906e-05,0.8976868391036987,0.6639072895050049,scored_both,scored_both
2QFO,A:A13:900,eligible_stereochemistry_review,0.37678787112236023,29.41910171508789,0.3768,43.5521,-1.2128877639794311e-05,-14.132998284912112,0.9850000143051147,0.0,scored_both,scored_both
2QG2,A:A91:300,eligible_exact_graph,0.30926066637039185,4.750193119049072,0.3093,4.7502,-3.933362960817366e-05,-6.880950928156437e-06,0.9976635575294495,0.3910658359527588,scored_both,scored_both
2QHC,B:AB1:9001,eligible_stereochemistry_review,2.560673236846924,,2.5607,4.5573,-2.6763153076370116e-05,,0.627761960029602,,scored_both,partial_or_no_metrics
2QHN,A:582:500,eligible_stereochemistry_review,0.3614705801010132,1.0102919340133667,0.3615,1.0103,-2.9419898986804416e-05,-8.065986633276623e-06,0.997802197933197,0.8898747563362122,scored_both,scored_both
2QHY,A:MZ1:200,eligible_stereochemistry_review,1.0569908618927002,3.3035881519317627,1.057,3.3036,-9.138107299744291e-06,-1.1848068237174658e-05,0.8602050542831421,0.4575639069080353,scored_both,scored_both
2QHZ,A:MZ2:200,eligible_stereochemistry_review,0.4108595848083496,1.9030849933624268,0.4109,1.9031,-4.04151916503781e-05,-1.5006637573256043e-05,0.9803677797317505,0.6777359843254089,scored_both,scored_both
2QI0,B:MZ3:200,eligible_stereochemistry_review,1.4482355117797852,1.8643980026245117,1.4482,1.8644,3.551177978522446e-05,-1.9973754883384487e-06,0.8212489485740662,0.7323190569877625,scored_both,scored_both
2QI1,A:MZ4:200,eligible_stereochemistry_review,1.525928258895874,2.0986130237579346,1.5259,2.0986,2.825889587398933e-05,1.3023757934771396e-05,0.7856255173683167,0.6578431129455566,scored_both,scored_both
2QI3,B:MZ5:200,eligible_stereochemistry_review,1.3851252794265747,2.0281171798706055,1.3851,2.0281,2.5279426574709163e-05,1.717987060567694e-05,0.8121801614761353,0.6030762195587158,scored_both,scored_both
2QI5,B:MZ7:200,eligible_stereochemistry_review,0.8558284640312195,4.426517009735107,0.8558,4.4265,2.846403121947727e-05,1.7009735107542667e-05,0.8991897106170654,0.36235955357551575,scored_both,scored_both
2QIQ,A:CYV:302,eligible_exact_graph,0.8918494582176208,,0.8918,5.4111,4.9458217620812484e-05,,0.9095454812049866,,scored_both,partial_or_no_metrics
2QJU,A:DSM:801,eligible_exact_graph,0.8657979369163513,,0.8658,4.873,-2.063083648695674e-06,,0.9023297429084778,,scored_both,partial_or_no_metrics
2QLM,A:F68:998,eligible_stereochemistry_review,1.1646544933319092,1.9034937620162964,1.1647,1.9035,-4.550666809088888e-05,-6.237983703583083e-06,0.8209677338600159,0.7202941179275513,scored_both,scored_both
2QLN,A:F59:998,eligible_stereochemistry_review,0.9294382333755493,2.971406936645508,0.9294,2.9714,3.82333755493125e-05,6.9366455077712885e-06,0.8556673526763916,0.5412303805351257,scored_both,scored_both
2QN1,A:0AS:930,eligible_stereochemistry_review,3.7323126792907715,19.30696678161621,3.7323,19.307,1.2679290771533402e-05,-3.3218383787669836e-05,0.45124804973602295,0.0,scored_both,scored_both
2QN2,A:0MA:930,eligible_stereochemistry_review,4.280630111694336,17.966171264648438,4.2806,17.9662,3.011169433619898e-05,-2.873535156311391e-05,0.33680057525634766,0.0001312335953116417,scored_both,scored_both
2QN3,A:F55:998,eligible_stereochemistry_review,1.5336488485336304,2.3491973876953125,1.5336,2.3492,4.884853363029684e-05,-2.612304687676925e-06,0.763224184513092,0.6563238501548767,scored_both,scored_both
2QO8,A:3CC:800,eligible_stereochemistry_review,1.9585334062576294,2.3042354583740234,1.9585,2.3042,3.34062576294869e-05,3.545837402363361e-05,0.8870614171028137,0.673713207244873,scored_both,scored_both
2QPJ,A:I20:755,eligible_representation_review,0.935238778591156,,0.9352,6.1444,3.8778591155974595e-05,,0.8645526170730591,,scored_both,partial_or_no_metrics
2QRH,A:M08:998,eligible_stereochemistry_review,1.4405771493911743,1.6683660745620728,1.4406,1.6684,-2.2850608825786267e-05,-3.3925437927351254e-05,0.789910614490509,0.7159090638160706,scored_both,scored_both
2QRK,A:AMP:500,eligible_stereochemistry_review,0.6543049216270447,5.175910949707031,0.6543,5.1759,4.9216270446850174e-06,1.0949707030860623e-05,0.9363468885421753,0.27539780735969543,scored_both,scored_both
2QRL,A:OGA:500,eligible_exact_graph,0.1722598820924759,2.128028392791748,0.1723,2.128,-4.011790752411759e-05,2.8392791747933188e-05,1.0,0.6245928406715393,scored_both,scored_both
2QRM,A:M09:998,eligible_stereochemistry_review,1.0585328340530396,2.6618521213531494,1.0585,2.6619,3.2834053039554334e-05,-4.7878646850740836e-05,0.8702152967453003,0.5672613382339478,scored_both,scored_both
2QRP,A:S06:998,eligible_stereochemistry_review,1.2653553485870361,2.3837902545928955,1.2654,2.3838,-4.465141296394748e-05,-9.745407104411186e-06,0.831556499004364,0.6564258933067322,scored_both,scored_both
2QRQ,A:S13:998,eligible_stereochemistry_review,1.0852285623550415,2.0132853984832764,1.0852,2.0133,2.856235504156146e-05,-1.4601516723722341e-05,0.8445558547973633,0.6686708927154541,scored_both,scored_both
2QTT,B:FMC:269,eligible_stereochemistry_review,0.9160140156745911,4.280339241027832,0.916,4.2803,1.4015674591028038e-05,3.9241027831593556e-05,0.8932968378067017,0.3992404043674469,scored_both,scored_both
2QV7,A:ADP:500,eligible_stereochemistry_review,3.676525115966797,9.740691184997559,3.6765,9.7407,2.5115966796995792e-05,-8.815002441764364e-06,0.4843243360519409,0.13958990573883057,scored_both,scored_both
2QW1,A:3MG:310,eligible_stereochemistry_review,4.149073600769043,5.013293743133545,4.1491,5.0133,-2.6399230956819508e-05,-6.256866455167653e-06,0.45028409361839294,0.38352271914482117,scored_both,scored_both
2QWC,A:DAN:800,eligible_stereochemistry_review,1.3906445503234863,2.472672939300537,1.3906,2.4727,4.455032348626986e-05,-2.7060699463010707e-05,0.83740234375,0.5890804529190063,scored_both,scored_both
2QWD,A:4AM:800,eligible_stereochemistry_review,0.8111523389816284,1.976778507232666,0.8112,1.9768,-4.766101837161418e-05,-2.149276733387495e-05,0.9189913868904114,0.6901751160621643,scored_both,scored_both
2QWE,A:ZMR:800,eligible_stereochemistry_review,,2.714815855026245,1.4785,2.7148,,1.585502624523727e-05,,0.5707482695579529,partial_or_no_metrics,scored_both
2QWF,A:G20:800,eligible_stereochemistry_review,1.1917712688446045,3.088411331176758,1.1918,3.0884,-2.8731155395478325e-05,1.1331176757778394e-05,0.8189922571182251,0.5053443908691406,scored_both,scored_both
2QWG,A:G28:800,eligible_stereochemistry_review,1.5609612464904785,1.5939165353775024,1.561,1.5939,-3.875350952142753e-05,1.6535377502346904e-05,0.7546641826629639,0.7755101919174194,scored_both,scored_both
2QZK,A:I21:400,eligible_stereochemistry_review,2.422281503677368,5.099786758422852,2.4223,5.0998,-1.849632263173362e-05,-1.3241577148548345e-05,0.6329491138458252,0.33594194054603577,scored_both,scored_both
2QZL,A:IXS:449,eligible_stereochemistry_review,0.8344373106956482,,0.8344,4.5136,3.7310695648162806e-05,,0.9149895906448364,,scored_both,partial_or_no_metrics
2QZR,A:S79:500,eligible_stereochemistry_review,2.225188732147217,,2.2252,3.057,-1.1267852783269916e-05,,0.8130000233650208,,scored_both,partial_or_no_metrics
2R0U,A:M54:324,eligible_stereochemistry_review,1.665553092956543,1.4556041955947876,1.6656,1.4556,-4.69070434570007e-05,4.1955947875926825e-06,0.741990864276886,0.8114144206047058,scored_both,scored_both
2R3F,A:SC8:501,eligible_stereochemistry_review,0.5180938839912415,1.4747143983840942,0.5181,1.4747,-6.116008758549896e-06,1.4398384094338468e-05,0.9619728922843933,0.7568005323410034,scored_both,scored_both
2R3G,A:SC9:501,eligible_exact_graph,5.86667013168335,4.9885430335998535,5.8667,4.9885,-2.9868316650194515e-05,4.3033599853359306e-05,0.2899082601070404,0.3883587718009949,scored_both,scored_both
2R3H,A:SCE:501,eligible_exact_graph,0.35985833406448364,1.6566312313079834,0.3599,1.6566,-4.166593551635511e-05,3.123130798332596e-05,0.9846311211585999,0.7504408955574036,scored_both,scored_both
2R3J,A:SCJ:501,eligible_exact_graph,1.0748341083526611,5.864538192749023,1.0748,5.8645,3.4108352661155195e-05,3.8192749023835404e-05,0.9087733030319214,0.3423076868057251,scored_both,scored_both
2R3K,A:SCQ:501,eligible_exact_graph,0.5141568779945374,1.386488914489746,0.5142,1.3865,-4.312200546263689e-05,-1.1085510253971975e-05,0.9781249761581421,0.8218706846237183,scored_both,scored_both
2R3M,A:SCX:501,eligible_stereochemistry_review,0.7114839553833008,0.9489734768867493,0.7115,0.949,-1.6044616699240066e-05,-2.6523113250687125e-05,0.9498730897903442,0.868881106376648,scored_both,scored_both
2R3N,A:SCZ:501,eligible_exact_graph,0.9607239365577698,1.3665440082550049,0.9607,1.3665,2.393655776977699e-05,4.400825500483485e-05,0.9147058725357056,0.80800461769104,scored_both,scored_both
2R3O,A:2SC:501,eligible_exact_graph,1.023232102394104,1.633601427078247,1.0232,1.6336,3.210239410389448e-05,1.4270782471292875e-06,0.913385808467865,0.7884160876274109,scored_both,scored_both
2R3P,A:3SC:501,eligible_stereochemistry_review,0.6417384147644043,1.1881675720214844,0.6417,1.1882,3.8414764404248736e-05,-3.2427978515547906e-05,0.9666203260421753,0.8356868028640747,scored_both,scored_both
2R3T,B:G4G:2501,eligible_stereochemistry_review,1.0480161905288696,,1.048,5.0037,1.6190528869586274e-05,,0.8591402173042297,,scored_both,partial_or_no_metrics
2R58,A:MLY:436,eligible_exact_graph,0.4936041533946991,12.245176315307617,0.4936,12.2452,4.153394699113466e-06,-2.3684692383341144e-05,0.9617021083831787,0.035625774413347244,scored_both,scored_both
2R5A,A:MLZ:436,eligible_exact_graph,0.32473328709602356,12.742926597595215,0.3247,12.7429,3.328709602357094e-05,2.6597595214283842e-05,1.0,0.02069425955414772,scored_both,scored_both
2R6N,A:CKE:300,eligible_stereochemistry_review,1.618822693824768,1.8756422996520996,1.6188,1.8756,2.269382476804971e-05,4.2299652099675455e-05,0.7284023761749268,0.6827309131622314,scored_both,scored_both
2R75,1:01G:614,eligible_stereochemistry_review,1.121525526046753,,1.1215,5.0582,2.5526046752988307e-05,,0.862610399723053,,scored_both,partial_or_no_metrics
2RCN,A:GDP:600,eligible_stereochemistry_review,1.2467055320739746,6.593015193939209,1.2467,6.593,5.532073974690022e-06,1.5193939209012797e-05,0.8887381553649902,0.2271062284708023,scored_both,scored_both
2RCW,A:AAI:400,eligible_stereochemistry_review,0.4483626186847687,1.3791539669036865,0.4484,1.3792,-3.7381315231344026e-05,-4.603309631345809e-05,0.9836409687995911,0.8393987417221069,scored_both,scored_both
2RF2,A:MRX:561,eligible_stereochemistry_review,0.9140059947967529,3.794753313064575,0.914,3.7948,5.9947967528950485e-06,-4.668693542475566e-05,0.873229444026947,0.42259520292282104,scored_both,scored_both
2RG5,A:279:501,eligible_stereochemistry_review,0.5275673270225525,2.674842119216919,0.5276,2.6748,-3.2672977447467666e-05,4.211921691910092e-05,0.962193489074707,0.5335858464241028,scored_both,scored_both
2RIP,A:34Q:800,eligible_exact_graph,0.6267943382263184,4.21004581451416,0.6268,4.21,-5.661773681664428e-06,4.581451416019178e-05,0.9319213032722473,0.4895833432674408,scored_both,scored_both
2RJR,A:295:1001,eligible_stereochemistry_review,1.6660692691802979,24.541658401489258,1.6661,31.5454,-3.073081970206282e-05,-7.003741598510743,0.7504990100860596,0.0,scored_both,scored_both
2RKD,A:3PP:703,eligible_exact_graph,0.6117041707038879,2.9142260551452637,0.6117,2.9142,4.170703887917959e-06,2.605514526354824e-05,0.9466192126274109,0.5521907210350037,scored_both,scored_both
2RKF,A:AB1:501,eligible_stereochemistry_review,1.25026535987854,,1.2503,5.472,-3.46401214599279e-05,,0.8352223038673401,,scored_both,partial_or_no_metrics
2RKG,B:AB1:501,eligible_stereochemistry_review,0.8383467197418213,5.769872188568115,10.4987,9.0808,-9.660353280258178,-3.3109278114318847,0.8855777978897095,0.24313446879386902,scored_both,scored_both
2RKU,A:R78:500,eligible_stereochemistry_review,1.2093812227249146,6.216640472412109,1.2094,6.2166,-1.8777275085479772e-05,4.047241210969332e-05,0.829865038394928,0.24392582476139069,scored_both,scored_both
2SIM,A:DAN:800,eligible_stereochemistry_review,1.4733837842941284,1.9091835021972656,1.4734,1.9092,-1.621570587162502e-05,-1.649780273438317e-05,0.7962297797203064,0.6597222089767456,scored_both,scored_both
2SRT,A:8MI:256,eligible_stereochemistry_review,,,1.4229,4.2053,,,,,partial_or_no_metrics,partial_or_no_metrics
2STD,A:CRP:175,eligible_stereochemistry_review,0.23994548618793488,3.875772714614868,0.2399,3.8758,4.548618793487336e-05,-2.728538513174783e-05,1.0,0.40950921177864075,scored_both,scored_both
2UPJ,A:U02:100,eligible_stereochemistry_review,4.741604328155518,4.6816582679748535,4.7416,11.8951,4.328155517541177e-06,-7.213441732025146,0.4379611015319824,0.3849206268787384,scored_both,scored_both
2USN,A:IN8:300,eligible_stereochemistry_review,6.48817253112793,10.018858909606934,6.4882,10.0189,-2.7468872070279815e-05,-4.1090393066767206e-05,0.5176281929016113,0.11194895952939987,scored_both,scored_both
2UUO,A:LK3:1441,eligible_stereochemistry_review,1.9253101348876953,2.2694973945617676,1.9253,2.2695,1.0134887695301131e-05,-2.605438232272661e-06,0.7853773832321167,0.6357039213180542,scored_both,scored_both
2UUP,A:LK4:1440,eligible_stereochemistry_review,1.1673578023910522,3.203613758087158,1.1674,3.2036,-4.2197608947747156e-05,1.3758087158421972e-05,0.833116888999939,0.5104493498802185,scored_both,scored_both
2UVM,A:GVF:1116,eligible_representation_review,,,0.522,4.1074,,,,,partial_or_no_metrics,partial_or_no_metrics
2UW8,A:GVQ:1351,eligible_stereochemistry_review,6.418940544128418,5.883601665496826,6.4189,5.8836,4.05441284181407e-05,1.6654968257867608e-06,0.3465058207511902,0.28098592162132263,scored_both,scored_both
2UWD,A:2GG:1228,eligible_stereochemistry_review,0.6496226787567139,2.469109296798706,0.6496,2.4691,2.267875671391195e-05,9.296798705982212e-06,0.9430758953094482,0.5946930050849915,scored_both,scored_both
2UWL,A:895:1245,eligible_exact_graph,0.460428386926651,,0.4604,2.036,2.8386926651025046e-05,,0.9719387888908386,,scored_both,partial_or_no_metrics
2UWO,A:701:1245,eligible_exact_graph,0.6237796545028687,1.8735326528549194,0.6238,1.8735,-2.0345497131368795e-05,3.265285491949044e-05,0.9468896985054016,0.7123218178749084,scored_both,scored_both
2UWP,A:894:1245,eligible_exact_graph,0.5706541538238525,,0.5707,1.9061,-4.5846176147446016e-05,,0.9558638334274292,,scored_both,partial_or_no_metrics
2UY3,A:H33:1311,eligible_exact_graph,0.16135120391845703,2.8217196464538574,0.1614,2.8217,-4.879608154295667e-05,1.964645385754693e-05,1.0,0.5539772510528564,scored_both,scored_both
2UY5,A:H35:1313,eligible_stereochemistry_review,2.4415128231048584,5.846949100494385,2.4415,5.8469,1.2823104858394885e-05,4.9100494385001525e-05,0.642961859703064,0.351257860660553,scored_both,scored_both
2UZ9,A:XAN:1453,eligible_stereochemistry_review,0.25838544964790344,3.1508944034576416,0.2584,3.1509,-1.455035209657618e-05,-5.5965423584325436e-06,0.9941314458847046,0.5134453773498535,scored_both,scored_both
2V00,A:V15:1336,eligible_stereochemistry_review,0.3482065200805664,2.859388828277588,0.3482,2.8594,6.5200805663967465e-06,-1.117172241205111e-05,0.9911556839942932,0.5783898234367371,scored_both,scored_both
2V13,A:C40:1341,eligible_stereochemistry_review,1.1609821319580078,,1.161,4.6717,-1.7868041992219474e-05,,0.8336693644523621,,scored_both,partial_or_no_metrics
2V2C,A:PGA:1254,eligible_exact_graph,0.28530269861221313,1.7202544212341309,0.2853,1.7203,2.6986122131367196e-06,-4.557876586908094e-05,1.0,0.7062647938728333,scored_both,scored_both
2V3U,A:DSN:1262,eligible_stereochemistry_review,0.7379871606826782,7.265514373779297,0.738,7.2655,-1.2839317321766686e-05,1.4373779296583677e-05,0.9360294342041016,0.21696428954601288,scored_both,scored_both
2V5A,A:LZL:1447,eligible_stereochemistry_review,0.630667507648468,25.517597198486328,0.6307,25.5176,-3.249235153202079e-05,-2.801513673489353e-06,0.9328829050064087,0.0,scored_both,scored_both
2V95,A:HCY:1375,eligible_stereochemistry_review,6.700801372528076,4.573365688323975,6.7008,4.5734,1.3725280760823466e-06,-3.4311676025744475e-05,0.34609755873680115,0.34043002128601074,scored_both,scored_both
2VA5,A:C8C:1389,eligible_stereochemistry_review,0.7745943665504456,5.798453330993652,0.7746,5.7985,-5.633449554398595e-06,-4.666900634742177e-05,0.9413506984710693,0.2715395390987396,scored_both,scored_both
2VBA,A:P4T:1405,eligible_exact_graph,0.9341702461242676,2.4645700454711914,0.9342,2.4646,-2.975387573245225e-05,-2.9954528808495695e-05,0.9391509294509888,0.6039232015609741,scored_both,scored_both
2VC9,A:NOK:1909,eligible_stereochemistry_review,0.9592517018318176,3.0159900188446045,0.9593,3.016,-4.8298168182414614e-05,-9.981155395522023e-06,0.8808793425559998,0.500806450843811,scored_both,scored_both
2VD1,B:D28:1200,eligible_stereochemistry_review,1.535370945930481,20.46514892578125,57.8708,30.0111,-56.33542905406952,-9.545951074218749,0.8799999952316284,0.029302459210157394,scored_both,scored_both
2VEU,A:IZ1:1299,eligible_stereochemistry_review,2.334782600402832,6.508571624755859,2.3348,6.5086,-1.739959716795525e-05,-2.8375244141010114e-05,0.8303179740905762,0.2961229979991913,scored_both,scored_both
2VEW,A:IZ3:1299,eligible_stereochemistry_review,,2.624721050262451,3.9415,2.6247,,2.105026245136088e-05,,0.5956607460975647,partial_or_no_metrics,scored_both
2VEY,A:IZ5:1300,eligible_stereochemistry_review,1.156276822090149,2.870189905166626,1.1563,2.8702,-2.3177909851179734e-05,-1.0094833374107992e-05,0.848024308681488,0.585049033164978,scored_both,scored_both
2VF6,A:M0N:1351,eligible_exact_graph,0.2172365039587021,,0.2172,4.2385,3.650395870208323e-05,,1.0,,scored_both,partial_or_no_metrics
2VFK,A:AMP:1293,eligible_stereochemistry_review,1.3368663787841797,2.864250898361206,1.3369,2.8643,-3.362121582028976e-05,-4.9101638794013525e-05,0.7954071164131165,0.5556438565254211,scored_both,scored_both
2VGC,C:V35:358,eligible_stereochemistry_review,0.5568127632141113,1.5230170488357544,0.5568,1.523,1.2763214111366494e-05,1.7048835754485125e-05,0.9576271176338196,0.7952830195426941,scored_both,scored_both
2VH0,A:GSI:1247,eligible_stereochemistry_review,1.939092755317688,1.4273179769515991,1.9391,1.4273,-7.244682312057549e-06,1.797695159910795e-05,0.8036750555038452,0.7408565878868103,scored_both,scored_both
2VH6,A:GSV:1245,eligible_stereochemistry_review,0.9637104272842407,0.910666286945343,0.9637,0.9107,1.042728424072159e-05,-3.3713054656936414e-05,0.8945783376693726,0.8822233080863953,scored_both,scored_both
2VIN,A:505:1247,eligible_stereochemistry_review,0.7642176151275635,,0.7642,2.2108,1.7615127563486155e-05,,0.9012141227722168,,scored_both,partial_or_no_metrics
2VIO,A:L1O:1246,eligible_stereochemistry_review,0.4772825539112091,2.2650623321533203,0.4773,2.2651,-1.7446088790895597e-05,-3.766784667957879e-05,0.9811828136444092,0.6265709400177002,scored_both,scored_both
2VIP,A:L1R:1247,eligible_stereochemistry_review,0.8025360107421875,2.5370264053344727,0.8025,2.537,3.601074218750888e-05,2.640533447273441e-05,0.8866231441497803,0.5713324546813965,scored_both,scored_both
2VIQ,A:D55:1246,eligible_stereochemistry_review,1.0425382852554321,3.8899354934692383,1.0425,3.8899,3.828525543214667e-05,3.5493469238367936e-05,0.8455555438995361,0.47994986176490784,scored_both,scored_both
2VIW,A:D56:1246,eligible_stereochemistry_review,4.225831508636475,4.236692428588867,4.2258,4.2367,3.1508636475052754e-05,-7.571411132722972e-06,0.6154494285583496,0.3966321349143982,scored_both,scored_both
2VIZ,A:VG4:1448,eligible_stereochemistry_review,0.7988013029098511,,0.7988,3.8177,1.3029098511196935e-06,,0.9178187251091003,,scored_both,partial_or_no_metrics
2VJ6,A:VG5:1447,eligible_stereochemistry_review,0.9564699530601501,2.7241506576538086,0.9565,2.7242,-3.004693984987039e-05,-4.9342346191583175e-05,0.886188268661499,0.5826848149299622,scored_both,scored_both
2VJ8,A:HA2:1616,eligible_stereochemistry_review,5.594409942626953,3.892894744873047,5.5944,3.8929,9.94262695286352e-06,-5.255126953152001e-06,0.30020371079444885,0.4757194221019745,scored_both,scored_both
2VK2,A:GZL:1298,eligible_exact_graph,0.38345521688461304,2.7656474113464355,0.3835,2.7656,-4.478311538697044e-05,4.741134643548861e-05,0.988095223903656,0.5744360685348511,scored_both,scored_both
2VK6,A:DAN:2692,eligible_stereochemistry_review,1.3824247121810913,2.439579963684082,1.3824,2.4396,2.4712181091235408e-05,-2.0036315917959513e-05,0.7950160503387451,0.5997942090034485,scored_both,scored_both
2VMD,A:MBG:501,eligible_stereochemistry_review,85.4944076538086,33.75536346435547,85.4944,33.7554,7.653808594909606e-06,-3.653564453287572e-05,0.0,0.0,scored_both,scored_both
2VQJ,A:TFG:1414,eligible_stereochemistry_review,0.7189387083053589,3.1967883110046387,0.7189,3.1968,3.870830535890324e-05,-1.16889953614141e-05,0.9581005573272705,0.48713719844818115,scored_both,scored_both
2VQM,A:HA3:1410,eligible_exact_graph,2.695101022720337,2.408398389816284,2.6951,2.4084,1.0227203368629034e-06,-1.6101837156945464e-06,0.9044871926307678,0.5646718144416809,scored_both,scored_both
2VTH,A:LZ2:1300,eligible_stereochemistry_review,0.45476338267326355,2.674039840698242,0.4548,2.674,-3.6617326736432254e-05,3.9840698242255e-05,0.9692874550819397,0.5535373091697693,scored_both,scored_both
2VTI,A:LZ3:1299,eligible_stereochemistry_review,0.873440146446228,7.03239107131958,0.8734,7.0324,4.0146446228073174e-05,-8.928680419906243e-06,0.9056316614151001,0.2542457580566406,scored_both,scored_both
2VTL,A:LZ5:1299,eligible_exact_graph,0.28025341033935547,1.607457160949707,0.2803,1.6075,-4.6589660644524855e-05,-4.2839050292897696e-05,0.9965517520904541,0.797520637512207,scored_both,scored_both
2VTN,A:LZ7:1299,eligible_stereochemistry_review,0.2867686152458191,4.059299468994141,0.2868,4.0593,-3.138475418090758e-05,-5.310058597274292e-07,0.9925438761711121,0.45868515968322754,scored_both,scored_both
2VTO,A:LZ8:1299,eligible_stereochemistry_review,0.5790824294090271,7.33646821975708,0.5791,7.3365,-1.757059097284852e-05,-3.178024291994319e-05,0.9547756910324097,0.25965961813926697,scored_both,scored_both
2VTP,A:LZ9:1299,eligible_stereochemistry_review,0.5511252880096436,2.808786630630493,0.5511,2.8088,2.5288009643520404e-05,-1.336936950702139e-05,0.9663394093513489,0.5958942770957947,scored_both,scored_both
2VTQ,A:LZA:1299,eligible_stereochemistry_review,0.642870306968689,1.6247133016586304,0.6429,1.6247,-2.9693031311062157e-05,1.3301658630338054e-05,0.945195198059082,0.727419376373291,scored_both,scored_both
2VTR,A:LZB:1299,eligible_exact_graph,0.1908736526966095,3.353971004486084,0.1909,3.354,-2.6347303390489296e-05,-2.8995513916107996e-05,1.0,0.5339313745498657,scored_both,scored_both
2VTS,A:LZC:1299,eligible_stereochemistry_review,0.620588481426239,6.104307174682617,0.6206,6.1043,-1.1518573761026829e-05,7.174682616906125e-06,0.9448249340057373,0.32218125462532043,scored_both,scored_both
2VTT,A:LZD:1299,eligible_stereochemistry_review,0.44468235969543457,1.225282907485962,0.4447,1.2253,-1.7640304565413878e-05,-1.7092514038141715e-05,0.9755747318267822,0.846784770488739,scored_both,scored_both
2VU3,A:LZE:1299,eligible_stereochemistry_review,0.700016975402832,1.2894096374511719,0.7,1.2894,1.697540283207566e-05,9.637451171773392e-06,0.9364598989486694,0.8183673620223999,scored_both,scored_both
2VV9,A:IM9:1300,eligible_stereochemistry_review,1.085553526878357,2.654329299926758,1.0856,2.6543,-4.64731216429648e-05,2.929992675770876e-05,0.9059571623802185,0.6050651669502258,scored_both,scored_both
2VVU,A:H22:1244,eligible_stereochemistry_review,0.9921603798866272,2.5918822288513184,0.9922,2.5919,-3.96201133727736e-05,-1.7771148681511306e-05,0.919549286365509,0.5654761791229248,scored_both,scored_both
2VVV,A:H21:1245,eligible_stereochemistry_review,1.2857444286346436,,1.2857,1.4729,4.442863464348967e-05,,0.8895055651664734,,scored_both,partial_or_no_metrics
2VW1,A:DAN:1000,eligible_stereochemistry_review,1.366430401802063,2.025115728378296,1.3664,2.0251,3.0401802062929306e-05,1.5728378295776224e-05,0.881465494632721,0.6586466431617737,scored_both,scored_both
2VWC,A:BC2:1215,eligible_exact_graph,2.146967649459839,1.7496075630187988,2.147,1.7496,-3.235054016093031e-05,7.563018798784071e-06,0.5958475470542908,0.7180790901184082,scored_both,scored_both
2VWL,A:LZH:1246,eligible_stereochemistry_review,1.6138765811920166,3.475966453552246,1.6139,3.476,-2.341880798328866e-05,-3.3546447753884934e-05,0.816494345664978,0.471250981092453,scored_both,scored_both
2VWN,A:H25:1245,eligible_stereochemistry_review,1.3675583600997925,2.020803928375244,1.3676,2.0208,-4.1639900207446345e-05,3.928375244210969e-06,0.8488151431083679,0.6919013857841492,scored_both,scored_both
2VWO,A:LZG:1245,eligible_stereochemistry_review,1.5157321691513062,1.8867805004119873,1.5157,1.8868,3.216915130610509e-05,-1.9499588012727997e-05,0.8344465494155884,0.7030423283576965,scored_both,scored_both
2VWU,A:7X1:1888,eligible_stereochemistry_review,0.6118239760398865,3.110236883163452,0.6118,3.1102,2.397603988646413e-05,3.688316345229481e-05,0.9700910449028015,0.5540338754653931,scored_both,scored_both
2VWV,A:7X3:1888,eligible_stereochemistry_review,,,0.8557,5.851,,,,,partial_or_no_metrics,partial_or_no_metrics
2VX9,A:RBF:1064,eligible_stereochemistry_review,6.5798563957214355,12.896841049194336,6.5799,12.8968,-4.360427856475724e-05,4.10491943352298e-05,0.375,0.07710978388786316,scored_both,scored_both
2VXN,A:PGH:1251,eligible_representation_review,0.273218035697937,2.4659879207611084,0.2732,2.466,1.8035697937013317e-05,-1.2079238891793409e-05,1.0,0.623913049697876,scored_both,scored_both
2W06,A:FRV:1300,eligible_exact_graph,2.0091288089752197,1.609935998916626,2.0091,1.6099,2.880897521961856e-05,3.599891662586785e-05,0.7919730544090271,0.7335329055786133,scored_both,scored_both
2W0X,A:PD2:1351,eligible_exact_graph,0.5008783340454102,3.0587353706359863,0.5009,3.0587,-2.166595458985565e-05,3.5370635986353705e-05,0.9704670310020447,0.5240778923034668,scored_both,scored_both
2W12,A:WR2:1204,eligible_exact_graph,2.097986936569214,,2.098,4.4923,-1.306343078599781e-05,,0.7989904880523682,,scored_both,partial_or_no_metrics
2W1G,A:L0G:1390,eligible_stereochemistry_review,,,1.7439,1.6605,,,,,partial_or_no_metrics,partial_or_no_metrics
2W1H,A:L0F:1299,eligible_exact_graph,0.2217576801776886,0.8078137040138245,0.2218,0.8078,-4.2319822311398525e-05,1.3704013824500372e-05,0.9981002807617188,0.9294605851173401,scored_both,scored_both
2W1I,A:L0I:2133,eligible_stereochemistry_review,,,50.9103,30.4913,,,,,partial_or_no_metrics,partial_or_no_metrics
2W26,A:RIV:1001,eligible_stereochemistry_review,0.9858806133270264,0.8641927242279053,0.9859,0.8642,-1.938667297363139e-05,-7.275772094694766e-06,0.8918322324752808,0.9034285545349121,scored_both,scored_both
2W3K,A:L1D:1245,eligible_stereochemistry_review,1.0423767566680908,2.1802337169647217,1.0424,2.1802,-2.3243331909172937e-05,3.371696472154184e-05,0.902211606502533,0.6613338589668274,scored_both,scored_both
2W4X,A:STZ:1591,eligible_stereochemistry_review,0.7288432121276855,3.1717355251312256,0.7288,3.1717,4.32121276855435e-05,3.5525131225622175e-05,0.9370155334472656,0.4841911792755127,scored_both,scored_both
2W6C,X:BM4:601,eligible_stereochemistry_review,1.8390127420425415,,1.839,2.4148,1.274204254153588e-05,,0.7045735716819763,,scored_both,partial_or_no_metrics
2W8J,A:PLS:1420,eligible_stereochemistry_review,0.47336965799331665,,0.4734,6.5049,-3.0342006683337086e-05,,0.9731183052062988,,scored_both,partial_or_no_metrics
2W8W,A:PLS:1420,eligible_stereochemistry_review,0.5856831073760986,,0.5857,5.1065,-1.689262390136559e-05,,0.9473947882652283,,scored_both,partial_or_no_metrics
2W92,A:NGT:1809,eligible_stereochemistry_review,0.825599193572998,1.8044551610946655,0.8256,1.8045,-8.064270019536579e-07,-4.483890533446555e-05,0.9126074314117432,0.7151015400886536,scored_both,scored_both
2W9H,A:TOP:1160,eligible_stereochemistry_review,0.6313567757606506,3.7793214321136475,0.6314,3.7793,-4.322423934932651e-05,2.1432113647357198e-05,0.9601727724075317,0.4306095838546753,scored_both,scored_both
2WA3,A:A29:400,eligible_stereochemistry_review,0.27683156728744507,3.238920211791992,0.2768,3.2389,3.156728744507786e-05,2.0211791992075234e-05,1.0,0.48838290572166443,scored_both,scored_both
2WCA,A:NP6:900,eligible_exact_graph,0.6554921269416809,8.125654220581055,0.6555,8.1257,-7.873058319063375e-06,-4.577941894545745e-05,0.9403553009033203,0.24842436611652374,scored_both,scored_both
2WD3,A:MS4:1261,eligible_stereochemistry_review,2.621661901473999,4.996118068695068,2.6217,4.9961,-3.809852600111796e-05,1.8068695068151897e-05,0.7083333134651184,0.40847155451774597,scored_both,scored_both
2WE3,A:DUT:1257,eligible_stereochemistry_review,1.352080225944519,,1.3521,4.39,-1.9774055481036612e-05,,0.8100719451904297,,scored_both,partial_or_no_metrics
2WEG,A:FBV:1263,eligible_stereochemistry_review,0.49369922280311584,2.1933460235595703,0.4937,2.1933,-7.771968841829846e-07,4.602355957050719e-05,0.9798507690429688,0.6091463565826416,scored_both,scored_both
2WEH,A:FB1:1263,eligible_stereochemistry_review,0.4634536802768707,1.986803412437439,0.4635,1.9868,-4.6319723129295554e-05,3.4124374390653855e-06,0.9630681872367859,0.6776807904243469,scored_both,scored_both
2WEJ,A:FB2:1263,eligible_stereochemistry_review,0.2958886921405792,2.9982893466949463,0.2959,2.9983,-1.1307859420772726e-05,-1.0653305053676121e-05,1.0,0.5885416865348816,scored_both,scored_both
2WEO,A:FBW:1263,eligible_stereochemistry_review,0.46353697776794434,2.4852001667022705,0.4635,2.4852,3.6977767944312845e-05,1.667022706541843e-07,0.971969723701477,0.5763546824455261,scored_both,scored_both
2WEQ,A:GDM:1215,eligible_stereochemistry_review,,1.966785192489624,2.1682,1.9668,,-1.4807510376080302e-05,,0.6431236863136292,partial_or_no_metrics,scored_both
2WF1,A:ZY1:2000,eligible_stereochemistry_review,0.9119060039520264,2.4426674842834473,0.9119,2.4427,6.0039520263233115e-06,-3.251571655260577e-05,0.8802904486656189,0.6252525448799133,scored_both,scored_both
2WF2,A:ZY2:2000,eligible_stereochemistry_review,1.3223903179168701,,1.3224,3.8685,-9.682083129902708e-06,,0.8172926306724548,,scored_both,partial_or_no_metrics
2WF3,A:ZY3:2000,eligible_stereochemistry_review,1.0508558750152588,3.0450997352600098,1.0509,3.0451,-4.4124984741156226e-05,-2.647399903743519e-07,0.8805418610572815,0.5252695679664612,scored_both,scored_both
2WF4,A:ZY4:2000,eligible_stereochemistry_review,0.7240052819252014,,0.724,3.3464,5.281925201439108e-06,,0.9535590410232544,,scored_both,partial_or_no_metrics
2WF5,A:BG6:1831,eligible_stereochemistry_review,0.8077404499053955,3.204662561416626,0.8077,3.2047,4.044990539553428e-05,-3.743858337390549e-05,0.9214285612106323,0.4984035789966583,scored_both,scored_both
2WGJ,A:VGH:2346,eligible_stereochemistry_review,,2.824540615081787,1.1188,2.8245,,4.061508178709872e-05,,0.5605158805847168,partial_or_no_metrics,scored_both
2WI1,A:ZZ2:1225,eligible_stereochemistry_review,1.1782573461532593,4.294835090637207,1.1783,4.2948,-4.265384674062567e-05,3.509063720663619e-05,0.860497236251831,0.42151162028312683,scored_both,scored_both
2WI4,A:ZZ4:1224,eligible_stereochemistry_review,0.8314864039421082,1.3073756694793701,0.8315,1.3074,-1.3596057891862579e-05,-2.4330520629778363e-05,0.8941571116447449,0.8198784589767456,scored_both,scored_both
2WI7,A:2KL:1224,eligible_stereochemistry_review,0.9823617935180664,2.007302761077881,0.9824,2.0073,-3.820648193364473e-05,2.7610778809972203e-06,0.8911719918251038,0.6742957830429077,scored_both,scored_both
2WIC,A:GNP:1265,eligible_stereochemistry_review,,2.5274622440338135,1.2172,2.5275,,-3.775596618638133e-05,,0.6060000061988831,partial_or_no_metrics,scored_both
2WMR,A:ZYR:1271,eligible_exact_graph,0.3631488084793091,1.1963814496994019,0.3631,1.1964,4.88084793091037e-05,-1.8550300598052516e-05,0.9801912307739258,0.877525269985199,scored_both,scored_both
2WMW,A:ZYW:1270,eligible_stereochemistry_review,0.5693385601043701,1.6817888021469116,0.5693,1.6818,3.8560104370088943e-05,-1.1197853088340537e-05,0.9747596383094788,0.7520747184753418,scored_both,scored_both
2WON,A:ZZE:1558,eligible_stereochemistry_review,0.31506451964378357,6.085250377655029,0.3151,6.0853,-3.548035621642187e-05,-4.96223449708566e-05,0.9936327338218689,0.27250802516937256,scored_both,scored_both
2WOQ,A:AYC:1333,eligible_exact_graph,0.6743268966674805,4.245217800140381,0.6743,4.2452,2.689666748045827e-05,1.780014038121891e-05,0.9373649954795837,0.4000000059604645,scored_both,scored_both
2WQP,A:WQP:1350,eligible_stereochemistry_review,0.6482678651809692,5.226237773895264,0.6483,5.2262,-3.213481903074911e-05,3.777389526327113e-05,0.9199867248535156,0.3170009255409241,scored_both,scored_both
2WR8,A:SAH:1257,eligible_stereochemistry_review,30.2812557220459,11.384531021118164,30.2813,11.3845,-4.427795410322233e-05,3.102111816488673e-05,0.0,0.09824640303850174,scored_both,scored_both
2WTC,A:VGM:1513,eligible_stereochemistry_review,0.9074450135231018,0.6310837268829346,0.9074,0.6311,4.501352310182227e-05,-1.6273117065424003e-05,0.9034369587898254,0.9354560971260071,scored_both,scored_both
2WTJ,A:WTJ:1513,eligible_stereochemistry_review,0.6314657330513,8.344897270202637,0.6315,8.3449,-3.4266948699901434e-05,-2.7297973641537965e-06,0.9293388724327087,0.26927193999290466,scored_both,scored_both
2WUF,B:KEM:1289,eligible_exact_graph,1.636057734489441,20.319395065307617,43.259,23.2915,-41.62294226551056,-2.972104934692382,0.7385550737380981,0.0032012194860726595,scored_both,scored_both
2WUU,A:NHW:1422,eligible_stereochemistry_review,,,2.432,9.6636,,,,,partial_or_no_metrics,partial_or_no_metrics
2WW2,B:SWA:900,eligible_stereochemistry_review,0.8628131747245789,18.315908432006836,0.8628,18.3159,1.3174724578846053e-05,8.432006836756045e-06,0.9096572995185852,0.0014204545877873898,scored_both,scored_both
2WXJ,A:RW3:1500,eligible_stereochemistry_review,0.977141797542572,2.1358208656311035,0.9771,2.1358,4.1797542572052926e-05,2.0865631103372806e-05,0.8672707676887512,0.6486607193946838,scored_both,scored_both
2WXK,A:RW4:1500,eligible_stereochemistry_review,0.7715543508529663,3.9228098392486572,0.7716,3.9228,-4.564914703364398e-05,9.839248657161903e-06,0.9319018125534058,0.4418850243091583,scored_both,scored_both
2WXN,A:DLN:1500,eligible_stereochemistry_review,1.5139715671539307,1.7976922988891602,1.514,1.7977,-2.8432846069348372e-05,-7.701110839919423e-06,0.8129058480262756,0.7019895911216736,scored_both,scored_both
2WYG,A:461:1245,eligible_stereochemistry_review,1.6236315965652466,2.0682497024536133,1.6236,2.0683,3.159656524664989e-05,-5.029754638652406e-05,0.8096280097961426,0.6196780800819397,scored_both,scored_both
2WYJ,A:898:1244,eligible_stereochemistry_review,0.7504656314849854,,0.7505,2.2729,-3.436851501459337e-05,,0.9353396892547607,,scored_both,partial_or_no_metrics
2WZF,A:UDP:1525,eligible_stereochemistry_review,0.7435895800590515,4.33482551574707,0.7436,4.3348,-1.0419940948525053e-05,2.551574706988191e-05,0.9292993545532227,0.38386523723602295,scored_both,scored_both
2X2K,A:X2K:2017,eligible_stereochemistry_review,0.5799292325973511,6.09753942489624,0.5799,6.0975,2.9232597351103173e-05,3.9424896240092266e-05,0.9535573124885559,0.32894736528396606,scored_both,scored_both
2X2L,A:X2L:2015,eligible_stereochemistry_review,0.9716045260429382,7.087364673614502,0.9716,7.0874,4.526042938213237e-06,-3.5326385497747026e-05,0.8914048075675964,0.29804161190986633,scored_both,scored_both
2X39,A:X39:1480,eligible_stereochemistry_review,1.3070800304412842,,1.3071,3.5085,-1.9969558715748903e-05,,0.8380408883094788,,scored_both,partial_or_no_metrics
2X4Z,A:7KC:1593,eligible_exact_graph,0.6785789728164673,1.7243643999099731,0.6786,1.7244,-2.1027183532695837e-05,-3.560009002678832e-05,0.9381281137466431,0.7296703457832336,scored_both,scored_both
2X6E,A:YM4:1389,eligible_stereochemistry_review,0.7852422595024109,2.4252068996429443,0.7852,2.4252,4.225950241087961e-05,6.8996429445356e-06,0.9431547522544861,0.6106927990913391,scored_both,scored_both
2X7T,A:WZB:1261,eligible_stereochemistry_review,,1.965528130531311,1.4731,1.9655,,2.8130531311010287e-05,,0.7264554500579834,partial_or_no_metrics,scored_both
2X81,A:ZZL:1389,eligible_stereochemistry_review,0.7504253387451172,4.597385883331299,0.7504,4.5974,2.5338745117231554e-05,-1.4116668701547042e-05,0.912216305732727,0.407681941986084,scored_both,scored_both
2X8D,A:X8D:1282,eligible_stereochemistry_review,0.27708983421325684,1.5298551321029663,0.2771,1.5299,-1.016578674317703e-05,-4.4867897033729065e-05,0.9981435537338257,0.7526150345802307,scored_both,scored_both
2X8E,A:X8E:1271,eligible_stereochemistry_review,0.3718269169330597,3.83023738861084,0.3718,3.8302,2.691693305967302e-05,3.738861083979472e-05,0.9881404042243958,0.5191780924797058,scored_both,scored_both
2X8I,A:X8I:1270,eligible_stereochemistry_review,0.621748685836792,1.552761435508728,0.6217,1.5528,4.868583679196181e-05,-3.8564491271930734e-05,0.936956524848938,0.7567771077156067,scored_both,scored_both
2X8Z,A:X8Z:1615,eligible_stereochemistry_review,0.9915939569473267,3.2911970615386963,0.9916,3.2912,-6.043052673376792e-06,-2.9384613036143037e-06,0.8662790656089783,0.49406933784484863,scored_both,scored_both
2X97,A:RX4:1615,eligible_stereochemistry_review,0.8105699419975281,,0.8106,4.5068,-3.005800247191104e-05,,0.9262632131576538,,scored_both,partial_or_no_metrics
2X9E,A:SVE:1796,eligible_stereochemistry_review,0.8178921937942505,1.9293246269226074,0.8179,1.9293,-7.806205749472106e-06,2.4626922607406954e-05,0.9448732137680054,0.8002439141273499,scored_both,scored_both
2XB7,A:GUI:1501,eligible_exact_graph,0.7610906958580017,2.6844305992126465,0.7611,2.6844,-9.304141998289772e-06,3.0599212646365004e-05,0.973042368888855,0.6237040758132935,scored_both,scored_both
2XB8,A:XNW:1144,eligible_stereochemistry_review,1.20657479763031,3.592910051345825,1.2066,3.5929,-2.5202369689836246e-05,1.0051345824990676e-05,0.8271918892860413,0.5362200140953064,scored_both,scored_both
2XBJ,A:XBJ:1513,eligible_stereochemistry_review,1.649750828742981,2.0106003284454346,1.6498,2.0106,-4.917125701897618e-05,3.284454344054666e-07,0.8285123705863953,0.7095854878425598,scored_both,scored_both
2XBX,A:RR8:1245,eligible_stereochemistry_review,0.8264240622520447,1.4109500646591187,0.8264,1.411,2.4062252044654286e-05,-4.993534088137963e-05,0.9172727465629578,0.822510838508606,scored_both,scored_both
2XC0,A:8NC:1246,eligible_stereochemistry_review,0.4990009665489197,2.7029902935028076,0.499,2.703,9.665489196786226e-07,-9.706497192230046e-06,0.9647519588470459,0.5917119383811951,scored_both,scored_both
2XC4,A:IVK:1246,eligible_stereochemistry_review,0.5383167862892151,1.7752903699874878,0.5383,1.7753,1.678628921508718e-05,-9.630012512307218e-06,0.9712148904800415,0.7110055685043335,scored_both,scored_both
2XCH,A:CKG:1360,eligible_stereochemistry_review,1.0719685554504395,6.527718544006348,1.072,6.5277,-3.1444549560610824e-05,1.8544006347376296e-05,0.8382740616798401,0.28844383358955383,scored_both,scored_both
2XCS,F:RXV:1021,eligible_stereochemistry_review,11.346386909484863,7.661812782287598,11.3464,8.1243,-1.3090515135871783e-05,-0.4624872177124022,0.02963194064795971,0.15003006160259247,scored_both,scored_both
2XD6,A:XD6:1215,eligible_exact_graph,1.5655895471572876,0.8135178089141846,1.5656,0.8135,-1.0452842712505017e-05,1.7808914184569424e-05,0.7287999987602234,0.9130824208259583,scored_both,scored_both
2XDA,A:JPS:1151,eligible_stereochemistry_review,1.1042996644973755,3.769136428833008,1.1043,3.7691,-3.3550262457104907e-07,3.642883300791766e-05,0.8727830648422241,0.5421753525733948,scored_both,scored_both
2XDK,A:XDK:1226,eligible_stereochemistry_review,0.5772563219070435,3.010634660720825,0.5773,3.0106,-4.367809295657832e-05,3.4660720825030467e-05,0.9480712413787842,0.5561855435371399,scored_both,scored_both
2XDL,A:2DL:1225,eligible_stereochemistry_review,0.7417988181114197,2.600755453109741,0.7418,2.6008,-1.181888580337187e-06,-4.454689025878977e-05,0.921842634677887,0.5706075429916382,scored_both,scored_both
2XEJ,A:OKD:1768,eligible_stereochemistry_review,3.317941188812256,,3.3179,6.1758,4.118881225601001e-05,,0.806921660900116,,scored_both,partial_or_no_metrics
2XEL,A:IA2:999,eligible_stereochemistry_review,0.7885708808898926,19.135623931884766,0.7886,19.1356,-2.9119110107389545e-05,2.3931884765460154e-05,0.9276315569877625,0.0,scored_both,scored_both
2XEZ,A:XEZ:1271,eligible_stereochemistry_review,0.5884467959403992,5.489048480987549,0.5884,5.489,4.6795940399135816e-05,4.848098754894892e-05,0.9358407258987427,0.39687055349349976,scored_both,scored_both
2XF0,A:4UB:1271,eligible_stereochemistry_review,0.4047810137271881,4.574914455413818,0.4048,4.5749,-1.898627281188281e-05,1.4455413817948681e-05,0.9664328694343567,0.3564167618751526,scored_both,scored_both
2XFI,A:XFI:1448,eligible_stereochemistry_review,0.8588094115257263,4.047329425811768,0.8588,4.0473,9.411525726310543e-06,2.9425811767680443e-05,0.8882259130477905,0.4319736957550049,scored_both,scored_both
2XFJ,A:VG5:500,eligible_stereochemistry_review,0.7923186421394348,,0.7923,2.7595,1.864213943481019e-05,,0.9060062170028687,,scored_both,partial_or_no_metrics
2XG5,A:EC2:1219,eligible_stereochemistry_review,11.441743850708008,8.025322914123535,11.4417,8.0253,4.3850708006942796e-05,2.2914123535500153e-05,0.12531250715255737,0.17459736764431,scored_both,scored_both
2XGO,A:ZKD:1569,eligible_exact_graph,2.001551628112793,7.257692813873291,2.0016,7.2577,-4.8371887206855035e-05,-7.186126708802476e-06,0.7904320955276489,0.17995594441890717,scored_both,scored_both
2XH5,A:X37:1480,eligible_stereochemistry_review,,,1.4353,3.1962,,,,,partial_or_no_metrics,partial_or_no_metrics
2XHM,A:K26:1615,eligible_stereochemistry_review,0.9547219276428223,,0.9547,7.0519,2.1927642822272553e-05,,0.8837988972663879,,scored_both,partial_or_no_metrics
2XHR,A:C0P:1001,eligible_stereochemistry_review,1.2259129285812378,2.494985580444336,1.2259,2.495,1.2928581237803272e-05,-1.4419555664169081e-05,0.8439626097679138,0.6050724387168884,scored_both,scored_both
2XHT,A:C0Y:1224,eligible_stereochemistry_review,0.5789980888366699,2.687589168548584,0.579,2.6876,-1.911163330037269e-06,-1.0831451416226656e-05,0.9407767057418823,0.6374788284301758,scored_both,scored_both
2XHX,A:T5M:1224,eligible_stereochemistry_review,,,1.2289,3.0987,,,,,partial_or_no_metrics,partial_or_no_metrics
2XIX,A:XIX:1307,eligible_stereochemistry_review,3.784714698791504,4.243214130401611,3.7847,4.2432,1.4698791503953146e-05,1.4130401611467391e-05,0.4618181884288788,0.3840000033378601,scored_both,scored_both
2XIZ,A:XIZ:1307,eligible_exact_graph,0.3311328887939453,2.1388518810272217,0.3311,2.1389,3.288879394530708e-05,-4.811897277834376e-05,0.9975247383117676,0.7021126747131348,scored_both,scored_both
2XJ1,A:XJ1:1307,eligible_exact_graph,0.9842347502708435,4.970248222351074,0.9842,4.9702,3.47502708435421e-05,4.822235107404538e-05,0.8683643937110901,0.4115423262119293,scored_both,scored_both
2XJ2,A:985:1001,eligible_stereochemistry_review,1.8626456260681152,2.19555926322937,1.8626,2.1956,4.562606811520098e-05,-4.073677063010095e-05,0.7807080745697021,0.6667762994766235,scored_both,scored_both
2XJG,A:XJG:1224,eligible_stereochemistry_review,0.6216773986816406,2.682051420211792,0.6217,2.6821,-2.2601318359405376e-05,-4.857978820815845e-05,0.9251618385314941,0.5900423526763916,scored_both,scored_both
2XK3,A:XK3:1280,eligible_exact_graph,0.9291824102401733,1.2401719093322754,0.9292,1.2402,-1.758975982668609e-05,-2.8090667724578466e-05,0.8705287575721741,0.8357142806053162,scored_both,scored_both
2XK4,A:OL2:1280,eligible_stereochemistry_review,0.7219208478927612,1.0786614418029785,0.7219,1.0787,2.0847892761244324e-05,-3.855819702147656e-05,0.9417197704315186,0.8426269888877869,scored_both,scored_both
2XK7,A:30E:1280,eligible_stereochemistry_review,0.9627772569656372,0.6310725808143616,0.9628,0.6311,-2.2743034362782133e-05,-2.741918563842205e-05,0.9175295829772949,0.9766104221343994,scored_both,scored_both
2XK8,A:5R1:1280,eligible_stereochemistry_review,0.8031695485115051,2.148409843444824,0.8032,2.1484,-3.0451488494898094e-05,9.843444824131353e-06,0.9148010015487671,0.6607505083084106,scored_both,scored_both
2XKC,A:4VQ:1280,eligible_exact_graph,0.6608089804649353,1.2847946882247925,0.6608,1.2848,8.980464935248733e-06,-5.311775207461622e-06,0.9649999737739563,0.8294993042945862,scored_both,scored_both
2XN3,A:ID8:1356,eligible_stereochemistry_review,0.9567427635192871,6.326737403869629,0.9567,6.3267,4.2763519287114526e-05,3.740386962913789e-05,0.8702290058135986,0.19140969216823578,scored_both,scored_both
2XNB,A:Y8L:1299,eligible_stereochemistry_review,0.7303668856620789,1.6033308506011963,0.7304,1.6033,-3.311433792119178e-05,3.085060119634164e-05,0.921595573425293,0.7324262857437134,scored_both,scored_both
2XNE,A:ASH:1389,eligible_stereochemistry_review,0.9257107377052307,1.720518708229065,0.9257,1.7205,1.0737705230745576e-05,1.870822906502312e-05,0.9667721390724182,0.6829268336296082,scored_both,scored_both
2XNI,A:TR8:1181,eligible_stereochemistry_review,1.5724456310272217,,1.5724,22.64,4.563102722165979e-05,,0.7545180916786194,,scored_both,partial_or_no_metrics
2XNM,A:WGZ:1280,eligible_stereochemistry_review,1.8426883220672607,,1.8427,2.0676,-1.1677932739262431e-05,,0.7822234034538269,,scored_both,partial_or_no_metrics
2XNO,A:ED8:1280,eligible_stereochemistry_review,0.8678988218307495,,0.8679,2.1996,-1.1781692504930774e-06,,0.9313077926635742,,scored_both,partial_or_no_metrics
2XNP,A:WCX:1280,eligible_stereochemistry_review,0.7579637169837952,,0.758,1.6528,-3.628301620484109e-05,,0.9245714545249939,,scored_both,partial_or_no_metrics
2XOW,A:ISM:401,eligible_stereochemistry_review,0.5993562340736389,3.977940082550049,0.5994,3.9779,-4.376592636112786e-05,4.008255004883665e-05,0.9501915574073792,0.4005201458930969,scored_both,scored_both
2XP2,A:VGH:9000,eligible_stereochemistry_review,1.3171335458755493,2.061962842941284,1.3171,2.062,3.3545875549378934e-05,-3.7157058715653335e-05,0.8218978047370911,0.6609396934509277,scored_both,scored_both
2XP3,A:B21:1165,eligible_stereochemistry_review,0.33681806921958923,3.2010245323181152,0.3368,3.201,1.8069219589245122e-05,2.4532318115166873e-05,0.9950494766235352,0.5240480899810791,scored_both,scored_both
2XP4,A:G14:1165,eligible_stereochemistry_review,0.7841212153434753,1.8971211910247803,0.7841,1.8971,2.1215343475322612e-05,2.119102478026491e-05,0.9007537961006165,0.6666666865348816,scored_both,scored_both
2XP5,A:4FF:1165,eligible_exact_graph,0.22138652205467224,2.1891539096832275,0.2214,2.1892,-1.3477945327772245e-05,-4.6090316772495754e-05,0.999315083026886,0.6341584324836731,scored_both,scored_both
2XP6,A:4G2:1165,eligible_stereochemistry_review,0.3908315896987915,1.1138423681259155,0.3908,1.1138,3.158969879152318e-05,4.236812591562611e-05,0.982375979423523,0.8544226288795471,scored_both,scored_both
2XP8,A:4FY:1165,eligible_exact_graph,0.5756966471672058,2.9874165058135986,0.5757,2.9874,-3.3528327941789726e-06,1.650581359857739e-05,0.9502164721488953,0.5304762125015259,scored_both,scored_both
2XPA,A:4G5:1165,eligible_stereochemistry_review,0.5126603245735168,2.2847037315368652,0.5127,2.2847,-3.9675426483198883e-05,3.731536865281271e-06,0.9675052165985107,0.6343856453895569,scored_both,scored_both
2XPB,A:4GE:1165,eligible_exact_graph,0.3600785732269287,6.441386699676514,0.3601,6.4414,-2.1426773071264726e-05,-1.3300323486120647e-05,0.9937388300895691,0.32025760412216187,scored_both,scored_both
2XPC,A:051:500,eligible_stereochemistry_review,1.5173474550247192,,1.5173,4.0845,4.74550247191452e-05,,0.7871951460838318,,scored_both,partial_or_no_metrics
2XSB,A:GDL:1436,eligible_stereochemistry_review,0.8875164985656738,3.4098711013793945,0.8875,3.4099,1.6498565673872534e-05,-2.8898620605399827e-05,0.9150110483169556,0.4485688805580139,scored_both,scored_both
2XTN,A:GTP:1231,eligible_stereochemistry_review,1.7446948289871216,3.930671453475952,1.7447,3.9307,-5.171012878335546e-06,-2.8546524047712296e-05,0.7897561192512512,0.4244094491004944,scored_both,scored_both
2XU3,A:XU3:1221,eligible_exact_graph,,,1.1867,1.4693,,,,,partial_or_no_metrics,partial_or_no_metrics
2XU4,A:DJT:1221,eligible_stereochemistry_review,,,0.8732,5.7281,,,,,partial_or_no_metrics,partial_or_no_metrics
2XU5,A:XU5:1221,eligible_stereochemistry_review,0.9146422147750854,,0.9146,2.5934,4.221477508548066e-05,,0.8911339044570923,,scored_both,partial_or_no_metrics
2XUZ,A:EB4:1300,eligible_stereochemistry_review,,5.68159818649292,1.2439,5.6816,,-1.8135070805058717e-06,,0.27618521451950073,partial_or_no_metrics,scored_both
2XV1,A:ECA:1301,eligible_stereochemistry_review,0.6205700635910034,6.708741188049316,0.6206,6.7087,-2.9936408996622532e-05,4.118804931607656e-05,0.9265850782394409,0.21411554515361786,scored_both,scored_both
2XWE,A:AMF:607,eligible_exact_graph,1.2531055212020874,8.79581356048584,1.2531,12.2687,5.52120208729967e-06,-3.472886439514161,0.8090766668319702,0.06954436749219894,scored_both,scored_both
2XX4,A:13I:1215,eligible_stereochemistry_review,1.4319735765457153,1.1764013767242432,1.432,1.1764,-2.6423454284607573e-05,1.3767242432738414e-06,0.7928870320320129,0.8562215566635132,scored_both,scored_both
2XYU,A:Q9G:1898,eligible_stereochemistry_review,0.7450493574142456,3.8867855072021484,0.745,3.8868,4.935741424560991e-05,-1.4492797851595185e-05,0.931775689125061,0.4891146719455719,scored_both,scored_both
2Y2J,A:ZA4:1000,eligible_exact_graph,1.8331708908081055,4.964582443237305,1.8332,4.9646,-2.910919189447192e-05,-1.7556762695214445e-05,0.798113226890564,0.36517614126205444,scored_both,scored_both
2Y2K,A:ZA5:1000,eligible_exact_graph,0.3891879618167877,4.702014446258545,0.3892,4.702,-1.2038183212270681e-05,1.4446258544964508e-05,0.9958419799804688,0.37449392676353455,scored_both,scored_both
2Y2P,A:Z10:1000,eligible_stereochemistry_review,0.7597400546073914,4.053110599517822,0.7597,4.0531,4.00546073913155e-05,1.0599517822562632e-05,0.9218472242355347,0.3708609342575073,scored_both,scored_both
2Y5F,A:XWG:1244,eligible_stereochemistry_review,,,2.0595,3.8546,,,,,partial_or_no_metrics,partial_or_no_metrics
2Y5G,A:FJD:1244,eligible_stereochemistry_review,,,1.1532,3.4018,,,,,partial_or_no_metrics,partial_or_no_metrics
2Y5H,A:Y5H:1244,eligible_stereochemistry_review,,,1.2885,2.9697,,,,,partial_or_no_metrics,partial_or_no_metrics
2Y6D,A:TQJ:1271,eligible_stereochemistry_review,1.9113168716430664,,1.9113,4.133,1.6871643066407316e-05,,0.7211538553237915,,scored_both,partial_or_no_metrics
2Y6O,A:1N1:1892,eligible_stereochemistry_review,1.810255527496338,2.2663443088531494,1.8103,2.2663,-4.4472503662129625e-05,4.430885314921085e-05,0.7589605450630188,0.591928243637085,scored_both,scored_both
2Y76,A:CB7:1144,eligible_stereochemistry_review,1.573251485824585,,1.5733,6.1773,-4.851417541495984e-05,,0.8346100449562073,,scored_both,partial_or_no_metrics
2Y7X,A:MZA:1246,eligible_stereochemistry_review,1.710599660873413,1.6357004642486572,1.7106,1.6357,-3.391265868124549e-07,4.642486572947746e-07,0.7910194396972656,0.6884199976921082,scored_both,scored_both
2Y7Z,A:C0Z:1245,eligible_stereochemistry_review,0.6549668908119202,2.6955556869506836,0.655,2.6956,-3.310918807986063e-05,-4.431304931662439e-05,0.9380208253860474,0.6048232913017273,scored_both,scored_both
2Y80,A:439:1245,eligible_stereochemistry_review,1.370073914527893,2.855541467666626,1.3701,2.8555,-2.6085472107029162e-05,4.146766662582735e-05,0.8102766871452332,0.6064453125,scored_both,scored_both
2Y82,A:930:1245,eligible_stereochemistry_review,0.8490197062492371,1.8602147102355957,0.849,1.8602,1.970624923708364e-05,1.4710235595627452e-05,0.906408965587616,0.6825471520423889,scored_both,scored_both
2Y8I,X:ADP:1001,eligible_stereochemistry_review,14.964069366455078,6.799881458282471,14.9641,6.7999,-3.063354492205406e-05,-1.8541717529352297e-05,0.16927480697631836,0.2527492642402649,scored_both,scored_both
2Y8Q,E:ADP:1327,eligible_stereochemistry_review,15.589896202087402,10.315497398376465,15.5899,10.3155,-3.7979125977471995e-06,-2.601623535269937e-06,0.05534825846552849,0.08844911307096481,scored_both,scored_both
2YAC,A:937:501,eligible_exact_graph,0.7791257500648499,1.7743141651153564,0.7791,1.7743,2.5750064849838772e-05,1.4165115356457036e-05,0.9339080452919006,0.7350917458534241,scored_both,scored_both
2YAY,A:DUP:1265,eligible_stereochemistry_review,1.8742071390151978,,1.8742,9.7833,7.139015197665799e-06,,0.7678571343421936,,scored_both,partial_or_no_metrics
2YB9,A:HA0:1751,eligible_stereochemistry_review,0.7801902294158936,5.015291213989258,0.7802,5.0153,-9.770584106449931e-06,-8.78601074205676e-06,0.9170792102813721,0.3679645359516144,scored_both,scored_both
2YC0,A:2HG:601,eligible_stereochemistry_review,0.3514878749847412,2.523563861846924,0.3515,2.5236,-1.212501525876819e-05,-3.6138153076237245e-05,0.9917218685150146,0.6239554286003113,scored_both,scored_both
2YC3,A:MW5:1301,eligible_exact_graph,0.36476320028305054,8.25999927520752,0.3648,8.26,-3.6799716949476036e-05,-7.247924802555872e-07,0.9934006333351135,0.13805346190929413,scored_both,scored_both
2YC5,A:6BC:1300,eligible_stereochemistry_review,0.8844876289367676,5.8417253494262695,0.8845,5.8417,-1.2371063232374802e-05,2.5349426269194453e-05,0.8827404379844666,0.30624380707740784,scored_both,scored_both
2YCH,A:ATP:502,eligible_stereochemistry_review,0.7843817472457886,3.987685203552246,0.7844,3.9877,-1.8252754211411926e-05,-1.4796447753706587e-05,0.9039818644523621,0.422237366437912,scored_both,scored_both
2YDI,A:YDI:1282,eligible_stereochemistry_review,0.5007510185241699,,0.5008,4.4903,-4.898147583010104e-05,,0.9889847040176392,,scored_both,partial_or_no_metrics
2YDK,A:YDK:1277,eligible_stereochemistry_review,0.4877494275569916,1.089254379272461,0.4877,1.0893,4.9427556991554766e-05,-4.5620727538997485e-05,0.9827044010162354,0.867521345615387,scored_both,scored_both
2YDM,A:SLC:705,eligible_stereochemistry_review,0.925652265548706,2.5356032848358154,0.9257,2.5356,-4.773445129391263e-05,3.2848358153536594e-06,0.8853427767753601,0.5838264226913452,scored_both,scored_both
2YDO,A:ADN:400,eligible_stereochemistry_review,2.0914344787597656,3.4299492835998535,2.0914,3.4299,3.447875976547721e-05,4.9283599853566784e-05,0.698113203048706,0.45757997035980225,scored_both,scored_both
2YDV,A:NEC:400,eligible_stereochemistry_review,1.1834708452224731,2.53471302986145,1.1835,2.5347,-2.9154777526851916e-05,1.3029861450242208e-05,0.8425644636154175,0.5676884055137634,scored_both,scored_both
2YER,A:TQ1:1270,eligible_stereochemistry_review,0.30410870909690857,4.859171390533447,0.3041,4.8592,8.709096908587899e-06,-2.8609466553142227e-05,0.9991438388824463,0.43742790818214417,scored_both,scored_both
2YEX,A:YEX:1278,eligible_stereochemistry_review,0.5334409475326538,1.1103264093399048,0.5334,1.1103,4.094753265382334e-05,2.6409339904720497e-05,0.9546247720718384,0.8502475023269653,scored_both,scored_both
2YFX,A:VGH:9000,eligible_stereochemistry_review,1.3820720911026,1.7017619609832764,1.3821,1.7018,-2.790889740000857e-05,-3.803901672361221e-05,0.8414368629455566,0.7379153966903687,scored_both,scored_both
2YGA,A:GDM:1215,eligible_exact_graph,,,2.2969,2.2658,,,,,partial_or_no_metrics,partial_or_no_metrics
2YGE,A:GDM:1215,eligible_exact_graph,,,1.8682,2.0681,,,,,partial_or_no_metrics,partial_or_no_metrics
2YGF,A:GDM:1215,eligible_exact_graph,,,2.4514,4.2095,,,,,partial_or_no_metrics,partial_or_no_metrics
2YHD,A:AV6:1921,eligible_exact_graph,19.150808334350586,18.29738426208496,19.1508,18.2974,8.334350585670336e-06,-1.5737915038727124e-05,0.0016685206210240722,0.0002837684587575495,scored_both,scored_both
2YHW,A:BM3:1718,eligible_stereochemistry_review,1.2150850296020508,4.913175582885742,1.2151,4.9132,-1.4970397949287673e-05,-2.441711425760218e-05,0.8531818389892578,0.33703702688217163,scored_both,scored_both
2YHY,A:BM3:1000,eligible_stereochemistry_review,1.0562719106674194,5.380426406860352,1.0563,5.3804,-2.8089332580583104e-05,2.6406860351713135e-05,0.8782528042793274,0.31439852714538574,scored_both,scored_both
2YI5,A:YI5:1226,eligible_stereochemistry_review,0.8936868906021118,1.3103822469711304,0.8937,1.3104,-1.310939788823351e-05,-1.7753028869638143e-05,0.9295709133148193,0.8363338708877563,scored_both,scored_both
2YIQ,A:YIQ:600,eligible_stereochemistry_review,0.7410554885864258,3.713531255722046,0.7411,3.7135,-4.451141357419974e-05,3.125572204609739e-05,0.9113429188728333,0.4736842215061188,scored_both,scored_both
2YIV,X:NBN:5005,eligible_exact_graph,,,17.8178,13.8001,,,,,partial_or_no_metrics,partial_or_no_metrics
2YJ9,A:YJ9:1221,eligible_stereochemistry_review,,,0.9473,1.4675,,,,,partial_or_no_metrics,partial_or_no_metrics
2YJB,A:YJ9:1221,eligible_stereochemistry_review,,,1.0887,6.2108,,,,,partial_or_no_metrics,partial_or_no_metrics
2YJC,A:424:1221,eligible_exact_graph,1.1380417346954346,,1.138,1.4725,4.173469543466979e-05,,0.8600109815597534,,scored_both,partial_or_no_metrics
2YJW,A:YJW:1224,eligible_exact_graph,0.22959303855895996,0.6762744188308716,0.2296,0.6763,-6.961441040037597e-06,-2.5581169128430226e-05,1.0,0.9447368383407593,scored_both,scored_both
2YJX,A:YJX:1224,eligible_stereochemistry_review,0.787781834602356,,0.7878,4.0222,-1.8165397643987724e-05,,0.9054232835769653,,scored_both,partial_or_no_metrics
2YK1,H:NCT:300,eligible_stereochemistry_review,1.4956603050231934,5.152917385101318,1.4957,5.1529,-3.969497680667011e-05,1.7385101318545537e-05,0.7617481350898743,0.3152332305908203,scored_both,scored_both
2YK9,A:YK9:1224,eligible_stereochemistry_review,0.7330722212791443,6.8035783767700195,0.7331,6.8036,-2.7778720855686778e-05,-2.162322998078281e-05,0.9040470123291016,0.2809959352016449,scored_both,scored_both
2YKB,A:YKB:1224,eligible_stereochemistry_review,1.378245234489441,,1.3782,4.6628,4.523448944082631e-05,,0.7868731617927551,,scored_both,partial_or_no_metrics
2YKE,A:YKE:1224,eligible_stereochemistry_review,2.0442869663238525,2.5962955951690674,2.0443,2.5963,-1.3033676147244933e-05,-4.404830932447368e-06,0.7269357442855835,0.575576901435852,scored_both,scored_both
2YKI,A:YKI:1224,eligible_stereochemistry_review,1.7115620374679565,2.197434663772583,1.7116,2.1974,-3.7962532043467334e-05,3.466377258298792e-05,0.8200808763504028,0.6176108121871948,scored_both,scored_both
2YKJ,A:YKJ:1224,eligible_stereochemistry_review,1.3362689018249512,5.42959451675415,1.3363,5.4296,-3.109817504887147e-05,-5.4832458493692116e-06,0.7917827367782593,0.31314167380332947,scored_both,scored_both
2YLO,A:YLO:1922,eligible_stereochemistry_review,1.2366491556167603,14.232280731201172,1.2366,14.2323,4.915561676033242e-05,-1.9268798828520062e-05,0.8748142719268799,0.01884288713335991,scored_both,scored_both
2YM4,A:4YM:1271,eligible_stereochemistry_review,0.9557141661643982,1.0131714344024658,0.9557,1.0132,1.4166164398199399e-05,-2.856559753428023e-05,0.9159544110298157,0.8520194888114929,scored_both,scored_both
2YM6,A:YM6:1271,eligible_stereochemistry_review,0.6182565093040466,2.5380170345306396,0.6183,2.538,-4.349069595332988e-05,1.703453063983673e-05,0.9461538195610046,0.5557634830474854,scored_both,scored_both
2YM8,A:YM8:1271,eligible_stereochemistry_review,0.7206926941871643,2.9264707565307617,0.7207,2.9265,-7.3058128357006424e-06,-2.9243469238160458e-05,0.9273415803909302,0.5772988796234131,scored_both,scored_both
2YOL,A:EBN:2170,eligible_stereochemistry_review,6.952493190765381,,6.9525,7.0412,-6.809234618820881e-06,,0.3080786168575287,,scored_both,partial_or_no_metrics
2Z1W,A:BDI:600,eligible_stereochemistry_review,0.3368059992790222,2.344921350479126,0.3368,2.3449,5.999279022228521e-06,2.1350479125992194e-05,0.9954648613929749,0.5907039642333984,scored_both,scored_both
2Z3Z,A:AIO:801,eligible_stereochemistry_review,1.5492795705795288,3.546962022781372,1.5493,3.547,-2.0429420471090864e-05,-3.7977218628082454e-05,0.7834821343421936,0.4577777683734894,scored_both,scored_both
2Z60,A:P3Y:1,eligible_stereochemistry_review,0.9075257182121277,1.087882399559021,0.9075,1.0879,2.5718212127712192e-05,-1.760044097909308e-05,0.9198520183563232,0.8431315422058105,scored_both,scored_both
2Z92,A:ENE:1,eligible_exact_graph,1.2611576318740845,3.0669631958007812,1.2612,3.067,-4.236812591562611e-05,-3.680419921892053e-05,0.8602856993675232,0.5042694211006165,scored_both,scored_both
2Z94,A:TLD:902,eligible_exact_graph,0.16553723812103271,1.3282217979431152,0.1655,1.3282,3.723812103270663e-05,2.1797943115187124e-05,1.0,0.7772727012634277,scored_both,scored_both
2Z9G,A:BNZ:602,eligible_exact_graph,0.46783021092414856,2.608577251434326,0.4678,2.6086,3.0210924148565965e-05,-2.2748565673857968e-05,0.989130437374115,0.5981734991073608,scored_both,scored_both
2ZAS,A:1OH:460,eligible_stereochemistry_review,0.49884748458862305,2.3911807537078857,0.4988,2.3912,4.7484588623025736e-05,-1.9246292114249997e-05,0.9693675637245178,0.6100460290908813,scored_both,scored_both
2ZAZ,A:GK1:362,eligible_stereochemistry_review,1.9093424081802368,3.6305091381073,1.9093,3.6305,4.240818023681925e-05,9.138107299744291e-06,0.9030701518058777,0.4027423560619354,scored_both,scored_both
2ZC9,H:22U:1501,eligible_stereochemistry_review,7.78633975982666,1.5046457052230835,7.7863,1.5046,3.975982666037936e-05,4.570522308355862e-05,0.19620980322360992,0.7784730792045593,scored_both,scored_both
2ZCQ,A:B65:451,eligible_stereochemistry_review,0.9888391494750977,5.806286334991455,0.9888,5.8063,3.914947509764399e-05,-1.3665008545160617e-05,0.8784194588661194,0.27179357409477234,scored_both,scored_both
2ZDT,A:46C:901,eligible_stereochemistry_review,0.49013572931289673,7.182591438293457,0.4901,7.1826,3.572931289674841e-05,-8.561706542842273e-06,0.9713438749313354,0.2688027620315552,scored_both,scored_both
2ZFP,H:19U:801,eligible_stereochemistry_review,3.0422353744506836,,3.0422,2.1698,3.537445068380052e-05,,0.7023141384124756,,scored_both,partial_or_no_metrics
2ZG1,A:SIA:241,eligible_stereochemistry_review,1.1030032634735107,5.471066951751709,1.103,5.4711,3.2634735107617274e-06,-3.304824829086783e-05,0.8464095592498779,0.338016539812088,scored_both,scored_both
2ZG3,B:SIA:3,eligible_stereochemistry_review,,,1.2467,5.1533,,,,,partial_or_no_metrics,partial_or_no_metrics
2ZGA,A:YDP:2501,eligible_stereochemistry_review,4.308579921722412,5.540656566619873,4.3086,5.5407,-2.0078277588098103e-05,-4.34333801271336e-05,0.650696873664856,0.2968009412288666,scored_both,scored_both
2ZJW,A:REF:336,eligible_stereochemistry_review,4.486294746398926,9.864517211914062,4.4863,9.8645,-5.253601074173275e-06,1.7211914062897904e-05,0.3841632008552551,0.08353293687105179,scored_both,scored_both
2ZMJ,A:MI4:1,eligible_exact_graph,0.5605135560035706,4.236734390258789,0.5605,4.2367,1.3556003570558417e-05,3.439025878915203e-05,0.9567757248878479,0.40433526039123535,scored_both,scored_both
2ZMM,A:35B:307,eligible_stereochemistry_review,0.8213062286376953,2.372068166732788,0.8213,2.3721,6.2286376952824796e-06,-3.183326721201141e-05,0.9131016135215759,0.5852908492088318,scored_both,scored_both
2ZN7,A:410:300,eligible_stereochemistry_review,1.487306833267212,1.580407738685608,1.4873,1.5804,6.833267211847627e-06,7.738685607883156e-06,0.899935245513916,0.7737247943878174,scored_both,scored_both
2ZNS,A:GLU:301,eligible_stereochemistry_review,0.7738057971000671,4.977814674377441,0.7738,4.9778,5.797100067095329e-06,1.4674377441181718e-05,0.9099525809288025,0.3481717109680176,scored_both,scored_both
2ZNT,A:DYH:1,eligible_stereochemistry_review,0.6642730236053467,,0.6643,4.9329,-2.697639465332191e-05,,0.9464524984359741,,scored_both,partial_or_no_metrics
2ZU3,A:ZU3:501,eligible_stereochemistry_review,,,2.0366,3.1744,,,,,partial_or_no_metrics,partial_or_no_metrics
2ZU4,A:ZU3:501,eligible_stereochemistry_review,4.714372158050537,,4.7144,3.9262,-2.7841949463258686e-05,,0.6699010729789734,,scored_both,partial_or_no_metrics
2ZU5,A:ZU5:2001,eligible_stereochemistry_review,1.0457762479782104,,1.0458,5.1184,-2.3752021789613664e-05,,0.89673912525177,,scored_both,partial_or_no_metrics
2ZVA,A:1N1:513,eligible_stereochemistry_review,,2.367893695831299,0.8588,2.3679,,-6.3041687012876935e-06,,0.616725742816925,partial_or_no_metrics,scored_both
2ZVJ,A:KOM:302,eligible_exact_graph,0.4586058259010315,4.3067731857299805,0.4586,4.3068,5.825901031486502e-06,-2.681427001949288e-05,0.9952493906021118,0.40257880091667175,scored_both,scored_both
2ZXG,A:S23:901,eligible_stereochemistry_review,1.1087359189987183,,1.1087,5.3426,3.591899871824289e-05,,0.8558052182197571,,scored_both,partial_or_no_metrics
2ZY1,A:830:808,eligible_stereochemistry_review,0.7666568160057068,4.396694660186768,0.7667,4.3967,-4.318399429326103e-05,-5.339813232474455e-06,0.9104938507080078,0.39095187187194824,scored_both,scored_both
3A1T,A:GDP:1,eligible_stereochemistry_review,0.808358907699585,5.551314353942871,0.8084,5.5513,-4.109230041504652e-05,1.4353942870748426e-05,0.9648829698562622,0.3190261125564575,scored_both,scored_both
3A2O,B:KNJ:999,eligible_stereochemistry_review,,,0.9201,3.1317,,,,,partial_or_no_metrics,partial_or_no_metrics
3A3Y,A:OBN:6000,eligible_stereochemistry_review,1.711315393447876,4.960570812225342,1.7113,4.9606,1.539344787593322e-05,-2.9187774658545607e-05,0.6775956153869629,0.2269613891839981,scored_both,scored_both
3A4P,A:DFQ:1362,eligible_stereochemistry_review,0.8056564331054688,3.308159112930298,0.8057,3.3082,-4.3566894531221756e-05,-4.088706970195588e-05,0.9162198305130005,0.4839096963405609,scored_both,scored_both
3A6T,A:8OG:134,eligible_exact_graph,0.6638495326042175,3.5503149032592773,0.6638,3.5503,4.9532604217583653e-05,1.4903259277332381e-05,0.9636363387107849,0.4794303774833679,scored_both,scored_both
3A9I,A:LYS:378,eligible_exact_graph,6.910067558288574,6.377234935760498,6.9101,6.3772,-3.24417114256903e-05,3.493576049784508e-05,0.26216214895248413,0.2000868022441864,scored_both,scored_both
3ABT,A:2PF:1,eligible_stereochemistry_review,1.3684784173965454,,1.3685,7.1176,-2.1582603454639582e-05,,0.8128370046615601,,scored_both,partial_or_no_metrics
3ABU,A:12F:1,eligible_representation_review,,,2.6656,3.6536,,,,,partial_or_no_metrics,partial_or_no_metrics
3AID,A:ARQ:401,eligible_stereochemistry_review,,,1.7307,6.433,,,,,partial_or_no_metrics,partial_or_no_metrics
3AIG,A:0ZC:1000,eligible_stereochemistry_review,,5.314090728759766,1.5302,5.3141,,-9.271240234198785e-06,,0.32637232542037964,partial_or_no_metrics,scored_both
3AJE,A:THR:353,eligible_exact_graph,0.835416853427887,2.1602184772491455,0.8354,2.1602,1.685342788693145e-05,1.847724914538773e-05,0.9178370833396912,0.6123529672622681,scored_both,scored_both
3AMB,A:VX6:351,eligible_stereochemistry_review,1.6571910381317139,2.710620880126953,1.6572,2.7106,-8.961868286139207e-06,2.0880126953226608e-05,0.8194282650947571,0.6041220426559448,scored_both,scored_both
3AMV,A:BIN:930,eligible_exact_graph,0.912555992603302,13.967280387878418,0.9126,13.9673,-4.400739669796483e-05,-1.9612121581857878e-05,0.9043321013450623,0.03505586460232735,scored_both,scored_both
3AOX,A:EMH:901,eligible_stereochemistry_review,1.573813796043396,4.861064910888672,1.5738,4.8611,1.3796043395908342e-05,-3.508911132854564e-05,0.8422496318817139,0.399350643157959,scored_both,scored_both
3ARB,A:FEE:601,eligible_stereochemistry_review,1.483405590057373,,1.4834,8.1249,5.590057372995005e-06,,0.7883424758911133,,scored_both,partial_or_no_metrics
3ARD,A:3GH:307,eligible_stereochemistry_review,1.2300567626953125,,1.2301,7.7575,-4.323730468747122e-05,,0.8053769469261169,,scored_both,partial_or_no_metrics
3ARE,A:4GH:601,eligible_stereochemistry_review,1.2108107805252075,7.786567687988281,1.2108,7.7866,1.0780525207421121e-05,-3.2312011718715894e-05,0.8094892501831055,0.22639484703540802,scored_both,scored_both
3ARF,A:DB3:650,eligible_exact_graph,11.442112922668457,,11.4421,6.6452,1.2922668457093778e-05,,0.29546502232551575,,scored_both,partial_or_no_metrics
3ARG,A:DB6:650,eligible_exact_graph,1.3252073526382446,,1.3252,7.7924,7.352638244695342e-06,,0.7940102219581604,,scored_both,partial_or_no_metrics
3AT4,A:CCK:336,eligible_stereochemistry_review,0.7588895559310913,2.6412320137023926,0.7589,2.6412,-1.0444068908710413e-05,3.201370239258594e-05,0.9560906291007996,0.60149085521698,scored_both,scored_both
3ATI,A:SZ4:6,eligible_exact_graph,0.16264444589614868,2.6664652824401855,0.1626,2.6665,4.44458961486871e-05,-3.4717559814545496e-05,1.0,0.6487341523170471,scored_both,scored_both
3ATK,A:SZ1:4,eligible_exact_graph,0.59434574842453,2.1577987670898438,0.5943,2.1578,4.574842452997885e-05,-1.2329101561903144e-06,0.9407467246055603,0.675000011920929,scored_both,scored_both
3ATM,A:TSS:5,eligible_exact_graph,0.21300727128982544,1.960052728652954,0.213,1.9601,7.27128982544456e-06,-4.72713470458519e-05,1.0,0.7088675498962402,scored_both,scored_both
3ATU,A:ADP:1452,eligible_stereochemistry_review,1.0000174045562744,2.0489094257354736,1.0,2.0489,1.7404556274414062e-05,9.425735473467256e-06,0.8510584831237793,0.668207049369812,scored_both,scored_both
3ATV,A:ADP:1452,eligible_stereochemistry_review,0.9937821626663208,2.1631038188934326,0.9938,2.1631,-1.7837333679215917e-05,3.81889343259445e-06,0.8658906817436218,0.6554680466651917,scored_both,scored_both
3AU6,A:DG3:576,eligible_stereochemistry_review,3.1529157161712646,33.769378662109375,3.1529,33.7694,1.57161712648346e-05,-2.133789062241931e-05,0.4963199198246002,0.0,scored_both,scored_both
3AY9,A:ADP:1452,eligible_stereochemistry_review,1.0070431232452393,2.5155029296875,1.007,2.5155,4.312324523936262e-05,2.9296875001527667e-06,0.8643724918365479,0.5821167826652527,scored_both,scored_both
3B1M,A:KRC:1,eligible_stereochemistry_review,3.4165241718292236,,3.4165,5.598,2.4171829223540442e-05,,0.5746394991874695,,scored_both,partial_or_no_metrics
3B1T,A:YCL:800,eligible_stereochemistry_review,2.3727993965148926,7.037118911743164,2.3728,7.0371,-6.034851072200809e-07,1.8911743164373718e-05,0.8324427604675293,0.2633433938026428,scored_both,scored_both
3B1U,A:YFF:800,eligible_stereochemistry_review,0.9682602286338806,6.77782678604126,0.9683,6.7778,-3.9771366119434326e-05,2.678604125971873e-05,0.8897415399551392,0.2669830024242401,scored_both,scored_both
3B26,A:B2L:1,eligible_stereochemistry_review,0.4411919414997101,21.891460418701172,0.4412,28.5132,-8.058500289898074e-06,-6.621739581298829,0.9702268242835999,0.0,scored_both,scored_both
3B3C,A:PLU:500,eligible_stereochemistry_review,0.5894045233726501,,0.5894,2.2468,4.52337265011149e-06,,0.949999988079071,,scored_both,partial_or_no_metrics
3B3S,A:LEU:304,eligible_exact_graph,3.015016794204712,,3.015,3.0869,1.6794204711789718e-05,,0.5196759104728699,,scored_both,partial_or_no_metrics
3B3W,A:LEU:297,eligible_stereochemistry_review,5.896162033081055,,5.8962,2.2262,-3.796691894564219e-05,,0.36007463932037354,,scored_both,partial_or_no_metrics
3B50,A:SLB:311,eligible_stereochemistry_review,,2.0914816856384277,1.2741,2.0915,,-1.831436157218036e-05,,0.628819465637207,partial_or_no_metrics,scored_both
3B65,A:3B6:1,eligible_stereochemistry_review,1.168205976486206,3.7520241737365723,1.1682,3.752,5.976486206149545e-06,2.4173736572485893e-05,0.8519052863121033,0.43564146757125854,scored_both,scored_both
3B66,A:B66:1,eligible_stereochemistry_review,,,0.6581,4.5765,,,,,partial_or_no_metrics,partial_or_no_metrics
3B67,A:B67:1,eligible_stereochemistry_review,1.08444344997406,7.4393110275268555,1.0844,7.4393,4.344997406002804e-05,1.1027526855222902e-05,0.8624260425567627,0.16101208329200745,scored_both,scored_both
3B7I,A:PLU:500,eligible_stereochemistry_review,0.8964364528656006,,0.8964,2.0269,3.645286560061134e-05,,0.9164285659790039,,scored_both,partial_or_no_metrics
3B7R,L:BIR:1001,eligible_stereochemistry_review,1.1611491441726685,7.306223392486572,1.1611,7.3062,4.914417266843607e-05,2.3392486572682003e-05,0.875582754611969,0.25195035338401794,scored_both,scored_both
3B7U,X:KEL:707,eligible_stereochemistry_review,5.780957221984863,5.728484153747559,5.781,5.7285,-4.277801513641322e-05,-1.5846252441775732e-05,0.5082237124443054,0.3059768080711365,scored_both,scored_both
3B92,A:440:501,eligible_stereochemistry_review,1.600433349609375,4.028496742248535,1.6004,4.0285,3.3349609374955236e-05,-3.2577514650355965e-06,0.7599264979362488,0.44309210777282715,scored_both,scored_both
3BC5,A:ZAA:1,eligible_stereochemistry_review,0.7867646813392639,5.152189254760742,0.7868,5.1522,-3.5318660736138874e-05,-1.0745239257481387e-05,0.9146788716316223,0.29670974612236023,scored_both,scored_both
3BCS,A:CJB:998,eligible_stereochemistry_review,0.6949477195739746,7.169898509979248,0.6949,7.1699,4.771957397464721e-05,-1.4900207521151287e-06,0.9329172968864441,0.15418586134910583,scored_both,scored_both
3BE9,A:P04:501,eligible_stereochemistry_review,0.6304413080215454,4.757387161254883,0.6304,4.7574,4.130802154544977e-05,-1.2838745116816597e-05,0.938866138458252,0.3311423361301422,scored_both,scored_both
3BET,A:CTF:264,eligible_stereochemistry_review,1.1181280612945557,1.5933263301849365,1.1181,1.5933,2.806129455557027e-05,2.63301849365849e-05,0.8966480493545532,0.7072784900665283,scored_both,scored_both
3BG8,A:G0R:612,eligible_exact_graph,0.16745325922966003,,0.1675,3.0955,-4.674077033997581e-05,,1.0,,scored_both,partial_or_no_metrics
3BGQ,A:VX2:314,eligible_stereochemistry_review,1.0383013486862183,5.259061336517334,1.0383,5.2591,1.3486862182610082e-06,-3.866348266612363e-05,0.8771056532859802,0.3642086386680603,scored_both,scored_both
3BGS,A:DIH:301,eligible_stereochemistry_review,0.6183561682701111,3.9810993671417236,0.6184,3.9811,-4.3831729888865745e-05,-6.32858276450321e-07,0.9580258131027222,0.46616020798683167,scored_both,scored_both
3BHX,A:BHX:1,eligible_exact_graph,0.5228231549263,6.118962287902832,0.5228,6.119,2.3154926300006373e-05,-3.7712097167741376e-05,0.9787065982818604,0.3280632495880127,scored_both,scored_both
3BI0,A:BIX:1,eligible_stereochemistry_review,0.7532652616500854,,0.7533,2.8837,-3.4738349914520406e-05,,0.9213768243789673,,scored_both,partial_or_no_metrics
3BIZ,A:61E:576,eligible_stereochemistry_review,0.7949009537696838,2.5770554542541504,0.7949,2.5771,9.537696837869092e-07,-4.4545745849777774e-05,0.9398379325866699,0.6206721067428589,scored_both,scored_both
3BJC,A:WAN:901,eligible_stereochemistry_review,0.3859997093677521,3.1093244552612305,0.386,3.1093,-2.9063224793457465e-07,2.4455261230293956e-05,0.9923599362373352,0.5284730792045593,scored_both,scored_both
3BKK,A:KAF:704,eligible_stereochemistry_review,1.1248258352279663,2.740290880203247,1.1248,2.7403,2.5835227966286567e-05,-9.119796752887765e-06,0.8540164828300476,0.5356861352920532,scored_both,scored_both
3BL0,A:BL0:300,eligible_exact_graph,0.2970737814903259,1.425455927848816,0.2971,1.4255,-2.6218509674047485e-05,-4.407215118407137e-05,0.9939576983451843,0.7826370596885681,scored_both,scored_both
3BLT,A:PSY:501,eligible_stereochemistry_review,0.8759246468544006,6.907454967498779,0.8759,6.9075,2.4646854400622864e-05,-4.5032501220454435e-05,0.8962963223457336,0.2748579680919647,scored_both,scored_both
3BLU,A:PVS:501,eligible_exact_graph,0.19527991116046906,4.628690719604492,0.1953,4.6287,-2.00888395309462e-05,-9.280395508071138e-06,1.0,0.41537800431251526,scored_both,scored_both
3BM8,A:PSY:501,eligible_stereochemistry_review,0.4427367150783539,5.098999977111816,0.4427,5.099,3.671507835389942e-05,-2.2888183792701966e-08,0.9796037077903748,0.3384491205215454,scored_both,scored_both
3BM9,A:BXZ:1,eligible_stereochemistry_review,0.5357303619384766,6.54801607131958,0.5357,6.548,3.0361938476608508e-05,1.6071319580035492e-05,0.9653699994087219,0.25452351570129395,scored_both,scored_both
3BMY,A:CXZ:1,eligible_stereochemistry_review,2.032468318939209,1.1452205181121826,2.0325,1.1452,-3.1681060791211024e-05,2.051811218262145e-05,0.7845080494880676,0.8838424682617188,scored_both,scored_both
3BRA,A:AEF:394,eligible_stereochemistry_review,0.33750981092453003,5.630034446716309,0.3375,5.63,9.810924530007092e-06,3.444671630870033e-05,0.996052622795105,0.34223300218582153,scored_both,scored_both
3BTI,A:BER:802,eligible_stereochemistry_review,0.558249831199646,,0.5583,11.7884,-5.016880035402238e-05,,0.9774143099784851,,scored_both,partial_or_no_metrics
3BU1,A:HSM:301,eligible_exact_graph,0.29774007201194763,2.2264466285705566,0.2977,2.2264,4.0072011947611674e-05,4.6628570556705995e-05,1.0,0.61888587474823,scored_both,scored_both
3BUF,A:AEG:394,eligible_stereochemistry_review,1.2083451747894287,3.777815341949463,1.2083,3.7778,4.517478942878128e-05,1.534194946284373e-05,0.8670886158943176,0.40657439827919006,scored_both,scored_both
3BUG,A:AEH:394,eligible_stereochemistry_review,0.5299153327941895,4.438831329345703,0.5299,4.4388,1.5332794189415466e-05,3.132934570349022e-05,0.9712643623352051,0.38115763664245605,scored_both,scored_both
3BUH,A:AED:394,eligible_stereochemistry_review,0.6374601125717163,3.7238810062408447,0.6375,3.7239,-3.9887428283647e-05,-1.8993759155261358e-05,0.9339762330055237,0.4679621756076813,scored_both,scored_both
3BVA,B:2NC:200,eligible_stereochemistry_review,1.2848811149597168,,1.2849,5.7279,-1.8885040283134202e-05,,0.8631933927536011,,scored_both,partial_or_no_metrics
3BX5,A:304:501,eligible_stereochemistry_review,0.7323781847953796,1.797865629196167,0.7324,1.7979,-2.181520462041231e-05,-3.437080383306146e-05,0.9298975467681885,0.741916835308075,scored_both,scored_both
3BXF,A:FBP:401,eligible_stereochemistry_review,1.6288710832595825,7.775026321411133,32.4064,28.7701,-30.777528916740415,-20.995073678588867,0.6568287014961243,0.15494458377361298,scored_both,scored_both
3BYM,A:AM0:1,eligible_stereochemistry_review,3.681267499923706,2.0490927696228027,3.6813,2.0491,-3.2500076293739966e-05,-7.230377197409155e-06,0.5977500081062317,0.7279748320579529,scored_both,scored_both
3BYS,A:AM5:1,eligible_stereochemistry_review,1.266890525817871,2.4098289012908936,1.2669,2.4098,-9.47418212882134e-06,2.8901290893390552e-05,0.8109375238418579,0.5878332257270813,scored_both,scored_both
3BYU,A:AM6:1,eligible_stereochemistry_review,1.2315917015075684,1.9550495147705078,1.2316,1.955,-8.298492431668691e-06,4.9514770507741446e-05,0.8529977202415466,0.7030128836631775,scored_both,scored_both
3BZ3,A:YAM:1,eligible_stereochemistry_review,1.9307711124420166,5.203513145446777,1.9308,5.2035,-2.8887557983470202e-05,1.3145446777329539e-05,0.7194741368293762,0.31298699975013733,scored_both,scored_both
3C14,A:POP:1,eligible_exact_graph,48.969722747802734,39.93583297729492,48.9697,39.9358,2.274780273125998e-05,3.297729492146573e-05,0.0,0.0,scored_both,scored_both
3C1K,A:T15:403,eligible_stereochemistry_review,1.5435527563095093,,1.5436,4.2892,-4.724369049080579e-05,,0.806598961353302,,scored_both,partial_or_no_metrics
3C1X,A:CKK:1500,eligible_stereochemistry_review,0.6970252394676208,3.033555746078491,0.697,3.0336,2.5239467620896683e-05,-4.425392150864127e-05,0.9388677477836609,0.5736624002456665,scored_both,scored_both
3C2F,A:PRP:300,eligible_stereochemistry_review,4.756197452545166,8.05385684967041,4.7562,8.0539,-2.5474548337456326e-06,-4.3150329590346814e-05,0.5186915993690491,0.11536631733179092,scored_both,scored_both
3C2O,A:NTM:300,eligible_stereochemistry_review,0.51483553647995,5.484784126281738,0.5148,5.4848,3.553647994991582e-05,-1.5873718261616432e-05,0.9779829382896423,0.28328612446784973,scored_both,scored_both
3C4H,A:DRL:601,eligible_exact_graph,0.4543602168560028,3.7890007495880127,0.4544,3.789,-3.9783143997218495e-05,7.495880125496512e-07,0.9744318127632141,0.4928707182407379,scored_both,scored_both
3C7P,A:POF:265,eligible_stereochemistry_review,1.4754642248153687,1.4792007207870483,1.4755,1.4792,-3.577518463138141e-05,7.207870482695e-07,0.8662884831428528,0.7603719830513,scored_both,scored_both
3C9E,A:E64:308,eligible_stereochemistry_review,0.9525660276412964,,0.9526,3.7575,-3.397235870361559e-05,,0.8921302556991577,,scored_both,partial_or_no_metrics
3CE0,A:P34:601,eligible_stereochemistry_review,0.7674881815910339,2.5558958053588867,0.7675,2.5559,-1.1818408966024485e-05,-4.194641113119957e-06,0.9633105993270874,0.6076073050498962,scored_both,scored_both
3CHP,A:4BO:901,eligible_stereochemistry_review,1.078131079673767,6.437686443328857,1.0781,6.4377,3.107967376703158e-05,-1.3556671143000187e-05,0.8727924823760986,0.26089364290237427,scored_both,scored_both
3CKT,A:YDP:2501,eligible_stereochemistry_review,1.0940200090408325,4.47674560546875,1.094,4.4767,2.0009040832436042e-05,4.5605468749876366e-05,0.8241919875144958,0.3804347813129425,scored_both,scored_both
3CL0,A:G39:800,eligible_stereochemistry_review,0.6661795377731323,,0.6662,1.5771,-2.046222686769017e-05,,0.9264150857925415,,scored_both,partial_or_no_metrics
3CPH,A:GDP:302,eligible_stereochemistry_review,12.967632293701172,50.09219741821289,12.9676,50.0922,3.2293701172747546e-05,-2.5817871076583288e-06,0.09847383946180344,0.0,scored_both,scored_both
3CPJ,B:GDP:1207,eligible_stereochemistry_review,38.5953254699707,38.10419464111328,38.5953,38.1042,2.546997070140833e-05,-5.358886717488076e-06,0.0,0.0,scored_both,scored_both
3CQU,A:CQU:999,eligible_exact_graph,1.1331250667572021,1.0582923889160156,1.1331,1.0583,2.5066757202152345e-05,-7.611083984393474e-06,0.914383590221405,0.8587267398834229,scored_both,scored_both
3CQW,A:CQW:999,eligible_exact_graph,,1.6705679893493652,1.4271,1.6706,,-3.2010650634850535e-05,,0.7175425291061401,partial_or_no_metrics,scored_both
3CTH,A:319:2001,eligible_stereochemistry_review,0.7355871200561523,6.534041881561279,0.7356,6.534,-1.2879943847687869e-05,4.188156127948872e-05,0.9161324501037598,0.2772045135498047,scored_both,scored_both
3CTJ,A:320:2001,eligible_exact_graph,,2.480064630508423,1.7642,2.4801,,-3.5369491577341705e-05,,0.6118485927581787,partial_or_no_metrics,scored_both
3CWE,A:825:784,eligible_stereochemistry_review,2.5674896240234375,3.5925440788269043,2.5675,3.5925,-1.0375976562393419e-05,4.4078826904492274e-05,0.9296428561210632,0.5337909460067749,scored_both,scored_both
3CWK,A:REA:300,eligible_exact_graph,0.6582346558570862,2.8530805110931396,0.6582,2.8531,3.465585708617436e-05,-1.948890686032101e-05,0.9295709133148193,0.50951087474823,scored_both,scored_both
3CX9,A:LPX:2001,eligible_stereochemistry_review,23.714181900024414,8.130992889404297,23.7142,8.131,-1.8099975587659856e-05,-7.110595703352374e-06,0.0,0.11719337850809097,scored_both,scored_both
3CY2,A:MB9:501,eligible_stereochemistry_review,0.5289667844772339,5.061300277709961,0.529,5.0613,-3.321552276613904e-05,2.7770996080533905e-07,0.9461382031440735,0.322265625,scored_both,scored_both
3D14,A:AK1:1,eligible_stereochemistry_review,0.5141159296035767,6.545411586761475,0.5141,6.5454,1.5929603576658735e-05,1.1586761474724483e-05,0.9591108560562134,0.26327115297317505,scored_both,scored_both
3D1X,A:ROC:201,eligible_stereochemistry_review,,5.030544757843018,1.0871,5.0305,,4.475784301760655e-05,,0.3170025050640106,partial_or_no_metrics,scored_both
3D1Y,A:ROC:201,eligible_stereochemistry_review,3.547548294067383,3.4423561096191406,3.5475,3.4424,4.8294067382936845e-05,-4.3890380859501477e-05,0.5885125994682312,0.44842007756233215,scored_both,scored_both
3D27,A:W29:265,eligible_stereochemistry_review,0.63154536485672,2.302248239517212,0.6315,2.3022,4.536485672002044e-05,4.8239517211889904e-05,0.9470720887184143,0.5903024673461914,scored_both,scored_both
3D4FA,A:MA4:400,eligible_stereochemistry_review,2.2716805934906006,,2.2717,5.0638,-1.9406509399466643e-05,,0.6862139701843262,,scored_both,partial_or_no_metrics
3D4FB,A:MA4:401,eligible_exact_graph,6.0739898681640625,5.566565036773682,6.074,5.5666,-1.013183593734368e-05,-3.496322631857396e-05,0.3299120366573334,0.3025606572628021,scored_both,scored_both
3D4Y,A:MVL:1049,eligible_stereochemistry_review,0.4909023344516754,1.2090269327163696,0.4909,1.209,2.3344516754120193e-06,2.69327163695543e-05,0.9629629850387573,0.832198441028595,scored_both,scored_both
3D4Z,A:GIM:1048,eligible_stereochemistry_review,0.8397945165634155,0.9316759705543518,0.8398,0.9317,-5.483436584463597e-06,-2.4029445648166003e-05,0.8976833820343018,0.87548828125,scored_both,scored_both
3D50,A:OEV:1048,eligible_stereochemistry_review,1.4759024381637573,3.9845876693725586,1.4759,3.9846,2.4381637573345216e-06,-1.2330627441325959e-05,0.8900862336158752,0.40709877014160156,scored_both,scored_both
3D51,A:GOX:1048,eligible_exact_graph,1.0650718212127686,1.9399265050888062,1.0651,1.9399,-2.817878723138101e-05,2.650508880619462e-05,0.8659999966621399,0.6916342377662659,scored_both,scored_both
3D62,A:959:350,eligible_exact_graph,0.47530603408813477,3.9364986419677734,0.4753,3.9365,6.0340881347653585e-06,-1.3580322266726341e-06,0.9788828492164612,0.35251450538635254,scored_both,scored_both
3D6O,A:U1S:125,eligible_stereochemistry_review,1.4276820421218872,15.570985794067383,1.4277,15.571,-1.795787811276206e-05,-1.4205932616917494e-05,0.810520350933075,0.0054133860394358635,scored_both,scored_both
3D6P,A:U2S:125,eligible_stereochemistry_review,1.2607346773147583,20.251726150512695,1.2607,20.3931,3.467731475836899e-05,-0.14137384948730514,0.8392045497894287,0.0,scored_both,scored_both
3D6Q,A:U3S:127,eligible_stereochemistry_review,0.9939243793487549,20.26577377319336,0.9939,20.7129,2.4379348754877128e-05,-0.4471262268066418,0.9285714030265808,0.0,scored_both,scored_both
3D7B,A:U4S:127,eligible_stereochemistry_review,0.7597496509552002,15.931953430175781,0.7598,15.932,-5.0349044799835596e-05,-4.656982421913369e-05,0.9535176157951355,0.004307374358177185,scored_both,scored_both
3D7D,A:FBD:1,eligible_stereochemistry_review,,2.9505481719970703,1.0545,2.9505,,4.8171997070411976e-05,,0.5597826242446899,partial_or_no_metrics,scored_both
3D7F,A:YBY:1,eligible_stereochemistry_review,2.6914520263671875,2.5450997352600098,2.6915,2.5451,-4.797363281250355e-05,-2.647399903743519e-07,0.6435643434524536,0.6223984360694885,scored_both,scored_both
3D7G,A:MUD:1,eligible_stereochemistry_review,0.8866949081420898,,0.8867,2.3055,-5.091857910199948e-06,,0.9002071619033813,,scored_both,partial_or_no_metrics
3D7H,A:YC2:1,eligible_stereochemistry_review,1.199845790863037,3.9690041542053223,1.1998,3.969,4.579086303713176e-05,4.154205322404181e-06,0.8586660623550415,0.4047777056694031,scored_both,scored_both
3D7M,A:GDP:355,eligible_stereochemistry_review,,2.2041051387786865,1.1425,2.2041,,5.138778686575307e-06,,0.6277821660041809,partial_or_no_metrics,scored_both
3D83,A:GK6:401,eligible_stereochemistry_review,1.5350208282470703,5.603916168212891,1.535,5.6039,2.0828247070392436e-05,1.616821289029957e-05,0.8080057501792908,0.27007898688316345,scored_both,scored_both
3D8W,A:D8W:301,eligible_exact_graph,0.7273474931716919,1.639912724494934,0.7273,1.6399,4.7493171691948e-05,1.2724494934168717e-05,0.9225663542747498,0.7233201861381531,scored_both,scored_both
3D8Y,A:T3S:127,eligible_exact_graph,0.840827226638794,15.65024185180664,0.8408,15.6502,2.7226638793953484e-05,4.1851806640735845e-05,0.9554020166397095,0.0026578071992844343,scored_both,scored_both
3D8Z,A:TXS:125,eligible_exact_graph,1.054990530014038,,1.055,8.5209,-9.46998596185189e-06,,0.8797538876533508,,scored_both,partial_or_no_metrics
3D9Z,A:D9Z:263,eligible_stereochemistry_review,0.36060038208961487,2.1921942234039307,0.3606,2.1922,3.8208961489205606e-07,-5.776596069484441e-06,0.9933686852455139,0.6497092843055725,scored_both,scored_both
3DA9,B:44U:1,eligible_stereochemistry_review,1.0007908344268799,2.61696457862854,1.0008,2.617,-9.16557312002908e-06,-3.542137145995383e-05,0.8611111044883728,0.5911270976066589,scored_both,scored_both
3DAJ,A:FXG:1,eligible_stereochemistry_review,2.540769100189209,,2.5408,4.655,-3.0899810790963045e-05,,0.695873498916626,,scored_both,partial_or_no_metrics
3DB6,A:FRS:1,eligible_stereochemistry_review,2.54738450050354,,2.5474,4.6249,-1.549949646006965e-05,,0.6495766639709473,,scored_both,partial_or_no_metrics
3DB8,A:1FR:313,eligible_stereochemistry_review,2.194117784500122,2.2798287868499756,2.1941,2.2798,1.778450012190902e-05,2.878684997575931e-05,0.7984567880630493,0.6009389758110046,scored_both,scored_both
3DBS,A:GD9:1,eligible_stereochemistry_review,0.8012139797210693,2.9762866497039795,0.8012,2.9763,1.3979721069312667e-05,-1.33502960206755e-05,0.9183804392814636,0.49974358081817627,scored_both,scored_both
3DBU,A:D8W:301,eligible_exact_graph,0.7488609552383423,1.4968183040618896,0.7489,1.4968,-3.904476165772497e-05,1.8304061889740098e-05,0.9288840293884277,0.7485576868057251,scored_both,scored_both
3DC3,A:AZM:263,eligible_exact_graph,0.36415213346481323,2.1143007278442383,0.3642,2.1143,-4.786653518679129e-05,7.278442382130379e-07,0.9956395626068115,0.6809954643249512,scored_both,scored_both
3DCC,A:D9Z:263,eligible_exact_graph,0.22872067987918854,1.1189004182815552,0.2287,1.1189,2.0679879188550965e-05,4.182815551700969e-07,1.0,0.8331408500671387,scored_both,scored_both
3DCQ,A:2G0:201,eligible_stereochemistry_review,3.8236289024353027,,3.8236,36.8399,2.890243530284664e-05,,0.5991947054862976,,scored_both,partial_or_no_metrics
3DCR,B:KVS:101,eligible_stereochemistry_review,,,2.11,5.2139,,,,,partial_or_no_metrics,partial_or_no_metrics
3DCS,A:MZM:263,eligible_exact_graph,0.9095343947410583,2.7402520179748535,0.9095,2.7403,3.439474105837448e-05,-4.798202514644245e-05,0.9572368264198303,0.5935039520263672,scored_both,scored_both
3DCT,A:064:1,eligible_stereochemistry_review,1.3213286399841309,2.172729730606079,1.3213,2.1727,2.8639984130940377e-05,2.9730606079247934e-05,0.8317916393280029,0.6636751890182495,scored_both,scored_both
3DCW,A:EZL:301,eligible_exact_graph,0.3024170398712158,2.2730350494384766,0.3024,2.273,1.703987121581818e-05,3.504943847643105e-05,0.995512843132019,0.5905172228813171,scored_both,scored_both
3DD0,A:EZL:301,eligible_exact_graph,0.18857379257678986,1.3022637367248535,0.1886,1.3023,-2.6207423210133918e-05,-3.626327514649752e-05,1.0,0.8107476830482483,scored_both,scored_both
3DD8,A:2C7:300,eligible_stereochemistry_review,2.0706517696380615,2.54067063331604,2.0707,2.5407,-4.823036193846164e-05,-2.9366683960141415e-05,0.697098970413208,0.6189883947372437,scored_both,scored_both
3DDF,A:GB6:4001,eligible_stereochemistry_review,1.749245524406433,1.150681734085083,1.7492,1.1507,4.552440643301736e-05,-1.826591491704832e-05,0.7280775904655457,0.7971869111061096,scored_both,scored_both
3DDG,A:GB7:5001,eligible_stereochemistry_review,0.786712646484375,1.2736504077911377,0.7867,1.2737,1.264648437504512e-05,-4.9592208862359044e-05,0.9012711644172668,0.853462815284729,scored_both,scored_both
3DDU,A:552:901,eligible_stereochemistry_review,0.4450249969959259,4.928337574005127,0.445,4.9283,2.499699592589666e-05,3.757400512682807e-05,0.9794022440910339,0.3788209557533264,scored_both,scored_both
3DEH,C:RXA:300,eligible_exact_graph,1.2887256145477295,4.693821907043457,1.2887,19.4311,2.561454772953553e-05,-14.737278092956544,0.8008981943130493,0.0,scored_both,scored_both
3DEI,C:RXB:300,eligible_stereochemistry_review,6.17988395690918,,6.1799,21.7278,-1.604309082026134e-05,,0.34882280230522156,,scored_both,partial_or_no_metrics
3DEJ,C:RXC:300,eligible_stereochemistry_review,4.665221214294434,11.007543563842773,4.6652,29.4788,2.121429443402434e-05,-18.471256436157226,0.3892517685890198,0.06412572413682938,scored_both,scored_both
3DEK,A:RXD:300,eligible_stereochemistry_review,8.199301719665527,6.637197494506836,8.1993,11.793,1.7196655281992435e-06,-5.155802505493163,0.16762013733386993,0.11711280792951584,scored_both,scored_both
3DGL,A:ATP:81,eligible_stereochemistry_review,3.811180353164673,6.46987247467041,3.8112,6.4699,-1.9646835327069567e-05,-2.7525329589828118e-05,0.7196969985961914,0.24200518429279327,scored_both,scored_both
3DGN,A:ADP:81,eligible_stereochemistry_review,2.140418291091919,6.264171600341797,2.1404,6.2642,1.829109191886502e-05,-2.8399658202893363e-05,0.7675840854644775,0.26012536883354187,scored_both,scored_both
3DGO,A:ATP:82,eligible_stereochemistry_review,3.9553017616271973,6.453388214111328,3.9553,6.4534,1.7616271974496556e-06,-1.1785888672122269e-05,0.7700757384300232,0.25,scored_both,scored_both
3DGQ,A:EAA:211,eligible_exact_graph,6.736921787261963,7.075997352600098,6.7369,7.076,2.178726196255809e-05,-2.6473999019671624e-06,0.2552681863307953,0.1487179547548294,scored_both,scored_both
3DHK,H:23U:1601,eligible_stereochemistry_review,5.995384693145752,,5.9954,3.5191,-1.5306854248109403e-05,,0.40559157729148865,,scored_both,partial_or_no_metrics
3DI6,A:PDZ:562,eligible_stereochemistry_review,0.7637721300125122,2.238267421722412,0.7638,2.2383,-2.786998748782743e-05,-3.257827758806897e-05,0.9158228039741516,0.601482629776001,scored_both,scored_both
3DK1,B:G05:401,eligible_stereochemistry_review,,1.4374823570251465,0.9298,1.4375,,-1.7642974853515625e-05,,0.7802148461341858,partial_or_no_metrics,scored_both
3DKF,A:SX8:1,eligible_stereochemistry_review,0.5242889523506165,5.825250148773193,0.5243,5.8253,-1.1047649383533198e-05,-4.9851226807007265e-05,0.9644808769226074,0.23606346547603607,scored_both,scored_both
3DKG,A:SX8:1,eligible_stereochemistry_review,1.0171972513198853,5.855837345123291,1.0172,5.8558,-2.7486801148501883e-06,3.734512329067741e-05,0.9197635054588318,0.26180386543273926,scored_both,scored_both
3DLN,A:GLU:374,eligible_stereochemistry_review,0.7652407884597778,4.187414169311523,0.7652,4.1874,4.0788459777840735e-05,1.4169311523204442e-05,0.916265070438385,0.41101694107055664,scored_both,scored_both
3DND,A:LL2:351,eligible_stereochemistry_review,1.1450989246368408,1.9731804132461548,1.1451,1.9732,-1.0753631591864377e-06,-1.958675384527986e-05,0.853672981262207,0.6541849970817566,scored_both,scored_both
3DP0,B:2BC:162,eligible_stereochemistry_review,2.1488096714019775,8.127039909362793,2.1488,33.235,9.67140197749572e-06,-25.107960090637206,0.7440972328186035,0.16594694554805756,scored_both,scored_both
3DP4,A:AMQ:374,eligible_exact_graph,0.20030620694160461,5.504044532775879,0.2003,5.504,6.20694160460844e-06,4.4532775879346786e-05,1.0,0.3212139308452606,scored_both,scored_both
3DPD,A:41A:2040,eligible_exact_graph,0.4370756447315216,3.6086251735687256,0.4371,3.6086,-2.4355268478382097e-05,2.5173568725556095e-05,0.9706196784973145,0.46526655554771423,scored_both,scored_both
3DPE,A:AXB:1,eligible_stereochemistry_review,,4.335500717163086,0.9407,4.3355,,7.171630862501388e-07,,0.3756975531578064,partial_or_no_metrics,scored_both
3DST,B:GRG:334,eligible_exact_graph,1.9544506072998047,5.220014572143555,1.9545,5.22,-4.939270019521658e-05,1.457214355493619e-05,0.7209529876708984,0.33607399463653564,scored_both,scored_both
3DSU,B:FPP:334,eligible_exact_graph,0.7830546498298645,4.952737808227539,0.7831,4.9527,-4.535017013551634e-05,3.780822753896018e-05,0.9271019697189331,0.3446691036224365,scored_both,scored_both
3DT1,A:P40:361,eligible_stereochemistry_review,,,0.7928,2.4574,,,,,partial_or_no_metrics,partial_or_no_metrics
3DUX,H:64U:901,eligible_stereochemistry_review,4.511781215667725,2.288166046142578,4.5118,2.2882,-1.878433227542331e-05,-3.395385742166468e-05,0.6215277910232544,0.5868998169898987,scored_both,scored_both
3DWB,A:RDF:817,eligible_stereochemistry_review,2.066814661026001,,2.0668,8.3062,1.4661026000784005e-05,,0.7553072571754456,,scored_both,partial_or_no_metrics
3DX0,A:MSN:1049,eligible_stereochemistry_review,1.1449871063232422,1.6001230478286743,1.145,1.6001,-1.2893676757830264e-05,2.3047828674238602e-05,0.83152174949646,0.7303030490875244,scored_both,scored_both
3DX1,A:YHO:1050,eligible_stereochemistry_review,0.7575689554214478,1.3527107238769531,0.7576,1.3527,-3.104457855229725e-05,1.07238769531115e-05,0.921999990940094,0.8008021116256714,scored_both,scored_both
3DX2,A:MZB:1048,eligible_stereochemistry_review,1.5481033325195312,1.7051070928573608,1.5481,1.7051,3.332519531218381e-06,7.092857360779803e-06,0.7864271402359009,0.7484970092773438,scored_both,scored_both
3DX3,A:YTB:1050,eligible_stereochemistry_review,0.5306175351142883,1.3340742588043213,0.5306,1.3341,1.7535114288369513e-05,-2.574119567877453e-05,0.9691358208656311,0.7939189076423645,scored_both,scored_both
3DX4,A:GOO:1049,eligible_stereochemistry_review,0.46317097544670105,2.360089063644409,0.4632,2.3601,-2.9024553298950817e-05,-1.0936355590906999e-05,0.9761072397232056,0.651260495185852,scored_both,scored_both
3DXM,A:N24:419,eligible_stereochemistry_review,2.1049747467041016,14.210527420043945,2.105,14.2105,-2.5253295898419736e-05,2.742004394562514e-05,0.6783167123794556,0.013832997530698776,scored_both,scored_both
3DZ4,A:C8M:368,eligible_stereochemistry_review,29.137800216674805,,29.1378,3.9605,2.166748060972168e-07,,0.0,,scored_both,partial_or_no_metrics
3DZT,A:EAH:305,eligible_exact_graph,0.9235029816627502,3.8075764179229736,0.9235,3.8076,2.981662750256575e-06,-2.358207702624071e-05,0.8762755393981934,0.43926939368247986,scored_both,scored_both
3E3B,X:CCK:351,eligible_stereochemistry_review,1.1944434642791748,2.4634265899658203,1.1944,2.4634,4.346427917489848e-05,2.6589965820278394e-05,0.8346104621887207,0.6272522807121277,scored_both,scored_both
3E8N,A:VRA:1001,eligible_stereochemistry_review,0.615289032459259,4.53881311416626,0.6153,4.5388,-1.0967540740924875e-05,1.3114166259597937e-05,0.9530051350593567,0.34928929805755615,scored_both,scored_both
3E92,A:G6A:361,eligible_stereochemistry_review,8.855700492858887,4.322806358337402,8.8557,4.3228,4.928588861474736e-07,6.3583374023679085e-06,0.1881386935710907,0.35530972480773926,scored_both,scored_both
3E93,A:19B:361,eligible_stereochemistry_review,0.7747400403022766,3.532501220703125,0.7747,3.5325,4.0040302276556083e-05,1.2207031248046007e-06,0.8893129825592041,0.4417952299118042,scored_both,scored_both
3EAX,A:LZP:322,eligible_stereochemistry_review,8.32889175415039,,8.3289,8.4961,-8.245849610233336e-06,,0.18588469922542572,,scored_both,partial_or_no_metrics
3EB1,A:LZQ:322,eligible_stereochemistry_review,2.5024924278259277,4.582759857177734,2.5025,4.5828,-7.572174072212334e-06,-4.014282226538768e-05,0.7403640151023865,0.3565693497657776,scored_both,scored_both
3EBH,A:BES:1085,eligible_stereochemistry_review,1.1262586116790771,,1.1263,2.2118,-4.138832092293043e-05,,0.8606340885162354,,scored_both,partial_or_no_metrics
3EBI,A:BEY:1085,eligible_stereochemistry_review,1.3554550409317017,4.563112258911133,1.3555,4.5631,-4.495906829826701e-05,1.2258911132434491e-05,0.8373702168464661,0.387585312128067,scored_both,scored_both
3EBP,A:CPB:940,eligible_stereochemistry_review,1.2861636877059937,12.665241241455078,1.2862,12.6652,-3.6312294006357604e-05,4.124145507766741e-05,0.9323999881744385,0.03182125836610794,scored_both,scored_both
3EFT,A:3BS:300,eligible_stereochemistry_review,1.4245253801345825,2.954274892807007,1.4245,2.9543,2.5380134582420055e-05,-2.5107192993090166e-05,0.8554455637931824,0.5268115997314453,scored_both,scored_both
3EGK,H:M18:601,eligible_stereochemistry_review,3.7184314727783203,,3.7184,2.9097,3.1472778320384975e-05,,0.5175691246986389,,scored_both,partial_or_no_metrics
3EHY,A:TBL:1,eligible_stereochemistry_review,0.733280599117279,2.521620988845825,0.7333,2.5216,-1.9400882720899126e-05,2.0988845825353764e-05,0.9178571701049805,0.6253644227981567,scored_both,scored_both
3EID,A:PO5:299,eligible_stereochemistry_review,1.1818299293518066,23.590700149536133,1.1818,29.5218,2.9929351806678994e-05,-5.931099850463866,0.9076776504516602,0.003219574922695756,scored_both,scored_both
3EJP,A:HN2:1049,eligible_stereochemistry_review,0.46814247965812683,2.2315220832824707,0.4681,2.2315,4.247965812681498e-05,2.2083282470664045e-05,0.9644531011581421,0.7196509838104248,scored_both,scored_both
3EJS,A:HN5:1049,eligible_stereochemistry_review,1.4342442750930786,2.0509800910949707,1.4342,2.051,4.427509307869393e-05,-1.9908905029453194e-05,0.7666184902191162,0.6373134255409241,scored_both,scored_both
3EJT,A:HN6:1050,eligible_stereochemistry_review,1.1893385648727417,,1.1893,2.838,3.8564872741675416e-05,,0.8374233245849609,,scored_both,partial_or_no_metrics
3EJU,A:HN7:1049,eligible_stereochemistry_review,0.935623049736023,,0.9356,3.6038,2.304973602296201e-05,,0.8823953866958618,,scored_both,partial_or_no_metrics
3EKQ,A:ROC:100,eligible_stereochemistry_review,1.4034837484359741,6.545021057128906,1.4035,9.1045,-1.6251564025848708e-05,-2.5594789428710936,0.7839116454124451,0.2574024200439453,scored_both,scored_both
3EKS,A:CY9:903,eligible_stereochemistry_review,1.0726360082626343,3.9441821575164795,1.0726,3.9442,3.6008262634279475e-05,-1.7842483520436048e-05,0.8253588676452637,0.39367571473121643,scored_both,scored_both
3EKX,B:1UN:201,eligible_stereochemistry_review,1.0299289226531982,,1.0299,5.4793,2.892265319820453e-05,,0.852031409740448,,scored_both,partial_or_no_metrics
3EL0,A:1UN:201,eligible_stereochemistry_review,,6.026329517364502,1.0919,6.0263,,2.9517364501963073e-05,,0.2509746551513672,partial_or_no_metrics,scored_both
3EL1,A:DR7:100,eligible_stereochemistry_review,1.4078102111816406,,10.9644,5.7286,-9.556589788818359,,0.8046042323112488,,scored_both,partial_or_no_metrics
3EL4,A:ROC:100,eligible_stereochemistry_review,1.1158097982406616,,1.1158,6.6228,9.798240661718083e-06,,0.8592801094055176,,scored_both,partial_or_no_metrics
3EL7,A:PD3:601,eligible_stereochemistry_review,0.6540214419364929,1.3808393478393555,0.654,1.3808,2.1441936492894165e-05,3.9347839355441394e-05,0.9308406710624695,0.7961783409118652,scored_both,scored_both
3EL8,A:PD5:601,eligible_stereochemistry_review,0.5547589063644409,19.519611358642578,0.5548,19.5196,-4.1093635559041886e-05,1.1358642577619094e-05,0.9664391279220581,0.00010438413301017135,scored_both,scored_both
3ELJ,A:GS7:365,eligible_stereochemistry_review,1.048507571220398,2.665039539337158,1.0485,2.665,7.571220397961653e-06,3.95393371581676e-05,0.8832573890686035,0.6016160845756531,scored_both,scored_both
3EMG,A:685:685,eligible_stereochemistry_review,0.8411078453063965,6.993675708770752,0.8411,6.9937,7.845306396525586e-06,-2.4291229247630497e-05,0.923274576663971,0.21256157755851746,scored_both,scored_both
3EML,A:ZMA:401,eligible_stereochemistry_review,0.718764066696167,3.685823917388916,0.7188,3.6858,-3.5933303833002306e-05,2.391738891605044e-05,0.9320470094680786,0.4658273458480835,scored_both,scored_both
3EOR,A:CFV:901,eligible_exact_graph,1.2452545166015625,25.366987228393555,1.2453,25.367,-4.548339843757354e-05,-1.2771606446193573e-05,0.9205729365348816,0.0,scored_both,scored_both
3EOU,A:PK3:500,eligible_stereochemistry_review,0.30224284529685974,0.7216755151748657,0.3022,0.7217,4.284529685971705e-05,-2.4484825134285515e-05,0.9923986196517944,0.9297839403152466,scored_both,scored_both
3EQ7,A:X99:711,eligible_stereochemistry_review,1.3117822408676147,3.581697940826416,1.3118,3.5817,-1.7759132385331e-05,-2.059173584090246e-06,0.8054421544075012,0.5106761455535889,scored_both,scored_both
3EQ9,A:X97:711,eligible_exact_graph,0.7720997929573059,,0.7721,8.3599,-2.070426941003234e-07,,0.9169719219207764,,scored_both,partial_or_no_metrics
3EQB,A:LUG:1,eligible_stereochemistry_review,1.009598731994629,8.118706703186035,1.0096,8.1187,-1.2680053711466854e-06,6.70318603468445e-06,0.8494245409965515,0.1875549703836441,scored_both,scored_both
3ESJ,A:CC7:901,eligible_exact_graph,1.7507885694503784,11.462397575378418,1.7508,11.4624,-1.1430549621493924e-05,-2.4246215826195794e-06,0.835287868976593,0.11531279236078262,scored_both,scored_both
3ESS,A:18N:1,eligible_exact_graph,0.2584141492843628,4.521856784820557,0.2584,4.5219,1.4149284362774406e-05,-4.321517944294584e-05,1.0,0.3286479115486145,scored_both,scored_both
3EU5,B:GBO:429,eligible_representation_review,0.8443239331245422,6.233020782470703,0.8443,6.233,2.393312454218588e-05,2.0782470703473166e-05,0.9081500768661499,0.21673306822776794,scored_both,scored_both
3EVC,A:GTP:902,eligible_representation_review,1.4112355709075928,14.063326835632324,1.4112,14.0633,3.557090759276349e-05,2.6835632324306857e-05,0.820270299911499,0.0040462426841259,scored_both,scored_both
3EVD,A:GTP:901,eligible_stereochemistry_review,1.7240999937057495,14.10930347442627,1.7241,14.1093,-6.294250454175199e-09,3.474426270244635e-06,0.7131924033164978,0.020998023450374603,scored_both,scored_both
3EWJ,B:642:1,eligible_stereochemistry_review,1.913110375404358,18.04513168334961,1.9131,18.0451,1.0375404357887419e-05,3.1683349607902755e-05,0.7999153733253479,0.01906028389930725,scored_both,scored_both
3EYD,A:BE8:401,eligible_stereochemistry_review,1.2334926128387451,,1.2335,23.6178,-7.387161254923669e-06,,0.8596105575561523,,scored_both,partial_or_no_metrics
3EYG,A:MI1:1,eligible_stereochemistry_review,0.8211953043937683,1.2637271881103516,0.8212,1.2637,-4.695606231730487e-06,2.7188110351517025e-05,0.9203910827636719,0.8142665028572083,scored_both,scored_both
3F15,A:HS1:0,eligible_stereochemistry_review,1.1435046195983887,1.633078932762146,1.1435,1.6331,4.619598388710955e-06,-2.1067237853999998e-05,0.8374645709991455,0.7749999761581421,scored_both,scored_both
3F33,A:PFL:2001,eligible_stereochemistry_review,3.7946414947509766,8.021621704101562,3.7946,8.0216,4.14947509765895e-05,2.170410156310254e-05,0.49124205112457275,0.1875,scored_both,scored_both
3F34,A:DIE:2001,eligible_stereochemistry_review,0.9024937748908997,7.600306034088135,0.9025,7.6003,-6.225109100310711e-06,6.034088134931892e-06,0.8923766613006592,0.21068702638149261,scored_both,scored_both
3F35,A:DIE:2001,eligible_stereochemistry_review,1.3285950422286987,7.085722923278809,1.3286,7.0857,-4.957771301272729e-06,2.2923278808484326e-05,0.8061674237251282,0.21791666746139526,scored_both,scored_both
3F36,A:IP0:2001,eligible_stereochemistry_review,3.6411547660827637,6.6789445877075195,3.6412,6.6789,-4.523391723632031e-05,4.4587707519916364e-05,0.4350329041481018,0.26102086901664734,scored_both,scored_both
3F37,A:2MY:2001,eligible_stereochemistry_review,1.1089214086532593,8.957983016967773,1.1089,8.958,2.140865325928054e-05,-1.698303222674724e-05,0.8605769276618958,0.17788460850715637,scored_both,scored_both
3F38,A:2MY:2001,eligible_stereochemistry_review,0.9588744044303894,8.131064414978027,0.9589,8.1311,-2.55955696105703e-05,-3.5585021972650566e-05,0.8852040767669678,0.18621867895126343,scored_both,scored_both
3F39,A:IPH:2001,eligible_exact_graph,2.6194591522216797,8.836719512939453,2.6195,8.8367,-4.0847778320252104e-05,1.951293945268162e-05,0.5864361524581909,0.11505682021379471,scored_both,scored_both
3F3C,A:PFF:601,eligible_stereochemistry_review,0.6933844685554504,,0.6934,4.2507,-1.553144454957689e-05,,0.9426087141036987,,scored_both,partial_or_no_metrics
3F3D,A:MET:601,eligible_exact_graph,9.514588356018066,3.2655632495880127,9.5146,3.2656,-1.164398193331806e-05,-3.675041198736295e-05,0.1909722238779068,0.5230326056480408,scored_both,scored_both
3F3E,A:LEU:601,eligible_exact_graph,11.42944622039795,3.3413121700286865,11.4294,3.3413,4.6220397949880976e-05,1.2170028686586676e-05,0.06884057819843292,0.5,scored_both,scored_both
3F48,A:ALA:601,eligible_stereochemistry_review,3.3367321491241455,3.8931472301483154,3.3367,3.8931,3.214912414550852e-05,4.7230148315424714e-05,0.48259052634239197,0.469451367855072,scored_both,scored_both
3F68,H:91U:901,eligible_stereochemistry_review,1.234792947769165,3.443819046020508,1.2348,3.4438,-7.052230834858619e-06,1.904602050784021e-05,0.8338305354118347,0.49673202633857727,scored_both,scored_both
3F7G,E:389:1,eligible_stereochemistry_review,2.425483226776123,18.015953063964844,2.4255,18.016,-1.6773223876942467e-05,-4.6936035154487854e-05,0.6614888906478882,0.0010841283947229385,scored_both,scored_both
3F82,A:353:2001,eligible_stereochemistry_review,0.7681283950805664,,0.7681,8.4068,2.8395080566401276e-05,,0.9173497557640076,,scored_both,partial_or_no_metrics
3F8C,A:HT1:127,eligible_stereochemistry_review,13.283529281616211,14.526095390319824,13.2835,14.5261,2.9281616210852235e-05,-4.60968017534924e-06,0.04722921922802925,0.10317115485668182,scored_both,scored_both
3F8E,A:TE1:300,eligible_exact_graph,0.6423379182815552,7.2458672523498535,0.6423,7.2459,3.791828155519372e-05,-3.274765014626979e-05,0.9554687738418579,0.2253134846687317,scored_both,scored_both
3F8F,A:DM1:127,eligible_stereochemistry_review,1.4757763147354126,1.9682960510253906,1.4758,1.9683,-2.3685264587403054e-05,-3.948974609313538e-06,0.7852563858032227,0.6048718094825745,scored_both,scored_both
3FC1,X:52P:362,eligible_stereochemistry_review,1.5177158117294312,,1.5177,2.3079,1.5811729431103316e-05,,0.7617684602737427,,scored_both,partial_or_no_metrics
3FCI,A:3FI:1,eligible_stereochemistry_review,1.5212384462356567,8.758075714111328,1.5212,8.7581,3.8446235656630634e-05,-2.4285888672537226e-05,0.8908882141113281,0.16160565614700317,scored_both,scored_both
3FCK,B:FCK:1,eligible_stereochemistry_review,7.8617987632751465,4.782628059387207,7.8618,4.7826,-1.2367248531930386e-06,2.805938720662482e-05,0.4704446792602539,0.4895833432674408,scored_both,scored_both
3FCQ,A:M3S:600,eligible_stereochemistry_review,0.35473981499671936,2.732692003250122,0.3547,2.7327,3.9814996719345075e-05,-7.996749877836606e-06,0.983208954334259,0.5272045135498047,scored_both,scored_both
3FDN,A:MMH:1,eligible_stereochemistry_review,0.9910983443260193,2.5030436515808105,0.9911,2.503,-1.6556739806938836e-06,4.365158081043319e-05,0.8614245653152466,0.6846107244491577,scored_both,scored_both
3FED,A:BIX:1,eligible_exact_graph,1.016096830368042,,1.0161,3.3326,-3.16963195801101e-06,,0.9089958071708679,,scored_both,partial_or_no_metrics
3FEE,A:QUS:741,eligible_exact_graph,0.2431635707616806,2.3758702278137207,0.2432,2.3759,-3.6429238319396484e-05,-2.97721862794198e-05,1.0,0.6733333468437195,scored_both,scored_both
3FEI,A:CTM:1,eligible_stereochemistry_review,0.34551113843917847,10.137834548950195,0.3455,10.1378,1.1138439178492998e-05,3.454895019494586e-05,0.9971264600753784,0.15491372346878052,scored_both,scored_both
3FEJ,A:CTM:1,eligible_stereochemistry_review,1.3809740543365479,7.468448162078857,1.381,7.4684,-2.5945663452153767e-05,4.816207885749435e-05,0.8445639610290527,0.2189754694700241,scored_both,scored_both
3FF3,A:GLU:1,eligible_stereochemistry_review,1.1562072038650513,4.301251411437988,1.1562,4.3013,7.203865051375047e-06,-4.8588562012064074e-05,0.8477011322975159,0.38429054617881775,scored_both,scored_both
3FFP,X:LC1:300,eligible_exact_graph,0.9870580434799194,2.405247688293457,0.9871,2.4052,-4.1956520080543847e-05,4.7688293457248676e-05,0.939793586730957,0.6291887164115906,scored_both,scored_both
3FGC,A:FMN:3402,eligible_stereochemistry_review,0.6801339387893677,15.755372047424316,0.6801,15.7554,3.3938789367637945e-05,-2.7952575683443115e-05,0.9407181739807129,0.008303677663207054,scored_both,scored_both
3FH5,A:24P:611,eligible_stereochemistry_review,0.8135302662849426,4.5767035484313965,0.8135,4.5767,3.0266284942626065e-05,3.548431396716012e-06,0.9164465069770813,0.40789473056793213,scored_both,scored_both
3FH7,A:25P:612,eligible_stereochemistry_review,0.665233850479126,3.9788060188293457,0.6652,3.9788,3.385047912596306e-05,6.018829345588728e-06,0.9324191808700562,0.43934598565101624,scored_both,scored_both
3FH8,A:27P:611,eligible_stereochemistry_review,0.5872020721435547,3.400435447692871,0.5872,3.4004,2.0721435546322553e-06,3.544769287122662e-05,0.9513981342315674,0.5128079056739807,scored_both,scored_both
3FHR,A:P4O:1,eligible_stereochemistry_review,1.6041686534881592,1.0150887966156006,1.6042,1.0151,-3.1346511840890656e-05,-1.120338439930535e-05,0.8305960893630981,0.8439849615097046,scored_both,scored_both
3FI3,A:JK2:600,eligible_stereochemistry_review,0.4900270402431488,,0.49,3.4915,2.7040243148812593e-05,,0.9811703562736511,,scored_both,partial_or_no_metrics
3FJZ,A:GPF:429,eligible_representation_review,0.2562295198440552,3.586926221847534,0.2562,3.5869,2.951984405519248e-05,2.6221847534202425e-05,1.0,0.4696652591228485,scored_both,scored_both
3FK1,A:GPF:429,eligible_representation_review,0.28599128127098083,,0.286,4.2615,-8.718729019141502e-06,,1.0,,scored_both,partial_or_no_metrics
3FKT,A:SII:406,eligible_stereochemistry_review,2.076681137084961,4.066967487335205,2.0767,4.067,-1.8862915039274952e-05,-3.2512664795092405e-05,0.7218950986862183,0.42377200722694397,scored_both,scored_both
3FL5,A:TXQ:338,eligible_stereochemistry_review,0.5795683860778809,2.6092824935913086,0.5796,2.6093,-3.161392211914471e-05,-1.7506408691581044e-05,0.9638975262641907,0.5705357193946838,scored_both,scored_both
3FPM,A:793:1,eligible_exact_graph,,,0.4351,3.2966,,,,,partial_or_no_metrics,partial_or_no_metrics
3FQA,A:GAB:2000,eligible_exact_graph,0.204657644033432,3.4164814949035645,0.2047,3.4165,-4.2355966567986236e-05,-1.8505096435639246e-05,1.0,0.48496660590171814,scored_both,scored_both
3FR4,A:F8A:501,eligible_exact_graph,0.4862266778945923,3.370943069458008,0.4862,3.3709,2.6677894592264106e-05,4.3069458008027084e-05,0.9736445546150208,0.4416482448577881,scored_both,scored_both
3FR5,A:I4A:132,eligible_stereochemistry_review,0.8861397504806519,1.6031771898269653,0.8861,1.6032,3.975048065185671e-05,-2.2810173034626402e-05,0.8762446641921997,0.7474424839019775,scored_both,scored_both
3FRG,A:SK4:1,eligible_stereochemistry_review,0.7303711175918579,2.290630578994751,0.7304,2.2906,-2.888240814213905e-05,3.0578994751007116e-05,0.9170939922332764,0.6521260738372803,scored_both,scored_both
3FRZ,A:AG0:577,eligible_stereochemistry_review,0.7900828123092651,3.9644999504089355,0.7901,3.9645,-1.7187690734887795e-05,-4.959106458812812e-08,0.8993197083473206,0.4711538553237915,scored_both,scored_both
3FTS,A:STL:710,eligible_stereochemistry_review,0.373653769493103,10.313041687011719,0.3737,10.313,-4.62305068969493e-05,4.168701171813893e-05,0.9878526926040649,0.1801130473613739,scored_both,scored_both
3FTV,A:11X:710,eligible_stereochemistry_review,1.316412091255188,5.931154727935791,1.3164,5.9312,1.2091255187973715e-05,-4.5272064208568e-05,0.8211130499839783,0.3081818222999573,scored_both,scored_both
3FTW,A:11X:710,eligible_stereochemistry_review,0.4114212393760681,6.491794109344482,0.4114,6.4918,2.1239376068127314e-05,-5.890655517148957e-06,0.9808070659637451,0.25913915038108826,scored_both,scored_both
3FU0,A:22F:710,eligible_stereochemistry_review,0.39306843280792236,5.567872047424316,0.3931,5.5679,-3.156719207764169e-05,-2.7952575683443115e-05,0.989676833152771,0.33140209317207336,scored_both,scored_both
3FU5,A:492:710,eligible_exact_graph,1.1935291290283203,2.3082168102264404,1.1935,2.3082,2.912902832030717e-05,1.6810226440622245e-05,0.8719879388809204,0.6333954930305481,scored_both,scored_both
3FUE,A:11S:710,eligible_stereochemistry_review,0.27641934156417847,4.638381481170654,0.2764,4.6384,1.9341564178487758e-05,-1.8518829345559595e-05,0.9963017702102661,0.38275548815727234,scored_both,scored_both
3FUF,A:14O:710,eligible_stereochemistry_review,0.2592015862464905,4.529690742492676,0.2592,4.5297,1.5862464904925488e-06,-9.257507324278436e-06,1.0,0.3492509424686432,scored_both,scored_both
3FUH,A:5H1:710,eligible_stereochemistry_review,0.49658799171447754,5.490249156951904,0.4966,5.4902,-1.2008285522446815e-05,4.915695190454983e-05,0.9736841917037964,0.3545871675014496,scored_both,scored_both
3FUJ,A:00G:710,eligible_stereochemistry_review,0.6834016442298889,6.633808135986328,0.6834,6.6338,1.644229888908555e-06,8.135986328206002e-06,0.9603365659713745,0.26587700843811035,scored_both,scored_both
3FUK,A:58Z:710,eligible_stereochemistry_review,1.4980155229568481,3.0778164863586426,1.498,3.0778,1.5522956848146308e-05,1.6486358642708865e-05,0.7564898133277893,0.551251232624054,scored_both,scored_both
3FUL,A:52D:710,eligible_stereochemistry_review,1.0877375602722168,7.38533878326416,1.0877,7.3853,3.756027221690772e-05,3.878326416018041e-05,0.8443995118141174,0.22209903597831726,scored_both,scored_both
3FUM,A:80A:710,eligible_stereochemistry_review,1.2014336585998535,6.4991912841796875,1.2014,6.4992,3.365859985349218e-05,-8.715820312588107e-06,0.8401360511779785,0.25772419571876526,scored_both,scored_both
3FV8,A:JK3:500,eligible_exact_graph,0.901922345161438,2.4576098918914795,0.9019,2.4576,2.2345161437953287e-05,9.891891479707482e-06,0.931277871131897,0.6544766426086426,scored_both,scored_both
3FXV,A:643:1,eligible_stereochemistry_review,1.867401361465454,,1.8674,3.4365,1.3614654541527216e-06,,0.7976519465446472,,scored_both,partial_or_no_metrics
3FXW,A:F10:1,eligible_stereochemistry_review,1.6891297101974487,2.509577751159668,1.6891,2.5096,2.971019744868464e-05,-2.224884033186214e-05,0.7755235433578491,0.5930493474006653,scored_both,scored_both
3FYJ,X:B97:372,eligible_stereochemistry_review,0.8098442554473877,1.751865029335022,0.8098,1.7519,4.425544738773102e-05,-3.4970664978040134e-05,0.902466356754303,0.6955804824829102,scored_both,scored_both
3FYK,X:B98:372,eligible_stereochemistry_review,1.1596862077713013,0.9976676106452942,1.1597,0.9977,-1.3792228698683573e-05,-3.238935470584181e-05,0.8323063254356384,0.8590425252914429,scored_both,scored_both
3FZ1,A:B98:299,eligible_stereochemistry_review,0.778303861618042,1.1428813934326172,0.7783,1.1429,3.861618042000359e-06,-1.86065673828395e-05,0.9347609281539917,0.8265977501869202,scored_both,scored_both
3FZS,A:B96:999,eligible_stereochemistry_review,0.664797842502594,2.8168952465057373,0.6648,2.8169,-2.157497405952391e-06,-4.7534942626548116e-06,0.9667539000511169,0.5577538013458252,scored_both,scored_both
3G08,A:FEE:286,eligible_stereochemistry_review,1.884589433670044,,1.8846,4.7386,-1.0566329956107623e-05,,0.7345753312110901,,scored_both,partial_or_no_metrics
3G0E,A:B49:9000,eligible_stereochemistry_review,0.9079551696777344,1.6732796430587769,0.908,1.6733,-4.483032226565431e-05,-2.0356941223154124e-05,0.9109697937965393,0.7043393850326538,scored_both,scored_both
3G0W,A:LGB:1,eligible_exact_graph,0.6281654834747314,0.8365920782089233,0.6282,0.8366,-3.4516525268535325e-05,-7.921791076670459e-06,0.9475228190422058,0.8944925665855408,scored_both,scored_both
3G1M,A:RF3:217,eligible_exact_graph,0.9512035846710205,6.236199855804443,0.9512,6.2362,3.5846710204623378e-06,-1.4419555682820828e-07,0.9077480435371399,0.25206610560417175,scored_both,scored_both
3G2H,A:KOT:998,eligible_stereochemistry_review,0.8871063590049744,2.1207568645477295,0.8871,2.1208,6.35900497436559e-06,-4.3135452270526287e-05,0.8971893787384033,0.6809252500534058,scored_both,scored_both
3G2I,A:RUG:998,eligible_stereochemistry_review,0.5910654067993164,1.1143848896026611,0.5911,1.1144,-3.459320068355254e-05,-1.5110397338924386e-05,0.9519684910774231,0.8276487588882446,scored_both,scored_both
3G2J,A:9GP:998,eligible_stereochemistry_review,0.7639821171760559,2.434358596801758,0.764,2.4344,-1.788282394410423e-05,-4.140319824230687e-05,0.8922559022903442,0.5366528630256653,scored_both,scored_both
3G2K,A:SKY:998,eligible_stereochemistry_review,1.0362536907196045,1.8187534809112549,1.0363,1.8188,-4.630928039550675e-05,-4.6519088745089476e-05,0.8462353944778442,0.7142509818077087,scored_both,scored_both
3G2N,A:OAK:998,eligible_stereochemistry_review,0.9406833648681641,1.262276291847229,0.9407,1.2623,-1.6635131835918138e-05,-2.370815277097371e-05,0.8890489935874939,0.7977684736251831,scored_both,scored_both
3G3M,A:5FU:1000,eligible_stereochemistry_review,0.7495913505554199,3.3540215492248535,0.7496,3.354,-8.649444580122179e-06,2.1549224853423254e-05,0.9264000058174133,0.46842411160469055,scored_both,scored_both
3G42,A:792:1,eligible_stereochemistry_review,0.7579571008682251,,0.758,40.8241,-4.289913177490945e-05,,0.943617045879364,,scored_both,partial_or_no_metrics
3G9L,X:J67:1,eligible_stereochemistry_review,,3.214324951171875,1.5528,3.2143,,2.495117187484297e-05,,0.5364536643028259,partial_or_no_metrics,scored_both
3GBE,A:NOJ:8000,eligible_stereochemistry_review,0.7000026702880859,2.798015832901001,0.7,2.798,2.670288085981909e-06,1.583290100093393e-05,0.9235782027244568,0.5593869686126709,scored_both,scored_both
3GC4,A:AAQ:395,eligible_stereochemistry_review,0.47858408093452454,5.222395420074463,0.4786,5.2224,-1.591906547548927e-05,-4.5799255374845416e-06,0.9729064106941223,0.34929078817367554,scored_both,scored_both
3GC5,A:2MQ:400,eligible_stereochemistry_review,0.37844011187553406,1.2734416723251343,0.3784,1.2734,4.0111875534043495e-05,4.167232513418995e-05,0.9833585619926453,0.77513587474823,scored_both,scored_both
3GC7,A:B45:361,eligible_stereochemistry_review,,4.566396236419678,1.5406,4.5664,,-3.7635803220581465e-06,,0.34771454334259033,partial_or_no_metrics,scored_both
3GCP,A:SB2:361,eligible_stereochemistry_review,0.5790966153144836,8.783576965332031,0.5791,8.7836,-3.3846855163055523e-06,-2.3034667968602207e-05,0.9525446891784668,0.18432027101516724,scored_both,scored_both
3GCS,A:BAX:401,eligible_stereochemistry_review,,11.487287521362305,1.4466,11.4873,,-1.2478637694712802e-05,,0.1440129429101944,partial_or_no_metrics,scored_both
3GCV,A:SS6:361,eligible_stereochemistry_review,0.8495240807533264,2.0769119262695312,0.8495,2.0769,2.4080753326383153e-05,1.1926269531059575e-05,0.9104265570640564,0.6378281712532043,scored_both,scored_both
3GEN,A:B43:1,eligible_stereochemistry_review,0.4865909516811371,2.254476547241211,0.4866,2.2545,-9.048318862892035e-06,-2.345275878923303e-05,0.9764516353607178,0.6821022629737854,scored_both,scored_both
3GF2,A:SAL:147,eligible_stereochemistry_review,1.347917079925537,12.632889747619629,1.3479,12.6329,1.707992553701132e-05,-1.0252380370445735e-05,0.7745398879051208,0.052439022809267044,scored_both,scored_both
3GGU,B:017:201,eligible_stereochemistry_review,0.8383369445800781,3.55222749710083,0.8383,3.5522,3.694458007807988e-05,2.7497100830053967e-05,0.8977384567260742,0.44819021224975586,scored_both,scored_both
3GI5,A:K62:200,eligible_stereochemistry_review,1.2620902061462402,4.00806999206543,1.2621,4.0081,-9.79385375976527e-06,-3.0007934570086547e-05,0.8552278876304626,0.4378109574317932,scored_both,scored_both
3GJD,A:LEU:519,eligible_exact_graph,9.895560264587402,3.3529508113861084,9.8956,3.353,-3.973541259760793e-05,-4.918861389180407e-05,0.12757731974124908,0.5128571391105652,scored_both,scored_both
3GJW,A:GJW:351,eligible_exact_graph,0.2837355136871338,1.3713029623031616,0.2837,1.3713,3.5513687133781335e-05,2.9623031616576867e-06,0.9986085295677185,0.7716262936592102,scored_both,scored_both
3GK1,A:32A:94,eligible_exact_graph,0.5893352031707764,8.163053512573242,0.5893,8.1631,3.520317077632118e-05,-4.648742675783524e-05,0.9673295617103577,0.27738264203071594,scored_both,scored_both
3GK2,A:27A:94,eligible_stereochemistry_review,1.1517428159713745,11.44204044342041,1.1517,11.442,4.281597137456572e-05,4.044342040998572e-05,0.8547903895378113,0.1029069796204567,scored_both,scored_both
3GM0,A:B41:600,eligible_exact_graph,0.41192805767059326,5.9306321144104,0.4119,5.9306,2.8057670593273354e-05,3.211441040029683e-05,0.9733059406280518,0.33528196811676025,scored_both,scored_both
3GN7,A:3GN:900,eligible_stereochemistry_review,1.3506790399551392,1.9119638204574585,1.3507,1.912,-2.0960044860851568e-05,-3.6179542541425747e-05,0.885169506072998,0.6940298676490784,scored_both,scored_both
3GPE,A:PT5:600,eligible_stereochemistry_review,,,1.6816,4.6564,,,,,partial_or_no_metrics,partial_or_no_metrics
3GR2,A:GF4:1,eligible_exact_graph,0.5046334862709045,28.681020736694336,65.08,36.5277,-64.5753665137291,-7.846679263305667,0.9210097789764404,0.0,scored_both,scored_both
3GS6,A:NP6:341,eligible_exact_graph,0.44573506712913513,4.233084201812744,0.4457,4.2331,3.506712913514676e-05,-1.579818725616633e-05,0.9685828685760498,0.4098360538482666,scored_both,scored_both
3GSM,A:VPU:341,eligible_exact_graph,0.912768542766571,2.555091381072998,0.9128,2.5551,-3.1457233428899833e-05,-8.618927001879939e-06,0.8898176550865173,0.5982142686843872,scored_both,scored_both
3GVB,A:3GV:1,eligible_exact_graph,6.604048728942871,12.821640968322754,57.6456,12.8216,-51.04155127105713,4.096832275379825e-05,0.2400568127632141,0.03540175035595894,scored_both,scored_both
3GWT,A:066:1,eligible_stereochemistry_review,0.6085421442985535,,0.6085,4.68,4.214429855342594e-05,,0.9503649473190308,,scored_both,partial_or_no_metrics
3GWU,A:SRE:801,eligible_stereochemistry_review,1.7333401441574097,5.316015720367432,1.7333,5.316,4.0144157409605086e-05,1.572036743180405e-05,0.7159926295280457,0.3580508530139923,scored_both,scored_both
3GWV,A:RFX:801,eligible_stereochemistry_review,0.8594954609870911,5.746233940124512,0.8595,5.7462,-4.539012908977291e-06,3.394012451174433e-05,0.8978300094604492,0.29355669021606445,scored_both,scored_both
3GWW,A:SFX:801,eligible_stereochemistry_review,0.37806013226509094,7.193731307983398,0.3781,7.1937,-3.986773490904927e-05,3.130798339867624e-05,0.9890710115432739,0.22380749881267548,scored_both,scored_both
3GX0,A:GDS:301,eligible_stereochemistry_review,4.328064918518066,,4.3281,6.4833,-3.5081481933652015e-05,,0.6608594655990601,,scored_both,partial_or_no_metrics
3H0V,A:M2T:368,eligible_stereochemistry_review,29.54411506652832,4.37264347076416,29.5441,4.3726,1.5066528320062389e-05,4.347076415989193e-05,0.0,0.3493114411830902,scored_both,scored_both
3H3C,A:P1E:999,eligible_stereochemistry_review,1.229380488395691,1.28299081325531,1.2294,1.283,-1.9511604309130348e-05,-9.186744689859694e-06,0.8917018175125122,0.819888710975647,scored_both,scored_both
3HAU,A:2NC:0,eligible_stereochemistry_review,,,4.5683,6.008,,,,,partial_or_no_metrics,partial_or_no_metrics
3HAW,B:2NC:0,eligible_stereochemistry_review,2.105452537536621,,2.1055,4.1459,-4.7462463379055464e-05,,0.7246351838111877,,scored_both,partial_or_no_metrics
3HB4,X:E2B:700,eligible_stereochemistry_review,0.8825978636741638,4.375085830688477,0.8826,4.3751,-2.1363258362327997e-06,-1.4169311523204442e-05,0.8900119066238403,0.31450995802879333,scored_both,scored_both
3HBO,A:2NC:0,eligible_stereochemistry_review,1.3459333181381226,,1.3459,4.6666,3.3318138122462315e-05,,0.832909107208252,,scored_both,partial_or_no_metrics
3HDK,B:2NC:0,eligible_stereochemistry_review,2.1338858604431152,,2.1339,5.193,-1.4139556884895654e-05,,0.75239497423172,,scored_both,partial_or_no_metrics
3HDZ,A:PD6:400,eligible_stereochemistry_review,0.6890920400619507,5.158671855926514,0.6891,5.1587,-7.959938049362236e-06,-2.8144073485947274e-05,0.9213043451309204,0.382121205329895,scored_both,scored_both
3HFJ,A:DZ9:202,eligible_stereochemistry_review,8.546340942382812,6.84244441986084,8.5463,7.5652,4.0942382812048095e-05,-0.7227555801391601,0.21350806951522827,0.25,scored_both,scored_both
3HK1,A:B64:132,eligible_exact_graph,1.0884367227554321,4.959297180175781,1.0884,4.9593,3.67227554320948e-05,-2.819824218569522e-06,0.9011628031730652,0.37641510367393494,scored_both,scored_both
3HKQ,A:1SD:300,eligible_stereochemistry_review,1.4052690267562866,2.4881503582000732,1.4053,2.4881,-3.097324371337251e-05,5.0358200073041814e-05,0.8178732991218567,0.6244444251060486,scored_both,scored_both
3HKU,A:TOR:300,eligible_stereochemistry_review,1.047664761543274,1.955406904220581,1.0477,1.9554,-3.523845672614989e-05,6.904220581027687e-06,0.8890600800514221,0.6540858745574951,scored_both,scored_both
3HL7,A:I47:401,eligible_stereochemistry_review,1.3309710025787354,5.087677955627441,1.331,5.0877,-2.8997421264609358e-05,-2.2044372558482905e-05,0.8858936429023743,0.3529411852359772,scored_both,scored_both
3HL8,A:BBP:501,eligible_stereochemistry_review,,,0.4697,6.1161,,,,,partial_or_no_metrics,partial_or_no_metrics
3HLL,A:I45:401,eligible_stereochemistry_review,0.5030328035354614,3.0362792015075684,0.503,3.0363,3.280353546142312e-05,-2.0798492431861604e-05,0.9727272987365723,0.47702568769454956,scored_both,scored_both
3HNG,A:8ST:2001,eligible_exact_graph,0.267333447933197,1.8749974966049194,0.2673,1.875,3.3447933197039426e-05,-2.5033950805664062e-06,1.0,0.6893423795700073,scored_both,scored_both
3HP2,A:P36:401,eligible_stereochemistry_review,0.4655607342720032,11.155735969543457,0.4656,11.1557,-3.926572799684003e-05,3.596954345752579e-05,0.9800918698310852,0.13253477215766907,scored_both,scored_both
3HP5,A:52P:401,eligible_stereochemistry_review,1.535907506942749,2.714909791946411,1.5359,2.7149,7.50694274898045e-06,9.791946411041863e-06,0.7575210332870483,0.5301724076271057,scored_both,scored_both
3HQR,A:OGA:600,eligible_exact_graph,0.2043260782957077,3.3717997074127197,0.2043,3.3718,2.6078295707693266e-05,-2.925872801817775e-07,1.0,0.46863800287246704,scored_both,scored_both
3HR1,A:PF9:999,eligible_stereochemistry_review,0.7932750582695007,2.781998872756958,0.7933,2.782,-2.494173049927273e-05,-1.1272430420206092e-06,0.9225195050239563,0.595829427242279,scored_both,scored_both
3HRB,A:I39:1,eligible_stereochemistry_review,0.8848950266838074,7.596181392669678,0.8849,7.5962,-4.973316192646848e-06,-1.8607330321884774e-05,0.8953220844268799,0.19646860659122467,scored_both,scored_both
3HRF,A:P47:1374,eligible_stereochemistry_review,18.173748016357422,,18.1737,17.0842,4.801635742168742e-05,,0.005549389403313398,,scored_both,partial_or_no_metrics
3HUC,A:G97:362,eligible_stereochemistry_review,7.063149452209473,7.429779529571533,7.0631,7.4298,4.945220947227824e-05,-2.0470428466978774e-05,0.46191513538360596,0.28599801659584045,scored_both,scored_both
3HV6,A:R39:361,eligible_stereochemistry_review,0.6397960186004639,,0.6398,3.6885,-3.981399536168162e-06,,0.949945867061615,,scored_both,partial_or_no_metrics
3HV7,A:1AU:361,eligible_stereochemistry_review,0.45219796895980835,1.7509748935699463,0.4522,1.751,-2.0310401916412424e-06,-2.5106430053600803e-05,0.9900841116905212,0.7147207856178284,scored_both,scored_both
3HVH,A:542:1,eligible_exact_graph,0.9774221777915955,4.755983352661133,0.9774,4.756,2.2177791595412444e-05,-1.6647338867414874e-05,0.8926136493682861,0.46695759892463684,scored_both,scored_both
3HVK,A:719:267,eligible_exact_graph,0.6691998839378357,3.970677614212036,0.6692,3.9707,-1.1606216432369365e-07,-2.2385787963763448e-05,0.9358679056167603,0.4591388404369354,scored_both,scored_both
3HX3,A:RET:400,eligible_exact_graph,0.5222002863883972,2.3191463947296143,0.5222,2.3191,2.863883972192838e-07,4.639472961409652e-05,0.8588342666625977,0.5693456530570984,scored_both,scored_both
3HXB,B:BD5:332,eligible_stereochemistry_review,5.5125885009765625,,5.5126,5.4934,-1.1499023437444578e-05,,0.28999999165534973,,scored_both,partial_or_no_metrics
3HXD,B:BD7:334,eligible_stereochemistry_review,6.237747669219971,,6.2377,8.1547,4.76692199704587e-05,,0.3495004177093506,,scored_both,partial_or_no_metrics
3HXF,B:BD9:334,eligible_stereochemistry_review,8.479700088500977,,8.4797,7.9021,8.850097721335715e-08,,0.15518257021903992,,scored_both,partial_or_no_metrics
3HY5,A:RET:400,eligible_exact_graph,1.0791293382644653,,1.0791,3.7114,2.93382644653839e-05,,0.8466386795043945,,scored_both,partial_or_no_metrics
3HZM,B:KDO:303,eligible_stereochemistry_review,0.5934550166130066,3.7657382488250732,0.5935,3.7657,-4.498338699343574e-05,3.824882507341698e-05,0.9766082167625427,0.48492908477783203,scored_both,scored_both
3I0R,A:RT3:601,eligible_stereochemistry_review,0.9995436668395996,,0.9995,3.8428,4.366683959955431e-05,,0.8702805042266846,,scored_both,partial_or_no_metrics
3I0S,A:RT7:601,eligible_stereochemistry_review,1.166597843170166,3.606483221054077,1.1666,3.6065,-2.156829834065732e-06,-1.6778945922890642e-05,0.8655462265014648,0.5376142859458923,scored_both,scored_both
3I1Y,A:33N:999,eligible_stereochemistry_review,0.3290465772151947,,0.329,5.5236,4.6577215194687493e-05,,0.9958620667457581,,scored_both,partial_or_no_metrics
3I4Y,A:35C:1,eligible_stereochemistry_review,0.5927924513816833,5.6336445808410645,0.5928,5.6336,-7.548618316643996e-06,4.458084106406801e-05,0.9620822668075562,0.313353568315506,scored_both,scored_both
3I51,A:45C:1,eligible_stereochemistry_review,0.5024492740631104,6.515117168426514,0.5024,6.5151,4.927406311039384e-05,1.71684265133365e-05,0.9651898741722107,0.24075444042682648,scored_both,scored_both
3I6M,A:G3X:1,eligible_stereochemistry_review,1.2587385177612305,,1.2587,4.1298,3.851776123053874e-05,,0.8190559148788452,,scored_both,partial_or_no_metrics
3I6O,B:GR6:301,eligible_stereochemistry_review,0.8063977956771851,6.274259090423584,0.8064,8.3327,-2.2043228149470906e-06,-2.058440909576417,0.906120777130127,0.22532467544078827,scored_both,scored_both
3I6Z,A:G6X:1,eligible_stereochemistry_review,1.3486385345458984,,1.3486,4.1669,3.853454589841654e-05,,0.7863677740097046,,scored_both,partial_or_no_metrics
3I73,A:ADP:589,eligible_stereochemistry_review,22.321453094482422,21.279890060424805,22.3215,21.2799,-4.690551757846606e-05,-9.939575196682426e-06,0.0,0.0042307693511247635,scored_both,scored_both
3I7G,A:732:999,eligible_stereochemistry_review,2.789243698120117,19.816783905029297,40.0761,20.8776,-37.28685630187988,-1.0608160949707042,0.7863984704017639,0.0,scored_both,scored_both
3I9G,L:S1P:401,eligible_exact_graph,1.3446784019470215,3.293989419937134,1.3447,3.294,-2.159805297852202e-05,-1.0580062866250017e-05,0.8311648368835449,0.5492213368415833,scored_both,scored_both
3IBI,A:BOW:300,eligible_exact_graph,0.6356337070465088,2.398754596710205,0.6356,2.3988,3.370704650873524e-05,-4.540328979496522e-05,0.9583333134651184,0.5933734774589539,scored_both,scored_both
3IBL,A:O59:300,eligible_exact_graph,0.6697842478752136,1.6003737449645996,0.6698,1.6004,-1.5752124786327926e-05,-2.625503540043539e-05,0.9444444179534912,0.70168536901474,scored_both,scored_both
3IBN,A:O60:300,eligible_exact_graph,0.9898959994316101,2.6937906742095947,0.9899,2.6938,-4.00056838989471e-06,-9.325790405245726e-06,0.9212018251419067,0.6132978796958923,scored_both,scored_both
3IBU,A:O48:300,eligible_exact_graph,0.9394013285636902,1.7249513864517212,0.9394,1.725,1.328563690172757e-06,-4.861354827889741e-05,0.9066416025161743,0.7598039507865906,scored_both,scored_both
3IEO,A:AMJ:300,eligible_stereochemistry_review,2.864690065383911,,2.8647,5.8707,-9.934616088891346e-06,,0.5857843160629272,,scored_both,partial_or_no_metrics
3IF7,A:SPU:153,eligible_exact_graph,0.7390322685241699,,0.739,6.1288,3.2268524169931645e-05,,0.9413854479789734,,scored_both,partial_or_no_metrics
3IG1,A:JTH:1001,eligible_exact_graph,0.45073235034942627,5.8729987144470215,0.4507,5.873,3.235034942628001e-05,-1.2855529787358932e-06,0.9969135522842407,0.28710246086120605,scored_both,scored_both
3IG7,A:EFP:999,eligible_stereochemistry_review,1.13535475730896,1.4424636363983154,1.1354,1.4425,-4.524269104000389e-05,-3.636360168446373e-05,0.8958333134651184,0.7991347312927246,scored_both,scored_both
3IGG,A:EFQ:999,eligible_stereochemistry_review,0.45168375968933105,1.5256701707839966,0.4517,1.5257,-1.624031066893572e-05,-2.98292160034741e-05,0.9798850417137146,0.7693430781364441,scored_both,scored_both
3IHZ,A:FK5:501,eligible_exact_graph,1.8605464696884155,,1.8605,3.4198,4.646968841548471e-05,,0.7132952809333801,,scored_both,partial_or_no_metrics
3IIT,A:D14:700,eligible_stereochemistry_review,1.4260677099227905,2.170009136199951,1.4261,2.17,-3.229007720939592e-05,9.13619995124293e-06,0.9086589217185974,0.61421799659729,scored_both,scored_both
3IJG,C:AVR:200,eligible_stereochemistry_review,6.798628807067871,17.59263801574707,33.3269,21.4275,-26.52827119293213,-3.834861984252928,0.24394463002681732,0.00028604117687791586,scored_both,scored_both
3IL6,A:B83:401,eligible_stereochemistry_review,0.7091841697692871,3.93239164352417,0.7092,3.9324,-1.5830230712943205e-05,-8.356475829973675e-06,0.8977407813072205,0.4204055368900299,scored_both,scored_both
3ILQ,C:1O2:286,eligible_exact_graph,12.0203275680542,,12.0203,4.778,2.7568054198567893e-05,,0.17990654706954956,,scored_both,partial_or_no_metrics
3IOF,A:IFS:308,eligible_exact_graph,0.2170991450548172,3.5027759075164795,0.2171,3.5028,-8.549451827877252e-07,-2.4092483520643526e-05,1.0,0.4636894762516022,scored_both,scored_both
3IOG,A:SDF:311,eligible_stereochemistry_review,2.615408182144165,3.0119636058807373,2.6154,3.012,8.182144164869953e-06,-3.639411926270597e-05,0.6082352995872498,0.5099337697029114,scored_both,scored_both
3IOI,A:1GW:355,eligible_stereochemistry_review,1.3997722864151,4.235415458679199,1.3998,4.2354,-2.7713584899835553e-05,1.545867919894306e-05,0.8274685144424438,0.41847825050354004,scored_both,scored_both
3IP5,A:ALA:500,eligible_exact_graph,1.4264442920684814,4.660306453704834,1.4264,4.6603,4.429206848155509e-05,6.453704833653262e-06,0.7575757503509521,0.41267943382263184,scored_both,scored_both
3IP6,A:PRO:500,eligible_exact_graph,2.0259909629821777,3.9558355808258057,2.026,3.9558,-9.037017822066673e-06,3.5580825805681116e-05,0.6313186883926392,0.4535984992980957,scored_both,scored_both
3IP8,A:B85:249,eligible_exact_graph,0.2259903848171234,2.206650495529175,0.226,2.2067,-9.615182876593353e-06,-4.950447082530118e-05,1.0,0.6590909361839294,scored_both,scored_both
3IP9,A:ABU:357,eligible_exact_graph,0.5928699374198914,4.893462657928467,0.5929,4.8935,-3.006258010862517e-05,-3.7342071533608134e-05,0.9575757384300232,0.4357142746448517,scored_both,scored_both
3IPA,A:ALA:500,eligible_exact_graph,1.4373204708099365,3.840728998184204,1.4373,3.8407,2.047080993650141e-05,2.899818420409872e-05,0.755384624004364,0.4653652310371399,scored_both,scored_both
3IPH,A:G11:361,eligible_stereochemistry_review,0.9546461701393127,2.7317962646484375,0.9546,2.7318,4.6170139312740055e-05,-3.735351562283995e-06,0.897020697593689,0.5762665271759033,scored_both,scored_both
3IPX,A:B86:262,eligible_exact_graph,0.6046505570411682,1.9222376346588135,0.6047,1.9222,-4.9442958831802386e-05,3.763465881356787e-05,0.9564831256866455,0.6704215407371521,scored_both,scored_both
3IRX,A:UDR:556,eligible_stereochemistry_review,2.5616226196289062,,2.5616,8.1013,2.2619628906372924e-05,,0.6813725233078003,,scored_both,partial_or_no_metrics
3ITC,A:CIT:503,eligible_exact_graph,0.3527243435382843,2.5377516746520996,0.3527,2.5378,2.4343538284288258e-05,-4.832534790022436e-05,0.9955089688301086,0.6063829660415649,scored_both,scored_both
3IU9,A:T07:288,eligible_exact_graph,0.2529425621032715,4.165460586547852,0.2529,4.1655,4.25621032714707e-05,-3.9413452148195915e-05,1.0,0.4080381393432617,scored_both,scored_both
3IUT,A:KB2:300,eligible_stereochemistry_review,0.5969715714454651,,0.597,7.2992,-2.842855453488724e-05,,0.9560906291007996,,scored_both,partial_or_no_metrics
3IVG,B:FG5:305,eligible_stereochemistry_review,1.4106080532073975,,1.4106,26.1596,8.05320739738491e-06,,0.7990296483039856,,scored_both,partial_or_no_metrics
3IVH,A:1LI:1,eligible_stereochemistry_review,0.7555534243583679,,0.7556,4.5108,-4.657564163212946e-05,,0.9199561476707458,,scored_both,partial_or_no_metrics
3IW5,A:DF3:362,eligible_stereochemistry_review,0.9902482628822327,3.1516711711883545,0.9902,3.1517,4.8262882232696924e-05,-2.882881164545381e-05,0.884861946105957,0.4811893105506897,scored_both,scored_both
3IW7,A:IPK:361,eligible_stereochemistry_review,0.6144102215766907,6.300580978393555,0.6144,6.3006,1.0221576690727652e-05,-1.9021606445512873e-05,0.9616013169288635,0.2163461595773697,scored_both,scored_both
3IW8,A:HIZ:361,eligible_stereochemistry_review,0.6101527810096741,7.8777570724487305,0.6102,7.8778,-4.7218990325892385e-05,-4.2927551269222874e-05,0.960422158241272,0.22586633265018463,scored_both,scored_both
3IWW,A:YZE:1,eligible_stereochemistry_review,1.0357418060302734,,1.0357,4.3551,4.1806030273372485e-05,,0.8925372958183289,,scored_both,partial_or_no_metrics
3JDW,A:ORN:500,eligible_exact_graph,,,0.3339,4.5665,,,,,partial_or_no_metrics,partial_or_no_metrics
3JRX,A:S1A:1000,eligible_exact_graph,1.749941110610962,8.466731071472168,1.7499,8.4667,4.111061096190305e-05,3.107147216852013e-05,0.7835078239440918,0.12646695971488953,scored_both,scored_both
3JY0,A:LYG:1000,eligible_stereochemistry_review,0.7972108721733093,1.9176496267318726,0.7972,1.9176,1.0872173309306454e-05,4.962673187258737e-05,0.9416835904121399,0.6666666865348816,scored_both,scored_both
3JZF,B:JZK:466,eligible_stereochemistry_review,0.7855798006057739,,0.7856,3.3063,-2.0199394226039225e-05,,0.9276463985443115,,scored_both,partial_or_no_metrics
3JZK,A:YIN:1,eligible_stereochemistry_review,1.5342639684677124,5.020646572113037,1.5343,5.0206,-3.6031532287594814e-05,4.657211303715769e-05,0.7446191906929016,0.2695463299751282,scored_both,scored_both
3K02,A:TXT:405,eligible_stereochemistry_review,,,2.787,6.7313,,,,,partial_or_no_metrics,partial_or_no_metrics
3K3I,A:JZJ:1,eligible_exact_graph,0.42735597491264343,2.2698724269866943,0.4274,2.2699,-4.4025087356569514e-05,-2.7573013305470795e-05,0.97420334815979,0.667639434337616,scored_both,scored_both
3K54,A:1N1:1,eligible_stereochemistry_review,1.8838976621627808,2.4001669883728027,1.8839,2.4002,-2.337837219146266e-06,-3.301162719715478e-05,0.7508640289306641,0.5985603332519531,scored_both,scored_both
3K5U,A:PFQ:1001,eligible_stereochemistry_review,0.7276613116264343,5.602130889892578,0.7277,5.6021,-3.868837356568733e-05,3.088989257804542e-05,0.910287082195282,0.3949197828769684,scored_both,scored_both
3K5X,A:P8D:401,eligible_stereochemistry_review,0.7603700160980225,,0.7604,2.0388,-2.998390197750389e-05,,0.9159836173057556,,scored_both,partial_or_no_metrics
3KAD,A:4C0:164,eligible_stereochemistry_review,1.1015818119049072,2.7364022731781006,1.1016,2.7364,-1.818809509268604e-05,2.273178100420381e-06,0.8815789222717285,0.5571191906929016,scored_both,scored_both
3KAG,A:4D7:164,eligible_stereochemistry_review,0.4389747083187103,4.247641563415527,0.439,4.2476,-2.5291681289674184e-05,4.156341552707943e-05,0.9890804886817932,0.35223764181137085,scored_both,scored_both
3KB3,A:A8S:189,eligible_exact_graph,1.0813640356063843,3.854219913482666,1.0814,3.8542,-3.596439361563952e-05,1.991348266594528e-05,0.8690476417541504,0.3858773112297058,scored_both,scored_both
3KB7,A:071:1,eligible_stereochemistry_review,1.0949629545211792,6.155616283416748,1.095,6.1556,-3.7045478820774136e-05,1.6283416748308355e-05,0.8336021304130554,0.3027097284793854,scored_both,scored_both
3KDC,A:JZP:100,eligible_stereochemistry_review,1.0891398191452026,,1.0891,3.457,3.9819145202679707e-05,,0.8767550587654114,,scored_both,partial_or_no_metrics
3KED,A:DAB:880,eligible_exact_graph,2.2965216636657715,2.8587098121643066,2.2965,2.8587,2.1663665771498586e-05,9.81216430684384e-06,0.7146596908569336,0.5525404214859009,scored_both,scored_both
3KF7,A:L9G:401,eligible_stereochemistry_review,0.8286510109901428,3.460508108139038,0.8287,3.4605,-4.898900985716992e-05,8.108139037954487e-06,0.9073834419250488,0.5118392109870911,scored_both,scored_both
3KGA,A:LX9:365,eligible_stereochemistry_review,0.8137180209159851,5.301063060760498,0.8137,5.3011,1.802091598512856e-05,-3.6939239501876386e-05,0.888920783996582,0.4197588264942169,scored_both,scored_both
3KGQ,A:CIT:310,eligible_exact_graph,0.18879126012325287,3.0755138397216797,0.1888,3.0755,-8.739876747126951e-06,1.3839721679786976e-05,1.0,0.5695142149925232,scored_both,scored_both
3KHV,A:4AL:4069,eligible_exact_graph,0.4285620152950287,,0.4286,4.2938,-3.798470497129447e-05,,0.9979451894760132,,scored_both,partial_or_no_metrics
3KIG,A:DA4:504,eligible_stereochemistry_review,0.5167385339736938,2.7002861499786377,0.5167,2.7003,3.853397369379952e-05,-1.3850021362227238e-05,0.9882698059082031,0.5741822719573975,scored_both,scored_both
3KIV,A:ACA:100,eligible_exact_graph,0.763117253780365,,0.7631,3.8446,1.72537803649897e-05,,0.9309338331222534,,scored_both,partial_or_no_metrics
3KJF,B:B92:285,eligible_exact_graph,1.0869799852371216,,1.087,6.4026,-2.0014762878384218e-05,,0.8740941882133484,,scored_both,partial_or_no_metrics
3KJN,A:B93:950,eligible_stereochemistry_review,4.980037689208984,3.215388774871826,4.98,3.2154,3.7689208983948674e-05,-1.1225128173641963e-05,0.515544056892395,0.4698103666305542,scored_both,scored_both
3KJQ,A:B94:480,eligible_stereochemistry_review,1.1005120277404785,2.3005049228668213,1.1005,2.3005,1.2027740478481874e-05,4.922866821299721e-06,0.8625954389572144,0.6548076868057251,scored_both,scored_both
3KKU,A:B95:216,eligible_stereochemistry_review,3.8777129650115967,,3.8777,4.3615,1.2965011596755005e-05,,0.6304794549942017,,scored_both,partial_or_no_metrics
3KL6,A:443:1,eligible_stereochemistry_review,1.1250832080841064,2.961439609527588,1.1251,2.9614,-1.6791915893543674e-05,3.960952758808034e-05,0.89453125,0.5033444762229919,scored_both,scored_both
3KMC,B:403:485,eligible_stereochemistry_review,0.5071277618408203,10.513714790344238,51.7822,10.5137,-51.27507223815918,1.4790344238235775e-05,0.9649493098258972,0.06999211013317108,scored_both,scored_both
3KME,B:Z59:485,eligible_stereochemistry_review,1.0108555555343628,23.198104858398438,1.0109,23.1981,-4.444446563711679e-05,4.858398437335154e-06,0.8826836347579956,0.0,scored_both,scored_both
3KQB,A:LGJ:301,eligible_stereochemistry_review,,1.7382651567459106,1.3907,1.7383,,-3.484325408931177e-05,,0.755323052406311,partial_or_no_metrics,scored_both
3KQC,A:LGK:301,eligible_stereochemistry_review,1.1489849090576172,1.6374506950378418,1.149,1.6375,-1.5090942382833816e-05,-4.9304962158158716e-05,0.8684815764427185,0.7420419454574585,scored_both,scored_both
3KQD,A:LGL:301,eligible_stereochemistry_review,2.616330862045288,2.1819167137145996,2.6163,2.1819,3.0862045288237994e-05,1.6713714599436713e-05,0.7666906118392944,0.6824561357498169,scored_both,scored_both
3KQE,A:LGM:301,eligible_stereochemistry_review,1.599290370941162,2.092562198638916,1.5993,2.0926,-9.629058837834492e-06,-3.780136108400001e-05,0.7733827233314514,0.7375372052192688,scored_both,scored_both
3KRL,A:KRL:1,eligible_exact_graph,,,0.7801,2.6335,,,,,partial_or_no_metrics,partial_or_no_metrics
3KRW,A:BA1:690,eligible_stereochemistry_review,0.7131816744804382,7.350616455078125,0.7132,7.3506,-1.832551956171269e-05,1.6455078124977263e-05,0.9349696636199951,0.2192154973745346,scored_both,scored_both
3KSL,B:SZH:438,eligible_representation_review,1.671826720237732,,1.6718,3.5227,2.6720237731980845e-05,,0.7858479022979736,,scored_both,partial_or_no_metrics
3KSQ,B:Z96:439,eligible_stereochemistry_review,3.7771215438842773,,3.7771,5.824,2.1543884277441805e-05,,0.48006534576416016,,scored_both,partial_or_no_metrics
3KW9,A:ORG:216,eligible_exact_graph,0.5929182767868042,2.411557674407959,0.5929,2.4116,1.8276786804216627e-05,-4.232559204098152e-05,0.952404797077179,0.6783154010772705,scored_both,scored_both
3KWA,A:SPM:300,eligible_exact_graph,5.027697563171387,4.435135364532471,5.0277,4.4351,-2.436828613561204e-06,3.53645324704388e-05,0.4414460361003876,0.35296541452407837,scored_both,scored_both
3KWZ,A:KWZ:222,eligible_stereochemistry_review,1.9820767641067505,7.9877471923828125,1.9821,7.9877,-2.3235893249484718e-05,4.719238281225557e-05,0.7105091214179993,0.204627126455307,scored_both,scored_both
3KX1,A:KX1:216,eligible_stereochemistry_review,5.682593822479248,7.677058219909668,5.6826,7.6771,-6.177520751826648e-06,-4.1780090332288466e-05,0.6095545887947083,0.3671671152114868,scored_both,scored_both
3KYQ,A:DPV:201,eligible_exact_graph,0.8331031203269958,4.2280659675598145,0.8331,4.2281,3.1203269958979263e-06,-3.403244018596041e-05,0.8880331516265869,0.3815999925136566,scored_both,scored_both
3L0E,A:G58:1,eligible_stereochemistry_review,1.001049280166626,3.931086301803589,1.001,3.9311,4.92801666260867e-05,-1.3698196410949492e-05,0.8762008547782898,0.38637715578079224,scored_both,scored_both
3L13,A:JZW:1,eligible_stereochemistry_review,0.8855762481689453,2.4219279289245605,0.8856,2.4219,-2.3751831054741324e-05,2.792892456060514e-05,0.9129213690757751,0.5735446810722351,scored_both,scored_both
3L17,A:JZY:1,eligible_stereochemistry_review,1.4284727573394775,2.420654296875,1.4285,2.4207,-2.7242660522563966e-05,-4.5703125000073896e-05,0.7979452013969421,0.6313928365707397,scored_both,scored_both
3L1N,A:PLM:161,eligible_exact_graph,1.8180710077285767,24.598325729370117,1.8181,24.5983,-2.8992271423389226e-05,2.5729370118909856e-05,0.7416666746139526,0.0,scored_both,scored_both
3L38,A:879:1,eligible_stereochemistry_review,1.175938367843628,6.626008987426758,1.1759,6.626,3.83678436279844e-05,8.987426757478545e-06,0.8198621273040771,0.21848739683628082,scored_both,scored_both
3L3A,A:625:1,eligible_stereochemistry_review,1.1924208402633667,1.9628689289093018,1.1924,1.9629,2.0840263366794787e-05,-3.107109069833136e-05,0.8175926208496094,0.6935867071151733,scored_both,scored_both
3L3L,A:L3L:351,eligible_stereochemistry_review,0.49542587995529175,2.504068374633789,0.4954,2.5041,2.587995529174103e-05,-3.1625366211152084e-05,0.981448769569397,0.616909384727478,scored_both,scored_both
3L3M,A:A92:351,eligible_stereochemistry_review,1.0947619676589966,1.222084641456604,1.0948,1.2221,-3.803234100341335e-05,-1.535854339596021e-05,0.8803050518035889,0.8418635129928589,scored_both,scored_both
3L4U,A:DSK:4001,eligible_stereochemistry_review,3.007554054260254,,3.0076,3.7603,-4.594573974614491e-05,,0.7397875785827637,,scored_both,partial_or_no_metrics
3L4Z,A:SSD:1001,eligible_stereochemistry_review,1.423630952835083,3.591520071029663,1.4236,3.5915,3.095283508303126e-05,2.0071029663171203e-05,0.7730891704559326,0.4535236954689026,scored_both,scored_both
3L5R,A:47X:123,eligible_stereochemistry_review,1.3637744188308716,7.837212562561035,26.4555,9.7452,-25.09172558116913,-1.9079874374389654,0.7658102512359619,0.22586484253406525,scored_both,scored_both
3L6H,A:BET:1,eligible_exact_graph,0.21312597393989563,3.0495638847351074,0.2131,3.0496,2.5973939895618248e-05,-3.611526489244454e-05,1.0,0.5131856799125671,scored_both,scored_both
3L79,A:DKX:843,eligible_stereochemistry_review,0.9415397644042969,6.491510391235352,0.9415,6.4915,3.976440429687145e-05,1.0391235351292494e-05,0.8925269842147827,0.18033801019191742,scored_both,scored_both
3L7A,A:DKY:843,eligible_stereochemistry_review,1.0108691453933716,3.087237596511841,1.0109,3.0872,-3.085460662832773e-05,3.7596511840654045e-05,0.9022634029388428,0.5105285048484802,scored_both,scored_both
3L7B,A:DKZ:843,eligible_exact_graph,0.5117602944374084,11.00066089630127,0.5118,11.0007,-3.970556259158542e-05,-3.91036987306137e-05,0.9542880058288574,0.06672131270170212,scored_both,scored_both
3L7C,A:DK4:843,eligible_stereochemistry_review,0.7779842019081116,10.540238380432129,0.778,10.5402,-1.5798091888452603e-05,3.838043212844866e-05,0.9085366129875183,0.07550644874572754,scored_both,scored_both
3L7D,A:DK5:843,eligible_stereochemistry_review,2.0797667503356934,8.854912757873535,2.0798,8.8549,-3.3249664306733706e-05,1.2757873534496866e-05,0.6970081329345703,0.18237560987472534,scored_both,scored_both
3L8X,A:N4D:361,eligible_stereochemistry_review,0.7743579745292664,1.7738447189331055,0.7744,1.7738,-4.202547073361984e-05,4.471893310542541e-05,0.9128590226173401,0.7374847531318665,scored_both,scored_both
3L9N,A:L9N:351,eligible_stereochemistry_review,3.8673932552337646,,3.8674,1.5822,-6.744766235300403e-06,,0.45961347222328186,,scored_both,partial_or_no_metrics
3LBL,A:MI6:1,eligible_stereochemistry_review,,10.654497146606445,23.2873,22.6943,,-12.039802853393553,,0.05671296268701553,partial_or_no_metrics,scored_both
3LCO,A:LC0:999,eligible_stereochemistry_review,1.7885240316390991,,1.7885,3.8796,2.403163909914241e-05,,0.808809757232666,,scored_both,partial_or_no_metrics
3LDQ,A:3P1:401,eligible_stereochemistry_review,0.9086022973060608,2.3890628814697266,0.9086,2.3891,2.297306060827786e-06,-3.711853027343892e-05,0.9248533844947815,0.7228915691375732,scored_both,scored_both
3LFN,A:A27:299,eligible_stereochemistry_review,0.8758794069290161,1.3560988903045654,0.8759,1.3561,-2.059307098389862e-05,-1.109695434653446e-06,0.9049510955810547,0.8079374432563782,scored_both,scored_both
3LFS,A:A07:299,eligible_stereochemistry_review,0.7363052368164062,1.2146235704421997,0.7363,1.2146,5.236816406295475e-06,2.3570442199805086e-05,0.9282786846160889,0.8157051205635071,scored_both,scored_both
3LHJ,A:LHJ:361,eligible_stereochemistry_review,0.4573381543159485,3.037964105606079,0.4573,3.038,3.815431594850205e-05,-3.5894393920710144e-05,0.9799883961677551,0.5032439231872559,scored_both,scored_both
3LIR,A:EEC:1,eligible_stereochemistry_review,1.0445995330810547,2.6022698879241943,1.0446,2.6023,-4.669189452854994e-07,-3.0112075805721616e-05,0.9338235259056091,0.6019737124443054,scored_both,scored_both
3LJT,A:LA3:801,eligible_stereochemistry_review,2.160238265991211,,2.1602,3.0415,3.826599121081742e-05,,0.7312113046646118,,scored_both,partial_or_no_metrics
3LK1,A:JKE:93,eligible_exact_graph,0.3759017288684845,12.085444450378418,0.3759,12.0854,1.7288684844851687e-06,4.445037841804833e-05,0.9930070042610168,0.0994444414973259,scored_both,scored_both
3LMP,A:CEK:23,eligible_stereochemistry_review,1.1190288066864014,7.585139274597168,1.119,7.5851,2.8806686401372517e-05,3.9274597168237335e-05,0.8698412775993347,0.245365172624588,scored_both,scored_both
3LOX,A:MCX:999,eligible_stereochemistry_review,,,1.2354,14.1653,,,,,partial_or_no_metrics,partial_or_no_metrics
3LP0,A:LP7:601,eligible_stereochemistry_review,63.47024154663086,1.9542405605316162,63.4702,1.9542,4.1546630860977984e-05,4.056053161627382e-05,0.0,0.6918429136276245,scored_both,scored_both
3LQ5,A:SLQ:331,eligible_stereochemistry_review,2.158151149749756,9.027525901794434,2.1582,9.0275,-4.8850250244036886e-05,2.590179443373586e-05,0.7703333497047424,0.21879509091377258,scored_both,scored_both
3LS4,H:TCI:220,eligible_stereochemistry_review,12.636276245117188,4.490577220916748,12.6363,4.4906,-2.3754882812809797e-05,-2.2779083251656118e-05,0.0870818942785263,0.3472222089767456,scored_both,scored_both
3LVW,A:GSH:693,eligible_stereochemistry_review,1.0986778736114502,5.342182636260986,1.0987,5.3422,-2.2126388549814635e-05,-1.736373901373156e-05,0.8608617782592773,0.3208042085170746,scored_both,scored_both
3LXG,A:Z73:1,eligible_exact_graph,0.5574522018432617,1.8784925937652588,0.5575,1.8785,-4.779815673827681e-05,-7.406234741269557e-06,0.9904494285583496,0.7419659495353699,scored_both,scored_both
3LXK,A:MI1:1125,eligible_stereochemistry_review,0.7004517912864685,1.7550255060195923,0.7005,1.755,-4.820871353150569e-05,2.5506019592391738e-05,0.9433895945549011,0.7290322780609131,scored_both,scored_both
3LXO,A:T3P:601,eligible_stereochemistry_review,0.9393109679222107,2.356412410736084,0.9393,2.3564,1.0967922210669556e-05,1.2410736084156326e-05,0.8963302969932556,0.6355932354927063,scored_both,scored_both
3M11,A:AKI:1,eligible_stereochemistry_review,0.7122572064399719,,0.7123,11.7633,-4.27935600281204e-05,,0.9325787425041199,,scored_both,partial_or_no_metrics
3M6Q,A:BB2:194,eligible_stereochemistry_review,1.9065427780151367,,1.9065,3.5876,4.277801513663526e-05,,0.8058574795722961,,scored_both,partial_or_no_metrics
3M89,A:GSP:408,eligible_stereochemistry_review,2.2654805183410645,9.81265926361084,2.2655,9.8127,-1.948165893539411e-05,-4.0736389159690134e-05,0.6293436288833618,0.12190812826156616,scored_both,scored_both
3M8Q,A:DJZ:562,eligible_stereochemistry_review,1.1811082363128662,4.270730495452881,1.1811,4.2707,8.236312866172213e-06,3.049545288114075e-05,0.8625812530517578,0.41639450192451477,scored_both,scored_both
3M8U,A:GDS:1,eligible_stereochemistry_review,,,1.9305,5.7647,,,,,partial_or_no_metrics,partial_or_no_metrics
3M96,A:E38:265,eligible_stereochemistry_review,0.8346775770187378,3.0566234588623047,0.8347,3.0566,-2.2422981262204544e-05,2.3458862304703842e-05,0.904599666595459,0.5318750143051147,scored_both,scored_both
3MA3,A:01I:313,eligible_stereochemistry_review,7.042616367340088,4.245786190032959,7.0426,4.2458,1.6367340087697357e-05,-1.3809967041034099e-05,0.29229798913002014,0.49512743949890137,scored_both,scored_both
3MAM,A:BET:1,eligible_exact_graph,0.5667533278465271,3.0468807220458984,0.5668,3.0469,-4.66721534728709e-05,-1.9277954101504235e-05,0.9570610523223877,0.5070028305053711,scored_both,scored_both
3MB6,A:01I:332,eligible_stereochemistry_review,7.141885280609131,4.519779205322266,7.1419,4.5198,-1.471939086883367e-05,-2.079467773441479e-05,0.25992780923843384,0.3917197585105896,scored_both,scored_both
3MB7,A:14I:332,eligible_stereochemistry_review,0.7234556674957275,4.46171760559082,0.7235,4.4617,-4.433250427249291e-05,1.760559081986912e-05,0.9329372048377991,0.4140070974826813,scored_both,scored_both
3MCT,A:3MC:600,eligible_exact_graph,0.12916724383831024,2.0085458755493164,0.1292,2.0085,-3.275616168976758e-05,4.587554931623217e-05,1.0,0.6594339609146118,scored_both,scored_both
3MHC,A:ARZ:263,eligible_exact_graph,2.9399750232696533,2.57841157913208,2.94,2.5784,-2.4976730346626397e-05,1.1579132080274945e-05,0.7431694269180298,0.5540780425071716,scored_both,scored_both
3MHW,U:ABV:245,eligible_stereochemistry_review,0.5382248163223267,1.4776709079742432,0.5382,1.4777,2.4816322326648432e-05,-2.9092025756849438e-05,0.9740259647369385,0.795034646987915,scored_both,scored_both
3MJ1,A:614:1,eligible_exact_graph,0.364414781332016,1.7257697582244873,0.3644,1.7258,1.4781332015989523e-05,-3.0241775512696023e-05,0.9936661720275879,0.8429054021835327,scored_both,scored_both
3MKS,D:C1C:1,eligible_stereochemistry_review,0.48778265714645386,15.89954662322998,0.4878,15.8996,-1.7342853546153947e-05,-5.3376770019042397e-05,0.9600591659545898,0.005451713223010302,scored_both,scored_both
3ML2,A:SU0:263,eligible_exact_graph,,,0.4107,2.6466,,,,,partial_or_no_metrics,partial_or_no_metrics
3ML5,A:AZM:264,eligible_exact_graph,0.6525255441665649,2.1539366245269775,0.6525,2.1539,2.5544166564972492e-05,3.662452697739127e-05,0.9516752362251282,0.5940082669258118,scored_both,scored_both
3MLB,A:LJZ:192,eligible_stereochemistry_review,0.575353741645813,,0.5931,6.5453,-0.017746258354186972,,0.9523612260818481,,scored_both,partial_or_no_metrics
3MMF,A:D9H:263,eligible_stereochemistry_review,,,3.3948,2.3401,,,,,partial_or_no_metrics,partial_or_no_metrics
3MNA,A:DWH:263,eligible_exact_graph,,,2.2711,2.6297,,,,,partial_or_no_metrics,partial_or_no_metrics
3MOE,A:SPV:1200,eligible_exact_graph,1.4579659700393677,1.9512460231781006,1.458,1.9512,-3.4029960632286915e-05,4.602317810054046e-05,0.8551136255264282,0.6712158918380737,scored_both,scored_both
3MPT,A:1GK:361,eligible_stereochemistry_review,0.5531375408172607,4.877837657928467,0.5531,4.8778,3.754081726070613e-05,3.765792846710525e-05,0.950507640838623,0.3723270297050476,scored_both,scored_both
3MUF,A:S3P:201,eligible_stereochemistry_review,0.7195659279823303,,0.7196,2.7153,-3.407201766969514e-05,,0.9298418760299683,,scored_both,partial_or_no_metrics
3MV5,A:XFE:999,eligible_stereochemistry_review,0.9237039685249329,3.3313443660736084,0.9237,3.3313,3.9685249328957894e-06,4.436607360824851e-05,0.923160195350647,0.4699999988079071,scored_both,scored_both
3MWW,B:BIW:577,eligible_stereochemistry_review,25.00724220275879,40.61600112915039,84.2358,40.616,-59.22855779724121,1.1291503909660605e-06,0.0,0.0,scored_both,scored_both
3MXD,A:K53:200,eligible_stereochemistry_review,,3.7236251831054688,1.3502,3.7236,,2.5183105468951084e-05,,0.4424290359020233,partial_or_no_metrics,scored_both
3MXF,A:JQ1:1,eligible_stereochemistry_review,0.6412032246589661,3.1477644443511963,0.6412,3.1478,3.224658966072269e-06,-3.5555648803864415e-05,0.9634581208229065,0.5415624976158142,scored_both,scored_both
3MYQ,A:E27:266,eligible_stereochemistry_review,1.212307095527649,2.715740919113159,1.2123,2.7157,7.095527648992572e-06,4.0919113159176845e-05,0.8564162850379944,0.5670199394226074,scored_both,scored_both
3MZ6,A:B3N:701,eligible_stereochemistry_review,3.408996343612671,3.9542195796966553,3.409,3.9542,-3.656387328909716e-06,1.9579696655114276e-05,0.8947688341140747,0.4655044376850128,scored_both,scored_both
3MZC,A:S6I:263,eligible_stereochemistry_review,,,0.6315,2.4447,,,,,partial_or_no_metrics,partial_or_no_metrics
3N0N,A:P9B:263,eligible_stereochemistry_review,,,0.8578,2.0611,,,,,partial_or_no_metrics,partial_or_no_metrics
3N1W,F:3N2:1,eligible_stereochemistry_review,0.48224541544914246,4.560800075531006,0.4822,4.5608,4.541544914243856e-05,7.553100545010238e-08,0.9592326283454895,0.40706318616867065,scored_both,scored_both
3N35,A:A2G:401,eligible_stereochemistry_review,0.8010411262512207,1.0736994743347168,0.801,1.0737,4.112625122065783e-05,-5.256652833018904e-07,0.9042288661003113,0.8629213571548462,scored_both,scored_both
3N3G,A:93N:221,eligible_stereochemistry_review,23.79823112487793,26.25075912475586,23.7982,26.2508,3.112487792833463e-05,-4.087524414231325e-05,0.0,0.0,scored_both,scored_both
3N45,F:3N3:1,eligible_exact_graph,6.146872520446777,7.994652271270752,6.1469,7.9947,-2.7479553222242714e-05,-4.772872924796445e-05,0.3086380958557129,0.20000000298023224,scored_both,scored_both
3N46,F:3N5:1,eligible_exact_graph,0.6665419340133667,4.153620719909668,0.6665,4.1536,4.193401336671787e-05,2.071990966800996e-05,0.9578853249549866,0.4019549787044525,scored_both,scored_both
3N49,F:3N4:1,eligible_exact_graph,0.46239063143730164,2.5811591148376465,0.4624,2.5812,-9.368562698341965e-06,-4.088516235345452e-05,0.9755681753158569,0.5913978219032288,scored_both,scored_both
3N4C,A:EF3:218,eligible_stereochemistry_review,0.7543296217918396,6.375322341918945,14.842,6.3753,-14.087670378208161,2.2341918945123496e-05,0.9133928418159485,0.23082254827022552,scored_both,scored_both
3N76,A:CA2:147,eligible_exact_graph,0.7053334712982178,3.064615488052368,0.7053,3.0646,3.3471298217735423e-05,1.54880523681733e-05,0.9348371028900146,0.5746197700500488,scored_both,scored_both
3N7S,A:3N6:1,eligible_stereochemistry_review,3.539217710494995,10.584680557250977,3.5392,17.176,1.7710494994993553e-05,-6.591319442749022,0.6281577348709106,0.04298553988337517,scored_both,scored_both
3NAL,A:DBK:997,eligible_exact_graph,,,0.9031,7.0184,,,,,partial_or_no_metrics,partial_or_no_metrics
3NAM,A:OTK:997,eligible_exact_graph,1.2347276210784912,,1.2347,7.404,2.7621078491302242e-05,,0.7898465394973755,,scored_both,partial_or_no_metrics
3NAN,A:HZ1:997,eligible_stereochemistry_review,1.2964982986450195,,1.2965,10.7352,-1.7013549804545391e-06,,0.7986196279525757,,scored_both,partial_or_no_metrics
3NB5,A:R21:300,eligible_stereochemistry_review,2.860044479370117,3.4498603343963623,2.86,3.4499,4.4479370117311845e-05,-3.966560363766192e-05,0.8058882355690002,0.6094262003898621,scored_both,scored_both
3NHI,A:EAH:1,eligible_exact_graph,0.915962815284729,3.2071268558502197,0.916,3.2071,-3.718471527103251e-05,2.6855850219664745e-05,0.871515154838562,0.4910106956958771,scored_both,scored_both
3NI5,A:C1H:264,eligible_exact_graph,1.94268000125885,2.8439838886260986,1.9427,2.844,-1.999874114999578e-05,-1.611137390122863e-05,0.8615664839744568,0.5371983647346497,scored_both,scored_both
3NK8,A:JKZ:1,eligible_exact_graph,0.2868203818798065,3.3066413402557373,0.2868,3.3066,2.0381879806519176e-05,4.134025573732103e-05,0.9965618848800659,0.5356060862541199,scored_both,scored_both
3NLB,A:5BE:298,eligible_stereochemistry_review,0.9109156131744385,7.0349884033203125,0.9109,7.035,1.5613174438433575e-05,-1.1596679687642109e-05,0.8894878625869751,0.3415929079055786,scored_both,scored_both
3NM6,B:TRS:232,eligible_exact_graph,0.2076227068901062,3.7132890224456787,0.2076,3.7133,2.2706890106194422e-05,-1.0977554321112137e-05,1.0,0.4541139304637909,scored_both,scored_both
3NMQ,A:7PP:1,eligible_stereochemistry_review,0.79802405834198,1.8610899448394775,0.798,1.8611,2.4058341979937836e-05,-1.005516052243749e-05,0.9071100950241089,0.6758278012275696,scored_both,scored_both
3NNU,A:EDB:355,eligible_stereochemistry_review,1.3443989753723145,6.723344326019287,1.3444,6.7233,-1.0246276855863101e-06,4.4326019287055374e-05,0.8323671221733093,0.26654064655303955,scored_both,scored_both
3NNW,A:EDD:355,eligible_stereochemistry_review,0.5442504286766052,1.52385413646698,0.5443,1.5239,-4.957132339478143e-05,-4.586353302005186e-05,0.9635650515556335,0.7693761587142944,scored_both,scored_both
3NP9,A:Z2T:998,eligible_stereochemistry_review,0.8582391142845154,1.390936017036438,0.8582,1.3909,3.9114284515417985e-05,3.601703643796306e-05,0.8743671178817749,0.7476274967193604,scored_both,scored_both
3NPA,A:Z57:998,eligible_stereochemistry_review,1.1634135246276855,2.6531524658203125,1.1634,2.6532,1.3524627685557178e-05,-4.753417968750284e-05,0.8497229814529419,0.5521300435066223,scored_both,scored_both
3NQ3,A:DKA:3053,eligible_exact_graph,1.0263209342956543,4.7017340660095215,1.0263,4.7017,2.0934295654306823e-05,3.406600952171601e-05,0.8469899892807007,0.37445175647735596,scored_both,scored_both
3NQ9,A:OCA:1111,eligible_exact_graph,5.7766876220703125,2.5165460109710693,5.7767,2.5165,-1.2377929687445999e-05,4.601097106915475e-05,0.3078571557998657,0.5310402512550354,scored_both,scored_both
3NS9,A:NS9:0,eligible_stereochemistry_review,0.8397430181503296,,0.8397,1.7248,4.301815032958789e-05,,0.9253450632095337,,scored_both,partial_or_no_metrics
3NTP,A:RZD:164,eligible_stereochemistry_review,1.2408487796783447,,1.2408,6.2248,4.877967834482355e-05,,0.8063910007476807,,scored_both,partial_or_no_metrics
3NUY,A:JPZ:370,eligible_stereochemistry_review,2.9392929077148438,2.723418951034546,2.9393,2.7234,-7.092285156051759e-06,1.8951034546077494e-05,0.5952072739601135,0.5417771935462952,scored_both,scored_both
3NWB,A:659:226,eligible_stereochemistry_review,,,0.9927,4.8218,,,,,partial_or_no_metrics,partial_or_no_metrics
3NWE,A:662:227,eligible_exact_graph,,,0.7275,5.2279,,,,,partial_or_no_metrics,partial_or_no_metrics
3NWW,A:3NW:361,eligible_stereochemistry_review,0.8507970571517944,,0.8508,6.932,-2.942848205567117e-06,,0.8967446684837341,,scored_both,partial_or_no_metrics
3NYX,A:TZ1:1,eligible_stereochemistry_review,0.43490415811538696,2.9175496101379395,0.4349,2.9175,4.158115386954098e-06,4.961013793947089e-05,0.984274685382843,0.584919810295105,scored_both,scored_both
3NZU,A:NZU:1,eligible_stereochemistry_review,0.5687171220779419,2.1806492805480957,0.5687,2.1806,1.712207794191123e-05,4.928054809560933e-05,0.9423374533653259,0.6586121320724487,scored_both,scored_both
3O0J,A:3OJ:485,eligible_stereochemistry_review,,5.2951507568359375,1.0357,5.2952,,-4.924316406285101e-05,,0.2756849229335785,partial_or_no_metrics,scored_both
3O0U,A:O47:216,eligible_stereochemistry_review,1.2274601459503174,1.6914035081863403,1.2275,1.6914,-3.9854049682652715e-05,3.508186340317465e-06,0.8042126893997192,0.7439180612564087,scored_both,scored_both
3O4K,C:LTC:172,eligible_stereochemistry_review,9.555313110351562,,12.7382,12.5459,-3.1828868896484384,,0.09949362277984619,,scored_both,partial_or_no_metrics
3O64,B:786:501,eligible_stereochemistry_review,2.1765050888061523,,2.1765,21.525,5.088806152464542e-06,,0.8132586479187012,,scored_both,partial_or_no_metrics
3O7U,A:O7U:430,eligible_exact_graph,0.15657667815685272,2.6670608520507812,0.1566,2.6671,-2.332184314726704e-05,-3.914794921877629e-05,1.0,0.604651153087616,scored_both,scored_both
3O8H,A:O8H:217,eligible_stereochemistry_review,1.9798282384872437,10.4683198928833,1.9798,10.4683,2.823848724364808e-05,1.9892883301508846e-05,0.6754822731018066,0.08147495985031128,scored_both,scored_both
3O8P,A:BMU:361,eligible_stereochemistry_review,0.5318010449409485,3.0246315002441406,0.5318,3.0246,1.0449409484358796e-06,3.1500244140669764e-05,0.9651360511779785,0.49115854501724243,scored_both,scored_both
3O9B,A:K2A:200,eligible_stereochemistry_review,1.2691570520401,,1.2692,1.5663,-4.2947959900008215e-05,,0.8270964622497559,,scored_both,partial_or_no_metrics
3O9C,A:K20:200,eligible_stereochemistry_review,1.0197633504867554,,1.0198,1.6416,-3.66495132446687e-05,,0.8721340298652649,,scored_both,partial_or_no_metrics
3O9H,B:K2E:200,eligible_stereochemistry_review,0.9338597059249878,,0.9339,1.784,-4.0294075012159425e-05,,0.9058614373207092,,scored_both,partial_or_no_metrics
3OCT,A:1N1:663,eligible_stereochemistry_review,0.9765716791152954,3.4304940700531006,0.9766,3.4305,-2.832088470461347e-05,-5.929946899296823e-06,0.8624442219734192,0.4691252112388611,scored_both,scored_both
3OCZ,A:SRA:264,eligible_stereochemistry_review,1.3766368627548218,3.0485830307006836,1.3766,3.0486,3.6862754821731514e-05,-1.6969299316382802e-05,0.8320530652999878,0.5110593438148499,scored_both,scored_both
3OE6,A:ITD:1500,eligible_exact_graph,0.5469419360160828,4.752440929412842,0.5469,4.7524,4.1936016082710914e-05,4.09294128420612e-05,0.9610894918441772,0.3004385828971863,scored_both,scored_both
3OG7,A:032:1,eligible_stereochemistry_review,0.6358669400215149,5.859674453735352,0.6359,5.8597,-3.3059978485128205e-05,-2.554626464856824e-05,0.9578744769096375,0.2836240828037262,scored_both,scored_both
3OGQ,A:AB1:200,eligible_stereochemistry_review,,3.107736349105835,1.0059,3.1077,,3.634910583505402e-05,,0.5461817979812622,partial_or_no_metrics,scored_both
3OIK,A:WZB:300,eligible_stereochemistry_review,8.904655456542969,1.6573309898376465,8.9047,1.6573,-4.4543457031309686e-05,3.0989837646488994e-05,0.21298342943191528,0.7789661288261414,scored_both,scored_both
3OIL,A:VZ5:263,eligible_stereochemistry_review,4.670042991638184,3.260735273361206,4.67,3.2607,4.2991638183664804e-05,3.52733612061229e-05,0.5038461685180664,0.5136632323265076,scored_both,scored_both
3OIM,A:VZ5:263,eligible_stereochemistry_review,1.203768014907837,2.2087998390197754,1.2038,2.2088,-3.198509216306711e-05,-1.609802247060088e-07,0.8334932923316956,0.6943027377128601,scored_both,scored_both
3OKC,A:GDP:601,eligible_stereochemistry_review,1.1509227752685547,13.159461975097656,1.1509,13.1595,2.2775268554653394e-05,-3.802490234328104e-05,0.8351393342018127,0.011228230781853199,scored_both,scored_both
3OKU,A:VZ4:263,eligible_stereochemistry_review,0.9737486243247986,2.3884265422821045,0.9737,2.3884,4.862432479857404e-05,2.6542282104635717e-05,0.9219626188278198,0.563309371471405,scored_both,scored_both
3ORN,A:3OR:400,eligible_stereochemistry_review,,7.274205684661865,0.9121,7.2742,,5.684661864790996e-06,,0.19510190188884735,partial_or_no_metrics,scored_both
3OT3,A:22K:1,eligible_exact_graph,5.45879602432251,1.7468615770339966,5.4588,1.7469,-3.975677490331009e-06,-3.8422966003315295e-05,0.42753201723098755,0.7755028605461121,scored_both,scored_both
3OT8,A:MI5:1,eligible_exact_graph,0.8013589978218079,2.0839908123016357,0.8014,2.084,-4.1002178192139915e-05,-9.18769836433242e-06,0.9331316947937012,0.7290189266204834,scored_both,scored_both
3OTF,A:CMP:725,eligible_stereochemistry_review,0.677379846572876,2.424814462661743,0.6774,2.4248,-2.015342712402557e-05,1.4462661743319671e-05,0.9322396516799927,0.5822821259498596,scored_both,scored_both
3OTQ,A:MZL:556,eligible_exact_graph,0.39082974195480347,4.1644697189331055,0.3908,4.1645,2.974195480348607e-05,-3.028106689484389e-05,0.9979627728462219,0.4220077097415924,scored_both,scored_both
3OUJ,A:AKG:417,eligible_exact_graph,0.25330406427383423,3.294959306716919,0.2533,3.295,4.06427383420338e-06,-4.069328308098363e-05,1.0,0.48866090178489685,scored_both,scored_both
3OW3,A:SMY:401,eligible_stereochemistry_review,2.7154059410095215,3.3643507957458496,2.7154,3.3644,5.941009521670537e-06,-4.920425415022578e-05,0.5826427340507507,0.4622756838798523,scored_both,scored_both
3OWD,A:MEY:1,eligible_stereochemistry_review,0.7659009695053101,,0.7659,3.4855,9.695053100333695e-07,,0.9091559648513794,,scored_both,partial_or_no_metrics
3OWL,A:19E:332,eligible_stereochemistry_review,0.6445329785346985,5.74076509475708,0.6445,5.7408,3.297853469852452e-05,-3.490524292004693e-05,0.9296375513076782,0.2993420958518982,scored_both,scored_both
3OXC,A:ROC:401,eligible_stereochemistry_review,0.9150777459144592,,0.9151,4.875,-2.2254085540795998e-05,,0.885464608669281,,scored_both,partial_or_no_metrics
3OXI,A:SYY:1,eligible_exact_graph,0.31155887246131897,2.81123423576355,0.3116,2.8112,-4.112753868101837e-05,3.423576354988356e-05,0.9972283840179443,0.5209029912948608,scored_both,scored_both
3OY0,A:OY0:263,eligible_stereochemistry_review,2.5901389122009277,2.0262129306793213,2.5901,2.0262,3.891220092766545e-05,1.2930679321510041e-05,0.7524703741073608,0.7093373537063599,scored_both,scored_both
3OYQ,A:OYQ:263,eligible_stereochemistry_review,1.329945683479309,,1.3299,1.7769,4.5683479308999964e-05,,0.8402777910232544,,scored_both,partial_or_no_metrics
3OZP,A:OAN:1,eligible_exact_graph,1.023822546005249,7.814840316772461,1.0238,7.8148,2.2546005248980094e-05,4.0316772460968764e-05,0.9335442781448364,0.21870170533657074,scored_both,scored_both
3P0G,A:P0G:366,eligible_stereochemistry_review,1.4495856761932373,,1.4496,30.909,-1.4323806762694957e-05,,0.8083333373069763,,scored_both,partial_or_no_metrics
3P17,H:99P:1001,eligible_stereochemistry_review,6.966104984283447,1.7021102905273438,6.9661,1.7021,4.9842834473068365e-06,1.0290527343803646e-05,0.28104305267333984,0.7008771896362305,scored_both,scored_both
3P2H,A:NOO:300,eligible_exact_graph,0.40162667632102966,,0.4016,8.2464,2.6676321029650563e-05,,0.9840067625045776,,scored_both,partial_or_no_metrics
3P4V,A:PMX:300,eligible_exact_graph,1.5791913270950317,2.107529878616333,1.5792,2.1075,-8.672904968198836e-06,2.9878616333078867e-05,0.8514150977134705,0.6778017282485962,scored_both,scored_both
3P5K,A:P5K:362,eligible_exact_graph,1.911163330078125,3.4250340461730957,1.9112,3.425,-3.666992187500995e-05,3.404617309588076e-05,0.8594398498535156,0.5062137246131897,scored_both,scored_both
3P78,A:P78:362,eligible_stereochemistry_review,0.8251797556877136,3.2429144382476807,0.8252,3.2429,-2.024431228642154e-05,1.4438247680548244e-05,0.9323882460594177,0.4847169816493988,scored_both,scored_both
3P79,A:P79:362,eligible_stereochemistry_review,0.6819285154342651,2.6793012619018555,0.6819,2.6793,2.85154342651861e-05,1.2619018554538286e-06,0.9409385323524475,0.5974264740943909,scored_both,scored_both
3P7A,A:P7A:362,eligible_exact_graph,0.5534975528717041,1.0919172763824463,0.5535,1.0919,-2.447128295890444e-06,1.7276382446196337e-05,0.9709302186965942,0.8266304135322571,scored_both,scored_both
3P7B,A:P7B:362,eligible_stereochemistry_review,0.6562464237213135,1.6608259677886963,0.6562,1.6608,4.6423721313471056e-05,2.596778869623506e-05,0.9454697966575623,0.7172446846961975,scored_both,scored_both
3P7C,A:P7C:362,eligible_stereochemistry_review,0.8627061247825623,1.8132823705673218,0.8627,1.8133,6.124782562233477e-06,-1.762943267813455e-05,0.9314956068992615,0.7010717391967773,scored_both,scored_both
3P7I,A:P7I:313,eligible_representation_review,0.23027873039245605,4.37516450881958,0.2303,4.3752,-2.126960754395002e-05,-3.549118042034394e-05,1.0,0.40066224336624146,scored_both,scored_both
3PAX,A:3MB:1,eligible_stereochemistry_review,0.32275253534317017,2.527381420135498,0.3228,2.5274,-4.7464656829809826e-05,-1.8579864502044074e-05,0.9962871074676514,0.6097701191902161,scored_both,scored_both
3PB7,X:PBD:390,eligible_exact_graph,1.4690194129943848,4.695112228393555,1.469,4.6951,1.9412994384682136e-05,1.2228393554636341e-05,0.8455249667167664,0.4141009747982025,scored_both,scored_both
3PB8,X:AHN:390,eligible_exact_graph,1.6735219955444336,4.529041290283203,1.6735,4.529,2.1995544433606184e-05,4.1290283203210265e-05,0.7247267961502075,0.38461539149284363,scored_both,scored_both
3PB9,X:1BN:390,eligible_exact_graph,0.24884916841983795,1.6716350317001343,0.2488,1.6716,4.916841983795828e-05,3.503170013430257e-05,1.0,0.6877636909484863,scored_both,scored_both
3PCU,A:LX8:1,eligible_stereochemistry_review,1.2950286865234375,,1.295,2.0752,2.8686523437571054e-05,,0.7881593704223633,,scored_both,partial_or_no_metrics
3PE1,A:3NG:338,eligible_stereochemistry_review,0.37484365701675415,2.7916762828826904,0.3748,2.7917,4.3657016754128364e-05,-2.3717117309640656e-05,0.9862174391746521,0.5904058814048767,scored_both,scored_both
3PGU,A:OLA:448,eligible_exact_graph,0.26102200150489807,,0.261,3.9131,2.200150489806152e-05,,1.0,,scored_both,partial_or_no_metrics
3PIX,A:027:1,eligible_exact_graph,0.36550095677375793,1.665305256843567,0.3655,1.6653,9.56773757943008e-07,5.256843566892044e-06,0.9960595369338989,0.720992386341095,scored_both,scored_both
3PIZ,A:03C:1,eligible_stereochemistry_review,1.1366251707077026,7.507020473480225,1.1366,7.507,2.5170707702582007e-05,2.0473480224936225e-05,0.9547545909881592,0.3077971637248993,scored_both,scored_both
3PJ2,A:04K:1,eligible_stereochemistry_review,1.126796007156372,4.167208194732666,1.1268,4.1672,-3.992843627953491e-06,8.194732665778304e-06,0.8730158805847168,0.37383395433425903,scored_both,scored_both
3PJ8,A:404:299,eligible_stereochemistry_review,1.3652732372283936,1.1252306699752808,1.3653,1.1252,-2.676277160640339e-05,3.0669975280783746e-05,0.8462050557136536,0.8269484639167786,scored_both,scored_both
3PKA,A:Y02:288,eligible_stereochemistry_review,0.7131549119949341,3.525362491607666,0.7132,3.5254,-4.508800506586308e-05,-3.7508392333851504e-05,0.9387633800506592,0.43503937125205994,scored_both,scored_both
3PKB,A:Y16:286,eligible_exact_graph,0.4341745674610138,,0.4342,2.1386,-2.543253898618092e-05,,0.9872372150421143,,scored_both,partial_or_no_metrics
3PKC,A:Y08:288,eligible_exact_graph,1.5230454206466675,4.589217662811279,1.523,4.5892,4.542064666757106e-05,1.7662811279350876e-05,0.8464325666427612,0.41609442234039307,scored_both,scored_both
3PKD,A:Y10:288,eligible_exact_graph,1.9556652307510376,2.611607074737549,1.9557,2.6116,-3.4769248962396304e-05,7.074737548684595e-06,0.8138360977172852,0.6039445400238037,scored_both,scored_both
3PKE,A:Y10:286,eligible_exact_graph,1.6756991147994995,3.108783006668091,1.6757,3.1088,-8.852005004555963e-07,-1.6993331909187503e-05,0.8504592180252075,0.4903184175491333,scored_both,scored_both
3PM1,A:ET:205,eligible_stereochemistry_review,5.767184734344482,10.733879089355469,5.7672,10.7339,-1.5265655517460175e-05,-2.0910644531468847e-05,0.27960172295570374,0.05951591581106186,scored_both,scored_both
3PN1,A:IVH:319,eligible_stereochemistry_review,1.3694489002227783,2.141026735305786,1.3694,2.141,4.8900222778369695e-05,2.67353057861186e-05,0.8744460940361023,0.6668806076049805,scored_both,scored_both
3PN4,A:BB2:501,eligible_exact_graph,0.44286438822746277,,0.4429,5.1652,-3.5611772537247344e-05,,0.9858179688453674,,scored_both,partial_or_no_metrics
3POZ,A:03P:1023,eligible_stereochemistry_review,0.8214159607887268,,0.8214,2.8055,1.5960788726787634e-05,,0.8958521485328674,,scored_both,partial_or_no_metrics
3PP1,A:IZG:500,eligible_stereochemistry_review,0.7083424925804138,10.001904487609863,0.7083,10.0019,4.249258041377768e-05,4.487609864156639e-06,0.9359056353569031,0.12581565976142883,scored_both,scored_both
3PRZ,A:3RZ:1,eligible_exact_graph,0.16990409791469574,2.9373788833618164,0.1699,2.9374,4.097914695744276e-06,-2.111663818338272e-05,1.0,0.5355227589607239,scored_both,scored_both
3PS6,A:3PS:1,eligible_exact_graph,0.5715371370315552,3.263672351837158,0.5715,3.2637,3.713703155516779e-05,-2.764816284184235e-05,0.9524922370910645,0.4903734028339386,scored_both,scored_both
3PTG,A:932:1,eligible_exact_graph,0.4109160602092743,4.631863594055176,0.4109,4.6319,1.6060209274304516e-05,-3.640594482412496e-05,0.9911016821861267,0.3368232846260071,scored_both,scored_both
3PTY,A:AFO:1,eligible_stereochemistry_review,18.131399154663086,7.817374229431152,18.1314,7.8174,-8.453369133576416e-07,-2.5770568847782727e-05,0.0,0.21120689809322357,scored_both,scored_both
3PWH,A:ZMA:401,eligible_stereochemistry_review,0.7502545118331909,5.675827980041504,0.7503,5.6758,-4.548816680904899e-05,2.7980041504171993e-05,0.9363484382629395,0.32154515385627747,scored_both,scored_both
3PWW,A:ROC:1001,eligible_stereochemistry_review,1.3575788736343384,,1.3576,5.6527,-2.1126365661539026e-05,,0.8437219858169556,,scored_both,partial_or_no_metrics
3PY0,A:SU9:301,eligible_stereochemistry_review,0.7270694375038147,1.1461997032165527,0.7271,1.1462,-3.056249618527129e-05,-2.967834473732722e-07,0.9308978915214539,0.8312183022499084,scored_both,scored_both
3PZ3,B:PZ3:333,eligible_stereochemistry_review,3.506054401397705,6.601979732513428,3.5061,6.602,-4.559860229491619e-05,-2.0267486572578264e-05,0.4885011911392212,0.215160071849823,scored_both,scored_both
3Q1X,A:SER:314,eligible_exact_graph,28.696067810058594,15.632051467895508,28.6961,15.6321,-3.218994140752329e-05,-4.853210449162759e-05,0.0,0.004127358552068472,scored_both,scored_both
3Q2M,A:CKI:400,eligible_stereochemistry_review,0.6773560047149658,5.366966247558594,0.6774,5.367,-4.399528503418182e-05,-3.3752441406242895e-05,0.9399092793464661,0.2579113841056824,scored_both,scored_both
3Q3K,A:D90:700,eligible_stereochemistry_review,0.8582584857940674,2.4755096435546875,0.8583,2.4755,-4.151420593256905e-05,9.643554687688294e-06,0.8882499933242798,0.583832323551178,scored_both,scored_both
3Q6W,A:Q6W:1,eligible_stereochemistry_review,1.536465048789978,2.148267984390259,1.5365,2.1483,-3.4951210021949564e-05,-3.20156097410873e-05,0.8397737741470337,0.7451838850975037,scored_both,scored_both
3Q7J,A:FBO:900,eligible_stereochemistry_review,2.6156232357025146,,2.6156,39.5566,2.3235702514501355e-05,,0.6179385781288147,,scored_both,partial_or_no_metrics
3QCH,A:NX2:2001,eligible_stereochemistry_review,0.40702739357948303,4.7442216873168945,0.407,4.7442,2.7393579483059316e-05,2.168731689433656e-05,0.9796466827392578,0.3795279860496521,scored_both,scored_both
3QCI,A:NX3:2001,eligible_stereochemistry_review,1.3377110958099365,8.499385833740234,1.3377,8.4994,1.1095809936634282e-05,-1.4166259765246991e-05,0.9095208048820496,0.1388888955116272,scored_both,scored_both
3QCL,A:NXV:2001,eligible_stereochemistry_review,0.8703936338424683,6.675207614898682,0.8704,6.6752,-6.366157531689787e-06,7.614898681396198e-06,0.9077922105789185,0.2432432472705841,scored_both,scored_both
3QD0,A:3Q4:370,eligible_stereochemistry_review,1.0103373527526855,3.023206949234009,1.0103,3.0232,3.7352752685571033e-05,6.949234008679639e-06,0.8841317296028137,0.4712897539138794,scored_both,scored_both
3QGW,B:L7A:1,eligible_exact_graph,0.7436222434043884,18.091245651245117,0.7436,18.0913,2.224340438838901e-05,-5.434875488319335e-05,0.9372977614402771,0.005085653159767389,scored_both,scored_both
3QGY,B:L7O:1,eligible_stereochemistry_review,2.163248062133789,20.704740524291992,62.6513,20.7047,-60.48805193786621,4.052429199319363e-05,0.7755720019340515,0.0,scored_both,scored_both
3QI1,A:C6A:401,eligible_stereochemistry_review,1.1573591232299805,,1.1574,6.9815,-4.087677001951562e-05,,0.8550689220428467,,scored_both,partial_or_no_metrics
3QIN,A:P1Y:700,eligible_stereochemistry_review,0.9547651410102844,5.346844673156738,0.9548,5.3468,-3.485898971555823e-05,4.467315673828409e-05,0.908682644367218,0.3336849510669708,scored_both,scored_both
3QIO,A:QID:700,eligible_stereochemistry_review,0.6130036115646362,2.90921950340271,0.613,2.9092,3.611564636241127e-06,1.950340271017481e-05,0.970099687576294,0.5714980363845825,scored_both,scored_both
3QIP,A:P4Y:900,eligible_stereochemistry_review,62.87760543823242,7.7575554847717285,62.8776,7.7576,5.438232420829081e-06,-4.4515228271535534e-05,0.0,0.2400990128517151,scored_both,scored_both
3QIY,A:QI1:432,eligible_stereochemistry_review,0.6208395957946777,4.3152875900268555,0.6208,4.3153,3.95957946777159e-05,-1.2409973144222874e-05,0.942392885684967,0.40175801515579224,scored_both,scored_both
3QJ0,A:QI3:432,eligible_stereochemistry_review,1.0374470949172974,4.21881103515625,1.0374,4.2188,4.709491729726345e-05,1.1035156250116529e-05,0.8809160590171814,0.3855210542678833,scored_both,scored_both
3QKK,A:SMH:1,eligible_stereochemistry_review,4.42198371887207,,4.422,4.7718,-1.6281127929396177e-05,,0.4556737542152405,,scored_both,partial_or_no_metrics
3QKL,A:SMR:1,eligible_stereochemistry_review,4.659839630126953,,4.6598,3.3807,3.9630126953404954e-05,,0.43165886402130127,,scored_both,partial_or_no_metrics
3QKM,A:SM9:1,eligible_stereochemistry_review,4.306402683258057,,4.3064,4.5433,2.6832580566349407e-06,,0.5074059367179871,,scored_both,partial_or_no_metrics
3QLM,A:PLM:127,eligible_exact_graph,7.3619890213012695,7.016984462738037,7.362,7.017,-1.0978698730568226e-05,-1.553726196323879e-05,0.2629654109477997,0.23970746994018555,scored_both,scored_both
3QO9,A:QO9:556,eligible_exact_graph,1.3723081350326538,,1.3723,2.4799,8.135032653733276e-06,,0.8110706806182861,,scored_both,partial_or_no_metrics
3QOX,A:SAH:417,eligible_stereochemistry_review,0.6623828411102295,2.3335041999816895,0.6624,2.3335,-1.715888977049662e-05,4.1999816895454956e-06,0.9306122660636902,0.6364864706993103,scored_both,scored_both
3QPN,A:PFK:999,eligible_exact_graph,0.23131561279296875,2.192875623703003,0.2313,2.1929,1.5612792968744404e-05,-2.4376296996919677e-05,1.0,0.7103230357170105,scored_both,scored_both
3QPO,A:PFR:999,eligible_exact_graph,0.8095398545265198,2.479158401489258,0.8095,2.4792,3.9854526519778055e-05,-4.1598510742257844e-05,0.9016335010528564,0.6420454382896423,scored_both,scored_both
3QPP,A:PFW:999,eligible_stereochemistry_review,0.5146451592445374,7.729618549346924,0.5146,7.7296,4.515924453740716e-05,1.8549346924245924e-05,0.9635167717933655,0.22489161789417267,scored_both,scored_both
3QQK,A:X02:497,eligible_exact_graph,0.30921486020088196,1.0557124614715576,0.3092,1.0557,1.4860200881983143e-05,1.246147155753441e-05,0.9943181872367859,0.8513132929801941,scored_both,scored_both
3QS5,A:TRP:601,eligible_exact_graph,10.750879287719727,5.429226398468018,10.7509,5.4292,-2.0712280273116335e-05,2.6398468017774235e-05,0.14603960514068604,0.29547762870788574,scored_both,scored_both
3QS6,A:TRP:601,eligible_exact_graph,11.684101104736328,,11.6841,4.522,1.1047363273064548e-06,,0.06291209161281586,,scored_both,partial_or_no_metrics
3QSD,A:074:324,eligible_stereochemistry_review,0.8909459114074707,4.788859844207764,0.8909,4.7889,4.59114074706779e-05,-4.0155792236262755e-05,0.8975866436958313,0.3525703251361847,scored_both,scored_both
3QTF,A:05S:1,eligible_stereochemistry_review,1.057544231414795,1.4247063398361206,1.0575,1.4247,4.4231414794815294e-05,6.33983612052802e-06,0.8379999995231628,0.798602283000946,scored_both,scored_both
3QTO,H:10P:1001,eligible_exact_graph,4.342914581298828,2.267984390258789,4.3429,2.268,1.4581298827920364e-05,-1.5609741210731443e-05,0.4229494631290436,0.6072186827659607,scored_both,scored_both
3QTV,H:06P:1001,eligible_stereochemistry_review,7.418463230133057,,7.4185,2.3283,-3.676986694323148e-05,,0.2471395879983902,,scored_both,partial_or_no_metrics
3QUE,A:3FF:362,eligible_stereochemistry_review,2.2424163818359375,,2.2424,15.7837,1.638183593755116e-05,,0.6399798393249512,,scored_both,partial_or_no_metrics
3QUP,A:LUN:1,eligible_stereochemistry_review,6.552181243896484,1.7792783975601196,6.5522,1.7793,-1.875610351564916e-05,-2.1602439880474833e-05,0.3165137469768524,0.7175438404083252,scored_both,scored_both
3QWC,H:98P:2001,eligible_stereochemistry_review,9.940452575683594,,9.9405,2.2467,-4.742431640636369e-05,,0.20010845363140106,,scored_both,partial_or_no_metrics
3QX5,H:02P:5,eligible_stereochemistry_review,7.8575663566589355,,7.8576,2.2892,-3.364334106414901e-05,,0.23154489696025848,,scored_both,partial_or_no_metrics
3R00,A:UNJ:1,eligible_exact_graph,0.20612673461437225,1.5549651384353638,0.2061,1.555,2.6734614372248e-05,-3.4861564636168296e-05,1.0,0.7215346693992615,scored_both,scored_both
3R01,A:UNE:1,eligible_exact_graph,0.18393798172473907,0.9021710753440857,0.1839,0.9022,3.79817247390668e-05,-2.8924655914308595e-05,1.0,0.876884400844574,scored_both,scored_both
3R17,B:5UM:1,eligible_stereochemistry_review,1.2057586908340454,2.144320487976074,1.2058,2.1443,-4.130916595457279e-05,2.0487976074345937e-05,0.8846982717514038,0.6538800597190857,scored_both,scored_both
3R2Y,A:P4O:3,eligible_stereochemistry_review,1.6079083681106567,2.1106560230255127,1.6079,2.1107,8.368110656631345e-06,-4.397697448732529e-05,0.8312586545944214,0.6788665652275085,scored_both,scored_both
3R4M,A:WOE:501,eligible_stereochemistry_review,2.4364893436431885,1.3335344791412354,2.4365,1.3335,-1.0656356811633572e-05,3.447914123544393e-05,0.8024096488952637,0.8215909004211426,scored_both,scored_both
3R5T,A:VBN:1,eligible_stereochemistry_review,3.319288492202759,,3.3193,6.1433,-1.1507797241350204e-05,,0.62451171875,,scored_both,partial_or_no_metrics
3R6U,A:CHT:285,eligible_exact_graph,0.9493548274040222,3.215747117996216,0.9494,3.2157,-4.5172595977804875e-05,4.711799621581747e-05,0.8686006665229797,0.5764627456665039,scored_both,scored_both
3R8U,A:Z31:465,eligible_stereochemistry_review,1.8252394199371338,1.8281872272491455,1.8252,1.8282,3.94199371338555e-05,-1.2772750854539439e-05,0.759393036365509,0.7192623019218445,scored_both,scored_both
3R8Z,A:Z63:440,eligible_stereochemistry_review,0.4652882218360901,0.9171077609062195,0.4653,0.9171,-1.1778163909903494e-05,7.760906219456132e-06,0.9786282181739807,0.8856736421585083,scored_both,scored_both
3R92,A:06J:1,eligible_stereochemistry_review,1.3189470767974854,1.0909336805343628,1.3189,1.0909,4.707679748539029e-05,3.3680534362812153e-05,0.7832914590835571,0.8574244379997253,scored_both,scored_both
3RBU,A:G88:1800,eligible_exact_graph,0.4605620801448822,,0.4606,4.8595,-3.7919855117807266e-05,,0.9857010841369629,,scored_both,partial_or_no_metrics
3RCJ,A:3RC:0,eligible_stereochemistry_review,1.1251158714294434,6.52999210357666,1.1251,6.53,1.587142944337039e-05,-7.89642334009244e-06,0.8837962746620178,0.27798277139663696,scored_both,scored_both
3RDO,A:BTN:300,eligible_exact_graph,0.4704021215438843,3.4617526531219482,0.4704,3.4618,2.1215438842925316e-06,-4.734687805196813e-05,0.9779260754585266,0.47783252596855164,scored_both,scored_both
3RDQ,A:DTB:300,eligible_stereochemistry_review,0.8643828630447388,3.169945478439331,0.8644,3.1699,-1.7136955261176645e-05,4.5478439330892684e-05,0.8917682766914368,0.5045372247695923,scored_both,scored_both
3REY,A:XAC:999,eligible_stereochemistry_review,0.6431967616081238,3.234391689300537,0.6432,3.2344,-3.2383918762146635e-06,-8.31069946283236e-06,0.9171923995018005,0.556186854839325,scored_both,scored_both
3RIN,A:I2O:401,eligible_stereochemistry_review,0.5789046883583069,3.641085386276245,0.5789,3.6411,4.688358306914608e-06,-1.4613723754663965e-05,0.9626604318618774,0.4560839831829071,scored_both,scored_both
3RKB,A:12Z:457,eligible_stereochemistry_review,0.6204341053962708,0.61272794008255,0.6204,0.6127,3.410539627080045e-05,2.7940082550026446e-05,0.9452614188194275,0.9397394061088562,scored_both,scored_both
3RL3,A:5GP:951,eligible_stereochemistry_review,7.138848781585693,8.865402221679688,7.1388,8.8654,4.878158569354696e-05,2.2216796882190692e-06,0.35202085971832275,0.18634259700775146,scored_both,scored_both
3RO4,B:LJ9:301,eligible_exact_graph,0.556144654750824,2.29949951171875,0.5561,2.2995,4.4654750823935885e-05,-4.88281250099476e-07,0.9650493264198303,0.6857923269271851,scored_both,scored_both
3ROC,A:29A:401,eligible_stereochemistry_review,0.7492772936820984,4.6608967781066895,0.7493,4.6609,-2.27063179015774e-05,-3.2218933103678182e-06,0.9329590201377869,0.3682771325111389,scored_both,scored_both
3RR4,A:HRD:501,eligible_stereochemistry_review,0.3624381422996521,1.6162166595458984,0.3624,1.6162,3.81422996520997e-05,1.6659545898356498e-05,0.9832427501678467,0.778192400932312,scored_both,scored_both
3RSX,A:RSV:397,eligible_exact_graph,1.0158568620681763,1.9454946517944336,1.0159,1.9455,-4.313793182375569e-05,-5.3482055664133554e-06,0.8596882224082947,0.6726653575897217,scored_both,scored_both
3RT4,C:LP5:501,eligible_representation_review,2.9975697994232178,11.779308319091797,2.9976,13.9441,-3.0200576782046795e-05,-2.1647916809082037,0.6092603206634521,0.029801979660987854,scored_both,scored_both
3RT6,B:FWD:401,eligible_stereochemistry_review,0.4161106050014496,1.9670599699020386,0.4161,1.9671,1.0605001449559559e-05,-4.003009796149648e-05,0.9840989112854004,0.6788347959518433,scored_both,scored_both
3RT8,A:CWD:401,eligible_exact_graph,0.2652532160282135,1.0835063457489014,0.2653,1.0835,-4.6783971786479306e-05,6.345748901459558e-06,1.0,0.8680927157402039,scored_both,scored_both
3RTH,A:RTH:397,eligible_stereochemistry_review,1.260798454284668,4.092774868011475,1.2608,4.0928,-1.5457153319520245e-06,-2.513198852582832e-05,0.8251366019248962,0.4064245820045471,scored_both,scored_both
3RTM,A:RTM:395,eligible_stereochemistry_review,4.072075366973877,4.390625476837158,4.0721,4.3906,-2.4633026122877766e-05,2.547683715814486e-05,0.45627209544181824,0.3266233801841736,scored_both,scored_both
3RTP,A:34I:1,eligible_stereochemistry_review,0.5438646078109741,,0.5439,1.8006,-3.5392189025929e-05,,0.9703733921051025,,scored_both,partial_or_no_metrics
3RU1,A:3RU:398,eligible_stereochemistry_review,0.8881340026855469,,0.8881,5.5616,3.400268554687447e-05,,0.8913043737411499,,scored_both,partial_or_no_metrics
3RV4,A:ADP:1000,eligible_stereochemistry_review,2.0342965126037598,12.505309104919434,2.0343,12.5053,-3.487396240231533e-06,9.104919433511327e-06,0.675000011920929,0.10381913930177689,scored_both,scored_both
3RVG,A:17P:2000,eligible_stereochemistry_review,1.0752522945404053,1.4420008659362793,1.0753,1.442,-4.770545959464911e-05,8.659362793483893e-07,0.9092888236045837,0.7896716594696045,scored_both,scored_both
3RVI,A:RVI:402,eligible_stereochemistry_review,1.391440749168396,,1.3914,7.5792,4.0749168396025937e-05,,0.8275761008262634,,scored_both,partial_or_no_metrics
3RWP,A:ABQ:360,eligible_stereochemistry_review,2.936575412750244,1.3127522468566895,2.9366,1.3128,-2.458724975573645e-05,-4.7753143310513835e-05,0.6862637400627136,0.8121516108512878,scored_both,scored_both
3RX5,A:G2I:604,eligible_stereochemistry_review,11.033940315246582,5.259410858154297,11.0339,5.2594,4.031524658287822e-05,1.0858154296577993e-05,0.21511627733707428,0.2661365866661072,scored_both,scored_both
3RX7,A:G3I:604,eligible_stereochemistry_review,2.9103169441223145,,2.9103,5.5576,1.69441223145661e-05,,0.6183282732963562,,scored_both,partial_or_no_metrics
3RXA,A:SZ1:7,eligible_exact_graph,0.7117277383804321,2.0458168983459473,0.7117,2.0458,2.7738380432129617e-05,1.6898345947424787e-05,0.8987138271331787,0.7069733142852783,scored_both,scored_both
3RXD,A:SZ4:6,eligible_stereochemistry_review,0.35490337014198303,0.8597326278686523,0.3549,0.8597,3.3701419830389767e-06,3.262786865232403e-05,0.9933510422706604,0.8924999833106995,scored_both,scored_both
3RXF,A:4AP:9,eligible_stereochemistry_review,0.3292793929576874,1.3380749225616455,0.3293,1.3381,-2.0607042312603685e-05,-2.5077438354559334e-05,1.0,0.7889273166656494,scored_both,scored_both
3RXG,A:SZ3:8,eligible_exact_graph,0.7042460441589355,1.9222468137741089,0.7042,1.9222,4.6044158935498736e-05,4.6813774108978023e-05,0.9146706461906433,0.6851032376289368,scored_both,scored_both
3RXH,A:HSM:7,eligible_exact_graph,0.15454736351966858,1.5991008281707764,0.1545,1.5991,4.7363519668580656e-05,8.281707764012936e-07,1.0,0.7433035969734192,scored_both,scored_both
3RXI,A:TSS:6,eligible_exact_graph,0.25432252883911133,2.045012950897217,0.2543,2.045,2.25288391113021e-05,1.295089721686793e-05,1.0,0.6812896132469177,scored_both,scored_both
3RXK,A:SZ8:8,eligible_stereochemistry_review,0.4349948465824127,1.8754699230194092,0.435,1.8755,-5.153417587278053e-06,-3.0076980590765245e-05,0.9733073115348816,0.7506009340286255,scored_both,scored_both
3RXL,A:SZ9:6,eligible_exact_graph,0.15506292879581451,2.0277962684631348,0.1551,2.0278,-3.7071204185473716e-05,-3.731536865281271e-06,1.0,0.6927207708358765,scored_both,scored_both
3RXM,A:SW1:8,eligible_exact_graph,0.22146004438400269,1.4650877714157104,0.2215,1.4651,-3.9955615997316896e-05,-1.2228584289619704e-05,1.0,0.7402746081352234,scored_both,scored_both
3RXO,A:SW2:7,eligible_stereochemistry_review,0.49336618185043335,1.6320098638534546,0.4934,1.632,-3.381814956665563e-05,9.863853454694649e-06,0.9643705487251282,0.7291666865348816,scored_both,scored_both
3RXP,A:SW3:7,eligible_exact_graph,0.23617790639400482,2.318666696548462,0.2362,2.3187,-2.2093605995171517e-05,-3.3303451538291284e-05,1.0,0.6628878116607666,scored_both,scored_both
3RZB,A:02Z:458,eligible_exact_graph,0.32825466990470886,1.4896739721298218,0.3283,1.4897,-4.533009529111842e-05,-2.6027870178246815e-05,0.9969512224197388,0.7239583134651184,scored_both,scored_both
3S0B,A:FNA:120,eligible_exact_graph,0.17002902925014496,1.020896315574646,0.17,1.0209,2.9029250144946284e-05,-3.684425353922549e-06,1.0,0.8496310114860535,scored_both,scored_both
3S0D,A:CTV:120,eligible_exact_graph,0.7777655720710754,3.119499921798706,0.7778,3.1195,-3.442792892460744e-05,-7.820129388491637e-08,0.9133738875389099,0.4926966428756714,scored_both,scored_both
3S0E,A:EOL:120,eligible_stereochemistry_review,0.25942179560661316,4.599772930145264,0.2594,4.5998,2.179560661313973e-05,-2.706985473643897e-05,1.0,0.35490694642066956,scored_both,scored_both
3S0J,A:Z15:998,eligible_stereochemistry_review,0.7210046052932739,2.8633995056152344,0.721,2.8634,4.6052932739515384e-06,-4.943847655702882e-07,0.9244755506515503,0.5318030714988708,scored_both,scored_both
3S1G,A:ITE:501,eligible_exact_graph,0.20763732492923737,2.459507942199707,0.2076,2.4595,3.732492923735897e-05,7.942199707233755e-06,1.0,0.6495535969734192,scored_both,scored_both
3S1Y,A:S1Y:398,eligible_stereochemistry_review,0.9040480256080627,2.7620773315429688,0.904,2.7621,4.8025608062718383e-05,-2.266845703147169e-05,0.8640235662460327,0.5523684024810791,scored_both,scored_both
3S3I,A:CQ0:1,eligible_stereochemistry_review,0.6683300733566284,4.422029495239258,0.6683,4.422,3.0073356628412817e-05,2.9495239258103823e-05,0.9363442659378052,0.36469632387161255,scored_both,scored_both
3S3Q,A:C1P:1,eligible_exact_graph,0.8496629595756531,,0.8497,5.4162,-3.7040424346934664e-05,,0.8987206816673279,,scored_both,partial_or_no_metrics
3S6T,A:OAN:1,eligible_exact_graph,1.5436692237854004,6.725442409515381,1.5437,6.7254,-3.0776214599681495e-05,4.24095153812587e-05,0.8717105388641357,0.2689136862754822,scored_both,scored_both
3S72,B:EVE:1,eligible_stereochemistry_review,0.3444981575012207,2.1269543170928955,0.3445,2.127,-1.8424987792697856e-06,-4.568290710427192e-05,0.9972299337387085,0.6829004287719727,scored_both,scored_both
3S76,A:EVH:262,eligible_exact_graph,0.12842540442943573,1.2015939950942993,0.1284,1.2016,2.5404429435743614e-05,-6.004905700685015e-06,1.0,0.814754068851471,scored_both,scored_both
3S8X,A:E59:266,eligible_stereochemistry_review,1.8677021265029907,0.9642014503479004,1.8677,0.9642,2.1265029908068556e-06,1.4503479004446262e-06,0.7999049425125122,0.9038076400756836,scored_both,scored_both
3S9I,A:XI7:742,eligible_stereochemistry_review,0.35401999950408936,,0.354,1.7634,1.999950408937412e-05,,0.990406334400177,,scored_both,partial_or_no_metrics
3S9T,A:E49:266,eligible_stereochemistry_review,0.6879151463508606,3.3639628887176514,0.6879,3.364,1.5146350860639757e-05,-3.711128234851202e-05,0.9205202460289001,0.4830623269081116,scored_both,scored_both
3SAD,A:040:802,eligible_exact_graph,0.17701929807662964,2.5795204639434814,0.177,2.5795,1.9298076629647998e-05,2.0463943481541236e-05,1.0,0.5936073064804077,scored_both,scored_both
3SAP,A:E2I:266,eligible_stereochemistry_review,1.8094732761383057,3.32328462600708,1.8095,3.3233,-2.6723861694444295e-05,-1.5373992920064694e-05,0.8408679962158203,0.624798059463501,scored_both,scored_both
3SAX,A:E50:263,eligible_stereochemistry_review,1.7319375276565552,3.2111730575561523,1.7319,3.2112,3.7527656555180755e-05,-2.6942443847488562e-05,0.7984429001808167,0.4873867928981781,scored_both,scored_both
3SB0,A:I93:802,eligible_stereochemistry_review,0.3237803876399994,2.7402944564819336,0.3238,2.7403,-1.961236000058708e-05,-5.543518066364328e-06,0.9957386255264282,0.5550675392150879,scored_both,scored_both
3SBH,A:E65:266,eligible_exact_graph,0.8959183692932129,2.9560089111328125,0.8959,2.956,1.836929321286096e-05,8.91113281253908e-06,0.9344978332519531,0.5424836874008179,scored_both,scored_both
3SBI,A:E90:266,eligible_exact_graph,0.21922829747200012,2.3984129428863525,0.2192,2.3984,2.829747200011612e-05,1.2942886352451666e-05,1.0,0.6575875282287598,scored_both,scored_both
3SC1,A:3S1:900,eligible_stereochemistry_review,1.9735349416732788,3.004577875137329,1.9735,3.0046,3.494167327877662e-05,-2.212486267083591e-05,0.8042596578598022,0.5381646752357483,scored_both,scored_both
3SDG,A:3SE:217,eligible_exact_graph,0.4496832489967346,,0.4497,5.2696,-1.675100326536949e-05,,0.9805458784103394,,scored_both,partial_or_no_metrics
3SFF,A:0DI:378,eligible_stereochemistry_review,1.326826572418213,3.9362950325012207,1.3268,3.9363,2.657241821291123e-05,-4.967498779429036e-06,0.8225057721138,0.4331875741481781,scored_both,scored_both
3SFH,A:1DI:501,eligible_stereochemistry_review,0.6037323474884033,3.8879010677337646,0.6037,3.8879,3.2347488403305924e-05,1.0677337645148555e-06,0.9495614171028137,0.44866588711738586,scored_both,scored_both
3SFI,A:3SF:217,eligible_exact_graph,1.4285774230957031,5.838959217071533,1.4286,5.839,-2.2576904296967015e-05,-4.078292846720899e-05,0.8028414845466614,0.3031567633152008,scored_both,scored_both
3SHA,H:P97:1,eligible_stereochemistry_review,3.153754234313965,1.7757673263549805,3.1538,1.7758,-4.576568603509301e-05,-3.267364501957637e-05,0.5296092629432678,0.7126725316047668,scored_both,scored_both
3SHC,H:B01:3,eligible_stereochemistry_review,4.688507556915283,2.167957067489624,4.6885,2.168,7.55691528286917e-06,-4.2932510376125776e-05,0.3686586320400238,0.6364416480064392,scored_both,scored_both
3SHY,A:5FO:1,eligible_stereochemistry_review,0.7815905809402466,,0.7816,1.5975,-9.419059753379422e-06,,0.9094203114509583,,scored_both,partial_or_no_metrics
3SHZ,A:5CO:1,eligible_stereochemistry_review,0.9652870893478394,2.7265844345092773,0.9653,2.7266,-1.2910652160691427e-05,-1.5565490722568853e-05,0.9215016961097717,0.6388174891471863,scored_both,scored_both
3SI3,H:B03:5,eligible_stereochemistry_review,7.04715633392334,2.1066336631774902,7.0472,2.1066,-4.366607666028699e-05,3.366317749042835e-05,0.23641304671764374,0.6298308968544006,scored_both,scored_both
3SI4,H:B04:1,eligible_exact_graph,8.346529960632324,,8.3465,7.0927,2.9960632323522418e-05,,0.20806793868541718,,scored_both,partial_or_no_metrics
3SJI,A:AG7:501,eligible_stereochemistry_review,1.3846487998962402,3.041288137435913,1.3846,3.0413,4.879989624018144e-05,-1.186256408702846e-05,0.8197157979011536,0.552610456943512,scored_both,scored_both
3SL0,A:FB5:414,eligible_stereochemistry_review,1.7025971412658691,,1.7026,4.0348,-2.858734130750662e-06,,0.8494094610214233,,scored_both,partial_or_no_metrics
3SL1,A:FB6:414,eligible_stereochemistry_review,1.0301852226257324,3.0378506183624268,1.0302,3.0379,-1.4777374267582744e-05,-4.938163757328695e-05,0.9329954981803894,0.5244227647781372,scored_both,scored_both
3SLZ,A:3TL:126,eligible_stereochemistry_review,,7.904778003692627,1.7091,7.999,,-0.09422199630737271,,0.2188623696565628,partial_or_no_metrics,scored_both
3SM0,A:AEK:501,eligible_stereochemistry_review,0.6346887946128845,,0.6347,3.7184,-1.1205387115520438e-05,,0.9460719227790833,,scored_both,partial_or_no_metrics
3SMQ,A:TDU:1,eligible_stereochemistry_review,0.742448091506958,21.790122985839844,0.7424,21.7901,4.809150695805897e-05,2.298583984483571e-05,0.9335629940032959,0.0,scored_both,scored_both
3SPF,A:B50:501,eligible_stereochemistry_review,2.063931703567505,,2.0639,6.359,3.1703567505037e-05,,0.732032835483551,,scored_both,partial_or_no_metrics
3SRB,B:28S:1,eligible_stereochemistry_review,0.483297735452652,7.077455997467041,0.4833,7.0775,-2.264547348029833e-06,-4.400253295866463e-05,0.9801660776138306,0.20264965295791626,scored_both,scored_both
3SRC,B:28N:1,eligible_stereochemistry_review,0.37772849202156067,7.395161151885986,0.3777,7.3952,2.849202156068875e-05,-3.884811401366761e-05,0.9890438318252563,0.25092023611068726,scored_both,scored_both
3STR,P:3LI:209,eligible_stereochemistry_review,1.2549593448638916,3.2211384773254395,1.255,3.2211,-4.0655136108291856e-05,3.847732543960092e-05,0.8536472916603088,0.5030819177627563,scored_both,scored_both
3SU0,A:TSV:100,eligible_stereochemistry_review,,,1.566,2.7179,,,,,partial_or_no_metrics,partial_or_no_metrics
3SU1,A:TSV:100,eligible_stereochemistry_review,1.573359727859497,2.2371532917022705,1.5734,2.2372,-4.027214050283945e-05,-4.670829772956964e-05,0.8066335916519165,0.5942544937133789,scored_both,scored_both
3SU2,A:TSV:100,eligible_stereochemistry_review,1.3256670236587524,3.0895490646362305,1.3257,3.0895,-3.2976341247659136e-05,4.906463623033375e-05,0.8436669707298279,0.5476394891738892,scored_both,scored_both
3SU3,A:SU3:1,eligible_stereochemistry_review,1.691375494003296,4.373048305511475,1.6914,4.373,-2.450599670411613e-05,4.830551147438911e-05,0.7715053558349609,0.3214285671710968,scored_both,scored_both
3SU5,A:SU3:1,eligible_stereochemistry_review,1.6865814924240112,4.236260890960693,1.6866,4.2363,-1.8507575988868652e-05,-3.910903930659515e-05,0.7900815010070801,0.37708333134651184,scored_both,scored_both
3SU6,A:SU3:1,eligible_stereochemistry_review,1.7066028118133545,3.1144614219665527,1.7066,3.1145,2.811813354597348e-06,-3.857803344731181e-05,0.7466722130775452,0.49453672766685486,scored_both,scored_both
3SUR,A:NGT:2000,eligible_stereochemistry_review,1.0582516193389893,2.449422836303711,1.0583,2.4494,-4.838066101076066e-05,2.2836303711137873e-05,0.8595152497291565,0.6277429461479187,scored_both,scored_both
3SUS,A:GNL:2000,eligible_stereochemistry_review,1.030542016029358,2.073917865753174,1.0305,2.0739,4.201602935793858e-05,1.7865753173751386e-05,0.8654181361198425,0.6934038996696472,scored_both,scored_both
3SUT,A:OAN:2000,eligible_stereochemistry_review,1.1331629753112793,3.9527695178985596,1.1332,3.9528,-3.7024688720688204e-05,-3.0482101440298948e-05,0.8196078538894653,0.468151330947876,scored_both,scored_both
3SUU,A:OGN:2000,eligible_stereochemistry_review,0.6222783327102661,,0.6223,4.9585,-2.1667289733851014e-05,,0.9474431872367859,,scored_both,partial_or_no_metrics
3SUV,A:NOK:2000,eligible_stereochemistry_review,1.2579418420791626,1.087306022644043,1.2579,1.0873,4.184207916257954e-05,6.022644043035541e-06,0.8151183724403381,0.8307482004165649,scored_both,scored_both
3SUW,A:GC2:2000,eligible_stereochemistry_review,0.6518757343292236,1.5151922702789307,0.6519,1.5152,-2.4265670776402182e-05,-7.729721069438256e-06,0.9563339948654175,0.7409326434135437,scored_both,scored_both
3SV2,H:P05:1,eligible_stereochemistry_review,7.568955421447754,2.1058995723724365,7.569,2.1059,-4.457855224604401e-05,-4.276275635817228e-07,0.25517383217811584,0.6691343784332275,scored_both,scored_both
3SV6,A:SV6:1,eligible_stereochemistry_review,1.3617653846740723,,1.3618,6.1562,-3.461532592763383e-05,,0.8195159435272217,,scored_both,partial_or_no_metrics
3SV7,A:SV6:1,eligible_stereochemistry_review,1.4343730211257935,,1.4344,6.4339,-2.6978874206440295e-05,,0.7998897433280945,,scored_both,partial_or_no_metrics
3SV8,A:SV6:1,eligible_stereochemistry_review,,,1.5747,5.8599,,,,,partial_or_no_metrics,partial_or_no_metrics
3SV9,A:SV6:1,eligible_stereochemistry_review,1.2513866424560547,,1.2514,5.3648,-1.3357543945380357e-05,,0.860660195350647,,scored_both,partial_or_no_metrics
3SW2,B:FI1:1,eligible_stereochemistry_review,2.0809853076934814,2.815267562866211,2.081,2.8153,-1.4692306518515608e-05,-3.2437133789198214e-05,0.7768181562423706,0.5231481194496155,scored_both,scored_both
3SW8,P:5LI:205,eligible_stereochemistry_review,0.5120717287063599,3.6097147464752197,0.5121,3.6097,-2.8271293640136363e-05,1.4746475219595823e-05,0.967293918132782,0.46337366104125977,scored_both,scored_both
3SYM,A:GP0:843,eligible_stereochemistry_review,1.2405023574829102,5.791245460510254,1.2405,5.7912,2.357482910220199e-06,4.5460510254002884e-05,0.845903754234314,0.21099554002285004,scored_both,scored_both
3SYR,A:GPK:843,eligible_stereochemistry_review,0.8195250630378723,5.516289234161377,0.8195,5.5163,2.5063037872308236e-05,-1.076583862325009e-05,0.9186789989471436,0.2514718174934387,scored_both,scored_both
3T01,A:PPF:503,eligible_representation_review,0.24071988463401794,10.547574996948242,0.2407,10.5476,1.9884634017947045e-05,-2.5003051757011008e-05,1.0,0.10183486342430115,scored_both,scored_both
3T2V,D:KKJ:172,eligible_stereochemistry_review,5.335123062133789,,21.0659,15.6155,-15.73077693786621,,0.00932320486754179,,scored_both,partial_or_no_metrics
3T2W,A:BTN:600,eligible_stereochemistry_review,0.8136038780212402,3.720860719680786,0.8136,3.7209,3.8780212402445e-06,-3.928031921374142e-05,0.9196096658706665,0.4354724884033203,scored_both,scored_both
3T3D,A:CJB:843,eligible_stereochemistry_review,0.7162922024726868,3.6236214637756348,0.7163,3.6236,-7.797527313280206e-06,2.1463775634611437e-05,0.9285714030265808,0.42040708661079407,scored_both,scored_both
3T3E,A:GPQ:843,eligible_exact_graph,0.2072121948003769,10.571919441223145,0.2072,10.5719,1.2194800376896797e-05,1.944122314512242e-05,0.9893292784690857,0.0768638327717781,scored_both,scored_both
3T3G,A:GPU:843,eligible_stereochemistry_review,0.6228408813476562,3.3029651641845703,0.6228,3.303,4.088134765622975e-05,-3.483581542962355e-05,0.932692289352417,0.4573744833469391,scored_both,scored_both
3T3H,A:GPV:843,eligible_stereochemistry_review,1.0611943006515503,2.8603482246398926,1.0612,2.8603,-5.699348449628161e-06,4.8224639892513466e-05,0.8776671290397644,0.5243093967437744,scored_both,scored_both
3T3I,A:GPW:843,eligible_stereochemistry_review,0.44313812255859375,15.245511054992676,0.4431,15.2455,3.812255859375613e-05,1.105499267595178e-05,0.9720744490623474,0.006478873081505299,scored_both,scored_both
3T3Y,A:MD6:401,eligible_stereochemistry_review,0.29571250081062317,6.709033489227295,0.2957,6.709,1.250081062315056e-05,3.348922729529136e-05,1.0,0.27541208267211914,scored_both,scored_both
3T4N,C:ADP:324,eligible_stereochemistry_review,1.7187998294830322,4.604428768157959,1.7188,4.6044,-1.705169678789531e-07,2.8768157958936058e-05,0.7012448310852051,0.34395501017570496,scored_both,scored_both
3T82,A:SG4:300,eligible_stereochemistry_review,1.152794361114502,,1.1528,3.6416,-5.638885498093771e-06,,0.8464163541793823,,scored_both,partial_or_no_metrics
3T84,A:SG6:300,eligible_stereochemistry_review,1.0079314708709717,3.1522607803344727,1.0079,3.1523,3.147087097166157e-05,-3.921966552722367e-05,0.8934859037399292,0.5273076891899109,scored_both,scored_both
3T85,A:SG7:300,eligible_stereochemistry_review,1.239859938621521,,1.2399,3.1077,-4.006137847900604e-05,,0.8344594836235046,,scored_both,partial_or_no_metrics
3T8S,B:I3P:603,eligible_stereochemistry_review,1.2171143293380737,,1.2171,11.4644,1.432933807365977e-05,,0.8404255509376526,,scored_both,partial_or_no_metrics
3TC5,A:3T5:164,eligible_stereochemistry_review,1.711320400238037,,1.7113,4.2477,2.0400238037066032e-05,,0.7304572463035583,,scored_both,partial_or_no_metrics
3TCY,A:PHE:302,eligible_stereochemistry_review,18.63446617126465,5.980428218841553,18.6345,5.9804,-3.382873535073827e-05,2.8218841552352103e-05,0.0,0.2751256227493286,scored_both,scored_both
3TDH,C:AMP:323,eligible_stereochemistry_review,1.4655890464782715,5.544411659240723,1.4656,5.5444,-1.095352172852948e-05,1.1659240722217135e-05,0.784820020198822,0.28195318579673767,scored_both,scored_both
3TIZ,A:3TI:299,eligible_stereochemistry_review,0.3728947043418884,6.958094596862793,0.3729,6.9581,-5.295658111581503e-06,-5.403137206982933e-06,0.9862270355224609,0.28251007199287415,scored_both,scored_both
3TK2,A:PHE:298,eligible_stereochemistry_review,25.06890296936035,0.9033958315849304,25.0689,0.9034,2.9693603522673584e-06,-4.1684150695608935e-06,0.0,0.8877550959587097,scored_both,scored_both
3TKI,A:S25:325,eligible_stereochemistry_review,0.6558276414871216,1.4246078729629517,0.6558,1.4246,2.764148712153247e-05,7.872962951571694e-06,0.9473167657852173,0.7885293960571289,scored_both,scored_both
3TKW,B:017:401,eligible_stereochemistry_review,1.409420371055603,2.348531484603882,1.4094,9.5018,2.03710556030412e-05,-7.1532685153961175,0.8630841374397278,0.553640604019165,scored_both,scored_both
3TLH,A:3TL:201,eligible_stereochemistry_review,3.9505248069763184,,3.9505,9.46,2.480697631845885e-05,,0.6186507940292358,,scored_both,partial_or_no_metrics
3TPP,A:5HA:999,eligible_stereochemistry_review,0.7789501547813416,3.7419891357421875,0.779,3.742,-4.984521865847302e-05,-1.0864257812492895e-05,0.9225663542747498,0.5313342213630676,scored_both,scored_both
3TPR,A:5HA:400,eligible_stereochemistry_review,0.8773935437202454,,0.8774,4.4531,-6.456279754596395e-06,,0.9057672619819641,,scored_both,partial_or_no_metrics
3TS4,A:EEG:306,eligible_stereochemistry_review,4.539808750152588,,4.5398,4.6114,8.75015258827716e-06,,0.5286219120025635,,scored_both,partial_or_no_metrics
3TSK,A:QEG:306,eligible_stereochemistry_review,4.713819980621338,4.4424519538879395,4.7138,4.4425,1.9980621337900573e-05,-4.8046112060440294e-05,0.5006635785102844,0.44487178325653076,scored_both,scored_both
3TT4,A:E1S:1,eligible_stereochemistry_review,0.6493563652038574,3.7897231578826904,0.6494,3.7897,-4.363479614255539e-05,2.3157882690583165e-05,0.9688303470611572,0.5528169274330139,scored_both,scored_both
3TU1,A:07G:1,eligible_stereochemistry_review,1.0207488536834717,6.535563945770264,1.0207,6.5356,4.885368347173902e-05,-3.6054229735960064e-05,0.8862928152084351,0.22482788562774658,scored_both,scored_both
3TVC,A:E3P:1,eligible_exact_graph,0.5635631680488586,2.285818576812744,0.5636,2.2858,-3.68319511413473e-05,1.8576812744086624e-05,0.9829989075660706,0.6472477316856384,scored_both,scored_both
3TXO,A:07U:1,eligible_stereochemistry_review,4.94071626663208,4.976538181304932,4.9407,4.9765,1.6266632080430554e-05,3.818130493193905e-05,0.3629220128059387,0.3323529362678528,scored_both,scored_both
3TZ0,A:03H:389,eligible_exact_graph,0.3552192747592926,,0.3552,3.1145,1.9274759292586818e-05,,1.0,,scored_both,partial_or_no_metrics
3TZ4,A:03H:390,eligible_stereochemistry_review,0.5102805495262146,2.3967719078063965,0.5103,2.3968,-1.9450473785376232e-05,-2.8092193603335147e-05,0.9689306616783142,0.625308632850647,scored_both,scored_both
3TZM,A:085:1,eligible_stereochemistry_review,1.4306645393371582,7.628705978393555,1.4307,7.6287,-3.546066284187965e-05,5.9783935544288624e-06,0.8238372206687927,0.17362236976623535,scored_both,scored_both
3U10,A:CMP:701,eligible_stereochemistry_review,1.7693455219268799,1.2688742876052856,1.7693,1.2689,4.5521926879787955e-05,-2.5712394714272335e-05,0.7132688164710999,0.7897727489471436,scored_both,scored_both
3U3U,C:EAH:236,eligible_exact_graph,1.16557776927948,4.332202434539795,1.1656,4.3322,-2.2230720519988978e-05,2.4345397946490266e-06,0.8415805101394653,0.35563725233078003,scored_both,scored_both
3U5L,A:08K:1,eligible_stereochemistry_review,1.9744105339050293,1.629743218421936,1.9744,1.6297,1.0533905029364021e-05,4.32184219361087e-05,0.6894599199295044,0.7074861526489258,scored_both,scored_both
3U78,A:E67:707,eligible_stereochemistry_review,6.1970648765563965,8.122767448425293,6.1971,8.1228,-3.5123443603346516e-05,-3.2551574706829456e-05,0.2506393790245056,0.15703517198562622,scored_both,scored_both
3U7K,A:MDB:301,eligible_stereochemistry_review,4.144676685333252,,4.1447,2.854,-2.3314666748319723e-05,,0.5696465969085693,,scored_both,partial_or_no_metrics
3U7L,A:UDB:192,eligible_stereochemistry_review,1.2784689664840698,,1.2785,3.9714,-3.103351593014558e-05,,0.7569360733032227,,scored_both,partial_or_no_metrics
3U7M,A:FHF:192,eligible_stereochemistry_review,0.9333493709564209,2.7956926822662354,0.9333,2.7957,4.9370956420879963e-05,-7.317733764722334e-06,0.8311320543289185,0.5560526251792908,scored_both,scored_both
3U7N,A:UHF:192,eligible_stereochemistry_review,,4.107174873352051,2.0635,4.1072,,-2.512664794895869e-05,,0.461649090051651,partial_or_no_metrics,scored_both
3U81,A:SAH:222,eligible_stereochemistry_review,,,0.8695,3.584,,,,,partial_or_no_metrics,partial_or_no_metrics
3U90,A:SDS:175,eligible_exact_graph,0.6257438659667969,6.6641130447387695,0.6257,6.6641,4.386596679684107e-05,1.3044738769174558e-05,0.9375,0.21653543412685394,scored_both,scored_both
3U9N,A:09H:301,eligible_stereochemistry_review,7.0951056480407715,7.4834489822387695,7.0951,7.4834,5.6480407710779446e-06,4.898223876992347e-05,0.27254265546798706,0.2713128626346588,scored_both,scored_both
3U9Q,A:DKA:1,eligible_exact_graph,0.4362598955631256,7.761937141418457,0.4363,7.7619,-4.010443687441079e-05,3.714141845723162e-05,0.9915865659713745,0.17358803749084473,scored_both,scored_both
3UDH,A:091:501,eligible_stereochemistry_review,1.1201810836791992,3.1540493965148926,1.1202,3.154,-1.8916320800865805e-05,4.939651489266339e-05,0.8669833540916443,0.49166667461395264,scored_both,scored_both
3UDJ,A:092:401,eligible_stereochemistry_review,1.3508961200714111,,1.3509,1.1668,-3.879928588856885e-06,,0.8452380895614624,,scored_both,partial_or_no_metrics
3UDK,A:095:501,eligible_stereochemistry_review,1.8125910758972168,,1.8126,4.1783,-8.924102783192112e-06,,0.6803746223449707,,scored_both,partial_or_no_metrics
3UDM,A:09A:501,eligible_stereochemistry_review,3.1091480255126953,1.176005244255066,3.1091,1.176,4.802551269511568e-05,5.244255065983694e-06,0.6123456954956055,0.8297720551490784,scored_both,scored_both
3UDN,A:09B:401,eligible_stereochemistry_review,4.55295467376709,2.108670473098755,4.553,2.1087,-4.53262329100923e-05,-2.9526901244913972e-05,0.5872969627380371,0.7119693160057068,scored_both,scored_both
3UDP,A:09D:501,eligible_stereochemistry_review,1.707702875137329,1.353350281715393,1.7077,1.3533,2.8751373291058258e-06,5.0281715393118986e-05,0.7074592113494873,0.819738507270813,scored_both,scored_both
3UDQ,A:09E:4000,eligible_stereochemistry_review,1.6735198497772217,3.1596643924713135,1.6735,3.1597,1.9849777221692122e-05,-3.560752868647654e-05,0.7526564598083496,0.44938793778419495,scored_both,scored_both
3UDR,A:09F:501,eligible_stereochemistry_review,0.8633675575256348,,0.8634,3.3151,-3.244247436517966e-05,,0.8762589693069458,,scored_both,partial_or_no_metrics
3UDY,A:09G:501,eligible_stereochemistry_review,2.055135726928711,2.331960678100586,2.0551,2.332,3.5726928711010686e-05,-3.9321899413913286e-05,0.6702637672424316,0.6465311050415039,scored_both,scored_both
3UEV,A:MYR:5412,eligible_exact_graph,1.0930609703063965,4.265383243560791,1.0931,4.2654,-3.902969360347619e-05,-1.6756439208620577e-05,0.8205645084381104,0.41277259588241577,scored_both,scored_both
3UEW,A:PLM:1000,eligible_exact_graph,1.2061439752578735,2.276393175125122,1.2061,2.2764,4.397525787358525e-05,-6.824874878130771e-06,0.8670212626457214,0.608433723449707,scored_both,scored_both
3UEX,A:STE:163,eligible_exact_graph,1.2637114524841309,3.673530340194702,1.2637,3.6735,1.14524841308139e-05,3.0340194701938827e-05,0.857308566570282,0.4599708914756775,scored_both,scored_both
3UFL,A:508:449,eligible_stereochemistry_review,,6.291281223297119,1.9821,6.2913,,-1.8776702880529683e-05,,0.32965490221977234,partial_or_no_metrics,scored_both
3UG2,A:IRE:1,eligible_stereochemistry_review,0.9854579567909241,3.4220244884490967,0.9855,3.422,-4.204320907597037e-05,2.448844909652692e-05,0.9366554021835327,0.5003197193145752,scored_both,scored_both
3UHM,A:RFN:303,eligible_stereochemistry_review,2.039717435836792,1.5236693620681763,2.0397,1.5237,1.7435836792145665e-05,-3.0637931823784825e-05,0.6664626598358154,0.749366283416748,scored_both,scored_both
3UIB,A:SB2:362,eligible_stereochemistry_review,1.0283328294754028,8.466009140014648,1.0283,8.466,3.28294754028402e-05,9.140014649133832e-06,0.8607644438743591,0.1268075704574585,scored_both,scored_both
3UJ9,A:PC:301,eligible_exact_graph,0.21249234676361084,1.8261829614639282,0.2125,1.8262,-7.653236389154605e-06,-1.703853607182282e-05,1.0,0.6885162591934204,scored_both,scored_both
3UJC,A:PC:301,eligible_exact_graph,0.5157199501991272,2.3672444820404053,0.5157,2.3672,1.9950199127150015e-05,4.448204040530257e-05,0.9594430923461914,0.6209055781364441,scored_both,scored_both
3UJD,A:PC:301,eligible_exact_graph,0.16399776935577393,2.8985838890075684,0.164,2.8986,-2.230644226081102e-06,-1.6110992431705995e-05,1.0,0.5426716208457947,scored_both,scored_both
3UMQ,A:BUA:172,eligible_exact_graph,10.566804885864258,4.506118297576904,24.0472,13.0987,-13.480395114135742,-8.592581702423095,0.004716981202363968,0.0010638297535479069,scored_both,scored_both
3UMX,A:Q18:400,eligible_stereochemistry_review,0.8721680641174316,1.2613804340362549,0.8722,1.2614,-3.1935882568334684e-05,-1.9565963745193926e-05,0.9103084206581116,0.8592791557312012,scored_both,scored_both
3UO4,A:0C0:1,eligible_stereochemistry_review,0.6159428358078003,7.43622350692749,0.6159,7.4362,4.283580780028995e-05,2.3506927489869156e-05,0.9260274171829224,0.27478259801864624,scored_both,scored_both
3UOD,A:0C3:1,eligible_stereochemistry_review,0.5385704636573792,6.568670272827148,0.5386,6.5687,-2.953634262081728e-05,-2.9727172851323758e-05,0.9583920836448669,0.2814195156097412,scored_both,scored_both
3UP2,A:0C8:1,eligible_stereochemistry_review,0.5005428791046143,6.954385280609131,0.5005,6.9544,4.287910461431288e-05,-1.471939086883367e-05,0.9690054655075073,0.30203619599342346,scored_both,scored_both
3UPK,A:UD1:427,eligible_stereochemistry_review,,,1.4476,4.8433,,,,,partial_or_no_metrics,partial_or_no_metrics
3UPZ,A:B5A:1,eligible_stereochemistry_review,0.7153682112693787,2.529268741607666,0.7154,2.5293,-3.178873062137377e-05,-3.1258392334088114e-05,0.9189976453781128,0.5978062152862549,scored_both,scored_both
3USN,A:ATT:174,eligible_stereochemistry_review,,,1.2081,4.8308,,,,,partial_or_no_metrics,partial_or_no_metrics
3USX,B:MYR:172,eligible_exact_graph,2.605130195617676,6.33034610748291,2.6051,10.2102,3.0195617675587982e-05,-3.8798538925170902,0.6343167424201965,0.05833333358168602,scored_both,scored_both
3UVP,A:048:361,eligible_stereochemistry_review,0.7655397653579712,2.6431660652160645,0.7655,2.6432,3.976535797123315e-05,-3.393478393576288e-05,0.9091726541519165,0.5802401900291443,scored_both,scored_both
3UVQ,A:FS8:361,eligible_stereochemistry_review,0.8800526261329651,,0.8801,5.6197,-4.737386703490554e-05,,0.8877601623535156,,scored_both,partial_or_no_metrics
3V0L,A:2GW:450,eligible_stereochemistry_review,1.3125932216644287,,1.3126,5.3193,-6.778335571278049e-06,,0.8160418272018433,,scored_both,partial_or_no_metrics
3V1R,A:JTH:675,eligible_stereochemistry_review,0.8842121958732605,4.067111968994141,0.8842,4.0671,1.219587326051208e-05,1.1968994140687528e-05,0.9287709593772888,0.42938312888145447,scored_both,scored_both
3V2N,A:MYR:1,eligible_exact_graph,0.6032518148422241,,0.6033,8.581,-4.8185157775826326e-05,,0.9425926208496094,,scored_both,partial_or_no_metrics
3V2P,A:STE:1,eligible_exact_graph,0.7935492396354675,20.903276443481445,0.7935,20.9912,4.923963546754617e-05,-0.08792355651855388,0.9122889041900635,0.14775051176548004,scored_both,scored_both
3V2W,A:ML5:1201,eligible_representation_review,1.0091426372528076,4.811493396759033,1.0091,4.8115,4.2637252807509185e-05,-6.60324096646292e-06,0.8773792386054993,0.356689453125,scored_both,scored_both
3V51,A:I76:701,eligible_stereochemistry_review,0.6691688299179077,4.754528522491455,0.6692,4.7545,-3.117008209230221e-05,2.8522491454907595e-05,0.937901496887207,0.41152969002723694,scored_both,scored_both
3V5T,A:UW9:700,eligible_stereochemistry_review,0.5632334351539612,2.4385180473327637,0.5632,2.4385,3.343515396114771e-05,1.804733276378201e-05,0.9561952352523804,0.6596547961235046,scored_both,scored_both
3V66,A:D3A:402,eligible_stereochemistry_review,5.224967002868652,6.797067642211914,5.225,6.7971,-3.299713134730098e-05,-3.23577880863013e-05,0.33999142050743103,0.1685502678155899,scored_both,scored_both
3V7S,A:36F:401,eligible_stereochemistry_review,0.9379468560218811,9.335426330566406,0.9379,9.3354,4.685602188114757e-05,2.633056640632958e-05,0.8558639287948608,0.1254734843969345,scored_both,scored_both
3V7X,A:D7A:2002,eligible_stereochemistry_review,2.0730249881744385,2.701620578765869,2.073,2.7016,2.4988174438522748e-05,2.0578765869139204e-05,0.8509708642959595,0.6350245475769043,scored_both,scored_both
3VAP,A:0FY:1,eligible_stereochemistry_review,,,0.6878,2.7073,,,,,partial_or_no_metrics,partial_or_no_metrics
3VBD,A:0FZ:2002,eligible_stereochemistry_review,3.3803188800811768,3.082735776901245,3.3803,3.0827,1.888008117667539e-05,3.577690124512145e-05,0.6600840091705322,0.6487500071525574,scored_both,scored_both
3VBQ,A:0F5:555,eligible_stereochemistry_review,0.6350792050361633,1.6284605264663696,0.6351,1.6285,-2.079496383666779e-05,-3.9473533630429714e-05,0.9459654092788696,0.7561132311820984,scored_both,scored_both
3VBT,A:0F9:1,eligible_stereochemistry_review,0.3395354151725769,4.489135265350342,0.3395,4.4891,3.5415172576880316e-05,3.5265350342150725e-05,0.9909470677375793,0.375,scored_both,scored_both
3VBV,A:0FK:1,eligible_stereochemistry_review,0.5304815173149109,4.45272159576416,0.5305,4.4527,-1.8482685089082906e-05,2.1595764160053932e-05,0.9616883397102356,0.32689210772514343,scored_both,scored_both
3VBW,A:0FN:1,eligible_exact_graph,1.1236398220062256,1.343756079673767,1.1236,1.3438,3.9822006225653794e-05,-4.392032623301567e-05,0.8191340565681458,0.743261456489563,scored_both,scored_both
3VBX,A:0FO:1,eligible_stereochemistry_review,0.7789596915245056,3.4873926639556885,0.779,3.4874,-4.030847549441052e-05,-7.33604431157886e-06,0.9235127568244934,0.47394677996635437,scored_both,scored_both
3VBY,A:0FR:1,eligible_stereochemistry_review,0.4921616017818451,5.044529438018799,0.4922,5.0445,-3.8398218154933605e-05,2.9438018798622068e-05,0.9756380319595337,0.3108424246311188,scored_both,scored_both
3VC4,A:0FS:1,eligible_exact_graph,0.2682681381702423,3.0778377056121826,0.2683,3.0778,-3.186182975767338e-05,3.770561218274793e-05,0.997171938419342,0.4871688783168793,scored_both,scored_both
3VEU,A:0GO:378,eligible_stereochemistry_review,1.275248646736145,,1.2752,4.4891,4.8646736145130376e-05,,0.8892201781272888,,scored_both,partial_or_no_metrics
3VF3,A:0GS:401,eligible_stereochemistry_review,1.0811200141906738,,1.0811,3.5693,2.0014190673878218e-05,,0.8381876945495605,,scored_both,partial_or_no_metrics
3VF5,B:031:201,eligible_stereochemistry_review,1.2308872938156128,,1.2309,2.3309,-1.2706184387312192e-05,,0.8216049671173096,,scored_both,partial_or_no_metrics
3VG1,A:0GT:401,eligible_stereochemistry_review,0.6304625868797302,3.9088141918182373,0.6305,3.9088,-3.7413120269724764e-05,1.4191818237474507e-05,0.9535306096076965,0.41678470373153687,scored_both,scored_both
3VGC,C:SRB:358,eligible_exact_graph,0.9148246049880981,3.2177622318267822,0.9148,3.2178,2.4604988098198e-05,-3.776817321776704e-05,0.8993212580680847,0.4997069239616394,scored_both,scored_both
3VH9,A:HQY:303,eligible_exact_graph,0.15589578449726105,2.5462911128997803,0.1559,2.5463,-4.215502738963428e-06,-8.887100219734378e-06,1.0,0.5295064449310303,scored_both,scored_both
3VHA,A:VHA:237,eligible_stereochemistry_review,1.6539138555526733,1.028228521347046,1.6539,1.0282,1.3855552673414095e-05,2.8521347045895595e-05,0.6704713106155396,0.8028169274330139,scored_both,scored_both
3VHC,A:VHC:1,eligible_stereochemistry_review,1.3176178932189941,3.5970661640167236,1.3176,3.5971,1.7893218994036175e-05,-3.383598327655335e-05,0.7804511189460754,0.4216666519641876,scored_both,scored_both
3VHK,A:BPK:2001,eligible_stereochemistry_review,0.3240835964679718,4.3266520500183105,0.3241,4.3267,-1.6403532028197443e-05,-4.794998168922149e-05,0.9971819519996643,0.4315628111362457,scored_both,scored_both
3VHU,A:SNL:1001,eligible_stereochemistry_review,2.013793706893921,1.4136673212051392,2.0138,1.4137,-6.293106078913979e-06,-3.26787948607965e-05,0.6715059280395508,0.7786082625389099,scored_both,scored_both
3VO3,A:0KF:2001,eligible_stereochemistry_review,0.4945577383041382,1.513331413269043,0.4946,1.5133,-4.226169586180051e-05,3.141326904287922e-05,0.9701417088508606,0.735084593296051,scored_both,scored_both
3VOZ,A:04A:601,eligible_stereochemistry_review,1.9398223161697388,14.816412925720215,1.9398,14.8164,2.2316169738800795e-05,1.2925720215051228e-05,0.7062084078788757,0.010321101173758507,scored_both,scored_both
3VP1,A:04A:601,eligible_stereochemistry_review,1.1472322940826416,14.067726135253906,1.1472,14.0677,3.229408264160405e-05,2.613525390593452e-05,0.8321596384048462,0.024170273914933205,scored_both,scored_both
3VP2,A:BP0:601,eligible_stereochemistry_review,19.42540740966797,18.832666397094727,19.4254,18.8327,7.409667968971689e-06,-3.360290527254506e-05,0.0,0.0,scored_both,scored_both
3VP3,A:BP8:601,eligible_exact_graph,20.18482208251953,,20.1848,22.9551,2.208251953206286e-05,,0.0,,scored_both,partial_or_no_metrics
3VP4,A:BP9:601,eligible_stereochemistry_review,0.7387633323669434,20.699806213378906,0.7388,20.6998,-3.666763305665288e-05,6.213378906494427e-06,0.9233871102333069,0.0,scored_both,scored_both
3VRT,A:YS2:501,eligible_exact_graph,1.155461072921753,1.630728840827942,1.1555,1.6307,-3.892707824704189e-05,2.8840827941856162e-05,0.8668224215507507,0.740314781665802,scored_both,scored_both
3VRU,A:YS3:501,eligible_exact_graph,0.7284948825836182,1.6602554321289062,0.7285,1.6603,-5.117416381872353e-06,-4.456787109385907e-05,0.9189785718917847,0.7169811129570007,scored_both,scored_both
3VRV,A:YSD:501,eligible_exact_graph,0.6963514089584351,1.6007388830184937,0.6964,1.6007,-4.859104156496041e-05,3.888301849364062e-05,0.928367555141449,0.7581383585929871,scored_both,scored_both
3VRW,A:YS5:501,eligible_exact_graph,0.7403537034988403,,0.7404,2.9164,-4.629650115961503e-05,,0.9051339030265808,,scored_both,partial_or_no_metrics
3VTB,A:TKA:500,eligible_exact_graph,0.6969390511512756,3.4889564514160156,0.6969,3.489,3.9051151275670826e-05,-4.354858398425421e-05,0.9288899898529053,0.5017135143280029,scored_both,scored_both
3VTC,A:TK3:500,eligible_exact_graph,0.5067664384841919,4.308596134185791,0.5068,4.3086,-3.356151580813371e-05,-3.8658142091918535e-06,0.9622877240180969,0.39676305651664734,scored_both,scored_both
3VTD,A:TKD:500,eligible_exact_graph,0.6027323603630066,3.9034788608551025,0.6027,3.9035,3.2360363006578297e-05,-2.1139144897652784e-05,0.9441649913787842,0.4167242646217346,scored_both,scored_both
3VV7,A:0B1:509,eligible_stereochemistry_review,1.7666890621185303,6.962401866912842,1.7667,6.9624,-1.093788146966368e-05,1.866912842096724e-06,0.7522287964820862,0.23016701638698578,scored_both,scored_both
3VV8,A:B02:502,eligible_stereochemistry_review,1.7393444776535034,5.448564052581787,1.7393,5.4486,4.447765350334976e-05,-3.594741821277836e-05,0.7603270411491394,0.2929322421550751,scored_both,scored_both
3VW7,A:VPX:2001,eligible_stereochemistry_review,1.2210464477539062,7.667724609375,1.221,7.6677,4.6447753906164735e-05,2.460937500003979e-05,0.800559401512146,0.22002112865447998,scored_both,scored_both
3W07,A:U5P:301,eligible_stereochemistry_review,,,0.9489,2.7657,,,,,partial_or_no_metrics,partial_or_no_metrics
3W2O,A:03P:1101,eligible_stereochemistry_review,1.1034975051879883,,1.1035,2.6142,-2.494812011644143e-06,,0.8534161448478699,,scored_both,partial_or_no_metrics
3W2P,A:W2P:1101,eligible_stereochemistry_review,2.076624631881714,,2.0766,3.0488,2.4631881713865766e-05,,0.819562554359436,,scored_both,partial_or_no_metrics
3W2Q,A:HKI:1101,eligible_stereochemistry_review,,4.355227470397949,0.7573,4.3552,,2.747039794925854e-05,,0.4415322542190552,partial_or_no_metrics,scored_both
3W2R,A:W2R:1101,eligible_stereochemistry_review,0.6306531429290771,3.2295045852661133,0.6307,3.2295,-4.685707092288993e-05,4.585266113465991e-06,0.941136360168457,0.5052521228790283,scored_both,scored_both
3W2S,A:W2R:1101,eligible_stereochemistry_review,0.8361775279045105,3.154465436935425,0.8362,3.1545,-2.247209548955631e-05,-3.4563064575277025e-05,0.9056332111358643,0.5446860194206238,scored_both,scored_both
3W55,A:1FM:401,eligible_exact_graph,1.1833146810531616,,1.1833,2.1741,1.468105316160262e-05,,0.8579215407371521,,scored_both,partial_or_no_metrics
3W5T,A:LHP:500,eligible_stereochemistry_review,1.1049318313598633,1.9344969987869263,1.1049,1.9345,3.1831359863288e-05,-3.0012130738388265e-06,0.8367231488227844,0.7094524502754211,scored_both,scored_both
3W9K,A:MYR:201,eligible_exact_graph,0.896091878414154,4.383234024047852,0.8961,4.3832,-8.121585845954904e-06,3.402404785113333e-05,0.9142066240310669,0.4531438946723938,scored_both,scored_both
3W9R,A:A8S:201,eligible_exact_graph,0.5584394931793213,1.9967494010925293,0.5584,1.9967,3.94931793212816e-05,4.940109252937752e-05,0.9596962332725525,0.6263686418533325,scored_both,scored_both
3WAB,A:DDW:403,eligible_stereochemistry_review,0.541578471660614,4.473781108856201,0.5416,4.4738,-2.1528339385956663e-05,-1.8891143798605015e-05,0.9611529111862183,0.348673939704895,scored_both,scored_both
3WAV,A:DWV:937,eligible_exact_graph,1.5723603963851929,4.64208459854126,1.5724,4.6421,-3.96036148071488e-05,-1.5401458740349483e-05,0.8015503883361816,0.36194029450416565,scored_both,scored_both
3WAW,A:DWW:937,eligible_stereochemistry_review,1.7959425449371338,6.5059895515441895,1.7959,6.506,4.254493713373719e-05,-1.0448455810774249e-05,0.7459319233894348,0.26945245265960693,scored_both,scored_both
3WAX,A:DWX:936,eligible_stereochemistry_review,1.081395149230957,4.604711532592773,1.0814,4.6047,-4.8507690428856165e-06,1.1532592773200179e-05,0.8681350350379944,0.36702126264572144,scored_both,scored_both
3WAY,A:DWY:931,eligible_stereochemistry_review,0.7082329392433167,3.8230667114257812,0.7082,3.8231,3.29392433165987e-05,-3.3288574218914846e-05,0.9143518805503845,0.4558303952217102,scored_both,scored_both
3WE4,A:5FI:402,eligible_exact_graph,0.7688394784927368,5.380341053009033,0.7688,5.3803,3.9478492736777504e-05,4.10530090331207e-05,0.9559999704360962,0.3075000047683716,scored_both,scored_both
3WF7,A:FS9:402,eligible_stereochemistry_review,0.9183751344680786,5.535146236419678,0.9184,5.5351,-2.4865531921380857e-05,4.6236419677825324e-05,0.8809523582458496,0.3633268475532532,scored_both,scored_both
3WFF,A:WFF:1001,eligible_stereochemistry_review,,1.1535686254501343,1.38,1.1536,,-3.1374549865681445e-05,,0.8155487775802612,partial_or_no_metrics,scored_both
3WFG,A:WFG:1001,eligible_stereochemistry_review,1.0304162502288818,3.9734466075897217,1.0304,3.9734,1.6250228881853346e-05,4.6607589721858744e-05,0.8550257682800293,0.42577093839645386,scored_both,scored_both
3WJW,A:U6M:301,eligible_stereochemistry_review,0.8980296850204468,3.274430751800537,0.898,3.2744,2.9685020446756916e-05,3.075180053713211e-05,0.9170812368392944,0.45854923129081726,scored_both,scored_both
3WK4,A:S0A:603,eligible_stereochemistry_review,0.601969301700592,3.2316277027130127,0.602,3.2316,-3.0698299407938556e-05,2.770271301288929e-05,0.9576771855354309,0.5485015511512756,scored_both,scored_both
3WK5,A:S0C:603,eligible_exact_graph,6.469954490661621,2.315704822540283,6.47,2.3157,-4.550933837865756e-05,4.822540283111465e-06,0.37295082211494446,0.5579216480255127,scored_both,scored_both
3WK6,A:S0B:603,eligible_stereochemistry_review,0.6833296418190002,3.6455118656158447,0.6833,3.6455,2.9641819000225667e-05,1.1865615844541821e-05,0.9320436716079712,0.4767441749572754,scored_both,scored_both
3WK7,A:S0D:603,eligible_stereochemistry_review,0.5806059241294861,1.3914543390274048,0.5806,1.3915,5.9241294860790106e-06,-4.566097259517399e-05,0.9562118053436279,0.7545537352561951,scored_both,scored_both
3WK8,A:S0E:603,eligible_stereochemistry_review,1.9387407302856445,4.531599998474121,1.9387,4.5316,4.0730285644441366e-05,-1.525878978725359e-09,0.7470179200172424,0.3790801167488098,scored_both,scored_both
3WK9,A:S0F:603,eligible_stereochemistry_review,0.3920646011829376,4.504018306732178,0.3921,4.504,-3.5398817062382015e-05,1.830673217817491e-05,0.991134762763977,0.43926331400871277,scored_both,scored_both
3WKA,A:S0G:603,eligible_exact_graph,0.48800933361053467,3.7140090465545654,0.488,3.714,9.333610534678627e-06,9.046554565461662e-06,0.973347544670105,0.4781250059604645,scored_both,scored_both
3WKB,A:S0I:603,eligible_stereochemistry_review,0.44216224551200867,10.557117462158203,0.4422,10.5571,-3.775448799131498e-05,1.7462158202974365e-05,0.9799771308898926,0.0768229141831398,scored_both,scored_both
3WKC,A:S0J:603,eligible_stereochemistry_review,1.0461785793304443,3.9457781314849854,1.0462,3.9458,-2.1420669555682892e-05,-2.1868515014844547e-05,0.8388429880142212,0.37594839930534363,scored_both,scored_both
3WKD,A:S0K:603,eligible_stereochemistry_review,0.46171116828918457,7.2050981521606445,0.4617,7.2051,1.1168289184571023e-05,-1.8478393553067463e-06,0.9753717184066772,0.13972972333431244,scored_both,scored_both
3WKE,A:AUB:603,eligible_stereochemistry_review,1.459232211112976,6.0233588218688965,1.4592,6.0234,3.221111297602164e-05,-4.117813110315893e-05,0.8103271722793579,0.3656403124332428,scored_both,scored_both
3WMB,A:NF1:601,eligible_exact_graph,0.6784932613372803,4.630588531494141,0.6785,4.6306,-6.738662719718569e-06,-1.1468505859646427e-05,0.9607942700386047,0.43778109550476074,scored_both,scored_both
3WMC,A:NF6:601,eligible_stereochemistry_review,0.8465586304664612,3.212212324142456,0.8466,3.2122,-4.1369533538837544e-05,1.232414245588842e-05,0.9481382966041565,0.5619015097618103,scored_both,scored_both
3WT5,A:YA1:501,eligible_exact_graph,3.4301705360412598,2.937199592590332,3.4302,2.9372,-2.946395874037222e-05,-4.0740966777974563e-07,0.6694095134735107,0.5063042044639587,scored_both,scored_both
3WT7,A:YA2:501,eligible_exact_graph,0.7729896903038025,1.1051408052444458,0.773,1.1051,-1.0309696197530194e-05,4.080524444582956e-05,0.922095537185669,0.8381605744361877,scored_both,scored_both
3WVM,A:STE:200,eligible_exact_graph,0.8422467112541199,,0.8422,2.5844,4.6711254119924384e-05,,0.8982300758361816,,scored_both,partial_or_no_metrics
3WZ6,A:IXZ:409,eligible_exact_graph,5.664339065551758,,5.6643,7.4035,3.9065551757921924e-05,,0.31060606241226196,,scored_both,partial_or_no_metrics
3ZBF,A:VGH:3000,eligible_stereochemistry_review,0.8857348561286926,2.7608838081359863,0.8857,2.7609,3.485612869258414e-05,-1.6191864013581636e-05,0.8893312215805054,0.6639049053192139,scored_both,scored_both
3ZHX,A:FM6:501,eligible_stereochemistry_review,,,0.9787,15.4769,,,,,partial_or_no_metrics,partial_or_no_metrics
3ZI0,A:FM8:501,eligible_stereochemistry_review,,12.790419578552246,34.6129,12.7904,,1.9578552246102277e-05,,0.03905419632792473,partial_or_no_metrics,scored_both
3ZI8,A:FUL:100,eligible_stereochemistry_review,17.076173782348633,10.445307731628418,17.0762,10.4453,-2.6217651367232975e-05,7.731628418383707e-06,0.0005787037080153823,0.08291666954755783,scored_both,scored_both
3ZLS,A:92P:1383,eligible_stereochemistry_review,1.1143475770950317,1.4057948589324951,1.1143,1.4058,4.757709503167007e-05,-5.1410675048213506e-06,0.9202806353569031,0.7547059059143066,scored_both,scored_both
3ZLW,A:MT8:1383,eligible_stereochemistry_review,3.736815929412842,6.387272834777832,3.7368,6.3873,1.5929412841675372e-05,-2.7165222167724323e-05,0.47647058963775635,0.23771022260189056,scored_both,scored_both
3ZLX,A:5EZ:1383,eligible_stereochemistry_review,1.9580782651901245,,1.9581,5.5324,-2.1734809875439964e-05,,0.7940000295639038,,scored_both,partial_or_no_metrics
3ZLY,A:YSO:1383,eligible_stereochemistry_review,3.1500084400177,2.282848596572876,3.15,2.2828,8.44001770028413e-06,4.859657287603625e-05,0.5739583373069763,0.5856481194496155,scored_both,scored_both
3ZM4,A:22T:1383,eligible_stereochemistry_review,0.9384825229644775,4.472774028778076,0.9385,4.4728,-1.7477035522461826e-05,-2.5971221924159238e-05,0.8662477731704712,0.3564935028553009,scored_both,scored_both
3ZM5,A:IGM:1455,eligible_stereochemistry_review,0.7722092270851135,,0.7722,4.1564,9.227085113527878e-06,,0.9107298254966736,,scored_both,partial_or_no_metrics
3ZMG,A:6Z0:1448,eligible_stereochemistry_review,0.6555337905883789,7.515709400177002,0.6555,7.5157,3.379058837893467e-05,9.400177002127919e-06,0.9739819169044495,0.23699817061424255,scored_both,scored_both
3ZMI,A:L6C:401,eligible_stereochemistry_review,0.915174663066864,5.246328353881836,0.9152,5.2463,-2.533693313599983e-05,2.8353881836196138e-05,0.887499988079071,0.27971091866493225,scored_both,scored_both
3ZMJ,A:L61:401,eligible_exact_graph,0.22301085293293,,0.223,3.9462,1.0852932929988901e-05,,1.0,,scored_both,partial_or_no_metrics
3ZNC,A:BZ1:500,eligible_stereochemistry_review,,,1.741,2.5815,,,,,partial_or_no_metrics,partial_or_no_metrics
3ZO1,A:SIJ:1351,eligible_stereochemistry_review,1.2581202983856201,0.9222831726074219,1.2581,0.9223,2.0298385620121095e-05,-1.6827392578133704e-05,0.8166666626930237,0.8597464561462402,scored_both,scored_both
3ZO2,A:15I:1351,eligible_stereochemistry_review,0.6516649127006531,1.0881739854812622,0.6517,1.0882,-3.508729934686983e-05,-2.60145187378491e-05,0.9368000030517578,0.8451128005981445,scored_both,scored_both
3ZO4,A:QWI:1352,eligible_stereochemistry_review,3.018620252609253,2.252657175064087,3.0186,2.2527,2.0252609252757736e-05,-4.282493591301062e-05,0.638359785079956,0.6604517102241516,scored_both,scored_both
3ZOT,A:L6C:401,eligible_exact_graph,0.3883897364139557,5.5642805099487305,0.3884,5.5643,-1.0263586044334527e-05,-1.9490051269777098e-05,0.9956555962562561,0.2664913833141327,scored_both,scored_both
3ZPS,B:EQM:1202,eligible_stereochemistry_review,,,1.3062,10.4398,,,,,partial_or_no_metrics,partial_or_no_metrics
3ZPU,B:M8B:1202,eligible_stereochemistry_review,1.2475159168243408,,1.2475,3.3588,1.5916824340767022e-05,,0.828088104724884,,scored_both,partial_or_no_metrics
3ZQE,B:DXC:1079,eligible_stereochemistry_review,2.6720314025878906,16.46676254272461,2.672,16.4668,3.140258789047223e-05,-3.745727538984056e-05,0.5284482836723328,0.0029761905316263437,scored_both,scored_both
3ZQT,A:30Z:1920,eligible_stereochemistry_review,4.771366119384766,4.576936721801758,4.7714,4.5769,-3.3880615234238576e-05,3.6721801757622075e-05,0.35516178607940674,0.3604734539985657,scored_both,scored_both
3ZV7,A:NHG:1541,eligible_stereochemistry_review,0.6645628213882446,2.0293774604797363,0.6646,2.0294,-3.717861175533965e-05,-2.2539520263542556e-05,0.9309523701667786,0.7045454382896423,scored_both,scored_both
3ZVV,A:XAZ:1500,eligible_exact_graph,0.16419261693954468,2.535861015319824,0.1642,2.5359,-7.383060455334878e-06,-3.898468017560219e-05,1.0,0.5873684287071228,scored_both,scored_both
3ZW3,A:ZW3:2191,eligible_exact_graph,0.5289635062217712,1.9575902223587036,0.529,1.9576,-3.649377822878552e-05,-9.777641296393469e-06,0.9753344655036926,0.6804315447807312,scored_both,scored_both
3ZXZ,A:KRW:2345,eligible_stereochemistry_review,0.6901127099990845,6.621434688568115,0.6901,6.6214,1.2709999084425938e-05,3.468856811483789e-05,0.9336734414100647,0.22291196882724762,scored_both,scored_both
3ZYA,A:2A8:400,eligible_stereochemistry_review,0.900400698184967,7.872950077056885,0.9004,7.8729,6.981849670628648e-07,5.007705688520048e-05,0.8700274229049683,0.14861950278282166,scored_both,scored_both
3ZZE,A:6XP:2345,eligible_stereochemistry_review,0.8674248456954956,6.0999226570129395,0.8674,6.0999,2.4845695495656628e-05,2.265701293957534e-05,0.8917218446731567,0.27535587549209595,scored_both,scored_both
3ZZH,C:ARG:1362,eligible_exact_graph,3.416945695877075,11.380938529968262,38.0444,11.3809,-34.62745430412293,3.852996826125832e-05,0.35178571939468384,0.11452353745698929,scored_both,scored_both
4A4E,A:2MR:1148,eligible_exact_graph,,,1.0212,4.0056,,,,,partial_or_no_metrics,partial_or_no_metrics
4A4F,A:2MR:201,eligible_exact_graph,,,0.834,3.5657,,,,,partial_or_no_metrics,partial_or_no_metrics
4A4G,A:DA2:1148,eligible_stereochemistry_review,,,5.0199,3.5775,,,,,partial_or_no_metrics,partial_or_no_metrics
4A4L,A:939:1331,eligible_exact_graph,0.6135679483413696,1.6190606355667114,0.6136,1.6191,-3.205165863040538e-05,-3.9364433288557876e-05,0.9584282636642456,0.7717923521995544,scored_both,scored_both
4A4O,A:664:1332,eligible_exact_graph,0.7986039519309998,1.6895930767059326,0.7986,1.6896,3.951930999779307e-06,-6.9232940673735754e-06,0.9491353034973145,0.7204063534736633,scored_both,scored_both
4A4X,A:JUP:1280,eligible_stereochemistry_review,0.7891542911529541,2.4167404174804688,0.7892,2.4167,-4.570884704591105e-05,4.0417480468679656e-05,0.9244521260261536,0.6169856190681458,scored_both,scored_both
4A6B,B:QG8:1200,eligible_stereochemistry_review,1.22610604763031,,1.2261,6.4292,6.0476303100909234e-06,,0.8078528046607971,,scored_both,partial_or_no_metrics
4A6C,B:QG9:1200,eligible_stereochemistry_review,1.7276909351348877,5.960268974304199,1.7277,5.9603,-9.064865112318188e-06,-3.102569580093473e-05,0.7839391827583313,0.3441573977470398,scored_both,scored_both
4A6W,A:5C1:1265,eligible_exact_graph,0.14527320861816406,2.793834924697876,0.1453,2.7938,-2.679138183594998e-05,3.4924697875915456e-05,1.0,0.5943562388420105,scored_both,scored_both
4A7C,A:E46:1306,eligible_stereochemistry_review,1.301332950592041,6.008014678955078,1.3013,6.008,3.295059204111439e-05,1.4678955078117895e-05,0.8202781677246094,0.3073485493659973,scored_both,scored_both
4A7I,B:A7I:1246,eligible_exact_graph,0.9827674031257629,2.1052370071411133,0.9828,2.1052,-3.2596874237067475e-05,3.700714111332104e-05,0.8983585834503174,0.6595744490623474,scored_both,scored_both
4A9R,A:RU5:1514,eligible_exact_graph,1.591856837272644,3.0791335105895996,1.5919,3.0791,-4.316272735604976e-05,3.3510589599661245e-05,0.8337191343307495,0.6175656914710999,scored_both,scored_both
4A9S,A:RU9:1515,eligible_exact_graph,0.3282145857810974,3.276823043823242,0.3282,3.2768,1.458578109742037e-05,2.304382324203047e-05,1.0,0.5575471520423889,scored_both,scored_both
4A9U,A:A9U:1516,eligible_exact_graph,0.6070138216018677,2.6722497940063477,0.607,2.6722,1.3821601867691768e-05,4.979400634752551e-05,0.9829136729240417,0.5544058680534363,scored_both,scored_both
4AA0,A:AA0:1353,eligible_stereochemistry_review,0.8898842334747314,2.957932710647583,0.8899,2.9579,-1.5766525268579024e-05,3.27106475830341e-05,0.8898809552192688,0.532608687877655,scored_both,scored_both
4AA5,A:NQB:1353,eligible_stereochemistry_review,1.0848667621612549,1.4178156852722168,1.0849,1.4178,-3.3237838745092674e-05,1.568527221684768e-05,0.8813349604606628,0.7777129411697388,scored_both,scored_both
4AAC,A:AAV:1360,eligible_stereochemistry_review,0.7428615093231201,2.1396820545196533,0.7429,2.1397,-3.849067687988761e-05,-1.7945480346615028e-05,0.9466975927352905,0.6623786687850952,scored_both,scored_both
4AB8,A:VXU:1253,eligible_stereochemistry_review,0.5159760117530823,2.1515896320343018,0.516,2.1516,-2.398824691773882e-05,-1.0367965698421244e-05,0.9812231659889221,0.6217830777168274,scored_both,scored_both
4AB9,A:VXQ:1251,eligible_exact_graph,0.19705745577812195,1.1254693269729614,0.1971,1.1255,-4.254422187804918e-05,-3.067302703851915e-05,1.0,0.8091965913772583,scored_both,scored_both
4ABA,A:SW1:1256,eligible_exact_graph,0.188600555062294,1.7941148281097412,0.1886,1.7941,5.550622940164729e-07,1.4828109741182871e-05,1.0,0.7265625,scored_both,scored_both
4ABB,A:K9S:1252,eligible_exact_graph,0.1971762627363205,2.175173044204712,0.1972,2.1752,-2.3737263679490805e-05,-2.6955795287886275e-05,1.0,0.6297268867492676,scored_both,scored_both
4ABD,A:SW2:1252,eligible_stereochemistry_review,0.25517988204956055,1.4009594917297363,0.2552,1.401,-2.011795043943554e-05,-4.050827026369497e-05,0.9993946552276611,0.8144654035568237,scored_both,scored_both
4ABE,A:913:1254,eligible_stereochemistry_review,1.0160958766937256,2.5120739936828613,1.0161,2.5121,-4.12330627441726e-06,-2.6006317138893564e-05,0.9208144545555115,0.6504024267196655,scored_both,scored_both
4ABF,A:513:1252,eligible_exact_graph,0.14987872540950775,2.7650396823883057,0.1499,2.765,-2.1274590492253997e-05,3.968238830553972e-05,1.0,0.5462107062339783,scored_both,scored_both
4ABH,A:7Z3:1253,eligible_stereochemistry_review,0.34729334712028503,3.2555065155029297,0.3473,3.2555,-6.652879714963422e-06,6.515502929627104e-06,0.9893617033958435,0.5603773593902588,scored_both,scored_both
4ABK,A:AR6:2389,eligible_stereochemistry_review,1.0613988637924194,4.222385883331299,1.0614,4.2224,-1.1362075804655092e-06,-1.4116668701547042e-05,0.8799728751182556,0.4160424470901489,scored_both,scored_both
4ACU,A:QN7:1506,eligible_stereochemistry_review,3.6523449420928955,7.464674949645996,3.6523,7.4647,4.4942092895627894e-05,-2.5050354003575137e-05,0.6519189476966858,0.18143878877162933,scored_both,scored_both
4AFE,A:GGY:1280,eligible_stereochemistry_review,1.3179230690002441,,1.3179,3.7212,2.3069000244069215e-05,,0.8672875165939331,,scored_both,partial_or_no_metrics
4AG8,A:AXI:2000,eligible_stereochemistry_review,0.5791261792182922,4.141058444976807,0.5791,4.1411,2.6179218292288198e-05,-4.155502319314053e-05,0.9529339671134949,0.435844361782074,scored_both,scored_both
4AGD,A:B49:2000,eligible_stereochemistry_review,0.9122569561004639,3.413533926010132,0.9123,3.4135,-4.3043899536132635e-05,3.3926010131857254e-05,0.9684542417526245,0.5622417330741882,scored_both,scored_both
4AI8,A:DZA:1358,eligible_exact_graph,0.35927119851112366,4.508080005645752,0.3593,4.5081,-2.8801488876351033e-05,-1.9994354247820922e-05,0.9943365454673767,0.33994197845458984,scored_both,scored_both
4AIG,A:FLX:400,eligible_stereochemistry_review,1.893834114074707,,1.8938,4.4771,3.411407470710337e-05,,0.6746231317520142,,scored_both,partial_or_no_metrics
4ALG,A:1GH:1146,eligible_exact_graph,0.26596781611442566,1.9298254251480103,0.266,1.9298,-3.218388557435503e-05,2.5425148010294052e-05,1.0,0.7246978878974915,scored_both,scored_both
4AMY,A:2P2:791,eligible_stereochemistry_review,0.7949560284614563,,0.795,4.382,-4.397153854374114e-05,,0.9287652373313904,,scored_both,partial_or_no_metrics
4AMZ,A:2P4:791,eligible_stereochemistry_review,0.4349578022956848,2.6588027477264404,0.435,2.6588,-4.2197704315183326e-05,2.7477264405995072e-06,0.9764795303344727,0.6475827097892761,scored_both,scored_both
4AN0,A:2P6:791,eligible_stereochemistry_review,1.266523003578186,2.913560152053833,1.2665,2.9136,2.3003578186076012e-05,-3.98479461671819e-05,0.8534732460975647,0.5343713164329529,scored_both,scored_both
4AN1,A:2P8:791,eligible_stereochemistry_review,1.0836384296417236,,1.0836,2.6643,3.8429641723736196e-05,,0.8293433785438538,,scored_both,partial_or_no_metrics
4AN9,A:2P7:1384,eligible_stereochemistry_review,,7.684077262878418,0.4783,7.6841,,-2.2737121581961617e-05,,0.23254716396331787,partial_or_no_metrics,scored_both
4ANB,A:YQY:501,eligible_stereochemistry_review,,4.472735404968262,0.9617,4.4727,,3.540496826204276e-05,,0.3978672921657562,partial_or_no_metrics,scored_both
4ANQ,A:VGH:9000,eligible_stereochemistry_review,1.6887400150299072,2.460402727127075,1.6887,2.4604,4.001502990713668e-05,2.7271270752748933e-06,0.7734922766685486,0.5904109477996826,scored_both,scored_both
4APP,A:N53:601,eligible_stereochemistry_review,2.6546831130981445,8.269747734069824,2.6547,8.2697,-1.6886901855528436e-05,4.77340698239459e-05,0.7888067364692688,0.1763993501663208,scored_both,scored_both
4AQ4,A:G3P:1415,eligible_representation_review,0.5405935049057007,3.0769026279449463,0.5406,3.0769,-6.495094299285853e-06,2.627944946098637e-06,0.9633182883262634,0.5278253555297852,scored_both,scored_both
4ARK,A:M3K:1385,eligible_stereochemistry_review,1.1632637977600098,,1.1633,4.0378,-3.6202239990235086e-05,,0.8350383639335632,,scored_both,partial_or_no_metrics
4AS9,A:4QS:1215,eligible_exact_graph,,2.1377105712890625,2.6938,2.1377,,1.0571289062344391e-05,,0.6074197292327881,partial_or_no_metrics,scored_both
4ASD,A:BAX:1500,eligible_stereochemistry_review,0.7229317426681519,12.109857559204102,0.7229,12.1099,3.1742668151868436e-05,-4.2440795898102124e-05,0.9277663826942444,0.14779776334762573,scored_both,scored_both
4AT3,A:LTI:1839,eligible_stereochemistry_review,2.5124359130859375,2.1284782886505127,2.5124,2.1285,3.5913085937533396e-05,-2.1711349487141263e-05,0.682519257068634,0.6657232642173767,scored_both,scored_both
4ATT,A:HNV:201,eligible_stereochemistry_review,0.9828765392303467,1.3026763200759888,0.9829,1.3027,-2.3460769653316227e-05,-2.367992401119956e-05,0.8633027672767639,0.7680251002311707,scored_both,scored_both
4AUJ,A:HNW:201,eligible_stereochemistry_review,1.491166114807129,1.0622074604034424,1.4912,1.0622,-3.388519287117475e-05,7.460403442349772e-06,0.7195616960525513,0.8373494148254395,scored_both,scored_both
4AWK,A:CI1:801,eligible_stereochemistry_review,4.106891632080078,,4.1069,3.9924,-8.367919922314115e-06,,0.5561290383338928,,scored_both,partial_or_no_metrics
4AXD,A:ANP:600,eligible_stereochemistry_review,1.5038901567459106,3.0071465969085693,1.5039,3.0071,-9.843254089370035e-06,4.6596908569451756e-05,0.7735326886177063,0.4956933557987213,scored_both,scored_both
4AYQ,A:MVL:503,eligible_stereochemistry_review,0.9945699572563171,1.943454623222351,0.9946,1.9435,-3.004274368290094e-05,-4.537677764893111e-05,0.8918918967247009,0.6866405010223389,scored_both,scored_both
4AYT,A:ACP:900,eligible_stereochemistry_review,1.3449128866195679,5.005617141723633,1.3449,5.0056,1.2886619567886726e-05,1.7141723632541073e-05,0.8292227387428284,0.3247840106487274,scored_both,scored_both
4AYV,B:9MQ:1258,eligible_stereochemistry_review,1.1277986764907837,,1.1278,3.8332,-1.3235092162222628e-06,,0.8419483304023743,,scored_both,partial_or_no_metrics
4AYW,A:ANP:1719,eligible_stereochemistry_review,1.4243040084838867,5.5432538986206055,1.4243,5.5433,4.008483886819292e-06,-4.610137939486947e-05,0.8146630525588989,0.2931250035762787,scored_both,scored_both
4AYX,A:ACP:900,eligible_stereochemistry_review,0.8412476778030396,4.725188255310059,0.8412,4.7252,4.7677803039603006e-05,-1.1744689941473041e-05,0.930084764957428,0.3462354242801666,scored_both,scored_both
4AZ0,A:S61:1262,eligible_stereochemistry_review,0.6376289129257202,3.5219383239746094,0.6376,3.5219,2.8912925720270266e-05,3.832397460934445e-05,0.9553333520889282,0.5010091066360474,scored_both,scored_both
4AZ3,A:S35:1259,eligible_stereochemistry_review,0.9362273216247559,7.718556880950928,0.9362,7.7186,2.7321624755827223e-05,-4.311904907261521e-05,0.9014806151390076,0.18567252159118652,scored_both,scored_both
4AZ5,A:NGW:1615,eligible_stereochemistry_review,0.8972378969192505,2.5562429428100586,0.8972,2.5562,3.789691925049077e-05,4.294281005856604e-05,0.9130648374557495,0.6218181848526001,scored_both,scored_both
4AZF,A:3RA:600,eligible_stereochemistry_review,1.8980751037597656,2.805753231048584,1.8981,2.8058,-2.4896240234273392e-05,-4.676895141608739e-05,0.6813793182373047,0.5254777073860168,scored_both,scored_both
4AZP,A:A9M:1136,eligible_exact_graph,,,2.2408,4.5763,,,,,partial_or_no_metrics,partial_or_no_metrics
4AZT,A:LY2:1483,eligible_stereochemistry_review,0.6186265349388123,14.583574295043945,0.6186,14.5836,2.6534938812217135e-05,-2.570495605525025e-05,0.9474169611930847,0.046008117496967316,scored_both,scored_both
4B00,A:I6X:1507,eligible_stereochemistry_review,1.930495023727417,8.211498260498047,1.9305,8.2115,-4.9762725831126176e-06,-1.7395019522581379e-06,0.7277887463569641,0.21289493143558502,scored_both,scored_both
4B05,A:32D:1391,eligible_stereochemistry_review,1.8823109865188599,6.5230278968811035,1.8823,6.523,1.0986518859779082e-05,2.7896881103828264e-05,0.7472314238548279,0.270216166973114,scored_both,scored_both
4B1C,A:1B1:1504,eligible_stereochemistry_review,0.2871466279029846,4.082208633422852,0.2871,4.0822,4.662790298459729e-05,8.633422851289652e-06,0.994991660118103,0.40148699283599854,scored_both,scored_both
4B1D,A:6TG:1505,eligible_stereochemistry_review,1.3018430471420288,2.7204430103302,1.3018,2.7204,4.304714202874038e-05,4.301033020004397e-05,0.8319149017333984,0.5577168464660645,scored_both,scored_both
4B2I,A:LZ1:1351,eligible_exact_graph,0.21790924668312073,1.459718942642212,0.2179,1.4597,9.246683120717192e-06,1.894264221191655e-05,1.0,0.7686567306518555,scored_both,scored_both
4B2L,A:TR7:1351,eligible_exact_graph,0.12175349146127701,4.862861633300781,0.1218,4.8629,-4.650853872299743e-05,-3.836669921852831e-05,1.0,0.43171295523643494,scored_both,scored_both
4B32,A:03V:1351,eligible_stereochemistry_review,0.21811608970165253,5.257885932922363,0.2181,5.2579,1.6089701652538535e-05,-1.4067077636958913e-05,1.0,0.28601253032684326,scored_both,scored_both
4B34,A:ABV:1351,eligible_stereochemistry_review,0.5426269173622131,5.496068477630615,0.5426,5.4961,2.6917362213163543e-05,-3.1522369384973103e-05,0.9676375389099121,0.2807309031486511,scored_both,scored_both
4B35,A:4ME:1351,eligible_stereochemistry_review,0.21622057259082794,4.675107955932617,0.2162,4.6751,2.0572590827938608e-05,7.955932617598194e-06,1.0,0.3278301954269409,scored_both,scored_both
4B3C,A:5H1:1351,eligible_stereochemistry_review,0.25502321124076843,4.722764015197754,0.255,4.7228,2.3211240768428176e-05,-3.598480224642486e-05,1.0,0.3512820601463318,scored_both,scored_both
4B6E,B:10L:1722,eligible_exact_graph,,,0.0997,20.683,,,,,partial_or_no_metrics,partial_or_no_metrics
4B6O,A:3DQ:1144,eligible_stereochemistry_review,1.6765328645706177,4.141854286193848,1.6765,4.1419,3.286457061757453e-05,-4.5713806152036796e-05,0.7247899174690247,0.40876907110214233,scored_both,scored_both
4B6P,A:2HN:1145,eligible_stereochemistry_review,1.4233781099319458,4.862956523895264,1.4234,4.863,-2.1890068054197798e-05,-4.3476104736761556e-05,0.7949892282485962,0.3273993730545044,scored_both,scored_both
4B6U,A:M7G:208,eligible_stereochemistry_review,,,4.5165,4.5143,,,,,partial_or_no_metrics,partial_or_no_metrics
4B77,A:54M:1504,eligible_stereochemistry_review,0.9306707978248596,3.679473638534546,0.9307,3.6795,-2.9202175140352615e-05,-2.6361465454094457e-05,0.8844444155693054,0.46687787771224976,scored_both,scored_both
4B7J,A:G39:1470,eligible_stereochemistry_review,0.7450599670410156,1.7317537069320679,0.7451,1.7318,-4.0032958984359546e-05,-4.6293067932134946e-05,0.9383628964424133,0.7326820492744446,scored_both,scored_both
4BB2,B:STR:1384,eligible_stereochemistry_review,1.6774561405181885,4.3230133056640625,1.6775,4.323,-4.3859481811514556e-05,1.3305664062102096e-05,0.7437315583229065,0.43138986825942993,scored_both,scored_both
4BB9,A:F1P:702,eligible_stereochemistry_review,2.0900826454162598,2.764979600906372,2.0901,2.765,-1.7354583740303298e-05,-2.0399093628054032e-05,0.6931993961334229,0.5857692360877991,scored_both,scored_both
4BBG,A:V02:1370,eligible_stereochemistry_review,3.7183215618133545,2.783536911010742,3.7183,2.7835,2.1561813354331605e-05,3.6911010742102235e-05,0.5519828796386719,0.5327380895614624,scored_both,scored_both
4BCB,A:4I4:791,eligible_exact_graph,,,1.0986,3.4345,,,,,partial_or_no_metrics,partial_or_no_metrics
4BCC,A:JKT:791,eligible_exact_graph,3.727112054824829,9.379440307617188,3.7271,9.3794,1.2054824829021982e-05,4.030761718709641e-05,0.8519948720932007,0.23273982107639313,scored_both,scored_both
4BCD,A:TDV:791,eligible_stereochemistry_review,1.6397310495376587,2.9644131660461426,1.6397,2.9644,3.1049537658756066e-05,1.3166046142654153e-05,0.7830123901367188,0.6395494341850281,scored_both,scored_both
4BCF,A:T6Q:1327,eligible_stereochemistry_review,,2.0474164485931396,1.1311,2.0474,,1.6448593139539724e-05,,0.6670281887054443,partial_or_no_metrics,scored_both
4BCG,A:T3C:1328,eligible_stereochemistry_review,,2.0604536533355713,1.7902,2.0605,,-4.6346664428931206e-05,,0.7131519317626953,partial_or_no_metrics,scored_both
4BCH,A:T7Z:1328,eligible_stereochemistry_review,2.583557367324829,,2.5836,1.942,-4.26326751710171e-05,,0.6769663095474243,,scored_both,partial_or_no_metrics
4BCI,A:T3E:1327,eligible_stereochemistry_review,2.754045248031616,1.585667371749878,2.754,1.5857,4.5248031616207385e-05,-3.2628250122179736e-05,0.7386666536331177,0.7623828649520874,scored_both,scored_both
4BCJ,A:T9N:1327,eligible_stereochemistry_review,1.095141887664795,,1.0951,3.0149,4.1887664794959534e-05,,0.849768877029419,,scored_both,partial_or_no_metrics
4BCW,A:TU0:302,eligible_stereochemistry_review,0.8832101225852966,2.473271608352661,0.8832,2.4733,1.012258529664578e-05,-2.839164733892119e-05,0.8657289147377014,0.5941295623779297,scored_both,scored_both
4BDA,A:VFB:1515,eligible_exact_graph,0.6093382835388184,2.5205981731414795,0.6093,2.5206,3.8283538818406626e-05,-1.8268585204594956e-06,0.9414169192314148,0.6132723093032837,scored_both,scored_both
4BDC,A:ODH:1513,eligible_stereochemistry_review,0.27982935309410095,3.5990118980407715,0.2798,3.599,2.9353094100958987e-05,1.1898040771285423e-05,1.0,0.48890650272369385,scored_both,scored_both
4BDD,A:Z0O:1514,eligible_exact_graph,0.44730013608932495,2.1390116214752197,0.4473,2.139,1.3608932497577442e-07,1.1621475219936173e-05,0.9855072498321533,0.6430529952049255,scored_both,scored_both
4BDE,A:CWS:1515,eligible_stereochemistry_review,0.27402567863464355,3.5416224002838135,0.274,3.5416,2.567863464353337e-05,2.240028381361725e-05,1.0,0.4821428656578064,scored_both,scored_both
4BDF,A:H3R:1513,eligible_stereochemistry_review,0.37766918540000916,4.153724193572998,0.3777,4.1537,-3.081459999082492e-05,2.4193572998321144e-05,0.9885057210922241,0.41548582911491394,scored_both,scored_both
4BDG,A:P3J:1513,eligible_exact_graph,0.2390650510787964,1.703690528869629,0.2391,1.7037,-3.4948921203620253e-05,-9.471130371085934e-06,1.0,0.7332935333251953,scored_both,scored_both
4BDH,A:WVI:1514,eligible_exact_graph,0.21337153017520905,1.095138669013977,0.2134,1.0951,-2.846982479096094e-05,3.866901397708844e-05,1.0,0.8518808484077454,scored_both,scored_both
4BDI,A:HAU:1516,eligible_stereochemistry_review,0.9020239114761353,5.024099349975586,0.902,5.0241,2.3911476135229925e-05,-6.500244138507583e-07,0.9486873745918274,0.3692913353443146,scored_both,scored_both
4BDS,A:THA:701,eligible_exact_graph,0.25615280866622925,3.4575417041778564,0.2562,3.4575,-4.7191333770735255e-05,4.170417785642755e-05,0.9957317113876343,0.4333895444869995,scored_both,scored_both
4BDT,A:HUW:701,eligible_stereochemistry_review,2.883021116256714,4.263180732727051,2.883,4.2632,2.1116256713860082e-05,-1.9267272949541336e-05,0.7071773409843445,0.42621704936027527,scored_both,scored_both
4BEK,A:XK0:1447,eligible_stereochemistry_review,1.472852110862732,5.2907633781433105,1.4729,5.2908,-4.788913726816446e-05,-3.6621856689400545e-05,0.8507042527198792,0.36194029450416565,scored_both,scored_both
4BF1,A:9FK:271,eligible_exact_graph,0.3221953213214874,2.054263114929199,0.3222,2.0543,-4.678678512559653e-06,-3.688507080079617e-05,1.0,0.7330895662307739,scored_both,scored_both
4BF6,A:X0Q:1263,eligible_stereochemistry_review,3.2489218711853027,3.440951347351074,3.2489,3.441,2.1871185302835272e-05,-4.8652648925617825e-05,0.7403100728988647,0.5702110528945923,scored_both,scored_both
4BFD,A:8T3:1447,eligible_stereochemistry_review,1.4606633186340332,4.7020158767700195,1.4607,4.702,-3.66813659669063e-05,1.5876770019573883e-05,0.83851158618927,0.33375251293182373,scored_both,scored_both
4BG1,A:IVL:901,eligible_exact_graph,0.39622214436531067,3.8917219638824463,0.3962,3.8917,2.214436531067232e-05,2.19638824461299e-05,0.9892776608467102,0.46606865525245667,scored_both,scored_both
4BGM,A:DLT:401,eligible_exact_graph,0.7701566219329834,4.918137550354004,0.7702,4.9181,-4.33780670165973e-05,3.7550354003990094e-05,0.9203056693077087,0.34768906235694885,scored_both,scored_both
4BHF,A:MZT:401,eligible_exact_graph,0.7275512218475342,4.738150119781494,0.7276,4.7381,-4.8778152465844826e-05,5.011978149394025e-05,0.9291871786117554,0.33736348152160645,scored_both,scored_both
4BHI,A:RUJ:401,eligible_exact_graph,1.0657987594604492,5.325351715087891,1.0658,5.3254,-1.2405395508618966e-06,-4.828491210950858e-05,0.8767361044883728,0.30713191628456116,scored_both,scored_both
4BHZ,A:Z0B:1797,eligible_exact_graph,0.33177459239959717,1.8739804029464722,0.3318,1.874,-2.5407600402815866e-05,-1.9597053527942165e-05,1.0,0.6717948913574219,scored_both,scored_both
4BI1,A:ZO6:1797,eligible_exact_graph,0.16006813943386078,2.532057046890259,0.1601,2.5321,-3.186056613921351e-05,-4.29531097410063e-05,1.0,0.5944180488586426,scored_both,scored_both
4BI2,A:ZO8:1797,eligible_exact_graph,0.1823999434709549,1.4880499839782715,0.1824,1.4881,-5.652904511155299e-08,-5.0016021728493953e-05,1.0,0.7461439371109009,scored_both,scored_both
4BI6,A:PGA:401,eligible_exact_graph,0.27895376086235046,2.4074814319610596,0.279,2.4075,-4.623913764956189e-05,-1.8568038940625087e-05,1.0,0.6258389353752136,scored_both,scored_both
4BI7,A:PGA:401,eligible_exact_graph,0.7723008394241333,2.2834203243255615,0.7723,2.2834,8.394241333142816e-07,2.0324325561649204e-05,0.9390581846237183,0.6377314925193787,scored_both,scored_both
4BJX,A:73B:1169,eligible_stereochemistry_review,1.5467251539230347,6.848774433135986,1.5467,6.8488,2.5153923034704206e-05,-2.5566864013448765e-05,0.7186098694801331,0.2494635134935379,scored_both,scored_both
4BQG,A:50Q:1225,eligible_stereochemistry_review,0.5736417174339294,3.2832300662994385,0.5736,3.2832,4.17174339294446e-05,3.0066299438580302e-05,0.9587852358818054,0.49871355295181274,scored_both,scored_both
4BQH,A:9VU:1539,eligible_stereochemistry_review,1.3835124969482422,3.1220157146453857,1.3835,3.122,1.2496948242235462e-05,1.5714645385855874e-05,0.8361959457397461,0.5005055665969849,scored_both,scored_both
4BQY,A:FNT:601,eligible_stereochemistry_review,0.6087233424186707,6.148829460144043,0.6087,6.1488,2.3342418670635467e-05,2.9460144043369496e-05,0.9418181777000427,0.3087032735347748,scored_both,scored_both
4BS5,A:MG2:1341,eligible_exact_graph,,,0.662,4.0386,,,,,partial_or_no_metrics,partial_or_no_metrics
4BSQ,A:QQV:1341,eligible_exact_graph,0.7422683238983154,1.7048158645629883,0.7423,1.7048,-3.167610168453017e-05,1.586456298818817e-05,0.9165596961975098,0.7448107600212097,scored_both,scored_both
4BT3,A:WTZ:302,eligible_stereochemistry_review,2.064293146133423,2.838031768798828,2.0643,2.838,-6.853866576950196e-06,3.176879882804684e-05,0.7176828980445862,0.5726872086524963,scored_both,scored_both
4BT4,A:QFH:302,eligible_stereochemistry_review,0.583103358745575,3.067349910736084,0.5831,3.0673,3.3587455749994888e-06,4.991073608406893e-05,0.9681302905082703,0.5488565564155579,scored_both,scored_both
4BT5,A:23B:302,eligible_stereochemistry_review,2.0199999809265137,1.8473411798477173,2.02,1.8473,-1.907348634588857e-08,4.1179847717343065e-05,0.7432432174682617,0.706204354763031,scored_both,scored_both
4BTK,A:DTQ:1337,eligible_stereochemistry_review,0.5306880474090576,5.67481803894043,0.5307,5.6748,-1.1952590942332364e-05,1.803894042939902e-05,0.9466845989227295,0.32671481370925903,scored_both,scored_both
4BVB,A:OCZ:1395,eligible_stereochemistry_review,0.6886998414993286,2.188774585723877,0.6887,2.1888,-1.585006713655801e-07,-2.5414276123125745e-05,0.9369286894798279,0.663476288318634,scored_both,scored_both
4BW1,A:S5B:1172,eligible_stereochemistry_review,1.6874711513519287,0.8510587811470032,1.6875,0.8511,-2.8848648071289062e-05,-4.121885299679384e-05,0.7356660962104797,0.8683205842971802,scored_both,scored_both
4BW2,A:UTH:1170,eligible_stereochemistry_review,0.6721806526184082,1.694555401802063,0.6722,1.6946,-1.9347381591816593e-05,-4.4598197937117945e-05,0.9137254953384399,0.6514026522636414,scored_both,scored_both
4BW3,A:9BM:1172,eligible_exact_graph,0.23380397260189056,0.9325536489486694,0.2338,0.9326,3.972601890556149e-06,-4.635105133055095e-05,1.0,0.8242904543876648,scored_both,scored_both
4BW4,A:9B6:1169,eligible_stereochemistry_review,0.48326995968818665,2.391033411026001,0.4833,2.391,-3.0040311813361864e-05,3.341102600096235e-05,0.9846292734146118,0.5940629243850708,scored_both,scored_both
4BYI,A:FH3:1,eligible_stereochemistry_review,2.815899610519409,,2.8159,1.9427,-3.894805908899457e-07,,0.754755437374115,,scored_both,partial_or_no_metrics
4BYJ,A:FH5:1,eligible_stereochemistry_review,1.5823665857315063,1.3581384420394897,1.5824,1.3581,-3.341426849368112e-05,3.8442039489661184e-05,0.8298022747039795,0.813365638256073,scored_both,scored_both
4BZN,A:UGX:1306,eligible_stereochemistry_review,1.500296950340271,,1.5003,2.6524,-3.049659728970866e-06,,0.8011958003044128,,scored_both,partial_or_no_metrics
4BZO,A:676:1306,eligible_stereochemistry_review,1.4288862943649292,,1.4289,3.1395,-1.3705635070859756e-05,,0.8421391844749451,,scored_both,partial_or_no_metrics
4C0R,A:GDS:500,eligible_stereochemistry_review,,,2.1901,13.6499,,,,,partial_or_no_metrics,partial_or_no_metrics
4C1F,A:X8Z:300,eligible_exact_graph,0.7672268748283386,5.507041931152344,0.7672,14.4705,2.6874828338629975e-05,-8.963458068847656,0.9183804392814636,0.23966026306152344,scored_both,scored_both
4C1G,A:MCO:305,eligible_stereochemistry_review,0.8549308180809021,5.923234939575195,0.8549,14.7867,3.081808090210636e-05,-8.863465060424804,0.9013647437095642,0.22800278663635254,scored_both,scored_both
4C1H,A:X8Z:305,eligible_exact_graph,2.0182652473449707,2.243786334991455,2.0183,2.2438,-3.475265502927982e-05,-1.3665008544716528e-05,0.735049843788147,0.5913621187210083,scored_both,scored_both
4C36,A:ZO9:1351,eligible_stereochemistry_review,0.5751389861106873,2.3880975246429443,0.5751,2.3881,3.898611068731128e-05,-2.4753570557756177e-06,0.9514237642288208,0.658528208732605,scored_both,scored_both
4C37,A:Z21:1351,eligible_stereochemistry_review,5.546108245849609,2.1567842960357666,5.5461,2.1568,8.245849609345157e-06,-1.5703964233448886e-05,0.29754960536956787,0.6113112568855286,scored_both,scored_both
4C38,A:VUP:1351,eligible_stereochemistry_review,0.5177116990089417,1.6587508916854858,0.5177,1.6588,1.1699008941601363e-05,-4.910831451421238e-05,0.966277003288269,0.7409018874168396,scored_both,scored_both
4C4F,A:7CE:1799,eligible_stereochemistry_review,0.565979540348053,1.9035956859588623,0.566,1.9036,-2.0459651946969082e-05,-4.314041137654101e-06,0.9468267560005188,0.7306231260299683,scored_both,scored_both
4C4G,A:7RO:1796,eligible_exact_graph,0.5697993040084839,3.7432894706726074,0.5698,3.7433,-6.959915160864583e-07,-1.052932739264989e-05,0.9605262875556946,0.5453001260757446,scored_both,scored_both
4C5W,A:NM3:401,eligible_exact_graph,0.22901082038879395,5.503927230834961,0.229,5.5039,1.0820388793936209e-05,2.723083496114498e-05,1.0,0.31969204545021057,scored_both,scored_both
4C66,A:H4C:1168,eligible_stereochemistry_review,1.5380576848983765,2.2689743041992188,1.5381,2.269,-4.2315101623557894e-05,-2.5695800781377898e-05,0.7464285492897034,0.6653508543968201,scored_both,scored_both
4C6U,A:TLG:1421,eligible_exact_graph,1.2452311515808105,3.561540126800537,1.2452,3.5615,3.115158081046232e-05,4.012680053699924e-05,0.8515100479125977,0.4649621248245239,scored_both,scored_both
4C6V,A:TLG:1419,eligible_exact_graph,1.2076817750930786,4.538728713989258,1.2077,4.5387,-1.8224906921382455e-05,2.8713989257411754e-05,0.860973596572876,0.38807785511016846,scored_both,scored_both
4C9X,A:VHS:1157,eligible_stereochemistry_review,2.2256054878234863,3.119943380355835,2.2256,3.1199,5.487823486305388e-06,4.338035583506539e-05,0.7226744294166565,0.5019823908805847,scored_both,scored_both
4CA7,A:3EF:1715,eligible_stereochemistry_review,,3.928975820541382,1.1965,3.929,,-2.417945861798998e-05,,0.4319796860218048,partial_or_no_metrics,scored_both
4CC5,A:L5V:1311,eligible_stereochemistry_review,,,0.4931,5.3049,,,,,partial_or_no_metrics,partial_or_no_metrics
4CCD,A:2DG:1001,eligible_exact_graph,1.0891367197036743,1.6340892314910889,1.0891,1.6341,3.6719703674359394e-05,-1.0768508911240815e-05,0.8820638656616211,0.7540603280067444,scored_both,scored_both
4CE2,A:BO5:1215,eligible_exact_graph,1.7088775634765625,1.1049251556396484,1.7089,1.1049,-2.243652343758562e-05,2.515563964844425e-05,0.6688790321350098,0.8495867848396301,scored_both,scored_both
4CIK,A:XO3:1081,eligible_stereochemistry_review,0.6986516118049622,7.029697418212891,0.6987,7.0297,-4.838819503782954e-05,-2.5817871094346856e-06,0.9350489974021912,0.27789855003356934,scored_both,scored_both
4CIV,A:48P:201,eligible_stereochemistry_review,0.8422119617462158,3.5661299228668213,0.8422,3.5661,1.196174621587165e-05,2.9922866821241456e-05,0.9126983880996704,0.4470858871936798,scored_both,scored_both
4CIW,A:XH2:1148,eligible_stereochemistry_review,1.3399995565414429,3.9024834632873535,1.34,3.9025,-4.434585572088423e-07,-1.6536712646342266e-05,0.8209876418113708,0.41885143518447876,scored_both,scored_both
4CIX,A:W4N:1143,eligible_stereochemistry_review,0.6187365651130676,3.7581708431243896,0.6187,3.7582,3.656511306759924e-05,-2.915687561033664e-05,0.9453924894332886,0.49170616269111633,scored_both,scored_both
4CIY,A:NDY:1144,eligible_stereochemistry_review,0.7994934916496277,,0.7995,3.1214,-6.508350372302907e-06,,0.9286723136901855,,scored_both,partial_or_no_metrics
4CIZ,A:RET:1307,eligible_exact_graph,0.5583931803703308,3.5242557525634766,0.5584,3.5243,-6.819629669196914e-06,-4.424743652364782e-05,0.9614197611808777,0.4613686501979828,scored_both,scored_both
4CKI,A:ADN:2022,eligible_stereochemistry_review,1.2999675273895264,1.0976667404174805,1.3,1.0977,-3.247261047367722e-05,-3.325958251942929e-05,0.8115310072898865,0.8123827576637268,scored_both,scored_both
4CKR,A:DI1:1000,eligible_stereochemistry_review,0.6499295830726624,5.48034143447876,0.6499,5.4803,2.9583072662320298e-05,4.1434478760038473e-05,0.9379929900169373,0.3171965181827545,scored_both,scored_both
4CLI,A:5P8:2401,eligible_stereochemistry_review,0.8670626878738403,1.6990175247192383,0.8671,1.699,-3.731212615964985e-05,1.7524719238215525e-05,0.910639762878418,0.7688614726066589,scored_both,scored_both
4CLJ,A:5P8:2402,eligible_stereochemistry_review,2.0946574211120605,1.9668174982070923,2.0947,1.9668,-4.257888793945952e-05,1.7498207092181417e-05,0.6934889554977417,0.6998714804649353,scored_both,scored_both
4CMO,A:YPW:2402,eligible_stereochemistry_review,0.817233145236969,,0.8172,6.1219,3.314523696895666e-05,,0.8982334733009338,,scored_both,partial_or_no_metrics
4CP7,A:9MW:1101,eligible_stereochemistry_review,1.0718131065368652,,1.0718,6.0179,1.31065368651484e-05,,0.8582589030265808,,scored_both,partial_or_no_metrics
4CPR,A:378:1101,eligible_stereochemistry_review,1.3459913730621338,,1.346,3.522,-8.626937866296203e-06,,0.804670512676239,,scored_both,partial_or_no_metrics
4CPT,B:1T8:1202,eligible_stereochemistry_review,1.1595187187194824,,1.1595,10.5784,1.8718719482446744e-05,,0.8498134613037109,,scored_both,partial_or_no_metrics
4CPW,A:V78:1101,eligible_stereochemistry_review,1.3061443567276,2.1686882972717285,1.3061,2.1687,4.435672760005893e-05,-1.170272827133445e-05,0.8074427247047424,0.6632546782493591,scored_both,scored_both
4CPX,A:J3W:1101,eligible_exact_graph,1.321851372718811,,1.3219,10.9137,-4.8627281189039806e-05,,0.8033359050750732,,scored_both,partial_or_no_metrics
4CQG,A:OT5:1332,eligible_stereochemistry_review,0.7391600608825684,6.368252277374268,0.7392,6.3683,-3.993911743160883e-05,-4.772262573204955e-05,0.9427409172058105,0.3342975080013275,scored_both,scored_both
4CR9,A:OTW:1489,eligible_stereochemistry_review,0.21763876080513,3.3614418506622314,0.2176,3.3614,3.8760805130017006e-05,4.1850662231279756e-05,1.0,0.5196488499641418,scored_both,scored_both
4CRA,A:XJ8:1491,eligible_stereochemistry_review,,,0.771,3.8608,,,,,partial_or_no_metrics,partial_or_no_metrics
4CRD,A:OTJ:1244,eligible_stereochemistry_review,0.49597835540771484,3.658432960510254,0.496,3.6584,-2.1644592285152697e-05,3.2960510254032016e-05,0.9649168252944946,0.49412021040916443,scored_both,scored_both
4CRF,A:R9B:1438,eligible_stereochemistry_review,1.7615989446640015,9.212864875793457,1.7616,9.2129,-1.055335998589868e-06,-3.512420654239179e-05,0.7867581844329834,0.17217302322387695,scored_both,scored_both
4CRL,A:C1I:1360,eligible_stereochemistry_review,1.9093503952026367,2.9713189601898193,1.9094,2.9713,-4.9604797363267394e-05,1.8960189819505757e-05,0.7691571116447449,0.5278058648109436,scored_both,scored_both
4CSS,A:CWX:1159,eligible_stereochemistry_review,,,1.5136,3.2363,,,,,partial_or_no_metrics,partial_or_no_metrics
4CST,A:CWK:1160,eligible_stereochemistry_review,,,1.1823,1.9704,,,,,partial_or_no_metrics,partial_or_no_metrics
4CTJ,A:3A9:1264,eligible_stereochemistry_review,0.377154141664505,20.371219635009766,0.3772,45.5311,-4.585833549497487e-05,-25.159880364990237,0.9921259880065918,0.0,scored_both,scored_both
4CU7,A:GIF:1985,eligible_stereochemistry_review,0.8572166562080383,2.78792405128479,0.8572,2.7879,1.6656208038368092e-05,2.40512847899943e-05,0.9185750484466553,0.5821850299835205,scored_both,scored_both
4CU8,A:DGJ:1985,eligible_stereochemistry_review,0.8125028014183044,2.9242143630981445,0.8125,2.9242,2.8014183044433594e-06,1.4363098144620778e-05,0.9211764931678772,0.5528932809829712,scored_both,scored_both
4CWF,A:H05:1224,eligible_exact_graph,6.261754035949707,4.024394989013672,6.2618,4.0244,-4.5964050293001435e-05,-5.010986328102263e-06,0.22934472560882568,0.45301419496536255,scored_both,scored_both
4CWR,A:HAJ:1224,eligible_stereochemistry_review,0.8102884888648987,2.2501840591430664,0.8103,2.2502,-1.151113510133861e-05,-1.5940856933571723e-05,0.9052132964134216,0.6911982297897339,scored_both,scored_both
4CWS,A:G3R:1224,eligible_stereochemistry_review,0.6600021719932556,6.268304824829102,0.66,6.2683,2.171993255584148e-06,4.824829101579553e-06,0.9537750482559204,0.31237271428108215,scored_both,scored_both
4CXW,A:6MK:1504,eligible_exact_graph,0.4440280497074127,1.9410004615783691,0.444,1.941,2.8049707412713953e-05,4.615783690820052e-07,0.9839609265327454,0.7292899489402771,scored_both,scored_both
4CXX,A:640:1505,eligible_stereochemistry_review,0.7146008014678955,4.472682952880859,0.7146,4.4727,8.014678954948451e-07,-1.7047119140300993e-05,0.9305555820465088,0.4003378450870514,scored_both,scored_both
4CXY,A:DGR:1503,eligible_exact_graph,0.5428943037986755,6.455538749694824,0.5429,6.4555,-5.696201324512096e-06,3.874969482442481e-05,0.9750445485115051,0.24296142160892487,scored_both,scored_both
4D0W,A:VVQ:2132,eligible_stereochemistry_review,3.1987662315368652,3.7899744510650635,3.1988,3.79,-3.376846313463133e-05,-2.5548934936558965e-05,0.5137665271759033,0.48013246059417725,scored_both,scored_both
4D1B,A:5FH:1467,eligible_stereochemistry_review,0.47018861770629883,3.0280351638793945,0.4702,3.028,-1.1382293701178714e-05,3.516387939450638e-05,0.978215754032135,0.5391337275505066,scored_both,scored_both
4D1C,A:B5H:1467,eligible_stereochemistry_review,0.6868176460266113,4.915873050689697,0.6868,4.9159,1.7646026611362053e-05,-2.6949310302448737e-05,0.9440433382987976,0.3515348434448242,scored_both,scored_both
4D1S,A:BJG:1141,eligible_stereochemistry_review,1.1766023635864258,,1.1766,1.9983,2.363586425691011e-06,,0.8683273792266846,,scored_both,partial_or_no_metrics
4D1Y,A:RBF:1176,eligible_stereochemistry_review,1.334462285041809,,1.3345,2.4073,-3.771495819093751e-05,,0.8410518169403076,,scored_both,partial_or_no_metrics
4D2R,A:DYK:2288,eligible_stereochemistry_review,0.7091001868247986,5.731564044952393,0.7091,5.7316,1.868247986314131e-07,-3.5955047607671986e-05,0.9455177783966064,0.2766570746898651,scored_both,scored_both
4D2S,A:DYK:1794,eligible_stereochemistry_review,0.8567898273468018,5.203311443328857,0.8568,5.2033,-1.0172653198248227e-05,1.1443328857829727e-05,0.9154518842697144,0.34733399748802185,scored_both,scored_both
4D62,A:SIA:1455,eligible_stereochemistry_review,36.907108306884766,37.3033332824707,36.9071,37.3033,8.306884765829636e-06,3.3282470702999944e-05,0.0,0.0,scored_both,scored_both
4D63,A:SIA:1455,eligible_stereochemistry_review,37.45240783691406,,37.4524,38.6068,7.836914065251221e-06,,0.0,,scored_both,partial_or_no_metrics
4D88,A:BXQ:401,eligible_stereochemistry_review,0.9897881746292114,,0.9898,5.2328,-1.1825370788587364e-05,,0.8681902289390564,,scored_both,partial_or_no_metrics
4D89,A:BXD:501,eligible_stereochemistry_review,1.1145380735397339,,1.1145,2.8586,3.8073539733840533e-05,,0.8748862743377686,,scored_both,partial_or_no_metrics
4D8S,A:0HX:502,eligible_stereochemistry_review,0.6878640055656433,2.561558485031128,0.6879,2.5616,-3.59944343566454e-05,-4.151496887194739e-05,0.929896891117096,0.5723350048065186,scored_both,scored_both
4DCD,A:K36:202,eligible_stereochemistry_review,,6.327504634857178,1.294,6.3275,,4.634857178054119e-06,,0.28449052572250366,partial_or_no_metrics,scored_both
4DCS,A:GDP:501,eligible_stereochemistry_review,0.9792850613594055,31.95009422302246,0.9793,31.9501,-1.493864059443073e-05,-5.776977538118899e-06,0.8989431858062744,0.0,scored_both,scored_both
4DCV,A:GCP:500,eligible_stereochemistry_review,1.2544634342193604,16.898038864135742,1.2545,16.898,-3.656578063959692e-05,3.886413574250014e-05,0.849711000919342,0.003683241317048669,scored_both,scored_both
4DE7,A:UDP:401,eligible_stereochemistry_review,0.831233024597168,1.853115439414978,0.8312,1.8531,3.3024597167918834e-05,1.5439414978057897e-05,0.8941532373428345,0.7127948999404907,scored_both,scored_both
4DEH,A:0JK:1401,eligible_stereochemistry_review,0.3951369524002075,6.280783653259277,0.3951,6.2808,3.695240020751278e-05,-1.6346740722816833e-05,0.9791666865348816,0.20062240958213806,scored_both,scored_both
4DEI,A:0JL:1401,eligible_stereochemistry_review,0.8456135988235474,1.3168703317642212,0.8456,1.3169,1.3598823547344985e-05,-2.9668235778768093e-05,0.9577814340591431,0.8693627715110779,scored_both,scored_both
4DEL,A:PGH:404,eligible_representation_review,0.22103790938854218,4.028910160064697,0.221,4.0289,3.7909388542173295e-05,1.0160064697117832e-05,1.0,0.41508689522743225,scored_both,scored_both
4DFF,B:0JP:801,eligible_stereochemistry_review,,,0.8158,16.3356,,,,,partial_or_no_metrics,partial_or_no_metrics
4DGR,A:3LV:488,eligible_stereochemistry_review,,,1.3465,5.0357,,,,,partial_or_no_metrics,partial_or_no_metrics
4DHM,A:0KB:308,eligible_stereochemistry_review,0.8451197147369385,,0.8451,10.3161,1.971473693851422e-05,,0.8985329866409302,,scored_both,partial_or_no_metrics
4DHO,A:Y09:308,eligible_stereochemistry_review,2.047290325164795,,2.0473,6.009,-9.674835204975807e-06,,0.7752347588539124,,scored_both,partial_or_no_metrics
4DHP,A:Y07:309,eligible_stereochemistry_review,3.2419228553771973,,3.2419,7.427,2.285537719748376e-05,,0.6245192289352417,,scored_both,partial_or_no_metrics
4DHQ,A:Y06:309,eligible_stereochemistry_review,1.5003970861434937,,1.5004,7.0035,-2.9138565063036026e-06,,0.8404392600059509,,scored_both,partial_or_no_metrics
4DHR,A:Y04:309,eligible_stereochemistry_review,0.8179659843444824,8.990966796875,0.818,8.991,-3.40156555175275e-05,-3.320312499965894e-05,0.8832873106002808,0.24370503425598145,scored_both,scored_both
4DHS,A:Y03:307,eligible_stereochemistry_review,0.6349279880523682,,0.6349,7.6939,2.7988052368144167e-05,,0.9493243098258972,,scored_both,partial_or_no_metrics
4DHU,A:0KH:309,eligible_representation_review,1.7602137327194214,7.9539618492126465,1.7602,7.954,1.3732719421399864e-05,-3.8150787353252724e-05,0.7810026407241821,0.12881219387054443,scored_both,scored_both
4DJR,A:0KJ:101,eligible_stereochemistry_review,1.0120054483413696,2.028740167617798,1.012,2.0287,5.448341369618248e-06,4.016761779768174e-05,0.8861031532287598,0.6298649907112122,scored_both,scored_both
4DMW,A:UDP:602,eligible_stereochemistry_review,0.7886710166931152,4.345132350921631,0.7887,4.3451,-2.8983306884722282e-05,3.2350921630452945e-05,0.9108833074569702,0.3883495032787323,scored_both,scored_both
4DQ2,A:BTX:500,eligible_stereochemistry_review,1.2065492868423462,,1.2065,6.4947,4.928684234628555e-05,,0.8119941353797913,,scored_both,partial_or_no_metrics
4DRM,A:0MC:201,eligible_stereochemistry_review,2.2211718559265137,,2.2212,6.9827,-2.8144073486391363e-05,,0.7173017263412476,,scored_both,partial_or_no_metrics
4DRN,A:0MC:201,eligible_stereochemistry_review,2.152167797088623,,2.1522,7.684,-3.22029113770661e-05,,0.7352309226989746,,scored_both,partial_or_no_metrics
4DRO,A:0MD:201,eligible_stereochemistry_review,1.1740984916687012,,1.1741,6.8389,-1.50833129874961e-06,,0.8278495669364929,,scored_both,partial_or_no_metrics
4DRP,A:0MD:201,eligible_stereochemistry_review,2.7876548767089844,,2.7877,7.1514,-4.512329101569179e-05,,0.6826332211494446,,scored_both,partial_or_no_metrics
4DST,A:9LI:201,eligible_exact_graph,0.20549826323986053,1.8885929584503174,0.2055,1.8886,-1.7367601394535637e-06,-7.041549682673676e-06,1.0,0.7155172228813171,scored_both,scored_both
4DSY,A:0LO:503,eligible_stereochemistry_review,0.7990754246711731,11.839303016662598,72.2157,19.0191,-71.41662457532883,-7.179796983337404,0.8646095991134644,0.009595436044037342,scored_both,scored_both
4DTK,A:7LI:408,eligible_stereochemistry_review,0.5457963943481445,5.044548988342285,0.5458,5.0445,-3.6056518554206107e-06,4.898834228495019e-05,0.9639303684234619,0.36587390303611755,scored_both,scored_both
4DWB,A:0M7:509,eligible_exact_graph,0.9405861496925354,3.211106777191162,0.9406,3.2111,-1.385030746459126e-05,6.777191162044005e-06,0.8999999761581421,0.5169642567634583,scored_both,scored_both
4DY6,A:A22:301,eligible_stereochemistry_review,,8.239274024963379,3.4411,8.2393,,-2.5975036621161962e-05,,0.12052160501480103,partial_or_no_metrics,scored_both
4DZY,A:WJ1:404,eligible_exact_graph,0.1705596148967743,3.019319772720337,0.1706,3.0193,-4.038510322570965e-05,1.977272033704125e-05,1.0,0.5311475396156311,scored_both,scored_both
4E0W,A:KAI:301,eligible_stereochemistry_review,1.1065120697021484,5.609984874725342,1.1065,5.61,1.206970214839842e-05,-1.512527465852287e-05,0.8425233364105225,0.2869170904159546,scored_both,scored_both
4E1Z,A:0MX:1201,eligible_stereochemistry_review,0.6682745218276978,1.495255470275879,0.6683,1.4953,-2.5478172302251245e-05,-4.452972412116729e-05,0.9285714030265808,0.7795992493629456,scored_both,scored_both
4E3G,A:PHB:303,eligible_stereochemistry_review,0.3091930150985718,3.63152813911438,0.3092,3.6315,-6.984901428197521e-06,2.813911437993255e-05,1.0,0.46645569801330566,scored_both,scored_both
4E4A,A:JKE:302,eligible_exact_graph,0.19202527403831482,2.800297737121582,0.192,2.8003,2.527403831481534e-05,-2.2628784179801187e-06,1.0,0.5704225301742554,scored_both,scored_both
4E5D,A:0NJ:601,eligible_exact_graph,0.44916751980781555,6.950091361999512,0.4492,6.9501,-3.248019218443643e-05,-8.638000488225828e-06,0.9734789133071899,0.30270126461982727,scored_both,scored_both
4E5H,D:0N8:305,eligible_stereochemistry_review,1.4426020383834839,30.597990036010742,64.871,30.6507,-63.42839796161651,-0.05270996398925831,0.7864933013916016,0.0,scored_both,scored_both
4E6C,A:0O8:500,eligible_exact_graph,1.274628758430481,4.186252117156982,1.2746,4.1863,2.8758430481001795e-05,-4.7882843017710286e-05,0.8467513918876648,0.4165129065513611,scored_both,scored_both
4E96,A:0NS:201,eligible_stereochemistry_review,,2.9840574264526367,1.2986,2.9841,,-4.257354736347807e-05,,0.532421886920929,partial_or_no_metrics,scored_both
4E9U,A:RWY:301,eligible_stereochemistry_review,0.8840110898017883,8.483694076538086,0.884,8.4837,1.1089801788322085e-05,-5.923461914747463e-06,0.8996789455413818,0.2592281997203827,scored_both,scored_both
4EA1,A:3RX:301,eligible_exact_graph,0.8583683371543884,4.742018222808838,0.8584,4.742,-3.1662845611624135e-05,1.822280883789773e-05,0.9140233993530273,0.3974435329437256,scored_both,scored_both
4EA2,A:RWZ:301,eligible_exact_graph,1.1798242330551147,,1.1798,2.9208,2.423305511478624e-05,,0.8186274766921997,,scored_both,partial_or_no_metrics
4EC0,A:7PQ:203,eligible_stereochemistry_review,2.764465093612671,4.959871768951416,2.7645,4.9599,-3.490638732905893e-05,-2.8231048584181906e-05,0.8207908272743225,0.346120685338974,scored_both,scored_both
4EDE,B:RET:202,eligible_exact_graph,1.6551703214645386,12.281913757324219,1.6552,16.4069,-2.96785354614304e-05,-4.1249862426757815,0.7379094958305359,0.07301587611436844,scored_both,scored_both
4EEH,A:HH6:301,eligible_stereochemistry_review,0.38869601488113403,1.6146928071975708,0.3887,1.6147,-3.9851188659567605e-06,-7.192802429223377e-06,0.9851379990577698,0.7288428544998169,scored_both,scored_both
4EEV,A:L1X:1401,eligible_stereochemistry_review,0.9535894393920898,7.408720016479492,0.9536,7.4087,-1.0560607910159447e-05,2.001647949256835e-05,0.8811812996864319,0.24027185142040253,scored_both,scored_both
4EFG,A:RET:201,eligible_exact_graph,1.2919267416000366,13.479451179504395,28.0582,15.1837,-26.766273258399963,-1.7042488204956054,0.8045286536216736,0.046834900975227356,scored_both,scored_both
4EFS,A:E37:306,eligible_stereochemistry_review,,2.485076665878296,0.7178,2.4851,,-2.333412170418825e-05,,0.6003772020339966,partial_or_no_metrics,scored_both
4EFT,A:EFT:301,eligible_stereochemistry_review,0.9940087795257568,3.8149161338806152,0.994,3.8149,8.779525756841267e-06,1.6133880615054608e-05,0.869966447353363,0.46205058693885803,scored_both,scored_both
4EFU,A:EFU:301,eligible_stereochemistry_review,0.6797914505004883,1.5583126544952393,0.6798,1.5583,-8.549499511678604e-06,1.2654495239239338e-05,0.9344380497932434,0.7968961000442505,scored_both,scored_both
4EGH,A:0OY:302,eligible_stereochemistry_review,0.5453913807868958,2.426922559738159,0.5454,2.4269,-8.619213104243961e-06,2.2559738159344533e-05,0.954081654548645,0.5736648440361023,scored_both,scored_both
4EGI,A:B2J:301,eligible_exact_graph,0.22347505390644073,3.0126864910125732,0.2235,3.0127,-2.4946093559269356e-05,-1.3508987426913421e-05,1.0,0.5719696879386902,scored_both,scored_both
4EGK,A:RDC:301,eligible_stereochemistry_review,2.0353503227233887,1.926507592201233,2.0353,1.9265,5.032272338878485e-05,7.592201232808904e-06,0.662466824054718,0.6834704875946045,scored_both,scored_both
4EH3,A:NAR:401,eligible_stereochemistry_review,0.6917870044708252,7.7390828132629395,0.6918,7.7391,-1.29955291747752e-05,-1.7186737060193025e-05,0.9412915706634521,0.15892484784126282,scored_both,scored_both
4EH4,A:0OL:402,eligible_exact_graph,0.5496057868003845,9.891142845153809,0.5496,9.8911,5.786800384544044e-06,4.28451538088126e-05,0.9589372277259827,0.13602443039417267,scored_both,scored_both
4EH6,A:0ON:402,eligible_stereochemistry_review,34.066287994384766,3.4359843730926514,34.0663,3.436,-1.2005615232624223e-05,-1.562690734857597e-05,0.0,0.4406854212284088,scored_both,scored_both
4EH7,A:0OO:402,eligible_stereochemistry_review,0.37808504700660706,7.78781795501709,0.3781,7.7878,-1.4952993392935987e-05,1.7955017090010017e-05,0.9931250214576721,0.2122781127691269,scored_both,scored_both
4EHM,A:PJA:401,eligible_stereochemistry_review,3.0290825366973877,5.399714469909668,3.0291,5.3997,-1.7463302612430454e-05,1.4469909667802483e-05,0.5520304441452026,0.2431224137544632,scored_both,scored_both
4EHR,A:0Q5:301,eligible_stereochemistry_review,1.0907329320907593,,1.0907,4.9414,3.29320907592745e-05,,0.8776721954345703,,scored_both,partial_or_no_metrics
4EJ2,A:D1F:901,eligible_stereochemistry_review,2.1767656803131104,3.4759998321533203,2.1768,3.476,-3.431968688971665e-05,-1.6784667966618372e-07,0.7123059630393982,0.48698630928993225,scored_both,scored_both
4EJ8,A:1F1:106,eligible_stereochemistry_review,0.5804214477539062,21.459388732910156,0.5804,22.438,2.1447753906223e-05,-0.9786112670898426,0.9380165338516235,0.0,scored_both,scored_both
4EKE,A:D1I:901,eligible_stereochemistry_review,0.9963991641998291,,0.9964,3.6897,-8.358001708508311e-07,,0.8743780851364136,,scored_both,partial_or_no_metrics
4EKI,A:0QK:501,eligible_stereochemistry_review,0.9770424365997314,4.212159633636475,0.977,4.2122,4.243659973146574e-05,-4.036636352555689e-05,0.857569694519043,0.40052762627601624,scored_both,scored_both
4EKY,A:D1J:901,eligible_stereochemistry_review,0.7227771282196045,2.836150884628296,0.7228,2.8362,-2.287178039550586e-05,-4.9115371703933874e-05,0.9287014603614807,0.5438095331192017,scored_both,scored_both
4EL0,A:D1K:901,eligible_stereochemistry_review,0.589836061000824,,0.5898,1.9801,3.606100082398367e-05,,0.9520235061645508,,scored_both,partial_or_no_metrics
4EL5,A:D1M:901,eligible_stereochemistry_review,0.6837706565856934,1.543102502822876,0.6838,1.5431,-2.9343414306604032e-05,2.5028228760604065e-06,0.9220733642578125,0.702570378780365,scored_both,scored_both
4EL9,A:AFE:400,eligible_stereochemistry_review,,,0.9551,2.455,,,,,partial_or_no_metrics,partial_or_no_metrics
4EM7,A:0RA:301,eligible_stereochemistry_review,0.6605399250984192,8.352681159973145,0.6605,8.3527,3.9925098419213434e-05,-1.884002685592634e-05,0.9460470080375671,0.26484018564224243,scored_both,scored_both
4EMT,A:C2E:401,eligible_stereochemistry_review,3.7643380165100098,4.929914474487305,3.7643,4.9299,3.801651000978623e-05,1.4474487304738659e-05,0.46727657318115234,0.32418856024742126,scored_both,scored_both
4ENY,A:J19:404,eligible_stereochemistry_review,0.4256983697414398,6.299204349517822,0.4257,6.2992,-1.6302585602034902e-06,4.349517822355153e-06,0.9718137383460999,0.2590392529964447,scored_both,scored_both
4EOX,P:0S5:302,eligible_stereochemistry_review,1.3726799488067627,2.8755085468292236,1.3727,2.8755,-2.005119323733595e-05,8.546829223465835e-06,0.8543425798416138,0.6103174686431885,scored_both,scored_both
4EPY,A:0QY:203,eligible_stereochemistry_review,0.8242856860160828,4.670995712280273,0.8243,4.671,-1.4313983917269013e-05,-4.287719726825401e-06,0.9231464862823486,0.422830730676651,scored_both,scored_both
4ERK,A:OLO:800,eligible_stereochemistry_review,1.0812337398529053,3.1970884799957275,1.0812,3.1971,3.3739852905334544e-05,-1.1520004272291828e-05,0.9260042309761047,0.5952380895614624,scored_both,scored_both
4EU0,A:C2E:501,eligible_stereochemistry_review,3.961233377456665,5.6017937660217285,3.9612,5.6018,3.337745666520675e-05,-6.233978271374951e-06,0.41756758093833923,0.28316327929496765,scored_both,scored_both
4EU3,B:CIT:2502,eligible_exact_graph,0.2557637393474579,22.594829559326172,0.2558,25.3258,-3.6260652542141614e-05,-2.730970440673829,1.0,0.0,scored_both,scored_both
4EUO,A:ABU:404,eligible_exact_graph,0.2306910902261734,3.3111772537231445,0.2307,3.3112,-8.90977382658753e-06,-2.274627685538988e-05,1.0,0.5282663106918335,scored_both,scored_both
4EUV,A:C2E:501,eligible_stereochemistry_review,3.193255662918091,6.5087480545043945,3.1933,6.5087,-4.4337081908985e-05,4.8054504394379194e-05,0.5382462739944458,0.21791666746139526,scored_both,scored_both
4EW3,A:DXZ:304,eligible_stereochemistry_review,0.9372760057449341,,0.9373,4.5274,-2.3994255065939996e-05,,0.9363884925842285,,scored_both,partial_or_no_metrics
4EWN,D:0VR:400,eligible_stereochemistry_review,0.48210057616233826,,0.4821,4.9468,5.761623382838366e-07,,0.9718379378318787,,scored_both,partial_or_no_metrics
4EXG,A:916:500,eligible_stereochemistry_review,0.778795599937439,2.2089316844940186,0.7788,2.2089,-4.40006256108294e-06,3.168449401869111e-05,0.9315642714500427,0.6593835949897766,scored_both,scored_both
4EXZ,A:RET:202,eligible_exact_graph,1.3761873245239258,14.352742195129395,29.055,15.4092,-27.678812675476074,-1.0564578048706057,0.7146422863006592,0.022361360490322113,scored_both,scored_both
4EYJ,A:N61:401,eligible_stereochemistry_review,0.6207537055015564,6.241543769836426,0.6208,6.2415,-4.629449844362199e-05,4.3769836425511244e-05,0.9498714804649353,0.33899614214897156,scored_both,scored_both
4EYM,A:0RX:401,eligible_stereochemistry_review,0.6555748581886292,10.863472938537598,0.6556,10.8635,-2.5141811370810174e-05,-2.706146240250007e-05,0.9344745874404907,0.158786803483963,scored_both,scored_both
4EYR,B:RIT:301,eligible_stereochemistry_review,3.9129178524017334,,3.9129,6.7275,1.7852401733353673e-05,,0.5005030035972595,,scored_both,partial_or_no_metrics
4EZJ,A:0SC:1201,eligible_stereochemistry_review,1.1186190843582153,2.239802360534668,1.1186,2.2398,1.9084358215293307e-05,2.3605346681776496e-06,0.8804086446762085,0.6561497449874878,scored_both,scored_both
4F09,A:JAK:1201,eligible_exact_graph,0.69130939245224,0.9633787274360657,0.6913,0.9634,9.392452239964655e-06,-2.1272563934360278e-05,0.9402485489845276,0.8509345650672913,scored_both,scored_both
4F0C,A:GDS:301,eligible_stereochemistry_review,,,4.7599,5.724,,,,,partial_or_no_metrics,partial_or_no_metrics
4F39,A:KAI:301,eligible_stereochemistry_review,0.7412407994270325,3.7238287925720215,0.7412,3.7238,4.0799427032500724e-05,2.8792572021263396e-05,0.9390756487846375,0.45270270109176636,scored_both,scored_both
4F3I,A:0S6:203,eligible_exact_graph,0.3662234842777252,0.9534511566162109,0.3662,0.9535,2.3484277725194236e-05,-4.884338378907671e-05,0.9843453764915466,0.8664020895957947,scored_both,scored_both
4F4P,A:0SB:701,eligible_stereochemistry_review,0.8284693956375122,2.270382881164551,0.8285,2.2704,-3.060436248780718e-05,-1.711883544919246e-05,0.898084819316864,0.6509316563606262,scored_both,scored_both
4F5Y,A:C2E:402,eligible_stereochemistry_review,2.976736545562744,6.460360050201416,2.9767,6.788,3.654556274401699e-05,-0.32763994979858424,0.5506706237792969,0.17884738743305206,scored_both,scored_both
4F6S,A:0SQ:501,eligible_stereochemistry_review,0.6845937967300415,3.767265796661377,0.6846,3.7673,-6.203269958482416e-06,-3.4203338623139956e-05,0.9446721076965332,0.49039581418037415,scored_both,scored_both
4F6U,A:0SR:501,eligible_stereochemistry_review,0.4391692280769348,3.922436237335205,0.4392,3.9224,-3.077192306516485e-05,3.623733520496941e-05,0.978857159614563,0.46004098653793335,scored_both,scored_both
4F7J,A:0SU:501,eligible_stereochemistry_review,0.5694831013679504,2.4468822479248047,0.5695,2.4469,-1.6898632049566764e-05,-1.7752075195165418e-05,0.9634670615196228,0.6017646789550781,scored_both,scored_both
4F7L,A:0SO:501,eligible_stereochemistry_review,0.5322700142860413,,0.5323,7.0732,-2.9985713958735616e-05,,0.964606761932373,,scored_both,partial_or_no_metrics
4F7N,A:0SV:501,eligible_stereochemistry_review,0.4450453519821167,3.509234666824341,0.445,3.5092,4.535198211669256e-05,3.466682434094537e-05,0.9789473414421082,0.4327712059020996,scored_both,scored_both
4F9G,A:C2E:401,eligible_stereochemistry_review,2.589534044265747,4.4956817626953125,2.5895,4.5833,3.404426574693531e-05,-0.08761823730468787,0.6284037828445435,0.31983694434165955,scored_both,scored_both
4F9W,A:LM4:403,eligible_stereochemistry_review,0.49991101026535034,6.016660690307617,0.4999,6.0167,1.1010265350330783e-05,-3.930969238297166e-05,0.9500805139541626,0.2580924928188324,scored_both,scored_both
4FBX,B:0TJ:1,eligible_exact_graph,,,0.6596,2.8649,,,,,failed_scoring,failed_scoring
4FCF,A:MA4:301,eligible_stereochemistry_review,,,1.2491,5.5531,,,,,partial_or_no_metrics,partial_or_no_metrics
4FCQ,A:2N6:301,eligible_stereochemistry_review,1.3442940711975098,1.6258488893508911,1.3443,1.6258,-5.9288024902848235e-06,4.888935089120139e-05,0.8378176093101501,0.7376203536987305,scored_both,scored_both
4FFS,A:BIG:301,eligible_stereochemistry_review,0.8378241062164307,4.84588098526001,0.8378,4.8459,2.4106216430674898e-05,-1.9014739990552698e-05,0.9419127106666565,0.3597407937049866,scored_both,scored_both
4FHH,A:0U3:501,eligible_exact_graph,0.48821818828582764,1.2620620727539062,0.4882,1.2621,1.8188285827613893e-05,-3.7927246093749645e-05,0.9758155345916748,0.8243640065193176,scored_both,scored_both
4FHI,A:0S4:501,eligible_stereochemistry_review,0.6539420485496521,1.4009513854980469,0.6539,1.401,4.204854965206284e-05,-4.861450195314809e-05,0.9368715286254883,0.7634061574935913,scored_both,scored_both
4FIV,A:LP1:201,eligible_stereochemistry_review,,,4.5585,12.441,,,,,partial_or_no_metrics,partial_or_no_metrics
4FKK,A:BES:1024,eligible_stereochemistry_review,0.9319484829902649,4.007440090179443,0.9319,4.0074,4.848299026494196e-05,4.009017944373028e-05,0.9051302671432495,0.42665037512779236,scored_both,scored_both
4FL1,A:ANP:701,eligible_stereochemistry_review,1.8014860153198242,2.445258378982544,1.8015,2.4453,-1.3984680175882502e-05,-4.162101745608382e-05,0.734544038772583,0.7100155353546143,scored_both,scored_both
4FL2,A:ANP:702,eligible_stereochemistry_review,,2.840538740158081,2.0274,2.8405,,3.874015808102982e-05,,0.5295074582099915,partial_or_no_metrics,scored_both
4FL3,A:ANP:701,eligible_stereochemistry_review,,2.749486207962036,2.0149,2.7495,,-1.379203796370021e-05,,0.5556358098983765,partial_or_no_metrics,scored_both
4FLI,A:Y16:503,eligible_stereochemistry_review,1.4368863105773926,4.97409200668335,1.4369,4.9741,-1.3689422607487955e-05,-7.993316650356519e-06,0.8247663378715515,0.40628141164779663,scored_both,scored_both
4FLJ,A:Y08:503,eligible_exact_graph,1.5392587184906006,3.6176517009735107,1.5393,3.6177,-4.128150939930464e-05,-4.829902648939566e-05,0.8769554495811462,0.44366195797920227,scored_both,scored_both
4FLK,A:Y10:503,eligible_exact_graph,0.6236550807952881,2.584470510482788,0.6237,2.5845,-4.4919204711946215e-05,-2.9489517211711558e-05,0.9490678906440735,0.5552858710289001,scored_both,scored_both
4FM7,A:0UP:501,eligible_stereochemistry_review,,5.042491436004639,1.8198,5.0425,,-8.56399536175445e-06,,0.28490719199180603,partial_or_no_metrics,scored_both
4FM8,A:0UQ:501,eligible_stereochemistry_review,,4.517124176025391,1.56,4.5171,,2.4176025390509892e-05,,0.34678900241851807,partial_or_no_metrics,scored_both
4FMU,A:0UM:1804,eligible_stereochemistry_review,0.9798823595046997,,0.9799,6.2249,-1.764049530028622e-05,,0.8767211437225342,,scored_both,partial_or_no_metrics
4FNN,B:STE:201,eligible_exact_graph,1.3290899991989136,6.94373083114624,1.3291,14.2998,-1.0000801086373912e-05,-7.356069168853759,0.8191609978675842,0.05364173278212547,scored_both,scored_both
4FNY,A:I3K:1501,eligible_stereochemistry_review,0.6679710745811462,1.812210202217102,0.668,1.8122,-2.8925418853797957e-05,1.0202217102017741e-05,0.9322404265403748,0.6943916082382202,scored_both,scored_both
4FNZ,A:NZF:1501,eligible_stereochemistry_review,1.0300941467285156,10.37180233001709,1.0301,10.3718,-5.853271484390632e-06,2.330017089491321e-06,0.8676199316978455,0.10066105425357819,scored_both,scored_both
4FOB,A:0US:1501,eligible_stereochemistry_review,0.8955583572387695,,0.8956,2.7562,-4.164276123042043e-05,,0.8932960629463196,,scored_both,partial_or_no_metrics
4FRJ,A:DWB:403,eligible_stereochemistry_review,0.8960475921630859,2.361802577972412,0.896,2.3618,4.759216308591885e-05,2.577972411987872e-06,0.8519917726516724,0.6224315166473389,scored_both,scored_both
4FRK,A:DWD:405,eligible_stereochemistry_review,1.0138535499572754,,1.0139,2.256,-4.645004272463282e-05,,0.851488471031189,,scored_both,partial_or_no_metrics
4FVQ,A:ATP:901,eligible_stereochemistry_review,0.7053547501564026,2.866527795791626,0.7054,2.8665,-4.524984359743911e-05,2.7795791626150645e-05,0.9205127954483032,0.517333984375,scored_both,scored_both
4FVR,A:ATP:901,eligible_stereochemistry_review,1.1447432041168213,2.6191351413726807,1.1447,2.6191,4.320411682123826e-05,3.5141372680680405e-05,0.8296459913253784,0.6143473386764526,scored_both,scored_both
4FXZ,A:LEU:601,eligible_stereochemistry_review,9.930032730102539,3.1821627616882324,9.93,3.1822,3.273010253934672e-05,-3.72383117674957e-05,0.07644230872392654,0.5227272510528564,scored_both,scored_both
4G0P,A:U5P:801,eligible_stereochemistry_review,0.8799989819526672,3.2118825912475586,0.88,3.2119,-1.0180473327681128e-06,-1.7408752441383513e-05,0.9085510969161987,0.5181086659431458,scored_both,scored_both
4G0Q,A:C5P:801,eligible_representation_review,0.8516122698783875,3.235459566116333,0.8516,3.2355,1.2269878387427546e-05,-4.043388366703482e-05,0.9154676198959351,0.5254237055778503,scored_both,scored_both
4G0Y,A:AMP:801,eligible_stereochemistry_review,0.6698981523513794,1.4591939449310303,0.6699,1.4592,-1.8476486206564502e-06,-6.055068969779143e-06,0.9553990364074707,0.8143203854560852,scored_both,scored_both
4G0Z,A:5GP:801,eligible_stereochemistry_review,1.1564544439315796,4.005056858062744,1.1565,4.0051,-4.5556068420493645e-05,-4.3141937255519736e-05,0.8877440094947815,0.4214145243167877,scored_both,scored_both
4G11,A:0W7:1201,eligible_exact_graph,0.8093786835670471,2.898782968521118,0.8094,2.8988,-2.1316432952889208e-05,-1.703147888187928e-05,0.9282820224761963,0.5786917209625244,scored_both,scored_both
4G2F,A:C07:1001,eligible_stereochemistry_review,0.5288535952568054,1.4126580953598022,0.5289,1.4127,-4.640474319461685e-05,-4.19046401978207e-05,0.9705105423927307,0.7766203880310059,scored_both,scored_both
4G2Y,A:NI5:904,eligible_stereochemistry_review,0.633082926273346,1.1231821775436401,0.6331,1.1232,-1.7073726654048826e-05,-1.7822456359839478e-05,0.9496830701828003,0.846182107925415,scored_both,scored_both
4G3G,A:0WA:701,eligible_stereochemistry_review,0.3115914762020111,4.403909683227539,0.3116,4.4039,-8.5237979888797e-06,9.683227538914707e-06,0.9931087493896484,0.4006539285182953,scored_both,scored_both
4G4P,A:GLN:302,eligible_stereochemistry_review,1.384869933128357,6.620029449462891,1.3849,6.62,-3.00668716430863e-05,2.944946289051842e-05,0.7666308879852295,0.25069931149482727,scored_both,scored_both
4G8N,A:G8M:301,eligible_stereochemistry_review,0.6851489543914795,5.393825054168701,0.6851,5.3938,4.895439147944991e-05,2.505416870146604e-05,0.938524603843689,0.32564449310302734,scored_both,scored_both
4G8O,D:96P:403,eligible_stereochemistry_review,7.455401420593262,26.92875862121582,42.5597,35.6368,-35.10429857940674,-8.70804137878418,0.21758508682250977,0.0,scored_both,scored_both
4G8V,A:0EY:201,eligible_stereochemistry_review,1.2141972780227661,18.440345764160156,1.2142,18.4403,-2.7219772338327175e-06,4.57641601556702e-05,0.8580870628356934,0.0,scored_both,scored_both
4G8Y,A:0FT:201,eligible_stereochemistry_review,1.500283122062683,15.05681324005127,37.7295,15.0568,-36.22921687793732,1.3240051268681441e-05,0.8224191069602966,0.008105802349746227,scored_both,scored_both
4G90,A:0G0:201,eligible_stereochemistry_review,1.6207796335220337,17.76586151123047,37.5351,17.7659,-35.914320366477966,-3.848876952972091e-05,0.8146616816520691,0.0018136160215362906,scored_both,scored_both
4GE2,A:75A:601,eligible_stereochemistry_review,1.1711786985397339,,1.1712,21.0073,-2.130146026613211e-05,,0.8371794819831848,,scored_both,partial_or_no_metrics
4GEE,A:0WT:301,eligible_stereochemistry_review,0.9412712454795837,3.503887176513672,0.9413,3.5039,-2.8754520416285345e-05,-1.2823486327917522e-05,0.8804794549942017,0.4778386354446411,scored_both,scored_both
4GFM,A:0X2:1201,eligible_stereochemistry_review,1.1848257780075073,2.417645215988159,1.1848,2.4176,2.57780075072489e-05,4.521598815898642e-05,0.8665094375610352,0.6037808656692505,scored_both,scored_both
4GFN,A:SUY:301,eligible_stereochemistry_review,0.7499468922615051,5.383594036102295,0.7499,5.3836,4.689226150511594e-05,-5.963897705463239e-06,0.9456360936164856,0.29931971430778503,scored_both,scored_both
4GFO,A:0X2:1206,eligible_stereochemistry_review,2.017564296722412,1.9879571199417114,2.0176,1.988,-3.570327758772862e-05,-4.288005828856356e-05,0.74303138256073,0.7379518151283264,scored_both,scored_both
4GIH,A:0X5:1201,eligible_stereochemistry_review,0.6264218688011169,4.708054065704346,0.6264,4.7081,2.1868801116986525e-05,-4.593429565424856e-05,0.9566450715065002,0.33379271626472473,scored_both,scored_both
4GII,A:0X6:1201,eligible_stereochemistry_review,0.4359224736690521,1.5788823366165161,0.4359,1.5789,2.2473669052114342e-05,-1.7663383483856876e-05,0.982339084148407,0.7664872407913208,scored_both,scored_both
4GJ2,A:0XH:1201,eligible_stereochemistry_review,,,1.0484,4.7407,,,,,partial_or_no_metrics,partial_or_no_metrics
4GJ3,A:0XP:1201,eligible_stereochemistry_review,,,0.7427,3.7296,,,,,partial_or_no_metrics,partial_or_no_metrics
4GMC,B:1BI:601,eligible_stereochemistry_review,1.064513087272644,43.73906326293945,1.0645,43.7391,1.3087272644041192e-05,-3.673706054740933e-05,0.8711001873016357,0.0,scored_both,scored_both
4GMY,A:0X5:1201,eligible_stereochemistry_review,0.7867171168327332,6.422243595123291,0.7867,6.4222,1.7116832733199416e-05,4.3595123290884885e-05,0.9495238065719604,0.23654823005199432,scored_both,scored_both
4GNY,A:SDS:201,eligible_exact_graph,0.8189433217048645,4.81900691986084,0.8189,4.819,4.332170486454068e-05,6.919860839893488e-06,0.883289098739624,0.3787878751754761,scored_both,scored_both
4GQ4,A:0RT:601,eligible_exact_graph,0.4635098874568939,1.381746768951416,0.4635,1.3817,9.887456893897806e-06,4.676895141608739e-05,0.9742472171783447,0.7532894611358643,scored_both,scored_both
4GQL,A:R47:306,eligible_stereochemistry_review,,,4.1934,5.1515,,,,,partial_or_no_metrics,partial_or_no_metrics
4GR0,A:R4B:306,eligible_stereochemistry_review,,2.888296604156494,1.2906,2.8883,,-3.3958435059489034e-06,,0.5863039493560791,partial_or_no_metrics,scored_both
4GR3,A:R45:306,eligible_stereochemistry_review,1.2742857933044434,,1.2743,3.6144,-1.4206695556628901e-05,,0.8297784924507141,,scored_both,partial_or_no_metrics
4GR8,A:R4C:306,eligible_stereochemistry_review,2.9969451427459717,2.9406464099884033,2.9969,2.9406,4.5142745971560316e-05,4.6409988403439684e-05,0.845553457736969,0.5400904417037964,scored_both,scored_both
4GVM,A:LF2:303,eligible_stereochemistry_review,0.895992636680603,17.826290130615234,0.896,17.8263,-7.363319396991308e-06,-9.869384765437417e-06,0.8729050159454346,0.0,scored_both,scored_both
4GW6,A:LF2:303,eligible_stereochemistry_review,2.4410459995269775,16.576181411743164,2.441,16.5762,4.599952697770249e-05,-1.8588256835982975e-05,0.6212607026100159,0.0024429967161267996,scored_both,scored_both
4GW8,A:3RA:401,eligible_stereochemistry_review,0.5750432014465332,2.149041175842285,0.575,2.149,4.3201446533247534e-05,4.1175842285134934e-05,0.9600326418876648,0.6560283899307251,scored_both,scored_both
4GZP,A:G39:512,eligible_stereochemistry_review,0.6897978186607361,,0.6898,1.212,-2.1813392638847517e-06,,0.9300000071525574,,scored_both,partial_or_no_metrics
4H1J,A:0YH:701,eligible_stereochemistry_review,1.2603158950805664,4.306911945343018,1.2603,4.3069,1.589508056643041e-05,1.1945343017849552e-05,0.8250969052314758,0.425109326839447,scored_both,scored_both
4H1M,A:0YJ:701,eligible_stereochemistry_review,0.6501566171646118,6.467135906219482,0.6502,6.4671,-4.338283538818377e-05,3.590621948212913e-05,0.9312098622322083,0.27556002140045166,scored_both,scored_both
4H38,A:0YX:301,eligible_representation_review,0.8598149418830872,,0.8598,26.4886,1.4941883087149499e-05,,0.8980644941329956,,scored_both,partial_or_no_metrics
4H42,U:11E:301,eligible_stereochemistry_review,1.1281673908233643,3.3174638748168945,1.1282,3.3175,-3.260917663583385e-05,-3.612518310536217e-05,0.8545871376991272,0.6118197441101074,scored_both,scored_both
4H4M,A:494:601,eligible_stereochemistry_review,1.1972475051879883,3.820772171020508,1.1972,3.8208,4.750518798823933e-05,-2.782897949238361e-05,0.824367105960846,0.429229199886322,scored_both,scored_both
4H5E,F:IPR:402,eligible_stereochemistry_review,1.1956393718719482,3.461346387863159,1.1956,3.4613,3.9371871948246095e-05,4.6387863159136344e-05,0.8575649857521057,0.4549180269241333,scored_both,scored_both
4H71,A:PXE:702,eligible_exact_graph,9.536539077758789,20.422462463378906,39.4942,26.4699,-29.95766092224121,-6.047437536621093,0.2513698637485504,0.0,scored_both,scored_both
4H7Q,A:COI:402,eligible_exact_graph,0.46516039967536926,1.6128499507904053,0.4652,1.6128,-3.96003246307397e-05,4.995079040526207e-05,0.9742857217788696,0.7604712247848511,scored_both,scored_both
4H81,A:WJ2:404,eligible_stereochemistry_review,0.6189835071563721,4.56113862991333,0.619,4.5611,-1.649284362792436e-05,3.8629913330368026e-05,0.9548457860946655,0.3970375657081604,scored_both,scored_both
4H85,A:HRI:404,eligible_exact_graph,0.4380080997943878,2.557955741882324,0.438,2.558,8.099794387816939e-06,-4.425811767561072e-05,0.9794721603393555,0.5944835543632507,scored_both,scored_both
4HBN,A:CMP:801,eligible_stereochemistry_review,1.316929578781128,0.5715771913528442,1.3169,0.5716,2.957878112797019e-05,-2.28086471557587e-05,0.7893432378768921,0.9682910442352295,scored_both,scored_both
4HBV,A:15E:203,eligible_stereochemistry_review,0.47251829504966736,1.53672456741333,0.4725,1.5367,1.8295049667382823e-05,2.4567413330123244e-05,0.9863636493682861,0.6948423981666565,scored_both,scored_both
4HBW,A:14Z:202,eligible_stereochemistry_review,0.6387277245521545,1.9426333904266357,0.6387,1.9426,2.772455215449554e-05,3.339042663563774e-05,0.9405370950698853,0.7158848643302917,scored_both,scored_both
4HBY,A:13F:201,eligible_stereochemistry_review,0.622165858745575,1.6102737188339233,0.6222,1.6103,-3.414125442502414e-05,-2.6281166076724816e-05,0.9258177280426025,0.7442827224731445,scored_both,scored_both
4HCO,A:IMW:702,eligible_exact_graph,15.88089656829834,19.081586837768555,15.8809,27.8343,-3.4317016606166817e-06,-8.752713162231444,0.009305210784077644,0.0,scored_both,scored_both
4HCU,A:13L:701,eligible_stereochemistry_review,0.9962107539176941,4.884838581085205,0.9962,4.8848,1.0753917694117376e-05,3.858108520482517e-05,0.8871058821678162,0.42652174830436707,scored_both,scored_both
4HCV,A:13J:701,eligible_stereochemistry_review,0.8499183654785156,5.215892791748047,0.8499,5.2159,1.836547851563619e-05,-7.2082519535499046e-06,0.9125993251800537,0.443308562040329,scored_both,scored_both
4HEJ,A:14D:301,eligible_stereochemistry_review,0.5173094868659973,3.0789811611175537,0.5173,3.079,9.486865997332394e-06,-1.883888244647025e-05,0.9560155272483826,0.4811912178993225,scored_both,scored_both
4HG7,A:NUT:201,eligible_stereochemistry_review,1.913134217262268,6.560604572296143,1.9131,6.5606,3.421726226804367e-05,4.572296142590915e-06,0.6707227230072021,0.2243880331516266,scored_both,scored_both
4HGL,A:0YO:401,eligible_exact_graph,0.23886415362358093,,0.2389,0.7906,-3.5846376419068626e-05,,1.0,,scored_both,partial_or_no_metrics
4HGS,A:15G:401,eligible_stereochemistry_review,1.3407719135284424,3.0343735218048096,1.3408,3.0344,-2.8086471557609016e-05,-2.6478195190637877e-05,0.8487085103988647,0.5295193195343018,scored_both,scored_both
4HOD,A:LEU:601,eligible_exact_graph,10.027582168579102,,10.0276,2.5386,-1.7831420898062333e-05,,0.12086956202983856,,scored_both,partial_or_no_metrics
4HRA,A:EP6:501,eligible_stereochemistry_review,,,1.1454,5.0574,,,,,partial_or_no_metrics,partial_or_no_metrics
4HT0,A:V50:304,eligible_stereochemistry_review,0.950565755367279,2.737820625305176,0.9506,2.7378,-3.42446327209478e-05,2.062530517576988e-05,0.9028013348579407,0.6460948586463928,scored_both,scored_both
4HVB,A:19P:1201,eligible_stereochemistry_review,1.1388306617736816,6.573766231536865,1.1388,6.5738,3.0661773681606164e-05,-3.376846313507542e-05,0.8842530250549316,0.25999999046325684,scored_both,scored_both
4HVD,A:933:1202,eligible_stereochemistry_review,0.40848636627197266,4.272586345672607,0.4085,4.2726,-1.3633728027317993e-05,-1.365432739230954e-05,0.9820075631141663,0.449664443731308,scored_both,scored_both
4HVH,A:19R:1201,eligible_stereochemistry_review,1.5571329593658447,,1.5571,4.4064,3.295936584479797e-05,,0.8119800090789795,,scored_both,partial_or_no_metrics
4HVI,A:19S:1201,eligible_stereochemistry_review,1.1570258140563965,5.226840019226074,1.157,5.2268,2.5814056396455953e-05,4.0019226074328174e-05,0.8600562810897827,0.31476685404777527,scored_both,scored_both
4HVS,A:647:1001,eligible_stereochemistry_review,0.6342419981956482,2.7882473468780518,0.6342,2.7882,4.199819564820739e-05,4.734687805196813e-05,0.9475469589233398,0.5478636026382446,scored_both,scored_both
4HW7,A:64M:1001,eligible_stereochemistry_review,0.7064049243927002,11.60344409942627,0.7064,11.6034,4.924392700167424e-06,4.409942626892871e-05,0.9278742074966431,0.16566690802574158,scored_both,scored_both
4HXL,A:1A9:201,eligible_stereochemistry_review,1.537077784538269,3.3968560695648193,1.5371,3.3969,-2.2215461730867858e-05,-4.3930435180694616e-05,0.8020186424255371,0.5675765872001648,scored_both,scored_both
4HXM,A:1A8:201,eligible_stereochemistry_review,0.5866617560386658,2.4196760654449463,0.5867,2.4197,-3.8243961334227805e-05,-2.3934555053894968e-05,0.9667007923126221,0.6799834966659546,scored_both,scored_both
4HXS,A:1A3:201,eligible_stereochemistry_review,0.8320693969726562,8.088648796081543,0.8321,8.0886,-3.0603027343700795e-05,4.879608154340076e-05,0.8919693827629089,0.33144477009773254,scored_both,scored_both
4HXW,A:1A0:301,eligible_stereochemistry_review,1.5836395025253296,2.3589556217193604,1.5836,2.359,3.950252532969323e-05,-4.437828063963423e-05,0.8514492511749268,0.6439393758773804,scored_both,scored_both
4HYS,A:1BJ:401,eligible_stereochemistry_review,0.485420286655426,2.9166853427886963,0.4854,2.9167,2.0286655426027256e-05,-1.4657211303781281e-05,0.9657173156738281,0.5434210300445557,scored_both,scored_both
4HZZ,A:G39:509,eligible_stereochemistry_review,0.4365939199924469,,0.4366,1.6928,-6.080007553088684e-06,,0.9866737723350525,,scored_both,partial_or_no_metrics
4I0D,A:1B7:504,eligible_stereochemistry_review,1.2232131958007812,3.389253854751587,1.2232,3.3893,1.3195800781184985e-05,-4.614524841306533e-05,0.8680659532546997,0.5303333401679993,scored_both,scored_both
4I0F,A:1BF:504,eligible_stereochemistry_review,2.732903242111206,6.249780178070068,2.7329,6.2498,3.2421112061697954e-06,-1.9821929931218563e-05,0.6416566371917725,0.1982538402080536,scored_both,scored_both
4I0R,A:1B4:701,eligible_stereochemistry_review,0.6088622212409973,0.8560300469398499,0.6089,0.856,-3.777875900268235e-05,3.004693984987039e-05,0.9577235579490662,0.9121405482292175,scored_both,scored_both
4I0T,A:1B6:701,eligible_stereochemistry_review,0.4122408330440521,2.066359758377075,0.4122,2.0664,4.083304405211319e-05,-4.024162292459721e-05,0.9800156950950623,0.7035714387893677,scored_both,scored_both
4I0Z,A:1BB:501,eligible_stereochemistry_review,0.6895632147789001,2.8708930015563965,0.6896,2.8709,-3.678522109984428e-05,-6.998443603301041e-06,0.9402756690979004,0.5380434989929199,scored_both,scored_both
4I11,A:1CH:504,eligible_stereochemistry_review,2.752073287963867,,2.7521,4.7371,-2.6712036132803263e-05,,0.6733576655387878,,scored_both,partial_or_no_metrics
4I12,A:1BC:501,eligible_stereochemistry_review,0.7185133099555969,2.599452495574951,0.7185,2.5995,1.3309955596896295e-05,-4.7504425048749965e-05,0.9295343160629272,0.5743589997291565,scored_both,scored_both
4I1C,A:1BE:504,eligible_stereochemistry_review,0.492583304643631,6.087353706359863,0.4926,6.0874,-1.669535636900088e-05,-4.62936401364189e-05,0.9692202210426331,0.19680403172969818,scored_both,scored_both
4I1R,A:LZU:801,eligible_exact_graph,0.4768501818180084,,0.4769,4.6231,-4.9818181991567734e-05,,0.9704049825668335,,scored_both,partial_or_no_metrics
4I47,A:MY6:303,eligible_exact_graph,0.1829966902732849,2.8257737159729004,0.183,2.8258,-3.309726715083894e-06,-2.6284027099698903e-05,1.0,0.6050295829772949,scored_both,scored_both
4I5M,A:R78:401,eligible_stereochemistry_review,1.042969822883606,3.4005093574523926,1.043,3.4005,-3.0177116393970138e-05,9.357452392499965e-06,0.8914201259613037,0.5102441310882568,scored_both,scored_both
4I5P,A:1D1:401,eligible_stereochemistry_review,0.7974637746810913,1.431713342666626,0.7975,1.4317,-3.6225318908678084e-05,1.3342666626003918e-05,0.9007601141929626,0.7907066345214844,scored_both,scored_both
4I6B,A:11G:401,eligible_stereochemistry_review,1.450289249420166,2.4093825817108154,1.4503,2.4094,-1.0750579833906926e-05,-1.74182891847785e-05,0.8373430967330933,0.5795254707336426,scored_both,scored_both
4I6H,A:1C8:401,eligible_stereochemistry_review,1.458315372467041,1.5573452711105347,1.4583,1.5573,1.537246704108597e-05,4.5271110534761405e-05,0.8246505856513977,0.7976952791213989,scored_both,scored_both
4I6Q,A:1DT:1202,eligible_stereochemistry_review,1.5401556491851807,0.7557560801506042,1.5402,0.7558,-4.435081481934944e-05,-4.391984939577931e-05,0.804841160774231,0.9494906663894653,scored_both,scored_both
4I74,A:MBY:408,eligible_stereochemistry_review,1.2335801124572754,2.155735492706299,1.2336,2.1557,-1.9887542724639218e-05,3.5492706298878574e-05,0.8097015023231506,0.6397596597671509,scored_both,scored_both
4I8W,B:G07:300,eligible_stereochemistry_review,0.9957166314125061,3.6242258548736572,0.9957,3.6242,1.6631412506074028e-05,2.5854873657138455e-05,0.8785387873649597,0.4541180431842804,scored_both,scored_both
4I9O,A:KI1:701,eligible_stereochemistry_review,1.5510798692703247,9.780214309692383,1.5511,9.7802,-2.013072967521623e-05,1.4309692382141748e-05,0.7829086780548096,0.08894611895084381,scored_both,scored_both
4I9R,A:RET:201,eligible_exact_graph,6.563063144683838,9.58726692199707,6.5631,9.5873,-3.6855316162487384e-05,-3.307800293050889e-05,0.22678843140602112,0.14057043194770813,scored_both,scored_both
4I9S,A:RET:201,eligible_exact_graph,6.90618371963501,8.985174179077148,6.9062,8.9852,-1.6280364990350904e-05,-2.5820922852304307e-05,0.20028409361839294,0.09490084648132324,scored_both,scored_both
4IAX,A:LIZ:201,eligible_stereochemistry_review,1.018636703491211,,1.0186,9.8586,3.670349121098759e-05,,0.9074504971504211,,scored_both,partial_or_no_metrics
4IDZ,A:OGA:601,eligible_exact_graph,0.5248863101005554,2.756392240524292,0.5249,2.7564,-1.3689899444613296e-05,-7.759475708191133e-06,0.9676656126976013,0.59382563829422,scored_both,scored_both
4IE0,A:PD2:603,eligible_stereochemistry_review,0.49588972330093384,14.931008338928223,0.4959,14.931,-1.027669906616957e-05,8.33892822349469e-06,0.965782105922699,0.002699784003198147,scored_both,scored_both
4IE5,A:MD6:602,eligible_stereochemistry_review,0.4681464731693268,3.052994966506958,0.4681,3.053,4.647316932676615e-05,-5.033493041928239e-06,0.9721564054489136,0.5052419304847717,scored_both,scored_both
4IE6,A:UN9:602,eligible_exact_graph,0.7466992735862732,2.5354557037353516,0.7467,2.5355,-7.264137268370163e-07,-4.42962646483025e-05,0.9047825932502747,0.5713315010070801,scored_both,scored_both
4IKU,A:SHX:401,eligible_stereochemistry_review,0.633419930934906,5.033548355102539,0.6334,5.0335,1.9930934906042808e-05,4.8355102538977235e-05,0.9694767594337463,0.3787332773208618,scored_both,scored_both
4INB,A:1F6:201,eligible_stereochemistry_review,0.9167365431785583,7.346609592437744,0.9167,7.3466,3.654317855839029e-05,9.59243774456553e-06,0.8961377739906311,0.1661660224199295,scored_both,scored_both
4IPJ,A:LMR:402,eligible_exact_graph,0.7689310312271118,2.8589022159576416,0.7689,2.8589,3.103122711178852e-05,2.2159576413827153e-06,0.9525723457336426,0.5113065242767334,scored_both,scored_both
4IR5,A:IR5:2013,eligible_stereochemistry_review,1.0560665130615234,5.236387252807617,1.0561,5.2364,-3.3486938476601225e-05,-1.2747192382533967e-05,0.9100441336631775,0.35169491171836853,scored_both,scored_both
4IR6,A:IR6:2007,eligible_stereochemistry_review,0.5423391461372375,5.735130310058594,0.5423,5.7351,3.9146137237544565e-05,3.0310058593663314e-05,0.973437488079071,0.33602485060691833,scored_both,scored_both
4ITP,A:1GD:304,eligible_stereochemistry_review,0.6234336495399475,2.4637835025787354,0.6234,2.4638,3.3649539947555596e-05,-1.649742126463849e-05,0.9546979665756226,0.6207770109176636,scored_both,scored_both
4IU1,A:NNH:403,eligible_exact_graph,0.4537895917892456,2.2582907676696777,0.4538,2.2583,-1.0408210754375702e-05,-9.232330322461735e-06,0.9781553149223328,0.6235902309417725,scored_both,scored_both
4IVA,A:1J5:1201,eligible_stereochemistry_review,0.5266034007072449,0.7990266680717468,0.5266,0.799,3.4007072449160347e-06,2.666807174678265e-05,0.9751683473587036,0.9240506291389465,scored_both,scored_both
4IVK,A:CEP:501,eligible_stereochemistry_review,0.9130063652992249,,0.913,3.6983,6.365299224819765e-06,,0.8877708911895752,,scored_both,partial_or_no_metrics
4IWD,A:1JC:1401,eligible_stereochemistry_review,2.828572988510132,2.6907477378845215,2.8286,2.6907,-2.7011489867945215e-05,4.7737884521392715e-05,0.6710633039474487,0.5863008499145508,scored_both,scored_both
4IWZ,A:1GO:301,eligible_exact_graph,3.467951774597168,3.1762256622314453,3.468,3.1762,-4.822540283200283e-05,2.5662231445178207e-05,0.7264243364334106,0.5185810923576355,scored_both,scored_both
4J03,A:FVS:603,eligible_stereochemistry_review,1.5745676755905151,,1.5746,7.7503,-3.2324409484862926e-05,,0.7335382103919983,,scored_both,partial_or_no_metrics
4J0A,A:1JL:601,eligible_stereochemistry_review,0.730267345905304,41.766807556152344,0.7303,41.7668,-3.265409469599412e-05,7.556152340271183e-06,0.9250457286834717,0.0,scored_both,scored_both
4J0P,A:1H8:504,eligible_stereochemistry_review,1.4363183975219727,4.254840850830078,1.4363,4.2548,1.8397521972746134e-05,4.0850830077765465e-05,0.8291366696357727,0.39945653080940247,scored_both,scored_both
4J0R,A:1H2:205,eligible_stereochemistry_review,0.5240259170532227,3.9843335151672363,0.524,3.9843,2.5917053222634934e-05,3.351516723615333e-05,0.9636563658714294,0.4178403615951538,scored_both,scored_both
4J0S,A:1H3:205,eligible_stereochemistry_review,0.4779551923274994,1.3931043148040771,0.478,1.3931,-4.480767250059081e-05,4.314804077143464e-06,0.9817478060722351,0.8180851340293884,scored_both,scored_both
4J0Y,A:1H6:504,eligible_stereochemistry_review,1.1970632076263428,6.07038688659668,1.1971,6.0704,-3.67923736572795e-05,-1.3113403320552663e-05,0.8816713690757751,0.2799733579158783,scored_both,scored_both
4J0Z,A:1H5:504,eligible_stereochemistry_review,2.1296348571777344,6.581450462341309,2.1296,6.5815,3.485717773443753e-05,-4.953765869153415e-05,0.7312661409378052,0.25346919894218445,scored_both,scored_both
4J17,A:1HQ:504,eligible_stereochemistry_review,0.3910398781299591,7.493108749389648,0.391,7.4931,3.9878129959092234e-05,8.749389648343708e-06,0.9888167381286621,0.241410493850708,scored_both,scored_both
4J1E,A:1HM:504,eligible_stereochemistry_review,0.7764049172401428,7.214029788970947,0.7764,7.214,4.917240142843227e-06,2.978897094685351e-05,0.9374176263809204,0.26738762855529785,scored_both,scored_both
4J1H,A:1HJ:504,eligible_stereochemistry_review,0.6728721261024475,7.567962169647217,0.6729,7.568,-2.787389755254388e-05,-3.783035278281943e-05,0.9379240274429321,0.21609099209308624,scored_both,scored_both
4J2T,A:1HT:1001,eligible_stereochemistry_review,,,1.8722,6.8721,,,,,partial_or_no_metrics,partial_or_no_metrics
4J3I,A:1K0:201,eligible_stereochemistry_review,1.2757441997528076,1.4367759227752686,1.2757,1.4368,4.4199752807561055e-05,-2.4077224731522406e-05,0.9166666865348816,0.7744510769844055,scored_both,scored_both
4J52,A:1J3:400,eligible_stereochemistry_review,1.335064172744751,2.684704542160034,1.3351,2.6847,-3.58272552489769e-05,4.542160034315401e-06,0.8309294581413269,0.601396918296814,scored_both,scored_both
4J5D,X:728:301,eligible_stereochemistry_review,,5.941781520843506,1.6519,5.9418,,-1.8479156493889093e-05,,0.2751780152320862,partial_or_no_metrics,scored_both
4J5E,X:7B7:301,eligible_stereochemistry_review,0.9763107895851135,4.6721320152282715,0.9763,4.6721,1.0789585113579747e-05,3.201522827112058e-05,0.8904793858528137,0.3765294849872589,scored_both,scored_both
4J7D,A:I31:201,eligible_stereochemistry_review,3.335792303085327,5.509995937347412,3.3358,5.51,-7.696914672727928e-06,-4.062652587677462e-06,0.5307080745697021,0.305715948343277,scored_both,scored_both
4J93,A:1JR:202,eligible_stereochemistry_review,1.131840467453003,6.779096603393555,1.1318,6.7791,4.0467453003012466e-05,-3.396606444994177e-06,0.8522099256515503,0.20776699483394623,scored_both,scored_both
4JAZ,A:STL:501,eligible_stereochemistry_review,0.7231644988059998,25.40389633178711,0.7232,25.4039,-3.550119400019813e-05,-3.668212890772793e-06,0.9227871894836426,0.0,scored_both,scored_both
4JBL,B:MET:401,eligible_exact_graph,1.9217376708984375,4.537245750427246,35.2711,4.5372,-33.34936232910156,4.575042724574985e-05,0.564039409160614,0.27912187576293945,scored_both,scored_both
4JBP,A:YPH:501,eligible_stereochemistry_review,0.9008917212486267,3.870887279510498,0.9009,3.8709,-8.278751373325122e-06,-1.2720489501738541e-05,0.8849614262580872,0.4451219439506531,scored_both,scored_both
4JDF,A:SPD:401,eligible_exact_graph,0.47464752197265625,4.683004856109619,0.4746,4.683,4.752197265622815e-05,4.856109619311155e-06,0.9839572310447693,0.401500940322876,scored_both,scored_both
4JFI,A:1KT:201,eligible_stereochemistry_review,,,5.0971,5.5271,,,,,partial_or_no_metrics,partial_or_no_metrics
4JFJ,A:1KU:201,eligible_stereochemistry_review,0.9677283763885498,3.5468668937683105,0.9677,3.5469,2.837638854980007e-05,-3.310623168939486e-05,0.8796928524971008,0.46927711367607117,scored_both,scored_both
4JFK,A:JFK:201,eligible_stereochemistry_review,2.0358242988586426,,2.0358,3.9221,2.4298858642524124e-05,,0.6730219125747681,,scored_both,partial_or_no_metrics
4JFL,A:1KY:201,eligible_stereochemistry_review,1.9562608003616333,,1.9563,2.9081,-3.91996383666271e-05,,0.6845298409461975,,scored_both,partial_or_no_metrics
4JFM,A:1KZ:201,eligible_stereochemistry_review,6.299272060394287,6.820294380187988,6.2993,6.8203,-2.793960571256804e-05,-5.619812011303793e-06,0.5707217454910278,0.23693086206912994,scored_both,scored_both
4JG6,A:1LB:801,eligible_stereochemistry_review,,,0.4011,3.2505,,,,,partial_or_no_metrics,partial_or_no_metrics
4JG8,A:1LE:801,eligible_stereochemistry_review,,,1.2506,2.6732,,,,,partial_or_no_metrics,partial_or_no_metrics
4JGV,A:T94:601,eligible_stereochemistry_review,1.298845887184143,21.12356948852539,1.2988,21.1236,4.588718414311188e-05,-3.05114746090851e-05,0.793181836605072,0.014906303025782108,scored_both,scored_both
4JIN,A:1L7:301,eligible_stereochemistry_review,0.9424010515213013,7.3947834968566895,0.9424,7.3948,1.051521301254077e-06,-1.6503143310586665e-05,0.875,0.22795070707798004,scored_both,scored_both
4JJS,A:1M9:601,eligible_stereochemistry_review,1.1644294261932373,42.18595886230469,104.0041,42.186,-102.83967057380676,-4.1137695312443157e-05,0.8175241351127625,0.0,scored_both,scored_both
4JKW,A:IPE:201,eligible_exact_graph,2.820852518081665,3.9094228744506836,2.8209,3.9094,-4.748191833492399e-05,2.287445068338556e-05,0.5787139534950256,0.4237288236618042,scored_both,scored_both
4JMX,A:IM2:301,eligible_stereochemistry_review,0.8145073056221008,3.369537830352783,0.8145,3.3695,7.305622100828302e-06,3.783035278326352e-05,0.893362820148468,0.496942937374115,scored_both,scored_both
4JPS,A:1LT:1102,eligible_stereochemistry_review,0.7311384677886963,3.2335121631622314,0.7311,3.2335,3.846778869631695e-05,1.2163162231626501e-05,0.9335781335830688,0.5257558822631836,scored_both,scored_both
4JPY,A:PHE:302,eligible_exact_graph,24.17628288269043,2.5987253189086914,24.1763,2.5987,-1.7117309571546002e-05,2.5318908691396302e-05,0.0,0.5769598484039307,scored_both,scored_both
4JQL,A:VJ6:301,eligible_exact_graph,2.2307040691375732,2.7895848751068115,2.2307,2.7896,4.069137573115e-06,-1.5124893188556143e-05,0.6672932505607605,0.5185589790344238,scored_both,scored_both
4JSR,A:1NQ:402,eligible_stereochemistry_review,0.659639835357666,3.131866693496704,0.6596,3.1319,3.983535766605151e-05,-3.3306503295804646e-05,0.9356921315193176,0.5157415270805359,scored_both,scored_both
4JSS,A:BEW:303,eligible_stereochemistry_review,1.3182424306869507,1.096047282218933,1.3182,1.096,4.2430686950645224e-05,4.7282218933020204e-05,0.7884615659713745,0.8112033009529114,scored_both,scored_both
4JT8,A:1NR:402,eligible_stereochemistry_review,0.8116499185562134,3.9392333030700684,0.8116,3.9392,4.991855621339081e-05,3.330307006832456e-05,0.9142335653305054,0.4635325074195862,scored_both,scored_both
4JT9,A:1NS:402,eligible_exact_graph,0.9414107203483582,2.351327419281006,0.9414,2.3513,1.072034835813973e-05,2.7419281005691687e-05,0.9128590226173401,0.6388286352157593,scored_both,scored_both
4JU6,A:1O6:601,eligible_stereochemistry_review,0.974758505821228,38.63313293457031,0.9748,65.2823,-4.149417877197248e-05,-26.649167065429694,0.8931818008422852,0.0,scored_both,scored_both
4JU7,A:1O6:601,eligible_stereochemistry_review,0.7552456259727478,38.633155822753906,103.0,65.2822,-102.24475437402725,-26.649044177246097,0.8671454191207886,0.0,scored_both,scored_both
4JV7,A:1MN:201,eligible_exact_graph,5.477065563201904,5.317241668701172,5.4771,5.3172,-3.4436798095782706e-05,4.1668701172170586e-05,0.3119906783103943,0.3304321765899658,scored_both,scored_both
4JVE,A:1MQ:201,eligible_stereochemistry_review,4.786900043487549,8.900701522827148,4.7869,8.9007,4.3487548673226684e-08,1.522827147937278e-06,0.42727771401405334,0.1404230296611786,scored_both,scored_both
4JVI,A:QZN:401,eligible_stereochemistry_review,0.8291645050048828,4.623230457305908,0.8292,4.6232,-3.549499511723564e-05,3.0457305908448973e-05,0.9034515023231506,0.37698987126350403,scored_both,scored_both
4JX9,A:URI:201,eligible_stereochemistry_review,3.331049919128418,,3.331,2.7442,4.991912841800783e-05,,0.4908088147640228,,scored_both,partial_or_no_metrics
4JXS,B:18U:401,eligible_stereochemistry_review,0.7635473012924194,21.255268096923828,0.7635,21.2553,4.7301292419477114e-05,-3.1903076170181066e-05,0.9306536912918091,0.0031025472562760115,scored_both,scored_both
4JYC,D:GDP:501,eligible_stereochemistry_review,,,51.8252,33.8229,,,,,partial_or_no_metrics,partial_or_no_metrics
4JYV,H:1OJ:301,eligible_stereochemistry_review,3.599783182144165,5.249238967895508,3.5998,5.2492,-1.6817855835071782e-05,3.896789550772439e-05,0.748275876045227,0.383114755153656,scored_both,scored_both
4K0Y,A:1OA:401,eligible_stereochemistry_review,0.4989035129547119,5.865496635437012,0.4989,5.8655,3.5129547119039373e-06,-3.364562988217301e-06,0.9543229937553406,0.27788370847702026,scored_both,scored_both
4K18,A:1OB:402,eligible_stereochemistry_review,0.6262323260307312,4.918747425079346,0.6262,4.9187,3.232603073122231e-05,4.742507934540896e-05,0.9593750238418579,0.3417159616947174,scored_both,scored_both
4K2F,B:A08:805,eligible_stereochemistry_review,0.7365420460700989,4.543921947479248,0.7365,4.5439,4.204607009883343e-05,2.1947479248218826e-05,0.9232418537139893,0.3533599078655243,scored_both,scored_both
4K2G,B:1OQ:810,eligible_stereochemistry_review,0.4280984401702881,6.111084461212158,0.4281,6.1111,-1.5598297118946114e-06,-1.5538787842217516e-05,0.9770709872245789,0.2761506140232086,scored_both,scored_both
4K2Y,A:ES2:303,eligible_exact_graph,0.37838515639305115,1.8593841791152954,0.3784,1.8594,-1.4843606948866661e-05,-1.582088470453158e-05,0.9888059496879578,0.7391067743301392,scored_both,scored_both
4K4J,A:1O8:500,eligible_stereochemistry_review,0.40341347455978394,1.6206374168395996,0.4034,1.6206,1.3474559783954732e-05,3.7416839599568874e-05,0.9800307154655457,0.7177314162254333,scored_both,scored_both
4K55,A:H6P:201,eligible_exact_graph,1.1546469926834106,4.638308048248291,1.1546,4.6383,4.699268341057383e-05,8.048248290926097e-06,0.9463768005371094,0.36075130105018616,scored_both,scored_both
4K5L,A:19N:1102,eligible_stereochemistry_review,0.5606486797332764,2.3927664756774902,0.5606,2.3928,4.867973327637998e-05,-3.3524322509581594e-05,0.9536637663841248,0.6224489808082581,scored_both,scored_both
4K5O,A:1OT:1106,eligible_representation_review,0.9987927079200745,2.8317461013793945,0.9988,2.8317,-7.292079925558248e-06,4.610137939442538e-05,0.8591492772102356,0.5920184850692749,scored_both,scored_both
4K5Z,A:1P7:703,eligible_stereochemistry_review,0.44146525859832764,2.9743893146514893,0.4415,2.9744,-3.4741401672366834e-05,-1.0685348510897086e-05,0.9758453965187073,0.5738636255264282,scored_both,scored_both
4K60,A:1P8:703,eligible_stereochemistry_review,0.5343696475028992,2.0382819175720215,0.5344,2.0383,-3.0352497100816223e-05,-1.8082427978516336e-05,0.9793233275413513,0.6824776530265808,scored_both,scored_both
4K8O,A:ATP:801,eligible_stereochemistry_review,2.318068742752075,4.976696968078613,2.3181,4.9767,-3.1257247924632026e-05,-3.0319213868423844e-06,0.7105262875556946,0.39542144536972046,scored_both,scored_both
4K9Y,A:K9Y:701,eligible_stereochemistry_review,0.5426545739173889,2.0675058364868164,0.5427,2.0675,-4.5426082611044194e-05,5.836486816512831e-06,0.9495074152946472,0.7051174640655518,scored_both,scored_both
4KAX,A:GTP:201,eligible_stereochemistry_review,0.7680310606956482,3.0339837074279785,0.768,3.034,3.106069564817737e-05,-1.629257202129253e-05,0.930526852607727,0.5211065411567688,scored_both,scored_both
4KBY,A:C2E:401,eligible_stereochemistry_review,5.573071002960205,3.6037163734436035,5.5731,3.6037,-2.899703979508672e-05,1.637344360361226e-05,0.30683666467666626,0.39697718620300293,scored_both,scored_both
4KC1,A:WS1:403,eligible_stereochemistry_review,,,1.0414,5.3057,,,,,partial_or_no_metrics,partial_or_no_metrics
4KC2,A:WS2:403,eligible_stereochemistry_review,1.2068753242492676,,1.2069,5.7054,-2.467575073250572e-05,,0.8350067138671875,,scored_both,partial_or_no_metrics
4KIL,A:1R5:305,eligible_stereochemistry_review,0.5203340649604797,4.769670486450195,0.5203,4.7697,3.4064960479751605e-05,-2.951354980496035e-05,0.9619565010070801,0.3931492865085602,scored_both,scored_both
4KJV,A:1RK:502,eligible_stereochemistry_review,1.4600244760513306,,1.46,7.1618,2.4476051330601933e-05,,0.8595700263977051,,scored_both,partial_or_no_metrics
4KNI,A:E1E:305,eligible_stereochemistry_review,3.744249105453491,3.719332695007324,3.7442,3.7193,4.910545349101625e-05,3.26950073241683e-05,0.6669408082962036,0.462062269449234,scored_both,scored_both
4KNR,A:1S8:501,eligible_stereochemistry_review,0.7353106141090393,3.3910889625549316,0.7353,3.3911,1.0614109039353004e-05,-1.1037445068140528e-05,0.9349619150161743,0.504306435585022,scored_both,scored_both
4KOT,A:CE3:205,eligible_exact_graph,,0.9629066586494446,0.5269,0.9629,,6.658649444601927e-06,,0.8598684072494507,partial_or_no_metrics,scored_both
4KOW,A:CFX:204,eligible_stereochemistry_review,,,1.5691,1.6296,,,,,partial_or_no_metrics,partial_or_no_metrics
4KOX,A:CLS:205,eligible_stereochemistry_review,,2.371583938598633,1.2831,2.3716,,-1.6061401367117867e-05,,0.6007916927337646,partial_or_no_metrics,scored_both
4KP0,A:KPK:301,eligible_stereochemistry_review,0.5788844227790833,2.1258749961853027,0.5789,2.1259,-1.5577220916718204e-05,-2.500381469738855e-05,0.9682080745697021,0.6886304616928101,scored_both,scored_both
4KP4,A:ANP:1501,eligible_stereochemistry_review,1.2422720193862915,,1.2423,6.0056,-2.7980613708455948e-05,,0.8295348882675171,,scored_both,partial_or_no_metrics
4KQL,A:1SG:511,eligible_stereochemistry_review,1.346496343612671,8.468387603759766,1.3465,8.4684,-3.6563873291317606e-06,-1.2396240235190703e-05,0.8183984756469727,0.14563915133476257,scored_both,scored_both
4KQP,A:GLN:501,eligible_exact_graph,,,1.3533,6.1138,,,,,partial_or_no_metrics,partial_or_no_metrics
4KS1,A:2H8:502,eligible_exact_graph,1.3905810117721558,2.0079030990600586,1.3906,2.0079,-1.8988227844296546e-05,3.0990600587976758e-06,0.8146701455116272,0.6920034885406494,scored_both,scored_both
4KS2,A:1SJ:502,eligible_exact_graph,,2.7746634483337402,0.6839,2.7747,,-3.655166625993189e-05,,0.5331885814666748,partial_or_no_metrics,scored_both
4KS3,A:1SL:501,eligible_exact_graph,1.9952025413513184,,1.9952,2.1875,2.5413513182748204e-06,,0.7257019281387329,,scored_both,partial_or_no_metrics
4KS4,A:1SN:501,eligible_stereochemistry_review,1.9114675521850586,6.137395858764648,1.9115,6.1374,-3.244781494138316e-05,-4.141235351973194e-06,0.6948767900466919,0.1985800415277481,scored_both,scored_both
4KS5,A:1SO:502,eligible_stereochemistry_review,1.629802942276001,,1.6298,1.9119,2.942276001061117e-06,,0.7413073778152466,,scored_both,partial_or_no_metrics
4KSY,A:1SY:500,eligible_stereochemistry_review,,7.292840480804443,10.6594,7.2928,,4.0480804443632223e-05,,0.1917259842157364,partial_or_no_metrics,scored_both
4KWP,A:EXX:408,eligible_stereochemistry_review,0.8886979222297668,2.777534008026123,0.8887,2.7775,-2.0777702331997716e-06,3.4008026123188984e-05,0.9551886916160583,0.64552241563797,scored_both,scored_both
4KXB,A:BES:1017,eligible_stereochemistry_review,0.5466578602790833,3.9831748008728027,0.5467,3.9832,-4.213972091671181e-05,-2.519912719733952e-05,0.958395779132843,0.4366002082824707,scored_both,scored_both
4KYH,A:ZST:203,eligible_exact_graph,0.5174104571342468,7.146734237670898,0.5174,7.1467,1.0457134246855126e-05,3.423767089838492e-05,0.9788732528686523,0.135677307844162,scored_both,scored_both
4KZ0,A:1UJ:1201,eligible_stereochemistry_review,0.6590854525566101,2.9767110347747803,0.6591,2.9767,-1.4547443389911763e-05,1.1034774780149803e-05,0.9326003789901733,0.5252951383590698,scored_both,scored_both
4KZ6,B:ZB6:401,eligible_stereochemistry_review,0.917435348033905,25.04581069946289,0.9174,25.0458,3.534803390503605e-05,1.0699462890784162e-05,0.883631706237793,0.0,scored_both,scored_both
4L1A,A:AB1:101,eligible_stereochemistry_review,2.168515920639038,,10.5086,6.7468,-8.340084079360961,,0.6932432651519775,,scored_both,partial_or_no_metrics
4L3P,A:1UH:601,eligible_stereochemistry_review,0.6257146000862122,,0.6257,0.7897,1.4600086212124275e-05,,0.9491356611251831,,scored_both,partial_or_no_metrics
4L52,A:1UL:501,eligible_stereochemistry_review,0.6843204498291016,1.2087955474853516,0.6843,1.2088,2.0449829101543138e-05,-4.452514648534134e-06,0.965775728225708,0.8235294222831726,scored_both,scored_both
4L53,A:1UO:501,eligible_stereochemistry_review,0.8868558406829834,0.9961450695991516,0.8869,0.9961,-4.4159317016623234e-05,4.5069599151625894e-05,0.927897572517395,0.8917560577392578,scored_both,scored_both
4L70,A:1V9:601,eligible_stereochemistry_review,0.6101076006889343,2.5767033100128174,0.6101,2.5767,7.600688934350508e-06,3.3100128171703602e-06,0.9551020264625549,0.5926998853683472,scored_both,scored_both
4L7B,B:1VV:701,eligible_stereochemistry_review,1.8416976928710938,6.292294979095459,1.8417,6.2923,-2.307128906142708e-06,-5.020904541019888e-06,0.6830024719238281,0.21409335732460022,scored_both,scored_both
4L7F,A:1V5:401,eligible_stereochemistry_review,,,1.0902,2.6679,,,,,partial_or_no_metrics,partial_or_no_metrics
4L7G,A:1W0:501,eligible_stereochemistry_review,1.287160038948059,5.035541534423828,1.2872,5.0355,-3.996105194081778e-05,4.153442382826e-05,0.8526951670646667,0.30370602011680603,scored_both,scored_both
4L7H,A:1W1:501,eligible_stereochemistry_review,1.906814694404602,3.2013890743255615,1.9068,3.2014,1.4694404602000333e-05,-1.092567443850001e-05,0.7459806799888611,0.5199324488639832,scored_both,scored_both
4L7R,A:M00:601,eligible_stereochemistry_review,1.5610296726226807,2.4361674785614014,1.561,2.4362,2.9672622680720906e-05,-3.252143859855394e-05,0.891406238079071,0.6187580227851868,scored_both,scored_both
4L8M,A:F46:403,eligible_stereochemistry_review,2.144904613494873,,2.1449,4.691,4.613494873240143e-06,,0.6912891864776611,,scored_both,partial_or_no_metrics
4LA7,A:A1O:201,eligible_stereochemistry_review,2.7518258094787598,4.031644344329834,2.7518,4.0316,2.5809478759963866e-05,4.43443298339119e-05,0.6128048896789551,0.3680426776409149,scored_both,scored_both
4LAR,H:1WE:300,eligible_exact_graph,0.31264737248420715,1.9610207080841064,0.3126,1.961,4.7372484207164334e-05,2.070808410636893e-05,1.0,0.6397550106048584,scored_both,scored_both
4LBP,A:1WG:201,eligible_exact_graph,0.49588704109191895,11.412581443786621,0.4959,11.4126,-1.2958908081062148e-05,-1.855621337831792e-05,0.9564515948295593,0.11291912943124771,scored_both,scored_both
4LBU,A:1WJ:401,eligible_stereochemistry_review,1.1921051740646362,3.1598896980285645,1.1921,3.1599,5.1740646362929965e-06,-1.0301971435477952e-05,0.858562707901001,0.5201056003570557,scored_both,scored_both
4LC7,A:1WP:502,eligible_stereochemistry_review,0.6227663159370422,6.121793746948242,0.6228,6.1218,-3.368406295778392e-05,-6.253051758164929e-06,0.9642857313156128,0.2809244692325592,scored_both,scored_both
4LH7,A:1X8:401,eligible_stereochemistry_review,0.3391974866390228,2.4942808151245117,0.3392,2.4943,-2.5133609771743615e-06,-1.918487548824288e-05,0.99472576379776,0.5966312289237976,scored_both,scored_both
4LIL,A:UTP:504,eligible_exact_graph,0.42824307084083557,3.9456191062927246,0.4282,3.9456,4.307084083554624e-05,1.910629272439124e-05,0.9813916087150574,0.41636690497398376,scored_both,scored_both
4LJ5,A:ADP:901,eligible_stereochemistry_review,,5.625879287719727,1.0285,5.6259,,-2.0712280273116335e-05,,0.29002514481544495,partial_or_no_metrics,scored_both
4LKH,A:SIA:603,eligible_stereochemistry_review,1.44462251663208,4.6640777587890625,1.4446,4.6641,2.25166320799719e-05,-2.2241210937856692e-05,0.769271969795227,0.3743811845779419,scored_both,scored_both
4LLJ,A:1XN:900,eligible_exact_graph,0.2198837697505951,9.303863525390625,0.2199,9.3039,-1.623024940491935e-05,-3.6474609375503064e-05,1.0,0.10818307846784592,scored_both,scored_both
4LLX,A:5ZE:900,eligible_stereochemistry_review,0.28711551427841187,12.323628425598145,0.2871,15.2968,1.5514278411843385e-05,-2.9731715744018548,0.9963942170143127,0.018537074327468872,scored_both,scored_both
4LM2,A:8ZE:900,eligible_stereochemistry_review,0.33221256732940674,12.841267585754395,0.3322,15.1368,1.2567329406742989e-05,-2.2955324142456046,0.9848484992980957,0.0087890625,scored_both,scored_both
4LM3,A:9ZE:801,eligible_exact_graph,0.3158344626426697,9.302674293518066,0.3158,9.3027,3.44626426696526e-05,-2.5706481933340797e-05,0.9954819083213806,0.0981503576040268,scored_both,scored_both
4LM4,A:JPZ:900,eligible_stereochemistry_review,0.5585592985153198,14.099272727966309,0.5586,14.574,-4.0701484680161215e-05,-0.47472727203369125,0.9560931921005249,0.02143845148384571,scored_both,scored_both
4LM5,A:Q17:401,eligible_stereochemistry_review,1.6538175344467163,1.126587152481079,1.6538,1.1266,1.7534446716371832e-05,-1.2847518920944268e-05,0.7930194735527039,0.8561241626739502,scored_both,scored_both
4LMU,A:QUE:401,eligible_exact_graph,1.5868337154388428,0.904792070388794,1.5868,0.9048,3.371543884278516e-05,-7.92961120610336e-06,0.7962538003921509,0.9102023839950562,scored_both,scored_both
4LN7,A:1ZQ:306,eligible_stereochemistry_review,0.7518805861473083,3.4279091358184814,0.7519,3.4279,-1.941385269166318e-05,9.135818481276203e-06,0.9128329157829285,0.550000011920929,scored_both,scored_both
4LNB,B:ED5:603,eligible_stereochemistry_review,1.7409685850143433,,1.741,6.0881,-3.141498565684131e-05,,0.7441016435623169,,scored_both,partial_or_no_metrics
4LNG,B:JAN:602,eligible_stereochemistry_review,1.0287622213363647,,1.0288,2.9548,-3.777866363519067e-05,,0.8494898080825806,,scored_both,partial_or_no_metrics
4LOH,A:1SY:401,eligible_stereochemistry_review,2.600393533706665,5.481560230255127,2.6004,7.0927,-6.466293335005702e-06,-1.6111397697448728,0.6140574812889099,0.29192954301834106,scored_both,scored_both
4LOO,A:SB4:401,eligible_stereochemistry_review,0.867323100566864,2.763709306716919,0.8673,2.7637,2.3100566864053818e-05,9.306716918899838e-06,0.9098297357559204,0.5324876308441162,scored_both,scored_both
4LOV,A:KGM:201,eligible_exact_graph,0.8198904395103455,,0.8199,3.3301,-9.56048965450318e-06,,0.9033530354499817,,scored_both,partial_or_no_metrics
4LOY,H:6XS:304,eligible_stereochemistry_review,2.5325284004211426,,2.5325,1.9448,2.8400421142382726e-05,,0.7210379838943481,,scored_both,partial_or_no_metrics
4LP0,A:1YM:301,eligible_stereochemistry_review,1.758607029914856,3.654390811920166,1.7586,3.6544,7.029914856016006e-06,-9.188079833855056e-06,0.8720501661300659,0.45930755138397217,scored_both,scored_both
4LPB,A:1YP:301,eligible_stereochemistry_review,0.5666697025299072,2.009024143218994,0.5667,2.009,-3.0297470092754963e-05,2.4143218994243654e-05,0.9492656588554382,0.6908747553825378,scored_both,scored_both
4LPF,A:3TR:301,eligible_exact_graph,0.37992995977401733,2.3544232845306396,0.3799,2.3544,2.995977401731853e-05,2.328453063960012e-05,1.0,0.625,scored_both,scored_both
4LQG,A:CTW:823,eligible_stereochemistry_review,1.28256094455719,,1.2826,5.355,-3.9055442810020935e-05,,0.8443649411201477,,scored_both,partial_or_no_metrics
4LQY,A:AMP:505,eligible_stereochemistry_review,1.901381254196167,3.0777854919433594,1.9014,3.0778,-1.874580383298685e-05,-1.450805664049426e-05,0.7299319505691528,0.5032544136047363,scored_both,scored_both
4LV4,A:8HC:403,eligible_stereochemistry_review,,,0.5133,7.5094,,,,,partial_or_no_metrics,partial_or_no_metrics
4LWC,A:1XU:201,eligible_stereochemistry_review,1.1012624502182007,1.7535862922668457,1.1013,1.7536,-3.754978179926205e-05,-1.3707733154344481e-05,0.8378839492797852,0.7685045599937439,scored_both,scored_both
4LWT,A:20Q:201,eligible_stereochemistry_review,2.0668411254882812,6.0982866287231445,2.0668,6.0983,4.112548828105744e-05,-1.3371276855522751e-05,0.650340735912323,0.29217687249183655,scored_both,scored_both
4LWU,A:20U:201,eligible_stereochemistry_review,2.2109997272491455,,2.211,5.7346,-2.7275085434652624e-07,,0.591549277305603,,scored_both,partial_or_no_metrics
4LXB,H:7R9:304,eligible_stereochemistry_review,,,1.408,3.1814,,,,,partial_or_no_metrics,partial_or_no_metrics
4LYN,A:1YG:301,eligible_stereochemistry_review,0.5981119871139526,,0.5981,2.3643,1.1987113952671713e-05,,0.9642857313156128,,scored_both,partial_or_no_metrics
4LYS,A:2SJ:203,eligible_stereochemistry_review,2.408521890640259,5.414194583892822,2.4085,5.4142,2.1890640258703797e-05,-5.4161071778580094e-06,0.5891265869140625,0.2807351052761078,scored_both,scored_both
4LZR,A:LOC:201,eligible_stereochemistry_review,1.0756497383117676,2.1822896003723145,1.0756,2.1823,4.9738311767688614e-05,-1.0399627685675483e-05,0.8825364112854004,0.6455094814300537,scored_both,scored_both
4M12,A:1YZ:701,eligible_exact_graph,,,0.2982,5.3465,,,,,partial_or_no_metrics,partial_or_no_metrics
4M13,A:1E0:701,eligible_exact_graph,,,0.2466,6.538,,,,,partial_or_no_metrics,partial_or_no_metrics
4M1J,C:B0S:801,eligible_exact_graph,23.546756744384766,3.2565250396728516,23.5468,3.2565,-4.325561523543797e-05,2.5039672851612238e-05,0.0,0.5288079380989075,scored_both,scored_both
4M2R,A:BZ1:302,eligible_stereochemistry_review,1.3426883220672607,,1.3427,2.2949,-1.1677932739262431e-05,,0.7883620858192444,,scored_both,partial_or_no_metrics
4M2U,A:ETS:302,eligible_stereochemistry_review,0.6875221729278564,1.0298213958740234,0.6875,1.0298,2.2172927856445312e-05,2.1395874023388828e-05,0.9164859056472778,0.8603556752204895,scored_both,scored_both
4M2V,A:BZ1:302,eligible_stereochemistry_review,0.5410546064376831,1.9838889837265015,0.5411,1.9839,-4.539356231691993e-05,-1.1016273498531959e-05,0.9654471278190613,0.6964285969734192,scored_both,scored_both
4M2W,A:ETS:302,eligible_stereochemistry_review,1.3290255069732666,1.8866459131240845,1.329,1.8866,2.550697326664242e-05,4.5913124084417944e-05,0.7881355881690979,0.6941288113594055,scored_both,scored_both
4M3E,A:2B3:301,eligible_stereochemistry_review,0.7709900140762329,3.4467852115631104,0.771,3.4468,-9.985923767108495e-06,-1.4788436889734413e-05,0.9202755689620972,0.500356912612915,scored_both,scored_both
4M3M,A:22N:501,eligible_stereochemistry_review,3.043215036392212,4.034960746765137,3.0432,4.035,1.5036392211786875e-05,-3.925323486342336e-05,0.7181318402290344,0.38787877559661865,scored_both,scored_both
4M4Q,A:21A:304,eligible_stereochemistry_review,1.0511701107025146,5.158098220825195,1.0512,5.1581,-2.988929748526381e-05,-1.7791748048168188e-06,0.8666338324546814,0.3713977038860321,scored_both,scored_both
4M5G,A:YH1:302,eligible_exact_graph,0.38416266441345215,1.4360560178756714,0.3842,1.4361,-3.733558654783753e-05,-4.3982124328545424e-05,0.9950381517410278,0.8035961389541626,scored_both,scored_both
4M5K,A:YH3:305,eligible_stereochemistry_review,0.6344224810600281,3.464608907699585,0.6344,3.4646,2.2481060028112232e-05,8.907699585058992e-06,0.9517730474472046,0.5504079461097717,scored_both,scored_both
4M5L,A:YH4:306,eligible_exact_graph,0.47322919964790344,1.7376232147216797,0.4732,1.7376,2.919964790343288e-05,2.3214721679654104e-05,0.9810956716537476,0.7726351618766785,scored_both,scored_both
4M5U,A:20F:305,eligible_stereochemistry_review,0.5381937623023987,5.403036594390869,0.5382,5.403,-6.237697601330083e-06,3.6594390869559845e-05,0.9579107761383057,0.3447631001472473,scored_both,scored_both
4M7X,A:27Q:315,eligible_stereochemistry_review,16.43817710876465,,16.4382,9.0842,-2.2891235349931094e-05,,0.1484607756137848,,scored_both,partial_or_no_metrics
4M84,A:21E:601,eligible_stereochemistry_review,0.3583417236804962,1.6585177183151245,0.3583,1.6585,4.172368049620845e-05,1.7718315124426454e-05,0.9889525175094604,0.7659023404121399,scored_both,scored_both
4M8E,A:29V:500,eligible_exact_graph,0.6665782928466797,1.314701795578003,0.6666,1.3147,-2.1707153320282835e-05,1.795578002949938e-06,0.9552669525146484,0.8001285195350647,scored_both,scored_both
4M8T,A:RMM:801,eligible_exact_graph,,,1.8757,2.1064,,,,,partial_or_no_metrics,partial_or_no_metrics
4MAO,A:28D:801,eligible_stereochemistry_review,,,1.128,2.3173,,,,,partial_or_no_metrics,partial_or_no_metrics
4MBI,A:26K:401,eligible_exact_graph,0.7144717574119568,1.3320748805999756,0.7145,1.3321,-2.824258804323687e-05,-2.511940002447588e-05,0.9597249627113342,0.8383743166923523,scored_both,scored_both
4MBL,A:26L:401,eligible_stereochemistry_review,0.9991352558135986,1.9938020706176758,0.9991,1.9938,3.5255813598644714e-05,2.0706176757645522e-06,0.9071316719055176,0.6842818260192871,scored_both,scored_both
4MC6,A:23K:101,eligible_stereochemistry_review,1.1737533807754517,3.3261613845825195,1.1738,7.8763,-4.661922454829437e-05,-4.55013861541748,0.7942160367965698,0.46402615308761597,scored_both,scored_both
4MD6,A:24E:902,eligible_stereochemistry_review,0.5532882809638977,4.38909912109375,0.5533,4.3891,-1.1719036102308955e-05,-8.789062500014211e-07,0.9577625393867493,0.4262114465236664,scored_both,scored_both
4MEN,A:25K:202,eligible_stereochemistry_review,0.9992806315422058,4.109461307525635,0.9993,4.1095,-1.9368457794155525e-05,-3.869247436494305e-05,0.9055793881416321,0.4225628972053528,scored_both,scored_both
4MEO,A:25V:202,eligible_stereochemistry_review,0.698477566242218,6.387590408325195,0.6985,6.3876,-2.2433757781992192e-05,-9.591674804632078e-06,0.9200000166893005,0.24633699655532837,scored_both,scored_both
4MEP,A:24Y:201,eligible_stereochemistry_review,0.846571147441864,2.56404185295105,0.8466,2.564,-2.8852558136005513e-05,4.1852951049747844e-05,0.8966292142868042,0.6093260049819946,scored_both,scored_both
4MGV,A:D5I:201,eligible_exact_graph,5.696417808532715,7.058417797088623,5.6964,7.0584,1.780853271515781e-05,1.779708862326146e-05,0.37863704562187195,0.27215537428855896,scored_both,scored_both
4MHY,A:PBD:401,eligible_stereochemistry_review,0.476102739572525,3.0268056392669678,0.4761,3.0268,2.7395725250012326e-06,5.6392669676164076e-06,0.9790528416633606,0.5657327771186829,scored_both,scored_both
4MHZ,A:PBD:401,eligible_stereochemistry_review,1.2688990831375122,3.8003971576690674,1.2689,3.8004,-9.168624877098352e-07,-2.842330932395498e-06,0.8458844423294067,0.45073530077934265,scored_both,scored_both
4MI3,A:26R:901,eligible_stereochemistry_review,1.2396882772445679,3.767730712890625,1.2397,3.7677,-1.1722755432153065e-05,3.071289062495097e-05,0.8301205039024353,0.41643959283828735,scored_both,scored_both
4MI6,A:26V:901,eligible_stereochemistry_review,1.0377951860427856,,1.0378,6.0831,-4.813957214411246e-06,,0.8475991487503052,,scored_both,partial_or_no_metrics
4MI9,A:26W:901,eligible_stereochemistry_review,1.0724133253097534,3.2097551822662354,1.0724,3.2098,1.3325309753398074e-05,-4.481773376463494e-05,0.8468858003616333,0.5130963325500488,scored_both,scored_both
4MIC,A:26Y:901,eligible_stereochemistry_review,0.5126577019691467,3.8380849361419678,0.5127,3.8381,-4.229803085331607e-05,-1.5063858032071664e-05,0.9548192620277405,0.40464600920677185,scored_both,scored_both
4MK0,A:29X:702,eligible_stereochemistry_review,0.9057704210281372,7.260997772216797,0.9058,7.261,-2.957897186284253e-05,-2.2277832032457923e-06,0.8787001371383667,0.1702093929052353,scored_both,scored_both
4MK2,A:28B:306,eligible_stereochemistry_review,0.28513363003730774,4.602373123168945,0.2851,4.6024,3.3630037307719185e-05,-2.6876831054956085e-05,1.0,0.32024434208869934,scored_both,scored_both
4MK5,A:28A:306,eligible_stereochemistry_review,0.4074237644672394,3.5540244579315186,0.4074,3.554,2.3764467239395515e-05,2.445793151872877e-05,0.9955621361732483,0.4943566620349884,scored_both,scored_both
4MLT,A:TM4:303,eligible_exact_graph,0.29402512311935425,2.029463291168213,0.294,2.0295,2.5123119354264478e-05,-3.670883178719109e-05,1.0,0.6837539672851562,scored_both,scored_both
4MLX,A:TM7:303,eligible_exact_graph,0.28978779911994934,1.8036787509918213,0.2898,1.8037,-1.2200880050661222e-05,-2.124900817879194e-05,0.9962121248245239,0.6919354796409607,scored_both,scored_both
4MM5,A:SRE:603,eligible_stereochemistry_review,1.8699394464492798,2.253113269805908,1.8699,2.2531,3.9446449279889606e-05,1.3269805908322496e-05,0.6811728477478027,0.6080508232116699,scored_both,scored_both
4MM8,A:RFX:603,eligible_stereochemistry_review,0.8411456942558289,3.3311710357666016,0.8411,3.3312,4.569425582889863e-05,-2.8964233398376393e-05,0.903329074382782,0.4752293527126312,scored_both,scored_both
4MM9,A:FVX:603,eligible_exact_graph,0.8297104239463806,,0.8297,3.1061,1.0423946380622162e-05,,0.913965106010437,,scored_both,partial_or_no_metrics
4MMA,A:CXX:603,eligible_exact_graph,2.1647820472717285,,2.1648,3.3685,-1.795272827154193e-05,,0.6424278616905212,,scored_both,partial_or_no_metrics
4MMP,A:SLB:401,eligible_stereochemistry_review,,1.7792885303497314,1.2305,1.7793,,-1.1469650268658427e-05,,0.6770833134651184,partial_or_no_metrics,scored_both
4MNP,A:SLB:401,eligible_stereochemistry_review,0.7208279967308044,2.1743111610412598,0.7208,2.1743,2.799673080444709e-05,1.1161041259644122e-05,0.9378478527069092,0.6105149984359741,scored_both,scored_both
4MOT,A:2B7:301,eligible_exact_graph,0.41815078258514404,2.7063114643096924,0.4182,2.7063,-4.9217414855973196e-05,1.1464309692232888e-05,0.993353009223938,0.5579010844230652,scored_both,scored_both
4MP2,A:PV1:501,eligible_stereochemistry_review,1.0588734149932861,8.816764831542969,1.0589,8.8168,-2.658500671381958e-05,-3.5168457031886646e-05,0.8366972208023071,0.11376634240150452,scored_both,scored_both
4MPE,A:PV8:501,eligible_stereochemistry_review,0.6150100231170654,9.005104064941406,0.615,9.0051,1.002311706543857e-05,4.064941405701461e-06,0.9387568831443787,0.15690375864505768,scored_both,scored_both
4MR4,A:1K0:204,eligible_stereochemistry_review,1.3097444772720337,7.2691969871521,1.3097,7.2692,4.4477272033605075e-05,-3.0128479000524067e-06,0.878923773765564,0.28020963072776794,scored_both,scored_both
4MR5,A:1K0:506,eligible_exact_graph,0.12764857709407806,2.151064395904541,0.1276,2.1511,4.857709407807276e-05,-3.5604095458996454e-05,1.0,0.6627172231674194,scored_both,scored_both
4MR6,A:1K0:505,eligible_stereochemistry_review,1.1401516199111938,4.522600173950195,1.1402,4.5226,-4.838008880625466e-05,1.7395019558108515e-07,0.871996283531189,0.49261602759361267,scored_both,scored_both
4MRF,A:2CK:203,eligible_stereochemistry_review,2.089827299118042,5.653750896453857,2.0898,5.6537,2.729911804211227e-05,5.0896453857696144e-05,0.7228434681892395,0.2351752072572708,scored_both,scored_both
4MRG,A:24W:201,eligible_stereochemistry_review,0.5682329535484314,4.965786933898926,0.5682,4.9658,3.2953548431358115e-05,-1.3066101073988534e-05,0.9433333277702332,0.3298525810241699,scored_both,scored_both
4MRH,A:2CQ:201,eligible_stereochemistry_review,1.0137754678726196,16.165485382080078,1.0138,16.1655,-2.4532127380405555e-05,-1.4617919923409772e-05,0.9102316498756409,0.0038363172207027674,scored_both,scored_both
4MRW,A:MRW:900,eligible_stereochemistry_review,2.4922757148742676,13.903145790100098,2.4923,13.9031,-2.4285125732603774e-05,4.579010009742035e-05,0.6885592937469482,0.012564432807266712,scored_both,scored_both
4MW9,B:2EJ:806,eligible_stereochemistry_review,3.1895289421081543,39.95109939575195,3.1895,39.9511,2.8942108154517143e-05,-6.042480436008191e-07,0.5091637969017029,0.0,scored_both,scored_both
4MWQ,A:G39:513,eligible_stereochemistry_review,0.5638322234153748,1.5336534976959229,0.5638,1.5337,3.222341537478801e-05,-4.6502304077211676e-05,0.9672130942344666,0.7490757703781128,scored_both,scored_both
4MWW,A:G39:513,eligible_stereochemistry_review,1.1513375043869019,1.894930124282837,1.1513,1.8949,3.7504386901865416e-05,3.0124282836885286e-05,0.8842592835426331,0.668008029460907,scored_both,scored_both
4MX5,X:5MX:301,eligible_stereochemistry_review,0.6069483160972595,0.7034227848052979,0.6069,0.7034,4.831609725952646e-05,2.2784805297826338e-05,0.9445793032646179,0.9469572305679321,scored_both,scored_both
4MX9,A:2E8:601,eligible_stereochemistry_review,0.39491379261016846,2.3623273372650146,0.3949,2.3623,1.3792610168483765e-05,2.7337265014804046e-05,0.9855595827102661,0.6612740159034729,scored_both,scored_both
4MXA,A:BK7:601,eligible_stereochemistry_review,0.990842878818512,3.5864439010620117,0.9908,3.5864,4.287881851194886e-05,4.3901062011908465e-05,0.8678696155548096,0.5066603422164917,scored_both,scored_both
4MXC,A:DWF:1401,eligible_stereochemistry_review,0.7480303645133972,2.9557058811187744,0.748,2.9557,3.0364513397218573e-05,5.8811187741980575e-06,0.9502016305923462,0.5211789011955261,scored_both,scored_both
4MYH,B:GSH:701,eligible_stereochemistry_review,1.619677186012268,,113.4254,45.601,-111.80572281398773,,0.652402400970459,,scored_both,partial_or_no_metrics
4MYQ,A:19T:701,eligible_stereochemistry_review,0.33663249015808105,1.1000410318374634,0.3366,1.1,3.2490158081044385e-05,4.103183746329009e-05,0.9902548789978027,0.8219947218894958,scored_both,scored_both
4N1T,A:2GD:201,eligible_stereochemistry_review,0.28169432282447815,1.101011037826538,0.2817,1.101,-5.677175521856537e-06,1.1037826538107254e-05,0.9995164275169373,0.8407562971115112,scored_both,scored_both
4N5D,A:2FQ:401,eligible_stereochemistry_review,0.4949672520160675,3.474565267562866,0.495,3.4746,-3.2747983932490676e-05,-3.4732437133921934e-05,0.9856060743331909,0.5197368264198303,scored_both,scored_both
4N6G,B:2GQ:401,eligible_stereochemistry_review,0.592193067073822,2.9362401962280273,3.7534,3.4731,-3.161206932926178,-0.5368598037719727,0.9509090781211853,0.6042296290397644,scored_both,scored_both
4N6H,A:EJ4:1219,eligible_stereochemistry_review,0.6626946926116943,5.834188938140869,0.6627,5.8342,-5.307388305619831e-06,-1.1061859130911955e-05,0.9351708292961121,0.293417364358902,scored_both,scored_both
4N6Y,A:2HV:401,eligible_exact_graph,,,6.3596,1.2807,,,,,partial_or_no_metrics,partial_or_no_metrics
4N7J,B:2GQ:401,eligible_stereochemistry_review,4.643035888671875,4.763538837432861,4.643,5.2448,3.588867187520606e-05,-0.48126116256713836,0.4134103059768677,0.38411667943000793,scored_both,scored_both
4N7U,A:2JA:501,eligible_representation_review,0.7269201278686523,3.86934757232666,0.7269,3.8693,2.0127868652353165e-05,4.757232666019462e-05,0.949999988079071,0.4568527936935425,scored_both,scored_both
4N98,A:4FC:401,eligible_stereochemistry_review,0.34738191962242126,29.672372817993164,0.3474,32.2296,-1.808037757872194e-05,-2.5572271820068337,0.9942601919174194,0.0,scored_both,scored_both
4NAK,A:PBQ:401,eligible_stereochemistry_review,0.31305909156799316,9.767290115356445,0.3131,9.7673,-4.090843200682537e-05,-9.88464355522467e-06,0.9896593689918518,0.09573361277580261,scored_both,scored_both
4NAL,A:H70:401,eligible_stereochemistry_review,0.41559016704559326,6.6446027755737305,0.4156,6.6446,-9.832954406763239e-06,2.775573730851022e-06,0.9709715843200684,0.2003631889820099,scored_both,scored_both
4NCG,A:2KW:601,eligible_stereochemistry_review,0.7881699800491333,,0.7882,2.7264,-3.0019950866710943e-05,,0.9186102747917175,,scored_both,partial_or_no_metrics
4NGM,A:JB7:821,eligible_stereochemistry_review,3.2682955265045166,,3.2683,3.4593,-4.4734954833813845e-06,,0.6780458092689514,,scored_both,partial_or_no_metrics
4NGN,A:J96:819,eligible_stereochemistry_review,0.9260613918304443,,0.9261,2.8619,-3.8608169555698346e-05,,0.8833333253860474,,scored_both,partial_or_no_metrics
4NGP,A:J31:817,eligible_stereochemistry_review,2.6593973636627197,,2.6594,5.4776,-2.6363372804816265e-06,,0.674069881439209,,scored_both,partial_or_no_metrics
4NGQ,A:J37:820,eligible_stereochemistry_review,0.6332933902740479,,0.6333,4.1216,-6.609725952122503e-06,,0.9576530456542969,,scored_both,partial_or_no_metrics
4NGR,A:J21:814,eligible_stereochemistry_review,1.3450052738189697,4.84540319442749,1.345,4.8454,5.273818969753208e-06,3.1944274905271186e-06,0.8419051766395569,0.33271437883377075,scored_both,scored_both
4NGT,A:J42:815,eligible_stereochemistry_review,3.881368637084961,,3.8814,3.7802,-3.136291503924582e-05,,0.5799689292907715,,scored_both,partial_or_no_metrics
4NH8,A:2LC:301,eligible_stereochemistry_review,0.9693618416786194,1.0489386320114136,0.9694,1.0489,-3.815832138065467e-05,3.863201141363071e-05,0.9082568883895874,0.8503627777099609,scored_both,scored_both
4NHX,A:OGA:603,eligible_exact_graph,1.140990972518921,3.761256456375122,1.141,3.7613,-9.027481079115773e-06,-4.3543624877795395e-05,0.8447986841201782,0.4377802610397339,scored_both,scored_both
4NJ3,A:2KD:301,eligible_stereochemistry_review,2.539105176925659,7.763322830200195,2.5391,7.7633,5.176925659267084e-06,2.283020019522297e-05,0.6925080418586731,0.17573800683021545,scored_both,scored_both
4NLD,A:2N7:601,eligible_stereochemistry_review,,,4.2905,18.233,,,,,partial_or_no_metrics,partial_or_no_metrics
4NP2,A:2L1:201,eligible_stereochemistry_review,0.4886145293712616,3.354450225830078,0.4886,3.3545,1.4529371261617907e-05,-4.977416992169026e-05,0.9595375657081604,0.4576822817325592,scored_both,scored_both
4NP3,A:2L2:201,eligible_stereochemistry_review,0.8841032385826111,,0.8841,2.9635,3.238582611087004e-06,,0.8728606104850769,,scored_both,partial_or_no_metrics
4NP9,A:I3P:601,eligible_stereochemistry_review,1.1305811405181885,,1.1306,5.1057,-1.885948181157282e-05,,0.8204057216644287,,scored_both,partial_or_no_metrics
4NPV,A:0NK:601,eligible_exact_graph,0.4720897674560547,2.1478817462921143,0.4721,2.1479,-1.0232543945332129e-05,-1.8253707885662607e-05,0.9744681119918823,0.6000791192054749,scored_both,scored_both
4NQ6,A:3R9:304,eligible_stereochemistry_review,1.0532640218734741,1.7736271619796753,1.0533,1.7736,-3.597812652578192e-05,2.71619796752276e-05,0.8397790193557739,0.7164556980133057,scored_both,scored_both
4NRA,A:2LW:2006,eligible_stereochemistry_review,0.6054978966712952,1.2350490093231201,0.6055,1.2351,-2.103328704872176e-06,-5.09906768799695e-05,0.9239482283592224,0.8088235259056091,scored_both,scored_both
4NRO,A:AKG:302,eligible_exact_graph,0.41838404536247253,3.0261337757110596,0.4184,3.0261,-1.595463752745996e-05,3.377571105955823e-05,0.9920494556427002,0.5524861812591553,scored_both,scored_both
4NRP,A:OGA:302,eligible_exact_graph,0.1790391504764557,4.6668524742126465,0.179,4.6669,3.9150476455696026e-05,-4.752578735356394e-05,1.0,0.36373627185821533,scored_both,scored_both
4NRQ,A:PD2:301,eligible_stereochemistry_review,2.231673002243042,5.806896209716797,2.2317,5.8069,-2.6997756958024866e-05,-3.7902832028535727e-06,0.7081185579299927,0.33062976598739624,scored_both,scored_both
4NRT,A:2NG:601,eligible_stereochemistry_review,6.480078220367432,15.18956184387207,6.4801,15.1896,-2.1779632568552643e-05,-3.815612793012235e-05,0.37784090638160706,0.009840674698352814,scored_both,scored_both
4NUD,A:NUD:201,eligible_stereochemistry_review,3.786649227142334,2.045219898223877,3.7866,2.0452,4.922714233401848e-05,1.9898223877046206e-05,0.7139376401901245,0.6946022510528564,scored_both,scored_both
4NUE,A:NUE:201,eligible_stereochemistry_review,2.269456386566162,4.159040451049805,2.2695,4.159,-4.361343383774141e-05,4.0451049804879347e-05,0.7068106532096863,0.5132575631141663,scored_both,scored_both
4NUS,A:2NK:1001,eligible_stereochemistry_review,1.0178802013397217,3.164168357849121,1.0179,3.1642,-1.9798660278347313e-05,-3.1642150879029884e-05,0.8416411280632019,0.48179349303245544,scored_both,scored_both
4NW5,A:2NR:1001,eligible_stereochemistry_review,,4.543993949890137,2.0035,4.544,,-6.050109862876241e-06,,0.3928571343421936,partial_or_no_metrics,scored_both
4NW7,A:2O5:704,eligible_stereochemistry_review,0.7392352819442749,4.267805099487305,0.7392,4.2678,3.528194427493414e-05,5.099487304427441e-06,0.9399421215057373,0.43592965602874756,scored_both,scored_both
4NWD,A:2QD:301,eligible_stereochemistry_review,0.700709342956543,,0.7007,5.2415,9.34295654297923e-06,,0.9390547275543213,,scored_both,partial_or_no_metrics
4NWK,A:2R8:301,eligible_stereochemistry_review,1.147848129272461,,1.1478,3.168,4.812927246100607e-05,,0.8395522236824036,,scored_both,partial_or_no_metrics
4NYF,A:4BI:301,eligible_stereochemistry_review,0.965347170829773,18.22121810913086,0.9653,18.2212,4.717082977290232e-05,1.810913085975585e-05,0.8721441030502319,0.001261918107047677,scored_both,scored_both
4NYI,S:2PX:1101,eligible_stereochemistry_review,1.7310351133346558,,1.731,4.0075,3.511333465566757e-05,,0.8138801455497742,,scored_both,partial_or_no_metrics
4NYJ,S:2PZ:1101,eligible_stereochemistry_review,0.7753990292549133,,0.7754,3.5263,-9.707450866480727e-07,,0.9619422554969788,,scored_both,partial_or_no_metrics
4NYT,A:PC:303,eligible_exact_graph,0.9661322832107544,25.130199432373047,43.8048,32.5069,-42.838667716789246,-7.376700567626955,0.9195205569267273,0.0,scored_both,scored_both
4O04,A:2Q8:4000,eligible_stereochemistry_review,0.8345925807952881,1.6183668375015259,0.8346,1.6184,-7.419204711922589e-06,-3.3162498474181845e-05,0.9230769276618958,0.7681686282157898,scored_both,scored_both
4O05,A:2Q9:4000,eligible_stereochemistry_review,0.7984673380851746,1.2863737344741821,0.7985,1.2864,-3.266191482542702e-05,-2.6265525817859015e-05,0.9014970064163208,0.8388888835906982,scored_both,scored_both
4O07,A:FGH:4000,eligible_stereochemistry_review,1.0198924541473389,1.2422927618026733,1.0199,1.2423,-7.5458526611615895e-06,-7.238197326620011e-06,0.8603526949882507,0.8329545259475708,scored_both,scored_both
4O09,A:2R6:4000,eligible_stereochemistry_review,1.1801838874816895,,1.1802,1.9518,-1.6112518310462676e-05,,0.8152173757553101,,scored_both,partial_or_no_metrics
4O0B,A:2QA:4000,eligible_stereochemistry_review,0.8099789023399353,2.323333740234375,0.81,2.3233,-2.1097660064750556e-05,3.374023437485718e-05,0.892988920211792,0.6328633427619934,scored_both,scored_both
4O0R,A:7KC:601,eligible_stereochemistry_review,0.6109012365341187,13.81814956665039,0.6109,18.7976,1.2365341186537648e-06,-4.979450433349609,0.9685362577438354,0.02905518375337124,scored_both,scored_both
4O3B,B:GLU:301,eligible_stereochemistry_review,1.7268283367156982,5.67861795425415,31.771,5.6786,-30.044171663284303,1.7954254150076565e-05,0.6935679316520691,0.2842368185520172,scored_both,scored_both
4O3C,A:ASP:301,eligible_stereochemistry_review,2.644420623779297,5.18377161026001,2.6444,5.1838,2.0623779296791156e-05,-2.8389739989975737e-05,0.5640369057655334,0.3251718282699585,scored_both,scored_both
4O44,A:2RS:601,eligible_stereochemistry_review,0.8790318965911865,9.586005210876465,0.879,9.586,3.1896591186519885e-05,5.210876464545322e-06,0.900243878364563,0.2552114427089691,scored_both,scored_both
4O72,A:2R4:201,eligible_stereochemistry_review,,,0.5019,7.6274,,,,,partial_or_no_metrics,partial_or_no_metrics
4O75,A:2RC:201,eligible_stereochemistry_review,,,6.0673,5.7068,,,,,partial_or_no_metrics,partial_or_no_metrics
4O78,A:SAV:201,eligible_stereochemistry_review,,,0.6913,1.4718,,,,,partial_or_no_metrics,partial_or_no_metrics
4O7A,A:2RF:201,eligible_stereochemistry_review,,,0.7483,4.3263,,,,,partial_or_no_metrics,partial_or_no_metrics
4O7D,A:ONL:601,eligible_stereochemistry_review,0.8037371635437012,4.359129905700684,0.8037,4.3591,3.7163543701201895e-05,2.990570068384102e-05,0.9171923995018005,0.38197675347328186,scored_both,scored_both
4O91,A:NG2:601,eligible_stereochemistry_review,0.6698353886604309,5.105701923370361,0.6698,5.1057,3.538866043095723e-05,1.923370361645027e-06,0.9369092583656311,0.35642316937446594,scored_both,scored_both
4OB0,A:PBC:302,eligible_stereochemistry_review,2.1667354106903076,3.110823392868042,2.1667,3.1108,3.5410690307546844e-05,2.339286804220464e-05,0.6085271239280701,0.5060241222381592,scored_both,scored_both
4OB1,A:BUB:302,eligible_exact_graph,2.6466801166534424,2.402604103088379,2.6467,2.4026,-1.9883346557669768e-05,4.103088378837327e-06,0.5618728995323181,0.5450160503387451,scored_both,scored_both
4OB2,A:BUB:301,eligible_exact_graph,3.1756110191345215,2.330939292907715,3.1756,2.3309,1.1019134521284002e-05,3.929290771464977e-05,0.5053353905677795,0.6122950911521912,scored_both,scored_both
4OBP,A:2QU:403,eligible_stereochemistry_review,1.578898310661316,6.401796340942383,1.5789,6.4018,-1.6893386840521885e-06,-3.6590576169004407e-06,0.8447154760360718,0.23139312863349915,scored_both,scored_both
4OBQ,A:2QT:403,eligible_stereochemistry_review,0.5997284650802612,2.0027196407318115,0.5997,2.0027,2.8465080261219633e-05,1.9640731811598755e-05,0.960392415523529,0.702296793460846,scored_both,scored_both
4OC0,A:2R7:818,eligible_stereochemistry_review,0.9057114124298096,,0.9057,4.3867,1.1412429809620761e-05,,0.8927083611488342,,scored_both,partial_or_no_metrics
4OC1,A:2QS:818,eligible_stereochemistry_review,0.9256664514541626,,0.9257,4.9624,-3.354854583736966e-05,,0.9037356376647949,,scored_both,partial_or_no_metrics
4OC2,A:2QQ:821,eligible_exact_graph,0.48661020398139954,2.7175891399383545,0.4866,2.7176,1.0203981399559137e-05,-1.0860061645523444e-05,0.980134129524231,0.5701069235801697,scored_both,scored_both
4OC3,A:2QP:820,eligible_stereochemistry_review,1.2803493738174438,3.8712446689605713,1.2804,3.8712,-5.0626182556134935e-05,4.466896057131464e-05,0.8478354811668396,0.44819238781929016,scored_both,scored_both
4OC4,A:2QN:818,eligible_stereochemistry_review,0.8490933179855347,,0.8491,5.4017,-6.682014465297925e-06,,0.8963684439659119,,scored_both,partial_or_no_metrics
4OC5,A:2QM:818,eligible_stereochemistry_review,1.360877513885498,4.955694675445557,1.3609,4.9557,-2.2486114501951704e-05,-5.32455444357538e-06,0.8067434430122375,0.3531985580921173,scored_both,scored_both
4OCK,A:ANP:402,eligible_stereochemistry_review,1.5061894655227661,2.621492862701416,1.5062,2.6215,-1.0534477233870021e-05,-7.1372985841478e-06,0.7978098392486572,0.5633960366249084,scored_both,scored_both
4OCP,A:ADP:402,eligible_stereochemistry_review,1.6555193662643433,3.037768840789795,1.6555,3.0378,1.936626434329014e-05,-3.115921020491186e-05,0.7171945571899414,0.5284090638160706,scored_both,scored_both
4OCQ,A:A2G:401,eligible_stereochemistry_review,1.0011999607086182,4.732882022857666,1.0012,4.7329,-3.9291381925821156e-08,-1.7977142333869267e-05,0.8676160573959351,0.35922330617904663,scored_both,scored_both
4OCV,A:ANP:402,eligible_stereochemistry_review,,3.3217601776123047,1.0231,3.3218,,-3.9822387695398476e-05,,0.4655485153198242,partial_or_no_metrics,scored_both
4ODE,A:2U0:201,eligible_stereochemistry_review,1.866529941558838,6.45042085647583,1.8665,6.4504,2.9941558837842663e-05,2.0856475829944543e-05,0.6916243433952332,0.21695064008235931,scored_both,scored_both
4ODF,A:2U1:201,eligible_stereochemistry_review,2.259676218032837,7.055402755737305,2.2597,7.0554,-2.378196716312786e-05,2.7557373050157707e-06,0.6492842435836792,0.20081061124801636,scored_both,scored_both
4OEW,A:5IO:903,eligible_exact_graph,0.49933770298957825,2.529386043548584,0.4993,2.5294,3.770298957822549e-05,-1.3956451415886306e-05,0.9797297120094299,0.5683842301368713,scored_both,scored_both
4OG3,A:2S6:602,eligible_stereochemistry_review,1.2080119848251343,5.937568187713623,1.208,5.9376,1.1984825134314647e-05,-3.181228637672007e-05,0.8730828166007996,0.31700679659843445,scored_both,scored_both
4OG4,A:2VK:602,eligible_stereochemistry_review,2.7434475421905518,4.474276065826416,2.7434,4.4743,4.7542190551919106e-05,-2.393417358437233e-05,0.6110751032829285,0.35089531540870667,scored_both,scored_both
4OG5,A:2S7:601,eligible_stereochemistry_review,3.1117873191833496,,3.1118,4.2549,-1.2680816650512128e-05,,0.5538366436958313,,scored_both,partial_or_no_metrics
4OG7,A:2SE:602,eligible_stereochemistry_review,2.891961097717285,4.529719829559326,2.892,4.5297,-3.890228271474783e-05,1.982955932611219e-05,0.5466439127922058,0.28765571117401123,scored_both,scored_both
4OG8,A:2SF:602,eligible_stereochemistry_review,1.3930689096450806,,1.3931,6.1116,-3.109035491943857e-05,,0.8525640964508057,,scored_both,partial_or_no_metrics
4OGN,A:2U5:201,eligible_stereochemistry_review,0.9277670383453369,7.315086364746094,0.9278,7.3151,-3.2961654663044015e-05,-1.363525390640774e-05,0.885869562625885,0.17255759239196777,scored_both,scored_both
4OGT,A:2U6:201,eligible_stereochemistry_review,0.9449175596237183,6.8158416748046875,0.9449,6.8158,1.7559623718299555e-05,4.167480468719731e-05,0.8524436354637146,0.18469154834747314,scored_both,scored_both
4OI6,B:CIT:103,eligible_exact_graph,0.2171241044998169,2.6934237480163574,0.2171,2.6934,2.41044998169071e-05,2.3748016357405533e-05,1.0,0.5545112490653992,scored_both,scored_both
4OK3,A:2SY:701,eligible_stereochemistry_review,0.6174683570861816,18.547250747680664,0.6175,18.5473,-3.1642913818408225e-05,-4.925231933583518e-05,0.9490654468536377,0.021353166550397873,scored_both,scored_both
4OKP,B:2V0:401,eligible_stereochemistry_review,21.803232192993164,19.7921085357666,21.8032,19.7921,3.2192993163704386e-05,8.535766600203942e-06,0.0,0.0,scored_both,scored_both
4ONO,A:PMK:401,eligible_representation_review,,,1.6003,7.4666,,,,,partial_or_no_metrics,partial_or_no_metrics
4OO9,A:2U8:4005,eligible_stereochemistry_review,1.7330265045166016,6.667901515960693,1.733,6.6679,2.6504516601466577e-05,1.515960692977103e-06,0.7483642101287842,0.22821350395679474,scored_both,scored_both
4OOL,A:2U2:601,eligible_exact_graph,0.7679710984230042,,0.768,2.8402,-2.8901576995865597e-05,,0.9331658482551575,,scored_both,partial_or_no_metrics
4OON,A:2U4:901,eligible_stereochemistry_review,0.8104913234710693,,0.8105,5.4512,-8.676528930662286e-06,,0.9370689392089844,,scored_both,partial_or_no_metrics
4OOW,A:CAQ:601,eligible_stereochemistry_review,0.29653653502464294,24.422767639160156,0.2965,35.2427,3.653502464295855e-05,-10.819932360839843,0.9963592290878296,0.0,scored_both,scored_both
4ORU,A:PEU:201,eligible_exact_graph,,,8.5773,15.6108,,,,,partial_or_no_metrics,partial_or_no_metrics
4ORX,B:PEU:201,eligible_exact_graph,12.107666969299316,13.585339546203613,12.7876,13.6271,-0.679933030700683,-0.041760453796387154,0.11285240203142166,0.09910929948091507,scored_both,scored_both
4OTW,A:DB8:1101,eligible_stereochemistry_review,1.9182543754577637,3.1081340312957764,1.9183,3.1081,-4.5624542236222254e-05,3.403129577650432e-05,0.6419624090194702,0.46542802453041077,scored_both,scored_both
4OYA,A:1VE:501,eligible_stereochemistry_review,,,0.6827,5.2669,,,,,partial_or_no_metrics,partial_or_no_metrics
4OYB,A:1VJ:502,eligible_stereochemistry_review,,,0.3193,3.5114,,,,,partial_or_no_metrics,partial_or_no_metrics
4OYI,A:1VK:501,eligible_stereochemistry_review,,,0.2657,2.4871,,,,,partial_or_no_metrics,partial_or_no_metrics
4OYM,A:1ZC:501,eligible_stereochemistry_review,,,0.5971,3.2661,,,,,partial_or_no_metrics,partial_or_no_metrics
4OYS,A:1TT:905,eligible_stereochemistry_review,2.0596749782562256,2.0836942195892334,2.0597,2.0837,-2.502174377427835e-05,-5.780410766487165e-06,0.6998094320297241,0.6765645146369934,scored_both,scored_both
4OZ2,A:1Z6:501,eligible_exact_graph,0.4537312090396881,4.311932563781738,0.4537,4.3119,3.120903968811817e-05,3.256378173865926e-05,0.9821958541870117,0.3186758756637573,scored_both,scored_both
4OZ3,A:1Z8:501,eligible_exact_graph,,,0.4264,5.8798,,,,,partial_or_no_metrics,partial_or_no_metrics
4OZJ,A:ADP:201,eligible_stereochemistry_review,2.301694393157959,9.242599487304688,2.3017,9.2426,-5.606842040872806e-06,-5.126953119827249e-07,0.659866452217102,0.1216171607375145,scored_both,scored_both
4OZL,A:AMP:201,eligible_stereochemistry_review,1.7353074550628662,7.038506507873535,1.7353,7.0385,7.455062866146278e-06,6.507873535177566e-06,0.7807262539863586,0.287193238735199,scored_both,scored_both
4P0V,A:1WO:402,eligible_stereochemistry_review,0.8824138045310974,6.0329060554504395,0.8824,6.0329,1.3804531097449946e-05,6.055450439745869e-06,0.9411357045173645,0.2672897279262543,scored_both,scored_both
4P0W,A:1XH:500,eligible_stereochemistry_review,2.0490946769714355,4.565782070159912,2.0491,4.5658,-5.323028564596655e-06,-1.7929840088193316e-05,0.6727527976036072,0.3635084331035614,scored_both,scored_both
4P10,A:2B8:501,eligible_stereochemistry_review,2.0869076251983643,,2.0869,4.7148,7.62519836428055e-06,,0.7189516425132751,,scored_both,partial_or_no_metrics
4P45,A:2F9:822,eligible_stereochemistry_review,3.3117260932922363,3.7115211486816406,3.3117,3.7115,2.6093292236240018e-05,2.1148681640603684e-05,0.7360764741897583,0.4632892906665802,scored_both,scored_both
4P4D,A:2GR:820,eligible_stereochemistry_review,0.8177282214164734,2.347979784011841,0.8177,2.348,2.8221416473406258e-05,-2.0215988159044684e-05,0.898329496383667,0.6706660389900208,scored_both,scored_both
4P4E,A:2G4:822,eligible_stereochemistry_review,2.451204299926758,2.5903236865997314,2.4512,2.5903,4.299926757767025e-06,2.3686599731398417e-05,0.7018442749977112,0.5700183510780334,scored_both,scored_both
4P4J,A:2H9:818,eligible_stereochemistry_review,0.932848334312439,2.3545236587524414,0.9328,2.3545,4.8334312439002325e-05,2.365875244159099e-05,0.9429976940155029,0.6109022498130798,scored_both,scored_both
4P4T,A:GDP:701,eligible_stereochemistry_review,1.0395575761795044,7.916221618652344,1.0396,7.9162,-4.242382049568505e-05,2.1618652343846634e-05,0.9144431352615356,0.24878837168216705,scored_both,scored_both
4P58,A:2F6:301,eligible_exact_graph,0.1296195238828659,3.3270599842071533,0.1296,3.3271,1.952388286591278e-05,-4.0015792846848086e-05,1.0,0.5323795080184937,scored_both,scored_both
4P6W,A:MOF:801,eligible_stereochemistry_review,1.6383291482925415,2.6518824100494385,1.6383,2.6519,2.9148292541414378e-05,-1.758995056144741e-05,0.7541102766990662,0.5730268359184265,scored_both,scored_both
4PAX,A:NU1:1,eligible_exact_graph,0.1630515605211258,2.19987154006958,0.163,2.1999,5.156052112578746e-05,-2.845993041988848e-05,1.0,0.6414473652839661,scored_both,scored_both
4PB1,A:RBV:501,eligible_stereochemistry_review,1.2821862697601318,7.827938079833984,1.2822,7.8279,-1.3730239868170457e-05,3.80798339847388e-05,0.8228744864463806,0.21624472737312317,scored_both,scored_both
4PB2,A:5UD:501,eligible_stereochemistry_review,1.0845445394515991,4.167205333709717,1.0845,4.1672,4.4539451599101554e-05,5.333709716559554e-06,0.8567864298820496,0.3815789520740509,scored_both,scored_both
4PCE,A:2N0:302,eligible_exact_graph,0.35754063725471497,3.224029302597046,0.3575,3.224,4.0637254714981363e-05,2.9302597045699486e-05,0.9819999933242798,0.45018115639686584,scored_both,scored_both
4PCI,A:2NJ:201,eligible_stereochemistry_review,0.8790360689163208,2.2661406993865967,0.879,2.2661,3.606891632079723e-05,4.0699386596898535e-05,0.8585608005523682,0.667977511882782,scored_both,scored_both
4PD5,A:GEO:501,eligible_exact_graph,1.0964925289154053,6.47861909866333,1.0965,6.4786,-7.4710845947567606e-06,1.90986633299417e-05,0.8635902404785156,0.23744292557239532,scored_both,scored_both
4PD6,A:URI:501,eligible_stereochemistry_review,0.9916166067123413,4.477839946746826,0.9916,4.4778,1.6606712341271646e-05,3.9946746825947343e-05,0.8887130618095398,0.3731454014778137,scored_both,scored_both
4PD7,A:ZE8:501,eligible_stereochemistry_review,0.9955729246139526,4.3563432693481445,0.9956,4.3563,-2.7075386047403782e-05,4.326934814447014e-05,0.884782612323761,0.3692660629749298,scored_both,scored_both
4PD8,A:P0C:501,eligible_stereochemistry_review,1.2679980993270874,3.3582684993743896,1.268,3.3583,-1.9006729126136435e-06,-3.15006256101924e-05,0.8086472749710083,0.45395588874816895,scored_both,scored_both
4PDA,A:CTN:501,eligible_stereochemistry_review,1.0492141246795654,4.410113334655762,1.0492,4.4101,1.4124679565519216e-05,1.33346557618097e-05,0.8628364205360413,0.3519061505794525,scored_both,scored_both
4PH4,B:2UG:902,eligible_stereochemistry_review,0.8860450983047485,2.1479909420013428,0.886,2.148,4.5098304748525386e-05,-9.057998657358013e-06,0.8913872241973877,0.6574074029922485,scored_both,scored_both
4PHU,A:2YB:2401,eligible_stereochemistry_review,1.094411849975586,8.6163969039917,1.0944,8.6164,1.1849975585898065e-05,-3.0960083012843143e-06,0.9110915660858154,0.15950685739517212,scored_both,scored_both
4PID,A:2UQ:302,eligible_exact_graph,0.48097464442253113,7.90526008605957,0.481,7.9053,-2.5355577468855195e-05,-3.9913940430125194e-05,0.9743055701255798,0.172607883810997,scored_both,scored_both
4PIQ,A:3FS:301,eligible_stereochemistry_review,0.7724485397338867,,0.7724,6.7572,4.8539733886743264e-05,,0.9259694218635559,,scored_both,partial_or_no_metrics
4PKR,A:2ZL:801,eligible_stereochemistry_review,0.657503068447113,5.60103178024292,0.6575,5.601,3.0684471130637547e-06,3.178024291994319e-05,0.9435725212097168,0.3183349370956421,scored_both,scored_both
4PKS,A:30H:802,eligible_stereochemistry_review,1.091403603553772,4.009325981140137,1.0914,4.0093,3.603553772046908e-06,2.5981140137076864e-05,0.8989999890327454,0.40303176641464233,scored_both,scored_both
4PMM,A:31V:801,eligible_stereochemistry_review,0.7605898380279541,12.881546020507812,0.7606,12.8815,-1.0161972045952261e-05,4.602050781166156e-05,0.9230009913444519,0.14319175481796265,scored_both,scored_both
4PNC,A:7NP:301,eligible_exact_graph,0.5266931056976318,3.8697545528411865,0.5267,3.8698,-6.894302368110061e-06,-4.544715881360517e-05,0.9740802645683289,0.4377470314502716,scored_both,scored_both
4PNI,A:KQQ:601,eligible_stereochemistry_review,0.6844618916511536,3.6173856258392334,0.6845,3.6174,-3.810834884643288e-05,-1.4374160766550403e-05,0.9405913949012756,0.4971705675125122,scored_both,scored_both
4POH,A:2VR:501,eligible_stereochemistry_review,0.8200154900550842,1.7080581188201904,0.82,1.7081,1.5490055084277365e-05,-4.1881179809521996e-05,0.9221901893615723,0.71875,scored_both,scored_both
4PP5,A:2W0:500,eligible_stereochemistry_review,0.5767653584480286,1.3442447185516357,0.5768,1.3442,-3.464155197141494e-05,4.4718551635680726e-05,0.9570086598396301,0.7737341523170471,scored_both,scored_both
4PQA,A:X8Z:401,eligible_stereochemistry_review,2.3439719676971436,5.0654683113098145,2.344,5.0655,-2.8032302856306757e-05,-3.168869018566056e-05,0.6824712753295898,0.3378514051437378,scored_both,scored_both
4PQN,A:2W6:701,eligible_exact_graph,0.7134469747543335,1.3726056814193726,0.7134,1.3726,4.697475433346199e-05,5.6814193725163165e-06,0.9457259178161621,0.809108555316925,scored_both,scored_both
4PSB,A:GA3:201,eligible_stereochemistry_review,1.9484511613845825,2.0470316410064697,1.9485,2.047,-4.8838615417379216e-05,3.1641006469573796e-05,0.6693548560142517,0.6220527291297913,scored_both,scored_both
4PV5,A:CBW:202,eligible_stereochemistry_review,1.8468170166015625,5.28183650970459,1.8468,5.2818,1.7016601562502842e-05,3.650970459023739e-05,0.6866739988327026,0.38562092185020447,scored_both,scored_both
4PVO,A:SVB:404,eligible_stereochemistry_review,3.5853054523468018,6.15740966796875,15.0309,6.1574,-11.445594547653199,9.667968750015632e-06,0.4308072626590729,0.24665676057338715,scored_both,scored_both
4PX6,A:2X6:701,eligible_stereochemistry_review,0.7449144721031189,5.883296012878418,0.7449,5.8833,1.4472103118889912e-05,-3.98712158222736e-06,0.9325293302536011,0.30716079473495483,scored_both,scored_both
4PY1,A:2YK:1201,eligible_stereochemistry_review,3.8391897678375244,1.8875470161437988,3.8392,1.8875,-1.0232162475531936e-05,4.7016143798872534e-05,0.5285326242446899,0.733912467956543,scored_both,scored_both
4PYX,A:V90:304,eligible_stereochemistry_review,2.0490286350250244,5.054960250854492,2.049,5.055,2.8635025024481564e-05,-3.974914550752828e-05,0.7141566276550293,0.35588234663009644,scored_both,scored_both
4PYY,A:V14:302,eligible_stereochemistry_review,1.7037817239761353,2.7448525428771973,1.7038,2.7449,-1.8276023864727264e-05,-4.7457122802629925e-05,0.777057945728302,0.5786788463592529,scored_both,scored_both
4PZH,A:V13:305,eligible_exact_graph,2.051421880722046,2.526416778564453,2.0514,2.5264,2.1880722045786172e-05,1.6778564452923916e-05,0.7368651628494263,0.6038647294044495,scored_both,scored_both
4Q06,A:V90:304,eligible_exact_graph,0.6142603754997253,2.4770474433898926,0.6143,2.477,-3.962450027461539e-05,4.7443389892709575e-05,0.9609872698783875,0.5618780851364136,scored_both,scored_both
4Q07,A:V14:303,eligible_exact_graph,0.4100484848022461,2.210955858230591,0.41,2.211,4.8484802246118175e-05,-4.4141769409034026e-05,0.9766462445259094,0.6113772392272949,scored_both,scored_both
4Q08,A:V90:305,eligible_stereochemistry_review,,5.425477981567383,1.1991,5.4255,,-2.201843261762093e-05,,0.37955665588378906,partial_or_no_metrics,scored_both
4Q09,A:V14:302,eligible_exact_graph,1.098179578781128,2.2347517013549805,1.0982,2.2348,-2.0421218872135327e-05,-4.829864501942893e-05,0.9004629850387573,0.6589709520339966,scored_both,scored_both
4Q0K,A:GA3:201,eligible_stereochemistry_review,1.4027690887451172,2.9902985095977783,1.4028,2.9903,-3.0911254882859396e-05,-1.4904022216377655e-06,0.775928795337677,0.5067135691642761,scored_both,scored_both
4Q4E,A:BB2:902,eligible_stereochemistry_review,4.198511600494385,5.985951900482178,4.1985,5.986,1.1600494384644833e-05,-4.8099517822031146e-05,0.5914419889450073,0.3279593586921692,scored_both,scored_both
4Q4O,A:2YM:406,eligible_stereochemistry_review,0.9512244462966919,3.1306211948394775,0.9512,3.1306,2.4446296691849057e-05,2.1194839477711724e-05,0.8534964919090271,0.5581257343292236,scored_both,scored_both
4Q4P,A:2YO:405,eligible_stereochemistry_review,0.3428947627544403,3.1971328258514404,0.3429,3.1971,-5.2372455596749745e-06,3.28258514405988e-05,0.9934554696083069,0.46828609704971313,scored_both,scored_both
4Q4Q,A:SAQ:406,eligible_stereochemistry_review,0.4319922626018524,3.337655544281006,0.432,3.3377,-7.737398147578123e-06,-4.445571899402978e-05,0.9923518300056458,0.49084508419036865,scored_both,scored_both
4Q4R,A:SQO:405,eligible_stereochemistry_review,0.47028636932373047,3.1114683151245117,0.4703,3.1115,-1.3630676269527076e-05,-3.168487548821375e-05,0.9816513657569885,0.5470296740531921,scored_both,scored_both
4Q6D,A:WW3:304,eligible_exact_graph,0.4761640727519989,1.2474098205566406,0.4762,1.2474,-3.59272480011108e-05,9.820556640560696e-06,0.9847931861877441,0.8033769130706787,scored_both,scored_both
4Q7P,A:3MH:302,eligible_exact_graph,0.25351861119270325,2.640700340270996,0.2535,2.6407,1.861119270324396e-05,3.402709962685435e-07,1.0,0.5614144206047058,scored_both,scored_both
4Q7S,A:2YU:302,eligible_exact_graph,0.18125826120376587,1.5990498065948486,0.1813,1.599,-4.17387962341198e-05,4.9806594848655905e-05,1.0,0.7459677457809448,scored_both,scored_both
4Q7V,A:5MH:302,eligible_exact_graph,0.1604786366224289,1.1706987619400024,0.1605,1.1707,-2.1363377571109732e-05,-1.2380599976324902e-06,1.0,0.8032258152961731,scored_both,scored_both
4Q7W,A:6MH:302,eligible_exact_graph,0.26770123839378357,0.47280704975128174,0.2677,0.4728,1.2383937835758196e-06,7.049751281740235e-06,1.0,0.9493007063865662,scored_both,scored_both
4Q81,A:7MH:303,eligible_stereochemistry_review,0.36534836888313293,2.625107526779175,0.3653,2.6251,4.836888313292098e-05,7.526779174593656e-06,0.980240523815155,0.5826972126960754,scored_both,scored_both
4Q83,A:3FH:302,eligible_exact_graph,0.18530888855457306,2.7351441383361816,0.1853,2.7351,8.888554573066587e-06,4.413833618155394e-05,1.0,0.6095183491706848,scored_both,scored_both
4Q87,A:4FH:303,eligible_exact_graph,0.16883262991905212,1.132602572441101,0.1688,1.1326,3.262991905211843e-05,2.5724411010230597e-06,1.0,0.8397436141967773,scored_both,scored_both
4Q8X,A:7FH:304,eligible_exact_graph,1.1187551021575928,0.9173567891120911,1.1188,0.9174,-4.489784240724326e-05,-4.32108879089288e-05,0.8278443217277527,0.8646496534347534,scored_both,scored_both
4Q8Y,A:HQT:303,eligible_exact_graph,0.18631845712661743,2.2020819187164307,0.1863,2.2021,1.8457126617438258e-05,-1.8081283569504336e-05,1.0,0.6875,scored_both,scored_both
4Q90,A:4H2:302,eligible_exact_graph,0.14517062902450562,1.0844237804412842,0.1452,1.0844,-2.9370975494380502e-05,2.3780441284149134e-05,1.0,0.817460298538208,scored_both,scored_both
4Q93,A:STL:401,eligible_stereochemistry_review,0.6258358955383301,8.310233116149902,0.6258,8.3102,3.589553833005521e-05,3.3116149902312486e-05,0.9514462947845459,0.13199999928474426,scored_both,scored_both
4Q99,A:HT4:302,eligible_exact_graph,0.14510609209537506,2.6736178398132324,0.1451,2.6736,6.092095375054285e-06,1.7839813232445323e-05,1.0,0.6178082227706909,scored_both,scored_both
4Q9S,A:30G:701,eligible_stereochemistry_review,,,0.5373,1.1856,,,,,partial_or_no_metrics,partial_or_no_metrics
4Q9Y,A:M3T:302,eligible_stereochemistry_review,0.3210621178150177,2.678525447845459,0.3211,2.6785,-3.788218498229634e-05,2.5447845458881346e-05,1.0,0.619528591632843,scored_both,scored_both
4QB3,A:30M:201,eligible_exact_graph,0.24912665784358978,4.194250106811523,0.2491,4.1943,2.6657843589794616e-05,-4.9893188476701766e-05,1.0,0.42795389890670776,scored_both,scored_both
4QEM,A:HC4:202,eligible_stereochemistry_review,0.41386333107948303,5.412642955780029,0.4139,5.4126,-3.6668920516957915e-05,4.2955780028997026e-05,0.9768258333206177,0.3367537260055542,scored_both,scored_both
4QER,A:STL:202,eligible_stereochemistry_review,0.665271520614624,5.453394412994385,0.6653,5.4534,-2.847938537597905e-05,-5.587005615481644e-06,0.9407484531402588,0.35385197401046753,scored_both,scored_both
4QF8,A:SPD:201,eligible_exact_graph,0.92583829164505,5.064028739929199,0.9258,5.064,3.8291645050092527e-05,2.8739929199161907e-05,0.9190751314163208,0.3347732126712799,scored_both,scored_both
4QFG,C:AMP:401,eligible_stereochemistry_review,0.9519343376159668,,0.9519,70.8877,3.4337615966828494e-05,,0.9077328443527222,0.0,scored_both,partial_or_no_metrics
4QFS,A:32H:602,eligible_exact_graph,17.210468292236328,4.833805084228516,17.2105,4.8338,-3.170776367156236e-05,5.084228515528366e-06,0.0015120967291295528,0.3336898386478424,scored_both,scored_both
4QGD,A:PZZ:201,eligible_stereochemistry_review,0.8707382678985596,,0.8707,3.1965,3.8267898559540825e-05,,0.9060364365577698,,scored_both,partial_or_no_metrics
4QGI,A:ROC:101,eligible_stereochemistry_review,,,1.3604,6.9617,,,,,partial_or_no_metrics,partial_or_no_metrics
4QHC,A:33V:401,eligible_stereochemistry_review,,,2.1321,4.8278,,,,,partial_or_no_metrics,partial_or_no_metrics
4QIR,A:379:901,eligible_stereochemistry_review,,,1.2667,3.941,,,,,partial_or_no_metrics,partial_or_no_metrics
4QJM,A:V1F:302,eligible_stereochemistry_review,5.055278301239014,3.524916648864746,5.0553,3.5249,-2.1698760986232912e-05,1.664886474594951e-05,0.38577982783317566,0.49679192900657654,scored_both,scored_both
4QJR,A:PIZ:501,eligible_stereochemistry_review,3.2105119228363037,,3.2105,8.6261,1.1922836303579487e-05,,0.5272494554519653,,scored_both,partial_or_no_metrics
4QJX,A:WWO:304,eligible_exact_graph,1.800047516822815,1.7126972675323486,1.8,1.7127,4.7516822814897e-05,-2.732467651256343e-06,0.7811203598976135,0.7042763233184814,scored_both,scored_both
4QK4,A:PIK:501,eligible_stereochemistry_review,,,3.4774,7.898,,,,,partial_or_no_metrics,partial_or_no_metrics
4QKX,A:35V:1403,eligible_stereochemistry_review,2.1200551986694336,19.85146141052246,2.1201,19.8515,-4.4801330566279773e-05,-3.858947754054043e-05,0.7171491980552673,0.0,scored_both,scored_both
4QL8,A:JAD:1001,eligible_stereochemistry_review,0.7865283489227295,1.2824937105178833,0.7865,1.2825,2.834892272951528e-05,-6.289482116672573e-06,0.8936949968338013,0.798275887966156,scored_both,scored_both
4QME,A:37B:901,eligible_exact_graph,,,0.8355,3.3626,,,,,partial_or_no_metrics,partial_or_no_metrics
4QMM,A:35R:401,eligible_stereochemistry_review,1.3460001945495605,2.108504295349121,1.346,2.1085,1.9454956046160987e-07,4.295349121274938e-06,0.8603047728538513,0.7537568211555481,scored_both,scored_both
4QMN,A:DB8:401,eligible_stereochemistry_review,1.0823163986206055,3.9898183345794678,1.0823,3.9898,1.639862060542896e-05,1.8334579467982337e-05,0.8682119250297546,0.35128694772720337,scored_both,scored_both
4QMQ,A:34U:401,eligible_exact_graph,0.9377313852310181,1.503332495689392,0.9377,1.5033,3.138523101808843e-05,3.24956893920092e-05,0.9059171676635742,0.8039215803146362,scored_both,scored_both
4QMS,A:1N1:401,eligible_stereochemistry_review,1.887336254119873,,1.8873,2.5938,3.625411987306926e-05,,0.7048938870429993,,scored_both,partial_or_no_metrics
4QMX,A:H8H:401,eligible_stereochemistry_review,1.2768011093139648,3.0721471309661865,1.2768,3.0721,1.1093139649087647e-06,4.713096618669255e-05,0.8377028703689575,0.4638223648071289,scored_both,scored_both
4QMZ,A:B49:401,eligible_exact_graph,1.5033948421478271,2.6027097702026367,1.5034,2.6027,-5.157852172921196e-06,9.77020263670525e-06,0.8931518197059631,0.6396627426147461,scored_both,scored_both
4QNB,A:1B0:301,eligible_stereochemistry_review,,,2.0435,7.3583,,,,,partial_or_no_metrics,partial_or_no_metrics
4QO4,A:35S:201,eligible_stereochemistry_review,2.7827396392822266,6.240233898162842,2.7827,6.2402,3.963928222638913e-05,3.389816284204983e-05,0.5259179472923279,0.2350310981273651,scored_both,scored_both
4QQ5,A:37O:801,eligible_stereochemistry_review,0.9044535160064697,1.8022948503494263,0.9045,1.8023,-4.648399353024413e-05,-5.149650573743614e-06,0.8595022559165955,0.724595844745636,scored_both,scored_both
4QQC,A:37O:801,eligible_stereochemistry_review,1.2435048818588257,3.275285005569458,1.2435,3.2753,4.881858825633856e-06,-1.4994430542092374e-05,0.8383771777153015,0.476150780916214,scored_both,scored_both
4QR3,A:BNJ:201,eligible_stereochemistry_review,3.0416972637176514,,3.0417,4.0046,-2.7362823487031562e-06,,0.7017353773117065,,scored_both,partial_or_no_metrics
4QR4,A:BNK:201,eligible_stereochemistry_review,3.131211280822754,3.5831451416015625,3.1312,3.5831,1.1280822753700903e-05,4.514160156254832e-05,0.6410526037216187,0.4231770932674408,scored_both,scored_both
4QR5,A:BNM:201,eligible_exact_graph,0.56887286901474,,0.5689,1.9658,-2.713098525997104e-05,,0.9710424542427063,,scored_both,partial_or_no_metrics
4QRC,A:0LI:802,eligible_stereochemistry_review,0.838151752948761,8.339943885803223,0.8382,8.3399,-4.824705123895878e-05,4.38858032225653e-05,0.9210628271102905,0.21925565600395203,scored_both,scored_both
4QSU,A:TDR:1210,eligible_stereochemistry_review,0.3706636428833008,1.2550889253616333,0.3707,1.2551,-3.6357116699192726e-05,-1.1074638366803669e-05,0.980861246585846,0.7691489458084106,scored_both,scored_both
4QSV,A:THM:1210,eligible_stereochemistry_review,1.219557285308838,3.3220365047454834,1.2196,3.322,-4.271469116212678e-05,3.650474548333449e-05,0.8512396812438965,0.5566037893295288,scored_both,scored_both
4QSW,A:38T:1207,eligible_stereochemistry_review,,1.667527675628662,1.6073,1.6675,,2.767562866212714e-05,,0.7015765905380249,partial_or_no_metrics,scored_both
4QSX,A:38S:1207,eligible_stereochemistry_review,0.9601094126701355,1.946473240852356,0.9601,1.9465,9.412670135544587e-06,-2.675914764393994e-05,0.9090909361839294,0.7307692170143127,scored_both,scored_both
4QT2,A:RAP:202,eligible_exact_graph,3.4446849822998047,8.245194435119629,3.4447,8.2452,-1.5017700195407713e-05,-5.564880371622394e-06,0.5486363768577576,0.2246192842721939,scored_both,scored_both
4QTL,A:WWO:304,eligible_stereochemistry_review,3.200702428817749,1.5741440057754517,3.2007,1.5741,2.4288177491449403e-06,4.4005775451605444e-05,0.6608204245567322,0.7445231676101685,scored_both,scored_both
4QZS,A:JQ1:201,eligible_stereochemistry_review,1.618970274925232,3.957583427429199,1.6121,3.7116,0.006870274925231845,0.24598342742919943,0.739533007144928,0.46057456731796265,scored_both,scored_both
4R06,A:3E7:501,eligible_stereochemistry_review,1.096589207649231,17.79449462890625,1.0966,25.386,-1.0792350769062153e-05,-7.591505371093749,0.8177965879440308,0.00372417108155787,scored_both,scored_both
4R0A,A:URI:901,eligible_stereochemistry_review,0.8955956101417542,23.031208038330078,0.8956,23.0312,-4.3898582458012925e-06,8.038330079784828e-06,0.902046799659729,0.0,scored_both,scored_both
4R1Y,A:3EH:1401,eligible_stereochemistry_review,1.183886170387268,,1.1839,3.5972,-1.3829612731885987e-05,,0.8823845386505127,,scored_both,partial_or_no_metrics
4R3B,A:3GE:302,eligible_stereochemistry_review,5.505300521850586,4.602529048919678,5.5053,4.6025,5.21850585855077e-07,2.9048919677698848e-05,0.4084070920944214,0.4423743486404419,scored_both,scored_both
4R4Q,A:3HZ:201,eligible_exact_graph,,,0.6471,2.0916,,,,,partial_or_no_metrics,partial_or_no_metrics
4R4T,A:3J0:201,eligible_stereochemistry_review,0.8027107119560242,2.527740478515625,0.8027,2.5277,1.071195602420083e-05,4.0478515625164135e-05,0.9202380776405334,0.6080990433692932,scored_both,scored_both
4R59,A:3J3:302,eligible_stereochemistry_review,2.568986654281616,3.0755133628845215,2.569,3.0755,-1.3345718383739325e-05,1.3362884521583851e-05,0.7570621371269226,0.5271551609039307,scored_both,scored_both
4R5A,A:3J4:303,eligible_stereochemistry_review,5.426387786865234,3.113983392715454,5.4264,3.114,-1.2213134765737266e-05,-1.6607284545777645e-05,0.45805811882019043,0.5739285945892334,scored_both,scored_both
4R5B,A:3J4:303,eligible_stereochemistry_review,3.45629620552063,3.036607265472412,3.4563,3.0366,-3.794479370267112e-06,7.265472412143481e-06,0.625,0.5406976938247681,scored_both,scored_both
4R5X,A:R5X:1107,eligible_stereochemistry_review,1.571271538734436,6.980790615081787,1.5713,6.9808,-2.8461265563883842e-05,-9.384918213228843e-06,0.8156911730766296,0.3230472505092621,scored_both,scored_both
4R6V,A:FI3:801,eligible_stereochemistry_review,0.9372537136077881,2.3814408779144287,0.9373,2.3814,-4.628639221193609e-05,4.087791442852762e-05,0.9156548380851746,0.6236402988433838,scored_both,scored_both
4R75,A:S7P:401,eligible_stereochemistry_review,1.0878733396530151,,1.0879,3.1334,-2.6660346984952454e-05,,0.8797070980072021,,scored_both,partial_or_no_metrics
4RCE,A:3LN:501,eligible_stereochemistry_review,0.6301680207252502,,0.6302,4.2773,-3.1979274749738273e-05,,0.9523161053657532,,scored_both,partial_or_no_metrics
4RCG,A:GDP:701,eligible_stereochemistry_review,1.309890866279602,5.865547180175781,1.3099,5.8655,-9.133720398013523e-06,4.718017578131395e-05,0.8102648854255676,0.25667476654052734,scored_both,scored_both
4RD6,A:GDP:501,eligible_stereochemistry_review,1.0978515148162842,4.929013729095459,1.0979,4.929,-4.848518371591837e-05,1.3729095458714369e-05,0.8849306702613831,0.3073738217353821,scored_both,scored_both
4RE2,A:MVL:501,eligible_stereochemistry_review,1.3430970907211304,0.8892990946769714,1.3431,0.8893,-2.909278869589471e-06,-9.053230285438474e-07,0.810251772403717,0.8735902309417725,scored_both,scored_both
4RE3,A:GIM:507,eligible_stereochemistry_review,0.6781576871871948,0.8047329783439636,0.6782,0.8047,-4.231281280520083e-05,3.297834396365218e-05,0.9383494853973389,0.9118497371673584,scored_both,scored_both
4RE4,A:IFM:501,eligible_stereochemistry_review,0.5347749590873718,1.1835322380065918,0.5348,1.1835,-2.504091262822694e-05,3.223800659180043e-05,0.9709762334823608,0.8161407709121704,scored_both,scored_both
4RFM,A:3P6:701,eligible_stereochemistry_review,1.323713779449463,2.244591236114502,1.3237,2.2446,1.377944946279186e-05,-8.76388549819751e-06,0.8855005502700806,0.6726584434509277,scored_both,scored_both
4RG0,A:3P0:701,eligible_stereochemistry_review,1.4689280986785889,1.1375776529312134,1.4689,1.1376,2.8098678588772685e-05,-2.234706878656567e-05,0.7749793529510498,0.8967538475990295,scored_both,scored_both
4RGD,A:CIT:501,eligible_exact_graph,1.5860899686813354,3.1819701194763184,1.5861,3.182,-1.0031318664616151e-05,-2.988052368158023e-05,0.8022598624229431,0.4815705120563507,scored_both,scored_both
4RIO,A:3QX:4000,eligible_exact_graph,0.6688780188560486,0.8228433132171631,0.6689,0.8228,-2.198114395146611e-05,4.3313217163110096e-05,0.9577603340148926,0.9053537249565125,scored_both,scored_both
4RIU,A:3QR:305,eligible_stereochemistry_review,3.9500300884246826,4.4165873527526855,3.95,4.4166,3.0088424682439552e-05,-1.2647247314312438e-05,0.7230215668678284,0.4677002727985382,scored_both,scored_both
4RJ3,A:3QS:302,eligible_stereochemistry_review,0.6235710382461548,2.750405788421631,0.6236,2.7504,-2.896175384525801e-05,5.788421630903429e-06,0.9062913656234741,0.5851337313652039,scored_both,scored_both
4RJ8,A:3QS:1102,eligible_stereochemistry_review,6.229440689086914,6.132901191711426,6.2294,6.1329,4.068908691401418e-05,1.1917114255410866e-06,0.32295817136764526,0.28200775384902954,scored_both,scored_both
4RKX,A:3S9:502,eligible_stereochemistry_review,0.5943834185600281,5.17270565032959,0.5944,5.1727,-1.6581439971963263e-05,5.650329589990122e-06,0.9558139443397522,0.35975611209869385,scored_both,scored_both
4RLK,A:E91:406,eligible_stereochemistry_review,0.5735589265823364,2.7593579292297363,0.5736,2.7594,-4.1073417663572975e-05,-4.207077026352479e-05,0.953125,0.6357837319374084,scored_both,scored_both
4RLT,A:FSE:201,eligible_stereochemistry_review,1.5710294246673584,7.479968070983887,1.571,7.48,2.94246673584464e-05,-3.1929016113707576e-05,0.8322740197181702,0.24707601964473724,scored_both,scored_both
4RLU,A:HCC:201,eligible_stereochemistry_review,0.617435097694397,4.777206897735596,0.6174,4.7772,3.5097694397023815e-05,6.897735596034238e-06,0.9311352372169495,0.37919461727142334,scored_both,scored_both
4RLW,A:BUN:201,eligible_stereochemistry_review,1.6902005672454834,6.656074047088623,1.6902,6.6561,5.67245483473755e-07,-2.5952911377302712e-05,0.7591911554336548,0.22078543901443481,scored_both,scored_both
4RN4,A:3T7:303,eligible_stereochemistry_review,1.564972996711731,5.716047286987305,1.565,5.716,-2.7003288268989678e-05,4.7286987304495653e-05,0.8502824902534485,0.37547528743743896,scored_both,scored_both
4RPV,A:3UR:401,eligible_stereochemistry_review,5.855540752410889,6.138573169708252,5.8555,6.1386,4.075241088852266e-05,-2.6830291748325408e-05,0.3156818151473999,0.2810077667236328,scored_both,scored_both
4RQK,A:R1S:404,eligible_stereochemistry_review,18.269775390625,5.3501296043396,18.2698,5.3501,-2.460937500003979e-05,2.9604339599309526e-05,0.0002585315378382802,0.2759022116661072,scored_both,scored_both
4RR6,A:A3S:500,eligible_stereochemistry_review,,4.534066677093506,1.5916,4.5341,,-3.332290649371572e-05,,0.34705159068107605,partial_or_no_metrics,scored_both
4RS0,A:IBP:706,eligible_stereochemistry_review,0.4310143291950226,8.558205604553223,0.431,8.5582,1.4329195022588781e-05,5.604553223292896e-06,0.9656750559806824,0.23798076808452606,scored_both,scored_both
4RSK,A:U3P:125,eligible_stereochemistry_review,1.356672763824463,3.1174862384796143,1.3567,3.1175,-2.7236175537126428e-05,-1.376152038590206e-05,0.7679533362388611,0.49835795164108276,scored_both,scored_both
4RUU,A:RET:201,eligible_exact_graph,1.696458101272583,12.587325096130371,1.6965,12.5873,-4.189872741688916e-05,2.5096130370272363e-05,0.7316849827766418,0.07601626217365265,scored_both,scored_both
4RVR,A:3WQ:2001,eligible_stereochemistry_review,1.9167135953903198,5.493242263793945,1.9167,5.4932,1.3595390319753875e-05,4.2263793945451766e-05,0.7451076507568359,0.33375635743141174,scored_both,scored_both
4RVT,A:3XM:401,eligible_stereochemistry_review,0.5642116665840149,1.7102842330932617,0.5642,1.7103,1.1666584014857762e-05,-1.5766906738212683e-05,0.9624999761581421,0.6967435479164124,scored_both,scored_both
4RWL,B:3ZC:801,eligible_exact_graph,0.5805460810661316,,0.5805,30.2999,4.608106613157581e-05,,0.9582338929176331,,scored_both,partial_or_no_metrics
4RX5,A:3YO:706,eligible_stereochemistry_review,,,0.8319,2.3098,,,,,partial_or_no_metrics,partial_or_no_metrics
4RYL,A:3ZG:601,eligible_exact_graph,0.4701264798641205,21.594682693481445,0.4701,21.5947,2.6479864120465546e-05,-1.7306518554249806e-05,0.992514967918396,0.0,scored_both,scored_both
4S3E,A:0CG:902,eligible_stereochemistry_review,37.73475646972656,41.393524169921875,37.7348,41.3935,-4.353027343739768e-05,2.4169921871930455e-05,0.0,0.0,scored_both,scored_both
4S3F,A:43W:902,eligible_exact_graph,41.392208099365234,,41.3922,5.4419,8.099365231828415e-06,,0.0,,scored_both,partial_or_no_metrics
4TIM,B:2PG:300,eligible_exact_graph,0.2684229910373688,1.6238411664962769,0.2684,1.6238,2.299103736874697e-05,4.116649627694535e-05,1.0,0.741631805896759,scored_both,scored_both
4TJZ,A:DKA:200,eligible_exact_graph,0.6611265540122986,1.78803551197052,0.6611,1.788,2.6554012298563023e-05,3.551197051998578e-05,0.9473684430122375,0.7122905254364014,scored_both,scored_both
4TKH,A:MYR:200,eligible_exact_graph,0.9969529509544373,3.18092942237854,0.997,3.1809,-4.7049045562741476e-05,2.9422378540200356e-05,0.8579545617103577,0.5141996741294861,scored_both,scored_both
4TKJ,A:PLM:201,eligible_exact_graph,0.8892541527748108,3.1091716289520264,0.8893,3.1092,-4.584722518918838e-05,-2.8371047973596575e-05,0.8732876777648926,0.4970282316207886,scored_both,scored_both
4TLN,A:LNO:322,eligible_stereochemistry_review,0.6185957789421082,,0.6186,2.8019,-4.221057891884428e-06,,0.9685583114624023,,scored_both,partial_or_no_metrics
4TLR,A:33H:601,eligible_stereochemistry_review,1.742709755897522,2.862595796585083,1.7427,2.8626,9.755897522056856e-06,-4.203414917025583e-06,0.818498432636261,0.5419235229492188,scored_both,scored_both
4TMK,A:T5A:214,eligible_stereochemistry_review,1.4675443172454834,3.2019026279449463,1.4675,3.2019,4.431724548337179e-05,2.627944946098637e-06,0.796655535697937,0.4522039294242859,scored_both,scored_both
4TN2,A:33J:900,eligible_stereochemistry_review,0.7003968358039856,4.26154088973999,0.7004,4.2615,-3.1641960144268566e-06,4.0889739990390694e-05,0.9028998017311096,0.4114583432674408,scored_both,scored_both
4TQN,A:UL4:1201,eligible_stereochemistry_review,0.7702006101608276,,0.7702,2.2877,6.10160827640982e-07,,0.9479798078536987,,scored_both,partial_or_no_metrics
4TTE,A:36Z:1204,eligible_stereochemistry_review,0.5094950199127197,2.8992838859558105,0.5095,2.8993,-4.980087280226364e-06,-1.6114044189663446e-05,0.9661246538162231,0.5416666865348816,scored_both,scored_both
4TU4,A:37N:1204,eligible_stereochemistry_review,0.35149505734443665,3.580674648284912,0.3515,3.5807,-4.94265556333362e-06,-2.535171508810663e-05,0.9959595799446106,0.44322457909584045,scored_both,scored_both
4TW7,A:37K:201,eligible_stereochemistry_review,1.8982805013656616,,1.8983,7.1122,-1.9498634338477316e-05,,0.7780748605728149,,scored_both,partial_or_no_metrics
4TXC,A:38G:301,eligible_stereochemistry_review,1.8463953733444214,,1.8464,2.364,-4.626655578654493e-06,,0.7465351819992065,,scored_both,partial_or_no_metrics
4TXE,A:38F:401,eligible_stereochemistry_review,1.122145414352417,6.832677364349365,1.1221,6.8327,4.541435241689484e-05,-2.2635650634761362e-05,0.8629842400550842,0.2651679217815399,scored_both,scored_both
4TYL,A:39O:1203,eligible_exact_graph,0.14362217485904694,1.7159647941589355,0.1436,1.716,2.2174859046930617e-05,-3.520584106442293e-05,1.0,0.7686335444450378,scored_both,scored_both
4TYT,A:S3C:303,eligible_stereochemistry_review,0.3735233247280121,3.5892932415008545,0.3735,3.5893,2.3324728012086293e-05,-6.7584991456648424e-06,0.9911764860153198,0.4949290156364441,scored_both,scored_both
4TZ2,A:39R:1205,eligible_stereochemistry_review,2.1229865550994873,7.1475348472595215,2.123,7.1475,-1.344490051291558e-05,3.48472595215199e-05,0.6591760516166687,0.2241501361131668,scored_both,scored_both
4TZ8,A:39U:1204,eligible_exact_graph,0.5652053356170654,2.6739819049835205,0.5652,2.674,5.335617065393983e-06,-1.8095016479424686e-05,0.9568965435028076,0.5664820075035095,scored_both,scored_both
4U0M,A:TLL:504,eligible_stereochemistry_review,,,1.3496,11.9158,,,,,partial_or_no_metrics,partial_or_no_metrics
4U1B,A:Q08:404,eligible_stereochemistry_review,0.5659557580947876,2.378687620162964,0.566,2.3787,-4.424190521234994e-05,-1.237983703594736e-05,0.9611368775367737,0.5653195381164551,scored_both,scored_both
4U44,A:3D9:403,eligible_stereochemistry_review,0.4935701787471771,8.208083152770996,0.4936,8.2081,-2.982125282285919e-05,-1.6847229003857933e-05,0.9682410359382629,0.12230215966701508,scored_both,scored_both
4U54,A:3C5:501,eligible_stereochemistry_review,0.47786790132522583,16.888261795043945,0.4779,16.8883,-3.2098674774161395e-05,-3.820495605566521e-05,0.9912587404251099,0.004407051485031843,scored_both,scored_both
4U69,A:Q07:404,eligible_stereochemistry_review,0.5412766933441162,2.3111042976379395,0.5413,2.3111,-2.3306655883792438e-05,4.297637939298937e-06,0.9517195820808411,0.6460674405097961,scored_both,scored_both
4U6E,A:Q02:403,eligible_stereochemistry_review,0.47382527589797974,2.3136088848114014,0.4738,2.3136,2.5275897979737394e-05,8.88481140126629e-06,0.9747058749198914,0.6438356041908264,scored_both,scored_both
4U6W,A:Q08:404,eligible_exact_graph,0.5201088786125183,2.8301963806152344,0.5201,2.8302,8.878612518303797e-06,-3.6193847656740274e-06,0.9643691778182983,0.6017110347747803,scored_both,scored_both
4U6Z,A:Q07:404,eligible_representation_review,0.8708938360214233,2.3289170265197754,0.8709,2.3289,-6.163978576667617e-06,1.7026519775420468e-05,0.9228231906890869,0.6551339030265808,scored_both,scored_both
4U70,A:Q04:403,eligible_exact_graph,0.6038414239883423,,0.6038,2.8949,4.142398834228178e-05,,0.95168536901474,,scored_both,partial_or_no_metrics
4U71,A:Q03:404,eligible_exact_graph,1.0186997652053833,2.551647186279297,1.0187,2.5516,-2.3479461663811207e-07,4.718627929678476e-05,0.8859338164329529,0.5939457416534424,scored_both,scored_both
4U73,A:Q02:404,eligible_representation_review,0.5789723992347717,2.744694471359253,0.579,2.7447,-2.7600765228230628e-05,-5.5286407469878895e-06,0.9582278728485107,0.5418288111686707,scored_both,scored_both
4U7V,B:3EN:101,eligible_stereochemistry_review,1.2894824743270874,,1.2895,8.191,-1.752567291268825e-05,,0.8057500123977661,,scored_both,partial_or_no_metrics
4U82,A:FPS:302,eligible_exact_graph,1.2814311981201172,4.4243011474609375,1.2814,4.4243,3.1198120117093e-05,1.1474609378225864e-06,0.8325387239456177,0.3602484464645386,scored_both,scored_both
4UCE,A:MZS:301,eligible_stereochemistry_review,,,2.9504,20.0436,,,,,partial_or_no_metrics,partial_or_no_metrics
4UCO,A:D41:1318,eligible_stereochemistry_review,0.8872061371803284,2.8773083686828613,0.8872,2.8773,6.137180328380509e-06,8.368682861359389e-06,0.9063962697982788,0.4823834300041199,scored_both,scored_both
4UCR,A:JCF:1319,eligible_exact_graph,0.2985948920249939,5.557693004608154,0.2986,5.5577,-5.107975006080068e-06,-6.99539184534359e-06,1.0,0.254046231508255,scored_both,scored_both
4UCS,A:9MJ:1319,eligible_exact_graph,0.28788068890571594,3.2048566341400146,0.2879,3.2049,-1.931109428404687e-05,-4.3365859985211586e-05,1.0,0.50126051902771,scored_both,scored_both
4UCT,A:5U1:1320,eligible_exact_graph,28.860666275024414,3.8055713176727295,28.8607,3.8056,-3.372497558729037e-05,-2.8682327270601604e-05,0.0,0.36037442088127136,scored_both,scored_both
4UCU,A:8HC:1319,eligible_stereochemistry_review,4.540591239929199,5.844641208648682,4.5406,5.8446,-8.760070801194786e-06,4.120864868184526e-05,0.492324560880661,0.22473996877670288,scored_both,scored_both
4UCV,A:I6G:1320,eligible_exact_graph,0.24408139288425446,4.569546222686768,0.2441,4.5695,-1.8607115745555847e-05,4.6222686767904975e-05,1.0,0.2924460470676422,scored_both,scored_both
4UDA,A:DEX:1985,eligible_stereochemistry_review,1.1702146530151367,2.3623063564300537,1.1702,2.3623,1.4653015136811831e-05,6.356430053866546e-06,0.8436768054962158,0.5953093767166138,scored_both,scored_both
4UDB,A:CV7:1987,eligible_stereochemistry_review,3.1968228816986084,1.3823744058609009,3.1968,1.3824,2.2881698608312462e-05,-2.559413909919428e-05,0.5504351258277893,0.7826887369155884,scored_both,scored_both
4UFH,A:GIF:1001,eligible_stereochemistry_review,0.6074396371841431,1.3169275522232056,0.6074,1.3169,3.9637184143015425e-05,2.7552223205606907e-05,0.9684343338012695,0.8474178314208984,scored_both,scored_both
4UFI,A:AGK:1001,eligible_exact_graph,0.69013911485672,1.2317850589752197,0.6901,1.2318,3.9114856719923985e-05,-1.4941024780279477e-05,0.9308642148971558,0.8547453880310059,scored_both,scored_both
4UFJ,A:IF7:1001,eligible_exact_graph,1.1620784997940063,1.3403749465942383,1.1621,1.3404,-2.150020599356317e-05,-2.5053405761754632e-05,0.8667035102844238,0.7878630757331848,scored_both,scored_both
4UFK,A:LDU:1001,eligible_stereochemistry_review,0.7439528703689575,1.3648250102996826,0.744,1.3648,-4.712963104247514e-05,2.5010299682604042e-05,0.9375,0.7862318754196167,scored_both,scored_both
4UFL,A:DZX:1001,eligible_stereochemistry_review,1.2966713905334473,1.1514346599578857,1.2967,1.1514,-2.8609466552698137e-05,3.465995788576315e-05,0.8653061389923096,0.816252589225769,scored_both,scored_both
4UFM,A:DGJ:1001,eligible_stereochemistry_review,0.9088230729103088,0.907099723815918,0.9088,0.9071,2.3072910308785666e-05,-2.761840820486583e-07,0.9041479825973511,0.873620331287384,scored_both,scored_both
4UIA,A:FH9:1313,eligible_stereochemistry_review,0.8390931487083435,4.4724907875061035,0.8391,4.4725,-6.851291656451153e-06,-9.212493896626484e-06,0.8994728922843933,0.37829911708831787,scored_both,scored_both
4UIB,A:GWX:1318,eligible_stereochemistry_review,4.6663055419921875,4.164917945861816,4.6663,4.1649,5.541992187829692e-06,1.7945861816137665e-05,0.516331672668457,0.378475159406662,scored_both,scored_both
4UIL,H:QI9:1223,eligible_stereochemistry_review,,,1.9722,5.8858,,,,,partial_or_no_metrics,partial_or_no_metrics
4UIN,H:QI9:1226,eligible_stereochemistry_review,,,1.4208,5.7081,,,,,partial_or_no_metrics,partial_or_no_metrics
4UIT,A:N1D:1123,eligible_stereochemistry_review,1.076952576637268,1.3679211139678955,1.077,1.3679,-4.742336273189096e-05,2.111396789561404e-05,0.8547207713127136,0.825596809387207,scored_both,scored_both
4UIU,A:TVU:1123,eligible_stereochemistry_review,0.8359795808792114,,0.836,2.5205,-2.041912078853958e-05,,0.9303797483444214,,scored_both,partial_or_no_metrics
4UIW,A:H1B:1124,eligible_stereochemistry_review,0.6031273007392883,2.370095729827881,0.6031,2.3701,2.730073928836063e-05,-4.270172119014148e-06,0.9553695917129517,0.6005405187606812,scored_both,scored_both
4UIZ,A:N1D:1171,eligible_stereochemistry_review,0.8599346876144409,8.38090991973877,0.8599,8.3809,3.468761444092028e-05,9.919738769070818e-06,0.9290322661399841,0.25822049379348755,scored_both,scored_both
4UJ1,A:NVX:1351,eligible_stereochemistry_review,7.10468864440918,1.6346311569213867,7.1047,1.6346,-1.1355590820549821e-05,3.1156921386665815e-05,0.2533906102180481,0.7365119457244873,scored_both,scored_both
4UJB,A:8BQ:1351,eligible_stereochemistry_review,,,2.0872,1.692,,,,,partial_or_no_metrics,partial_or_no_metrics
4UNP,A:TXW:1211,eligible_exact_graph,0.18729659914970398,1.50702702999115,0.1873,1.507,-3.400850296014779e-06,2.702999115000715e-05,1.0,0.7548845410346985,scored_both,scored_both
4UP5,A:94W:1385,eligible_stereochemistry_review,15.612245559692383,11.532679557800293,15.6122,11.5327,4.555969238317914e-05,-2.0442199707204622e-05,0.012704918161034584,0.07509505748748779,scored_both,scored_both
4URK,A:A82:2092,eligible_stereochemistry_review,2.36527943611145,5.68720006942749,2.3653,5.6872,-2.0563888549762765e-05,6.942749042337937e-08,0.7114472389221191,0.2947392165660858,scored_both,scored_both
4URW,S:DXO:2046,eligible_stereochemistry_review,0.7330808043479919,11.306680679321289,0.7331,11.3067,-1.9195652008030528e-05,-1.932067871024401e-05,0.9360576868057251,0.0998908281326294,scored_both,scored_both
4URX,S:HXY:2047,eligible_stereochemistry_review,1.8034048080444336,2.031829357147217,1.8034,2.0318,4.8080444337017525e-06,2.9357147216746426e-05,0.8702290058135986,0.6638381481170654,scored_both,scored_both
4US3,A:TRP:601,eligible_exact_graph,10.861350059509277,,10.8614,4.2442,-4.994049072237772e-05,,0.06641913950443268,,scored_both,partial_or_no_metrics
4US4,A:TRP:601,eligible_stereochemistry_review,11.898689270019531,5.838231086730957,11.8987,5.8382,-1.0729980468582312e-05,3.1086730957419206e-05,0.04607371613383293,0.2587634027004242,scored_both,scored_both
4USW,A:ATP:1471,eligible_stereochemistry_review,1.610229730606079,3.8067662715911865,1.6102,3.8068,2.973060607902589e-05,-3.372840881343819e-05,0.7862179279327393,0.4473106563091278,scored_both,scored_both
4UV9,A:D70:900,eligible_stereochemistry_review,1.37289297580719,,1.3729,4.0592,-7.024192810067831e-06,,0.8591487407684326,,scored_both,partial_or_no_metrics
4UWG,A:RBQ:1873,eligible_exact_graph,1.1821919679641724,1.8706812858581543,1.1822,1.8707,-8.032035827554296e-06,-1.8714141845732613e-05,0.8685015439987183,0.6782212853431702,scored_both,scored_both
4UWK,A:UJB:1872,eligible_stereochemistry_review,1.2567075490951538,3.068629741668701,1.2567,3.0686,7.5490951538803586e-06,2.974166870117756e-05,0.8689285516738892,0.5045924186706543,scored_both,scored_both
4UWL,A:7A5:1872,eligible_stereochemistry_review,1.4321515560150146,2.5456857681274414,1.4322,2.5457,-4.844398498526914e-05,-1.4231872558667646e-05,0.8102493286132812,0.5777778029441833,scored_both,scored_both
4UZH,A:JVE:1392,eligible_exact_graph,0.5986179113388062,2.1827282905578613,0.5986,2.1827,1.7911338806131383e-05,2.829055786124357e-05,0.9521158337593079,0.6725171208381653,scored_both,scored_both
4VGC,C:SRD:358,eligible_stereochemistry_review,2.868248224258423,2.287194013595581,2.8682,2.2872,4.822425842299083e-05,-5.986404418845126e-06,0.6081081032752991,0.6451734304428101,scored_both,scored_both
4W4V,A:3H8:501,eligible_stereochemistry_review,0.6324416399002075,2.4377527236938477,0.6324,2.4377,4.163990020755737e-05,5.272369384767828e-05,0.9616666436195374,0.619733452796936,scored_both,scored_both
4W4W,A:3HJ:501,eligible_stereochemistry_review,10.262106895446777,3.9754154682159424,10.2621,3.9754,6.895446777122061e-06,1.546821594233805e-05,0.20213964581489563,0.47111743688583374,scored_both,scored_both
4W4Y,A:3HQ:501,eligible_stereochemistry_review,0.48547759652137756,4.37139892578125,0.4855,4.3714,-2.2403478622423645e-05,-1.0742187503964828e-06,0.9780284762382507,0.47419774532318115,scored_both,scored_both
4W52,A:BNZ:200,eligible_exact_graph,0.7123487591743469,1.3669100999832153,0.7123,1.3669,4.87591743468796e-05,1.0099983215328123e-05,0.9166666865348816,0.777999997138977,scored_both,scored_both
4W53,A:MBN:200,eligible_exact_graph,0.2041027992963791,0.9902998805046082,0.2041,0.9903,2.799296379085714e-06,-1.194953918037811e-07,1.0,0.8535714149475098,scored_both,scored_both
4W54,A:PYJ:200,eligible_exact_graph,0.3253183960914612,2.5874502658843994,0.3253,2.5875,1.839609146120358e-05,-4.973411560049712e-05,0.9919642806053162,0.5592783689498901,scored_both,scored_both
4W55,A:3H0:200,eligible_exact_graph,0.34317144751548767,3.2123565673828125,0.3432,3.2124,-2.8552484512334164e-05,-4.343261718764424e-05,0.9855182766914368,0.4540117383003235,scored_both,scored_both
4W57,A:N4B:200,eligible_exact_graph,0.3664454519748688,2.437133312225342,0.3664,2.4371,4.545197486877095e-05,3.331222534175282e-05,0.9887048006057739,0.599056601524353,scored_both,scored_both
4W7T,A:3JC:301,eligible_stereochemistry_review,0.6699343323707581,2.9220852851867676,0.6699,2.9221,3.433237075800566e-05,-1.4714813232341584e-05,0.942187488079071,0.5981861352920532,scored_both,scored_both
4W9Q,A:3JP:201,eligible_stereochemistry_review,2.1421916484832764,2.7444169521331787,2.1422,2.7444,-8.351516723514862e-06,1.6952133178538276e-05,0.7338129281997681,0.5565177798271179,scored_both,scored_both
4W9S,A:3K1:304,eligible_stereochemistry_review,,,0.8114,3.7584,,,,,partial_or_no_metrics,partial_or_no_metrics
4WBG,A:AZR:1001,eligible_exact_graph,0.4581241011619568,,0.4581,3.1532,2.4101161956779915e-05,,0.990015983581543,,scored_both,partial_or_no_metrics
4WF2,A:BTX:501,eligible_stereochemistry_review,,,1.0745,4.365,,,,,partial_or_no_metrics,partial_or_no_metrics
4WF6,A:407:802,eligible_stereochemistry_review,0.3864842653274536,3.2627065181732178,0.3865,3.2627,-1.5734672546396933e-05,6.518173217617829e-06,0.9778688549995422,0.5215252041816711,scored_both,scored_both
4WGI,A:3M6:402,eligible_stereochemistry_review,,,0.7873,7.3182,,,,,partial_or_no_metrics,partial_or_no_metrics
4WH7,A:8H8:607,eligible_stereochemistry_review,2.1444973945617676,3.626626491546631,2.1445,3.6266,-2.605438232272661e-06,2.649154663103559e-05,0.7202380895614624,0.43263888359069824,scored_both,scored_both
4WK1,A:2BA:201,eligible_stereochemistry_review,,4.476260185241699,28.2513,4.4763,,-3.981475830094894e-05,,0.3655063211917877,partial_or_no_metrics,scored_both
4WK7,A:3PQ:505,eligible_stereochemistry_review,1.5169934034347534,2.9035205841064453,1.517,2.9035,-6.596565246486108e-06,2.0584106445120653e-05,0.7912198305130005,0.5551108121871948,scored_both,scored_both
4WKC,A:BIG:301,eligible_stereochemistry_review,0.9549643397331238,,0.955,3.9082,-3.5660266876180735e-05,,0.9086055159568787,,scored_both,partial_or_no_metrics
4WKE,A:3PU:508,eligible_stereochemistry_review,0.7356876134872437,5.578605651855469,0.7357,5.5786,-1.2386512756368262e-05,5.651855468968847e-06,0.935161292552948,0.29543712735176086,scored_both,scored_both
4WKN,A:TDI:301,eligible_stereochemistry_review,0.756572961807251,4.08622407913208,0.7566,4.0862,-2.703819274907371e-05,2.4079132080245813e-05,0.9296149015426636,0.45442140102386475,scored_both,scored_both
4WKO,A:GMD:301,eligible_stereochemistry_review,1.1564706563949585,5.406800270080566,1.1565,5.4068,-2.9343605041587395e-05,2.700805667998907e-07,0.8743811845779419,0.37592440843582153,scored_both,scored_both
4WKU,B:3QJ:801,eligible_exact_graph,0.3959916830062866,3.198892116546631,0.396,3.1989,-8.316993713397558e-06,-7.883453369217364e-06,0.9927113652229309,0.5450913310050964,scored_both,scored_both
4WKV,C:3QK:801,eligible_exact_graph,11.446702003479004,3.4104840755462646,11.4467,3.4105,2.0034790040313055e-06,-1.592445373521656e-05,0.16867469251155853,0.49065420031547546,scored_both,scored_both
4WMV,A:3R4:404,eligible_exact_graph,0.21129335463047028,2.069018602371216,0.2113,2.069,-6.645369529711953e-06,1.860237121587005e-05,1.0,0.7003676295280457,scored_both,scored_both
4WMX,A:3R7:402,eligible_stereochemistry_review,4.677414894104004,31.199296951293945,4.6774,31.1993,1.4894104004348208e-05,-3.0487060556083634e-06,0.37975648045539856,0.0,scored_both,scored_both
4WN0,A:G3P:409,eligible_representation_review,0.5733590722084045,3.5936803817749023,0.5734,3.5937,-4.092779159547977e-05,-1.961822509777278e-05,0.9948979616165161,0.5019920468330383,scored_both,scored_both
4WN1,A:3SJ:803,eligible_stereochemistry_review,1.3610563278198242,14.360025405883789,1.3611,14.36,-4.36721801757578e-05,2.5405883789630934e-05,0.8292214870452881,0.0219123512506485,scored_both,scored_both
4WNM,A:3RT:701,eligible_exact_graph,1.0314120054244995,,1.0314,3.632,1.2005424499417217e-05,,0.9147058725357056,,scored_both,partial_or_no_metrics
4WNO,A:3RF:401,eligible_exact_graph,,,1.0169,1.0678,,,,,partial_or_no_metrics,partial_or_no_metrics
4WRI,A:OKA:201,eligible_exact_graph,,,1.734,9.6823,,,,,partial_or_no_metrics,partial_or_no_metrics
4WSK,A:3U2:503,eligible_stereochemistry_review,1.311336874961853,23.521072387695312,113.2313,56.4299,-111.91996312503815,-32.90882761230469,0.8055555820465088,0.0,scored_both,scored_both
4WTU,A:3UT:407,eligible_stereochemistry_review,0.9693188667297363,8.5635347366333,0.9693,8.5635,1.8866729736277676e-05,3.473663330133547e-05,0.9049080014228821,0.27891305088996887,scored_both,scored_both
4WX4,A:3VF:301,eligible_stereochemistry_review,0.4668421447277069,3.866812229156494,0.4668,3.8668,4.214472770691646e-05,1.2229156494125704e-05,0.9730464816093445,0.4214659631252289,scored_both,scored_both
4WXI,A:3VM:301,eligible_stereochemistry_review,0.6505282521247864,2.1975960731506348,0.6505,2.1976,2.8252124786409816e-05,-3.926849365232243e-06,0.9445727467536926,0.6490031480789185,scored_both,scored_both
4WY1,A:3VO:4000,eligible_stereochemistry_review,4.496592044830322,1.4252551794052124,4.4966,1.4253,-7.955169677664742e-06,-4.4820594787609025e-05,0.5679065585136414,0.7852040529251099,scored_both,scored_both
4WY6,A:3VP:401,eligible_stereochemistry_review,,,2.8445,2.8481,,,,,partial_or_no_metrics,partial_or_no_metrics
4WYY,A:3VT:406,eligible_stereochemistry_review,,1.2400527000427246,0.5937,1.2401,,-4.729995727537073e-05,,0.8413009643554688,partial_or_no_metrics,scored_both
4WZ4,A:3VU:402,eligible_stereochemistry_review,,1.878560185432434,0.5386,1.8786,,-3.9814567565965575e-05,,0.7703220844268799,partial_or_no_metrics,scored_both
4WZ6,A:ATP:701,eligible_stereochemistry_review,1.2343400716781616,5.404495716094971,1.2343,5.4045,4.0071678161668345e-05,-4.283905028934498e-06,0.8814756870269775,0.29236453771591187,scored_both,scored_both
4X1F,A:3WF:501,eligible_stereochemistry_review,0.9005593657493591,2.386484384536743,0.9006,2.3865,-4.0634250640825265e-05,-1.5615463256679618e-05,0.8926056623458862,0.5751634240150452,scored_both,scored_both
4X2I,A:3X0:202,eligible_stereochemistry_review,0.6001254320144653,4.220179080963135,0.6001,4.2202,2.543201446536525e-05,-2.0919036865407747e-05,0.9376310110092163,0.44408369064331055,scored_both,scored_both
4X2L,A:3WP:401,eligible_stereochemistry_review,,,1.7972,4.4099,,,,,partial_or_no_metrics,partial_or_no_metrics
4X47,A:DAN:801,eligible_stereochemistry_review,1.5494180917739868,1.7644511461257935,1.5494,1.7645,1.8091773986705917e-05,-4.8853874206500336e-05,0.7794871926307678,0.7038087248802185,scored_both,scored_both
4X49,A:G39:801,eligible_exact_graph,0.41603782773017883,,0.416,2.1158,3.7827730178852104e-05,,0.9814453125,,scored_both,partial_or_no_metrics
4X5P,A:3XJ:301,eligible_stereochemistry_review,,,1.4334,1.8394,,,,,partial_or_no_metrics,partial_or_no_metrics
4X5Y,A:3XW:601,eligible_stereochemistry_review,0.7028229236602783,,0.7028,2.5491,2.292366027834003e-05,,0.9328621625900269,,scored_both,partial_or_no_metrics
4X5Z,A:3XY:605,eligible_stereochemistry_review,1.2380563020706177,2.748631477355957,1.2381,2.7486,-4.369792938230255e-05,3.147735595687706e-05,0.8358355164527893,0.5134912133216858,scored_both,scored_both
4X60,A:3XV:702,eligible_stereochemistry_review,,,0.8337,44.4567,,,,,partial_or_no_metrics,partial_or_no_metrics
4X6J,A:3Y2:307,eligible_stereochemistry_review,0.6486495733261108,1.2429293394088745,0.6486,1.2429,4.9573326110885496e-05,2.9339408874617945e-05,0.9548611044883728,0.8329346179962158,scored_both,scored_both
4X6K,A:3XR:802,eligible_stereochemistry_review,0.44462820887565613,1.4880528450012207,0.4446,1.4881,2.8208875656132726e-05,-4.7154998779275203e-05,0.9714452028274536,0.7646738886833191,scored_both,scored_both
4X6M,A:3Y3:301,eligible_stereochemistry_review,,,0.9108,2.5202,,,,,partial_or_no_metrics,partial_or_no_metrics
4X6N,A:3Y5:301,eligible_stereochemistry_review,,,0.6529,10.1376,,,,,partial_or_no_metrics,partial_or_no_metrics
4X8G,A:3Z0:705,eligible_stereochemistry_review,0.8524509072303772,11.944417953491211,0.8525,11.9444,-4.909276962283826e-05,1.795349121103129e-05,0.8954599499702454,0.17042607069015503,scored_both,scored_both
4X8S,H:3Z7:301,eligible_stereochemistry_review,,,0.4305,3.4228,,,,,partial_or_no_metrics,partial_or_no_metrics
4X8T,H:3Z8:301,eligible_stereochemistry_review,,,0.5932,1.4808,,,,,partial_or_no_metrics,partial_or_no_metrics
4X8U,H:3ZB:301,eligible_exact_graph,,,0.1485,0.9941,,,,,partial_or_no_metrics,partial_or_no_metrics
4XBB,A:3ZR:201,eligible_stereochemistry_review,1.4254788160324097,1.442122220993042,1.4255,1.4421,-2.1183967590321373e-05,2.2220993042054715e-05,0.8196067810058594,0.7582964897155762,scored_both,scored_both
4XBD,A:M40:201,eligible_stereochemistry_review,0.903626024723053,,0.9036,34.4869,2.6024723053019727e-05,,0.8815274238586426,,scored_both,partial_or_no_metrics
4XG4,A:X4G:701,eligible_stereochemistry_review,1.0957623720169067,8.64423656463623,1.0958,8.6442,-3.762798309336901e-05,3.656463623080697e-05,0.8932361006736755,0.23666365444660187,scored_both,scored_both
4XG6,A:X6G:701,eligible_stereochemistry_review,,,0.6841,7.3831,,,,,partial_or_no_metrics,partial_or_no_metrics
4XG7,A:X7G:701,eligible_stereochemistry_review,,,0.5401,1.2722,,,,,partial_or_no_metrics,partial_or_no_metrics
4XHK,B:3YR:401,eligible_exact_graph,0.6883422136306763,0.8739067316055298,0.6883,0.8739,4.2213630676246616e-05,6.731605529775031e-06,0.9343575239181519,0.8997933864593506,scored_both,scored_both
4XHL,A:CKI:401,eligible_exact_graph,0.4191233813762665,1.674222707748413,0.4191,1.6742,2.3381376266506937e-05,2.2707748413175466e-05,0.9838501214981079,0.7401041388511658,scored_both,scored_both
4XIP,A:40W:301,eligible_stereochemistry_review,1.2189741134643555,1.4577850103378296,1.219,1.4578,-2.588653564461474e-05,-1.498966217039488e-05,0.8064388036727905,0.7770897746086121,scored_both,scored_both
4XIR,A:40X:301,eligible_stereochemistry_review,0.9299272298812866,1.227128028869629,0.9299,1.2271,2.7229881286672253e-05,2.802886962882667e-05,0.8844273686408997,0.8784953355789185,scored_both,scored_both
4XIT,A:40Z:301,eligible_stereochemistry_review,1.1509078741073608,1.5485104322433472,1.1509,1.5485,7.874107360805738e-06,1.0432243347180403e-05,0.8051470518112183,0.7751196026802063,scored_both,scored_both
4XM6,A:41R:801,eligible_stereochemistry_review,1.7292827367782593,,1.7293,3.1454,-1.7263221740781987e-05,,0.7302036285400391,,scored_both,partial_or_no_metrics
4XM7,A:41S:801,eligible_stereochemistry_review,0.6152587532997131,1.9801092147827148,0.6153,1.9801,-4.124670028682331e-05,9.214782714872527e-06,0.9549808502197266,0.6680418252944946,scored_both,scored_both
4XM8,A:41T:801,eligible_stereochemistry_review,0.784760594367981,,0.7848,5.1403,-3.940563201909608e-05,,0.9375,,scored_both,partial_or_no_metrics
4XMB,A:41P:701,eligible_stereochemistry_review,,,1.0437,5.0597,,,,,partial_or_no_metrics,partial_or_no_metrics
4XNV,A:BUR:1101,eligible_stereochemistry_review,0.8581981658935547,9.920111656188965,0.8582,9.9201,-1.8341064452753741e-06,1.1656188965147862e-05,0.9271186590194702,0.13804759085178375,scored_both,scored_both
4XOE,A:KGM:301,eligible_stereochemistry_review,,,0.8805,2.8132,,,,,partial_or_no_metrics,partial_or_no_metrics
4XPJ,B:LPY:201,eligible_exact_graph,1.3239843845367432,,1.324,6.2792,-1.5615463256901663e-05,,0.8328431248664856,,scored_both,partial_or_no_metrics
4XQA,B:423:401,eligible_stereochemistry_review,2.8952014446258545,,2.9533,6.5466,-0.058098555374145544,,0.6013266444206238,,scored_both,partial_or_no_metrics
4XQB,A:425:401,eligible_stereochemistry_review,3.244819164276123,,3.2546,7.4781,-0.00978083572387689,,0.6261574029922485,,scored_both,partial_or_no_metrics
4XT9,A:43V:601,eligible_stereochemistry_review,0.7196090221405029,3.5698492527008057,0.7196,3.5698,9.02214050291228e-06,4.925270080580191e-05,0.9403190612792969,0.5004340410232544,scored_both,scored_both
4XTM,A:A2G:303,eligible_stereochemistry_review,0.9934015870094299,2.3413267135620117,0.9934,2.3413,1.5870094299819115e-06,2.6713562011781988e-05,0.8591223955154419,0.6185661554336548,scored_both,scored_both
4XTT,A:2BA:301,eligible_stereochemistry_review,7.4010491371154785,7.381050109863281,7.401,7.381,4.913711547871458e-05,5.0109863281022626e-05,0.2755298614501953,0.18224748969078064,scored_both,scored_both
4XUB,A:43D:2001,eligible_stereochemistry_review,0.4610031247138977,5.462735176086426,0.461,5.4627,3.124713897684206e-06,3.5176086425892095e-05,0.9789377450942993,0.2775445878505707,scored_both,scored_both
4XUZ,A:4D6:312,eligible_stereochemistry_review,0.5332815051078796,2.364788770675659,0.5333,2.3648,-1.8494892120357598e-05,-1.1229324340611413e-05,0.965179979801178,0.6597612500190735,scored_both,scored_both
4XX9,A:RF4:402,eligible_stereochemistry_review,19.632923126220703,6.461943626403809,19.6329,6.4619,2.3126220703773015e-05,4.362640380861649e-05,0.00023992321803234518,0.2348484843969345,scored_both,scored_both
4XXS,A:SI5:401,eligible_stereochemistry_review,1.9030073881149292,3.366948127746582,1.903,3.3669,7.38811492917435e-06,4.812774658224939e-05,0.6925871968269348,0.4397404193878174,scored_both,scored_both
4XY8,A:43U:201,eligible_stereochemistry_review,0.36014965176582336,5.6506123542785645,0.3601,5.6506,4.9651765823388594e-05,1.2354278564608023e-05,0.9922928810119629,0.317732572555542,scored_both,scored_both
4Y0A,A:SKM:201,eligible_stereochemistry_review,,,1.0942,3.2173,,,,,partial_or_no_metrics,partial_or_no_metrics
4Y29,A:CTI:501,eligible_exact_graph,0.49314093589782715,6.430090427398682,0.4931,6.4301,4.093589782716567e-05,-9.572601318730278e-06,0.9760432839393616,0.23486842215061188,scored_both,scored_both
4Y2J,A:49G:602,eligible_stereochemistry_review,0.3319937288761139,1.8884505033493042,0.332,1.8885,-6.271123886125718e-06,-4.949665069586828e-05,0.9886810779571533,0.6984251737594604,scored_both,scored_both
4Y2P,A:3C5:602,eligible_stereochemistry_review,0.4511520266532898,5.125607013702393,0.4512,5.1256,-4.797334671019504e-05,7.013702392200116e-06,0.9864864945411682,0.3653061091899872,scored_both,scored_both
4Y2Q,A:49N:602,eligible_stereochemistry_review,0.32849374413490295,1.6506210565567017,0.3285,1.6506,-6.255865097060109e-06,2.105655670159301e-05,0.9983940124511719,0.7339285612106323,scored_both,scored_both
4Y2S,A:49P:602,eligible_stereochemistry_review,0.5453251004219055,4.157907009124756,0.5453,4.1579,2.510042190551065e-05,7.009124756152119e-06,0.9693775177001953,0.44466936588287354,scored_both,scored_both
4Y2U,A:49R:602,eligible_stereochemistry_review,0.5941581130027771,4.48488187789917,0.5942,4.4849,-4.188699722285083e-05,-1.812210082974275e-05,0.956970751285553,0.3643174171447754,scored_both,scored_both
4Y2V,A:4A5:602,eligible_exact_graph,0.2711573541164398,2.1642231941223145,0.2712,2.1642,-4.264588356017729e-05,2.319412231432949e-05,0.9933155179023743,0.6641468405723572,scored_both,scored_both
4Y2X,A:4A0:602,eligible_stereochemistry_review,0.36949703097343445,4.513564109802246,0.3695,4.5136,-2.969026565546873e-06,-3.589019775418478e-05,0.9906198978424072,0.37667351961135864,scored_both,scored_both
4Y2Y,A:49Z:602,eligible_stereochemistry_review,0.48842543363571167,3.0093741416931152,0.4884,3.0094,2.5433635711669123e-05,-2.5858306884618543e-05,0.9707964658737183,0.5161073803901672,scored_both,scored_both
4Y38,A:0A9:411,eligible_exact_graph,1.327561855316162,3.775620698928833,1.3276,3.7756,-3.814468383778191e-05,2.069892883316271e-05,0.9245635867118835,0.4665493071079254,scored_both,scored_both
4Y3J,A:HIC:415,eligible_exact_graph,4.137493133544922,5.424928665161133,4.1375,5.4249,-6.866455078302636e-06,2.8665161132757078e-05,0.5020790100097656,0.4080406725406647,scored_both,scored_both
4Y3Y,A:DCL:412,eligible_stereochemistry_review,0.972172200679779,3.899618625640869,0.9722,3.8996,-2.779932022090037e-05,1.862564086918539e-05,0.9074468016624451,0.47132351994514465,scored_both,scored_both
4Y4G,A:GGB:411,eligible_stereochemistry_review,2.029200315475464,5.748086452484131,2.0292,5.7481,3.1547546397447945e-07,-1.3547515869127835e-05,0.7256857752799988,0.4968017041683197,scored_both,scored_both
4Y4J,A:LNR:412,eligible_stereochemistry_review,0.7816084623336792,4.6123762130737305,0.7816,4.6124,8.462333679237766e-06,-2.3786926269586672e-05,0.878917396068573,0.3997006118297577,scored_both,scored_both
4Y5H,A:519:501,eligible_stereochemistry_review,,,1.1057,2.8988,,,,,partial_or_no_metrics,partial_or_no_metrics
4Y62,A:48E:402,eligible_stereochemistry_review,,8.194250106811523,1.8488,8.1942,,5.0106811523065176e-05,,0.10483870655298233,partial_or_no_metrics,scored_both
4Y64,A:48C:402,eligible_stereochemistry_review,1.1246742010116577,8.286121368408203,1.1247,8.2861,-2.5798988342318196e-05,2.1368408203770173e-05,0.8610692620277405,0.18953068554401398,scored_both,scored_both
4Y79,A:4O6:303,eligible_stereochemistry_review,0.4647171199321747,2.081300735473633,0.4647,2.0813,1.7119932174680663e-05,7.354736326625755e-07,0.9627329111099243,0.6772918701171875,scored_both,scored_both
4Y8X,A:4GR:301,eligible_stereochemistry_review,,,0.6907,3.3126,,,,,partial_or_no_metrics,partial_or_no_metrics
4Y8Z,A:4CE:301,eligible_stereochemistry_review,,,0.7804,8.8527,,,,,partial_or_no_metrics,partial_or_no_metrics
4YAS,A:CLX:300,eligible_exact_graph,0.22579272091388702,3.1656126976013184,0.2258,3.1656,-7.279086112976785e-06,1.2697601318389928e-05,1.0,0.5250896215438843,scored_both,scored_both
4YAY,A:ZD7:1201,eligible_stereochemistry_review,0.9980227947235107,2.644946813583374,0.998,2.6449,2.2794723510743964e-05,4.6813583374216705e-05,0.8693390488624573,0.5455788373947144,scored_both,scored_both
4YBK,A:4B7:601,eligible_stereochemistry_review,,,1.3064,1.1851,,,,,partial_or_no_metrics,partial_or_no_metrics
4YBS,A:4BK:1103,eligible_stereochemistry_review,2.5163779258728027,,2.5164,5.1117,-2.2074127197235782e-05,,0.879294753074646,,scored_both,partial_or_no_metrics
4YBT,A:4BV:1104,eligible_stereochemistry_review,2.2948687076568604,4.427188396453857,2.2949,4.4272,-3.129234313981044e-05,-1.1603546142602283e-05,0.7757575511932373,0.42656248807907104,scored_both,scored_both
4YC0,A:5OF:301,eligible_exact_graph,0.2991921007633209,3.6759798526763916,0.2992,3.676,-7.899236679098642e-06,-2.0147323608554757e-05,0.9922928810119629,0.49425727128982544,scored_both,scored_both
4YCL,A:CZA:1003,eligible_exact_graph,0.5258922576904297,4.026421546936035,0.5259,4.0264,-7.742309570346606e-06,2.1546936035399256e-05,0.9534510374069214,0.3668668568134308,scored_both,scored_both
4YCM,A:7BS:1004,eligible_exact_graph,,,4.2118,7.6586,,,,,partial_or_no_metrics,partial_or_no_metrics
4YCN,A:7BL:1004,eligible_exact_graph,,,1.8502,4.4896,,,,,partial_or_no_metrics,partial_or_no_metrics
4YES,B:45S:704,eligible_stereochemistry_review,0.6952407956123352,,0.6952,4.155,4.079561233516493e-05,,0.923397421836853,,scored_both,partial_or_no_metrics
4YH4,A:Y81:201,eligible_stereochemistry_review,0.6577795147895813,1.585975170135498,0.6578,1.586,-2.048521041875251e-05,-2.482986450202951e-05,0.9329150319099426,0.7813574075698853,scored_both,scored_both
4YIK,A:2O2:306,eligible_stereochemistry_review,1.330062747001648,6.313335418701172,1.3301,6.3133,-3.725299835211082e-05,3.541870117196311e-05,0.7911290526390076,0.18279367685317993,scored_both,scored_both
4YJN,A:UW4:601,eligible_exact_graph,0.5386713147163391,1.1184645891189575,0.5387,1.1185,-2.868528366084533e-05,-3.541088104253021e-05,0.9720416069030762,0.8652018904685974,scored_both,scored_both
4YML,A:4F0:301,eligible_stereochemistry_review,1.1731306314468384,3.348940849304199,1.1731,3.3489,3.063144683834729e-05,4.084930419923083e-05,0.8587641716003418,0.5,scored_both,scored_both
4YND,A:4GQ:504,eligible_stereochemistry_review,1.4286861419677734,,1.4287,7.3611,-1.3858032226643502e-05,,0.7929223775863647,,scored_both,partial_or_no_metrics
4YNK,A:YW2:500,eligible_exact_graph,0.5290879011154175,4.486125946044922,0.5291,4.4861,-1.2098884582534275e-05,2.594604492145436e-05,0.9646596908569336,0.4011335074901581,scored_both,scored_both
4YP1,A:2BA:401,eligible_stereochemistry_review,4.006083011627197,,4.0261,4.8825,-0.020016988372802302,,0.42384982109069824,,scored_both,partial_or_no_metrics
4YPF,A:4FS:502,eligible_stereochemistry_review,0.5000309944152832,11.357254028320312,0.5,11.3573,3.0994415283203125e-05,-4.597167968789506e-05,0.9604105353355408,0.039972901344299316,scored_both,scored_both
4YRG,A:4HU:502,eligible_exact_graph,0.21599678695201874,10.825294494628906,0.216,10.8253,-3.2130479812597645e-06,-5.50537109411664e-06,1.0,0.05188679322600365,scored_both,scored_both
4YRS,A:4JS:502,eligible_stereochemistry_review,2.3906683921813965,10.55610466003418,2.3907,10.5561,-3.160781860334083e-05,4.660034178982642e-06,0.6128884553909302,0.047845374792814255,scored_both,scored_both
4YRT,A:781:502,eligible_stereochemistry_review,0.5434470176696777,13.155303001403809,0.5434,13.1553,4.701766967774024e-05,3.0014038081560557e-06,0.9556354880332947,0.013437850400805473,scored_both,scored_both
4YX4,A:FB2:303,eligible_stereochemistry_review,0.528307318687439,1.9614167213439941,0.5283,1.9614,7.318687438973015e-06,1.6721343994108295e-05,0.9661716222763062,0.7036764621734619,scored_both,scored_both
4YXD,C:FTN:302,eligible_stereochemistry_review,,38.34498596191406,0.7238,38.345,,-1.4038085936363132e-05,,0.0,partial_or_no_metrics,scored_both
4YYT,A:S2O:305,eligible_stereochemistry_review,0.9258238077163696,0.8323042988777161,0.9258,0.8323,2.3807716369672605e-05,4.298877716024663e-06,0.9554597735404968,0.9038978219032288,scored_both,scored_both
4Z0K,A:4LN:301,eligible_stereochemistry_review,,1.5053720474243164,1.267,1.5054,,-2.795257568366516e-05,,0.7813513278961182,partial_or_no_metrics,scored_both
4Z9L,A:880:502,eligible_stereochemistry_review,,,1.0138,7.0258,,,,,partial_or_no_metrics,partial_or_no_metrics
4ZAM,A:MA4:301,eligible_stereochemistry_review,1.4938322305679321,,1.4938,4.971,3.223056793211221e-05,,0.8403846025466919,,scored_both,partial_or_no_metrics
4ZB8,A:GDS:300,eligible_stereochemistry_review,4.7901763916015625,,4.7902,5.5617,-2.360839843706941e-05,,0.6175373196601868,,scored_both,partial_or_no_metrics
4ZE6,A:011:416,eligible_exact_graph,0.2491961568593979,6.706547737121582,0.2492,6.7065,-3.843140602116657e-06,4.773712158190335e-05,1.0,0.36678004264831543,scored_both,scored_both
4ZEC,A:C84:601,eligible_stereochemistry_review,2.0215439796447754,,2.0215,4.0592,4.397964477531602e-05,,0.7572603821754456,,scored_both,partial_or_no_metrics
4ZED,A:AGW:601,eligible_stereochemistry_review,,8.0842924118042,1.6856,8.0843,,-7.5881958014889506e-06,,0.1487397402524948,partial_or_no_metrics,scored_both
4ZEI,A:LAO:601,eligible_stereochemistry_review,0.8042430877685547,3.498276472091675,0.8042,3.4983,4.3087768554661565e-05,-2.3527908325160496e-05,0.9457116723060608,0.4796634018421173,scored_both,scored_both
4ZEK,A:LAH:601,eligible_stereochemistry_review,0.8828552961349487,3.8023366928100586,0.8829,3.8023,-4.470386505128765e-05,3.669281005880265e-05,0.8891065716743469,0.4637632966041565,scored_both,scored_both
4ZIJ,A:SFQ:201,eligible_stereochemistry_review,0.7371343970298767,8.834406852722168,0.7371,8.8344,3.4397029876731544e-05,6.8527221674941075e-06,0.9380530714988708,0.20060373842716217,scored_both,scored_both
4ZIP,B:G64:201,eligible_stereochemistry_review,0.7423830628395081,5.817084789276123,0.7424,5.8171,-1.69371604918922e-05,-1.5210723876890597e-05,0.9218479990959167,0.2367948740720749,scored_both,scored_both
4ZJC,A:4OT:2001,eligible_stereochemistry_review,0.9351227283477783,,0.9351,6.0467,2.2728347778278035e-05,,0.8879950642585754,,scored_both,partial_or_no_metrics
4ZJW,A:4P1:501,eligible_exact_graph,1.6300909519195557,13.76391315460205,1.6301,13.7639,-9.048080444440387e-06,1.3154602051201891e-05,0.794175386428833,0.023004265502095222,scored_both,scored_both
4ZK5,A:4P4:403,eligible_stereochemistry_review,,3.334773063659668,1.3688,3.3348,,-2.693634033201775e-05,,0.5362790822982788,partial_or_no_metrics,scored_both
4ZKI,B:ADP:701,eligible_stereochemistry_review,1.141326665878296,13.612060546875,1.1413,13.6121,2.6665878295917267e-05,-3.945312499986642e-05,0.8345627188682556,0.010917838662862778,scored_both,scored_both
4ZLY,A:4RU:705,eligible_exact_graph,0.14606276154518127,0.7705918550491333,0.1461,0.7706,-3.7238454818733224e-05,-8.144950866650902e-06,1.0,0.9170984625816345,scored_both,scored_both
4ZLZ,A:4RV:705,eligible_stereochemistry_review,0.3863607347011566,3.6829752922058105,0.3864,3.683,-3.9265298843405017e-05,-2.4707794189282595e-05,0.9901785850524902,0.498079389333725,scored_both,scored_both
4ZO5,B:4Q0:803,eligible_stereochemistry_review,0.6763368844985962,14.431761741638184,0.6763,14.4318,3.688449859617915e-05,-3.825836181725606e-05,0.9348989129066467,0.009275815449655056,scored_both,scored_both
4ZOW,A:CLM:500,eligible_stereochemistry_review,0.5925114750862122,5.529827117919922,0.5925,5.5298,1.1475086212131558e-05,2.7117919922048372e-05,0.949999988079071,0.33538544178009033,scored_both,scored_both
4ZPE,A:4QA:501,eligible_stereochemistry_review,,5.927303314208984,1.4858,5.9273,,3.3142089845838996e-06,,0.24458599090576172,partial_or_no_metrics,scored_both
4ZPF,A:4QD:501,eligible_stereochemistry_review,1.1560440063476562,,1.156,8.8689,4.400634765633349e-05,,0.8302778005599976,,scored_both,partial_or_no_metrics
4ZPG,A:4QF:501,eligible_stereochemistry_review,1.587517261505127,3.667426109313965,1.5875,3.6674,1.7261505127041943e-05,2.6109313964628456e-05,0.7777777910232544,0.4613245725631714,scored_both,scored_both
4ZPH,A:PRL:501,eligible_stereochemistry_review,1.8665130138397217,13.758708000183105,71.9706,27.4982,-70.10408698616028,-13.739491999816895,0.8182565569877625,0.0,scored_both,scored_both
4ZS2,A:FLU:602,eligible_stereochemistry_review,1.2685402631759644,8.304755210876465,1.2685,8.3048,4.026317596439455e-05,-4.478912353533815e-05,0.7966549396514893,0.16338582336902618,scored_both,scored_both
4ZS3,A:A4F:602,eligible_stereochemistry_review,0.7168565988540649,8.368218421936035,0.7169,8.3682,-4.34011459350403e-05,1.8421936035295516e-05,0.9004807472229004,0.23085688054561615,scored_both,scored_both
4ZSG,A:4QX:406,eligible_stereochemistry_review,,,0.285,8.6708,,,,,partial_or_no_metrics,partial_or_no_metrics
4ZSH,A:4XW:501,eligible_exact_graph,0.4566960632801056,2.96685791015625,0.4567,2.9669,-3.936719894404028e-06,-4.208984374987068e-05,0.9899380803108215,0.5183060169219971,scored_both,scored_both
4ZSJ,A:4R0:405,eligible_exact_graph,,,0.3761,5.3208,,,,,partial_or_no_metrics,partial_or_no_metrics
4ZT8,A:CYT:304,eligible_exact_graph,4.1298394203186035,3.222257137298584,4.1298,3.2223,3.942031860315609e-05,-4.286270141617976e-05,0.43633177876472473,0.5153186321258545,scored_both,scored_both
4ZTR,A:4RJ:501,eligible_stereochemistry_review,1.1047054529190063,7.666522979736328,1.1047,7.6665,5.45291900633238e-06,2.297973632803263e-05,0.8530318737030029,0.29020729660987854,scored_both,scored_both
4ZTS,A:4RK:501,eligible_stereochemistry_review,0.983083188533783,11.477535247802734,0.9831,11.4775,-1.6811466217014903e-05,3.524780273522765e-05,0.852989137172699,0.15474529564380646,scored_both,scored_both
4ZV1,A:ARG:301,eligible_exact_graph,1.4646766185760498,4.110246181488037,1.4647,4.1102,-2.3381423950086244e-05,4.618148803725575e-05,0.7905872464179993,0.4019121825695038,scored_both,scored_both
4ZV2,A:GLN:301,eligible_exact_graph,1.674660325050354,4.092769622802734,1.6747,4.0928,-3.967494964607354e-05,-3.0377197266062694e-05,0.727861762046814,0.4307228922843933,scored_both,scored_both
4ZW3,A:4S9:1101,eligible_stereochemistry_review,0.44799065589904785,1.4256254434585571,0.448,1.4256,-9.344100952157763e-06,2.5443458557150578e-05,0.9834710955619812,0.7994012236595154,scored_both,scored_both
4ZW5,A:4SA:1102,eligible_exact_graph,0.8084036111831665,,0.8084,2.9131,3.6111831664964456e-06,,0.9105839133262634,,scored_both,partial_or_no_metrics
4ZW6,A:4SY:1101,eligible_stereochemistry_review,0.9956938028335571,2.7711102962493896,0.9957,2.7711,-6.197166442900581e-06,1.0296249389529777e-05,0.8980911374092102,0.5651965737342834,scored_both,scored_both
4ZW7,A:4SZ:1102,eligible_stereochemistry_review,0.8475539684295654,,0.8475,3.5105,5.39684295653986e-05,,0.9113513231277466,,scored_both,partial_or_no_metrics
4ZWX,A:5KZ:304,eligible_exact_graph,2.6455276012420654,,2.6455,4.1557,2.7601242065244946e-05,,0.6681523323059082,,scored_both,partial_or_no_metrics
4ZX0,A:5L2:302,eligible_exact_graph,3.9038755893707275,5.116661548614502,3.9039,5.1167,-2.441062927260873e-05,-3.8451385497850765e-05,0.5729499459266663,0.32047414779663086,scored_both,scored_both
4ZX1,A:5L3:304,eligible_stereochemistry_review,2.786529541015625,,2.7865,1.7656,2.9541015624801048e-05,,0.6526479721069336,,scored_both,partial_or_no_metrics
4ZX3,A:4TK:1102,eligible_stereochemistry_review,1.2628068923950195,4.774325847625732,1.2628,4.7743,6.892395019608699e-06,2.5847625732211554e-05,0.8518224954605103,0.40836524963378906,scored_both,scored_both
4ZYT,A:3Y9:1102,eligible_stereochemistry_review,3.411308526992798,,3.4113,3.9151,8.526992797630584e-06,,0.776976466178894,,scored_both,partial_or_no_metrics
4ZYU,A:3YA:1102,eligible_stereochemistry_review,1.8936221599578857,,1.8936,4.6008,2.215995788579228e-05,,0.8098434209823608,,scored_both,partial_or_no_metrics
4ZYV,A:G71:1102,eligible_stereochemistry_review,0.8793017268180847,1.9237478971481323,0.8793,1.9237,1.7268180847462844e-06,4.789714813235868e-05,0.9162843823432922,0.6708984375,scored_both,scored_both
4ZYW,A:G94:1102,eligible_stereochemistry_review,1.1715151071548462,2.7144579887390137,1.1715,2.7145,1.5107154846205617e-05,-4.201126098646313e-05,0.894152045249939,0.5268361568450928,scored_both,scored_both
4ZYX,A:3YB:1102,eligible_stereochemistry_review,0.6811994314193726,3.351900815963745,0.6812,3.3519,-5.685806274691174e-07,8.159637450155799e-07,0.9486961364746094,0.5137812495231628,scored_both,scored_both
4ZYY,A:3YC:1102,eligible_stereochemistry_review,0.6297689080238342,3.655190944671631,0.6298,3.6552,-3.109197616579795e-05,-9.055328368923199e-06,0.951295018196106,0.5377399921417236,scored_both,scored_both
4ZYZ,A:3YD:1102,eligible_stereochemistry_review,1.3026973009109497,,1.3027,2.9601,-2.69908905026206e-06,,0.8569347262382507,,scored_both,partial_or_no_metrics
4ZZ0,A:3YE:1102,eligible_stereochemistry_review,2.6016311645507812,,2.6016,4.1987,3.11645507813374e-05,,0.8394182920455933,,scored_both,partial_or_no_metrics
4ZZ1,A:3YF:1102,eligible_stereochemistry_review,1.4071128368377686,3.702230453491211,1.4071,3.7022,1.283683776853728e-05,3.045349121100216e-05,0.8270053267478943,0.5679348111152649,scored_both,scored_both
4ZZD,A:RBF:201,eligible_stereochemistry_review,12.335956573486328,15.558765411376953,12.336,15.5588,-4.342651367217343e-05,-3.458862304661636e-05,0.03193146362900734,0.031207827851176262,scored_both,scored_both
5A00,A:D7N:2012,eligible_exact_graph,1.0149389505386353,2.852388381958008,1.0149,2.8524,3.895053863534059e-05,-1.1618041992011996e-05,0.9122023582458496,0.5924479365348816,scored_both,scored_both
5A0A,E:JJS:1244,eligible_stereochemistry_review,,3.8562655448913574,1.5196,3.8563,,-3.445510864263923e-05,,0.4218340516090393,partial_or_no_metrics,scored_both
5A0B,A:JJX:1001,eligible_stereochemistry_review,1.4862439632415771,5.614336013793945,1.4862,5.6143,4.39632415771829e-05,3.601379394524429e-05,0.753410279750824,0.2619446814060211,scored_both,scored_both
5A1F,A:OGA:1756,eligible_exact_graph,0.15877921879291534,2.1308188438415527,0.1588,2.1308,-2.0781207084652475e-05,1.8843841552929064e-05,1.0,0.6633166074752808,scored_both,scored_both
5A3N,A:LQT:1759,eligible_exact_graph,0.6606041193008423,,0.6606,3.892,4.1193008423201505e-06,,0.9515873193740845,,scored_both,partial_or_no_metrics
5A3T,A:MMK:1756,eligible_exact_graph,0.5873488783836365,4.386579990386963,0.5873,4.3866,4.887838363643038e-05,-2.0009613036719998e-05,0.9618902206420898,0.3633093535900116,scored_both,scored_both
5A3W,A:PD2:1757,eligible_exact_graph,0.3643951416015625,3.3758814334869385,0.3644,3.3759,-4.8583984375016875e-06,-1.856651306164636e-05,0.9986072182655334,0.48908731341362,scored_both,scored_both
5A5D,A:5LC:500,eligible_exact_graph,0.6896253228187561,3.18798565864563,0.6896,3.188,2.5322818756112753e-05,-1.4341354370284165e-05,0.9588091373443604,0.5751072764396667,scored_both,scored_both
5A5P,A:JTF:2111,eligible_stereochemistry_review,0.9627074003219604,3.8679797649383545,0.9627,3.868,7.400321960449041e-06,-2.0235061645390573e-05,0.8824362754821777,0.42003852128982544,scored_both,scored_both
5A5Q,A:6XC:2111,eligible_stereochemistry_review,0.6252777576446533,2.9024713039398193,0.6253,2.9025,-2.2242355346646647e-05,-2.8696060180521954e-05,0.9601955413818359,0.547468364238739,scored_both,scored_both
5A5R,A:NP8:2111,eligible_stereochemistry_review,1.6375384330749512,5.482386589050293,1.6375,5.4824,3.8433074951216284e-05,-1.3410949707193254e-05,0.7864842414855957,0.3200245797634125,scored_both,scored_both
5A5S,A:NP8:1170,eligible_stereochemistry_review,1.677382469177246,5.882792949676514,1.6774,5.8828,-1.753082275390838e-05,-7.050323485913168e-06,0.8336380124092102,0.2748161852359772,scored_both,scored_both
5A5V,A:PXJ:500,eligible_stereochemistry_review,0.6744389533996582,7.04076623916626,0.6744,7.0408,3.895339965820366e-05,-3.3760833740181795e-05,0.9310618042945862,0.21176470816135406,scored_both,scored_both
5A69,A:OGN:1627,eligible_stereochemistry_review,0.7598862051963806,4.155090808868408,0.7599,4.1551,-1.379480361940466e-05,-9.191131591812507e-06,0.926287055015564,0.37985309958457947,scored_both,scored_both
5A6N,A:U7E:300,eligible_stereochemistry_review,0.7323341369628906,18.93267059326172,0.7323,18.9327,3.413696289067403e-05,-2.9406738281778644e-05,0.9515384435653687,0.0,scored_both,scored_both
5A81,A:78J:2111,eligible_stereochemistry_review,1.2189085483551025,3.433351755142212,1.2189,3.4334,8.54835510244456e-06,-4.8244857787871354e-05,0.8171992301940918,0.489761084318161,scored_both,scored_both
5A82,A:YEJ:2112,eligible_stereochemistry_review,0.9722787737846375,3.6524364948272705,0.9723,3.6524,-2.122621536260194e-05,3.649482727041686e-05,0.8584745526313782,0.580089807510376,scored_both,scored_both
5A83,A:YD3:1112,eligible_stereochemistry_review,1.4243347644805908,,1.4243,3.3279,3.4764480590920854e-05,,0.8015191555023193,,scored_both,partial_or_no_metrics
5A85,A:78J:1169,eligible_stereochemistry_review,,1.9981023073196411,0.8999,1.9981,,2.307319641126071e-06,,0.613179087638855,partial_or_no_metrics,scored_both
5A8Y,A:VBM:1001,eligible_stereochemistry_review,0.8748837113380432,4.000349044799805,0.8749,4.0004,-1.6288661956798123e-05,-5.0955200195268446e-05,0.89883953332901,0.4207875430583954,scored_both,scored_both
5A8Z,A:IUL:1001,eligible_stereochemistry_review,2.649348735809326,2.639418840408325,2.6493,2.6394,4.8735809325961554e-05,1.8840408325004887e-05,0.8090958595275879,0.6328760385513306,scored_both,scored_both
5A9U,A:5P8:2402,eligible_stereochemistry_review,1.1515629291534424,1.844967246055603,1.1516,1.845,-3.70708465575742e-05,-3.275394439694601e-05,0.8248031735420227,0.7165403962135315,scored_both,scored_both
5AA8,A:5P8:2402,eligible_stereochemistry_review,1.714033842086792,2.0827133655548096,1.714,2.0827,3.384208679202416e-05,1.3365554809574576e-05,0.7398022413253784,0.6759708523750305,scored_both,scored_both
5AA9,A:5P8:2402,eligible_stereochemistry_review,1.666351556777954,1.911098837852478,1.6664,1.9111,-4.844322204600182e-05,-1.1621475219936173e-06,0.7470741271972656,0.6930817365646362,scored_both,scored_both
5AAA,A:VGH:9000,eligible_stereochemistry_review,1.7588847875595093,1.841752529144287,1.7589,1.8418,-1.5212440490630641e-05,-4.7470855712994364e-05,0.7970229983329773,0.7355769276618958,scored_both,scored_both
5AAB,A:VGH:9000,eligible_stereochemistry_review,0.9517759084701538,2.187670946121216,0.9518,2.1877,-2.40915298461708e-05,-2.905387878415766e-05,0.903761088848114,0.6720914244651794,scored_both,scored_both
5AAC,A:VGH:9000,eligible_stereochemistry_review,0.9616390466690063,2.187533378601074,0.9616,2.1875,3.904666900633735e-05,3.337860107421875e-05,0.8845864534378052,0.6284584999084473,scored_both,scored_both
5AAE,A:7HD:1389,eligible_exact_graph,0.2923380434513092,2.302849769592285,0.2923,2.3028,3.804345130919984e-05,4.976959228519817e-05,1.0,0.6594594717025757,scored_both,scored_both
5AAG,A:6F2:1389,eligible_stereochemistry_review,,,1.8641,3.267,,,,,partial_or_no_metrics,partial_or_no_metrics
5ABW,A:WQQ:1001,eligible_stereochemistry_review,0.9044968485832214,7.740650653839111,0.9045,7.7406,-3.1514167785351432e-06,5.065383911162513e-05,0.8848897814750671,0.30209222435951233,scored_both,scored_both
5AD1,A:8LC:500,eligible_exact_graph,0.8236036896705627,3.73266339302063,0.8236,3.7327,3.689670562745384e-06,-3.6606979370024106e-05,0.9592675566673279,0.4232643246650696,scored_both,scored_both
5ADQ,A:A95:2117,eligible_stereochemistry_review,0.5950031280517578,3.316176176071167,0.595,3.3162,3.1280517578391454e-06,-2.382392883282236e-05,0.9513677954673767,0.5586627125740051,scored_both,scored_both
5AFL,E:FHV:1207,eligible_exact_graph,1.991201639175415,4.177554607391357,1.9912,9.5306,1.6391754149580606e-06,-5.353045392608642,0.7044354677200317,0.304788202047348,scored_both,scored_both
5AI5,A:BSU:1551,eligible_exact_graph,0.5514499545097351,4.353716850280762,0.5514,4.3537,4.995450973510618e-05,1.6850280761815384e-05,0.9748061895370483,0.38044795393943787,scored_both,scored_both
5AI6,A:4XH:1551,eligible_stereochemistry_review,0.41275307536125183,3.602466344833374,0.4128,3.6025,-4.692463874816921e-05,-3.365516662601209e-05,0.9728096723556519,0.40872302651405334,scored_both,scored_both
5AI9,A:K78:1552,eligible_stereochemistry_review,0.6717398166656494,,0.6717,3.3993,3.98166656494503e-05,,0.952654242515564,,scored_both,partial_or_no_metrics
5AIA,A:KWB:1553,eligible_stereochemistry_review,1.3752590417861938,1.1917800903320312,1.3753,1.1918,-4.0958213806119304e-05,-1.9909667968720512e-05,0.7949907183647156,0.7837591171264648,scored_both,scored_both
5AIB,A:KJU:1552,eligible_stereochemistry_review,0.5261083841323853,1.924070954322815,0.5261,1.9241,8.384132385241827e-06,-2.904567718498008e-05,0.9815068244934082,0.6864035129547119,scored_both,scored_both
5AIC,A:TGX:1550,eligible_stereochemistry_review,0.5170664191246033,1.5660299062728882,0.5171,1.566,-3.35808753967326e-05,2.9906272888124974e-05,0.958984375,0.7670843005180359,scored_both,scored_both
5AIP,B:4HP:1146,eligible_exact_graph,0.12254772335290909,3.4259307384490967,0.1225,3.4259,4.7723352909090355e-05,3.07384490967344e-05,0.9145728349685669,0.4228639304637909,scored_both,scored_both
5AK3,A:XM0:1553,eligible_stereochemistry_review,0.4698013365268707,9.597264289855957,0.4698,9.5973,1.3365268707321576e-06,-3.5710144043576975e-05,0.9834558963775635,0.05600358545780182,scored_both,scored_both
5AKE,A:6N0:1553,eligible_stereochemistry_review,0.663367509841919,8.773131370544434,0.6634,8.7731,-3.2490158081044385e-05,3.137054443413945e-05,0.9411027431488037,0.19504915177822113,scored_both,scored_both
5AKG,A:6N6:1550,eligible_exact_graph,1.8156770467758179,3.3689262866973877,1.8157,3.3689,-2.2953224182220566e-05,2.6286697387689628e-05,0.7278571724891663,0.4590361416339874,scored_both,scored_both
5AKH,A:6NM:1552,eligible_stereochemistry_review,0.6186582446098328,5.57749605178833,0.6187,5.5775,-4.175539016726404e-05,-3.948211669602131e-06,0.946601927280426,0.34168335795402527,scored_both,scored_both
5AKI,A:6NF:1558,eligible_exact_graph,0.4854978322982788,,0.4855,4.9697,-2.1677017211785277e-06,,0.9735738039016724,,scored_both,partial_or_no_metrics
5AKJ,A:6N4:1555,eligible_exact_graph,0.3041989207267761,4.188418388366699,0.3042,4.1884,-1.079273223902888e-06,1.8388366699539915e-05,0.9927007555961609,0.46885666251182556,scored_both,scored_both
5AKL,A:6N8:1551,eligible_stereochemistry_review,0.46318313479423523,5.782426357269287,0.4632,5.7824,-1.686520576477113e-05,2.6357269287125007e-05,0.9741735458374023,0.338288277387619,scored_both,scored_both
5AKZ,A:6NX:1554,eligible_exact_graph,0.5211837291717529,5.878125190734863,0.5212,5.8781,-1.6270828247066937e-05,2.519073486340062e-05,0.9719178080558777,0.4357670843601227,scored_both,scored_both
5ALB,L:TIQ:1210,eligible_stereochemistry_review,1.1802221536636353,,1.1802,3.6867,2.2153663635338106e-05,,0.859570324420929,,scored_both,partial_or_no_metrics
5ALC,L:TIQ:1210,eligible_stereochemistry_review,1.7960212230682373,,1.796,2.6548,2.122306823726383e-05,,0.7743738889694214,,scored_both,partial_or_no_metrics
5ALD,A:FCW:1551,eligible_stereochemistry_review,0.7303858399391174,5.095560073852539,0.7304,5.0956,-1.4160060882617564e-05,-3.992614746106682e-05,0.9286447763442993,0.37962964177131653,scored_both,scored_both
5ALE,A:ONR:1554,eligible_stereochemistry_review,1.152962565422058,4.147145748138428,1.153,4.1471,-3.74345779419194e-05,4.574813842772585e-05,0.8436806797981262,0.4075121283531189,scored_both,scored_both
5ALG,A:R4N:1551,eligible_stereochemistry_review,1.7121304273605347,4.824008941650391,1.7121,4.824,3.0427360534712733e-05,8.94165039078132e-06,0.7158878445625305,0.3123725354671478,scored_both,scored_both
5ALH,A:4UA:1551,eligible_stereochemistry_review,1.534958839416504,9.40733814239502,1.535,9.4073,-4.1160583496013814e-05,3.8142395020202e-05,0.8039264678955078,0.17245370149612427,scored_both,scored_both
5ALL,A:II6:1552,eligible_stereochemistry_review,0.57783442735672,4.413368225097656,0.5778,4.4134,3.442735671999042e-05,-3.177490234396174e-05,0.9505987763404846,0.4041164517402649,scored_both,scored_both
5ALM,A:7GM:1551,eligible_stereochemistry_review,8.759395599365234,2.802051544189453,8.7594,2.8021,-4.4006347650338284e-06,-4.845581054668813e-05,0.3310023248195648,0.6014598608016968,scored_both,scored_both
5ALN,A:5ZM:1554,eligible_stereochemistry_review,0.5707365274429321,6.420775413513184,0.5707,6.4208,3.652744293214383e-05,-2.458648681624709e-05,0.9500916004180908,0.2998347878456116,scored_both,scored_both
5ALO,A:A0J:1551,eligible_stereochemistry_review,1.7794665098190308,6.742046356201172,1.7795,6.742,-3.3490180969319994e-05,4.6356201171882105e-05,0.7342105507850647,0.1576719582080841,scored_both,scored_both
5ALR,A:8TM:1551,eligible_stereochemistry_review,0.47307470440864563,7.111538410186768,0.4731,7.1115,-2.5295591354390634e-05,3.841018676720154e-05,0.9866071343421936,0.27915987372398376,scored_both,scored_both
5ALS,A:5DQ:1551,eligible_stereochemistry_review,0.7907706499099731,2.2203025817871094,0.7908,2.2203,-2.935009002680289e-05,2.5817871094346856e-06,0.9318459630012512,0.6469506025314331,scored_both,scored_both
5ALX,A:DUL:1550,eligible_stereochemistry_review,0.7248445153236389,2.8605263233184814,0.7248,2.8605,4.451532363891619e-05,2.632331848140268e-05,0.9333623647689819,0.5287063717842102,scored_both,scored_both
5ALY,A:B7H:1555,eligible_stereochemistry_review,0.8029127717018127,6.675455570220947,0.8029,6.6755,1.2771701812797076e-05,-4.4429779053167806e-05,0.8979820609092712,0.21854305267333984,scored_both,scored_both
5ALZ,A:XQ9:1551,eligible_exact_graph,0.9404647350311279,5.709273815155029,0.9405,5.7093,-3.526496887207298e-05,-2.6184844970522647e-05,0.9273743033409119,0.28241491317749023,scored_both,scored_both
5AM0,A:LWS:1553,eligible_stereochemistry_review,0.523845374584198,7.634277820587158,0.5238,7.6343,4.5374584197954704e-05,-2.217941284143876e-05,0.9620307087898254,0.22265625,scored_both,scored_both
5AM1,A:I5T:1552,eligible_stereochemistry_review,0.6223534941673279,9.772809982299805,0.6224,9.7728,-4.650583267207242e-05,9.982299804534023e-06,0.9435995221138,0.22089733183383942,scored_both,scored_both
5AM3,A:AUB:1552,eligible_stereochemistry_review,0.6580967307090759,6.116549968719482,0.6581,6.1165,-3.269290924090562e-06,4.996871948215187e-05,0.9395857453346252,0.29615384340286255,scored_both,scored_both
5AM4,A:MVJ:1555,eligible_stereochemistry_review,0.5600733757019043,4.39797830581665,0.5601,4.398,-2.6624298095745402e-05,-2.1694183349296736e-05,0.9674796462059021,0.41721853613853455,scored_both,scored_both
5AMN,A:DTQ:2018,eligible_stereochemistry_review,,,0.6579,2.1616,,,,,partial_or_no_metrics,partial_or_no_metrics
5ANU,A:58T:1158,eligible_stereochemistry_review,0.492889404296875,2.0920488834381104,0.4929,2.092,-1.0595703125004796e-05,4.888343811026985e-05,0.9720534682273865,0.6324269771575928,scored_both,scored_both
5ANV,A:RGJ:1157,eligible_stereochemistry_review,1.2912952899932861,2.0640745162963867,1.2913,2.0641,-4.71000671375954e-06,-2.5483703613105035e-05,0.8882794380187988,0.6825318932533264,scored_both,scored_both
5AOI,B:RZH:1292,eligible_exact_graph,0.21453306078910828,15.634448051452637,0.2145,15.6344,3.306078910828014e-05,4.805145263730992e-05,1.0,0.003271027933806181,scored_both,scored_both
5AOL,A:UFV:1293,eligible_stereochemistry_review,0.6916355490684509,10.165611267089844,0.6916,26.3953,3.5549068450935195e-05,-16.229688732910155,0.9386304616928101,0.193359375,scored_both,scored_both
5AP0,A:AU5:1795,eligible_stereochemistry_review,1.2134361267089844,2.0311102867126465,1.2134,2.0311,3.6126708984340894e-05,1.0286712646578877e-05,0.8892086148262024,0.7058258652687073,scored_both,scored_both
5AP3,A:AU5:1799,eligible_stereochemistry_review,1.562887191772461,2.339813232421875,1.5629,2.3398,-1.2808227539018446e-05,1.3232421875120082e-05,0.8704481720924377,0.6620489954948425,scored_both,scored_both
5APH,A:VYI:1510,eligible_stereochemistry_review,1.8516112565994263,5.223602294921875,1.8516,5.2236,1.1256599426356928e-05,2.2949218747569944e-06,0.6712328791618347,0.22591836750507355,scored_both,scored_both
5APJ,A:76E:1508,eligible_stereochemistry_review,1.120011806488037,,1.12,4.1678,1.1806488037002794e-05,,0.8537787795066833,,scored_both,partial_or_no_metrics
5AQZ,A:SGV:1389,eligible_stereochemistry_review,0.6550665497779846,4.308440208435059,0.6551,4.3084,-3.345022201539649e-05,4.0208435058808334e-05,0.9423664212226868,0.374078631401062,scored_both,scored_both
5AV0,A:47X:300,eligible_stereochemistry_review,1.8635690212249756,6.148974895477295,1.8636,6.149,-3.0978775024337324e-05,-2.510452270509944e-05,0.6881762146949768,0.3169953525066376,scored_both,scored_both
5AVE,A:SER:501,eligible_stereochemistry_review,2.327100992202759,2.7465763092041016,2.3271,2.7466,9.922027586206639e-07,-2.3690795898367867e-05,0.610837459564209,0.5757389068603516,scored_both,scored_both
5AWJ,A:YSL:501,eligible_exact_graph,0.5224342346191406,,0.5224,4.033,3.4234619140649514e-05,,0.9507042169570923,,scored_both,partial_or_no_metrics
5AX3,A:5ID:401,eligible_stereochemistry_review,1.4076985120773315,4.02040958404541,1.4077,4.0204,-1.487922668408359e-06,9.584045409738451e-06,0.7881355881690979,0.3935999870300293,scored_both,scored_both
5AXQ,A:4LP:1003,eligible_stereochemistry_review,0.6966392993927002,13.711216926574707,0.6966,13.7112,3.929939270019833e-05,1.6926574707198938e-05,0.947629988193512,0.02190721593797207,scored_both,scored_both
5B0X,A:HCK:401,eligible_stereochemistry_review,0.6157837510108948,2.145522117614746,0.6158,2.1455,-1.6248989105238643e-05,2.211761474590901e-05,0.9721373915672302,0.6546875238418579,scored_both,scored_both
5BNJ,A:4TV:501,eligible_stereochemistry_review,1.393433928489685,6.930481910705566,1.3934,6.9305,3.392848968508666e-05,-1.80892944339206e-05,0.7740054726600647,0.2620334029197693,scored_both,scored_both
5BNM,A:4VK:402,eligible_stereochemistry_review,1.462577223777771,24.296119689941406,1.4626,24.2961,-2.2776222228904075e-05,1.9689941407108336e-05,0.8132737278938293,0.0,scored_both,scored_both
5BPE,A:E22:201,eligible_stereochemistry_review,,7.25682258605957,1.2295,7.2568,,2.2586059570173234e-05,,0.20826862752437592,partial_or_no_metrics,scored_both
5BPP,A:A4Z:706,eligible_stereochemistry_review,1.322816252708435,3.2110347747802734,1.3228,3.211,1.6252708435082752e-05,3.477478027358316e-05,0.8187689781188965,0.5256869792938232,scored_both,scored_both
5BQG,A:4UJ:201,eligible_stereochemistry_review,4.292870044708252,11.974769592285156,4.2929,11.9748,-2.9955291748429147e-05,-3.0407714843860845e-05,0.5171874761581421,0.0805976465344429,scored_both,scored_both
5BQH,A:4UK:201,eligible_stereochemistry_review,7.924112796783447,11.930428504943848,7.9241,11.9304,1.2796783447122095e-05,2.8504943847096342e-05,0.399367094039917,0.09320323169231415,scored_both,scored_both
5BUE,A:4V8:401,eligible_exact_graph,0.5651089549064636,6.901430606842041,0.5651,6.9014,8.954906463576329e-06,3.060684204125863e-05,0.9546648859977722,0.25969645380973816,scored_both,scored_both
5BUJ,A:4VB:401,eligible_exact_graph,0.5251762270927429,5.754135608673096,0.5252,5.7541,-2.3772907257080256e-05,3.560867309548854e-05,0.9683206081390381,0.2991718351840973,scored_both,scored_both
5BVF,A:4VJ:401,eligible_stereochemistry_review,1.4486706256866455,1.4043470621109009,1.4487,1.4043,-2.9374313354590953e-05,4.706211090077517e-05,0.7983871102333069,0.7515015006065369,scored_both,scored_both
5BVN,A:4VD:1002,eligible_stereochemistry_review,,,0.5218,2.7098,,,,,partial_or_no_metrics,partial_or_no_metrics
5BVW,A:1N1:1009,eligible_stereochemistry_review,0.9530069828033447,4.2823967933654785,0.953,4.2824,6.982803344768307e-06,-3.206634521468743e-06,0.9361567497253418,0.36661073565483093,scored_both,scored_both
5BWB,A:4VV:604,eligible_exact_graph,0.5814499855041504,,0.5814,5.4191,4.9985504150362736e-05,,0.9548611044883728,,scored_both,partial_or_no_metrics
5BWC,A:HBP:603,eligible_exact_graph,1.6352118253707886,2.5887138843536377,1.6352,2.5887,1.1825370788587364e-05,1.3884353637916291e-05,0.780961811542511,0.6240875720977783,scored_both,scored_both
5BYY,A:4WG:401,eligible_stereochemistry_review,0.9775101542472839,2.6757354736328125,0.9775,2.6757,1.015424728390002e-05,3.5473632812532685e-05,0.9139893054962158,0.5778947472572327,scored_both,scored_both
5C0K,A:4WK:404,eligible_stereochemistry_review,,,2.0328,2.364,,,,,partial_or_no_metrics,partial_or_no_metrics
5C1W,A:4XS:803,eligible_stereochemistry_review,0.4231950640678406,9.357137680053711,0.4232,9.3571,-4.935932159444434e-06,3.768005371007632e-05,0.9828178882598877,0.12185430526733398,scored_both,scored_both
5C1Y,A:GHY:201,eligible_stereochemistry_review,,3.8684046268463135,1.2078,3.8684,,4.626846313637856e-06,,0.42494601011276245,partial_or_no_metrics,scored_both
5C20,A:GHZ:201,eligible_stereochemistry_review,1.0765131711959839,2.191235065460205,1.0765,2.1912,1.3171195983874284e-05,3.506546020526358e-05,0.8756250143051147,0.6455621123313904,scored_both,scored_both
5C26,A:50H:701,eligible_stereochemistry_review,1.0298525094985962,4.317510604858398,1.0299,4.3175,-4.749050140384625e-05,1.0604858398544081e-05,0.9216772317886353,0.43661555647850037,scored_both,scored_both
5C2E,B:4Y1:803,eligible_stereochemistry_review,1.264453411102295,14.119489669799805,1.2645,14.1195,-4.658889770503549e-05,-1.0330200195696193e-05,0.8541666865348816,0.031191516667604446,scored_both,scored_both
5C2H,B:4XU:803,eligible_stereochemistry_review,0.45839011669158936,14.639754295349121,0.4584,15.1641,-9.883308410618685e-06,-0.5243457046508784,0.9730148911476135,0.029069768264889717,scored_both,scored_both
5C4K,A:GET:401,eligible_stereochemistry_review,16.774227142333984,,16.7742,28.1989,2.714233398393162e-05,,0.01253481861203909,,scored_both,partial_or_no_metrics
5C4L,B:SIS:401,eligible_stereochemistry_review,4.71530818939209,17.505884170532227,4.7153,17.5059,8.189392089796854e-06,-1.582946777389793e-05,0.503367006778717,0.0020072993356734514,scored_both,scored_both
5C4O,A:4F1:601,eligible_stereochemistry_review,0.6889214515686035,6.003671646118164,0.6889,6.0037,2.145156860355879e-05,-2.8353881836196138e-05,0.9238693714141846,0.2850087285041809,scored_both,scored_both
5C4S,A:4Y5:601,eligible_stereochemistry_review,,5.483285903930664,0.9832,5.4833,,-1.4096069335778338e-05,,0.2937743067741394,partial_or_no_metrics,scored_both
5C4T,A:4Y6:601,eligible_stereochemistry_review,1.2924648523330688,5.960516452789307,1.2925,5.9605,-3.514766693113458e-05,1.6452789306953264e-05,0.8215555548667908,0.23515795171260834,scored_both,scored_both
5C6O,A:4YH:501,eligible_stereochemistry_review,1.852113962173462,,1.8521,6.5465,1.3962173461834482e-05,,0.7744107842445374,,scored_both,partial_or_no_metrics
5C6P,A:4YH:601,eligible_stereochemistry_review,2.1468687057495117,,2.1469,11.5706,-3.12942504883118e-05,,0.6288598775863647,,scored_both,partial_or_no_metrics
5C7A,A:4YE:402,eligible_stereochemistry_review,,,0.6432,2.5374,,,,,partial_or_no_metrics,partial_or_no_metrics
5C7B,A:4YD:402,eligible_exact_graph,,,0.7018,3.2104,,,,,partial_or_no_metrics,partial_or_no_metrics
5C7C,A:4YC:402,eligible_stereochemistry_review,,,0.7214,2.3928,,,,,partial_or_no_metrics,partial_or_no_metrics
5C7D,A:4YF:402,eligible_stereochemistry_review,,,0.6672,2.7114,,,,,partial_or_no_metrics,partial_or_no_metrics
5C83,A:4YN:402,eligible_stereochemistry_review,,,1.1251,3.9675,,,,,partial_or_no_metrics,partial_or_no_metrics
5C84,A:4YL:402,eligible_stereochemistry_review,,,1.2677,3.619,,,,,partial_or_no_metrics,partial_or_no_metrics
5C85,A:4YO:802,eligible_stereochemistry_review,0.5729096531867981,2.829070806503296,0.5729,2.8291,9.653186798130875e-06,-2.9193496704049693e-05,0.9670417904853821,0.6117021441459656,scored_both,scored_both
5C87,A:4YS:802,eligible_stereochemistry_review,0.450684517621994,3.1917784214019775,0.4507,3.1918,-1.5482378005970965e-05,-2.1578598022653495e-05,0.9691176414489746,0.4821428656578064,scored_both,scored_both
5C8K,A:4YV:1101,eligible_stereochemistry_review,6.158653736114502,1.655705213546753,6.1587,1.6557,-4.6263885497666024e-05,5.213546752980136e-06,0.32515183091163635,0.7589880228042603,scored_both,scored_both
5CAS,A:4ZQ:1102,eligible_stereochemistry_review,1.3092236518859863,1.6470744609832764,1.3092,1.6471,2.365188598640877e-05,-2.553901672364134e-05,0.8428738117218018,0.7664319276809692,scored_both,scored_both
5CBR,A:4ZK:301,eligible_stereochemistry_review,1.067285180091858,5.696896553039551,1.0673,5.6969,-1.481990814200529e-05,-3.446960449515757e-06,0.8829337358474731,0.28386640548706055,scored_both,scored_both
5CCM,A:4ZX:505,eligible_stereochemistry_review,1.3672409057617188,3.026170492172241,1.3672,3.0262,4.090576171877913e-05,-2.9507827758568084e-05,0.8294460773468018,0.5218160152435303,scored_both,scored_both
5CEH,A:50P:904,eligible_exact_graph,0.6487398743629456,3.693652868270874,0.6487,3.6937,3.9874362945502284e-05,-4.713172912618191e-05,0.9625850319862366,0.4464071989059448,scored_both,scored_both
5CEI,A:50R:508,eligible_stereochemistry_review,0.336683988571167,1.8980460166931152,0.3367,1.898,-1.6011428833007102e-05,4.601669311532497e-05,0.9914934039115906,0.6826777458190918,scored_both,scored_both
5CEP,A:50E:501,eligible_exact_graph,0.6387042999267578,1.3218927383422852,0.6387,1.3219,4.299926757767025e-06,-7.261657714918712e-06,0.9689952731132507,0.87806636095047,scored_both,scored_both
5CEQ,A:50F:4000,eligible_stereochemistry_review,,5.827888488769531,0.6804,5.8279,,-1.1511230468386202e-05,,0.3854886591434479,partial_or_no_metrics,scored_both
5CJ6,A:51Y:1001,eligible_stereochemistry_review,1.274329423904419,3.543426275253296,1.2743,3.5434,2.9423904418957036e-05,2.6275253295793277e-05,0.8091269731521606,0.46660423278808594,scored_both,scored_both
5CLM,A:52K:401,eligible_stereochemistry_review,0.3641934096813202,6.118623733520508,0.3642,6.1186,-6.590318679833285e-06,2.373352050799582e-05,0.9947826266288757,0.25226813554763794,scored_both,scored_both
5CNM,A:52Q:601,eligible_stereochemistry_review,1.0760639905929565,1.7095394134521484,1.0761,1.7095,-3.600940704351352e-05,3.941345214841796e-05,0.8590308427810669,0.7737113237380981,scored_both,scored_both
5CP5,A:EB0:201,eligible_stereochemistry_review,0.36073416471481323,3.5325357913970947,0.3607,3.5325,3.4164714813211816e-05,3.579139709453116e-05,0.9963541626930237,0.45072463154792786,scored_both,scored_both
5CP9,B:6O5:301,eligible_exact_graph,0.24854931235313416,16.382179260253906,0.2486,16.3822,-5.068764686583238e-05,-2.073974609473339e-05,1.0,0.0,scored_both,scored_both
5CPR,B:539:403,eligible_stereochemistry_review,6.25457239151001,7.088659763336182,6.2546,7.0887,-2.7608489990171847e-05,-4.0236663818582485e-05,0.3638392984867096,0.22799696028232574,scored_both,scored_both
5CQT,A:EB3:201,eligible_exact_graph,0.7618674039840698,1.8708592653274536,0.7619,1.8709,-3.259601593019745e-05,-4.073467254639418e-05,0.9501096606254578,0.6412655711174011,scored_both,scored_both
5CR7,A:5WO:601,eligible_exact_graph,1.9744844436645508,26.289844512939453,56.0689,34.8542,-54.09441555633545,-8.564355487060546,0.8589588403701782,0.0,scored_both,scored_both
5CS5,B:PIN:301,eligible_exact_graph,0.9003282189369202,21.533720016479492,0.9003,28.0702,2.821893692017685e-05,-6.536479983520508,0.8852459192276001,0.00040849673678167164,scored_both,scored_both
5CSO,A:CTN:804,eligible_exact_graph,0.32091468572616577,1.9038563966751099,0.3209,1.9039,1.4685726165752921e-05,-4.360332489006247e-05,0.9944547414779663,0.6923728585243225,scored_both,scored_both
5CST,A:CDP:304,eligible_exact_graph,0.8104913830757141,5.075562000274658,0.8105,5.0756,-8.616924285886896e-06,-3.799972534146434e-05,0.9254874587059021,0.3615763485431671,scored_both,scored_both
5CSX,A:54J:801,eligible_stereochemistry_review,,,1.1128,2.645,,,,,partial_or_no_metrics,partial_or_no_metrics
5CU4,A:54S:404,eligible_exact_graph,1.4778878688812256,8.88408374786377,1.4779,8.8841,-1.2131118774405536e-05,-1.6252136230576752e-05,0.8124385476112366,0.20373134315013885,scored_both,scored_both
5CXI,A:5TW:201,eligible_stereochemistry_review,0.6305962204933167,7.065104007720947,0.6306,7.0651,-3.779506683398992e-06,4.0077209471078845e-06,0.9306265711784363,0.26032912731170654,scored_both,scored_both
5CY3,A:55Y:701,eligible_exact_graph,1.0625386238098145,1.6439015865325928,1.0625,1.6439,3.8623809814453125e-05,1.586532592856571e-06,0.8781296014785767,0.7744638323783875,scored_both,scored_both
5CY9,A:E0A:202,eligible_exact_graph,0.18329806625843048,1.7388887405395508,0.1833,1.7389,-1.9337415695097615e-06,-1.1259460449108971e-05,1.0,0.7420212626457214,scored_both,scored_both
5CZM,A:R47:306,eligible_stereochemistry_review,1.8390846252441406,3.186814069747925,1.8391,3.1868,-1.5374755859332012e-05,1.4069747924949638e-05,0.8379026651382446,0.6037005186080933,scored_both,scored_both
5D0C,A:E0B:206,eligible_exact_graph,1.4666577577590942,1.816400408744812,1.4667,1.8164,-4.224224090565443e-05,4.087448119971526e-07,0.8953033089637756,0.6704545617103577,scored_both,scored_both
5D1J,A:56H:4000,eligible_exact_graph,0.7640397548675537,,0.764,1.894,3.97548675536985e-05,,0.9147180318832397,,scored_both,partial_or_no_metrics
5D1R,A:56S:305,eligible_exact_graph,,,1.0469,6.9522,,,,,partial_or_no_metrics,partial_or_no_metrics
5D1S,A:56Q:801,eligible_stereochemistry_review,0.4316609501838684,3.6400575637817383,0.4317,3.6401,-3.904981613156444e-05,-4.243621826161004e-05,0.9803600907325745,0.4745316207408905,scored_both,scored_both
5D1U,A:56P:801,eligible_stereochemistry_review,0.5744363069534302,4.64268159866333,0.5744,4.6427,3.630695343015411e-05,-1.8401336669526813e-05,0.9620953798294067,0.3842756152153015,scored_both,scored_both
5D29,A:5Q1:818,eligible_stereochemistry_review,0.7299105525016785,3.7622950077056885,0.7299,3.7623,1.0552501678473547e-05,-4.9922943117231e-06,0.9489150047302246,0.4603274464607239,scored_both,scored_both
5D2R,A:56W:523,eligible_stereochemistry_review,,,1.1025,6.2526,,,,,partial_or_no_metrics,partial_or_no_metrics
5D3C,A:56O:306,eligible_stereochemistry_review,1.9438910484313965,,1.9439,4.1498,-8.9515686034769e-06,,0.767346203327179,,scored_both,partial_or_no_metrics
5D6E,A:94A:501,eligible_stereochemistry_review,6.500613212585449,2.39638352394104,6.5006,2.3964,1.3212585448840741e-05,-1.6476058959824513e-05,0.26936936378479004,0.63607257604599,scored_both,scored_both
5D6F,A:57R:501,eligible_stereochemistry_review,2.7492053508758545,2.943105697631836,2.7492,2.9431,5.35087585440408e-06,5.697631836110162e-06,0.5995813608169556,0.5379109382629395,scored_both,scored_both
5D6Q,B:57V:303,eligible_exact_graph,0.3363618552684784,18.46802520751953,0.3364,18.468,-3.8144731521583264e-05,2.5207519531278422e-05,0.9981343150138855,0.003929866943508387,scored_both,scored_both
5D75,A:FK5:301,eligible_exact_graph,3.4479708671569824,8.374224662780762,3.448,8.3742,-2.913284301753194e-05,2.4662780761630643e-05,0.45148515701293945,0.16321344673633575,scored_both,scored_both
5DA3,A:58V:503,eligible_stereochemistry_review,0.8556174039840698,2.3133385181427,0.8556,2.3133,1.740398406979704e-05,3.851814270028342e-05,0.932572603225708,0.6585081815719604,scored_both,scored_both
5DB2,A:58R:601,eligible_stereochemistry_review,0.4790230989456177,3.5034420490264893,0.479,3.5034,2.3098945617694433e-05,4.204902648918818e-05,0.9801536202430725,0.4182070195674896,scored_both,scored_both
5DB3,A:58Q:610,eligible_stereochemistry_review,1.650265097618103,1.9438633918762207,1.6503,1.9439,-3.490238189707284e-05,-3.660812377925815e-05,0.7434210777282715,0.6894171833992004,scored_both,scored_both
5DDA,A:59M:601,eligible_stereochemistry_review,0.6091932058334351,1.4412118196487427,0.6092,1.4412,-6.7941665649051686e-06,1.1819648742639188e-05,0.9522515535354614,0.7474526762962341,scored_both,scored_both
5DDC,A:59V:601,eligible_exact_graph,0.372199684381485,1.3475993871688843,0.3722,1.3476,-3.156185149899571e-07,-6.128311156317068e-07,0.9873919486999512,0.7774869203567505,scored_both,scored_both
5DDD,A:59X:601,eligible_exact_graph,0.5441159605979919,1.5261098146438599,0.5441,1.5261,1.5960597991915293e-05,9.814643859851202e-06,0.9665254354476929,0.7444267272949219,scored_both,scored_both
5DEX,B:5E0:301,eligible_exact_graph,1.246934175491333,3.0106632709503174,1.2469,3.0107,3.4175491333110486e-05,-3.6729049682548975e-05,0.8190743327140808,0.5416197776794434,scored_both,scored_both
5DFP,A:59U:601,eligible_stereochemistry_review,1.8844748735427856,3.4843130111694336,1.8845,3.4843,-2.5126457214419418e-05,1.3011169433418956e-05,0.8136871457099915,0.5106167793273926,scored_both,scored_both
5DG6,A:V66:203,eligible_stereochemistry_review,2.0848684310913086,,2.0849,16.7743,-3.156890869160378e-05,,0.7052206993103027,,scored_both,partial_or_no_metrics
5DGJ,A:V64:201,eligible_stereochemistry_review,1.2459229230880737,,1.2459,3.0043,2.2923088073723008e-05,,0.8507556915283203,,scored_both,partial_or_no_metrics
5DGM,F:59Z:401,eligible_stereochemistry_review,1.1320992708206177,3.8136463165283203,1.1321,3.8136,-7.291793824304449e-07,4.63165283202116e-05,0.8311744332313538,0.5016170740127563,scored_both,scored_both
5DHJ,A:5E5:401,eligible_stereochemistry_review,0.3613603115081787,2.8285863399505615,0.3614,2.8286,-3.9688491821288086e-05,-1.3660049438257715e-05,0.9965674877166748,0.5966796875,scored_both,scored_both
5DIQ,F:5B9:403,eligible_exact_graph,0.7595673203468323,2.0583696365356445,0.7596,2.0584,-3.2679653167777545e-05,-3.0363464355254166e-05,0.9395084977149963,0.7577720284461975,scored_both,scored_both
5DIT,A:5B8:201,eligible_stereochemistry_review,3.835322141647339,7.077589511871338,3.8353,7.0776,2.214164733871371e-05,-1.0488128662444751e-05,0.6257022619247437,0.17901012301445007,scored_both,scored_both
5DIV,A:5BH:201,eligible_stereochemistry_review,0.7866435050964355,,0.7866,5.5734,4.350509643558098e-05,,0.9492847919464111,,scored_both,partial_or_no_metrics
5DJ5,A:GR2:800,eligible_stereochemistry_review,0.6630391478538513,7.678414821624756,0.663,7.6784,3.914785385128461e-05,1.4821624755967377e-05,0.93359375,0.1723790317773819,scored_both,scored_both
5DJV,F:5BL:401,eligible_exact_graph,0.2878413200378418,3.1731197834014893,0.2878,3.1731,4.132003784179661e-05,1.9783401489448238e-05,0.9911110997200012,0.553428590297699,scored_both,scored_both
5DK4,A:5BX:404,eligible_exact_graph,,,0.3126,6.0792,,,,,partial_or_no_metrics,partial_or_no_metrics
5DLS,A:5CV:301,eligible_exact_graph,1.040435552597046,,1.0404,3.2716,3.5552597045906964e-05,,0.9566091895103455,,scored_both,partial_or_no_metrics
5DLX,A:5D2:201,eligible_stereochemistry_review,1.9752449989318848,5.304841041564941,1.9752,5.3048,4.4998931884698834e-05,4.104156494122435e-05,0.7362045645713806,0.41694819927215576,scored_both,scored_both
5DNU,A:KKN:301,eligible_stereochemistry_review,0.31650298833847046,2.466062307357788,0.3165,2.4661,2.9883384704554317e-06,-3.769264221187285e-05,0.9863387942314148,0.5985915660858154,scored_both,scored_both
5DP7,A:5EC:201,eligible_exact_graph,0.841363787651062,,0.8414,3.0775,-3.621234893802505e-05,,0.9360047578811646,,scored_both,partial_or_no_metrics
5DP8,A:5ED:201,eligible_stereochemistry_review,1.2591067552566528,,1.2591,3.5995,6.755256652724029e-06,,0.842828094959259,,scored_both,partial_or_no_metrics
5DPA,A:5F2:201,eligible_stereochemistry_review,1.464065670967102,,1.4641,4.2535,-3.432903289790623e-05,,0.8065476417541504,,scored_both,partial_or_no_metrics
5DRI,A:5EQ:802,eligible_exact_graph,0.251886248588562,2.222944736480713,0.2519,2.2229,-1.3751411438001071e-05,4.473648071279257e-05,1.0,0.5984951853752136,scored_both,scored_both
5DRQ,A:5EM:303,eligible_stereochemistry_review,1.7716312408447266,2.8292810916900635,1.7716,2.8293,3.1240844726498906e-05,-1.890830993644954e-05,0.7506858706474304,0.5340670943260193,scored_both,scored_both
5DUS,A:APR:201,eligible_stereochemistry_review,0.853427529335022,3.27573299407959,0.8534,3.2757,2.7529335021925228e-05,3.299407958978762e-05,0.9410664439201355,0.5357415676116943,scored_both,scored_both
5DV2,A:C5P:601,eligible_exact_graph,2.5821340084075928,7.394567012786865,2.5821,7.3946,3.400840759271162e-05,-3.298721313438335e-05,0.6499277353286743,0.17201627790927887,scored_both,scored_both
5DV4,A:NMY:601,eligible_stereochemistry_review,,7.464326858520508,2.061,7.4643,,2.685852050809956e-05,,0.19704653322696686,partial_or_no_metrics,scored_both
5DWR,A:5H7:401,eligible_stereochemistry_review,,,0.7866,1.6005,,,,,partial_or_no_metrics,partial_or_no_metrics
5DX4,A:E0C:201,eligible_stereochemistry_review,0.6126205921173096,3.6934566497802734,0.6126,3.6935,2.0592117309536917e-05,-4.3350219726345784e-05,0.9877907037734985,0.409970223903656,scored_both,scored_both
5DY7,A:5GT:801,eligible_stereochemistry_review,0.44925540685653687,3.9743409156799316,0.4493,3.9743,-4.459314346311194e-05,4.091567993169676e-05,0.9580000042915344,0.40664273500442505,scored_both,scored_both
5DYA,A:5GV:802,eligible_stereochemistry_review,1.0959105491638184,5.837929725646973,1.0959,5.8379,1.0549163818263096e-05,2.9725646972345032e-05,0.8618119359016418,0.2958199381828308,scored_both,scored_both
5E0A,C:NAG:201,eligible_stereochemistry_review,0.6697084903717041,22.766109466552734,0.6697,22.7661,8.490371704139577e-06,9.46655273281749e-06,0.9319307208061218,0.001291989698074758,scored_both,scored_both
5E0G,A:5LG:202,eligible_stereochemistry_review,1.810646891593933,5.798811912536621,1.8106,5.7988,4.689159393311826e-05,1.1912536621139225e-05,0.7046195864677429,0.32571181654930115,scored_both,scored_both
5E0H,A:5LH:201,eligible_stereochemistry_review,1.5823999643325806,7.115111351013184,45.5224,7.1151,-43.94000003566742,1.1351013183613645e-05,0.6225319504737854,0.25052890181541443,scored_both,scored_both
5E0J,A:5LJ:204,eligible_stereochemistry_review,1.7091861963272095,4.396734237670898,1.7092,4.3967,-1.3803672790579924e-05,3.423767089838492e-05,0.713992714881897,0.43103447556495667,scored_both,scored_both
5E13,A:5J9:201,eligible_exact_graph,0.5669754147529602,5.901595592498779,0.567,5.9016,-2.4585247039743408e-05,-4.407501220882182e-06,0.9535783529281616,0.39086687564849854,scored_both,scored_both
5E1S,A:5JA:1301,eligible_stereochemistry_review,0.6489704251289368,2.0416617393493652,0.649,2.0417,-2.9574871063253738e-05,-3.826065063483597e-05,0.946052610874176,0.7064372897148132,scored_both,scored_both
5E2O,A:5JM:301,eligible_stereochemistry_review,,,1.2105,9.4969,,,,,partial_or_no_metrics,partial_or_no_metrics
5E2P,A:7P0:301,eligible_stereochemistry_review,,,0.684,9.7322,,,,,partial_or_no_metrics,partial_or_no_metrics
5E3G,A:5JQ:801,eligible_exact_graph,0.17028836905956268,3.654400110244751,0.1703,3.6544,-1.1630940437323822e-05,1.1024475110588128e-07,1.0,0.5589005351066589,scored_both,scored_both
5E73,A:UO1:2001,eligible_stereochemistry_review,2.0713095664978027,6.053544044494629,2.0713,6.0535,9.566497802815377e-06,4.404449462924731e-05,0.7651654481887817,0.27045726776123047,scored_both,scored_both
5E74,A:5KH:2001,eligible_stereochemistry_review,2.065502166748047,5.193477153778076,2.0655,5.1935,2.166748046761313e-06,-2.28462219240555e-05,0.7847341299057007,0.30558690428733826,scored_both,scored_both
5E7N,A:5KR:201,eligible_stereochemistry_review,0.9585411548614502,8.3414888381958,0.9585,8.3415,4.115486145017666e-05,-1.1161804199133485e-05,0.9143356680870056,0.14672061800956726,scored_both,scored_both
5E88,A:5KT:302,eligible_stereochemistry_review,1.2031402587890625,4.013539791107178,1.2031,4.0135,4.0258789062441735e-05,3.979110717811096e-05,0.8238095045089722,0.4662017226219177,scored_both,scored_both
5E8A,A:5KS:302,eligible_stereochemistry_review,1.3910759687423706,6.121289253234863,1.3911,6.1213,-2.403125762939773e-05,-1.0746765136460112e-05,0.8456973433494568,0.38732004165649414,scored_both,scored_both
5EA4,F:5NM:607,eligible_exact_graph,0.5530468225479126,,0.553,5.8901,4.682254791255058e-05,,0.9884428381919861,,scored_both,partial_or_no_metrics
5EA5,F:TM3:602,eligible_stereochemistry_review,3.9059576988220215,,3.906,4.0895,-4.230117797865418e-05,,0.44207316637039185,,scored_both,partial_or_no_metrics
5EA7,F:5NO:607,eligible_exact_graph,0.7333315014839172,6.7655744552612305,0.7333,6.7656,3.150148391728447e-05,-2.5544738769589515e-05,0.996688723564148,0.3459821343421936,scored_both,scored_both
5EB2,A:TRP:201,eligible_exact_graph,6.112939357757568,9.423913955688477,6.1129,9.4239,3.9357757568581064e-05,1.3955688476841033e-05,0.43409740924835205,0.15663057565689087,scored_both,scored_both
5EB3,A:UEG:202,eligible_stereochemistry_review,0.398359090089798,28.757591247558594,0.3984,29.6987,-4.090991020200274e-05,-0.941108752441405,0.9801762104034424,0.0,scored_both,scored_both
5ECT,A:DUP:201,eligible_stereochemistry_review,23.871662139892578,15.705894470214844,23.8717,15.7059,-3.786010742246049e-05,-5.529785155999889e-06,0.0027434842195361853,0.0626969113945961,scored_both,scored_both
5ECV,A:5M2:802,eligible_stereochemistry_review,0.44188299775123596,2.712129592895508,0.4419,2.7121,-1.7002248764053096e-05,2.9592895507857264e-05,0.9820234179496765,0.5541915893554688,scored_both,scored_both
5EDB,A:5M8:201,eligible_exact_graph,0.2697402536869049,2.214655637741089,0.2697,2.2147,4.0253686904911934e-05,-4.436225891124579e-05,0.9978991746902466,0.645901620388031,scored_both,scored_both
5EDD,A:DUP:202,eligible_stereochemistry_review,23.915597915649414,10.817621231079102,23.9156,10.8176,-2.0843505872392143e-06,2.123107910101396e-05,0.002057613106444478,0.15376105904579163,scored_both,scored_both
5EDL,A:VIB:201,eligible_stereochemistry_review,0.6814141869544983,2.101199150085449,0.6814,2.1012,1.4186954498285331e-05,-8.499145507379069e-07,0.931034505367279,0.6713102459907532,scored_both,scored_both
5EDS,A:5MT:1204,eligible_stereochemistry_review,1.8416794538497925,5.631978511810303,1.8417,5.632,-2.054615020741224e-05,-2.1488189696938775e-05,0.7623279690742493,0.2981327772140503,scored_both,scored_both
5EE7,A:5MV:1201,eligible_stereochemistry_review,3.4131898880004883,,3.4132,12.0783,-1.011199951150843e-05,,0.7875165939331055,,scored_both,partial_or_no_metrics
5EE8,A:ZXM:301,eligible_stereochemistry_review,1.3523662090301514,2.066149950027466,1.3524,2.0661,-3.379096984867935e-05,4.9950027465772706e-05,0.8260086178779602,0.6757392287254333,scored_both,scored_both
5EFB,D:5OK:2004,eligible_stereochemistry_review,0.8844516277313232,2.697786569595337,0.8845,2.6978,-4.837226867671074e-05,-1.3430404663061779e-05,0.9285010099411011,0.5929951667785645,scored_both,scored_both
5EFC,A:GTP:501,eligible_stereochemistry_review,6.46379280090332,25.964298248291016,6.4638,25.9643,-7.199096679677552e-06,-1.7517089858642976e-06,0.30181199312210083,0.0,scored_both,scored_both
5EH5,A:XCZ:303,eligible_stereochemistry_review,0.28582337498664856,2.0285778045654297,0.2858,2.0286,2.337498664856108e-05,-2.219543457027129e-05,0.9937304258346558,0.6945754885673523,scored_both,scored_both
5EH7,A:5O5:303,eligible_stereochemistry_review,0.3644479811191559,3.6392264366149902,0.3644,3.6392,4.79811191558821e-05,2.6436614990021923e-05,0.9947552680969238,0.4462738335132599,scored_both,scored_both
5EH8,A:5O6:303,eligible_exact_graph,0.3383922278881073,4.2850799560546875,0.3384,4.2851,-7.77211189267879e-06,-2.004394531240905e-05,1.0,0.4154786169528961,scored_both,scored_both
5EHV,A:5ON:301,eligible_stereochemistry_review,9.38380241394043,4.602332592010498,9.3838,4.6023,2.4139404288803235e-06,3.259201049843341e-05,0.1855783313512802,0.3764285743236542,scored_both,scored_both
5EHW,A:5OO:303,eligible_stereochemistry_review,0.44998279213905334,2.5902557373046875,0.45,2.5903,-1.7207860946666376e-05,-4.4262695312546896e-05,0.9838709831237793,0.5941246747970581,scored_both,scored_both
5EI2,A:5O7:901,eligible_stereochemistry_review,0.36413443088531494,1.9638590812683105,0.3641,1.9639,3.443088531496219e-05,-4.0918731689432164e-05,0.9919847249984741,0.6752163171768188,scored_both,scored_both
5EI6,A:5OQ:901,eligible_exact_graph,0.3718423843383789,1.562147617340088,0.3718,1.5621,4.238433837888689e-05,4.761734008784657e-05,0.991525411605835,0.7390661835670471,scored_both,scored_both
5EI8,A:5OE:901,eligible_stereochemistry_review,0.6062203049659729,3.479233503341675,0.6062,3.4792,2.0304965972939293e-05,3.3503341674734344e-05,0.9434640407562256,0.5417046546936035,scored_both,scored_both
5EIF,A:4M0:302,eligible_stereochemistry_review,0.6859992146492004,21.749988555908203,49.323,32.9709,-48.6370007853508,-11.220911444091797,0.9386792182922363,0.0,scored_both,scored_both
5EIW,A:X0V:302,eligible_exact_graph,0.4227961003780365,27.891998291015625,0.4228,27.892,-3.899621963510125e-06,-1.7089843744599875e-06,0.9970760345458984,0.0,scored_both,scored_both
5EKH,A:5RD:303,eligible_exact_graph,0.2145451456308365,0.9898170828819275,0.2145,0.9898,4.514563083649059e-05,1.708288192747709e-05,1.0,0.87890625,scored_both,scored_both
5EKJ,A:TG4:303,eligible_exact_graph,1.4746627807617188,1.9484119415283203,1.4747,1.9484,-3.7219238281149813e-05,1.1941528320402739e-05,0.9034598469734192,0.7365471124649048,scored_both,scored_both
5EKM,A:TG5:304,eligible_stereochemistry_review,4.134561538696289,3.751612424850464,4.1346,3.7516,-3.846130371076839e-05,1.2424850464043402e-05,0.7146365642547607,0.5327585935592651,scored_both,scored_both
5EKN,A:N58:401,eligible_stereochemistry_review,0.6671009659767151,9.1275053024292,0.6671,9.1275,9.659767150616005e-07,5.30242919971613e-06,0.9460382461547852,0.21639472246170044,scored_both,scored_both
5EKX,A:2CQ:302,eligible_stereochemistry_review,2.185476779937744,17.043519973754883,2.1855,42.7678,-2.3220062256079643e-05,-25.72428002624512,0.7255154848098755,0.0027624310459941626,scored_both,scored_both
5EL9,A:5DL:303,eligible_stereochemistry_review,32.046504974365234,27.274389266967773,32.0465,27.2744,4.974365232612854e-06,-1.0733032226539763e-05,0.0,0.0,scored_both,scored_both
5ELW,A:5LD:303,eligible_stereochemistry_review,39.826393127441406,22.370988845825195,39.8264,22.371,-6.872558593329359e-06,-1.115417480335168e-05,0.0,0.0,scored_both,scored_both
5ELY,A:5PU:817,eligible_stereochemistry_review,1.1821304559707642,7.9070539474487305,1.1821,7.9071,3.0455970764231566e-05,-4.6052551269326614e-05,0.8551255464553833,0.14345887303352356,scored_both,scored_both
5ELZ,A:3V9:303,eligible_representation_review,15.992890357971191,,15.9929,9.1496,-9.642028809153658e-06,,0.1431000977754593,,scored_both,partial_or_no_metrics
5EMJ,A:5QJ:702,eligible_stereochemistry_review,1.8496737480163574,,1.8497,50.1236,-2.625198364247794e-05,,0.7641562819480896,,scored_both,partial_or_no_metrics
5ENB,A:5Q5:1501,eligible_stereochemistry_review,0.8618484735488892,4.015195369720459,0.8618,4.0152,4.8473548889149676e-05,-4.630279541117943e-06,0.8923948407173157,0.4001196026802063,scored_both,scored_both
5ENC,A:5QD:1503,eligible_stereochemistry_review,0.7296538352966309,2.0838356018066406,0.7297,2.0838,-4.61647033691559e-05,3.5601806640528366e-05,0.9719626307487488,0.6752049326896667,scored_both,scored_both
5ENE,A:5Q8:1501,eligible_stereochemistry_review,0.2525387704372406,,0.2525,3.7634,3.8770437240598365e-05,,1.0,,scored_both,partial_or_no_metrics
5ENF,A:5Q7:1503,eligible_exact_graph,0.2108992636203766,1.5509072542190552,0.2109,1.5509,-7.36379623417216e-07,7.254219055230493e-06,1.0,0.7747747898101807,scored_both,scored_both
5ENH,A:5QB:1501,eligible_stereochemistry_review,0.5785117745399475,1.8632415533065796,0.5785,1.8632,1.1774539947495555e-05,4.155330657962253e-05,0.9659532904624939,0.6493993997573853,scored_both,scored_both
5ENI,A:5QA:1501,eligible_stereochemistry_review,1.0784852504730225,2.176161289215088,1.0785,2.1762,-1.4749526977553273e-05,-3.871078491224367e-05,0.9008097052574158,0.6040268540382385,scored_both,scored_both
5ENJ,A:5Q9:1501,eligible_stereochemistry_review,0.380130797624588,1.9150755405426025,0.3801,1.9151,3.079762458801927e-05,-2.445945739748545e-05,0.9945887327194214,0.6306451559066772,scored_both,scored_both
5ENK,A:5QV:503,eligible_stereochemistry_review,1.3172862529754639,6.898642539978027,1.3173,6.8986,-1.3747024536048258e-05,4.253997802727838e-05,0.8253323435783386,0.20845070481300354,scored_both,scored_both
5ENM,A:5QU:503,eligible_stereochemistry_review,,6.799398899078369,2.0824,6.7994,,-1.100921631191909e-06,,0.21454711258411407,partial_or_no_metrics,scored_both
5EOU,B:ATP:401,eligible_stereochemistry_review,0.8755812644958496,12.476418495178223,0.8756,39.947,-1.8735504150435567e-05,-27.47058150482178,0.8961840867996216,0.06633416563272476,scored_both,scored_both
5EP7,A:5QR:1201,eligible_exact_graph,1.2464158535003662,1.2508909702301025,1.2464,1.2509,1.5853500366258544e-05,-9.029769897361817e-06,0.9250629544258118,0.9412532448768616,scored_both,scored_both
5EPN,A:5R2:1203,eligible_stereochemistry_review,,,3.404,2.6644,,,,,partial_or_no_metrics,partial_or_no_metrics
5EPR,A:5QY:801,eligible_stereochemistry_review,0.5568814277648926,3.267124891281128,0.5569,3.2671,-1.8572235107372492e-05,2.489128112781458e-05,0.9504870176315308,0.5708447098731995,scored_both,scored_both
5EPS,A:5QX:801,eligible_stereochemistry_review,0.5575852990150452,3.3976528644561768,0.5576,3.3977,-1.470098495481853e-05,-4.7135543823184634e-05,0.9471726417541504,0.567915678024292,scored_both,scored_both
5EQQ,A:5RS:1203,eligible_stereochemistry_review,,,1.1553,3.3898,,,,,excluded_runtime_guard,excluded_runtime_guard
5ER1,E:0HT:327,eligible_stereochemistry_review,11.550921440124512,,11.5509,7.018,2.1440124511329373e-05,,0.20683856308460236,,scored_both,partial_or_no_metrics
5ER2,E:0EK:327,eligible_stereochemistry_review,1.0548368692398071,,1.0548,5.578,3.686923980716905e-05,,0.8842729926109314,,scored_both,partial_or_no_metrics
5ES1,A:5RC:4000,eligible_stereochemistry_review,0.8671976327896118,1.3799771070480347,0.8672,1.38,-2.3672103881544615e-06,-2.289295196522545e-05,0.9337121248245239,0.764140248298645,scored_both,scored_both
5ETB,A:5RO:801,eligible_stereochemistry_review,0.3726418912410736,1.4401018619537354,0.3726,1.4401,4.189124107362163e-05,1.8619537354158666e-06,0.99842768907547,0.7701388597488403,scored_both,scored_both
5EVB,A:3R9:403,eligible_stereochemistry_review,3.4543282985687256,3.473443031311035,3.4543,3.4734,2.8298568725659834e-05,4.303131103533531e-05,0.5618811845779419,0.6106060743331909,scored_both,scored_both
5EWD,A:5SH:801,eligible_stereochemistry_review,0.3975071907043457,4.891636371612549,0.3975,4.8916,7.190704345683141e-06,3.6371612548435905e-05,0.987500011920929,0.4694989025592804,scored_both,scored_both
5EWH,A:5SG:801,eligible_stereochemistry_review,2.551726818084717,2.5946269035339355,2.5517,2.5946,2.6818084716939694e-05,2.690353393575151e-05,0.6737056970596313,0.6652047038078308,scored_both,scored_both
5EWY,A:5TQ:301,eligible_stereochemistry_review,,,0.6022,5.4966,,,,,partial_or_no_metrics,partial_or_no_metrics
5EXL,A:5SS:301,eligible_stereochemistry_review,1.0589691400527954,2.5094499588012695,1.059,2.5094,-3.0859947204531224e-05,4.995880126967833e-05,0.8432203531265259,0.6447368264198303,scored_both,scored_both
5EYR,A:5T0:301,eligible_stereochemistry_review,0.7885121703147888,,0.7885,4.8115,1.2170314788839676e-05,,0.939769983291626,,scored_both,partial_or_no_metrics
5EZX,A:5T5:501,eligible_stereochemistry_review,1.1283280849456787,3.920940637588501,1.1283,3.9209,2.808494567863029e-05,4.063758850092469e-05,0.8679856061935425,0.43616390228271484,scored_both,scored_both
5EZZ,A:5T6:501,eligible_stereochemistry_review,1.4602923393249512,4.000227451324463,1.4603,4.0002,-7.660675048759558e-06,2.7451324462468563e-05,0.8145624399185181,0.39162009954452515,scored_both,scored_both
5F00,A:5T8:504,eligible_stereochemistry_review,0.4905451834201813,1.6185946464538574,0.4905,1.6186,4.518342018128285e-05,-5.35354614261685e-06,0.9834410548210144,0.7385355234146118,scored_both,scored_both
5F01,A:5T7:504,eligible_stereochemistry_review,1.4510866403579712,1.986273169517517,1.4511,1.9863,-1.3359642028865082e-05,-2.683048248286468e-05,0.8413461446762085,0.6988243460655212,scored_both,scored_both
5F08,A:5TG:301,eligible_stereochemistry_review,0.4175316393375397,3.7286009788513184,0.4175,3.7286,3.1639337539690615e-05,9.788513182229508e-07,0.985753059387207,0.47748374938964844,scored_both,scored_both
5F2F,A:5U7:201,eligible_stereochemistry_review,,,1.3194,3.5718,,,,,partial_or_no_metrics,partial_or_no_metrics
5F3E,A:5UO:403,eligible_exact_graph,0.49898281693458557,18.533498764038086,50.8844,18.5335,-50.385417183065414,-1.2359619141477651e-06,0.9592592716217041,0.0003405994502827525,scored_both,scored_both
5F3G,A:5UL:403,eligible_stereochemistry_review,1.3924115896224976,30.104524612426758,1.3924,51.476,1.1589622497476526e-05,-21.37147538757324,0.8792974352836609,0.0,scored_both,scored_both
5F3I,A:5UJ:403,eligible_stereochemistry_review,0.610785186290741,19.48677635192871,50.746,19.4868,-50.13521481370926,-2.3648071287851735e-05,0.9365741014480591,0.0,scored_both,scored_both
5F4N,A:5UY:301,eligible_stereochemistry_review,0.6567563414573669,2.110229969024658,0.6568,2.1102,-4.365854263310709e-05,2.9969024658349497e-05,0.9521498084068298,0.6615250110626221,scored_both,scored_both
5F6D,A:5VJ:201,eligible_exact_graph,0.21650362014770508,1.4009886980056763,0.2165,1.401,3.6201477050801234e-06,-1.1301994323753561e-05,1.0,0.7771362662315369,scored_both,scored_both
5F6U,A:5VK:201,eligible_stereochemistry_review,1.1439807415008545,4.594824314117432,1.144,4.5948,-1.9258499145413666e-05,2.43141174314232e-05,0.9213414788246155,0.3678571283817291,scored_both,scored_both
5F74,A:AMP:301,eligible_exact_graph,,,0.4557,4.0408,,,,,partial_or_no_metrics,partial_or_no_metrics
5F9B,B:5VN:501,eligible_stereochemistry_review,,19.924293518066406,1.9802,19.9243,,-6.481933592539235e-06,,0.00023854961909819394,partial_or_no_metrics,scored_both
5FAH,A:5VT:302,eligible_stereochemistry_review,1.049111008644104,,1.0491,4.4081,1.1008644104082421e-05,,0.8866040110588074,,scored_both,partial_or_no_metrics
5FBE,A:5W5:302,eligible_stereochemistry_review,1.021552324295044,,1.0216,4.1632,-4.767570495611828e-05,,0.8751173615455627,,scored_both,partial_or_no_metrics
5FBI,A:5WD:302,eligible_stereochemistry_review,1.1964207887649536,5.469546318054199,1.1964,5.4695,2.0788764953705297e-05,4.631805419919033e-05,0.9709051847457886,0.3731721043586731,scored_both,scored_both
5FBO,A:5WH:1001,eligible_stereochemistry_review,3.378415107727051,3.399099111557007,3.3784,3.3991,1.5107727050711617e-05,-8.884429929523208e-07,0.5606741309165955,0.497903972864151,scored_both,scored_both
5FCK,A:5WC:301,eligible_stereochemistry_review,1.1001564264297485,2.068500518798828,1.1002,2.0685,-4.3573570251531635e-05,5.187988283417155e-07,0.880885124206543,0.6438171863555908,scored_both,scored_both
5FCZ,A:TNX:601,eligible_stereochemistry_review,,,0.8951,2.9592,,,,,partial_or_no_metrics,partial_or_no_metrics
5FDC,A:5WN:302,eligible_exact_graph,0.23365004360675812,2.781513214111328,0.2336,2.7815,5.004360675811559e-05,1.3214111328263556e-05,1.0,0.57855623960495,scored_both,scored_both
5FDI,A:5WM:302,eligible_stereochemistry_review,2.8482587337493896,,2.8483,3.173,-4.1266250610405564e-05,,0.6402320861816406,,scored_both,partial_or_no_metrics
5FE6,A:5WZ:909,eligible_exact_graph,0.8851202726364136,16.180131912231445,32.2542,16.1801,-31.369079727363584,3.1912231445829775e-05,0.9330110549926758,0.00856793113052845,scored_both,scored_both
5FE7,A:5WU:902,eligible_exact_graph,0.20475012063980103,8.632515907287598,0.2048,8.6325,-4.9879360198984424e-05,1.5907287597372033e-05,1.0,0.10467381030321121,scored_both,scored_both
5FHM,A:5XP:304,eligible_stereochemistry_review,,,18.4098,6.3385,,,,,partial_or_no_metrics,partial_or_no_metrics
5FHN,A:5XO:305,eligible_stereochemistry_review,,,1.4371,3.453,,,,,partial_or_no_metrics,partial_or_no_metrics
5FIV,A:3TL:201,eligible_stereochemistry_review,4.081206798553467,,4.0812,10.0385,6.798553466857982e-06,,0.6487101912498474,,scored_both,partial_or_no_metrics
5FLO,A:J4K:1263,eligible_stereochemistry_review,1.000077724456787,4.5995707511901855,1.0001,4.5996,-2.227554321287961e-05,-2.9248809814141907e-05,0.8951421976089478,0.38471731543540955,scored_both,scored_both
5FLS,A:6ZX:1263,eligible_stereochemistry_review,0.4988528788089752,3.427168130874634,0.4989,3.4272,-4.71211910247904e-05,-3.1869125366235096e-05,0.9915730357170105,0.5087617039680481,scored_both,scored_both
5FND,A:IQ5:1225,eligible_stereochemistry_review,0.8841255307197571,2.7225193977355957,0.8841,2.7225,2.5530719757083098e-05,1.9397735595561016e-05,0.9381067752838135,0.5653021335601807,scored_both,scored_both
5FNI,A:YIH:1265,eligible_stereochemistry_review,0.5099254250526428,2.597511053085327,0.5099,2.5975,2.542505264280237e-05,1.1053085327006329e-05,0.9767726063728333,0.6119888424873352,scored_both,scored_both
5FNQ,A:S0W:1614,eligible_stereochemistry_review,,,0.7783,5.2407,,,,,partial_or_no_metrics,partial_or_no_metrics
5FNR,A:XMS:1614,eligible_stereochemistry_review,,,0.4304,5.0467,,,,,partial_or_no_metrics,partial_or_no_metrics
5FNS,A:XYY:1614,eligible_stereochemistry_review,,,0.7034,3.7365,,,,,partial_or_no_metrics,partial_or_no_metrics
5FNT,A:0PL:1615,eligible_stereochemistry_review,,,0.8679,3.3988,,,,,partial_or_no_metrics,partial_or_no_metrics
5FP0,A:SZC:1549,eligible_stereochemistry_review,0.8933680057525635,3.5076398849487305,0.8934,3.5076,-3.199424743649537e-05,3.988494873041759e-05,0.8952184319496155,0.5278837084770203,scored_both,scored_both
5FPU,A:K0I:1756,eligible_stereochemistry_review,1.3566081523895264,5.601681709289551,1.3566,5.6017,8.152389526339121e-06,-1.8290710449342384e-05,0.7914052605628967,0.2984822988510132,scored_both,scored_both
5FS5,A:KGM:1159,eligible_stereochemistry_review,,,1.1182,2.2924,,,,,partial_or_no_metrics,partial_or_no_metrics
5FSL,A:UAN:1157,eligible_stereochemistry_review,0.2114371508359909,3.724947929382324,0.2114,3.7249,3.715083599090119e-05,4.792938232434096e-05,1.0,0.4651675522327423,scored_both,scored_both
