id,pose rmsd,pocket rmsd,qs score,lddt-pli,confidence
1azx_ntp,12.449325203378198,2.878531010616937,0.2278451471849446,,0.86889230713846
1b86_dg2,3.723646322886149,3.1489217359399944,0.4020017252359204,0.32615648706754047,0.7163864022293062
1bj4_plp,0.7642249703407288,3.4032784610396987,0.4983598844181724,0.8830687284469605,0.984827139751512
1bm7_flf,0.8362363934516907,3.0636716577406884,0.5230837282265913,0.8737439274787903,0.8904691091186514
1cqp_803,2.0252626180648803,4.8223308342131315,0.42708614507313525,0.6008641004562378,0.843691848849718
1cza_g6p,2.3023843256668943,1.1696501025067667,0.9128716346613324,,0.7263227677549681
1dvs_stl,1.3052278757095337,3.5568847917942614,0.4340898982571194,0.7550304889678955,0.9121721259874
1dvt_flp,2.93456392288208,4.12241793278214,0.47619761651683,0.5146767258644104,0.8717265660199633
1dvu_dbf,2.4096828937530517,2.8963594883537995,0.39278250903418027,0.648139214515686,0.8648738721745456
1dvx_dif,6.179942512512207,2.5768873101468905,0.5136887260746088,0.24690246880054473,0.8184407555921899
1dvy_bpd,2.6341774463653564,0.8472203021492792,0.44275212507410094,0.6305182456970215,0.9275925438408066
1dvz_ofl,1.8009937047958373,2.0024612774971824,0.4409741863589864,0.7536253452301025,0.8122009023033634
1e03_ntp,13.929633389315393,3.1430786596083986,0.16512767187660027,,0.8690593574260262
1e4h_pbr,3.899463415145874,4.158352901267652,0.5002957414886272,0.48251037001609803,0.7856729376060668
1e7b_hlt,6.3740709781646725,8.788240014678966,0.4382903470524339,0.4103814423084259,0.7336478861464932
1e7c_hlt,0.9011200368404388,2.9395971513705907,0.4387073977768643,0.844228208065033,0.717954121609998
1em6_cp4,0.9435230135917664,0.23255925524700533,0.6430666943463951,0.5187054634094238,0.8322326863881118
1eta_t44,3.4451314210891724,2.2809553682544514,,0.5140528529882431,0.8843935125154113
1etb_t44,3.4772435426712036,2.2910809348869012,,0.5157656371593475,0.8843468367738451
1exv_700,12.155858755111694,2.9437542618339676,0.3714628676390075,0.16534367576241493,0.613297410178032
1exv_mpd,5.838963508605957,,,0.25064268708229065,0.7362622755081909
1f86_t44,1.2116746783256531,0.8457184903006988,,0.7804457068443298,0.8921645708519355
1fap_rap,0.4495127749140006,2.649174890033514,0.41705079109992155,,0.9433735441088545
1fta_amp,0.29808016419410704,2.7364089742503155,0.5592867735299534,0.9640384435653686,0.9723849258025112
1g9v_rq3,19.90953826904297,2.444135902209287,,0.0282676350325346,0.7826345223867228
1gz3_fum,1.6230148792266845,4.661539462836654,0.4627121521522084,0.4833371162414551,0.8982176682123635
1gz4_fum,1.8497450351715088,3.28986420991358,0.43568465789219546,0.4804773271083832,0.8991145439754143
1hak_k21,7.202087879180908,2.3507889916718563,0.399424080362543,0.25577373802661896,0.6868467846833881
1hkb_g6p,2.6466558896698342,1.105903221629026,0.9039010416036867,,0.726609976650729
1i72_put,0.43141300678253175,4.063994175016995,0.6313160365592887,0.2383887231349945,0.952974217975466
1i79_put,0.42445361614227295,4.059643893392526,0.6242917190925729,0.22619051933288575,0.952974217975466
1i7b_put,0.4064392328262329,3.9827927241543586,0.6475810395100392,0.22592520713806152,0.952974217975466
1i7c_put,0.3121356159448624,3.8951306742448835,0.6331149758345599,0.2354347288608551,0.952974217975466
1i7m_put,0.46505757570266726,4.080448409834332,0.6238207411979158,0.24243264198303222,0.952974217975466
1kv1_bmu,0.47785794734954834,0.26150834417296687,0.9442698817914706,0.9056337118148804,0.9692561203506745
1kv2_b96,0.41037009954452514,0.5651798787914893,0.9396881064708058,0.9363583922386169,0.9681242920305546
1l5q_700,12.081274390220642,2.7151260130084047,0.3393316982829092,0.16554009914398193,0.6133454619968592
1l5q_cff,8.890529584884643,3.839500926358583,0.37217310286354,0.3703442454338074,0.681246007249001
1l5r_700,12.120235323905945,1.0250723022267614,0.4517807244560779,0.16505125537514687,0.6130201260046187
1l5r_rbf,1.8007174134254456,0.5881644774026475,0.8721701537282269,0.6613498479127884,0.7504871122928989
1l5s_700,12.133904933929443,2.718541305721893,0.3396923911143688,0.16473115235567093,0.6133454619968592
1l5s_urc,3.5841497659683226,2.925479021136609,0.4128627227304492,0.530287754535675,0.7779935519412147
1l7x_700,12.109114646911621,2.31151692505059,0.33977241113529705,0.16451790556311607,0.6122359728931765
1l7x_cff,8.793648433685302,3.825853044152507,0.3794882160128325,0.3661697722156532,0.681246007249001
1msv_put,0.266639843583107,4.117879834448584,0.9598527371940835,0.9952421069145203,0.952974217975466
1ne7_16g,15.960000806436687,3.6810359900999536,0.4795437456449897,,0.8072298490582233
1nq9_ntp,12.998628170455428,3.1492041275952998,0.13460080335103672,,0.8691784128246732
1nsg_rad,0.5750305761724319,2.715144084735092,0.415072362556378,,0.9410481916783905
1oj9_1pb,0.4662909865379333,3.1136354272783615,0.47619153843669765,0.9552000999450684,0.9108537887245648
1opl_myr,1.6827482461929322,3.3078738354716735,0.47331260619476473,0.8194470763206482,1.0649132121740674
1pj2_fum,1.8089130640029907,3.3242374931314407,0.4862427246561028,0.4620047748088837,0.8985820903636792
1pj3_fum,1.8782427549362182,3.3094634850047724,0.461294553169071,0.468952476978302,0.8995957821033974
1pj4_fum,1.891353392601013,2.9734062770596736,0.5131583000334118,0.4600899279117584,0.8979935253230682
1q0b_nat,0.544458520412445,3.3539865110916893,0.6464349650312025,0.9530430555343627,0.915104300531423
1qha_g6p,2.419306937010661,1.044593938679736,0.9164743836797499,,0.7263227677549681
1rd4_l08,1.1815980911254882,3.4298012430168776,0.4790484308220397,0.789822232723236,0.9188023365393514
1s9i_5ea,0.7073786139488221,3.6302892444373627,0.5357757632908262,0.8454193234443664,1.0091015579458893
1s9j_bbm,1.4243195533752442,4.6110889413284974,0.5131848971281262,0.8329079508781433,1.0256711839465795
1shj_nxn,7.246303844451904,3.337330931704868,0.52771718163074,0.23927449584007263,0.9596053294737723
1shl_fxn,9.944458166758219,4.380950531513283,0.44305098005167404,0.10673612386259872,0.7457573715137441
1sr5_nt1,10.99379864575847,3.472317188573129,0.15566834089399686,,0.934156972368557
1t48_bb3,1.1014992713928222,1.1300695709884254,0.850148093659838,0.7668359875679016,0.9240399340823702
1t49_892,0.859346616268158,0.20075988674963385,0.7851078817005717,0.9154812455177307,1.0674719646967576
1t4j_frj,2.7173577308654786,0.19283014504210177,0.7926805226883663,0.8466211676597595,1.0513038288492234
1t5a_fbp,3.3623263591997117,3.070818297855717,0.17324906361527231,,0.9201490761487424
1tbf_via,1.6950268030166626,3.337165988346645,0.4764420782225837,0.891539704799652,0.9065248997514767
1tha_t33,2.0078011751174927,3.067634865379391,0.3027967567768156,0.7044239640235901,0.922037966264077
1thc_fl9,4.060584688186646,3.3760483370046375,0.46534244275991893,0.43803035616874697,0.9161210981549862
1tlm_mil,1.539376974105835,1.7466788723551332,0.49201084076943546,0.8098977327346801,0.7463449723398742
1tt6_des,1.1261751651763916,12.368001399304395,0.5013389847671427,0.7962033748626709,0.8584441795466045
1tyr_rea,3.6501863956451417,2.6687413690977886,0.4275333133618826,0.6061582088470459,0.8864463360702043
1u21_p2c,7.145755290985107,2.499129532819948,0.4112879526966237,0.20208373069763183,0.9620149745179848
1uwh_bax,0.3929522931575775,4.06485523761753,0.4787693337144828,0.9620416641235352,1.069228484361491
1uwj_bax,1.4820645570755004,4.181413913773592,0.5690014134941312,0.8835247874259948,1.0709937309799398
1v4s_mrk,0.6193391561508179,3.787198796000149,0.5124492310319981,0.8596982359886169,0.9394191839058983
1w0f_str,8.930829226970673,2.7488590204995047,0.2992021309013367,0.27613502368330956,0.7215639035055403
1w82_l10,0.279794305562973,0.17690521173527737,0.9754207896661207,0.9628331899642945,0.971735998259916
1w83_l11,0.4876843452453613,0.24209868191374442,0.9603323469094249,0.9373920679092407,0.9713965913054556
1wbn_l09,0.8252573132514953,0.4179969581854247,0.9528975033502423,0.8817640900611877,0.9684451318220033
1wbs_li2,0.4046968102455139,0.35253622559625153,0.9707289148949403,0.9249911546707154,0.9665075483053596
1wbt_wbt,0.44090424180030824,0.32270295736257354,0.9616375787320454,0.9191195607185364,0.9695422115574518
1wbv_li3,0.7037390828132629,0.22389933154352254,0.9691945365931071,0.9050898909568786,0.9594235443346715
1x88_nat,0.5729350805282593,10.698911545110928,0.3187105423484848,0.9450865387916565,0.9125044098682208
1xdd_aay,5.303918743133545,3.288333105663706,0.4499971214466952,0.36897640824317934,0.7902800366476065
1xdg_ab8,4.692896986007691,4.513497317350652,0.472249122212162,0.41068691611289976,0.6787738795899402
1xoi_288,1.47966468334198,3.777363694431409,0.3465054865745577,0.5316845357418061,0.8862485998694893
1xuo_la1,6.3399402618408205,3.627983084947938,0.39841434051738733,0.24005642235279084,0.7442717374883523
1y1d_fhi,3.3417810916900637,3.8911294033591104,0.36411907277017175,0.5548102378845214,0.8167220956555246
1ygc_905,0.2459990441799164,4.168088429621759,0.4179746005531981,0.9677728891372681,0.9964069273934214
1yrs_l47,0.9875847458839416,0.24111843333882305,0.9539689680329916,0.9015166282653808,0.9576774436539874
1z7j_t4a,1.6831982612609864,2.3140317037051217,0.46781906066843837,0.7729742884635925,0.8844393519039333
1z8d_ade,12.715970230102538,2.014879122669196,0.6399049181036709,0.2659515619277954,0.7489170510031581
1z8d_amp,0.4221248984336853,0.3680471663345754,0.8195906561309242,0.6670543193817139,0.8078874078673233
2b14_dnf,2.603755235671997,2.6396567208110824,0.43821369599458143,0.5660773396492005,0.884199909362219
2b15_dnf,2.651574897766113,2.6949978532433776,0.46975288206648613,0.5469088435173035,0.8846517681612301
2b16_dnf,2.6206783771514894,2.8693472598596736,0.5096484368239442,0.5587160587310791,0.8848063246132017
2b77_3ca,6.231093502044677,3.3278198102317234,0.43263926150001025,0.25169224441051485,0.8615903232086547
2b9a_fbc,6.398983097076416,3.647040642941937,0.37977511126141994,0.3013262689113617,0.836545771651728
2baj_1pp,0.20755936503410338,9.17762855580778,0.3579020892743158,0.9715290665626526,0.9750218598897215
2bak_aqz,0.6124590039253235,10.039485786416321,0.36659458038040127,0.9166241645812988,0.9696209281940641
2bk3_foh,1.4355829238891602,5.055003580716459,0.377335301891249,0.7820002675056458,0.9302479666095133
2bu2_tf1,2.897183346748352,3.4434565180181496,0.4887872582631623,0.804135549068451,0.9159023084483694
2bu5_tf1,2.915658187866211,3.4439187001834584,0.48962901546193477,0.8095327734947204,0.9159023084483694
2bu6_tf2,2.188093137741089,2.514051662896172,0.49926286458150965,0.8060282707214356,0.9525443842845748
2bu7_tf3,0.8969805240631104,3.088058226947392,0.35061487428942845,0.8725934386253357,0.9610540939186036
2bu8_tf4,1.741260290145874,2.768290969897914,0.5196639041889508,0.7133657574653626,0.9505913818231795
2bx8_azq,0.7188807725906372,4.703512041095137,0.3946949901424204,0.9177785913149515,0.7018609849858192
2bxa_c1f,0.6089040875434876,3.926486387157216,0.48286603396605743,0.9308183670043946,0.8601768801548694
2bxc_p1z,2.0378369092941284,1.904638468401211,0.3462413257585367,0.7392355561256408,0.7101353428292774
2bxd_rwf,1.6538975715637207,6.9346676350346055,0.3468505033558972,0.7462031126022339,0.8238862816713063
2bxe_1fl,0.9936058595776558,2.92780152905537,0.3916948549839827,0.8482806161046028,0.7785579496467345
2bxg_ibp,0.8929526329040527,7.892621157468963,0.4312195972220875,0.8363489389419556,0.9035968580974767
2bxh_ios,0.23138270080089568,3.9494706216597217,0.36830854889760367,0.9801601290702819,0.9120858047948713
2byb_dpk,3.2520790576934813,3.0723769104345515,0.5391597192907589,0.5552695274353028,0.8819946416897606
2c65_4cr,2.4259546995162964,2.727186632090716,0.4213598239545609,0.7569429695606231,0.9170968334714971
2f7i_26c,1.2087002515792846,1.7109348773686164,0.548599157931632,0.8004313111305237,0.9109204977551497
2f8i_205,0.8474630236625671,2.0912049767557472,0.4185993024253507,0.8768504738807679,0.9165063286132888
2fap_rad,0.48673993945121763,2.7146967503171475,0.41724153838167644,0.5835815310478211,0.9409247118487192
2fbr_44c,3.4580452919006346,3.2022225461533784,0.3718162501163929,0.3570900559425354,0.6556064241240275
2fhy_a37,0.3998509138822556,3.0840766178944294,0.4907124823928597,0.8775489807128907,0.9695465486980057
2fie_a74,1.0169827461242675,2.5762391570039056,0.5279803798143409,0.8222845435142517,0.9790541812691554
2fix_870,1.1813491225242614,3.501214371761686,0.4644604823840114,0.7779994249343872,0.9753342365028882
2fky_n2t,0.6133927226066589,3.2735890602417994,0.653150555725769,0.9491096258163452,0.9512556467921609
2fl2_n4t,0.6050308227539063,3.25616280118894,0.6503821055312609,0.9260426163673401,0.9167045173851432
2fl6_n5t,1.1503644227981566,3.2436630034812253,0.644355217402133,0.8793354272842407,0.9556575205575877
2flm_6ca,4.697695302963257,3.1564194726156662,0.2897781888072734,0.29707522988319396,0.6806571999262387
2fqq_f1g,8.610926628112793,4.303358220233255,0.4321532005435079,0.04753001928329468,0.7544900316799056
2fsz_oht,0.41022292971611024,3.144447242987956,0.373114069536583,0.8852299332618714,1.084402281988133
2g1q_n9h,0.7158000349998475,0.25519739284815374,0.9495442065239651,0.923575758934021,0.9595133655869349
2g5u_pcq,0.6784877181053162,1.9923919027643069,0.4455418350542202,0.8932967066764832,0.8560745230527125
2g9k_ne1,4.46784348487854,1.549137295580028,0.4834710601918054,0.45008952021598814,0.8451619540536244
2gab_ne2,2.9994012832641603,2.6958775943889544,0.3705192686992371,0.5976816475391388,0.8430693202935713
2gm1_2az,0.9102604627609253,0.30413744567293577,0.9436391493568819,0.877736508846283,0.9615447834231319
2i7n_aco,0.5669970214366913,4.205089342984254,0.38229501312685893,0.4824967384338379,0.9684084777684167
2i7p_aco,0.589681726694107,4.004535364527358,0.3883239498069644,0.4750790297985077,0.8173083972348077
2ica_2ic,1.3977580070495605,2.683779102316791,0.3940547813019487,0.8211087584495544,0.9006040659075987
2ieh_moy,0.8610801219940185,3.299187968318093,0.6336944751681252,0.899981689453125,0.9039081810146111
2jc9_adn,18.652288246154786,2.9437584026735824,0.43675924732228594,0.0004478100046981126,0.8368936590474163
2jjk_r15,1.978538179397583,3.1884658178623284,0.44064432612460464,0.4876820921897888,0.8007386953323316
2o7n_2o7,2.438014507293701,5.326938974206508,0.5217406945208349,0.6621167421340942,0.9359693542965617
2o8b_adp,0.4713297963142395,3.929182772886417,0.47674648558879984,0.9405118346214294,0.9270541062838804
2o8c_adp,0.578189092874527,3.7821669778406646,0.47018108736159564,0.9248955011367798,0.9270541062838804
2o8d_adp,0.5583330690860748,3.810771601203071,0.465391120632367,0.9258613824844361,0.9270541062838804
2o8e_adp,0.742410147190094,3.789454422702491,0.46458925490619196,0.910905945301056,0.9271140511684269
2o8f_adp,0.5271667659282684,3.6530585418017756,0.4790579100189841,0.9270755887031555,0.9271958969028153
2onb_7pa,3.536436605453491,2.140337554256475,0.46025190694727064,0.26493537425994873,0.9360476181060676
2p55_mra,8.117621899252857,4.102444452602623,0.6175706661920197,,1.0269849990094966
2pg2_k01,0.7281747698783875,0.9654411268055529,0.8674008783042115,0.9202182412147522,0.9478336483679518
2pio_2mi,17.090297889709472,2.6201942020457976,,0.001556085835909471,1.0953562579557188
2pip_k10,18.69383544921875,2.673657269410478,0.435630442098706,0.002489467477425933,1.0753164274374127
2piq_rb1,19.08484649658203,4.418443953713838,0.42970233771425637,0.002389113832032308,1.0795439437558665
2piu_4hy,17.918661880493165,3.0408380118573506,0.37986201127845376,0.0040628253249451515,1.0908681655018644
2piw_t3,19.349726676940918,2.706932507816905,0.4106549027690083,0.0005307861720211804,1.1101210028646027
2q2y_mkr,1.6323232889175414,3.1913480936628,0.6248613186088326,0.8967344880104064,0.9518811194413752
2q2z_mkk,1.20414457321167,3.3330011958300103,0.6303194107155636,0.9068456292152405,0.9567923612270015
2qgc_mr4,1.3096885919570922,2.5261243236594026,0.529587831831586,0.8296129941940308,0.890620147450149
2qgd_mr5,0.44977217316627505,3.074005943224575,0.3485304094480015,0.9179947733879089,0.8531911649409704
2qge_mr6,2.323812997341156,1.7594796621190845,0.4407405299897323,0.7222526133060455,0.8422527735357805
2qlj_cit,19.385811614990235,4.651695896046595,0.5260340799384018,0.0004462973272893578,0.997542210947287
2rox_t44,1.647707962989807,1.2877213954686293,0.4193793628755217,0.7908438682556153,0.8915504689676096
2roy_p28,1.814731740951538,1.1721849658016672,0.3685568945096679,0.7687059998512268,0.9300812072228378
2uyi_k02,0.6359579920768738,0.22767423921675234,0.9562112696493221,0.9285962700843811,0.9558569348349633
2uym_k03,0.5546930491924286,0.2723284027942486,0.9490141902895857,0.9265596032142639,0.9572128862643657
2v5z_sag,1.2297103643417358,2.9298585586420702,0.5684696774871546,0.8503290176391601,0.9780651434778926
2v60_c17,0.763700857758522,3.1594851434249813,0.48027929859461305,0.9076227068901062,0.970022556009625
2v61_c18,1.1294581174850464,3.29494828474904,0.4787762745448651,0.8708898067474365,0.9734949096626497
2vgb_fbp,9.753806992878133,3.1325845129033225,0.5546872475923356,,0.936405211258349
2vgf_fbp,8.671649202684309,3.144344158786637,0.561368066107384,,0.935282553242694
2vgg_fbp,7.629464896252121,3.012421800239646,0.5677241492789843,,0.9338994554655711
2vgi_fbp,9.470959572485693,3.0115677907299294,0.5772077827721805,,0.9347926279292897
2vt5_rok,0.3865995526313782,2.3678181964729124,0.6229697545855972,0.9432254672050476,0.9545624741513874
2wbb_ro3,0.45585983991622925,1.3346608469589853,0.6073941490654629,0.8938884735107422,0.9803011699459168
2wbd_ro5,0.5601645946502686,2.271848069254887,0.5931827541505861,0.877224063873291,0.9739859764294145
2wgh_dtp,1.048762708902359,3.700565574640804,0.4592021089172985,0.48348577320575714,0.7071774446414678
2wog_zzd,0.9580060005187988,0.22026059583407265,0.9437259451520623,0.8711503267288208,0.9122383333982093
2x2r_x2o,1.0520216464996337,2.7957232750235734,0.677254464354309,0.8643661856651306,0.9348328655370933
2x7c_kz9,0.4890169084072113,0.23098089698501245,0.9647277364467927,0.9490021347999573,0.9227692032154243
2x7d_egb,0.40936453342437745,0.2134344064538194,0.9709718508061025,0.9629820466041565,0.9438710701091674
2x7e_x7e,0.7578948974609375,0.26261867409905754,0.9492621188080781,0.9073530316352845,0.9248242291272705
2xae_2xa,0.6668977856636047,2.1916584777405688,0.6993502817882998,0.9225231170654297,0.9430449649242612
2xcg_xcg,0.5961423277854919,3.589187675051691,0.5377452585438816,0.8743693828582764,0.9817444266321645
2xcv_dg2,3.8151389598846435,5.373614090425709,0.19737657885999946,0.42115123867988585,0.7666577557303311
2xcw_atp,2.3320839405059814,0.9874091444404851,0.374278248165181,0.7368109583854675,0.8284098890052223
2xfn_xcg,0.6851821184158325,3.606459931349215,0.5039443616749949,0.9208382844924927,0.9815614151503691
2xfo_xcg,0.7146449863910675,3.6033231517032585,0.49816107046512154,0.8713580965995789,0.9816042671638059
2xfp_xcg,0.5726384282112121,3.7175466224420193,0.5125943403550545,0.8851214528083802,0.9817621182949596
2xfq_xcg,0.5022971540689468,3.593324709156471,0.5332529511107849,0.9262918353080749,0.9817444266321645
2xhd_7t9,11.579923629760742,4.305731669346162,0.44497101802996003,0.09519910864764825,0.6047915475645664
2xjc_b4p,3.052474784851074,5.095314015191238,0.26186757356581436,0.7981586217880249,0.6986770879925506
2xjd_atp,2.2863091468811034,0.6430929827081661,0.42852500779749403,0.7305595517158509,0.8284098890052223
2xje_atp,2.3188355445861815,0.7756997143656493,0.366373182993914,0.7153648257255554,0.8284185071832344
2xjf_dg2,3.592235803604126,4.766639094579164,0.3649185879974483,0.48011324405670164,0.7682521227062717
2y5k_ycu,0.8135055780410767,3.011479513702043,0.5305300298275268,0.8225506901741028,0.9799165340370607
2y5l_ro8,0.5543714821338653,2.436069847746635,0.6340989119030195,0.9001718044281006,0.976641217945841
2yhd_av6,19.96478271484375,3.380988391612652,0.37899307193260945,0.0009105571079999208,1.1565746032007416
2ylp_056,19.721973991394044,3.0747396581766635,0.4027735428688186,0.00018143146007787436,1.0833539915166797
2zb2_a46,2.612500488758087,4.923386130406141,0.3345043410867908,0.4234023317694664,0.638551805358943
2zmf_cmp,0.31446523368358614,4.0141512282474725,0.5786553224061438,0.9753456830978393,0.8641689898172296
3a0i_aji,0.9463000774383545,4.1476151782379125,0.5376181132502984,0.7804500579833984,0.9549074587220886
3a29_2t0,0.5427394390106202,2.9313781376733576,0.6133721727754039,0.9244028806686402,0.97641719807971
3b56_diu,3.5120622158050536,2.761886550130869,0.5082507421121608,0.568315076828003,0.8392410107262338
3bjf_fbp,2.3607712607624434,3.1728197179369793,0.5512214284216691,,0.9165642617482185
3bqm_bqm,0.8023167848587036,5.156017338672106,0.41100742904394094,0.783293855190277,0.9184540073584572
3bqn_bqn,1.4296594142913819,11.198193638527513,0.5070113839946163,0.7013590335845947,0.9099661056692774
3ceh_ave,8.41373348236084,3.1751921059514654,0.3761515049664055,0.15338897705078125,0.5240981432757053
3cej_avf,0.6142669081687927,3.5605339363430097,0.433446188331941,0.6290939688682556,0.9640101682860912
3cem_avd,0.5241191744804382,3.07572179419179,0.41251739473905047,0.694362735748291,0.9731666133636333
3cfn_2an,4.692108869552612,2.773031727240011,0.44194057932788483,0.3660557508468628,0.7336669149879637
3cfq_dif,5.962312126159668,2.5388744088630117,0.4932204031664302,0.27509514093399046,0.8195578634909502
3cft_5ns,3.5835015773773193,2.4565280686713136,0.44722362776506946,0.4630181908607483,0.7972389826597477
3cjo_k30,0.6540799498558044,3.342564240033498,0.6466950141819023,0.9223079800605773,0.9594834053424556
3cn0_lj1,0.5577817380428314,1.0678052559379658,0.4031652860057624,0.9476922988891602,0.8891969398898881
3cn1_lj2,0.5906500041484832,1.467616101688608,0.44569930582728345,0.9183158636093139,0.8075236864888373
3cn2_lj3,1.6126392364501954,3.5418933334531433,0.4557930995223421,0.6916711926460266,0.8411631057624638
3cn3_lj4,2.882324767112732,3.0518545628283875,0.40419803906633567,0.551282674074173,0.8281898971144808
3cn4_lj5,3.6081587433815003,4.226608219405069,0.4010864145749887,0.545068371295929,0.800601937074188
3d2t_1fl,3.523522901535034,3.614022648499167,0.4812319016698209,0.4773397147655487,0.943758297401996
3d83_gk6,0.824574327468872,0.5519746831105448,0.9562778587287036,0.9120702147483826,0.963837153805026
3dd1_25d,0.9473618865013123,3.2715424408042653,0.4361958713326562,0.6705681562423706,0.957954347205568
3dd1_cff,9.689415836334229,3.2806324535297846,0.45260539171836706,0.301910078083165,0.6797037369931463
3dds_26b,6.4614652633667,4.041462590137264,0.281009932375339,0.24295515418052674,0.8475747564075468
3dds_cff,9.68667721748352,3.384748738055291,0.4696537029313038,0.3025324777816422,0.6803974558402333
3ddw_055,1.3546133100986482,3.265228753900156,0.411495243213116,0.6003389596939087,0.9737348335936955
3ddw_cff,9.673239517211915,3.290240154919787,0.4728122201550827,0.3012799610150978,0.6810911456367345
3dv3_mek,0.6234584212303161,3.9839977234505177,0.5892126386945394,0.9263081789016724,1.0254855406707926
3dy7_1cx,1.0093972444534303,3.6012804631079796,0.5704599194119014,0.8848632574081421,1.028315805701985
3dz3_put,0.6302077651023865,4.071534475271217,0.6380863265030108,0.23653832077980042,0.952974217975466
3e2m_e2m,1.494837482770284,3.6009664726198842,0.6021964321444783,0.6928921341896057,0.9114163215759752
3e8n_vra,0.4456716597080231,3.6169426261955264,0.5926545637270053,0.9145940780639649,1.0248243160024713
3e93_19b,0.2894150078296661,15.94786570006529,0.2506171819931103,0.9633551478385926,0.9679577521678739
3ep5_ure,6.42218217253685,4.673851440611705,0.5941742968658587,0.14325199276208878,0.8073588148366044
3epa_put,1.1532223224639893,3.8601722952239177,0.6185470228199952,0.2442615807056427,0.953024183015765
3epb_put,0.8601539134979248,3.8450725443625906,0.6476155584655899,0.24246784150600434,0.953024183015765
3eqb_lug,1.1236395239830017,3.362094001413179,0.5558739603144456,0.8718958020210266,1.0246400877888378
3eqc_3bm,1.2124034404754638,4.278032458289261,0.15252558882258885,0.8645779609680175,1.0242432406995512
3eqg_4bm,1.4398523807525634,4.698058431052197,0.16557768044311189,0.8132721304893493,1.02349024711468
3eqh_5bm,1.611057734489441,4.308159137107673,0.1932218421614825,0.7527568936347961,0.8900525961211432
3esn_dz1,0.5759944021701813,2.704479718181266,0.4765437843886965,0.9285007119178772,0.9215782504161085
3eso_dz2,1.2419259548187256,2.6140477603666445,0.49101700130736575,0.8327999114990234,0.809402929636206
3esp_dz3,1.0408416152000428,2.954291731627316,0.39065915406406043,0.8742641568183899,0.9080452987326877
3evj_nto,18.34952747892533,2.969494357902101,0.2906390573903572,,0.869468529292006
3f1o_2xy,0.6485779047012329,3.4968239801496117,0.6571095345913116,0.9168743252754211,1.1479483623296414
3f78_icf,6.284520715475082,3.0278279101180847,0.5057382302175966,0.4904434410855174,0.7013038037162009
3f9m_mrk,0.32805292010307313,8.035547714218882,0.34391409255572614,0.8429182648658753,0.9394158462518429
3f9n_38m,2.1675288677215576,1.99760015217857,0.5699958502853755,0.6335040330886841,0.6822414457691949
3fap_ard,0.8765206575393677,1.4327458576909973,0.41418810435975917,0.5504808187484741,0.9344295045821479
3fc8_ifa,2.026058053970337,2.887955332576789,0.4359627934543854,0.6953198909759521,0.8244643399591546
3fcb_ifb,1.0013745188713075,1.9604973160903767,0.40436503544944075,0.8341854810714722,0.8373161091386144
3fr0_ajb,0.76527099609375,4.50174811548461,0.4874774576880842,0.7734523177146911,0.9566723603831093
3gcq_1bu,0.29146459698677063,0.4801989813265662,0.9422059907833301,0.922705078125,0.9653661963836704
3gcs_bax,1.4853445768356324,0.5003158290528779,0.9459880514327128,0.7790026545524598,0.9620131681532769
3gcu_r48,0.19046238362789153,0.28718441494561675,0.9702425611575076,0.9405707597732544,0.9666206147499397
3gcv_ss6,1.1283092975616456,2.5080181286711167,0.9263184399648614,0.844233763217926,0.961665111397242
3gi3_b10,0.5608912646770478,0.4338554129107776,0.9310963255505239,0.911328113079071,0.9588868716548357
3glz_1bd,1.887702512741089,2.489534955270243,0.4814751623918977,0.7993896007537842,0.8643976357986091
3goi_loi,0.4570069432258606,4.3092763906865885,0.48226150908355814,0.8014929413795471,0.9599147292701306
3gqy_fbp,1.9360793955338707,3.5093963484441604,0.49957670139312677,,0.9165906621924147
3gr4_fbp,2.016447281178603,3.4963472576171646,0.5090721783661346,,0.9156255114387983
3gs0_6bd,6.31740083694458,3.1208463504833683,0.3506216045616739,0.36524932384490966,0.7878610851086288
3gs4_7bd,6.291835784912109,3.3121098953900527,0.3871141192222652,0.36943891644477844,0.7768226052953198
3gs7_8bd,1.1594932317733764,2.982080333583999,0.51333775748367,0.8376667499542236,0.9134510646577692
3h0v_put,0.2988180935382843,4.0445159105393795,0.6512285557066065,0.22728074491024017,0.952974217975466
3h0w_put,1.1050841331481933,3.6558395793335214,0.6427183914051157,0.24465149343013765,0.952974217975466
3h1v_tk1,5.910758686065674,4.103231488822581,0.5549746749154311,0.35281485319137573,0.8025600410135105
3h30_rfz,2.8614875078201294,2.5451575130363153,0.44510013346573507,0.5699790596961976,0.941271673743039
3h6o_fbp,1.861928363692103,3.5285011737660943,0.5792717631486942,,0.9201986716844072
3h7w_018,1.1200361013412476,3.168057910143284,0.6126501400011595,0.8580251693725586,1.137758184007883
3h82_020,0.8701454758644104,3.3278533263500933,0.5675712981905077,0.8751869440078736,1.1378969954082316
3hec_sti,0.8976149559020996,9.226228206438426,0.34716061482846217,0.8738181591033936,0.955202361014087
3heg_bax,0.5887387275695801,8.783236860147312,0.40207079677964364,0.8789187550544739,0.9620131681532769
3hj0_a93,1.4147626638412476,3.396255707825516,0.35670948162468497,0.8750785708427429,0.8670490441331088
3hnc_ttp,0.4296392500400543,2.4900427809099046,0.6029913501457769,0.7201465725898742,0.8498854800071483
3hnd_ttp,0.7262601613998413,4.075171848409209,0.49778953852387103,0.6574304819107055,0.8495188875674723
3hne_atp,2.786036968231201,3.775611730386395,0.49132535096254204,0.6372492611408234,0.79391463701133
3hne_ttp,0.6233363628387452,2.647536667501231,0.609046089159901,0.7156547904014587,0.8507000803991975
3hnf_dtp,1.319211443265279,3.6504138510572446,0.5159779334701126,0.7821059624354044,0.7917943715852794
3hnf_ttp,0.890268862247467,2.4835077934846312,0.5902487441284437,0.6711711406707763,0.8512072308350817
3hrf_p47,0.6756659865379333,3.521153441798713,0.4108851696959953,0.887917983531952,0.9844765985936312
3hv3_r49,0.26436281502246856,0.45765153413764015,0.941301118470881,0.9295869708061218,0.9676548178184742
3hv4_l51,0.2569277584552765,0.46300286486728215,0.9635274318014615,0.9460343003273011,0.9690489955958981
3hv5_r24,0.26118909418582914,0.5900318152511822,0.9681308948423035,0.9353576183319092,0.969506639999301
3hv6_r39,0.36844619512557986,0.2807607971823902,0.9405845694149395,0.9382380247116089,0.9625694399995876
3hv7_1au,1.227992296218872,0.5792614764896954,0.9415939111804421,0.845564353466034,0.9688273520583142
3iad_15x,6.691730117797851,3.989597361302711,0.48579922121417257,0.7300260901451111,1.1082999634591946
3id8_mrk,0.3884181082248688,6.944555670714325,0.3380517483400413,0.8514676213264465,0.9394158462518429
3idp_l1e,0.38268367648124696,3.205698844426717,0.4816939329010405,0.9623412728309632,1.0639861921224576
3ifa_amp,0.2507831215858459,3.317278794248542,0.5671023999392986,0.9674466848373413,0.9659670769177533
3ifc_amp,0.27950863540172577,3.3147255643137634,0.5745555109489009,0.9718450546264649,0.9659670769177533
3ijg_avr,6.089300727844238,3.09165092804282,0.429195741858125,0.35386266708374026,0.728415530177361
3ijj_avr,6.52895040512085,3.1744143365955857,0.33859184693069255,0.33138891160488126,0.728415530177361
3imr_iw1,5.707888066768646,1.9373814708230896,0.44343528851692343,0.36305212378501894,0.8643011133938318
3ims_iw2,6.9941130638122555,2.6098178882765457,0.4402327176082014,0.22795923948287963,0.9175275547054914
3imt_iw3,7.568989944458008,3.5236802797920665,0.42007774559543903,0.2318398416042328,0.8484944864885806
3imu_iw4,1.0605434417724608,2.590381788856027,0.4416265715229172,0.8821609854698181,0.9049531407325917
3imv_iw5,0.40744694471359255,2.746228265855984,0.46519643730952676,0.941031813621521,0.9046519758988651
3imw_iw6,0.845594072341919,2.872250689663056,0.48529479027058386,0.8996224761009216,0.9208870443760393
3imx_b84,4.543669605255127,3.5102686689068974,0.22238305590074411,0.5484062671661377,0.9076321997207227
3ipb_jzd,3.6427471160888674,3.3456739324944182,0.3225404782042253,0.3779910087585449,0.6188870264417271
3iw8_hiz,9.29163475036621,1.9517917524746657,0.657745983736333,0.12259441763162612,0.6747691859035587
3jvr_agx,15.887527084350586,3.4729907592156692,0.4539302867101524,0.08832085728645325,0.6338518639831341
3jvs_agy,14.9745662689209,3.0515456329329913,0.47336478813199623,0.15614617267565337,0.7217574717178263
3k3b_l31,0.500480055809021,0.31910537538107325,0.9495987682305715,0.9504684329032898,0.950729315906073
3k3i_jzj,0.6295390367507935,4.984797993748314,0.5250739796664459,0.913732373714447,0.9516952827626042
3k3j_f4c,10.651327133178711,4.069233439330096,0.5016626541577291,0.08957491219043731,0.7535852045432678
3k5e_k5e,0.6104392290115357,0.9754808820561796,0.8530873720918999,0.9442140817642212,0.91742672495448
3k8s_z27,0.6268543004989624,4.502010028426066,0.5296790232023646,0.8799293160438537,1.0282303607423464
3kbz_2t4,0.7623594045639038,2.99365025762214,0.6078227298365043,0.9126932978630066,0.9635551504405916
3kc0_2t5,0.5528231799602509,2.891745598046333,0.6365000343803405,0.9501619815826416,0.9730966722646883
3kc1_2t6,0.5591385960578918,3.478000962813616,0.5855110828813861,0.9205137610435485,0.9797146075245429
3ken_zzd,0.9159567058086395,0.281550157165959,0.950080935821844,0.8761932134628296,0.9127653987336698
3kgt_gen,1.502035427093506,1.899415460226076,0.49435466025562236,0.6951684474945068,0.8667974275422617
3kgu_gen,2.537477135658264,3.142760231619836,0.4384402494146866,0.6241622269153595,0.8455508439635004
3kjf_b92,0.9006829500198364,3.6842455490288613,0.4861620003800883,0.2614832580089569,1.0112395157831404
3kjn_b93,0.46721649169921875,2.6775880355290256,0.46592473417316527,0.39359999299049375,0.9600528649718832
3kjn_dtt,14.89050038655599,,,0.03319463257988294,0.6365698437277404
3kjq_b94,0.6097774595022202,3.1699461744826594,0.4372140714655811,0.47478225231170657,0.9149280443504706
3kq7_kq7,0.7331693649291993,4.325842164879648,0.2997778235840844,0.9145736336708069,0.9656432085600661
3l9h_emq,3.3835447788238526,0.3342176688776136,0.9121743616625546,0.7728881359100341,0.9391882916086797
3lfb_z87,0.40400150418281555,0.45998587105801764,0.9315106464138566,0.9096488952636719,0.9637784705763848
3lfd_z85,1.3573116540908814,0.3634922417662543,0.8840321727046391,0.8109888076782227,0.9429519418388486
3lfe_z84,1.008419919013977,0.6692805892416975,0.9053674489388774,0.8552924156188965,0.9531624978385846
3lu6_imx,8.367104053497314,4.743948636387309,0.5468152411884108,0.17543133348226547,0.6341848560600272
3lu7_ipx,8.372018178304037,4.058980582185865,0.30015774655919875,0.15670986473560333,0.6518331848315517
3lw0_ccx,13.294209098815918,3.5857503870190692,0.44127598086654574,0.08083232119679451,0.6569602290328065
3m1o_cjz,0.4158370018005371,3.153205315724423,0.4205088076192133,0.9579831600189209,0.9422771421644164
3m6f_bjz,0.9411807954311371,3.3207167910194513,0.48206715585742377,0.8339489698410034,0.912918127584099
3mk6_aco,3.840699625015259,4.082677164865263,0.37872857452204556,0.3714524686336517,0.8173083972348077
3n1v_3n1,3.119671678543091,2.7024725969300074,0.4836916468446639,0.5683432877063751,0.9340314484397648
3n1w_3n2,2.941510772705078,3.4766685745020167,0.4772133392116503,0.5657636404037476,0.9655758074093749
3n3l_ms0,0.8402450144290924,2.641613985806424,0.43923549208135015,0.8434842228889465,0.9787019075198365
3n45_3n3,1.6358369827270507,3.7701577630231413,0.46471189070979113,0.7670676112174988,0.8999180125544018
3n46_3n5,5.5155417919158936,3.1579515871935007,0.4268926254435299,0.402912575006485,0.8774629112145073
3n49_3n4,0.6908115029335022,3.550550018205095,0.4553653243077478,0.8801145792007447,0.9944837125715974
3n5h_go0,0.5252913475036621,2.9052481266121495,0.43607993098797965,0.8864736557006836,1.0105053902277064
3n5j_go1,1.359822392463684,2.6682601091772153,0.4389997050431148,0.7938011407852172,0.995422589108272
3n6k_bfh,0.5028989672660827,2.4761218530013958,0.5054173311827421,0.8824072003364563,1.0202471659849346
3nax_mp7,0.6741481125354767,3.9656729370254284,0.2921208476968995,0.7738096117973328,1.0128202016656394
3neo_g24,2.837774324417114,2.6397428473234394,0.3991667391930088,0.5891315519809723,0.8209384718549421
3nes_b72,4.129068994522095,1.9688088981079848,0.4089665771826061,0.4288010776042938,0.8680569164952182
3new_3ne,3.9784221172332765,8.997750843881121,0.435662866393583,0.45012218356132505,0.7108505554735075
3nex_g24,2.8428717374801638,2.199009988412224,0.314668100464069,0.6292797565460205,0.8187617417274122
3ng5_kdh,10.781651020050049,3.30827766694881,0.19771287105932916,0.17461919287840524,0.7935534055856208
3nnu_edb,0.8072615683078765,0.22517857888686654,0.9614431197851083,0.8969256281852722,0.9542844493993426
3nnv_437,0.4991505563259125,0.2589417923765963,0.9685501505909316,0.9300304651260376,0.9694361460096381
3nnw_edd,0.1911267638206482,0.2800095354556471,0.9741530937148347,0.9674583911895752,0.9703925907768458
3nnx_edd,0.22409274578094482,0.20380162151257272,0.9660685473730709,0.9859632253646851,0.9707305023420825
3o2m_46a,3.1121586322784425,2.677475039693024,0.8617978874663358,0.5325697481632232,0.9205215124939461
3o8p_bmu,0.5549952745437622,0.49198632491641614,0.936807763702625,0.807151448726654,0.9692593642119995
3o8t_bmu,0.3794449806213379,0.11617937161977065,0.9514499766298842,0.9394492387771607,0.9692561203506745
3o8u_bmu,0.2738522469997406,0.3317032847701683,0.957158928313526,0.9510638833045959,0.9692593642119995
3o96_iqo,1.4822019338607788,6.942750741911626,0.46075195700595717,0.8167444705963135,0.9912017497593905
3obj_bmu,0.6126009345054626,0.17525220932207244,0.9382653803128651,0.8905758619308471,0.9695672992697622
3oc1_bmu,0.3446792483329773,0.17900915878412313,0.934809450472797,0.9183759093284607,0.9692593642119995
3of1_cmp,0.4678243577480316,3.3059808305995046,0.5474094710532029,0.9571341633796692,1.0049912410964938
3oiv_dtt,17.300553703308104,,,0.007066027820110321,0.7816428239483201
3orn_3or,0.5816848814487457,3.9425783313247904,0.5554766097245579,0.8958563685417176,1.0330729322839198
3orx_1f8,9.78345505396525,2.3972656655893303,0.27090429985941067,0.24005329802942774,0.7116274732681589
3orz_2a2,7.38283371925354,5.665344831540835,0.4384454960979581,0.5198280097295841,0.7774904046447482
3os3_3os,0.8747660875320434,3.429404873201225,0.6285618817711324,0.8490464210510253,1.0222873653400684
3otu_j30,7.771970868110657,3.434696338627962,0.43046573905206853,0.1495434008538723,0.8649493701795115
3ozk_t44,2.862206745147705,2.378459888637356,0.4199683779432918,0.6152915596961975,0.8911585452470415
3ozl_flf,2.259257972240448,3.093120192861066,0.43311177146958163,0.6353925228118896,0.8914661999094946
3p3r_3m1,2.394155216217041,2.823639572407842,0.5200075428304433,0.7131762504577637,0.9560106431800166
3p3s_3m2,5.933147239685058,3.0449543732355977,0.4178030808949227,0.2776898741722107,0.8660891527276192
3p3t_3m3,7.083059215545655,2.3369296544552576,0.4404792782773992,0.21980320811271667,0.9489614164405195
3p3u_3m4,5.654484105110169,2.911797565508522,0.3596727808461944,0.3650437742471695,0.829337937514125
3pg3_dg7,0.9517547369003296,0.4809866323465214,0.9366145035897757,0.8427815079689026,0.949746194092379
3pp1_izg,1.3858844757080078,3.9845086775135714,0.5297595573617706,0.8199553608894348,1.0281160271302936
3prj_udx,0.5468291640281677,3.785936412481383,0.5103179501515643,0.8968316078186035,0.8772104156325919
3ptz_udx,0.34523193836212157,1.090839047461899,0.9288411554065956,0.907409405708313,0.8772571529971052
3pxf_2an,11.592645263671875,3.264038755106191,0.23573243322043275,0.1424658179283142,0.7645628582602153
3pxq_2an,1.7197766780853272,13.976480456226591,0.19968159511777278,0.6812710642814637,0.7645396431235815
3pxz_2an,11.614792823791504,3.265671844930702,0.23641314892832305,0.14194340407848358,0.7645628582602153
3py1_2an,11.241899871826172,3.343098783269139,0.24073110791661678,0.14497496783733368,0.7645628582602153
3q96_0nf,0.46328970789909363,4.08370324031621,0.5067392188931672,0.9504508018493653,1.0744214151346199
3rn8_rn8,15.427300453186035,4.599991947509441,0.521244439656829,0.03888419270515442,0.5328193729341085
3rnn_rnn,0.771860945224762,4.383804639474211,0.41089794586997924,0.8977220177650451,0.8559667129819417
3rz3_u94,1.077246868610382,3.8137176740749807,0.5069784876044425,0.9000329971313477,0.9922640392369484
3s41_s41,0.552230155467987,7.966887686805204,0.43717559039370213,0.9105863690376281,0.9588311420790714
3sls_77d,1.9574054718017577,4.331485459411347,0.5013019213667425,0.7357808828353882,0.9995882858571793
3smq_tdu,2.044248950481415,3.975126789970525,0.38556597814448973,0.7629395723342896,1.0026475080835158
3tct_3mi,1.7857408761978149,2.573244531856335,0.42460306006041837,0.7959089279174805,0.9141948892843018
3u18_y0x,1.0855581283569335,2.619881920334284,0.6101906358987874,0.9096984148025513,0.6506571714904409
3uo9_04a,1.7056410789489747,3.8666000406588226,0.33400916465604175,0.46310240030288696,0.8956459983725085
3ut3_emj,12.011707305908203,3.184291012405396,0.45126070697382675,0.1901332125067711,0.8156906820873149
3uvv_rea,2.0292797088623047,3.45604278654627,0.5850447694977806,0.7726175308227539,1.0447034943868974
3v01_3v0,0.8131358742713928,4.063596697039489,0.4981227486962945,0.9040177941322327,1.021834393845186
3v04_v04,0.5985289216041565,4.434935193334886,0.5622792113950211,0.9130113959312439,1.0257618455056328
3vev_0h4,1.6576509839794444,10.486039803077116,0.4043068616976765,,0.9256555649666863
3vey_0h5,0.3662120640277863,3.5419978399504393,0.5086780127247644,0.8251222014427185,0.9609555458978299
3vf6_0h6,1.7321902493046815,9.119489112071099,0.40278302342136324,,0.9589942983885432
3voz_04a,1.1846087217330932,3.5045677281558327,0.34561349454991147,0.6296514511108399,0.8974914585576211
3vp1_04a,1.4730020999908446,4.246339326646461,0.3442900471605272,0.6132134437561035,0.8957061661437631
3vp2_bp0,1.7372658729553223,3.0511201246605255,0.37018640183663504,0.5258440613746643,0.9217389069288167
3vp3_bp8,1.8159108638763428,3.33725902171634,0.4013177583055924,0.49659881591796873,0.9119095654814107
3vp4_bp9,1.7973494052886962,3.0872289572089735,0.40498422831218195,0.5342612266540527,0.9157973368807178
3vvh_4bm,1.3455191373825073,3.6442299817384756,0.5870003601009041,0.8619220852851868,1.0237533160816459
3wig_chu,10.839460372924805,8.150728512935341,0.28502141898369765,0.08919032867997885,0.7950246854251011
3wpn_b4s,2.5636675357818604,8.113242944712816,0.3306856674170216,0.5769320130348206,0.8529925815362767
3zcw_4a2,1.0287218928337096,3.7930905550208016,0.2100265711305878,0.8176177263259887,0.9036578432189432
3zm9_qmq,0.7168142437934876,4.476069448224395,0.35447962189526233,0.8866852045059204,1.0040942713195253
3zyx_mbt,3.6765693187713624,3.8613972889087975,0.5264948833910168,0.49323745965957644,0.8868265401151258
4a06_a06,1.4464141488075257,3.3944527251172945,0.42981770597935,0.7783928990364075,0.9387968681369339
4a07_az7,0.8511980056762696,2.949664423445236,0.4825955215333222,0.8528432369232177,0.9647960838180921
4a50_dq6,0.9218598246574402,0.26519333704460346,0.9503987407419372,0.8790193676948548,0.9210122780952362
4a51_dq8,0.6797958254814148,0.2504710735061927,0.95016711072447,0.9169364809989929,0.9172305211216234
4a79_p1b,5.167040920257568,3.6172276216504513,0.40724171182255287,0.34638260006904603,0.9440191148942901
4a7a_rgz,5.1210408210754395,2.778100006443851,0.4695646050563841,0.356581848859787,0.9597095544090262
4a9y_rny,0.6281845927238464,10.039194204050839,0.3672175192542192,0.9150054574012756,0.9692207772781968
4aa0_aa0,0.6196061491966247,8.666214248130121,0.3790334509049284,0.8611147165298462,0.9641950529610426
4abq_4v2,5.966152191162109,3.2377349029301463,0.5951626015571689,0.47205361805390567,0.7509297570890714
4abu_ft1,6.176628303527832,2.2732030678482125,0.46588572064614003,0.2648823201656342,0.8324195998282384
4abv_ft2,5.971951484680176,2.637285027357439,0.613677008411738,0.2955231428146362,0.766897631362006
4abw_42m,1.9788049578666687,2.621725245888018,0.4564388231106122,0.6334771096706391,0.8842809836769275
4ac2_43f,3.4640926837921144,2.7515240676452004,0.4551598648234882,0.4039730966091156,0.8600092539113383
4ac4_hka,2.009060764312744,3.470883901146306,0.4018831102010486,0.6789599180221557,0.8831509116905016
4act_ft0,2.2058117985725403,2.656343758617272,0.5241305980864507,0.6850832760334015,0.871952692152895
4an2_eui,0.8828614115715027,4.048734829061361,0.595762283956752,0.8391982316970825,1.025605289280247
4an3_5y0,1.3019221067428588,4.07480837056566,0.5606294935866706,0.8359405279159546,1.0248754582843835
4an9_2p7,0.42181459069252014,3.5087877990944962,0.5144129345742678,0.9076480507850647,1.031032213623105
4anb_yqy,0.45906786918640136,3.9018842424152664,0.5900177547529322,0.9173991680145264,1.028705965713093
4ap0_g7x,0.6673057377338409,5.559293567347846,0.5826846952763036,0.8817395210266114,0.9610124407210924
4aqh_tb7,1.5770776510238647,3.8656711147152216,0.19965195601493474,0.7025008082389832,0.9118399606926593
4ark_m3k,13.995297050476074,5.037804561448633,0.33171832685682484,0.06425518281757832,0.8628890629337125
4as7_6lx,0.6302172720432282,0.36082852655818254,0.9550460403411412,0.8840691685676575,0.9692556579357724
4aw0_mjf,0.2759961485862732,3.289807502827346,0.4944128676596091,0.9670183062553406,1.0042195475028195
4aw1_21o,0.3204623103141785,3.422051074921151,0.4565723449056006,0.9480619549751281,0.9937253858272221
4b2d_fbp,1.9355584320588821,3.0842663460106197,0.5778236794017977,,0.9165906621924147
4b2d_ser,5.291000797699434,3.174796499143681,0.5183174245527435,,0.7922053152319256
4bbg_v02,1.2759197175502777,2.8361244337142786,0.594156297456027,0.8610420942306518,0.9271972676650918
4bxn_mjq,2.1721585750579835,1.0111375106625644,0.8410032058272712,0.5772497773170471,0.9698193221514941
4bzb_dgt,1.4808380126953125,3.1721979652605574,0.33029665186946505,0.4153162896633148,0.7944333558639153
4bzc_t8t,1.2416666865348815,2.4284126584104153,0.251615418575719,0.589641946554184,0.7352242779774594
4c7b_bvb,5.692306232452393,3.1182197090009596,0.4545152156045823,0.4116813182830811,0.8323592527738212
4c8b_0li,0.3751541912555695,16.27465425609699,0.3331544488752568,0.9648064136505127,1.037815322668639
4cfe_992,16.067014694213867,3.345966151285995,0.3409905037220198,0.013717837468720972,0.8234572274199199
4cfe_amp,0.2868222653865814,3.8297857648367235,0.5765791000511175,0.9252149581909179,0.9736704672372323
4cff_amp,0.3759149432182312,3.7866228337720216,0.5231197790987779,0.9216091632843018,0.973998076371706
4cll_bct,10.264739573001862,1.0691663336944799,0.7227932755581251,0.43679773807525635,0.6527613096747737
4clp_act,,,,,0.676193864470738
4cly_bsy,1.2692147493362427,0.2870297580750708,0.9141820883733952,0.8183139562606812,0.6675633428906076
4clz_act,,,,,0.6759133360780579
4crt_ass,4.218484735488891,3.0650400782325553,0.4396667037966876,0.5057900309562683,0.7940206262856805
4ct1_31s,16.004666009052013,3.26727800362634,0.4703735760790308,,0.891861324216068
4dbn_0ja,0.9981188654899598,3.9647767115910293,0.5119569439196903,0.8737929701805115,1.0679296012974118
4dch_4dc,2.5810332775115965,3.0132737191308587,0.7585535272223607,0.5126374304294586,0.9174973430744535
4der_agi,1.4369096994400024,3.096293332849915,0.3215904454096928,0.7389086723327637,0.8787697805568794
4des_57d,2.9658456325531004,3.615210475671554,0.3988230455634952,0.5201665222644806,0.8587721060313408
4det_kmp,3.6018924713134766,3.154116256211995,0.3759721784020848,0.5280553102493286,0.8488794498349312
4deu_nar,2.3473149061203005,2.190302275013177,0.4526262946478282,0.663098931312561,0.8445621956820716
4dew_lu2,6.986352920532227,0.12444881909986147,0.8357302512008079,0.21505536139011383,0.8648968714095278
4dhy_s41,0.5608503162860871,7.9662467002137065,0.43706955221154675,0.9101225137710571,0.9590711721548463
4dlr_dtu,17.772818183898927,2.557699454516686,0.424589700259473,0.0011278195306658745,0.7176408680266557
4dlv_dtt,17.58382339477539,,,0.0015276145306415856,0.7135450342394687
4dlx_dtu,17.469431114196777,2.3323743476614194,0.33958428087914005,0.0019005573238246142,0.6989474485323551
4dly_dtt,8.578130435943603,,,0.1455287031829357,0.7036101262645144
4dlz_dtu,10.649375343322754,2.914658702883742,0.4239178231285471,0.11045900154858827,0.6953863155764315
4e6a_0o9,7.489832210540771,0.7274241893398906,0.79443414241835,0.2558348745107651,0.8131685895997744
4e6c_0o8,6.781315612792969,1.2685365477915131,0.7363573342892265,0.28902916312217714,0.7497747344299265
4e8a_0oa,6.800293588638306,0.8431522863216963,0.738270879145056,0.2737456738948822,0.7682417223495968
4ebv_0o7,16.82993049621582,3.6564522249685125,0.5100382762403209,0.007985057216137648,0.9362185550444859
4ebw_0pf,14.594059944152832,3.735268341788111,0.5319831313101819,0.044054349325597285,0.8205399945171301
4eh9_0oq,13.116178131103515,3.241439798796603,0.32396484320054875,0.06897588670253754,0.6440019704744285
4eh9_irg,0.4233913540840149,0.4693934544946089,0.9666537698546425,0.9351776003837585,0.9737734613233628
4ejn_0r4,2.5165584564208983,1.8920038433086759,0.8409575433258863,0.6667778491973877,0.9989080105718822
4ez7_2an,11.223621559143066,2.820082209810467,0.22959144621080588,0.13967434465885162,0.7645628582602153
4fap_ard,0.7348054111003876,2.6346114151925604,0.41965518613758696,0.5699127554893494,0.934178964211011
4fc0_0t2,0.5157875537872314,4.3786837631717335,0.5182121233032839,0.9347199440002442,1.0658070701177245
4fea_0te,3.8602500438690184,3.5934318664806186,0.3607953787317633,0.36295912265777586,0.8953537420699522
4fi6_0u7,0.9019999384880066,2.1004865551243057,0.4211293194791488,0.8799769282341003,0.8834269009716419
4fi7_0ua,0.6953445434570312,2.0242768285684756,0.4322867649314017,0.8957473039627075,0.9563741309423694
4fi8_0uc,0.7537641167640686,2.7438150432045414,0.42717711820547455,0.9020608305931092,0.9144689026742737
4fxf_fbp,3.0203619674149342,3.168082966061177,0.5433546909696123,,0.9167954254054589
4g0n_dtt,16.94205951690674,,,0.0015306122601032256,0.7036039102285541
4g1n_nzt,1.0949751734733582,3.6492469226962063,0.4110947512269331,0.609079110622406,0.8476598382627545
4g8r_96p,16.167744064331053,4.815313928103777,0.2526010473270459,0.017407334037125112,0.8234670434579506
4g9c_0wp,1.1584153175354004,4.013450741266004,0.530859497299811,0.881283414363861,1.0645420586282275
4g9r_b1e,0.6666175484657287,4.092912266925717,0.5469022744621821,0.9564294576644897,1.0664434051460971
4h4b_11h,10.216624736785889,4.26439671408252,0.26220015189436824,0.21371670067310333,0.739747437672598
4hiq_16v,0.4832628548145294,2.8812504924789324,0.4924567817685229,0.9419237017631531,0.9703122148086532
4his_3mi,1.8022521495819093,2.33905444995061,0.4451218958141193,0.8078340888023376,0.9146873495600569
4hjs_18j,2.093367075920105,4.826441759407869,0.36693677564422206,0.8056531310081482,0.8899183827307076
4hjt_18a,1.3944336652755738,1.991383054721459,0.401406718717476,0.8517930746078491,0.9081218749300535
4hju_16l,0.9706879377365112,2.7214729582576425,0.4262591325450139,0.8776554107666016,0.885911790234451
4hsg_ktd,0.6472359776496888,4.06454996101698,0.38093836939751585,0.8022957801818847,1.0063690547474837
4i1r_lzu,4.0054214835166935,3.8260576682113756,0.5514617052235498,0.4549602806568146,0.9590694094428246
4i4f_1br,12.377165794372559,4.632276402493106,0.5114983490718374,0.15556319057941437,0.7487133286654664
4i85_h50,2.6505136013031008,3.223061678900804,0.40612184625092185,0.613540530204773,0.8595823923601191
4i87_h50,2.5051959991455077,2.3311839675416697,0.3398054566482836,0.63484206199646,0.8620360991144256
4i89_1fl,5.890992450714111,3.321805021139544,0.4972778977661837,0.28339584469795226,0.9431940461287365
4iiz_lur,3.1230344772338867,3.677790034265951,0.4368845802764383,0.48465176820755007,0.8138951787790285
4ik6_lur,3.227761459350586,3.6310776077854277,0.45097314938469146,0.5079978346824646,0.8138951787790285
4ik7_imn,1.6671669960021973,2.946255679831785,0.33913910602878056,0.8446799635887146,0.9109333215803771
4iki_imn,1.8540075302124024,2.982958732898782,0.40589102935575344,0.8120909690856933,0.9107528094004202
4ikj_suz,4.566566371917725,2.5828668751787136,0.4488180888453868,0.3918183833360672,0.8748778899424584
4ikk_suz,4.395777177810669,3.4400842670449956,0.4530225905276902,0.3826634705066681,0.8751367379371183
4ikl_suz,4.556492280960083,3.028263661815699,0.45946030873891763,0.3802201867103577,0.8748380392323363
4ip7_fbp,5.103594871098525,2.785910446731824,0.6226219500341273,,0.9409037635614841
4ise_1fw,2.762908411026001,10.409831958986986,0.35631630869844055,0.5005990505218506,0.8768731996830483
4isf_1fx,2.9343318939208984,9.962504678337702,0.3626414628245919,0.5553020596504211,0.854080466355461
4isg_1fy,3.004166316986084,9.91793073371793,0.3895746854840073,0.5256643056869507,0.9245016142821634
4iwv_1j9,0.8421088933944703,3.6570973245262337,0.21149672709276648,0.7660805702209472,0.9419750665242107
4ixc_1jd,0.8010923385620117,3.1778124171092776,0.22537125755917636,0.8080643773078918,0.9104175457323833
4ixd_1hv,8.821118307113647,4.428864389093626,0.3835449581991349,0.2859838277101517,0.758223128309744
4jvg_b96,0.52294881939888,4.462500527691645,0.5352935809116518,0.9247971773147583,1.0723528496665828
4k5y_1q5,0.5277694165706635,3.737750199334939,0.55976620293459,0.9286312937736512,0.9852073736098206
4ky2_1w3,2.6116793632507322,2.8243943850706246,0.5115310422359135,0.7110803842544555,0.967988986080651
4l1s_1w4,2.939066743850708,3.3653081162886784,0.3809343966023106,0.7543432831764221,0.8971693720560069
4l1t_1wz,3.1394724369049074,2.103864449939277,0.44393919978111873,0.7419059157371521,0.9385159760547633
4l3q_926,0.7774869918823242,4.142808483010725,0.20982147747341823,0.8115067958831788,0.9448693131666683
4leg_1xf,11.534865379333496,3.3669792665143112,0.3981323886964625,0.14527705932656923,0.8166343928220146
4lmn_eui,1.0080388903617858,3.397337429692331,0.4964640971158996,0.7696422576904297,1.025605289280247
4lpg_1mv,2.347095322608948,16.854222347210303,0.3976008919452652,0.7655164361000061,0.8398632765373163
4lph_yl3,1.2849979162216187,15.735872692802165,0.3852070790338858,0.8725888967514038,0.9578471613572217
4luc_20g,14.943864419205863,4.496946602336198,0.234073308604572,,0.7420723412361322
4lv6_20h,14.560074385498448,4.328845343939179,0.23265800798307476,,0.799714694392476
4lyj_21f,18.968566513061525,4.058354167960006,0.2330645394562258,0.04430510625243187,0.8152476665127573
4m0y_m0y,4.412638807296753,4.090912835679285,0.5465232672577521,0.4034490048885345,0.8231313473210294
4m14_qws,4.220934581756592,3.976348683352525,0.5530945869673024,0.4668901741504669,0.801856502365187
4m15_qws,16.582048988342287,4.34377186026655,0.5291742649379312,0.04244682267308235,0.8004845103828085
4m22_22c,18.665303707122803,3.056024416198528,0.47430621228986314,0.028989498736336827,0.7428217132270803
4mas_pcq,0.3577383816242218,2.3923849883424047,0.3930258533495623,0.9415318608283997,0.8557074071302795
4mdk_u94,0.7481793463230133,3.9717575596061003,0.47842247354585804,0.8712870359420777,0.9922640392369484
4mjo_2c1,0.5680581867694855,2.3213528389769045,0.6411157764247762,0.868051540851593,0.9698194973438495
4mle_vo1,0.7231422066688538,4.144316548247758,0.5232380128184086,0.8545069098472595,0.8684923156828674
4mlh_vo2,1.9384600877761842,3.586063509920561,0.4902276107558844,0.6892706155776978,0.8969015644325864
4mne_573,0.5693270742893219,4.560141463450959,0.5592672320536745,0.9031100153923035,1.0266172078441917
4mqt_2cu,1.2115043163299561,3.903344559912347,0.42286652070091585,0.8166398763656616,0.9645412948960328
4mz7_dgt,1.4891526699066162,2.5163026903832013,0.30743986241748483,0.4142061948776245,0.7945650512449454
4n5d_2fq,3.878457725048065,3.6393887788710355,0.39342523417151776,0.3089408278465271,0.7048721856833082
4n6g_2gq,6.384671926498413,3.16873736057076,0.42745418409462815,0.20540282875299454,0.6436071827847781
4n7j_2gq,5.392409801483154,2.7897698077768798,0.5062939527540002,0.24299728125333786,0.639227961950273
4n7m_2gq,5.454326629638672,2.812296358257063,0.48769614886328194,0.2387005090713501,0.639227961950273
4n86_gbj,1.7038267850875854,0.427241615004912,0.4093882276477224,0.741921317577362,0.8757710694580991
4n87_gbj,1.6093519926071167,0.4245910520111833,0.4722593581078559,0.7451143383979797,0.8757710694580991
4nbk_2j5,6.32622766494751,3.3430163786864937,0.47647177252084616,0.3063156008720398,0.5459475560870959
4nbl_2j6,5.063793942332268,3.09991966419289,0.4403516975864772,0.3917538821697235,0.6188495987577529
4nbn_2j7,2.9442529678344727,3.4924442095464037,0.4125747168546602,0.3997032463550568,0.8958607460220888
4ni0_2p3,13.38416633605957,2.9738719795490223,0.37319032704240784,0.06556466221809387,0.8040656494533899
4no7_2n8,0.6892210125923157,8.913728732841385,0.3855129966908859,0.8603584408760071,0.9460669036269878
4oya_1ve,2.209902528271349,3.496886156261719,0.5975966550826277,,0.9060473329965418
4oyb_1vj,1.848653018034866,3.4138177028679655,0.6178406019432071,,0.7469298326289646
4oyi_1vk,2.307965447699611,3.05343208316418,0.5803038347472603,,0.7551795059407977
4oym_1zc,0.7993624634174683,3.100569722723345,0.6287783053092159,,0.8394470209109487
4oyo_1wc,2.0275334823506426,3.0422549088658193,0.5101180597502619,,0.7449366409431037
4oyp_bz2,1.7879617155819927,3.13586300215195,0.5487712180986273,,0.6314202216692365
4oyz_bct,10.216512233018875,2.2335735879932153,0.5536971898899701,0.42896175384521484,0.6524552399252763
4oz2_1z6,6.882403898239136,2.787488645797547,0.3988195531103041,0.2337904691696167,0.7333023738664923
4oz3_1z8,2.437437444383451,3.0624524360724537,0.5736468233599227,,0.8070559236380875
4pa0_2ow,9.417801856994629,1.2354787432924998,0.6526926303739196,0.11645544320344925,-24.37897775694697
4pcu_sam,0.7547274112701416,3.7629158031067425,0.5088191654887348,0.8629415392875671,0.894367909769937
4ple_cps,9.529834349950155,4.727725158732496,0.4513903375147611,0.22214524944623312,0.8839487949906509
4qfx_dgt,1.3865628719329834,2.9965206261282615,0.3180721108749533,0.41223435401916503,0.7948054337659395
4qfy_dgt,1.4647549390792847,2.5813747381638263,0.23645326419108903,0.41850440502166747,0.7945650512449454
4qfz_dgt,1.45980544090271,2.5709111082393328,0.23822298455030277,0.4187986135482788,0.7968774158324846
4qg0_dgt,1.4537656545639037,2.8581035248318214,,0.41374173760414124,0.7944333558639153
4qg2_gtp,1.3518092185258865,2.900292875395315,0.3951948402352177,0.4146159663796425,0.7259846543304991
4qg4_gtp,1.4073647409677505,2.9066553378787123,0.4103077890315308,0.4012135937809944,0.7235201724433636
4qpl_v3l,13.916510385151543,4.757920488713718,0.3448512959320342,0.0,0.8508747948099232
4qqn_3bq,1.187959575653076,5.408760706342834,0.3574641936966193,0.7768416047096253,0.9885479864872468
4qxs_wc1,2.2290761947631834,18.652908798706733,0.45036589593812215,0.6909575819969177,0.9535829487100044
4rer_bcd,16.440149475785734,4.3495091907186945,0.33619124018954616,,0.857860883723779
4rew_amp,0.6635631203651429,3.3104456596966494,0.555895958133456,0.8502758622169495,0.9730962363802327
4rom_3u8,18.13757071969956,3.8749209414739525,0.48307019082190195,0.005023365444503725,0.5508833245422495
4rqk_r1s,0.8540953636169434,3.0696724377349294,0.4614311408646678,0.8732881426811219,0.9152863663769935
4rqv_r2s,0.558143413066864,3.835114948149105,0.5093089346256516,0.9107419729232789,0.9362652152708326
4rt7_p30,0.6547024488449097,4.071798032143831,0.5179013508080501,0.9544574975967407,0.9619394664537131
4rxa_3f2,5.715307807922363,4.615843314743891,0.35770932201221234,0.3356968551874161,0.7205712044699448
4rxo_gtp,1.5026546716690063,2.559473572466452,0.2784921740001383,0.43272048234939575,0.7233997891093599
4rxp_gtp,1.3929997235536575,2.217285042441838,0.38194668895764455,0.4021444171667099,0.7260081905417055
4rxq_gtp,1.4189712554216385,2.239699373493746,0.388684042277484,0.40191733092069626,0.7231763921904869
4rxr_gtp,1.3901434391736984,2.214490868963841,0.38426317816618377,0.4067106544971466,0.7261258405928462
4rxs_gtp,1.4150306433439255,2.779502709141104,0.39707129670781965,0.4044896364212036,0.7233997891093599
4ryl_3zg,0.6090269684791565,5.0236625872337,0.4093423077191372,0.8198930382728576,1.0183386297915273
4tnp_dcp,0.624106377363205,2.582608844986887,0.4875417613962802,0.918418037891388,0.878262019183737
4tnq_ttp,0.7084803462028504,2.5048261189485377,0.34107272193482135,0.8887388110160828,0.8957248488495055
4tnr_dtp,0.6781829237937927,4.989312849683623,0.4848012137704815,0.9041438817977905,0.882803028454737
4tnx_dgt,9.134116935729981,3.5770560204587243,0.34453754438322404,0.06191566213965416,0.7946450711384007
4tpt_35h,5.630973434448242,4.214591308811661,0.5691010530692717,0.4061261385679245,0.7640093752605669
4tpw_33r,18.245383032577863,4.018383206261817,0.3075951627667519,,0.8311860570849646
4umx_vvs,13.51697654724121,3.2761632879591134,0.4470596890524895,5.235602147877216e-05,0.6935186650718886
4usw_act,,,,,0.676193864470738
4uuu_sam,0.611931425333023,3.1537973256551104,0.5059643395365263,0.8880290508270263,0.8928571928140803
4wo5_324,0.5451422214508057,4.040789428812561,0.5756082802100065,0.907584261894226,1.071866634551488
4wv7_3um,6.548629999160767,3.7265922923401185,0.4424484097283392,0.2787892296910286,0.38532484331822325
4xx9_rf4,0.5488874316215515,3.272766082893253,0.36746514294486665,0.9275524497032166,0.9930638892113354
4xz2_fbp,2.222089051448709,3.064899199742003,0.5983926653635231,,0.7379472415470248
4ypq_4f1,10.531478691101075,4.874478380305254,0.5412399305349014,0.09147924929857254,0.8807781748404432
4z07_pcg,0.790197342634201,3.1994859370406092,0.5455651176914159,0.8805032730102539,0.8196380394838496
4zht_ncc,18.31525230407715,3.145915636631525,0.48564251680705156,0.014793811230144152,0.6161696739510195
4zji_4oq,1.1031546115875244,3.0253378152853623,0.615160546060104,0.8610596537590027,1.0837526496008167
4zjj_4or,0.31788248419761655,3.5275083995985526,0.5650465662576324,0.9169384479522705,1.08563432705601
4zlo_4pv,0.3774945080280304,3.5888415987487767,0.5591619935820993,0.8630584597587585,1.0605956668144492
4zsg_4qx,5.336926319718344,9.83098614217929,0.4170966436919875,,0.952991238857621
4zsj_4r0,8.294944417621837,7.671269740937737,0.4967277441144809,,1.0045384831233082
4zsl_4qz,3.4411054372787477,3.468420587726817,0.39750053719994943,0.4899599373340607,0.9685127693188885
5ack_svq,1.7870691776275636,3.5341114291607973,0.44902351130511187,0.8081829309463501,0.9992910490567315
5afj_42r,11.28979504108429,3.197124742254485,0.4132716024450962,0.09930731169879436,0.7172725706341665
5afk_5vu,14.785484790802002,3.30836541876947,0.3802207726337321,0.004859606386162341,0.5941562657999229
5afl_fhv,18.025972366333008,2.4786709794048902,0.5457006565469315,0.0077893175184726715,0.673210237302268
5afn_ojd,16.11756706237793,4.0581038578431645,,0.016847826540470123,0.6906258879257067
5ao0_dg3,1.1039477944374085,4.668260699513974,,0.4514082133769989,0.7959271829665351
5ao1_dg3,1.2988151550292968,5.1252585208423405,,0.45310325622558595,0.7963463394586492
5ao2_dgt,1.2432648301124574,3.688496972525248,0.3676992675609299,0.4728788733482361,0.7950939593341717
5ao3_gtp,1.4575404822826385,3.016997728480145,0.38825405916614275,0.44379961490631104,0.7259730513488499
5ao4_gtp,1.4632289111614227,4.3249960064780435,0.355886161226328,0.46221668273210526,0.7235201724433636
5btr_stl,14.514547348022461,3.5981392846918356,0.4498443396918479,0.054226376861333844,1.0104682458111058
5c4o_4f1,10.345489692687988,4.763893536687209,0.5915370132175279,0.09536837041378021,0.880264053894917
5c4s_4y5,11.326021575927735,4.668476037561098,0.6076272044171761,0.07351469099521638,0.7604418413750015
5c4t_4y6,11.79069881439209,4.967710553034187,0.5888797934069278,0.06966757327318192,0.7338133860304927
5c4u_4y7,11.792503356933594,4.492017320122841,0.556180447042132,0.07176250815391541,0.6996941472758383
5cgc_51d,0.45928540229797366,3.8850959904975446,0.6224537918271407,0.9755005240440369,1.063165313835512
5cgd_51e,0.30897698998451234,3.657493596694929,0.6140785889543039,0.9941019296646119,1.0628062594674443
5d0r_b1t,1.9466079950332642,0.6277026936564852,0.897138675278625,0.6467018485069275,0.771315701907483
5d41_57n,7.775048828125,4.057606313393998,0.5450624500474301,0.18670290112495422,0.7667627121298286
5de1_59d,18.636288166046143,3.4560960922102826,0.4173129560536956,0.0003948199737351388,0.6455084005017545
5dgm_59z,0.4681998729705811,2.4771364729454306,0.4168318715271548,0.8919310569763184,0.9943100973437871
5dgn_59y,0.819980776309967,3.126363116666966,0.5060582395924133,0.8722936630249023,1.0125638087893587
5di7_5cq,0.9257300019264221,2.2617203333167883,0.6168086800848742,0.9108395457267762,1.1109125192920941
5did_5ck,1.5482397556304932,3.054178450724413,0.6471809697875581,0.8097558736801147,1.1073330713597132
5die_5cj,2.1971900701522826,3.1201098004559107,0.6017927212204244,0.666403591632843,1.0961106781042997
5dig_5ce,0.8591882705688476,2.264016018911216,0.6217576913087134,0.9144032955169678,1.1090877692594243
5diq_5b9,1.3301841974258424,2.2946310237468075,0.34913005454558976,0.7095620512962342,1.0070036216153908
5djp_5bj,0.9416191160678864,3.0799364382021586,0.4868888409783573,0.8137347102165222,1.0069909133400565
5djr_5bk,1.8045116543769837,2.7843880527314737,0.5178947398560997,0.672582495212555,1.0046543289991683
5djv_5bl,0.9084918379783631,3.8147204645565465,0.45574556176940295,0.8627645373344421,1.0170287546264727
5dk9_5cc,0.7946274518966675,3.9357397370947047,0.5955922303363922,0.8899961590766907,1.1074027586463024
5dkb_5c9,0.8008760571479797,3.8477533442073892,0.6207829892707346,0.9067848205566407,1.108875478116013
5dke_5c8,1.0056301832199097,3.8483253212394315,0.610926419527669,0.90527845621109,1.1043344551891994
5dkg_5c7,0.7119483590126038,3.8300392170607926,0.6213092240128494,0.9568801164627075,1.1100679382200755
5dks_5c6,1.1264480113983155,3.6822826421259593,0.6480867732352878,0.85158771276474,1.0792975605751884
5dl4_5c4,0.8638234734535217,4.057912440822958,0.5981669373953175,0.9325932621955871,1.114113002669527
5dlr_5dj,1.032985508441925,3.2914497800267513,0.6004118700597469,0.9229850053787232,1.0667680743703074
5dmc_5dh,0.8700068473815918,2.878552317593794,0.6513841425598874,0.936232590675354,1.1091921111504546
5dmf_5dg,0.799945056438446,3.9365490423782803,0.5774217376343687,0.9295163631439209,1.1157567589433577
5dos_5dn,0.8514548420906067,2.378690959868707,0.46238915093333505,0.8248436927795411,1.0018475124687367
5dou_nlg,1.0553654670715331,3.334088234943093,0.2550067703927041,0.7636313915252686,0.9119978001839254
5dp0_5es,1.0347597241401671,3.8898216375280255,0.6030466120993683,0.8908708333969116,1.0889295210481527
5dpv_5dn,0.9227475523948669,3.9593695540928118,0.49872811856056615,0.840350604057312,1.0018475124687367
5dr2_5e1,0.5501713633537293,2.304703849752071,0.47665700102242536,0.8650102615356445,0.8717858425614937
5dr6_5e1,0.6350906908512115,3.625063290071278,0.3611547084980293,0.8205721259117127,0.8717858425614937
5dr9_5e2,0.6545807123184204,2.7973270786026143,0.3743825659254022,0.8532710313796997,0.8634198931513672
5drj_5eu,6.7031505584716795,3.30875194456232,0.651310935043089,0.2698205500841141,1.0177645229593542
5drm_5et,1.290002179145813,3.7252850691447947,0.6290820977728466,0.8197518825531006,0.9955752942933561
5dsg_p6g,6.111626243591308,3.0298323138257173,0.4833730121038775,0.35759109258651733,1.0129887098677333
5dt4_5dn,1.0368408203125,2.662349124332703,0.5169640889275746,0.8286276459693909,1.0018475124687367
5dtv_5fs,0.36481926441192625,2.645056023698596,0.6461492862778014,0.9618457198143006,1.0708626193682451
5du5_5g2,0.5618039250373841,3.3228261825816823,0.6370261947330994,0.9519861578941345,1.0823657619349005
5due_5fy,0.7525333523750305,3.484929135580052,0.6054125171282758,0.925008225440979,1.1170501515006026
5dug_5fv,0.8680249929428101,3.4290040415764382,0.6020687477997166,0.9301400899887085,1.114888623978727
5duh_5ft,0.704080593585968,3.862445734259091,0.6537906186041933,0.8989136457443238,1.1134709134795244
5dvs_5g7,1.2399545431137085,3.167415114580922,0.6321393237841162,0.9387321710586548,1.117832122941262
5dvv_5g6,1.288625454902649,2.6682845241918085,0.6473203137044357,0.9109820485115051,1.0832870320329429
5dwe_5g5,1.2818208932876587,2.652336324753164,0.658573272014022,0.9454761385917664,1.0942636802916363
5dwg_5g4,0.3333501935005188,3.245543528197011,0.6274213337936775,0.9538148880004883,1.11672893559335
5dwi_5g3,0.7441233634948731,3.3437700866694464,0.6280039897702758,0.9491562843322754,1.116809298787773
5dwj_5j2,0.29067014455795287,3.0902276950065106,0.6717020042137809,0.9497270584106445,1.1051271953011512
5dxk_5j1,1.269591212272644,2.9209176503455447,0.6315905666066159,0.9274172902107238,1.072397532123214
5dxm_5j0,2.138379228115082,3.424406035612564,0.6604834015853226,0.7248992919921875,1.068891943724227
5dxp_5hx,0.2601456940174103,2.7204210658635968,0.6672698496783818,0.9470105767250061,1.1151167075023998
5dxq_5hz,1.328536868095398,3.582933843619415,0.6187984159353949,0.9380496144294739,1.0735299908559441
5dxr_5hw,1.2155131578445435,3.318690676636468,0.6135010007527398,0.9136392951011658,1.0830656920280626
5dy8_5k4,1.6118034362792968,3.2134981217469707,0.5616079076436176,0.8887439489364624,1.0697429552529936
5dyb_5k2,1.7593318939208984,4.091372590340353,0.5716740099365313,0.7772801041603088,1.083333185195801
5dyd_5k1,0.9660481333732605,3.5174375850906587,0.6142866143622723,0.9193003296852111,1.09653692884828
5dz0_5k0,1.7436771869659424,3.8052794007737547,0.5944793144586056,0.9110799551010131,1.06024145320921
5dz1_5jy,1.5591761112213134,3.8372329330165655,0.6098615597291556,0.8904434680938721,1.0677729469375599
5dz3_5jx,1.7332992553710938,3.684363284062164,0.6025522699518637,0.898853600025177,1.0598589254576771
5dzh_5kg,1.0124421834945678,3.52425657891794,0.5759895810433817,0.8494550824165344,1.0583523450489694
5dzi_5kf,1.3900171518325806,3.2107711986977185,0.6457579945677431,0.953819215297699,1.0908483037181755
5e0w_5ke,7.09272403717041,4.079492746689424,0.5802932128602781,0.2533761650323868,1.047774970137671
5e0x_5kd,0.9645246148109436,3.8117137513889587,0.6029166582093722,0.8746596217155457,1.086591105959329
5e14_5kb,1.1585535049438476,4.197302815414392,0.6051080360931618,0.8555411219596862,1.085547365497414
5e15_5ka,1.7183082818984985,3.386786588655371,0.6105852756868972,0.8770496606826782,1.046681063408579
5e19_5k7,0.85113605260849,3.484225826392148,0.6066698238601884,0.9136329531669617,1.0608374432645182
5e1c_5k8,0.9366873979568482,3.9812321559747246,0.5878475372503515,0.8480644702911377,1.090505711945052
5e29_rq3,19.898014068603516,4.934651770299336,0.43584453399827705,0.02857142873108387,0.7825564599780789
5e84_atp,0.4190313220024109,3.9513019162740664,0.5030430300859691,0.9577960252761841,0.969515293196648
5ehj_5k5,0.8907719016075134,3.807683134368942,0.6117159962122896,0.8822255373001099,1.0641367181997252
5ehp_5oa,4.407513904571533,5.820617781184538,0.5552414948704613,0.5673789978027344,0.8510435158662496
5ehr_5od,5.546103382110596,6.025230545236134,0.5452772514391039,0.564167606830597,0.901522623503466
5et6_amp,0.28115652203559877,2.9112259786934236,0.5489798390060561,0.9760469436645508,0.9659670769177533
5et8_f6p,0.9811486441469744,3.1071500153745104,0.5208931439196963,,0.9598800901365478
5f2e_5ut,16.209629821777344,4.01293389527549,0.2609289398108811,0.01951385959982872,0.7094855792551253
5f6w_5vl,0.4807346522808075,3.189267667771328,0.6124982010649233,0.977901291847229,0.819310383278616
5f6y_5vm,0.5990034520626069,3.2261659082419256,0.6158307755638459,0.9501448035240173,0.8627167912014372
5fm2_pp1,0.8367904543876648,3.1639425786531103,0.5811835983506546,0.9079895853996277,0.9432650011625512
5fm3_pp1,0.8557919859886169,3.2874523085475835,0.569742681241596,0.8915650963783264,0.9421052328079689
5gsa_73k,0.2537215381860733,0.6504585907767658,0.5160988894258812,0.9801423072814941,1.0291895177818757
5h08_7wl,0.41849302053451537,3.2355176676772883,0.5043484606080101,0.9009387850761413,1.1536447454660042
5h13_lqa,0.47236103415489195,4.0961431108639355,0.44770296222129446,0.9365197539329528,1.0236936551952318
5h14_lqb,3.0135175585746765,1.5180467060068645,0.539255800691452,0.5954286605119705,1.001725574983608
5h15_lqd,0.6411534070968627,2.471560950479545,0.5471099904546355,0.9295566797256469,1.0335799814506572
5h17_lqe,0.4383123219013214,2.6256599042862176,0.6508348662560811,0.9708659768104553,1.0251798895385373
5h19_lqf,0.6881012320518494,2.8459905023304763,0.5524746932881095,0.9225278794765472,1.0248958852265861
5h25_lqh,4.68637170791626,0.9650648088153801,0.39401895198167114,0.48299647569656373,0.8135423510480777
5h3q_7hf,3.370654582977295,4.064566325006149,0.5385798423560092,0.5960006356239319,0.9412247051244002
5h8h_5yc,16.985882186889647,3.7390622272660914,0.537078748030086,0.0018174918368458748,0.9849043714759891
5htb_6l5,0.5638466477394104,4.258883644913443,0.5597468225349076,0.7961241722106933,1.1493102495687513
5htc_66m,0.9048184752464294,4.253915028694631,0.5264222994128688,0.78798348903656,1.150886899590772
5i2c_arg,0.1795531302690506,2.7437629492318107,0.6236273414398223,0.9990975499153137,0.9743554080332931
5i2k_67h,0.48900470733642576,3.956231509456276,0.4498202094148739,0.5344987511634827,1.0680153389434477
5i2n_67j,0.9276909232139587,3.8201530883695822,0.4695078865760839,0.5723568439483643,1.0635329246352891
5i73_68p,4.593584060668945,4.464920111078385,0.546966530506751,0.48409618735313414,0.9426669828640574
5i75_69d,12.638277626037597,3.951125794172838,0.5378940226391101,0.042521567270159724,0.945874829143006
5ikp_amp,1.7922971725463868,1.6874031201614408,0.4990065193533411,0.5789513707160949,0.805562750400294
5in4_6ck,16.14002456665039,4.264295092471549,0.5171080709207005,0.01384379118680954,0.9779459155021101
5iv3_lri,0.5552256286144257,0.4629068433118387,0.9514336153161975,0.861878776550293,0.9276770069009569
5iv4_lri,0.8003442645072937,0.5398069938057636,0.9478371590900906,0.8562382698059082,0.9276770069009569
5j94_1xf,11.781650304794312,2.8472635347753728,0.4207061668394562,0.18202632634590069,0.8168636196869201
5ja0_fpp,14.577547645568847,13.820083643243771,0.42503485680499636,0.11898206174373627,1.0062828780257844
5ja7_6hm,2.468399691581726,2.0199109667332587,0.3485642524454974,0.5899911046028137,0.8563308523534114
5juz_yl4,3.905254137516022,15.716814716405054,0.41096201360479334,0.650209641456604,0.9163918521059748
5jv0_yl5,3.101574730873108,16.046565359661702,0.45163909350206355,0.7306071519851685,0.9150506366697189
5jv1_yl6,3.7922675609588623,5.613996713240484,0.4875477256885432,0.5630646586418152,0.9327781612299413
5jv2_6o3,0.4142572104930878,2.1724496982182075,0.41120072479510644,0.8737136125564575,1.013412582530672
5jyo_63j,9.590338706970215,0.9313755411794548,0.5328191257022493,0.1907088875770569,0.890346420427121
5jyp_zbs,4.848654747009277,3.159106726083062,0.3370803304817957,0.4304160177707672,0.9104031540531581
5k11_ndp,1.3142457962036134,3.9076888676660966,0.3826543170010167,0.7688428640365601,0.9450736775730219
5kcv_6s1,1.9370614767074585,4.028216489923598,0.5471151482442413,0.7427217960357666,1.0011939910771916
5kkn_6u3,0.7853416681289673,3.798752133032469,0.5092130011242008,0.8729874014854431,0.9189809442385632
5ksi_s1p,17.168209838867188,3.2441904576587874,0.4074658032952329,0.1324003055691719,0.737490124274091
5ksx_7am,4.243288111686707,13.324657700553015,0.41422534326716,0.5840754389762879,0.9018661615593222
5kw2_6xq,2.027087461948395,14.577405204139193,0.2686930791263795,0.8449887037277222,0.9025118569201404
5l57_6n3,19.86971918741862,3.500592684914833,0.4190037046799513,0.0008295626224329075,0.6801736529346919
5l58_6mx,19.24040921529134,4.673783467370598,0.4040900875137678,0.0,0.6997606402954303
5l7i_vis,5.122784733772278,3.35374475219732,0.5452445846064431,0.4682799369096756,0.9031141480058773
5lge_6vn,7.82296838760376,3.2361017778003167,0.4503387562331855,0.1392412304878235,0.790243594489386
5llm_6z6,10.037226486206055,14.304531686112714,0.4490712734621214,0.06237304359674454,0.953799811819916
5lm4_6z6,10.186362266540527,3.2924121584346815,0.4813078890320187,0.05435347706079483,0.9523365104529098
5lua_5kn,15.687972831726075,2.872649052842398,0.42058120826491124,0.017054918175563216,0.8217109995908679
5lub_3y7,13.368365669250489,3.4978139387619898,0.3993874556550111,0.050111392699182036,0.8203760201844089
5lvl_537,0.13122565150260926,3.304921715902419,0.2233806151533857,0.9869679093360901,1.0049781570740333
5lvo_78w,0.483564692735672,3.5135826986848335,0.45762625085764697,0.9777987718582153,0.987063718777961
5lvx_79b,10.603004646301269,3.8687111360722226,0.38035191602039653,0.388935512304306,0.8521257978094742
5lwe_79k,0.4435761272907257,3.6186367783758775,0.542829074285779,0.9451704025268555,1.0021172543144101
5lwp_79u,11.614827871322632,4.284006042165851,0.5716183423386744,0.047889807261526585,0.8302268101713395
5lyq_7be,0.3330819845199585,3.750936615851453,0.5814596704593737,0.9613024234771729,1.0527695497622938
5mju_6z6,10.087240982055665,14.264725853039689,0.4340600751253872,0.06210823655128479,0.953421009005746
5mo4_ay7,1.3642108917236329,3.7002499587117095,0.5779845016253283,0.8288937091827393,1.106868078980763
5mrd_s26,1.461349368095398,2.8511508298925636,0.405324634750384,0.6835017402966818,0.8414016214876486
5n9r_8rn,0.20996567904949187,3.7021081750178135,0.5393138758997811,0.979427981376648,0.9262609103394011
5n9t_8qq,0.3314072608947754,4.217373858601402,0.5406675721711258,0.9448225617408752,0.9209717451959749
5ngz_2bg,1.239791166782379,0.15876434903036568,0.9592626970886077,0.8061941742897034,0.7162632614547739
5o2d_9hh,11.805407524108887,3.4603863005617255,0.5213583316811053,0.12477954477071762,0.37725965830620517
5obj_9qk,12.260984420776367,3.37679467038158,0.493985542162963,0.15535247325897217,0.735830593493744
5obr_9qt,0.7477311134338379,3.234354656943519,0.48585599280479597,0.8317293763160706,0.8741873100961841
5opk_dtp,2.6680586338043213,3.5138714377736564,0.3542194463062028,0.6931272983551026,0.8660940462775407
5opm_dtp,2.6282135486602782,3.9315948576528053,0.35486439835376576,0.693600082397461,0.8645321163373195
5orl_a4w,18.670551300048828,3.9503457136312643,0.46745287425789656,8.954155055107549e-05,0.6916012165185301
5orn_a5e,15.74072036743164,3.7038949438877102,0.47017054258312285,0.004395491676405072,0.9844255345479702
5oro_a5h,17.701471710205077,3.9152027585449325,0.4265621019517135,0.0009686489007435739,1.0254729290384037
5orr_a5q,19.852684020996094,3.277145520587854,0.4188618185251707,0.0,0.9265975167861784
5ors_a5w,6.855294513702392,3.6483110847611924,0.42360762829101756,0.23391579389572142,0.8414775648774867
5ort_a5z,19.350458908081055,4.535342596506732,0.5106561799619799,0.0008768762112595141,0.8523070306093702
5orv_a65,19.268415451049805,4.071441869849565,0.4874464026318308,0.0,0.7575419699439314
5orw_a6e,4.8232505321502686,3.915850082600154,0.5315693618468756,0.3756090044975281,0.8079917452897206
5orx_a6h,18.925242614746093,4.555162537383785,0.49380429193629605,0.0007822896004654467,0.8355459608018032
5orz_a6w,0.9614845156669617,3.4542237583748645,0.529901797178452,0.8551504254341126,0.8205001126867584
5os3_a7n,19.84486961364746,2.7954066631999877,,0.0,0.7624100466513954
5os5_a8k,18.77849349975586,4.443569549629354,0.48185338028882496,0.00013941386132501065,0.890595603880428
5os6_a7q,19.282463550567627,4.292796577325615,0.4446050821503761,0.0003661499940790236,0.8024603435180258
5osd_a9b,18.039224243164064,4.137534058319528,0.43228169927732774,0.0009127157740294933,0.8443249462179434
5ose_a98,17.28447723388672,4.738076299481667,0.4170166579740494,0.0033906637923792004,0.9766278538783311
5pzr_93s,1.4453322768211365,3.266379862267344,0.44736356350372813,0.4932547688484192,0.7829413602812921
5pzs_93y,1.8733927726745605,3.2040007453746346,0.4714233479149129,0.5054020643234253,0.8095256083322949
5pzt_947,0.3502360463142395,2.043280116889461,0.658647591127199,0.9076719641685486,0.9808390277764533
5pzu_94d,0.8646103501319885,2.2692497019509035,0.6432044344305259,0.8971849203109741,0.949999941117839
5pzv_94g,0.48623988032341003,2.4860061332355685,0.6128058961455002,0.8879083752632141,0.9598900393258033
5pzw_94j,1.6640961408615111,3.315230164009904,0.48083888061929886,0.5080288171768188,0.8260985569655679
5pzx_94s,0.5437926828861237,2.0180509652614833,0.6648734270808653,0.9022345542907715,0.979452538509593
5pzy_94v,0.4476462423801422,2.43686213730525,0.6087058348459813,0.9061272501945495,0.9880290711374704
5pzz_94y,0.42200070023536684,2.2748125681963622,0.6110681997713465,0.9111203908920288,0.9821463309465444
5q00_95d,0.5665345370769501,2.2330060961600613,0.6180672204146208,0.8924309968948364,0.9896061890361281
5q01_95g,0.31325376629829405,2.9888166725898997,0.5718137709649456,0.9176277041435241,0.9831650184549152
5q02_95j,0.5097020387649536,3.303224178458945,0.44622752921655345,0.8996801137924194,0.9821457044026183
5q03_95m,1.2995783329010009,2.299735757738639,0.610191936392001,0.8203279256820679,0.9673189583370654
5q04_95p,0.5111851930618286,2.320749731067968,0.6090515930867169,0.9027209997177124,0.9813504764936161
5q05_95s,0.49045533537864683,2.15625674401149,0.6469924349682472,0.9036352038383484,0.9859015721498856
5q06_95v,0.4082685589790344,3.0046088653118064,0.4600730505224693,0.9104446172714233,0.9696456936819835
5q07_95y,0.6114310979843139,3.101817376229705,0.5777843018905442,0.8369204640388489,0.9760398298958786
5q08_967,0.3982214450836182,2.344360437766156,0.6113110530111746,0.9063270807266235,0.9897707959012946
5q09_96a,0.40872274041175843,2.1801470708594843,0.6491908808292377,0.8684440135955811,0.9813157484159966
5q0a_96d,1.3320039987564087,2.7564423678472076,0.6059836714650721,0.8250306963920593,0.9688198459809086
5q0b_96j,0.4628141105175018,2.7472644563271618,0.5969424395768232,0.9070401906967163,0.9802493606764677
5qdf_awg,4.751254114254645,1.4905147807845136,0.6980833295543879,,0.5764780730790738
5qgf_f8d,2.4487335388570095,0.24970127205653853,0.7175015451048956,,0.771394204016542
5svf_70p,17.259821701049805,3.9691880636806522,0.5145834073862021,0.002597177750431001,0.5977100701436786
5sw8_fb1,4.624236106872559,4.657663293806469,0.25373332012027083,0.32288509607315063,0.6732314106799417
5swg_ax7,19.754568099975586,3.022637124687571,0.5738594849027358,0.0,0.6436911502895719
5swg_caq,3.2901897084653102,3.725121507911834,0.5105794697908526,0.36138710379600525,0.821216182316423
5swo_2zv,2.514055013656616,2.849335744381052,0.5233029267229057,0.2687224745750427,0.8138776621677765
5swo_70t,1.6596689621607463,4.09217864095638,0.5436448018047458,0.6919022003809611,0.6045067901497333
5swp_70v,1.863874077796936,1.6718747697945864,0.38211671354377486,0.31577860315640766,0.7669285740959859
5swp_70w,18.555994987487793,5.205449082831084,0.4652639688828544,0.00025540764909237623,0.8457633588480105
5swr_sal,3.3308663736532704,1.562173951790669,0.4392612111069025,0.17352288464705148,0.7911563144086982
5swt_71a,2.4474430878957114,3.76238307672941,0.48471085962898336,0.4912613034248352,0.8066010384350891
5sx8_71m,2.580127159754435,4.1900417910084125,0.4908210491534104,0.3918902079264323,0.7746563718298757
5sx9_71l,3.212143580118815,4.487541231713251,0.4236730109253188,0.40204017361005145,0.7805185976464313
5sxa_71n,19.21185874938965,3.120425714753452,0.34073830590193704,0.0007692307699471712,0.6018449750584639
5sxb_soa,3.4578221638997397,3.855166929658091,0.4436828608522734,0.3421514828999837,0.7554537811481241
5sxc_urf,4.069946765899658,2.600588828903893,0.4402963992726147,0.3764044940471649,0.8089423554010471
5sxd_71f,3.5038870573043823,3.746287276699612,0.5328330303176201,0.2411242052912712,0.724551912028158
5sxe_71g,3.3002458413441977,4.743655465571405,0.3902482388000568,0.34352096915245056,0.726555717437441
5sxi_71j,2.344022661447525,3.8840265023623335,0.48083773869172447,0.3426098972558975,0.7982348479893075
5sxk_71k,2.728788197040558,3.569108598431764,0.5447111583000814,0.3425133228302002,0.7242259145773302
5t19_73u,0.6518083214759827,5.204423362769939,0.5355000631075628,0.7604809403419495,1.071174761744437
5t1a_vt5,0.6190721035003662,4.0419355363256075,0.5346037539282079,0.8573153972625732,1.0335591073302415
5tbm_79a,0.3818285226821899,3.9038191143355867,0.5735675990722298,0.9770597815513611,1.1529141443912594
5tf9_7av,3.923060917854309,3.82867728852383,0.5629972814194704,0.5379361689090729,1.113539381885662
5tkb_7dj,0.9327178478240967,5.262464609326907,0.3915342539339454,0.9068715095520019,1.0976943777561856
5tp9_7h0,0.5709285140037537,3.813491123403447,0.46415360951286494,0.5897399187088013,1.0733579273991665
5tqh_7j2,16.26066150665283,3.8366066330045,0.5040802019844691,0.008310810290277004,0.8170927736510896
5tzr_mk6,0.8230062961578369,13.849648562528097,0.22136659488675128,0.9345776200294494,0.9396079076682538
5tzy_7os,1.1940563917160034,12.665583367006803,0.2665607552003765,0.8035122871398925,0.9167276834836166
5u3i_7sj,15.37675481185148,3.907567477261277,0.4665234385859646,,0.7981098805395436
5u5h_7vv,4.059521558485176,3.200379140150259,0.4763258698567254,,1.0324603681853586
5u5k_7vy,0.564166784286499,3.551832296816034,0.5104639230615613,0.9460979461669922,1.0161895643175587
5u5t_7w7,0.47097323536872865,3.4452419158568715,0.54821397232174,0.969681465625763,1.0273482345505112
5u62_7wd,0.30466952323913576,3.0948332087046,0.5464915082557675,0.9829967379570007,1.031876286554189
5ue4_5xq,4.114708518981933,3.492770006634289,0.4744430624831075,0.5123583495616912,0.5500057285421772
5ue5_ids,13.927742094888819,3.5849466820600346,0.256534178752797,,0.7895948935058283
5ufj_86m,15.13824804100822,3.9850924778935415,0.520962809157712,,0.7535831380775446
5ugh_8aj,2.1570828795433044,4.306942248798346,0.3886523861365126,0.41313351392745973,0.897873208640054
5uhv_gnp,0.23399368524551392,0.42382558840816714,0.9763669539984049,0.9073378682136536,0.9540518242338072
5urj_8ls,1.2497976660728454,4.25696646496654,0.5449408777709566,0.8043856739997863,0.7246203849204834
5urk_8lp,0.9057319045066834,3.614813337880405,0.5106710718175332,0.8379275083541871,0.8702154969756535
5v4w_8wm,3.043877458572388,3.5742110855198135,0.36682874040257163,0.5157556056976318,0.92651959725141
5v4x_8wj,4.724306297302246,8.527957009255863,0.3800959407341205,0.4878655314445496,0.9296829788132763
5v6u_8ym,4.611507415771484,2.5371656977827843,0.4032768149055683,0.3351712912321091,0.8983725926243471
5v6z_8yj,3.2822964191436768,3.8095841921439826,0.3866735969379255,0.4928158104419708,0.9090474038187256
5v9l_91d,6.724387073516846,3.4292862862493436,0.4932556103100632,0.27670955657958984,0.8034364037196425
5v9o_91g,18.745665232340496,4.053723644741312,0.24571219091442406,0.01711342887332042,0.7250770052935162
5var_92y,0.7733651340007782,2.374537173160646,0.45042638710705474,0.9016853094100952,0.9774982867215762
5vdh_ivm,1.795724368095398,3.2489612186501744,0.3483835148624764,0.4613905489444733,0.7847493403282014
5vdi_ivm,1.7438955307006836,4.195080325695637,0.3996478025011255,0.46353269219398496,0.7826872403206441
5vew_97y,0.9493958353996277,3.207388827840039,0.49911846955267175,0.8222801208496093,0.8115048885952854
5vex_97v,2.1326873779296873,3.0532636522459278,0.33457025251377465,0.6889473557472229,0.7762293309740779
5wdy_a6s,10.721380138397217,4.089352213911921,0.5283229940082268,0.16011836677789687,1.0510564665712188
5we8_a7y,3.6053521633148193,3.8196751842281325,0.6195050897564884,0.49654048681259155,1.2169571008035898
5wmv_zcw,3.258317470550537,10.975077005410562,0.4033599521715685,0.5069115042686463,0.8435648894525082
5wmx_zcw,3.2061349868774416,11.286497139331864,0.47585368507769726,0.5080953717231751,0.8435648894525082
5wuk_73k,1.156958532333374,2.6286392187555645,0.5080744349053382,0.8762692332267761,1.0291632540784508
5x0i_fbp,3.1634660395148124,3.185029615749934,0.5604965730829945,,0.9165906621924147
5x2s_pem,18.900328826904296,4.026378355284335,0.5168727309904912,0.002555674477480352,0.7646825855496238
5x2t_pem,18.648867416381837,3.9444531187585135,0.49721666576159385,0.004015385499224066,0.7649158449196302
5xez_97v,1.0735572099685669,3.4799466324500345,0.4470352559105796,0.8310982823371887,0.9311657265728538
5xf1_97v,1.3102344274520874,2.992722215623856,0.49861594832418205,0.8389228105545044,0.9312777998679256
5xzr_8j6,12.570090293884277,17.753591045299228,0.45185641713161906,0.15907735005021095,0.646697071164678
5y2f_8l9,11.209034729003907,2.9379172021409463,0.41236471959728344,0.121551001816988,0.713550633616931
5ybg_8so,5.167529106140137,4.548720728859645,0.3860780287218988,0.2703213691711426,0.5882809360511847
5yve_af9,12.804878997802735,3.6367331824913536,0.4588181206344795,0.025900443270802497,0.8029977731987131
5yvt_nai,1.1801421165466308,3.861761443673475,0.42148863361630173,0.8487221121788024,0.9509525920799058
5zc6_kbf,4.632163455683701,1.481063077732008,0.7609247734618756,,0.7775189610632169
6aui_dtp,1.2360405802726746,3.649404474237694,0.4031384058454526,0.6675472557544708,0.7603923343754273
6b0z_c81,19.28748385111491,3.6016659294847266,0.5254636060488082,0.004743665185136099,0.6079212684905572
6bbp_gtp,0.2066723495721817,3.868782479275361,0.4727725450645662,0.995807659626007,0.9578981432415965
6bbq_gtp,0.20520519018173217,3.944788355952995,0.4758503248830711,0.9956437349319458,0.9576245525663627
6bhv_dqv,0.5836385905742645,4.047458048827449,0.4458416691214551,0.9409736394882202,0.9646442571364829
6bky_k32,19.43062973022461,4.6281818009281475,0.4836190862457976,0.0,0.5315302988860875
6bkz_dwm,10.808168983459472,4.209530390483833,0.4230814442483237,0.10686715394258499,0.8110640187329368
6bmr_dzv,16.5904278755188,3.3137818829210786,0.4444805380736404,0.3390824252855964,0.7416900764588913
6bmu_5od,5.537894916534424,6.935362570885003,0.5488348221470318,0.5682632803916932,0.9030941573019469
6bmu_dzv,15.836620330810547,2.8737050000699904,0.41023875101042284,0.2726682842709124,0.7300106252690293
6bmv_dzs,18.432848930358887,2.416683429444445,0.495947970087456,0.5039021223783493,0.7549119996873258
6bmw_5od,5.45360746383667,6.892191211007287,0.5480464958915807,0.5873456716537475,0.9013545888950226
6bmw_dzs,18.391033172607422,4.048757828614158,0.4937970658718881,0.5067683458328247,0.7605163245818409
6bmx_dyv,15.422741254170736,3.535779000279079,0.41537465132783963,0.0884552796681722,0.6310225210106589
6bmy_5od,5.5164186477661135,6.672491095269888,0.5493980885336666,0.56603924036026,0.9030941573019469
6bn5_dzj,2.455064058303833,2.879266719211394,0.5923247666422344,0.7654321193695068,0.543070318439434
6bnr_e0j,17.043058013916017,3.951217563437756,0.5177732132168561,0.010116291255690158,0.7334391303988242
6boj_e31,4.081807851791382,3.8024674539262713,0.48776674849347057,0.7955992937088012,1.114907529931458
6c98_er7,17.544048690795897,2.9613924452773057,0.4635862797545675,0.0017827521311119198,0.8271279196885641
6c99_eqy,15.216284942626952,8.657681576691747,0.4620562326783334,0.004488568846136331,0.7901831746392376
6cjx_nag,11.383524143989556,5.560952964888683,0.3025026364143711,,0.3830720676017386
6cmr_5od,8.519426154246048,7.180044029225522,0.48033317985661406,,0.9013545888950226
6cms_5od,8.467139118915474,7.056149364374013,0.48380849450026736,,0.9030941573019469
6crg_5od,5.603967475891113,6.560614681470926,0.5408455269209167,0.5585027933120728,0.9015205771454997
6d1z_fqm,4.908949470520019,3.67543242707467,0.5782114606652652,0.5653721868991852,0.7742843266501954
6duk_jbj,15.133039093017578,3.5674447611929088,0.5117632783394679,0.12227596342563629,0.7629585314315976
6dw4_hf7,0.553383755683899,1.5039363388514553,0.44244925949352093,0.9261858701705933,0.9071544621461374
6dwd_hdv,0.5284521043300628,2.606683547399988,0.5324592968614765,0.9315711975097656,0.8936154691755707
6e5g_huy,4.759417724609375,2.8204303022943713,0.4790456802406463,0.3697430372238159,0.9191833086692895
6eg2_j7j,1.0799802660942077,3.7503121027670674,0.5068151172073609,0.6655863761901856,1.040506506686449
6eg3_j7g,1.3793278813362122,3.977897365140971,0.5241424739301963,0.754994559288025,1.0194856140904545
6f7i_cw5,0.3799848973751068,4.220084361499497,0.546801339144963,0.9595970153808594,0.9846108749755793
6fhk_adp,0.43039956092834475,0.84265475879397,0.9480294438046215,0.89133780002594,0.9500546529995877
6gg4_phe,0.25189976692199706,3.1489868797581124,0.5632461472960378,0.9354046583175659,0.8737805935820212
6gg5_trp,1.6350523084402084,2.845677043410247,0.5421038007804408,0.7560334429144859,0.802403804677589
6gg6_ser,4.720282244682312,2.6085360060062266,0.5987648427416017,0.6826276421546936,0.7922053152319256
6h4a_fnb,0.5674567341804504,4.287847711437687,0.4876902665229558,0.8968096375465393,0.9851968844406503
6h8r_fwb,1.1904344797134399,3.5828508388323312,0.5129006130209812,0.764025354385376,0.8516773191335923
6hhf_g4k,0.7537726402282715,0.6353427540234655,0.877121882739153,0.8179421544075012,0.9873422486165484
6hhg_g4t,0.6239222705364227,0.5388589909439787,0.9228176313272136,0.8530334115028382,0.9717644183165843
6hhh_g4q,0.7686967015266418,0.3971179069005389,0.8950526011153638,0.8414172053337097,0.995938479350927
6hhi_g4n,2.404037618637085,0.3796081167520116,0.8805588268984763,0.7534896492958069,0.9841514507108233
6hhj_g4h,3.9111915826797485,0.81007277180926,0.8381644478912726,0.6434542059898376,0.982590478451612
6hkx_gce,0.677198874950409,1.1266468693104428,0.842708311973911,0.9056995272636413,0.962124161539947
6hky_gce,0.7274483561515808,0.36021548282967664,0.9535845803953361,0.9068729400634765,0.9624869462537541
6hv0_guk,5.488365030288696,3.1063713198627148,0.49253907511365835,0.6061490774154663,0.9820000172604952
6hx1_gxk,5.772499132156372,3.5930858497833045,0.5025460801134457,0.5808565258979798,0.9833933234424184
6i0o_gtp,3.921103640959838,,0.27207270801402,,0.784287178347042
6i5g_ptg,7.24761266708374,3.2212445387145054,0.3312031539988933,0.22172078490257263,0.7911895199884638
6iik_iu1,0.2353178471326828,19.044858371438085,0.43209246097815657,0.969878101348877,0.9792210580557097
6iil_a8f,0.4011932075023651,19.31574151180262,0.4451123450159094,0.953657066822052,0.98087819162141
6iim_a8l,0.4162256717681885,19.344405953117395,0.44058032531395697,0.9523055195808411,0.9786041717214611
6iin_a8o,0.47982109189033506,3.245906214658851,0.45120507194214304,0.9428633332252503,0.9773754964684507
6imx_o4b,1.2529377698898316,3.153168887294263,0.404878301726676,0.7465864777565002,0.8363187479887374
6imy_aju,19.465362548828125,0.772059877887939,0.4768858784340874,0.0016411378746852279,0.8061092720133365
6l57_atp,1.4486220121383666,4.124974069386439,0.49609415486600417,0.8153530836105347,0.8849643367276879
6l57_cit,1.6437664270401,3.7806176015312354,0.43031098834462134,0.6233030796051026,0.981740627764266
6mc1_cja,6.670374393463135,3.761606051264677,0.46600001706425004,0.31736711263656614,0.8108142973740549
6md7_je1,6.0648619651794435,6.99677960562331,0.5481047787915532,0.5697200298309326,0.9686254097111062
6md9_jej,4.016413927078247,6.428326924309154,0.5512552623616287,0.4839154601097107,0.9423498375785104
6mda_jed,6.227890650431315,6.063243202052102,0.5534723961041538,0.3972865243752797,0.5980841778979006
6mdb_je4,3.5227731227874757,6.027597369705584,0.5657590490721337,0.5522443294525147,0.7478865810374977
6mdc_jea,5.532653141021728,7.3622503670635435,0.5538556345478093,0.538669753074646,0.9529473739329355
6mdd_je7,6.808931827545166,4.695406156302342,0.5973880264658357,0.24246015399694443,0.6113015458915085
6ms7_v77,6.451598072052002,3.8217568665354014,0.545070672385191,0.338113471865654,0.8954463669904159
6nn4_fbp,8.862240237534843,3.536954063637574,0.4752326990518057,,0.9347336422737824
6npt_kwy,6.519846653938293,2.3569716482117804,0.4577771476534509,0.41520599126815794,0.7140666189106885
6nsp_l0p,0.4947394669055939,2.671997004771476,0.42337755126511595,0.8968985080718994,0.9616402458539515
6nss_l0m,4.867330837249756,4.0401034201585615,0.5156163049933887,0.5746341466903686,0.9386600647897415
6nu1_cys,4.557169413566589,2.967448354956475,0.554092180250246,0.7005765914916993,0.792543797277912
6nu5_cys,4.644934856891632,2.662029091041397,0.5321804300989148,0.6827147722244262,0.7957194548233384
6nub_ser,4.8370003461837765,2.6317675239162996,0.555707424382237,0.666506040096283,0.7949464861932738
6nwk_dex,4.687122077125989,3.0948555162653393,0.4184198519735041,,1.0977758591266662
6p1d_nq1,8.06776695251465,3.5463245762803632,0.6149749798203894,0.23791775107383728,0.7476264101619708
6p1l_9ll,8.815390968322754,3.4389263012941393,0.5727567530722987,0.1943829834461212,0.7484002767976252
6p7g_e7m,0.5197162210941315,4.172153024699378,0.5507758460375838,0.9489281654357911,1.0658591612794308
6p8q_o57,9.708444786071777,3.4633358629780373,0.5891550343272122,0.223175048828125,0.7725283151942524
6peg_4fq,1.143562650680542,3.673523794374405,0.41019173103537254,0.8340635538101197,0.8109958542468829
6pgr_8xy,15.047744274139404,3.1397980447350253,0.3256834296053132,0.02335229702293873,0.6684000294722382
6pgu_ok7,19.065516471862793,2.5893272990939202,0.5241239054576192,0.0,0.8311616417573713
6q4d_hht,4.271892642974853,4.876066567690027,0.5088099672485908,0.3862352430820465,0.8442702554645815
6qce_hw2,3.7821614265441896,3.582073826333957,0.2522030728661321,0.49476427435874937,0.7552352978932408
6qch_hwb,2.568141460418701,3.5356771634945203,0.2678140728215687,0.7315994262695312,0.805149370437217
6qcj_xeg,6.4223175048828125,4.170453004179752,0.2544300821387969,0.2247980624437332,0.8288505399131789
6r4a_jrt,19.86436891792322,2.23430718038668,0.2862469515627143,,0.7699893088863811
6r4b_jsn,4.836207568645477,4.269653471094027,0.40170524155507414,0.3549906611442566,0.7822304337247598
6r4c_jrq,19.39583116947579,2.393783597084358,0.4170409350388135,,0.9615860667430716
6s9w_l1z,4.763995552062989,0.5667268198677563,0.7847143182393185,0.5962114810943604,0.9888961340177737
6s9x_l1w,4.399606227874756,1.529912769125728,0.8289699344018955,0.6338994622230529,0.9861244407003891
6sal_l3e,14.643684387207031,4.311267812658469,0.5862932855465455,0.018816462717950344,0.783287955824298
6sbu_l5n,19.885011672973633,5.103545684538163,0.38317779530848906,0.0,0.6227790361700991
6squ_d7i,,,,,0.8953190728208842
6t4g_l3e,13.943826293945312,4.443147837639577,0.539082699984552,0.017871146090328693,0.7865993344125325
6t4i_4f1,10.486483955383301,4.508861359702711,0.577533979315014,0.09435411691665649,0.880264053894917
6t4j_mhq,1.1920459985733032,3.588109386115846,0.4979421011481911,0.8766378164291382,1.0463028314085514
6t4k_mhq,1.0205538153648377,3.2906228781176834,0.5079849325552397,0.880902373790741,1.0470557289844664
6t4t_l3e,14.618221521377563,4.43038540011479,0.5615759951498397,0.0188447549007833,0.7833641231977737
6t4u_4f1,10.27481517791748,4.376017530991817,0.565378869899092,0.09426743090152741,0.8797956868815511
6t4w_mje,9.816223907470704,4.413082382696422,0.579938240667999,0.11035324335098266,0.9041134530883035
6t4x_l3e,14.506080436706544,4.393891831509819,0.5601671282702508,0.019991132989525796,0.7853145154127729
6t4y_4f1,10.210546112060547,4.455492640334098,0.5759298634346247,0.09179035648703575,0.8807716961428209
6t50_mje,9.503864765167236,4.195439195087952,0.564073547997004,0.1103283166885376,0.899557123936011
6t5b_o7k,2.1223792314529417,3.954841355160846,0.6632498669856837,0.6520919919013977,0.9348962790224498
6t5u_mkw,16.655842208862303,3.658845334325033,0.25542550098418204,0.0071842892095446585,0.9043944327660907
6t5v_mkz,13.360068688124173,4.084120763289013,0.25525367166237284,,0.8201660366480406
6ta3_mzk,6.142144012451172,2.7697507161557473,0.5593824351316871,0.26007682383060454,0.7934161813506766
6tam_mzq,0.6675483167171479,3.5569077096710515,0.7098254532251984,0.7787386417388916,0.9348666034658539
6tan_mzn,15.63818130493164,4.108913801786642,0.24570246233667087,0.01581556387245655,0.8494033182077454
6tiw_mzk,6.037195491790771,3.279690845577471,0.5798063729234698,0.2516506761312485,0.8006643881085145
6tlm_mje,9.584694862365723,4.680583270805101,0.5887619672280389,0.10981692746281624,0.8986818361661632
6tlq_mje,9.643171548843384,4.42271986247111,0.5688607167768194,0.11249399185180664,0.9077780600453139
6tlt_mje,9.409309387207031,4.15486666704938,0.5572950136957546,0.11390776559710503,0.8982739244137641
6tpk_clr,6.26243582367897,2.471580629231101,0.2974330467584709,0.4996258020401001,0.8303723744093698
6u26_063,,,,,0.9550392099486956
6u3e_4ip,1.2760376811027527,5.457579066161528,0.5100213462805014,0.7037968516349793,0.8713518330573766
6u3g_4ip,1.275070023536682,4.789714933313123,0.5184304235985076,0.7049336314201355,0.8715677556943426
6u6y_dtp,2.87422456741333,5.323895206709542,0.4986366028700486,0.7187334418296814,0.8819308087381212
6ucg_q3y,11.582416915893555,4.803838874443274,0.5951630717203478,0.06807342246174812,0.8650673803698394
6uel_q5a,1.6142370700836182,3.5629670640775895,0.4459216761174981,0.6102685630321503,0.6068990661699705
6uo8_qda,18.523313903808592,9.272523092117476,0.4991972169661486,0.0020154176745563745,0.9050638928713232
6uxx_ql1,13.324353694915771,3.166407201464658,0.423821453529899,0.07813959009945393,0.5717555652112661
6uxy_qky,13.568232917785645,3.810558114781147,0.5866596234541516,0.09059189409017562,0.694464887524251
6v74_asn,1.1923931241035461,2.2725287289409457,0.6974399810212384,0.8205930292606354,0.8003943390995821
6v75_asp,1.867489496866862,2.9222774460348706,0.616330400216936,0.7276333570480347,0.7778822441409227
6v76_val,0.8890952229499817,12.775769732622198,0.5632836344148375,0.8616320371627808,0.8079716239932482
6vbi_fza,14.217959785461426,3.7454140342094178,0.5526444533346704,0.03438824247568846,0.7760999277544244
6vcb_qw7,12.263360023498535,3.4244359711055963,0.4215345333372185,0.20450042312343916,0.7234264770993937
6vkk_rpb,0.679043847322464,3.517043767620011,0.4767560716356303,0.9392018795013428,0.9816930521191237
6vn2_r44,0.7300874829292298,4.08621700428808,0.5475869331640757,0.7874646067619324,0.9231610485282407
6vn3_r3y,0.8944957017898559,4.174531795611761,0.5554159985458351,0.8033026099205017,0.9279195658185204
6vn4_r4d,0.41398624181747434,3.910136889307674,0.5539361194878278,0.9299877524375916,0.9234799059483763
6vn5_r41,1.026537537574768,2.710691621320954,0.4996779818738153,0.771152913570404,0.9191236246129261
6vn6_r4j,0.6151440143585205,3.6365605342061285,0.5412468936044201,0.800081992149353,0.9208949638331128
6w2j_374,6.050484299659729,2.337633889355485,0.8177478016385352,0.36460167169570923,0.6451729036425748
6w30_sja,10.065667788187662,3.7213099232085463,0.5598542295814993,0.23952742914358774,0.7302760785078353
6wkz_8y1,15.562355041503906,0.1648680013111128,0.391179368016621,0.004625121597200632,0.7157493136724201
6wl6_91a,15.495203971862793,0.1300969080801056,0.4487413333146432,0.003161222441121936,0.7211495302748705
6wu8_u9y,5.658840751647949,9.225659772471165,0.2755811135094791,0.5544052660465241,0.9089654317545077
6x3u_fyp,5.79927134513855,1.6556559956938084,0.35869719339507333,0.0,0.79619360370472
6x3x_dzp,4.597982120513916,2.362997131722496,0.4388939013228613,0.26607933938503264,0.8925228550749722
6x81_utj,4.217515182495117,3.3368970286194743,0.3063953851107116,0.34113740026950834,0.9657309690343322
6x82_utm,10.92832145690918,4.502111522501567,0.31693604103496703,0.1062376469373703,0.9537355148360998
6x83_uts,3.1322638034820556,2.9783832844769536,0.333002367688195,0.30493263006210325,0.9824918618246308
6x85_utv,4.752666044235229,2.557727150698249,0.3329366565927583,0.22879985570907593,0.9771046363139643
6x86_uty,8.629992198944091,4.1194111124025765,0.30646625886614126,0.10282407104969024,0.9658517407166487
6xp9_qcg,15.386151703663122,4.236141147827295,0.504295323690852,,0.8515961728485147
6yuh_pow,3.688223147392273,3.2752862343872073,0.4527749035013148,0.5311354398727417,0.8804433685167042
6yz4_1e8,15.989533615112304,3.6831047872156,0.5015460287141906,0.024332072213292123,0.9921319051306007
6z4b_9ll,8.889849281311035,3.6447491728450707,0.5658935705453867,0.19510695338249207,0.7484002767976252
6z88_qbk,19.074477005004884,3.4181916240917296,0.5041760770644256,0.0,0.8838131331063389
6z89_qbk,19.021477508544923,2.9147772535874763,0.5015775813241597,0.0,0.8838131331063389
6zgv_qkz,3.7406409565463568,7.200216875143454,0.26671427777281753,,0.8897327540004868
6zgx_s6v,3.633078969964759,6.433695020156305,0.27201571066717534,,0.8794373211478852
6zgy_ql5,1.9114482402801514,3.715900760488232,0.24338243228797363,0.7186205089092255,0.7595927047581532
6zgz_ssy,3.7713493991071076,7.247715070378861,0.2674561668093248,,0.7093391551294328
7a2a_57n,8.514875316619873,3.989635477761958,0.5329758272089992,0.1843178391456604,0.7644313836510269
7ak0_rjk,0.5998223483562469,4.680677094676793,0.5000273956909893,0.8653802752494812,0.9856712051787376
7ak1_rjh,0.6162139892578125,4.2700450947082205,0.5368751981131497,0.8995443344116211,0.9818508450683942
7anw_nad,5.639565086364746,3.9488964996482387,0.47425815590856535,0.4105986177921295,0.7630181423193105
7aud_ry8,6.978268623352051,3.0769704899695616,0.48170026706624547,0.14324116706848145,0.8761753296113417
7b3m_su5,13.32266788482666,3.032665191458308,0.20117248215729347,0.009259685222059489,0.8723088647515699
7b7r_t1k,12.92731990814209,3.5606437846689225,0.238880452575356,0.048534808680415154,0.9283701651161511
7b94_t3w,12.150833702087402,2.6418800150842663,0.20578567038999437,0.0387706957757473,1.0057597287888487
7b9l_t4n,1.3777318477630616,4.414791373030462,0.28564452557740994,0.7787280559539795,0.9107432801363536
7bhr_tqe,2.3317418932914733,2.7727200114432975,0.3399517939356775,0.36918975710868834,0.7737463622256071
7bhs_tnz,3.1823979377746583,3.2048164557619834,0.37204866737201425,0.33191374242305755,0.8100748751228967
7bht_to8,1.4770294189453126,2.0779652425441766,0.33040695074609655,0.4574915647506714,0.7715819084886949
7bhu_tow,1.181592869758606,3.901269346703289,0.39736689425353466,0.460751885175705,0.826176283641184
7bhv_tqb,0.9098637819290161,4.50815545288074,0.3991028418153561,0.4870310127735138,0.8210338741908508
7bhw_tnw,0.7713601469993592,3.1596009959932685,0.42169208132755864,0.4982994496822357,0.8859890730438167
7bhx_to5,0.6306995749473572,4.0618706918275365,0.43904473274970107,0.48261411786079406,0.9580163513025115
7c7q_2c0,2.2489120960235596,4.874033079224352,0.4978072296410921,0.6947904706001282,0.9357269563643605
7ca3_fn0,10.928388595581055,3.6417766620301113,0.31504409799080324,0.12224669754505157,0.7095676421738097
7cfm_fwx,0.7961724042892456,3.6038898210365757,0.6012115976239893,0.8444097518920899,1.0002015044665031
7cfn_fx0,1.71983745098114,4.063570429136755,0.4570476816770627,0.7072661280632019,0.9818990047323476
7ckz_g4c,9.799348449707031,4.213094809605847,0.38728133599466313,0.16846829354763032,1.0556986297885733
7cr2_fbx,11.077491659724522,3.0463236901090016,0.4029934503750825,,0.835370185524274
7cr7_fbx,15.26202200562394,2.8168747115630053,0.4342882723729059,,0.8175149553115009
7d72_gdd,0.7426740765571594,4.385035463000608,0.46859710919913955,0.8038867235183715,0.9581545581350056
7djt_h8l,12.584574317932129,3.8537211661193176,0.39890480502799736,0.07408882267773151,0.672462644612625
7dtu_trp,0.6603659629821778,3.262737963897237,0.5311102959527754,0.8368708610534668,1.0051381899271763
7dtv_trp,0.649697995185852,3.3516966378920934,0.5823570563036217,0.8304468989372253,1.0048499049846031
7duq_hno,6.6164194742838545,3.12312466388555,0.3708057609405448,0.2678492416938146,0.7624999557730741
7e6t_tcr,0.5649790942668915,3.3462292626330465,0.5694042962375757,0.8338916301727295,1.0089047652699368
7ehm_j4c,1.7235615015029908,4.536184499901511,0.4098815900618947,0.7750771760940551,0.9730261123426098
7fd8_qus,1.8993282914161682,10.00469499693363,0.573674731328339,0.7617960333824157,1.0584494153083128
7jvm_vks,5.667787075042725,6.6021163042279625,0.7312802136147251,0.5186405837535858,0.9403032971643395
7jvn_vkp,5.155042362213135,4.732001206550344,0.7684809653869561,0.562209141254425,0.8760080901577995
7kcc_wbg,1.206864540702913,3.7593357845030697,0.42394388448758996,,0.8501397225338566
7kce_j41,1.4778653288817551,2.9663226435300074,0.373692697405375,,0.7718570153495045
7kcf_j4a,1.3067622244341521,3.8760758146913923,0.4344935977129115,,0.8603776504149705
7kda_wbm,2.432948106704462,3.174750987643713,0.3903793060376676,,0.8045601903395312
7kdb_wbs,0.8483603540215169,3.7734945517215186,0.42832185004493073,,0.9472508422099655
7ld3_xtd,18.264802932739258,3.7895219612279005,0.4201635958808444,0.0008651716751046478,0.7491755106254467
7ljc_g4c,0.9023558139801026,3.416341898968112,0.4852056042022051,0.9203080773353577,1.0568109044643001
7ljd_g4c,0.9290625810623169,2.947826538576924,0.429904700994161,0.9127467036247253,1.0556986297885733
7lwd_yg7,12.960243225097656,4.777744975754324,0.43173732157514566,0.08445882610976696,0.8592815068265691
7nh4_uce,4.521860408782959,0.7167551248407662,0.807203427832856,0.6045568227767945,0.990042444966571
7nh5_uc8,3.4662448525428773,0.24961058683834433,0.8443953444805106,0.6701551795005798,0.9805767035862305
7np5_ukb,12.974565887451172,5.156918459051441,0.5074661378326099,0.0612718902528286,0.7542550280801628
7np6_uk8,14.553030490875244,4.409852563348765,0.5994337918953252,0.015371293760836124,0.8229836281623878
7npc_ult,12.377813529968261,4.4005828983271424,0.5328864870300276,0.05271331518888474,0.7214982232489613
7p2l_4yi,0.4625988185405731,4.0595462816469645,0.5449705597087049,0.9714288234710693,1.0568657632223046
7r75_33i,5.600192070007324,7.847676193344688,0.2847417672593139,0.4707893654704094,0.7180747199547934
7r7d_37i,5.539339447021485,9.010715274434117,0.27453185346373077,0.45272951722145083,0.9511471116316275
7r7i_3cw,4.726794815063476,9.366535581058262,0.29508473228739757,0.538603150844574,0.901171650231953
7r7l_3ed,6.772565937042236,9.589236942471455,0.26522954102437557,0.44941799640655516,0.8868917556967488
7rct_4q4,5.913320922851563,7.095834562913213,0.7622521839192743,0.4930492043495178,0.9172047518065654
