target_id,hdf5_status,n_atoms,n_frames,coordinate_shape,molecule_boundaries,last_molecule_start,last_molecule_atom_count,residue_zero_atom_count,ligand_selection_rule,selected_ligand_atom_count,selected_ligand_element_signature,note
10GS,available,6593,100,100x6593x3,0;3267;6534,6534,59,59,atoms_residue_eq_0,59,6.6.6.6.6.6.6.6.6.6.6.6.6.6.6.6.6.6.6.6.6.6.6.7.7.7.8.8.8.8.8.8.16,
11GS,available,6600,100,100x6600x3,0;3267;6534,6534,66,66,atoms_residue_eq_0,66,6.6.6.6.6.6.6.6.6.6.6.6.6.6.6.6.6.6.6.6.6.6.6.7.7.7.8.8.8.8.8.8.8.8.8.8.16.17.17,
16PK,available,6435,100,100x6435x3,0;6378,6378,57,57,atoms_residue_eq_0,57,6.6.6.6.6.6.6.6.6.6.6.6.6.6.6.7.7.7.7.7.8.8.8.8.8.8.8.8.8.8.8.8.9.9.9.9.15.15.15,
184L,available,2627,100,100x2627x3,0;2603,2603,24,24,atoms_residue_eq_0,24,6.6.6.6.6.6.6.6.6.6,
185L,available,2619,100,100x2619x3,0;2603,2603,16,16,atoms_residue_eq_0,16,6.6.6.6.6.6.6.6.7,
186L,available,2627,100,100x2627x3,0;2603,2603,24,24,atoms_residue_eq_0,24,6.6.6.6.6.6.6.6.6.6,
187L,available,2621,100,100x2621x3,0;2603,2603,18,18,atoms_residue_eq_0,18,6.6.6.6.6.6.6.6,
188L,available,2621,100,100x2621x3,0;2603,2603,18,18,atoms_residue_eq_0,18,6.6.6.6.6.6.6.6,
1A07,available,3437,100,100x3437x3,0;1687;3363,3363,74,74,atoms_residue_eq_0,74,6.6.6.6.6.6.6.6.6.6.6.6.6.6.6.6.6.6.6.6.6.6.6.6.6.6.7.7.7.8.8.8.8.8,
1A0Q,available,6410,100,100x6410x3,0;3268;4817;5216;6367,6367,43,43,atoms_residue_eq_0,43,6.6.6.6.6.6.6.6.6.6.6.6.6.6.6.7.8.8.8.8.8.8.15,
1A28,available,4191,100,100x4191x3,0;4138,4138,53,53,atoms_residue_eq_0,53,6.6.6.6.6.6.6.6.6.6.6.6.6.6.6.6.6.6.6.6.6.8.8,
1A30,available,3187,100,100x3187x3,0;1569;3138,3138,49,0,fallback_last_molecule_for_peptide_ligand,49,6.6.6.6.6.6.6.6.6.6.6.6.6.6.6.7.7.7.8.8.8.8.8.8.8.8,
1A42,target_not_in_hdf5,,,,,,,,,,,
1A4G,target_not_in_hdf5,,,,,,,,,,,
1A4H,target_not_in_hdf5,,,,,,,,,,,
1A4K,target_not_in_hdf5,,,,,,,,,,,
1A4M,target_not_in_hdf5,,,,,,,,,,,
1A4Q,target_not_in_hdf5,,,,,,,,,,,
1A4R,target_not_in_hdf5,,,,,,,,,,,
1A50,target_not_in_hdf5,,,,,,,,,,,
1A52,target_not_in_hdf5,,,,,,,,,,,
1A7C,target_not_in_hdf5,,,,,,,,,,,
1A7X,target_not_in_hdf5,,,,,,,,,,,
1A85,target_not_in_hdf5,,,,,,,,,,,
1A86,target_not_in_hdf5,,,,,,,,,,,
1A8I,target_not_in_hdf5,,,,,,,,,,,
1A99,target_not_in_hdf5,,,,,,,,,,,
1A9Q,target_not_in_hdf5,,,,,,,,,,,
1A9U,target_not_in_hdf5,,,,,,,,,,,
1AAQ,target_not_in_hdf5,,,,,,,,,,,
1ABF,target_not_in_hdf5,,,,,,,,,,,
1ABT,target_not_in_hdf5,,,,,,,,,,,
1AD8,target_not_in_hdf5,,,,,,,,,,,
1ADD,target_not_in_hdf5,,,,,,,,,,,
1ADL,target_not_in_hdf5,,,,,,,,,,,
1ADO,target_not_in_hdf5,,,,,,,,,,,
1AF2,target_not_in_hdf5,,,,,,,,,,,
1AF6,target_not_in_hdf5,,,,,,,,,,,
1AFK,target_not_in_hdf5,,,,,,,,,,,
1AFL,target_not_in_hdf5,,,,,,,,,,,
1AGM,target_not_in_hdf5,,,,,,,,,,,
1AHX,target_not_in_hdf5,,,,,,,,,,,
1AHY,target_not_in_hdf5,,,,,,,,,,,
1AI4,target_not_in_hdf5,,,,,,,,,,,
1AI5,target_not_in_hdf5,,,,,,,,,,,
1AI7,target_not_in_hdf5,,,,,,,,,,,
1AJP,target_not_in_hdf5,,,,,,,,,,,
1AJQ,target_not_in_hdf5,,,,,,,,,,,
1AKQ,target_not_in_hdf5,,,,,,,,,,,
1AKR,target_not_in_hdf5,,,,,,,,,,,
1AKT,target_not_in_hdf5,,,,,,,,,,,
1AKU,target_not_in_hdf5,,,,,,,,,,,
1AKV,target_not_in_hdf5,,,,,,,,,,,
1AKW,target_not_in_hdf5,,,,,,,,,,,
1AL7,target_not_in_hdf5,,,,,,,,,,,
1AL8,target_not_in_hdf5,,,,,,,,,,,
1ALW,target_not_in_hdf5,,,,,,,,,,,
1AMK,target_not_in_hdf5,,,,,,,,,,,
1AMN,target_not_in_hdf5,,,,,,,,,,,
1ANF,target_not_in_hdf5,,,,,,,,,,,
1AO0,target_not_in_hdf5,,,,,,,,,,,
1APB,target_not_in_hdf5,,,,,,,,,,,
1APV,target_not_in_hdf5,,,,,,,,,,,
1APW,target_not_in_hdf5,,,,,,,,,,,
1AQ1,target_not_in_hdf5,,,,,,,,,,,
1AT5,target_not_in_hdf5,,,,,,,,,,,
1AT6,target_not_in_hdf5,,,,,,,,,,,
1ATL,target_not_in_hdf5,,,,,,,,,,,
1AU0,target_not_in_hdf5,,,,,,,,,,,
1AU2,target_not_in_hdf5,,,,,,,,,,,
1AUJ,target_not_in_hdf5,,,,,,,,,,,
1AVD,target_not_in_hdf5,,,,,,,,,,,
1AVN,target_not_in_hdf5,,,,,,,,,,,
1AW1,target_not_in_hdf5,,,,,,,,,,,
1AWF,target_not_in_hdf5,,,,,,,,,,,
1AWH,target_not_in_hdf5,,,,,,,,,,,
1AWI,target_not_in_hdf5,,,,,,,,,,,
1AX0,target_not_in_hdf5,,,,,,,,,,,
1AX1,target_not_in_hdf5,,,,,,,,,,,
1AX2,target_not_in_hdf5,,,,,,,,,,,
1AXR,target_not_in_hdf5,,,,,,,,,,,
1AXZ,target_not_in_hdf5,,,,,,,,,,,
1AYU,target_not_in_hdf5,,,,,,,,,,,
1AYV,target_not_in_hdf5,,,,,,,,,,,
1AZE,target_not_in_hdf5,,,,,,,,,,,
1AZL,target_not_in_hdf5,,,,,,,,,,,
1AZM,target_not_in_hdf5,,,,,,,,,,,
1B05,target_not_in_hdf5,,,,,,,,,,,
1B0F,target_not_in_hdf5,,,,,,,,,,,
1B0H,target_not_in_hdf5,,,,,,,,,,,
1B2H,target_not_in_hdf5,,,,,,,,,,,
1B2I,target_not_in_hdf5,,,,,,,,,,,
1B32,target_not_in_hdf5,,,,,,,,,,,
1B39,target_not_in_hdf5,,,,,,,,,,,
1B3F,target_not_in_hdf5,,,,,,,,,,,
1B3G,target_not_in_hdf5,,,,,,,,,,,
1B3H,target_not_in_hdf5,,,,,,,,,,,
1B3L,target_not_in_hdf5,,,,,,,,,,,
1B40,target_not_in_hdf5,,,,,,,,,,,
1B46,target_not_in_hdf5,,,,,,,,,,,
1B4D,target_not_in_hdf5,,,,,,,,,,,
1B4H,target_not_in_hdf5,,,,,,,,,,,
1B4Z,target_not_in_hdf5,,,,,,,,,,,
1B51,target_not_in_hdf5,,,,,,,,,,,
1B52,target_not_in_hdf5,,,,,,,,,,,
1B55,target_not_in_hdf5,,,,,,,,,,,
1B56,target_not_in_hdf5,,,,,,,,,,,
1B57,target_not_in_hdf5,,,,,,,,,,,
1B58,target_not_in_hdf5,,,,,,,,,,,
1B5G,target_not_in_hdf5,,,,,,,,,,,
1B5H,target_not_in_hdf5,,,,,,,,,,,
1B5I,target_not_in_hdf5,,,,,,,,,,,
1B5J,target_not_in_hdf5,,,,,,,,,,,
1B6H,target_not_in_hdf5,,,,,,,,,,,
1B6J,target_not_in_hdf5,,,,,,,,,,,
1B74,target_not_in_hdf5,,,,,,,,,,,
1B7H,target_not_in_hdf5,,,,,,,,,,,
1B8N,target_not_in_hdf5,,,,,,,,,,,
1B8O,target_not_in_hdf5,,,,,,,,,,,
1B9J,target_not_in_hdf5,,,,,,,,,,,
1B9S,target_not_in_hdf5,,,,,,,,,,,
1B9T,target_not_in_hdf5,,,,,,,,,,,
1B9V,target_not_in_hdf5,,,,,,,,,,,
1BA8,target_not_in_hdf5,,,,,,,,,,,
1BAP,target_not_in_hdf5,,,,,,,,,,,
1BBZ,target_not_in_hdf5,,,,,,,,,,,
1BCD,target_not_in_hdf5,,,,,,,,,,,
1BCJ,target_not_in_hdf5,,,,,,,,,,,
1BCU,target_not_in_hdf5,,,,,,,,,,,
1BDL,target_not_in_hdf5,,,,,,,,,,,
1BDQ,target_not_in_hdf5,,,,,,,,,,,
1BDR,target_not_in_hdf5,,,,,,,,,,,
1BGQ,target_not_in_hdf5,,,,,,,,,,,
1BHX,target_not_in_hdf5,,,,,,,,,,,
1BIL,target_not_in_hdf5,,,,,,,,,,,
1BIM,target_not_in_hdf5,,,,,,,,,,,
1BIO,target_not_in_hdf5,,,,,,,,,,,
1BIW,target_not_in_hdf5,,,,,,,,,,,
1BJI,target_not_in_hdf5,,,,,,,,,,,
1BJR,target_not_in_hdf5,,,,,,,,,,,
1BKJ,target_not_in_hdf5,,,,,,,,,,,
1BKY,target_not_in_hdf5,,,,,,,,,,,
1BL6,target_not_in_hdf5,,,,,,,,,,,
1BL7,target_not_in_hdf5,,,,,,,,,,,
1BMK,target_not_in_hdf5,,,,,,,,,,,
1BMQ,target_not_in_hdf5,,,,,,,,,,,
1BN3,target_not_in_hdf5,,,,,,,,,,,
1BNM,target_not_in_hdf5,,,,,,,,,,,
1BNN,target_not_in_hdf5,,,,,,,,,,,
1BNQ,target_not_in_hdf5,,,,,,,,,,,
1BNT,target_not_in_hdf5,,,,,,,,,,,
1BNU,target_not_in_hdf5,,,,,,,,,,,
1BNV,target_not_in_hdf5,,,,,,,,,,,
1BNW,target_not_in_hdf5,,,,,,,,,,,
1BO5,target_not_in_hdf5,,,,,,,,,,,
1BP0,target_not_in_hdf5,,,,,,,,,,,
1BQ3,target_not_in_hdf5,,,,,,,,,,,
1BQ4,target_not_in_hdf5,,,,,,,,,,,
1BQN,target_not_in_hdf5,,,,,,,,,,,
1BR8,target_not_in_hdf5,,,,,,,,,,,
1BT6,target_not_in_hdf5,,,,,,,,,,,
1BTN,target_not_in_hdf5,,,,,,,,,,,
1BUX,target_not_in_hdf5,,,,,,,,,,,
1BV7,target_not_in_hdf5,,,,,,,,,,,
1BWB,target_not_in_hdf5,,,,,,,,,,,
1BWN,target_not_in_hdf5,,,,,,,,,,,
1BXO,target_not_in_hdf5,,,,,,,,,,,
1BXQ,target_not_in_hdf5,,,,,,,,,,,
1BZC,target_not_in_hdf5,,,,,,,,,,,
1BZJ,target_not_in_hdf5,,,,,,,,,,,
1C12,target_not_in_hdf5,,,,,,,,,,,
1C29,target_not_in_hdf5,,,,,,,,,,,
1C3B,target_not_in_hdf5,,,,,,,,,,,
1C3E,target_not_in_hdf5,,,,,,,,,,,
1C3X,target_not_in_hdf5,,,,,,,,,,,
1C4Y,target_not_in_hdf5,,,,,,,,,,,
1C5F,target_not_in_hdf5,,,,,,,,,,,
1C5Z,target_not_in_hdf5,,,,,,,,,,,
1C7E,target_not_in_hdf5,,,,,,,,,,,
1C7F,target_not_in_hdf5,,,,,,,,,,,
1C84,target_not_in_hdf5,,,,,,,,,,,
1C85,target_not_in_hdf5,,,,,,,,,,,
1C86,target_not_in_hdf5,,,,,,,,,,,
1C87,target_not_in_hdf5,,,,,,,,,,,
1C88,target_not_in_hdf5,,,,,,,,,,,
1C8L,target_not_in_hdf5,,,,,,,,,,,
1C8V,target_not_in_hdf5,,,,,,,,,,,
1C9D,target_not_in_hdf5,,,,,,,,,,,
1CBR,target_not_in_hdf5,,,,,,,,,,,
1CBX,target_not_in_hdf5,,,,,,,,,,,
1CEA,target_not_in_hdf5,,,,,,,,,,,
1CEB,target_not_in_hdf5,,,,,,,,,,,
1CET,target_not_in_hdf5,,,,,,,,,,,
1CGL,target_not_in_hdf5,,,,,,,,,,,
1CH8,target_not_in_hdf5,,,,,,,,,,,
1CI7,target_not_in_hdf5,,,,,,,,,,,
1CIL,target_not_in_hdf5,,,,,,,,,,,
1CIM,target_not_in_hdf5,,,,,,,,,,,
1CIN,target_not_in_hdf5,,,,,,,,,,,
1CIZ,target_not_in_hdf5,,,,,,,,,,,
1CJ1,target_not_in_hdf5,,,,,,,,,,,
1CKA,target_not_in_hdf5,,,,,,,,,,,
1CKB,target_not_in_hdf5,,,,,,,,,,,
1CLU,target_not_in_hdf5,,,,,,,,,,,
1CNW,target_not_in_hdf5,,,,,,,,,,,
1CNY,target_not_in_hdf5,,,,,,,,,,,
1CP6,target_not_in_hdf5,,,,,,,,,,,
1CPI,target_not_in_hdf5,,,,,,,,,,,
1CPS,target_not_in_hdf5,,,,,,,,,,,
1CQP,target_not_in_hdf5,,,,,,,,,,,
1CR6,target_not_in_hdf5,,,,,,,,,,,
1CS4,target_not_in_hdf5,,,,,,,,,,,
1CTR,target_not_in_hdf5,,,,,,,,,,,
1CTT,target_not_in_hdf5,,,,,,,,,,,
1CTU,target_not_in_hdf5,,,,,,,,,,,
1CW2,target_not_in_hdf5,,,,,,,,,,,
1CWB,target_not_in_hdf5,,,,,,,,,,,
1CWC,target_not_in_hdf5,,,,,,,,,,,
1CX9,target_not_in_hdf5,,,,,,,,,,,
1CYN,target_not_in_hdf5,,,,,,,,,,,
1CZC,target_not_in_hdf5,,,,,,,,,,,
1CZE,target_not_in_hdf5,,,,,,,,,,,
1CZK,target_not_in_hdf5,,,,,,,,,,,
1CZL,target_not_in_hdf5,,,,,,,,,,,
1CZO,target_not_in_hdf5,,,,,,,,,,,
1CZR,target_not_in_hdf5,,,,,,,,,,,
1D04,target_not_in_hdf5,,,,,,,,,,,
1D09,target_not_in_hdf5,,,,,,,,,,,
1D1P,target_not_in_hdf5,,,,,,,,,,,
1D2E,target_not_in_hdf5,,,,,,,,,,,
1D2S,target_not_in_hdf5,,,,,,,,,,,
1D3Q,target_not_in_hdf5,,,,,,,,,,,
1D4H,target_not_in_hdf5,,,,,,,,,,,
1D4I,target_not_in_hdf5,,,,,,,,,,,
1D4J,target_not_in_hdf5,,,,,,,,,,,
1D4T,target_not_in_hdf5,,,,,,,,,,,
1D4Y,target_not_in_hdf5,,,,,,,,,,,
1D6N,target_not_in_hdf5,,,,,,,,,,,
1D6S,target_not_in_hdf5,,,,,,,,,,,
1D6W,target_not_in_hdf5,,,,,,,,,,,
1D7I,target_not_in_hdf5,,,,,,,,,,,
1D7J,target_not_in_hdf5,,,,,,,,,,,
1D8E,target_not_in_hdf5,,,,,,,,,,,
1D9I,target_not_in_hdf5,,,,,,,,,,,
1DAR,target_not_in_hdf5,,,,,,,,,,,
1DB1,target_not_in_hdf5,,,,,,,,,,,
1DB5,target_not_in_hdf5,,,,,,,,,,,
1DBB,target_not_in_hdf5,,,,,,,,,,,
1DBJ,target_not_in_hdf5,,,,,,,,,,,
1DBK,target_not_in_hdf5,,,,,,,,,,,
1DDM,target_not_in_hdf5,,,,,,,,,,,
1DET,target_not_in_hdf5,,,,,,,,,,,
1DF8,target_not_in_hdf5,,,,,,,,,,,
1DG9,target_not_in_hdf5,,,,,,,,,,,
1DMB,target_not_in_hdf5,,,,,,,,,,,
1DMP,target_not_in_hdf5,,,,,,,,,,,
1DMT,target_not_in_hdf5,,,,,,,,,,,
1DQX,target_not_in_hdf5,,,,,,,,,,,
1DRJ,target_not_in_hdf5,,,,,,,,,,,
1DRK,target_not_in_hdf5,,,,,,,,,,,
1DTH,target_not_in_hdf5,,,,,,,,,,,
1DUB,target_not_in_hdf5,,,,,,,,,,,
1DUD,target_not_in_hdf5,,,,,,,,,,,
1DUV,target_not_in_hdf5,,,,,,,,,,,
1DX6,target_not_in_hdf5,,,,,,,,,,,
1DXP,target_not_in_hdf5,,,,,,,,,,,
1DY4,target_not_in_hdf5,,,,,,,,,,,
1DZJ,target_not_in_hdf5,,,,,,,,,,,
1DZK,target_not_in_hdf5,,,,,,,,,,,
1DZM,target_not_in_hdf5,,,,,,,,,,,
1DZP,target_not_in_hdf5,,,,,,,,,,,
1E00,target_not_in_hdf5,,,,,,,,,,,
1E02,target_not_in_hdf5,,,,,,,,,,,
1E06,target_not_in_hdf5,,,,,,,,,,,
1E1Y,target_not_in_hdf5,,,,,,,,,,,
1E2K,target_not_in_hdf5,,,,,,,,,,,
1E2L,target_not_in_hdf5,,,,,,,,,,,
1E34,target_not_in_hdf5,,,,,,,,,,,
1E3G,target_not_in_hdf5,,,,,,,,,,,
1E3V,target_not_in_hdf5,,,,,,,,,,,
1E4H,target_not_in_hdf5,,,,,,,,,,,
1E5J,target_not_in_hdf5,,,,,,,,,,,
1E66,target_not_in_hdf5,,,,,,,,,,,
1E6S,target_not_in_hdf5,,,,,,,,,,,
1E72,target_not_in_hdf5,,,,,,,,,,,
1EAS,target_not_in_hdf5,,,,,,,,,,,
1EB1,target_not_in_hdf5,,,,,,,,,,,
1EBG,target_not_in_hdf5,,,,,,,,,,,
1EBW,target_not_in_hdf5,,,,,,,,,,,
1EBY,target_not_in_hdf5,,,,,,,,,,,
1ECV,target_not_in_hdf5,,,,,,,,,,,
1EED,target_not_in_hdf5,,,,,,,,,,,
1EGH,target_not_in_hdf5,,,,,,,,,,,
1EK1,target_not_in_hdf5,,,,,,,,,,,
1EK2,target_not_in_hdf5,,,,,,,,,,,
1EKB,target_not_in_hdf5,,,,,,,,,,,
1ELA,target_not_in_hdf5,,,,,,,,,,,
1ELR,target_not_in_hdf5,,,,,,,,,,,
1ELS,target_not_in_hdf5,,,,,,,,,,,
1EM6,target_not_in_hdf5,,,,,,,,,,,
1ENT,target_not_in_hdf5,,,,,,,,,,,
1EOJ,target_not_in_hdf5,,,,,,,,,,,
1EOL,target_not_in_hdf5,,,,,,,,,,,
1EOU,target_not_in_hdf5,,,,,,,,,,,
1EPO,target_not_in_hdf5,,,,,,,,,,,
1EPP,target_not_in_hdf5,,,,,,,,,,,
1EPQ,target_not_in_hdf5,,,,,,,,,,,
1ERQ,target_not_in_hdf5,,,,,,,,,,,
1EVE,target_not_in_hdf5,,,,,,,,,,,
1EVH,target_not_in_hdf5,,,,,,,,,,,
1EW8,target_not_in_hdf5,,,,,,,,,,,
1EW9,target_not_in_hdf5,,,,,,,,,,,
1EXV,target_not_in_hdf5,,,,,,,,,,,
1EXW,target_not_in_hdf5,,,,,,,,,,,
1EZ9,target_not_in_hdf5,,,,,,,,,,,
1EZF,target_not_in_hdf5,,,,,,,,,,,
1F1J,target_not_in_hdf5,,,,,,,,,,,
1F2O,target_not_in_hdf5,,,,,,,,,,,
1F2P,target_not_in_hdf5,,,,,,,,,,,
1F3J,target_not_in_hdf5,,,,,,,,,,,
1F40,target_not_in_hdf5,,,,,,,,,,,
1F47,target_not_in_hdf5,,,,,,,,,,,
1F4E,target_not_in_hdf5,,,,,,,,,,,
1F4X,target_not_in_hdf5,,,,,,,,,,,
1F57,target_not_in_hdf5,,,,,,,,,,,
1F73,target_not_in_hdf5,,,,,,,,,,,
1F74,target_not_in_hdf5,,,,,,,,,,,
1F7B,target_not_in_hdf5,,,,,,,,,,,
1F8A,target_not_in_hdf5,,,,,,,,,,,
1F8B,target_not_in_hdf5,,,,,,,,,,,
1F8C,target_not_in_hdf5,,,,,,,,,,,
1F8D,target_not_in_hdf5,,,,,,,,,,,
1F8E,target_not_in_hdf5,,,,,,,,,,,
1F90,target_not_in_hdf5,,,,,,,,,,,
1F9E,target_not_in_hdf5,,,,,,,,,,,
1F9G,target_not_in_hdf5,,,,,,,,,,,
1FAO,target_not_in_hdf5,,,,,,,,,,,
1FAX,target_not_in_hdf5,,,,,,,,,,,
1FBM,target_not_in_hdf5,,,,,,,,,,,
1FCX,target_not_in_hdf5,,,,,,,,,,,
1FCY,target_not_in_hdf5,,,,,,,,,,,
1FCZ,target_not_in_hdf5,,,,,,,,,,,
1FDQ,target_not_in_hdf5,,,,,,,,,,,
1FE3,target_not_in_hdf5,,,,,,,,,,,
1FF1,target_not_in_hdf5,,,,,,,,,,,
1FH7,target_not_in_hdf5,,,,,,,,,,,
1FH8,target_not_in_hdf5,,,,,,,,,,,
1FH9,target_not_in_hdf5,,,,,,,,,,,
1FHD,target_not_in_hdf5,,,,,,,,,,,
1FIG,target_not_in_hdf5,,,,,,,,,,,
1FIV,target_not_in_hdf5,,,,,,,,,,,
1FJ4,target_not_in_hdf5,,,,,,,,,,,
1FKB,target_not_in_hdf5,,,,,,,,,,,
1FKF,target_not_in_hdf5,,,,,,,,,,,
1FKI,target_not_in_hdf5,,,,,,,,,,,
1FKN,target_not_in_hdf5,,,,,,,,,,,
1FKW,target_not_in_hdf5,,,,,,,,,,,
1FLM,target_not_in_hdf5,,,,,,,,,,,
1FMB,target_not_in_hdf5,,,,,,,,,,,
1FO0,target_not_in_hdf5,,,,,,,,,,,
1FO2,target_not_in_hdf5,,,,,,,,,,,
1FO3,target_not_in_hdf5,,,,,,,,,,,
1FPC,target_not_in_hdf5,,,,,,,,,,,
1FPI,target_not_in_hdf5,,,,,,,,,,,
1FPP,target_not_in_hdf5,,,,,,,,,,,
1FQ4,target_not_in_hdf5,,,,,,,,,,,
1FQ5,target_not_in_hdf5,,,,,,,,,,,
1FQ6,target_not_in_hdf5,,,,,,,,,,,
1FQ7,target_not_in_hdf5,,,,,,,,,,,
1FQ8,target_not_in_hdf5,,,,,,,,,,,
1FSG,target_not_in_hdf5,,,,,,,,,,,
1FSW,target_not_in_hdf5,,,,,,,,,,,
1FSY,target_not_in_hdf5,,,,,,,,,,,
1FT7,target_not_in_hdf5,,,,,,,,,,,
1FTJ,target_not_in_hdf5,,,,,,,,,,,
1FTK,target_not_in_hdf5,,,,,,,,,,,
1FTM,target_not_in_hdf5,,,,,,,,,,,
1FV0,target_not_in_hdf5,,,,,,,,,,,
1FV9,target_not_in_hdf5,,,,,,,,,,,
1FVT,target_not_in_hdf5,,,,,,,,,,,
1FW0,target_not_in_hdf5,,,,,,,,,,,
1FWE,target_not_in_hdf5,,,,,,,,,,,
1FWV,target_not_in_hdf5,,,,,,,,,,,
1FYR,target_not_in_hdf5,,,,,,,,,,,
1FZK,target_not_in_hdf5,,,,,,,,,,,
1FZO,target_not_in_hdf5,,,,,,,,,,,
1FZQ,target_not_in_hdf5,,,,,,,,,,,
1G1D,target_not_in_hdf5,,,,,,,,,,,
1G27,target_not_in_hdf5,,,,,,,,,,,
1G2A,target_not_in_hdf5,,,,,,,,,,,
1G2O,target_not_in_hdf5,,,,,,,,,,,
1G37,target_not_in_hdf5,,,,,,,,,,,
1G3F,target_not_in_hdf5,,,,,,,,,,,
1G3M,target_not_in_hdf5,,,,,,,,,,,
1G42_A,target_not_in_hdf5,,,,,,,,,,,
1G42_B,target_not_in_hdf5,,,,,,,,,,,
1G45,target_not_in_hdf5,,,,,,,,,,,
1G46,target_not_in_hdf5,,,,,,,,,,,
1G48,target_not_in_hdf5,,,,,,,,,,,
1G4J,target_not_in_hdf5,,,,,,,,,,,
1G4O,target_not_in_hdf5,,,,,,,,,,,
1G50,target_not_in_hdf5,,,,,,,,,,,
1G52,target_not_in_hdf5,,,,,,,,,,,
1G53,target_not_in_hdf5,,,,,,,,,,,
1G54,target_not_in_hdf5,,,,,,,,,,,
1G5F,target_not_in_hdf5,,,,,,,,,,,
1G5S,target_not_in_hdf5,,,,,,,,,,,
1G6G,target_not_in_hdf5,,,,,,,,,,,
1G6S,target_not_in_hdf5,,,,,,,,,,,
1G74,target_not_in_hdf5,,,,,,,,,,,
1G7G,target_not_in_hdf5,,,,,,,,,,,
1G7P,target_not_in_hdf5,,,,,,,,,,,
1G7Q,target_not_in_hdf5,,,,,,,,,,,
1G7V,target_not_in_hdf5,,,,,,,,,,,
1G85,target_not_in_hdf5,,,,,,,,,,,
1G9R,target_not_in_hdf5,,,,,,,,,,,
1G9S,target_not_in_hdf5,,,,,,,,,,,
1G9T,target_not_in_hdf5,,,,,,,,,,,
1GA8,target_not_in_hdf5,,,,,,,,,,,
1GA9,target_not_in_hdf5,,,,,,,,,,,
1GAG,target_not_in_hdf5,,,,,,,,,,,
1GAH,target_not_in_hdf5,,,,,,,,,,,
1GAI,target_not_in_hdf5,,,,,,,,,,,
1GAR,target_not_in_hdf5,,,,,,,,,,,
1GBT,target_not_in_hdf5,,,,,,,,,,,
1GCA,target_not_in_hdf5,,,,,,,,,,,
1GCZ,target_not_in_hdf5,,,,,,,,,,,
1GFW,target_not_in_hdf5,,,,,,,,,,,
1GFY,target_not_in_hdf5,,,,,,,,,,,
1GGD,target_not_in_hdf5,,,,,,,,,,,
1GGN,target_not_in_hdf5,,,,,,,,,,,
1GMY,target_not_in_hdf5,,,,,,,,,,,
1GNI,target_not_in_hdf5,,,,,,,,,,,
1GNJ,target_not_in_hdf5,,,,,,,,,,,
1GNY,target_not_in_hdf5,,,,,,,,,,,
1GPK,target_not_in_hdf5,,,,,,,,,,,
1GPN,target_not_in_hdf5,,,,,,,,,,,
1GPY,target_not_in_hdf5,,,,,,,,,,,
1GRP,target_not_in_hdf5,,,,,,,,,,,
1GSZ,target_not_in_hdf5,,,,,,,,,,,
1GT1,target_not_in_hdf5,,,,,,,,,,,
1GT3,target_not_in_hdf5,,,,,,,,,,,
1GT4,target_not_in_hdf5,,,,,,,,,,,
1GT5,target_not_in_hdf5,,,,,,,,,,,
1GU1,target_not_in_hdf5,,,,,,,,,,,
1GU3,target_not_in_hdf5,,,,,,,,,,,
1GUI,target_not_in_hdf5,,,,,,,,,,,
1GUW,target_not_in_hdf5,,,,,,,,,,,
1GUX,target_not_in_hdf5,,,,,,,,,,,
1GVK,target_not_in_hdf5,,,,,,,,,,,
1GVW,target_not_in_hdf5,,,,,,,,,,,
1GWM,target_not_in_hdf5,,,,,,,,,,,
1GWQ,target_not_in_hdf5,,,,,,,,,,,
1GWR,target_not_in_hdf5,,,,,,,,,,,
1GWV,target_not_in_hdf5,,,,,,,,,,,
1GWW,target_not_in_hdf5,,,,,,,,,,,
1GX0,target_not_in_hdf5,,,,,,,,,,,
1GX4,target_not_in_hdf5,,,,,,,,,,,
1GX8,target_not_in_hdf5,,,,,,,,,,,
1GYM,target_not_in_hdf5,,,,,,,,,,,
1GYX,target_not_in_hdf5,,,,,,,,,,,
1GZ9,target_not_in_hdf5,,,,,,,,,,,
1GZC,target_not_in_hdf5,,,,,,,,,,,
1GZG,target_not_in_hdf5,,,,,,,,,,,
1H00,target_not_in_hdf5,,,,,,,,,,,
1H01,target_not_in_hdf5,,,,,,,,,,,
1H08,target_not_in_hdf5,,,,,,,,,,,
1H0A,target_not_in_hdf5,,,,,,,,,,,
1H0R,target_not_in_hdf5,,,,,,,,,,,
1H0W,target_not_in_hdf5,,,,,,,,,,,
1H1B,target_not_in_hdf5,,,,,,,,,,,
1H1H,target_not_in_hdf5,,,,,,,,,,,
1H1P,target_not_in_hdf5,,,,,,,,,,,
1H1Q,target_not_in_hdf5,,,,,,,,,,,
1H1R,target_not_in_hdf5,,,,,,,,,,,
1H1S,target_not_in_hdf5,,,,,,,,,,,
1H22,target_not_in_hdf5,,,,,,,,,,,
1H23,target_not_in_hdf5,,,,,,,,,,,
1H24,target_not_in_hdf5,,,,,,,,,,,
1H27,target_not_in_hdf5,,,,,,,,,,,
1H2K,target_not_in_hdf5,,,,,,,,,,,
1H2T,target_not_in_hdf5,,,,,,,,,,,
1H35,target_not_in_hdf5,,,,,,,,,,,
1H37,target_not_in_hdf5,,,,,,,,,,,
1H39,target_not_in_hdf5,,,,,,,,,,,
1H3A,target_not_in_hdf5,,,,,,,,,,,
1H3C,target_not_in_hdf5,,,,,,,,,,,
1H3H,target_not_in_hdf5,,,,,,,,,,,
1H46,target_not_in_hdf5,,,,,,,,,,,
1H4N,target_not_in_hdf5,,,,,,,,,,,
1H5U,target_not_in_hdf5,,,,,,,,,,,
1H5V,target_not_in_hdf5,,,,,,,,,,,
1H60,target_not_in_hdf5,,,,,,,,,,,
1H61,target_not_in_hdf5,,,,,,,,,,,
1H62,target_not_in_hdf5,,,,,,,,,,,
1H6H,target_not_in_hdf5,,,,,,,,,,,
1H79,target_not_in_hdf5,,,,,,,,,,,
1H8Y,target_not_in_hdf5,,,,,,,,,,,
1H9L,target_not_in_hdf5,,,,,,,,,,,
1HBJ,target_not_in_hdf5,,,,,,,,,,,
1HBV,target_not_in_hdf5,,,,,,,,,,,
1HC9,target_not_in_hdf5,,,,,,,,,,,
1HEE,target_not_in_hdf5,,,,,,,,,,,
1HEF,target_not_in_hdf5,,,,,,,,,,,
1HEG,target_not_in_hdf5,,,,,,,,,,,
1HGE,target_not_in_hdf5,,,,,,,,,,,
1HGI,target_not_in_hdf5,,,,,,,,,,,
1HGJ,target_not_in_hdf5,,,,,,,,,,,
1HGT,target_not_in_hdf5,,,,,,,,,,,
1HI3,target_not_in_hdf5,,,,,,,,,,,
1HI4,target_not_in_hdf5,,,,,,,,,,,
1HI5,target_not_in_hdf5,,,,,,,,,,,
1HIH,target_not_in_hdf5,,,,,,,,,,,
1HIV,target_not_in_hdf5,,,,,,,,,,,
1HK3,target_not_in_hdf5,,,,,,,,,,,
1HK5,target_not_in_hdf5,,,,,,,,,,,
1HKJ,target_not_in_hdf5,,,,,,,,,,,
1HKK,target_not_in_hdf5,,,,,,,,,,,
1HKM,target_not_in_hdf5,,,,,,,,,,,
1HLF,target_not_in_hdf5,,,,,,,,,,,
1HLK,target_not_in_hdf5,,,,,,,,,,,
1HMR,target_not_in_hdf5,,,,,,,,,,,
1HMS,target_not_in_hdf5,,,,,,,,,,,
1HMT,target_not_in_hdf5,,,,,,,,,,,
1HN2,target_not_in_hdf5,,,,,,,,,,,
1HN4,target_not_in_hdf5,,,,,,,,,,,
1HNN,target_not_in_hdf5,,,,,,,,,,,
1HOS,target_not_in_hdf5,,,,,,,,,,,
1HP5,target_not_in_hdf5,,,,,,,,,,,
1HPX,target_not_in_hdf5,,,,,,,,,,,
1HQF,target_not_in_hdf5,,,,,,,,,,,
1HQG,target_not_in_hdf5,,,,,,,,,,,
1HQH,target_not_in_hdf5,,,,,,,,,,,
1HRN,target_not_in_hdf5,,,,,,,,,,,
1HSH,target_not_in_hdf5,,,,,,,,,,,
1HTE,target_not_in_hdf5,,,,,,,,,,,
1HTF,target_not_in_hdf5,,,,,,,,,,,
1HTI,target_not_in_hdf5,,,,,,,,,,,
1HTY,target_not_in_hdf5,,,,,,,,,,,
1HV5,target_not_in_hdf5,,,,,,,,,,,
1HVJ,target_not_in_hdf5,,,,,,,,,,,
1HVK,target_not_in_hdf5,,,,,,,,,,,
1HWR,target_not_in_hdf5,,,,,,,,,,,
1HWW,target_not_in_hdf5,,,,,,,,,,,
1HXB,target_not_in_hdf5,,,,,,,,,,,
1HXK,target_not_in_hdf5,,,,,,,,,,,
1HXW,target_not_in_hdf5,,,,,,,,,,,
1HYO,target_not_in_hdf5,,,,,,,,,,,
1I2S,target_not_in_hdf5,,,,,,,,,,,
1I37,target_not_in_hdf5,,,,,,,,,,,
1I5H,target_not_in_hdf5,,,,,,,,,,,
1I5R,target_not_in_hdf5,,,,,,,,,,,
1I7I,target_not_in_hdf5,,,,,,,,,,,
1I7Z,target_not_in_hdf5,,,,,,,,,,,
1I80,target_not_in_hdf5,,,,,,,,,,,
1I8I,target_not_in_hdf5,,,,,,,,,,,
1I8J,target_not_in_hdf5,,,,,,,,,,,
1I8Z,target_not_in_hdf5,,,,,,,,,,,
1I90,target_not_in_hdf5,,,,,,,,,,,
1I91,target_not_in_hdf5,,,,,,,,,,,
1I9L,target_not_in_hdf5,,,,,,,,,,,
1I9N,target_not_in_hdf5,,,,,,,,,,,
1I9O,target_not_in_hdf5,,,,,,,,,,,
1I9P,target_not_in_hdf5,,,,,,,,,,,
1I9Q,target_not_in_hdf5,,,,,,,,,,,
1IAU,target_not_in_hdf5,,,,,,,,,,,
1IBC,target_not_in_hdf5,,,,,,,,,,,
1IBG,target_not_in_hdf5,,,,,,,,,,,
1ICJ,target_not_in_hdf5,,,,,,,,,,,
1IDA,target_not_in_hdf5,,,,,,,,,,,
1IDB,target_not_in_hdf5,,,,,,,,,,,
1IE9,target_not_in_hdf5,,,,,,,,,,,
1IEM,target_not_in_hdf5,,,,,,,,,,,
1IEP,target_not_in_hdf5,,,,,,,,,,,
1IEW,target_not_in_hdf5,,,,,,,,,,,
1IF7,target_not_in_hdf5,,,,,,,,,,,
1IGB,target_not_in_hdf5,,,,,,,,,,,
1IGJ,target_not_in_hdf5,,,,,,,,,,,
1IHT,target_not_in_hdf5,,,,,,,,,,,
1II5,target_not_in_hdf5,,,,,,,,,,,
1IIG,target_not_in_hdf5,,,,,,,,,,,
1IIH,target_not_in_hdf5,,,,,,,,,,,
1IIQ,target_not_in_hdf5,,,,,,,,,,,
1IJR,target_not_in_hdf5,,,,,,,,,,,
1IK4,target_not_in_hdf5,,,,,,,,,,,
1IKT,target_not_in_hdf5,,,,,,,,,,,
1IKX,target_not_in_hdf5,,,,,,,,,,,
1IKY,target_not_in_hdf5,,,,,,,,,,,
1IL3,target_not_in_hdf5,,,,,,,,,,,
1IL4,target_not_in_hdf5,,,,,,,,,,,
1IL9,target_not_in_hdf5,,,,,,,,,,,
1ILH,target_not_in_hdf5,,,,,,,,,,,
1ILQ,target_not_in_hdf5,,,,,,,,,,,
1IMX,target_not_in_hdf5,,,,,,,,,,,
1ING,target_not_in_hdf5,,,,,,,,,,,
1INH,target_not_in_hdf5,,,,,,,,,,,
1INQ,target_not_in_hdf5,,,,,,,,,,,
1IQ1,target_not_in_hdf5,,,,,,,,,,,
1IS0,target_not_in_hdf5,,,,,,,,,,,
1IT6,target_not_in_hdf5,,,,,,,,,,,
1IUP,target_not_in_hdf5,,,,,,,,,,,
1IVP,target_not_in_hdf5,,,,,,,,,,,
1IWQ,target_not_in_hdf5,,,,,,,,,,,
1IY7,target_not_in_hdf5,,,,,,,,,,,
1J01,target_not_in_hdf5,,,,,,,,,,,
1J17,target_not_in_hdf5,,,,,,,,,,,
1J19,target_not_in_hdf5,,,,,,,,,,,
1J4P,target_not_in_hdf5,,,,,,,,,,,
1J4Q,target_not_in_hdf5,,,,,,,,,,,
1J5I,target_not_in_hdf5,,,,,,,,,,,
1JAK,target_not_in_hdf5,,,,,,,,,,,
1JAO,target_not_in_hdf5,,,,,,,,,,,
1JAQ,target_not_in_hdf5,,,,,,,,,,,
1JCX,target_not_in_hdf5,,,,,,,,,,,
1JD0,target_not_in_hdf5,,,,,,,,,,,
1JET,target_not_in_hdf5,,,,,,,,,,,
1JEU,target_not_in_hdf5,,,,,,,,,,,
1JEV,target_not_in_hdf5,,,,,,,,,,,
1JFH,target_not_in_hdf5,,,,,,,,,,,
1JGL,target_not_in_hdf5,,,,,,,,,,,
1JH1,target_not_in_hdf5,,,,,,,,,,,
1JII,target_not_in_hdf5,,,,,,,,,,,
1JIJ,target_not_in_hdf5,,,,,,,,,,,
1JIK,target_not_in_hdf5,,,,,,,,,,,
1JIL,target_not_in_hdf5,,,,,,,,,,,
1JJ9,target_not_in_hdf5,,,,,,,,,,,
1JJT,target_not_in_hdf5,,,,,,,,,,,
1JK7,target_not_in_hdf5,,,,,,,,,,,
1JLD,target_not_in_hdf5,,,,,,,,,,,
1JLR,target_not_in_hdf5,,,,,,,,,,,
1JMF,target_not_in_hdf5,,,,,,,,,,,
1JMG,target_not_in_hdf5,,,,,,,,,,,
1JMI,target_not_in_hdf5,,,,,,,,,,,
1JMQ,target_not_in_hdf5,,,,,,,,,,,
1JN2,target_not_in_hdf5,,,,,,,,,,,
1JOC,target_not_in_hdf5,,,,,,,,,,,
1JOJ,target_not_in_hdf5,,,,,,,,,,,
1JP5,target_not_in_hdf5,,,,,,,,,,,
1JPL,target_not_in_hdf5,,,,,,,,,,,
1JQ8,target_not_in_hdf5,,,,,,,,,,,
1JQ9,target_not_in_hdf5,,,,,,,,,,,
1JR1,target_not_in_hdf5,,,,,,,,,,,
1JRS,target_not_in_hdf5,,,,,,,,,,,
1JT1,target_not_in_hdf5,,,,,,,,,,,
1JUF,target_not_in_hdf5,,,,,,,,,,,
1JUJ,target_not_in_hdf5,,,,,,,,,,,
1JUQ,target_not_in_hdf5,,,,,,,,,,,
1JUT,target_not_in_hdf5,,,,,,,,,,,
1JUY,target_not_in_hdf5,,,,,,,,,,,
1JVP,target_not_in_hdf5,,,,,,,,,,,
1JVU,target_not_in_hdf5,,,,,,,,,,,
1JWM,target_not_in_hdf5,,,,,,,,,,,
1JYI,target_not_in_hdf5,,,,,,,,,,,
1JZS,target_not_in_hdf5,,,,,,,,,,,
1K1O,target_not_in_hdf5,,,,,,,,,,,
1K1Y,target_not_in_hdf5,,,,,,,,,,,
1K2I,target_not_in_hdf5,,,,,,,,,,,
1K3N,target_not_in_hdf5,,,,,,,,,,,
1K3Q,target_not_in_hdf5,,,,,,,,,,,
1K3T,target_not_in_hdf5,,,,,,,,,,,
1K4G,target_not_in_hdf5,,,,,,,,,,,
1K4H,target_not_in_hdf5,,,,,,,,,,,
1K9Q,target_not_in_hdf5,,,,,,,,,,,
1K9R,target_not_in_hdf5,,,,,,,,,,,
1KC5,target_not_in_hdf5,,,,,,,,,,,
1KC7,target_not_in_hdf5,,,,,,,,,,,
1KCS,target_not_in_hdf5,,,,,,,,,,,
1KDK,target_not_in_hdf5,,,,,,,,,,,
1KDW,target_not_in_hdf5,,,,,,,,,,,
1KF0,target_not_in_hdf5,,,,,,,,,,,
1KJR,target_not_in_hdf5,,,,,,,,,,,
1KL3,target_not_in_hdf5,,,,,,,,,,,
1KLG,target_not_in_hdf5,,,,,,,,,,,
1KLU,target_not_in_hdf5,,,,,,,,,,,
1KM3,target_not_in_hdf5,,,,,,,,,,,
1KMV,target_not_in_hdf5,,,,,,,,,,,
1KMY,target_not_in_hdf5,,,,,,,,,,,
1KNA,target_not_in_hdf5,,,,,,,,,,,
1KNE,target_not_in_hdf5,,,,,,,,,,,
1KOJ,target_not_in_hdf5,,,,,,,,,,,
1KPM,target_not_in_hdf5,,,,,,,,,,,
1KQB,target_not_in_hdf5,,,,,,,,,,,
1KR3,target_not_in_hdf5,,,,,,,,,,,
1KTI,target_not_in_hdf5,,,,,,,,,,,
1KUG,target_not_in_hdf5,,,,,,,,,,,
1KUI,target_not_in_hdf5,,,,,,,,,,,
1KUK,target_not_in_hdf5,,,,,,,,,,,
1KV1,target_not_in_hdf5,,,,,,,,,,,
1KV2,target_not_in_hdf5,,,,,,,,,,,
1KV5,target_not_in_hdf5,,,,,,,,,,,
1KYV,target_not_in_hdf5,,,,,,,,,,,
1KZ8,target_not_in_hdf5,,,,,,,,,,,
1KZK,target_not_in_hdf5,,,,,,,,,,,
1L0A,target_not_in_hdf5,,,,,,,,,,,
1L2S,target_not_in_hdf5,,,,,,,,,,,
1L5R,target_not_in_hdf5,,,,,,,,,,,
1L5S,target_not_in_hdf5,,,,,,,,,,,
1L6S,target_not_in_hdf5,,,,,,,,,,,
1L83,target_not_in_hdf5,,,,,,,,,,,
1L8G,target_not_in_hdf5,,,,,,,,,,,
1LAF,target_not_in_hdf5,,,,,,,,,,,
1LAH,target_not_in_hdf5,,,,,,,,,,,
1LAN,target_not_in_hdf5,,,,,,,,,,,
1LB6,target_not_in_hdf5,,,,,,,,,,,
1LBF,target_not_in_hdf5,,,,,,,,,,,
1LBK,target_not_in_hdf5,,,,,,,,,,,
1LCJ,target_not_in_hdf5,,,,,,,,,,,
1LCP,target_not_in_hdf5,,,,,,,,,,,
1LD7,target_not_in_hdf5,,,,,,,,,,,
1LD8,target_not_in_hdf5,,,,,,,,,,,
1LEE,target_not_in_hdf5,,,,,,,,,,,
1LEG,target_not_in_hdf5,,,,,,,,,,,
1LEK,target_not_in_hdf5,,,,,,,,,,,
1LF8,target_not_in_hdf5,,,,,,,,,,,
1LF9,target_not_in_hdf5,,,,,,,,,,,
1LFO,target_not_in_hdf5,,,,,,,,,,,
1LGT,target_not_in_hdf5,,,,,,,,,,,
1LGW,target_not_in_hdf5,,,,,,,,,,,
1LHD,target_not_in_hdf5,,,,,,,,,,,
1LHF,target_not_in_hdf5,,,,,,,,,,,
1LHG,target_not_in_hdf5,,,,,,,,,,,
1LHU,target_not_in_hdf5,,,,,,,,,,,
1LHV,target_not_in_hdf5,,,,,,,,,,,
1LHW,target_not_in_hdf5,,,,,,,,,,,
1LI2,target_not_in_hdf5,,,,,,,,,,,
1LI3,target_not_in_hdf5,,,,,,,,,,,
1LI6,target_not_in_hdf5,,,,,,,,,,,
1LJT,target_not_in_hdf5,,,,,,,,,,,
1LKE,target_not_in_hdf5,,,,,,,,,,,
1LL4,target_not_in_hdf5,,,,,,,,,,,
1LLB,target_not_in_hdf5,,,,,,,,,,,
1LNM,target_not_in_hdf5,,,,,,,,,,,
1LOL,target_not_in_hdf5,,,,,,,,,,,
1LOQ,target_not_in_hdf5,,,,,,,,,,,
1LOR,target_not_in_hdf5,,,,,,,,,,,
1LOS,target_not_in_hdf5,,,,,,,,,,,
1LOX,target_not_in_hdf5,,,,,,,,,,,
1LQ2,target_not_in_hdf5,,,,,,,,,,,
1LST,target_not_in_hdf5,,,,,,,,,,,
1LT5,target_not_in_hdf5,,,,,,,,,,,
1LVC,target_not_in_hdf5,,,,,,,,,,,
1LXF,target_not_in_hdf5,,,,,,,,,,,
1LXH,target_not_in_hdf5,,,,,,,,,,,
1LYB,target_not_in_hdf5,,,,,,,,,,,
1LYX,target_not_in_hdf5,,,,,,,,,,,
1LZO,target_not_in_hdf5,,,,,,,,,,,
1LZQ,target_not_in_hdf5,,,,,,,,,,,
1M0B,target_not_in_hdf5,,,,,,,,,,,
1M0N,target_not_in_hdf5,,,,,,,,,,,
1M0O,target_not_in_hdf5,,,,,,,,,,,
1M0Q,target_not_in_hdf5,,,,,,,,,,,
1M13,target_not_in_hdf5,,,,,,,,,,,
1M2R,target_not_in_hdf5,,,,,,,,,,,
1M2X,target_not_in_hdf5,,,,,,,,,,,
1M4H,target_not_in_hdf5,,,,,,,,,,,
1M5C,target_not_in_hdf5,,,,,,,,,,,
1M5D,target_not_in_hdf5,,,,,,,,,,,
1M5E,target_not_in_hdf5,,,,,,,,,,,
1M5F,target_not_in_hdf5,,,,,,,,,,,
1M5W,target_not_in_hdf5,,,,,,,,,,,
1M6P,target_not_in_hdf5,,,,,,,,,,,
1M7D,target_not_in_hdf5,,,,,,,,,,,
1M7I,target_not_in_hdf5,,,,,,,,,,,
1M7Y,target_not_in_hdf5,,,,,,,,,,,
1M9N,target_not_in_hdf5,,,,,,,,,,,
1MAI,target_not_in_hdf5,,,,,,,,,,,
1MDL,target_not_in_hdf5,,,,,,,,,,,
1ME3,target_not_in_hdf5,,,,,,,,,,,
1ME4,target_not_in_hdf5,,,,,,,,,,,
1ME7,target_not_in_hdf5,,,,,,,,,,,
1ME8,target_not_in_hdf5,,,,,,,,,,,
1MEM,target_not_in_hdf5,,,,,,,,,,,
1MEU,target_not_in_hdf5,,,,,,,,,,,
1MF4,target_not_in_hdf5,,,,,,,,,,,
1MFA,target_not_in_hdf5,,,,,,,,,,,
1MFD,target_not_in_hdf5,,,,,,,,,,,
1MFG,target_not_in_hdf5,,,,,,,,,,,
1MH5,target_not_in_hdf5,,,,,,,,,,,
1MIK,target_not_in_hdf5,,,,,,,,,,,
1MJ7,target_not_in_hdf5,,,,,,,,,,,
1ML1,target_not_in_hdf5,,,,,,,,,,,
1MM6,target_not_in_hdf5,,,,,,,,,,,
1MM7,target_not_in_hdf5,,,,,,,,,,,
1MMP,target_not_in_hdf5,,,,,,,,,,,
1MMQ,target_not_in_hdf5,,,,,,,,,,,
1MMR,target_not_in_hdf5,,,,,,,,,,,
1MN9,target_not_in_hdf5,,,,,,,,,,,
1MNS,target_not_in_hdf5,,,,,,,,,,,
1MOQ,target_not_in_hdf5,,,,,,,,,,,
1MPL,target_not_in_hdf5,,,,,,,,,,,
1MQ1,target_not_in_hdf5,,,,,,,,,,,
1MQD,target_not_in_hdf5,,,,,,,,,,,
1MQG,target_not_in_hdf5,,,,,,,,,,,
1MQH,target_not_in_hdf5,,,,,,,,,,,
1MQI,target_not_in_hdf5,,,,,,,,,,,
1MQJ,target_not_in_hdf5,,,,,,,,,,,
1MRN,target_not_in_hdf5,,,,,,,,,,,
1MRS,target_not_in_hdf5,,,,,,,,,,,
1MRW,target_not_in_hdf5,,,,,,,,,,,
1MS0,target_not_in_hdf5,,,,,,,,,,,
1MS6,target_not_in_hdf5,,,,,,,,,,,
1MS7,target_not_in_hdf5,,,,,,,,,,,
1MSN,target_not_in_hdf5,,,,,,,,,,,
1MTO,target_not_in_hdf5,,,,,,,,,,,
1MU6,target_not_in_hdf5,,,,,,,,,,,
1MU8,target_not_in_hdf5,,,,,,,,,,,
1MUI,target_not_in_hdf5,,,,,,,,,,,
1MV0,target_not_in_hdf5,,,,,,,,,,,
1MWN,target_not_in_hdf5,,,,,,,,,,,
1MWT,target_not_in_hdf5,,,,,,,,,,,
1MXO,target_not_in_hdf5,,,,,,,,,,,
1MXU,target_not_in_hdf5,,,,,,,,,,,
1MY2,target_not_in_hdf5,,,,,,,,,,,
1MY3,target_not_in_hdf5,,,,,,,,,,,
1MY4,target_not_in_hdf5,,,,,,,,,,,
1MY8,target_not_in_hdf5,,,,,,,,,,,
1MZC,target_not_in_hdf5,,,,,,,,,,,
1N1M,target_not_in_hdf5,,,,,,,,,,,
1N1T,target_not_in_hdf5,,,,,,,,,,,
1N1V,target_not_in_hdf5,,,,,,,,,,,
1N2V,target_not_in_hdf5,,,,,,,,,,,
1N3I,target_not_in_hdf5,,,,,,,,,,,
1N3W,target_not_in_hdf5,,,,,,,,,,,
1N3Z,target_not_in_hdf5,,,,,,,,,,,
1N43,target_not_in_hdf5,,,,,,,,,,,
1N4H,target_not_in_hdf5,,,,,,,,,,,
1N4K,target_not_in_hdf5,,,,,,,,,,,
1N51,target_not_in_hdf5,,,,,,,,,,,
1N5Z,target_not_in_hdf5,,,,,,,,,,,
1N7I,target_not_in_hdf5,,,,,,,,,,,
1N7J,target_not_in_hdf5,,,,,,,,,,,
1N7T,target_not_in_hdf5,,,,,,,,,,,
1N8U,target_not_in_hdf5,,,,,,,,,,,
1N8V,target_not_in_hdf5,,,,,,,,,,,
1N94,target_not_in_hdf5,,,,,,,,,,,
1N95,target_not_in_hdf5,,,,,,,,,,,
1N9A,target_not_in_hdf5,,,,,,,,,,,
1N9M,target_not_in_hdf5,,,,,,,,,,,
1NC3,target_not_in_hdf5,,,,,,,,,,,
1NC6,target_not_in_hdf5,,,,,,,,,,,
1NDJ,target_not_in_hdf5,,,,,,,,,,,
1NDY,target_not_in_hdf5,,,,,,,,,,,
1NF8,target_not_in_hdf5,,,,,,,,,,,
1NFS,target_not_in_hdf5,,,,,,,,,,,
1NFW,target_not_in_hdf5,,,,,,,,,,,
1NH0,target_not_in_hdf5,,,,,,,,,,,
1NHG,target_not_in_hdf5,,,,,,,,,,,
1NHV,target_not_in_hdf5,,,,,,,,,,,
1NHW,target_not_in_hdf5,,,,,,,,,,,
1NHX,target_not_in_hdf5,,,,,,,,,,,
1NI1,target_not_in_hdf5,,,,,,,,,,,
1NJ5,target_not_in_hdf5,,,,,,,,,,,
1NJA,target_not_in_hdf5,,,,,,,,,,,
1NJB,target_not_in_hdf5,,,,,,,,,,,
1NJC,target_not_in_hdf5,,,,,,,,,,,
1NJD,target_not_in_hdf5,,,,,,,,,,,
1NJE,target_not_in_hdf5,,,,,,,,,,,
1NJJ,target_not_in_hdf5,,,,,,,,,,,
1NJT,target_not_in_hdf5,,,,,,,,,,,
1NJU,target_not_in_hdf5,,,,,,,,,,,
1NKI,target_not_in_hdf5,,,,,,,,,,,
1NKM,target_not_in_hdf5,,,,,,,,,,,
1NL6,target_not_in_hdf5,,,,,,,,,,,
1NLJ,target_not_in_hdf5,,,,,,,,,,,
1NLP,target_not_in_hdf5,,,,,,,,,,,
1NLT,target_not_in_hdf5,,,,,,,,,,,
1NM6,target_not_in_hdf5,,,,,,,,,,,
1NMK,target_not_in_hdf5,,,,,,,,,,,
1NNB,target_not_in_hdf5,,,,,,,,,,,
1NNK,target_not_in_hdf5,,,,,,,,,,,
1NNU,target_not_in_hdf5,,,,,,,,,,,
1NO6,target_not_in_hdf5,,,,,,,,,,,
1NO9,target_not_in_hdf5,,,,,,,,,,,
1NOJ,target_not_in_hdf5,,,,,,,,,,,
1NOK,target_not_in_hdf5,,,,,,,,,,,
1NOX,target_not_in_hdf5,,,,,,,,,,,
1NP0,target_not_in_hdf5,,,,,,,,,,,
1NPA,target_not_in_hdf5,,,,,,,,,,,
1NPW,target_not_in_hdf5,,,,,,,,,,,
1NPZ,target_not_in_hdf5,,,,,,,,,,,
1NQ0,target_not_in_hdf5,,,,,,,,,,,
1NQ7,target_not_in_hdf5,,,,,,,,,,,
1NTK,target_not_in_hdf5,,,,,,,,,,,
1NU3,target_not_in_hdf5,,,,,,,,,,,
1NU8,target_not_in_hdf5,,,,,,,,,,,
1NVQ,target_not_in_hdf5,,,,,,,,,,,
1NVR,target_not_in_hdf5,,,,,,,,,,,
1NVS,target_not_in_hdf5,,,,,,,,,,,
1NW4,target_not_in_hdf5,,,,,,,,,,,
1NXY,target_not_in_hdf5,,,,,,,,,,,
1NY0,target_not_in_hdf5,,,,,,,,,,,
1NY2,target_not_in_hdf5,,,,,,,,,,,
1NYM,target_not_in_hdf5,,,,,,,,,,,
1NYX,target_not_in_hdf5,,,,,,,,,,,
1NYY,target_not_in_hdf5,,,,,,,,,,,
1NZ7,target_not_in_hdf5,,,,,,,,,,,
1O0F,target_not_in_hdf5,,,,,,,,,,,
1O0H,target_not_in_hdf5,,,,,,,,,,,
1O0M,target_not_in_hdf5,,,,,,,,,,,
1O0N,target_not_in_hdf5,,,,,,,,,,,
1O0O,target_not_in_hdf5,,,,,,,,,,,
1O1S,target_not_in_hdf5,,,,,,,,,,,
1O41,target_not_in_hdf5,,,,,,,,,,,
1O42,target_not_in_hdf5,,,,,,,,,,,
1O47,target_not_in_hdf5,,,,,,,,,,,
1O49,target_not_in_hdf5,,,,,,,,,,,
1O4B,target_not_in_hdf5,,,,,,,,,,,
1O4D,target_not_in_hdf5,,,,,,,,,,,
1O4E,target_not_in_hdf5,,,,,,,,,,,
1O4F,target_not_in_hdf5,,,,,,,,,,,
1O4G,target_not_in_hdf5,,,,,,,,,,,
1O4L,target_not_in_hdf5,,,,,,,,,,,
1O4M,target_not_in_hdf5,,,,,,,,,,,
1O4N,target_not_in_hdf5,,,,,,,,,,,
1O4O,target_not_in_hdf5,,,,,,,,,,,
1O4P,target_not_in_hdf5,,,,,,,,,,,
1O4Q,target_not_in_hdf5,,,,,,,,,,,
1O5M,target_not_in_hdf5,,,,,,,,,,,
1O6H,target_not_in_hdf5,,,,,,,,,,,
1O6I,target_not_in_hdf5,,,,,,,,,,,
1O79,target_not_in_hdf5,,,,,,,,,,,
1O7O,target_not_in_hdf5,,,,,,,,,,,
1O8B,target_not_in_hdf5,,,,,,,,,,,
1O9E,target_not_in_hdf5,,,,,,,,,,,
1OAY,target_not_in_hdf5,,,,,,,,,,,
1OBA,target_not_in_hdf5,,,,,,,,,,,
1OBX,target_not_in_hdf5,,,,,,,,,,,
1OCN,target_not_in_hdf5,,,,,,,,,,,
1OCQ,target_not_in_hdf5,,,,,,,,,,,
1OD8,target_not_in_hdf5,,,,,,,,,,,
1ODJ,target_not_in_hdf5,,,,,,,,,,,
1ODY,target_not_in_hdf5,,,,,,,,,,,
1OE0,target_not_in_hdf5,,,,,,,,,,,
1OE7,target_not_in_hdf5,,,,,,,,,,,
1OE8,target_not_in_hdf5,,,,,,,,,,,
1OEB,target_not_in_hdf5,,,,,,,,,,,
1OFZ,target_not_in_hdf5,,,,,,,,,,,
1OGD,target_not_in_hdf5,,,,,,,,,,,
1OGG,target_not_in_hdf5,,,,,,,,,,,
1OGX,target_not_in_hdf5,,,,,,,,,,,
1OGZ,target_not_in_hdf5,,,,,,,,,,,
1OH4,target_not_in_hdf5,,,,,,,,,,,
1OIF,target_not_in_hdf5,,,,,,,,,,,
1OIM,target_not_in_hdf5,,,,,,,,,,,
1OIU,target_not_in_hdf5,,,,,,,,,,,
1OJ5,target_not_in_hdf5,,,,,,,,,,,
1OKL,target_not_in_hdf5,,,,,,,,,,,
1OKO,target_not_in_hdf5,,,,,,,,,,,
1OKX,target_not_in_hdf5,,,,,,,,,,,
1OKZ,target_not_in_hdf5,,,,,,,,,,,
1OL1,target_not_in_hdf5,,,,,,,,,,,
1OLX,target_not_in_hdf5,,,,,,,,,,,
1OM9,target_not_in_hdf5,,,,,,,,,,,
1ONG,target_not_in_hdf5,,,,,,,,,,,
1ONH,target_not_in_hdf5,,,,,,,,,,,
1ONP,target_not_in_hdf5,,,,,,,,,,,
1OPI,target_not_in_hdf5,,,,,,,,,,,
1OQ5,target_not_in_hdf5,,,,,,,,,,,
1ORK,target_not_in_hdf5,,,,,,,,,,,
1ORW,target_not_in_hdf5,,,,,,,,,,,
1OS0,target_not_in_hdf5,,,,,,,,,,,
1OSG,target_not_in_hdf5,,,,,,,,,,,
1OTH,target_not_in_hdf5,,,,,,,,,,,
1OUY,target_not_in_hdf5,,,,,,,,,,,
1OV3,target_not_in_hdf5,,,,,,,,,,,
1OVE,target_not_in_hdf5,,,,,,,,,,,
1OW4,target_not_in_hdf5,,,,,,,,,,,
1OW6,target_not_in_hdf5,,,,,,,,,,,
1OW7,target_not_in_hdf5,,,,,,,,,,,
1OW8,target_not_in_hdf5,,,,,,,,,,,
1OX9,target_not_in_hdf5,,,,,,,,,,,
1OXG,target_not_in_hdf5,,,,,,,,,,,
1OXN,target_not_in_hdf5,,,,,,,,,,,
1OXQ,target_not_in_hdf5,,,,,,,,,,,
1OY7,target_not_in_hdf5,,,,,,,,,,,
1OYN,target_not_in_hdf5,,,,,,,,,,,
1OZV,target_not_in_hdf5,,,,,,,,,,,
1P02,target_not_in_hdf5,,,,,,,,,,,
1P03,target_not_in_hdf5,,,,,,,,,,,
1P04,target_not_in_hdf5,,,,,,,,,,,
1P05,target_not_in_hdf5,,,,,,,,,,,
1P06,target_not_in_hdf5,,,,,,,,,,,
1P0Y,target_not_in_hdf5,,,,,,,,,,,
1P10,target_not_in_hdf5,,,,,,,,,,,
1P17,target_not_in_hdf5,,,,,,,,,,,
1P19,target_not_in_hdf5,,,,,,,,,,,
1P1N,target_not_in_hdf5,,,,,,,,,,,
1P1O,target_not_in_hdf5,,,,,,,,,,,
1P1Q,target_not_in_hdf5,,,,,,,,,,,
1P28,target_not_in_hdf5,,,,,,,,,,,
1P2G,target_not_in_hdf5,,,,,,,,,,,
1P4U,target_not_in_hdf5,,,,,,,,,,,
1P6D,target_not_in_hdf5,,,,,,,,,,,
1P6E,target_not_in_hdf5,,,,,,,,,,,
1P93,target_not_in_hdf5,,,,,,,,,,,
1PAU,target_not_in_hdf5,,,,,,,,,,,
1PB8,target_not_in_hdf5,,,,,,,,,,,
1PBK,target_not_in_hdf5,,,,,,,,,,,
1PBQ,target_not_in_hdf5,,,,,,,,,,,
1PCG,target_not_in_hdf5,,,,,,,,,,,
1PDQ,target_not_in_hdf5,,,,,,,,,,,
1PDZ,target_not_in_hdf5,,,,,,,,,,,
1PF7,target_not_in_hdf5,,,,,,,,,,,
1PFU,target_not_in_hdf5,,,,,,,,,,,
1PG2,target_not_in_hdf5,,,,,,,,,,,
1PGP,target_not_in_hdf5,,,,,,,,,,,
1PHW,target_not_in_hdf5,,,,,,,,,,,
1PI5,target_not_in_hdf5,,,,,,,,,,,
1PIG,target_not_in_hdf5,,,,,,,,,,,
1PK0,target_not_in_hdf5,,,,,,,,,,,
1PKX,target_not_in_hdf5,,,,,,,,,,,
1PME,target_not_in_hdf5,,,,,,,,,,,
1PMN,target_not_in_hdf5,,,,,,,,,,,
1PMU,target_not_in_hdf5,,,,,,,,,,,
1PMV,target_not_in_hdf5,,,,,,,,,,,
1POP,target_not_in_hdf5,,,,,,,,,,,
1POT,target_not_in_hdf5,,,,,,,,,,,
1PPI,target_not_in_hdf5,,,,,,,,,,,
1PPK,target_not_in_hdf5,,,,,,,,,,,
1PPL,target_not_in_hdf5,,,,,,,,,,,
1PPW,target_not_in_hdf5,,,,,,,,,,,
1PPX,target_not_in_hdf5,,,,,,,,,,,
1PR1,target_not_in_hdf5,,,,,,,,,,,
1PR5,target_not_in_hdf5,,,,,,,,,,,
1PRL,target_not_in_hdf5,,,,,,,,,,,
1PRM,target_not_in_hdf5,,,,,,,,,,,
1PS3,target_not_in_hdf5,,,,,,,,,,,
1PUM,target_not_in_hdf5,,,,,,,,,,,
1PUN,target_not_in_hdf5,,,,,,,,,,,
1PUQ,target_not_in_hdf5,,,,,,,,,,,
1PUS,target_not_in_hdf5,,,,,,,,,,,
1PVN,target_not_in_hdf5,,,,,,,,,,,
1PW6,target_not_in_hdf5,,,,,,,,,,,
1PWP,target_not_in_hdf5,,,,,,,,,,,
1PWQ,target_not_in_hdf5,,,,,,,,,,,
1PWY,target_not_in_hdf5,,,,,,,,,,,
1PXH,target_not_in_hdf5,,,,,,,,,,,
1PXI,target_not_in_hdf5,,,,,,,,,,,
1PXJ,target_not_in_hdf5,,,,,,,,,,,
1PXK,target_not_in_hdf5,,,,,,,,,,,
1PY1,target_not_in_hdf5,,,,,,,,,,,
1PYW,target_not_in_hdf5,,,,,,,,,,,
1PZ5,target_not_in_hdf5,,,,,,,,,,,
1Q0B,target_not_in_hdf5,,,,,,,,,,,
1Q1G,target_not_in_hdf5,,,,,,,,,,,
1Q1Y,target_not_in_hdf5,,,,,,,,,,,
1Q3D,target_not_in_hdf5,,,,,,,,,,,
1Q41,target_not_in_hdf5,,,,,,,,,,,
1Q4K,target_not_in_hdf5,,,,,,,,,,,
1Q4L,target_not_in_hdf5,,,,,,,,,,,
1Q4W,target_not_in_hdf5,,,,,,,,,,,
1Q54,target_not_in_hdf5,,,,,,,,,,,
1Q5L,target_not_in_hdf5,,,,,,,,,,,
1Q63,target_not_in_hdf5,,,,,,,,,,,
1Q65,target_not_in_hdf5,,,,,,,,,,,
1Q6K,target_not_in_hdf5,,,,,,,,,,,
1Q6M,target_not_in_hdf5,,,,,,,,,,,
1Q72,target_not_in_hdf5,,,,,,,,,,,
1Q7A,target_not_in_hdf5,,,,,,,,,,,
1Q8T,target_not_in_hdf5,,,,,,,,,,,
1Q8U,target_not_in_hdf5,,,,,,,,,,,
1Q8W,target_not_in_hdf5,,,,,,,,,,,
1Q91,target_not_in_hdf5,,,,,,,,,,,
1Q95,target_not_in_hdf5,,,,,,,,,,,
1Q9M,target_not_in_hdf5,,,,,,,,,,,
1QAW,target_not_in_hdf5,,,,,,,,,,,
1QBQ,target_not_in_hdf5,,,,,,,,,,,
1QCA,target_not_in_hdf5,,,,,,,,,,,
1QF0,target_not_in_hdf5,,,,,,,,,,,
1QF1,target_not_in_hdf5,,,,,,,,,,,
1QF5,target_not_in_hdf5,,,,,,,,,,,
1QFS,target_not_in_hdf5,,,,,,,,,,,
1QFT,target_not_in_hdf5,,,,,,,,,,,
1QI0,target_not_in_hdf5,,,,,,,,,,,
1QIN,target_not_in_hdf5,,,,,,,,,,,
1QIW,target_not_in_hdf5,,,,,,,,,,,
1QJI,target_not_in_hdf5,,,,,,,,,,,
1QK3,target_not_in_hdf5,,,,,,,,,,,
1QK4,target_not_in_hdf5,,,,,,,,,,,
1QKA,target_not_in_hdf5,,,,,,,,,,,
1QKB,target_not_in_hdf5,,,,,,,,,,,
1QKN,target_not_in_hdf5,,,,,,,,,,,
1QKT,target_not_in_hdf5,,,,,,,,,,,
1QKU,target_not_in_hdf5,,,,,,,,,,,
1QL7,target_not_in_hdf5,,,,,,,,,,,
1QL9,target_not_in_hdf5,,,,,,,,,,,
1QM4,target_not_in_hdf5,,,,,,,,,,,
1QM5,target_not_in_hdf5,,,,,,,,,,,
1QNG,target_not_in_hdf5,,,,,,,,,,,
1QNH,target_not_in_hdf5,,,,,,,,,,,
1QON,target_not_in_hdf5,,,,,,,,,,,
1QPB,target_not_in_hdf5,,,,,,,,,,,
1QPE,target_not_in_hdf5,,,,,,,,,,,
1QPF,target_not_in_hdf5,,,,,,,,,,,
1QPL,target_not_in_hdf5,,,,,,,,,,,
1QQ9,target_not_in_hdf5,,,,,,,,,,,
1QR3,target_not_in_hdf5,,,,,,,,,,,
1QS4,target_not_in_hdf5,,,,,,,,,,,
1QSC,target_not_in_hdf5,,,,,,,,,,,
1QTI,target_not_in_hdf5,,,,,,,,,,,
1QTN,target_not_in_hdf5,,,,,,,,,,,
1QVT,target_not_in_hdf5,,,,,,,,,,,
1QVU,target_not_in_hdf5,,,,,,,,,,,
1QW7,target_not_in_hdf5,,,,,,,,,,,
1QWE,target_not_in_hdf5,,,,,,,,,,,
1QWF,target_not_in_hdf5,,,,,,,,,,,
1QWU,target_not_in_hdf5,,,,,,,,,,,
1QX1,target_not_in_hdf5,,,,,,,,,,,
1QXL,target_not_in_hdf5,,,,,,,,,,,
1QXW,target_not_in_hdf5,,,,,,,,,,,
1QXY,target_not_in_hdf5,,,,,,,,,,,
1QXZ,target_not_in_hdf5,,,,,,,,,,,
1QY1,target_not_in_hdf5,,,,,,,,,,,
1QY2,target_not_in_hdf5,,,,,,,,,,,
1QYG,target_not_in_hdf5,,,,,,,,,,,
1R17,target_not_in_hdf5,,,,,,,,,,,
1R1H,target_not_in_hdf5,,,,,,,,,,,
1R1J,target_not_in_hdf5,,,,,,,,,,,
1R2B,target_not_in_hdf5,,,,,,,,,,,
1R4W,target_not_in_hdf5,,,,,,,,,,,
1R58,target_not_in_hdf5,,,,,,,,,,,
1R5G,target_not_in_hdf5,,,,,,,,,,,
1R5N,target_not_in_hdf5,,,,,,,,,,,
1R5V,target_not_in_hdf5,,,,,,,,,,,
1R5W,target_not_in_hdf5,,,,,,,,,,,
1R5Y,target_not_in_hdf5,,,,,,,,,,,
1R6G,target_not_in_hdf5,,,,,,,,,,,
1R6Z,target_not_in_hdf5,,,,,,,,,,,
1R78,target_not_in_hdf5,,,,,,,,,,,
1R9L,target_not_in_hdf5,,,,,,,,,,,
1RBO,target_not_in_hdf5,,,,,,,,,,,
1RBP,target_not_in_hdf5,,,,,,,,,,,
1RDI,target_not_in_hdf5,,,,,,,,,,,
1RDJ,target_not_in_hdf5,,,,,,,,,,,
1RDL,target_not_in_hdf5,,,,,,,,,,,
1RDN,target_not_in_hdf5,,,,,,,,,,,
1RDT,target_not_in_hdf5,,,,,,,,,,,
1RE1,target_not_in_hdf5,,,,,,,,,,,
1REK,target_not_in_hdf5,,,,,,,,,,,
1RGK,target_not_in_hdf5,,,,,,,,,,,
1RGL,target_not_in_hdf5,,,,,,,,,,,
1RHJ,target_not_in_hdf5,,,,,,,,,,,
1RHK,target_not_in_hdf5,,,,,,,,,,,
1RHM,target_not_in_hdf5,,,,,,,,,,,
1RHQ,target_not_in_hdf5,,,,,,,,,,,
1RHR,target_not_in_hdf5,,,,,,,,,,,
1RHU,target_not_in_hdf5,,,,,,,,,,,
1RIN,target_not_in_hdf5,,,,,,,,,,,
1RJK,target_not_in_hdf5,,,,,,,,,,,
1RLP,target_not_in_hdf5,,,,,,,,,,,
1RM8,target_not_in_hdf5,,,,,,,,,,,
1RMZ,target_not_in_hdf5,,,,,,,,,,,
1RNE,target_not_in_hdf5,,,,,,,,,,,
1RNM,target_not_in_hdf5,,,,,,,,,,,
1RNT,target_not_in_hdf5,,,,,,,,,,,
1RO6,target_not_in_hdf5,,,,,,,,,,,
1RO7,target_not_in_hdf5,,,,,,,,,,,
1RPF,target_not_in_hdf5,,,,,,,,,,,
1RPJ,target_not_in_hdf5,,,,,,,,,,,
1RQ2,target_not_in_hdf5,,,,,,,,,,,
1RR6,target_not_in_hdf5,,,,,,,,,,,
1RRI,target_not_in_hdf5,,,,,,,,,,,
1RRW,target_not_in_hdf5,,,,,,,,,,,
1RRY,target_not_in_hdf5,,,,,,,,,,,
1RS4,target_not_in_hdf5,,,,,,,,,,,
1RSI,target_not_in_hdf5,,,,,,,,,,,
1RT9,target_not_in_hdf5,,,,,,,,,,,
1RTI,target_not_in_hdf5,,,,,,,,,,,
1RTL,target_not_in_hdf5,,,,,,,,,,,
1RV1,target_not_in_hdf5,,,,,,,,,,,
1RW8,target_not_in_hdf5,,,,,,,,,,,
1RWX,target_not_in_hdf5,,,,,,,,,,,
1RYF,target_not_in_hdf5,,,,,,,,,,,
1RYH,target_not_in_hdf5,,,,,,,,,,,
1RZX,target_not_in_hdf5,,,,,,,,,,,
1S17,target_not_in_hdf5,,,,,,,,,,,
1S19,target_not_in_hdf5,,,,,,,,,,,
1S39,target_not_in_hdf5,,,,,,,,,,,
1S3K,target_not_in_hdf5,,,,,,,,,,,
1S50,target_not_in_hdf5,,,,,,,,,,,
1S5Z,target_not_in_hdf5,,,,,,,,,,,
1S63,target_not_in_hdf5,,,,,,,,,,,
1S89,target_not_in_hdf5,,,,,,,,,,,
1S9T,target_not_in_hdf5,,,,,,,,,,,
1S9V,target_not_in_hdf5,,,,,,,,,,,
1SB1,target_not_in_hdf5,,,,,,,,,,,
1SDU,target_not_in_hdf5,,,,,,,,,,,
1SDV,target_not_in_hdf5,,,,,,,,,,,
1SGU,target_not_in_hdf5,,,,,,,,,,,
1SH9,target_not_in_hdf5,,,,,,,,,,,
1SHD,target_not_in_hdf5,,,,,,,,,,,
1SIV,target_not_in_hdf5,,,,,,,,,,,
1SJ0,target_not_in_hdf5,,,,,,,,,,,
1SJE,target_not_in_hdf5,,,,,,,,,,,
1SJH,target_not_in_hdf5,,,,,,,,,,,
1SL3,target_not_in_hdf5,,,,,,,,,,,
1SLD,target_not_in_hdf5,,,,,,,,,,,
1SLE,target_not_in_hdf5,,,,,,,,,,,
1SLG,target_not_in_hdf5,,,,,,,,,,,
1SLN,target_not_in_hdf5,,,,,,,,,,,
1SM3,target_not_in_hdf5,,,,,,,,,,,
1SME,target_not_in_hdf5,,,,,,,,,,,
1SNK,target_not_in_hdf5,,,,,,,,,,,
1SPS,target_not_in_hdf5,,,,,,,,,,,
1SQB,target_not_in_hdf5,,,,,,,,,,,
1SQC,target_not_in_hdf5,,,,,,,,,,,
1SQN,target_not_in_hdf5,,,,,,,,,,,
1SQP,target_not_in_hdf5,,,,,,,,,,,
1SR7,target_not_in_hdf5,,,,,,,,,,,
1SRE,target_not_in_hdf5,,,,,,,,,,,
1SRG,target_not_in_hdf5,,,,,,,,,,,
1SRI,target_not_in_hdf5,,,,,,,,,,,
1SSQ,target_not_in_hdf5,,,,,,,,,,,
1STD,target_not_in_hdf5,,,,,,,,,,,
1STP,target_not_in_hdf5,,,,,,,,,,,
1STR,target_not_in_hdf5,,,,,,,,,,,
1STS,target_not_in_hdf5,,,,,,,,,,,
1SV3,target_not_in_hdf5,,,,,,,,,,,
1SW1,target_not_in_hdf5,,,,,,,,,,,
1SW2,target_not_in_hdf5,,,,,,,,,,,
1SWG,target_not_in_hdf5,,,,,,,,,,,
1SWI,target_not_in_hdf5,,,,,,,,,,,
1SWK,target_not_in_hdf5,,,,,,,,,,,
1SWN,target_not_in_hdf5,,,,,,,,,,,
1SWP,target_not_in_hdf5,,,,,,,,,,,
1SWR,target_not_in_hdf5,,,,,,,,,,,
1SYH,target_not_in_hdf5,,,,,,,,,,,
1SYI,target_not_in_hdf5,,,,,,,,,,,
1SYO,target_not_in_hdf5,,,,,,,,,,,
1SZ0,target_not_in_hdf5,,,,,,,,,,,
1T08,target_not_in_hdf5,,,,,,,,,,,
1T29,target_not_in_hdf5,,,,,,,,,,,
1T31,target_not_in_hdf5,,,,,,,,,,,
1T37,target_not_in_hdf5,,,,,,,,,,,
1T46,target_not_in_hdf5,,,,,,,,,,,
1T48,target_not_in_hdf5,,,,,,,,,,,
1T4S,target_not_in_hdf5,,,,,,,,,,,
1T4V,target_not_in_hdf5,,,,,,,,,,,
1T5A,target_not_in_hdf5,,,,,,,,,,,
1T5F,target_not_in_hdf5,,,,,,,,,,,
1T69,target_not_in_hdf5,,,,,,,,,,,
1T79,target_not_in_hdf5,,,,,,,,,,,
1T7D,target_not_in_hdf5,,,,,,,,,,,
1T7F,target_not_in_hdf5,,,,,,,,,,,
1T7R,target_not_in_hdf5,,,,,,,,,,,
1TA2,target_not_in_hdf5,,,,,,,,,,,
1TA6,target_not_in_hdf5,,,,,,,,,,,
1TBZ,target_not_in_hdf5,,,,,,,,,,,
1TC1,target_not_in_hdf5,,,,,,,,,,,
1TCW,target_not_in_hdf5,,,,,,,,,,,
1TD7,target_not_in_hdf5,,,,,,,,,,,
1TET,target_not_in_hdf5,,,,,,,,,,,
1TFQ,target_not_in_hdf5,,,,,,,,,,,
1TFT,target_not_in_hdf5,,,,,,,,,,,
1TFZ,target_not_in_hdf5,,,,,,,,,,,
1THR,target_not_in_hdf5,,,,,,,,,,,
1THS,target_not_in_hdf5,,,,,,,,,,,
1THZ,target_not_in_hdf5,,,,,,,,,,,
1TKA,target_not_in_hdf5,,,,,,,,,,,
1TKT,target_not_in_hdf5,,,,,,,,,,,
1TKX,target_not_in_hdf5,,,,,,,,,,,
1TL1,target_not_in_hdf5,,,,,,,,,,,
1TL3,target_not_in_hdf5,,,,,,,,,,,
1TL7,target_not_in_hdf5,,,,,,,,,,,
1TL9,target_not_in_hdf5,,,,,,,,,,,
1TLP,target_not_in_hdf5,,,,,,,,,,,
1TMM,target_not_in_hdf5,,,,,,,,,,,
1TNG,target_not_in_hdf5,,,,,,,,,,,
1TNI,target_not_in_hdf5,,,,,,,,,,,
1TNJ,target_not_in_hdf5,,,,,,,,,,,
1TNK,target_not_in_hdf5,,,,,,,,,,,
1TNL,target_not_in_hdf5,,,,,,,,,,,
1TOG,target_not_in_hdf5,,,,,,,,,,,
1TOI,target_not_in_hdf5,,,,,,,,,,,
1TOJ,target_not_in_hdf5,,,,,,,,,,,
1TOK,target_not_in_hdf5,,,,,,,,,,,
1TOM,target_not_in_hdf5,,,,,,,,,,,
1TOU,target_not_in_hdf5,,,,,,,,,,,
1TPW,target_not_in_hdf5,,,,,,,,,,,
1TPZ,target_not_in_hdf5,,,,,,,,,,,
1TQ4,target_not_in_hdf5,,,,,,,,,,,
1TQF,target_not_in_hdf5,,,,,,,,,,,
1TR7,target_not_in_hdf5,,,,,,,,,,,
1TRD,target_not_in_hdf5,,,,,,,,,,,
1TSI,target_not_in_hdf5,,,,,,,,,,,
1TSV,target_not_in_hdf5,,,,,,,,,,,
1TSY,target_not_in_hdf5,,,,,,,,,,,
1TT1,target_not_in_hdf5,,,,,,,,,,,
1TTM,target_not_in_hdf5,,,,,,,,,,,
1TU6,target_not_in_hdf5,,,,,,,,,,,
1TUF,target_not_in_hdf5,,,,,,,,,,,
1TV6,target_not_in_hdf5,,,,,,,,,,,
1TVE,target_not_in_hdf5,,,,,,,,,,,
1TVO,target_not_in_hdf5,,,,,,,,,,,
1TVR,target_not_in_hdf5,,,,,,,,,,,
1TXR,target_not_in_hdf5,,,,,,,,,,,
1TYN,target_not_in_hdf5,,,,,,,,,,,
1TYR,target_not_in_hdf5,,,,,,,,,,,
1TYS,target_not_in_hdf5,,,,,,,,,,,
1U0G,target_not_in_hdf5,,,,,,,,,,,
1U2R,target_not_in_hdf5,,,,,,,,,,,
1U2Y,target_not_in_hdf5,,,,,,,,,,,
1U32,target_not_in_hdf5,,,,,,,,,,,
1U33,target_not_in_hdf5,,,,,,,,,,,
1U3R,target_not_in_hdf5,,,,,,,,,,,
1U59,target_not_in_hdf5,,,,,,,,,,,
1U65,target_not_in_hdf5,,,,,,,,,,,
1U8T,target_not_in_hdf5,,,,,,,,,,,
1U9L,target_not_in_hdf5,,,,,,,,,,,
1UA4,target_not_in_hdf5,,,,,,,,,,,
1UCN,target_not_in_hdf5,,,,,,,,,,,
1UDT,target_not_in_hdf5,,,,,,,,,,,
1UEF,target_not_in_hdf5,,,,,,,,,,,
1UGP,target_not_in_hdf5,,,,,,,,,,,
1UGW,target_not_in_hdf5,,,,,,,,,,,
1UGX,target_not_in_hdf5,,,,,,,,,,,
1UGY,target_not_in_hdf5,,,,,,,,,,,
1UH1,target_not_in_hdf5,,,,,,,,,,,
1UHO,target_not_in_hdf5,,,,,,,,,,,
1UI0,target_not_in_hdf5,,,,,,,,,,,
1UJ0,target_not_in_hdf5,,,,,,,,,,,
1UJ5,target_not_in_hdf5,,,,,,,,,,,
1UJ6,target_not_in_hdf5,,,,,,,,,,,
1UJJ,target_not_in_hdf5,,,,,,,,,,,
1UJK,target_not_in_hdf5,,,,,,,,,,,
1UK1,target_not_in_hdf5,,,,,,,,,,,
1UKH,target_not_in_hdf5,,,,,,,,,,,
1UKT,target_not_in_hdf5,,,,,,,,,,,
1ULE,target_not_in_hdf5,,,,,,,,,,,
1ULG,target_not_in_hdf5,,,,,,,,,,,
1UML,target_not_in_hdf5,,,,,,,,,,,
1UMW,target_not_in_hdf5,,,,,,,,,,,
1UNG,target_not_in_hdf5,,,,,,,,,,,
1UNL,target_not_in_hdf5,,,,,,,,,,,
1UOD,target_not_in_hdf5,,,,,,,,,,,
1UOM,target_not_in_hdf5,,,,,,,,,,,
1UOU,target_not_in_hdf5,,,,,,,,,,,
1UPF,target_not_in_hdf5,,,,,,,,,,,
1UPK,target_not_in_hdf5,,,,,,,,,,,
1UR9,target_not_in_hdf5,,,,,,,,,,,
1URC,target_not_in_hdf5,,,,,,,,,,,
1URG,target_not_in_hdf5,,,,,,,,,,,
1USI,target_not_in_hdf5,,,,,,,,,,,
1USK,target_not_in_hdf5,,,,,,,,,,,
1UTC,target_not_in_hdf5,,,,,,,,,,,
1UTJ,target_not_in_hdf5,,,,,,,,,,,
1UTL,target_not_in_hdf5,,,,,,,,,,,
1UTM,target_not_in_hdf5,,,,,,,,,,,
1UTO,target_not_in_hdf5,,,,,,,,,,,
1UTP,target_not_in_hdf5,,,,,,,,,,,
1UTR,target_not_in_hdf5,,,,,,,,,,,
1UTT,target_not_in_hdf5,,,,,,,,,,,
1UV5,target_not_in_hdf5,,,,,,,,,,,
1UV6,target_not_in_hdf5,,,,,,,,,,,
1UVS,target_not_in_hdf5,,,,,,,,,,,
1UVT,target_not_in_hdf5,,,,,,,,,,,
1UWB,target_not_in_hdf5,,,,,,,,,,,
1UWF,target_not_in_hdf5,,,,,,,,,,,
1UWT,target_not_in_hdf5,,,,,,,,,,,
1UWU,target_not_in_hdf5,,,,,,,,,,,
1UX7,target_not_in_hdf5,,,,,,,,,,,
1UXA,target_not_in_hdf5,,,,,,,,,,,
1UXB,target_not_in_hdf5,,,,,,,,,,,
1UY7,target_not_in_hdf5,,,,,,,,,,,
1UY9,target_not_in_hdf5,,,,,,,,,,,
1UYC,target_not_in_hdf5,,,,,,,,,,,
1UYD,target_not_in_hdf5,,,,,,,,,,,
1UYF,target_not_in_hdf5,,,,,,,,,,,
1UYG,target_not_in_hdf5,,,,,,,,,,,
1UYK,target_not_in_hdf5,,,,,,,,,,,
1UYM,target_not_in_hdf5,,,,,,,,,,,
1UYS,target_not_in_hdf5,,,,,,,,,,,
1UZ1,target_not_in_hdf5,,,,,,,,,,,
1UZ4,target_not_in_hdf5,,,,,,,,,,,
1UZ8,target_not_in_hdf5,,,,,,,,,,,
1V0K,target_not_in_hdf5,,,,,,,,,,,
1V0L,target_not_in_hdf5,,,,,,,,,,,
1V0M,target_not_in_hdf5,,,,,,,,,,,
1V0N,target_not_in_hdf5,,,,,,,,,,,
1V0P,target_not_in_hdf5,,,,,,,,,,,
1V11,target_not_in_hdf5,,,,,,,,,,,
1V16,target_not_in_hdf5,,,,,,,,,,,
1V1J,target_not_in_hdf5,,,,,,,,,,,
1V1K,target_not_in_hdf5,,,,,,,,,,,
1V1M,target_not_in_hdf5,,,,,,,,,,,
1V2K,target_not_in_hdf5,,,,,,,,,,,
1V3X,target_not_in_hdf5,,,,,,,,,,,
1V48,target_not_in_hdf5,,,,,,,,,,,
1V79,target_not_in_hdf5,,,,,,,,,,,
1V7A,target_not_in_hdf5,,,,,,,,,,,
1VCJ,target_not_in_hdf5,,,,,,,,,,,
1VCU,target_not_in_hdf5,,,,,,,,,,,
1VEA,target_not_in_hdf5,,,,,,,,,,,
1VEB,target_not_in_hdf5,,,,,,,,,,,
1VGC,target_not_in_hdf5,,,,,,,,,,,
1VIK,target_not_in_hdf5,,,,,,,,,,,
1VJ5,target_not_in_hdf5,,,,,,,,,,,
1VJC,target_not_in_hdf5,,,,,,,,,,,
1VKJ,target_not_in_hdf5,,,,,,,,,,,
1VOT,target_not_in_hdf5,,,,,,,,,,,
1VWF,target_not_in_hdf5,,,,,,,,,,,
1VYF,target_not_in_hdf5,,,,,,,,,,,
1VYG,target_not_in_hdf5,,,,,,,,,,,
1VYJ,target_not_in_hdf5,,,,,,,,,,,
1VYW,target_not_in_hdf5,,,,,,,,,,,
1VYZ,target_not_in_hdf5,,,,,,,,,,,
1W10,target_not_in_hdf5,,,,,,,,,,,
1W13,target_not_in_hdf5,,,,,,,,,,,
1W14,target_not_in_hdf5,,,,,,,,,,,
1W1D,target_not_in_hdf5,,,,,,,,,,,
1W1G,target_not_in_hdf5,,,,,,,,,,,
1W1P,target_not_in_hdf5,,,,,,,,,,,
1W1T,target_not_in_hdf5,,,,,,,,,,,
1W1V,target_not_in_hdf5,,,,,,,,,,,
1W1Y,target_not_in_hdf5,,,,,,,,,,,
1W25,target_not_in_hdf5,,,,,,,,,,,
1W2G,target_not_in_hdf5,,,,,,,,,,,
1W2H,target_not_in_hdf5,,,,,,,,,,,
1W2X,target_not_in_hdf5,,,,,,,,,,,
1W31,target_not_in_hdf5,,,,,,,,,,,
1W3J,target_not_in_hdf5,,,,,,,,,,,
1W3K,target_not_in_hdf5,,,,,,,,,,,
1W3L,target_not_in_hdf5,,,,,,,,,,,
1W4O,target_not_in_hdf5,,,,,,,,,,,
1W4P,target_not_in_hdf5,,,,,,,,,,,
1W4Q,target_not_in_hdf5,,,,,,,,,,,
1W51,target_not_in_hdf5,,,,,,,,,,,
1W5V,target_not_in_hdf5,,,,,,,,,,,
1W5W,target_not_in_hdf5,,,,,,,,,,,
1W5X,target_not_in_hdf5,,,,,,,,,,,
1W5Y,target_not_in_hdf5,,,,,,,,,,,
1W6J,target_not_in_hdf5,,,,,,,,,,,
1W6Y,target_not_in_hdf5,,,,,,,,,,,
1W70,target_not_in_hdf5,,,,,,,,,,,
1W76,target_not_in_hdf5,,,,,,,,,,,
1W7H,target_not_in_hdf5,,,,,,,,,,,
1W80,target_not_in_hdf5,,,,,,,,,,,
1W83,target_not_in_hdf5,,,,,,,,,,,
1W84,target_not_in_hdf5,,,,,,,,,,,
1W8L,target_not_in_hdf5,,,,,,,,,,,
1W8M,target_not_in_hdf5,,,,,,,,,,,
1WAY,target_not_in_hdf5,,,,,,,,,,,
1WBG,target_not_in_hdf5,,,,,,,,,,,
1WBO,target_not_in_hdf5,,,,,,,,,,,
1WBS,target_not_in_hdf5,,,,,,,,,,,
1WBT,target_not_in_hdf5,,,,,,,,,,,
1WBV,target_not_in_hdf5,,,,,,,,,,,
1WBW,target_not_in_hdf5,,,,,,,,,,,
1WCC,target_not_in_hdf5,,,,,,,,,,,
1WCQ,target_not_in_hdf5,,,,,,,,,,,
1WDN,target_not_in_hdf5,,,,,,,,,,,
1WDQ,target_not_in_hdf5,,,,,,,,,,,
1WDR,target_not_in_hdf5,,,,,,,,,,,
1WDY,target_not_in_hdf5,,,,,,,,,,,
1WE2,target_not_in_hdf5,,,,,,,,,,,
1WKM,target_not_in_hdf5,,,,,,,,,,,
1WM1,target_not_in_hdf5,,,,,,,,,,,
1WS1,target_not_in_hdf5,,,,,,,,,,,
1WS4,target_not_in_hdf5,,,,,,,,,,,
1WS5,target_not_in_hdf5,,,,,,,,,,,
1WUG,target_not_in_hdf5,,,,,,,,,,,
1WVC,target_not_in_hdf5,,,,,,,,,,,
1WVJ,target_not_in_hdf5,,,,,,,,,,,
1WZY,target_not_in_hdf5,,,,,,,,,,,
1X07,target_not_in_hdf5,,,,,,,,,,,
1X1Z,target_not_in_hdf5,,,,,,,,,,,
1X38,target_not_in_hdf5,,,,,,,,,,,
1X39,target_not_in_hdf5,,,,,,,,,,,
1X6U,target_not_in_hdf5,,,,,,,,,,,
1X70,target_not_in_hdf5,,,,,,,,,,,
1X78,target_not_in_hdf5,,,,,,,,,,,
1X7B,target_not_in_hdf5,,,,,,,,,,,
1X7E,target_not_in_hdf5,,,,,,,,,,,
1X7Q,target_not_in_hdf5,,,,,,,,,,,
1X81,target_not_in_hdf5,,,,,,,,,,,
1X8D,target_not_in_hdf5,,,,,,,,,,,
1X8J,target_not_in_hdf5,,,,,,,,,,,
1X8R,target_not_in_hdf5,,,,,,,,,,,
1X8T,target_not_in_hdf5,,,,,,,,,,,
1X9D,target_not_in_hdf5,,,,,,,,,,,
1XA5,target_not_in_hdf5,,,,,,,,,,,
1XB7,target_not_in_hdf5,,,,,,,,,,,
1XBB,target_not_in_hdf5,,,,,,,,,,,
1XBC,target_not_in_hdf5,,,,,,,,,,,
1XD0,target_not_in_hdf5,,,,,,,,,,,
1XDD,target_not_in_hdf5,,,,,,,,,,,
1XDG,target_not_in_hdf5,,,,,,,,,,,
1XFF,target_not_in_hdf5,,,,,,,,,,,
1XGE,target_not_in_hdf5,,,,,,,,,,,
1XH3,target_not_in_hdf5,,,,,,,,,,,
1XH4,target_not_in_hdf5,,,,,,,,,,,
1XH5,target_not_in_hdf5,,,,,,,,,,,
1XH7,target_not_in_hdf5,,,,,,,,,,,
1XHM,target_not_in_hdf5,,,,,,,,,,,
1XHY,target_not_in_hdf5,,,,,,,,,,,
1XJD,target_not_in_hdf5,,,,,,,,,,,
1XK9,target_not_in_hdf5,,,,,,,,,,,
1XLZ,target_not_in_hdf5,,,,,,,,,,,
1XM6,target_not_in_hdf5,,,,,,,,,,,
1XMY,target_not_in_hdf5,,,,,,,,,,,
1XN0,target_not_in_hdf5,,,,,,,,,,,
1XN2,target_not_in_hdf5,,,,,,,,,,,
1XN3,target_not_in_hdf5,,,,,,,,,,,
1XNX,target_not_in_hdf5,,,,,,,,,,,
1XNZ,target_not_in_hdf5,,,,,,,,,,,
1XO2,target_not_in_hdf5,,,,,,,,,,,
1XOE,target_not_in_hdf5,,,,,,,,,,,
1XOG,target_not_in_hdf5,,,,,,,,,,,
1XOM,target_not_in_hdf5,,,,,,,,,,,
1XON,target_not_in_hdf5,,,,,,,,,,,
1XOQ,target_not_in_hdf5,,,,,,,,,,,
1XOR,target_not_in_hdf5,,,,,,,,,,,
1XOS,target_not_in_hdf5,,,,,,,,,,,
1XOW,target_not_in_hdf5,,,,,,,,,,,
1XOZ,target_not_in_hdf5,,,,,,,,,,,
1XR8,target_not_in_hdf5,,,,,,,,,,,
1XR9,target_not_in_hdf5,,,,,,,,,,,
1XS7,target_not_in_hdf5,,,,,,,,,,,
1XSC,target_not_in_hdf5,,,,,,,,,,,
1XT8,target_not_in_hdf5,,,,,,,,,,,
1XUD,target_not_in_hdf5,,,,,,,,,,,
1XXE,target_not_in_hdf5,,,,,,,,,,,
1XZ8,target_not_in_hdf5,,,,,,,,,,,
1Y0L,target_not_in_hdf5,,,,,,,,,,,
1Y0X,target_not_in_hdf5,,,,,,,,,,,
1Y19,target_not_in_hdf5,,,,,,,,,,,
1Y20,target_not_in_hdf5,,,,,,,,,,,
1Y2A,target_not_in_hdf5,,,,,,,,,,,
1Y2B,target_not_in_hdf5,,,,,,,,,,,
1Y2C,target_not_in_hdf5,,,,,,,,,,,
1Y2F,target_not_in_hdf5,,,,,,,,,,,
1Y2H,target_not_in_hdf5,,,,,,,,,,,
1Y3A,target_not_in_hdf5,,,,,,,,,,,
1Y3N,target_not_in_hdf5,,,,,,,,,,,
1Y3P,target_not_in_hdf5,,,,,,,,,,,
1Y6Q,target_not_in_hdf5,,,,,,,,,,,
1Y8O,target_not_in_hdf5,,,,,,,,,,,
1Y8P,target_not_in_hdf5,,,,,,,,,,,
1Y91,target_not_in_hdf5,,,,,,,,,,,
1YBG,target_not_in_hdf5,,,,,,,,,,,
1YC1,target_not_in_hdf5,,,,,,,,,,,
1YC4,target_not_in_hdf5,,,,,,,,,,,
1YC5,target_not_in_hdf5,,,,,,,,,,,
1YCI,target_not_in_hdf5,,,,,,,,,,,
1YCM,target_not_in_hdf5,,,,,,,,,,,
1YDA,target_not_in_hdf5,,,,,,,,,,,
1YDB,target_not_in_hdf5,,,,,,,,,,,
1YDD,target_not_in_hdf5,,,,,,,,,,,
1YDK,target_not_in_hdf5,,,,,,,,,,,
1YDR,target_not_in_hdf5,,,,,,,,,,,
1YET,target_not_in_hdf5,,,,,,,,,,,
1YFZ,target_not_in_hdf5,,,,,,,,,,,
1YI3,target_not_in_hdf5,,,,,,,,,,,
1YKP,target_not_in_hdf5,,,,,,,,,,,
1YLV,target_not_in_hdf5,,,,,,,,,,,
1YLY,target_not_in_hdf5,,,,,,,,,,,
1YM1,target_not_in_hdf5,,,,,,,,,,,
1YM2,target_not_in_hdf5,,,,,,,,,,,
1YM4,target_not_in_hdf5,,,,,,,,,,,
1YMS,target_not_in_hdf5,,,,,,,,,,,
1YMX,target_not_in_hdf5,,,,,,,,,,,
1YND,target_not_in_hdf5,,,,,,,,,,,
1YON,target_not_in_hdf5,,,,,,,,,,,
1YOU,target_not_in_hdf5,,,,,,,,,,,
1YQ7,target_not_in_hdf5,,,,,,,,,,,
1YQJ,target_not_in_hdf5,,,,,,,,,,,
1YQY,target_not_in_hdf5,,,,,,,,,,,
1YRS,target_not_in_hdf5,,,,,,,,,,,
1YSG,target_not_in_hdf5,,,,,,,,,,,
1YT9,target_not_in_hdf5,,,,,,,,,,,
1YVF,target_not_in_hdf5,,,,,,,,,,,
1YVM,target_not_in_hdf5,,,,,,,,,,,
1YVZ,target_not_in_hdf5,,,,,,,,,,,
1YW7,target_not_in_hdf5,,,,,,,,,,,
1YW8,target_not_in_hdf5,,,,,,,,,,,
1YWH,target_not_in_hdf5,,,,,,,,,,,
1YWI,target_not_in_hdf5,,,,,,,,,,,
1YXD,target_not_in_hdf5,,,,,,,,,,,
1YY4,target_not_in_hdf5,,,,,,,,,,,
1YY6,target_not_in_hdf5,,,,,,,,,,,
1YYE,target_not_in_hdf5,,,,,,,,,,,
1YYR,target_not_in_hdf5,,,,,,,,,,,
1YYS,target_not_in_hdf5,,,,,,,,,,,
1YZ3,target_not_in_hdf5,,,,,,,,,,,
1Z2B,target_not_in_hdf5,,,,,,,,,,,
1Z3J,target_not_in_hdf5,,,,,,,,,,,
1Z3T,target_not_in_hdf5,,,,,,,,,,,
1Z3V,target_not_in_hdf5,,,,,,,,,,,
1Z4N,target_not_in_hdf5,,,,,,,,,,,
1Z4O,target_not_in_hdf5,,,,,,,,,,,
1Z4U,target_not_in_hdf5,,,,,,,,,,,
1Z6D,target_not_in_hdf5,,,,,,,,,,,
1Z6E,target_not_in_hdf5,,,,,,,,,,,
1Z6F,target_not_in_hdf5,,,,,,,,,,,
1Z6S,target_not_in_hdf5,,,,,,,,,,,
1Z95,target_not_in_hdf5,,,,,,,,,,,
1Z9H,target_not_in_hdf5,,,,,,,,,,,
1Z9Y,target_not_in_hdf5,,,,,,,,,,,
1ZAF,target_not_in_hdf5,,,,,,,,,,,
1ZAJ,target_not_in_hdf5,,,,,,,,,,,
1ZC9,target_not_in_hdf5,,,,,,,,,,,
1ZD2,target_not_in_hdf5,,,,,,,,,,,
1ZD3,target_not_in_hdf5,,,,,,,,,,,
1ZD4,target_not_in_hdf5,,,,,,,,,,,
1ZD5,target_not_in_hdf5,,,,,,,,,,,
1ZE8,target_not_in_hdf5,,,,,,,,,,,
1ZFQ,target_not_in_hdf5,,,,,,,,,,,
1ZGB,target_not_in_hdf5,,,,,,,,,,,
1ZGI,target_not_in_hdf5,,,,,,,,,,,
1ZGV,target_not_in_hdf5,,,,,,,,,,,
1ZH7,target_not_in_hdf5,,,,,,,,,,,
1ZHK,target_not_in_hdf5,,,,,,,,,,,
1ZHL,target_not_in_hdf5,,,,,,,,,,,
1ZHY,target_not_in_hdf5,,,,,,,,,,,
1ZKK,target_not_in_hdf5,,,,,,,,,,,
1ZKL,target_not_in_hdf5,,,,,,,,,,,
1ZKN,target_not_in_hdf5,,,,,,,,,,,
1ZKY,target_not_in_hdf5,,,,,,,,,,,
1ZM6,target_not_in_hdf5,,,,,,,,,,,
1ZM7,target_not_in_hdf5,,,,,,,,,,,
1ZOE,target_not_in_hdf5,,,,,,,,,,,
1ZOG,target_not_in_hdf5,,,,,,,,,,,
1ZOH,target_not_in_hdf5,,,,,,,,,,,
1ZOM,target_not_in_hdf5,,,,,,,,,,,
1ZPB,target_not_in_hdf5,,,,,,,,,,,
1ZPC,target_not_in_hdf5,,,,,,,,,,,
1ZSB,target_not_in_hdf5,,,,,,,,,,,
1ZSH,target_not_in_hdf5,,,,,,,,,,,
1ZSR,target_not_in_hdf5,,,,,,,,,,,
1ZTQ,target_not_in_hdf5,,,,,,,,,,,
1ZUB,target_not_in_hdf5,,,,,,,,,,,
1ZUC,target_not_in_hdf5,,,,,,,,,,,
1ZXV,target_not_in_hdf5,,,,,,,,,,,
1ZYJ,target_not_in_hdf5,,,,,,,,,,,
1ZZ1,target_not_in_hdf5,,,,,,,,,,,
1ZZ2,target_not_in_hdf5,,,,,,,,,,,
1ZZ3,target_not_in_hdf5,,,,,,,,,,,
1ZZL,target_not_in_hdf5,,,,,,,,,,,
220L,target_not_in_hdf5,,,,,,,,,,,
223L,target_not_in_hdf5,,,,,,,,,,,
2A0T,target_not_in_hdf5,,,,,,,,,,,
2A25,target_not_in_hdf5,,,,,,,,,,,
2A2G,target_not_in_hdf5,,,,,,,,,,,
2A3I,target_not_in_hdf5,,,,,,,,,,,
2A3X,target_not_in_hdf5,,,,,,,,,,,
2A4G,target_not_in_hdf5,,,,,,,,,,,
2A4L,target_not_in_hdf5,,,,,,,,,,,
2A4M,target_not_in_hdf5,,,,,,,,,,,
2A4Q,target_not_in_hdf5,,,,,,,,,,,
2A4Z,target_not_in_hdf5,,,,,,,,,,,
2A58,target_not_in_hdf5,,,,,,,,,,,
2A5B,target_not_in_hdf5,,,,,,,,,,,
2A5C,target_not_in_hdf5,,,,,,,,,,,
2A5S,target_not_in_hdf5,,,,,,,,,,,
2A5U,target_not_in_hdf5,,,,,,,,,,,
2A8G,target_not_in_hdf5,,,,,,,,,,,
2A8H,target_not_in_hdf5,,,,,,,,,,,
2AA6,target_not_in_hdf5,,,,,,,,,,,
2AA9,target_not_in_hdf5,,,,,,,,,,,
2AAC,target_not_in_hdf5,,,,,,,,,,,
2AAY,target_not_in_hdf5,,,,,,,,,,,
2AD5,target_not_in_hdf5,,,,,,,,,,,
2ADA,target_not_in_hdf5,,,,,,,,,,,
2ADU,target_not_in_hdf5,,,,,,,,,,,
2AEL,target_not_in_hdf5,,,,,,,,,,,
2AEZ,target_not_in_hdf5,,,,,,,,,,,
2AFW,target_not_in_hdf5,,,,,,,,,,,
2AFX,target_not_in_hdf5,,,,,,,,,,,
2AGV,target_not_in_hdf5,,,,,,,,,,,
2AI7,target_not_in_hdf5,,,,,,,,,,,
2AI8,target_not_in_hdf5,,,,,,,,,,,
2AIA,target_not_in_hdf5,,,,,,,,,,,
2AIE,target_not_in_hdf5,,,,,,,,,,,
2AIG,target_not_in_hdf5,,,,,,,,,,,
2AJ8,target_not_in_hdf5,,,,,,,,,,,
2AJB,target_not_in_hdf5,,,,,,,,,,,
2AL5,target_not_in_hdf5,,,,,,,,,,,
2ALV,target_not_in_hdf5,,,,,,,,,,,
2AM1,target_not_in_hdf5,,,,,,,,,,,
2AM2,target_not_in_hdf5,,,,,,,,,,,
2AM4,target_not_in_hdf5,,,,,,,,,,,
2AM9,target_not_in_hdf5,,,,,,,,,,,
2AMA,target_not_in_hdf5,,,,,,,,,,,
2AMT,target_not_in_hdf5,,,,,,,,,,,
2AMV,target_not_in_hdf5,,,,,,,,,,,
2AN5,target_not_in_hdf5,,,,,,,,,,,
2AO6,target_not_in_hdf5,,,,,,,,,,,
2AOC,target_not_in_hdf5,,,,,,,,,,,
2AOD,target_not_in_hdf5,,,,,,,,,,,
2AOE,target_not_in_hdf5,,,,,,,,,,,
2AOF,target_not_in_hdf5,,,,,,,,,,,
2AOG,target_not_in_hdf5,,,,,,,,,,,
2AOH,target_not_in_hdf5,,,,,,,,,,,
2AOI,target_not_in_hdf5,,,,,,,,,,,
2AOJ,target_not_in_hdf5,,,,,,,,,,,
2AOW,target_not_in_hdf5,,,,,,,,,,,
2AOX,target_not_in_hdf5,,,,,,,,,,,
2AQ7,target_not_in_hdf5,,,,,,,,,,,
2AQ9,target_not_in_hdf5,,,,,,,,,,,
2AQB,target_not_in_hdf5,,,,,,,,,,,
2ARM,target_not_in_hdf5,,,,,,,,,,,
2ASU,target_not_in_hdf5,,,,,,,,,,,
2ATH,target_not_in_hdf5,,,,,,,,,,,
2AUC,target_not_in_hdf5,,,,,,,,,,,
2AUX,target_not_in_hdf5,,,,,,,,,,,
2AUZ,target_not_in_hdf5,,,,,,,,,,,
2AVI,target_not_in_hdf5,,,,,,,,,,,
2AVM,target_not_in_hdf5,,,,,,,,,,,
2AVO,target_not_in_hdf5,,,,,,,,,,,
2AX6,target_not_in_hdf5,,,,,,,,,,,
2AY1,target_not_in_hdf5,,,,,,,,,,,
2AY2,target_not_in_hdf5,,,,,,,,,,,
2AY3,target_not_in_hdf5,,,,,,,,,,,
2AY4,target_not_in_hdf5,,,,,,,,,,,
2AY6,target_not_in_hdf5,,,,,,,,,,,
2AY7,target_not_in_hdf5,,,,,,,,,,,
2AY8,target_not_in_hdf5,,,,,,,,,,,
2AZ5,target_not_in_hdf5,,,,,,,,,,,
2AZ8,target_not_in_hdf5,,,,,,,,,,,
2AZ9,target_not_in_hdf5,,,,,,,,,,,
2AZC,target_not_in_hdf5,,,,,,,,,,,
2AZM,target_not_in_hdf5,,,,,,,,,,,
2AZR,target_not_in_hdf5,,,,,,,,,,,
2B17,target_not_in_hdf5,,,,,,,,,,,
2B1G,target_not_in_hdf5,,,,,,,,,,,
2B1I,target_not_in_hdf5,,,,,,,,,,,
2B1P,target_not_in_hdf5,,,,,,,,,,,
2B1Q,target_not_in_hdf5,,,,,,,,,,,
2B1R,target_not_in_hdf5,,,,,,,,,,,
2B1V,target_not_in_hdf5,,,,,,,,,,,
2B2V,target_not_in_hdf5,,,,,,,,,,,
2B4L,target_not_in_hdf5,,,,,,,,,,,
2B4M,target_not_in_hdf5,,,,,,,,,,,
2B54,target_not_in_hdf5,,,,,,,,,,,
2B5J,target_not_in_hdf5,,,,,,,,,,,
2B7A,target_not_in_hdf5,,,,,,,,,,,
2B7F,target_not_in_hdf5,,,,,,,,,,,
2B8L,target_not_in_hdf5,,,,,,,,,,,
2B8V,target_not_in_hdf5,,,,,,,,,,,
2B9A,target_not_in_hdf5,,,,,,,,,,,
2BAJ,target_not_in_hdf5,,,,,,,,,,,
2BAL,target_not_in_hdf5,,,,,,,,,,,
2BAN,target_not_in_hdf5,,,,,,,,,,,
2BBA,target_not_in_hdf5,,,,,,,,,,,
2BCD,target_not_in_hdf5,,,,,,,,,,,
2BDL,target_not_in_hdf5,,,,,,,,,,,
2BE2,target_not_in_hdf5,,,,,,,,,,,
2BES,target_not_in_hdf5,,,,,,,,,,,
2BET,target_not_in_hdf5,,,,,,,,,,,
2BGD,target_not_in_hdf5,,,,,,,,,,,
2BGR,target_not_in_hdf5,,,,,,,,,,,
2BJM,target_not_in_hdf5,,,,,,,,,,,
2BKT,target_not_in_hdf5,,,,,,,,,,,
2BKZ,target_not_in_hdf5,,,,,,,,,,,
2BMK,target_not_in_hdf5,,,,,,,,,,,
2BMZ,target_not_in_hdf5,,,,,,,,,,,
2BO4,target_not_in_hdf5,,,,,,,,,,,
2BOH,target_not_in_hdf5,,,,,,,,,,,
2BOI,target_not_in_hdf5,,,,,,,,,,,
2BOJ,target_not_in_hdf5,,,,,,,,,,,
2BPV,target_not_in_hdf5,,,,,,,,,,,
2BPY,target_not_in_hdf5,,,,,,,,,,,
2BQ6,target_not_in_hdf5,,,,,,,,,,,
2BQV,target_not_in_hdf5,,,,,,,,,,,
2BQW,target_not_in_hdf5,,,,,,,,,,,
2BR6,target_not_in_hdf5,,,,,,,,,,,
2BRB,target_not_in_hdf5,,,,,,,,,,,
2BRM,target_not_in_hdf5,,,,,,,,,,,
2BRP,target_not_in_hdf5,,,,,,,,,,,
2BT9,target_not_in_hdf5,,,,,,,,,,,
2BTR,target_not_in_hdf5,,,,,,,,,,,
2BTS,target_not_in_hdf5,,,,,,,,,,,
2BUV,target_not_in_hdf5,,,,,,,,,,,
2BV4,target_not_in_hdf5,,,,,,,,,,,
2BVD,target_not_in_hdf5,,,,,,,,,,,
2BVX,target_not_in_hdf5,,,,,,,,,,,
2BW7,target_not_in_hdf5,,,,,,,,,,,
2BXT,target_not_in_hdf5,,,,,,,,,,,
2BYR,target_not_in_hdf5,,,,,,,,,,,
2BYS,target_not_in_hdf5,,,,,,,,,,,
2BZ8,target_not_in_hdf5,,,,,,,,,,,
2BZA,target_not_in_hdf5,,,,,,,,,,,
2BZZ,target_not_in_hdf5,,,,,,,,,,,
2C1A,target_not_in_hdf5,,,,,,,,,,,
2C1B,target_not_in_hdf5,,,,,,,,,,,
2C1P,target_not_in_hdf5,,,,,,,,,,,
2C1Q,target_not_in_hdf5,,,,,,,,,,,
2C2L,target_not_in_hdf5,,,,,,,,,,,
2C3L,target_not_in_hdf5,,,,,,,,,,,
2C4V,target_not_in_hdf5,,,,,,,,,,,
2C57,target_not_in_hdf5,,,,,,,,,,,
2C5O,target_not_in_hdf5,,,,,,,,,,,
2C68,target_not_in_hdf5,,,,,,,,,,,
2C69,target_not_in_hdf5,,,,,,,,,,,
2C6G,target_not_in_hdf5,,,,,,,,,,,
2C6I,target_not_in_hdf5,,,,,,,,,,,
2C6K,target_not_in_hdf5,,,,,,,,,,,
2C6L,target_not_in_hdf5,,,,,,,,,,,
2C6O,target_not_in_hdf5,,,,,,,,,,,
2C80,target_not_in_hdf5,,,,,,,,,,,
2C90,target_not_in_hdf5,,,,,,,,,,,
2C92,target_not_in_hdf5,,,,,,,,,,,
2C94,target_not_in_hdf5,,,,,,,,,,,
2C97,target_not_in_hdf5,,,,,,,,,,,
2C9B,target_not_in_hdf5,,,,,,,,,,,
2C9D,target_not_in_hdf5,,,,,,,,,,,
2CA8,target_not_in_hdf5,,,,,,,,,,,
2CBJ,target_not_in_hdf5,,,,,,,,,,,
2CBS,target_not_in_hdf5,,,,,,,,,,,
2CBU,target_not_in_hdf5,,,,,,,,,,,
2CBV,target_not_in_hdf5,,,,,,,,,,,
2CBZ,target_not_in_hdf5,,,,,,,,,,,
2CCS,target_not_in_hdf5,,,,,,,,,,,
2CCT,target_not_in_hdf5,,,,,,,,,,,
2CCU,target_not_in_hdf5,,,,,,,,,,,
2CE9,target_not_in_hdf5,,,,,,,,,,,
2CEQ,target_not_in_hdf5,,,,,,,,,,,
2CER,target_not_in_hdf5,,,,,,,,,,,
2CES,target_not_in_hdf5,,,,,,,,,,,
2CET,target_not_in_hdf5,,,,,,,,,,,
2CEX,target_not_in_hdf5,,,,,,,,,,,
2CGW,target_not_in_hdf5,,,,,,,,,,,
2CGX,target_not_in_hdf5,,,,,,,,,,,
2CHT,target_not_in_hdf5,,,,,,,,,,,
2CHZ,target_not_in_hdf5,,,,,,,,,,,
2CIA,target_not_in_hdf5,,,,,,,,,,,
2CJI,target_not_in_hdf5,,,,,,,,,,,
2CKM,target_not_in_hdf5,,,,,,,,,,,
2CLF,target_not_in_hdf5,,,,,,,,,,,
2CLH,target_not_in_hdf5,,,,,,,,,,,
2CLI,target_not_in_hdf5,,,,,,,,,,,
2CLK,target_not_in_hdf5,,,,,,,,,,,
2CLL,target_not_in_hdf5,,,,,,,,,,,
2CLM,target_not_in_hdf5,,,,,,,,,,,
2CLO,target_not_in_hdf5,,,,,,,,,,,
2CM8,target_not_in_hdf5,,,,,,,,,,,
2CMA,target_not_in_hdf5,,,,,,,,,,,
2CMB,target_not_in_hdf5,,,,,,,,,,,
2CMC,target_not_in_hdf5,,,,,,,,,,,
2CMF,target_not_in_hdf5,,,,,,,,,,,
2CMO,target_not_in_hdf5,,,,,,,,,,,
2CN8,target_not_in_hdf5,,,,,,,,,,,
2CNE,target_not_in_hdf5,,,,,,,,,,,
2CNF,target_not_in_hdf5,,,,,,,,,,,
2CSM,target_not_in_hdf5,,,,,,,,,,,
2CSN,target_not_in_hdf5,,,,,,,,,,,
2CTC,target_not_in_hdf5,,,,,,,,,,,
2CV3,target_not_in_hdf5,,,,,,,,,,,
2D06,target_not_in_hdf5,,,,,,,,,,,
2D0K,target_not_in_hdf5,,,,,,,,,,,
2D1X,target_not_in_hdf5,,,,,,,,,,,
2D2V,target_not_in_hdf5,,,,,,,,,,,
2D3U,target_not_in_hdf5,,,,,,,,,,,
2D3Z,target_not_in_hdf5,,,,,,,,,,,
2DBL,target_not_in_hdf5,,,,,,,,,,,
2DDF,target_not_in_hdf5,,,,,,,,,,,
2DRI,target_not_in_hdf5,,,,,,,,,,,
2DS1,target_not_in_hdf5,,,,,,,,,,,
2DUA,target_not_in_hdf5,,,,,,,,,,,
2DUV,target_not_in_hdf5,,,,,,,,,,,
2DWX,target_not_in_hdf5,,,,,,,,,,,
2DXS,target_not_in_hdf5,,,,,,,,,,,
2E1W,target_not_in_hdf5,,,,,,,,,,,
2E27,target_not_in_hdf5,,,,,,,,,,,
2E2R,target_not_in_hdf5,,,,,,,,,,,
2E5Y,target_not_in_hdf5,,,,,,,,,,,
2E7F,target_not_in_hdf5,,,,,,,,,,,
2E7L,target_not_in_hdf5,,,,,,,,,,,
2E91,target_not_in_hdf5,,,,,,,,,,,
2E92,target_not_in_hdf5,,,,,,,,,,,
2E94,target_not_in_hdf5,,,,,,,,,,,
2E95,target_not_in_hdf5,,,,,,,,,,,
2E99,target_not_in_hdf5,,,,,,,,,,,
2E9D,target_not_in_hdf5,,,,,,,,,,,
2E9O,target_not_in_hdf5,,,,,,,,,,,
2EA2,target_not_in_hdf5,,,,,,,,,,,
2EEP,target_not_in_hdf5,,,,,,,,,,,
2EG8,target_not_in_hdf5,,,,,,,,,,,
2EI6,target_not_in_hdf5,,,,,,,,,,,
2EPN,target_not_in_hdf5,,,,,,,,,,,
2ER0,target_not_in_hdf5,,,,,,,,,,,
2ER6,target_not_in_hdf5,,,,,,,,,,,
2ER9,target_not_in_hdf5,,,,,,,,,,,
2ESM,target_not_in_hdf5,,,,,,,,,,,
2ETK,target_not_in_hdf5,,,,,,,,,,,
2ETM,target_not_in_hdf5,,,,,,,,,,,
2ETR,target_not_in_hdf5,,,,,,,,,,,
2EUM,target_not_in_hdf5,,,,,,,,,,,
2EVC,target_not_in_hdf5,,,,,,,,,,,
2EVL,target_not_in_hdf5,,,,,,,,,,,
2EVM,target_not_in_hdf5,,,,,,,,,,,
2EVO,target_not_in_hdf5,,,,,,,,,,,
2EW5,target_not_in_hdf5,,,,,,,,,,,
2EW6,target_not_in_hdf5,,,,,,,,,,,
2EWA,target_not_in_hdf5,,,,,,,,,,,
2EWB,target_not_in_hdf5,,,,,,,,,,,
2EWS,target_not_in_hdf5,,,,,,,,,,,
2EWY,target_not_in_hdf5,,,,,,,,,,,
2EXG,target_not_in_hdf5,,,,,,,,,,,
2EXM,target_not_in_hdf5,,,,,,,,,,,
2EZ5,target_not_in_hdf5,,,,,,,,,,,
2EZ7,target_not_in_hdf5,,,,,,,,,,,
2F01,target_not_in_hdf5,,,,,,,,,,,
2F18,target_not_in_hdf5,,,,,,,,,,,
2F1A,target_not_in_hdf5,,,,,,,,,,,
2F1B,target_not_in_hdf5,,,,,,,,,,,
2F3E,target_not_in_hdf5,,,,,,,,,,,
2F3F,target_not_in_hdf5,,,,,,,,,,,
2F3R,target_not_in_hdf5,,,,,,,,,,,
2F5T,target_not_in_hdf5,,,,,,,,,,,
2F6J,target_not_in_hdf5,,,,,,,,,,,
2F7O,target_not_in_hdf5,,,,,,,,,,,
2F7P,target_not_in_hdf5,,,,,,,,,,,
2F8I,target_not_in_hdf5,,,,,,,,,,,
2F9K,target_not_in_hdf5,,,,,,,,,,,
2FAH,target_not_in_hdf5,,,,,,,,,,,
2FAI,target_not_in_hdf5,,,,,,,,,,,
2FB8,target_not_in_hdf5,,,,,,,,,,,
2FDA,target_not_in_hdf5,,,,,,,,,,,
2FDD,target_not_in_hdf5,,,,,,,,,,,
2FDE,target_not_in_hdf5,,,,,,,,,,,
2FDP,target_not_in_hdf5,,,,,,,,,,,
2FF1,target_not_in_hdf5,,,,,,,,,,,
2FF2,target_not_in_hdf5,,,,,,,,,,,
2FGH,target_not_in_hdf5,,,,,,,,,,,
2FGU,target_not_in_hdf5,,,,,,,,,,,
2FGV,target_not_in_hdf5,,,,,,,,,,,
2FHY,target_not_in_hdf5,,,,,,,,,,,
2FJ0,target_not_in_hdf5,,,,,,,,,,,
2FKF,target_not_in_hdf5,,,,,,,,,,,
2FL2,target_not_in_hdf5,,,,,,,,,,,
2FL5,target_not_in_hdf5,,,,,,,,,,,
2FLE,target_not_in_hdf5,,,,,,,,,,,
2FLH,target_not_in_hdf5,,,,,,,,,,,
2FLR,target_not_in_hdf5,,,,,,,,,,,
2FLU,target_not_in_hdf5,,,,,,,,,,,
2FM2,target_not_in_hdf5,,,,,,,,,,,
2FMB,target_not_in_hdf5,,,,,,,,,,,
2FME,target_not_in_hdf5,,,,,,,,,,,
2FO4,target_not_in_hdf5,,,,,,,,,,,
2FPZ,target_not_in_hdf5,,,,,,,,,,,
2FQ6,target_not_in_hdf5,,,,,,,,,,,
2FQT,target_not_in_hdf5,,,,,,,,,,,
2FQW,target_not_in_hdf5,,,,,,,,,,,
2FQX,target_not_in_hdf5,,,,,,,,,,,
2FQY,target_not_in_hdf5,,,,,,,,,,,
2FR3,target_not_in_hdf5,,,,,,,,,,,
2FSV,target_not_in_hdf5,,,,,,,,,,,
2FTD,target_not_in_hdf5,,,,,,,,,,,
2FV5,target_not_in_hdf5,,,,,,,,,,,
2FV9,target_not_in_hdf5,,,,,,,,,,,
2FW3,target_not_in_hdf5,,,,,,,,,,,
2FW6,target_not_in_hdf5,,,,,,,,,,,
2FWP,target_not_in_hdf5,,,,,,,,,,,
2FWY,target_not_in_hdf5,,,,,,,,,,,
2FWZ,target_not_in_hdf5,,,,,,,,,,,
2FX7,target_not_in_hdf5,,,,,,,,,,,
2FX9,target_not_in_hdf5,,,,,,,,,,,
2FXR,target_not_in_hdf5,,,,,,,,,,,
2FXU,target_not_in_hdf5,,,,,,,,,,,
2FYV,target_not_in_hdf5,,,,,,,,,,,
2FZC,target_not_in_hdf5,,,,,,,,,,,
2FZK,target_not_in_hdf5,,,,,,,,,,,
2G0H,target_not_in_hdf5,,,,,,,,,,,
2G19,target_not_in_hdf5,,,,,,,,,,,
2G1Q,target_not_in_hdf5,,,,,,,,,,,
2G1R,target_not_in_hdf5,,,,,,,,,,,
2G1Y,target_not_in_hdf5,,,,,,,,,,,
2G24,target_not_in_hdf5,,,,,,,,,,,
2G5P,target_not_in_hdf5,,,,,,,,,,,
2G5T,target_not_in_hdf5,,,,,,,,,,,
2G63,target_not_in_hdf5,,,,,,,,,,,
2G6P,target_not_in_hdf5,,,,,,,,,,,
2G6Q,target_not_in_hdf5,,,,,,,,,,,
2G71,target_not_in_hdf5,,,,,,,,,,,
2G72,target_not_in_hdf5,,,,,,,,,,,
2G78,target_not_in_hdf5,,,,,,,,,,,
2G79,target_not_in_hdf5,,,,,,,,,,,
2G83,target_not_in_hdf5,,,,,,,,,,,
2G8N,target_not_in_hdf5,,,,,,,,,,,
2G8R,target_not_in_hdf5,,,,,,,,,,,
2G94,target_not_in_hdf5,,,,,,,,,,,
2G9Q,target_not_in_hdf5,,,,,,,,,,,
2G9R,target_not_in_hdf5,,,,,,,,,,,
2G9U,target_not_in_hdf5,,,,,,,,,,,
2G9V,target_not_in_hdf5,,,,,,,,,,,
2GBF,target_not_in_hdf5,,,,,,,,,,,
2GBG,target_not_in_hdf5,,,,,,,,,,,
2GBI,target_not_in_hdf5,,,,,,,,,,,
2GD8,target_not_in_hdf5,,,,,,,,,,,
2GEJ,target_not_in_hdf5,,,,,,,,,,,
2GEK,target_not_in_hdf5,,,,,,,,,,,
2GFA,target_not_in_hdf5,,,,,,,,,,,
2GFK,target_not_in_hdf5,,,,,,,,,,,
2GFS,target_not_in_hdf5,,,,,,,,,,,
2GG0,target_not_in_hdf5,,,,,,,,,,,
2GG3,target_not_in_hdf5,,,,,,,,,,,
2GG5,target_not_in_hdf5,,,,,,,,,,,
2GG7,target_not_in_hdf5,,,,,,,,,,,
2GGB,target_not_in_hdf5,,,,,,,,,,,
2GGU,target_not_in_hdf5,,,,,,,,,,,
2GH6,target_not_in_hdf5,,,,,,,,,,,
2GH7,target_not_in_hdf5,,,,,,,,,,,
2GH9,target_not_in_hdf5,,,,,,,,,,,
2GJ4,target_not_in_hdf5,,,,,,,,,,,
2GJ5,target_not_in_hdf5,,,,,,,,,,,
2GKL,target_not_in_hdf5,,,,,,,,,,,
2GL0,target_not_in_hdf5,,,,,,,,,,,
2GLP,target_not_in_hdf5,,,,,,,,,,,
2GM1,target_not_in_hdf5,,,,,,,,,,,
2GM9,target_not_in_hdf5,,,,,,,,,,,
2GMX,target_not_in_hdf5,,,,,,,,,,,
2GNF,target_not_in_hdf5,,,,,,,,,,,
2GNI,target_not_in_hdf5,,,,,,,,,,,
2GNJ,target_not_in_hdf5,,,,,,,,,,,
2GO4,target_not_in_hdf5,,,,,,,,,,,
2GTK,target_not_in_hdf5,,,,,,,,,,,
2GTV,target_not_in_hdf5,,,,,,,,,,,
2GVV,target_not_in_hdf5,,,,,,,,,,,
2GYI,target_not_in_hdf5,,,,,,,,,,,
2GZ2,target_not_in_hdf5,,,,,,,,,,,
2GZ7,target_not_in_hdf5,,,,,,,,,,,
2GZL,target_not_in_hdf5,,,,,,,,,,,
2H13,target_not_in_hdf5,,,,,,,,,,,
2H15,target_not_in_hdf5,,,,,,,,,,,
2H2D,target_not_in_hdf5,,,,,,,,,,,
2H2G,target_not_in_hdf5,,,,,,,,,,,
2H3E,target_not_in_hdf5,,,,,,,,,,,
2H42,target_not_in_hdf5,,,,,,,,,,,
2H4G,target_not_in_hdf5,,,,,,,,,,,
2H4K,target_not_in_hdf5,,,,,,,,,,,
2H4N,target_not_in_hdf5,,,,,,,,,,,
2H5A,target_not_in_hdf5,,,,,,,,,,,
2H5D,target_not_in_hdf5,,,,,,,,,,,
2H5E,target_not_in_hdf5,,,,,,,,,,,
2H5I,target_not_in_hdf5,,,,,,,,,,,
2H5J,target_not_in_hdf5,,,,,,,,,,,
2H65,target_not_in_hdf5,,,,,,,,,,,
2H6B,target_not_in_hdf5,,,,,,,,,,,
2H6K,target_not_in_hdf5,,,,,,,,,,,
2H6T,target_not_in_hdf5,,,,,,,,,,,
2H96,target_not_in_hdf5,,,,,,,,,,,
2H9M,target_not_in_hdf5,,,,,,,,,,,
2H9N,target_not_in_hdf5,,,,,,,,,,,
2H9P,target_not_in_hdf5,,,,,,,,,,,
2H9T,target_not_in_hdf5,,,,,,,,,,,
2HA0,target_not_in_hdf5,,,,,,,,,,,
2HA2,target_not_in_hdf5,,,,,,,,,,,
2HA3,target_not_in_hdf5,,,,,,,,,,,
2HA4,target_not_in_hdf5,,,,,,,,,,,
2HA5,target_not_in_hdf5,,,,,,,,,,,
2HA6,target_not_in_hdf5,,,,,,,,,,,
2HA7,target_not_in_hdf5,,,,,,,,,,,
2HAH,target_not_in_hdf5,,,,,,,,,,,
2HAI,target_not_in_hdf5,,,,,,,,,,,
2HAW,target_not_in_hdf5,,,,,,,,,,,
2HB1,target_not_in_hdf5,,,,,,,,,,,
2HD1,target_not_in_hdf5,,,,,,,,,,,
2HDQ,target_not_in_hdf5,,,,,,,,,,,
2HDS,target_not_in_hdf5,,,,,,,,,,,
2HF8,target_not_in_hdf5,,,,,,,,,,,
2HH5,target_not_in_hdf5,,,,,,,,,,,
2HHA,target_not_in_hdf5,,,,,,,,,,,
2HIW,target_not_in_hdf5,,,,,,,,,,,
2HJB,target_not_in_hdf5,,,,,,,,,,,
2HKF,target_not_in_hdf5,,,,,,,,,,,
2HM1,target_not_in_hdf5,,,,,,,,,,,
2HMB,target_not_in_hdf5,,,,,,,,,,,
2HMU,target_not_in_hdf5,,,,,,,,,,,
2HMV,target_not_in_hdf5,,,,,,,,,,,
2HMW,target_not_in_hdf5,,,,,,,,,,,
2HNC,target_not_in_hdf5,,,,,,,,,,,
2HNX,target_not_in_hdf5,,,,,,,,,,,
2HNY,target_not_in_hdf5,,,,,,,,,,,
2HOB,target_not_in_hdf5,,,,,,,,,,,
2HOC,target_not_in_hdf5,,,,,,,,,,,
2HOG,target_not_in_hdf5,,,,,,,,,,,
2HQU,target_not_in_hdf5,,,,,,,,,,,
2HR6,target_not_in_hdf5,,,,,,,,,,,
2HRM,target_not_in_hdf5,,,,,,,,,,,
2HVX,target_not_in_hdf5,,,,,,,,,,,
2HW2,target_not_in_hdf5,,,,,,,,,,,
2HWG,target_not_in_hdf5,,,,,,,,,,,
2HWP,target_not_in_hdf5,,,,,,,,,,,
2HYY,target_not_in_hdf5,,,,,,,,,,,
2HZ0,target_not_in_hdf5,,,,,,,,,,,
2HZ4,target_not_in_hdf5,,,,,,,,,,,
2HZI,target_not_in_hdf5,,,,,,,,,,,
2HZL,target_not_in_hdf5,,,,,,,,,,,
2HZN,target_not_in_hdf5,,,,,,,,,,,
2HZY,target_not_in_hdf5,,,,,,,,,,,
2I0G,target_not_in_hdf5,,,,,,,,,,,
2I0H,target_not_in_hdf5,,,,,,,,,,,
2I0V,target_not_in_hdf5,,,,,,,,,,,
2I0Y,target_not_in_hdf5,,,,,,,,,,,
2I1M,target_not_in_hdf5,,,,,,,,,,,
2I2C,target_not_in_hdf5,,,,,,,,,,,
2I3H,target_not_in_hdf5,,,,,,,,,,,
2I3I,target_not_in_hdf5,,,,,,,,,,,
2I3V,target_not_in_hdf5,,,,,,,,,,,
2I3Z,target_not_in_hdf5,,,,,,,,,,,
2I40,target_not_in_hdf5,,,,,,,,,,,
2I4T,target_not_in_hdf5,,,,,,,,,,,
2I4W,target_not_in_hdf5,,,,,,,,,,,
2I5F,target_not_in_hdf5,,,,,,,,,,,
2I5J,target_not_in_hdf5,,,,,,,,,,,
2I6B,target_not_in_hdf5,,,,,,,,,,,
2I72,target_not_in_hdf5,,,,,,,,,,,
2IDK,target_not_in_hdf5,,,,,,,,,,,
2IE4,target_not_in_hdf5,,,,,,,,,,,
2IG0,target_not_in_hdf5,,,,,,,,,,,
2IGV,target_not_in_hdf5,,,,,,,,,,,
2IGW,target_not_in_hdf5,,,,,,,,,,,
2IGX,target_not_in_hdf5,,,,,,,,,,,
2IHJ,target_not_in_hdf5,,,,,,,,,,,
2IHQ,target_not_in_hdf5,,,,,,,,,,,
2IIT,target_not_in_hdf5,,,,,,,,,,,
2IIV,target_not_in_hdf5,,,,,,,,,,,
2IMA,target_not_in_hdf5,,,,,,,,,,,
2IMD,target_not_in_hdf5,,,,,,,,,,,
2IO6,target_not_in_hdf5,,,,,,,,,,,
2IOA,target_not_in_hdf5,,,,,,,,,,,
2IOK,target_not_in_hdf5,,,,,,,,,,,
2IPO,target_not_in_hdf5,,,,,,,,,,,
2IRZ,target_not_in_hdf5,,,,,,,,,,,
2ISC,target_not_in_hdf5,,,,,,,,,,,
2ISV,target_not_in_hdf5,,,,,,,,,,,
2ISW,target_not_in_hdf5,,,,,,,,,,,
2IT4,target_not_in_hdf5,,,,,,,,,,,
2ITO,target_not_in_hdf5,,,,,,,,,,,
2ITY,target_not_in_hdf5,,,,,,,,,,,
2ITZ,target_not_in_hdf5,,,,,,,,,,,
2IU0,target_not_in_hdf5,,,,,,,,,,,
2IV9,target_not_in_hdf5,,,,,,,,,,,
2IVU,target_not_in_hdf5,,,,,,,,,,,
2IVZ,target_not_in_hdf5,,,,,,,,,,,
2IW6,target_not_in_hdf5,,,,,,,,,,,
2IYF,target_not_in_hdf5,,,,,,,,,,,
2IZL,target_not_in_hdf5,,,,,,,,,,,
2IZX,target_not_in_hdf5,,,,,,,,,,,
2J27,target_not_in_hdf5,,,,,,,,,,,
2J2U,target_not_in_hdf5,,,,,,,,,,,
2J34,target_not_in_hdf5,,,,,,,,,,,
2J47,target_not_in_hdf5,,,,,,,,,,,
2J4A,target_not_in_hdf5,,,,,,,,,,,
2J4G,target_not_in_hdf5,,,,,,,,,,,
2J4I,target_not_in_hdf5,,,,,,,,,,,
2J4K,target_not_in_hdf5,,,,,,,,,,,
2J4Q,target_not_in_hdf5,,,,,,,,,,,
2J4Z,target_not_in_hdf5,,,,,,,,,,,
2J50,target_not_in_hdf5,,,,,,,,,,,
2J62,target_not_in_hdf5,,,,,,,,,,,
2J75,target_not_in_hdf5,,,,,,,,,,,
2J77,target_not_in_hdf5,,,,,,,,,,,
2J78,target_not_in_hdf5,,,,,,,,,,,
2J79,target_not_in_hdf5,,,,,,,,,,,
2J7B,target_not_in_hdf5,,,,,,,,,,,
2J7D,target_not_in_hdf5,,,,,,,,,,,
2J7E,target_not_in_hdf5,,,,,,,,,,,
2J7F,target_not_in_hdf5,,,,,,,,,,,
2J7G,target_not_in_hdf5,,,,,,,,,,,
2J7H,target_not_in_hdf5,,,,,,,,,,,
2J7W,target_not_in_hdf5,,,,,,,,,,,
2J7X,target_not_in_hdf5,,,,,,,,,,,
2J83,target_not_in_hdf5,,,,,,,,,,,
2J87,target_not_in_hdf5,,,,,,,,,,,
2J94,target_not_in_hdf5,,,,,,,,,,,
2J95,target_not_in_hdf5,,,,,,,,,,,
2J9A,target_not_in_hdf5,,,,,,,,,,,
2J9H,target_not_in_hdf5,,,,,,,,,,,
2J9L,target_not_in_hdf5,,,,,,,,,,,
2JA3,target_not_in_hdf5,,,,,,,,,,,
2JAL,target_not_in_hdf5,,,,,,,,,,,
2JBK,target_not_in_hdf5,,,,,,,,,,,
2JBL,target_not_in_hdf5,,,,,,,,,,,
2JBO,target_not_in_hdf5,,,,,,,,,,,
2JBU,target_not_in_hdf5,,,,,,,,,,,
2JC0,target_not_in_hdf5,,,,,,,,,,,
2JDH,target_not_in_hdf5,,,,,,,,,,,
2JDL,target_not_in_hdf5,,,,,,,,,,,
2JDM,target_not_in_hdf5,,,,,,,,,,,
2JDN,target_not_in_hdf5,,,,,,,,,,,
2JDO,target_not_in_hdf5,,,,,,,,,,,
2JDP,target_not_in_hdf5,,,,,,,,,,,
2JDT,target_not_in_hdf5,,,,,,,,,,,
2JDU,target_not_in_hdf5,,,,,,,,,,,
2JDY,target_not_in_hdf5,,,,,,,,,,,
2JEW,target_not_in_hdf5,,,,,,,,,,,
2JF4,target_not_in_hdf5,,,,,,,,,,,
2JFH,target_not_in_hdf5,,,,,,,,,,,
2JG0,target_not_in_hdf5,,,,,,,,,,,
2JG8,target_not_in_hdf5,,,,,,,,,,,
2JGS,target_not_in_hdf5,,,,,,,,,,,
2JH0,target_not_in_hdf5,,,,,,,,,,,
2JH5,target_not_in_hdf5,,,,,,,,,,,
2JH6,target_not_in_hdf5,,,,,,,,,,,
2JIW,target_not_in_hdf5,,,,,,,,,,,
2JJ3,target_not_in_hdf5,,,,,,,,,,,
2JJB,target_not_in_hdf5,,,,,,,,,,,
2JJK,target_not_in_hdf5,,,,,,,,,,,
2JJR,target_not_in_hdf5,,,,,,,,,,,
2JK9,target_not_in_hdf5,,,,,,,,,,,
2JKE,target_not_in_hdf5,,,,,,,,,,,
2JKH,target_not_in_hdf5,,,,,,,,,,,
2JKO,target_not_in_hdf5,,,,,,,,,,,
2JKP,target_not_in_hdf5,,,,,,,,,,,
2JKQ,target_not_in_hdf5,,,,,,,,,,,
2JNP,target_not_in_hdf5,,,,,,,,,,,
2JO9,target_not_in_hdf5,,,,,,,,,,,
2JOA,target_not_in_hdf5,,,,,,,,,,,
2JQ9,target_not_in_hdf5,,,,,,,,,,,
2JQI,target_not_in_hdf5,,,,,,,,,,,
2JQK,target_not_in_hdf5,,,,,,,,,,,
2JQL,target_not_in_hdf5,,,,,,,,,,,
2JSD,target_not_in_hdf5,,,,,,,,,,,
2JST,target_not_in_hdf5,,,,,,,,,,,
2JUP,target_not_in_hdf5,,,,,,,,,,,
2JXR,target_not_in_hdf5,,,,,,,,,,,
2K00,target_not_in_hdf5,,,,,,,,,,,
2K0G,target_not_in_hdf5,,,,,,,,,,,
2K0X,target_not_in_hdf5,,,,,,,,,,,
2K1Q,target_not_in_hdf5,,,,,,,,,,,
2K2G,target_not_in_hdf5,,,,,,,,,,,
2K2R,target_not_in_hdf5,,,,,,,,,,,
2K3W,target_not_in_hdf5,,,,,,,,,,,
2K46,target_not_in_hdf5,,,,,,,,,,,
2K4I,target_not_in_hdf5,,,,,,,,,,,
2KBR,target_not_in_hdf5,,,,,,,,,,,
2KBS,target_not_in_hdf5,,,,,,,,,,,
2KDH,target_not_in_hdf5,,,,,,,,,,,
2KE1,target_not_in_hdf5,,,,,,,,,,,
2KGI,target_not_in_hdf5,,,,,,,,,,,
2KHH,target_not_in_hdf5,,,,,,,,,,,
2KNH,target_not_in_hdf5,,,,,,,,,,,
2KO7,target_not_in_hdf5,,,,,,,,,,,
2KOH,target_not_in_hdf5,,,,,,,,,,,
2KP8,target_not_in_hdf5,,,,,,,,,,,
2KS9,target_not_in_hdf5,,,,,,,,,,,
2KSP,target_not_in_hdf5,,,,,,,,,,,
2KUP,target_not_in_hdf5,,,,,,,,,,,
2KVM,target_not_in_hdf5,,,,,,,,,,,
2L0I,target_not_in_hdf5,,,,,,,,,,,
2L12,target_not_in_hdf5,,,,,,,,,,,
2L1B,target_not_in_hdf5,,,,,,,,,,,
2L3R,target_not_in_hdf5,,,,,,,,,,,
2L6E,target_not_in_hdf5,,,,,,,,,,,
2L6J,target_not_in_hdf5,,,,,,,,,,,
2L7U,target_not_in_hdf5,,,,,,,,,,,
2L8J,target_not_in_hdf5,,,,,,,,,,,
2L98,target_not_in_hdf5,,,,,,,,,,,
2LAS,target_not_in_hdf5,,,,,,,,,,,
2LBM,target_not_in_hdf5,,,,,,,,,,,
2LBV,target_not_in_hdf5,,,,,,,,,,,
2LCS,target_not_in_hdf5,,,,,,,,,,,
2LCT,target_not_in_hdf5,,,,,,,,,,,
2LHA,target_not_in_hdf5,,,,,,,,,,,
2LIQ,target_not_in_hdf5,,,,,,,,,,,
2LKK,target_not_in_hdf5,,,,,,,,,,,
2LKO,target_not_in_hdf5,,,,,,,,,,,
2LL6,target_not_in_hdf5,,,,,,,,,,,
2LL7,target_not_in_hdf5,,,,,,,,,,,
2LPR,target_not_in_hdf5,,,,,,,,,,,
2LSR,target_not_in_hdf5,,,,,,,,,,,
2LSV,target_not_in_hdf5,,,,,,,,,,,
2LTV,target_not_in_hdf5,,,,,,,,,,,
2LTW,target_not_in_hdf5,,,,,,,,,,,
2LTX,target_not_in_hdf5,,,,,,,,,,,
2LTY,target_not_in_hdf5,,,,,,,,,,,
2LY0,target_not_in_hdf5,,,,,,,,,,,
2LYA,target_not_in_hdf5,,,,,,,,,,,
2LYB,target_not_in_hdf5,,,,,,,,,,,
2M0O,target_not_in_hdf5,,,,,,,,,,,
2M0V,target_not_in_hdf5,,,,,,,,,,,
2M3O,target_not_in_hdf5,,,,,,,,,,,
2M41,target_not_in_hdf5,,,,,,,,,,,
2MAS,target_not_in_hdf5,,,,,,,,,,,
2MC1,target_not_in_hdf5,,,,,,,,,,,
2MG5,target_not_in_hdf5,,,,,,,,,,,
2MIP,target_not_in_hdf5,,,,,,,,,,,
2MJI,target_not_in_hdf5,,,,,,,,,,,
2MKR,target_not_in_hdf5,,,,,,,,,,,
2MLM,target_not_in_hdf5,,,,,,,,,,,
2MNZ,target_not_in_hdf5,,,,,,,,,,,
2MOW,target_not_in_hdf5,,,,,,,,,,,
2MPS,target_not_in_hdf5,,,,,,,,,,,
2MS4,target_not_in_hdf5,,,,,,,,,,,
2MWY,target_not_in_hdf5,,,,,,,,,,,
2N0U,target_not_in_hdf5,,,,,,,,,,,
2N27,target_not_in_hdf5,,,,,,,,,,,
2N3K,target_not_in_hdf5,,,,,,,,,,,
2N8T,target_not_in_hdf5,,,,,,,,,,,
2N9E,target_not_in_hdf5,,,,,,,,,,,
2N9X,target_not_in_hdf5,,,,,,,,,,,
2NCZ,target_not_in_hdf5,,,,,,,,,,,
2ND0,target_not_in_hdf5,,,,,,,,,,,
2NDF,target_not_in_hdf5,,,,,,,,,,,
2NDG,target_not_in_hdf5,,,,,,,,,,,
2NDO,target_not_in_hdf5,,,,,,,,,,,
2NM1,target_not_in_hdf5,,,,,,,,,,,
2NN8,target_not_in_hdf5,,,,,,,,,,,
2NND,target_not_in_hdf5,,,,,,,,,,,
2NNG,target_not_in_hdf5,,,,,,,,,,,
2NNK,target_not_in_hdf5,,,,,,,,,,,
2NNP,target_not_in_hdf5,,,,,,,,,,,
2NNS,target_not_in_hdf5,,,,,,,,,,,
2NP9,target_not_in_hdf5,,,,,,,,,,,
2NQ6,target_not_in_hdf5,,,,,,,,,,,
2NQ7,target_not_in_hdf5,,,,,,,,,,,
2NSJ,target_not_in_hdf5,,,,,,,,,,,
2NSL,target_not_in_hdf5,,,,,,,,,,,
2NSX,target_not_in_hdf5,,,,,,,,,,,
2NT7,target_not_in_hdf5,,,,,,,,,,,
2NTA,target_not_in_hdf5,,,,,,,,,,,
2NTF,target_not_in_hdf5,,,,,,,,,,,
2NV7,target_not_in_hdf5,,,,,,,,,,,
2NW4,target_not_in_hdf5,,,,,,,,,,,
2NWL,target_not_in_hdf5,,,,,,,,,,,
2NWN,target_not_in_hdf5,,,,,,,,,,,
2NWW,target_not_in_hdf5,,,,,,,,,,,
2NXD,target_not_in_hdf5,,,,,,,,,,,
2NYR,target_not_in_hdf5,,,,,,,,,,,
2O1C,target_not_in_hdf5,,,,,,,,,,,
2O1V,target_not_in_hdf5,,,,,,,,,,,
2O2U,target_not_in_hdf5,,,,,,,,,,,
2O3P,target_not_in_hdf5,,,,,,,,,,,
2O3Z,target_not_in_hdf5,,,,,,,,,,,
2O4H,target_not_in_hdf5,,,,,,,,,,,
2O4J,target_not_in_hdf5,,,,,,,,,,,
2O4R,target_not_in_hdf5,,,,,,,,,,,
2O4S,target_not_in_hdf5,,,,,,,,,,,
2O4Z,target_not_in_hdf5,,,,,,,,,,,
2O63,target_not_in_hdf5,,,,,,,,,,,
2O65,target_not_in_hdf5,,,,,,,,,,,
2O7V,target_not_in_hdf5,,,,,,,,,,,
2O9A,target_not_in_hdf5,,,,,,,,,,,
2O9I,target_not_in_hdf5,,,,,,,,,,,
2O9J,target_not_in_hdf5,,,,,,,,,,,
2O9R,target_not_in_hdf5,,,,,,,,,,,
2O9V,target_not_in_hdf5,,,,,,,,,,,
2OA0,target_not_in_hdf5,,,,,,,,,,,
2OAX,target_not_in_hdf5,,,,,,,,,,,
2OBF,target_not_in_hdf5,,,,,,,,,,,
2OBO,target_not_in_hdf5,,,,,,,,,,,
2OC0,target_not_in_hdf5,,,,,,,,,,,
2OC1,target_not_in_hdf5,,,,,,,,,,,
2OC4,target_not_in_hdf5,,,,,,,,,,,
2OC7,target_not_in_hdf5,,,,,,,,,,,
2OC9,target_not_in_hdf5,,,,,,,,,,,
2ODD,target_not_in_hdf5,,,,,,,,,,,
2OEI,target_not_in_hdf5,,,,,,,,,,,
2OF2,target_not_in_hdf5,,,,,,,,,,,
2OFF,target_not_in_hdf5,,,,,,,,,,,
2OGY,target_not_in_hdf5,,,,,,,,,,,
2OHK,target_not_in_hdf5,,,,,,,,,,,
2OHM,target_not_in_hdf5,,,,,,,,,,,
2OHP,target_not_in_hdf5,,,,,,,,,,,
2OHQ,target_not_in_hdf5,,,,,,,,,,,
2OHT,target_not_in_hdf5,,,,,,,,,,,
2OHU,target_not_in_hdf5,,,,,,,,,,,
2OHV,target_not_in_hdf5,,,,,,,,,,,
2OI0,target_not_in_hdf5,,,,,,,,,,,
2OI2,target_not_in_hdf5,,,,,,,,,,,
2OI3,target_not_in_hdf5,,,,,,,,,,,
2OI9,target_not_in_hdf5,,,,,,,,,,,
2OIQ,target_not_in_hdf5,,,,,,,,,,,
2OJ9,target_not_in_hdf5,,,,,,,,,,,
2OJG,target_not_in_hdf5,,,,,,,,,,,
2OJI,target_not_in_hdf5,,,,,,,,,,,
2OJJ,target_not_in_hdf5,,,,,,,,,,,
2OLB,target_not_in_hdf5,,,,,,,,,,,
2OLE,target_not_in_hdf5,,,,,,,,,,,
2ON3,target_not_in_hdf5,,,,,,,,,,,
2ON6,target_not_in_hdf5,,,,,,,,,,,
2ONB,target_not_in_hdf5,,,,,,,,,,,
2OOZ,target_not_in_hdf5,,,,,,,,,,,
2OP3,target_not_in_hdf5,,,,,,,,,,,
2OP9,target_not_in_hdf5,,,,,,,,,,,
2OPB,target_not_in_hdf5,,,,,,,,,,,
2OPH,target_not_in_hdf5,,,,,,,,,,,
2OQ6,target_not_in_hdf5,,,,,,,,,,,
2OQI,target_not_in_hdf5,,,,,,,,,,,
2OR4,target_not_in_hdf5,,,,,,,,,,,
2OR9,target_not_in_hdf5,,,,,,,,,,,
2ORK,target_not_in_hdf5,,,,,,,,,,,
2OS9,target_not_in_hdf5,,,,,,,,,,,
2OSM,target_not_in_hdf5,,,,,,,,,,,
2OT1,target_not_in_hdf5,,,,,,,,,,,
2OV4,target_not_in_hdf5,,,,,,,,,,,
2OVQ,target_not_in_hdf5,,,,,,,,,,,
2OVV,target_not_in_hdf5,,,,,,,,,,,
2OVY,target_not_in_hdf5,,,,,,,,,,,
2OW2,target_not_in_hdf5,,,,,,,,,,,
2OW6,target_not_in_hdf5,,,,,,,,,,,
2OW7,target_not_in_hdf5,,,,,,,,,,,
2OW9,target_not_in_hdf5,,,,,,,,,,,
2OXD,target_not_in_hdf5,,,,,,,,,,,
2OXN,target_not_in_hdf5,,,,,,,,,,,
2OXX,target_not_in_hdf5,,,,,,,,,,,
2OXY,target_not_in_hdf5,,,,,,,,,,,
2OYK,target_not_in_hdf5,,,,,,,,,,,
2OYL,target_not_in_hdf5,,,,,,,,,,,
2OZ2,target_not_in_hdf5,,,,,,,,,,,
2OZ7,target_not_in_hdf5,,,,,,,,,,,
2P09,target_not_in_hdf5,,,,,,,,,,,
2P0D,target_not_in_hdf5,,,,,,,,,,,
2P0X,target_not_in_hdf5,,,,,,,,,,,
2P15,target_not_in_hdf5,,,,,,,,,,,
2P1C,target_not_in_hdf5,,,,,,,,,,,
2P2A,target_not_in_hdf5,,,,,,,,,,,
2P3A,target_not_in_hdf5,,,,,,,,,,,
2P3C,target_not_in_hdf5,,,,,,,,,,,
2P3G,target_not_in_hdf5,,,,,,,,,,,
2P3I,target_not_in_hdf5,,,,,,,,,,,
2P4J,target_not_in_hdf5,,,,,,,,,,,
2P4S,target_not_in_hdf5,,,,,,,,,,,
2P4Y,target_not_in_hdf5,,,,,,,,,,,
2P53,target_not_in_hdf5,,,,,,,,,,,
2P7A,target_not_in_hdf5,,,,,,,,,,,
2P7G,target_not_in_hdf5,,,,,,,,,,,
2P93,target_not_in_hdf5,,,,,,,,,,,
2P94,target_not_in_hdf5,,,,,,,,,,,
2P99,target_not_in_hdf5,,,,,,,,,,,
2P9A,target_not_in_hdf5,,,,,,,,,,,
2PAX,target_not_in_hdf5,,,,,,,,,,,
2PBW,target_not_in_hdf5,,,,,,,,,,,
2PEH,target_not_in_hdf5,,,,,,,,,,,
2PEM,target_not_in_hdf5,,,,,,,,,,,
2PFY,target_not_in_hdf5,,,,,,,,,,,
2PG2,target_not_in_hdf5,,,,,,,,,,,
2PH6,target_not_in_hdf5,,,,,,,,,,,
2PH8,target_not_in_hdf5,,,,,,,,,,,
2PH9,target_not_in_hdf5,,,,,,,,,,,
2PHB,target_not_in_hdf5,,,,,,,,,,,
2PIY,target_not_in_hdf5,,,,,,,,,,,
2PIZ,target_not_in_hdf5,,,,,,,,,,,
2PJ0,target_not_in_hdf5,,,,,,,,,,,
2PJ1,target_not_in_hdf5,,,,,,,,,,,
2PJ2,target_not_in_hdf5,,,,,,,,,,,
2PJ3,target_not_in_hdf5,,,,,,,,,,,
2PJ4,target_not_in_hdf5,,,,,,,,,,,
2PJ5,target_not_in_hdf5,,,,,,,,,,,
2PJ6,target_not_in_hdf5,,,,,,,,,,,
2PJ7,target_not_in_hdf5,,,,,,,,,,,
2PJ8,target_not_in_hdf5,,,,,,,,,,,
2PJ9,target_not_in_hdf5,,,,,,,,,,,
2PJA,target_not_in_hdf5,,,,,,,,,,,
2PJC,target_not_in_hdf5,,,,,,,,,,,
2PJL,target_not_in_hdf5,,,,,,,,,,,
2PMC,target_not_in_hdf5,,,,,,,,,,,
2PMK,target_not_in_hdf5,,,,,,,,,,,
2PNX,target_not_in_hdf5,,,,,,,,,,,
2POQ,target_not_in_hdf5,,,,,,,,,,,
2POU,target_not_in_hdf5,,,,,,,,,,,
2PQ9,target_not_in_hdf5,,,,,,,,,,,
2PQB,target_not_in_hdf5,,,,,,,,,,,
2PQC,target_not_in_hdf5,,,,,,,,,,,
2PQJ,target_not_in_hdf5,,,,,,,,,,,
2PQL,target_not_in_hdf5,,,,,,,,,,,
2PR9,target_not_in_hdf5,,,,,,,,,,,
2PRI,target_not_in_hdf5,,,,,,,,,,,
2PRJ,target_not_in_hdf5,,,,,,,,,,,
2PSV,target_not_in_hdf5,,,,,,,,,,,
2PSX,target_not_in_hdf5,,,,,,,,,,,
2PTZ,target_not_in_hdf5,,,,,,,,,,,
2PU0,target_not_in_hdf5,,,,,,,,,,,
2PU1,target_not_in_hdf5,,,,,,,,,,,
2PU2,target_not_in_hdf5,,,,,,,,,,,
2PUY,target_not_in_hdf5,,,,,,,,,,,
2PV1,target_not_in_hdf5,,,,,,,,,,,
2PV2,target_not_in_hdf5,,,,,,,,,,,
2PV3,target_not_in_hdf5,,,,,,,,,,,
2PVH,target_not_in_hdf5,,,,,,,,,,,
2PVJ,target_not_in_hdf5,,,,,,,,,,,
2PVK,target_not_in_hdf5,,,,,,,,,,,
2PVL,target_not_in_hdf5,,,,,,,,,,,
2PVM,target_not_in_hdf5,,,,,,,,,,,
2PVN,target_not_in_hdf5,,,,,,,,,,,
2PVU,target_not_in_hdf5,,,,,,,,,,,
2PVV,target_not_in_hdf5,,,,,,,,,,,
2PWD,target_not_in_hdf5,,,,,,,,,,,
2PWG,target_not_in_hdf5,,,,,,,,,,,
2PWR,target_not_in_hdf5,,,,,,,,,,,
2PY4,target_not_in_hdf5,,,,,,,,,,,
2PYI,target_not_in_hdf5,,,,,,,,,,,
2PYN,target_not_in_hdf5,,,,,,,,,,,
2PYY,target_not_in_hdf5,,,,,,,,,,,
2PZE,target_not_in_hdf5,,,,,,,,,,,
2PZI,target_not_in_hdf5,,,,,,,,,,,
2Q1L,target_not_in_hdf5,,,,,,,,,,,
2Q2A,target_not_in_hdf5,,,,,,,,,,,
2Q2C,target_not_in_hdf5,,,,,,,,,,,
2Q2Y,target_not_in_hdf5,,,,,,,,,,,
2Q2Z,target_not_in_hdf5,,,,,,,,,,,
2Q38,target_not_in_hdf5,,,,,,,,,,,
2Q3Z,target_not_in_hdf5,,,,,,,,,,,
2Q54,target_not_in_hdf5,,,,,,,,,,,
2Q5K,target_not_in_hdf5,,,,,,,,,,,
2Q63,target_not_in_hdf5,,,,,,,,,,,
2Q64,target_not_in_hdf5,,,,,,,,,,,
2Q6F,target_not_in_hdf5,,,,,,,,,,,
2Q6H,target_not_in_hdf5,,,,,,,,,,,
2Q72,target_not_in_hdf5,,,,,,,,,,,
2Q7O,target_not_in_hdf5,,,,,,,,,,,
2Q7Q,target_not_in_hdf5,,,,,,,,,,,
2Q7Y,target_not_in_hdf5,,,,,,,,,,,
2Q80,target_not_in_hdf5,,,,,,,,,,,
2Q88,target_not_in_hdf5,,,,,,,,,,,
2Q89,target_not_in_hdf5,,,,,,,,,,,
2Q8H,target_not_in_hdf5,,,,,,,,,,,
2Q8I,target_not_in_hdf5,,,,,,,,,,,
2Q8S,target_not_in_hdf5,,,,,,,,,,,
2Q8Z,target_not_in_hdf5,,,,,,,,,,,
2Q93,target_not_in_hdf5,,,,,,,,,,,
2Q94,target_not_in_hdf5,,,,,,,,,,,
2Q96,target_not_in_hdf5,,,,,,,,,,,
2Q9M,target_not_in_hdf5,,,,,,,,,,,
2Q9N,target_not_in_hdf5,,,,,,,,,,,
2Q9Y,target_not_in_hdf5,,,,,,,,,,,
2QAF,target_not_in_hdf5,,,,,,,,,,,
2QBQ,target_not_in_hdf5,,,,,,,,,,,
2QBS,target_not_in_hdf5,,,,,,,,,,,
2QBW,target_not_in_hdf5,,,,,,,,,,,
2QBX,target_not_in_hdf5,,,,,,,,,,,
2QC6,target_not_in_hdf5,,,,,,,,,,,
2QCD,target_not_in_hdf5,,,,,,,,,,,
2QCF,target_not_in_hdf5,,,,,,,,,,,
2QCG,target_not_in_hdf5,,,,,,,,,,,
2QCI,target_not_in_hdf5,,,,,,,,,,,
2QCM,target_not_in_hdf5,,,,,,,,,,,
2QCN,target_not_in_hdf5,,,,,,,,,,,
2QD6,target_not_in_hdf5,,,,,,,,,,,
2QD9,target_not_in_hdf5,,,,,,,,,,,
2QDT,target_not_in_hdf5,,,,,,,,,,,
2QE2,target_not_in_hdf5,,,,,,,,,,,
2QF6,target_not_in_hdf5,,,,,,,,,,,
2QFO,target_not_in_hdf5,,,,,,,,,,,
2QG0,target_not_in_hdf5,,,,,,,,,,,
2QG2,target_not_in_hdf5,,,,,,,,,,,
2QH6,target_not_in_hdf5,,,,,,,,,,,
2QHC,target_not_in_hdf5,,,,,,,,,,,
2QHN,target_not_in_hdf5,,,,,,,,,,,
2QHY,target_not_in_hdf5,,,,,,,,,,,
2QHZ,target_not_in_hdf5,,,,,,,,,,,
2QI0,target_not_in_hdf5,,,,,,,,,,,
2QI1,target_not_in_hdf5,,,,,,,,,,,
2QI3,target_not_in_hdf5,,,,,,,,,,,
2QI5,target_not_in_hdf5,,,,,,,,,,,
2QIC,target_not_in_hdf5,,,,,,,,,,,
2QIQ,target_not_in_hdf5,,,,,,,,,,,
2QJU,target_not_in_hdf5,,,,,,,,,,,
2QK5,target_not_in_hdf5,,,,,,,,,,,
2QKY,target_not_in_hdf5,,,,,,,,,,,
2QL5,target_not_in_hdf5,,,,,,,,,,,
2QL7,target_not_in_hdf5,,,,,,,,,,,
2QL9,target_not_in_hdf5,,,,,,,,,,,
2QLB,target_not_in_hdf5,,,,,,,,,,,
2QLF,target_not_in_hdf5,,,,,,,,,,,
2QLJ,target_not_in_hdf5,,,,,,,,,,,
2QLM,target_not_in_hdf5,,,,,,,,,,,
2QLN,target_not_in_hdf5,,,,,,,,,,,
2QM7,target_not_in_hdf5,,,,,,,,,,,
2QMD,target_not_in_hdf5,,,,,,,,,,,
2QMF,target_not_in_hdf5,,,,,,,,,,,
2QMJ,target_not_in_hdf5,,,,,,,,,,,
2QN1,target_not_in_hdf5,,,,,,,,,,,
2QN2,target_not_in_hdf5,,,,,,,,,,,
2QN3,target_not_in_hdf5,,,,,,,,,,,
2QNB,target_not_in_hdf5,,,,,,,,,,,
2QNN,target_not_in_hdf5,,,,,,,,,,,
2QNX,target_not_in_hdf5,,,,,,,,,,,
2QNZ,target_not_in_hdf5,,,,,,,,,,,
2QO1,target_not_in_hdf5,,,,,,,,,,,
2QO8,target_not_in_hdf5,,,,,,,,,,,
2QOA,target_not_in_hdf5,,,,,,,,,,,
2QOE,target_not_in_hdf5,,,,,,,,,,,
2QOH,target_not_in_hdf5,,,,,,,,,,,
2QP8,target_not_in_hdf5,,,,,,,,,,,
2QPJ,target_not_in_hdf5,,,,,,,,,,,
2QPQ,target_not_in_hdf5,,,,,,,,,,,
2QPU,target_not_in_hdf5,,,,,,,,,,,
2QRH,target_not_in_hdf5,,,,,,,,,,,
2QRK,target_not_in_hdf5,,,,,,,,,,,
2QRL,target_not_in_hdf5,,,,,,,,,,,
2QRM,target_not_in_hdf5,,,,,,,,,,,
2QRP,target_not_in_hdf5,,,,,,,,,,,
2QRQ,target_not_in_hdf5,,,,,,,,,,,
2QT5,target_not_in_hdf5,,,,,,,,,,,
2QT9,target_not_in_hdf5,,,,,,,,,,,
2QTB,target_not_in_hdf5,,,,,,,,,,,
2QTG,target_not_in_hdf5,,,,,,,,,,,
2QTT,target_not_in_hdf5,,,,,,,,,,,
2QU6,target_not_in_hdf5,,,,,,,,,,,
2QV7,target_not_in_hdf5,,,,,,,,,,,
2QVE,target_not_in_hdf5,,,,,,,,,,,
2QW1,target_not_in_hdf5,,,,,,,,,,,
2QWB,target_not_in_hdf5,,,,,,,,,,,
2QWC,target_not_in_hdf5,,,,,,,,,,,
2QWD,target_not_in_hdf5,,,,,,,,,,,
2QWE,target_not_in_hdf5,,,,,,,,,,,
2QWF,target_not_in_hdf5,,,,,,,,,,,
2QWG,target_not_in_hdf5,,,,,,,,,,,
2QX0,target_not_in_hdf5,,,,,,,,,,,
2QZK,target_not_in_hdf5,,,,,,,,,,,
2QZL,target_not_in_hdf5,,,,,,,,,,,
2QZR,target_not_in_hdf5,,,,,,,,,,,
2QZX,target_not_in_hdf5,,,,,,,,,,,
2R03,target_not_in_hdf5,,,,,,,,,,,
2R0H,target_not_in_hdf5,,,,,,,,,,,
2R0U,target_not_in_hdf5,,,,,,,,,,,
2R0Y,target_not_in_hdf5,,,,,,,,,,,
2R1W,target_not_in_hdf5,,,,,,,,,,,
2R1X,target_not_in_hdf5,,,,,,,,,,,
2R1Y,target_not_in_hdf5,,,,,,,,,,,
2R23,target_not_in_hdf5,,,,,,,,,,,
2R2B,target_not_in_hdf5,,,,,,,,,,,
2R3C,target_not_in_hdf5,,,,,,,,,,,
2R3F,target_not_in_hdf5,,,,,,,,,,,
2R3G,target_not_in_hdf5,,,,,,,,,,,
2R3H,target_not_in_hdf5,,,,,,,,,,,
2R3J,target_not_in_hdf5,,,,,,,,,,,
2R3K,target_not_in_hdf5,,,,,,,,,,,
2R3M,target_not_in_hdf5,,,,,,,,,,,
2R3N,target_not_in_hdf5,,,,,,,,,,,
2R3O,target_not_in_hdf5,,,,,,,,,,,
2R3P,target_not_in_hdf5,,,,,,,,,,,
2R3T,target_not_in_hdf5,,,,,,,,,,,
2R3Y,target_not_in_hdf5,,,,,,,,,,,
2R4B,target_not_in_hdf5,,,,,,,,,,,
2R4F,target_not_in_hdf5,,,,,,,,,,,
2R58,target_not_in_hdf5,,,,,,,,,,,
2R5A,target_not_in_hdf5,,,,,,,,,,,
2R5Q,target_not_in_hdf5,,,,,,,,,,,
2R6F,target_not_in_hdf5,,,,,,,,,,,
2R6N,target_not_in_hdf5,,,,,,,,,,,
2R6W,target_not_in_hdf5,,,,,,,,,,,
2R75,target_not_in_hdf5,,,,,,,,,,,
2R7G,target_not_in_hdf5,,,,,,,,,,,
2R8Q,target_not_in_hdf5,,,,,,,,,,,
2R9B,target_not_in_hdf5,,,,,,,,,,,
2R9M,target_not_in_hdf5,,,,,,,,,,,
2RA6,target_not_in_hdf5,,,,,,,,,,,
2RC8,target_not_in_hdf5,,,,,,,,,,,
2RC9,target_not_in_hdf5,,,,,,,,,,,
2RCB,target_not_in_hdf5,,,,,,,,,,,
2RCN,target_not_in_hdf5,,,,,,,,,,,
2RCU,target_not_in_hdf5,,,,,,,,,,,
2RCW,target_not_in_hdf5,,,,,,,,,,,
2RCX,target_not_in_hdf5,,,,,,,,,,,
2REG,target_not_in_hdf5,,,,,,,,,,,
2RF2,target_not_in_hdf5,,,,,,,,,,,
2RFY,target_not_in_hdf5,,,,,,,,,,,
2RG5,target_not_in_hdf5,,,,,,,,,,,
2RG6,target_not_in_hdf5,,,,,,,,,,,
2RGU,target_not_in_hdf5,,,,,,,,,,,
2RI9,target_not_in_hdf5,,,,,,,,,,,
2RIA,target_not_in_hdf5,,,,,,,,,,,
2RIB,target_not_in_hdf5,,,,,,,,,,,
2RIN,target_not_in_hdf5,,,,,,,,,,,
2RIO,target_not_in_hdf5,,,,,,,,,,,
2RIP,target_not_in_hdf5,,,,,,,,,,,
2RJP,target_not_in_hdf5,,,,,,,,,,,
2RJR,target_not_in_hdf5,,,,,,,,,,,
2RJS,target_not_in_hdf5,,,,,,,,,,,
2RK7,target_not_in_hdf5,,,,,,,,,,,
2RK8,target_not_in_hdf5,,,,,,,,,,,
2RKA,target_not_in_hdf5,,,,,,,,,,,
2RKD,target_not_in_hdf5,,,,,,,,,,,
2RKF,target_not_in_hdf5,,,,,,,,,,,
2RKG,target_not_in_hdf5,,,,,,,,,,,
2RKM,target_not_in_hdf5,,,,,,,,,,,
2RKN,target_not_in_hdf5,,,,,,,,,,,
2RKU,target_not_in_hdf5,,,,,,,,,,,
2RLY,target_not_in_hdf5,,,,,,,,,,,
2RM0,target_not_in_hdf5,,,,,,,,,,,
2RNW,target_not_in_hdf5,,,,,,,,,,,
2RNX,target_not_in_hdf5,,,,,,,,,,,
2ROL,target_not_in_hdf5,,,,,,,,,,,
2ROX,target_not_in_hdf5,,,,,,,,,,,
2RQU,target_not_in_hdf5,,,,,,,,,,,
2RVN,target_not_in_hdf5,,,,,,,,,,,
2SFP,target_not_in_hdf5,,,,,,,,,,,
2SIM,target_not_in_hdf5,,,,,,,,,,,
2SRT,target_not_in_hdf5,,,,,,,,,,,
2STD,target_not_in_hdf5,,,,,,,,,,,
2TPI,target_not_in_hdf5,,,,,,,,,,,
2TSR,target_not_in_hdf5,,,,,,,,,,,
2UPJ,target_not_in_hdf5,,,,,,,,,,,
2USN,target_not_in_hdf5,,,,,,,,,,,
2UUO,target_not_in_hdf5,,,,,,,,,,,
2UUP,target_not_in_hdf5,,,,,,,,,,,
2UVM,target_not_in_hdf5,,,,,,,,,,,
2UW8,target_not_in_hdf5,,,,,,,,,,,
2UWD,target_not_in_hdf5,,,,,,,,,,,
2UWL,target_not_in_hdf5,,,,,,,,,,,
2UWO,target_not_in_hdf5,,,,,,,,,,,
2UWP,target_not_in_hdf5,,,,,,,,,,,
2UXI,target_not_in_hdf5,,,,,,,,,,,
2UXU,target_not_in_hdf5,,,,,,,,,,,
2UY3,target_not_in_hdf5,,,,,,,,,,,
2UY5,target_not_in_hdf5,,,,,,,,,,,
2UYI,target_not_in_hdf5,,,,,,,,,,,
2UYM,target_not_in_hdf5,,,,,,,,,,,
2UYN,target_not_in_hdf5,,,,,,,,,,,
2UYW,target_not_in_hdf5,,,,,,,,,,,
2UZ6,target_not_in_hdf5,,,,,,,,,,,
2UZ9,target_not_in_hdf5,,,,,,,,,,,
2UZB,target_not_in_hdf5,,,,,,,,,,,
2UZD,target_not_in_hdf5,,,,,,,,,,,
2UZJ,target_not_in_hdf5,,,,,,,,,,,
2UZL,target_not_in_hdf5,,,,,,,,,,,
2V00,target_not_in_hdf5,,,,,,,,,,,
2V0Z,target_not_in_hdf5,,,,,,,,,,,
2V10,target_not_in_hdf5,,,,,,,,,,,
2V11,target_not_in_hdf5,,,,,,,,,,,
2V12,target_not_in_hdf5,,,,,,,,,,,
2V13,target_not_in_hdf5,,,,,,,,,,,
2V16,target_not_in_hdf5,,,,,,,,,,,
2V22,target_not_in_hdf5,,,,,,,,,,,
2V25,target_not_in_hdf5,,,,,,,,,,,
2V2C,target_not_in_hdf5,,,,,,,,,,,
2V2H,target_not_in_hdf5,,,,,,,,,,,
2V2Q,target_not_in_hdf5,,,,,,,,,,,
2V2V,target_not_in_hdf5,,,,,,,,,,,
2V3D,target_not_in_hdf5,,,,,,,,,,,
2V3E,target_not_in_hdf5,,,,,,,,,,,
2V3U,target_not_in_hdf5,,,,,,,,,,,
2V54,target_not_in_hdf5,,,,,,,,,,,
2V57,target_not_in_hdf5,,,,,,,,,,,
2V58,target_not_in_hdf5,,,,,,,,,,,
2V59,target_not_in_hdf5,,,,,,,,,,,
2V5A,target_not_in_hdf5,,,,,,,,,,,
2V7D,target_not_in_hdf5,,,,,,,,,,,
2V83,target_not_in_hdf5,,,,,,,,,,,
2V95,target_not_in_hdf5,,,,,,,,,,,
2VA5,target_not_in_hdf5,,,,,,,,,,,
2VB8,target_not_in_hdf5,,,,,,,,,,,
2VBA,target_not_in_hdf5,,,,,,,,,,,
2VC7,target_not_in_hdf5,,,,,,,,,,,
2VC9,target_not_in_hdf5,,,,,,,,,,,
2VCG,target_not_in_hdf5,,,,,,,,,,,
2VD1,target_not_in_hdf5,,,,,,,,,,,
2VEU,target_not_in_hdf5,,,,,,,,,,,
2VEW,target_not_in_hdf5,,,,,,,,,,,
2VEY,target_not_in_hdf5,,,,,,,,,,,
2VF6,target_not_in_hdf5,,,,,,,,,,,
2VFK,target_not_in_hdf5,,,,,,,,,,,
2VFZ,target_not_in_hdf5,,,,,,,,,,,
2VGC,target_not_in_hdf5,,,,,,,,,,,
2VH0,target_not_in_hdf5,,,,,,,,,,,
2VH6,target_not_in_hdf5,,,,,,,,,,,
2VI5,target_not_in_hdf5,,,,,,,,,,,
2VIN,target_not_in_hdf5,,,,,,,,,,,
2VIO,target_not_in_hdf5,,,,,,,,,,,
2VIP,target_not_in_hdf5,,,,,,,,,,,
2VIQ,target_not_in_hdf5,,,,,,,,,,,
2VIW,target_not_in_hdf5,,,,,,,,,,,
2VIZ,target_not_in_hdf5,,,,,,,,,,,
2VJ6,target_not_in_hdf5,,,,,,,,,,,
2VJ8,target_not_in_hdf5,,,,,,,,,,,
2VJX,target_not_in_hdf5,,,,,,,,,,,
2VK2,target_not_in_hdf5,,,,,,,,,,,
2VK6,target_not_in_hdf5,,,,,,,,,,,
2VL1,target_not_in_hdf5,,,,,,,,,,,
2VL4,target_not_in_hdf5,,,,,,,,,,,
2VL8,target_not_in_hdf5,,,,,,,,,,,
2VMC,target_not_in_hdf5,,,,,,,,,,,
2VMD,target_not_in_hdf5,,,,,,,,,,,
2VMF,target_not_in_hdf5,,,,,,,,,,,
2VNF,target_not_in_hdf5,,,,,,,,,,,
2VNP,target_not_in_hdf5,,,,,,,,,,,
2VO5,target_not_in_hdf5,,,,,,,,,,,
2VO7,target_not_in_hdf5,,,,,,,,,,,
2VPE,target_not_in_hdf5,,,,,,,,,,,
2VPN,target_not_in_hdf5,,,,,,,,,,,
2VPO,target_not_in_hdf5,,,,,,,,,,,
2VPP,target_not_in_hdf5,,,,,,,,,,,
2VQJ,target_not_in_hdf5,,,,,,,,,,,
2VQM,target_not_in_hdf5,,,,,,,,,,,
2VQT,target_not_in_hdf5,,,,,,,,,,,
2VR3,target_not_in_hdf5,,,,,,,,,,,
2VR4,target_not_in_hdf5,,,,,,,,,,,
2VRJ,target_not_in_hdf5,,,,,,,,,,,
2VSL,target_not_in_hdf5,,,,,,,,,,,
2VT3,target_not_in_hdf5,,,,,,,,,,,
2VTH,target_not_in_hdf5,,,,,,,,,,,
2VTI,target_not_in_hdf5,,,,,,,,,,,
2VTL,target_not_in_hdf5,,,,,,,,,,,
2VTN,target_not_in_hdf5,,,,,,,,,,,
2VTO,target_not_in_hdf5,,,,,,,,,,,
2VTP,target_not_in_hdf5,,,,,,,,,,,
2VTQ,target_not_in_hdf5,,,,,,,,,,,
2VTR,target_not_in_hdf5,,,,,,,,,,,
2VTS,target_not_in_hdf5,,,,,,,,,,,
2VTT,target_not_in_hdf5,,,,,,,,,,,
2VU3,target_not_in_hdf5,,,,,,,,,,,
2VUR,target_not_in_hdf5,,,,,,,,,,,
2VV9,target_not_in_hdf5,,,,,,,,,,,
2VVC,target_not_in_hdf5,,,,,,,,,,,
2VVN,target_not_in_hdf5,,,,,,,,,,,
2VVO,target_not_in_hdf5,,,,,,,,,,,
2VVT,target_not_in_hdf5,,,,,,,,,,,
2VVU,target_not_in_hdf5,,,,,,,,,,,
2VVV,target_not_in_hdf5,,,,,,,,,,,
2VW1,target_not_in_hdf5,,,,,,,,,,,
2VW5,target_not_in_hdf5,,,,,,,,,,,
2VWC,target_not_in_hdf5,,,,,,,,,,,
2VWL,target_not_in_hdf5,,,,,,,,,,,
2VWM,target_not_in_hdf5,,,,,,,,,,,
2VWN,target_not_in_hdf5,,,,,,,,,,,
2VWO,target_not_in_hdf5,,,,,,,,,,,
2VWU,target_not_in_hdf5,,,,,,,,,,,
2VWV,target_not_in_hdf5,,,,,,,,,,,
2VX9,target_not_in_hdf5,,,,,,,,,,,
2VXA,target_not_in_hdf5,,,,,,,,,,,
2VXJ,target_not_in_hdf5,,,,,,,,,,,
2VXN,target_not_in_hdf5,,,,,,,,,,,
2VYT,target_not_in_hdf5,,,,,,,,,,,
2VZR,target_not_in_hdf5,,,,,,,,,,,
2W06,target_not_in_hdf5,,,,,,,,,,,
2W08,target_not_in_hdf5,,,,,,,,,,,
2W0P,target_not_in_hdf5,,,,,,,,,,,
2W0S,target_not_in_hdf5,,,,,,,,,,,
2W0X,target_not_in_hdf5,,,,,,,,,,,
2W0Z,target_not_in_hdf5,,,,,,,,,,,
2W10,target_not_in_hdf5,,,,,,,,,,,
2W12,target_not_in_hdf5,,,,,,,,,,,
2W1G,target_not_in_hdf5,,,,,,,,,,,
2W1H,target_not_in_hdf5,,,,,,,,,,,
2W1I,target_not_in_hdf5,,,,,,,,,,,
2W26,target_not_in_hdf5,,,,,,,,,,,
2W2U,target_not_in_hdf5,,,,,,,,,,,
2W3K,target_not_in_hdf5,,,,,,,,,,,
2W3O,target_not_in_hdf5,,,,,,,,,,,
2W47,target_not_in_hdf5,,,,,,,,,,,
2W4I,target_not_in_hdf5,,,,,,,,,,,
2W4X,target_not_in_hdf5,,,,,,,,,,,
2W5I,target_not_in_hdf5,,,,,,,,,,,
2W66,target_not_in_hdf5,,,,,,,,,,,
2W67,target_not_in_hdf5,,,,,,,,,,,
2W68,target_not_in_hdf5,,,,,,,,,,,
2W6C,target_not_in_hdf5,,,,,,,,,,,
2W6M,target_not_in_hdf5,,,,,,,,,,,
2W6O,target_not_in_hdf5,,,,,,,,,,,
2W6T,target_not_in_hdf5,,,,,,,,,,,
2W6U,target_not_in_hdf5,,,,,,,,,,,
2W70,target_not_in_hdf5,,,,,,,,,,,
2W76,target_not_in_hdf5,,,,,,,,,,,
2W77,target_not_in_hdf5,,,,,,,,,,,
2W7Y,target_not_in_hdf5,,,,,,,,,,,
2W85,target_not_in_hdf5,,,,,,,,,,,
2W87,target_not_in_hdf5,,,,,,,,,,,
2W8F,target_not_in_hdf5,,,,,,,,,,,
2W8J,target_not_in_hdf5,,,,,,,,,,,
2W8W,target_not_in_hdf5,,,,,,,,,,,
2W92,target_not_in_hdf5,,,,,,,,,,,
2W97,target_not_in_hdf5,,,,,,,,,,,
2W9H,target_not_in_hdf5,,,,,,,,,,,
2W9R,target_not_in_hdf5,,,,,,,,,,,
2WA3,target_not_in_hdf5,,,,,,,,,,,
2WA4,target_not_in_hdf5,,,,,,,,,,,
2WA8,target_not_in_hdf5,,,,,,,,,,,
2WB5,target_not_in_hdf5,,,,,,,,,,,
2WBB,target_not_in_hdf5,,,,,,,,,,,
2WBD,target_not_in_hdf5,,,,,,,,,,,
2WBG,target_not_in_hdf5,,,,,,,,,,,
2WC3,target_not_in_hdf5,,,,,,,,,,,
2WC4,target_not_in_hdf5,,,,,,,,,,,
2WCA,target_not_in_hdf5,,,,,,,,,,,
2WCG,target_not_in_hdf5,,,,,,,,,,,
2WD3,target_not_in_hdf5,,,,,,,,,,,
2WD7,target_not_in_hdf5,,,,,,,,,,,
2WE3,target_not_in_hdf5,,,,,,,,,,,
2WEG,target_not_in_hdf5,,,,,,,,,,,
2WEH,target_not_in_hdf5,,,,,,,,,,,
2WEJ,target_not_in_hdf5,,,,,,,,,,,
2WEO,target_not_in_hdf5,,,,,,,,,,,
2WEQ,target_not_in_hdf5,,,,,,,,,,,
2WEY,target_not_in_hdf5,,,,,,,,,,,
2WF1,target_not_in_hdf5,,,,,,,,,,,
2WF2,target_not_in_hdf5,,,,,,,,,,,
2WF3,target_not_in_hdf5,,,,,,,,,,,
2WF4,target_not_in_hdf5,,,,,,,,,,,
2WF5,target_not_in_hdf5,,,,,,,,,,,
2WFJ,target_not_in_hdf5,,,,,,,,,,,
2WGI,target_not_in_hdf5,,,,,,,,,,,
2WGJ,target_not_in_hdf5,,,,,,,,,,,
2WHO,target_not_in_hdf5,,,,,,,,,,,
2WI1,target_not_in_hdf5,,,,,,,,,,,
2WI4,target_not_in_hdf5,,,,,,,,,,,
2WI7,target_not_in_hdf5,,,,,,,,,,,
2WIB,target_not_in_hdf5,,,,,,,,,,,
2WIC,target_not_in_hdf5,,,,,,,,,,,
2WIG,target_not_in_hdf5,,,,,,,,,,,
2WIJ,target_not_in_hdf5,,,,,,,,,,,
2WIK,target_not_in_hdf5,,,,,,,,,,,
2WJ2,target_not_in_hdf5,,,,,,,,,,,
2WJG,target_not_in_hdf5,,,,,,,,,,,
2WJI,target_not_in_hdf5,,,,,,,,,,,
2WK2,target_not_in_hdf5,,,,,,,,,,,
2WK6,target_not_in_hdf5,,,,,,,,,,,
2WKT,target_not_in_hdf5,,,,,,,,,,,
2WKY,target_not_in_hdf5,,,,,,,,,,,
2WL5,target_not_in_hdf5,,,,,,,,,,,
2WLY,target_not_in_hdf5,,,,,,,,,,,
2WLZ,target_not_in_hdf5,,,,,,,,,,,
2WM0,target_not_in_hdf5,,,,,,,,,,,
2WMR,target_not_in_hdf5,,,,,,,,,,,
2WMW,target_not_in_hdf5,,,,,,,,,,,
2WN9,target_not_in_hdf5,,,,,,,,,,,
2WNJ,target_not_in_hdf5,,,,,,,,,,,
2WNL,target_not_in_hdf5,,,,,,,,,,,
2WO8,target_not_in_hdf5,,,,,,,,,,,
2WON,target_not_in_hdf5,,,,,,,,,,,
2WOQ,target_not_in_hdf5,,,,,,,,,,,
2WP1,target_not_in_hdf5,,,,,,,,,,,
2WPA,target_not_in_hdf5,,,,,,,,,,,
2WPB,target_not_in_hdf5,,,,,,,,,,,
2WQ4,target_not_in_hdf5,,,,,,,,,,,
2WQP,target_not_in_hdf5,,,,,,,,,,,
2WR8,target_not_in_hdf5,,,,,,,,,,,
2WSX,target_not_in_hdf5,,,,,,,,,,,
2WTC,target_not_in_hdf5,,,,,,,,,,,
2WTJ,target_not_in_hdf5,,,,,,,,,,,
2WTX,target_not_in_hdf5,,,,,,,,,,,
2WUF,target_not_in_hdf5,,,,,,,,,,,
2WUU,target_not_in_hdf5,,,,,,,,,,,
2WVT,target_not_in_hdf5,,,,,,,,,,,
2WVZ,target_not_in_hdf5,,,,,,,,,,,
2WW2,target_not_in_hdf5,,,,,,,,,,,
2WWJ,target_not_in_hdf5,,,,,,,,,,,
2WXJ,target_not_in_hdf5,,,,,,,,,,,
2WXK,target_not_in_hdf5,,,,,,,,,,,
2WXN,target_not_in_hdf5,,,,,,,,,,,
2WXV,target_not_in_hdf5,,,,,,,,,,,
2WYF,target_not_in_hdf5,,,,,,,,,,,
2WYG,target_not_in_hdf5,,,,,,,,,,,
2WYI,target_not_in_hdf5,,,,,,,,,,,
2WYJ,target_not_in_hdf5,,,,,,,,,,,
2WYN,target_not_in_hdf5,,,,,,,,,,,
2WZF,target_not_in_hdf5,,,,,,,,,,,
2WZM,target_not_in_hdf5,,,,,,,,,,,
2WZY,target_not_in_hdf5,,,,,,,,,,,
2X00,target_not_in_hdf5,,,,,,,,,,,
2X09,target_not_in_hdf5,,,,,,,,,,,
2X2C,target_not_in_hdf5,,,,,,,,,,,
2X2K,target_not_in_hdf5,,,,,,,,,,,
2X2L,target_not_in_hdf5,,,,,,,,,,,
2X2R,target_not_in_hdf5,,,,,,,,,,,
2X39,target_not_in_hdf5,,,,,,,,,,,
2X3T,target_not_in_hdf5,,,,,,,,,,,
2X4O,target_not_in_hdf5,,,,,,,,,,,
2X4R,target_not_in_hdf5,,,,,,,,,,,
2X4S,target_not_in_hdf5,,,,,,,,,,,
2X4T,target_not_in_hdf5,,,,,,,,,,,
2X4U,target_not_in_hdf5,,,,,,,,,,,
2X4Z,target_not_in_hdf5,,,,,,,,,,,
2X52,target_not_in_hdf5,,,,,,,,,,,
2X6E,target_not_in_hdf5,,,,,,,,,,,
2X6F,target_not_in_hdf5,,,,,,,,,,,
2X6I,target_not_in_hdf5,,,,,,,,,,,
2X6J,target_not_in_hdf5,,,,,,,,,,,
2X6W,target_not_in_hdf5,,,,,,,,,,,
2X6X,target_not_in_hdf5,,,,,,,,,,,
2X6Y,target_not_in_hdf5,,,,,,,,,,,
2X7C,target_not_in_hdf5,,,,,,,,,,,
2X7D,target_not_in_hdf5,,,,,,,,,,,
2X7S,target_not_in_hdf5,,,,,,,,,,,
2X7T,target_not_in_hdf5,,,,,,,,,,,
2X7X,target_not_in_hdf5,,,,,,,,,,,
2X81,target_not_in_hdf5,,,,,,,,,,,
2X85,target_not_in_hdf5,,,,,,,,,,,
2X8D,target_not_in_hdf5,,,,,,,,,,,
2X8E,target_not_in_hdf5,,,,,,,,,,,
2X8I,target_not_in_hdf5,,,,,,,,,,,
2X8Z,target_not_in_hdf5,,,,,,,,,,,
2X97,target_not_in_hdf5,,,,,,,,,,,
2X9E,target_not_in_hdf5,,,,,,,,,,,
2XAB,target_not_in_hdf5,,,,,,,,,,,
2XAE,target_not_in_hdf5,,,,,,,,,,,
2XAF,target_not_in_hdf5,,,,,,,,,,,
2XAG,target_not_in_hdf5,,,,,,,,,,,
2XAH,target_not_in_hdf5,,,,,,,,,,,
2XAJ,target_not_in_hdf5,,,,,,,,,,,
2XAQ,target_not_in_hdf5,,,,,,,,,,,
2XAS,target_not_in_hdf5,,,,,,,,,,,
2XB7,target_not_in_hdf5,,,,,,,,,,,
2XB8,target_not_in_hdf5,,,,,,,,,,,
2XB9,target_not_in_hdf5,,,,,,,,,,,
2XBJ,target_not_in_hdf5,,,,,,,,,,,
2XBX,target_not_in_hdf5,,,,,,,,,,,
2XC0,target_not_in_hdf5,,,,,,,,,,,
2XC4,target_not_in_hdf5,,,,,,,,,,,
2XCH,target_not_in_hdf5,,,,,,,,,,,
2XCN,target_not_in_hdf5,,,,,,,,,,,
2XCS,target_not_in_hdf5,,,,,,,,,,,
2XD6,target_not_in_hdf5,,,,,,,,,,,
2XD9,target_not_in_hdf5,,,,,,,,,,,
2XDA,target_not_in_hdf5,,,,,,,,,,,
2XDK,target_not_in_hdf5,,,,,,,,,,,
2XDL,target_not_in_hdf5,,,,,,,,,,,
2XDM,target_not_in_hdf5,,,,,,,,,,,
2XDW,target_not_in_hdf5,,,,,,,,,,,
2XEJ,target_not_in_hdf5,,,,,,,,,,,
2XEL,target_not_in_hdf5,,,,,,,,,,,
2XEZ,target_not_in_hdf5,,,,,,,,,,,
2XF0,target_not_in_hdf5,,,,,,,,,,,
2XFI,target_not_in_hdf5,,,,,,,,,,,
2XFJ,target_not_in_hdf5,,,,,,,,,,,
2XG5,target_not_in_hdf5,,,,,,,,,,,
2XG9,target_not_in_hdf5,,,,,,,,,,,
2XGM,target_not_in_hdf5,,,,,,,,,,,
2XGO,target_not_in_hdf5,,,,,,,,,,,
2XGS,target_not_in_hdf5,,,,,,,,,,,
2XH5,target_not_in_hdf5,,,,,,,,,,,
2XHM,target_not_in_hdf5,,,,,,,,,,,
2XHR,target_not_in_hdf5,,,,,,,,,,,
2XHS,target_not_in_hdf5,,,,,,,,,,,
2XHT,target_not_in_hdf5,,,,,,,,,,,
2XHX,target_not_in_hdf5,,,,,,,,,,,
2XI7,target_not_in_hdf5,,,,,,,,,,,
2XIB,target_not_in_hdf5,,,,,,,,,,,
2XII,target_not_in_hdf5,,,,,,,,,,,
2XIX,target_not_in_hdf5,,,,,,,,,,,
2XIZ,target_not_in_hdf5,,,,,,,,,,,
2XJ1,target_not_in_hdf5,,,,,,,,,,,
2XJ2,target_not_in_hdf5,,,,,,,,,,,
2XJ7,target_not_in_hdf5,,,,,,,,,,,
2XJG,target_not_in_hdf5,,,,,,,,,,,
2XJJ,target_not_in_hdf5,,,,,,,,,,,
2XK1,target_not_in_hdf5,,,,,,,,,,,
2XK3,target_not_in_hdf5,,,,,,,,,,,
2XK4,target_not_in_hdf5,,,,,,,,,,,
2XK7,target_not_in_hdf5,,,,,,,,,,,
2XK8,target_not_in_hdf5,,,,,,,,,,,
2XKC,target_not_in_hdf5,,,,,,,,,,,
2XL2,target_not_in_hdf5,,,,,,,,,,,
2XL3,target_not_in_hdf5,,,,,,,,,,,
2XLC,target_not_in_hdf5,,,,,,,,,,,
2XLN,target_not_in_hdf5,,,,,,,,,,,
2XM1,target_not_in_hdf5,,,,,,,,,,,
2XM2,target_not_in_hdf5,,,,,,,,,,,
2XML,target_not_in_hdf5,,,,,,,,,,,
2XN3,target_not_in_hdf5,,,,,,,,,,,
2XNB,target_not_in_hdf5,,,,,,,,,,,
2XNE,target_not_in_hdf5,,,,,,,,,,,
2XNI,target_not_in_hdf5,,,,,,,,,,,
2XNM,target_not_in_hdf5,,,,,,,,,,,
2XNO,target_not_in_hdf5,,,,,,,,,,,
2XNP,target_not_in_hdf5,,,,,,,,,,,
2XO8,target_not_in_hdf5,,,,,,,,,,,
2XOW,target_not_in_hdf5,,,,,,,,,,,
2XP2,target_not_in_hdf5,,,,,,,,,,,
2XP3,target_not_in_hdf5,,,,,,,,,,,
2XP4,target_not_in_hdf5,,,,,,,,,,,
2XP5,target_not_in_hdf5,,,,,,,,,,,
2XP6,target_not_in_hdf5,,,,,,,,,,,
2XP8,target_not_in_hdf5,,,,,,,,,,,
2XPA,target_not_in_hdf5,,,,,,,,,,,
2XPB,target_not_in_hdf5,,,,,,,,,,,
2XPC,target_not_in_hdf5,,,,,,,,,,,
2XQQ,target_not_in_hdf5,,,,,,,,,,,
2XRW,target_not_in_hdf5,,,,,,,,,,,
2XSB,target_not_in_hdf5,,,,,,,,,,,
2XTN,target_not_in_hdf5,,,,,,,,,,,
2XTO,target_not_in_hdf5,,,,,,,,,,,
2XU1,target_not_in_hdf5,,,,,,,,,,,
2XU3,target_not_in_hdf5,,,,,,,,,,,
2XU4,target_not_in_hdf5,,,,,,,,,,,
2XU5,target_not_in_hdf5,,,,,,,,,,,
2XUP,target_not_in_hdf5,,,,,,,,,,,
2XUZ,target_not_in_hdf5,,,,,,,,,,,
2XV1,target_not_in_hdf5,,,,,,,,,,,
2XWD,target_not_in_hdf5,,,,,,,,,,,
2XWE,target_not_in_hdf5,,,,,,,,,,,
2XX2,target_not_in_hdf5,,,,,,,,,,,
2XX4,target_not_in_hdf5,,,,,,,,,,,
2XXN,target_not_in_hdf5,,,,,,,,,,,
2XXR,target_not_in_hdf5,,,,,,,,,,,
2XXT,target_not_in_hdf5,,,,,,,,,,,
2XXW,target_not_in_hdf5,,,,,,,,,,,
2XXX,target_not_in_hdf5,,,,,,,,,,,
2XXY,target_not_in_hdf5,,,,,,,,,,,
2XY9,target_not_in_hdf5,,,,,,,,,,,
2XYD,target_not_in_hdf5,,,,,,,,,,,
2XYT,target_not_in_hdf5,,,,,,,,,,,
2XYU,target_not_in_hdf5,,,,,,,,,,,
2XZ5,target_not_in_hdf5,,,,,,,,,,,
2XZC,target_not_in_hdf5,,,,,,,,,,,
2XZW,target_not_in_hdf5,,,,,,,,,,,
2Y06,target_not_in_hdf5,,,,,,,,,,,
2Y07,target_not_in_hdf5,,,,,,,,,,,
2Y1X,target_not_in_hdf5,,,,,,,,,,,
2Y2H,target_not_in_hdf5,,,,,,,,,,,
2Y2J,target_not_in_hdf5,,,,,,,,,,,
2Y2K,target_not_in_hdf5,,,,,,,,,,,
2Y2P,target_not_in_hdf5,,,,,,,,,,,
2Y36,target_not_in_hdf5,,,,,,,,,,,
2Y4K,target_not_in_hdf5,,,,,,,,,,,
2Y4L,target_not_in_hdf5,,,,,,,,,,,
2Y4M,target_not_in_hdf5,,,,,,,,,,,
2Y4S,target_not_in_hdf5,,,,,,,,,,,
2Y54,target_not_in_hdf5,,,,,,,,,,,
2Y55,target_not_in_hdf5,,,,,,,,,,,
2Y56,target_not_in_hdf5,,,,,,,,,,,
2Y57,target_not_in_hdf5,,,,,,,,,,,
2Y5F,target_not_in_hdf5,,,,,,,,,,,
2Y5G,target_not_in_hdf5,,,,,,,,,,,
2Y5H,target_not_in_hdf5,,,,,,,,,,,
2Y5K,target_not_in_hdf5,,,,,,,,,,,
2Y5L,target_not_in_hdf5,,,,,,,,,,,
2Y6D,target_not_in_hdf5,,,,,,,,,,,
2Y6O,target_not_in_hdf5,,,,,,,,,,,
2Y6S,target_not_in_hdf5,,,,,,,,,,,
2Y76,target_not_in_hdf5,,,,,,,,,,,
2Y7I,target_not_in_hdf5,,,,,,,,,,,
2Y7K,target_not_in_hdf5,,,,,,,,,,,
2Y7P,target_not_in_hdf5,,,,,,,,,,,
2Y7W,target_not_in_hdf5,,,,,,,,,,,
2Y7X,target_not_in_hdf5,,,,,,,,,,,
2Y7Z,target_not_in_hdf5,,,,,,,,,,,
2Y80,target_not_in_hdf5,,,,,,,,,,,
2Y82,target_not_in_hdf5,,,,,,,,,,,
2Y8C,target_not_in_hdf5,,,,,,,,,,,
2Y8I,target_not_in_hdf5,,,,,,,,,,,
2Y8L,target_not_in_hdf5,,,,,,,,,,,
2Y8O,target_not_in_hdf5,,,,,,,,,,,
2Y8Q,target_not_in_hdf5,,,,,,,,,,,
2Y9G,target_not_in_hdf5,,,,,,,,,,,
2YA6,target_not_in_hdf5,,,,,,,,,,,
2YA8,target_not_in_hdf5,,,,,,,,,,,
2YAC,target_not_in_hdf5,,,,,,,,,,,
2YAY,target_not_in_hdf5,,,,,,,,,,,
2YAZ,target_not_in_hdf5,,,,,,,,,,,
2YB0,target_not_in_hdf5,,,,,,,,,,,
2YB9,target_not_in_hdf5,,,,,,,,,,,
2YBP,target_not_in_hdf5,,,,,,,,,,,
2YBS,target_not_in_hdf5,,,,,,,,,,,
2YC0,target_not_in_hdf5,,,,,,,,,,,
2YC3,target_not_in_hdf5,,,,,,,,,,,
2YC5,target_not_in_hdf5,,,,,,,,,,,
2YCH,target_not_in_hdf5,,,,,,,,,,,
2YDE,target_not_in_hdf5,,,,,,,,,,,
2YDI,target_not_in_hdf5,,,,,,,,,,,
2YDJ,target_not_in_hdf5,,,,,,,,,,,
2YDK,target_not_in_hdf5,,,,,,,,,,,
2YDM,target_not_in_hdf5,,,,,,,,,,,
2YDO,target_not_in_hdf5,,,,,,,,,,,
2YDT,target_not_in_hdf5,,,,,,,,,,,
2YDV,target_not_in_hdf5,,,,,,,,,,,
2YDW,target_not_in_hdf5,,,,,,,,,,,
2YEM,target_not_in_hdf5,,,,,,,,,,,
2YER,target_not_in_hdf5,,,,,,,,,,,
2YEX,target_not_in_hdf5,,,,,,,,,,,
2YFA,target_not_in_hdf5,,,,,,,,,,,
2YFX,target_not_in_hdf5,,,,,,,,,,,
2YG2,target_not_in_hdf5,,,,,,,,,,,
2YGA,target_not_in_hdf5,,,,,,,,,,,
2YGE,target_not_in_hdf5,,,,,,,,,,,
2YGF,target_not_in_hdf5,,,,,,,,,,,
2YGU,target_not_in_hdf5,,,,,,,,,,,
2YHD,target_not_in_hdf5,,,,,,,,,,,
2YHW,target_not_in_hdf5,,,,,,,,,,,
2YHY,target_not_in_hdf5,,,,,,,,,,,
2YI5,target_not_in_hdf5,,,,,,,,,,,
2YIG,target_not_in_hdf5,,,,,,,,,,,
2YIQ,target_not_in_hdf5,,,,,,,,,,,
2YIV,target_not_in_hdf5,,,,,,,,,,,
2YJ9,target_not_in_hdf5,,,,,,,,,,,
2YJB,target_not_in_hdf5,,,,,,,,,,,
2YJC,target_not_in_hdf5,,,,,,,,,,,
2YJQ,target_not_in_hdf5,,,,,,,,,,,
2YJW,target_not_in_hdf5,,,,,,,,,,,
2YJX,target_not_in_hdf5,,,,,,,,,,,
2YK1,target_not_in_hdf5,,,,,,,,,,,
2YK9,target_not_in_hdf5,,,,,,,,,,,
2YKB,target_not_in_hdf5,,,,,,,,,,,
2YKE,target_not_in_hdf5,,,,,,,,,,,
2YKI,target_not_in_hdf5,,,,,,,,,,,
2YKJ,target_not_in_hdf5,,,,,,,,,,,
2YLC,target_not_in_hdf5,,,,,,,,,,,
2YLN,target_not_in_hdf5,,,,,,,,,,,
2YLO,target_not_in_hdf5,,,,,,,,,,,
2YLP,target_not_in_hdf5,,,,,,,,,,,
2YM4,target_not_in_hdf5,,,,,,,,,,,
2YM6,target_not_in_hdf5,,,,,,,,,,,
2YM8,target_not_in_hdf5,,,,,,,,,,,
2YMD,target_not_in_hdf5,,,,,,,,,,,
2YMT,target_not_in_hdf5,,,,,,,,,,,
2YND,target_not_in_hdf5,,,,,,,,,,,
2YNN,target_not_in_hdf5,,,,,,,,,,,
2YNR,target_not_in_hdf5,,,,,,,,,,,
2YNS,target_not_in_hdf5,,,,,,,,,,,
2YOF,target_not_in_hdf5,,,,,,,,,,,
2YOG,target_not_in_hdf5,,,,,,,,,,,
2YOJ,target_not_in_hdf5,,,,,,,,,,,
2YOL,target_not_in_hdf5,,,,,,,,,,,
2YPI,target_not_in_hdf5,,,,,,,,,,,
2YPO,target_not_in_hdf5,,,,,,,,,,,
2YPP,target_not_in_hdf5,,,,,,,,,,,
2YQ6,target_not_in_hdf5,,,,,,,,,,,
2YZ3,target_not_in_hdf5,,,,,,,,,,,
2Z1W,target_not_in_hdf5,,,,,,,,,,,
2Z3Z,target_not_in_hdf5,,,,,,,,,,,
2Z4R,target_not_in_hdf5,,,,,,,,,,,
2Z4Y,target_not_in_hdf5,,,,,,,,,,,
2Z4Z,target_not_in_hdf5,,,,,,,,,,,
2Z50,target_not_in_hdf5,,,,,,,,,,,
2Z52,target_not_in_hdf5,,,,,,,,,,,
2Z5O,target_not_in_hdf5,,,,,,,,,,,
2Z5T,target_not_in_hdf5,,,,,,,,,,,
2Z60,target_not_in_hdf5,,,,,,,,,,,
2Z6W,target_not_in_hdf5,,,,,,,,,,,
2Z7H,target_not_in_hdf5,,,,,,,,,,,
2Z7I,target_not_in_hdf5,,,,,,,,,,,
2Z8E,target_not_in_hdf5,,,,,,,,,,,
2Z92,target_not_in_hdf5,,,,,,,,,,,
2Z94,target_not_in_hdf5,,,,,,,,,,,
2Z9G,target_not_in_hdf5,,,,,,,,,,,
2ZA3,target_not_in_hdf5,,,,,,,,,,,
2ZA5,target_not_in_hdf5,,,,,,,,,,,
2ZAS,target_not_in_hdf5,,,,,,,,,,,
2ZAZ,target_not_in_hdf5,,,,,,,,,,,
2ZC9,target_not_in_hdf5,,,,,,,,,,,
2ZCQ,target_not_in_hdf5,,,,,,,,,,,
2ZDT,target_not_in_hdf5,,,,,,,,,,,
2ZDX,target_not_in_hdf5,,,,,,,,,,,
2ZFP,target_not_in_hdf5,,,,,,,,,,,
2ZG1,target_not_in_hdf5,,,,,,,,,,,
2ZG3,target_not_in_hdf5,,,,,,,,,,,
2ZGA,target_not_in_hdf5,,,,,,,,,,,
2ZGM,target_not_in_hdf5,,,,,,,,,,,
2ZJW,target_not_in_hdf5,,,,,,,,,,,
2ZKJ,target_not_in_hdf5,,,,,,,,,,,
2ZLF,target_not_in_hdf5,,,,,,,,,,,
2ZMJ,target_not_in_hdf5,,,,,,,,,,,
2ZMM,target_not_in_hdf5,,,,,,,,,,,
2ZN7,target_not_in_hdf5,,,,,,,,,,,
2ZNS,target_not_in_hdf5,,,,,,,,,,,
2ZNT,target_not_in_hdf5,,,,,,,,,,,
2ZOF,target_not_in_hdf5,,,,,,,,,,,
2ZQ0,target_not_in_hdf5,,,,,,,,,,,
2ZSC,target_not_in_hdf5,,,,,,,,,,,
2ZU3,target_not_in_hdf5,,,,,,,,,,,
2ZU4,target_not_in_hdf5,,,,,,,,,,,
2ZU5,target_not_in_hdf5,,,,,,,,,,,
2ZVA,target_not_in_hdf5,,,,,,,,,,,
2ZVJ,target_not_in_hdf5,,,,,,,,,,,
2ZWZ,target_not_in_hdf5,,,,,,,,,,,
2ZX7,target_not_in_hdf5,,,,,,,,,,,
2ZX9,target_not_in_hdf5,,,,,,,,,,,
2ZXA,target_not_in_hdf5,,,,,,,,,,,
2ZXB,target_not_in_hdf5,,,,,,,,,,,
2ZXD,target_not_in_hdf5,,,,,,,,,,,
2ZXG,target_not_in_hdf5,,,,,,,,,,,
2ZY1,target_not_in_hdf5,,,,,,,,,,,
2ZYM,target_not_in_hdf5,,,,,,,,,,,
2ZYN,target_not_in_hdf5,,,,,,,,,,,
2ZZ1,target_not_in_hdf5,,,,,,,,,,,
2ZZ2,target_not_in_hdf5,,,,,,,,,,,
2ZZ6,target_not_in_hdf5,,,,,,,,,,,
3A1C,target_not_in_hdf5,,,,,,,,,,,
3A1D,target_not_in_hdf5,,,,,,,,,,,
3A1E,target_not_in_hdf5,,,,,,,,,,,
3A1S,target_not_in_hdf5,,,,,,,,,,,
3A1T,target_not_in_hdf5,,,,,,,,,,,
3A29,target_not_in_hdf5,,,,,,,,,,,
3A2O,target_not_in_hdf5,,,,,,,,,,,
3A3Y,target_not_in_hdf5,,,,,,,,,,,
3A4P,target_not_in_hdf5,,,,,,,,,,,
3A6T,target_not_in_hdf5,,,,,,,,,,,
3A9I,target_not_in_hdf5,,,,,,,,,,,
3ABT,target_not_in_hdf5,,,,,,,,,,,
3ABU,target_not_in_hdf5,,,,,,,,,,,
3ADV,target_not_in_hdf5,,,,,,,,,,,
3AFK,target_not_in_hdf5,,,,,,,,,,,
3AH8,target_not_in_hdf5,,,,,,,,,,,
3AHN,target_not_in_hdf5,,,,,,,,,,,
3AHO,target_not_in_hdf5,,,,,,,,,,,
3AID,target_not_in_hdf5,,,,,,,,,,,
3AIG,target_not_in_hdf5,,,,,,,,,,,
3AJE,target_not_in_hdf5,,,,,,,,,,,
3ALT,target_not_in_hdf5,,,,,,,,,,,
3AMB,target_not_in_hdf5,,,,,,,,,,,
3AMV,target_not_in_hdf5,,,,,,,,,,,
3ANQ,target_not_in_hdf5,,,,,,,,,,,
3ANR,target_not_in_hdf5,,,,,,,,,,,
3ANS,target_not_in_hdf5,,,,,,,,,,,
3ANT,target_not_in_hdf5,,,,,,,,,,,
3AO1,target_not_in_hdf5,,,,,,,,,,,
3AO2,target_not_in_hdf5,,,,,,,,,,,
3AO4,target_not_in_hdf5,,,,,,,,,,,
3AO5,target_not_in_hdf5,,,,,,,,,,,
3AOX,target_not_in_hdf5,,,,,,,,,,,
3AP4,target_not_in_hdf5,,,,,,,,,,,
3AP7,target_not_in_hdf5,,,,,,,,,,,
3AQT,target_not_in_hdf5,,,,,,,,,,,
3ARA,target_not_in_hdf5,,,,,,,,,,,
3ARB,target_not_in_hdf5,,,,,,,,,,,
3ARD,target_not_in_hdf5,,,,,,,,,,,
3ARE,target_not_in_hdf5,,,,,,,,,,,
3ARF,target_not_in_hdf5,,,,,,,,,,,
3ARG,target_not_in_hdf5,,,,,,,,,,,
3ARN,target_not_in_hdf5,,,,,,,,,,,
3ARX,target_not_in_hdf5,,,,,,,,,,,
3ARY,target_not_in_hdf5,,,,,,,,,,,
3ASK,target_not_in_hdf5,,,,,,,,,,,
3ASL,target_not_in_hdf5,,,,,,,,,,,
3AT1,target_not_in_hdf5,,,,,,,,,,,
3AT4,target_not_in_hdf5,,,,,,,,,,,
3ATI,target_not_in_hdf5,,,,,,,,,,,
3ATK,target_not_in_hdf5,,,,,,,,,,,
3ATM,target_not_in_hdf5,,,,,,,,,,,
3ATP,target_not_in_hdf5,,,,,,,,,,,
3ATU,target_not_in_hdf5,,,,,,,,,,,
3ATV,target_not_in_hdf5,,,,,,,,,,,
3ATW,target_not_in_hdf5,,,,,,,,,,,
3AU6,target_not_in_hdf5,,,,,,,,,,,
3AV9,target_not_in_hdf5,,,,,,,,,,,
3AVA,target_not_in_hdf5,,,,,,,,,,,
3AVB,target_not_in_hdf5,,,,,,,,,,,
3AVF,target_not_in_hdf5,,,,,,,,,,,
3AVG,target_not_in_hdf5,,,,,,,,,,,
3AVH,target_not_in_hdf5,,,,,,,,,,,
3AVI,target_not_in_hdf5,,,,,,,,,,,
3AVJ,target_not_in_hdf5,,,,,,,,,,,
3AVK,target_not_in_hdf5,,,,,,,,,,,
3AVL,target_not_in_hdf5,,,,,,,,,,,
3AVM,target_not_in_hdf5,,,,,,,,,,,
3AVN,target_not_in_hdf5,,,,,,,,,,,
3AVZ,target_not_in_hdf5,,,,,,,,,,,
3AW0,target_not_in_hdf5,,,,,,,,,,,
3AXK,target_not_in_hdf5,,,,,,,,,,,
3AY9,target_not_in_hdf5,,,,,,,,,,,
3AYA,target_not_in_hdf5,,,,,,,,,,,
3AYC,target_not_in_hdf5,,,,,,,,,,,
3B0W,target_not_in_hdf5,,,,,,,,,,,
3B1M,target_not_in_hdf5,,,,,,,,,,,
3B1T,target_not_in_hdf5,,,,,,,,,,,
3B1U,target_not_in_hdf5,,,,,,,,,,,
3B26,target_not_in_hdf5,,,,,,,,,,,
3B2T,target_not_in_hdf5,,,,,,,,,,,
3B3C,target_not_in_hdf5,,,,,,,,,,,
3B3S,target_not_in_hdf5,,,,,,,,,,,
3B3W,target_not_in_hdf5,,,,,,,,,,,
3B3X,target_not_in_hdf5,,,,,,,,,,,
3B50,target_not_in_hdf5,,,,,,,,,,,
3B65,target_not_in_hdf5,,,,,,,,,,,
3B66,target_not_in_hdf5,,,,,,,,,,,
3B67,target_not_in_hdf5,,,,,,,,,,,
3B7I,target_not_in_hdf5,,,,,,,,,,,
3B7R,target_not_in_hdf5,,,,,,,,,,,
3B7U,target_not_in_hdf5,,,,,,,,,,,
3B8Q,target_not_in_hdf5,,,,,,,,,,,
3B8Z,target_not_in_hdf5,,,,,,,,,,,
3B92,target_not_in_hdf5,,,,,,,,,,,
3B95,target_not_in_hdf5,,,,,,,,,,,
3B9G,target_not_in_hdf5,,,,,,,,,,,
3B9S,target_not_in_hdf5,,,,,,,,,,,
3BAR,target_not_in_hdf5,,,,,,,,,,,
3BB1,target_not_in_hdf5,,,,,,,,,,,
3BBF,target_not_in_hdf5,,,,,,,,,,,
3BC4,target_not_in_hdf5,,,,,,,,,,,
3BC5,target_not_in_hdf5,,,,,,,,,,,
3BCN,target_not_in_hdf5,,,,,,,,,,,
3BCS,target_not_in_hdf5,,,,,,,,,,,
3BE9,target_not_in_hdf5,,,,,,,,,,,
3BET,target_not_in_hdf5,,,,,,,,,,,
3BEX,target_not_in_hdf5,,,,,,,,,,,
3BF1,target_not_in_hdf5,,,,,,,,,,,
3BFT,target_not_in_hdf5,,,,,,,,,,,
3BFU,target_not_in_hdf5,,,,,,,,,,,
3BG8,target_not_in_hdf5,,,,,,,,,,,
3BGQ,target_not_in_hdf5,,,,,,,,,,,
3BGS,target_not_in_hdf5,,,,,,,,,,,
3BH3,target_not_in_hdf5,,,,,,,,,,,
3BHB,target_not_in_hdf5,,,,,,,,,,,
3BHX,target_not_in_hdf5,,,,,,,,,,,
3BI0,target_not_in_hdf5,,,,,,,,,,,
3BIM,target_not_in_hdf5,,,,,,,,,,,
3BIZ,target_not_in_hdf5,,,,,,,,,,,
3BJC,target_not_in_hdf5,,,,,,,,,,,
3BJM,target_not_in_hdf5,,,,,,,,,,,
3BKK,target_not_in_hdf5,,,,,,,,,,,
3BL0,target_not_in_hdf5,,,,,,,,,,,
3BL2,target_not_in_hdf5,,,,,,,,,,,
3BLA,target_not_in_hdf5,,,,,,,,,,,
3BLS,target_not_in_hdf5,,,,,,,,,,,
3BLT,target_not_in_hdf5,,,,,,,,,,,
3BLU,target_not_in_hdf5,,,,,,,,,,,
3BM6,target_not_in_hdf5,,,,,,,,,,,
3BM8,target_not_in_hdf5,,,,,,,,,,,
3BM9,target_not_in_hdf5,,,,,,,,,,,
3BMO,target_not_in_hdf5,,,,,,,,,,,
3BMQ,target_not_in_hdf5,,,,,,,,,,,
3BMY,target_not_in_hdf5,,,,,,,,,,,
3BPC,target_not_in_hdf5,,,,,,,,,,,
3BR9,target_not_in_hdf5,,,,,,,,,,,
3BRA,target_not_in_hdf5,,,,,,,,,,,
3BRN,target_not_in_hdf5,,,,,,,,,,,
3BTI,target_not_in_hdf5,,,,,,,,,,,
3BTR,target_not_in_hdf5,,,,,,,,,,,
3BU1,target_not_in_hdf5,,,,,,,,,,,
3BUF,target_not_in_hdf5,,,,,,,,,,,
3BUG,target_not_in_hdf5,,,,,,,,,,,
3BUH,target_not_in_hdf5,,,,,,,,,,,
3BUM,target_not_in_hdf5,,,,,,,,,,,
3BUN,target_not_in_hdf5,,,,,,,,,,,
3BUW,target_not_in_hdf5,,,,,,,,,,,
3BVA,target_not_in_hdf5,,,,,,,,,,,
3BX5,target_not_in_hdf5,,,,,,,,,,,
3BXE,target_not_in_hdf5,,,,,,,,,,,
3BXF,target_not_in_hdf5,,,,,,,,,,,
3BXG,target_not_in_hdf5,,,,,,,,,,,
3BXH,target_not_in_hdf5,,,,,,,,,,,
3BXS,target_not_in_hdf5,,,,,,,,,,,
3BYM,target_not_in_hdf5,,,,,,,,,,,
3BYS,target_not_in_hdf5,,,,,,,,,,,
3BYU,target_not_in_hdf5,,,,,,,,,,,
3BZ3,target_not_in_hdf5,,,,,,,,,,,
3BZF,target_not_in_hdf5,,,,,,,,,,,
3BZI,target_not_in_hdf5,,,,,,,,,,,
3C0Z,target_not_in_hdf5,,,,,,,,,,,
3C14,target_not_in_hdf5,,,,,,,,,,,
3C1K,target_not_in_hdf5,,,,,,,,,,,
3C1N,target_not_in_hdf5,,,,,,,,,,,
3C1X,target_not_in_hdf5,,,,,,,,,,,
3C2F,target_not_in_hdf5,,,,,,,,,,,
3C2O,target_not_in_hdf5,,,,,,,,,,,
3C2U,target_not_in_hdf5,,,,,,,,,,,
3C39,target_not_in_hdf5,,,,,,,,,,,
3C3O,target_not_in_hdf5,,,,,,,,,,,
3C3Q,target_not_in_hdf5,,,,,,,,,,,
3C3R,target_not_in_hdf5,,,,,,,,,,,
3C43,target_not_in_hdf5,,,,,,,,,,,
3C45,target_not_in_hdf5,,,,,,,,,,,
3C4F,target_not_in_hdf5,,,,,,,,,,,
3C4H,target_not_in_hdf5,,,,,,,,,,,
3C52,target_not_in_hdf5,,,,,,,,,,,
3C56,target_not_in_hdf5,,,,,,,,,,,
3C5U,target_not_in_hdf5,,,,,,,,,,,
3C6W,target_not_in_hdf5,,,,,,,,,,,
3C79,target_not_in_hdf5,,,,,,,,,,,
3C7P,target_not_in_hdf5,,,,,,,,,,,
3C84,target_not_in_hdf5,,,,,,,,,,,
3C8E,target_not_in_hdf5,,,,,,,,,,,
3C9E,target_not_in_hdf5,,,,,,,,,,,
3CBS,target_not_in_hdf5,,,,,,,,,,,
3CCB,target_not_in_hdf5,,,,,,,,,,,
3CCT,target_not_in_hdf5,,,,,,,,,,,
3CCW,target_not_in_hdf5,,,,,,,,,,,
3CCZ,target_not_in_hdf5,,,,,,,,,,,
3CD0,target_not_in_hdf5,,,,,,,,,,,
3CD5,target_not_in_hdf5,,,,,,,,,,,
3CD7,target_not_in_hdf5,,,,,,,,,,,
3CE0,target_not_in_hdf5,,,,,,,,,,,
3CFN,target_not_in_hdf5,,,,,,,,,,,
3CFT,target_not_in_hdf5,,,,,,,,,,,
3CFV,target_not_in_hdf5,,,,,,,,,,,
3CGY,target_not_in_hdf5,,,,,,,,,,,
3CHP,target_not_in_hdf5,,,,,,,,,,,
3CIB,target_not_in_hdf5,,,,,,,,,,,
3CIC,target_not_in_hdf5,,,,,,,,,,,
3CID,target_not_in_hdf5,,,,,,,,,,,
3CII,target_not_in_hdf5,,,,,,,,,,,
3CJ2,target_not_in_hdf5,,,,,,,,,,,
3CJ3,target_not_in_hdf5,,,,,,,,,,,
3CJ5,target_not_in_hdf5,,,,,,,,,,,
3CJO,target_not_in_hdf5,,,,,,,,,,,
3CK7,target_not_in_hdf5,,,,,,,,,,,
3CK8,target_not_in_hdf5,,,,,,,,,,,
3CKB,target_not_in_hdf5,,,,,,,,,,,
3CKE,target_not_in_hdf5,,,,,,,,,,,
3CKP,target_not_in_hdf5,,,,,,,,,,,
3CKT,target_not_in_hdf5,,,,,,,,,,,
3CL0,target_not_in_hdf5,,,,,,,,,,,
3CLP,target_not_in_hdf5,,,,,,,,,,,
3CM2,target_not_in_hdf5,,,,,,,,,,,
3CM7,target_not_in_hdf5,,,,,,,,,,,
3COJ,target_not_in_hdf5,,,,,,,,,,,
3COW,target_not_in_hdf5,,,,,,,,,,,
3COY,target_not_in_hdf5,,,,,,,,,,,
3CPC,target_not_in_hdf5,,,,,,,,,,,
3CPH,target_not_in_hdf5,,,,,,,,,,,
3CPJ,target_not_in_hdf5,,,,,,,,,,,
3CQU,target_not_in_hdf5,,,,,,,,,,,
3CQW,target_not_in_hdf5,,,,,,,,,,,
3CS8,target_not_in_hdf5,,,,,,,,,,,
3CTH,target_not_in_hdf5,,,,,,,,,,,
3CTJ,target_not_in_hdf5,,,,,,,,,,,
3CTT,target_not_in_hdf5,,,,,,,,,,,
3CWE,target_not_in_hdf5,,,,,,,,,,,
3CWK,target_not_in_hdf5,,,,,,,,,,,
3CX9,target_not_in_hdf5,,,,,,,,,,,
3CY2,target_not_in_hdf5,,,,,,,,,,,
3CYZ,target_not_in_hdf5,,,,,,,,,,,
3CZV,target_not_in_hdf5,,,,,,,,,,,
3D0E,target_not_in_hdf5,,,,,,,,,,,
3D14,target_not_in_hdf5,,,,,,,,,,,
3D1E,target_not_in_hdf5,,,,,,,,,,,
3D1F,target_not_in_hdf5,,,,,,,,,,,
3D1G,target_not_in_hdf5,,,,,,,,,,,
3D1X,target_not_in_hdf5,,,,,,,,,,,
3D1Y,target_not_in_hdf5,,,,,,,,,,,
3D25,target_not_in_hdf5,,,,,,,,,,,
3D27,target_not_in_hdf5,,,,,,,,,,,
3D2E,target_not_in_hdf5,,,,,,,,,,,
3D2T,target_not_in_hdf5,,,,,,,,,,,
3D32,target_not_in_hdf5,,,,,,,,,,,
3D3X,target_not_in_hdf5,,,,,,,,,,,
3D4FA,target_not_in_hdf5,,,,,,,,,,,
3D4FB,target_not_in_hdf5,,,,,,,,,,,
3D4Y,target_not_in_hdf5,,,,,,,,,,,
3D4Z,target_not_in_hdf5,,,,,,,,,,,
3D50,target_not_in_hdf5,,,,,,,,,,,
3D51,target_not_in_hdf5,,,,,,,,,,,
3D5M,target_not_in_hdf5,,,,,,,,,,,
3D62,target_not_in_hdf5,,,,,,,,,,,
3D6O,target_not_in_hdf5,,,,,,,,,,,
3D6P,target_not_in_hdf5,,,,,,,,,,,
3D6Q,target_not_in_hdf5,,,,,,,,,,,
3D78,target_not_in_hdf5,,,,,,,,,,,
3D7B,target_not_in_hdf5,,,,,,,,,,,
3D7D,target_not_in_hdf5,,,,,,,,,,,
3D7F,target_not_in_hdf5,,,,,,,,,,,
3D7G,target_not_in_hdf5,,,,,,,,,,,
3D7H,target_not_in_hdf5,,,,,,,,,,,
3D7M,target_not_in_hdf5,,,,,,,,,,,
3D83,target_not_in_hdf5,,,,,,,,,,,
3D8W,target_not_in_hdf5,,,,,,,,,,,
3D8Y,target_not_in_hdf5,,,,,,,,,,,
3D8Z,target_not_in_hdf5,,,,,,,,,,,
3D9V,target_not_in_hdf5,,,,,,,,,,,
3D9Z,target_not_in_hdf5,,,,,,,,,,,
3DA9,target_not_in_hdf5,,,,,,,,,,,
3DAB,target_not_in_hdf5,,,,,,,,,,,
3DAJ,target_not_in_hdf5,,,,,,,,,,,
3DB6,target_not_in_hdf5,,,,,,,,,,,
3DB8,target_not_in_hdf5,,,,,,,,,,,
3DBS,target_not_in_hdf5,,,,,,,,,,,
3DBU,target_not_in_hdf5,,,,,,,,,,,
3DC3,target_not_in_hdf5,,,,,,,,,,,
3DCC,target_not_in_hdf5,,,,,,,,,,,
3DCQ,target_not_in_hdf5,,,,,,,,,,,
3DCR,target_not_in_hdf5,,,,,,,,,,,
3DCS,target_not_in_hdf5,,,,,,,,,,,
3DCT,target_not_in_hdf5,,,,,,,,,,,
3DCW,target_not_in_hdf5,,,,,,,,,,,
3DD0,target_not_in_hdf5,,,,,,,,,,,
3DD8,target_not_in_hdf5,,,,,,,,,,,
3DDA,target_not_in_hdf5,,,,,,,,,,,
3DDF,target_not_in_hdf5,,,,,,,,,,,
3DDG,target_not_in_hdf5,,,,,,,,,,,
3DDU,target_not_in_hdf5,,,,,,,,,,,
3DEH,target_not_in_hdf5,,,,,,,,,,,
3DEI,target_not_in_hdf5,,,,,,,,,,,
3DEJ,target_not_in_hdf5,,,,,,,,,,,
3DEK,target_not_in_hdf5,,,,,,,,,,,
3DGL,target_not_in_hdf5,,,,,,,,,,,
3DGN,target_not_in_hdf5,,,,,,,,,,,
3DGO,target_not_in_hdf5,,,,,,,,,,,
3DGQ,target_not_in_hdf5,,,,,,,,,,,
3DHK,target_not_in_hdf5,,,,,,,,,,,
3DI6,target_not_in_hdf5,,,,,,,,,,,
3DIW,target_not_in_hdf5,,,,,,,,,,,
3DJO,target_not_in_hdf5,,,,,,,,,,,
3DJP,target_not_in_hdf5,,,,,,,,,,,
3DJQ,target_not_in_hdf5,,,,,,,,,,,
3DJV,target_not_in_hdf5,,,,,,,,,,,
3DJX,target_not_in_hdf5,,,,,,,,,,,
3DK1,target_not_in_hdf5,,,,,,,,,,,
3DKF,target_not_in_hdf5,,,,,,,,,,,
3DKG,target_not_in_hdf5,,,,,,,,,,,
3DKJ,target_not_in_hdf5,,,,,,,,,,,
3DLA,target_not_in_hdf5,,,,,,,,,,,
3DLN,target_not_in_hdf5,,,,,,,,,,,
3DM6,target_not_in_hdf5,,,,,,,,,,,
3DND,target_not_in_hdf5,,,,,,,,,,,
3DNG,target_not_in_hdf5,,,,,,,,,,,
3DOG,target_not_in_hdf5,,,,,,,,,,,
3DOW,target_not_in_hdf5,,,,,,,,,,,
3DOY,target_not_in_hdf5,,,,,,,,,,,
3DOZ,target_not_in_hdf5,,,,,,,,,,,
3DP0,target_not_in_hdf5,,,,,,,,,,,
3DP2,target_not_in_hdf5,,,,,,,,,,,
3DP4,target_not_in_hdf5,,,,,,,,,,,
3DP9,target_not_in_hdf5,,,,,,,,,,,
3DPC,target_not_in_hdf5,,,,,,,,,,,
3DPD,target_not_in_hdf5,,,,,,,,,,,
3DPE,target_not_in_hdf5,,,,,,,,,,,
3DPF,target_not_in_hdf5,,,,,,,,,,,
3DPO,target_not_in_hdf5,,,,,,,,,,,
3DRF,target_not_in_hdf5,,,,,,,,,,,
3DRG,target_not_in_hdf5,,,,,,,,,,,
3DRI,target_not_in_hdf5,,,,,,,,,,,
3DS0,target_not_in_hdf5,,,,,,,,,,,
3DS1,target_not_in_hdf5,,,,,,,,,,,
3DS3,target_not_in_hdf5,,,,,,,,,,,
3DS4,target_not_in_hdf5,,,,,,,,,,,
3DS6,target_not_in_hdf5,,,,,,,,,,,
3DST,target_not_in_hdf5,,,,,,,,,,,
3DSU,target_not_in_hdf5,,,,,,,,,,,
3DT1,target_not_in_hdf5,,,,,,,,,,,
3DUX,target_not_in_hdf5,,,,,,,,,,,
3DUY,target_not_in_hdf5,,,,,,,,,,,
3DV1,target_not_in_hdf5,,,,,,,,,,,
3DV5,target_not_in_hdf5,,,,,,,,,,,
3DVP,target_not_in_hdf5,,,,,,,,,,,
3DWB,target_not_in_hdf5,,,,,,,,,,,
3DX0,target_not_in_hdf5,,,,,,,,,,,
3DX1,target_not_in_hdf5,,,,,,,,,,,
3DX2,target_not_in_hdf5,,,,,,,,,,,
3DX3,target_not_in_hdf5,,,,,,,,,,,
3DX4,target_not_in_hdf5,,,,,,,,,,,
3DXG,target_not_in_hdf5,,,,,,,,,,,
3DXH,target_not_in_hdf5,,,,,,,,,,,
3DXM,target_not_in_hdf5,,,,,,,,,,,
3DY6,target_not_in_hdf5,,,,,,,,,,,
3DZ4,target_not_in_hdf5,,,,,,,,,,,
3DZT,target_not_in_hdf5,,,,,,,,,,,
3E0Q,target_not_in_hdf5,,,,,,,,,,,
3E12,target_not_in_hdf5,,,,,,,,,,,
3E1R,target_not_in_hdf5,,,,,,,,,,,
3E3B,target_not_in_hdf5,,,,,,,,,,,
3E3C,target_not_in_hdf5,,,,,,,,,,,
3E3U,target_not_in_hdf5,,,,,,,,,,,
3E5U,target_not_in_hdf5,,,,,,,,,,,
3E6Y,target_not_in_hdf5,,,,,,,,,,,
3E73,target_not_in_hdf5,,,,,,,,,,,
3E7A,target_not_in_hdf5,,,,,,,,,,,
3E7B,target_not_in_hdf5,,,,,,,,,,,
3E7O,target_not_in_hdf5,,,,,,,,,,,
3E81,target_not_in_hdf5,,,,,,,,,,,
3E8N,target_not_in_hdf5,,,,,,,,,,,
3E8U,target_not_in_hdf5,,,,,,,,,,,
3E92,target_not_in_hdf5,,,,,,,,,,,
3E93,target_not_in_hdf5,,,,,,,,,,,
3E9I,target_not_in_hdf5,,,,,,,,,,,
3EAX,target_not_in_hdf5,,,,,,,,,,,
3EB1,target_not_in_hdf5,,,,,,,,,,,
3EBH,target_not_in_hdf5,,,,,,,,,,,
3EBI,target_not_in_hdf5,,,,,,,,,,,
3EBL,target_not_in_hdf5,,,,,,,,,,,
3EBP,target_not_in_hdf5,,,,,,,,,,,
3ECN,target_not_in_hdf5,,,,,,,,,,,
3EEB,target_not_in_hdf5,,,,,,,,,,,
3EFR,target_not_in_hdf5,,,,,,,,,,,
3EFT,target_not_in_hdf5,,,,,,,,,,,
3EG6,target_not_in_hdf5,,,,,,,,,,,
3EGK,target_not_in_hdf5,,,,,,,,,,,
3EGT,target_not_in_hdf5,,,,,,,,,,,
3EHN,target_not_in_hdf5,,,,,,,,,,,
3EHT,target_not_in_hdf5,,,,,,,,,,,
3EHW,target_not_in_hdf5,,,,,,,,,,,
3EHY,target_not_in_hdf5,,,,,,,,,,,
3EID,target_not_in_hdf5,,,,,,,,,,,
3EIO,target_not_in_hdf5,,,,,,,,,,,
3EJ1,target_not_in_hdf5,,,,,,,,,,,
3EJP,target_not_in_hdf5,,,,,,,,,,,
3EJS,target_not_in_hdf5,,,,,,,,,,,
3EJT,target_not_in_hdf5,,,,,,,,,,,
3EJU,target_not_in_hdf5,,,,,,,,,,,
3EKA,target_not_in_hdf5,,,,,,,,,,,
3EKO,target_not_in_hdf5,,,,,,,,,,,
3EKQ,target_not_in_hdf5,,,,,,,,,,,
3EKS,target_not_in_hdf5,,,,,,,,,,,
3EKX,target_not_in_hdf5,,,,,,,,,,,
3EL0,target_not_in_hdf5,,,,,,,,,,,
3EL1,target_not_in_hdf5,,,,,,,,,,,
3EL4,target_not_in_hdf5,,,,,,,,,,,
3EL7,target_not_in_hdf5,,,,,,,,,,,
3EL8,target_not_in_hdf5,,,,,,,,,,,
3ELC,target_not_in_hdf5,,,,,,,,,,,
3ELJ,target_not_in_hdf5,,,,,,,,,,,
3ELM,target_not_in_hdf5,,,,,,,,,,,
3EMG,target_not_in_hdf5,,,,,,,,,,,
3EMH,target_not_in_hdf5,,,,,,,,,,,
3EML,target_not_in_hdf5,,,,,,,,,,,
3EOR,target_not_in_hdf5,,,,,,,,,,,
3EOU,target_not_in_hdf5,,,,,,,,,,,
3EOV,target_not_in_hdf5,,,,,,,,,,,
3EQ7,target_not_in_hdf5,,,,,,,,,,,
3EQ9,target_not_in_hdf5,,,,,,,,,,,
3EQB,target_not_in_hdf5,,,,,,,,,,,
3EQS,target_not_in_hdf5,,,,,,,,,,,
3ER3,target_not_in_hdf5,,,,,,,,,,,
3ERD,target_not_in_hdf5,,,,,,,,,,,
3ERN,target_not_in_hdf5,,,,,,,,,,,
3ERY,target_not_in_hdf5,,,,,,,,,,,
3ESJ,target_not_in_hdf5,,,,,,,,,,,
3ESS,target_not_in_hdf5,,,,,,,,,,,
3EU5,target_not_in_hdf5,,,,,,,,,,,
3EU7,target_not_in_hdf5,,,,,,,,,,,
3EVC,target_not_in_hdf5,,,,,,,,,,,
3EVD,target_not_in_hdf5,,,,,,,,,,,
3EW2,target_not_in_hdf5,,,,,,,,,,,
3EWJ,target_not_in_hdf5,,,,,,,,,,,
3EWU,target_not_in_hdf5,,,,,,,,,,,
3EX2,target_not_in_hdf5,,,,,,,,,,,
3EX3,target_not_in_hdf5,,,,,,,,,,,
3EYD,target_not_in_hdf5,,,,,,,,,,,
3EYF,target_not_in_hdf5,,,,,,,,,,,
3EYG,target_not_in_hdf5,,,,,,,,,,,
3EYL,target_not_in_hdf5,,,,,,,,,,,
3EYS,target_not_in_hdf5,,,,,,,,,,,
3EZR,target_not_in_hdf5,,,,,,,,,,,
3F07,target_not_in_hdf5,,,,,,,,,,,
3F15,target_not_in_hdf5,,,,,,,,,,,
3F33,target_not_in_hdf5,,,,,,,,,,,
3F34,target_not_in_hdf5,,,,,,,,,,,
3F35,target_not_in_hdf5,,,,,,,,,,,
3F36,target_not_in_hdf5,,,,,,,,,,,
3F37,target_not_in_hdf5,,,,,,,,,,,
3F38,target_not_in_hdf5,,,,,,,,,,,
3F39,target_not_in_hdf5,,,,,,,,,,,
3F3A,target_not_in_hdf5,,,,,,,,,,,
3F3C,target_not_in_hdf5,,,,,,,,,,,
3F3D,target_not_in_hdf5,,,,,,,,,,,
3F3E,target_not_in_hdf5,,,,,,,,,,,
3F3U,target_not_in_hdf5,,,,,,,,,,,
3F3V,target_not_in_hdf5,,,,,,,,,,,
3F3W,target_not_in_hdf5,,,,,,,,,,,
3F48,target_not_in_hdf5,,,,,,,,,,,
3F5J,target_not_in_hdf5,,,,,,,,,,,
3F5K,target_not_in_hdf5,,,,,,,,,,,
3F5L,target_not_in_hdf5,,,,,,,,,,,
3F68,target_not_in_hdf5,,,,,,,,,,,
3F6G,target_not_in_hdf5,,,,,,,,,,,
3F6H,target_not_in_hdf5,,,,,,,,,,,
3F70,target_not_in_hdf5,,,,,,,,,,,
3F78,target_not_in_hdf5,,,,,,,,,,,
3F7G,target_not_in_hdf5,,,,,,,,,,,
3F7H,target_not_in_hdf5,,,,,,,,,,,
3F7I,target_not_in_hdf5,,,,,,,,,,,
3F7U,target_not_in_hdf5,,,,,,,,,,,
3F7Z,target_not_in_hdf5,,,,,,,,,,,
3F82,target_not_in_hdf5,,,,,,,,,,,
3F8C,target_not_in_hdf5,,,,,,,,,,,
3F8E,target_not_in_hdf5,,,,,,,,,,,
3F8F,target_not_in_hdf5,,,,,,,,,,,
3F8W,target_not_in_hdf5,,,,,,,,,,,
3F9W,target_not_in_hdf5,,,,,,,,,,,
3FAS,target_not_in_hdf5,,,,,,,,,,,
3FAT,target_not_in_hdf5,,,,,,,,,,,
3FBR,target_not_in_hdf5,,,,,,,,,,,
3FC1,target_not_in_hdf5,,,,,,,,,,,
3FC8,target_not_in_hdf5,,,,,,,,,,,
3FCI,target_not_in_hdf5,,,,,,,,,,,
3FCK,target_not_in_hdf5,,,,,,,,,,,
3FCL,target_not_in_hdf5,,,,,,,,,,,
3FCQ,target_not_in_hdf5,,,,,,,,,,,
3FDN,target_not_in_hdf5,,,,,,,,,,,
3FDT,target_not_in_hdf5,,,,,,,,,,,
3FED,target_not_in_hdf5,,,,,,,,,,,
3FEE,target_not_in_hdf5,,,,,,,,,,,
3FEI,target_not_in_hdf5,,,,,,,,,,,
3FEJ,target_not_in_hdf5,,,,,,,,,,,
3FF3,target_not_in_hdf5,,,,,,,,,,,
3FF6,target_not_in_hdf5,,,,,,,,,,,
3FFP,target_not_in_hdf5,,,,,,,,,,,
3FGC,target_not_in_hdf5,,,,,,,,,,,
3FH5,target_not_in_hdf5,,,,,,,,,,,
3FH7,target_not_in_hdf5,,,,,,,,,,,
3FH8,target_not_in_hdf5,,,,,,,,,,,
3FHR,target_not_in_hdf5,,,,,,,,,,,
3FI3,target_not_in_hdf5,,,,,,,,,,,
3FJ7,target_not_in_hdf5,,,,,,,,,,,
3FJG,target_not_in_hdf5,,,,,,,,,,,
3FJZ,target_not_in_hdf5,,,,,,,,,,,
3FK1,target_not_in_hdf5,,,,,,,,,,,
3FKT,target_not_in_hdf5,,,,,,,,,,,
3FL5,target_not_in_hdf5,,,,,,,,,,,
3FL9,target_not_in_hdf5,,,,,,,,,,,
3FMQ,target_not_in_hdf5,,,,,,,,,,,
3FMR,target_not_in_hdf5,,,,,,,,,,,
3FN0,target_not_in_hdf5,,,,,,,,,,,
3FNM,target_not_in_hdf5,,,,,,,,,,,
3FPD,target_not_in_hdf5,,,,,,,,,,,
3FPM,target_not_in_hdf5,,,,,,,,,,,
3FQ7,target_not_in_hdf5,,,,,,,,,,,
3FQA,target_not_in_hdf5,,,,,,,,,,,
3FR4,target_not_in_hdf5,,,,,,,,,,,
3FR5,target_not_in_hdf5,,,,,,,,,,,
3FRG,target_not_in_hdf5,,,,,,,,,,,
3FRZ,target_not_in_hdf5,,,,,,,,,,,
3FT2,target_not_in_hdf5,,,,,,,,,,,
3FT3,target_not_in_hdf5,,,,,,,,,,,
3FT4,target_not_in_hdf5,,,,,,,,,,,
3FTQ,target_not_in_hdf5,,,,,,,,,,,
3FTS,target_not_in_hdf5,,,,,,,,,,,
3FTV,target_not_in_hdf5,,,,,,,,,,,
3FTW,target_not_in_hdf5,,,,,,,,,,,
3FU0,target_not_in_hdf5,,,,,,,,,,,
3FU3,target_not_in_hdf5,,,,,,,,,,,
3FU5,target_not_in_hdf5,,,,,,,,,,,
3FUE,target_not_in_hdf5,,,,,,,,,,,
3FUF,target_not_in_hdf5,,,,,,,,,,,
3FUH,target_not_in_hdf5,,,,,,,,,,,
3FUJ,target_not_in_hdf5,,,,,,,,,,,
3FUK,target_not_in_hdf5,,,,,,,,,,,
3FUL,target_not_in_hdf5,,,,,,,,,,,
3FUM,target_not_in_hdf5,,,,,,,,,,,
3FUP,target_not_in_hdf5,,,,,,,,,,,
3FUZ,target_not_in_hdf5,,,,,,,,,,,
3FV1,target_not_in_hdf5,,,,,,,,,,,
3FV3,target_not_in_hdf5,,,,,,,,,,,
3FV8,target_not_in_hdf5,,,,,,,,,,,
3FVG,target_not_in_hdf5,,,,,,,,,,,
3FVH,target_not_in_hdf5,,,,,,,,,,,
3FVK,target_not_in_hdf5,,,,,,,,,,,
3FVL,target_not_in_hdf5,,,,,,,,,,,
3FVN,target_not_in_hdf5,,,,,,,,,,,
3FW3,target_not_in_hdf5,,,,,,,,,,,
3FW4,target_not_in_hdf5,,,,,,,,,,,
3FWV,target_not_in_hdf5,,,,,,,,,,,
3FXV,target_not_in_hdf5,,,,,,,,,,,
3FXW,target_not_in_hdf5,,,,,,,,,,,
3FYJ,target_not_in_hdf5,,,,,,,,,,,
3FYK,target_not_in_hdf5,,,,,,,,,,,
3FZ1,target_not_in_hdf5,,,,,,,,,,,
3FZS,target_not_in_hdf5,,,,,,,,,,,
3FZY,target_not_in_hdf5,,,,,,,,,,,
3G08,target_not_in_hdf5,,,,,,,,,,,
3G0B,target_not_in_hdf5,,,,,,,,,,,
3G0E,target_not_in_hdf5,,,,,,,,,,,
3G0F,target_not_in_hdf5,,,,,,,,,,,
3G0I,target_not_in_hdf5,,,,,,,,,,,
3G0W,target_not_in_hdf5,,,,,,,,,,,
3G19,target_not_in_hdf5,,,,,,,,,,,
3G1D,target_not_in_hdf5,,,,,,,,,,,
3G1M,target_not_in_hdf5,,,,,,,,,,,
3G1V,target_not_in_hdf5,,,,,,,,,,,
3G2H,target_not_in_hdf5,,,,,,,,,,,
3G2I,target_not_in_hdf5,,,,,,,,,,,
3G2J,target_not_in_hdf5,,,,,,,,,,,
3G2K,target_not_in_hdf5,,,,,,,,,,,
3G2N,target_not_in_hdf5,,,,,,,,,,,
3G2S,target_not_in_hdf5,,,,,,,,,,,
3G2T,target_not_in_hdf5,,,,,,,,,,,
3G2U,target_not_in_hdf5,,,,,,,,,,,
3G2V,target_not_in_hdf5,,,,,,,,,,,
3G2W,target_not_in_hdf5,,,,,,,,,,,
3G2Y,target_not_in_hdf5,,,,,,,,,,,
3G2Z,target_not_in_hdf5,,,,,,,,,,,
3G30,target_not_in_hdf5,,,,,,,,,,,
3G31,target_not_in_hdf5,,,,,,,,,,,
3G32,target_not_in_hdf5,,,,,,,,,,,
3G34,target_not_in_hdf5,,,,,,,,,,,
3G3D,target_not_in_hdf5,,,,,,,,,,,
3G3M,target_not_in_hdf5,,,,,,,,,,,
3G3R,target_not_in_hdf5,,,,,,,,,,,
3G42,target_not_in_hdf5,,,,,,,,,,,
3G4F,target_not_in_hdf5,,,,,,,,,,,
3G4K,target_not_in_hdf5,,,,,,,,,,,
3G4L,target_not_in_hdf5,,,,,,,,,,,
3G5K,target_not_in_hdf5,,,,,,,,,,,
3G5V,target_not_in_hdf5,,,,,,,,,,,
3G5Y,target_not_in_hdf5,,,,,,,,,,,
3G7L,target_not_in_hdf5,,,,,,,,,,,
3G8E,target_not_in_hdf5,,,,,,,,,,,
3G8O,target_not_in_hdf5,,,,,,,,,,,
3G9L,target_not_in_hdf5,,,,,,,,,,,
3GA5,target_not_in_hdf5,,,,,,,,,,,
3GBA,target_not_in_hdf5,,,,,,,,,,,
3GBB,target_not_in_hdf5,,,,,,,,,,,
3GBE,target_not_in_hdf5,,,,,,,,,,,
3GC4,target_not_in_hdf5,,,,,,,,,,,
3GC5,target_not_in_hdf5,,,,,,,,,,,
3GC7,target_not_in_hdf5,,,,,,,,,,,
3GCP,target_not_in_hdf5,,,,,,,,,,,
3GCS,target_not_in_hdf5,,,,,,,,,,,
3GCV,target_not_in_hdf5,,,,,,,,,,,
3GDS,target_not_in_hdf5,,,,,,,,,,,
3GDT,target_not_in_hdf5,,,,,,,,,,,
3GEN,target_not_in_hdf5,,,,,,,,,,,
3GEP,target_not_in_hdf5,,,,,,,,,,,
3GF2,target_not_in_hdf5,,,,,,,,,,,
3GGC,target_not_in_hdf5,,,,,,,,,,,
3GGJ,target_not_in_hdf5,,,,,,,,,,,
3GGU,target_not_in_hdf5,,,,,,,,,,,
3GI5,target_not_in_hdf5,,,,,,,,,,,
3GJD,target_not_in_hdf5,,,,,,,,,,,
3GJQ,target_not_in_hdf5,,,,,,,,,,,
3GJS,target_not_in_hdf5,,,,,,,,,,,
3GJT,target_not_in_hdf5,,,,,,,,,,,
3GJW,target_not_in_hdf5,,,,,,,,,,,
3GK1,target_not_in_hdf5,,,,,,,,,,,
3GK2,target_not_in_hdf5,,,,,,,,,,,
3GL6,target_not_in_hdf5,,,,,,,,,,,
3GM0,target_not_in_hdf5,,,,,,,,,,,
3GN7,target_not_in_hdf5,,,,,,,,,,,
3GNV,target_not_in_hdf5,,,,,,,,,,,
3GNW,target_not_in_hdf5,,,,,,,,,,,
3GOL,target_not_in_hdf5,,,,,,,,,,,
3GPE,target_not_in_hdf5,,,,,,,,,,,
3GR2,target_not_in_hdf5,,,,,,,,,,,
3GS6,target_not_in_hdf5,,,,,,,,,,,
3GS7,target_not_in_hdf5,,,,,,,,,,,
3GSG,target_not_in_hdf5,,,,,,,,,,,
3GSM,target_not_in_hdf5,,,,,,,,,,,
3GT9,target_not_in_hdf5,,,,,,,,,,,
3GTC,target_not_in_hdf5,,,,,,,,,,,
3GUS,target_not_in_hdf5,,,,,,,,,,,
3GUZ,target_not_in_hdf5,,,,,,,,,,,
3GV6,target_not_in_hdf5,,,,,,,,,,,
3GV9,target_not_in_hdf5,,,,,,,,,,,
3GVB,target_not_in_hdf5,,,,,,,,,,,
3GW5,target_not_in_hdf5,,,,,,,,,,,
3GWT,target_not_in_hdf5,,,,,,,,,,,
3GWU,target_not_in_hdf5,,,,,,,,,,,
3GWV,target_not_in_hdf5,,,,,,,,,,,
3GWW,target_not_in_hdf5,,,,,,,,,,,
3GWX,target_not_in_hdf5,,,,,,,,,,,
3GX0,target_not_in_hdf5,,,,,,,,,,,
3GXT,target_not_in_hdf5,,,,,,,,,,,
3GXY,target_not_in_hdf5,,,,,,,,,,,
3GXZ,target_not_in_hdf5,,,,,,,,,,,
3H03,target_not_in_hdf5,,,,,,,,,,,
3H06,target_not_in_hdf5,,,,,,,,,,,
3H0B,target_not_in_hdf5,,,,,,,,,,,
3H0V,target_not_in_hdf5,,,,,,,,,,,
3H0Z,target_not_in_hdf5,,,,,,,,,,,
3H1Z,target_not_in_hdf5,,,,,,,,,,,
3H21,target_not_in_hdf5,,,,,,,,,,,
3H2C,target_not_in_hdf5,,,,,,,,,,,
3H2N,target_not_in_hdf5,,,,,,,,,,,
3H3C,target_not_in_hdf5,,,,,,,,,,,
3H59,target_not_in_hdf5,,,,,,,,,,,
3H5S,target_not_in_hdf5,,,,,,,,,,,
3H6Z,target_not_in_hdf5,,,,,,,,,,,
3H78,target_not_in_hdf5,,,,,,,,,,,
3H85,target_not_in_hdf5,,,,,,,,,,,
3H91,target_not_in_hdf5,,,,,,,,,,,
3H9K,target_not_in_hdf5,,,,,,,,,,,
3HAU,target_not_in_hdf5,,,,,,,,,,,
3HAW,target_not_in_hdf5,,,,,,,,,,,
3HB4,target_not_in_hdf5,,,,,,,,,,,
3HB8,target_not_in_hdf5,,,,,,,,,,,
3HBO,target_not_in_hdf5,,,,,,,,,,,
3HCM,target_not_in_hdf5,,,,,,,,,,,
3HD3,target_not_in_hdf5,,,,,,,,,,,
3HDK,target_not_in_hdf5,,,,,,,,,,,
3HDZ,target_not_in_hdf5,,,,,,,,,,,
3HFJ,target_not_in_hdf5,,,,,,,,,,,
3HFZ,target_not_in_hdf5,,,,,,,,,,,
3HG1,target_not_in_hdf5,,,,,,,,,,,
3HHA,target_not_in_hdf5,,,,,,,,,,,
3HIK,target_not_in_hdf5,,,,,,,,,,,
3HIV,target_not_in_hdf5,,,,,,,,,,,
3HJ0,target_not_in_hdf5,,,,,,,,,,,
3HJO,target_not_in_hdf5,,,,,,,,,,,
3HK1,target_not_in_hdf5,,,,,,,,,,,
3HKN,target_not_in_hdf5,,,,,,,,,,,
3HKQ,target_not_in_hdf5,,,,,,,,,,,
3HKT,target_not_in_hdf5,,,,,,,,,,,
3HKU,target_not_in_hdf5,,,,,,,,,,,
3HL5,target_not_in_hdf5,,,,,,,,,,,
3HL7,target_not_in_hdf5,,,,,,,,,,,
3HL8,target_not_in_hdf5,,,,,,,,,,,
3HLL,target_not_in_hdf5,,,,,,,,,,,
3HLO,target_not_in_hdf5,,,,,,,,,,,
3HNG,target_not_in_hdf5,,,,,,,,,,,
3HP2,target_not_in_hdf5,,,,,,,,,,,
3HP5,target_not_in_hdf5,,,,,,,,,,,
3HQ5,target_not_in_hdf5,,,,,,,,,,,
3HQH,target_not_in_hdf5,,,,,,,,,,,
3HQR,target_not_in_hdf5,,,,,,,,,,,
3HR1,target_not_in_hdf5,,,,,,,,,,,
3HRB,target_not_in_hdf5,,,,,,,,,,,
3HRF,target_not_in_hdf5,,,,,,,,,,,
3HS4,target_not_in_hdf5,,,,,,,,,,,
3HU1,target_not_in_hdf5,,,,,,,,,,,
3HU2,target_not_in_hdf5,,,,,,,,,,,
3HU3,target_not_in_hdf5,,,,,,,,,,,
3HUC,target_not_in_hdf5,,,,,,,,,,,
3HV6,target_not_in_hdf5,,,,,,,,,,,
3HV7,target_not_in_hdf5,,,,,,,,,,,
3HVH,target_not_in_hdf5,,,,,,,,,,,
3HVJ,target_not_in_hdf5,,,,,,,,,,,
3HVK,target_not_in_hdf5,,,,,,,,,,,
3HWW,target_not_in_hdf5,,,,,,,,,,,
3HX3,target_not_in_hdf5,,,,,,,,,,,
3HXB,target_not_in_hdf5,,,,,,,,,,,
3HXD,target_not_in_hdf5,,,,,,,,,,,
3HXF,target_not_in_hdf5,,,,,,,,,,,
3HY5,target_not_in_hdf5,,,,,,,,,,,
3HY7,target_not_in_hdf5,,,,,,,,,,,
3HZK,target_not_in_hdf5,,,,,,,,,,,
3HZM,target_not_in_hdf5,,,,,,,,,,,
3HZV,target_not_in_hdf5,,,,,,,,,,,
3HZY,target_not_in_hdf5,,,,,,,,,,,
3I02,target_not_in_hdf5,,,,,,,,,,,
3I0R,target_not_in_hdf5,,,,,,,,,,,
3I0S,target_not_in_hdf5,,,,,,,,,,,
3I1Y,target_not_in_hdf5,,,,,,,,,,,
3I25,target_not_in_hdf5,,,,,,,,,,,
3I4A,target_not_in_hdf5,,,,,,,,,,,
3I4Y,target_not_in_hdf5,,,,,,,,,,,
3I51,target_not_in_hdf5,,,,,,,,,,,
3I5R,target_not_in_hdf5,,,,,,,,,,,
3I6M,target_not_in_hdf5,,,,,,,,,,,
3I6O,target_not_in_hdf5,,,,,,,,,,,
3I6Z,target_not_in_hdf5,,,,,,,,,,,
3I73,target_not_in_hdf5,,,,,,,,,,,
3I7G,target_not_in_hdf5,,,,,,,,,,,
3I8T,target_not_in_hdf5,,,,,,,,,,,
3I90,target_not_in_hdf5,,,,,,,,,,,
3I91,target_not_in_hdf5,,,,,,,,,,,
3I97,target_not_in_hdf5,,,,,,,,,,,
3I9G,target_not_in_hdf5,,,,,,,,,,,
3IA6,target_not_in_hdf5,,,,,,,,,,,
3IBC,target_not_in_hdf5,,,,,,,,,,,
3IBI,target_not_in_hdf5,,,,,,,,,,,
3IBL,target_not_in_hdf5,,,,,,,,,,,
3IBN,target_not_in_hdf5,,,,,,,,,,,
3IBU,target_not_in_hdf5,,,,,,,,,,,
3IE3,target_not_in_hdf5,,,,,,,,,,,
3IEO,target_not_in_hdf5,,,,,,,,,,,
3IET,target_not_in_hdf5,,,,,,,,,,,
3IF7,target_not_in_hdf5,,,,,,,,,,,
3IG1,target_not_in_hdf5,,,,,,,,,,,
3IG6,target_not_in_hdf5,,,,,,,,,,,
3IG7,target_not_in_hdf5,,,,,,,,,,,
3IGG,target_not_in_hdf5,,,,,,,,,,,
3IGP,target_not_in_hdf5,,,,,,,,,,,
3IHZ,target_not_in_hdf5,,,,,,,,,,,
3IIT,target_not_in_hdf5,,,,,,,,,,,
3IIW,target_not_in_hdf5,,,,,,,,,,,
3IJG,target_not_in_hdf5,,,,,,,,,,,
3IJH,target_not_in_hdf5,,,,,,,,,,,
3IJY,target_not_in_hdf5,,,,,,,,,,,
3IKC,target_not_in_hdf5,,,,,,,,,,,
3IKD,target_not_in_hdf5,,,,,,,,,,,
3IL5,target_not_in_hdf5,,,,,,,,,,,
3IL6,target_not_in_hdf5,,,,,,,,,,,
3ILQ,target_not_in_hdf5,,,,,,,,,,,
3IMC,target_not_in_hdf5,,,,,,,,,,,
3IMG,target_not_in_hdf5,,,,,,,,,,,
3IOF,target_not_in_hdf5,,,,,,,,,,,
3IOG,target_not_in_hdf5,,,,,,,,,,,
3IOI,target_not_in_hdf5,,,,,,,,,,,
3IP5,target_not_in_hdf5,,,,,,,,,,,
3IP6,target_not_in_hdf5,,,,,,,,,,,
3IP8,target_not_in_hdf5,,,,,,,,,,,
3IP9,target_not_in_hdf5,,,,,,,,,,,
3IPA,target_not_in_hdf5,,,,,,,,,,,
3IPH,target_not_in_hdf5,,,,,,,,,,,
3IPS,target_not_in_hdf5,,,,,,,,,,,
3IPX,target_not_in_hdf5,,,,,,,,,,,
3IQG,target_not_in_hdf5,,,,,,,,,,,
3IQI,target_not_in_hdf5,,,,,,,,,,,
3IQJ,target_not_in_hdf5,,,,,,,,,,,
3IQQ,target_not_in_hdf5,,,,,,,,,,,
3IQU,target_not_in_hdf5,,,,,,,,,,,
3IRX,target_not_in_hdf5,,,,,,,,,,,
3ISW,target_not_in_hdf5,,,,,,,,,,,
3ITC,target_not_in_hdf5,,,,,,,,,,,
3ITH,target_not_in_hdf5,,,,,,,,,,,
3ITU,target_not_in_hdf5,,,,,,,,,,,
3IU7,target_not_in_hdf5,,,,,,,,,,,
3IU9,target_not_in_hdf5,,,,,,,,,,,
3IUC,target_not_in_hdf5,,,,,,,,,,,
3IUT,target_not_in_hdf5,,,,,,,,,,,
3IVC,target_not_in_hdf5,,,,,,,,,,,
3IVG,target_not_in_hdf5,,,,,,,,,,,
3IVH,target_not_in_hdf5,,,,,,,,,,,
3IVQ,target_not_in_hdf5,,,,,,,,,,,
3IVX,target_not_in_hdf5,,,,,,,,,,,
3IW4,target_not_in_hdf5,,,,,,,,,,,
3IW5,target_not_in_hdf5,,,,,,,,,,,
3IW7,target_not_in_hdf5,,,,,,,,,,,
3IW8,target_not_in_hdf5,,,,,,,,,,,
3IWW,target_not_in_hdf5,,,,,,,,,,,
3JDW,target_not_in_hdf5,,,,,,,,,,,
3JQ7,target_not_in_hdf5,,,,,,,,,,,
3JQ9,target_not_in_hdf5,,,,,,,,,,,
3JQA,target_not_in_hdf5,,,,,,,,,,,
3JQB,target_not_in_hdf5,,,,,,,,,,,
3JQG,target_not_in_hdf5,,,,,,,,,,,
3JRS,target_not_in_hdf5,,,,,,,,,,,
3JRX,target_not_in_hdf5,,,,,,,,,,,
3JSI,target_not_in_hdf5,,,,,,,,,,,
3JSW,target_not_in_hdf5,,,,,,,,,,,
3JUK,target_not_in_hdf5,,,,,,,,,,,
3JVK,target_not_in_hdf5,,,,,,,,,,,
3JWQ,target_not_in_hdf5,,,,,,,,,,,
3JY0,target_not_in_hdf5,,,,,,,,,,,
3JYJ,target_not_in_hdf5,,,,,,,,,,,
3JYR,target_not_in_hdf5,,,,,,,,,,,
3JZF,target_not_in_hdf5,,,,,,,,,,,
3JZG,target_not_in_hdf5,,,,,,,,,,,
3JZH,target_not_in_hdf5,,,,,,,,,,,
3JZJ,target_not_in_hdf5,,,,,,,,,,,
3JZK,target_not_in_hdf5,,,,,,,,,,,
3JZO,target_not_in_hdf5,,,,,,,,,,,
3JZP,target_not_in_hdf5,,,,,,,,,,,
3JZQ,target_not_in_hdf5,,,,,,,,,,,
3JZR,target_not_in_hdf5,,,,,,,,,,,
3JZS,target_not_in_hdf5,,,,,,,,,,,
3K00,target_not_in_hdf5,,,,,,,,,,,
3K02,target_not_in_hdf5,,,,,,,,,,,
3K22,target_not_in_hdf5,,,,,,,,,,,
3K23,target_not_in_hdf5,,,,,,,,,,,
3K26,target_not_in_hdf5,,,,,,,,,,,
3K27,target_not_in_hdf5,,,,,,,,,,,
3K37,target_not_in_hdf5,,,,,,,,,,,
3K3B,target_not_in_hdf5,,,,,,,,,,,
3K3E,target_not_in_hdf5,,,,,,,,,,,
3K3G,target_not_in_hdf5,,,,,,,,,,,
3K3H,target_not_in_hdf5,,,,,,,,,,,
3K3I,target_not_in_hdf5,,,,,,,,,,,
3K41,target_not_in_hdf5,,,,,,,,,,,
3K4D,target_not_in_hdf5,,,,,,,,,,,
3K4Q,target_not_in_hdf5,,,,,,,,,,,
3K54,target_not_in_hdf5,,,,,,,,,,,
3K5D,target_not_in_hdf5,,,,,,,,,,,
3K5F,target_not_in_hdf5,,,,,,,,,,,
3K5G,target_not_in_hdf5,,,,,,,,,,,
3K5I,target_not_in_hdf5,,,,,,,,,,,
3K5K,target_not_in_hdf5,,,,,,,,,,,
3K5U,target_not_in_hdf5,,,,,,,,,,,
3K5X,target_not_in_hdf5,,,,,,,,,,,
3K7F,target_not_in_hdf5,,,,,,,,,,,
3K83,target_not_in_hdf5,,,,,,,,,,,
3K84,target_not_in_hdf5,,,,,,,,,,,
3K8C,target_not_in_hdf5,,,,,,,,,,,
3K8D,target_not_in_hdf5,,,,,,,,,,,
3K8O,target_not_in_hdf5,,,,,,,,,,,
3K99,target_not_in_hdf5,,,,,,,,,,,
3KA2,target_not_in_hdf5,,,,,,,,,,,
3KAC,target_not_in_hdf5,,,,,,,,,,,
3KAD,target_not_in_hdf5,,,,,,,,,,,
3KAG,target_not_in_hdf5,,,,,,,,,,,
3KB3,target_not_in_hdf5,,,,,,,,,,,
3KB7,target_not_in_hdf5,,,,,,,,,,,
3KBZ,target_not_in_hdf5,,,,,,,,,,,
3KD7,target_not_in_hdf5,,,,,,,,,,,
3KDC,target_not_in_hdf5,,,,,,,,,,,
3KDM,target_not_in_hdf5,,,,,,,,,,,
3KDT,target_not_in_hdf5,,,,,,,,,,,
3KEC,target_not_in_hdf5,,,,,,,,,,,
3KED,target_not_in_hdf5,,,,,,,,,,,
3KEJ,target_not_in_hdf5,,,,,,,,,,,
3KEK,target_not_in_hdf5,,,,,,,,,,,
3KF7,target_not_in_hdf5,,,,,,,,,,,
3KFC,target_not_in_hdf5,,,,,,,,,,,
3KGA,target_not_in_hdf5,,,,,,,,,,,
3KGQ,target_not_in_hdf5,,,,,,,,,,,
3KHJ,target_not_in_hdf5,,,,,,,,,,,
3KHV,target_not_in_hdf5,,,,,,,,,,,
3KIG,target_not_in_hdf5,,,,,,,,,,,
3KIV,target_not_in_hdf5,,,,,,,,,,,
3KJD,target_not_in_hdf5,,,,,,,,,,,
3KJF,target_not_in_hdf5,,,,,,,,,,,
3KJN,target_not_in_hdf5,,,,,,,,,,,
3KJQ,target_not_in_hdf5,,,,,,,,,,,
3KKU,target_not_in_hdf5,,,,,,,,,,,
3KL6,target_not_in_hdf5,,,,,,,,,,,
3KMC,target_not_in_hdf5,,,,,,,,,,,
3KME,target_not_in_hdf5,,,,,,,,,,,
3KMY,target_not_in_hdf5,,,,,,,,,,,
3KPU,target_not_in_hdf5,,,,,,,,,,,
3KPV,target_not_in_hdf5,,,,,,,,,,,
3KPW,target_not_in_hdf5,,,,,,,,,,,
3KQA,target_not_in_hdf5,,,,,,,,,,,
3KQB,target_not_in_hdf5,,,,,,,,,,,
3KQC,target_not_in_hdf5,,,,,,,,,,,
3KQD,target_not_in_hdf5,,,,,,,,,,,
3KQE,target_not_in_hdf5,,,,,,,,,,,
3KQM,target_not_in_hdf5,,,,,,,,,,,
3KQP,target_not_in_hdf5,,,,,,,,,,,
3KQR,target_not_in_hdf5,,,,,,,,,,,
3KQY,target_not_in_hdf5,,,,,,,,,,,
3KR0,target_not_in_hdf5,,,,,,,,,,,
3KR1,target_not_in_hdf5,,,,,,,,,,,
3KR2,target_not_in_hdf5,,,,,,,,,,,
3KR8,target_not_in_hdf5,,,,,,,,,,,
3KRL,target_not_in_hdf5,,,,,,,,,,,
3KRW,target_not_in_hdf5,,,,,,,,,,,
3KSL,target_not_in_hdf5,,,,,,,,,,,
3KSQ,target_not_in_hdf5,,,,,,,,,,,
3KV2,target_not_in_hdf5,,,,,,,,,,,
3KW9,target_not_in_hdf5,,,,,,,,,,,
3KWA,target_not_in_hdf5,,,,,,,,,,,
3KWB,target_not_in_hdf5,,,,,,,,,,,
3KWF,target_not_in_hdf5,,,,,,,,,,,
3KWJ,target_not_in_hdf5,,,,,,,,,,,
3KWZ,target_not_in_hdf5,,,,,,,,,,,
3KX1,target_not_in_hdf5,,,,,,,,,,,
3KYF,target_not_in_hdf5,,,,,,,,,,,
3KYG,target_not_in_hdf5,,,,,,,,,,,
3KYQ,target_not_in_hdf5,,,,,,,,,,,
3L0E,target_not_in_hdf5,,,,,,,,,,,
3L0K,target_not_in_hdf5,,,,,,,,,,,
3L0N,target_not_in_hdf5,,,,,,,,,,,
3L13,target_not_in_hdf5,,,,,,,,,,,
3L17,target_not_in_hdf5,,,,,,,,,,,
3L1N,target_not_in_hdf5,,,,,,,,,,,
3L1S,target_not_in_hdf5,,,,,,,,,,,
3L38,target_not_in_hdf5,,,,,,,,,,,
3L3A,target_not_in_hdf5,,,,,,,,,,,
3L3L,target_not_in_hdf5,,,,,,,,,,,
3L3M,target_not_in_hdf5,,,,,,,,,,,
3L3X,target_not_in_hdf5,,,,,,,,,,,
3L4U,target_not_in_hdf5,,,,,,,,,,,
3L4W,target_not_in_hdf5,,,,,,,,,,,
3L4Z,target_not_in_hdf5,,,,,,,,,,,
3L58,target_not_in_hdf5,,,,,,,,,,,
3L5R,target_not_in_hdf5,,,,,,,,,,,
3L6F,target_not_in_hdf5,,,,,,,,,,,
3L6H,target_not_in_hdf5,,,,,,,,,,,
3L6X,target_not_in_hdf5,,,,,,,,,,,
3L79,target_not_in_hdf5,,,,,,,,,,,
3L7A,target_not_in_hdf5,,,,,,,,,,,
3L7B,target_not_in_hdf5,,,,,,,,,,,
3L7C,target_not_in_hdf5,,,,,,,,,,,
3L7D,target_not_in_hdf5,,,,,,,,,,,
3L7G,target_not_in_hdf5,,,,,,,,,,,
3L8X,target_not_in_hdf5,,,,,,,,,,,
3L9L,target_not_in_hdf5,,,,,,,,,,,
3L9M,target_not_in_hdf5,,,,,,,,,,,
3L9N,target_not_in_hdf5,,,,,,,,,,,
3LBL,target_not_in_hdf5,,,,,,,,,,,
3LBZ,target_not_in_hdf5,,,,,,,,,,,
3LCO,target_not_in_hdf5,,,,,,,,,,,
3LDQ,target_not_in_hdf5,,,,,,,,,,,
3LDW,target_not_in_hdf5,,,,,,,,,,,
3LE8,target_not_in_hdf5,,,,,,,,,,,
3LF0,target_not_in_hdf5,,,,,,,,,,,
3LFN,target_not_in_hdf5,,,,,,,,,,,
3LFS,target_not_in_hdf5,,,,,,,,,,,
3LGL,target_not_in_hdf5,,,,,,,,,,,
3LGP,target_not_in_hdf5,,,,,,,,,,,
3LGS,target_not_in_hdf5,,,,,,,,,,,
3LHJ,target_not_in_hdf5,,,,,,,,,,,
3LI2,target_not_in_hdf5,,,,,,,,,,,
3LIR,target_not_in_hdf5,,,,,,,,,,,
3LJ7,target_not_in_hdf5,,,,,,,,,,,
3LJT,target_not_in_hdf5,,,,,,,,,,,
3LJZ,target_not_in_hdf5,,,,,,,,,,,
3LK0,target_not_in_hdf5,,,,,,,,,,,
3LK1,target_not_in_hdf5,,,,,,,,,,,
3LL8,target_not_in_hdf5,,,,,,,,,,,
3LLE,target_not_in_hdf5,,,,,,,,,,,
3LLM,target_not_in_hdf5,,,,,,,,,,,
3LMK,target_not_in_hdf5,,,,,,,,,,,
3LMP,target_not_in_hdf5,,,,,,,,,,,
3LNZ,target_not_in_hdf5,,,,,,,,,,,
3LOK,target_not_in_hdf5,,,,,,,,,,,
3LOO,target_not_in_hdf5,,,,,,,,,,,
3LOX,target_not_in_hdf5,,,,,,,,,,,
3LP0,target_not_in_hdf5,,,,,,,,,,,
3LP4,target_not_in_hdf5,,,,,,,,,,,
3LP7,target_not_in_hdf5,,,,,,,,,,,
3LPF,target_not_in_hdf5,,,,,,,,,,,
3LPG,target_not_in_hdf5,,,,,,,,,,,
3LPL,target_not_in_hdf5,,,,,,,,,,,
3LPR,target_not_in_hdf5,,,,,,,,,,,
3LQ5,target_not_in_hdf5,,,,,,,,,,,
3LQJ,target_not_in_hdf5,,,,,,,,,,,
3LRH,target_not_in_hdf5,,,,,,,,,,,
3LS4,target_not_in_hdf5,,,,,,,,,,,
3LVP,target_not_in_hdf5,,,,,,,,,,,
3LVW,target_not_in_hdf5,,,,,,,,,,,
3LW0,target_not_in_hdf5,,,,,,,,,,,
3LXE,target_not_in_hdf5,,,,,,,,,,,
3LXG,target_not_in_hdf5,,,,,,,,,,,
3LXK,target_not_in_hdf5,,,,,,,,,,,
3LXO,target_not_in_hdf5,,,,,,,,,,,
3LZZ,target_not_in_hdf5,,,,,,,,,,,
3M11,target_not_in_hdf5,,,,,,,,,,,
3M3R,target_not_in_hdf5,,,,,,,,,,,
3M53,target_not_in_hdf5,,,,,,,,,,,
3M54,target_not_in_hdf5,,,,,,,,,,,
3M55,target_not_in_hdf5,,,,,,,,,,,
3M57,target_not_in_hdf5,,,,,,,,,,,
3M58,target_not_in_hdf5,,,,,,,,,,,
3M59,target_not_in_hdf5,,,,,,,,,,,
3M5A,target_not_in_hdf5,,,,,,,,,,,
3M6P,target_not_in_hdf5,,,,,,,,,,,
3M6Q,target_not_in_hdf5,,,,,,,,,,,
3M6R,target_not_in_hdf5,,,,,,,,,,,
3M89,target_not_in_hdf5,,,,,,,,,,,
3M8Q,target_not_in_hdf5,,,,,,,,,,,
3M8U,target_not_in_hdf5,,,,,,,,,,,
3M96,target_not_in_hdf5,,,,,,,,,,,
3MA3,target_not_in_hdf5,,,,,,,,,,,
3MAM,target_not_in_hdf5,,,,,,,,,,,
3MB6,target_not_in_hdf5,,,,,,,,,,,
3MB7,target_not_in_hdf5,,,,,,,,,,,
3MBP,target_not_in_hdf5,,,,,,,,,,,
3MCT,target_not_in_hdf5,,,,,,,,,,,
3ME9,target_not_in_hdf5,,,,,,,,,,,
3MEA,target_not_in_hdf5,,,,,,,,,,,
3MFV,target_not_in_hdf5,,,,,,,,,,,
3MFW,target_not_in_hdf5,,,,,,,,,,,
3MHC,target_not_in_hdf5,,,,,,,,,,,
3MHW,target_not_in_hdf5,,,,,,,,,,,
3MI2,target_not_in_hdf5,,,,,,,,,,,
3MI3,target_not_in_hdf5,,,,,,,,,,,
3MJ1,target_not_in_hdf5,,,,,,,,,,,
3MJ5,target_not_in_hdf5,,,,,,,,,,,
3MJL,target_not_in_hdf5,,,,,,,,,,,
3MKN,target_not_in_hdf5,,,,,,,,,,,
3MKS,target_not_in_hdf5,,,,,,,,,,,
3ML2,target_not_in_hdf5,,,,,,,,,,,
3ML5,target_not_in_hdf5,,,,,,,,,,,
3MLB,target_not_in_hdf5,,,,,,,,,,,
3MLE,target_not_in_hdf5,,,,,,,,,,,
3MMF,target_not_in_hdf5,,,,,,,,,,,
3MNA,target_not_in_hdf5,,,,,,,,,,,
3MOE,target_not_in_hdf5,,,,,,,,,,,
3MOF,target_not_in_hdf5,,,,,,,,,,,
3MOH,target_not_in_hdf5,,,,,,,,,,,
3MP1,target_not_in_hdf5,,,,,,,,,,,
3MP6,target_not_in_hdf5,,,,,,,,,,,
3MPT,target_not_in_hdf5,,,,,,,,,,,
3MQF,target_not_in_hdf5,,,,,,,,,,,
3MRT,target_not_in_hdf5,,,,,,,,,,,
3MRV,target_not_in_hdf5,,,,,,,,,,,
3MS7,target_not_in_hdf5,,,,,,,,,,,
3MS9,target_not_in_hdf5,,,,,,,,,,,
3MSJ,target_not_in_hdf5,,,,,,,,,,,
3MT7,target_not_in_hdf5,,,,,,,,,,,
3MT8,target_not_in_hdf5,,,,,,,,,,,
3MTA,target_not_in_hdf5,,,,,,,,,,,
3MTB,target_not_in_hdf5,,,,,,,,,,,
3MTD,target_not_in_hdf5,,,,,,,,,,,
3MUF,target_not_in_hdf5,,,,,,,,,,,
3MUK,target_not_in_hdf5,,,,,,,,,,,
3MV5,target_not_in_hdf5,,,,,,,,,,,
3MVL,target_not_in_hdf5,,,,,,,,,,,
3MVM,target_not_in_hdf5,,,,,,,,,,,
3MWW,target_not_in_hdf5,,,,,,,,,,,
3MXC,target_not_in_hdf5,,,,,,,,,,,
3MXD,target_not_in_hdf5,,,,,,,,,,,
3MXF,target_not_in_hdf5,,,,,,,,,,,
3MYQ,target_not_in_hdf5,,,,,,,,,,,
3MZ6,target_not_in_hdf5,,,,,,,,,,,
3MZC,target_not_in_hdf5,,,,,,,,,,,
3N0H,target_not_in_hdf5,,,,,,,,,,,
3N0N,target_not_in_hdf5,,,,,,,,,,,
3N1C,target_not_in_hdf5,,,,,,,,,,,
3N1V,target_not_in_hdf5,,,,,,,,,,,
3N1W,target_not_in_hdf5,,,,,,,,,,,
3N23,target_not_in_hdf5,,,,,,,,,,,
3N35,target_not_in_hdf5,,,,,,,,,,,
3N3G,target_not_in_hdf5,,,,,,,,,,,
3N3L,target_not_in_hdf5,,,,,,,,,,,
3N45,target_not_in_hdf5,,,,,,,,,,,
3N46,target_not_in_hdf5,,,,,,,,,,,
3N49,target_not_in_hdf5,,,,,,,,,,,
3N4C,target_not_in_hdf5,,,,,,,,,,,
3N4L,target_not_in_hdf5,,,,,,,,,,,
3N5K,target_not_in_hdf5,,,,,,,,,,,
3N5U,target_not_in_hdf5,,,,,,,,,,,
3N76,target_not_in_hdf5,,,,,,,,,,,
3N7H,target_not_in_hdf5,,,,,,,,,,,
3N7S,target_not_in_hdf5,,,,,,,,,,,
3N9R,target_not_in_hdf5,,,,,,,,,,,
3N9S,target_not_in_hdf5,,,,,,,,,,,
3NAL,target_not_in_hdf5,,,,,,,,,,,
3NAM,target_not_in_hdf5,,,,,,,,,,,
3NAN,target_not_in_hdf5,,,,,,,,,,,
3NB5,target_not_in_hdf5,,,,,,,,,,,
3NBA,target_not_in_hdf5,,,,,,,,,,,
3NC9,target_not_in_hdf5,,,,,,,,,,,
3NCQ,target_not_in_hdf5,,,,,,,,,,,
3NCR,target_not_in_hdf5,,,,,,,,,,,
3NCZ,target_not_in_hdf5,,,,,,,,,,,
3NEO,target_not_in_hdf5,,,,,,,,,,,
3NEX,target_not_in_hdf5,,,,,,,,,,,
3NF6,target_not_in_hdf5,,,,,,,,,,,
3NF7,target_not_in_hdf5,,,,,,,,,,,
3NF9,target_not_in_hdf5,,,,,,,,,,,
3NFK,target_not_in_hdf5,,,,,,,,,,,
3NFL,target_not_in_hdf5,,,,,,,,,,,
3NG4,target_not_in_hdf5,,,,,,,,,,,
3NGA,target_not_in_hdf5,,,,,,,,,,,
3NHI,target_not_in_hdf5,,,,,,,,,,,
3NHT,target_not_in_hdf5,,,,,,,,,,,
3NI5,target_not_in_hdf5,,,,,,,,,,,
3NIF,target_not_in_hdf5,,,,,,,,,,,
3NII,target_not_in_hdf5,,,,,,,,,,,
3NIJ,target_not_in_hdf5,,,,,,,,,,,
3NIK,target_not_in_hdf5,,,,,,,,,,,
3NIL,target_not_in_hdf5,,,,,,,,,,,
3NIM,target_not_in_hdf5,,,,,,,,,,,
3NIN,target_not_in_hdf5,,,,,,,,,,,
3NJQ,target_not_in_hdf5,,,,,,,,,,,
3NK8,target_not_in_hdf5,,,,,,,,,,,
3NLB,target_not_in_hdf5,,,,,,,,,,,
3NM6,target_not_in_hdf5,,,,,,,,,,,
3NMQ,target_not_in_hdf5,,,,,,,,,,,
3NNU,target_not_in_hdf5,,,,,,,,,,,
3NNW,target_not_in_hdf5,,,,,,,,,,,
3NOK,target_not_in_hdf5,,,,,,,,,,,
3NP7,target_not_in_hdf5,,,,,,,,,,,
3NP9,target_not_in_hdf5,,,,,,,,,,,
3NPA,target_not_in_hdf5,,,,,,,,,,,
3NQ3,target_not_in_hdf5,,,,,,,,,,,
3NQ9,target_not_in_hdf5,,,,,,,,,,,
3NS9,target_not_in_hdf5,,,,,,,,,,,
3NSH,target_not_in_hdf5,,,,,,,,,,,
3NSN,target_not_in_hdf5,,,,,,,,,,,
3NTP,target_not_in_hdf5,,,,,,,,,,,
3NUY,target_not_in_hdf5,,,,,,,,,,,
3NW3,target_not_in_hdf5,,,,,,,,,,,
3NWB,target_not_in_hdf5,,,,,,,,,,,
3NWE,target_not_in_hdf5,,,,,,,,,,,
3NWW,target_not_in_hdf5,,,,,,,,,,,
3NXQ,target_not_in_hdf5,,,,,,,,,,,
3NY3,target_not_in_hdf5,,,,,,,,,,,
3NYD,target_not_in_hdf5,,,,,,,,,,,
3NYX,target_not_in_hdf5,,,,,,,,,,,
3NZI,target_not_in_hdf5,,,,,,,,,,,
3NZU,target_not_in_hdf5,,,,,,,,,,,
3O0E,target_not_in_hdf5,,,,,,,,,,,
3O0J,target_not_in_hdf5,,,,,,,,,,,
3O0U,target_not_in_hdf5,,,,,,,,,,,
3O1D,target_not_in_hdf5,,,,,,,,,,,
3O1E,target_not_in_hdf5,,,,,,,,,,,
3O4K,target_not_in_hdf5,,,,,,,,,,,
3O4L,target_not_in_hdf5,,,,,,,,,,,
3O64,target_not_in_hdf5,,,,,,,,,,,
3O6L,target_not_in_hdf5,,,,,,,,,,,
3O6M,target_not_in_hdf5,,,,,,,,,,,
3O6T,target_not_in_hdf5,,,,,,,,,,,
3O75,target_not_in_hdf5,,,,,,,,,,,
3O7U,target_not_in_hdf5,,,,,,,,,,,
3O84,target_not_in_hdf5,,,,,,,,,,,
3O86,target_not_in_hdf5,,,,,,,,,,,
3O8H,target_not_in_hdf5,,,,,,,,,,,
3O8P,target_not_in_hdf5,,,,,,,,,,,
3O9B,target_not_in_hdf5,,,,,,,,,,,
3O9C,target_not_in_hdf5,,,,,,,,,,,
3O9H,target_not_in_hdf5,,,,,,,,,,,
3OAY,target_not_in_hdf5,,,,,,,,,,,
3OB0,target_not_in_hdf5,,,,,,,,,,,
3OBQ,target_not_in_hdf5,,,,,,,,,,,
3OBU,target_not_in_hdf5,,,,,,,,,,,
3OBX,target_not_in_hdf5,,,,,,,,,,,
3OC0,target_not_in_hdf5,,,,,,,,,,,
3OCB,target_not_in_hdf5,,,,,,,,,,,
3OCP,target_not_in_hdf5,,,,,,,,,,,
3OCT,target_not_in_hdf5,,,,,,,,,,,
3OCZ,target_not_in_hdf5,,,,,,,,,,,
3ODI,target_not_in_hdf5,,,,,,,,,,,
3ODL,target_not_in_hdf5,,,,,,,,,,,
3ODU,target_not_in_hdf5,,,,,,,,,,,
3OE6,target_not_in_hdf5,,,,,,,,,,,
3OE8,target_not_in_hdf5,,,,,,,,,,,
3OE9,target_not_in_hdf5,,,,,,,,,,,
3OG7,target_not_in_hdf5,,,,,,,,,,,
3OGP,target_not_in_hdf5,,,,,,,,,,,
3OGQ,target_not_in_hdf5,,,,,,,,,,,
3OHF,target_not_in_hdf5,,,,,,,,,,,
3OHH,target_not_in_hdf5,,,,,,,,,,,
3OHI,target_not_in_hdf5,,,,,,,,,,,
3OIK,target_not_in_hdf5,,,,,,,,,,,
3OIL,target_not_in_hdf5,,,,,,,,,,,
3OIM,target_not_in_hdf5,,,,,,,,,,,
3OKA,target_not_in_hdf5,,,,,,,,,,,
3OKC,target_not_in_hdf5,,,,,,,,,,,
3OKH,target_not_in_hdf5,,,,,,,,,,,
3OKI,target_not_in_hdf5,,,,,,,,,,,
3OKP,target_not_in_hdf5,,,,,,,,,,,
3OKU,target_not_in_hdf5,,,,,,,,,,,
3OKV,target_not_in_hdf5,,,,,,,,,,,
3OLD,target_not_in_hdf5,,,,,,,,,,,
3OLE,target_not_in_hdf5,,,,,,,,,,,
3OLF,target_not_in_hdf5,,,,,,,,,,,
3OLG,target_not_in_hdf5,,,,,,,,,,,
3OLI,target_not_in_hdf5,,,,,,,,,,,
3OMM,target_not_in_hdf5,,,,,,,,,,,
3OOB,target_not_in_hdf5,,,,,,,,,,,
3OQ5,target_not_in_hdf5,,,,,,,,,,,
3OQF,target_not_in_hdf5,,,,,,,,,,,
3ORN,target_not_in_hdf5,,,,,,,,,,,
3OT3,target_not_in_hdf5,,,,,,,,,,,
3OT8,target_not_in_hdf5,,,,,,,,,,,
3OTF,target_not_in_hdf5,,,,,,,,,,,
3OTQ,target_not_in_hdf5,,,,,,,,,,,
3OTX,target_not_in_hdf5,,,,,,,,,,,
3OUJ,target_not_in_hdf5,,,,,,,,,,,
3OVE,target_not_in_hdf5,,,,,,,,,,,
3OVN,target_not_in_hdf5,,,,,,,,,,,
3OVX,target_not_in_hdf5,,,,,,,,,,,
3OW3,target_not_in_hdf5,,,,,,,,,,,
3OW4,target_not_in_hdf5,,,,,,,,,,,
3OWD,target_not_in_hdf5,,,,,,,,,,,
3OWL,target_not_in_hdf5,,,,,,,,,,,
3OXC,target_not_in_hdf5,,,,,,,,,,,
3OXI,target_not_in_hdf5,,,,,,,,,,,
3OY0,target_not_in_hdf5,,,,,,,,,,,
3OY8,target_not_in_hdf5,,,,,,,,,,,
3OYP,target_not_in_hdf5,,,,,,,,,,,
3OYQ,target_not_in_hdf5,,,,,,,,,,,
3OYW,target_not_in_hdf5,,,,,,,,,,,
3OZ1,target_not_in_hdf5,,,,,,,,,,,
3OZG,target_not_in_hdf5,,,,,,,,,,,
3OZJ,target_not_in_hdf5,,,,,,,,,,,
3OZP,target_not_in_hdf5,,,,,,,,,,,
3P0G,target_not_in_hdf5,,,,,,,,,,,
3P17,target_not_in_hdf5,,,,,,,,,,,
3P1D,target_not_in_hdf5,,,,,,,,,,,
3P23,target_not_in_hdf5,,,,,,,,,,,
3P2H,target_not_in_hdf5,,,,,,,,,,,
3P3T,target_not_in_hdf5,,,,,,,,,,,
3P3U,target_not_in_hdf5,,,,,,,,,,,
3P4F,target_not_in_hdf5,,,,,,,,,,,
3P4R,target_not_in_hdf5,,,,,,,,,,,
3P4V,target_not_in_hdf5,,,,,,,,,,,
3P4W,target_not_in_hdf5,,,,,,,,,,,
3P50,target_not_in_hdf5,,,,,,,,,,,
3P5K,target_not_in_hdf5,,,,,,,,,,,
3P78,target_not_in_hdf5,,,,,,,,,,,
3P79,target_not_in_hdf5,,,,,,,,,,,
3P7A,target_not_in_hdf5,,,,,,,,,,,
3P7B,target_not_in_hdf5,,,,,,,,,,,
3P7C,target_not_in_hdf5,,,,,,,,,,,
3P7I,target_not_in_hdf5,,,,,,,,,,,
3P8E,target_not_in_hdf5,,,,,,,,,,,
3P8H,target_not_in_hdf5,,,,,,,,,,,
3P9H,target_not_in_hdf5,,,,,,,,,,,
3P9L,target_not_in_hdf5,,,,,,,,,,,
3P9M,target_not_in_hdf5,,,,,,,,,,,
3PA8,target_not_in_hdf5,,,,,,,,,,,
3PAB,target_not_in_hdf5,,,,,,,,,,,
3PAX,target_not_in_hdf5,,,,,,,,,,,
3PB3,target_not_in_hdf5,,,,,,,,,,,
3PB7,target_not_in_hdf5,,,,,,,,,,,
3PB8,target_not_in_hdf5,,,,,,,,,,,
3PB9,target_not_in_hdf5,,,,,,,,,,,
3PBB,target_not_in_hdf5,,,,,,,,,,,
3PCB,target_not_in_hdf5,,,,,,,,,,,
3PCC,target_not_in_hdf5,,,,,,,,,,,
3PCE,target_not_in_hdf5,,,,,,,,,,,
3PCF,target_not_in_hdf5,,,,,,,,,,,
3PCH,target_not_in_hdf5,,,,,,,,,,,
3PCJ,target_not_in_hdf5,,,,,,,,,,,
3PCK,target_not_in_hdf5,,,,,,,,,,,
3PCN,target_not_in_hdf5,,,,,,,,,,,
3PCU,target_not_in_hdf5,,,,,,,,,,,
3PD2,target_not_in_hdf5,,,,,,,,,,,
3PD4,target_not_in_hdf5,,,,,,,,,,,
3PD9,target_not_in_hdf5,,,,,,,,,,,
3PDH,target_not_in_hdf5,,,,,,,,,,,
3PDQ,target_not_in_hdf5,,,,,,,,,,,
3PE1,target_not_in_hdf5,,,,,,,,,,,
3PFP,target_not_in_hdf5,,,,,,,,,,,
3PGU,target_not_in_hdf5,,,,,,,,,,,
3PI5,target_not_in_hdf5,,,,,,,,,,,
3PIX,target_not_in_hdf5,,,,,,,,,,,
3PIZ,target_not_in_hdf5,,,,,,,,,,,
3PJ2,target_not_in_hdf5,,,,,,,,,,,
3PJ8,target_not_in_hdf5,,,,,,,,,,,
3PJG,target_not_in_hdf5,,,,,,,,,,,
3PKA,target_not_in_hdf5,,,,,,,,,,,
3PKB,target_not_in_hdf5,,,,,,,,,,,
3PKC,target_not_in_hdf5,,,,,,,,,,,
3PKD,target_not_in_hdf5,,,,,,,,,,,
3PKE,target_not_in_hdf5,,,,,,,,,,,
3PKN,target_not_in_hdf5,,,,,,,,,,,
3PM1,target_not_in_hdf5,,,,,,,,,,,
3PN1,target_not_in_hdf5,,,,,,,,,,,
3PN3,target_not_in_hdf5,,,,,,,,,,,
3PN4,target_not_in_hdf5,,,,,,,,,,,
3PO6,target_not_in_hdf5,,,,,,,,,,,
3POA,target_not_in_hdf5,,,,,,,,,,,
3POZ,target_not_in_hdf5,,,,,,,,,,,
3PP1,target_not_in_hdf5,,,,,,,,,,,
3PPK,target_not_in_hdf5,,,,,,,,,,,
3PPM,target_not_in_hdf5,,,,,,,,,,,
3PPO,target_not_in_hdf5,,,,,,,,,,,
3PPP,target_not_in_hdf5,,,,,,,,,,,
3PPQ,target_not_in_hdf5,,,,,,,,,,,
3PPR,target_not_in_hdf5,,,,,,,,,,,
3PQZ,target_not_in_hdf5,,,,,,,,,,,
3PR0,target_not_in_hdf5,,,,,,,,,,,
3PRZ,target_not_in_hdf5,,,,,,,,,,,
3PS6,target_not_in_hdf5,,,,,,,,,,,
3PSD,target_not_in_hdf5,,,,,,,,,,,
3PSL,target_not_in_hdf5,,,,,,,,,,,
3PTG,target_not_in_hdf5,,,,,,,,,,,
3PTY,target_not_in_hdf5,,,,,,,,,,,
3PUK,target_not_in_hdf5,,,,,,,,,,,
3PWH,target_not_in_hdf5,,,,,,,,,,,
3PWW,target_not_in_hdf5,,,,,,,,,,,
3PY0,target_not_in_hdf5,,,,,,,,,,,
3PYY,target_not_in_hdf5,,,,,,,,,,,
3PZ3,target_not_in_hdf5,,,,,,,,,,,
3Q1X,target_not_in_hdf5,,,,,,,,,,,
3Q2A,target_not_in_hdf5,,,,,,,,,,,
3Q2H,target_not_in_hdf5,,,,,,,,,,,
3Q2J,target_not_in_hdf5,,,,,,,,,,,
3Q2M,target_not_in_hdf5,,,,,,,,,,,
3Q3K,target_not_in_hdf5,,,,,,,,,,,
3Q3T,target_not_in_hdf5,,,,,,,,,,,
3Q4B,target_not_in_hdf5,,,,,,,,,,,
3Q4J,target_not_in_hdf5,,,,,,,,,,,
3Q4K,target_not_in_hdf5,,,,,,,,,,,
3Q4L,target_not_in_hdf5,,,,,,,,,,,
3Q5H,target_not_in_hdf5,,,,,,,,,,,
3Q5U,target_not_in_hdf5,,,,,,,,,,,
3Q6K,target_not_in_hdf5,,,,,,,,,,,
3Q6S,target_not_in_hdf5,,,,,,,,,,,
3Q6W,target_not_in_hdf5,,,,,,,,,,,
3Q72,target_not_in_hdf5,,,,,,,,,,,
3Q7J,target_not_in_hdf5,,,,,,,,,,,
3Q7P,target_not_in_hdf5,,,,,,,,,,,
3Q7Q,target_not_in_hdf5,,,,,,,,,,,
3Q8D,target_not_in_hdf5,,,,,,,,,,,
3Q8H,target_not_in_hdf5,,,,,,,,,,,
3Q92,target_not_in_hdf5,,,,,,,,,,,
3QA2,target_not_in_hdf5,,,,,,,,,,,
3QAI,target_not_in_hdf5,,,,,,,,,,,
3QBH,target_not_in_hdf5,,,,,,,,,,,
3QC4,target_not_in_hdf5,,,,,,,,,,,
3QC9,target_not_in_hdf5,,,,,,,,,,,
3QCE,target_not_in_hdf5,,,,,,,,,,,
3QCF,target_not_in_hdf5,,,,,,,,,,,
3QCH,target_not_in_hdf5,,,,,,,,,,,
3QCI,target_not_in_hdf5,,,,,,,,,,,
3QCL,target_not_in_hdf5,,,,,,,,,,,
3QD0,target_not_in_hdf5,,,,,,,,,,,
3QEM,target_not_in_hdf5,,,,,,,,,,,
3QFD,target_not_in_hdf5,,,,,,,,,,,
3QFV,target_not_in_hdf5,,,,,,,,,,,
3QFY,target_not_in_hdf5,,,,,,,,,,,
3QFZ,target_not_in_hdf5,,,,,,,,,,,
3QG6,target_not_in_hdf5,,,,,,,,,,,
3QGW,target_not_in_hdf5,,,,,,,,,,,
3QGY,target_not_in_hdf5,,,,,,,,,,,
3QI1,target_not_in_hdf5,,,,,,,,,,,
3QI3,target_not_in_hdf5,,,,,,,,,,,
3QI4,target_not_in_hdf5,,,,,,,,,,,
3QIN,target_not_in_hdf5,,,,,,,,,,,
3QIO,target_not_in_hdf5,,,,,,,,,,,
3QIP,target_not_in_hdf5,,,,,,,,,,,
3QIY,target_not_in_hdf5,,,,,,,,,,,
3QJ0,target_not_in_hdf5,,,,,,,,,,,
3QKK,target_not_in_hdf5,,,,,,,,,,,
3QKL,target_not_in_hdf5,,,,,,,,,,,
3QKM,target_not_in_hdf5,,,,,,,,,,,
3QL9,target_not_in_hdf5,,,,,,,,,,,
3QLC,target_not_in_hdf5,,,,,,,,,,,
3QLM,target_not_in_hdf5,,,,,,,,,,,
3QMK,target_not_in_hdf5,,,,,,,,,,,
3QND,target_not_in_hdf5,,,,,,,,,,,
3QNJ,target_not_in_hdf5,,,,,,,,,,,
3QO2,target_not_in_hdf5,,,,,,,,,,,
3QO3,target_not_in_hdf5,,,,,,,,,,,
3QO9,target_not_in_hdf5,,,,,,,,,,,
3QOX,target_not_in_hdf5,,,,,,,,,,,
3QPN,target_not_in_hdf5,,,,,,,,,,,
3QPO,target_not_in_hdf5,,,,,,,,,,,
3QPP,target_not_in_hdf5,,,,,,,,,,,
3QQK,target_not_in_hdf5,,,,,,,,,,,
3QRI,target_not_in_hdf5,,,,,,,,,,,
3QRJ,target_not_in_hdf5,,,,,,,,,,,
3QS4,target_not_in_hdf5,,,,,,,,,,,
3QS5,target_not_in_hdf5,,,,,,,,,,,
3QS6,target_not_in_hdf5,,,,,,,,,,,
3QSD,target_not_in_hdf5,,,,,,,,,,,
3QT6,target_not_in_hdf5,,,,,,,,,,,
3QTF,target_not_in_hdf5,,,,,,,,,,,
3QTO,target_not_in_hdf5,,,,,,,,,,,
3QTV,target_not_in_hdf5,,,,,,,,,,,
3QUE,target_not_in_hdf5,,,,,,,,,,,
3QUP,target_not_in_hdf5,,,,,,,,,,,
3QW6,target_not_in_hdf5,,,,,,,,,,,
3QW8,target_not_in_hdf5,,,,,,,,,,,
3QWC,target_not_in_hdf5,,,,,,,,,,,
3QX5,target_not_in_hdf5,,,,,,,,,,,
3QX9,target_not_in_hdf5,,,,,,,,,,,
3QZQ,target_not_in_hdf5,,,,,,,,,,,
3QZT,target_not_in_hdf5,,,,,,,,,,,
3QZV,target_not_in_hdf5,,,,,,,,,,,
3R00,target_not_in_hdf5,,,,,,,,,,,
3R01,target_not_in_hdf5,,,,,,,,,,,
3R0H,target_not_in_hdf5,,,,,,,,,,,
3R0I,target_not_in_hdf5,,,,,,,,,,,
3R17,target_not_in_hdf5,,,,,,,,,,,
3R1V,target_not_in_hdf5,,,,,,,,,,,
3R2Y,target_not_in_hdf5,,,,,,,,,,,
3R42,target_not_in_hdf5,,,,,,,,,,,
3R4M,target_not_in_hdf5,,,,,,,,,,,
3R4N,target_not_in_hdf5,,,,,,,,,,,
3R4P,target_not_in_hdf5,,,,,,,,,,,
3R5J,target_not_in_hdf5,,,,,,,,,,,
3R5M,target_not_in_hdf5,,,,,,,,,,,
3R5N,target_not_in_hdf5,,,,,,,,,,,
3R5T,target_not_in_hdf5,,,,,,,,,,,
3R6G,target_not_in_hdf5,,,,,,,,,,,
3R6U,target_not_in_hdf5,,,,,,,,,,,
3R7B,target_not_in_hdf5,,,,,,,,,,,
3R7N,target_not_in_hdf5,,,,,,,,,,,
3R8U,target_not_in_hdf5,,,,,,,,,,,
3R8Z,target_not_in_hdf5,,,,,,,,,,,
3R92,target_not_in_hdf5,,,,,,,,,,,
3R93,target_not_in_hdf5,,,,,,,,,,,
3RBQ,target_not_in_hdf5,,,,,,,,,,,
3RBU,target_not_in_hdf5,,,,,,,,,,,
3RCD,target_not_in_hdf5,,,,,,,,,,,
3RCJ,target_not_in_hdf5,,,,,,,,,,,
3RDH,target_not_in_hdf5,,,,,,,,,,,
3RDO,target_not_in_hdf5,,,,,,,,,,,
3RDQ,target_not_in_hdf5,,,,,,,,,,,
3RDV,target_not_in_hdf5,,,,,,,,,,,
3REY,target_not_in_hdf5,,,,,,,,,,,
3RHK,target_not_in_hdf5,,,,,,,,,,,
3RI1,target_not_in_hdf5,,,,,,,,,,,
3RIK,target_not_in_hdf5,,,,,,,,,,,
3RIL,target_not_in_hdf5,,,,,,,,,,,
3RIN,target_not_in_hdf5,,,,,,,,,,,
3RJM,target_not_in_hdf5,,,,,,,,,,,
3RJW,target_not_in_hdf5,,,,,,,,,,,
3RKB,target_not_in_hdf5,,,,,,,,,,,
3RL3,target_not_in_hdf5,,,,,,,,,,,
3RLP,target_not_in_hdf5,,,,,,,,,,,
3RLQ,target_not_in_hdf5,,,,,,,,,,,
3RM9,target_not_in_hdf5,,,,,,,,,,,
3RO4,target_not_in_hdf5,,,,,,,,,,,
3ROC,target_not_in_hdf5,,,,,,,,,,,
3RQ7,target_not_in_hdf5,,,,,,,,,,,
3RQE,target_not_in_hdf5,,,,,,,,,,,
3RR4,target_not_in_hdf5,,,,,,,,,,,
3RSB,target_not_in_hdf5,,,,,,,,,,,
3RSE,target_not_in_hdf5,,,,,,,,,,,
3RSX,target_not_in_hdf5,,,,,,,,,,,
3RT4,target_not_in_hdf5,,,,,,,,,,,
3RT6,target_not_in_hdf5,,,,,,,,,,,
3RT8,target_not_in_hdf5,,,,,,,,,,,
3RTF,target_not_in_hdf5,,,,,,,,,,,
3RTH,target_not_in_hdf5,,,,,,,,,,,
3RTM,target_not_in_hdf5,,,,,,,,,,,
3RTP,target_not_in_hdf5,,,,,,,,,,,
3RTX,target_not_in_hdf5,,,,,,,,,,,
3RU1,target_not_in_hdf5,,,,,,,,,,,
3RUP,target_not_in_hdf5,,,,,,,,,,,
3RV3,target_not_in_hdf5,,,,,,,,,,,
3RV4,target_not_in_hdf5,,,,,,,,,,,
3RV6,target_not_in_hdf5,,,,,,,,,,,
3RVG,target_not_in_hdf5,,,,,,,,,,,
3RVI,target_not_in_hdf5,,,,,,,,,,,
3RWC,target_not_in_hdf5,,,,,,,,,,,
3RWE,target_not_in_hdf5,,,,,,,,,,,
3RWF,target_not_in_hdf5,,,,,,,,,,,
3RWG,target_not_in_hdf5,,,,,,,,,,,
3RWH,target_not_in_hdf5,,,,,,,,,,,
3RWI,target_not_in_hdf5,,,,,,,,,,,
3RWJ,target_not_in_hdf5,,,,,,,,,,,
3RWP,target_not_in_hdf5,,,,,,,,,,,
3RX5,target_not_in_hdf5,,,,,,,,,,,
3RX7,target_not_in_hdf5,,,,,,,,,,,
3RX8,target_not_in_hdf5,,,,,,,,,,,
3RXA,target_not_in_hdf5,,,,,,,,,,,
3RXD,target_not_in_hdf5,,,,,,,,,,,
3RXF,target_not_in_hdf5,,,,,,,,,,,
3RXG,target_not_in_hdf5,,,,,,,,,,,
3RXH,target_not_in_hdf5,,,,,,,,,,,
3RXI,target_not_in_hdf5,,,,,,,,,,,
3RXK,target_not_in_hdf5,,,,,,,,,,,
3RXL,target_not_in_hdf5,,,,,,,,,,,
3RXM,target_not_in_hdf5,,,,,,,,,,,
3RXO,target_not_in_hdf5,,,,,,,,,,,
3RXP,target_not_in_hdf5,,,,,,,,,,,
3RY8,target_not_in_hdf5,,,,,,,,,,,
3RYY,target_not_in_hdf5,,,,,,,,,,,
3RZ3,target_not_in_hdf5,,,,,,,,,,,
3RZ9,target_not_in_hdf5,,,,,,,,,,,
3RZB,target_not_in_hdf5,,,,,,,,,,,
3RZI,target_not_in_hdf5,,,,,,,,,,,
3S0B,target_not_in_hdf5,,,,,,,,,,,
3S0D,target_not_in_hdf5,,,,,,,,,,,
3S0E,target_not_in_hdf5,,,,,,,,,,,
3S0J,target_not_in_hdf5,,,,,,,,,,,
3S1G,target_not_in_hdf5,,,,,,,,,,,
3S1Y,target_not_in_hdf5,,,,,,,,,,,
3S3I,target_not_in_hdf5,,,,,,,,,,,
3S3Q,target_not_in_hdf5,,,,,,,,,,,
3S3V,target_not_in_hdf5,,,,,,,,,,,
3S56,target_not_in_hdf5,,,,,,,,,,,
3S5Y,target_not_in_hdf5,,,,,,,,,,,
3S6T,target_not_in_hdf5,,,,,,,,,,,
3S71,target_not_in_hdf5,,,,,,,,,,,
3S72,target_not_in_hdf5,,,,,,,,,,,
3S73,target_not_in_hdf5,,,,,,,,,,,
3S74,target_not_in_hdf5,,,,,,,,,,,
3S75,target_not_in_hdf5,,,,,,,,,,,
3S76,target_not_in_hdf5,,,,,,,,,,,
3S77,target_not_in_hdf5,,,,,,,,,,,
3S78,target_not_in_hdf5,,,,,,,,,,,
3S7F,target_not_in_hdf5,,,,,,,,,,,
3S8X,target_not_in_hdf5,,,,,,,,,,,
3S9E,target_not_in_hdf5,,,,,,,,,,,
3S9I,target_not_in_hdf5,,,,,,,,,,,
3S9T,target_not_in_hdf5,,,,,,,,,,,
3S9Y,target_not_in_hdf5,,,,,,,,,,,
3SAD,target_not_in_hdf5,,,,,,,,,,,
3SAP,target_not_in_hdf5,,,,,,,,,,,
3SAX,target_not_in_hdf5,,,,,,,,,,,
3SB0,target_not_in_hdf5,,,,,,,,,,,
3SBH,target_not_in_hdf5,,,,,,,,,,,
3SBI,target_not_in_hdf5,,,,,,,,,,,
3SC1,target_not_in_hdf5,,,,,,,,,,,
3SDG,target_not_in_hdf5,,,,,,,,,,,
3SFC,target_not_in_hdf5,,,,,,,,,,,
3SFF,target_not_in_hdf5,,,,,,,,,,,
3SFG,target_not_in_hdf5,,,,,,,,,,,
3SFH,target_not_in_hdf5,,,,,,,,,,,
3SFI,target_not_in_hdf5,,,,,,,,,,,
3SH1,target_not_in_hdf5,,,,,,,,,,,
3SHA,target_not_in_hdf5,,,,,,,,,,,
3SHB,target_not_in_hdf5,,,,,,,,,,,
3SHC,target_not_in_hdf5,,,,,,,,,,,
3SHY,target_not_in_hdf5,,,,,,,,,,,
3SHZ,target_not_in_hdf5,,,,,,,,,,,
3SI3,target_not_in_hdf5,,,,,,,,,,,
3SI4,target_not_in_hdf5,,,,,,,,,,,
3SIE,target_not_in_hdf5,,,,,,,,,,,
3SIO,target_not_in_hdf5,,,,,,,,,,,
3SJI,target_not_in_hdf5,,,,,,,,,,,
3SJO,target_not_in_hdf5,,,,,,,,,,,
3SKA,target_not_in_hdf5,,,,,,,,,,,
3SKE,target_not_in_hdf5,,,,,,,,,,,
3SKF,target_not_in_hdf5,,,,,,,,,,,
3SL0,target_not_in_hdf5,,,,,,,,,,,
3SL1,target_not_in_hdf5,,,,,,,,,,,
3SL4,target_not_in_hdf5,,,,,,,,,,,
3SL5,target_not_in_hdf5,,,,,,,,,,,
3SL8,target_not_in_hdf5,,,,,,,,,,,
3SLZ,target_not_in_hdf5,,,,,,,,,,,
3SM0,target_not_in_hdf5,,,,,,,,,,,
3SM1,target_not_in_hdf5,,,,,,,,,,,
3SMQ,target_not_in_hdf5,,,,,,,,,,,
3SNB,target_not_in_hdf5,,,,,,,,,,,
3SNC,target_not_in_hdf5,,,,,,,,,,,
3SND,target_not_in_hdf5,,,,,,,,,,,
3SNI,target_not_in_hdf5,,,,,,,,,,,
3SO6,target_not_in_hdf5,,,,,,,,,,,
3SOQ,target_not_in_hdf5,,,,,,,,,,,
3SOU,target_not_in_hdf5,,,,,,,,,,,
3SOV,target_not_in_hdf5,,,,,,,,,,,
3SOW,target_not_in_hdf5,,,,,,,,,,,
3SPF,target_not_in_hdf5,,,,,,,,,,,
3SRB,target_not_in_hdf5,,,,,,,,,,,
3SRC,target_not_in_hdf5,,,,,,,,,,,
3STR,target_not_in_hdf5,,,,,,,,,,,
3SU0,target_not_in_hdf5,,,,,,,,,,,
3SU1,target_not_in_hdf5,,,,,,,,,,,
3SU2,target_not_in_hdf5,,,,,,,,,,,
3SU3,target_not_in_hdf5,,,,,,,,,,,
3SU4,target_not_in_hdf5,,,,,,,,,,,
3SU5,target_not_in_hdf5,,,,,,,,,,,
3SU6,target_not_in_hdf5,,,,,,,,,,,
3SUR,target_not_in_hdf5,,,,,,,,,,,
3SUS,target_not_in_hdf5,,,,,,,,,,,
3SUT,target_not_in_hdf5,,,,,,,,,,,
3SUU,target_not_in_hdf5,,,,,,,,,,,
3SUV,target_not_in_hdf5,,,,,,,,,,,
3SUW,target_not_in_hdf5,,,,,,,,,,,
3SV2,target_not_in_hdf5,,,,,,,,,,,
3SV6,target_not_in_hdf5,,,,,,,,,,,
3SV7,target_not_in_hdf5,,,,,,,,,,,
3SV8,target_not_in_hdf5,,,,,,,,,,,
3SV9,target_not_in_hdf5,,,,,,,,,,,
3SW2,target_not_in_hdf5,,,,,,,,,,,
3SW8,target_not_in_hdf5,,,,,,,,,,,
3SW9,target_not_in_hdf5,,,,,,,,,,,
3SWW,target_not_in_hdf5,,,,,,,,,,,
3SX4,target_not_in_hdf5,,,,,,,,,,,
3SXU,target_not_in_hdf5,,,,,,,,,,,
3SYM,target_not_in_hdf5,,,,,,,,,,,
3SYR,target_not_in_hdf5,,,,,,,,,,,
3SZB,target_not_in_hdf5,,,,,,,,,,,
3SZM,target_not_in_hdf5,,,,,,,,,,,
3T01,target_not_in_hdf5,,,,,,,,,,,
3T03,target_not_in_hdf5,,,,,,,,,,,
3T07,target_not_in_hdf5,,,,,,,,,,,
3T0T,target_not_in_hdf5,,,,,,,,,,,
3T1N,target_not_in_hdf5,,,,,,,,,,,
3T2C,target_not_in_hdf5,,,,,,,,,,,
3T2V,target_not_in_hdf5,,,,,,,,,,,
3T2W,target_not_in_hdf5,,,,,,,,,,,
3T3D,target_not_in_hdf5,,,,,,,,,,,
3T3E,target_not_in_hdf5,,,,,,,,,,,
3T3G,target_not_in_hdf5,,,,,,,,,,,
3T3H,target_not_in_hdf5,,,,,,,,,,,
3T3I,target_not_in_hdf5,,,,,,,,,,,
3T3Y,target_not_in_hdf5,,,,,,,,,,,
3T4N,target_not_in_hdf5,,,,,,,,,,,
3T4P,target_not_in_hdf5,,,,,,,,,,,
3T5I,target_not_in_hdf5,,,,,,,,,,,
3T5U,target_not_in_hdf5,,,,,,,,,,,
3T64,target_not_in_hdf5,,,,,,,,,,,
3T6B,target_not_in_hdf5,,,,,,,,,,,
3T6J,target_not_in_hdf5,,,,,,,,,,,
3T6R,target_not_in_hdf5,,,,,,,,,,,
3T70,target_not_in_hdf5,,,,,,,,,,,
3T7G,target_not_in_hdf5,,,,,,,,,,,
3T82,target_not_in_hdf5,,,,,,,,,,,
3T83,target_not_in_hdf5,,,,,,,,,,,
3T84,target_not_in_hdf5,,,,,,,,,,,
3T85,target_not_in_hdf5,,,,,,,,,,,
3T8S,target_not_in_hdf5,,,,,,,,,,,
3TA0,target_not_in_hdf5,,,,,,,,,,,
3TAO,target_not_in_hdf5,,,,,,,,,,,
3TAY,target_not_in_hdf5,,,,,,,,,,,
3TB6,target_not_in_hdf5,,,,,,,,,,,
3TC5,target_not_in_hdf5,,,,,,,,,,,
3TCP,target_not_in_hdf5,,,,,,,,,,,
3TCY,target_not_in_hdf5,,,,,,,,,,,
3TD4,target_not_in_hdf5,,,,,,,,,,,
3TDH,target_not_in_hdf5,,,,,,,,,,,
3TDJ,target_not_in_hdf5,,,,,,,,,,,
3TDU,target_not_in_hdf5,,,,,,,,,,,
3TDZ,target_not_in_hdf5,,,,,,,,,,,
3TF6,target_not_in_hdf5,,,,,,,,,,,
3TF7,target_not_in_hdf5,,,,,,,,,,,
3TFK,target_not_in_hdf5,,,,,,,,,,,
3TG5,target_not_in_hdf5,,,,,,,,,,,
3TGS,target_not_in_hdf5,,,,,,,,,,,
3TH0,target_not_in_hdf5,,,,,,,,,,,
3THD,target_not_in_hdf5,,,,,,,,,,,
3TI6,target_not_in_hdf5,,,,,,,,,,,
3TIF,target_not_in_hdf5,,,,,,,,,,,
3TIZ,target_not_in_hdf5,,,,,,,,,,,
3TJH,target_not_in_hdf5,,,,,,,,,,,
3TJM,target_not_in_hdf5,,,,,,,,,,,
3TK2,target_not_in_hdf5,,,,,,,,,,,
3TKI,target_not_in_hdf5,,,,,,,,,,,
3TKU,target_not_in_hdf5,,,,,,,,,,,
3TKW,target_not_in_hdf5,,,,,,,,,,,
3TLH,target_not_in_hdf5,,,,,,,,,,,
3TMK,target_not_in_hdf5,,,,,,,,,,,
3TNE,target_not_in_hdf5,,,,,,,,,,,
3TPP,target_not_in_hdf5,,,,,,,,,,,
3TPR,target_not_in_hdf5,,,,,,,,,,,
3TPX,target_not_in_hdf5,,,,,,,,,,,
3TS4,target_not_in_hdf5,,,,,,,,,,,
3TSD,target_not_in_hdf5,,,,,,,,,,,
3TSK,target_not_in_hdf5,,,,,,,,,,,
3TSZ,target_not_in_hdf5,,,,,,,,,,,
3TT0,target_not_in_hdf5,,,,,,,,,,,
3TT4,target_not_in_hdf5,,,,,,,,,,,
3TTM,target_not_in_hdf5,,,,,,,,,,,
3TTN,target_not_in_hdf5,,,,,,,,,,,
3TTZ,target_not_in_hdf5,,,,,,,,,,,
3TU1,target_not_in_hdf5,,,,,,,,,,,
3TU9,target_not_in_hdf5,,,,,,,,,,,
3TV4,target_not_in_hdf5,,,,,,,,,,,
3TV5,target_not_in_hdf5,,,,,,,,,,,
3TV7,target_not_in_hdf5,,,,,,,,,,,
3TV8,target_not_in_hdf5,,,,,,,,,,,
3TVC,target_not_in_hdf5,,,,,,,,,,,
3TVL,target_not_in_hdf5,,,,,,,,,,,
3TWD,target_not_in_hdf5,,,,,,,,,,,
3TWJ,target_not_in_hdf5,,,,,,,,,,,
3TWP,target_not_in_hdf5,,,,,,,,,,,
3TWR,target_not_in_hdf5,,,,,,,,,,,
3TWS,target_not_in_hdf5,,,,,,,,,,,
3TWU,target_not_in_hdf5,,,,,,,,,,,
3TWV,target_not_in_hdf5,,,,,,,,,,,
3TWX,target_not_in_hdf5,,,,,,,,,,,
3TXO,target_not_in_hdf5,,,,,,,,,,,
3TY0,target_not_in_hdf5,,,,,,,,,,,
3TZ0,target_not_in_hdf5,,,,,,,,,,,
3TZ4,target_not_in_hdf5,,,,,,,,,,,
3TZA,target_not_in_hdf5,,,,,,,,,,,
3TZD,target_not_in_hdf5,,,,,,,,,,,
3TZM,target_not_in_hdf5,,,,,,,,,,,
3U0D,target_not_in_hdf5,,,,,,,,,,,
3U0P,target_not_in_hdf5,,,,,,,,,,,
3U0T,target_not_in_hdf5,,,,,,,,,,,
3U10,target_not_in_hdf5,,,,,,,,,,,
3U15,target_not_in_hdf5,,,,,,,,,,,
3U1Y,target_not_in_hdf5,,,,,,,,,,,
3U3F,target_not_in_hdf5,,,,,,,,,,,
3U3U,target_not_in_hdf5,,,,,,,,,,,
3U3Z,target_not_in_hdf5,,,,,,,,,,,
3U4H,target_not_in_hdf5,,,,,,,,,,,
3U4O,target_not_in_hdf5,,,,,,,,,,,
3U4R,target_not_in_hdf5,,,,,,,,,,,
3U51,target_not_in_hdf5,,,,,,,,,,,
3U5L,target_not_in_hdf5,,,,,,,,,,,
3U6A,target_not_in_hdf5,,,,,,,,,,,
3U78,target_not_in_hdf5,,,,,,,,,,,
3U7K,target_not_in_hdf5,,,,,,,,,,,
3U7L,target_not_in_hdf5,,,,,,,,,,,
3U7M,target_not_in_hdf5,,,,,,,,,,,
3U7N,target_not_in_hdf5,,,,,,,,,,,
3U81,target_not_in_hdf5,,,,,,,,,,,
3U8D,target_not_in_hdf5,,,,,,,,,,,
3U8H,target_not_in_hdf5,,,,,,,,,,,
3U8L,target_not_in_hdf5,,,,,,,,,,,
3U90,target_not_in_hdf5,,,,,,,,,,,
3U92,target_not_in_hdf5,,,,,,,,,,,
3U93,target_not_in_hdf5,,,,,,,,,,,
3U9C,target_not_in_hdf5,,,,,,,,,,,
3U9N,target_not_in_hdf5,,,,,,,,,,,
3U9Q,target_not_in_hdf5,,,,,,,,,,,
3UBX,target_not_in_hdf5,,,,,,,,,,,
3UCJ,target_not_in_hdf5,,,,,,,,,,,
3UD7,target_not_in_hdf5,,,,,,,,,,,
3UDA,target_not_in_hdf5,,,,,,,,,,,
3UDA_2,target_not_in_hdf5,,,,,,,,,,,
3UDH,target_not_in_hdf5,,,,,,,,,,,
3UDJ,target_not_in_hdf5,,,,,,,,,,,
3UDK,target_not_in_hdf5,,,,,,,,,,,
3UDM,target_not_in_hdf5,,,,,,,,,,,
3UDN,target_not_in_hdf5,,,,,,,,,,,
3UDP,target_not_in_hdf5,,,,,,,,,,,
3UDQ,target_not_in_hdf5,,,,,,,,,,,
3UDR,target_not_in_hdf5,,,,,,,,,,,
3UDY,target_not_in_hdf5,,,,,,,,,,,
3UE4,target_not_in_hdf5,,,,,,,,,,,
3UED,target_not_in_hdf5,,,,,,,,,,,
3UEF,target_not_in_hdf5,,,,,,,,,,,
3UEO,target_not_in_hdf5,,,,,,,,,,,
3UEV,target_not_in_hdf5,,,,,,,,,,,
3UEW,target_not_in_hdf5,,,,,,,,,,,
3UEX,target_not_in_hdf5,,,,,,,,,,,
3UF9,target_not_in_hdf5,,,,,,,,,,,
3UFL,target_not_in_hdf5,,,,,,,,,,,
3UG2,target_not_in_hdf5,,,,,,,,,,,
3UH4,target_not_in_hdf5,,,,,,,,,,,
3UHM,target_not_in_hdf5,,,,,,,,,,,
3UIB,target_not_in_hdf5,,,,,,,,,,,
3UIG,target_not_in_hdf5,,,,,,,,,,,
3UIH,target_not_in_hdf5,,,,,,,,,,,
3UII,target_not_in_hdf5,,,,,,,,,,,
3UIJ,target_not_in_hdf5,,,,,,,,,,,
3UIK,target_not_in_hdf5,,,,,,,,,,,
3UJ9,target_not_in_hdf5,,,,,,,,,,,
3UJC,target_not_in_hdf5,,,,,,,,,,,
3UJD,target_not_in_hdf5,,,,,,,,,,,
3UMO,target_not_in_hdf5,,,,,,,,,,,
3UMP,target_not_in_hdf5,,,,,,,,,,,
3UMQ,target_not_in_hdf5,,,,,,,,,,,
3UMX,target_not_in_hdf5,,,,,,,,,,,
3UNN,target_not_in_hdf5,,,,,,,,,,,
3UO4,target_not_in_hdf5,,,,,,,,,,,
3UO9,target_not_in_hdf5,,,,,,,,,,,
3UOD,target_not_in_hdf5,,,,,,,,,,,
3UOK,target_not_in_hdf5,,,,,,,,,,,
3UP2,target_not_in_hdf5,,,,,,,,,,,
3UPI,target_not_in_hdf5,,,,,,,,,,,
3UPK,target_not_in_hdf5,,,,,,,,,,,
3UPV,target_not_in_hdf5,,,,,,,,,,,
3UPZ,target_not_in_hdf5,,,,,,,,,,,
3UQG,target_not_in_hdf5,,,,,,,,,,,
3UQP,target_not_in_hdf5,,,,,,,,,,,
3UR0,target_not_in_hdf5,,,,,,,,,,,
3UR9,target_not_in_hdf5,,,,,,,,,,,
3URI,target_not_in_hdf5,,,,,,,,,,,
3USN,target_not_in_hdf5,,,,,,,,,,,
3USX,target_not_in_hdf5,,,,,,,,,,,
3UUG,target_not_in_hdf5,,,,,,,,,,,
3UUO,target_not_in_hdf5,,,,,,,,,,,
3UVK,target_not_in_hdf5,,,,,,,,,,,
3UVL,target_not_in_hdf5,,,,,,,,,,,
3UVM,target_not_in_hdf5,,,,,,,,,,,
3UVN,target_not_in_hdf5,,,,,,,,,,,
3UVO,target_not_in_hdf5,,,,,,,,,,,
3UVP,target_not_in_hdf5,,,,,,,,,,,
3UVQ,target_not_in_hdf5,,,,,,,,,,,
3UVU,target_not_in_hdf5,,,,,,,,,,,
3UVW,target_not_in_hdf5,,,,,,,,,,,
3UVX,target_not_in_hdf5,,,,,,,,,,,
3UW9,target_not_in_hdf5,,,,,,,,,,,
3UXD,target_not_in_hdf5,,,,,,,,,,,
3UXK,target_not_in_hdf5,,,,,,,,,,,
3UXL,target_not_in_hdf5,,,,,,,,,,,
3UXM,target_not_in_hdf5,,,,,,,,,,,
3UYR,target_not_in_hdf5,,,,,,,,,,,
3UYT,target_not_in_hdf5,,,,,,,,,,,
3UZ5,target_not_in_hdf5,,,,,,,,,,,
3UZD,target_not_in_hdf5,,,,,,,,,,,
3V0L,target_not_in_hdf5,,,,,,,,,,,
3V0P,target_not_in_hdf5,,,,,,,,,,,
3V1R,target_not_in_hdf5,,,,,,,,,,,
3V2N,target_not_in_hdf5,,,,,,,,,,,
3V2O,target_not_in_hdf5,,,,,,,,,,,
3V2P,target_not_in_hdf5,,,,,,,,,,,
3V2Q,target_not_in_hdf5,,,,,,,,,,,
3V2W,target_not_in_hdf5,,,,,,,,,,,
3V2X,target_not_in_hdf5,,,,,,,,,,,
3V30,target_not_in_hdf5,,,,,,,,,,,
3V3B,target_not_in_hdf5,,,,,,,,,,,
3V3Q,target_not_in_hdf5,,,,,,,,,,,
3V43,target_not_in_hdf5,,,,,,,,,,,
3V4J,target_not_in_hdf5,,,,,,,,,,,
3V4X,target_not_in_hdf5,,,,,,,,,,,
3V51,target_not_in_hdf5,,,,,,,,,,,
3V5G,target_not_in_hdf5,,,,,,,,,,,
3V5J,target_not_in_hdf5,,,,,,,,,,,
3V5L,target_not_in_hdf5,,,,,,,,,,,
3V5T,target_not_in_hdf5,,,,,,,,,,,
3V66,target_not_in_hdf5,,,,,,,,,,,
3V6S,target_not_in_hdf5,,,,,,,,,,,
3V78,target_not_in_hdf5,,,,,,,,,,,
3V7S,target_not_in_hdf5,,,,,,,,,,,
3V7T,target_not_in_hdf5,,,,,,,,,,,
3V7X,target_not_in_hdf5,,,,,,,,,,,
3V8W,target_not_in_hdf5,,,,,,,,,,,
3VAP,target_not_in_hdf5,,,,,,,,,,,
3VB4,target_not_in_hdf5,,,,,,,,,,,
3VB5,target_not_in_hdf5,,,,,,,,,,,
3VB6,target_not_in_hdf5,,,,,,,,,,,
3VB7,target_not_in_hdf5,,,,,,,,,,,
3VBD,target_not_in_hdf5,,,,,,,,,,,
3VBG,target_not_in_hdf5,,,,,,,,,,,
3VBQ,target_not_in_hdf5,,,,,,,,,,,
3VBT,target_not_in_hdf5,,,,,,,,,,,
3VBV,target_not_in_hdf5,,,,,,,,,,,
3VBW,target_not_in_hdf5,,,,,,,,,,,
3VBX,target_not_in_hdf5,,,,,,,,,,,
3VBY,target_not_in_hdf5,,,,,,,,,,,
3VC4,target_not_in_hdf5,,,,,,,,,,,
3VEH,target_not_in_hdf5,,,,,,,,,,,
3VEU,target_not_in_hdf5,,,,,,,,,,,
3VF3,target_not_in_hdf5,,,,,,,,,,,
3VF5,target_not_in_hdf5,,,,,,,,,,,
3VG1,target_not_in_hdf5,,,,,,,,,,,
3VGC,target_not_in_hdf5,,,,,,,,,,,
3VH9,target_not_in_hdf5,,,,,,,,,,,
3VHA,target_not_in_hdf5,,,,,,,,,,,
3VHC,target_not_in_hdf5,,,,,,,,,,,
3VHK,target_not_in_hdf5,,,,,,,,,,,
3VHU,target_not_in_hdf5,,,,,,,,,,,
3VJK,target_not_in_hdf5,,,,,,,,,,,
3VJL,target_not_in_hdf5,,,,,,,,,,,
3VJM,target_not_in_hdf5,,,,,,,,,,,
3VO3,target_not_in_hdf5,,,,,,,,,,,
3VOZ,target_not_in_hdf5,,,,,,,,,,,
3VP1,target_not_in_hdf5,,,,,,,,,,,
3VP2,target_not_in_hdf5,,,,,,,,,,,
3VP3,target_not_in_hdf5,,,,,,,,,,,
3VP4,target_not_in_hdf5,,,,,,,,,,,
3VRT,target_not_in_hdf5,,,,,,,,,,,
3VRU,target_not_in_hdf5,,,,,,,,,,,
3VRV,target_not_in_hdf5,,,,,,,,,,,
3VRW,target_not_in_hdf5,,,,,,,,,,,
3VRY,target_not_in_hdf5,,,,,,,,,,,
3VSW,target_not_in_hdf5,,,,,,,,,,,
3VSX,target_not_in_hdf5,,,,,,,,,,,
3VTB,target_not_in_hdf5,,,,,,,,,,,
3VTC,target_not_in_hdf5,,,,,,,,,,,
3VTD,target_not_in_hdf5,,,,,,,,,,,
3VTR,target_not_in_hdf5,,,,,,,,,,,
3VV7,target_not_in_hdf5,,,,,,,,,,,
3VV8,target_not_in_hdf5,,,,,,,,,,,
3VVA,target_not_in_hdf5,,,,,,,,,,,
3VVY,target_not_in_hdf5,,,,,,,,,,,
3VVZ,target_not_in_hdf5,,,,,,,,,,,
3VW7,target_not_in_hdf5,,,,,,,,,,,
3VWS,target_not_in_hdf5,,,,,,,,,,,
3VX3,target_not_in_hdf5,,,,,,,,,,,
3VYD,target_not_in_hdf5,,,,,,,,,,,
3VYE,target_not_in_hdf5,,,,,,,,,,,
3VYF,target_not_in_hdf5,,,,,,,,,,,
3VZG,target_not_in_hdf5,,,,,,,,,,,
3W07,target_not_in_hdf5,,,,,,,,,,,
3W0L,target_not_in_hdf5,,,,,,,,,,,
3W2O,target_not_in_hdf5,,,,,,,,,,,
3W2P,target_not_in_hdf5,,,,,,,,,,,
3W2Q,target_not_in_hdf5,,,,,,,,,,,
3W2R,target_not_in_hdf5,,,,,,,,,,,
3W2S,target_not_in_hdf5,,,,,,,,,,,
3W2T,target_not_in_hdf5,,,,,,,,,,,
3W37,target_not_in_hdf5,,,,,,,,,,,
3W55,target_not_in_hdf5,,,,,,,,,,,
3W5T,target_not_in_hdf5,,,,,,,,,,,
3W69,target_not_in_hdf5,,,,,,,,,,,
3W9K,target_not_in_hdf5,,,,,,,,,,,
3W9R,target_not_in_hdf5,,,,,,,,,,,
3WAB,target_not_in_hdf5,,,,,,,,,,,
3WAV,target_not_in_hdf5,,,,,,,,,,,
3WAW,target_not_in_hdf5,,,,,,,,,,,
3WAX,target_not_in_hdf5,,,,,,,,,,,
3WAY,target_not_in_hdf5,,,,,,,,,,,
3WD9,target_not_in_hdf5,,,,,,,,,,,
3WDZ,target_not_in_hdf5,,,,,,,,,,,
3WE4,target_not_in_hdf5,,,,,,,,,,,
3WF7,target_not_in_hdf5,,,,,,,,,,,
3WFF,target_not_in_hdf5,,,,,,,,,,,
3WFG,target_not_in_hdf5,,,,,,,,,,,
3WGW,target_not_in_hdf5,,,,,,,,,,,
3WHA,target_not_in_hdf5,,,,,,,,,,,
3WI2,target_not_in_hdf5,,,,,,,,,,,
3WIX,target_not_in_hdf5,,,,,,,,,,,
3WJW,target_not_in_hdf5,,,,,,,,,,,
3WK4,target_not_in_hdf5,,,,,,,,,,,
3WK5,target_not_in_hdf5,,,,,,,,,,,
3WK6,target_not_in_hdf5,,,,,,,,,,,
3WK7,target_not_in_hdf5,,,,,,,,,,,
3WK8,target_not_in_hdf5,,,,,,,,,,,
3WK9,target_not_in_hdf5,,,,,,,,,,,
3WKA,target_not_in_hdf5,,,,,,,,,,,
3WKB,target_not_in_hdf5,,,,,,,,,,,
3WKC,target_not_in_hdf5,,,,,,,,,,,
3WKD,target_not_in_hdf5,,,,,,,,,,,
3WKE,target_not_in_hdf5,,,,,,,,,,,
3WMB,target_not_in_hdf5,,,,,,,,,,,
3WMC,target_not_in_hdf5,,,,,,,,,,,
3WNR,target_not_in_hdf5,,,,,,,,,,,
3WNS,target_not_in_hdf5,,,,,,,,,,,
3WNT,target_not_in_hdf5,,,,,,,,,,,
3WQH,target_not_in_hdf5,,,,,,,,,,,
3WQV,target_not_in_hdf5,,,,,,,,,,,
3WQW,target_not_in_hdf5,,,,,,,,,,,
3WS8,target_not_in_hdf5,,,,,,,,,,,
3WS9,target_not_in_hdf5,,,,,,,,,,,
3WSY,target_not_in_hdf5,,,,,,,,,,,
3WT5,target_not_in_hdf5,,,,,,,,,,,
3WT7,target_not_in_hdf5,,,,,,,,,,,
3WTJ,target_not_in_hdf5,,,,,,,,,,,
3WTK,target_not_in_hdf5,,,,,,,,,,,
3WTN,target_not_in_hdf5,,,,,,,,,,,
3WTO,target_not_in_hdf5,,,,,,,,,,,
3WUT,target_not_in_hdf5,,,,,,,,,,,
3WUU,target_not_in_hdf5,,,,,,,,,,,
3WUV,target_not_in_hdf5,,,,,,,,,,,
3WV1,target_not_in_hdf5,,,,,,,,,,,
3WV2,target_not_in_hdf5,,,,,,,,,,,
3WV3,target_not_in_hdf5,,,,,,,,,,,
3WVM,target_not_in_hdf5,,,,,,,,,,,
3WYJ,target_not_in_hdf5,,,,,,,,,,,
3WYK,target_not_in_hdf5,,,,,,,,,,,
3WYL,target_not_in_hdf5,,,,,,,,,,,
3WYM,target_not_in_hdf5,,,,,,,,,,,
3WZ6,target_not_in_hdf5,,,,,,,,,,,
3WZN,target_not_in_hdf5,,,,,,,,,,,
3WZP,target_not_in_hdf5,,,,,,,,,,,
3X1K,target_not_in_hdf5,,,,,,,,,,,
3ZBF,target_not_in_hdf5,,,,,,,,,,,
3ZC6,target_not_in_hdf5,,,,,,,,,,,
3ZDH,target_not_in_hdf5,,,,,,,,,,,
3ZH8,target_not_in_hdf5,,,,,,,,,,,
3ZHF,target_not_in_hdf5,,,,,,,,,,,
3ZHX,target_not_in_hdf5,,,,,,,,,,,
3ZI0,target_not_in_hdf5,,,,,,,,,,,
3ZI8,target_not_in_hdf5,,,,,,,,,,,
3ZJ6,target_not_in_hdf5,,,,,,,,,,,
3ZJ8,target_not_in_hdf5,,,,,,,,,,,
3ZJC,target_not_in_hdf5,,,,,,,,,,,
3ZK6,target_not_in_hdf5,,,,,,,,,,,
3ZKE,target_not_in_hdf5,,,,,,,,,,,
3ZKF,target_not_in_hdf5,,,,,,,,,,,
3ZKI,target_not_in_hdf5,,,,,,,,,,,
3ZLL,target_not_in_hdf5,,,,,,,,,,,
3ZLS,target_not_in_hdf5,,,,,,,,,,,
3ZLV,target_not_in_hdf5,,,,,,,,,,,
3ZLW,target_not_in_hdf5,,,,,,,,,,,
3ZLX,target_not_in_hdf5,,,,,,,,,,,
3ZLY,target_not_in_hdf5,,,,,,,,,,,
3ZM4,target_not_in_hdf5,,,,,,,,,,,
3ZM5,target_not_in_hdf5,,,,,,,,,,,
3ZMG,target_not_in_hdf5,,,,,,,,,,,
3ZMH,target_not_in_hdf5,,,,,,,,,,,
3ZMI,target_not_in_hdf5,,,,,,,,,,,
3ZMJ,target_not_in_hdf5,,,,,,,,,,,
3ZMM,target_not_in_hdf5,,,,,,,,,,,
3ZMP,target_not_in_hdf5,,,,,,,,,,,
3ZMQ,target_not_in_hdf5,,,,,,,,,,,
3ZMT,target_not_in_hdf5,,,,,,,,,,,
3ZMV,target_not_in_hdf5,,,,,,,,,,,
3ZMZ,target_not_in_hdf5,,,,,,,,,,,
3ZNC,target_not_in_hdf5,,,,,,,,,,,
3ZO1,target_not_in_hdf5,,,,,,,,,,,
3ZO2,target_not_in_hdf5,,,,,,,,,,,
3ZO4,target_not_in_hdf5,,,,,,,,,,,
3ZOT,target_not_in_hdf5,,,,,,,,,,,
3ZPQ,target_not_in_hdf5,,,,,,,,,,,
3ZPS,target_not_in_hdf5,,,,,,,,,,,
3ZPU,target_not_in_hdf5,,,,,,,,,,,
3ZQ9,target_not_in_hdf5,,,,,,,,,,,
3ZQE,target_not_in_hdf5,,,,,,,,,,,
3ZQT,target_not_in_hdf5,,,,,,,,,,,
3ZRC,target_not_in_hdf5,,,,,,,,,,,
3ZRK,target_not_in_hdf5,,,,,,,,,,,
3ZRL,target_not_in_hdf5,,,,,,,,,,,
3ZRM,target_not_in_hdf5,,,,,,,,,,,
3ZSQ,target_not_in_hdf5,,,,,,,,,,,
3ZST,target_not_in_hdf5,,,,,,,,,,,
3ZSW,target_not_in_hdf5,,,,,,,,,,,
3ZSX,target_not_in_hdf5,,,,,,,,,,,
3ZSY,target_not_in_hdf5,,,,,,,,,,,
3ZSZ,target_not_in_hdf5,,,,,,,,,,,
3ZT1,target_not_in_hdf5,,,,,,,,,,,
3ZT2,target_not_in_hdf5,,,,,,,,,,,
3ZT3,target_not_in_hdf5,,,,,,,,,,,
3ZT4,target_not_in_hdf5,,,,,,,,,,,
3ZTC,target_not_in_hdf5,,,,,,,,,,,
3ZTD,target_not_in_hdf5,,,,,,,,,,,
3ZTX,target_not_in_hdf5,,,,,,,,,,,
3ZUK,target_not_in_hdf5,,,,,,,,,,,
3ZV7,target_not_in_hdf5,,,,,,,,,,,
3ZVT,target_not_in_hdf5,,,,,,,,,,,
3ZVV,target_not_in_hdf5,,,,,,,,,,,
3ZVW,target_not_in_hdf5,,,,,,,,,,,
3ZVY,target_not_in_hdf5,,,,,,,,,,,
3ZW3,target_not_in_hdf5,,,,,,,,,,,
3ZXE,target_not_in_hdf5,,,,,,,,,,,
3ZXH,target_not_in_hdf5,,,,,,,,,,,
3ZXR,target_not_in_hdf5,,,,,,,,,,,
3ZXZ,target_not_in_hdf5,,,,,,,,,,,
3ZYA,target_not_in_hdf5,,,,,,,,,,,
3ZYB,target_not_in_hdf5,,,,,,,,,,,
3ZYH,target_not_in_hdf5,,,,,,,,,,,
3ZYR,target_not_in_hdf5,,,,,,,,,,,
3ZYU,target_not_in_hdf5,,,,,,,,,,,
3ZZE,target_not_in_hdf5,,,,,,,,,,,
3ZZF,target_not_in_hdf5,,,,,,,,,,,
3ZZH,target_not_in_hdf5,,,,,,,,,,,
4A0J,target_not_in_hdf5,,,,,,,,,,,
4A22,target_not_in_hdf5,,,,,,,,,,,
4A2A,target_not_in_hdf5,,,,,,,,,,,
4A4E,target_not_in_hdf5,,,,,,,,,,,
4A4F,target_not_in_hdf5,,,,,,,,,,,
4A4G,target_not_in_hdf5,,,,,,,,,,,
4A4L,target_not_in_hdf5,,,,,,,,,,,
4A4O,target_not_in_hdf5,,,,,,,,,,,
4A4V,target_not_in_hdf5,,,,,,,,,,,
4A4X,target_not_in_hdf5,,,,,,,,,,,
4A50,target_not_in_hdf5,,,,,,,,,,,
4A51,target_not_in_hdf5,,,,,,,,,,,
4A6B,target_not_in_hdf5,,,,,,,,,,,
4A6C,target_not_in_hdf5,,,,,,,,,,,
4A6L,target_not_in_hdf5,,,,,,,,,,,
4A6S,target_not_in_hdf5,,,,,,,,,,,
4A6W,target_not_in_hdf5,,,,,,,,,,,
4A7B,target_not_in_hdf5,,,,,,,,,,,
4A7C,target_not_in_hdf5,,,,,,,,,,,
4A7I,target_not_in_hdf5,,,,,,,,,,,
4A95,target_not_in_hdf5,,,,,,,,,,,
4A9C,target_not_in_hdf5,,,,,,,,,,,
4A9M,target_not_in_hdf5,,,,,,,,,,,
4A9N,target_not_in_hdf5,,,,,,,,,,,
4A9R,target_not_in_hdf5,,,,,,,,,,,
4A9S,target_not_in_hdf5,,,,,,,,,,,
4A9U,target_not_in_hdf5,,,,,,,,,,,
4AA0,target_not_in_hdf5,,,,,,,,,,,
4AA1,target_not_in_hdf5,,,,,,,,,,,
4AA5,target_not_in_hdf5,,,,,,,,,,,
4AA7,target_not_in_hdf5,,,,,,,,,,,
4AAC,target_not_in_hdf5,,,,,,,,,,,
4AB8,target_not_in_hdf5,,,,,,,,,,,
4AB9,target_not_in_hdf5,,,,,,,,,,,
4ABA,target_not_in_hdf5,,,,,,,,,,,
4ABB,target_not_in_hdf5,,,,,,,,,,,
4ABD,target_not_in_hdf5,,,,,,,,,,,
4ABE,target_not_in_hdf5,,,,,,,,,,,
4ABF,target_not_in_hdf5,,,,,,,,,,,
4ABH,target_not_in_hdf5,,,,,,,,,,,
4ABI,target_not_in_hdf5,,,,,,,,,,,
4ABK,target_not_in_hdf5,,,,,,,,,,,
4ABU,target_not_in_hdf5,,,,,,,,,,,
4ABV,target_not_in_hdf5,,,,,,,,,,,
4ACI,target_not_in_hdf5,,,,,,,,,,,
4ACU,target_not_in_hdf5,,,,,,,,,,,
4AD2,target_not_in_hdf5,,,,,,,,,,,
4AD3,target_not_in_hdf5,,,,,,,,,,,
4AEL,target_not_in_hdf5,,,,,,,,,,,
4AFE,target_not_in_hdf5,,,,,,,,,,,
4AFG,target_not_in_hdf5,,,,,,,,,,,
4AFH,target_not_in_hdf5,,,,,,,,,,,
4AFJ,target_not_in_hdf5,,,,,,,,,,,
4AG8,target_not_in_hdf5,,,,,,,,,,,
4AGD,target_not_in_hdf5,,,,,,,,,,,
4AGL,target_not_in_hdf5,,,,,,,,,,,
4AGM,target_not_in_hdf5,,,,,,,,,,,
4AGN,target_not_in_hdf5,,,,,,,,,,,
4AGO,target_not_in_hdf5,,,,,,,,,,,
4AGQ,target_not_in_hdf5,,,,,,,,,,,
4AHR,target_not_in_hdf5,,,,,,,,,,,
4AHS,target_not_in_hdf5,,,,,,,,,,,
4AHV,target_not_in_hdf5,,,,,,,,,,,
4AI8,target_not_in_hdf5,,,,,,,,,,,
4AIF,target_not_in_hdf5,,,,,,,,,,,
4AIG,target_not_in_hdf5,,,,,,,,,,,
4AJ2,target_not_in_hdf5,,,,,,,,,,,
4AJ4,target_not_in_hdf5,,,,,,,,,,,
4AJE,target_not_in_hdf5,,,,,,,,,,,
4AJI,target_not_in_hdf5,,,,,,,,,,,
4AJK,target_not_in_hdf5,,,,,,,,,,,
4AJL,target_not_in_hdf5,,,,,,,,,,,
4AJN,target_not_in_hdf5,,,,,,,,,,,
4AJO,target_not_in_hdf5,,,,,,,,,,,
4AJW,target_not_in_hdf5,,,,,,,,,,,
4AKN,target_not_in_hdf5,,,,,,,,,,,
4AL4,target_not_in_hdf5,,,,,,,,,,,
4ALG,target_not_in_hdf5,,,,,,,,,,,
4ALX,target_not_in_hdf5,,,,,,,,,,,
4AML,target_not_in_hdf5,,,,,,,,,,,
4AMY,target_not_in_hdf5,,,,,,,,,,,
4AMZ,target_not_in_hdf5,,,,,,,,,,,
4AN0,target_not_in_hdf5,,,,,,,,,,,
4AN1,target_not_in_hdf5,,,,,,,,,,,
4AN9,target_not_in_hdf5,,,,,,,,,,,
4ANB,target_not_in_hdf5,,,,,,,,,,,
4ANQ,target_not_in_hdf5,,,,,,,,,,,
4AOC,target_not_in_hdf5,,,,,,,,,,,
4AOM,target_not_in_hdf5,,,,,,,,,,,
4APH,target_not_in_hdf5,,,,,,,,,,,
4APO,target_not_in_hdf5,,,,,,,,,,,
4APP,target_not_in_hdf5,,,,,,,,,,,
4AQ3,target_not_in_hdf5,,,,,,,,,,,
4AQ4,target_not_in_hdf5,,,,,,,,,,,
4ARK,target_not_in_hdf5,,,,,,,,,,,
4ARO,target_not_in_hdf5,,,,,,,,,,,
4AS9,target_not_in_hdf5,,,,,,,,,,,
4ASD,target_not_in_hdf5,,,,,,,,,,,
4AT3,target_not_in_hdf5,,,,,,,,,,,
4ATT,target_not_in_hdf5,,,,,,,,,,,
4AU8,target_not_in_hdf5,,,,,,,,,,,
4AUJ,target_not_in_hdf5,,,,,,,,,,,
4AUY,target_not_in_hdf5,,,,,,,,,,,
4AV0,target_not_in_hdf5,,,,,,,,,,,
4AVH,target_not_in_hdf5,,,,,,,,,,,
4AVI,target_not_in_hdf5,,,,,,,,,,,
4AVJ,target_not_in_hdf5,,,,,,,,,,,
4AVT,target_not_in_hdf5,,,,,,,,,,,
4AVU,target_not_in_hdf5,,,,,,,,,,,
4AVW,target_not_in_hdf5,,,,,,,,,,,
4AWK,target_not_in_hdf5,,,,,,,,,,,
4AWM,target_not_in_hdf5,,,,,,,,,,,
4AXD,target_not_in_hdf5,,,,,,,,,,,
4AXM,target_not_in_hdf5,,,,,,,,,,,
4AY5,target_not_in_hdf5,,,,,,,,,,,
4AY6,target_not_in_hdf5,,,,,,,,,,,
4AYP,target_not_in_hdf5,,,,,,,,,,,
4AYQ,target_not_in_hdf5,,,,,,,,,,,
4AYR,target_not_in_hdf5,,,,,,,,,,,
4AYT,target_not_in_hdf5,,,,,,,,,,,
4AYU,target_not_in_hdf5,,,,,,,,,,,
4AYV,target_not_in_hdf5,,,,,,,,,,,
4AYW,target_not_in_hdf5,,,,,,,,,,,
4AYX,target_not_in_hdf5,,,,,,,,,,,
4AZ0,target_not_in_hdf5,,,,,,,,,,,
4AZ3,target_not_in_hdf5,,,,,,,,,,,
4AZ5,target_not_in_hdf5,,,,,,,,,,,
4AZC,target_not_in_hdf5,,,,,,,,,,,
4AZE,target_not_in_hdf5,,,,,,,,,,,
4AZF,target_not_in_hdf5,,,,,,,,,,,
4AZG,target_not_in_hdf5,,,,,,,,,,,
4AZI,target_not_in_hdf5,,,,,,,,,,,
4AZP,target_not_in_hdf5,,,,,,,,,,,
4AZT,target_not_in_hdf5,,,,,,,,,,,
4B00,target_not_in_hdf5,,,,,,,,,,,
4B05,target_not_in_hdf5,,,,,,,,,,,
4B11,target_not_in_hdf5,,,,,,,,,,,
4B12,target_not_in_hdf5,,,,,,,,,,,
4B13,target_not_in_hdf5,,,,,,,,,,,
4B14,target_not_in_hdf5,,,,,,,,,,,
4B1C,target_not_in_hdf5,,,,,,,,,,,
4B1D,target_not_in_hdf5,,,,,,,,,,,
4B2D,target_not_in_hdf5,,,,,,,,,,,
4B2I,target_not_in_hdf5,,,,,,,,,,,
4B2L,target_not_in_hdf5,,,,,,,,,,,
4B32,target_not_in_hdf5,,,,,,,,,,,
4B34,target_not_in_hdf5,,,,,,,,,,,
4B35,target_not_in_hdf5,,,,,,,,,,,
4B3C,target_not_in_hdf5,,,,,,,,,,,
4B3D,target_not_in_hdf5,,,,,,,,,,,
4B3U,target_not_in_hdf5,,,,,,,,,,,
4B4G,target_not_in_hdf5,,,,,,,,,,,
4B4Q,target_not_in_hdf5,,,,,,,,,,,
4B5D,target_not_in_hdf5,,,,,,,,,,,
4B5S,target_not_in_hdf5,,,,,,,,,,,
4B5T,target_not_in_hdf5,,,,,,,,,,,
4B5W,target_not_in_hdf5,,,,,,,,,,,
4B60,target_not_in_hdf5,,,,,,,,,,,
4B6E,target_not_in_hdf5,,,,,,,,,,,
4B6O,target_not_in_hdf5,,,,,,,,,,,
4B6P,target_not_in_hdf5,,,,,,,,,,,
4B6R,target_not_in_hdf5,,,,,,,,,,,
4B6S,target_not_in_hdf5,,,,,,,,,,,
4B6U,target_not_in_hdf5,,,,,,,,,,,
4B71,target_not_in_hdf5,,,,,,,,,,,
4B73,target_not_in_hdf5,,,,,,,,,,,
4B74,target_not_in_hdf5,,,,,,,,,,,
4B76,target_not_in_hdf5,,,,,,,,,,,
4B77,target_not_in_hdf5,,,,,,,,,,,
4B7J,target_not_in_hdf5,,,,,,,,,,,
4B7R,target_not_in_hdf5,,,,,,,,,,,
4B7Z,target_not_in_hdf5,,,,,,,,,,,
4B80,target_not_in_hdf5,,,,,,,,,,,
4B81,target_not_in_hdf5,,,,,,,,,,,
4B82,target_not_in_hdf5,,,,,,,,,,,
4B83,target_not_in_hdf5,,,,,,,,,,,
4B84,target_not_in_hdf5,,,,,,,,,,,
4B8O,target_not_in_hdf5,,,,,,,,,,,
4B8P,target_not_in_hdf5,,,,,,,,,,,
4B8Y,target_not_in_hdf5,,,,,,,,,,,
4B9H,target_not_in_hdf5,,,,,,,,,,,
4B9Z,target_not_in_hdf5,,,,,,,,,,,
4BAE,target_not_in_hdf5,,,,,,,,,,,
4BB2,target_not_in_hdf5,,,,,,,,,,,
4BB9,target_not_in_hdf5,,,,,,,,,,,
4BBG,target_not_in_hdf5,,,,,,,,,,,
4BC5,target_not_in_hdf5,,,,,,,,,,,
4BCB,target_not_in_hdf5,,,,,,,,,,,
4BCC,target_not_in_hdf5,,,,,,,,,,,
4BCD,target_not_in_hdf5,,,,,,,,,,,
4BCF,target_not_in_hdf5,,,,,,,,,,,
4BCG,target_not_in_hdf5,,,,,,,,,,,
4BCH,target_not_in_hdf5,,,,,,,,,,,
4BCI,target_not_in_hdf5,,,,,,,,,,,
4BCJ,target_not_in_hdf5,,,,,,,,,,,
4BCK,target_not_in_hdf5,,,,,,,,,,,
4BCM,target_not_in_hdf5,,,,,,,,,,,
4BCN,target_not_in_hdf5,,,,,,,,,,,
4BCP,target_not_in_hdf5,,,,,,,,,,,
4BCQ,target_not_in_hdf5,,,,,,,,,,,
4BCS,target_not_in_hdf5,,,,,,,,,,,
4BCW,target_not_in_hdf5,,,,,,,,,,,
4BD3,target_not_in_hdf5,,,,,,,,,,,
4BDA,target_not_in_hdf5,,,,,,,,,,,
4BDC,target_not_in_hdf5,,,,,,,,,,,
4BDD,target_not_in_hdf5,,,,,,,,,,,
4BDE,target_not_in_hdf5,,,,,,,,,,,
4BDF,target_not_in_hdf5,,,,,,,,,,,
4BDG,target_not_in_hdf5,,,,,,,,,,,
4BDH,target_not_in_hdf5,,,,,,,,,,,
4BDI,target_not_in_hdf5,,,,,,,,,,,
4BDS,target_not_in_hdf5,,,,,,,,,,,
4BDT,target_not_in_hdf5,,,,,,,,,,,
4BEA,target_not_in_hdf5,,,,,,,,,,,
4BEK,target_not_in_hdf5,,,,,,,,,,,
4BF1,target_not_in_hdf5,,,,,,,,,,,
4BF6,target_not_in_hdf5,,,,,,,,,,,
4BFD,target_not_in_hdf5,,,,,,,,,,,
4BFR,target_not_in_hdf5,,,,,,,,,,,
4BG1,target_not_in_hdf5,,,,,,,,,,,
4BG6,target_not_in_hdf5,,,,,,,,,,,
4BGG,target_not_in_hdf5,,,,,,,,,,,
4BGK,target_not_in_hdf5,,,,,,,,,,,
4BGM,target_not_in_hdf5,,,,,,,,,,,
4BGX,target_not_in_hdf5,,,,,,,,,,,
4BGY,target_not_in_hdf5,,,,,,,,,,,
4BH3,target_not_in_hdf5,,,,,,,,,,,
4BH4,target_not_in_hdf5,,,,,,,,,,,
4BHF,target_not_in_hdf5,,,,,,,,,,,
4BHI,target_not_in_hdf5,,,,,,,,,,,
4BHZ,target_not_in_hdf5,,,,,,,,,,,
4BI1,target_not_in_hdf5,,,,,,,,,,,
4BI2,target_not_in_hdf5,,,,,,,,,,,
4BI6,target_not_in_hdf5,,,,,,,,,,,
4BI7,target_not_in_hdf5,,,,,,,,,,,
4BIB,target_not_in_hdf5,,,,,,,,,,,
4BIC,target_not_in_hdf5,,,,,,,,,,,
4BJ8,target_not_in_hdf5,,,,,,,,,,,
4BJ9,target_not_in_hdf5,,,,,,,,,,,
4BJX,target_not_in_hdf5,,,,,,,,,,,
4BLB,target_not_in_hdf5,,,,,,,,,,,
4BNT,target_not_in_hdf5,,,,,,,,,,,
4BNZ,target_not_in_hdf5,,,,,,,,,,,
4BO3,target_not_in_hdf5,,,,,,,,,,,
4BO4,target_not_in_hdf5,,,,,,,,,,,
4BO5,target_not_in_hdf5,,,,,,,,,,,
4BO9,target_not_in_hdf5,,,,,,,,,,,
4BPI,target_not_in_hdf5,,,,,,,,,,,
4BQG,target_not_in_hdf5,,,,,,,,,,,
4BQH,target_not_in_hdf5,,,,,,,,,,,
4BQT,target_not_in_hdf5,,,,,,,,,,,
4BQY,target_not_in_hdf5,,,,,,,,,,,
4BS4,target_not_in_hdf5,,,,,,,,,,,
4BS5,target_not_in_hdf5,,,,,,,,,,,
4BSQ,target_not_in_hdf5,,,,,,,,,,,
4BT3,target_not_in_hdf5,,,,,,,,,,,
4BT4,target_not_in_hdf5,,,,,,,,,,,
4BT5,target_not_in_hdf5,,,,,,,,,,,
4BT9,target_not_in_hdf5,,,,,,,,,,,
4BTB,target_not_in_hdf5,,,,,,,,,,,
4BTI,target_not_in_hdf5,,,,,,,,,,,
4BTK,target_not_in_hdf5,,,,,,,,,,,
4BTM,target_not_in_hdf5,,,,,,,,,,,
4BTT,target_not_in_hdf5,,,,,,,,,,,
4BTU,target_not_in_hdf5,,,,,,,,,,,
4BTW,target_not_in_hdf5,,,,,,,,,,,
4BUQ,target_not_in_hdf5,,,,,,,,,,,
4BV2,target_not_in_hdf5,,,,,,,,,,,
4BVB,target_not_in_hdf5,,,,,,,,,,,
4BW1,target_not_in_hdf5,,,,,,,,,,,
4BW2,target_not_in_hdf5,,,,,,,,,,,
4BW3,target_not_in_hdf5,,,,,,,,,,,
4BW4,target_not_in_hdf5,,,,,,,,,,,
4BXN,target_not_in_hdf5,,,,,,,,,,,
4BXU,target_not_in_hdf5,,,,,,,,,,,
4BYI,target_not_in_hdf5,,,,,,,,,,,
4BYJ,target_not_in_hdf5,,,,,,,,,,,
4BZN,target_not_in_hdf5,,,,,,,,,,,
4BZO,target_not_in_hdf5,,,,,,,,,,,
4C0R,target_not_in_hdf5,,,,,,,,,,,
4C16,target_not_in_hdf5,,,,,,,,,,,
4C1D,target_not_in_hdf5,,,,,,,,,,,
4C1E,target_not_in_hdf5,,,,,,,,,,,
4C1F,target_not_in_hdf5,,,,,,,,,,,
4C1G,target_not_in_hdf5,,,,,,,,,,,
4C1H,target_not_in_hdf5,,,,,,,,,,,
4C1T,target_not_in_hdf5,,,,,,,,,,,
4C1U,target_not_in_hdf5,,,,,,,,,,,
4C1W,target_not_in_hdf5,,,,,,,,,,,
4C1Y,target_not_in_hdf5,,,,,,,,,,,
4C36,target_not_in_hdf5,,,,,,,,,,,
4C37,target_not_in_hdf5,,,,,,,,,,,
4C38,target_not_in_hdf5,,,,,,,,,,,
4C3K,target_not_in_hdf5,,,,,,,,,,,
4C4F,target_not_in_hdf5,,,,,,,,,,,
4C4G,target_not_in_hdf5,,,,,,,,,,,
4C4N,target_not_in_hdf5,,,,,,,,,,,
4C5W,target_not_in_hdf5,,,,,,,,,,,
4C66,target_not_in_hdf5,,,,,,,,,,,
4C68,target_not_in_hdf5,,,,,,,,,,,
4C6U,target_not_in_hdf5,,,,,,,,,,,
4C6V,target_not_in_hdf5,,,,,,,,,,,
4C6X,target_not_in_hdf5,,,,,,,,,,,
4C6Z,target_not_in_hdf5,,,,,,,,,,,
4C70,target_not_in_hdf5,,,,,,,,,,,
4C72,target_not_in_hdf5,,,,,,,,,,,
4C73,target_not_in_hdf5,,,,,,,,,,,
4C94,target_not_in_hdf5,,,,,,,,,,,
4C9X,target_not_in_hdf5,,,,,,,,,,,
4CA4,target_not_in_hdf5,,,,,,,,,,,
4CA6,target_not_in_hdf5,,,,,,,,,,,
4CA7,target_not_in_hdf5,,,,,,,,,,,
4CAE,target_not_in_hdf5,,,,,,,,,,,
4CBY,target_not_in_hdf5,,,,,,,,,,,
4CC2,target_not_in_hdf5,,,,,,,,,,,
4CC3,target_not_in_hdf5,,,,,,,,,,,
4CC5,target_not_in_hdf5,,,,,,,,,,,
4CC7,target_not_in_hdf5,,,,,,,,,,,
4CCD,target_not_in_hdf5,,,,,,,,,,,
4CD4,target_not_in_hdf5,,,,,,,,,,,
4CD5,target_not_in_hdf5,,,,,,,,,,,
4CD6,target_not_in_hdf5,,,,,,,,,,,
4CD8,target_not_in_hdf5,,,,,,,,,,,
4CDR,target_not_in_hdf5,,,,,,,,,,,
4CE2,target_not_in_hdf5,,,,,,,,,,,
4CEB,target_not_in_hdf5,,,,,,,,,,,
4CFF,target_not_in_hdf5,,,,,,,,,,,
4CGI,target_not_in_hdf5,,,,,,,,,,,
4CGJ,target_not_in_hdf5,,,,,,,,,,,
4CIG,target_not_in_hdf5,,,,,,,,,,,
4CIK,target_not_in_hdf5,,,,,,,,,,,
4CIV,target_not_in_hdf5,,,,,,,,,,,
4CIW,target_not_in_hdf5,,,,,,,,,,,
4CIX,target_not_in_hdf5,,,,,,,,,,,
4CIY,target_not_in_hdf5,,,,,,,,,,,
4CIZ,target_not_in_hdf5,,,,,,,,,,,
4CJ4,target_not_in_hdf5,,,,,,,,,,,
4CJP,target_not_in_hdf5,,,,,,,,,,,
4CJQ,target_not_in_hdf5,,,,,,,,,,,
4CJR,target_not_in_hdf5,,,,,,,,,,,
4CKI,target_not_in_hdf5,,,,,,,,,,,
4CKR,target_not_in_hdf5,,,,,,,,,,,
4CKU,target_not_in_hdf5,,,,,,,,,,,
4CL6,target_not_in_hdf5,,,,,,,,,,,
4CLI,target_not_in_hdf5,,,,,,,,,,,
4CLJ,target_not_in_hdf5,,,,,,,,,,,
4CMO,target_not_in_hdf5,,,,,,,,,,,
4CNH,target_not_in_hdf5,,,,,,,,,,,
4CP7,target_not_in_hdf5,,,,,,,,,,,
4CPR,target_not_in_hdf5,,,,,,,,,,,
4CPT,target_not_in_hdf5,,,,,,,,,,,
4CPW,target_not_in_hdf5,,,,,,,,,,,
4CPX,target_not_in_hdf5,,,,,,,,,,,
4CPY,target_not_in_hdf5,,,,,,,,,,,
4CQE,target_not_in_hdf5,,,,,,,,,,,
4CQF,target_not_in_hdf5,,,,,,,,,,,
4CQG,target_not_in_hdf5,,,,,,,,,,,
4CR9,target_not_in_hdf5,,,,,,,,,,,
4CRA,target_not_in_hdf5,,,,,,,,,,,
4CRD,target_not_in_hdf5,,,,,,,,,,,
4CRF,target_not_in_hdf5,,,,,,,,,,,
4CRL,target_not_in_hdf5,,,,,,,,,,,
4CSD,target_not_in_hdf5,,,,,,,,,,,
4CSS,target_not_in_hdf5,,,,,,,,,,,
4CST,target_not_in_hdf5,,,,,,,,,,,
4CSY,target_not_in_hdf5,,,,,,,,,,,
4CTJ,target_not_in_hdf5,,,,,,,,,,,
4CU7,target_not_in_hdf5,,,,,,,,,,,
4CU8,target_not_in_hdf5,,,,,,,,,,,
4CWF,target_not_in_hdf5,,,,,,,,,,,
4CWR,target_not_in_hdf5,,,,,,,,,,,
4CWS,target_not_in_hdf5,,,,,,,,,,,
4CXW,target_not_in_hdf5,,,,,,,,,,,
4CXX,target_not_in_hdf5,,,,,,,,,,,
4CXY,target_not_in_hdf5,,,,,,,,,,,
4CY1,target_not_in_hdf5,,,,,,,,,,,
4D08,target_not_in_hdf5,,,,,,,,,,,
4D09,target_not_in_hdf5,,,,,,,,,,,
4D0W,target_not_in_hdf5,,,,,,,,,,,
4D1B,target_not_in_hdf5,,,,,,,,,,,
4D1C,target_not_in_hdf5,,,,,,,,,,,
4D1D,target_not_in_hdf5,,,,,,,,,,,
4D1S,target_not_in_hdf5,,,,,,,,,,,
4D1Y,target_not_in_hdf5,,,,,,,,,,,
4D2D,target_not_in_hdf5,,,,,,,,,,,
4D2R,target_not_in_hdf5,,,,,,,,,,,
4D2S,target_not_in_hdf5,,,,,,,,,,,
4D2T,target_not_in_hdf5,,,,,,,,,,,
4D4D,target_not_in_hdf5,,,,,,,,,,,
4D52,target_not_in_hdf5,,,,,,,,,,,
4D62,target_not_in_hdf5,,,,,,,,,,,
4D63,target_not_in_hdf5,,,,,,,,,,,
4D83,target_not_in_hdf5,,,,,,,,,,,
4D88,target_not_in_hdf5,,,,,,,,,,,
4D89,target_not_in_hdf5,,,,,,,,,,,
4D8C,target_not_in_hdf5,,,,,,,,,,,
4D8I,target_not_in_hdf5,,,,,,,,,,,
4D8S,target_not_in_hdf5,,,,,,,,,,,
4D8Z,target_not_in_hdf5,,,,,,,,,,,
4D9P,target_not_in_hdf5,,,,,,,,,,,
4DA5,target_not_in_hdf5,,,,,,,,,,,
4DAF,target_not_in_hdf5,,,,,,,,,,,
4DAI,target_not_in_hdf5,,,,,,,,,,,
4DB7,target_not_in_hdf5,,,,,,,,,,,
4DBN,target_not_in_hdf5,,,,,,,,,,,
4DCD,target_not_in_hdf5,,,,,,,,,,,
4DCE,target_not_in_hdf5,,,,,,,,,,,
4DCS,target_not_in_hdf5,,,,,,,,,,,
4DCV,target_not_in_hdf5,,,,,,,,,,,
4DDK,target_not_in_hdf5,,,,,,,,,,,
4DDY,target_not_in_hdf5,,,,,,,,,,,
4DE0,target_not_in_hdf5,,,,,,,,,,,
4DE3,target_not_in_hdf5,,,,,,,,,,,
4DE5,target_not_in_hdf5,,,,,,,,,,,
4DE7,target_not_in_hdf5,,,,,,,,,,,
4DEH,target_not_in_hdf5,,,,,,,,,,,
4DEI,target_not_in_hdf5,,,,,,,,,,,
4DEL,target_not_in_hdf5,,,,,,,,,,,
4DEU,target_not_in_hdf5,,,,,,,,,,,
4DFB,target_not_in_hdf5,,,,,,,,,,,
4DFF,target_not_in_hdf5,,,,,,,,,,,
4DFU,target_not_in_hdf5,,,,,,,,,,,
4DFW,target_not_in_hdf5,,,,,,,,,,,
4DGB,target_not_in_hdf5,,,,,,,,,,,
4DGG,target_not_in_hdf5,,,,,,,,,,,
4DGR,target_not_in_hdf5,,,,,,,,,,,
4DHL,target_not_in_hdf5,,,,,,,,,,,
4DHM,target_not_in_hdf5,,,,,,,,,,,
4DHO,target_not_in_hdf5,,,,,,,,,,,
4DHP,target_not_in_hdf5,,,,,,,,,,,
4DHQ,target_not_in_hdf5,,,,,,,,,,,
4DHR,target_not_in_hdf5,,,,,,,,,,,
4DHS,target_not_in_hdf5,,,,,,,,,,,
4DHU,target_not_in_hdf5,,,,,,,,,,,
4DIJ,target_not_in_hdf5,,,,,,,,,,,
4DJ7,target_not_in_hdf5,,,,,,,,,,,
4DJH,target_not_in_hdf5,,,,,,,,,,,
4DJR,target_not_in_hdf5,,,,,,,,,,,
4DJS,target_not_in_hdf5,,,,,,,,,,,
4DKO,target_not_in_hdf5,,,,,,,,,,,
4DKP,target_not_in_hdf5,,,,,,,,,,,
4DKT,target_not_in_hdf5,,,,,,,,,,,
4DLD,target_not_in_hdf5,,,,,,,,,,,
4DLI,target_not_in_hdf5,,,,,,,,,,,
4DMW,target_not_in_hdf5,,,,,,,,,,,
4DN0,target_not_in_hdf5,,,,,,,,,,,
4DO4,target_not_in_hdf5,,,,,,,,,,,
4DO5,target_not_in_hdf5,,,,,,,,,,,
4DOW,target_not_in_hdf5,,,,,,,,,,,
4DPY,target_not_in_hdf5,,,,,,,,,,,
4DQ2,target_not_in_hdf5,,,,,,,,,,,
4DR9,target_not_in_hdf5,,,,,,,,,,,
4DRM,target_not_in_hdf5,,,,,,,,,,,
4DRN,target_not_in_hdf5,,,,,,,,,,,
4DRO,target_not_in_hdf5,,,,,,,,,,,
4DRP,target_not_in_hdf5,,,,,,,,,,,
4DS1,target_not_in_hdf5,,,,,,,,,,,
4DST,target_not_in_hdf5,,,,,,,,,,,
4DSY,target_not_in_hdf5,,,,,,,,,,,
4DT2,target_not_in_hdf5,,,,,,,,,,,
4DTK,target_not_in_hdf5,,,,,,,,,,,
4DTT,target_not_in_hdf5,,,,,,,,,,,
4DU8,target_not_in_hdf5,,,,,,,,,,,
4DV9,target_not_in_hdf5,,,,,,,,,,,
4DVE,target_not_in_hdf5,,,,,,,,,,,
4DVI,target_not_in_hdf5,,,,,,,,,,,
4DWB,target_not_in_hdf5,,,,,,,,,,,
4DWK,target_not_in_hdf5,,,,,,,,,,,
4DXG,target_not_in_hdf5,,,,,,,,,,,
4DY6,target_not_in_hdf5,,,,,,,,,,,
4DZY,target_not_in_hdf5,,,,,,,,,,,
4E0W,target_not_in_hdf5,,,,,,,,,,,
4E0X,target_not_in_hdf5,,,,,,,,,,,
4E1Z,target_not_in_hdf5,,,,,,,,,,,
4E34,target_not_in_hdf5,,,,,,,,,,,
4E35,target_not_in_hdf5,,,,,,,,,,,
4E3F,target_not_in_hdf5,,,,,,,,,,,
4E3G,target_not_in_hdf5,,,,,,,,,,,
4E3I,target_not_in_hdf5,,,,,,,,,,,
4E3J,target_not_in_hdf5,,,,,,,,,,,
4E3K,target_not_in_hdf5,,,,,,,,,,,
4E3L,target_not_in_hdf5,,,,,,,,,,,
4E3O,target_not_in_hdf5,,,,,,,,,,,
4E49,target_not_in_hdf5,,,,,,,,,,,
4E4A,target_not_in_hdf5,,,,,,,,,,,
4E4L,target_not_in_hdf5,,,,,,,,,,,
4E4N,target_not_in_hdf5,,,,,,,,,,,
4E5D,target_not_in_hdf5,,,,,,,,,,,
4E5F,target_not_in_hdf5,,,,,,,,,,,
4E5G,target_not_in_hdf5,,,,,,,,,,,
4E5H,target_not_in_hdf5,,,,,,,,,,,
4E5J,target_not_in_hdf5,,,,,,,,,,,
4E5W,target_not_in_hdf5,,,,,,,,,,,
4E67,target_not_in_hdf5,,,,,,,,,,,
4E6C,target_not_in_hdf5,,,,,,,,,,,
4E6D,target_not_in_hdf5,,,,,,,,,,,
4E6Q,target_not_in_hdf5,,,,,,,,,,,
4E70,target_not_in_hdf5,,,,,,,,,,,
4E81,target_not_in_hdf5,,,,,,,,,,,
4E8W,target_not_in_hdf5,,,,,,,,,,,
4E90,target_not_in_hdf5,,,,,,,,,,,
4E96,target_not_in_hdf5,,,,,,,,,,,
4E9C,target_not_in_hdf5,,,,,,,,,,,
4E9D,target_not_in_hdf5,,,,,,,,,,,
4E9U,target_not_in_hdf5,,,,,,,,,,,
4EA1,target_not_in_hdf5,,,,,,,,,,,
4EA2,target_not_in_hdf5,,,,,,,,,,,
4EA3,target_not_in_hdf5,,,,,,,,,,,
4EB9,target_not_in_hdf5,,,,,,,,,,,
4EC0,target_not_in_hdf5,,,,,,,,,,,
4EC4,target_not_in_hdf5,,,,,,,,,,,
4EDE,target_not_in_hdf5,,,,,,,,,,,
4EDZ,target_not_in_hdf5,,,,,,,,,,,
4EEH,target_not_in_hdf5,,,,,,,,,,,
4EEJ,target_not_in_hdf5,,,,,,,,,,,
4EEV,target_not_in_hdf5,,,,,,,,,,,
4EF6,target_not_in_hdf5,,,,,,,,,,,
4EFG,target_not_in_hdf5,,,,,,,,,,,
4EFK,target_not_in_hdf5,,,,,,,,,,,
4EFS,target_not_in_hdf5,,,,,,,,,,,
4EFT,target_not_in_hdf5,,,,,,,,,,,
4EFU,target_not_in_hdf5,,,,,,,,,,,
4EGH,target_not_in_hdf5,,,,,,,,,,,
4EGI,target_not_in_hdf5,,,,,,,,,,,
4EGK,target_not_in_hdf5,,,,,,,,,,,
4EH3,target_not_in_hdf5,,,,,,,,,,,
4EH4,target_not_in_hdf5,,,,,,,,,,,
4EH6,target_not_in_hdf5,,,,,,,,,,,
4EH7,target_not_in_hdf5,,,,,,,,,,,
4EH8,target_not_in_hdf5,,,,,,,,,,,
4EHE,target_not_in_hdf5,,,,,,,,,,,
4EHM,target_not_in_hdf5,,,,,,,,,,,
4EHR,target_not_in_hdf5,,,,,,,,,,,
4EHV,target_not_in_hdf5,,,,,,,,,,,
4EHZ,target_not_in_hdf5,,,,,,,,,,,
4EI4,target_not_in_hdf5,,,,,,,,,,,
4EJ2,target_not_in_hdf5,,,,,,,,,,,
4EJ8,target_not_in_hdf5,,,,,,,,,,,
4EJF,target_not_in_hdf5,,,,,,,,,,,
4EKE,target_not_in_hdf5,,,,,,,,,,,
4EKI,target_not_in_hdf5,,,,,,,,,,,
4EKY,target_not_in_hdf5,,,,,,,,,,,
4EL0,target_not_in_hdf5,,,,,,,,,,,
4EL5,target_not_in_hdf5,,,,,,,,,,,
4EL9,target_not_in_hdf5,,,,,,,,,,,
4ELB,target_not_in_hdf5,,,,,,,,,,,
4ELE,target_not_in_hdf5,,,,,,,,,,,
4ELF,target_not_in_hdf5,,,,,,,,,,,
4ELG,target_not_in_hdf5,,,,,,,,,,,
4ELH,target_not_in_hdf5,,,,,,,,,,,
4EM7,target_not_in_hdf5,,,,,,,,,,,
4EMT,target_not_in_hdf5,,,,,,,,,,,
4EN4,target_not_in_hdf5,,,,,,,,,,,
4ENY,target_not_in_hdf5,,,,,,,,,,,
4EO4,target_not_in_hdf5,,,,,,,,,,,
4EO6,target_not_in_hdf5,,,,,,,,,,,
4EO8,target_not_in_hdf5,,,,,,,,,,,
4EOI,target_not_in_hdf5,,,,,,,,,,,
4EOL,target_not_in_hdf5,,,,,,,,,,,
4EON,target_not_in_hdf5,,,,,,,,,,,
4EOP,target_not_in_hdf5,,,,,,,,,,,
4EOS,target_not_in_hdf5,,,,,,,,,,,
4EOX,target_not_in_hdf5,,,,,,,,,,,
4EPY,target_not_in_hdf5,,,,,,,,,,,
4EQJ,target_not_in_hdf5,,,,,,,,,,,
4ER2,target_not_in_hdf5,,,,,,,,,,,
4ER4,target_not_in_hdf5,,,,,,,,,,,
4ERE,target_not_in_hdf5,,,,,,,,,,,
4ERK,target_not_in_hdf5,,,,,,,,,,,
4ERQ,target_not_in_hdf5,,,,,,,,,,,
4ERY,target_not_in_hdf5,,,,,,,,,,,
4ERZ,target_not_in_hdf5,,,,,,,,,,,
4ES0,target_not_in_hdf5,,,,,,,,,,,
4ESG,target_not_in_hdf5,,,,,,,,,,,
4EST,target_not_in_hdf5,,,,,,,,,,,
4ETZ,target_not_in_hdf5,,,,,,,,,,,
4EU0,target_not_in_hdf5,,,,,,,,,,,
4EU3,target_not_in_hdf5,,,,,,,,,,,
4EUC,target_not_in_hdf5,,,,,,,,,,,
4EUO,target_not_in_hdf5,,,,,,,,,,,
4EUV,target_not_in_hdf5,,,,,,,,,,,
4EW3,target_not_in_hdf5,,,,,,,,,,,
4EWN,target_not_in_hdf5,,,,,,,,,,,
4EWR,target_not_in_hdf5,,,,,,,,,,,
4EXG,target_not_in_hdf5,,,,,,,,,,,
4EXH,target_not_in_hdf5,,,,,,,,,,,
4EXS,target_not_in_hdf5,,,,,,,,,,,
4EXZ,target_not_in_hdf5,,,,,,,,,,,
4EYJ,target_not_in_hdf5,,,,,,,,,,,
4EYM,target_not_in_hdf5,,,,,,,,,,,
4EYR,target_not_in_hdf5,,,,,,,,,,,
4EZJ,target_not_in_hdf5,,,,,,,,,,,
4EZO,target_not_in_hdf5,,,,,,,,,,,
4EZQ,target_not_in_hdf5,,,,,,,,,,,
4EZR,target_not_in_hdf5,,,,,,,,,,,
4EZW,target_not_in_hdf5,,,,,,,,,,,
4EZX,target_not_in_hdf5,,,,,,,,,,,
4EZY,target_not_in_hdf5,,,,,,,,,,,
4EZZ,target_not_in_hdf5,,,,,,,,,,,
4F08,target_not_in_hdf5,,,,,,,,,,,
4F09,target_not_in_hdf5,,,,,,,,,,,
4F0C,target_not_in_hdf5,,,,,,,,,,,
4F14,target_not_in_hdf5,,,,,,,,,,,
4F1Q,target_not_in_hdf5,,,,,,,,,,,
4F20,target_not_in_hdf5,,,,,,,,,,,
4F2W,target_not_in_hdf5,,,,,,,,,,,
4F39,target_not_in_hdf5,,,,,,,,,,,
4F3I,target_not_in_hdf5,,,,,,,,,,,
4F49,target_not_in_hdf5,,,,,,,,,,,
4F4P,target_not_in_hdf5,,,,,,,,,,,
4F5Y,target_not_in_hdf5,,,,,,,,,,,
4F64,target_not_in_hdf5,,,,,,,,,,,
4F6S,target_not_in_hdf5,,,,,,,,,,,
4F6U,target_not_in_hdf5,,,,,,,,,,,
4F7J,target_not_in_hdf5,,,,,,,,,,,
4F7L,target_not_in_hdf5,,,,,,,,,,,
4F7N,target_not_in_hdf5,,,,,,,,,,,
4F8H,target_not_in_hdf5,,,,,,,,,,,
4F9G,target_not_in_hdf5,,,,,,,,,,,
4F9U,target_not_in_hdf5,,,,,,,,,,,
4F9V,target_not_in_hdf5,,,,,,,,,,,
4F9W,target_not_in_hdf5,,,,,,,,,,,
4FAI,target_not_in_hdf5,,,,,,,,,,,
4FBE,target_not_in_hdf5,,,,,,,,,,,
4FBX,target_not_in_hdf5,,,,,,,,,,,
4FCF,target_not_in_hdf5,,,,,,,,,,,
4FCM,target_not_in_hdf5,,,,,,,,,,,
4FCQ,target_not_in_hdf5,,,,,,,,,,,
4FE9,target_not_in_hdf5,,,,,,,,,,,
4FEM,target_not_in_hdf5,,,,,,,,,,,
4FEV,target_not_in_hdf5,,,,,,,,,,,
4FEW,target_not_in_hdf5,,,,,,,,,,,
4FFS,target_not_in_hdf5,,,,,,,,,,,
4FGT,target_not_in_hdf5,,,,,,,,,,,
4FGX,target_not_in_hdf5,,,,,,,,,,,
4FGZ,target_not_in_hdf5,,,,,,,,,,,
4FHH,target_not_in_hdf5,,,,,,,,,,,
4FHI,target_not_in_hdf5,,,,,,,,,,,
4FHT,target_not_in_hdf5,,,,,,,,,,,
4FI9,target_not_in_hdf5,,,,,,,,,,,
4FIC,target_not_in_hdf5,,,,,,,,,,,
4FIV,target_not_in_hdf5,,,,,,,,,,,
4FK6,target_not_in_hdf5,,,,,,,,,,,
4FKK,target_not_in_hdf5,,,,,,,,,,,
4FL1,target_not_in_hdf5,,,,,,,,,,,
4FL2,target_not_in_hdf5,,,,,,,,,,,
4FL3,target_not_in_hdf5,,,,,,,,,,,
4FLI,target_not_in_hdf5,,,,,,,,,,,
4FLJ,target_not_in_hdf5,,,,,,,,,,,
4FLK,target_not_in_hdf5,,,,,,,,,,,
4FM7,target_not_in_hdf5,,,,,,,,,,,
4FM8,target_not_in_hdf5,,,,,,,,,,,
4FMN,target_not_in_hdf5,,,,,,,,,,,
4FMO,target_not_in_hdf5,,,,,,,,,,,
4FMQ,target_not_in_hdf5,,,,,,,,,,,
4FMU,target_not_in_hdf5,,,,,,,,,,,
4FNN,target_not_in_hdf5,,,,,,,,,,,
4FNS,target_not_in_hdf5,,,,,,,,,,,
4FNY,target_not_in_hdf5,,,,,,,,,,,
4FNZ,target_not_in_hdf5,,,,,,,,,,,
4FOB,target_not_in_hdf5,,,,,,,,,,,
4FP1,target_not_in_hdf5,,,,,,,,,,,
4FRJ,target_not_in_hdf5,,,,,,,,,,,
4FRK,target_not_in_hdf5,,,,,,,,,,,
4FT2,target_not_in_hdf5,,,,,,,,,,,
4FVQ,target_not_in_hdf5,,,,,,,,,,,
4FVR,target_not_in_hdf5,,,,,,,,,,,
4FXF,target_not_in_hdf5,,,,,,,,,,,
4FXJ,target_not_in_hdf5,,,,,,,,,,,
4FXP,target_not_in_hdf5,,,,,,,,,,,
4FXQ,target_not_in_hdf5,,,,,,,,,,,
4FXZ,target_not_in_hdf5,,,,,,,,,,,
4FYH,target_not_in_hdf5,,,,,,,,,,,
4FZ3,target_not_in_hdf5,,,,,,,,,,,
4FZJ,target_not_in_hdf5,,,,,,,,,,,
4G0A,target_not_in_hdf5,,,,,,,,,,,
4G0K,target_not_in_hdf5,,,,,,,,,,,
4G0L,target_not_in_hdf5,,,,,,,,,,,
4G0P,target_not_in_hdf5,,,,,,,,,,,
4G0Q,target_not_in_hdf5,,,,,,,,,,,
4G0Y,target_not_in_hdf5,,,,,,,,,,,
4G0Z,target_not_in_hdf5,,,,,,,,,,,
4G11,target_not_in_hdf5,,,,,,,,,,,
4G19,target_not_in_hdf5,,,,,,,,,,,
4G2F,target_not_in_hdf5,,,,,,,,,,,
4G2L,target_not_in_hdf5,,,,,,,,,,,
4G2Y,target_not_in_hdf5,,,,,,,,,,,
4G3G,target_not_in_hdf5,,,,,,,,,,,
4G4P,target_not_in_hdf5,,,,,,,,,,,
4G5F,target_not_in_hdf5,,,,,,,,,,,
4G5Y,target_not_in_hdf5,,,,,,,,,,,
4G68,target_not_in_hdf5,,,,,,,,,,,
4G8L,target_not_in_hdf5,,,,,,,,,,,
4G8M,target_not_in_hdf5,,,,,,,,,,,
4G8N,target_not_in_hdf5,,,,,,,,,,,
4G8O,target_not_in_hdf5,,,,,,,,,,,
4G8R,target_not_in_hdf5,,,,,,,,,,,
4G8V,target_not_in_hdf5,,,,,,,,,,,
4G8Y,target_not_in_hdf5,,,,,,,,,,,
4G90,target_not_in_hdf5,,,,,,,,,,,
4GAO,target_not_in_hdf5,,,,,,,,,,,
4GBY,target_not_in_hdf5,,,,,,,,,,,
4GBZ,target_not_in_hdf5,,,,,,,,,,,
4GE1,target_not_in_hdf5,,,,,,,,,,,
4GE2,target_not_in_hdf5,,,,,,,,,,,
4GE4,target_not_in_hdf5,,,,,,,,,,,
4GEE,target_not_in_hdf5,,,,,,,,,,,
4GFD,target_not_in_hdf5,,,,,,,,,,,
4GFM,target_not_in_hdf5,,,,,,,,,,,
4GFN,target_not_in_hdf5,,,,,,,,,,,
4GFO,target_not_in_hdf5,,,,,,,,,,,
4GGZ,target_not_in_hdf5,,,,,,,,,,,
4GHT,target_not_in_hdf5,,,,,,,,,,,
4GID,target_not_in_hdf5,,,,,,,,,,,
4GIH,target_not_in_hdf5,,,,,,,,,,,
4GII,target_not_in_hdf5,,,,,,,,,,,
4GJ2,target_not_in_hdf5,,,,,,,,,,,
4GJ3,target_not_in_hdf5,,,,,,,,,,,
4GJ7,target_not_in_hdf5,,,,,,,,,,,
4GJ8,target_not_in_hdf5,,,,,,,,,,,
4GJB,target_not_in_hdf5,,,,,,,,,,,
4GKC,target_not_in_hdf5,,,,,,,,,,,
4GLY,target_not_in_hdf5,,,,,,,,,,,
4GM8,target_not_in_hdf5,,,,,,,,,,,
4GMC,target_not_in_hdf5,,,,,,,,,,,
4GMY,target_not_in_hdf5,,,,,,,,,,,
4GNE,target_not_in_hdf5,,,,,,,,,,,
4GNF,target_not_in_hdf5,,,,,,,,,,,
4GNG,target_not_in_hdf5,,,,,,,,,,,
4GNY,target_not_in_hdf5,,,,,,,,,,,
4GQ4,target_not_in_hdf5,,,,,,,,,,,
4GQL,target_not_in_hdf5,,,,,,,,,,,
4GQQ,target_not_in_hdf5,,,,,,,,,,,
4GR0,target_not_in_hdf5,,,,,,,,,,,
4GR3,target_not_in_hdf5,,,,,,,,,,,
4GR8,target_not_in_hdf5,,,,,,,,,,,
4GS8,target_not_in_hdf5,,,,,,,,,,,
4GSY,target_not_in_hdf5,,,,,,,,,,,
4GUJ,target_not_in_hdf5,,,,,,,,,,,
4GV8,target_not_in_hdf5,,,,,,,,,,,
4GVD,target_not_in_hdf5,,,,,,,,,,,
4GVM,target_not_in_hdf5,,,,,,,,,,,
4GW1,target_not_in_hdf5,,,,,,,,,,,
4GW5,target_not_in_hdf5,,,,,,,,,,,
4GW6,target_not_in_hdf5,,,,,,,,,,,
4GW8,target_not_in_hdf5,,,,,,,,,,,
4GWI,target_not_in_hdf5,,,,,,,,,,,
4GWK,target_not_in_hdf5,,,,,,,,,,,
4GXL,target_not_in_hdf5,,,,,,,,,,,
4GXS,target_not_in_hdf5,,,,,,,,,,,
4GY5,target_not_in_hdf5,,,,,,,,,,,
4GZ3,target_not_in_hdf5,,,,,,,,,,,
4GZP,target_not_in_hdf5,,,,,,,,,,,
4GZT,target_not_in_hdf5,,,,,,,,,,,
4GZW,target_not_in_hdf5,,,,,,,,,,,
4GZX,target_not_in_hdf5,,,,,,,,,,,
4H1J,target_not_in_hdf5,,,,,,,,,,,
4H1M,target_not_in_hdf5,,,,,,,,,,,
4H2M,target_not_in_hdf5,,,,,,,,,,,
4H36,target_not_in_hdf5,,,,,,,,,,,
4H38,target_not_in_hdf5,,,,,,,,,,,
4H39,target_not_in_hdf5,,,,,,,,,,,
4H3A,target_not_in_hdf5,,,,,,,,,,,
4H3B,target_not_in_hdf5,,,,,,,,,,,
4H3C,target_not_in_hdf5,,,,,,,,,,,
4H3Q,target_not_in_hdf5,,,,,,,,,,,
4H42,target_not_in_hdf5,,,,,,,,,,,
4H4D,target_not_in_hdf5,,,,,,,,,,,
4H4E,target_not_in_hdf5,,,,,,,,,,,
4H4M,target_not_in_hdf5,,,,,,,,,,,
4H5E,target_not_in_hdf5,,,,,,,,,,,
4H71,target_not_in_hdf5,,,,,,,,,,,
4H75,target_not_in_hdf5,,,,,,,,,,,
4H7Q,target_not_in_hdf5,,,,,,,,,,,
4H81,target_not_in_hdf5,,,,,,,,,,,
4H85,target_not_in_hdf5,,,,,,,,,,,
4HBM,target_not_in_hdf5,,,,,,,,,,,
4HBN,target_not_in_hdf5,,,,,,,,,,,
4HBP,target_not_in_hdf5,,,,,,,,,,,
4HBV,target_not_in_hdf5,,,,,,,,,,,
4HBW,target_not_in_hdf5,,,,,,,,,,,
4HBY,target_not_in_hdf5,,,,,,,,,,,
4HCO,target_not_in_hdf5,,,,,,,,,,,
4HCU,target_not_in_hdf5,,,,,,,,,,,
4HCV,target_not_in_hdf5,,,,,,,,,,,
4HCZ,target_not_in_hdf5,,,,,,,,,,,
4HDC,target_not_in_hdf5,,,,,,,,,,,
4HEJ,target_not_in_hdf5,,,,,,,,,,,
4HEV,target_not_in_hdf5,,,,,,,,,,,
4HFZ,target_not_in_hdf5,,,,,,,,,,,
4HG7,target_not_in_hdf5,,,,,,,,,,,
4HGC,target_not_in_hdf5,,,,,,,,,,,
4HGL,target_not_in_hdf5,,,,,,,,,,,
4HGS,target_not_in_hdf5,,,,,,,,,,,
4HGT,target_not_in_hdf5,,,,,,,,,,,
4HHY,target_not_in_hdf5,,,,,,,,,,,
4HHZ,target_not_in_hdf5,,,,,,,,,,,
4HKP,target_not_in_hdf5,,,,,,,,,,,
4HLC,target_not_in_hdf5,,,,,,,,,,,
4HLD,target_not_in_hdf5,,,,,,,,,,,
4HLG,target_not_in_hdf5,,,,,,,,,,,
4HLM,target_not_in_hdf5,,,,,,,,,,,
4HMK,target_not_in_hdf5,,,,,,,,,,,
4HN2,target_not_in_hdf5,,,,,,,,,,,
4HNI,target_not_in_hdf5,,,,,,,,,,,
4HNN,target_not_in_hdf5,,,,,,,,,,,
4HOD,target_not_in_hdf5,,,,,,,,,,,
4HP0,target_not_in_hdf5,,,,,,,,,,,
4HPI,target_not_in_hdf5,,,,,,,,,,,
4HPY,target_not_in_hdf5,,,,,,,,,,,
4HRA,target_not_in_hdf5,,,,,,,,,,,
4HS6,target_not_in_hdf5,,,,,,,,,,,
4HS8,target_not_in_hdf5,,,,,,,,,,,
4HSO,target_not_in_hdf5,,,,,,,,,,,
4HT0,target_not_in_hdf5,,,,,,,,,,,
4HT2,target_not_in_hdf5,,,,,,,,,,,
4HT6,target_not_in_hdf5,,,,,,,,,,,
4HTP,target_not_in_hdf5,,,,,,,,,,,
4HTX,target_not_in_hdf5,,,,,,,,,,,
4HU1,target_not_in_hdf5,,,,,,,,,,,
4HVA,target_not_in_hdf5,,,,,,,,,,,
4HVB,target_not_in_hdf5,,,,,,,,,,,
4HVD,target_not_in_hdf5,,,,,,,,,,,
4HVH,target_not_in_hdf5,,,,,,,,,,,
4HVI,target_not_in_hdf5,,,,,,,,,,,
4HVS,target_not_in_hdf5,,,,,,,,,,,
4HW7,target_not_in_hdf5,,,,,,,,,,,
4HWR,target_not_in_hdf5,,,,,,,,,,,
4HWT,target_not_in_hdf5,,,,,,,,,,,
4HXJ,target_not_in_hdf5,,,,,,,,,,,
4HXL,target_not_in_hdf5,,,,,,,,,,,
4HXM,target_not_in_hdf5,,,,,,,,,,,
4HXS,target_not_in_hdf5,,,,,,,,,,,
4HXW,target_not_in_hdf5,,,,,,,,,,,
4HXZ,target_not_in_hdf5,,,,,,,,,,,
4HY1,target_not_in_hdf5,,,,,,,,,,,
4HY5,target_not_in_hdf5,,,,,,,,,,,
4HY9,target_not_in_hdf5,,,,,,,,,,,
4HYB,target_not_in_hdf5,,,,,,,,,,,
4HYF,target_not_in_hdf5,,,,,,,,,,,
4HYS,target_not_in_hdf5,,,,,,,,,,,
4HZ5,target_not_in_hdf5,,,,,,,,,,,
4HZM,target_not_in_hdf5,,,,,,,,,,,
4HZZ,target_not_in_hdf5,,,,,,,,,,,
4I0D,target_not_in_hdf5,,,,,,,,,,,
4I0F,target_not_in_hdf5,,,,,,,,,,,
4I0R,target_not_in_hdf5,,,,,,,,,,,
4I0T,target_not_in_hdf5,,,,,,,,,,,
4I0Z,target_not_in_hdf5,,,,,,,,,,,
4I11,target_not_in_hdf5,,,,,,,,,,,
4I12,target_not_in_hdf5,,,,,,,,,,,
4I1C,target_not_in_hdf5,,,,,,,,,,,
4I1R,target_not_in_hdf5,,,,,,,,,,,
4I2W,target_not_in_hdf5,,,,,,,,,,,
4I2Z,target_not_in_hdf5,,,,,,,,,,,
4I31,target_not_in_hdf5,,,,,,,,,,,
4I32,target_not_in_hdf5,,,,,,,,,,,
4I33,target_not_in_hdf5,,,,,,,,,,,
4I3Z,target_not_in_hdf5,,,,,,,,,,,
4I47,target_not_in_hdf5,,,,,,,,,,,
4I5C,target_not_in_hdf5,,,,,,,,,,,
4I5M,target_not_in_hdf5,,,,,,,,,,,
4I5P,target_not_in_hdf5,,,,,,,,,,,
4I6B,target_not_in_hdf5,,,,,,,,,,,
4I6H,target_not_in_hdf5,,,,,,,,,,,
4I6Q,target_not_in_hdf5,,,,,,,,,,,
4I73,target_not_in_hdf5,,,,,,,,,,,
4I74,target_not_in_hdf5,,,,,,,,,,,
4I7B,target_not_in_hdf5,,,,,,,,,,,
4I7D,target_not_in_hdf5,,,,,,,,,,,
4I7J,target_not_in_hdf5,,,,,,,,,,,
4I7K,target_not_in_hdf5,,,,,,,,,,,
4I7L,target_not_in_hdf5,,,,,,,,,,,
4I7M,target_not_in_hdf5,,,,,,,,,,,
4I7P,target_not_in_hdf5,,,,,,,,,,,
4I80,target_not_in_hdf5,,,,,,,,,,,
4I8W,target_not_in_hdf5,,,,,,,,,,,
4I9C,target_not_in_hdf5,,,,,,,,,,,
4I9H,target_not_in_hdf5,,,,,,,,,,,
4I9O,target_not_in_hdf5,,,,,,,,,,,
4I9R,target_not_in_hdf5,,,,,,,,,,,
4I9S,target_not_in_hdf5,,,,,,,,,,,
4I9U,target_not_in_hdf5,,,,,,,,,,,
4IAW,target_not_in_hdf5,,,,,,,,,,,
4IAX,target_not_in_hdf5,,,,,,,,,,,
4IBD,target_not_in_hdf5,,,,,,,,,,,
4IBE,target_not_in_hdf5,,,,,,,,,,,
4IBI,target_not_in_hdf5,,,,,,,,,,,
4IBJ,target_not_in_hdf5,,,,,,,,,,,
4IBK,target_not_in_hdf5,,,,,,,,,,,
4IDN,target_not_in_hdf5,,,,,,,,,,,
4IDO,target_not_in_hdf5,,,,,,,,,,,
4IDT,target_not_in_hdf5,,,,,,,,,,,
4IDZ,target_not_in_hdf5,,,,,,,,,,,
4IE0,target_not_in_hdf5,,,,,,,,,,,
4IE5,target_not_in_hdf5,,,,,,,,,,,
4IE6,target_not_in_hdf5,,,,,,,,,,,
4IGK,target_not_in_hdf5,,,,,,,,,,,
4IGQ,target_not_in_hdf5,,,,,,,,,,,
4IH3,target_not_in_hdf5,,,,,,,,,,,
4IH6,target_not_in_hdf5,,,,,,,,,,,
4IH7,target_not_in_hdf5,,,,,,,,,,,
4IHO,target_not_in_hdf5,,,,,,,,,,,
4IIC,target_not_in_hdf5,,,,,,,,,,,
4IID,target_not_in_hdf5,,,,,,,,,,,
4IIE,target_not_in_hdf5,,,,,,,,,,,
4IIF,target_not_in_hdf5,,,,,,,,,,,
4IJH,target_not_in_hdf5,,,,,,,,,,,
4IJL,target_not_in_hdf5,,,,,,,,,,,
4IJP,target_not_in_hdf5,,,,,,,,,,,
4IJQ,target_not_in_hdf5,,,,,,,,,,,
4IKN,target_not_in_hdf5,,,,,,,,,,,
4IKU,target_not_in_hdf5,,,,,,,,,,,
4IMQ,target_not_in_hdf5,,,,,,,,,,,
4IMZ,target_not_in_hdf5,,,,,,,,,,,
4IN9,target_not_in_hdf5,,,,,,,,,,,
4INB,target_not_in_hdf5,,,,,,,,,,,
4INH,target_not_in_hdf5,,,,,,,,,,,
4IO2,target_not_in_hdf5,,,,,,,,,,,
4IO3,target_not_in_hdf5,,,,,,,,,,,
4IO4,target_not_in_hdf5,,,,,,,,,,,
4IO5,target_not_in_hdf5,,,,,,,,,,,
4IO6,target_not_in_hdf5,,,,,,,,,,,
4IO7,target_not_in_hdf5,,,,,,,,,,,
4IPI,target_not_in_hdf5,,,,,,,,,,,
4IPJ,target_not_in_hdf5,,,,,,,,,,,
4IPN,target_not_in_hdf5,,,,,,,,,,,
4IR5,target_not_in_hdf5,,,,,,,,,,,
4IR6,target_not_in_hdf5,,,,,,,,,,,
4IRX,target_not_in_hdf5,,,,,,,,,,,
4IS6,target_not_in_hdf5,,,,,,,,,,,
4ISU,target_not_in_hdf5,,,,,,,,,,,
4ITH,target_not_in_hdf5,,,,,,,,,,,
4ITI,target_not_in_hdf5,,,,,,,,,,,
4ITP,target_not_in_hdf5,,,,,,,,,,,
4IU1,target_not_in_hdf5,,,,,,,,,,,
4IUR,target_not_in_hdf5,,,,,,,,,,,
4IUT,target_not_in_hdf5,,,,,,,,,,,
4IUU,target_not_in_hdf5,,,,,,,,,,,
4IUV,target_not_in_hdf5,,,,,,,,,,,
4IVA,target_not_in_hdf5,,,,,,,,,,,
4IVB,target_not_in_hdf5,,,,,,,,,,,
4IVC,target_not_in_hdf5,,,,,,,,,,,
4IVD,target_not_in_hdf5,,,,,,,,,,,
4IVK,target_not_in_hdf5,,,,,,,,,,,
4IWD,target_not_in_hdf5,,,,,,,,,,,
4IWZ,target_not_in_hdf5,,,,,,,,,,,
4IZ0,target_not_in_hdf5,,,,,,,,,,,
4IZM,target_not_in_hdf5,,,,,,,,,,,
4J03,target_not_in_hdf5,,,,,,,,,,,
4J04,target_not_in_hdf5,,,,,,,,,,,
4J06,target_not_in_hdf5,,,,,,,,,,,
4J09,target_not_in_hdf5,,,,,,,,,,,
4J0A,target_not_in_hdf5,,,,,,,,,,,
4J0P,target_not_in_hdf5,,,,,,,,,,,
4J0R,target_not_in_hdf5,,,,,,,,,,,
4J0S,target_not_in_hdf5,,,,,,,,,,,
4J0Y,target_not_in_hdf5,,,,,,,,,,,
4J0Z,target_not_in_hdf5,,,,,,,,,,,
4J17,target_not_in_hdf5,,,,,,,,,,,
4J1E,target_not_in_hdf5,,,,,,,,,,,
4J1H,target_not_in_hdf5,,,,,,,,,,,
4J26,target_not_in_hdf5,,,,,,,,,,,
4J2C,target_not_in_hdf5,,,,,,,,,,,
4J2T,target_not_in_hdf5,,,,,,,,,,,
4J3I,target_not_in_hdf5,,,,,,,,,,,
4J3J,target_not_in_hdf5,,,,,,,,,,,
4J3U,target_not_in_hdf5,,,,,,,,,,,
4J44,target_not_in_hdf5,,,,,,,,,,,
4J45,target_not_in_hdf5,,,,,,,,,,,
4J46,target_not_in_hdf5,,,,,,,,,,,
4J47,target_not_in_hdf5,,,,,,,,,,,
4J48,target_not_in_hdf5,,,,,,,,,,,
4J52,target_not_in_hdf5,,,,,,,,,,,
4J5D,target_not_in_hdf5,,,,,,,,,,,
4J5E,target_not_in_hdf5,,,,,,,,,,,
4J73,target_not_in_hdf5,,,,,,,,,,,
4J74,target_not_in_hdf5,,,,,,,,,,,
4J77,target_not_in_hdf5,,,,,,,,,,,
4J78,target_not_in_hdf5,,,,,,,,,,,
4J79,target_not_in_hdf5,,,,,,,,,,,
4J7D,target_not_in_hdf5,,,,,,,,,,,
4J7I,target_not_in_hdf5,,,,,,,,,,,
4J82,target_not_in_hdf5,,,,,,,,,,,
4J84,target_not_in_hdf5,,,,,,,,,,,
4J86,target_not_in_hdf5,,,,,,,,,,,
4J8B,target_not_in_hdf5,,,,,,,,,,,
4J8G,target_not_in_hdf5,,,,,,,,,,,
4J8R,target_not_in_hdf5,,,,,,,,,,,
4J8T,target_not_in_hdf5,,,,,,,,,,,
4J93,target_not_in_hdf5,,,,,,,,,,,
4J9A,target_not_in_hdf5,,,,,,,,,,,
4JAZ,target_not_in_hdf5,,,,,,,,,,,
4JBL,target_not_in_hdf5,,,,,,,,,,,
4JBP,target_not_in_hdf5,,,,,,,,,,,
4JBS,target_not_in_hdf5,,,,,,,,,,,
4JC1,target_not_in_hdf5,,,,,,,,,,,
4JCK,target_not_in_hdf5,,,,,,,,,,,
4JDA,target_not_in_hdf5,,,,,,,,,,,
4JDF,target_not_in_hdf5,,,,,,,,,,,
4JE7,target_not_in_hdf5,,,,,,,,,,,
4JE8,target_not_in_hdf5,,,,,,,,,,,
4JFD,target_not_in_hdf5,,,,,,,,,,,
4JFE,target_not_in_hdf5,,,,,,,,,,,
4JFF,target_not_in_hdf5,,,,,,,,,,,
4JFI,target_not_in_hdf5,,,,,,,,,,,
4JFJ,target_not_in_hdf5,,,,,,,,,,,
4JFK,target_not_in_hdf5,,,,,,,,,,,
4JFL,target_not_in_hdf5,,,,,,,,,,,
4JFM,target_not_in_hdf5,,,,,,,,,,,
4JFX,target_not_in_hdf5,,,,,,,,,,,
4JG0,target_not_in_hdf5,,,,,,,,,,,
4JG1,target_not_in_hdf5,,,,,,,,,,,
4JG6,target_not_in_hdf5,,,,,,,,,,,
4JG8,target_not_in_hdf5,,,,,,,,,,,
4JGV,target_not_in_hdf5,,,,,,,,,,,
4JH0,target_not_in_hdf5,,,,,,,,,,,
4JHZ,target_not_in_hdf5,,,,,,,,,,,
4JIB,target_not_in_hdf5,,,,,,,,,,,
4JIN,target_not_in_hdf5,,,,,,,,,,,
4JIT,target_not_in_hdf5,,,,,,,,,,,
4JIZ,target_not_in_hdf5,,,,,,,,,,,
4JJ8,target_not_in_hdf5,,,,,,,,,,,
4JJE,target_not_in_hdf5,,,,,,,,,,,
4JJQ,target_not_in_hdf5,,,,,,,,,,,
4JJS,target_not_in_hdf5,,,,,,,,,,,
4JK5,target_not_in_hdf5,,,,,,,,,,,
4JK6,target_not_in_hdf5,,,,,,,,,,,
4JKT,target_not_in_hdf5,,,,,,,,,,,
4JKW,target_not_in_hdf5,,,,,,,,,,,
4JLG,target_not_in_hdf5,,,,,,,,,,,
4JLJ,target_not_in_hdf5,,,,,,,,,,,
4JLM,target_not_in_hdf5,,,,,,,,,,,
4JLN,target_not_in_hdf5,,,,,,,,,,,
4JLS,target_not_in_hdf5,,,,,,,,,,,
4JMX,target_not_in_hdf5,,,,,,,,,,,
4JN4,target_not_in_hdf5,,,,,,,,,,,
4JNE,target_not_in_hdf5,,,,,,,,,,,
4JNJ,target_not_in_hdf5,,,,,,,,,,,
4JOG,target_not_in_hdf5,,,,,,,,,,,
4JOH,target_not_in_hdf5,,,,,,,,,,,
4JPA,target_not_in_hdf5,,,,,,,,,,,
4JPS,target_not_in_hdf5,,,,,,,,,,,
4JPY,target_not_in_hdf5,,,,,,,,,,,
4JQL,target_not_in_hdf5,,,,,,,,,,,
4JR0,target_not_in_hdf5,,,,,,,,,,,
4JR5,target_not_in_hdf5,,,,,,,,,,,
4JSA,target_not_in_hdf5,,,,,,,,,,,
4JSC,target_not_in_hdf5,,,,,,,,,,,
4JSR,target_not_in_hdf5,,,,,,,,,,,
4JSS,target_not_in_hdf5,,,,,,,,,,,
4JT8,target_not_in_hdf5,,,,,,,,,,,
4JT9,target_not_in_hdf5,,,,,,,,,,,
4JU3,target_not_in_hdf5,,,,,,,,,,,
4JU6,target_not_in_hdf5,,,,,,,,,,,
4JU7,target_not_in_hdf5,,,,,,,,,,,
4JV7,target_not_in_hdf5,,,,,,,,,,,
4JV8,target_not_in_hdf5,,,,,,,,,,,
4JVE,target_not_in_hdf5,,,,,,,,,,,
4JVI,target_not_in_hdf5,,,,,,,,,,,
4JWR,target_not_in_hdf5,,,,,,,,,,,
4JX9,target_not_in_hdf5,,,,,,,,,,,
4JXS,target_not_in_hdf5,,,,,,,,,,,
4JXV,target_not_in_hdf5,,,,,,,,,,,
4JXW,target_not_in_hdf5,,,,,,,,,,,
4JYB,target_not_in_hdf5,,,,,,,,,,,
4JYC,target_not_in_hdf5,,,,,,,,,,,
4JYM,target_not_in_hdf5,,,,,,,,,,,
4JYV,target_not_in_hdf5,,,,,,,,,,,
4K0O,target_not_in_hdf5,,,,,,,,,,,
4K0Y,target_not_in_hdf5,,,,,,,,,,,
4K18,target_not_in_hdf5,,,,,,,,,,,
4K19,target_not_in_hdf5,,,,,,,,,,,
4K1E,target_not_in_hdf5,,,,,,,,,,,
4K2F,target_not_in_hdf5,,,,,,,,,,,
4K2G,target_not_in_hdf5,,,,,,,,,,,
4K2Y,target_not_in_hdf5,,,,,,,,,,,
4K3O,target_not_in_hdf5,,,,,,,,,,,
4K3R,target_not_in_hdf5,,,,,,,,,,,
4K42,target_not_in_hdf5,,,,,,,,,,,
4K4E,target_not_in_hdf5,,,,,,,,,,,
4K4J,target_not_in_hdf5,,,,,,,,,,,
4K55,target_not_in_hdf5,,,,,,,,,,,
4K5L,target_not_in_hdf5,,,,,,,,,,,
4K5O,target_not_in_hdf5,,,,,,,,,,,
4K5Y,target_not_in_hdf5,,,,,,,,,,,
4K5Z,target_not_in_hdf5,,,,,,,,,,,
4K60,target_not_in_hdf5,,,,,,,,,,,
4K63,target_not_in_hdf5,,,,,,,,,,,
4K64,target_not_in_hdf5,,,,,,,,,,,
4K66,target_not_in_hdf5,,,,,,,,,,,
4K67,target_not_in_hdf5,,,,,,,,,,,
4K6U,target_not_in_hdf5,,,,,,,,,,,
4K6V,target_not_in_hdf5,,,,,,,,,,,
4K6Y,target_not_in_hdf5,,,,,,,,,,,
4K72,target_not_in_hdf5,,,,,,,,,,,
4K76,target_not_in_hdf5,,,,,,,,,,,
4K77,target_not_in_hdf5,,,,,,,,,,,
4K78,target_not_in_hdf5,,,,,,,,,,,
4K7I,target_not_in_hdf5,,,,,,,,,,,
4K7N,target_not_in_hdf5,,,,,,,,,,,
4K7O,target_not_in_hdf5,,,,,,,,,,,
4K8A,target_not_in_hdf5,,,,,,,,,,,
4K8O,target_not_in_hdf5,,,,,,,,,,,
4K8S,target_not_in_hdf5,,,,,,,,,,,
4K9G,target_not_in_hdf5,,,,,,,,,,,
4K9H,target_not_in_hdf5,,,,,,,,,,,
4K9Y,target_not_in_hdf5,,,,,,,,,,,
4KAB,target_not_in_hdf5,,,,,,,,,,,
4KAX,target_not_in_hdf5,,,,,,,,,,,
4KBA,target_not_in_hdf5,,,,,,,,,,,
4KBC,target_not_in_hdf5,,,,,,,,,,,
4KBK,target_not_in_hdf5,,,,,,,,,,,
4KBY,target_not_in_hdf5,,,,,,,,,,,
4KC1,target_not_in_hdf5,,,,,,,,,,,
4KC2,target_not_in_hdf5,,,,,,,,,,,
4KC4,target_not_in_hdf5,,,,,,,,,,,
4KCG,target_not_in_hdf5,,,,,,,,,,,
4KEQ,target_not_in_hdf5,,,,,,,,,,,
4KFP,target_not_in_hdf5,,,,,,,,,,,
4KIF,target_not_in_hdf5,,,,,,,,,,,
4KIL,target_not_in_hdf5,,,,,,,,,,,
4KIN,target_not_in_hdf5,,,,,,,,,,,
4KIP,target_not_in_hdf5,,,,,,,,,,,
4KIQ,target_not_in_hdf5,,,,,,,,,,,
4KJV,target_not_in_hdf5,,,,,,,,,,,
4KLB,target_not_in_hdf5,,,,,,,,,,,
4KLN,target_not_in_hdf5,,,,,,,,,,,
4KM2,target_not_in_hdf5,,,,,,,,,,,
4KMD,target_not_in_hdf5,,,,,,,,,,,
4KN2,target_not_in_hdf5,,,,,,,,,,,
4KNB,target_not_in_hdf5,,,,,,,,,,,
4KNI,target_not_in_hdf5,,,,,,,,,,,
4KNM,target_not_in_hdf5,,,,,,,,,,,
4KNR,target_not_in_hdf5,,,,,,,,,,,
4KNZ,target_not_in_hdf5,,,,,,,,,,,
4KO8,target_not_in_hdf5,,,,,,,,,,,
4KOM,target_not_in_hdf5,,,,,,,,,,,
4KON,target_not_in_hdf5,,,,,,,,,,,
4KOT,target_not_in_hdf5,,,,,,,,,,,
4KOW,target_not_in_hdf5,,,,,,,,,,,
4KOX,target_not_in_hdf5,,,,,,,,,,,
4KP0,target_not_in_hdf5,,,,,,,,,,,
4KP4,target_not_in_hdf5,,,,,,,,,,,
4KP8,target_not_in_hdf5,,,,,,,,,,,
4KQL,target_not_in_hdf5,,,,,,,,,,,
4KQP,target_not_in_hdf5,,,,,,,,,,,
4KRS,target_not_in_hdf5,,,,,,,,,,,
4KS1,target_not_in_hdf5,,,,,,,,,,,
4KS2,target_not_in_hdf5,,,,,,,,,,,
4KS3,target_not_in_hdf5,,,,,,,,,,,
4KS4,target_not_in_hdf5,,,,,,,,,,,
4KS5,target_not_in_hdf5,,,,,,,,,,,
4KSP,target_not_in_hdf5,,,,,,,,,,,
4KSQ,target_not_in_hdf5,,,,,,,,,,,
4KSY,target_not_in_hdf5,,,,,,,,,,,
4KTC,target_not_in_hdf5,,,,,,,,,,,
4KTU,target_not_in_hdf5,,,,,,,,,,,
4KV9,target_not_in_hdf5,,,,,,,,,,,
4KVA,target_not_in_hdf5,,,,,,,,,,,
4KWP,target_not_in_hdf5,,,,,,,,,,,
4KX8,target_not_in_hdf5,,,,,,,,,,,
4KXB,target_not_in_hdf5,,,,,,,,,,,
4KXL,target_not_in_hdf5,,,,,,,,,,,
4KXM,target_not_in_hdf5,,,,,,,,,,,
4KXN,target_not_in_hdf5,,,,,,,,,,,
4KYH,target_not_in_hdf5,,,,,,,,,,,
4KZ0,target_not_in_hdf5,,,,,,,,,,,
4KZ3,target_not_in_hdf5,,,,,,,,,,,
4KZ6,target_not_in_hdf5,,,,,,,,,,,
4KZ7,target_not_in_hdf5,,,,,,,,,,,
4KZ8,target_not_in_hdf5,,,,,,,,,,,
4KZA,target_not_in_hdf5,,,,,,,,,,,
4L10,target_not_in_hdf5,,,,,,,,,,,
4L1A,target_not_in_hdf5,,,,,,,,,,,
4L1U,target_not_in_hdf5,,,,,,,,,,,
4L2K,target_not_in_hdf5,,,,,,,,,,,
4L32,target_not_in_hdf5,,,,,,,,,,,
4L3P,target_not_in_hdf5,,,,,,,,,,,
4L4Z,target_not_in_hdf5,,,,,,,,,,,
4L50,target_not_in_hdf5,,,,,,,,,,,
4L51,target_not_in_hdf5,,,,,,,,,,,
4L52,target_not_in_hdf5,,,,,,,,,,,
4L53,target_not_in_hdf5,,,,,,,,,,,
4L58,target_not_in_hdf5,,,,,,,,,,,
4L5J,target_not_in_hdf5,,,,,,,,,,,
4L6Q,target_not_in_hdf5,,,,,,,,,,,
4L6T,target_not_in_hdf5,,,,,,,,,,,
4L70,target_not_in_hdf5,,,,,,,,,,,
4L7B,target_not_in_hdf5,,,,,,,,,,,
4L7C,target_not_in_hdf5,,,,,,,,,,,
4L7D,target_not_in_hdf5,,,,,,,,,,,
4L7F,target_not_in_hdf5,,,,,,,,,,,
4L7G,target_not_in_hdf5,,,,,,,,,,,
4L7H,target_not_in_hdf5,,,,,,,,,,,
4L7R,target_not_in_hdf5,,,,,,,,,,,
4L8M,target_not_in_hdf5,,,,,,,,,,,
4L9I,target_not_in_hdf5,,,,,,,,,,,
4LA7,target_not_in_hdf5,,,,,,,,,,,
4LAR,target_not_in_hdf5,,,,,,,,,,,
4LBL,target_not_in_hdf5,,,,,,,,,,,
4LBO,target_not_in_hdf5,,,,,,,,,,,
4LBP,target_not_in_hdf5,,,,,,,,,,,
4LBU,target_not_in_hdf5,,,,,,,,,,,
4LC7,target_not_in_hdf5,,,,,,,,,,,
4LED,target_not_in_hdf5,,,,,,,,,,,
4LEN,target_not_in_hdf5,,,,,,,,,,,
4LG6,target_not_in_hdf5,,,,,,,,,,,
4LGE,target_not_in_hdf5,,,,,,,,,,,
4LGG,target_not_in_hdf5,,,,,,,,,,,
4LGH,target_not_in_hdf5,,,,,,,,,,,
4LGU,target_not_in_hdf5,,,,,,,,,,,
4LH2,target_not_in_hdf5,,,,,,,,,,,
4LH3,target_not_in_hdf5,,,,,,,,,,,
4LH7,target_not_in_hdf5,,,,,,,,,,,
4LHV,target_not_in_hdf5,,,,,,,,,,,
4LI0,target_not_in_hdf5,,,,,,,,,,,
4LI7,target_not_in_hdf5,,,,,,,,,,,
4LIL,target_not_in_hdf5,,,,,,,,,,,
4LJ5,target_not_in_hdf5,,,,,,,,,,,
4LJH,target_not_in_hdf5,,,,,,,,,,,
4LK7,target_not_in_hdf5,,,,,,,,,,,
4LKE,target_not_in_hdf5,,,,,,,,,,,
4LKG,target_not_in_hdf5,,,,,,,,,,,
4LKH,target_not_in_hdf5,,,,,,,,,,,
4LKJ,target_not_in_hdf5,,,,,,,,,,,
4LKK,target_not_in_hdf5,,,,,,,,,,,
4LKL,target_not_in_hdf5,,,,,,,,,,,
4LKM,target_not_in_hdf5,,,,,,,,,,,
4LKO,target_not_in_hdf5,,,,,,,,,,,
4LKT,target_not_in_hdf5,,,,,,,,,,,
4LLJ,target_not_in_hdf5,,,,,,,,,,,
4LLP,target_not_in_hdf5,,,,,,,,,,,
4LLX,target_not_in_hdf5,,,,,,,,,,,
4LM2,target_not_in_hdf5,,,,,,,,,,,
4LM3,target_not_in_hdf5,,,,,,,,,,,
4LM4,target_not_in_hdf5,,,,,,,,,,,
4LM5,target_not_in_hdf5,,,,,,,,,,,
4LMU,target_not_in_hdf5,,,,,,,,,,,
4LN2,target_not_in_hdf5,,,,,,,,,,,
4LN7,target_not_in_hdf5,,,,,,,,,,,
4LNB,target_not_in_hdf5,,,,,,,,,,,
4LNG,target_not_in_hdf5,,,,,,,,,,,
4LNO,target_not_in_hdf5,,,,,,,,,,,
4LNP,target_not_in_hdf5,,,,,,,,,,,
4LOH,target_not_in_hdf5,,,,,,,,,,,
4LOO,target_not_in_hdf5,,,,,,,,,,,
4LOV,target_not_in_hdf5,,,,,,,,,,,
4LOY,target_not_in_hdf5,,,,,,,,,,,
4LP0,target_not_in_hdf5,,,,,,,,,,,
4LP9,target_not_in_hdf5,,,,,,,,,,,
4LPB,target_not_in_hdf5,,,,,,,,,,,
4LPF,target_not_in_hdf5,,,,,,,,,,,
4LPS,target_not_in_hdf5,,,,,,,,,,,
4LQG,target_not_in_hdf5,,,,,,,,,,,
4LQY,target_not_in_hdf5,,,,,,,,,,,
4LSJ,target_not_in_hdf5,,,,,,,,,,,
4LUO,target_not_in_hdf5,,,,,,,,,,,
4LV1,target_not_in_hdf5,,,,,,,,,,,
4LV3,target_not_in_hdf5,,,,,,,,,,,
4LV4,target_not_in_hdf5,,,,,,,,,,,
4LVT,target_not_in_hdf5,,,,,,,,,,,
4LWC,target_not_in_hdf5,,,,,,,,,,,
4LWT,target_not_in_hdf5,,,,,,,,,,,
4LWU,target_not_in_hdf5,,,,,,,,,,,
4LWV,target_not_in_hdf5,,,,,,,,,,,
4LXA,target_not_in_hdf5,,,,,,,,,,,
4LXB,target_not_in_hdf5,,,,,,,,,,,
4LXK,target_not_in_hdf5,,,,,,,,,,,
4LXM,target_not_in_hdf5,,,,,,,,,,,
4LXZ,target_not_in_hdf5,,,,,,,,,,,
4LY9,target_not_in_hdf5,,,,,,,,,,,
4LYN,target_not_in_hdf5,,,,,,,,,,,
4LYS,target_not_in_hdf5,,,,,,,,,,,
4LZR,target_not_in_hdf5,,,,,,,,,,,
4M0E,target_not_in_hdf5,,,,,,,,,,,
4M0F,target_not_in_hdf5,,,,,,,,,,,
4M0Y,target_not_in_hdf5,,,,,,,,,,,
4M0Z,target_not_in_hdf5,,,,,,,,,,,
4M12,target_not_in_hdf5,,,,,,,,,,,
4M13,target_not_in_hdf5,,,,,,,,,,,
4M14,target_not_in_hdf5,,,,,,,,,,,
4M1J,target_not_in_hdf5,,,,,,,,,,,
4M2R,target_not_in_hdf5,,,,,,,,,,,
4M2U,target_not_in_hdf5,,,,,,,,,,,
4M2V,target_not_in_hdf5,,,,,,,,,,,
4M2W,target_not_in_hdf5,,,,,,,,,,,
4M3E,target_not_in_hdf5,,,,,,,,,,,
4M3M,target_not_in_hdf5,,,,,,,,,,,
4M3P,target_not_in_hdf5,,,,,,,,,,,
4M4Q,target_not_in_hdf5,,,,,,,,,,,
4M5G,target_not_in_hdf5,,,,,,,,,,,
4M5K,target_not_in_hdf5,,,,,,,,,,,
4M5L,target_not_in_hdf5,,,,,,,,,,,
4M5N,target_not_in_hdf5,,,,,,,,,,,
4M5R,target_not_in_hdf5,,,,,,,,,,,
4M5U,target_not_in_hdf5,,,,,,,,,,,
4M6U,target_not_in_hdf5,,,,,,,,,,,
4M7J,target_not_in_hdf5,,,,,,,,,,,
4M7X,target_not_in_hdf5,,,,,,,,,,,
4M7Y,target_not_in_hdf5,,,,,,,,,,,
4M84,target_not_in_hdf5,,,,,,,,,,,
4M8E,target_not_in_hdf5,,,,,,,,,,,
4M8T,target_not_in_hdf5,,,,,,,,,,,
4MAO,target_not_in_hdf5,,,,,,,,,,,
4MBI,target_not_in_hdf5,,,,,,,,,,,
4MBL,target_not_in_hdf5,,,,,,,,,,,
4MBP,target_not_in_hdf5,,,,,,,,,,,
4MC1,target_not_in_hdf5,,,,,,,,,,,
4MC2,target_not_in_hdf5,,,,,,,,,,,
4MC6,target_not_in_hdf5,,,,,,,,,,,
4MC9,target_not_in_hdf5,,,,,,,,,,,
4MCB,target_not_in_hdf5,,,,,,,,,,,
4MCC,target_not_in_hdf5,,,,,,,,,,,
4MD6,target_not_in_hdf5,,,,,,,,,,,
4MDQ,target_not_in_hdf5,,,,,,,,,,,
4MDT,target_not_in_hdf5,,,,,,,,,,,
4MEN,target_not_in_hdf5,,,,,,,,,,,
4MEO,target_not_in_hdf5,,,,,,,,,,,
4MEP,target_not_in_hdf5,,,,,,,,,,,
4MFE,target_not_in_hdf5,,,,,,,,,,,
4MG6,target_not_in_hdf5,,,,,,,,,,,
4MG8,target_not_in_hdf5,,,,,,,,,,,
4MGA,target_not_in_hdf5,,,,,,,,,,,
4MGV,target_not_in_hdf5,,,,,,,,,,,
4MHA,target_not_in_hdf5,,,,,,,,,,,
4MHY,target_not_in_hdf5,,,,,,,,,,,
4MHZ,target_not_in_hdf5,,,,,,,,,,,
4MI3,target_not_in_hdf5,,,,,,,,,,,
4MI6,target_not_in_hdf5,,,,,,,,,,,
4MI9,target_not_in_hdf5,,,,,,,,,,,
4MIB,target_not_in_hdf5,,,,,,,,,,,
4MIC,target_not_in_hdf5,,,,,,,,,,,
4MJI,target_not_in_hdf5,,,,,,,,,,,
4MK0,target_not_in_hdf5,,,,,,,,,,,
4MK1,target_not_in_hdf5,,,,,,,,,,,
4MK2,target_not_in_hdf5,,,,,,,,,,,
4MK5,target_not_in_hdf5,,,,,,,,,,,
4MK7,target_not_in_hdf5,,,,,,,,,,,
4MK8,target_not_in_hdf5,,,,,,,,,,,
4MK9,target_not_in_hdf5,,,,,,,,,,,
4MLT,target_not_in_hdf5,,,,,,,,,,,
4MLX,target_not_in_hdf5,,,,,,,,,,,
4MM4,target_not_in_hdf5,,,,,,,,,,,
4MM5,target_not_in_hdf5,,,,,,,,,,,
4MM8,target_not_in_hdf5,,,,,,,,,,,
4MM9,target_not_in_hdf5,,,,,,,,,,,
4MMA,target_not_in_hdf5,,,,,,,,,,,
4MME,target_not_in_hdf5,,,,,,,,,,,
4MMF,target_not_in_hdf5,,,,,,,,,,,
4MMM,target_not_in_hdf5,,,,,,,,,,,
4MMP,target_not_in_hdf5,,,,,,,,,,,
4MN3,target_not_in_hdf5,,,,,,,,,,,
4MNP,target_not_in_hdf5,,,,,,,,,,,
4MNQ,target_not_in_hdf5,,,,,,,,,,,
4MNVA,target_not_in_hdf5,,,,,,,,,,,
4MNVB,target_not_in_hdf5,,,,,,,,,,,
4MNW,target_not_in_hdf5,,,,,,,,,,,
4MNX,target_not_in_hdf5,,,,,,,,,,,
4MNY,target_not_in_hdf5,,,,,,,,,,,
4MOT,target_not_in_hdf5,,,,,,,,,,,
4MP2,target_not_in_hdf5,,,,,,,,,,,
4MPE,target_not_in_hdf5,,,,,,,,,,,
4MQ1,target_not_in_hdf5,,,,,,,,,,,
4MQ2,target_not_in_hdf5,,,,,,,,,,,
4MR4,target_not_in_hdf5,,,,,,,,,,,
4MR5,target_not_in_hdf5,,,,,,,,,,,
4MR6,target_not_in_hdf5,,,,,,,,,,,
4MRD,target_not_in_hdf5,,,,,,,,,,,
4MRF,target_not_in_hdf5,,,,,,,,,,,
4MRG,target_not_in_hdf5,,,,,,,,,,,
4MRH,target_not_in_hdf5,,,,,,,,,,,
4MRW,target_not_in_hdf5,,,,,,,,,,,
4MSS,target_not_in_hdf5,,,,,,,,,,,
4MVN,target_not_in_hdf5,,,,,,,,,,,
4MW9,target_not_in_hdf5,,,,,,,,,,,
4MWQ,target_not_in_hdf5,,,,,,,,,,,
4MWW,target_not_in_hdf5,,,,,,,,,,,
4MX5,target_not_in_hdf5,,,,,,,,,,,
4MX9,target_not_in_hdf5,,,,,,,,,,,
4MXA,target_not_in_hdf5,,,,,,,,,,,
4MXC,target_not_in_hdf5,,,,,,,,,,,
4MY6,target_not_in_hdf5,,,,,,,,,,,
4MYD,target_not_in_hdf5,,,,,,,,,,,
4MYH,target_not_in_hdf5,,,,,,,,,,,
4MYQ,target_not_in_hdf5,,,,,,,,,,,
4MZ4,target_not_in_hdf5,,,,,,,,,,,
4MZ5,target_not_in_hdf5,,,,,,,,,,,
4MZ6,target_not_in_hdf5,,,,,,,,,,,
4MZH,target_not_in_hdf5,,,,,,,,,,,
4MZJ,target_not_in_hdf5,,,,,,,,,,,
4MZK,target_not_in_hdf5,,,,,,,,,,,
4MZL,target_not_in_hdf5,,,,,,,,,,,
4MZO,target_not_in_hdf5,,,,,,,,,,,
4MZS,target_not_in_hdf5,,,,,,,,,,,
4N07,target_not_in_hdf5,,,,,,,,,,,
4N1B,target_not_in_hdf5,,,,,,,,,,,
4N1T,target_not_in_hdf5,,,,,,,,,,,
4N5D,target_not_in_hdf5,,,,,,,,,,,
4N5G,target_not_in_hdf5,,,,,,,,,,,
4N5T,target_not_in_hdf5,,,,,,,,,,,
4N6G,target_not_in_hdf5,,,,,,,,,,,
4N6H,target_not_in_hdf5,,,,,,,,,,,
4N6Y,target_not_in_hdf5,,,,,,,,,,,
4N7G,target_not_in_hdf5,,,,,,,,,,,
4N7H,target_not_in_hdf5,,,,,,,,,,,
4N7J,target_not_in_hdf5,,,,,,,,,,,
4N7U,target_not_in_hdf5,,,,,,,,,,,
4N7Y,target_not_in_hdf5,,,,,,,,,,,
4N84,target_not_in_hdf5,,,,,,,,,,,
4N8D,target_not_in_hdf5,,,,,,,,,,,
4N8E,target_not_in_hdf5,,,,,,,,,,,
4N98,target_not_in_hdf5,,,,,,,,,,,
4N9E,target_not_in_hdf5,,,,,,,,,,,
4NA4,target_not_in_hdf5,,,,,,,,,,,
4NAH,target_not_in_hdf5,,,,,,,,,,,
4NAK,target_not_in_hdf5,,,,,,,,,,,
4NAL,target_not_in_hdf5,,,,,,,,,,,
4NAT,target_not_in_hdf5,,,,,,,,,,,
4NCG,target_not_in_hdf5,,,,,,,,,,,
4NCN,target_not_in_hdf5,,,,,,,,,,,
4NDU,target_not_in_hdf5,,,,,,,,,,,
4NGM,target_not_in_hdf5,,,,,,,,,,,
4NGN,target_not_in_hdf5,,,,,,,,,,,
4NGP,target_not_in_hdf5,,,,,,,,,,,
4NGQ,target_not_in_hdf5,,,,,,,,,,,
4NGR,target_not_in_hdf5,,,,,,,,,,,
4NGT,target_not_in_hdf5,,,,,,,,,,,
4NH8,target_not_in_hdf5,,,,,,,,,,,
4NHC,target_not_in_hdf5,,,,,,,,,,,
4NHX,target_not_in_hdf5,,,,,,,,,,,
4NHY,target_not_in_hdf5,,,,,,,,,,,
4NIE,target_not_in_hdf5,,,,,,,,,,,
4NJ3,target_not_in_hdf5,,,,,,,,,,,
4NKA,target_not_in_hdf5,,,,,,,,,,,
4NKT,target_not_in_hdf5,,,,,,,,,,,
4NL1,target_not_in_hdf5,,,,,,,,,,,
4NLD,target_not_in_hdf5,,,,,,,,,,,
4NMO,target_not_in_hdf5,,,,,,,,,,,
4NMP,target_not_in_hdf5,,,,,,,,,,,
4NMQ,target_not_in_hdf5,,,,,,,,,,,
4NMR,target_not_in_hdf5,,,,,,,,,,,
4NMS,target_not_in_hdf5,,,,,,,,,,,
4NMV,target_not_in_hdf5,,,,,,,,,,,
4NNI,target_not_in_hdf5,,,,,,,,,,,
4NNR,target_not_in_hdf5,,,,,,,,,,,
4NON,target_not_in_hdf5,,,,,,,,,,,
4NP2,target_not_in_hdf5,,,,,,,,,,,
4NP3,target_not_in_hdf5,,,,,,,,,,,
4NP9,target_not_in_hdf5,,,,,,,,,,,
4NPV,target_not_in_hdf5,,,,,,,,,,,
4NQ6,target_not_in_hdf5,,,,,,,,,,,
4NRA,target_not_in_hdf5,,,,,,,,,,,
4NRK,target_not_in_hdf5,,,,,,,,,,,
4NRL,target_not_in_hdf5,,,,,,,,,,,
4NRM,target_not_in_hdf5,,,,,,,,,,,
4NRO,target_not_in_hdf5,,,,,,,,,,,
4NRP,target_not_in_hdf5,,,,,,,,,,,
4NRQ,target_not_in_hdf5,,,,,,,,,,,
4NRT,target_not_in_hdf5,,,,,,,,,,,
4NUD,target_not_in_hdf5,,,,,,,,,,,
4NUE,target_not_in_hdf5,,,,,,,,,,,
4NUF,target_not_in_hdf5,,,,,,,,,,,
4NUS,target_not_in_hdf5,,,,,,,,,,,
4NVQ,target_not_in_hdf5,,,,,,,,,,,
4NW5,target_not_in_hdf5,,,,,,,,,,,
4NW7,target_not_in_hdf5,,,,,,,,,,,
4NWD,target_not_in_hdf5,,,,,,,,,,,
4NWK,target_not_in_hdf5,,,,,,,,,,,
4NXR,target_not_in_hdf5,,,,,,,,,,,
4NXS,target_not_in_hdf5,,,,,,,,,,,
4NXU,target_not_in_hdf5,,,,,,,,,,,
4NXV,target_not_in_hdf5,,,,,,,,,,,
4NY3,target_not_in_hdf5,,,,,,,,,,,
4NYF,target_not_in_hdf5,,,,,,,,,,,
4NYI,target_not_in_hdf5,,,,,,,,,,,
4NYJ,target_not_in_hdf5,,,,,,,,,,,
4NYT,target_not_in_hdf5,,,,,,,,,,,
4NZM,target_not_in_hdf5,,,,,,,,,,,
4NZN,target_not_in_hdf5,,,,,,,,,,,
4NZO,target_not_in_hdf5,,,,,,,,,,,
4O04,target_not_in_hdf5,,,,,,,,,,,
4O05,target_not_in_hdf5,,,,,,,,,,,
4O07,target_not_in_hdf5,,,,,,,,,,,
4O09,target_not_in_hdf5,,,,,,,,,,,
4O0B,target_not_in_hdf5,,,,,,,,,,,
4O0R,target_not_in_hdf5,,,,,,,,,,,
4O0Z,target_not_in_hdf5,,,,,,,,,,,
4O1D,target_not_in_hdf5,,,,,,,,,,,
4O1L,target_not_in_hdf5,,,,,,,,,,,
4O2B,target_not_in_hdf5,,,,,,,,,,,
4O2C,target_not_in_hdf5,,,,,,,,,,,
4O2E,target_not_in_hdf5,,,,,,,,,,,
4O2F,target_not_in_hdf5,,,,,,,,,,,
4O2P,target_not_in_hdf5,,,,,,,,,,,
4O36,target_not_in_hdf5,,,,,,,,,,,
4O3A,target_not_in_hdf5,,,,,,,,,,,
4O3B,target_not_in_hdf5,,,,,,,,,,,
4O3C,target_not_in_hdf5,,,,,,,,,,,
4O3T,target_not_in_hdf5,,,,,,,,,,,
4O44,target_not_in_hdf5,,,,,,,,,,,
4O45,target_not_in_hdf5,,,,,,,,,,,
4O4Y,target_not_in_hdf5,,,,,,,,,,,
4O61,target_not_in_hdf5,,,,,,,,,,,
4O62,target_not_in_hdf5,,,,,,,,,,,
4O71,target_not_in_hdf5,,,,,,,,,,,
4O72,target_not_in_hdf5,,,,,,,,,,,
4O74,target_not_in_hdf5,,,,,,,,,,,
4O75,target_not_in_hdf5,,,,,,,,,,,
4O78,target_not_in_hdf5,,,,,,,,,,,
4O7A,target_not_in_hdf5,,,,,,,,,,,
4O7D,target_not_in_hdf5,,,,,,,,,,,
4O91,target_not_in_hdf5,,,,,,,,,,,
4O9W,target_not_in_hdf5,,,,,,,,,,,
4OAG,target_not_in_hdf5,,,,,,,,,,,
4OAK,target_not_in_hdf5,,,,,,,,,,,
4OB0,target_not_in_hdf5,,,,,,,,,,,
4OB1,target_not_in_hdf5,,,,,,,,,,,
4OB2,target_not_in_hdf5,,,,,,,,,,,
4OBA,target_not_in_hdf5,,,,,,,,,,,
4OBP,target_not_in_hdf5,,,,,,,,,,,
4OBQ,target_not_in_hdf5,,,,,,,,,,,
4OC0,target_not_in_hdf5,,,,,,,,,,,
4OC1,target_not_in_hdf5,,,,,,,,,,,
4OC2,target_not_in_hdf5,,,,,,,,,,,
4OC3,target_not_in_hdf5,,,,,,,,,,,
4OC4,target_not_in_hdf5,,,,,,,,,,,
4OC5,target_not_in_hdf5,,,,,,,,,,,
4OCC,target_not_in_hdf5,,,,,,,,,,,
4OCK,target_not_in_hdf5,,,,,,,,,,,
4OCP,target_not_in_hdf5,,,,,,,,,,,
4OCQ,target_not_in_hdf5,,,,,,,,,,,
4OCT,target_not_in_hdf5,,,,,,,,,,,
4OCV,target_not_in_hdf5,,,,,,,,,,,
4OD7,target_not_in_hdf5,,,,,,,,,,,
4ODE,target_not_in_hdf5,,,,,,,,,,,
4ODF,target_not_in_hdf5,,,,,,,,,,,
4ODK,target_not_in_hdf5,,,,,,,,,,,
4ODL,target_not_in_hdf5,,,,,,,,,,,
4ODP,target_not_in_hdf5,,,,,,,,,,,
4ODQ,target_not_in_hdf5,,,,,,,,,,,
4OEE,target_not_in_hdf5,,,,,,,,,,,
4OEG,target_not_in_hdf5,,,,,,,,,,,
4OEL,target_not_in_hdf5,,,,,,,,,,,
4OEM,target_not_in_hdf5,,,,,,,,,,,
4OEU,target_not_in_hdf5,,,,,,,,,,,
4OEW,target_not_in_hdf5,,,,,,,,,,,
4OFB,target_not_in_hdf5,,,,,,,,,,,
4OFL,target_not_in_hdf5,,,,,,,,,,,
4OG3,target_not_in_hdf5,,,,,,,,,,,
4OG4,target_not_in_hdf5,,,,,,,,,,,
4OG5,target_not_in_hdf5,,,,,,,,,,,
4OG7,target_not_in_hdf5,,,,,,,,,,,
4OG8,target_not_in_hdf5,,,,,,,,,,,
4OGI,target_not_in_hdf5,,,,,,,,,,,
4OGN,target_not_in_hdf5,,,,,,,,,,,
4OGT,target_not_in_hdf5,,,,,,,,,,,
4OGV,target_not_in_hdf5,,,,,,,,,,,
4OI6,target_not_in_hdf5,,,,,,,,,,,
4OK3,target_not_in_hdf5,,,,,,,,,,,
4OKP,target_not_in_hdf5,,,,,,,,,,,
4OLC,target_not_in_hdf5,,,,,,,,,,,
4OLD,target_not_in_hdf5,,,,,,,,,,,
4OMJ,target_not_in_hdf5,,,,,,,,,,,
4OMK,target_not_in_hdf5,,,,,,,,,,,
4ONF,target_not_in_hdf5,,,,,,,,,,,
4ONO,target_not_in_hdf5,,,,,,,,,,,
4OO9,target_not_in_hdf5,,,,,,,,,,,
4OOL,target_not_in_hdf5,,,,,,,,,,,
4OON,target_not_in_hdf5,,,,,,,,,,,
4OOW,target_not_in_hdf5,,,,,,,,,,,
4OQ3,target_not_in_hdf5,,,,,,,,,,,
4OQ5,target_not_in_hdf5,,,,,,,,,,,
4OQ6,target_not_in_hdf5,,,,,,,,,,,
4OR6,target_not_in_hdf5,,,,,,,,,,,
4ORU,target_not_in_hdf5,,,,,,,,,,,
4ORX,target_not_in_hdf5,,,,,,,,,,,
4ORY,target_not_in_hdf5,,,,,,,,,,,
4OS1,target_not_in_hdf5,,,,,,,,,,,
4OS2,target_not_in_hdf5,,,,,,,,,,,
4OS4,target_not_in_hdf5,,,,,,,,,,,
4OS5,target_not_in_hdf5,,,,,,,,,,,
4OS6,target_not_in_hdf5,,,,,,,,,,,
4OS7,target_not_in_hdf5,,,,,,,,,,,
4OSF,target_not_in_hdf5,,,,,,,,,,,
4OTW,target_not_in_hdf5,,,,,,,,,,,
4OU3,target_not_in_hdf5,,,,,,,,,,,
4OUE,target_not_in_hdf5,,,,,,,,,,,
4OUJ,target_not_in_hdf5,,,,,,,,,,,
4OV5,target_not_in_hdf5,,,,,,,,,,,
4OVF,target_not_in_hdf5,,,,,,,,,,,
4OW0,target_not_in_hdf5,,,,,,,,,,,
4OYA,target_not_in_hdf5,,,,,,,,,,,
4OYB,target_not_in_hdf5,,,,,,,,,,,
4OYI,target_not_in_hdf5,,,,,,,,,,,
4OYM,target_not_in_hdf5,,,,,,,,,,,
4OYO,target_not_in_hdf5,,,,,,,,,,,
4OYS,target_not_in_hdf5,,,,,,,,,,,
4OYT,target_not_in_hdf5,,,,,,,,,,,
4OZ2,target_not_in_hdf5,,,,,,,,,,,
4OZ3,target_not_in_hdf5,,,,,,,,,,,
4OZJ,target_not_in_hdf5,,,,,,,,,,,
4OZL,target_not_in_hdf5,,,,,,,,,,,
4OZN,target_not_in_hdf5,,,,,,,,,,,
4P0A,target_not_in_hdf5,,,,,,,,,,,
4P0B,target_not_in_hdf5,,,,,,,,,,,
4P0V,target_not_in_hdf5,,,,,,,,,,,
4P0W,target_not_in_hdf5,,,,,,,,,,,
4P0X,target_not_in_hdf5,,,,,,,,,,,
4P10,target_not_in_hdf5,,,,,,,,,,,
4P3H,target_not_in_hdf5,,,,,,,,,,,
4P45,target_not_in_hdf5,,,,,,,,,,,
4P4D,target_not_in_hdf5,,,,,,,,,,,
4P4E,target_not_in_hdf5,,,,,,,,,,,
4P4J,target_not_in_hdf5,,,,,,,,,,,
4P4T,target_not_in_hdf5,,,,,,,,,,,
4P58,target_not_in_hdf5,,,,,,,,,,,
4P6C,target_not_in_hdf5,,,,,,,,,,,
4P6G,target_not_in_hdf5,,,,,,,,,,,
4P6W,target_not_in_hdf5,,,,,,,,,,,
4P6X,target_not_in_hdf5,,,,,,,,,,,
4P73,target_not_in_hdf5,,,,,,,,,,,
4P74,target_not_in_hdf5,,,,,,,,,,,
4P75,target_not_in_hdf5,,,,,,,,,,,
4P90,target_not_in_hdf5,,,,,,,,,,,
4PAX,target_not_in_hdf5,,,,,,,,,,,
4PB1,target_not_in_hdf5,,,,,,,,,,,
4PB2,target_not_in_hdf5,,,,,,,,,,,
4PCE,target_not_in_hdf5,,,,,,,,,,,
4PCI,target_not_in_hdf5,,,,,,,,,,,
4PCS,target_not_in_hdf5,,,,,,,,,,,
4PCT,target_not_in_hdf5,,,,,,,,,,,
4PD5,target_not_in_hdf5,,,,,,,,,,,
4PD6,target_not_in_hdf5,,,,,,,,,,,
4PD7,target_not_in_hdf5,,,,,,,,,,,
4PD8,target_not_in_hdf5,,,,,,,,,,,
4PDA,target_not_in_hdf5,,,,,,,,,,,
4PDK,target_not_in_hdf5,,,,,,,,,,,
4PEE,target_not_in_hdf5,,,,,,,,,,,
4PF5,target_not_in_hdf5,,,,,,,,,,,
4PFT,target_not_in_hdf5,,,,,,,,,,,
4PFU,target_not_in_hdf5,,,,,,,,,,,
4PG9,target_not_in_hdf5,,,,,,,,,,,
4PGB,target_not_in_hdf5,,,,,,,,,,,
4PGC,target_not_in_hdf5,,,,,,,,,,,
4PGE,target_not_in_hdf5,,,,,,,,,,,
4PGH,target_not_in_hdf5,,,,,,,,,,,
4PH4,target_not_in_hdf5,,,,,,,,,,,
4PHU,target_not_in_hdf5,,,,,,,,,,,
4PHV,target_not_in_hdf5,,,,,,,,,,,
4PHW,target_not_in_hdf5,,,,,,,,,,,
4PID,target_not_in_hdf5,,,,,,,,,,,
4PIN,target_not_in_hdf5,,,,,,,,,,,
4PIO,target_not_in_hdf5,,,,,,,,,,,
4PIQ,target_not_in_hdf5,,,,,,,,,,,
4PKB,target_not_in_hdf5,,,,,,,,,,,
4PKR,target_not_in_hdf5,,,,,,,,,,,
4PKS,target_not_in_hdf5,,,,,,,,,,,
4PL0,target_not_in_hdf5,,,,,,,,,,,
4PL3,target_not_in_hdf5,,,,,,,,,,,
4PL6,target_not_in_hdf5,,,,,,,,,,,
4PLI,target_not_in_hdf5,,,,,,,,,,,
4PMM,target_not_in_hdf5,,,,,,,,,,,
4PN1,target_not_in_hdf5,,,,,,,,,,,
4PNC,target_not_in_hdf5,,,,,,,,,,,
4PNI,target_not_in_hdf5,,,,,,,,,,,
4PNL,target_not_in_hdf5,,,,,,,,,,,
4PNM,target_not_in_hdf5,,,,,,,,,,,
4PNN,target_not_in_hdf5,,,,,,,,,,,
4PNQ,target_not_in_hdf5,,,,,,,,,,,
4PNR,target_not_in_hdf5,,,,,,,,,,,
4PNS,target_not_in_hdf5,,,,,,,,,,,
4PNT,target_not_in_hdf5,,,,,,,,,,,
4POH,target_not_in_hdf5,,,,,,,,,,,
4POP,target_not_in_hdf5,,,,,,,,,,,
4PP5,target_not_in_hdf5,,,,,,,,,,,
4PP9,target_not_in_hdf5,,,,,,,,,,,
4PQA,target_not_in_hdf5,,,,,,,,,,,
4PQN,target_not_in_hdf5,,,,,,,,,,,
4PRB,target_not_in_hdf5,,,,,,,,,,,
4PRD,target_not_in_hdf5,,,,,,,,,,,
4PRE,target_not_in_hdf5,,,,,,,,,,,
4PRH,target_not_in_hdf5,,,,,,,,,,,
4PRI,target_not_in_hdf5,,,,,,,,,,,
4PRN,target_not_in_hdf5,,,,,,,,,,,
4PRY,target_not_in_hdf5,,,,,,,,,,,
4PS0,target_not_in_hdf5,,,,,,,,,,,
4PS1,target_not_in_hdf5,,,,,,,,,,,
4PSB,target_not_in_hdf5,,,,,,,,,,,
4PSH,target_not_in_hdf5,,,,,,,,,,,
4PSQ,target_not_in_hdf5,,,,,,,,,,,
4PTC,target_not_in_hdf5,,,,,,,,,,,
4PTE,target_not_in_hdf5,,,,,,,,,,,
4PV5,target_not_in_hdf5,,,,,,,,,,,
4PVO,target_not_in_hdf5,,,,,,,,,,,
4PVT,target_not_in_hdf5,,,,,,,,,,,
4PX6,target_not_in_hdf5,,,,,,,,,,,
4PXF,target_not_in_hdf5,,,,,,,,,,,
4PXM,target_not_in_hdf5,,,,,,,,,,,
4PY1,target_not_in_hdf5,,,,,,,,,,,
4PY2,target_not_in_hdf5,,,,,,,,,,,
4PY4,target_not_in_hdf5,,,,,,,,,,,
4PYO,target_not_in_hdf5,,,,,,,,,,,
4PYV,target_not_in_hdf5,,,,,,,,,,,
4PYX,target_not_in_hdf5,,,,,,,,,,,
4PYY,target_not_in_hdf5,,,,,,,,,,,
4PZ5,target_not_in_hdf5,,,,,,,,,,,
4PZ8,target_not_in_hdf5,,,,,,,,,,,
4PZH,target_not_in_hdf5,,,,,,,,,,,
4Q06,target_not_in_hdf5,,,,,,,,,,,
4Q07,target_not_in_hdf5,,,,,,,,,,,
4Q08,target_not_in_hdf5,,,,,,,,,,,
4Q09,target_not_in_hdf5,,,,,,,,,,,
4Q0A,target_not_in_hdf5,,,,,,,,,,,
4Q0K,target_not_in_hdf5,,,,,,,,,,,
4Q0L,target_not_in_hdf5,,,,,,,,,,,
4Q15,target_not_in_hdf5,,,,,,,,,,,
4Q18,target_not_in_hdf5,,,,,,,,,,,
4Q1A,target_not_in_hdf5,,,,,,,,,,,
4Q1B,target_not_in_hdf5,,,,,,,,,,,
4Q1F,target_not_in_hdf5,,,,,,,,,,,
4Q1N,target_not_in_hdf5,,,,,,,,,,,
4Q46,target_not_in_hdf5,,,,,,,,,,,
4Q4E,target_not_in_hdf5,,,,,,,,,,,
4Q4I,target_not_in_hdf5,,,,,,,,,,,
4Q4O,target_not_in_hdf5,,,,,,,,,,,
4Q4P,target_not_in_hdf5,,,,,,,,,,,
4Q4Q,target_not_in_hdf5,,,,,,,,,,,
4Q4R,target_not_in_hdf5,,,,,,,,,,,
4Q6D,target_not_in_hdf5,,,,,,,,,,,
4Q6F,target_not_in_hdf5,,,,,,,,,,,
4Q7P,target_not_in_hdf5,,,,,,,,,,,
4Q7S,target_not_in_hdf5,,,,,,,,,,,
4Q7V,target_not_in_hdf5,,,,,,,,,,,
4Q7W,target_not_in_hdf5,,,,,,,,,,,
4Q81,target_not_in_hdf5,,,,,,,,,,,
4Q83,target_not_in_hdf5,,,,,,,,,,,
4Q87,target_not_in_hdf5,,,,,,,,,,,
4Q8X,target_not_in_hdf5,,,,,,,,,,,
4Q8Y,target_not_in_hdf5,,,,,,,,,,,
4Q90,target_not_in_hdf5,,,,,,,,,,,
4Q93,target_not_in_hdf5,,,,,,,,,,,
4Q99,target_not_in_hdf5,,,,,,,,,,,
4Q9M,target_not_in_hdf5,,,,,,,,,,,
4Q9O,target_not_in_hdf5,,,,,,,,,,,
4Q9S,target_not_in_hdf5,,,,,,,,,,,
4Q9Y,target_not_in_hdf5,,,,,,,,,,,
4Q9Z,target_not_in_hdf5,,,,,,,,,,,
4QAA,target_not_in_hdf5,,,,,,,,,,,
4QAG,target_not_in_hdf5,,,,,,,,,,,
4QB3,target_not_in_hdf5,,,,,,,,,,,
4QBM,target_not_in_hdf5,,,,,,,,,,,
4QC1,target_not_in_hdf5,,,,,,,,,,,
4QEM,target_not_in_hdf5,,,,,,,,,,,
4QER,target_not_in_hdf5,,,,,,,,,,,
4QF7,target_not_in_hdf5,,,,,,,,,,,
4QF8,target_not_in_hdf5,,,,,,,,,,,
4QFG,target_not_in_hdf5,,,,,,,,,,,
4QFN,target_not_in_hdf5,,,,,,,,,,,
4QFO,target_not_in_hdf5,,,,,,,,,,,
4QFP,target_not_in_hdf5,,,,,,,,,,,
4QFS,target_not_in_hdf5,,,,,,,,,,,
4QGD,target_not_in_hdf5,,,,,,,,,,,
4QGG,target_not_in_hdf5,,,,,,,,,,,
4QGH,target_not_in_hdf5,,,,,,,,,,,
4QGI,target_not_in_hdf5,,,,,,,,,,,
4QH7,target_not_in_hdf5,,,,,,,,,,,
4QH8,target_not_in_hdf5,,,,,,,,,,,
4QHC,target_not_in_hdf5,,,,,,,,,,,
4QHT,target_not_in_hdf5,,,,,,,,,,,
4QIP,target_not_in_hdf5,,,,,,,,,,,
4QIR,target_not_in_hdf5,,,,,,,,,,,
4QIY,target_not_in_hdf5,,,,,,,,,,,
4QIZ,target_not_in_hdf5,,,,,,,,,,,
4QJ0,target_not_in_hdf5,,,,,,,,,,,
4QJM,target_not_in_hdf5,,,,,,,,,,,
4QJO,target_not_in_hdf5,,,,,,,,,,,
4QJR,target_not_in_hdf5,,,,,,,,,,,
4QJW,target_not_in_hdf5,,,,,,,,,,,
4QJX,target_not_in_hdf5,,,,,,,,,,,
4QK4,target_not_in_hdf5,,,,,,,,,,,
4QKD,target_not_in_hdf5,,,,,,,,,,,
4QKX,target_not_in_hdf5,,,,,,,,,,,
4QL8,target_not_in_hdf5,,,,,,,,,,,
4QLK,target_not_in_hdf5,,,,,,,,,,,
4QLL,target_not_in_hdf5,,,,,,,,,,,
4QME,target_not_in_hdf5,,,,,,,,,,,
4QMM,target_not_in_hdf5,,,,,,,,,,,
4QMN,target_not_in_hdf5,,,,,,,,,,,
4QMQ,target_not_in_hdf5,,,,,,,,,,,
4QMS,target_not_in_hdf5,,,,,,,,,,,
4QMX,target_not_in_hdf5,,,,,,,,,,,
4QMZ,target_not_in_hdf5,,,,,,,,,,,
4QN7,target_not_in_hdf5,,,,,,,,,,,
4QN9,target_not_in_hdf5,,,,,,,,,,,
4QNB,target_not_in_hdf5,,,,,,,,,,,
4QNU,target_not_in_hdf5,,,,,,,,,,,
4QO4,target_not_in_hdf5,,,,,,,,,,,
4QOK,target_not_in_hdf5,,,,,,,,,,,
4QP1,target_not_in_hdf5,,,,,,,,,,,
4QPD,target_not_in_hdf5,,,,,,,,,,,
4QPL,target_not_in_hdf5,,,,,,,,,,,
4QQ4,target_not_in_hdf5,,,,,,,,,,,
4QQ5,target_not_in_hdf5,,,,,,,,,,,
4QQC,target_not_in_hdf5,,,,,,,,,,,
4QQI,target_not_in_hdf5,,,,,,,,,,,
4QR3,target_not_in_hdf5,,,,,,,,,,,
4QR4,target_not_in_hdf5,,,,,,,,,,,
4QR5,target_not_in_hdf5,,,,,,,,,,,
4QRC,target_not_in_hdf5,,,,,,,,,,,
4QRH,target_not_in_hdf5,,,,,,,,,,,
4QSU,target_not_in_hdf5,,,,,,,,,,,
4QSV,target_not_in_hdf5,,,,,,,,,,,
4QSW,target_not_in_hdf5,,,,,,,,,,,
4QSX,target_not_in_hdf5,,,,,,,,,,,
4QT0,target_not_in_hdf5,,,,,,,,,,,
4QT2,target_not_in_hdf5,,,,,,,,,,,
4QTL,target_not_in_hdf5,,,,,,,,,,,
4QTN,target_not_in_hdf5,,,,,,,,,,,
4QYH,target_not_in_hdf5,,,,,,,,,,,
4QZS,target_not_in_hdf5,,,,,,,,,,,
4R06,target_not_in_hdf5,,,,,,,,,,,
4R0A,target_not_in_hdf5,,,,,,,,,,,
4R1E,target_not_in_hdf5,,,,,,,,,,,
4R1Y,target_not_in_hdf5,,,,,,,,,,,
4R3B,target_not_in_hdf5,,,,,,,,,,,
4R3C,target_not_in_hdf5,,,,,,,,,,,
4R3W,target_not_in_hdf5,,,,,,,,,,,
4R4Q,target_not_in_hdf5,,,,,,,,,,,
4R4T,target_not_in_hdf5,,,,,,,,,,,
4R59,target_not_in_hdf5,,,,,,,,,,,
4R5A,target_not_in_hdf5,,,,,,,,,,,
4R5B,target_not_in_hdf5,,,,,,,,,,,
4R5W,target_not_in_hdf5,,,,,,,,,,,
4R5X,target_not_in_hdf5,,,,,,,,,,,
4R5Y,target_not_in_hdf5,,,,,,,,,,,
4R6E,target_not_in_hdf5,,,,,,,,,,,
4R6V,target_not_in_hdf5,,,,,,,,,,,
4R73,target_not_in_hdf5,,,,,,,,,,,
4R74,target_not_in_hdf5,,,,,,,,,,,
4R75,target_not_in_hdf5,,,,,,,,,,,
4RA1,target_not_in_hdf5,,,,,,,,,,,
4RA5,target_not_in_hdf5,,,,,,,,,,,
4RAB,target_not_in_hdf5,,,,,,,,,,,
4RAC,target_not_in_hdf5,,,,,,,,,,,
4RAD,target_not_in_hdf5,,,,,,,,,,,
4RAN,target_not_in_hdf5,,,,,,,,,,,
4RAO,target_not_in_hdf5,,,,,,,,,,,
4RAQ,target_not_in_hdf5,,,,,,,,,,,
4RCE,target_not_in_hdf5,,,,,,,,,,,
4RCG,target_not_in_hdf5,,,,,,,,,,,
4RCP,target_not_in_hdf5,,,,,,,,,,,
4RD0,target_not_in_hdf5,,,,,,,,,,,
4RD3,target_not_in_hdf5,,,,,,,,,,,
4RD6,target_not_in_hdf5,,,,,,,,,,,
4RE2,target_not_in_hdf5,,,,,,,,,,,
4RE3,target_not_in_hdf5,,,,,,,,,,,
4RE4,target_not_in_hdf5,,,,,,,,,,,
4RE9,target_not_in_hdf5,,,,,,,,,,,
4RES,target_not_in_hdf5,,,,,,,,,,,
4RET,target_not_in_hdf5,,,,,,,,,,,
4RFD,target_not_in_hdf5,,,,,,,,,,,
4RFM,target_not_in_hdf5,,,,,,,,,,,
4RG0,target_not_in_hdf5,,,,,,,,,,,
4RGD,target_not_in_hdf5,,,,,,,,,,,
4RHU,target_not_in_hdf5,,,,,,,,,,,
4RHX,target_not_in_hdf5,,,,,,,,,,,
4RHY,target_not_in_hdf5,,,,,,,,,,,
4RIO,target_not_in_hdf5,,,,,,,,,,,
4RIS,target_not_in_hdf5,,,,,,,,,,,
4RIU,target_not_in_hdf5,,,,,,,,,,,
4RIV,target_not_in_hdf5,,,,,,,,,,,
4RJ3,target_not_in_hdf5,,,,,,,,,,,
4RJ8,target_not_in_hdf5,,,,,,,,,,,
4RKX,target_not_in_hdf5,,,,,,,,,,,
4RLK,target_not_in_hdf5,,,,,,,,,,,
4RLT,target_not_in_hdf5,,,,,,,,,,,
4RLU,target_not_in_hdf5,,,,,,,,,,,
4RLW,target_not_in_hdf5,,,,,,,,,,,
4RN0,target_not_in_hdf5,,,,,,,,,,,
4RN1,target_not_in_hdf5,,,,,,,,,,,
4RN2,target_not_in_hdf5,,,,,,,,,,,
4RN4,target_not_in_hdf5,,,,,,,,,,,
4RPN,target_not_in_hdf5,,,,,,,,,,,
4RPO,target_not_in_hdf5,,,,,,,,,,,
4RPV,target_not_in_hdf5,,,,,,,,,,,
4RQI,target_not_in_hdf5,,,,,,,,,,,
4RQK,target_not_in_hdf5,,,,,,,,,,,
4RR6,target_not_in_hdf5,,,,,,,,,,,
4RRG,target_not_in_hdf5,,,,,,,,,,,
4RRQ,target_not_in_hdf5,,,,,,,,,,,
4RS0,target_not_in_hdf5,,,,,,,,,,,
4RSE,target_not_in_hdf5,,,,,,,,,,,
4RSK,target_not_in_hdf5,,,,,,,,,,,
4RSP,target_not_in_hdf5,,,,,,,,,,,
4RT0,target_not_in_hdf5,,,,,,,,,,,
4RT1,target_not_in_hdf5,,,,,,,,,,,
4RUU,target_not_in_hdf5,,,,,,,,,,,
4RUX,target_not_in_hdf5,,,,,,,,,,,
4RUY,target_not_in_hdf5,,,,,,,,,,,
4RUZ,target_not_in_hdf5,,,,,,,,,,,
4RVR,target_not_in_hdf5,,,,,,,,,,,
4RVT,target_not_in_hdf5,,,,,,,,,,,
4RWJ,target_not_in_hdf5,,,,,,,,,,,
4RWK,target_not_in_hdf5,,,,,,,,,,,
4RWL,target_not_in_hdf5,,,,,,,,,,,
4RWW,target_not_in_hdf5,,,,,,,,,,,
4RX5,target_not_in_hdf5,,,,,,,,,,,
4RXC,target_not_in_hdf5,,,,,,,,,,,
4RXD,target_not_in_hdf5,,,,,,,,,,,
4RXZ,target_not_in_hdf5,,,,,,,,,,,
4RYL,target_not_in_hdf5,,,,,,,,,,,
4RZ1,target_not_in_hdf5,,,,,,,,,,,
4S3E,target_not_in_hdf5,,,,,,,,,,,
4S3F,target_not_in_hdf5,,,,,,,,,,,
4SGA,target_not_in_hdf5,,,,,,,,,,,
4STD,target_not_in_hdf5,,,,,,,,,,,
4TIM,target_not_in_hdf5,,,,,,,,,,,
4TJU,target_not_in_hdf5,,,,,,,,,,,
4TJW,target_not_in_hdf5,,,,,,,,,,,
4TJY,target_not_in_hdf5,,,,,,,,,,,
4TJZ,target_not_in_hdf5,,,,,,,,,,,
4TK0,target_not_in_hdf5,,,,,,,,,,,
4TK2,target_not_in_hdf5,,,,,,,,,,,
4TK3,target_not_in_hdf5,,,,,,,,,,,
4TK4,target_not_in_hdf5,,,,,,,,,,,
4TK5,target_not_in_hdf5,,,,,,,,,,,
4TKF,target_not_in_hdf5,,,,,,,,,,,
4TKG,target_not_in_hdf5,,,,,,,,,,,
4TKH,target_not_in_hdf5,,,,,,,,,,,
4TKJ,target_not_in_hdf5,,,,,,,,,,,
4TKN,target_not_in_hdf5,,,,,,,,,,,
4TKY,target_not_in_hdf5,,,,,,,,,,,
4TLN,target_not_in_hdf5,,,,,,,,,,,
4TLR,target_not_in_hdf5,,,,,,,,,,,
4TMF,target_not_in_hdf5,,,,,,,,,,,
4TMK,target_not_in_hdf5,,,,,,,,,,,
4TMP,target_not_in_hdf5,,,,,,,,,,,
4TMR,target_not_in_hdf5,,,,,,,,,,,
4TN2,target_not_in_hdf5,,,,,,,,,,,
4TN4,target_not_in_hdf5,,,,,,,,,,,
4TO8,target_not_in_hdf5,,,,,,,,,,,
4TPK,target_not_in_hdf5,,,,,,,,,,,
4TPM,target_not_in_hdf5,,,,,,,,,,,
4TQ3,target_not_in_hdf5,,,,,,,,,,,
4TQN,target_not_in_hdf5,,,,,,,,,,,
4TRW,target_not_in_hdf5,,,,,,,,,,,
4TRZ,target_not_in_hdf5,,,,,,,,,,,
4TS1,target_not_in_hdf5,,,,,,,,,,,
4TT2,target_not_in_hdf5,,,,,,,,,,,
4TTE,target_not_in_hdf5,,,,,,,,,,,
4TTV,target_not_in_hdf5,,,,,,,,,,,
4TU4,target_not_in_hdf5,,,,,,,,,,,
4TUN,target_not_in_hdf5,,,,,,,,,,,
4TW7,target_not_in_hdf5,,,,,,,,,,,
4TW8,target_not_in_hdf5,,,,,,,,,,,
4TW9,target_not_in_hdf5,,,,,,,,,,,
4TWT,target_not_in_hdf5,,,,,,,,,,,
4TWW,target_not_in_hdf5,,,,,,,,,,,
4TX6,target_not_in_hdf5,,,,,,,,,,,
4TXC,target_not_in_hdf5,,,,,,,,,,,
4TXE,target_not_in_hdf5,,,,,,,,,,,
4TXS,target_not_in_hdf5,,,,,,,,,,,
4TYB,target_not_in_hdf5,,,,,,,,,,,
4TYL,target_not_in_hdf5,,,,,,,,,,,
4TYT,target_not_in_hdf5,,,,,,,,,,,
4TZ2,target_not_in_hdf5,,,,,,,,,,,
4TZ8,target_not_in_hdf5,,,,,,,,,,,
4TZM,target_not_in_hdf5,,,,,,,,,,,
4TZN,target_not_in_hdf5,,,,,,,,,,,
4TZQ,target_not_in_hdf5,,,,,,,,,,,
4U03,target_not_in_hdf5,,,,,,,,,,,
4U0A,target_not_in_hdf5,,,,,,,,,,,
4U0B,target_not_in_hdf5,,,,,,,,,,,
4U0C,target_not_in_hdf5,,,,,,,,,,,
4U0D,target_not_in_hdf5,,,,,,,,,,,
4U0M,target_not_in_hdf5,,,,,,,,,,,
4U0U,target_not_in_hdf5,,,,,,,,,,,
4U0W,target_not_in_hdf5,,,,,,,,,,,
4U1B,target_not_in_hdf5,,,,,,,,,,,
4U2W,target_not_in_hdf5,,,,,,,,,,,
4U2Y,target_not_in_hdf5,,,,,,,,,,,
4U44,target_not_in_hdf5,,,,,,,,,,,
4U4S,target_not_in_hdf5,,,,,,,,,,,
4U4X,target_not_in_hdf5,,,,,,,,,,,
4U54,target_not_in_hdf5,,,,,,,,,,,
4U5J,target_not_in_hdf5,,,,,,,,,,,
4U68,target_not_in_hdf5,,,,,,,,,,,
4U69,target_not_in_hdf5,,,,,,,,,,,
4U6E,target_not_in_hdf5,,,,,,,,,,,
4U6W,target_not_in_hdf5,,,,,,,,,,,
4U6Z,target_not_in_hdf5,,,,,,,,,,,
4U70,target_not_in_hdf5,,,,,,,,,,,
4U71,target_not_in_hdf5,,,,,,,,,,,
4U73,target_not_in_hdf5,,,,,,,,,,,
4U7O,target_not_in_hdf5,,,,,,,,,,,
4U7T,target_not_in_hdf5,,,,,,,,,,,
4U7V,target_not_in_hdf5,,,,,,,,,,,
4U82,target_not_in_hdf5,,,,,,,,,,,
4U90,target_not_in_hdf5,,,,,,,,,,,
4U91,target_not_in_hdf5,,,,,,,,,,,
4UA8,target_not_in_hdf5,,,,,,,,,,,
4UAC,target_not_in_hdf5,,,,,,,,,,,
4UAT,target_not_in_hdf5,,,,,,,,,,,
4UAU,target_not_in_hdf5,,,,,,,,,,,
4UC5,target_not_in_hdf5,,,,,,,,,,,
4UCC,target_not_in_hdf5,,,,,,,,,,,
4UCD,target_not_in_hdf5,,,,,,,,,,,
4UCE,target_not_in_hdf5,,,,,,,,,,,
4UCO,target_not_in_hdf5,,,,,,,,,,,
4UCR,target_not_in_hdf5,,,,,,,,,,,
4UCS,target_not_in_hdf5,,,,,,,,,,,
4UCT,target_not_in_hdf5,,,,,,,,,,,
4UCU,target_not_in_hdf5,,,,,,,,,,,
4UCV,target_not_in_hdf5,,,,,,,,,,,
4UDA,target_not_in_hdf5,,,,,,,,,,,
4UDB,target_not_in_hdf5,,,,,,,,,,,
4UE1,target_not_in_hdf5,,,,,,,,,,,
4UFH,target_not_in_hdf5,,,,,,,,,,,
4UFI,target_not_in_hdf5,,,,,,,,,,,
4UFJ,target_not_in_hdf5,,,,,,,,,,,
4UFK,target_not_in_hdf5,,,,,,,,,,,
4UFL,target_not_in_hdf5,,,,,,,,,,,
4UFM,target_not_in_hdf5,,,,,,,,,,,
4UI5,target_not_in_hdf5,,,,,,,,,,,
4UI6,target_not_in_hdf5,,,,,,,,,,,
4UIA,target_not_in_hdf5,,,,,,,,,,,
4UIB,target_not_in_hdf5,,,,,,,,,,,
4UIL,target_not_in_hdf5,,,,,,,,,,,
4UIN,target_not_in_hdf5,,,,,,,,,,,
4UIT,target_not_in_hdf5,,,,,,,,,,,
4UIU,target_not_in_hdf5,,,,,,,,,,,
4UIW,target_not_in_hdf5,,,,,,,,,,,
4UIX,target_not_in_hdf5,,,,,,,,,,,
4UIZ,target_not_in_hdf5,,,,,,,,,,,
4UJ1,target_not_in_hdf5,,,,,,,,,,,
4UJB,target_not_in_hdf5,,,,,,,,,,,
4UM9,target_not_in_hdf5,,,,,,,,,,,
4UMA,target_not_in_hdf5,,,,,,,,,,,
4UMB,target_not_in_hdf5,,,,,,,,,,,
4UMC,target_not_in_hdf5,,,,,,,,,,,
4UMN,target_not_in_hdf5,,,,,,,,,,,
4UNN,target_not_in_hdf5,,,,,,,,,,,
4UNP,target_not_in_hdf5,,,,,,,,,,,
4UNQ,target_not_in_hdf5,,,,,,,,,,,
4UNS,target_not_in_hdf5,,,,,,,,,,,
4UOF,target_not_in_hdf5,,,,,,,,,,,
4UOH,target_not_in_hdf5,,,,,,,,,,,
4UP5,target_not_in_hdf5,,,,,,,,,,,
4URA,target_not_in_hdf5,,,,,,,,,,,
4URK,target_not_in_hdf5,,,,,,,,,,,
4URL,target_not_in_hdf5,,,,,,,,,,,
4URM,target_not_in_hdf5,,,,,,,,,,,
4URW,target_not_in_hdf5,,,,,,,,,,,
4URX,target_not_in_hdf5,,,,,,,,,,,
4US3,target_not_in_hdf5,,,,,,,,,,,
4US4,target_not_in_hdf5,,,,,,,,,,,
4USI,target_not_in_hdf5,,,,,,,,,,,
4USJ,target_not_in_hdf5,,,,,,,,,,,
4USW,target_not_in_hdf5,,,,,,,,,,,
4UTN,target_not_in_hdf5,,,,,,,,,,,
4UU5,target_not_in_hdf5,,,,,,,,,,,
4UUQ,target_not_in_hdf5,,,,,,,,,,,
4UV9,target_not_in_hdf5,,,,,,,,,,,
4UWG,target_not_in_hdf5,,,,,,,,,,,
4UWK,target_not_in_hdf5,,,,,,,,,,,
4UWL,target_not_in_hdf5,,,,,,,,,,,
4UX4,target_not_in_hdf5,,,,,,,,,,,
4UX9,target_not_in_hdf5,,,,,,,,,,,
4UXB,target_not_in_hdf5,,,,,,,,,,,
4UXJ,target_not_in_hdf5,,,,,,,,,,,
4UY1,target_not_in_hdf5,,,,,,,,,,,
4UYE,target_not_in_hdf5,,,,,,,,,,,
4UZD,target_not_in_hdf5,,,,,,,,,,,
4UZH,target_not_in_hdf5,,,,,,,,,,,
4V05,target_not_in_hdf5,,,,,,,,,,,
4V0I,target_not_in_hdf5,,,,,,,,,,,
4V11,target_not_in_hdf5,,,,,,,,,,,
4V1C,target_not_in_hdf5,,,,,,,,,,,
4V1F,target_not_in_hdf5,,,,,,,,,,,
4V24,target_not_in_hdf5,,,,,,,,,,,
4V27,target_not_in_hdf5,,,,,,,,,,,
4VGC,target_not_in_hdf5,,,,,,,,,,,
4W4V,target_not_in_hdf5,,,,,,,,,,,
4W4W,target_not_in_hdf5,,,,,,,,,,,
4W4Y,target_not_in_hdf5,,,,,,,,,,,
4W4Z,target_not_in_hdf5,,,,,,,,,,,
4W50,target_not_in_hdf5,,,,,,,,,,,
4W52,target_not_in_hdf5,,,,,,,,,,,
4W53,target_not_in_hdf5,,,,,,,,,,,
4W54,target_not_in_hdf5,,,,,,,,,,,
4W55,target_not_in_hdf5,,,,,,,,,,,
4W57,target_not_in_hdf5,,,,,,,,,,,
4W5J,target_not_in_hdf5,,,,,,,,,,,
4W7T,target_not_in_hdf5,,,,,,,,,,,
4W9N,target_not_in_hdf5,,,,,,,,,,,
4W9O,target_not_in_hdf5,,,,,,,,,,,
4W9P,target_not_in_hdf5,,,,,,,,,,,
4W9Q,target_not_in_hdf5,,,,,,,,,,,
4W9S,target_not_in_hdf5,,,,,,,,,,,
4W9W,target_not_in_hdf5,,,,,,,,,,,
4WA9,target_not_in_hdf5,,,,,,,,,,,
4WBG,target_not_in_hdf5,,,,,,,,,,,
4WCI,target_not_in_hdf5,,,,,,,,,,,
4WCU,target_not_in_hdf5,,,,,,,,,,,
4WEF,target_not_in_hdf5,,,,,,,,,,,
4WF2,target_not_in_hdf5,,,,,,,,,,,
4WF6,target_not_in_hdf5,,,,,,,,,,,
4WGI,target_not_in_hdf5,,,,,,,,,,,
4WH7,target_not_in_hdf5,,,,,,,,,,,
4WHQ,target_not_in_hdf5,,,,,,,,,,,
4WHR,target_not_in_hdf5,,,,,,,,,,,
4WHS,target_not_in_hdf5,,,,,,,,,,,
4WI1,target_not_in_hdf5,,,,,,,,,,,
4WJ5,target_not_in_hdf5,,,,,,,,,,,
4WJ7,target_not_in_hdf5,,,,,,,,,,,
4WK1,target_not_in_hdf5,,,,,,,,,,,
4WK2,target_not_in_hdf5,,,,,,,,,,,
4WK7,target_not_in_hdf5,,,,,,,,,,,
4WKB,target_not_in_hdf5,,,,,,,,,,,
4WKC,target_not_in_hdf5,,,,,,,,,,,
4WKE,target_not_in_hdf5,,,,,,,,,,,
4WKN,target_not_in_hdf5,,,,,,,,,,,
4WKO,target_not_in_hdf5,,,,,,,,,,,
4WKP,target_not_in_hdf5,,,,,,,,,,,
4WKS,target_not_in_hdf5,,,,,,,,,,,
4WKT,target_not_in_hdf5,,,,,,,,,,,
4WKU,target_not_in_hdf5,,,,,,,,,,,
4WKV,target_not_in_hdf5,,,,,,,,,,,
4WMV,target_not_in_hdf5,,,,,,,,,,,
4WMX,target_not_in_hdf5,,,,,,,,,,,
4WMY,target_not_in_hdf5,,,,,,,,,,,
4WN0,target_not_in_hdf5,,,,,,,,,,,
4WN1,target_not_in_hdf5,,,,,,,,,,,
4WN5,target_not_in_hdf5,,,,,,,,,,,
4WNM,target_not_in_hdf5,,,,,,,,,,,
4WNO,target_not_in_hdf5,,,,,,,,,,,
4WNP,target_not_in_hdf5,,,,,,,,,,,
4WOP,target_not_in_hdf5,,,,,,,,,,,
4WOV,target_not_in_hdf5,,,,,,,,,,,
4WPF,target_not_in_hdf5,,,,,,,,,,,
4WQ2,target_not_in_hdf5,,,,,,,,,,,
4WR7,target_not_in_hdf5,,,,,,,,,,,
4WRI,target_not_in_hdf5,,,,,,,,,,,
4WRQ,target_not_in_hdf5,,,,,,,,,,,
4WSJ,target_not_in_hdf5,,,,,,,,,,,
4WSK,target_not_in_hdf5,,,,,,,,,,,
4WTU,target_not_in_hdf5,,,,,,,,,,,
4WUP,target_not_in_hdf5,,,,,,,,,,,
4WV6,target_not_in_hdf5,,,,,,,,,,,
4WVU,target_not_in_hdf5,,,,,,,,,,,
4WW6,target_not_in_hdf5,,,,,,,,,,,
4WW8,target_not_in_hdf5,,,,,,,,,,,
4WX4,target_not_in_hdf5,,,,,,,,,,,
4WX6,target_not_in_hdf5,,,,,,,,,,,
4WXI,target_not_in_hdf5,,,,,,,,,,,
4WY1,target_not_in_hdf5,,,,,,,,,,,
4WY6,target_not_in_hdf5,,,,,,,,,,,
4WYM,target_not_in_hdf5,,,,,,,,,,,
4WYP,target_not_in_hdf5,,,,,,,,,,,
4WYY,target_not_in_hdf5,,,,,,,,,,,
4WYZ,target_not_in_hdf5,,,,,,,,,,,
4WZ4,target_not_in_hdf5,,,,,,,,,,,
4WZ5,target_not_in_hdf5,,,,,,,,,,,
4WZ6,target_not_in_hdf5,,,,,,,,,,,
4X0F,target_not_in_hdf5,,,,,,,,,,,
4X0Z,target_not_in_hdf5,,,,,,,,,,,
4X11,target_not_in_hdf5,,,,,,,,,,,
4X13,target_not_in_hdf5,,,,,,,,,,,
4X14,target_not_in_hdf5,,,,,,,,,,,
4X1F,target_not_in_hdf5,,,,,,,,,,,
4X1N,target_not_in_hdf5,,,,,,,,,,,
4X1P,target_not_in_hdf5,,,,,,,,,,,
4X1R,target_not_in_hdf5,,,,,,,,,,,
4X1S,target_not_in_hdf5,,,,,,,,,,,
4X24,target_not_in_hdf5,,,,,,,,,,,
4X2I,target_not_in_hdf5,,,,,,,,,,,
4X2L,target_not_in_hdf5,,,,,,,,,,,
4X2S,target_not_in_hdf5,,,,,,,,,,,
4X3I,target_not_in_hdf5,,,,,,,,,,,
4X3K,target_not_in_hdf5,,,,,,,,,,,
4X3T,target_not_in_hdf5,,,,,,,,,,,
4X47,target_not_in_hdf5,,,,,,,,,,,
4X48,target_not_in_hdf5,,,,,,,,,,,
4X49,target_not_in_hdf5,,,,,,,,,,,
4X50,target_not_in_hdf5,,,,,,,,,,,
4X5P,target_not_in_hdf5,,,,,,,,,,,
4X5R,target_not_in_hdf5,,,,,,,,,,,
4X5Y,target_not_in_hdf5,,,,,,,,,,,
4X5Z,target_not_in_hdf5,,,,,,,,,,,
4X60,target_not_in_hdf5,,,,,,,,,,,
4X6J,target_not_in_hdf5,,,,,,,,,,,
4X6K,target_not_in_hdf5,,,,,,,,,,,
4X6M,target_not_in_hdf5,,,,,,,,,,,
4X6N,target_not_in_hdf5,,,,,,,,,,,
4X6P,target_not_in_hdf5,,,,,,,,,,,
4X6X,target_not_in_hdf5,,,,,,,,,,,
4X6Y,target_not_in_hdf5,,,,,,,,,,,
4X7Q,target_not_in_hdf5,,,,,,,,,,,
4X8G,target_not_in_hdf5,,,,,,,,,,,
4X8O,target_not_in_hdf5,,,,,,,,,,,
4X8S,target_not_in_hdf5,,,,,,,,,,,
4X8T,target_not_in_hdf5,,,,,,,,,,,
4X8U,target_not_in_hdf5,,,,,,,,,,,
4XBB,target_not_in_hdf5,,,,,,,,,,,
4XBD,target_not_in_hdf5,,,,,,,,,,,
4XC2,target_not_in_hdf5,,,,,,,,,,,
4XCB,target_not_in_hdf5,,,,,,,,,,,
4XDO,target_not_in_hdf5,,,,,,,,,,,
4XEK,target_not_in_hdf5,,,,,,,,,,,
4XG3,target_not_in_hdf5,,,,,,,,,,,
4XG4,target_not_in_hdf5,,,,,,,,,,,
4XG6,target_not_in_hdf5,,,,,,,,,,,
4XG7,target_not_in_hdf5,,,,,,,,,,,
4XG9,target_not_in_hdf5,,,,,,,,,,,
4XHK,target_not_in_hdf5,,,,,,,,,,,
4XHL,target_not_in_hdf5,,,,,,,,,,,
4XHV,target_not_in_hdf5,,,,,,,,,,,
4XIP,target_not_in_hdf5,,,,,,,,,,,
4XIR,target_not_in_hdf5,,,,,,,,,,,
4XIT,target_not_in_hdf5,,,,,,,,,,,
4XJR,target_not_in_hdf5,,,,,,,,,,,
4XK9,target_not_in_hdf5,,,,,,,,,,,
4XM6,target_not_in_hdf5,,,,,,,,,,,
4XM7,target_not_in_hdf5,,,,,,,,,,,
4XM8,target_not_in_hdf5,,,,,,,,,,,
4XMB,target_not_in_hdf5,,,,,,,,,,,
4XMR,target_not_in_hdf5,,,,,,,,,,,
4XNV,target_not_in_hdf5,,,,,,,,,,,
4XNW,target_not_in_hdf5,,,,,,,,,,,
4XO8,target_not_in_hdf5,,,,,,,,,,,
4XOC,target_not_in_hdf5,,,,,,,,,,,
4XOE,target_not_in_hdf5,,,,,,,,,,,
4XPJ,target_not_in_hdf5,,,,,,,,,,,
4XQA,target_not_in_hdf5,,,,,,,,,,,
4XQB,target_not_in_hdf5,,,,,,,,,,,
4XQU,target_not_in_hdf5,,,,,,,,,,,
4XS2,target_not_in_hdf5,,,,,,,,,,,
4XT2,target_not_in_hdf5,,,,,,,,,,,
4XT9,target_not_in_hdf5,,,,,,,,,,,
4XTA,target_not_in_hdf5,,,,,,,,,,,
4XTM,target_not_in_hdf5,,,,,,,,,,,
4XTP,target_not_in_hdf5,,,,,,,,,,,
4XTT,target_not_in_hdf5,,,,,,,,,,,
4XTV,target_not_in_hdf5,,,,,,,,,,,
4XTY,target_not_in_hdf5,,,,,,,,,,,
4XTZ,target_not_in_hdf5,,,,,,,,,,,
4XU0,target_not_in_hdf5,,,,,,,,,,,
4XU2,target_not_in_hdf5,,,,,,,,,,,
4XU3,target_not_in_hdf5,,,,,,,,,,,
4XUB,target_not_in_hdf5,,,,,,,,,,,
4XUE,target_not_in_hdf5,,,,,,,,,,,
4XUM,target_not_in_hdf5,,,,,,,,,,,
4XUZ,target_not_in_hdf5,,,,,,,,,,,
4XX9,target_not_in_hdf5,,,,,,,,,,,
4XXH,target_not_in_hdf5,,,,,,,,,,,
4XXS,target_not_in_hdf5,,,,,,,,,,,
4XY8,target_not_in_hdf5,,,,,,,,,,,
4Y0A,target_not_in_hdf5,,,,,,,,,,,
4Y24,target_not_in_hdf5,,,,,,,,,,,
4Y29,target_not_in_hdf5,,,,,,,,,,,
4Y2J,target_not_in_hdf5,,,,,,,,,,,
4Y2P,target_not_in_hdf5,,,,,,,,,,,
4Y2Q,target_not_in_hdf5,,,,,,,,,,,
4Y2S,target_not_in_hdf5,,,,,,,,,,,
4Y2U,target_not_in_hdf5,,,,,,,,,,,
4Y2V,target_not_in_hdf5,,,,,,,,,,,
4Y2X,target_not_in_hdf5,,,,,,,,,,,
4Y2Y,target_not_in_hdf5,,,,,,,,,,,
4Y32,target_not_in_hdf5,,,,,,,,,,,
4Y38,target_not_in_hdf5,,,,,,,,,,,
4Y3B,target_not_in_hdf5,,,,,,,,,,,
4Y3J,target_not_in_hdf5,,,,,,,,,,,
4Y3Y,target_not_in_hdf5,,,,,,,,,,,
4Y4G,target_not_in_hdf5,,,,,,,,,,,
4Y4J,target_not_in_hdf5,,,,,,,,,,,
4Y4V,target_not_in_hdf5,,,,,,,,,,,
4Y59,target_not_in_hdf5,,,,,,,,,,,
4Y5D,target_not_in_hdf5,,,,,,,,,,,
4Y5H,target_not_in_hdf5,,,,,,,,,,,
4Y5S,target_not_in_hdf5,,,,,,,,,,,
4Y62,target_not_in_hdf5,,,,,,,,,,,
4Y64,target_not_in_hdf5,,,,,,,,,,,
4Y6M,target_not_in_hdf5,,,,,,,,,,,
4Y6P,target_not_in_hdf5,,,,,,,,,,,
4Y6R,target_not_in_hdf5,,,,,,,,,,,
4Y6S,target_not_in_hdf5,,,,,,,,,,,
4Y73,target_not_in_hdf5,,,,,,,,,,,
4Y79,target_not_in_hdf5,,,,,,,,,,,
4Y7R,target_not_in_hdf5,,,,,,,,,,,
4Y8X,target_not_in_hdf5,,,,,,,,,,,
4Y8Z,target_not_in_hdf5,,,,,,,,,,,
4Y94,target_not_in_hdf5,,,,,,,,,,,
4YA8,target_not_in_hdf5,,,,,,,,,,,
4YAB,target_not_in_hdf5,,,,,,,,,,,
4YAD,target_not_in_hdf5,,,,,,,,,,,
4YAS,target_not_in_hdf5,,,,,,,,,,,
4YAY,target_not_in_hdf5,,,,,,,,,,,
4YB5,target_not_in_hdf5,,,,,,,,,,,
4YB6,target_not_in_hdf5,,,,,,,,,,,
4YBI,target_not_in_hdf5,,,,,,,,,,,
4YBJ,target_not_in_hdf5,,,,,,,,,,,
4YBK,target_not_in_hdf5,,,,,,,,,,,
4YBS,target_not_in_hdf5,,,,,,,,,,,
4YBT,target_not_in_hdf5,,,,,,,,,,,
4YC0,target_not_in_hdf5,,,,,,,,,,,
4YCL,target_not_in_hdf5,,,,,,,,,,,
4YCM,target_not_in_hdf5,,,,,,,,,,,
4YCN,target_not_in_hdf5,,,,,,,,,,,
4YDQ,target_not_in_hdf5,,,,,,,,,,,
4YEC,target_not_in_hdf5,,,,,,,,,,,
4YEE,target_not_in_hdf5,,,,,,,,,,,
4YEF,target_not_in_hdf5,,,,,,,,,,,
4YES,target_not_in_hdf5,,,,,,,,,,,
4YFF,target_not_in_hdf5,,,,,,,,,,,
4YGF,target_not_in_hdf5,,,,,,,,,,,
4YH4,target_not_in_hdf5,,,,,,,,,,,
4YHA,target_not_in_hdf5,,,,,,,,,,,
4YHP,target_not_in_hdf5,,,,,,,,,,,
4YHZ,target_not_in_hdf5,,,,,,,,,,,
4YIH,target_not_in_hdf5,,,,,,,,,,,
4YIK,target_not_in_hdf5,,,,,,,,,,,
4YJE,target_not_in_hdf5,,,,,,,,,,,
4YJN,target_not_in_hdf5,,,,,,,,,,,
4YK0,target_not_in_hdf5,,,,,,,,,,,
4YKJ,target_not_in_hdf5,,,,,,,,,,,
4YKK,target_not_in_hdf5,,,,,,,,,,,
4YLU,target_not_in_hdf5,,,,,,,,,,,
4YM2,target_not_in_hdf5,,,,,,,,,,,
4YM4,target_not_in_hdf5,,,,,,,,,,,
4YMB,target_not_in_hdf5,,,,,,,,,,,
4YMH,target_not_in_hdf5,,,,,,,,,,,
4YML,target_not_in_hdf5,,,,,,,,,,,
4YMX,target_not_in_hdf5,,,,,,,,,,,
4YND,target_not_in_hdf5,,,,,,,,,,,
4YNK,target_not_in_hdf5,,,,,,,,,,,
4YNL,target_not_in_hdf5,,,,,,,,,,,
4YOG,target_not_in_hdf5,,,,,,,,,,,
4YOI,target_not_in_hdf5,,,,,,,,,,,
4YOJ,target_not_in_hdf5,,,,,,,,,,,
4YOZ,target_not_in_hdf5,,,,,,,,,,,
4YP1,target_not_in_hdf5,,,,,,,,,,,
4YP8,target_not_in_hdf5,,,,,,,,,,,
4YPF,target_not_in_hdf5,,,,,,,,,,,
4YQM,target_not_in_hdf5,,,,,,,,,,,
4YQU,target_not_in_hdf5,,,,,,,,,,,
4YQV,target_not_in_hdf5,,,,,,,,,,,
4YRC,target_not_in_hdf5,,,,,,,,,,,
4YRD,target_not_in_hdf5,,,,,,,,,,,
4YRG,target_not_in_hdf5,,,,,,,,,,,
4YRR,target_not_in_hdf5,,,,,,,,,,,
4YRS,target_not_in_hdf5,,,,,,,,,,,
4YRT,target_not_in_hdf5,,,,,,,,,,,
4YSI,target_not_in_hdf5,,,,,,,,,,,
4YSL,target_not_in_hdf5,,,,,,,,,,,
4YUW,target_not_in_hdf5,,,,,,,,,,,
4YUX,target_not_in_hdf5,,,,,,,,,,,
4YV0,target_not_in_hdf5,,,,,,,,,,,
4YV1,target_not_in_hdf5,,,,,,,,,,,
4YV2,target_not_in_hdf5,,,,,,,,,,,
4YV5,target_not_in_hdf5,,,,,,,,,,,
4YV9,target_not_in_hdf5,,,,,,,,,,,
4YVE,target_not_in_hdf5,,,,,,,,,,,
4YVZ,target_not_in_hdf5,,,,,,,,,,,
4YW2,target_not_in_hdf5,,,,,,,,,,,
4YW6,target_not_in_hdf5,,,,,,,,,,,
4YW7,target_not_in_hdf5,,,,,,,,,,,
4YWA,target_not_in_hdf5,,,,,,,,,,,
4YX4,target_not_in_hdf5,,,,,,,,,,,
4YX9,target_not_in_hdf5,,,,,,,,,,,
4YXD,target_not_in_hdf5,,,,,,,,,,,
4YXU,target_not_in_hdf5,,,,,,,,,,,
4YY6,target_not_in_hdf5,,,,,,,,,,,
4YYI,target_not_in_hdf5,,,,,,,,,,,
4YYM,target_not_in_hdf5,,,,,,,,,,,
4YYN,target_not_in_hdf5,,,,,,,,,,,
4YYT,target_not_in_hdf5,,,,,,,,,,,
4YZ5,target_not_in_hdf5,,,,,,,,,,,
4YZ9,target_not_in_hdf5,,,,,,,,,,,
4Z07,target_not_in_hdf5,,,,,,,,,,,
4Z0D,target_not_in_hdf5,,,,,,,,,,,
4Z0E,target_not_in_hdf5,,,,,,,,,,,
4Z0K,target_not_in_hdf5,,,,,,,,,,,
4Z1S,target_not_in_hdf5,,,,,,,,,,,
4Z2O,target_not_in_hdf5,,,,,,,,,,,
4Z2P,target_not_in_hdf5,,,,,,,,,,,
4Z6H,target_not_in_hdf5,,,,,,,,,,,
4Z7F,target_not_in_hdf5,,,,,,,,,,,
4Z7I,target_not_in_hdf5,,,,,,,,,,,
4Z7N,target_not_in_hdf5,,,,,,,,,,,
4Z7O,target_not_in_hdf5,,,,,,,,,,,
4Z7Q,target_not_in_hdf5,,,,,,,,,,,
4Z89,target_not_in_hdf5,,,,,,,,,,,
4Z8A,target_not_in_hdf5,,,,,,,,,,,
4Z8D,target_not_in_hdf5,,,,,,,,,,,
4Z8M,target_not_in_hdf5,,,,,,,,,,,
4Z9L,target_not_in_hdf5,,,,,,,,,,,
4ZA0,target_not_in_hdf5,,,,,,,,,,,
4ZAM,target_not_in_hdf5,,,,,,,,,,,
4ZB8,target_not_in_hdf5,,,,,,,,,,,
4ZBA,target_not_in_hdf5,,,,,,,,,,,
4ZCS,target_not_in_hdf5,,,,,,,,,,,
4ZCW,target_not_in_hdf5,,,,,,,,,,,
4ZE6,target_not_in_hdf5,,,,,,,,,,,
4ZEB,target_not_in_hdf5,,,,,,,,,,,
4ZEC,target_not_in_hdf5,,,,,,,,,,,
4ZED,target_not_in_hdf5,,,,,,,,,,,
4ZEI,target_not_in_hdf5,,,,,,,,,,,
4ZEK,target_not_in_hdf5,,,,,,,,,,,
4ZFI,target_not_in_hdf5,,,,,,,,,,,
4ZG6,target_not_in_hdf5,,,,,,,,,,,
4ZHL,target_not_in_hdf5,,,,,,,,,,,
4ZIJ,target_not_in_hdf5,,,,,,,,,,,
4ZIP,target_not_in_hdf5,,,,,,,,,,,
4ZJC,target_not_in_hdf5,,,,,,,,,,,
4ZJJ,target_not_in_hdf5,,,,,,,,,,,
4ZJR,target_not_in_hdf5,,,,,,,,,,,
4ZJW,target_not_in_hdf5,,,,,,,,,,,
4ZK5,target_not_in_hdf5,,,,,,,,,,,
4ZKI,target_not_in_hdf5,,,,,,,,,,,
4ZLA,target_not_in_hdf5,,,,,,,,,,,
4ZLY,target_not_in_hdf5,,,,,,,,,,,
4ZLZ,target_not_in_hdf5,,,,,,,,,,,
4ZME,target_not_in_hdf5,,,,,,,,,,,
4ZMF,target_not_in_hdf5,,,,,,,,,,,
4ZNX,target_not_in_hdf5,,,,,,,,,,,
4ZO5,target_not_in_hdf5,,,,,,,,,,,
4ZOM,target_not_in_hdf5,,,,,,,,,,,
4ZOW,target_not_in_hdf5,,,,,,,,,,,
4ZPE,target_not_in_hdf5,,,,,,,,,,,
4ZPF,target_not_in_hdf5,,,,,,,,,,,
4ZPG,target_not_in_hdf5,,,,,,,,,,,
4ZPH,target_not_in_hdf5,,,,,,,,,,,
4ZRO,target_not_in_hdf5,,,,,,,,,,,
4ZS2,target_not_in_hdf5,,,,,,,,,,,
4ZS3,target_not_in_hdf5,,,,,,,,,,,
4ZS9,target_not_in_hdf5,,,,,,,,,,,
4ZSG,target_not_in_hdf5,,,,,,,,,,,
4ZSH,target_not_in_hdf5,,,,,,,,,,,
4ZSJ,target_not_in_hdf5,,,,,,,,,,,
4ZSM,target_not_in_hdf5,,,,,,,,,,,
4ZSP,target_not_in_hdf5,,,,,,,,,,,
4ZSQ,target_not_in_hdf5,,,,,,,,,,,
4ZSR,target_not_in_hdf5,,,,,,,,,,,
4ZT8,target_not_in_hdf5,,,,,,,,,,,
4ZTR,target_not_in_hdf5,,,,,,,,,,,
4ZTS,target_not_in_hdf5,,,,,,,,,,,
4ZUM,target_not_in_hdf5,,,,,,,,,,,
4ZUN,target_not_in_hdf5,,,,,,,,,,,
4ZUO,target_not_in_hdf5,,,,,,,,,,,
4ZUP,target_not_in_hdf5,,,,,,,,,,,
4ZUQ,target_not_in_hdf5,,,,,,,,,,,
4ZUR,target_not_in_hdf5,,,,,,,,,,,
4ZV1,target_not_in_hdf5,,,,,,,,,,,
4ZV2,target_not_in_hdf5,,,,,,,,,,,
4ZW3,target_not_in_hdf5,,,,,,,,,,,
4ZW5,target_not_in_hdf5,,,,,,,,,,,
4ZW6,target_not_in_hdf5,,,,,,,,,,,
4ZW7,target_not_in_hdf5,,,,,,,,,,,
4ZWX,target_not_in_hdf5,,,,,,,,,,,
4ZWY,target_not_in_hdf5,,,,,,,,,,,
4ZWZ,target_not_in_hdf5,,,,,,,,,,,
4ZX0,target_not_in_hdf5,,,,,,,,,,,
4ZX1,target_not_in_hdf5,,,,,,,,,,,
4ZX3,target_not_in_hdf5,,,,,,,,,,,
4ZY4,target_not_in_hdf5,,,,,,,,,,,
4ZY5,target_not_in_hdf5,,,,,,,,,,,
4ZYC,target_not_in_hdf5,,,,,,,,,,,
4ZYT,target_not_in_hdf5,,,,,,,,,,,
4ZYU,target_not_in_hdf5,,,,,,,,,,,
4ZYV,target_not_in_hdf5,,,,,,,,,,,
4ZYW,target_not_in_hdf5,,,,,,,,,,,
4ZYX,target_not_in_hdf5,,,,,,,,,,,
4ZYY,target_not_in_hdf5,,,,,,,,,,,
4ZYZ,target_not_in_hdf5,,,,,,,,,,,
4ZZ0,target_not_in_hdf5,,,,,,,,,,,
4ZZ1,target_not_in_hdf5,,,,,,,,,,,
4ZZD,target_not_in_hdf5,,,,,,,,,,,
4ZZX,target_not_in_hdf5,,,,,,,,,,,
4ZZZ,target_not_in_hdf5,,,,,,,,,,,
5A00,target_not_in_hdf5,,,,,,,,,,,
5A0A,target_not_in_hdf5,,,,,,,,,,,
5A0B,target_not_in_hdf5,,,,,,,,,,,
5A0C,target_not_in_hdf5,,,,,,,,,,,
5A0E,target_not_in_hdf5,,,,,,,,,,,
5A1F,target_not_in_hdf5,,,,,,,,,,,
5A2I,target_not_in_hdf5,,,,,,,,,,,
5A2J,target_not_in_hdf5,,,,,,,,,,,
5A3H,target_not_in_hdf5,,,,,,,,,,,
5A3N,target_not_in_hdf5,,,,,,,,,,,
5A3T,target_not_in_hdf5,,,,,,,,,,,
5A3W,target_not_in_hdf5,,,,,,,,,,,
5A3X,target_not_in_hdf5,,,,,,,,,,,
5A46,target_not_in_hdf5,,,,,,,,,,,
5A4C,target_not_in_hdf5,,,,,,,,,,,
5A54,target_not_in_hdf5,,,,,,,,,,,
5A5D,target_not_in_hdf5,,,,,,,,,,,
5A5P,target_not_in_hdf5,,,,,,,,,,,
5A5Q,target_not_in_hdf5,,,,,,,,,,,
5A5R,target_not_in_hdf5,,,,,,,,,,,
5A5S,target_not_in_hdf5,,,,,,,,,,,
5A5V,target_not_in_hdf5,,,,,,,,,,,
5A69,target_not_in_hdf5,,,,,,,,,,,
5A6A,target_not_in_hdf5,,,,,,,,,,,
5A6B,target_not_in_hdf5,,,,,,,,,,,
5A6H,target_not_in_hdf5,,,,,,,,,,,
5A6K,target_not_in_hdf5,,,,,,,,,,,
5A6N,target_not_in_hdf5,,,,,,,,,,,
5A6X,target_not_in_hdf5,,,,,,,,,,,
5A7C,target_not_in_hdf5,,,,,,,,,,,
5A7I,target_not_in_hdf5,,,,,,,,,,,
5A7J,target_not_in_hdf5,,,,,,,,,,,
5A7Y,target_not_in_hdf5,,,,,,,,,,,
5A81,target_not_in_hdf5,,,,,,,,,,,
5A82,target_not_in_hdf5,,,,,,,,,,,
5A83,target_not_in_hdf5,,,,,,,,,,,
5A85,target_not_in_hdf5,,,,,,,,,,,
5A8Y,target_not_in_hdf5,,,,,,,,,,,
5A8Z,target_not_in_hdf5,,,,,,,,,,,
5A9U,target_not_in_hdf5,,,,,,,,,,,
5AA8,target_not_in_hdf5,,,,,,,,,,,
5AA9,target_not_in_hdf5,,,,,,,,,,,
5AAA,target_not_in_hdf5,,,,,,,,,,,
5AAB,target_not_in_hdf5,,,,,,,,,,,
5AAC,target_not_in_hdf5,,,,,,,,,,,
5AAE,target_not_in_hdf5,,,,,,,,,,,
5AAG,target_not_in_hdf5,,,,,,,,,,,
5AB1,target_not_in_hdf5,,,,,,,,,,,
5AB9,target_not_in_hdf5,,,,,,,,,,,
5ABA,target_not_in_hdf5,,,,,,,,,,,
5ABE,target_not_in_hdf5,,,,,,,,,,,
5ABF,target_not_in_hdf5,,,,,,,,,,,
5ABG,target_not_in_hdf5,,,,,,,,,,,
5ABH,target_not_in_hdf5,,,,,,,,,,,
5ABP,target_not_in_hdf5,,,,,,,,,,,
5ABW,target_not_in_hdf5,,,,,,,,,,,
5ACW,target_not_in_hdf5,,,,,,,,,,,
5ACX,target_not_in_hdf5,,,,,,,,,,,
5AD1,target_not_in_hdf5,,,,,,,,,,,
5ADQ,target_not_in_hdf5,,,,,,,,,,,
5AES,target_not_in_hdf5,,,,,,,,,,,
5AFJ,target_not_in_hdf5,,,,,,,,,,,
5AFK,target_not_in_hdf5,,,,,,,,,,,
5AFL,target_not_in_hdf5,,,,,,,,,,,
5AFM,target_not_in_hdf5,,,,,,,,,,,
5AFN,target_not_in_hdf5,,,,,,,,,,,
5AFX,target_not_in_hdf5,,,,,,,,,,,
5AGU,target_not_in_hdf5,,,,,,,,,,,
5AGV,target_not_in_hdf5,,,,,,,,,,,
5AH2,target_not_in_hdf5,,,,,,,,,,,
5AHU,target_not_in_hdf5,,,,,,,,,,,
5AHW,target_not_in_hdf5,,,,,,,,,,,
5AI1,target_not_in_hdf5,,,,,,,,,,,
5AI5,target_not_in_hdf5,,,,,,,,,,,
5AI6,target_not_in_hdf5,,,,,,,,,,,
5AI9,target_not_in_hdf5,,,,,,,,,,,
5AIA,target_not_in_hdf5,,,,,,,,,,,
5AIB,target_not_in_hdf5,,,,,,,,,,,
5AIC,target_not_in_hdf5,,,,,,,,,,,
5AIP,target_not_in_hdf5,,,,,,,,,,,
5AIS,target_not_in_hdf5,,,,,,,,,,,
5AIV,target_not_in_hdf5,,,,,,,,,,,
5AJC,target_not_in_hdf5,,,,,,,,,,,
5AJO,target_not_in_hdf5,,,,,,,,,,,
5AJP,target_not_in_hdf5,,,,,,,,,,,
5AK3,target_not_in_hdf5,,,,,,,,,,,
5AK6,target_not_in_hdf5,,,,,,,,,,,
5AKE,target_not_in_hdf5,,,,,,,,,,,
5AKG,target_not_in_hdf5,,,,,,,,,,,
5AKH,target_not_in_hdf5,,,,,,,,,,,
5AKI,target_not_in_hdf5,,,,,,,,,,,
5AKJ,target_not_in_hdf5,,,,,,,,,,,
5AKK,target_not_in_hdf5,,,,,,,,,,,
5AKL,target_not_in_hdf5,,,,,,,,,,,
5AKU,target_not_in_hdf5,,,,,,,,,,,
5AKW,target_not_in_hdf5,,,,,,,,,,,
5AKZ,target_not_in_hdf5,,,,,,,,,,,
5AL2,target_not_in_hdf5,,,,,,,,,,,
5AL3,target_not_in_hdf5,,,,,,,,,,,
5ALB,target_not_in_hdf5,,,,,,,,,,,
5ALC,target_not_in_hdf5,,,,,,,,,,,
5ALD,target_not_in_hdf5,,,,,,,,,,,
5ALE,target_not_in_hdf5,,,,,,,,,,,
5ALG,target_not_in_hdf5,,,,,,,,,,,
5ALH,target_not_in_hdf5,,,,,,,,,,,
5ALL,target_not_in_hdf5,,,,,,,,,,,
5ALM,target_not_in_hdf5,,,,,,,,,,,
5ALN,target_not_in_hdf5,,,,,,,,,,,
5ALO,target_not_in_hdf5,,,,,,,,,,,
5ALR,target_not_in_hdf5,,,,,,,,,,,
5ALS,target_not_in_hdf5,,,,,,,,,,,
5ALU,target_not_in_hdf5,,,,,,,,,,,
5ALX,target_not_in_hdf5,,,,,,,,,,,
5ALY,target_not_in_hdf5,,,,,,,,,,,
5ALZ,target_not_in_hdf5,,,,,,,,,,,
5AM0,target_not_in_hdf5,,,,,,,,,,,
5AM1,target_not_in_hdf5,,,,,,,,,,,
5AM2,target_not_in_hdf5,,,,,,,,,,,
5AM3,target_not_in_hdf5,,,,,,,,,,,
5AM4,target_not_in_hdf5,,,,,,,,,,,
5AM5,target_not_in_hdf5,,,,,,,,,,,
5AMN,target_not_in_hdf5,,,,,,,,,,,
5ANQ,target_not_in_hdf5,,,,,,,,,,,
5ANT,target_not_in_hdf5,,,,,,,,,,,
5ANU,target_not_in_hdf5,,,,,,,,,,,
5ANV,target_not_in_hdf5,,,,,,,,,,,
5AOI,target_not_in_hdf5,,,,,,,,,,,
5AOK,target_not_in_hdf5,,,,,,,,,,,
5AOL,target_not_in_hdf5,,,,,,,,,,,
5AOM,target_not_in_hdf5,,,,,,,,,,,
5AP0,target_not_in_hdf5,,,,,,,,,,,
5AP3,target_not_in_hdf5,,,,,,,,,,,
5APH,target_not_in_hdf5,,,,,,,,,,,
5APJ,target_not_in_hdf5,,,,,,,,,,,
5AQK,target_not_in_hdf5,,,,,,,,,,,
5AQN,target_not_in_hdf5,,,,,,,,,,,
5AQO,target_not_in_hdf5,,,,,,,,,,,
5AQP,target_not_in_hdf5,,,,,,,,,,,
5AQR,target_not_in_hdf5,,,,,,,,,,,
5AQZ,target_not_in_hdf5,,,,,,,,,,,
5AR4,target_not_in_hdf5,,,,,,,,,,,
5AR5,target_not_in_hdf5,,,,,,,,,,,
5AV0,target_not_in_hdf5,,,,,,,,,,,
5AVE,target_not_in_hdf5,,,,,,,,,,,
5AVI,target_not_in_hdf5,,,,,,,,,,,
5AWJ,target_not_in_hdf5,,,,,,,,,,,
5AX3,target_not_in_hdf5,,,,,,,,,,,
5AXP,target_not_in_hdf5,,,,,,,,,,,
5AXQ,target_not_in_hdf5,,,,,,,,,,,
5AYY,target_not_in_hdf5,,,,,,,,,,,
5AZF,target_not_in_hdf5,,,,,,,,,,,
5AZG,target_not_in_hdf5,,,,,,,,,,,
5B0X,target_not_in_hdf5,,,,,,,,,,,
5B1S,target_not_in_hdf5,,,,,,,,,,,
5B2D,target_not_in_hdf5,,,,,,,,,,,
5B4K,target_not_in_hdf5,,,,,,,,,,,
5B4L,target_not_in_hdf5,,,,,,,,,,,
5B56,target_not_in_hdf5,,,,,,,,,,,
5B5B,target_not_in_hdf5,,,,,,,,,,,
5B5F,target_not_in_hdf5,,,,,,,,,,,
5B5G,target_not_in_hdf5,,,,,,,,,,,
5B5O,target_not_in_hdf5,,,,,,,,,,,
5B5P,target_not_in_hdf5,,,,,,,,,,,
5BJT,target_not_in_hdf5,,,,,,,,,,,
5BML,target_not_in_hdf5,,,,,,,,,,,
5BNJ,target_not_in_hdf5,,,,,,,,,,,
5BNM,target_not_in_hdf5,,,,,,,,,,,
5BOJ,target_not_in_hdf5,,,,,,,,,,,
5BOT,target_not_in_hdf5,,,,,,,,,,,
5BOY,target_not_in_hdf5,,,,,,,,,,,
5BPE,target_not_in_hdf5,,,,,,,,,,,
5BPP,target_not_in_hdf5,,,,,,,,,,,
5BQG,target_not_in_hdf5,,,,,,,,,,,
5BQH,target_not_in_hdf5,,,,,,,,,,,
5BRN,target_not_in_hdf5,,,,,,,,,,,
5BRZ,target_not_in_hdf5,,,,,,,,,,,
5BS0,target_not_in_hdf5,,,,,,,,,,,
5BSK,target_not_in_hdf5,,,,,,,,,,,
5BTR,target_not_in_hdf5,,,,,,,,,,,
5BTV,target_not_in_hdf5,,,,,,,,,,,
5BTX,target_not_in_hdf5,,,,,,,,,,,
5BUE,target_not_in_hdf5,,,,,,,,,,,
5BUJ,target_not_in_hdf5,,,,,,,,,,,
5BVF,target_not_in_hdf5,,,,,,,,,,,
5BVN,target_not_in_hdf5,,,,,,,,,,,
5BVW,target_not_in_hdf5,,,,,,,,,,,
5BWB,target_not_in_hdf5,,,,,,,,,,,
5BWC,target_not_in_hdf5,,,,,,,,,,,
5BYY,target_not_in_hdf5,,,,,,,,,,,
5C0K,target_not_in_hdf5,,,,,,,,,,,
5C0M,target_not_in_hdf5,,,,,,,,,,,
5C11,target_not_in_hdf5,,,,,,,,,,,
5C13,target_not_in_hdf5,,,,,,,,,,,
5C1W,target_not_in_hdf5,,,,,,,,,,,
5C1X,target_not_in_hdf5,,,,,,,,,,,
5C1Y,target_not_in_hdf5,,,,,,,,,,,
5C20,target_not_in_hdf5,,,,,,,,,,,
5C26,target_not_in_hdf5,,,,,,,,,,,
5C2E,target_not_in_hdf5,,,,,,,,,,,
5C2H,target_not_in_hdf5,,,,,,,,,,,
5C2O,target_not_in_hdf5,,,,,,,,,,,
5C3P,target_not_in_hdf5,,,,,,,,,,,
5C4K,target_not_in_hdf5,,,,,,,,,,,
5C4L,target_not_in_hdf5,,,,,,,,,,,
5C4O,target_not_in_hdf5,,,,,,,,,,,
5C4S,target_not_in_hdf5,,,,,,,,,,,
5C4T,target_not_in_hdf5,,,,,,,,,,,
5C5T,target_not_in_hdf5,,,,,,,,,,,
5C6O,target_not_in_hdf5,,,,,,,,,,,
5C6P,target_not_in_hdf5,,,,,,,,,,,
5C6V,target_not_in_hdf5,,,,,,,,,,,
5C7A,target_not_in_hdf5,,,,,,,,,,,
5C7B,target_not_in_hdf5,,,,,,,,,,,
5C7C,target_not_in_hdf5,,,,,,,,,,,
5C7D,target_not_in_hdf5,,,,,,,,,,,
5C7E,target_not_in_hdf5,,,,,,,,,,,
5C7F,target_not_in_hdf5,,,,,,,,,,,
5C83,target_not_in_hdf5,,,,,,,,,,,
5C84,target_not_in_hdf5,,,,,,,,,,,
5C85,target_not_in_hdf5,,,,,,,,,,,
5C87,target_not_in_hdf5,,,,,,,,,,,
5C8K,target_not_in_hdf5,,,,,,,,,,,
5CAS,target_not_in_hdf5,,,,,,,,,,,
5CBR,target_not_in_hdf5,,,,,,,,,,,
5CBS,target_not_in_hdf5,,,,,,,,,,,
5CC2,target_not_in_hdf5,,,,,,,,,,,
5CCM,target_not_in_hdf5,,,,,,,,,,,
5CEH,target_not_in_hdf5,,,,,,,,,,,
5CEI,target_not_in_hdf5,,,,,,,,,,,
5CEP,target_not_in_hdf5,,,,,,,,,,,
5CEQ,target_not_in_hdf5,,,,,,,,,,,
5CF4,target_not_in_hdf5,,,,,,,,,,,
5CF5,target_not_in_hdf5,,,,,,,,,,,
5CF6,target_not_in_hdf5,,,,,,,,,,,
5CF8,target_not_in_hdf5,,,,,,,,,,,
5CFA,target_not_in_hdf5,,,,,,,,,,,
5CIL,target_not_in_hdf5,,,,,,,,,,,
5CIN,target_not_in_hdf5,,,,,,,,,,,
5CJ6,target_not_in_hdf5,,,,,,,,,,,
5CKS,target_not_in_hdf5,,,,,,,,,,,
5CLM,target_not_in_hdf5,,,,,,,,,,,
5CNJ,target_not_in_hdf5,,,,,,,,,,,
5CNM,target_not_in_hdf5,,,,,,,,,,,
5CP5,target_not_in_hdf5,,,,,,,,,,,
5CP9,target_not_in_hdf5,,,,,,,,,,,
5CPR,target_not_in_hdf5,,,,,,,,,,,
5CQT,target_not_in_hdf5,,,,,,,,,,,
5CQX,target_not_in_hdf5,,,,,,,,,,,
5CR7,target_not_in_hdf5,,,,,,,,,,,
5CS2,target_not_in_hdf5,,,,,,,,,,,
5CS5,target_not_in_hdf5,,,,,,,,,,,
5CS6,target_not_in_hdf5,,,,,,,,,,,
5CSD,target_not_in_hdf5,,,,,,,,,,,
5CSH,target_not_in_hdf5,,,,,,,,,,,
5CSO,target_not_in_hdf5,,,,,,,,,,,
5CST,target_not_in_hdf5,,,,,,,,,,,
5CSX,target_not_in_hdf5,,,,,,,,,,,
5CSZ,target_not_in_hdf5,,,,,,,,,,,
5CTB,target_not_in_hdf5,,,,,,,,,,,
5CTC,target_not_in_hdf5,,,,,,,,,,,
5CTE,target_not_in_hdf5,,,,,,,,,,,
5CU4,target_not_in_hdf5,,,,,,,,,,,
5CUQ,target_not_in_hdf5,,,,,,,,,,,
5CVD,target_not_in_hdf5,,,,,,,,,,,
5CW8,target_not_in_hdf5,,,,,,,,,,,
5CXI,target_not_in_hdf5,,,,,,,,,,,
5CY3,target_not_in_hdf5,,,,,,,,,,,
5CY9,target_not_in_hdf5,,,,,,,,,,,
5CYV,target_not_in_hdf5,,,,,,,,,,,
5CZB,target_not_in_hdf5,,,,,,,,,,,
5CZM,target_not_in_hdf5,,,,,,,,,,,
5D0C,target_not_in_hdf5,,,,,,,,,,,
5D0J,target_not_in_hdf5,,,,,,,,,,,
5D10,target_not_in_hdf5,,,,,,,,,,,
5D12,target_not_in_hdf5,,,,,,,,,,,
5D1J,target_not_in_hdf5,,,,,,,,,,,
5D1R,target_not_in_hdf5,,,,,,,,,,,
5D1S,target_not_in_hdf5,,,,,,,,,,,
5D1U,target_not_in_hdf5,,,,,,,,,,,
5D1W,target_not_in_hdf5,,,,,,,,,,,
5D21,target_not_in_hdf5,,,,,,,,,,,
5D29,target_not_in_hdf5,,,,,,,,,,,
5D2A,target_not_in_hdf5,,,,,,,,,,,
5D2R,target_not_in_hdf5,,,,,,,,,,,
5D3C,target_not_in_hdf5,,,,,,,,,,,
5D3X,target_not_in_hdf5,,,,,,,,,,,
5D6E,target_not_in_hdf5,,,,,,,,,,,
5D6F,target_not_in_hdf5,,,,,,,,,,,
5D6P,target_not_in_hdf5,,,,,,,,,,,
5D6Q,target_not_in_hdf5,,,,,,,,,,,
5D6Y,target_not_in_hdf5,,,,,,,,,,,
5D75,target_not_in_hdf5,,,,,,,,,,,
5D7A,target_not_in_hdf5,,,,,,,,,,,
5D7E,target_not_in_hdf5,,,,,,,,,,,
5D9P,target_not_in_hdf5,,,,,,,,,,,
5DA3,target_not_in_hdf5,,,,,,,,,,,
5DAH,target_not_in_hdf5,,,,,,,,,,,
5DB0,target_not_in_hdf5,,,,,,,,,,,
5DB2,target_not_in_hdf5,,,,,,,,,,,
5DB3,target_not_in_hdf5,,,,,,,,,,,
5DD0,target_not_in_hdf5,,,,,,,,,,,
5DDA,target_not_in_hdf5,,,,,,,,,,,
5DDC,target_not_in_hdf5,,,,,,,,,,,
5DDD,target_not_in_hdf5,,,,,,,,,,,
5DDE,target_not_in_hdf5,,,,,,,,,,,
5DEX,target_not_in_hdf5,,,,,,,,,,,
5DFP,target_not_in_hdf5,,,,,,,,,,,
5DG6,target_not_in_hdf5,,,,,,,,,,,
5DGJ,target_not_in_hdf5,,,,,,,,,,,
5DGM,target_not_in_hdf5,,,,,,,,,,,
5DH4,target_not_in_hdf5,,,,,,,,,,,
5DHF,target_not_in_hdf5,,,,,,,,,,,
5DHG,target_not_in_hdf5,,,,,,,,,,,
5DHJ,target_not_in_hdf5,,,,,,,,,,,
5DHQ,target_not_in_hdf5,,,,,,,,,,,
5DIQ,target_not_in_hdf5,,,,,,,,,,,
5DIT,target_not_in_hdf5,,,,,,,,,,,
5DIV,target_not_in_hdf5,,,,,,,,,,,
5DJ5,target_not_in_hdf5,,,,,,,,,,,
5DJV,target_not_in_hdf5,,,,,,,,,,,
5DK4,target_not_in_hdf5,,,,,,,,,,,
5DLS,target_not_in_hdf5,,,,,,,,,,,
5DLV,target_not_in_hdf5,,,,,,,,,,,
5DLX,target_not_in_hdf5,,,,,,,,,,,
5DMS,target_not_in_hdf5,,,,,,,,,,,
5DNU,target_not_in_hdf5,,,,,,,,,,,
5DOH,target_not_in_hdf5,,,,,,,,,,,
5DP4,target_not_in_hdf5,,,,,,,,,,,
5DP6,target_not_in_hdf5,,,,,,,,,,,
5DP7,target_not_in_hdf5,,,,,,,,,,,
5DP8,target_not_in_hdf5,,,,,,,,,,,
5DPA,target_not_in_hdf5,,,,,,,,,,,
5DPW,target_not_in_hdf5,,,,,,,,,,,
5DPX,target_not_in_hdf5,,,,,,,,,,,
5DQC,target_not_in_hdf5,,,,,,,,,,,
5DRC,target_not_in_hdf5,,,,,,,,,,,
5DRI,target_not_in_hdf5,,,,,,,,,,,
5DRQ,target_not_in_hdf5,,,,,,,,,,,
5DRT,target_not_in_hdf5,,,,,,,,,,,
5DRY,target_not_in_hdf5,,,,,,,,,,,
5DSX,target_not_in_hdf5,,,,,,,,,,,
5DTJ,target_not_in_hdf5,,,,,,,,,,,
5DTQ,target_not_in_hdf5,,,,,,,,,,,
5DTR,target_not_in_hdf5,,,,,,,,,,,
5DTS,target_not_in_hdf5,,,,,,,,,,,
5DUS,target_not_in_hdf5,,,,,,,,,,,
5DV2,target_not_in_hdf5,,,,,,,,,,,
5DV4,target_not_in_hdf5,,,,,,,,,,,
5DW1,target_not_in_hdf5,,,,,,,,,,,
5DWR,target_not_in_hdf5,,,,,,,,,,,
5DX3,target_not_in_hdf5,,,,,,,,,,,
5DX4,target_not_in_hdf5,,,,,,,,,,,
5DXB,target_not_in_hdf5,,,,,,,,,,,
5DXH,target_not_in_hdf5,,,,,,,,,,,
5DY7,target_not_in_hdf5,,,,,,,,,,,
5DYA,target_not_in_hdf5,,,,,,,,,,,
5DYO,target_not_in_hdf5,,,,,,,,,,,
5DYW,target_not_in_hdf5,,,,,,,,,,,
5DYY,target_not_in_hdf5,,,,,,,,,,,
5E0A,target_not_in_hdf5,,,,,,,,,,,
5E0G,target_not_in_hdf5,,,,,,,,,,,
5E0H,target_not_in_hdf5,,,,,,,,,,,
5E0J,target_not_in_hdf5,,,,,,,,,,,
5E0L,target_not_in_hdf5,,,,,,,,,,,
5E13,target_not_in_hdf5,,,,,,,,,,,
5E1B,target_not_in_hdf5,,,,,,,,,,,
5E1D,target_not_in_hdf5,,,,,,,,,,,
5E1M,target_not_in_hdf5,,,,,,,,,,,
5E1S,target_not_in_hdf5,,,,,,,,,,,
5E2M,target_not_in_hdf5,,,,,,,,,,,
5E2N,target_not_in_hdf5,,,,,,,,,,,
5E2O,target_not_in_hdf5,,,,,,,,,,,
5E2P,target_not_in_hdf5,,,,,,,,,,,
5E3A,target_not_in_hdf5,,,,,,,,,,,
5E3G,target_not_in_hdf5,,,,,,,,,,,
5E6O,target_not_in_hdf5,,,,,,,,,,,
5E73,target_not_in_hdf5,,,,,,,,,,,
5E74,target_not_in_hdf5,,,,,,,,,,,
5E7N,target_not_in_hdf5,,,,,,,,,,,
5E88,target_not_in_hdf5,,,,,,,,,,,
5E8A,target_not_in_hdf5,,,,,,,,,,,
5E8F,target_not_in_hdf5,,,,,,,,,,,
5E8R,target_not_in_hdf5,,,,,,,,,,,
5EA4,target_not_in_hdf5,,,,,,,,,,,
5EA5,target_not_in_hdf5,,,,,,,,,,,
5EA7,target_not_in_hdf5,,,,,,,,,,,
5EAY,target_not_in_hdf5,,,,,,,,,,,
5EB2,target_not_in_hdf5,,,,,,,,,,,
5EB3,target_not_in_hdf5,,,,,,,,,,,
5ECE,target_not_in_hdf5,,,,,,,,,,,
5ECT,target_not_in_hdf5,,,,,,,,,,,
5ECV,target_not_in_hdf5,,,,,,,,,,,
5EDB,target_not_in_hdf5,,,,,,,,,,,
5EDD,target_not_in_hdf5,,,,,,,,,,,
5EDI,target_not_in_hdf5,,,,,,,,,,,
5EDL,target_not_in_hdf5,,,,,,,,,,,
5EDS,target_not_in_hdf5,,,,,,,,,,,
5EE7,target_not_in_hdf5,,,,,,,,,,,
5EE8,target_not_in_hdf5,,,,,,,,,,,
5EEC,target_not_in_hdf5,,,,,,,,,,,
5EEI,target_not_in_hdf5,,,,,,,,,,,
5EEQ,target_not_in_hdf5,,,,,,,,,,,
5EFB,target_not_in_hdf5,,,,,,,,,,,
5EFC,target_not_in_hdf5,,,,,,,,,,,
5EFH,target_not_in_hdf5,,,,,,,,,,,
5EFJ,target_not_in_hdf5,,,,,,,,,,,
5EGS,target_not_in_hdf5,,,,,,,,,,,
5EH5,target_not_in_hdf5,,,,,,,,,,,
5EH7,target_not_in_hdf5,,,,,,,,,,,
5EH8,target_not_in_hdf5,,,,,,,,,,,
5EHP,target_not_in_hdf5,,,,,,,,,,,
5EHV,target_not_in_hdf5,,,,,,,,,,,
5EHW,target_not_in_hdf5,,,,,,,,,,,
5EI2,target_not_in_hdf5,,,,,,,,,,,
5EI6,target_not_in_hdf5,,,,,,,,,,,
5EI8,target_not_in_hdf5,,,,,,,,,,,
5EIF,target_not_in_hdf5,,,,,,,,,,,
5EIW,target_not_in_hdf5,,,,,,,,,,,
5EJE,target_not_in_hdf5,,,,,,,,,,,
5EJL,target_not_in_hdf5,,,,,,,,,,,
5EKH,target_not_in_hdf5,,,,,,,,,,,
5EKJ,target_not_in_hdf5,,,,,,,,,,,
5EKM,target_not_in_hdf5,,,,,,,,,,,
5EKN,target_not_in_hdf5,,,,,,,,,,,
5EKX,target_not_in_hdf5,,,,,,,,,,,
5EL2,target_not_in_hdf5,,,,,,,,,,,
5EL9,target_not_in_hdf5,,,,,,,,,,,
5ELD,target_not_in_hdf5,,,,,,,,,,,
5ELE,target_not_in_hdf5,,,,,,,,,,,
5ELF,target_not_in_hdf5,,,,,,,,,,,
5ELQ,target_not_in_hdf5,,,,,,,,,,,
5ELV,target_not_in_hdf5,,,,,,,,,,,
5ELW,target_not_in_hdf5,,,,,,,,,,,
5ELY,target_not_in_hdf5,,,,,,,,,,,
5ELZ,target_not_in_hdf5,,,,,,,,,,,
5EM9,target_not_in_hdf5,,,,,,,,,,,
5EMA,target_not_in_hdf5,,,,,,,,,,,
5EMB,target_not_in_hdf5,,,,,,,,,,,
5EMJ,target_not_in_hdf5,,,,,,,,,,,
5EN3,target_not_in_hdf5,,,,,,,,,,,
5ENB,target_not_in_hdf5,,,,,,,,,,,
5ENC,target_not_in_hdf5,,,,,,,,,,,
5ENE,target_not_in_hdf5,,,,,,,,,,,
5ENF,target_not_in_hdf5,,,,,,,,,,,
5ENH,target_not_in_hdf5,,,,,,,,,,,
5ENI,target_not_in_hdf5,,,,,,,,,,,
5ENJ,target_not_in_hdf5,,,,,,,,,,,
5ENK,target_not_in_hdf5,,,,,,,,,,,
5ENM,target_not_in_hdf5,,,,,,,,,,,
5EOC,target_not_in_hdf5,,,,,,,,,,,
5EOK,target_not_in_hdf5,,,,,,,,,,,
5EOU,target_not_in_hdf5,,,,,,,,,,,
5EP7,target_not_in_hdf5,,,,,,,,,,,
5EPK,target_not_in_hdf5,,,,,,,,,,,
5EPL,target_not_in_hdf5,,,,,,,,,,,
5EPN,target_not_in_hdf5,,,,,,,,,,,
5EPR,target_not_in_hdf5,,,,,,,,,,,
5EPS,target_not_in_hdf5,,,,,,,,,,,
5EQ0,target_not_in_hdf5,,,,,,,,,,,
5EQP,target_not_in_hdf5,,,,,,,,,,,
5EQQ,target_not_in_hdf5,,,,,,,,,,,
5ER1,target_not_in_hdf5,,,,,,,,,,,
5ER2,target_not_in_hdf5,,,,,,,,,,,
5ES1,target_not_in_hdf5,,,,,,,,,,,
5ESQ,target_not_in_hdf5,,,,,,,,,,,
5ETA,target_not_in_hdf5,,,,,,,,,,,
5ETB,target_not_in_hdf5,,,,,,,,,,,
5ETF,target_not_in_hdf5,,,,,,,,,,,
5ETH,target_not_in_hdf5,,,,,,,,,,,
5ETL,target_not_in_hdf5,,,,,,,,,,,
5ETU,target_not_in_hdf5,,,,,,,,,,,
5ETX,target_not_in_hdf5,,,,,,,,,,,
5EU1,target_not_in_hdf5,,,,,,,,,,,
5EUD,target_not_in_hdf5,,,,,,,,,,,
5EUE,target_not_in_hdf5,,,,,,,,,,,
5EUK,target_not_in_hdf5,,,,,,,,,,,
5EV8,target_not_in_hdf5,,,,,,,,,,,
5EVB,target_not_in_hdf5,,,,,,,,,,,
5EVZ,target_not_in_hdf5,,,,,,,,,,,
5EWA,target_not_in_hdf5,,,,,,,,,,,
5EWD,target_not_in_hdf5,,,,,,,,,,,
5EWH,target_not_in_hdf5,,,,,,,,,,,
5EWM,target_not_in_hdf5,,,,,,,,,,,
5EWY,target_not_in_hdf5,,,,,,,,,,,
5EXL,target_not_in_hdf5,,,,,,,,,,,
5EXW,target_not_in_hdf5,,,,,,,,,,,
5EY0,target_not_in_hdf5,,,,,,,,,,,
5EY4,target_not_in_hdf5,,,,,,,,,,,
5EY9,target_not_in_hdf5,,,,,,,,,,,
5EYR,target_not_in_hdf5,,,,,,,,,,,
5EYZ,target_not_in_hdf5,,,,,,,,,,,
5EZ0,target_not_in_hdf5,,,,,,,,,,,
5EZX,target_not_in_hdf5,,,,,,,,,,,
5EZZ,target_not_in_hdf5,,,,,,,,,,,
5F00,target_not_in_hdf5,,,,,,,,,,,
5F01,target_not_in_hdf5,,,,,,,,,,,
5F08,target_not_in_hdf5,,,,,,,,,,,
5F1C,target_not_in_hdf5,,,,,,,,,,,
5F1H,target_not_in_hdf5,,,,,,,,,,,
5F1J,target_not_in_hdf5,,,,,,,,,,,
5F1U,target_not_in_hdf5,,,,,,,,,,,
5F1V,target_not_in_hdf5,,,,,,,,,,,
5F1X,target_not_in_hdf5,,,,,,,,,,,
5F25,target_not_in_hdf5,,,,,,,,,,,
5F2F,target_not_in_hdf5,,,,,,,,,,,
5F2K,target_not_in_hdf5,,,,,,,,,,,
5F2R,target_not_in_hdf5,,,,,,,,,,,
5F2S,target_not_in_hdf5,,,,,,,,,,,
5F2U,target_not_in_hdf5,,,,,,,,,,,
5F2W,target_not_in_hdf5,,,,,,,,,,,
5F32,target_not_in_hdf5,,,,,,,,,,,
5F39,target_not_in_hdf5,,,,,,,,,,,
5F3C,target_not_in_hdf5,,,,,,,,,,,
5F3E,target_not_in_hdf5,,,,,,,,,,,
5F3G,target_not_in_hdf5,,,,,,,,,,,
5F3I,target_not_in_hdf5,,,,,,,,,,,
5F4N,target_not_in_hdf5,,,,,,,,,,,
5F5B,target_not_in_hdf5,,,,,,,,,,,
5F67,target_not_in_hdf5,,,,,,,,,,,
5F6D,target_not_in_hdf5,,,,,,,,,,,
5F6U,target_not_in_hdf5,,,,,,,,,,,
5F74,target_not_in_hdf5,,,,,,,,,,,
5F8Y,target_not_in_hdf5,,,,,,,,,,,
5F90,target_not_in_hdf5,,,,,,,,,,,
5F91,target_not_in_hdf5,,,,,,,,,,,
5F94,target_not_in_hdf5,,,,,,,,,,,
5F95,target_not_in_hdf5,,,,,,,,,,,
5F9B,target_not_in_hdf5,,,,,,,,,,,
5FAH,target_not_in_hdf5,,,,,,,,,,,
5FB0,target_not_in_hdf5,,,,,,,,,,,
5FB1,target_not_in_hdf5,,,,,,,,,,,
5FB7,target_not_in_hdf5,,,,,,,,,,,
5FBE,target_not_in_hdf5,,,,,,,,,,,
5FBI,target_not_in_hdf5,,,,,,,,,,,
5FBO,target_not_in_hdf5,,,,,,,,,,,
5FCK,target_not_in_hdf5,,,,,,,,,,,
5FCZ,target_not_in_hdf5,,,,,,,,,,,
5FDC,target_not_in_hdf5,,,,,,,,,,,
5FDI,target_not_in_hdf5,,,,,,,,,,,
5FDO,target_not_in_hdf5,,,,,,,,,,,
5FDR,target_not_in_hdf5,,,,,,,,,,,
5FDZ,target_not_in_hdf5,,,,,,,,,,,
5FE6,target_not_in_hdf5,,,,,,,,,,,
5FE7,target_not_in_hdf5,,,,,,,,,,,
5FH6,target_not_in_hdf5,,,,,,,,,,,
5FH8,target_not_in_hdf5,,,,,,,,,,,
5FHM,target_not_in_hdf5,,,,,,,,,,,
5FHN,target_not_in_hdf5,,,,,,,,,,,
5FHO,target_not_in_hdf5,,,,,,,,,,,
5FI2,target_not_in_hdf5,,,,,,,,,,,
5FI6,target_not_in_hdf5,,,,,,,,,,,
5FI7,target_not_in_hdf5,,,,,,,,,,,
5FIV,target_not_in_hdf5,,,,,,,,,,,
5FJW,target_not_in_hdf5,,,,,,,,,,,
5FJX,target_not_in_hdf5,,,,,,,,,,,
5FKY,target_not_in_hdf5,,,,,,,,,,,
5FL0,target_not_in_hdf5,,,,,,,,,,,
5FL1,target_not_in_hdf5,,,,,,,,,,,
5FLO,target_not_in_hdf5,,,,,,,,,,,
5FLP,target_not_in_hdf5,,,,,,,,,,,
5FLS,target_not_in_hdf5,,,,,,,,,,,
5FND,target_not_in_hdf5,,,,,,,,,,,
5FNI,target_not_in_hdf5,,,,,,,,,,,
5FNJ,target_not_in_hdf5,,,,,,,,,,,
5FNQ,target_not_in_hdf5,,,,,,,,,,,
5FNR,target_not_in_hdf5,,,,,,,,,,,
5FNS,target_not_in_hdf5,,,,,,,,,,,
5FNT,target_not_in_hdf5,,,,,,,,,,,
5FOO,target_not_in_hdf5,,,,,,,,,,,
5FOT,target_not_in_hdf5,,,,,,,,,,,
5FOU,target_not_in_hdf5,,,,,,,,,,,
5FOV,target_not_in_hdf5,,,,,,,,,,,
5FOW,target_not_in_hdf5,,,,,,,,,,,
5FOX,target_not_in_hdf5,,,,,,,,,,,
5FP0,target_not_in_hdf5,,,,,,,,,,,
5FPI,target_not_in_hdf5,,,,,,,,,,,
5FPK,target_not_in_hdf5,,,,,,,,,,,
5FPU,target_not_in_hdf5,,,,,,,,,,,
5FQ9,target_not_in_hdf5,,,,,,,,,,,
5FS5,target_not_in_hdf5,,,,,,,,,,,
5FSB,target_not_in_hdf5,,,,,,,,,,,
5FSC,target_not_in_hdf5,,,,,,,,,,,
5FSL,target_not_in_hdf5,,,,,,,,,,,
